20200106,12:04,176.05,176.05,176.05,176.05,76,75
20200106,12:10,173.35,173.35,172.00,172.00,150,75
20200106,12:17,172.00,172.00,172.00,172.00,75,225
20200106,12:57,179.30,179.30,175.25,175.25,225,225
20200106,13:00,172.50,172.50,172.50,172.50,75,450
20200106,13:21,168.45,168.45,168.45,168.45,225,450
20200106,13:34,168.45,168.45,168.45,168.45,75,300
20200106,13:36,169.00,169.00,169.00,169.00,150,375
20200106,14:00,165.50,165.50,165.50,165.50,75,450
20200106,14:13,159.30,159.30,159.30,159.30,75,375
20200106,14:23,155.00,155.00,155.00,155.00,75,450
20200106,14:40,151.45,151.45,150.75,150.75,225,525
20200106,14:41,150.50,150.50,150.50,150.50,150,525
20200106,14:42,150.20,150.20,150.20,150.20,75,900
20200106,14:44,150.20,150.20,150.20,150.20,75,900
20200106,14:47,152.00,152.00,152.00,152.00,75,975
20200106,14:59,155.00,155.00,155.00,155.00,75,975
20200106,15:03,159.15,159.15,159.15,159.15,75,825
20200106,15:10,153.00,153.30,153.00,153.30,150,900
20200106,15:12,155.00,155.00,155.00,155.00,75,900
20200106,15:18,154.25,154.25,154.25,154.25,75,825
20200106,15:21,153.30,153.30,153.30,153.30,150,825
20200106,15:23,153.80,153.80,152.35,152.35,225,900
20200106,15:28,153.80,155.00,153.80,155.00,150,825
20200106,15:29,152.35,152.35,152.35,152.35,75,825
20200107,09:15,194.10,194.10,194.10,194.10,76,825
20200107,09:16,199.30,199.30,199.30,199.30,75,825
20200107,09:17,208.65,208.65,208.65,208.65,75,825
20200107,09:20,211.80,211.80,211.80,211.80,75,825
20200107,09:21,211.80,211.80,211.80,211.80,75,825
20200107,09:22,212.10,212.10,208.80,208.80,600,825
20200107,09:23,208.35,214.40,208.35,214.40,375,1575
20200107,09:28,214.40,214.40,203.90,203.90,150,1575
20200107,09:29,210.00,210.00,210.00,210.00,75,1650
20200107,09:35,221.25,221.25,221.25,221.25,150,1725
20200107,09:42,223.60,223.75,220.80,220.80,450,1650
20200107,09:44,226.65,226.65,226.65,226.65,75,1800
20200107,09:58,226.65,226.65,226.65,226.65,75,1875
20200107,10:00,215.10,215.10,215.10,215.10,75,1875
20200107,10:12,218.45,218.45,218.10,218.10,225,1800
20200107,10:13,218.05,218.05,216.75,216.75,150,1800
20200107,10:29,217.25,217.25,217.25,217.25,75,2175
20200107,10:36,217.60,217.60,217.60,217.60,75,2100
20200107,10:38,217.15,217.15,217.15,217.15,75,2175
20200107,10:55,209.05,209.05,209.05,209.05,75,2250
20200107,10:57,205.30,205.30,204.05,204.05,150,2250
20200107,11:01,194.00,194.00,194.00,194.00,75,2325
20200107,11:02,194.00,194.45,194.00,194.45,300,2550
20200107,11:03,188.75,188.75,188.05,188.05,300,2550
20200107,11:04,186.95,186.95,186.95,186.95,150,2550
20200107,11:09,190.00,190.00,190.00,190.00,75,3075
20200107,11:11,179.25,179.25,179.20,179.20,150,3000
20200107,11:12,179.20,179.20,179.20,179.20,150,3000
20200107,11:16,179.35,179.35,179.35,179.35,75,3075
20200107,11:17,184.05,184.05,184.05,184.05,75,3150
20200107,11:19,183.55,183.55,183.55,183.55,75,3150
20200107,11:25,187.30,187.30,187.30,187.30,75,3075
20200107,11:34,196.00,196.00,196.00,196.00,75,3075
20200107,11:48,187.20,187.20,187.20,187.20,75,3000
20200107,11:54,185.30,185.30,185.30,185.30,150,3075
20200107,12:08,190.15,190.15,190.15,190.15,150,3075
20200107,12:13,196.25,196.25,196.25,196.25,75,2925
20200107,12:27,192.75,192.75,192.75,192.75,75,2925
20200107,12:28,190.35,190.35,190.35,190.35,75,2850
20200107,12:31,189.45,189.45,189.45,189.45,75,2700
20200107,12:32,187.55,187.55,187.55,187.55,75,2700
20200107,12:43,192.65,192.65,192.65,192.65,75,2775
20200107,12:45,193.05,195.75,193.05,195.75,150,2850
20200107,13:01,179.65,179.65,179.65,179.65,75,2850
20200107,13:02,181.30,181.30,181.30,181.30,75,2850
20200107,13:05,177.00,177.00,177.00,177.00,75,2850
20200107,13:06,172.85,172.85,172.85,172.85,75,2850
20200107,13:09,166.05,166.05,166.05,166.05,150,2775
20200107,13:10,166.05,166.05,166.05,166.05,75,2775
20200107,13:11,173.40,173.40,173.40,173.40,75,2775
20200107,13:15,166.70,168.10,166.70,168.10,225,3000
20200107,13:21,167.50,167.50,167.50,167.50,75,2925
20200107,13:34,162.15,162.15,162.15,162.15,75,2925
20200107,13:42,162.15,170.30,162.15,170.30,150,2850
20200107,13:43,169.40,169.40,169.30,169.30,225,2850
20200107,13:46,172.50,172.50,172.50,172.50,75,2850
20200107,14:10,172.35,172.35,172.15,172.15,150,2775
20200107,14:22,178.20,178.20,178.20,178.20,75,2775
20200107,14:23,177.60,177.60,177.60,177.60,75,2775
20200107,14:47,173.00,173.00,173.00,173.00,75,2775
20200107,14:53,176.45,176.45,176.45,176.45,75,2850
20200107,15:00,181.70,181.70,181.70,181.70,75,2850
20200107,15:03,172.05,172.05,172.00,172.00,150,2775
20200107,15:05,174.85,174.85,174.05,174.05,150,2775
20200107,15:09,181.35,181.35,181.35,181.35,300,2550
20200107,15:15,184.20,186.70,184.20,186.70,150,2775
20200107,15:16,187.65,187.65,181.75,181.75,375,2775
20200107,15:17,184.50,184.50,184.20,184.20,225,2775
20200107,15:19,187.00,187.00,187.00,187.00,75,2250
20200107,15:20,188.80,188.80,188.50,188.60,300,2250
20200107,15:29,191.65,191.65,191.65,191.65,150,1950
20200108,09:15,138.60,138.60,128.30,128.30,526,2025
20200108,09:16,128.30,133.05,128.30,131.85,1875,2025
20200108,09:17,128.20,128.20,128.20,128.20,150,2625
20200108,09:18,124.75,124.75,124.00,124.00,450,2625
20200108,09:20,127.25,135.35,127.25,135.35,300,2775
20200108,09:21,141.35,141.35,138.60,138.60,675,2775
20200108,09:22,139.80,139.80,139.80,139.80,75,2775
20200108,09:23,141.45,141.45,141.45,141.45,150,3150
20200108,09:24,140.00,140.00,140.00,140.00,1950,3150
20200108,09:25,144.80,144.80,144.80,144.80,300,3150
20200108,09:26,142.25,142.25,142.25,142.25,150,3150
20200108,09:27,141.30,141.30,141.30,141.30,300,3150
20200108,09:28,152.30,154.00,152.30,154.00,150,3975
20200108,09:29,154.00,154.00,154.00,154.00,75,4050
20200108,09:30,152.40,152.40,152.40,152.40,150,4050
20200108,09:32,148.85,148.85,147.60,147.60,150,4125
20200108,09:36,152.50,152.50,152.50,152.50,75,4275
20200108,09:39,155.00,155.00,155.00,155.00,150,4350
20200108,09:40,155.00,155.00,155.00,155.00,75,4350
20200108,09:42,162.00,162.00,162.00,162.00,225,4500
20200108,09:43,162.00,162.00,158.50,160.25,675,4500
20200108,09:44,171.15,171.15,171.15,171.15,150,4275
20200108,09:45,171.15,180.60,171.15,180.60,525,4275
20200108,09:46,172.60,172.60,172.60,172.60,75,4275
20200108,09:47,168.65,168.65,168.65,168.65,75,4275
20200108,09:48,164.70,167.70,160.95,160.95,1050,4125
20200108,09:49,165.00,167.00,165.00,167.00,150,4125
20200108,09:50,166.45,166.45,166.45,166.45,75,4725
20200108,09:51,167.00,167.00,160.85,161.20,900,4725
20200108,09:52,161.50,162.00,160.85,160.85,525,4725
20200108,09:54,161.85,161.85,159.55,159.55,300,4875
20200108,09:55,160.25,160.25,160.05,160.05,675,4875
20200108,09:56,163.90,163.90,163.90,163.90,75,4875
20200108,09:57,164.35,164.35,164.35,164.35,75,4950
20200108,10:01,159.30,159.30,159.30,159.30,75,5025
20200108,10:08,158.75,158.75,158.75,158.75,75,5100
20200108,10:10,165.15,166.00,165.15,166.00,150,5025
20200108,10:12,160.00,160.00,160.00,160.00,75,5100
20200108,10:16,161.50,161.50,161.50,161.50,375,5100
20200108,10:18,168.50,171.70,167.50,167.50,300,5100
20200108,10:22,166.00,166.00,166.00,166.00,2100,5325
20200108,10:28,163.80,163.80,163.00,163.00,1425,3900
20200108,10:30,162.95,162.95,160.00,160.00,1050,4125
20200108,10:31,160.00,160.00,156.50,156.50,375,4125
20200108,10:33,157.20,157.20,157.20,157.20,75,5250
20200108,10:35,155.40,155.40,155.40,155.40,75,5250
20200108,10:40,153.20,153.20,153.20,153.20,75,5250
20200108,10:46,155.50,155.50,155.50,155.50,75,5250
20200108,10:56,150.65,150.65,150.65,150.65,375,5250
20200108,10:59,148.00,148.00,147.60,147.60,150,5250
20200108,11:04,147.80,147.80,147.55,147.55,750,5700
20200108,11:07,144.05,144.05,144.05,144.05,75,5700
20200108,11:08,141.50,141.50,141.50,141.50,75,6225
20200108,11:09,143.00,143.00,143.00,143.00,525,6225
20200108,11:13,143.75,143.75,143.75,143.75,75,6750
20200108,11:15,138.75,138.75,138.75,138.75,75,6750
20200108,11:16,144.90,144.90,144.90,144.90,150,6750
20200108,11:17,144.10,144.10,144.10,144.10,75,6750
20200108,11:18,143.60,143.60,143.60,143.60,75,6750
20200108,11:19,144.60,144.60,144.60,144.60,75,6750
20200108,11:32,141.60,141.60,140.00,140.00,225,6675
20200108,11:36,135.85,135.85,135.85,135.85,150,6675
20200108,11:37,136.45,136.45,136.45,136.45,75,6675
20200108,11:38,136.75,136.75,136.75,136.75,150,6675
20200108,11:42,139.35,139.35,139.35,139.35,75,6900
20200108,11:52,143.90,143.90,143.45,143.45,150,6975
20200108,11:53,142.80,142.80,142.80,142.80,75,6975
20200108,11:55,142.20,142.20,142.20,142.20,225,6900
20200108,11:56,139.80,139.80,139.80,139.80,75,6900
20200108,11:57,143.45,143.45,143.45,143.45,75,6750
20200108,11:58,143.00,143.00,143.00,143.00,150,6750
20200108,12:03,143.00,143.00,142.45,142.45,150,6750
20200108,12:04,142.45,142.45,142.45,142.45,75,6750
20200108,12:06,139.60,139.60,139.40,139.40,150,6750
20200108,12:08,139.45,139.45,139.45,139.45,75,6900
20200108,12:10,139.40,139.40,139.40,139.40,75,6900
20200108,12:15,137.80,137.80,137.80,137.80,150,6975
20200108,12:16,137.60,137.60,137.60,137.60,150,6975
20200108,12:17,137.20,137.20,137.20,137.20,225,6975
20200108,12:22,141.15,141.15,141.15,141.15,75,6975
20200108,12:25,142.30,142.30,142.30,142.30,75,7200
20200108,12:26,143.90,143.90,143.90,143.90,75,7275
20200108,12:27,144.85,145.35,144.85,145.35,225,7275
20200108,12:29,146.00,146.00,146.00,146.00,75,7275
20200108,12:31,146.00,151.15,146.00,151.15,375,7350
20200108,12:35,150.00,150.00,150.00,150.00,225,7425
20200108,12:36,150.00,150.00,150.00,150.00,825,7575
20200108,12:37,153.80,153.80,153.80,153.80,75,7575
20200108,12:38,157.60,157.60,157.60,157.60,75,7575
20200108,12:39,158.15,158.15,158.15,158.15,75,8400
20200108,12:40,158.25,158.25,155.85,155.85,225,8400
20200108,12:41,155.80,157.60,155.80,157.60,150,8400
20200108,12:46,160.00,160.00,160.00,160.00,150,8550
20200108,12:48,161.00,161.00,161.00,161.00,75,8550
20200108,12:51,160.00,160.00,160.00,160.00,75,8550
20200108,12:52,155.00,155.00,155.00,155.00,75,8550
20200108,12:59,156.55,156.55,156.55,156.55,150,8550
20200108,13:03,162.50,162.50,162.50,162.50,150,8550
20200108,13:07,161.30,161.30,158.55,158.55,150,8550
20200108,13:10,151.05,151.05,151.05,151.05,75,8475
20200108,13:16,150.00,150.50,150.00,150.50,225,8475
20200108,13:18,150.50,150.50,150.50,150.50,75,8475
20200108,13:21,152.15,152.15,152.15,152.15,75,8475
20200108,13:29,152.10,152.10,152.10,152.10,75,8475
20200108,13:38,152.10,152.10,152.10,152.10,75,8550
20200108,13:47,147.80,147.80,147.80,147.80,300,8625
20200108,13:48,149.90,149.90,149.90,149.90,225,8625
20200108,13:52,157.70,157.70,155.25,155.25,675,8850
20200108,13:54,154.80,154.80,154.30,154.30,225,8850
20200108,13:55,155.25,155.25,153.70,153.70,600,8850
20200108,13:57,153.70,153.70,153.70,153.70,75,8925
20200108,14:09,158.00,158.00,158.00,158.00,75,8925
20200108,14:10,165.60,165.60,165.60,165.60,75,8925
20200108,14:17,156.95,156.95,156.95,156.95,75,8850
20200108,14:22,152.85,152.85,152.85,152.85,75,8850
20200108,14:24,157.75,157.75,157.75,157.75,75,8850
20200108,14:29,153.65,153.65,153.65,153.65,75,8850
20200108,14:42,159.80,159.80,159.80,159.80,75,8775
20200108,14:43,161.85,161.85,161.85,161.85,75,8775
20200108,14:46,163.00,163.00,163.00,163.00,75,8775
20200108,14:48,162.70,162.70,162.70,162.70,75,8775
20200108,14:50,163.45,163.45,163.45,163.45,75,8775
20200108,14:52,169.25,169.45,168.20,169.45,375,8775
20200108,14:56,175.45,175.45,175.45,175.45,75,8925
20200108,14:57,170.00,170.00,170.00,170.00,75,8925
20200108,14:58,172.00,172.00,170.00,170.00,450,9000
20200108,14:59,171.20,171.20,171.20,171.20,75,9000
20200108,15:01,170.00,170.00,170.00,170.00,1725,9225
20200108,15:02,166.65,167.00,166.65,167.00,225,9225
20200108,15:04,164.00,164.00,164.00,164.00,75,10050
20200108,15:08,164.80,164.80,164.80,164.80,75,10050
20200108,15:09,165.30,165.30,165.30,165.30,150,10125
20200108,15:15,162.40,162.40,162.40,162.40,75,10125
20200108,15:21,165.30,165.45,165.30,165.45,150,10200
20200108,15:25,165.45,165.45,165.45,165.45,75,10275
20200108,15:26,165.00,166.00,165.00,166.00,750,10275
20200108,15:27,164.00,164.00,164.00,164.00,75,10125
20200108,15:29,163.60,163.60,163.60,163.60,75,10125
20200109,09:18,243.20,243.20,236.70,236.70,226,10200
20200109,09:20,236.70,236.70,236.70,236.70,75,10200
20200109,09:22,243.00,243.00,242.00,242.00,900,10200
20200109,09:24,240.35,240.35,239.35,239.35,450,10125
20200109,09:26,237.15,237.15,237.15,237.15,150,10125
20200109,09:33,234.35,234.35,231.20,231.20,450,10275
20200109,09:34,230.95,230.95,228.65,228.65,450,10275
20200109,09:36,228.65,228.65,228.65,228.65,75,9900
20200109,09:51,226.45,226.45,226.45,226.45,75,9825
20200109,09:54,226.45,226.45,226.45,226.45,75,9825
20200109,09:58,226.05,226.05,226.05,226.05,150,9825
20200109,10:00,226.05,226.05,226.05,226.05,75,9975
20200109,10:01,230.75,230.75,230.75,230.75,75,9975
20200109,10:02,232.30,232.30,232.30,232.30,150,9900
20200109,10:15,233.05,233.05,233.05,233.05,75,9825
20200109,10:19,235.55,239.10,235.55,239.10,225,9825
20200109,10:23,239.10,239.10,239.10,239.10,750,9900
20200109,10:29,246.00,246.00,246.00,246.00,150,9825
20200109,10:31,248.40,248.40,248.40,248.40,75,9825
20200109,10:39,248.85,248.85,248.85,248.85,150,9975
20200109,10:43,257.00,257.00,257.00,257.00,75,10125
20200109,10:48,258.50,258.50,258.50,258.50,75,10125
20200109,10:55,258.50,258.50,258.50,258.50,75,10125
20200109,11:02,259.40,260.35,259.40,260.35,375,9975
20200109,11:15,260.35,260.35,260.35,260.35,225,9750
20200109,11:21,255.90,255.90,255.90,255.90,75,9750
20200109,11:32,256.70,256.70,256.70,256.70,75,9675
20200109,11:36,262.15,262.15,262.15,262.15,75,9675
20200109,11:46,265.45,265.45,265.45,265.45,75,9675
20200109,12:00,269.85,269.85,269.85,269.85,75,9675
20200109,12:01,271.25,271.25,271.25,271.25,75,9750
20200109,12:10,271.25,271.25,271.25,271.25,75,9675
20200109,12:12,271.75,272.85,271.75,272.85,150,9600
20200109,12:13,273.20,273.20,273.20,273.20,75,9600
20200109,12:23,275.75,275.75,275.75,275.75,75,9375
20200109,12:25,275.75,275.75,275.75,275.75,75,9300
20200109,12:26,261.10,261.10,261.10,261.10,75,9225
20200109,12:34,269.60,269.60,269.60,269.60,75,9225
20200109,12:40,272.25,272.25,272.25,272.25,75,9150
20200109,12:50,270.40,270.40,270.40,270.40,75,9150
20200109,12:56,267.00,267.00,267.00,267.00,75,9150
20200109,13:02,272.30,272.30,272.30,272.30,75,9000
20200109,13:05,275.15,275.65,272.55,275.35,525,9075
20200109,13:30,283.95,283.95,283.95,283.95,75,8850
20200109,13:41,283.95,283.95,283.95,283.95,75,8850
20200109,13:43,277.30,277.30,277.30,277.30,75,8775
20200109,14:18,280.50,280.50,280.50,280.50,75,8775
20200109,14:41,285.55,285.55,285.55,285.55,75,8700
20200109,15:00,300.00,300.00,300.00,300.00,75,8700
20200109,15:17,300.00,300.00,300.00,300.00,75,8700
20200109,15:18,283.20,286.05,283.10,283.10,300,8850
20200109,15:22,293.45,293.45,293.45,293.45,75,8850
20200109,15:24,296.00,296.00,296.00,296.00,75,8850
20200109,15:28,293.95,293.95,293.95,293.95,300,8850
20200109,15:29,294.80,294.80,294.80,294.80,75,8775
20200110,09:17,305.00,308.15,305.00,308.15,151,8700
20200110,09:21,297.00,297.00,297.00,297.00,375,8775
20200110,09:23,297.00,297.00,297.00,297.00,75,9000
20200110,09:24,299.05,299.05,299.05,299.05,75,9000
20200110,09:25,300.15,300.15,300.15,300.15,75,9000
20200110,09:26,300.05,300.05,296.00,296.00,300,8925
20200110,09:27,293.85,293.85,293.85,293.85,75,8925
20200110,09:30,291.90,291.90,291.90,291.90,75,8925
20200110,09:32,291.60,291.60,291.60,291.60,75,8925
20200110,09:33,289.00,289.00,289.00,289.00,75,8850
20200110,09:36,289.00,289.00,289.00,289.00,75,8925
20200110,09:52,308.00,312.00,308.00,312.00,300,8850
20200110,09:53,312.00,312.00,312.00,312.00,75,8850
20200110,10:08,310.85,310.85,310.85,310.85,75,8700
20200110,10:12,315.20,315.20,315.20,315.20,75,8775
20200110,10:13,315.20,315.20,315.20,315.20,75,8775
20200110,10:17,313.55,313.55,313.55,313.55,75,8775
20200110,10:25,317.00,317.00,317.00,317.00,75,8850
20200110,10:27,317.00,317.00,317.00,317.00,75,8925
20200110,10:36,329.65,329.65,329.65,329.65,75,8850
20200110,10:39,329.65,330.00,329.65,330.00,225,8700
20200110,10:41,331.00,331.00,331.00,331.00,75,8925
20200110,10:46,331.00,331.00,331.00,331.00,75,8850
20200110,10:49,325.70,325.70,325.70,325.70,75,8850
20200110,10:55,327.55,327.55,327.55,327.55,75,8775
20200110,11:02,332.00,332.00,332.00,332.00,375,8700
20200110,11:03,332.00,332.00,331.10,331.10,2325,8700
20200110,11:25,338.10,338.10,338.10,338.10,150,7950
20200110,11:40,351.05,351.05,351.05,351.05,150,7950
20200110,11:45,352.25,352.25,352.25,352.25,75,7950
20200110,11:46,352.25,352.85,352.25,352.85,150,8100
20200110,11:47,353.60,357.00,353.60,357.00,450,8625
20200110,11:53,361.75,361.75,361.75,361.75,375,8625
20200110,12:01,361.75,361.75,351.45,351.45,150,8850
20200110,12:02,352.60,354.10,352.60,354.10,225,8850
20200110,12:03,355.50,355.55,355.50,355.55,225,9000
20200110,12:49,355.40,355.40,354.65,354.65,150,9225
20200110,12:55,351.90,351.90,351.90,351.90,75,9150
20200110,12:58,351.15,351.15,346.90,346.90,375,9075
20200110,12:59,343.55,343.55,343.55,343.55,75,9075
20200110,13:04,341.40,341.40,340.55,340.55,150,9225
20200110,13:05,338.65,338.65,336.40,337.80,450,9450
20200110,13:08,338.65,338.65,338.65,338.65,75,9450
20200110,13:12,338.75,339.85,338.75,339.85,825,9525
20200110,13:13,343.00,343.00,343.00,343.00,75,9525
20200110,13:25,340.00,340.00,340.00,340.00,75,10350
20200110,13:34,333.00,333.00,333.00,333.00,75,10425
20200110,14:03,322.50,322.50,322.50,322.50,75,10500
20200110,14:04,313.00,313.00,313.00,313.00,75,10500
20200110,14:08,300.00,300.00,300.00,300.00,75,10500
20200110,14:16,301.25,301.25,301.25,301.25,75,10500
20200110,14:17,307.05,307.05,307.05,307.05,75,10500
20200110,14:18,308.85,308.85,308.85,308.85,75,10500
20200110,14:19,312.75,312.75,310.20,310.20,150,10500
20200110,14:20,305.50,305.50,301.85,301.85,150,10500
20200110,14:38,302.80,302.80,302.80,302.80,75,10275
20200110,14:49,296.35,296.35,296.35,296.35,150,10275
20200110,14:57,292.80,292.80,292.80,292.80,225,10350
20200110,14:58,292.75,292.75,292.75,292.75,75,10350
20200110,15:00,301.50,301.50,301.50,301.50,150,10350
20200110,15:18,309.60,309.60,309.60,309.60,150,10350
20200110,15:29,313.20,313.20,312.15,312.55,300,10275
20200113,09:19,361.50,364.00,361.50,364.00,226,10275
20200113,09:21,369.35,369.35,369.35,369.35,150,10200
20200113,09:22,369.35,369.35,366.85,366.85,225,10200
20200113,09:24,370.50,370.50,370.50,370.50,75,10200
20200113,09:25,370.50,370.50,370.50,370.50,225,10200
20200113,09:26,365.85,365.85,365.85,365.85,600,10200
20200113,09:28,366.35,366.35,366.35,366.35,150,10200
20200113,09:56,356.05,356.05,356.05,356.05,75,10200
20200113,10:05,351.00,351.00,351.00,351.00,150,10275
20200113,10:09,348.00,348.00,348.00,348.00,75,10425
20200113,10:31,348.00,348.00,348.00,348.00,150,10425
20200113,11:03,357.00,357.00,357.00,357.00,75,10425
20200113,13:14,342.35,342.35,342.35,342.35,75,10425
20200113,15:06,342.35,363.05,342.35,363.05,525,10425
20200113,15:10,363.05,363.05,363.05,363.05,75,10425
20200113,15:16,362.05,362.05,362.05,362.05,75,11025
20200113,15:18,357.50,357.50,357.50,357.50,375,11100
20200113,15:19,360.60,360.60,360.15,360.15,300,11100
20200113,15:20,362.00,362.25,361.95,362.25,375,11100
20200113,15:22,361.00,361.00,361.00,361.00,75,11100
20200113,15:25,361.70,362.35,361.70,362.35,150,11475
20200113,15:26,362.15,362.15,362.15,362.15,75,11475
20200113,15:29,361.65,361.65,361.65,361.65,75,11625
20200114,09:20,340.00,340.00,340.00,340.00,76,11700
20200114,09:25,342.15,342.15,342.15,342.15,75,11700
20200114,09:26,342.15,342.15,341.00,341.00,150,11775
20200114,09:31,337.90,337.90,337.90,337.90,150,11925
20200114,09:32,340.75,342.50,340.45,342.50,375,12300
20200114,09:33,348.15,352.35,348.15,350.75,1500,12300
20200114,09:34,353.60,363.90,353.60,363.90,1725,12300
20200114,09:36,363.90,363.90,363.90,363.90,75,15600
20200114,09:37,358.40,358.40,358.40,358.40,75,15600
20200114,09:39,358.40,358.40,358.40,358.40,75,15600
20200114,10:16,350.30,350.30,350.30,350.30,75,15675
20200114,11:23,345.00,345.00,345.00,345.00,600,15975
20200114,12:05,352.00,354.00,352.00,354.00,675,15900
20200114,12:07,358.00,359.95,357.50,359.95,1125,15900
20200114,12:08,356.00,356.00,356.00,356.00,450,17175
20200114,12:09,356.00,356.00,356.00,356.00,75,17175
20200114,12:11,355.00,355.00,355.00,355.00,525,17175
20200114,12:13,358.00,358.00,357.00,357.00,1050,18150
20200114,12:14,356.00,356.00,356.00,356.00,525,18150
20200114,12:15,360.00,360.00,360.00,360.00,525,19200
20200114,12:16,360.00,360.00,359.00,359.00,1050,19200
20200114,12:17,359.00,359.00,359.00,359.00,525,19200
20200114,12:18,362.00,362.00,358.00,358.00,300,21300
20200114,12:19,357.00,357.00,357.00,357.00,225,21300
20200114,12:20,357.00,357.00,357.00,357.00,525,21300
20200114,12:22,355.00,355.00,355.00,355.00,525,21525
20200114,12:23,354.45,354.45,353.50,353.55,300,21525
20200114,12:24,353.00,355.00,353.00,354.65,825,21750
20200114,12:25,355.00,355.00,355.00,355.00,300,21750
20200114,12:27,355.20,355.20,355.20,355.20,75,22875
20200114,12:28,355.20,355.20,355.15,355.15,375,22875
20200114,12:29,356.00,356.00,356.00,356.00,75,22875
20200114,12:31,354.00,354.00,354.00,354.00,450,23625
20200114,12:38,358.00,360.00,358.00,360.00,1050,23400
20200114,12:39,358.85,358.85,358.85,358.85,75,24150
20200114,12:40,353.00,353.00,353.00,353.00,525,24150
20200114,12:42,353.40,353.40,353.40,353.40,150,24675
20200114,12:43,353.35,353.35,353.00,353.00,1050,24675
20200114,12:46,351.00,351.00,351.00,351.00,525,25650
20200114,12:48,353.00,353.95,353.00,353.95,600,25650
20200114,13:00,349.15,351.95,349.15,351.95,150,25650
20200114,13:12,354.50,356.25,354.50,356.25,150,25800
20200114,13:19,353.00,353.00,353.00,353.00,75,25950
20200114,13:24,351.85,351.85,351.85,351.85,75,25950
20200114,14:20,348.80,353.00,348.80,353.00,150,25875
20200114,14:21,351.00,351.00,351.00,351.00,75,25950
20200114,14:27,360.05,362.85,360.05,362.85,225,26025
20200114,14:29,363.00,363.00,363.00,363.00,75,26025
20200114,14:31,363.00,363.00,363.00,363.00,450,26175
20200114,14:32,358.80,358.80,358.80,358.80,75,26175
20200114,14:44,384.00,384.00,384.00,384.00,75,26100
20200114,15:03,388.80,395.95,388.80,395.95,150,26100
20200115,09:18,341.90,341.90,341.90,341.90,76,25800
20200115,09:29,334.00,334.00,334.00,334.00,225,25875
20200115,09:30,331.10,331.10,331.10,331.10,75,25875
20200115,09:31,326.00,326.00,326.00,326.00,150,25875
20200115,09:39,326.00,326.00,326.00,326.00,75,26100
20200115,09:44,330.00,330.00,329.00,329.00,150,26100
20200115,09:47,324.00,324.00,324.00,324.00,75,26100
20200115,09:55,323.30,323.30,323.30,323.30,150,25950
20200115,09:56,323.30,323.30,323.30,323.30,225,25950
20200115,09:59,322.75,322.75,322.75,322.75,75,25950
20200115,10:14,319.00,319.00,319.00,319.00,225,25875
20200115,10:18,319.00,319.00,319.00,319.00,75,25875
20200115,10:19,323.00,323.00,322.00,322.00,375,25875
20200115,10:20,322.00,322.00,322.00,322.00,675,25875
20200115,10:22,321.00,321.00,321.00,321.00,600,26325
20200115,10:26,322.00,322.00,322.00,322.00,1350,26325
20200115,10:28,325.50,325.50,325.50,325.50,900,26325
20200115,10:29,327.00,327.00,327.00,327.00,900,26325
20200115,10:33,322.00,322.00,322.00,322.00,900,26325
20200115,10:34,321.00,321.00,321.00,321.00,225,26325
20200115,10:37,320.00,320.00,320.00,320.00,1650,26625
20200115,10:38,320.00,320.00,320.00,320.00,1425,28050
20200115,10:39,320.00,320.00,320.00,320.00,3450,28050
20200115,10:40,320.00,320.00,320.00,320.00,3600,28050
20200115,10:42,320.00,320.00,320.00,320.00,3750,35625
20200115,10:43,320.00,320.00,320.00,320.00,1650,35625
20200115,10:44,320.00,320.00,320.00,320.00,2175,41025
20200115,10:45,322.00,322.00,322.00,322.00,75,41025
20200115,10:46,322.00,322.00,322.00,322.00,1125,41025
20200115,10:47,322.00,322.00,322.00,322.00,525,41025
20200115,10:48,323.00,323.00,322.00,322.00,2175,44925
20200115,10:49,321.00,321.00,320.00,320.00,1875,44925
20200115,10:50,320.00,320.00,320.00,320.00,1500,48975
20200115,10:52,320.00,320.00,320.00,320.00,1425,48975
20200115,10:53,319.00,319.30,319.00,319.30,375,48975
20200115,10:54,318.90,318.90,318.90,318.90,150,52275
20200115,11:06,318.90,324.20,318.90,324.00,3600,52275
20200115,11:07,325.00,325.00,324.00,324.00,2175,52275
20200115,11:08,324.00,324.00,324.00,324.00,3075,52275
20200115,11:09,326.00,328.00,326.00,328.00,4125,61050
20200115,11:12,327.90,329.00,327.90,329.00,2550,65175
20200115,11:14,327.00,327.00,327.00,327.00,1800,65175
20200115,11:15,328.00,328.00,328.00,328.00,825,69450
20200115,11:19,329.95,329.95,329.95,329.95,300,70275
20200115,11:21,329.95,329.95,329.95,329.95,75,69975
20200115,11:23,326.00,326.00,326.00,326.00,600,69900
20200115,11:24,326.00,326.00,326.00,326.00,1125,69900
20200115,11:25,326.00,326.00,325.00,325.00,1050,69900
20200115,11:26,324.00,324.00,324.00,324.00,375,69900
20200115,11:27,324.00,324.00,324.00,324.00,1050,73050
20200115,11:33,325.00,325.00,325.00,325.00,300,74100
20200115,11:34,325.35,325.35,325.35,325.35,150,74100
20200115,11:36,324.00,324.00,324.00,324.00,1050,74100
20200115,11:37,324.00,324.00,324.00,324.00,1275,74100
20200115,11:38,324.00,325.00,324.00,325.00,1875,77250
20200115,11:41,324.00,324.00,324.00,324.00,1050,78300
20200115,11:42,325.50,325.50,325.00,325.00,1125,78300
20200115,11:45,326.50,326.50,326.50,326.50,1050,80475
20200115,11:46,325.00,325.00,325.00,325.00,1050,80475
20200115,11:48,326.00,326.00,326.00,326.00,1050,82575
20200115,11:51,327.00,327.00,326.95,326.95,1050,83625
20200115,11:58,328.00,328.00,328.00,328.00,525,84600
20200115,12:07,322.00,322.00,322.00,322.00,525,85125
20200115,12:08,323.00,323.00,323.00,323.00,525,85125
20200115,12:10,323.00,323.00,323.00,323.00,525,86175
20200115,12:11,323.00,323.00,322.00,322.00,1200,87300
20200115,12:12,322.00,322.00,321.55,321.55,975,87300
20200115,12:13,322.00,322.00,321.70,321.70,1050,87300
20200115,12:14,321.00,321.00,321.00,321.00,525,87300
20200115,12:15,320.00,320.00,319.00,319.00,1050,90375
20200115,12:16,318.00,318.00,318.00,318.00,900,90375
20200115,12:42,318.00,318.00,318.00,318.00,150,90375
20200115,12:51,323.00,325.00,323.00,325.00,1575,92475
20200115,12:53,326.00,326.00,324.30,324.30,2100,92475
20200115,12:54,324.00,324.00,324.00,324.00,1050,95175
20200115,12:56,322.00,322.00,322.00,322.00,1050,95175
20200115,12:57,322.00,322.00,322.00,322.00,1050,97275
20200115,12:58,322.00,322.00,321.00,321.00,1050,97275
20200115,12:59,321.00,323.55,321.00,323.55,300,97275
20200115,13:03,328.15,328.70,328.15,328.70,300,99225
20200115,13:16,325.00,325.00,325.00,325.00,2175,99000
20200115,13:17,323.00,323.00,323.00,323.00,2100,99000
20200115,13:18,323.00,324.00,323.00,324.00,2100,103200
20200115,13:20,323.00,323.00,323.00,323.00,450,103200
20200115,13:21,323.00,323.00,323.00,323.00,600,105750
20200115,13:24,323.00,323.00,323.00,323.00,525,106350
20200115,13:25,323.00,323.00,323.00,323.00,150,106350
20200115,13:36,322.00,322.00,322.00,322.00,375,107025
20200115,13:39,324.00,324.00,324.00,324.00,525,106875
20200115,13:40,321.00,321.00,321.00,321.00,3075,106875
20200115,13:41,320.50,320.50,316.00,316.00,2400,106875
20200115,13:42,315.00,315.00,309.00,309.00,3300,110025
20200115,13:48,309.00,311.00,309.00,311.00,2025,112500
20200115,13:49,308.00,308.00,308.00,308.00,3375,112500
20200115,14:03,308.00,308.00,308.00,308.00,75,112500
20200115,14:06,333.60,333.60,332.55,332.55,450,117825
20200115,14:16,322.65,322.65,322.65,322.65,75,117525
20200115,14:19,321.45,321.65,321.45,321.65,2100,117525
20200115,14:20,321.00,321.00,321.00,321.00,1050,117525
20200115,14:21,321.50,324.00,321.50,323.95,2175,121725
20200115,14:22,326.00,326.00,326.00,326.00,75,121725
20200115,14:30,345.95,345.95,345.95,345.95,75,121725
20200115,14:33,345.95,345.95,345.95,345.95,75,122850
20200115,14:40,332.00,332.00,332.00,332.00,75,122850
20200115,14:47,334.00,334.00,334.00,334.00,7575,122925
20200115,14:49,338.90,338.90,338.90,338.90,150,130425
20200115,15:00,340.00,340.00,340.00,340.00,1500,130575
20200115,15:01,342.00,342.15,342.00,342.15,1650,130575
20200115,15:03,344.00,344.00,344.00,344.00,1500,133725
20200115,15:04,343.95,344.00,343.95,344.00,1575,133725
20200115,15:05,344.85,351.10,344.85,351.10,1800,133725
20200115,15:06,354.10,357.30,354.10,357.30,450,138225
20200115,15:07,357.40,357.55,357.40,357.55,225,138225
20200115,15:09,363.95,365.15,363.95,364.75,375,138225
20200115,15:10,364.80,369.00,364.80,365.05,3375,138225
20200115,15:11,368.80,369.00,367.95,367.95,1125,138225
20200115,15:13,364.95,368.05,364.65,368.05,900,139575
20200115,15:14,366.20,370.60,366.20,370.60,1650,139575
20200115,15:15,372.50,376.25,370.75,376.25,3000,140250
20200115,15:16,373.20,373.20,373.20,373.20,150,140250
20200115,15:18,369.20,369.20,369.20,369.20,75,140325
20200115,15:19,369.00,369.05,368.75,369.05,525,140325
20200115,15:20,370.45,370.55,369.15,369.40,2100,140325
20200115,15:21,369.45,369.45,365.15,366.60,1425,139725
20200115,15:22,366.45,367.90,366.45,367.85,1500,139725
20200115,15:23,365.70,367.80,365.50,367.20,900,139725
20200115,15:24,364.95,366.70,364.95,366.45,900,139425
20200115,15:25,366.40,367.55,365.65,366.45,675,139425
20200115,15:26,365.40,365.40,365.10,365.10,150,139425
20200115,15:27,364.30,366.10,363.50,365.60,2325,139950
20200116,09:16,369.90,369.90,369.90,369.90,76,139425
20200116,09:17,372.15,372.15,369.10,369.10,225,139500
20200116,09:19,371.45,371.45,371.45,371.45,75,139500
20200116,09:20,377.30,378.35,377.30,378.35,150,139575
20200116,09:24,378.35,378.35,378.35,378.35,75,139575
20200116,09:26,376.25,376.25,376.25,376.25,225,139575
20200116,09:27,379.25,379.25,378.20,379.00,1200,139725
20200116,09:30,376.60,376.75,376.60,376.75,600,139875
20200116,09:31,374.75,374.95,374.75,374.95,525,139875
20200116,09:36,375.00,377.00,375.00,375.00,675,139950
20200116,09:39,379.00,379.00,379.00,379.00,75,139950
20200116,09:40,380.00,380.00,380.00,380.00,75,140550
20200116,09:41,380.10,382.50,380.10,382.50,150,140700
20200116,09:44,382.50,382.50,382.50,382.50,75,140700
20200116,09:45,381.00,381.00,381.00,381.00,1500,140850
20200116,09:46,381.90,382.80,381.90,382.80,150,140850
20200116,09:47,385.00,386.10,385.00,386.10,1725,141225
20200116,09:48,388.00,388.00,388.00,388.00,75,141225
20200116,09:49,389.00,389.00,389.00,389.00,150,141225
20200116,09:51,389.00,389.00,389.00,389.00,75,141300
20200116,09:54,386.50,386.50,386.50,386.50,75,141300
20200116,09:55,387.00,387.00,387.00,387.00,75,141300
20200116,09:56,384.25,384.25,383.00,384.00,825,142050
20200116,09:57,384.00,384.00,384.00,384.00,75,142050
20200116,09:58,383.00,383.00,381.00,381.00,750,142050
20200116,10:03,382.60,382.60,382.60,382.60,75,142875
20200116,10:04,383.95,383.95,383.95,383.95,150,142875
20200116,10:05,382.00,382.00,380.40,380.40,1500,143925
20200116,10:06,379.15,380.00,378.50,380.00,4125,143925
20200116,10:09,380.05,380.05,379.95,380.05,225,148050
20200116,10:10,379.00,379.00,379.00,379.00,225,148050
20200116,10:12,377.00,377.00,377.00,377.00,75,148350
20200116,10:13,377.00,377.00,377.00,377.00,375,148350
20200116,10:14,377.00,377.00,377.00,377.00,600,148800
20200116,10:15,377.00,377.00,377.00,377.00,450,148800
20200116,10:16,377.25,377.25,377.00,377.00,225,148800
20200116,10:17,371.00,371.00,371.00,371.00,450,149475
20200116,10:18,372.00,372.00,372.00,372.00,750,149475
20200116,10:19,373.00,373.00,373.00,373.00,375,149475
20200116,10:21,371.00,371.00,371.00,371.00,75,150750
20200116,10:23,372.00,372.00,372.00,372.00,75,150825
20200116,10:24,371.65,371.65,366.00,366.00,825,150825
20200116,10:25,367.25,367.25,367.25,367.25,450,150825
20200116,10:26,364.00,364.00,358.85,358.85,525,152325
20200116,10:27,358.85,360.00,358.85,360.00,600,152325
20200116,10:29,361.00,361.00,361.00,361.00,300,152925
20200116,10:30,360.90,360.90,360.90,360.90,75,152925
20200116,10:31,362.00,362.00,362.00,362.00,525,152925
20200116,10:32,365.80,365.80,365.80,365.80,75,152925
20200116,10:34,366.00,366.95,366.00,366.95,150,153825
20200116,10:35,365.95,365.95,364.00,364.00,225,153975
20200116,10:38,364.00,364.00,364.00,364.00,375,153975
20200116,10:39,365.00,365.00,365.00,365.00,300,154350
20200116,10:40,366.00,366.00,366.00,366.00,300,154350
20200116,10:41,362.35,362.35,362.35,362.35,150,154725
20200116,10:44,359.55,359.55,359.55,359.55,75,154725
20200116,10:52,361.00,361.00,361.00,361.00,375,154800
20200116,10:54,356.85,356.85,356.85,356.85,150,155175
20200116,10:55,351.25,351.25,351.25,351.25,75,155175
20200116,10:56,351.25,353.00,351.25,353.00,225,155250
20200116,10:57,353.00,353.00,353.00,353.00,300,155250
20200116,10:58,351.70,351.70,350.00,350.00,300,155250
20200116,11:00,350.00,350.00,344.05,344.05,525,155700
20200116,11:01,344.05,346.00,341.45,341.45,675,155700
20200116,11:02,341.45,345.15,341.45,345.15,450,156525
20200116,11:03,349.25,349.25,349.25,349.25,75,156525
20200116,11:07,347.00,347.00,346.00,346.00,225,156525
20200116,11:08,346.35,349.75,346.35,349.75,3300,159450
20200116,11:09,347.00,347.00,347.00,347.00,375,159450
20200116,11:11,348.00,348.00,348.00,348.00,150,159750
20200116,11:13,340.00,340.00,330.90,330.90,600,159750
20200116,11:14,326.00,334.40,326.00,334.40,3375,161850
20200116,11:15,332.00,335.00,332.00,335.00,2775,161850
20200116,11:16,338.00,338.30,338.00,338.30,1500,161850
20200116,11:17,338.00,338.00,338.00,338.00,1050,165975
20200116,11:18,337.85,340.00,337.60,340.00,900,165975
20200116,11:19,337.65,338.00,337.65,338.00,2100,165975
20200116,11:23,345.00,345.00,345.00,345.00,450,168675
20200116,11:24,345.00,345.00,344.00,344.00,3975,168675
20200116,11:25,343.00,344.00,343.00,344.00,2175,168675
20200116,11:26,346.00,346.00,346.00,346.00,1275,168675
20200116,11:27,344.00,344.00,344.00,344.00,3525,176400
20200116,11:28,343.00,343.00,342.00,342.00,10200,176400
20200116,11:29,342.00,342.00,341.70,341.70,375,190275
20200116,11:30,340.00,340.00,340.00,340.00,375,190275
20200116,11:31,339.05,340.00,339.05,340.00,975,190275
20200116,11:32,342.00,344.00,342.00,343.70,3675,194100
20200116,11:33,346.00,348.00,346.00,347.10,375,194100
20200116,11:34,352.20,352.20,352.20,352.20,75,194100
20200116,11:35,352.00,352.00,350.00,350.00,1200,196050
20200116,11:36,347.25,347.25,347.25,347.25,150,196050
20200116,11:37,347.00,347.00,347.00,347.00,75,196050
20200116,11:38,346.00,346.00,345.30,345.30,1200,197025
20200116,11:39,345.00,345.00,344.00,344.00,2775,197025
20200116,11:40,344.35,344.35,344.35,344.35,150,197025
20200116,11:41,344.00,344.00,342.20,342.65,2850,202425
20200116,11:42,343.00,344.00,342.30,344.00,1200,202425
20200116,11:43,344.50,344.50,343.85,343.90,675,202425
20200116,11:44,344.00,345.00,344.00,344.55,375,202425
20200116,11:45,346.50,346.50,345.95,345.95,300,204750
20200116,11:46,348.00,348.00,348.00,348.00,75,204750
20200116,11:52,341.45,341.45,339.90,339.90,450,204750
20200116,11:54,340.05,340.05,339.65,339.65,300,204750
20200116,11:57,343.00,344.00,343.00,343.15,600,204750
20200116,11:58,344.00,344.05,344.00,344.05,750,204750
20200116,12:00,344.00,344.00,342.05,342.05,300,206100
20200116,12:01,342.00,342.00,342.00,342.00,150,206100
20200116,12:02,344.00,344.00,344.00,344.00,1500,206100
20200116,12:03,343.95,344.00,343.95,344.00,2700,207975
20200116,12:04,344.00,344.00,344.00,344.00,900,207975
20200116,12:05,345.00,345.00,344.00,344.00,1500,211800
20200116,12:06,343.50,344.00,343.50,343.50,1350,211800
20200116,12:07,344.00,344.45,344.00,344.35,2400,211800
20200116,12:08,346.00,346.00,344.00,344.00,1125,216675
20200116,12:09,344.00,344.00,344.00,344.00,525,216675
20200116,12:11,342.00,342.00,342.00,342.00,600,218250
20200116,12:12,341.20,341.30,341.05,341.05,300,218250
20200116,12:13,340.70,343.00,340.70,343.00,525,218250
20200116,12:14,343.00,343.00,343.00,343.00,1050,218250
20200116,12:19,340.55,340.55,340.55,340.55,75,220725
20200116,12:22,341.00,341.00,341.00,341.00,1500,220725
20200116,12:23,341.70,341.70,341.70,341.70,825,220725
20200116,12:24,340.50,340.50,340.00,340.00,2250,223050
20200116,12:25,341.00,341.00,341.00,341.00,3075,223050
20200116,12:26,342.50,342.50,342.50,342.50,375,223050
20200116,12:27,343.75,343.75,343.75,343.75,300,228675
20200116,12:29,342.00,342.00,341.00,341.00,1050,228675
20200116,12:31,341.00,341.00,341.00,341.00,1275,229725
20200116,12:32,342.50,342.50,342.50,342.50,1575,229725
20200116,12:33,345.00,345.25,345.00,345.25,5475,232575
20200116,12:34,345.00,345.00,344.00,344.00,6525,232575
20200116,12:35,343.55,344.00,343.55,344.00,900,232575
20200116,12:36,352.00,352.00,352.00,352.00,75,245400
20200116,12:37,349.00,352.30,349.00,352.30,6525,245400
20200116,12:48,354.00,354.00,352.40,352.40,450,251625
20200116,12:49,352.00,352.00,352.00,352.00,75,251625
20200116,12:53,350.00,350.00,350.00,350.00,75,252075
20200116,12:59,352.30,353.20,352.30,353.20,1500,252225
20200116,13:02,361.25,361.25,360.00,360.00,375,252225
20200116,13:04,360.35,360.35,360.35,360.35,75,252600
20200116,13:08,362.95,362.95,362.95,362.95,75,252525
20200116,13:09,362.65,366.00,362.65,366.00,150,252450
20200116,13:17,368.85,368.85,368.85,368.85,225,252525
20200116,13:18,365.00,365.00,365.00,365.00,75,252525
20200116,13:19,364.80,364.80,364.80,364.80,75,252525
20200116,13:22,361.95,361.95,361.95,361.95,75,252450
20200116,13:27,362.85,362.85,362.85,362.85,75,252450
20200116,13:30,367.00,367.00,367.00,367.00,75,252525
20200116,13:32,370.00,370.00,370.00,370.00,525,252525
20200116,13:41,361.45,361.45,361.45,361.45,75,252600
20200116,13:51,365.40,365.40,365.40,365.40,75,252675
20200116,13:56,367.00,367.00,367.00,367.00,75,252750
20200116,13:58,368.00,371.45,368.00,371.45,150,252825
20200116,14:00,372.00,372.00,372.00,372.00,225,252900
20200116,14:01,373.00,375.00,373.00,375.00,375,252900
20200116,14:02,376.00,376.00,376.00,376.00,75,252900
20200116,14:03,375.80,377.55,375.25,377.55,450,253575
20200116,14:10,375.70,378.05,375.70,378.05,150,253725
20200116,14:13,375.00,375.00,375.00,375.00,150,253800
20200116,14:15,375.00,375.25,375.00,375.25,150,253875
20200116,14:21,367.40,367.40,362.60,362.60,300,254100
20200116,14:24,368.00,368.00,368.00,368.00,225,254250
20200116,14:26,364.00,364.00,364.00,364.00,225,254250
20200116,14:28,364.00,364.00,364.00,364.00,1050,254400
20200116,14:29,364.00,364.00,364.00,364.00,375,254400
20200116,14:32,367.55,367.55,367.55,367.55,75,255825
20200116,14:33,370.30,372.00,370.30,372.00,450,255825
20200116,14:34,373.40,373.40,373.40,373.40,600,255825
20200116,14:35,370.00,370.25,370.00,370.25,5100,255825
20200116,14:37,370.00,370.00,367.00,367.00,6150,260925
20200116,14:38,367.45,367.45,364.50,364.50,1650,260925
20200116,14:40,365.00,365.00,365.00,365.00,4500,268350
20200116,14:42,359.55,359.55,358.10,358.70,750,272775
20200116,14:43,356.50,356.50,355.80,356.45,450,272775
20200116,14:44,360.00,360.00,360.00,360.00,1800,272775
20200116,14:45,360.00,360.00,360.00,360.00,3300,272775
20200116,14:48,359.40,359.40,357.45,357.60,1125,278100
20200116,14:49,357.30,357.30,357.30,357.30,150,278100
20200116,14:52,365.00,365.00,365.00,365.00,75,278475
20200116,14:54,361.35,361.40,361.35,361.40,150,278550
20200116,14:55,362.45,363.10,362.45,363.10,225,278550
20200116,14:56,361.30,361.30,361.30,361.30,150,278550
20200116,14:57,358.00,358.00,358.00,358.00,75,278550
20200116,14:59,356.00,356.85,356.00,356.00,525,278550
20200116,15:00,355.10,355.10,349.75,351.65,900,279225
20200116,15:01,350.95,353.75,350.95,353.75,300,279225
20200116,15:02,357.30,357.30,357.30,357.30,75,279225
20200116,15:03,360.00,360.00,360.00,360.00,525,279600
20200116,15:04,360.50,360.50,358.00,358.00,1575,279600
20200116,15:05,358.15,358.40,357.40,357.60,450,279600
20200116,15:06,355.15,356.55,355.15,356.55,150,279600
20200116,15:07,360.35,360.35,360.05,360.05,375,281925
20200116,15:08,362.00,363.00,362.00,363.00,225,281925
20200116,15:09,363.60,364.30,362.95,364.30,1350,282450
20200116,15:11,361.50,361.50,361.50,361.50,150,282450
20200116,15:12,362.00,362.05,362.00,362.05,600,282225
20200116,15:14,363.95,364.00,363.95,364.00,375,282225
20200116,15:15,364.90,364.90,363.75,363.75,900,282225
20200116,15:16,363.15,363.15,363.15,363.15,75,282900
20200116,15:17,361.00,361.00,359.90,359.90,1875,282900
20200116,15:18,360.30,360.90,360.15,360.25,1350,284325
20200116,15:20,358.45,358.45,358.45,358.45,225,284325
20200116,15:21,358.00,358.00,355.40,355.40,450,284400
20200116,15:22,356.20,356.20,354.00,354.00,150,284400
20200116,15:25,353.75,353.75,353.75,353.75,150,284250
20200116,15:26,354.60,354.60,354.10,354.50,300,284250
20200116,15:27,355.05,355.05,353.80,353.80,3675,287250
20200116,15:28,354.00,354.00,354.00,354.00,75,287250
20200117,09:15,322.75,322.75,322.75,322.75,76,287250
20200117,09:16,323.25,323.25,323.25,323.25,75,287250
20200117,09:18,335.40,342.55,332.00,336.30,1200,287250
20200117,09:19,336.20,341.25,336.20,339.10,450,287250
20200117,09:21,341.25,342.00,341.25,342.00,225,287400
20200117,09:22,344.10,346.90,344.10,345.15,1200,287400
20200117,09:23,348.20,352.05,348.20,348.65,1200,287700
20200117,09:24,349.65,349.70,346.70,346.70,450,287700
20200117,09:25,348.70,348.70,342.95,342.95,375,287700
20200117,09:26,344.00,344.00,344.00,344.00,75,288000
20200117,09:27,345.65,345.65,345.65,345.65,75,288000
20200117,09:28,344.90,347.55,344.90,346.65,300,288000
20200117,09:31,340.80,340.80,339.75,339.75,225,288000
20200117,09:32,340.65,340.65,335.70,335.70,375,287925
20200117,09:33,331.25,331.30,330.00,331.30,225,287925
20200117,09:34,335.90,335.90,335.90,335.90,75,287925
20200117,09:35,334.85,334.85,334.85,334.85,75,287775
20200117,09:36,333.00,335.30,333.00,335.30,225,287775
20200117,09:37,335.15,335.15,332.55,333.75,300,287775
20200117,09:38,336.15,336.15,333.60,333.75,300,287775
20200117,09:39,335.10,342.70,335.10,342.70,975,287775
20200117,09:40,340.10,344.10,340.10,343.10,1050,287775
20200117,09:41,343.70,343.75,343.70,343.75,150,288000
20200117,09:42,340.00,340.00,340.00,340.00,675,288000
20200117,09:43,341.15,345.00,341.15,345.00,525,288000
20200117,09:44,347.45,350.30,347.45,348.00,300,287700
20200117,09:45,349.35,351.65,348.65,349.90,900,287700
20200117,09:46,350.15,350.15,349.45,349.45,150,287700
20200117,09:47,351.25,351.25,351.25,351.25,75,287700
20200117,09:48,356.20,356.20,356.20,356.20,300,287700
20200117,09:49,352.80,352.80,348.00,348.00,150,287700
20200117,09:50,354.40,355.00,354.40,355.00,750,287475
20200117,09:51,353.30,353.30,353.30,353.30,150,287475
20200117,09:52,351.60,353.30,351.60,353.30,150,287475
20200117,09:54,351.90,351.90,351.90,351.90,75,287475
20200117,09:55,353.55,353.55,353.55,353.55,75,287475
20200117,09:58,356.20,366.00,356.20,366.00,525,287550
20200117,09:59,366.00,371.50,366.00,371.50,300,287550
20200117,10:00,375.00,375.00,375.00,375.00,225,287550
20200117,10:01,383.75,383.75,383.75,383.75,225,287550
20200117,10:02,375.00,376.00,375.00,376.00,525,287625
20200117,10:03,375.25,375.25,375.25,375.25,75,287625
20200117,10:07,377.65,377.65,377.65,377.65,75,287775
20200117,10:08,380.00,380.00,377.10,377.10,375,287775
20200117,10:09,373.80,373.80,373.80,373.80,75,287775
20200117,10:11,380.00,380.00,380.00,380.00,225,287775
20200117,10:13,377.00,378.00,377.00,378.00,225,287775
20200117,10:17,375.00,375.00,375.00,375.00,600,287550
20200117,10:18,369.50,369.50,369.50,369.50,75,287550
20200117,10:19,370.55,370.55,370.55,370.55,75,287550
20200117,10:22,375.50,375.50,375.50,375.50,75,287925
20200117,10:30,372.15,372.15,372.15,372.15,75,287925
20200117,10:31,376.60,377.70,376.60,377.70,150,287925
20200117,10:34,375.00,375.00,375.00,375.00,75,287775
20200117,10:35,377.00,377.00,377.00,377.00,300,287775
20200117,10:38,378.60,378.60,378.60,378.60,75,287700
20200117,10:42,378.15,384.00,378.15,384.00,300,287625
20200117,10:43,386.60,386.60,386.60,386.60,225,287625
20200117,10:44,385.90,385.90,382.90,382.90,525,287700
20200117,10:45,382.05,382.05,380.90,380.90,225,287700
20200117,10:50,378.05,378.05,376.40,378.05,375,287700
20200117,10:54,376.20,376.20,376.20,376.20,75,287775
20200117,11:11,373.75,373.75,373.75,373.75,225,287700
20200117,11:14,374.05,374.05,374.00,374.00,150,287700
20200117,11:15,368.80,368.80,367.20,367.85,900,287550
20200117,11:16,367.30,367.30,367.30,367.30,75,287550
20200117,11:19,366.70,366.70,365.95,365.95,375,288375
20200117,11:20,368.45,368.45,368.45,368.45,75,288300
20200117,11:22,366.00,366.00,362.65,362.65,150,288300
20200117,11:23,361.10,361.10,361.10,361.10,75,288375
20200117,11:24,362.10,362.10,358.50,358.50,150,288375
20200117,11:28,361.00,361.00,360.00,360.00,375,288300
20200117,11:29,356.10,356.10,349.70,349.70,150,288300
20200117,11:31,351.10,351.10,351.10,351.10,75,288225
20200117,11:32,356.05,356.05,356.05,356.05,75,288225
20200117,11:33,354.50,354.50,354.50,354.50,75,288075
20200117,11:34,352.00,352.00,352.00,352.00,75,288075
20200117,11:35,350.05,350.05,350.05,350.05,75,288075
20200117,11:37,351.15,351.15,346.75,348.00,600,288000
20200117,11:38,347.50,347.50,347.50,347.50,525,288150
20200117,11:39,349.85,349.85,349.85,349.85,75,288150
20200117,11:40,346.00,346.00,344.60,344.60,150,288150
20200117,11:41,344.10,344.10,344.10,344.10,75,288150
20200117,11:44,346.00,346.00,343.70,345.85,900,288300
20200117,11:45,345.60,349.85,343.25,349.85,750,288300
20200117,11:46,350.80,352.60,350.80,351.75,300,288300
20200117,11:47,352.55,352.55,349.85,350.90,300,288300
20200117,11:48,350.85,351.70,349.55,350.60,450,288300
20200117,11:49,349.85,349.85,349.85,349.85,75,288300
20200117,11:50,351.00,351.00,348.00,348.00,300,288450
20200117,11:51,346.90,346.90,346.35,346.85,225,288450
20200117,11:52,346.25,346.25,346.00,346.00,150,288450
20200117,11:53,350.05,350.05,350.05,350.05,75,288450
20200117,11:55,356.70,356.70,356.70,356.70,75,288450
20200117,11:56,355.45,355.45,355.45,355.45,75,288450
20200117,11:57,356.00,356.00,356.00,356.00,75,288450
20200117,11:58,356.95,356.95,355.00,355.00,300,288450
20200117,12:00,355.25,355.25,353.55,353.55,225,288450
20200117,12:03,350.60,350.60,350.00,350.00,150,288450
20200117,12:04,348.15,348.15,348.15,348.15,75,288450
20200117,12:05,349.95,350.15,349.95,350.15,150,288450
20200117,12:10,344.65,344.65,344.65,344.65,75,288525
20200117,12:11,346.30,346.30,346.30,346.30,75,288525
20200117,12:13,350.50,350.50,350.50,350.50,75,288450
20200117,12:16,352.00,352.00,351.00,351.00,150,288450
20200117,12:19,348.00,348.00,348.00,348.00,75,288375
20200117,12:28,356.00,356.00,356.00,356.00,75,288300
20200117,12:31,363.65,363.65,362.90,362.90,225,288375
20200117,12:37,363.05,363.05,363.05,363.05,150,288525
20200117,12:43,360.75,360.75,360.75,360.75,75,288450
20200117,13:05,366.70,366.70,366.70,366.70,75,288375
20200117,13:07,367.00,367.00,367.00,367.00,75,288375
20200117,13:11,367.00,367.00,367.00,367.00,150,288300
20200117,13:12,366.10,366.10,366.10,366.10,225,288375
20200117,13:13,367.30,367.30,366.10,366.10,300,288375
20200117,13:14,366.35,366.35,366.35,366.35,75,288375
20200117,13:15,367.80,367.80,367.80,367.80,225,287850
20200117,13:16,367.20,367.20,365.50,365.50,450,287850
20200117,13:17,364.35,364.35,364.35,364.35,150,287850
20200117,13:34,367.65,367.65,367.65,367.65,75,286950
20200117,13:40,365.00,365.00,365.00,365.00,75,286875
20200117,13:44,365.20,365.20,365.20,365.20,75,286875
20200117,13:45,366.00,366.00,366.00,366.00,75,286875
20200117,13:52,368.00,368.00,368.00,368.00,75,286875
20200117,13:53,366.00,366.00,365.15,365.15,225,286875
20200117,13:56,365.00,365.00,365.00,365.00,75,286950
20200117,14:01,374.00,374.00,374.00,374.00,75,286950
20200117,14:02,372.55,372.55,372.55,372.55,75,286950
20200117,14:08,366.55,366.55,366.55,366.55,75,287025
20200117,14:19,362.45,362.45,357.85,357.85,150,287025
20200117,14:20,362.80,362.80,362.80,362.80,150,287025
20200117,14:21,362.10,362.10,362.10,362.10,75,286950
20200117,14:23,356.25,356.25,356.25,356.25,75,286950
20200117,14:37,360.70,360.70,360.70,360.70,75,287100
20200117,14:39,361.60,361.60,361.60,361.60,75,287175
20200117,14:42,360.00,360.45,360.00,360.45,150,287175
20200117,14:52,365.50,365.50,365.50,365.50,150,287100
20200117,14:55,365.00,365.00,365.00,365.00,75,287100
20200117,15:00,380.55,380.55,380.55,380.55,75,287100
20200117,15:01,379.90,380.55,379.90,380.55,900,287100
20200117,15:02,373.15,373.15,373.15,373.15,75,287100
20200117,15:05,368.00,368.00,368.00,368.00,75,287100
20200117,15:07,370.95,370.95,370.95,370.95,150,287100
20200117,15:11,356.25,359.90,356.25,359.90,225,286875
20200117,15:12,357.95,359.00,357.95,359.00,750,286950
20200117,15:13,360.00,360.00,360.00,360.00,150,286950
20200117,15:15,359.30,360.80,359.00,360.80,525,286950
20200117,15:18,360.20,360.20,360.20,360.20,75,287250
20200117,15:20,358.50,358.50,358.50,358.50,150,287250
20200117,15:21,358.00,358.00,357.90,357.90,150,287250
20200117,15:22,358.30,358.55,357.60,357.60,600,287250
20200117,15:23,359.00,359.00,359.00,359.00,75,287250
20200117,15:24,359.90,360.00,359.90,360.00,750,286275
20200117,15:25,361.00,361.00,360.40,360.40,150,286275
20200117,15:26,360.85,360.85,360.85,360.85,75,286275
20200117,15:27,359.90,359.90,359.00,359.00,150,286200
20200117,15:28,359.00,360.30,359.00,360.30,225,286200
20200117,15:29,359.00,359.05,359.00,359.05,675,286200
20200120,09:15,379.30,379.30,375.20,375.20,451,286200
20200120,09:16,367.95,367.95,367.95,367.95,150,286200
20200120,09:17,375.00,378.65,368.25,378.65,375,286125
20200120,09:18,378.55,379.00,378.55,379.00,150,286125
20200120,09:19,384.00,384.00,384.00,384.00,75,286125
20200120,09:20,384.00,384.00,381.70,381.70,150,286275
20200120,09:21,381.70,381.70,379.00,379.00,150,286275
20200120,09:22,376.40,376.40,375.00,375.00,225,286275
20200120,09:23,378.35,378.35,378.35,378.35,75,286350
20200120,09:24,370.00,370.00,370.00,370.00,75,286350
20200120,09:26,370.00,370.00,370.00,370.00,75,286275
20200120,09:27,371.40,371.40,371.40,371.40,75,286275
20200120,09:29,364.55,364.55,364.55,364.55,75,286200
20200120,09:30,364.55,364.55,364.55,364.55,75,286200
20200120,09:32,351.05,351.05,345.25,345.25,900,286200
20200120,09:33,345.25,345.25,345.25,345.25,75,287025
20200120,09:34,346.50,346.50,345.95,345.95,150,287025
20200120,09:36,338.80,338.80,336.10,336.10,225,287025
20200120,09:41,346.85,346.85,346.85,346.85,75,286875
20200120,09:43,346.95,346.95,346.95,346.95,75,286875
20200120,09:44,346.00,346.00,346.00,346.00,75,286125
20200120,09:45,346.00,346.00,345.00,345.00,1575,286125
20200120,09:47,340.00,344.00,340.00,344.00,150,286125
20200120,09:48,335.00,335.00,333.00,333.00,3750,286125
20200120,09:49,334.45,334.45,334.45,334.45,450,286125
20200120,09:50,330.00,330.00,328.65,328.65,4125,285675
20200120,09:51,328.65,332.20,328.65,332.20,150,285675
20200120,09:52,331.00,331.00,331.00,331.00,750,285675
20200120,09:53,332.00,332.45,332.00,332.45,825,285675
20200120,09:54,334.10,335.55,325.05,325.05,225,282750
20200120,09:55,324.80,324.80,324.80,324.80,300,282750
20200120,09:56,324.80,324.80,324.80,324.80,75,282450
20200120,09:57,324.05,324.05,324.05,324.05,75,282450
20200120,09:58,324.05,325.90,324.05,325.90,150,282450
20200120,09:59,324.20,329.70,324.20,329.70,300,280950
20200120,10:00,324.70,325.95,324.70,325.95,300,280950
20200120,10:01,325.60,325.60,323.50,323.50,300,280950
20200120,10:02,317.75,317.75,312.15,312.15,2925,276975
20200120,10:03,312.15,314.60,312.15,314.60,150,276975
20200120,10:04,310.55,310.55,310.55,310.55,150,276975
20200120,10:05,309.30,309.30,309.30,309.30,150,278775
20200120,10:07,315.00,316.75,315.00,316.75,150,278775
20200120,10:08,315.10,315.60,315.10,315.60,375,278850
20200120,10:09,316.00,316.00,316.00,316.00,75,278850
20200120,10:10,311.90,313.45,311.90,313.45,300,278850
20200120,10:11,311.45,311.75,310.00,311.75,225,278850
20200120,10:12,309.50,310.25,309.50,310.25,150,279525
20200120,10:14,313.90,313.90,313.90,313.90,75,279525
20200120,10:15,316.65,316.70,312.90,313.00,975,279525
20200120,10:16,313.85,315.75,313.85,315.75,1125,279525
20200120,10:17,319.90,319.90,319.90,319.90,75,279525
20200120,10:18,315.05,315.05,314.00,315.05,300,277950
20200120,10:19,315.00,315.00,314.00,314.40,1200,277950
20200120,10:20,314.50,315.00,314.50,314.50,675,277350
20200120,10:22,313.00,318.00,313.00,318.00,675,277350
20200120,10:23,317.00,317.00,317.00,317.00,525,275175
20200120,10:24,312.00,312.00,309.15,309.15,5550,275175
20200120,10:25,308.90,310.95,308.60,310.40,1125,275175
20200120,10:26,310.40,314.05,310.40,314.05,450,274350
20200120,10:27,315.20,315.20,315.20,315.20,75,274350
20200120,10:28,312.50,312.50,312.00,312.00,750,274350
20200120,10:29,312.00,312.00,310.00,310.00,2250,272925
20200120,10:30,307.95,307.95,307.95,307.95,75,272925
20200120,10:31,306.85,306.85,300.00,302.25,3450,272925
20200120,10:32,300.60,300.60,291.85,291.85,375,271425
20200120,10:34,291.85,297.10,291.85,296.80,225,271425
20200120,10:35,294.50,295.80,294.00,295.05,1050,272025
20200120,10:36,293.80,293.80,291.90,292.00,225,272025
20200120,10:37,294.30,295.00,292.50,294.65,525,272025
20200120,10:38,294.35,294.35,294.35,294.35,75,272025
20200120,10:39,293.30,293.90,293.10,293.10,225,271275
20200120,10:40,292.00,292.00,290.00,290.00,525,271275
20200120,10:41,281.70,281.70,281.00,281.00,450,272175
20200120,10:43,281.00,282.65,281.00,281.05,450,272175
20200120,10:46,290.00,290.00,290.00,290.00,1500,271350
20200120,10:50,296.75,296.75,296.75,296.75,75,272550
20200120,10:52,299.80,299.80,298.85,298.85,150,272625
20200120,10:53,302.00,302.00,300.75,300.75,1275,272625
20200120,10:54,300.15,300.15,300.15,300.15,600,273450
20200120,10:55,300.00,300.00,300.00,300.00,75,273450
20200120,10:56,301.00,301.00,301.00,301.00,600,273600
20200120,10:57,300.00,301.75,300.00,301.75,450,273600
20200120,10:58,303.60,303.60,302.70,302.70,300,273600
20200120,10:59,300.00,300.00,300.00,300.00,300,273600
20200120,11:00,305.00,305.00,304.45,304.45,150,274575
20200120,11:04,301.10,301.10,301.10,301.10,150,274500
20200120,11:08,295.00,295.00,294.00,295.00,1650,274575
20200120,11:10,293.30,293.30,293.30,293.30,75,274575
20200120,11:11,294.05,294.05,294.05,294.05,75,274575
20200120,11:12,290.00,290.00,290.00,290.00,1875,275775
20200120,11:14,290.00,290.00,290.00,290.00,1500,274950
20200120,11:16,295.00,295.00,295.00,295.00,75,274950
20200120,11:17,295.00,295.00,295.00,295.00,75,274950
20200120,11:18,295.00,295.00,295.00,295.00,75,274725
20200120,11:20,293.40,293.40,293.40,293.40,75,274725
20200120,11:25,292.00,292.00,290.00,290.00,225,274350
20200120,11:28,290.60,290.60,290.60,290.60,75,274425
20200120,11:29,290.00,290.00,290.00,290.00,75,274425
20200120,11:30,290.20,290.20,289.60,289.60,225,274425
20200120,11:31,289.25,290.75,289.25,290.75,150,274425
20200120,11:32,293.05,293.05,293.05,293.05,75,274425
20200120,11:33,295.00,295.00,295.00,295.00,75,274425
20200120,11:39,296.00,296.00,295.00,295.00,150,274350
20200120,11:40,295.00,295.00,294.50,294.50,450,274350
20200120,11:41,294.10,294.10,292.95,292.95,300,274350
20200120,11:42,295.55,295.55,295.55,295.55,150,274200
20200120,11:43,295.60,295.60,295.05,295.05,150,274200
20200120,11:44,293.20,293.45,293.20,293.45,375,274125
20200120,11:45,293.90,293.90,293.60,293.60,150,274125
20200120,11:46,293.85,293.85,293.85,293.85,75,274125
20200120,11:47,295.40,295.40,295.40,295.40,75,274125
20200120,11:51,295.00,295.00,295.00,295.00,600,274275
20200120,11:53,297.85,297.85,297.85,297.85,75,274275
20200120,11:55,296.20,300.85,296.20,300.85,1875,273750
20200120,11:58,299.55,299.55,298.00,298.00,1050,272700
20200120,12:00,301.00,301.00,301.00,301.00,75,273300
20200120,12:01,300.00,300.00,300.00,300.00,75,273300
20200120,12:03,298.45,298.45,298.45,298.45,75,273300
20200120,12:04,295.00,295.00,295.00,295.00,375,273300
20200120,12:05,296.20,296.20,296.20,296.20,75,273300
20200120,12:07,295.85,295.85,295.85,295.85,75,272925
20200120,12:13,295.85,295.85,295.85,295.85,75,272850
20200120,12:16,297.95,297.95,297.95,297.95,150,272850
20200120,12:20,299.15,299.15,299.15,299.15,75,272700
20200120,12:28,300.00,300.00,300.00,300.00,75,272700
20200120,12:33,300.00,300.00,300.00,300.00,300,272700
20200120,12:39,291.85,291.85,291.85,291.85,75,272775
20200120,12:41,291.00,291.00,290.20,290.20,450,272775
20200120,12:43,290.85,290.85,290.85,290.85,150,272550
20200120,12:44,290.00,290.00,289.00,289.00,8550,272550
20200120,12:46,289.10,289.10,284.10,286.30,525,266625
20200120,12:47,286.00,286.00,286.00,286.00,75,266625
20200120,12:53,285.00,285.25,285.00,285.25,150,266250
20200120,12:54,287.75,287.75,284.00,284.00,150,266250
20200120,12:55,281.00,281.00,281.00,281.00,150,266250
20200120,12:56,282.35,282.35,280.00,280.00,450,266250
20200120,12:57,280.00,280.00,280.00,280.00,150,266550
20200120,12:58,275.00,275.00,270.00,270.00,5175,266550
20200120,12:59,270.00,273.40,270.00,273.40,150,266550
20200120,13:00,269.00,269.00,269.00,269.00,600,264300
20200120,13:01,269.00,269.00,269.00,269.00,300,264300
20200120,13:02,273.00,273.00,273.00,273.00,75,264450
20200120,13:03,273.00,273.00,273.00,273.00,75,264450
20200120,13:04,278.50,278.50,278.50,278.50,1125,264450
20200120,13:06,273.00,273.00,272.45,272.45,150,264525
20200120,13:07,273.10,273.90,273.10,273.90,150,264525
20200120,13:08,273.55,273.55,273.55,273.55,75,264525
20200120,13:09,271.25,271.70,271.25,271.70,150,264375
20200120,13:11,274.40,274.40,273.65,273.65,150,264375
20200120,13:12,272.60,272.60,258.50,258.50,1350,264300
20200120,13:13,255.00,257.55,254.15,257.45,450,264300
20200120,13:14,254.20,254.20,253.25,253.25,150,264300
20200120,13:15,252.75,252.75,252.75,252.75,75,264300
20200120,13:16,252.75,252.75,252.75,252.75,75,264975
20200120,13:17,264.55,264.55,264.55,264.55,150,264975
20200120,13:18,262.00,262.00,258.85,259.00,1725,264675
20200120,13:20,261.95,263.00,260.00,260.00,1575,264675
20200120,13:21,259.95,259.95,259.20,259.20,300,264975
20200120,13:22,260.00,260.00,259.00,259.00,225,264975
20200120,13:23,260.10,260.10,260.10,260.10,150,264975
20200120,13:24,263.00,263.00,263.00,263.00,150,264975
20200120,13:25,267.60,267.60,267.60,267.60,75,264825
20200120,13:26,266.50,272.35,266.50,271.95,900,264825
20200120,13:27,271.95,271.95,271.10,271.10,1275,264150
20200120,13:29,270.15,270.15,270.15,270.15,150,264150
20200120,13:30,271.10,271.10,271.10,271.10,75,264150
20200120,13:31,272.00,272.00,272.00,272.00,75,264525
20200120,13:34,265.80,265.80,265.80,265.80,75,264525
20200120,13:35,265.50,265.50,261.95,262.05,450,264525
20200120,13:37,265.05,265.05,265.05,265.05,75,264300
20200120,13:38,269.90,269.90,265.95,265.95,1200,264300
20200120,13:39,262.95,263.35,262.95,263.35,750,263400
20200120,13:41,272.05,272.05,269.00,269.00,300,263400
20200120,13:42,268.00,268.00,268.00,268.00,75,263400
20200120,13:46,270.00,270.00,264.75,264.75,225,262275
20200120,13:53,270.40,270.40,269.55,269.55,150,262050
20200120,13:54,265.15,265.15,265.15,265.15,75,262050
20200120,13:58,257.90,257.90,257.90,257.90,225,262050
20200120,14:00,265.00,265.00,265.00,265.00,75,262050
20200120,14:03,279.55,279.55,279.55,279.55,75,262050
20200120,14:06,283.00,283.00,283.00,283.00,150,262050
20200120,14:09,275.00,275.00,274.00,274.00,1650,262050
20200120,14:12,272.00,272.00,270.00,270.00,1875,261075
20200120,14:13,270.00,270.00,270.00,270.00,4650,261075
20200120,14:15,263.30,263.45,263.30,263.45,225,256350
20200120,14:17,266.00,266.00,266.00,266.00,75,256350
20200120,14:19,265.00,265.00,264.05,264.05,375,256575
20200120,14:20,263.50,263.85,263.50,263.85,225,256575
20200120,14:21,263.65,263.65,263.65,263.65,75,256275
20200120,14:24,259.60,259.60,259.60,259.60,300,256350
20200120,14:25,255.05,255.40,252.75,253.25,1200,256350
20200120,14:26,251.35,251.35,247.80,248.90,975,256350
20200120,14:27,252.00,252.00,247.60,247.60,450,255450
20200120,14:32,247.60,259.00,247.60,259.00,1125,255300
20200120,14:34,258.95,260.00,258.95,260.00,600,254400
20200120,14:35,260.00,260.00,257.40,257.40,150,254400
20200120,14:36,257.50,257.50,257.50,257.50,150,254400
20200120,14:41,258.95,258.95,258.95,258.95,75,254700
20200120,14:45,251.00,251.00,247.30,247.30,675,254475
20200120,14:46,244.35,244.35,244.35,244.35,225,254475
20200120,14:47,254.35,254.35,254.35,254.35,150,254475
20200120,14:49,250.00,250.20,250.00,250.20,900,253875
20200120,14:51,252.70,252.70,252.40,252.40,675,253875
20200120,14:54,255.60,256.90,255.60,256.90,300,253500
20200120,14:56,257.70,257.70,257.70,257.70,225,253500
20200120,14:59,252.30,252.30,252.30,252.30,75,253650
20200120,15:00,250.00,260.00,248.95,255.75,900,253575
20200120,15:01,248.00,248.00,240.00,240.00,825,253575
20200120,15:02,242.40,246.10,242.40,246.10,825,253575
20200120,15:03,245.90,245.90,245.55,245.55,225,253275
20200120,15:04,254.70,256.45,254.70,256.45,225,253275
20200120,15:05,258.00,258.00,255.65,255.65,225,253275
20200120,15:06,250.00,251.00,250.00,251.00,150,252900
20200120,15:07,250.10,250.10,249.00,249.00,525,252900
20200120,15:08,245.85,246.50,245.85,246.25,450,252900
20200120,15:09,249.85,249.85,244.50,244.50,450,253200
20200120,15:10,244.05,246.00,244.05,246.00,1350,253200
20200120,15:11,244.50,245.50,244.00,245.50,450,253200
20200120,15:12,246.30,246.30,246.30,246.30,75,252150
20200120,15:14,250.00,250.00,250.00,250.00,1500,252150
20200120,15:15,249.40,250.00,249.40,250.00,150,252150
20200120,15:16,248.90,248.90,248.90,248.90,150,250200
20200120,15:17,248.90,248.90,248.90,248.90,75,250200
20200120,15:18,249.65,249.65,249.65,249.65,75,250200
20200120,15:19,253.70,254.85,252.75,254.85,300,250200
20200120,15:20,255.00,256.35,253.90,256.35,450,250200
20200120,15:21,253.90,253.90,252.00,252.90,2775,250875
20200120,15:22,253.90,253.90,252.75,252.75,375,250875
20200120,15:23,252.85,252.85,249.75,249.75,675,250875
20200120,15:24,252.00,252.00,252.00,252.00,75,250875
20200120,15:25,255.00,255.00,255.00,255.00,525,250350
20200120,15:26,254.45,255.65,254.45,255.65,150,250350
20200120,15:27,256.40,256.55,256.00,256.00,375,249750
20200120,15:28,255.70,255.70,255.70,255.70,75,249750
20200120,15:29,255.10,255.35,254.00,255.35,1275,249750
20200120,15:30,255.00,255.00,255.00,255.00,75,249750
20200121,09:15,207.60,209.40,190.15,198.65,10727,249225
20200121,09:16,198.00,198.50,182.65,182.65,8625,249225
20200121,09:17,182.45,187.65,181.70,183.80,2250,248325
20200121,09:18,185.55,190.00,185.55,190.00,2850,248325
20200121,09:19,192.15,198.55,190.00,198.00,8400,248325
20200121,09:20,198.00,198.75,190.95,198.75,1500,249600
20200121,09:21,198.50,203.25,196.75,199.00,4200,249600
20200121,09:22,201.75,207.50,201.75,205.20,4050,249600
20200121,09:23,201.80,201.95,200.35,200.35,450,250950
20200121,09:24,200.90,201.50,198.40,198.40,975,250950
20200121,09:25,196.65,199.00,196.65,198.95,975,250950
20200121,09:26,200.85,201.45,200.85,200.85,1275,252450
20200121,09:27,200.85,208.00,200.85,208.00,4650,252450
20200121,09:28,208.00,208.00,203.65,204.00,2250,252450
20200121,09:29,205.15,209.10,203.80,208.30,1050,251475
20200121,09:30,210.00,214.25,210.00,213.55,1500,251475
20200121,09:31,213.00,215.00,212.60,215.00,1200,251475
20200121,09:32,214.25,214.25,210.20,210.20,450,251175
20200121,09:33,210.05,210.05,210.05,210.05,150,251175
20200121,09:34,207.50,207.50,199.70,199.70,600,251175
20200121,09:35,198.95,205.55,198.95,205.55,600,251625
20200121,09:36,205.00,207.35,205.00,205.00,1125,251625
20200121,09:37,201.00,202.10,198.05,198.05,225,251625
20200121,09:38,198.45,200.00,198.45,200.00,825,251925
20200121,09:39,199.70,199.70,199.70,199.70,825,251925
20200121,09:40,203.40,203.40,203.40,203.40,75,251925
20200121,09:41,205.40,209.00,205.40,207.90,675,252150
20200121,09:42,209.85,212.15,209.85,212.15,825,252150
20200121,09:43,216.45,219.05,214.00,214.00,1050,252150
20200121,09:44,215.00,216.10,215.00,216.10,600,251775
20200121,09:45,215.80,219.10,215.80,219.10,450,251775
20200121,09:46,219.10,219.10,211.45,211.45,450,251775
20200121,09:47,210.00,210.50,208.40,210.50,1275,251775
20200121,09:48,211.70,219.00,211.70,217.35,600,251775
20200121,09:49,216.00,216.60,212.40,212.40,675,251775
20200121,09:50,215.35,217.85,215.35,217.85,975,249675
20200121,09:51,214.45,214.45,210.10,212.00,2100,249675
20200121,09:53,214.80,214.80,214.00,214.00,300,250200
20200121,09:54,214.00,218.00,210.65,217.00,1050,250200
20200121,09:55,218.30,226.40,218.30,224.20,1575,250200
20200121,09:56,223.40,224.15,221.80,221.85,1275,249750
20200121,09:57,220.00,220.00,215.90,216.95,1875,249750
20200121,09:58,218.25,218.80,215.30,216.60,1425,249750
20200121,09:59,215.55,217.00,215.00,217.00,300,250425
20200121,10:00,213.90,213.90,208.85,208.85,450,250425
20200121,10:01,211.70,211.70,211.00,211.00,150,250425
20200121,10:02,213.00,214.00,213.00,214.00,150,250650
20200121,10:04,215.00,215.00,215.00,215.00,675,250650
20200121,10:05,215.00,215.00,215.00,215.00,75,250650
20200121,10:06,215.00,217.35,215.00,217.35,750,250425
20200121,10:07,218.45,219.15,218.45,219.15,750,250425
20200121,10:08,217.45,217.45,216.55,216.55,150,250125
20200121,10:09,214.10,214.25,213.30,213.30,375,250125
20200121,10:10,213.00,213.00,213.00,213.00,1500,250125
20200121,10:11,211.05,211.25,210.85,210.85,1875,248475
20200121,10:12,211.00,213.60,211.00,212.60,450,248475
20200121,10:13,210.50,210.50,205.10,206.00,2100,248475
20200121,10:14,208.60,208.60,205.40,205.40,450,248250
20200121,10:15,201.05,202.35,201.05,201.05,675,248250
20200121,10:16,200.00,201.15,197.50,197.50,2400,248250
20200121,10:17,199.65,200.85,198.90,200.85,525,247875
20200121,10:18,201.00,201.00,197.45,198.00,1575,247875
20200121,10:19,195.55,199.00,195.55,199.00,525,247875
20200121,10:20,199.75,199.75,196.45,198.90,675,249150
20200121,10:21,201.20,201.55,201.20,201.55,150,249150
20200121,10:22,202.85,202.85,202.85,202.85,75,249150
20200121,10:23,204.25,204.25,202.85,202.85,225,249450
20200121,10:24,200.80,202.15,200.80,202.15,3150,249450
20200121,10:25,201.90,201.90,201.90,201.90,75,249450
20200121,10:26,203.00,204.00,202.95,203.15,675,246675
20200121,10:27,203.80,203.80,200.00,200.00,1875,246675
20200121,10:28,200.00,200.05,198.40,200.05,1200,246675
20200121,10:30,198.00,199.00,198.00,199.00,525,245325
20200121,10:31,198.05,198.05,198.00,198.00,150,245325
20200121,10:32,199.50,200.00,197.30,197.60,525,244875
20200121,10:33,200.20,200.20,200.20,200.20,150,244875
20200121,10:34,200.00,200.00,195.00,195.25,1200,244875
20200121,10:35,195.00,195.00,192.75,192.75,3675,242925
20200121,10:37,190.50,190.50,187.95,187.95,1200,242925
20200121,10:38,192.35,195.95,192.35,195.95,825,243450
20200121,10:39,192.35,193.00,192.35,193.00,600,243450
20200121,10:40,193.00,197.65,193.00,197.65,600,243450
20200121,10:41,194.90,194.90,192.95,192.95,675,243675
20200121,10:42,194.45,197.15,194.20,197.15,300,243675
20200121,10:43,193.50,193.50,193.50,193.50,300,243675
20200121,10:44,193.50,193.65,193.50,193.65,450,243975
20200121,10:46,195.25,196.80,195.25,196.80,150,243975
20200121,10:47,196.00,196.00,196.00,196.00,1050,243975
20200121,10:48,193.00,193.00,193.00,193.00,75,243975
20200121,10:49,191.80,191.80,191.80,191.80,75,243975
20200121,10:50,190.00,191.40,190.00,191.35,1875,241800
20200121,10:51,190.85,190.85,190.85,190.85,75,241800
20200121,10:52,190.00,190.05,188.05,188.95,6900,241800
20200121,10:53,185.35,187.55,185.00,187.55,3225,240225
20200121,10:54,185.20,185.20,182.10,184.00,675,240225
20200121,10:55,186.05,186.05,184.35,184.35,450,240225
20200121,10:56,186.90,186.90,186.90,186.90,75,240225
20200121,10:57,188.10,188.10,184.45,184.45,975,239925
20200121,10:59,188.80,189.00,188.45,188.45,225,239925
20200121,11:00,188.60,188.60,188.60,188.60,75,239925
20200121,11:01,188.00,188.00,186.00,187.60,225,239925
20200121,11:02,188.95,188.95,188.95,188.95,75,239925
20200121,11:03,188.10,189.50,185.00,185.00,375,240000
20200121,11:04,183.20,184.00,183.20,183.90,375,240000
20200121,11:05,184.15,184.80,184.15,184.80,150,239850
20200121,11:06,184.15,184.15,184.15,184.15,75,239850
20200121,11:07,182.85,185.00,182.85,185.00,225,239850
20200121,11:08,185.00,188.30,185.00,188.30,825,239475
20200121,11:09,186.00,186.20,186.00,186.20,150,239475
20200121,11:10,187.00,187.10,187.00,187.10,150,239475
20200121,11:11,187.60,189.55,187.60,189.55,450,239400
20200121,11:12,192.20,193.15,191.15,193.15,525,239400
20200121,11:13,192.95,196.80,192.95,196.80,1425,239400
20200121,11:14,194.80,194.90,194.80,194.90,225,238575
20200121,11:15,197.10,197.10,195.30,195.30,225,238575
20200121,11:16,195.30,195.30,193.45,194.00,525,238575
20200121,11:17,192.60,194.00,192.60,194.00,150,238725
20200121,11:19,194.00,195.00,193.00,193.00,1725,238725
20200121,11:20,191.60,191.60,189.75,190.05,375,237450
20200121,11:21,191.45,191.45,188.50,188.50,600,237450
20200121,11:22,187.95,189.45,187.95,189.45,225,237450
20200121,11:23,188.50,188.55,188.45,188.50,525,237450
20200121,11:24,191.10,191.10,190.15,190.15,375,237525
20200121,11:26,188.50,188.50,188.50,188.50,75,237525
20200121,11:27,187.60,187.60,187.60,187.60,225,237525
20200121,11:29,193.90,193.90,192.60,192.60,1425,237300
20200121,11:31,192.00,192.20,192.00,192.20,525,237300
20200121,11:32,192.45,195.00,192.45,195.00,750,237300
20200121,11:33,196.00,196.00,193.85,193.85,900,237075
20200121,11:34,195.00,195.00,194.35,194.35,3150,237075
20200121,11:35,196.15,196.75,196.15,196.75,6750,236100
20200121,11:36,195.00,195.00,194.00,194.65,1575,236100
20200121,11:37,193.50,193.50,193.00,193.00,975,236100
20200121,11:39,195.00,195.00,193.00,193.00,2325,231075
20200121,11:40,192.25,192.25,192.00,192.00,1650,231075
20200121,11:41,194.95,204.95,194.95,201.00,5025,231750
20200121,11:42,205.75,210.00,205.75,206.90,4800,231750
20200121,11:43,206.55,207.00,205.50,206.00,1725,231750
20200121,11:44,205.45,206.80,205.00,205.00,300,231225
20200121,11:45,205.00,207.05,202.65,203.15,1425,231225
20200121,11:46,203.00,205.75,203.00,205.75,825,231225
20200121,11:47,203.25,206.50,203.25,206.50,375,231225
20200121,11:48,205.00,205.00,204.20,204.20,2175,231375
20200121,11:49,204.00,204.00,204.00,204.00,2100,231375
20200121,11:50,207.35,210.00,207.35,210.00,1575,229950
20200121,11:51,206.55,207.00,206.55,207.00,150,229950
20200121,11:52,205.75,205.75,205.75,205.75,75,229950
20200121,11:53,205.75,206.15,205.75,206.15,675,229950
20200121,11:54,203.45,205.05,203.45,205.05,675,229875
20200121,11:55,205.00,205.00,205.00,205.00,525,229875
20200121,11:56,205.00,205.00,203.00,203.00,825,229875
20200121,11:57,205.20,205.20,205.00,205.00,300,230325
20200121,11:59,208.65,208.65,207.75,207.75,1125,230325
20200121,12:00,207.25,208.00,207.25,208.00,150,230400
20200121,12:01,212.05,213.55,210.00,210.00,3225,230400
20200121,12:02,215.60,215.60,214.20,214.20,450,229200
20200121,12:04,213.95,213.95,213.95,213.95,75,229200
20200121,12:05,214.20,219.90,214.20,216.60,3075,229575
20200121,12:06,216.90,220.70,216.90,218.50,1950,229575
20200121,12:07,217.40,217.40,215.50,216.00,375,229575
20200121,12:08,216.50,216.50,216.50,216.50,75,229575
20200121,12:09,216.50,218.65,216.50,218.65,900,229650
20200121,12:10,215.10,215.10,215.10,215.10,600,229650
20200121,12:11,216.00,216.00,216.00,216.00,75,229500
20200121,12:12,215.35,215.35,212.65,213.00,5925,229500
20200121,12:13,211.65,211.65,210.00,210.00,825,229500
20200121,12:14,210.00,210.00,208.30,208.30,825,229500
20200121,12:15,205.05,205.05,203.45,204.00,1425,226275
20200121,12:16,202.70,203.10,202.65,203.10,375,226275
20200121,12:17,203.25,203.25,203.15,203.15,150,226275
20200121,12:18,200.10,200.20,198.55,199.75,7125,225900
20200121,12:19,200.80,200.95,200.35,200.35,1275,225900
20200121,12:22,203.95,203.95,203.95,203.95,75,223275
20200121,12:24,200.10,200.10,200.00,200.00,4050,223275
20200121,12:25,198.80,199.00,198.80,199.00,225,223275
20200121,12:26,199.00,199.00,199.00,199.00,525,223275
20200121,12:27,199.90,199.90,199.90,199.90,150,221925
20200121,12:28,199.90,199.90,199.90,199.90,300,221925
20200121,12:30,200.65,200.65,200.65,200.65,75,222225
20200121,12:32,199.05,199.05,195.55,197.10,5025,221700
20200121,12:33,198.20,198.20,198.20,198.20,150,221700
20200121,12:34,196.20,197.00,196.10,197.00,1950,221700
20200121,12:35,196.85,196.85,196.85,196.85,1725,221700
20200121,12:36,195.05,195.05,195.05,195.05,225,219375
20200121,12:37,195.45,198.30,195.45,198.30,525,219375
20200121,12:39,197.15,197.15,196.00,196.00,225,219000
20200121,12:40,195.00,195.00,195.00,195.00,1500,219000
20200121,12:41,193.00,193.00,192.15,193.00,2625,219000
20200121,12:42,193.45,193.45,191.60,191.60,450,217200
20200121,12:43,193.25,194.95,193.25,194.95,1275,217200
20200121,12:45,194.00,194.15,192.75,194.15,1875,216450
20200121,12:46,196.15,198.65,196.15,197.45,525,216450
20200121,12:47,195.40,197.00,195.40,197.00,675,216450
20200121,12:48,198.00,199.80,198.00,199.10,2250,218325
20200121,12:49,198.50,199.00,198.50,199.00,150,218325
20200121,12:50,198.15,198.15,198.15,198.15,75,218325
20200121,12:51,198.15,198.15,197.00,197.45,450,218025
20200121,12:55,193.25,193.25,193.25,193.25,75,217875
20200121,12:56,192.10,192.10,192.10,192.10,150,217875
20200121,12:57,196.10,196.10,196.10,196.10,75,217875
20200121,12:59,198.05,198.05,198.05,198.05,150,217875
20200121,13:00,200.80,203.00,200.80,203.00,150,217800
20200121,13:01,204.90,205.00,203.00,203.00,1575,217800
20200121,13:02,203.00,205.40,203.00,205.40,450,217800
20200121,13:03,204.00,206.00,203.40,206.00,750,216900
20200121,13:04,204.00,204.55,203.90,203.90,900,216900
20200121,13:05,203.90,208.75,203.90,205.95,900,216825
20200121,13:06,207.25,207.25,204.95,204.95,900,216825
20200121,13:07,203.00,203.00,203.00,203.00,300,216825
20200121,13:08,200.30,200.30,200.00,200.00,150,216825
20200121,13:09,200.55,201.85,200.55,201.85,300,217500
20200121,13:12,206.65,209.20,206.65,209.20,1725,217350
20200121,13:13,207.70,208.45,206.45,206.45,975,217350
20200121,13:14,205.75,206.05,204.20,204.85,1350,216450
20200121,13:15,203.35,203.70,203.35,203.70,675,216450
20200121,13:16,203.00,203.00,201.85,201.85,225,216450
20200121,13:17,202.00,202.75,202.00,202.75,300,216450
20200121,13:18,203.00,203.00,203.00,203.00,75,216825
20200121,13:20,203.00,203.00,203.00,203.00,75,216825
20200121,13:21,199.60,201.05,199.60,201.05,1425,216450
20200121,13:22,199.15,200.00,199.00,200.00,1425,216450
20200121,13:23,201.40,201.40,201.40,201.40,75,216450
20200121,13:24,200.10,200.10,200.10,200.10,150,216450
20200121,13:25,203.90,203.90,203.90,203.90,225,216450
20200121,13:26,203.15,203.15,203.15,203.15,75,216450
20200121,13:28,204.35,204.35,204.35,204.35,75,216075
20200121,13:29,203.15,205.55,202.95,205.30,2250,216075
20200121,13:30,205.60,205.60,205.60,205.60,450,217350
20200121,13:31,197.85,197.85,197.85,197.85,150,217350
20200121,13:32,195.15,199.15,195.15,198.90,2625,217350
20200121,13:33,197.15,197.15,197.15,197.15,150,215850
20200121,13:36,200.15,200.15,200.15,200.15,225,215775
20200121,13:37,199.15,199.15,197.70,197.70,900,215775
20200121,13:38,198.85,200.00,198.85,200.00,450,215775
20200121,13:39,197.95,198.05,197.00,197.00,375,216375
20200121,13:41,191.05,194.70,191.05,191.05,675,216375
20200121,13:42,193.05,194.35,193.05,193.60,675,216075
20200121,13:43,195.35,195.35,191.80,193.00,300,216075
20200121,13:44,193.00,193.00,193.00,193.00,300,216075
20200121,13:45,193.20,193.20,187.20,190.25,3675,215325
20200121,13:46,189.25,193.35,188.70,191.40,825,215325
20200121,13:49,192.00,192.85,192.00,192.85,375,212700
20200121,13:50,193.00,193.00,193.00,193.00,225,212700
20200121,13:51,192.00,196.00,192.00,196.00,1350,212850
20200121,13:52,195.00,195.20,194.00,194.05,600,212850
20200121,13:53,195.70,195.70,195.70,195.70,75,212850
20200121,13:54,195.70,195.70,192.55,192.55,300,212925
20200121,13:55,190.00,190.00,186.05,189.15,750,212925
20200121,13:56,190.00,190.65,190.00,190.25,450,212925
20200121,13:57,192.55,192.60,192.15,192.60,225,212925
20200121,13:59,196.55,198.35,195.80,198.35,450,212925
20200121,14:00,192.00,192.00,190.60,190.60,825,212850
20200121,14:01,192.20,192.20,192.20,192.20,75,212850
20200121,14:02,189.90,189.90,189.90,189.90,75,212850
20200121,14:03,189.90,189.90,185.85,186.05,3150,213375
20200121,14:04,186.05,187.00,183.05,186.85,2550,213375
20200121,14:05,185.90,185.90,183.90,184.20,450,213375
20200121,14:06,184.90,187.30,184.00,187.30,2175,212325
20200121,14:07,187.60,187.60,183.00,183.00,3375,212325
20200121,14:08,186.70,187.00,186.70,186.95,1125,212325
20200121,14:09,186.85,186.85,186.85,186.85,75,212325
20200121,14:10,186.00,186.80,185.00,186.80,450,209325
20200121,14:11,190.05,192.85,190.05,192.60,225,209325
20200121,14:12,191.00,192.05,191.00,192.05,375,209250
20200121,14:14,188.05,188.05,186.00,186.20,600,209250
20200121,14:15,189.05,189.05,189.05,189.05,150,209250
20200121,14:16,190.00,190.00,190.00,190.00,75,208500
20200121,14:17,189.65,190.20,189.60,190.20,300,208500
20200121,14:18,193.60,195.35,193.20,193.20,300,208575
20200121,14:19,190.80,191.10,190.00,190.00,750,208575
20200121,14:20,188.40,188.40,187.55,187.95,1950,208575
20200121,14:21,187.95,187.95,186.45,186.45,450,209250
20200121,14:22,187.00,187.00,172.70,173.80,8850,209250
20200121,14:23,176.85,176.85,169.85,170.75,3675,209250
20200121,14:24,174.00,174.25,170.85,174.25,3900,207975
20200121,14:25,174.00,174.00,172.45,172.45,900,207975
20200121,14:26,172.35,175.90,172.00,175.90,4500,207975
20200121,14:27,174.80,177.50,174.60,177.50,2100,207300
20200121,14:28,176.00,177.00,176.00,177.00,975,207300
20200121,14:29,180.05,180.95,178.35,180.95,1875,207300
20200121,14:30,180.70,182.30,180.70,182.30,450,207300
20200121,14:31,181.30,181.30,180.35,180.35,375,205275
20200121,14:32,182.00,182.00,182.00,182.00,75,205275
20200121,14:33,181.30,188.95,181.30,188.00,2250,205350
20200121,14:34,186.50,196.80,186.50,193.00,4425,205350
20200121,14:35,192.65,193.00,191.20,193.00,1650,205350
20200121,14:36,196.00,197.40,195.95,195.95,900,205350
20200121,14:37,196.35,200.60,196.35,200.60,2250,205350
20200121,14:38,200.90,211.00,200.90,207.00,4875,205350
20200121,14:39,207.00,209.00,204.75,204.75,1275,205200
20200121,14:40,204.00,207.00,204.00,207.00,1650,205200
20200121,14:41,209.00,209.00,204.00,204.00,5325,205200
20200121,14:42,204.00,204.00,200.60,202.00,1575,205575
20200121,14:43,200.00,201.40,200.00,201.40,375,205575
20200121,14:44,202.35,202.35,201.10,201.10,600,205575
20200121,14:45,201.00,206.05,201.00,205.00,1725,206625
20200121,14:46,204.00,204.00,202.00,202.00,600,206625
20200121,14:47,201.10,201.10,200.10,200.10,450,206625
20200121,14:48,199.45,201.00,196.10,200.50,975,206550
20200121,14:49,200.00,200.00,200.00,200.00,75,206550
20200121,14:50,203.00,206.35,203.00,206.35,450,206550
20200121,14:51,206.80,206.80,203.60,203.60,225,206550
20200121,14:52,204.00,206.90,204.00,206.30,375,206550
20200121,14:53,204.05,205.35,204.05,205.35,150,206550
20200121,14:54,205.45,205.45,203.30,203.50,375,204300
20200121,14:55,205.30,209.15,205.30,208.05,1425,204300
20200121,14:56,202.40,202.40,202.40,202.40,75,204300
20200121,14:57,199.80,200.50,199.80,200.50,600,204150
20200121,14:58,198.40,200.20,198.40,200.20,450,204150
20200121,14:59,198.85,200.00,197.25,200.00,300,204150
20200121,15:00,197.00,197.00,193.70,193.70,3075,203550
20200121,15:01,196.50,196.50,195.50,195.50,450,203550
20200121,15:02,196.25,196.25,195.70,195.70,900,203550
20200121,15:03,192.15,193.60,190.35,192.80,1275,202350
20200121,15:04,193.60,195.05,193.60,194.05,1275,202350
20200121,15:05,192.00,195.35,192.00,195.30,975,202350
20200121,15:06,196.80,197.30,193.00,193.00,750,201150
20200121,15:07,194.60,194.60,194.35,194.40,1125,201150
20200121,15:08,193.00,193.55,190.80,190.80,525,201150
20200121,15:09,190.00,190.00,189.00,189.00,900,200775
20200121,15:10,189.00,189.00,185.00,185.00,2550,200775
20200121,15:11,184.15,185.00,183.10,183.25,2625,200775
20200121,15:12,184.70,189.60,184.70,189.60,1800,198225
20200121,15:13,189.00,189.00,187.55,188.75,1050,198225
20200121,15:14,186.50,188.05,186.50,188.05,375,198225
20200121,15:15,186.85,186.85,186.85,186.85,75,196500
20200121,15:17,186.80,186.80,186.80,186.80,75,196500
20200121,15:19,188.75,189.00,188.75,189.00,300,196350
20200121,15:20,189.55,191.85,189.55,191.85,2550,196350
20200121,15:21,192.00,192.05,190.00,190.00,1800,196050
20200121,15:22,189.60,189.60,188.50,188.50,375,196050
20200121,15:23,188.25,188.25,188.25,188.25,150,196050
20200121,15:24,188.65,188.65,188.65,188.65,75,196050
20200121,15:25,187.95,189.10,187.50,189.10,1275,196200
20200121,15:26,187.60,187.90,186.00,186.00,1200,196200
20200121,15:27,187.60,188.40,186.95,186.95,375,196050
20200121,15:28,186.75,187.10,186.00,186.00,3375,196050
20200121,15:29,186.00,187.45,185.00,185.00,3300,196050
20200122,09:15,171.15,225.70,171.15,225.25,7951,192000
20200122,09:16,225.25,227.95,221.40,221.70,7200,192000
20200122,09:17,220.90,221.20,215.10,218.00,1650,195975
20200122,09:18,218.10,219.30,215.50,218.00,2325,195975
20200122,09:19,217.40,217.40,212.85,212.85,2550,195975
20200122,09:20,211.60,212.45,210.40,210.55,5025,195900
20200122,09:21,210.00,215.00,210.00,215.00,2700,195900
20200122,09:22,214.35,218.25,213.95,216.60,1800,195900
20200122,09:23,217.45,220.00,214.65,220.00,1500,195675
20200122,09:24,218.90,219.20,213.15,213.15,1800,195675
20200122,09:25,212.70,213.85,210.00,210.70,1650,195675
20200122,09:26,209.35,211.85,208.30,211.85,825,194325
20200122,09:27,212.20,212.20,205.10,207.25,2025,194325
20200122,09:28,205.85,207.30,202.05,202.05,2100,194325
20200122,09:29,201.35,206.85,200.70,206.85,2625,192825
20200122,09:30,204.60,212.00,204.20,210.55,5325,192825
20200122,09:31,211.00,211.00,207.60,207.85,1125,192825
20200122,09:32,207.15,207.15,203.35,203.45,1950,195075
20200122,09:33,201.55,203.65,200.10,203.65,9975,195075
20200122,09:34,204.60,204.60,203.00,203.00,225,195075
20200122,09:35,206.40,207.00,205.55,205.65,1575,191025
20200122,09:37,205.00,205.85,204.00,205.85,1125,191025
20200122,09:38,208.20,211.70,208.20,211.50,1200,192600
20200122,09:39,208.55,208.55,205.15,205.60,2025,192600
20200122,09:40,207.50,207.50,204.35,204.35,375,192600
20200122,09:41,201.00,203.00,199.25,203.00,1875,189900
20200122,09:42,204.50,204.50,204.00,204.50,450,189900
20200122,09:44,201.25,203.40,199.95,203.40,600,190200
20200122,09:45,202.60,204.35,199.90,199.90,1275,190200
20200122,09:46,199.50,200.00,199.50,200.00,150,190200
20200122,09:47,201.50,206.00,201.50,206.00,1500,189900
20200122,09:48,204.50,206.05,204.50,205.00,1050,189900
20200122,09:50,202.30,203.50,202.30,203.50,375,189150
20200122,09:53,200.00,200.00,198.70,199.70,600,188550
20200122,09:54,198.05,198.05,194.80,197.05,2550,188550
20200122,09:55,194.00,198.00,193.20,198.00,1350,188550
20200122,09:56,196.40,197.35,196.40,197.00,450,187800
20200122,09:57,198.50,198.50,197.25,197.25,525,187800
20200122,09:58,195.75,195.75,195.00,195.00,150,187800
20200122,10:00,200.30,200.35,200.30,200.35,150,187575
20200122,10:01,198.00,198.00,196.00,196.00,600,187575
20200122,10:04,199.75,202.80,199.75,202.80,450,187725
20200122,10:06,198.15,198.15,197.60,197.60,225,187575
20200122,10:07,201.10,202.50,201.10,202.50,525,187575
20200122,10:08,198.90,200.20,198.90,199.95,225,187950
20200122,10:09,197.75,197.75,197.75,197.75,75,187950
20200122,10:10,196.35,197.45,196.35,197.35,1050,187950
20200122,10:11,197.05,197.05,196.35,196.35,750,188025
20200122,10:12,194.00,194.20,193.40,194.20,1800,188025
20200122,10:13,194.30,194.30,192.50,192.55,2325,188025
20200122,10:14,192.55,192.55,189.45,189.45,1800,187425
20200122,10:15,189.90,191.45,189.90,191.45,150,187425
20200122,10:16,193.95,193.95,193.00,193.00,300,187425
20200122,10:17,192.00,192.00,190.00,190.45,2100,187050
20200122,10:18,190.50,190.50,188.95,189.75,825,187050
20200122,10:19,187.90,188.10,185.70,186.85,1350,187050
20200122,10:20,185.85,186.00,178.50,178.50,4200,185175
20200122,10:21,177.00,177.00,153.95,163.00,18975,185175
20200122,10:22,163.20,166.45,157.55,157.90,5400,185175
20200122,10:23,156.45,157.55,149.00,153.75,3975,180450
20200122,10:24,156.80,157.00,149.00,149.90,5250,180450
20200122,10:25,147.05,147.05,136.30,142.00,10050,180450
20200122,10:26,144.05,150.15,142.85,148.00,4275,182100
20200122,10:27,147.00,151.10,143.00,149.15,4575,182100
20200122,10:28,147.90,153.40,147.00,147.45,5100,182100
20200122,10:29,148.10,151.20,148.10,149.05,2850,180825
20200122,10:30,146.30,146.35,142.30,142.50,4425,180825
20200122,10:31,142.50,147.35,142.50,146.35,11025,180825
20200122,10:32,146.50,149.30,145.60,147.80,5175,180300
20200122,10:33,149.05,150.00,147.00,148.30,7575,180300
20200122,10:34,146.75,149.90,146.00,149.90,2175,180300
20200122,10:35,148.65,149.30,147.00,148.75,2925,183750
20200122,10:36,149.90,155.00,148.15,153.35,14775,183750
20200122,10:37,153.30,155.75,153.20,155.45,7125,183750
20200122,10:38,155.30,157.05,151.95,151.95,9750,186525
20200122,10:39,152.00,153.00,150.85,150.95,1425,186525
20200122,10:40,151.00,154.00,151.00,152.85,7950,186525
20200122,10:41,153.25,155.55,151.20,154.00,4575,191775
20200122,10:42,154.40,157.85,154.00,157.85,6150,191775
20200122,10:43,156.95,157.85,156.00,156.95,2400,191775
20200122,10:44,155.00,155.95,153.50,154.65,2700,191325
20200122,10:45,155.90,157.90,155.10,157.05,1875,191325
20200122,10:46,157.80,157.80,155.00,155.75,1500,191325
20200122,10:47,155.35,156.50,155.00,155.35,1050,190275
20200122,10:48,154.25,156.40,153.25,156.40,1500,190275
20200122,10:49,156.00,157.90,156.00,157.00,4275,190275
20200122,10:50,157.50,159.00,157.50,158.30,1950,190275
20200122,10:51,160.00,160.00,158.00,159.00,2850,185325
20200122,10:52,159.30,160.00,158.75,158.75,2250,185325
20200122,10:53,158.10,164.90,158.00,163.20,13350,184275
20200122,10:54,162.60,163.95,161.80,162.05,3600,184275
20200122,10:55,162.00,168.00,162.00,165.45,7575,184275
20200122,10:56,165.00,166.00,164.40,165.20,2700,183675
20200122,10:57,163.95,164.00,161.65,161.80,1425,183675
20200122,10:58,161.80,162.30,160.75,160.75,600,183675
20200122,10:59,159.95,160.20,158.70,158.70,1950,184350
20200122,11:00,160.00,160.00,159.50,159.70,675,184350
20200122,11:01,160.00,160.00,158.00,159.15,1200,184350
20200122,11:02,159.50,161.00,159.50,161.00,900,184950
20200122,11:03,161.00,161.00,160.25,160.25,600,184950
20200122,11:04,158.70,158.70,158.00,158.00,1800,184950
20200122,11:05,159.00,159.35,158.00,159.35,2025,184950
20200122,11:06,158.45,159.75,158.05,158.05,600,184950
20200122,11:07,158.20,159.60,157.35,158.15,525,184950
20200122,11:08,157.00,157.20,154.00,154.00,3600,184275
20200122,11:09,151.20,154.00,150.00,153.05,5925,184275
20200122,11:10,153.00,154.65,152.00,154.65,2175,184275
20200122,11:11,155.05,155.40,153.45,154.90,825,187500
20200122,11:12,154.95,155.00,154.95,154.95,300,187500
20200122,11:13,154.85,154.85,152.65,154.00,1950,187500
20200122,11:14,154.25,154.55,152.20,152.20,300,187425
20200122,11:15,150.55,151.95,150.55,151.55,1500,187425
20200122,11:16,151.10,152.00,150.90,152.00,1350,187425
20200122,11:17,150.90,151.10,148.50,148.95,20100,188475
20200122,11:18,149.35,152.15,148.90,152.15,1125,188475
20200122,11:19,152.00,153.80,152.00,153.80,2925,188475
20200122,11:20,152.60,153.00,151.40,153.00,1575,193950
20200122,11:21,153.00,153.00,152.85,152.85,225,193950
20200122,11:22,152.40,153.00,152.40,153.00,300,193950
20200122,11:23,153.00,153.90,152.50,152.50,2025,194025
20200122,11:24,152.20,152.20,151.05,151.50,1875,194025
20200122,11:25,150.00,151.50,150.00,150.00,7650,194025
20200122,11:26,150.00,150.60,150.00,150.60,2925,187875
20200122,11:27,153.45,154.40,153.45,154.40,1500,187875
20200122,11:28,154.00,154.90,151.95,154.90,1200,187875
20200122,11:29,154.10,154.70,154.00,154.70,525,185175
20200122,11:30,154.90,157.20,154.90,155.80,1275,185175
20200122,11:31,157.30,157.30,155.80,156.75,3825,185175
20200122,11:32,155.05,156.30,154.25,154.25,1800,182175
20200122,11:33,153.15,154.00,153.15,154.00,600,182175
20200122,11:34,154.90,154.90,152.30,152.30,450,182175
20200122,11:35,152.85,153.65,152.70,153.65,375,182850
20200122,11:36,153.65,155.10,153.65,154.30,750,182850
20200122,11:37,155.90,156.55,155.90,156.55,300,182850
20200122,11:38,154.85,154.85,154.00,154.00,825,182550
20200122,11:40,153.00,153.00,151.55,151.55,375,182550
20200122,11:41,151.10,152.15,150.30,152.15,1050,181575
20200122,11:42,150.50,150.80,150.50,150.80,750,181575
20200122,11:43,150.50,151.00,149.70,150.05,2250,181575
20200122,11:44,149.35,151.00,149.35,151.00,300,180825
20200122,11:45,150.00,151.65,149.35,151.35,1950,180825
20200122,11:46,151.45,151.50,149.20,149.20,825,180825
20200122,11:47,148.75,148.75,145.55,146.90,4425,179550
20200122,11:48,147.50,147.50,146.05,146.45,3450,179550
20200122,11:49,145.55,145.55,137.35,138.70,16725,179550
20200122,11:50,137.90,140.15,137.90,140.00,4500,180225
20200122,11:51,140.90,144.75,140.90,142.90,2475,180225
20200122,11:52,142.95,143.90,142.95,143.40,675,180225
20200122,11:53,142.00,142.90,141.10,141.10,1275,178800
20200122,11:54,140.00,140.70,138.95,140.70,2775,178800
20200122,11:55,140.00,142.00,139.70,141.55,2775,178800
20200122,11:56,141.50,142.25,141.50,142.25,450,180300
20200122,11:57,141.50,141.60,139.40,140.05,1650,180300
20200122,11:58,141.45,143.90,141.45,143.90,1725,180300
20200122,11:59,143.95,145.65,143.95,145.00,2175,180300
20200122,12:00,144.00,144.00,142.00,143.00,1200,176400
20200122,12:01,143.35,145.00,142.00,145.00,1725,176400
20200122,12:02,146.25,146.95,145.75,146.00,1650,176400
20200122,12:03,145.55,148.00,144.90,144.90,2400,176400
20200122,12:04,145.80,147.80,145.40,147.80,2100,176400
20200122,12:05,145.95,146.70,145.00,145.50,3375,178425
20200122,12:06,146.75,146.75,144.00,145.00,1125,178425
20200122,12:07,144.50,146.55,144.50,145.30,1725,178425
20200122,12:08,144.25,144.25,143.00,143.65,1050,178650
20200122,12:09,143.00,143.70,142.70,142.70,4050,178650
20200122,12:10,142.25,142.25,142.00,142.00,675,178650
20200122,12:11,141.40,141.70,140.00,140.00,2100,179250
20200122,12:12,140.00,140.55,139.45,140.25,2625,179250
20200122,12:13,140.10,140.10,133.60,136.25,15900,179250
20200122,12:14,137.45,138.45,135.90,136.25,6750,183375
20200122,12:15,136.60,138.85,135.75,138.65,1650,183375
20200122,12:16,139.15,140.00,138.45,138.95,6975,183375
20200122,12:17,138.95,140.10,138.95,139.90,1650,187425
20200122,12:18,140.00,140.00,131.40,132.60,18300,187425
20200122,12:19,133.25,135.70,132.35,135.70,3375,187425
20200122,12:20,136.00,136.25,135.00,135.00,2775,187425
20200122,12:21,135.00,138.70,134.10,138.70,3900,190350
20200122,12:22,139.60,139.95,137.75,138.80,4800,190350
20200122,12:23,138.90,139.35,138.65,139.00,6225,190950
20200122,12:24,137.90,139.50,136.95,138.95,2925,190950
20200122,12:25,139.15,142.45,139.15,141.75,5625,190950
20200122,12:26,142.55,146.75,142.55,146.00,4725,188400
20200122,12:27,146.00,147.90,144.75,146.00,4350,188400
20200122,12:28,145.45,147.60,144.85,147.60,3900,188400
20200122,12:29,148.00,149.10,146.35,147.85,13200,181275
20200122,12:30,147.50,148.00,144.25,145.00,4950,181275
20200122,12:31,145.05,145.85,144.75,145.85,4425,181275
20200122,12:32,145.00,146.05,142.60,146.05,2775,177825
20200122,12:33,145.30,147.90,145.30,146.30,4575,177825
20200122,12:34,146.20,146.20,144.10,146.00,1200,177825
20200122,12:35,145.15,146.00,145.15,146.00,300,177750
20200122,12:36,145.50,146.00,145.50,145.80,375,177750
20200122,12:37,145.80,145.80,143.85,143.85,1200,177750
20200122,12:38,143.80,143.80,142.20,143.80,1125,177750
20200122,12:39,144.00,144.60,144.00,144.30,825,176325
20200122,12:40,144.90,148.90,144.90,148.15,5025,176325
20200122,12:41,148.20,150.65,148.10,148.95,3525,175950
20200122,12:42,149.35,149.35,146.90,148.40,1875,175950
20200122,12:43,147.00,148.90,146.50,147.20,4200,175950
20200122,12:44,149.00,150.60,149.00,149.50,1425,175950
20200122,12:45,146.55,146.55,144.60,144.60,2175,174675
20200122,12:46,144.75,145.00,144.75,145.00,150,174675
20200122,12:47,145.95,147.20,145.95,146.00,900,174900
20200122,12:48,145.00,146.95,145.00,146.95,975,174900
20200122,12:49,146.15,147.60,146.15,147.60,825,174900
20200122,12:50,145.45,146.20,145.45,146.20,150,174900
20200122,12:51,145.50,146.15,145.50,146.15,150,174975
20200122,12:52,146.50,148.45,146.50,148.45,900,174975
20200122,12:53,148.00,149.40,148.00,148.95,1950,174975
20200122,12:54,149.00,149.30,147.10,147.10,900,174675
20200122,12:55,145.90,145.90,145.90,145.90,75,174675
20200122,12:56,146.35,147.00,146.35,147.00,525,174675
20200122,12:57,144.75,146.95,143.90,146.95,1275,174750
20200122,12:58,146.10,147.15,146.10,147.15,600,174750
20200122,12:59,148.90,154.00,148.90,151.00,6600,174750
20200122,13:00,150.95,154.00,150.05,153.90,3000,175200
20200122,13:01,153.90,156.00,152.00,153.00,4200,175200
20200122,13:02,152.40,156.00,150.60,155.55,6075,175200
20200122,13:03,153.00,153.80,151.70,152.95,900,175875
20200122,13:04,152.90,154.90,152.90,153.00,1500,175875
20200122,13:05,152.55,152.55,152.05,152.05,225,175875
20200122,13:06,152.15,152.15,149.40,149.40,3075,176175
20200122,13:07,149.25,149.65,147.00,147.00,3675,176175
20200122,13:08,147.20,148.15,147.00,147.20,675,176175
20200122,13:09,147.00,148.40,147.00,148.40,975,176850
20200122,13:10,147.50,148.05,146.10,146.10,5100,176850
20200122,13:11,146.00,146.00,146.00,146.00,375,176850
20200122,13:12,147.50,147.50,147.50,147.50,525,179400
20200122,13:13,147.00,147.00,146.10,146.20,525,179400
20200122,13:14,145.45,145.45,144.85,145.00,1950,179400
20200122,13:15,146.00,150.00,146.00,150.00,1350,178725
20200122,13:16,149.80,149.80,147.05,147.05,525,178725
20200122,13:17,147.05,147.20,146.05,146.05,750,178725
20200122,13:18,146.65,146.65,145.05,145.45,1050,178500
20200122,13:19,145.15,145.15,144.10,144.10,600,178500
20200122,13:20,145.60,145.85,145.60,145.85,750,178500
20200122,13:21,144.55,144.90,142.40,144.00,3975,178425
20200122,13:22,144.20,144.20,142.70,142.70,1575,178425
20200122,13:23,142.70,144.75,142.70,144.75,1425,178425
20200122,13:24,144.10,144.10,141.80,141.80,1425,180600
20200122,13:25,142.65,147.40,142.65,146.85,675,180600
20200122,13:26,146.15,146.15,143.70,143.70,1050,180600
20200122,13:27,145.95,145.95,145.95,145.95,150,181050
20200122,13:28,145.05,145.05,142.80,142.80,1050,181050
20200122,13:29,142.90,143.75,142.35,142.35,900,181050
20200122,13:30,142.35,142.55,141.90,141.90,975,180900
20200122,13:31,141.40,141.50,135.95,136.50,6525,180900
20200122,13:32,138.15,141.45,137.70,140.75,2400,180900
20200122,13:33,140.00,142.40,140.00,142.40,1800,180375
20200122,13:34,142.40,144.55,142.00,144.55,975,180375
20200122,13:35,144.75,144.75,141.70,142.15,4875,180375
20200122,13:36,141.80,142.00,141.35,141.35,450,180600
20200122,13:37,142.50,148.30,142.50,147.15,4200,180600
20200122,13:38,146.25,147.85,144.00,146.75,2325,180600
20200122,13:39,146.75,146.95,143.00,143.00,975,180150
20200122,13:40,145.10,146.00,145.10,145.10,450,180150
20200122,13:41,142.25,145.00,142.25,145.00,525,180150
20200122,13:42,144.00,144.00,142.00,142.00,225,180375
20200122,13:43,142.00,142.00,138.20,140.25,1875,180375
20200122,13:44,140.80,141.10,139.60,139.80,525,180375
20200122,13:45,140.15,143.00,140.15,143.00,1200,180525
20200122,13:46,143.10,143.10,141.50,141.50,600,180525
20200122,13:47,142.40,142.40,139.60,140.00,1200,180525
20200122,13:48,139.75,139.75,136.75,136.75,5100,180450
20200122,13:49,136.55,136.55,134.55,136.20,5100,180450
20200122,13:50,136.65,138.35,136.00,138.35,2250,180450
20200122,13:51,137.70,139.75,137.70,139.75,1050,179325
20200122,13:52,141.60,142.30,140.00,140.00,3525,179325
20200122,13:53,138.60,140.10,138.60,139.55,1125,179325
20200122,13:54,139.50,139.50,137.55,137.55,900,182325
20200122,13:55,137.50,137.50,135.60,135.60,1650,182325
20200122,13:56,135.55,135.90,133.55,135.55,4125,182325
20200122,13:57,135.00,139.55,135.00,138.90,825,183375
20200122,13:58,139.40,140.70,138.15,138.15,17550,183375
20200122,13:59,138.00,138.00,136.90,138.00,8100,183375
20200122,14:00,137.10,137.10,135.20,135.70,1275,176475
20200122,14:01,136.75,138.60,136.75,137.35,300,176475
20200122,14:02,136.80,136.80,135.40,135.40,900,176475
20200122,14:03,136.00,136.00,135.00,135.05,4650,176850
20200122,14:04,133.05,134.20,121.55,123.85,38550,176850
20200122,14:05,125.05,126.15,111.60,113.30,28875,176850
20200122,14:06,111.80,116.95,109.85,115.30,38625,192825
20200122,14:07,115.55,116.35,113.00,113.00,21375,192825
20200122,14:08,113.35,113.75,107.10,109.65,27600,192825
20200122,14:09,109.25,111.55,107.20,108.50,14100,209325
20200122,14:10,107.75,112.10,107.20,112.10,12525,209325
20200122,14:11,112.30,114.10,111.00,111.85,17325,209325
20200122,14:12,111.90,114.45,111.90,114.30,10125,211575
20200122,14:13,114.00,114.00,112.00,113.40,5400,211575
20200122,14:14,113.45,116.85,112.05,115.00,7800,211575
20200122,14:15,115.40,115.40,109.25,110.60,17925,210450
20200122,14:16,110.80,112.90,109.90,111.90,3450,210450
20200122,14:17,112.15,112.15,110.00,110.00,3000,210450
20200122,14:18,111.10,112.10,110.25,111.10,3375,205050
20200122,14:19,112.00,114.25,112.00,113.20,3075,205050
20200122,14:20,111.75,112.00,109.00,109.45,3975,205050
20200122,14:21,110.10,111.25,107.00,108.35,5625,204225
20200122,14:22,107.85,107.85,97.10,100.65,43200,204225
20200122,14:23,100.80,104.60,100.65,103.35,10800,204225
20200122,14:24,103.15,107.00,101.70,106.70,12000,208125
20200122,14:25,106.25,110.00,105.65,110.00,6375,208125
20200122,14:26,110.95,111.00,104.55,105.00,6150,208125
20200122,14:27,104.05,107.90,103.65,107.90,16950,207900
20200122,14:28,107.70,109.70,107.00,109.00,2100,207900
20200122,14:29,109.60,109.60,105.55,106.00,11025,207900
20200122,14:30,105.75,110.05,105.75,108.90,4650,214350
20200122,14:31,109.15,114.50,109.15,112.05,8025,214350
20200122,14:32,112.00,114.75,111.45,112.00,14850,214350
20200122,14:33,112.35,113.90,110.00,110.05,4725,207600
20200122,14:34,109.55,111.80,109.05,110.60,3300,207600
20200122,14:35,110.00,110.00,107.70,109.25,8550,207600
20200122,14:36,110.40,115.65,110.40,113.95,5850,207450
20200122,14:37,114.60,116.75,111.75,112.80,14625,207450
20200122,14:38,113.70,114.90,113.60,114.60,1725,207450
20200122,14:39,113.95,113.95,110.35,111.00,6600,205350
20200122,14:40,110.90,112.05,110.10,111.50,1500,205350
20200122,14:41,112.85,113.00,109.40,111.20,5625,205350
20200122,14:42,112.25,112.30,110.35,110.35,1575,202500
20200122,14:43,112.50,114.10,112.00,113.60,4725,202500
20200122,14:44,113.20,113.20,111.00,112.85,2325,202500
20200122,14:45,113.45,113.45,111.00,112.50,4275,204075
20200122,14:46,111.25,111.25,110.00,110.00,1050,204075
20200122,14:47,112.05,124.15,112.00,123.85,20175,204075
20200122,14:48,125.55,126.60,121.45,121.65,12075,197175
20200122,14:49,123.30,135.40,123.30,133.60,24900,197175
20200122,14:50,132.40,135.50,131.05,131.05,15525,197175
20200122,14:51,130.05,130.05,126.35,129.15,5625,196950
20200122,14:52,127.55,130.30,125.00,126.15,4050,196950
20200122,14:53,125.60,129.35,125.60,126.70,2775,196950
20200122,14:54,127.00,127.00,121.55,123.00,5850,196500
20200122,14:55,122.30,125.30,122.30,124.00,4350,196500
20200122,14:56,124.00,124.00,120.35,121.00,3900,196500
20200122,14:57,121.35,123.90,120.90,123.90,2250,193725
20200122,14:58,123.90,124.00,122.00,124.00,3300,193725
20200122,14:59,123.50,126.85,121.90,126.85,3600,193725
20200122,15:00,127.85,129.90,125.05,125.80,10425,189075
20200122,15:01,125.80,126.00,120.95,123.85,5325,189075
20200122,15:02,123.85,126.85,123.50,125.90,2100,189075
20200122,15:03,126.05,127.30,122.05,126.45,5700,189000
20200122,15:04,126.50,128.95,125.00,127.15,7425,189000
20200122,15:05,127.35,134.15,127.35,132.60,10575,189000
20200122,15:06,133.00,136.30,131.85,133.95,8325,191625
20200122,15:07,132.70,132.80,129.10,131.55,4350,191625
20200122,15:08,131.10,131.10,127.85,128.70,6825,191625
20200122,15:09,129.60,131.35,128.45,129.15,4575,190050
20200122,15:10,129.10,129.50,125.00,125.00,5775,190050
20200122,15:11,123.10,127.05,123.10,124.40,8850,190050
20200122,15:12,126.00,126.00,124.35,125.05,1575,190500
20200122,15:13,125.15,127.00,124.05,124.70,4725,190500
20200122,15:14,124.30,126.35,123.60,125.55,6600,190500
20200122,15:15,125.35,126.75,121.15,121.70,10125,189525
20200122,15:16,122.15,124.15,121.10,121.10,5250,189525
20200122,15:17,121.10,122.00,119.50,121.00,7125,189525
20200122,15:18,120.35,120.75,116.55,118.25,7050,187650
20200122,15:19,117.10,119.75,117.00,118.45,5025,187650
20200122,15:20,118.20,120.00,116.25,120.00,8475,187650
20200122,15:21,119.95,119.95,118.00,118.50,9300,182475
20200122,15:22,118.05,120.20,118.05,120.20,7125,182475
20200122,15:23,120.20,120.20,117.50,119.80,8400,182475
20200122,15:24,119.80,120.40,118.80,118.80,6150,177150
20200122,15:25,118.95,122.30,118.50,122.00,10800,177150
20200122,15:26,122.45,125.05,122.40,125.05,6525,177150
20200122,15:27,124.85,127.00,124.85,126.50,5925,162150
20200122,15:28,126.85,127.00,126.00,127.00,2850,162150
20200122,15:29,127.00,127.85,126.20,127.55,13725,162150
20200123,09:15,96.70,169.80,96.70,105.70,33152,158250
20200123,09:16,106.60,107.35,86.40,90.85,65700,158250
20200123,09:17,91.30,96.75,90.75,94.70,33900,181575
20200123,09:18,93.50,104.45,92.65,104.45,33375,181575
20200123,09:19,105.40,108.25,103.25,105.55,23250,181575
20200123,09:20,105.20,106.70,100.90,106.20,23550,183525
20200123,09:21,106.15,118.40,106.10,117.85,39675,183525
20200123,09:22,116.60,126.95,115.15,123.85,45375,183525
20200123,09:23,123.85,129.45,120.65,127.45,26475,186225
20200123,09:24,126.30,131.75,124.35,129.15,24975,186225
20200123,09:25,129.10,131.25,126.25,126.25,16950,186225
20200123,09:26,126.95,126.95,122.00,122.55,10575,187650
20200123,09:27,120.45,125.85,119.85,124.30,11775,187650
20200123,09:28,125.05,130.00,124.25,127.95,15525,187650
20200123,09:29,129.90,131.20,126.70,126.70,11325,187575
20200123,09:30,128.80,129.30,126.90,127.50,5100,187575
20200123,09:31,127.30,129.65,122.90,125.45,10875,187575
20200123,09:32,123.90,127.00,123.90,126.35,8100,189975
20200123,09:33,126.35,131.10,125.25,127.45,9300,189975
20200123,09:34,128.00,137.00,128.00,136.60,19200,189975
20200123,09:35,137.20,147.55,137.20,147.20,30750,194175
20200123,09:36,148.00,155.55,147.45,155.30,36600,194175
20200123,09:37,155.70,165.00,155.60,164.90,51000,194175
20200123,09:38,164.90,172.20,164.90,171.45,29625,196950
20200123,09:39,172.00,176.40,167.05,168.30,25350,196950
20200123,09:40,168.10,168.10,161.95,163.95,12450,196950
20200123,09:41,164.60,173.75,164.60,170.90,11025,184725
20200123,09:42,171.80,181.35,171.80,175.25,18825,184725
20200123,09:43,175.00,175.55,166.65,167.00,6825,184725
20200123,09:44,167.10,170.85,163.75,163.75,5325,184050
20200123,09:45,165.00,173.00,165.00,172.85,6075,184050
20200123,09:46,171.35,171.35,164.05,165.35,2400,184050
20200123,09:47,165.80,167.60,164.90,164.90,1875,185250
20200123,09:48,165.20,165.75,160.40,161.85,5100,185250
20200123,09:49,162.00,163.50,155.85,157.15,7275,185250
20200123,09:50,158.00,164.00,158.00,163.90,5100,186075
20200123,09:51,164.00,164.00,158.55,161.05,1950,186075
20200123,09:52,160.00,164.25,160.00,160.10,1350,186075
20200123,09:53,160.00,160.60,158.80,159.50,1200,176925
20200123,09:54,160.00,168.30,160.00,168.30,6375,176925
20200123,09:55,168.25,168.30,164.00,164.45,3750,176925
20200123,09:56,164.85,164.85,163.35,164.60,5175,169650
20200123,09:57,164.40,166.20,163.75,165.65,8700,169650
20200123,09:58,164.80,168.00,164.65,167.15,10650,169650
20200123,09:59,167.35,167.35,164.60,165.95,3750,172575
20200123,10:00,166.15,168.00,164.50,164.50,2850,172575
20200123,10:01,164.00,164.20,161.00,163.05,6075,172575
20200123,10:02,164.20,167.50,163.40,167.50,5700,167925
20200123,10:03,168.20,168.20,165.00,166.20,2850,167925
20200123,10:04,163.55,164.55,163.05,164.55,2250,167925
20200123,10:05,165.45,167.00,164.55,164.95,5025,166875
20200123,10:06,163.85,165.00,162.70,162.95,3375,166875
20200123,10:07,163.10,165.40,162.75,163.65,1500,166875
20200123,10:08,165.35,166.10,164.50,164.50,1650,169050
20200123,10:09,165.00,167.00,163.05,167.00,5025,169050
20200123,10:10,167.00,167.50,165.00,165.85,6075,169050
20200123,10:11,165.35,165.95,164.00,164.15,3150,164700
20200123,10:12,163.00,163.00,160.10,161.60,3675,164700
20200123,10:13,162.80,163.00,160.00,163.00,3750,164700
20200123,10:14,162.75,162.75,159.25,161.00,3525,165675
20200123,10:15,160.65,161.20,159.15,160.95,3300,165675
20200123,10:16,160.80,163.95,159.85,163.85,5850,165675
20200123,10:17,163.35,164.40,163.00,163.85,5850,164550
20200123,10:18,163.70,164.80,162.75,163.00,3825,164550
20200123,10:19,164.00,165.00,164.00,164.00,3900,164550
20200123,10:20,162.60,162.60,162.00,162.00,975,160725
20200123,10:21,159.65,160.20,158.00,158.85,1050,160725
20200123,10:22,158.85,160.20,158.85,159.20,2475,160725
20200123,10:23,158.85,159.00,157.65,157.95,3150,162300
20200123,10:24,157.00,159.60,155.95,156.75,2550,162300
20200123,10:25,156.75,158.00,154.90,158.00,2550,162300
20200123,10:26,158.05,158.70,155.85,156.75,2025,162600
20200123,10:27,155.90,157.95,155.90,157.00,1800,162600
20200123,10:28,156.60,156.60,150.00,152.00,8100,162600
20200123,10:29,151.20,151.60,149.00,151.60,2850,163125
20200123,10:30,151.70,154.95,151.00,153.60,1725,163125
20200123,10:31,153.00,153.05,151.45,152.40,8325,163125
20200123,10:32,151.60,152.45,149.00,149.00,1350,158400
20200123,10:33,149.95,150.25,146.55,149.00,3675,158400
20200123,10:34,149.00,150.25,144.50,145.95,7950,158400
20200123,10:35,146.95,148.75,146.30,148.75,6600,155850
20200123,10:36,149.00,150.00,146.30,146.30,3975,155850
20200123,10:37,148.20,150.30,148.20,149.85,1650,155850
20200123,10:38,150.95,150.95,145.85,145.85,4125,161250
20200123,10:39,145.65,145.95,143.40,144.00,2250,161250
20200123,10:40,144.90,145.20,142.70,142.75,2700,161250
20200123,10:41,143.00,143.20,137.70,137.95,6000,162075
20200123,10:42,138.50,139.15,136.00,138.45,2700,162075
20200123,10:43,138.15,141.60,138.15,141.40,2025,162075
20200123,10:44,141.80,143.95,141.80,142.65,2550,159900
20200123,10:45,143.45,143.45,138.00,138.00,3225,159900
20200123,10:46,138.00,138.00,133.80,135.00,6000,159900
20200123,10:47,135.00,136.05,133.50,134.80,2475,156825
20200123,10:48,135.05,136.10,129.35,133.95,9150,156825
20200123,10:49,134.05,136.65,133.00,136.10,2775,156825
20200123,10:50,135.00,137.00,135.00,136.35,4125,159000
20200123,10:51,137.00,138.45,137.00,138.45,2550,159000
20200123,10:52,138.70,140.00,135.00,135.10,5175,159000
20200123,10:53,136.15,136.15,132.70,133.00,3375,157575
20200123,10:54,132.80,133.30,129.20,129.20,5325,157575
20200123,10:55,129.65,134.40,129.65,133.05,1950,157575
20200123,10:56,132.90,132.90,131.35,132.15,1650,154500
20200123,10:57,131.60,132.25,129.70,132.05,3600,154500
20200123,10:58,132.65,133.75,132.00,132.00,1950,154500
20200123,10:59,131.75,134.80,131.75,134.10,975,156225
20200123,11:00,133.20,134.35,132.30,132.45,2850,156225
20200123,11:01,132.00,132.00,124.25,127.30,8025,156225
20200123,11:02,127.25,129.00,123.95,125.40,9375,156525
20200123,11:03,126.45,127.10,123.30,124.45,7950,156525
20200123,11:04,124.15,127.30,122.35,125.50,5475,156525
20200123,11:05,126.50,126.60,121.40,123.55,7950,155925
20200123,11:06,123.35,126.10,123.05,125.60,3000,155925
20200123,11:07,125.90,126.45,124.55,126.00,1575,155925
20200123,11:08,125.30,125.30,119.60,119.70,5025,153900
20200123,11:09,119.70,122.20,118.30,122.20,5025,153900
20200123,11:10,120.45,121.95,119.75,120.90,4275,153900
20200123,11:11,121.45,122.65,111.40,115.25,21150,159150
20200123,11:12,114.80,114.80,109.10,111.90,24675,159150
20200123,11:13,112.25,114.60,110.70,114.60,7200,159150
20200123,11:14,114.35,115.00,112.00,114.35,8550,159750
20200123,11:15,114.40,114.45,108.20,109.45,12975,159750
20200123,11:16,108.50,111.50,107.60,110.75,5175,159750
20200123,11:17,111.20,115.30,111.20,115.30,6150,157950
20200123,11:18,115.75,117.70,114.70,117.10,4500,157950
20200123,11:19,118.65,120.75,118.65,119.60,6225,157950
20200123,11:20,120.50,120.60,118.00,120.60,4575,158100
20200123,11:21,121.55,125.30,120.80,124.65,7575,158100
20200123,11:22,125.70,125.70,123.00,123.25,5475,158100
20200123,11:23,125.00,125.50,124.10,124.10,2775,154500
20200123,11:24,125.50,126.35,125.00,125.55,3000,154500
20200123,11:25,126.15,129.25,125.00,125.00,9675,154500
20200123,11:26,123.45,125.40,123.45,125.15,1875,153450
20200123,11:27,125.15,126.35,121.95,122.05,3150,153450
20200123,11:28,121.50,123.00,121.30,122.35,2475,153450
20200123,11:29,121.35,122.65,120.60,122.65,1950,153075
20200123,11:30,122.65,125.65,121.05,124.90,2775,153075
20200123,11:31,123.95,125.30,123.95,124.35,1200,153075
20200123,11:32,125.25,127.00,124.20,124.20,2775,152625
20200123,11:33,123.50,123.50,121.60,121.60,1875,152625
20200123,11:34,123.55,123.55,120.85,120.90,2025,152625
20200123,11:35,121.70,125.30,121.70,125.30,900,152625
20200123,11:36,126.00,126.50,124.65,125.85,3975,152625
20200123,11:37,125.80,129.30,125.80,128.25,5100,152625
20200123,11:38,128.30,135.85,128.30,135.00,16875,152100
20200123,11:39,135.55,135.55,131.85,132.55,4650,152100
20200123,11:40,132.50,135.50,132.15,135.50,4125,152100
20200123,11:41,135.60,139.30,134.10,137.85,5775,151350
20200123,11:42,138.05,138.05,134.00,134.25,4275,151350
20200123,11:43,135.00,135.25,131.90,132.35,3150,151350
20200123,11:44,131.55,134.10,131.55,133.75,2550,149850
20200123,11:45,135.05,136.50,134.45,134.45,2100,149850
20200123,11:46,134.20,134.75,131.55,132.00,3300,149850
20200123,11:47,131.00,132.65,130.45,132.60,1275,150075
20200123,11:48,131.90,131.90,130.60,130.60,1200,150075
20200123,11:49,130.05,133.35,130.05,133.35,1725,150075
20200123,11:50,133.40,134.10,133.40,134.10,1275,150075
20200123,11:51,133.65,136.20,133.65,135.50,1575,148875
20200123,11:52,135.00,136.15,134.65,134.65,6225,148875
20200123,11:53,133.85,133.85,133.65,133.65,825,148875
20200123,11:54,134.15,135.40,134.15,135.40,750,151650
20200123,11:55,135.50,138.25,135.20,135.20,4500,151650
20200123,11:56,134.55,134.70,133.15,133.15,1125,151125
20200123,11:57,133.05,133.05,131.35,132.70,2550,151125
20200123,11:58,134.00,134.00,131.60,133.20,7875,151125
20200123,11:59,133.60,134.05,132.10,132.10,13800,148125
20200123,12:00,131.85,134.00,131.85,133.10,12975,148125
20200123,12:01,133.35,133.35,129.00,129.45,10200,148125
20200123,12:02,130.70,130.70,126.55,128.45,3000,148350
20200123,12:03,127.75,128.95,127.00,127.40,2775,148350
20200123,12:04,126.90,128.70,126.90,128.35,1200,148350
20200123,12:05,128.90,131.20,128.90,130.00,2100,147675
20200123,12:06,130.00,131.00,130.00,130.00,1425,147675
20200123,12:07,129.20,130.00,129.20,130.00,225,147675
20200123,12:08,129.20,129.20,125.50,125.95,2250,148800
20200123,12:09,125.95,127.50,125.10,127.00,4650,148800
20200123,12:10,126.60,127.90,126.60,127.75,1050,148800
20200123,12:11,128.00,130.25,128.00,130.25,825,147000
20200123,12:12,130.15,130.70,129.80,129.80,1575,147000
20200123,12:13,131.00,131.20,130.05,130.05,825,147000
20200123,12:14,130.00,139.40,130.00,138.90,9750,146925
20200123,12:15,138.20,151.10,138.20,148.60,28650,146925
20200123,12:16,149.00,154.30,148.80,150.95,22650,146925
20200123,12:17,150.40,151.45,148.05,150.10,11025,144675
20200123,12:18,150.15,157.00,150.15,154.85,7650,144675
20200123,12:19,154.60,157.00,152.40,155.40,8625,144675
20200123,12:20,156.20,156.75,151.00,151.25,3975,144600
20200123,12:21,151.25,151.50,147.20,149.95,6375,144600
20200123,12:22,149.35,151.55,149.35,150.00,3300,144600
20200123,12:23,149.90,150.80,149.80,149.80,975,144600
20200123,12:24,150.00,150.65,148.30,150.65,2700,143925
20200123,12:25,147.80,147.80,145.00,145.00,3225,143925
20200123,12:26,145.00,147.35,144.70,147.35,2100,140625
20200123,12:27,145.90,151.05,145.90,151.05,6600,140625
20200123,12:28,151.25,151.25,148.85,149.00,1650,140625
20200123,12:29,149.35,152.45,149.35,150.65,4350,138600
20200123,12:30,151.40,154.40,150.15,151.55,5100,138600
20200123,12:31,151.45,152.35,150.85,150.85,2700,138600
20200123,12:32,147.70,154.65,147.70,154.30,4650,139200
20200123,12:33,153.00,160.65,153.00,159.15,14925,139200
20200123,12:34,158.50,164.10,158.50,164.10,12675,139200
20200123,12:35,164.00,172.45,164.00,172.45,16650,140850
20200123,12:36,171.40,175.15,168.00,168.00,20025,140850
20200123,12:37,167.90,172.30,166.40,169.60,9450,140850
20200123,12:38,169.00,170.40,167.75,169.75,5700,141300
20200123,12:39,172.00,172.65,169.50,169.50,2775,141300
20200123,12:40,168.30,173.15,167.55,167.55,10050,141300
20200123,12:41,167.90,168.25,161.90,165.55,5550,143400
20200123,12:42,165.00,166.85,163.65,165.45,2925,143400
20200123,12:43,165.25,166.65,164.10,166.65,1725,143400
20200123,12:44,166.95,167.80,165.50,166.00,3450,138975
20200123,12:45,165.05,170.75,165.05,168.70,4875,138975
20200123,12:46,167.50,167.50,164.95,166.00,1950,138975
20200123,12:47,168.00,168.00,165.45,165.45,1350,140025
20200123,12:48,165.25,165.60,163.90,164.45,2100,140025
20200123,12:49,163.65,165.00,161.15,161.15,4875,140025
20200123,12:50,161.05,164.20,159.90,164.20,3975,140025
20200123,12:51,164.00,164.00,161.60,161.75,1725,138450
20200123,12:52,162.10,166.00,160.10,165.30,600,138450
20200123,12:53,166.65,166.65,164.30,166.65,1275,138450
20200123,12:54,166.50,166.50,165.00,165.35,300,129900
20200123,12:55,165.75,168.00,165.75,167.65,1050,129900
20200123,12:56,169.85,170.25,168.50,169.60,3150,125025
20200123,12:57,171.00,171.00,166.25,168.35,2550,125025
20200123,12:58,168.00,168.00,166.60,166.60,2775,125025
20200123,12:59,168.30,172.20,168.30,170.75,3900,124800
20200123,13:00,170.60,176.15,170.60,174.55,11925,124800
20200123,13:01,174.00,175.00,172.25,173.50,975,124800
20200123,13:02,173.05,173.05,169.35,171.30,2625,124800
20200123,13:03,174.15,175.60,173.00,174.55,3000,121950
20200123,13:04,174.55,175.40,171.30,171.30,3150,121950
20200123,13:05,171.20,173.35,170.65,173.35,1425,121950
20200123,13:06,174.15,174.75,171.05,171.50,2025,121500
20200123,13:07,173.10,176.55,170.65,175.20,4575,121500
20200123,13:08,174.60,178.35,174.10,175.65,3975,121500
20200123,13:09,175.95,183.40,175.95,182.45,9000,119850
20200123,13:10,182.20,183.45,178.30,178.60,19200,119850
20200123,13:11,178.55,180.60,178.00,180.10,5775,119850
20200123,13:12,179.65,184.35,179.65,182.35,5325,129600
20200123,13:13,182.00,182.20,179.65,180.65,2550,129600
20200123,13:14,181.00,183.45,181.00,183.45,1125,129600
20200123,13:15,183.45,188.50,183.40,187.30,14700,127200
20200123,13:16,188.00,193.95,187.05,192.45,11175,127200
20200123,13:17,190.90,190.90,187.65,189.05,2775,127200
20200123,13:18,188.30,189.20,185.35,185.85,4350,119325
20200123,13:19,186.00,186.00,182.50,182.80,6750,119325
20200123,13:20,182.15,183.15,178.15,178.15,6225,119325
20200123,13:21,176.85,178.45,176.45,177.50,825,115125
20200123,13:22,178.25,179.05,175.30,175.30,2550,115125
20200123,13:23,175.75,177.40,174.95,177.40,1500,115125
20200123,13:24,180.30,182.00,179.40,181.00,4500,117225
20200123,13:25,181.45,182.00,181.45,182.00,375,117225
20200123,13:26,182.00,182.00,180.70,180.70,1200,117225
20200123,13:27,180.00,180.60,178.95,180.60,1125,117750
20200123,13:28,182.00,182.90,180.25,180.25,1050,117750
20200123,13:29,180.30,181.05,178.55,178.55,300,117750
20200123,13:30,178.25,180.00,178.25,178.60,1500,113775
20200123,13:31,178.20,178.60,178.20,178.60,825,113775
20200123,13:32,178.00,178.10,171.40,172.00,2475,113775
20200123,13:33,171.85,176.50,171.85,173.75,900,109425
20200123,13:34,174.70,174.70,174.05,174.05,900,109425
20200123,13:35,175.00,182.00,175.00,182.00,1125,109425
20200123,13:36,179.30,179.30,177.05,177.05,150,109425
20200123,13:37,177.15,177.15,175.00,175.00,450,109425
20200123,13:38,175.90,177.15,175.00,175.00,375,109425
20200123,13:39,175.05,176.20,175.05,176.05,375,109275
20200123,13:40,176.80,176.80,175.85,175.85,225,109275
20200123,13:41,177.00,179.00,175.75,176.55,15000,109275
20200123,13:42,175.75,177.60,175.75,176.95,11400,123000
20200123,13:43,176.00,177.45,175.75,176.95,13050,123000
20200123,13:44,177.00,177.00,173.00,173.30,11100,123000
20200123,13:45,174.50,175.00,174.50,175.00,525,151575
20200123,13:46,174.70,175.80,174.70,175.00,450,151575
20200123,13:47,172.00,174.70,171.70,174.70,2250,151575
20200123,13:48,174.85,174.85,174.05,174.05,150,151875
20200123,13:49,173.85,174.45,173.75,174.45,375,151875
20200123,13:50,175.00,177.35,174.20,177.35,1800,151875
20200123,13:51,178.00,178.00,176.00,176.00,375,151350
20200123,13:52,175.00,175.40,173.90,173.90,300,151350
20200123,13:53,174.70,174.70,174.70,174.70,150,151350
20200123,13:54,177.00,177.00,177.00,177.00,75,150825
20200123,13:55,176.45,176.45,175.05,175.05,375,150825
20200123,13:56,175.20,175.20,173.15,173.25,1050,150825
20200123,13:57,175.85,175.85,175.85,175.85,75,150225
20200123,13:58,172.00,172.00,172.00,172.00,825,150225
20200123,13:59,170.20,170.20,165.25,167.50,4725,150225
20200123,14:00,166.90,171.45,166.90,170.55,1875,149400
20200123,14:01,170.00,170.00,168.35,168.35,600,149400
20200123,14:02,167.95,168.90,167.25,167.35,3450,149400
20200123,14:03,166.95,170.30,166.95,169.05,675,149925
20200123,14:04,170.40,172.00,170.40,172.00,1200,149925
20200123,14:05,173.40,177.70,173.40,177.00,1350,149925
20200123,14:06,177.05,179.50,177.05,178.10,2025,149250
20200123,14:07,177.00,177.00,176.00,176.00,450,149250
20200123,14:08,175.90,176.00,174.75,174.75,2025,149250
20200123,14:09,174.00,175.00,172.65,173.30,975,150450
20200123,14:10,173.90,174.15,171.70,171.70,375,150450
20200123,14:11,172.10,173.45,171.70,171.70,1725,150450
20200123,14:12,173.15,173.30,170.05,170.80,3375,151650
20200123,14:13,171.60,173.30,170.45,170.45,1050,151650
20200123,14:14,170.70,172.65,170.60,170.60,3000,151650
20200123,14:15,171.55,172.40,171.45,171.45,300,145125
20200123,14:16,171.95,172.70,170.35,170.40,2700,145125
20200123,14:17,166.05,170.25,166.05,170.25,1950,145125
20200123,14:18,171.90,175.15,171.90,174.10,2550,142875
20200123,14:19,173.00,175.20,173.00,174.75,525,142875
20200123,14:20,174.55,176.75,174.55,176.00,3375,142875
20200123,14:21,176.00,176.40,175.80,175.80,225,143475
20200123,14:22,174.00,177.00,174.00,177.00,1125,143475
20200123,14:23,176.95,176.95,175.30,176.25,1500,143475
20200123,14:24,176.30,176.30,169.00,169.50,7350,140625
20200123,14:25,170.70,171.80,170.35,171.80,2775,140625
20200123,14:26,171.30,171.30,169.80,170.30,975,140625
20200123,14:27,171.75,173.60,171.50,171.70,1500,138375
20200123,14:28,171.95,173.85,171.95,171.95,1050,138375
20200123,14:29,172.00,172.00,170.80,171.55,1200,138375
20200123,14:30,172.55,172.70,163.50,164.35,6825,137475
20200123,14:31,164.20,169.05,164.20,168.20,5025,137475
20200123,14:32,168.25,169.85,168.20,168.50,825,137475
20200123,14:33,168.20,172.95,168.20,171.00,2925,136050
20200123,14:34,171.00,171.00,170.10,170.10,300,136050
20200123,14:35,169.95,170.10,169.45,170.10,300,136050
20200123,14:36,170.80,170.80,168.55,170.20,525,135900
20200123,14:37,172.05,175.10,172.05,175.00,3150,135900
20200123,14:38,174.20,174.20,172.60,173.45,900,135900
20200123,14:39,173.55,176.70,173.00,176.20,2850,135900
20200123,14:41,174.05,178.00,174.05,176.80,3300,135900
20200123,14:42,176.70,176.70,172.95,173.35,3675,136725
20200123,14:43,173.15,173.15,168.25,168.45,8775,136725
20200123,14:44,167.95,171.50,167.55,169.15,2925,136725
20200123,14:45,168.95,168.95,165.50,167.00,1425,138825
20200123,14:46,165.75,166.00,163.40,165.70,3225,138825
20200123,14:47,165.15,170.00,165.15,169.40,2475,138825
20200123,14:48,170.15,170.15,169.00,170.00,975,137625
20200123,14:49,170.40,170.40,167.80,167.80,150,137625
20200123,14:50,169.65,170.35,169.65,170.00,450,137625
20200123,14:51,170.25,171.35,170.00,170.30,900,137550
20200123,14:52,169.00,169.00,165.65,166.85,825,137550
20200123,14:53,166.85,168.15,165.60,165.60,375,137550
20200123,14:54,166.90,167.50,165.35,167.50,1650,135600
20200123,14:55,168.10,168.95,167.50,168.55,1350,135600
20200123,14:56,166.65,168.60,166.65,167.90,2250,135600
20200123,14:57,164.30,164.30,159.90,159.90,4425,135300
20200123,14:58,163.35,170.00,163.35,170.00,825,135300
20200123,14:59,169.45,171.20,169.45,170.35,4725,135300
20200123,15:00,169.50,182.05,168.75,181.00,28650,136725
20200123,15:01,177.95,181.00,176.25,181.00,2700,136725
20200123,15:02,178.55,178.55,177.35,178.50,450,136725
20200123,15:03,179.45,183.15,179.45,180.00,7050,135375
20200123,15:04,179.30,183.50,178.00,183.50,3150,135375
20200123,15:05,182.65,184.75,181.55,183.60,6675,135375
20200123,15:06,184.60,185.15,181.50,181.55,4875,132900
20200123,15:07,181.90,184.00,181.90,183.80,5850,132900
20200123,15:08,183.80,184.50,180.80,181.35,6900,132900
20200123,15:09,181.55,183.05,181.55,182.10,18600,131175
20200123,15:10,182.95,184.30,181.70,183.15,19050,131175
20200123,15:11,183.75,184.65,181.50,181.60,16650,131175
20200123,15:12,182.25,183.05,181.70,182.55,7725,128925
20200123,15:13,184.20,184.30,182.30,182.30,8550,128925
20200123,15:14,182.75,183.00,180.75,180.75,1800,128925
20200123,15:15,181.10,181.70,181.00,181.15,2025,122175
20200123,15:16,181.00,181.00,179.20,179.20,2175,122175
20200123,15:17,179.70,180.55,179.30,179.90,4050,122175
20200123,15:18,179.95,180.00,179.45,179.45,10050,121275
20200123,15:19,179.70,180.00,179.00,179.80,23400,121275
20200123,15:20,179.40,181.05,179.40,180.65,10500,121275
20200123,15:21,180.60,181.20,180.00,180.15,2100,119175
20200123,15:22,179.70,180.00,179.70,180.00,1725,119175
20200123,15:23,179.35,179.50,178.60,179.15,6975,119175
20200123,15:24,179.30,180.00,179.25,179.35,7725,112875
20200123,15:25,179.20,180.25,179.20,180.20,3825,112875
20200123,15:26,179.85,180.30,179.70,179.90,2250,112875
20200123,15:27,179.85,180.25,179.70,179.95,6900,106575
20200123,15:28,179.95,180.10,179.80,180.05,2925,106575
20200123,15:29,180.05,180.45,180.00,180.05,4725,106575
