20200416,12:25,221.50,221.50,221.50,221.50,301,300
20200416,12:34,205.00,205.00,197.85,197.85,150,300
20200416,12:36,197.85,197.85,192.15,192.15,375,375
20200416,12:38,192.15,192.15,192.15,192.15,75,375
20200416,12:43,200.00,200.00,200.00,200.00,75,375
20200416,12:51,192.30,192.30,192.30,192.30,75,450
20200416,12:52,195.05,195.05,195.05,195.05,75,450
20200416,12:55,204.80,204.80,204.80,204.80,75,600
20200416,12:56,198.05,198.05,198.05,198.05,75,600
20200416,12:57,198.05,198.05,198.05,198.05,75,750
20200416,12:59,203.55,203.55,203.55,203.55,75,750
20200416,13:04,214.00,214.00,214.00,214.00,75,750
20200416,13:06,220.90,220.90,220.90,220.90,75,900
20200416,13:07,214.90,214.90,214.90,214.90,75,900
20200416,13:08,205.00,208.00,203.55,208.00,300,900
20200416,13:09,209.90,209.90,209.90,209.90,75,975
20200416,13:11,205.00,205.00,205.00,205.00,75,975
20200416,13:12,200.00,200.00,200.00,200.00,150,975
20200416,13:15,208.00,208.00,208.00,208.00,225,1425
20200416,13:16,203.15,203.15,203.15,203.15,150,1425
20200416,13:18,203.15,203.15,203.15,203.15,75,1350
20200416,13:20,209.00,209.00,209.00,209.00,75,1350
20200416,13:22,209.00,245.00,209.00,245.00,450,1425
20200416,13:23,245.00,245.00,211.20,211.20,150,1575
20200416,13:24,211.20,217.25,211.20,217.25,225,1575
20200416,13:25,214.25,214.25,214.25,214.25,75,1575
20200416,13:26,212.40,212.40,212.40,212.40,75,1575
20200416,13:27,212.00,212.00,208.50,208.55,600,1650
20200416,13:28,208.45,208.45,208.45,208.45,75,1650
20200416,13:31,205.00,208.05,205.00,208.05,150,1275
20200416,13:39,224.10,224.10,212.60,220.90,1500,1425
20200416,13:40,220.00,220.00,220.00,220.00,150,1425
20200416,13:41,215.00,215.00,215.00,215.00,150,1425
20200416,13:42,212.15,212.15,212.15,212.15,75,2850
20200416,13:43,212.00,212.00,212.00,212.00,1275,2850
20200416,13:45,209.00,209.00,208.00,208.00,225,2700
20200416,13:48,210.00,210.00,210.00,210.00,150,2700
20200416,13:49,205.00,205.00,205.00,205.00,75,3075
20200416,13:52,203.90,203.90,203.90,203.90,75,3150
20200416,13:53,202.80,202.80,202.80,202.80,75,3150
20200416,13:54,205.05,205.05,205.05,205.05,75,3150
20200416,13:55,205.05,205.05,202.00,202.00,450,3150
20200416,13:59,202.00,202.00,202.00,202.00,75,3675
20200416,14:00,202.00,202.00,202.00,202.00,75,3750
20200416,14:02,201.85,201.85,201.85,201.85,75,3750
20200416,14:04,200.05,200.05,196.15,196.15,150,3900
20200416,14:07,200.85,200.85,200.85,200.85,225,3825
20200416,14:10,195.75,195.75,195.75,195.75,75,3825
20200416,14:13,200.00,200.00,200.00,200.00,75,3825
20200416,14:14,200.00,200.00,200.00,200.00,150,3900
20200416,14:15,205.80,205.80,205.80,205.80,150,4125
20200416,14:18,208.00,208.00,201.05,201.05,375,4350
20200416,14:20,213.70,213.70,213.70,213.70,75,4350
20200416,14:21,205.10,205.10,205.10,205.10,75,4425
20200416,14:22,205.85,206.00,205.85,206.00,150,4425
20200416,14:24,208.40,208.40,208.40,208.40,75,4575
20200416,14:25,206.40,206.40,206.40,206.40,75,4575
20200416,14:26,208.40,224.00,202.00,224.00,525,4575
20200416,14:27,220.00,220.00,220.00,220.00,150,4425
20200416,14:31,219.00,219.00,219.00,219.00,75,4575
20200416,14:32,204.35,210.00,204.35,210.00,300,4575
20200416,14:34,202.00,202.00,202.00,202.00,75,4575
20200416,14:35,200.00,200.00,200.00,200.00,225,4575
20200416,14:36,200.00,200.00,200.00,200.00,150,4500
20200416,14:39,200.05,211.35,200.05,207.30,525,4575
20200416,14:40,209.95,209.95,205.90,205.90,150,4575
20200416,14:42,205.35,205.35,205.35,205.35,75,4800
20200416,14:43,205.35,205.35,205.35,205.35,75,4800
20200416,14:45,202.00,202.00,202.00,202.00,150,4800
20200416,14:46,207.50,207.50,207.50,207.50,75,4800
20200416,14:48,200.00,200.00,200.00,200.00,300,4800
20200416,14:54,206.00,206.00,206.00,206.00,75,4800
20200416,14:55,210.05,210.05,210.05,210.05,75,4950
20200416,14:56,192.10,192.10,192.10,192.10,75,4950
20200416,14:57,192.10,201.00,192.10,201.00,225,5175
20200416,14:58,196.95,196.95,192.00,192.00,150,5175
20200416,14:59,192.00,192.00,192.00,192.00,75,5175
20200416,15:00,181.75,181.75,181.75,181.75,75,5400
20200416,15:01,172.60,172.60,172.60,172.60,150,5400
20200416,15:02,179.35,179.35,173.35,173.35,150,5400
20200416,15:03,178.60,178.60,169.20,169.20,450,5475
20200416,15:04,181.00,181.00,181.00,181.00,75,5475
20200416,15:05,180.95,180.95,180.95,180.95,75,5475
20200416,15:07,171.25,171.25,171.25,171.25,75,5325
20200416,15:08,180.95,180.95,180.95,180.95,75,5325
20200416,15:11,185.95,192.00,185.95,192.00,225,5325
20200416,15:12,192.00,195.75,192.00,195.75,150,5250
20200416,15:13,185.00,185.00,185.00,185.00,450,5250
20200416,15:14,184.60,184.60,184.60,184.60,75,5250
20200416,15:15,184.55,184.55,184.55,184.55,150,5250
20200416,15:16,193.70,193.70,193.70,193.70,75,5700
20200416,15:17,184.60,184.60,184.60,184.60,75,5700
20200416,15:18,191.95,191.95,191.95,191.95,75,5775
20200416,15:19,192.00,195.80,192.00,195.80,375,5775
20200416,15:20,196.35,196.35,196.35,196.35,150,5775
20200416,15:21,194.65,194.65,194.65,194.65,75,5925
20200416,15:22,196.35,203.80,196.00,196.00,750,5925
20200416,15:23,203.00,205.90,201.00,204.55,675,5925
20200416,15:24,203.55,203.55,196.50,196.50,300,6900
20200416,15:25,197.35,200.10,197.35,200.05,525,6900
20200416,15:26,197.90,200.00,197.90,198.00,825,6900
20200416,15:27,199.50,199.50,198.00,198.00,225,8400
20200416,15:28,200.00,204.95,200.00,204.95,225,8400
20200416,15:29,193.45,211.90,185.00,185.00,600,8400
20200416,15:30,192.20,192.20,192.20,192.20,75,8400
20200417,09:15,270.00,386.90,270.00,317.95,1576,8700
20200417,09:16,334.30,350.00,331.40,344.95,1200,8700
20200417,09:17,331.40,331.40,323.00,323.00,750,9075
20200417,09:18,324.25,330.00,324.25,330.00,675,9075
20200417,09:19,330.00,330.00,323.95,323.95,225,9075
20200417,09:20,323.95,325.00,317.90,325.00,600,8700
20200417,09:21,331.70,347.20,331.70,347.05,375,8700
20200417,09:22,347.05,347.05,340.00,340.00,525,8700
20200417,09:23,340.75,350.00,340.75,350.00,675,8625
20200417,09:24,348.10,348.10,348.10,348.10,75,8625
20200417,09:25,337.70,337.70,337.40,337.40,225,8625
20200417,09:26,344.85,345.00,344.85,345.00,150,8325
20200417,09:28,335.00,337.40,335.00,337.40,225,8325
20200417,09:29,342.15,351.25,342.15,351.25,675,8250
20200417,09:30,355.10,359.65,354.50,354.50,525,8250
20200417,09:32,346.15,346.15,346.15,346.15,75,8625
20200417,09:33,342.35,342.35,342.35,342.35,75,8625
20200417,09:34,343.65,343.65,343.65,343.65,375,8625
20200417,09:35,343.85,345.00,343.85,345.00,300,8250
20200417,09:36,345.00,346.45,345.00,346.45,150,8250
20200417,09:37,343.00,343.00,343.00,343.00,75,8250
20200417,09:38,341.35,344.60,340.75,344.60,300,7950
20200417,09:39,344.60,345.00,344.00,344.00,600,7950
20200417,09:40,344.20,348.05,344.20,348.05,450,7950
20200417,09:41,339.40,340.10,339.40,340.10,300,8025
20200417,09:42,337.85,342.05,333.85,342.05,375,8025
20200417,09:43,341.90,343.75,341.90,343.75,450,8025
20200417,09:48,346.75,352.35,346.75,352.35,375,8325
20200417,09:49,354.15,356.00,351.35,351.35,675,8325
20200417,09:50,350.60,351.00,350.60,351.00,225,8325
20200417,09:51,350.00,350.00,350.00,350.00,75,8325
20200417,09:52,345.10,350.00,345.10,350.00,150,8325
20200417,09:53,347.70,350.85,347.70,350.85,450,8250
20200417,09:54,344.10,344.10,344.10,344.10,75,8250
20200417,09:55,332.50,332.50,331.90,331.90,525,8250
20200417,09:56,325.00,325.00,318.45,318.45,300,8250
20200417,09:57,330.00,330.00,330.00,330.00,75,8250
20200417,09:58,333.10,333.10,333.10,333.10,75,8250
20200417,10:02,335.00,340.00,335.00,340.00,150,8250
20200417,10:03,342.85,342.85,340.00,340.00,225,8250
20200417,10:08,339.65,339.65,339.65,339.65,75,8250
20200417,10:09,334.00,334.00,334.00,334.00,75,8250
20200417,10:12,314.45,320.00,314.45,320.00,300,8325
20200417,10:14,314.80,314.80,314.80,314.80,150,8250
20200417,10:17,312.00,312.00,312.00,312.00,150,8100
20200417,10:18,319.70,319.70,319.65,319.65,150,8100
20200417,10:19,330.65,330.65,328.85,328.85,375,8100
20200417,10:20,325.00,325.00,325.00,325.00,75,7875
20200417,10:23,315.65,315.65,315.65,315.65,75,7875
20200417,10:29,300.00,300.00,295.50,295.50,375,7875
20200417,10:30,295.85,295.85,295.85,295.85,75,7875
20200417,10:33,295.85,295.85,267.85,274.00,525,7875
20200417,10:35,262.95,263.95,262.95,263.95,1050,8700
20200417,10:36,266.85,271.30,266.85,271.30,375,8700
20200417,10:37,274.00,275.00,274.00,274.85,300,8700
20200417,10:38,278.00,278.10,277.65,278.10,300,8700
20200417,10:39,278.10,280.00,275.35,276.40,750,8700
20200417,10:40,274.00,275.50,274.00,275.50,225,8700
20200417,10:41,285.00,298.00,285.00,298.00,750,8625
20200417,10:42,297.30,309.45,297.30,308.45,1350,8625
20200417,10:45,276.00,276.00,276.00,276.00,75,9750
20200417,10:48,270.65,270.65,254.70,254.70,1050,9825
20200417,10:49,262.30,267.15,262.30,267.15,300,9825
20200417,10:51,260.20,261.85,258.95,258.95,375,9525
20200417,10:52,248.75,257.05,248.75,257.05,225,9525
20200417,10:53,261.00,261.00,261.00,261.00,600,9525
20200417,10:54,265.05,265.05,265.05,265.05,150,9600
20200417,10:56,271.70,271.70,271.70,271.70,75,9600
20200417,10:57,275.00,275.00,275.00,275.00,3975,9450
20200417,10:59,279.40,281.25,279.40,281.25,225,12675
20200417,11:00,283.90,287.35,283.90,287.35,150,12675
20200417,11:01,283.05,283.05,283.05,283.05,75,12675
20200417,11:02,284.10,284.10,284.10,284.10,75,12675
20200417,11:03,281.15,281.15,281.15,281.15,75,12225
20200417,11:04,281.15,281.15,281.15,281.15,75,12225
20200417,11:06,269.75,269.75,269.75,269.75,75,12300
20200417,11:07,276.45,276.45,276.45,276.45,150,12300
20200417,11:09,285.15,285.15,281.00,281.00,225,12300
20200417,11:10,289.80,289.80,289.80,289.80,150,12300
20200417,11:11,291.15,291.15,291.15,291.15,75,12300
20200417,11:12,289.60,289.60,289.60,289.60,75,12300
20200417,11:13,285.00,285.00,285.00,285.00,75,12525
20200417,11:16,297.45,297.45,297.45,297.45,75,12525
20200417,11:18,300.00,302.60,300.00,302.35,300,12600
20200417,11:19,300.00,300.35,300.00,300.35,150,12600
20200417,11:20,298.65,298.65,298.65,298.65,75,12600
20200417,11:23,292.00,292.00,292.00,292.00,300,12825
20200417,11:25,284.05,284.05,284.05,284.05,75,12825
20200417,11:27,282.95,282.95,282.95,282.95,75,12525
20200417,11:28,271.55,272.85,271.55,272.85,450,12525
20200417,11:30,283.05,290.00,283.05,290.00,375,12300
20200417,11:33,272.10,272.10,272.10,272.10,75,12375
20200417,11:34,269.35,269.35,269.35,269.35,75,12375
20200417,11:36,270.00,270.00,270.00,270.00,75,12375
20200417,11:39,262.00,262.00,262.00,262.00,75,12450
20200417,11:41,269.45,269.45,269.45,269.45,225,12450
20200417,11:43,270.60,270.60,270.60,270.60,75,12675
20200417,11:45,258.15,258.15,258.15,258.15,225,12750
20200417,11:46,257.30,257.30,254.10,254.10,150,12750
20200417,11:47,251.70,252.30,251.70,252.25,225,12750
20200417,11:48,257.60,257.60,257.60,257.60,150,12675
20200417,11:49,252.00,252.00,252.00,252.00,225,12675
20200417,11:50,246.55,246.55,246.55,246.55,75,12600
20200417,11:51,245.65,245.65,245.65,245.65,75,12600
20200417,11:53,245.65,245.65,245.65,245.65,75,12750
20200417,11:55,252.40,254.30,252.40,254.30,225,12750
20200417,11:56,251.90,251.90,250.00,250.80,225,12750
20200417,11:57,235.00,235.00,226.15,226.15,1575,12675
20200417,11:58,229.00,229.00,229.00,229.00,75,12675
20200417,11:59,225.90,225.90,225.55,225.55,225,12675
20200417,12:02,221.45,221.70,219.85,219.85,600,12300
20200417,12:03,219.85,225.00,219.85,225.00,150,12375
20200417,12:04,229.75,229.75,229.75,229.75,75,12375
20200417,12:05,229.75,233.45,229.75,230.45,300,12600
20200417,12:06,224.50,225.80,224.50,225.80,150,12600
20200417,12:07,230.85,230.85,228.80,230.20,225,12600
20200417,12:08,230.20,230.20,227.65,227.65,300,12300
20200417,12:09,227.65,233.40,227.65,232.60,450,12300
20200417,12:10,234.95,234.95,234.95,234.95,75,12300
20200417,12:11,239.65,239.65,237.20,237.25,375,12675
20200417,12:12,236.25,237.00,236.25,237.00,225,12675
20200417,12:13,237.00,238.20,237.00,238.20,225,12675
20200417,12:14,237.00,237.00,237.00,237.00,75,12675
20200417,12:15,238.20,238.20,237.00,237.00,225,12525
20200417,12:16,236.45,236.45,236.45,236.45,75,12525
20200417,12:17,236.45,238.45,236.45,238.45,150,12675
20200417,12:18,238.60,238.60,237.25,238.20,525,12675
20200417,12:19,240.00,245.40,240.00,245.40,375,12675
20200417,12:20,245.70,249.50,245.70,249.50,225,12975
20200417,12:21,250.10,251.10,249.00,251.10,375,12975
20200417,12:22,247.00,247.00,242.95,242.95,150,12975
20200417,12:23,242.35,242.35,241.20,242.35,225,13050
20200417,12:26,242.35,242.35,242.35,242.35,900,13050
20200417,12:27,242.30,242.30,242.30,242.30,75,14025
20200417,12:28,243.00,243.00,242.30,242.30,150,14025
20200417,12:30,239.00,239.00,239.00,239.00,75,14175
20200417,12:31,239.00,239.00,239.00,239.00,75,14175
20200417,12:32,236.85,236.85,226.40,229.50,1275,14175
20200417,12:34,227.00,230.50,227.00,230.50,375,13125
20200417,12:35,228.75,228.75,228.00,228.00,150,13125
20200417,12:37,233.95,233.95,233.95,233.95,75,13200
20200417,12:38,236.65,239.65,236.65,239.65,225,13200
20200417,12:40,239.25,239.25,239.25,239.25,150,13500
20200417,12:41,235.00,235.35,235.00,235.35,150,13500
20200417,12:45,250.00,256.95,250.00,256.95,750,13275
20200417,12:46,260.20,260.20,257.50,257.50,450,13275
20200417,12:48,257.00,261.45,257.00,260.10,600,13350
20200417,12:49,259.65,259.65,259.65,259.65,150,13350
20200417,12:50,257.00,257.00,254.00,254.00,225,13350
20200417,12:51,250.00,262.75,250.00,262.75,225,13575
20200417,12:52,260.05,260.05,258.25,258.25,150,13575
20200417,12:53,260.20,260.90,260.20,260.90,225,13575
20200417,12:54,263.75,266.00,263.75,266.00,525,13500
20200417,12:55,267.65,271.70,267.65,271.70,375,13500
20200417,12:56,272.55,274.20,270.70,270.70,675,13950
20200417,12:57,273.60,273.60,273.60,273.60,75,13950
20200417,12:58,274.05,274.05,272.05,272.05,300,13950
20200417,12:59,270.85,270.85,270.85,270.85,225,13950
20200417,13:00,271.25,271.25,264.90,264.90,150,13500
20200417,13:01,261.65,261.65,257.40,257.40,150,13500
20200417,13:04,263.60,263.60,263.60,263.60,375,13275
20200417,13:06,249.50,252.95,249.50,252.95,525,13125
20200417,13:07,256.80,256.80,256.80,256.80,75,13125
20200417,13:08,256.30,256.30,256.30,256.30,75,13125
20200417,13:10,257.40,257.40,255.05,255.05,150,13125
20200417,13:12,251.20,251.20,250.95,250.95,150,13200
20200417,13:13,245.85,245.85,239.55,239.55,1125,13200
20200417,13:15,232.25,233.90,230.00,233.90,750,12900
20200417,13:16,234.30,234.95,226.45,228.45,750,12900
20200417,13:17,230.75,230.75,227.00,230.10,450,12750
20200417,13:18,231.35,231.55,231.35,231.55,225,12750
20200417,13:19,233.45,233.45,227.85,227.85,825,12750
20200417,13:20,228.95,234.25,228.95,234.25,300,12750
20200417,13:21,233.75,234.15,233.75,234.00,450,13500
20200417,13:23,234.40,234.40,234.40,234.40,75,13500
20200417,13:24,233.35,233.35,230.00,230.00,300,12900
20200417,13:26,234.80,241.75,234.80,241.75,675,12750
20200417,13:27,241.80,243.00,237.80,242.65,1050,12750
20200417,13:28,241.00,241.40,241.00,241.40,150,12750
20200417,13:30,238.00,238.00,237.00,237.00,750,12750
20200417,13:32,244.60,248.30,244.60,245.05,750,12750
20200417,13:33,245.00,245.00,245.00,245.00,75,12975
20200417,13:34,248.60,248.60,244.90,244.90,225,12975
20200417,13:35,240.60,241.95,240.60,241.95,150,12975
20200417,13:36,237.90,237.90,237.90,237.90,75,13125
20200417,13:37,237.15,240.00,237.15,238.00,600,13125
20200417,13:38,237.60,242.75,237.60,242.75,1125,13125
20200417,13:39,243.30,247.15,243.30,247.15,975,13725
20200417,13:40,247.05,255.20,247.05,251.60,3900,13725
20200417,13:41,251.00,252.10,246.60,248.70,675,13725
20200417,13:42,243.85,247.75,243.85,247.75,900,16125
20200417,13:43,250.75,250.75,250.75,250.75,75,16125
20200417,13:44,240.00,240.00,240.00,240.00,150,16125
20200417,13:45,240.10,240.25,240.10,240.25,150,17400
20200417,13:46,243.10,243.10,243.10,243.10,150,17400
20200417,13:47,246.35,249.75,246.35,246.35,525,17400
20200417,13:48,247.80,249.95,247.80,249.95,300,14400
20200417,13:49,252.95,252.95,247.70,247.70,225,14400
20200417,13:50,252.65,253.10,252.20,252.20,300,14400
20200417,13:51,256.00,258.70,256.00,258.70,675,14700
20200417,13:52,252.00,252.00,252.00,252.00,75,14700
20200417,13:54,252.45,252.45,252.45,252.45,225,13800
20200417,13:56,246.40,249.50,246.40,249.50,150,13800
20200417,13:57,246.00,246.00,243.80,243.80,225,13350
20200417,13:58,249.00,254.00,249.00,254.00,150,13350
20200417,13:59,254.15,256.30,252.50,254.10,1200,13350
20200417,14:01,245.00,248.00,245.00,248.00,225,12900
20200417,14:02,244.90,249.40,244.90,249.40,525,12900
20200417,14:03,253.10,260.40,253.10,260.40,600,12825
20200417,14:04,256.85,261.45,255.45,261.45,900,12825
20200417,14:05,258.10,258.10,253.10,256.30,975,12825
20200417,14:06,261.25,265.00,261.10,264.35,750,13350
20200417,14:07,264.70,268.85,261.25,267.95,1950,13350
20200417,14:08,265.25,271.05,265.25,267.95,600,13350
20200417,14:09,265.00,265.70,264.65,265.70,600,12900
20200417,14:10,265.55,265.55,264.85,265.30,525,12900
20200417,14:11,274.10,274.10,266.95,266.95,750,12900
20200417,14:13,263.60,265.10,263.60,265.10,300,12825
20200417,14:14,265.70,266.00,265.70,266.00,300,12825
20200417,14:15,271.00,271.00,269.75,269.75,300,12900
20200417,14:16,266.80,266.80,258.50,258.50,450,12900
20200417,14:17,258.10,258.10,258.10,258.10,75,12900
20200417,14:18,265.10,265.10,265.10,265.10,75,13050
20200417,14:20,269.90,280.05,269.90,278.60,1800,13050
20200417,14:21,281.25,282.50,279.30,279.30,525,13350
20200417,14:22,279.20,284.50,279.20,282.90,675,13350
20200417,14:23,281.00,283.70,281.00,283.70,450,13350
20200417,14:24,283.55,283.55,279.25,279.25,450,13050
20200417,14:25,287.60,289.05,287.60,289.05,525,13050
20200417,14:26,282.70,282.70,282.70,282.70,450,13050
20200417,14:27,283.00,283.00,281.20,281.20,300,13350
20200417,14:28,274.95,274.95,271.30,271.30,450,13350
20200417,14:29,279.45,279.45,279.45,279.45,150,13350
20200417,14:30,272.45,272.45,272.45,272.45,75,13425
20200417,14:34,282.65,282.65,280.25,282.00,600,13350
20200417,14:35,285.00,285.00,285.00,285.00,75,13350
20200417,14:37,286.55,286.55,282.45,282.60,825,13800
20200417,14:38,279.00,279.00,278.65,278.65,150,13800
20200417,14:39,271.55,272.95,271.55,272.95,1500,13875
20200417,14:40,272.00,284.95,272.00,284.95,1050,13875
20200417,14:41,285.30,296.95,285.30,293.80,825,13875
20200417,14:42,289.95,289.95,289.95,289.95,75,14025
20200417,14:43,290.65,290.65,290.65,290.65,225,14025
20200417,14:45,292.00,292.00,292.00,292.00,150,13875
20200417,14:46,294.65,296.70,294.65,296.70,1275,13875
20200417,14:47,297.15,297.95,297.15,297.65,675,13875
20200417,14:48,292.00,292.00,292.00,292.00,150,14475
20200417,14:50,302.15,302.15,302.15,302.15,150,14475
20200417,14:53,289.30,290.65,289.30,290.65,750,14475
20200417,14:54,288.95,293.50,287.75,293.45,750,14100
20200417,14:55,291.35,292.30,291.35,292.30,450,14100
20200417,14:56,295.00,296.50,292.20,292.20,525,14100
20200417,14:57,294.75,296.95,293.45,294.55,750,13950
20200417,14:58,299.05,302.30,298.65,301.25,375,13950
20200417,14:59,301.85,305.45,300.35,305.45,525,13950
20200417,15:00,303.30,304.25,300.10,302.40,1350,13575
20200417,15:01,303.55,314.00,303.55,314.00,975,13575
20200417,15:02,313.95,313.95,305.95,308.50,2700,13575
20200417,15:03,310.05,310.10,305.70,307.40,1350,12975
20200417,15:04,307.35,307.35,302.00,305.05,5250,12975
20200417,15:05,306.50,306.70,303.80,306.70,1350,12975
20200417,15:06,309.10,313.70,309.10,313.70,300,11625
20200417,15:07,316.00,321.25,315.30,320.95,1725,11625
20200417,15:08,322.40,324.35,321.75,324.05,675,11625
20200417,15:09,323.75,323.75,316.20,322.20,1275,11700
20200417,15:10,324.60,324.65,322.50,322.75,3675,11700
20200417,15:11,324.10,329.00,324.10,328.40,1950,11700
20200417,15:12,328.95,329.75,326.30,329.35,2100,7800
20200417,15:13,333.25,338.65,332.30,336.40,2250,7800
20200417,15:14,335.95,337.90,335.95,336.30,600,7800
20200417,15:15,340.00,340.50,338.25,338.25,1050,7125
20200417,15:16,337.10,337.10,336.45,336.45,300,7125
20200417,15:18,340.00,345.80,340.00,345.80,825,7125
20200417,15:19,345.80,350.00,345.80,350.00,1350,7125
20200417,15:21,351.60,351.60,351.45,351.45,300,6675
20200417,15:23,351.10,352.75,348.25,352.75,825,6675
20200417,15:24,350.00,350.00,347.10,347.10,750,6600
20200417,15:25,344.30,344.65,340.25,344.65,750,6600
20200417,15:26,347.10,347.10,346.40,346.85,375,6600
20200417,15:27,346.65,346.65,346.55,346.55,825,6600
20200417,15:29,348.70,348.70,348.70,348.70,75,6300
20200420,09:15,376.15,376.15,330.45,330.45,1427,5250
20200420,09:17,298.55,298.55,298.55,298.55,150,5775
20200420,09:18,312.00,313.55,308.80,313.55,375,5775
20200420,09:19,302.25,302.25,302.25,302.25,150,5775
20200420,09:21,294.65,294.65,294.65,294.65,75,5775
20200420,09:22,294.65,307.95,294.65,307.95,225,5775
20200420,09:23,314.45,315.80,313.05,315.80,675,5775
20200420,09:24,321.95,322.40,319.25,319.25,375,5775
20200420,09:26,333.50,336.30,333.50,336.30,150,6375
20200420,09:27,336.30,336.30,336.30,336.30,150,6375
20200420,09:29,329.65,329.65,328.35,328.35,150,6300
20200420,09:30,335.20,335.20,332.00,332.00,150,6300
20200420,09:31,322.55,323.65,322.55,323.65,375,6300
20200420,09:33,308.10,309.40,305.00,305.00,675,6300
20200420,09:34,305.00,305.00,301.15,301.15,300,6300
20200420,09:39,284.35,284.35,282.00,282.00,150,6600
20200420,09:50,282.00,299.75,282.00,295.25,300,6600
20200420,09:51,288.45,288.45,288.45,288.45,75,6600
20200420,09:53,304.90,304.90,304.90,304.90,75,6675
20200420,09:58,283.95,283.95,283.95,283.95,75,6600
20200420,10:02,294.80,294.80,294.80,294.80,75,6525
20200420,10:04,298.00,298.00,298.00,298.00,75,6600
20200420,10:26,305.00,305.00,305.00,305.00,75,6525
20200420,10:29,312.20,313.30,312.20,313.30,450,6525
20200420,10:30,318.00,318.00,318.00,318.00,75,6450
20200420,10:36,315.15,315.15,315.15,315.15,75,6450
20200420,11:00,333.30,333.30,329.25,329.25,300,6450
20200420,11:07,314.50,314.50,314.50,314.50,450,6450
20200420,11:08,311.05,311.05,311.05,311.05,450,6525
20200420,11:09,307.40,307.40,307.40,307.40,300,6900
20200420,11:12,315.10,315.10,315.10,315.10,75,7125
20200420,11:15,296.50,296.50,296.50,296.50,300,7125
20200420,11:17,290.00,290.00,290.00,290.00,75,7125
20200420,11:18,292.45,292.45,292.45,292.45,75,7125
20200420,11:21,300.00,300.00,300.00,300.00,450,7125
20200420,11:24,281.75,281.75,280.00,280.00,225,6825
20200420,11:33,275.00,275.00,275.00,275.00,300,7050
20200420,11:34,264.50,264.50,261.75,261.75,300,7050
20200420,11:35,259.60,259.60,259.60,259.60,150,7050
20200420,11:37,259.00,259.00,259.00,259.00,150,7200
20200420,11:39,262.45,262.45,262.45,262.45,150,7200
20200420,11:41,272.00,272.00,270.90,270.90,150,7200
20200420,11:45,260.00,260.00,260.00,260.00,150,7200
20200420,11:46,270.00,270.00,270.00,270.00,75,7200
20200420,11:54,280.00,280.00,280.00,280.00,150,6750
20200420,12:00,278.30,279.15,278.30,279.15,150,6750
20200420,12:16,274.90,274.90,274.90,274.90,75,6825
20200420,12:19,276.50,276.50,276.50,276.50,75,6900
20200420,12:28,286.00,286.00,286.00,286.00,75,6975
20200420,12:30,299.55,299.55,291.75,295.60,375,6975
20200420,12:33,278.00,278.00,278.00,278.00,150,7050
20200420,12:34,278.00,278.00,278.00,278.00,75,7050
20200420,12:35,273.15,273.15,265.00,265.00,450,7125
20200420,12:40,265.00,265.00,265.00,265.00,150,6975
20200420,12:41,269.80,269.80,269.80,269.80,75,6975
20200420,12:48,265.50,266.30,265.50,266.30,150,6900
20200420,13:01,281.00,281.00,281.00,281.00,375,7050
20200420,13:02,274.15,281.00,274.15,281.00,150,7050
20200420,13:13,288.90,288.90,288.90,288.90,150,6900
20200420,13:14,283.50,283.50,283.50,283.50,75,6900
20200420,13:16,284.00,285.55,284.00,285.55,150,6975
20200420,13:23,291.75,298.90,291.75,298.90,300,6900
20200420,13:24,302.20,303.45,302.20,303.45,225,6975
20200420,13:26,295.00,296.00,295.00,296.00,150,6975
20200420,13:30,300.00,300.00,300.00,300.00,75,6900
20200420,13:37,277.90,277.90,277.90,277.90,75,6675
20200420,13:38,279.95,279.95,279.95,279.95,75,6675
20200420,13:39,275.50,275.50,275.50,275.50,75,6675
20200420,13:45,290.10,290.10,290.10,290.10,75,6600
20200420,13:50,291.30,291.30,291.30,291.30,75,6675
20200420,13:53,281.85,281.85,281.85,281.85,75,6600
20200420,13:54,276.00,276.00,276.00,276.00,150,6600
20200420,13:56,265.00,265.00,265.00,265.00,225,6600
20200420,14:02,274.60,274.60,274.60,274.60,750,6900
20200420,14:04,274.00,274.00,274.00,274.00,225,6900
20200420,14:08,280.00,280.00,280.00,280.00,150,6750
20200420,14:12,291.00,291.00,291.00,291.00,150,6675
20200420,14:22,312.45,312.45,312.45,312.45,75,6375
20200420,14:26,307.00,307.00,307.00,307.00,75,6450
20200420,14:27,312.45,312.45,312.45,312.45,225,6525
20200420,14:30,327.70,327.70,327.70,327.70,75,6375
20200420,14:36,303.95,303.95,303.95,303.95,375,6300
20200420,14:37,310.15,310.15,310.15,310.15,75,6300
20200420,14:42,305.00,305.00,305.00,305.00,150,6075
20200420,14:46,299.10,299.10,299.10,299.10,75,6075
20200420,14:50,271.00,271.00,271.00,271.00,75,6075
20200420,14:51,274.45,274.45,274.45,274.45,300,5925
20200420,14:52,276.05,276.05,276.05,276.05,300,5925
20200420,14:59,273.75,273.75,273.75,273.75,150,6075
20200420,15:06,265.00,265.00,265.00,265.00,75,6075
20200420,15:07,265.00,265.00,265.00,265.00,150,6075
20200420,15:08,260.00,260.00,260.00,260.00,150,6075
20200420,15:10,262.80,265.15,262.80,265.15,1275,6225
20200420,15:11,266.25,266.35,262.75,264.80,975,6225
20200420,15:13,267.00,267.00,267.00,267.00,150,6225
20200420,15:24,274.55,274.55,274.55,274.55,75,6000
20200420,15:25,280.25,280.25,277.15,277.15,300,6000
20200420,15:28,273.10,273.10,273.10,273.10,75,6075
20200420,15:29,267.65,267.65,263.25,263.25,525,6075
20200421,09:15,150.30,150.30,113.70,123.55,31802,6000
20200421,09:16,121.10,126.70,120.60,121.35,30900,6000
20200421,09:17,121.55,127.15,121.55,127.15,15450,21225
20200421,09:18,128.15,130.45,125.55,125.55,26775,21225
20200421,09:19,127.20,128.35,122.00,123.75,13725,21225
20200421,09:20,123.55,123.55,114.90,115.00,15075,42075
20200421,09:21,115.00,115.65,108.20,112.45,12600,42075
20200421,09:22,111.50,111.50,107.55,107.70,8475,42075
20200421,09:23,108.75,109.70,106.40,107.50,10950,58275
20200421,09:24,107.20,108.80,104.70,107.40,8250,58275
20200421,09:25,106.30,110.95,103.65,110.00,11025,58275
20200421,09:26,110.00,111.70,107.20,107.60,10125,69975
20200421,09:27,107.10,107.35,101.60,103.00,17625,69975
20200421,09:28,103.10,104.25,100.80,103.30,7350,69975
20200421,09:29,103.55,107.05,101.85,106.20,7875,78075
20200421,09:30,104.85,105.05,101.55,105.05,15975,78075
20200421,09:31,105.05,108.35,103.55,108.35,8100,78075
20200421,09:32,107.05,110.60,106.15,107.80,9225,86700
20200421,09:33,108.95,112.50,108.40,109.00,19650,86700
20200421,09:34,108.00,110.40,103.75,110.20,17100,86700
20200421,09:35,110.20,112.80,108.10,109.35,14925,95325
20200421,09:36,111.85,114.75,110.80,112.90,10275,95325
20200421,09:37,111.85,114.00,110.40,113.70,20025,95325
20200421,09:38,113.30,114.30,109.00,109.60,6300,101700
20200421,09:39,109.95,111.90,108.90,111.75,6675,101700
20200421,09:40,110.75,111.95,107.45,110.20,14025,101700
20200421,09:41,110.15,115.90,110.15,112.80,11025,103500
20200421,09:42,113.10,116.00,113.10,114.05,8250,103500
20200421,09:43,114.30,118.00,114.30,117.05,20550,103500
20200421,09:44,116.70,116.80,111.65,114.15,12150,107850
20200421,09:45,114.20,114.20,106.75,108.20,37950,107850
20200421,09:46,108.55,111.80,106.60,109.65,15225,107850
20200421,09:47,111.00,114.20,110.55,111.25,12975,133125
20200421,09:48,111.05,112.55,108.65,110.65,23625,133125
20200421,09:49,110.25,114.10,110.00,110.85,5475,133125
20200421,09:50,110.70,114.85,110.70,112.20,11250,146925
20200421,09:51,113.00,114.25,110.00,112.35,5550,146925
20200421,09:52,112.40,115.00,112.00,113.35,8775,146925
20200421,09:53,112.95,114.05,111.00,111.50,8250,149400
20200421,09:54,112.00,114.00,110.95,112.25,5775,149400
20200421,09:55,112.05,113.40,111.75,113.40,8250,149400
20200421,09:56,112.40,114.00,112.25,113.75,7725,150525
20200421,09:57,113.70,116.60,111.30,112.75,24375,150525
20200421,09:58,112.50,112.50,108.30,110.60,20025,150525
20200421,09:59,110.90,113.45,109.75,113.45,8325,164175
20200421,10:00,113.25,117.45,111.00,114.50,15300,164175
20200421,10:01,114.00,115.95,110.40,110.40,6975,164175
20200421,10:02,110.15,112.00,109.45,111.95,10650,162075
20200421,10:03,112.30,113.00,109.35,111.95,3075,162075
20200421,10:04,110.95,113.25,108.70,112.20,12675,162075
20200421,10:05,111.70,112.00,109.65,111.50,4500,163725
20200421,10:06,111.00,113.00,109.50,109.50,8400,163725
20200421,10:07,108.55,108.85,107.05,108.05,19125,163725
20200421,10:08,107.80,107.95,105.80,106.40,15150,180150
20200421,10:09,107.95,108.70,106.40,107.45,4650,180150
20200421,10:10,107.50,110.50,106.65,109.45,6975,180150
20200421,10:11,108.10,111.55,108.00,111.45,11625,177150
20200421,10:12,111.50,111.50,108.75,110.95,4650,177150
20200421,10:13,110.50,111.00,107.55,108.05,4875,177150
20200421,10:14,108.00,108.85,106.90,106.95,4800,177600
20200421,10:15,107.55,107.55,104.65,105.45,25950,177600
20200421,10:16,106.05,108.50,105.35,107.35,5850,177600
20200421,10:17,107.55,109.35,106.65,109.35,3150,191325
20200421,10:18,109.40,110.55,108.70,109.65,5475,191325
20200421,10:19,110.00,110.30,108.00,110.30,4575,191325
20200421,10:20,110.70,112.70,110.20,111.75,10125,189300
20200421,10:21,112.35,114.20,111.05,111.55,9975,189300
20200421,10:22,111.80,112.15,108.20,111.30,5775,189300
20200421,10:23,111.50,111.50,107.55,108.25,7125,193125
20200421,10:24,108.00,111.00,108.00,111.00,4725,193125
20200421,10:25,111.05,111.05,107.05,107.50,6825,193125
20200421,10:26,108.30,109.60,108.00,108.20,2250,193425
20200421,10:27,108.95,109.65,108.00,108.80,3225,193425
20200421,10:28,109.15,110.80,108.45,109.65,3900,193425
20200421,10:29,111.00,112.00,109.65,109.65,4500,191850
20200421,10:30,109.65,111.15,109.65,109.75,4050,191850
20200421,10:31,111.00,111.00,109.60,110.45,1650,191850
20200421,10:32,110.45,111.10,108.00,108.15,5550,191850
20200421,10:33,107.70,108.00,106.75,107.60,8400,191850
20200421,10:34,107.60,110.60,107.40,110.60,3675,191850
20200421,10:35,110.55,110.95,108.65,108.70,3150,197175
20200421,10:36,108.80,108.80,106.75,106.95,2700,197175
20200421,10:37,107.90,108.35,106.45,108.35,5400,197175
20200421,10:38,108.50,108.50,106.40,107.60,3525,200775
20200421,10:39,107.85,109.15,107.00,109.15,3675,200775
20200421,10:40,108.70,109.10,105.00,105.15,10425,200775
20200421,10:41,103.35,105.00,102.10,104.30,13950,205575
20200421,10:42,105.45,107.00,105.00,105.65,10875,205575
20200421,10:43,105.20,107.50,105.20,106.75,2775,205575
20200421,10:44,106.10,108.00,106.10,107.95,4350,210825
20200421,10:45,108.40,108.40,106.60,108.00,3750,210825
20200421,10:46,107.70,109.00,107.70,108.55,5100,210825
20200421,10:47,108.65,111.50,108.60,110.00,16125,211125
20200421,10:48,110.60,112.00,109.90,112.00,7725,211125
20200421,10:49,112.00,114.65,111.75,112.90,16800,211125
20200421,10:50,113.55,119.35,113.55,115.75,24675,199350
20200421,10:51,115.40,115.40,113.00,114.05,7800,199350
20200421,10:52,114.75,115.00,112.45,113.90,3300,199350
20200421,10:53,114.00,117.35,113.55,115.85,4800,194100
20200421,10:54,116.10,117.80,115.85,116.60,8400,194100
20200421,10:55,116.60,117.00,114.00,114.55,16275,194100
20200421,10:56,115.30,115.30,113.45,113.45,2325,208950
20200421,10:57,114.20,114.65,113.45,114.65,2400,208950
20200421,10:58,114.00,115.65,113.85,115.05,2700,208950
20200421,10:59,114.45,115.05,113.90,114.30,2175,207450
20200421,11:00,113.80,114.25,110.25,112.70,12525,207450
20200421,11:01,113.30,116.20,112.70,114.75,6000,207450
20200421,11:02,114.75,115.65,113.90,115.00,3450,214200
20200421,11:03,115.65,116.75,115.00,116.50,3900,214200
20200421,11:04,116.00,116.90,115.30,116.90,5175,214200
20200421,11:05,117.00,117.15,115.20,116.35,7500,213150
20200421,11:06,116.45,116.45,113.45,114.80,3000,213150
20200421,11:07,114.00,115.45,113.30,113.50,3300,213150
20200421,11:08,113.55,113.85,113.00,113.55,1800,210975
20200421,11:09,113.75,114.85,113.55,114.50,6900,210975
20200421,11:10,114.40,115.00,113.40,113.65,2550,210975
20200421,11:11,114.00,114.20,112.00,112.60,4275,209250
20200421,11:12,112.00,115.00,111.45,112.30,14400,209250
20200421,11:13,112.00,112.25,111.00,111.00,3825,209250
20200421,11:14,110.30,112.15,109.20,110.10,18225,216900
20200421,11:15,110.00,110.00,107.20,107.25,16275,216900
20200421,11:16,106.80,108.35,106.05,107.50,9450,216900
20200421,11:17,107.50,108.15,105.30,105.40,12225,228675
20200421,11:18,106.00,107.50,105.00,105.80,4875,228675
20200421,11:19,105.85,107.90,105.65,107.50,5175,228675
20200421,11:20,107.60,109.70,106.95,109.00,4950,234525
20200421,11:21,108.25,109.05,107.25,108.50,3375,234525
20200421,11:22,108.00,108.90,106.90,108.90,1650,234525
20200421,11:23,110.30,110.50,109.00,109.85,5550,233625
20200421,11:24,109.45,111.00,109.25,110.40,3225,233625
20200421,11:25,110.20,110.20,107.75,107.75,2400,233625
20200421,11:26,107.85,108.25,106.75,106.75,3225,234150
20200421,11:27,106.55,106.55,104.65,106.05,6600,234150
20200421,11:28,106.50,107.55,105.95,107.50,10950,234150
20200421,11:29,107.70,108.00,106.00,106.00,5325,232875
20200421,11:30,105.90,105.95,102.50,105.15,20925,232875
20200421,11:31,105.15,109.00,105.15,109.00,30750,232875
20200421,11:32,108.85,109.95,108.25,108.95,16800,261000
20200421,11:33,109.15,109.25,106.70,107.55,4350,261000
20200421,11:34,107.95,109.00,106.40,107.00,6375,261000
20200421,11:35,107.30,109.00,106.80,108.35,1650,260400
20200421,11:36,108.75,108.75,106.00,106.65,7200,260400
20200421,11:37,106.20,106.35,103.00,103.40,8550,260400
20200421,11:38,103.00,103.20,99.80,100.85,33975,276750
20200421,11:39,100.40,104.35,100.40,103.50,9150,276750
20200421,11:40,102.40,105.50,102.30,102.95,9750,276750
20200421,11:41,104.30,105.00,102.10,105.00,12375,285150
20200421,11:42,104.55,105.50,104.15,105.10,3750,285150
20200421,11:43,105.40,106.10,104.15,106.00,8175,285150
20200421,11:44,106.40,106.40,104.00,104.60,3000,280575
20200421,11:45,105.00,105.00,102.80,104.75,5700,280575
20200421,11:46,104.35,108.75,104.30,108.35,21300,280575
20200421,11:47,107.90,109.50,107.55,108.00,6750,278175
20200421,11:48,109.00,110.40,108.90,110.10,24375,278175
20200421,11:49,110.60,111.00,108.90,110.00,6375,278175
20200421,11:50,110.00,111.80,108.65,110.00,12675,275925
20200421,11:51,110.20,112.25,110.00,111.15,30750,275925
20200421,11:52,111.00,112.00,108.00,108.15,21075,275925
20200421,11:53,108.25,109.25,107.95,108.50,8550,241800
20200421,11:54,109.60,110.15,108.70,110.00,9375,241800
20200421,11:55,110.25,113.35,110.25,112.00,18150,241800
20200421,11:56,113.00,113.60,110.10,110.50,20175,223275
20200421,11:57,110.75,110.75,108.65,108.65,4725,223275
20200421,11:58,108.50,110.35,107.85,109.00,5400,223275
20200421,11:59,109.65,110.30,108.25,109.10,3000,212475
20200421,12:00,109.15,109.25,107.95,107.95,3225,212475
20200421,12:01,109.55,109.70,108.35,109.45,3375,212475
20200421,12:02,109.45,110.80,108.15,110.00,4275,207750
20200421,12:03,110.30,110.70,109.55,110.70,2400,207750
20200421,12:04,109.90,111.00,109.05,109.10,2475,207750
20200421,12:05,109.20,109.65,106.70,108.00,3525,207750
20200421,12:06,108.00,109.30,108.00,108.25,1950,207750
20200421,12:07,107.85,107.85,106.00,107.25,10725,207750
20200421,12:08,105.75,106.25,105.50,106.00,11475,213900
20200421,12:09,105.50,106.85,105.05,105.40,8325,213900
20200421,12:10,105.00,106.55,104.05,104.55,3975,213900
20200421,12:11,104.35,105.60,104.30,104.45,4200,215100
20200421,12:12,105.05,105.05,103.00,103.00,6450,215100
20200421,12:13,103.40,105.50,102.75,105.45,6225,215100
20200421,12:14,105.30,106.00,104.50,105.00,4350,217350
20200421,12:15,104.10,106.30,104.10,105.00,5475,217350
20200421,12:16,104.95,105.30,104.20,104.65,3225,217350
20200421,12:17,104.20,105.10,103.80,103.90,10200,222375
20200421,12:18,103.85,104.20,102.25,102.45,7200,222375
20200421,12:19,103.05,104.20,102.50,103.60,6150,222375
20200421,12:20,103.00,104.20,102.55,104.20,4125,225525
20200421,12:21,104.75,105.25,102.75,103.00,14625,225525
20200421,12:22,103.45,104.55,102.40,102.70,12525,225525
20200421,12:23,103.15,104.35,102.15,102.70,6750,236325
20200421,12:24,102.30,103.70,101.00,101.30,8025,236325
20200421,12:25,100.00,100.20,92.10,95.45,67350,236325
20200421,12:26,94.50,95.10,89.25,90.20,29475,250425
20200421,12:27,89.70,91.65,88.35,91.00,26550,250425
20200421,12:28,91.60,91.80,89.30,91.05,25125,250425
20200421,12:29,91.80,94.20,90.40,93.75,11625,234450
20200421,12:30,93.95,93.95,85.50,87.45,18150,234450
20200421,12:31,87.50,88.50,86.70,88.50,8400,234450
20200421,12:32,88.40,89.65,86.10,86.10,11625,238950
20200421,12:33,86.00,86.00,81.65,84.80,93225,238950
20200421,12:34,84.85,88.85,84.75,86.30,25650,238950
20200421,12:35,86.40,90.10,86.15,88.10,11250,188775
20200421,12:36,89.40,92.00,89.15,90.85,13200,188775
20200421,12:37,90.50,91.20,89.70,89.90,8250,188775
20200421,12:38,89.60,90.50,87.10,88.40,8475,179325
20200421,12:39,87.55,88.90,86.75,86.80,25575,179325
20200421,12:40,87.00,88.10,86.15,87.00,5550,179325
20200421,12:41,87.20,88.50,87.00,88.00,31275,187350
20200421,12:42,87.80,88.20,86.25,86.40,5100,187350
20200421,12:43,86.60,87.50,86.15,87.00,11400,187350
20200421,12:44,86.20,86.30,84.55,85.50,8025,180300
20200421,12:45,86.00,88.00,85.70,87.35,9075,180300
20200421,12:46,87.65,88.90,87.35,88.65,3300,180300
20200421,12:47,88.00,88.00,83.75,84.15,7800,183900
20200421,12:48,84.55,84.55,80.50,82.15,17475,183900
20200421,12:49,82.35,82.65,77.80,79.70,17700,183900
20200421,12:50,80.20,82.35,80.20,82.00,6075,176850
20200421,12:51,82.35,83.05,81.40,81.40,6975,176850
20200421,12:52,81.10,82.10,79.00,80.75,9075,176850
20200421,12:53,80.95,81.15,78.70,79.70,8175,182850
20200421,12:54,79.35,79.35,77.00,77.95,11025,182850
20200421,12:55,78.40,80.55,78.30,79.90,11250,182850
20200421,12:56,80.00,80.35,76.30,77.00,8850,182400
20200421,12:57,77.80,77.90,75.25,76.00,10050,182400
20200421,12:58,75.90,77.20,74.05,76.00,12675,182400
20200421,12:59,75.65,75.75,72.70,74.80,14700,179850
20200421,13:00,75.00,75.65,72.60,75.65,14175,179850
20200421,13:01,75.30,76.20,75.00,75.80,5250,179850
20200421,13:02,75.80,77.00,75.70,76.80,5400,180675
20200421,13:03,76.90,78.55,76.50,77.45,5700,180675
20200421,13:04,77.10,77.10,74.00,74.00,10575,180675
20200421,13:05,75.30,75.30,71.40,73.45,14550,184275
20200421,13:06,74.40,74.45,71.55,74.45,8775,184275
20200421,13:07,74.65,76.70,74.65,76.50,7575,184275
20200421,13:08,76.50,76.80,75.00,75.00,4500,182550
20200421,13:09,75.15,77.50,74.50,76.90,6975,182550
20200421,13:10,77.20,77.90,76.30,76.55,3525,182550
20200421,13:11,76.70,78.95,76.50,77.70,9375,188325
20200421,13:12,77.55,80.45,77.55,80.20,11100,188325
20200421,13:13,80.95,81.10,77.75,80.40,8475,188325
20200421,13:14,80.40,82.00,79.80,81.00,5325,179700
20200421,13:15,81.45,81.45,77.80,78.00,5025,179700
20200421,13:16,78.40,78.60,75.80,76.70,11700,179700
20200421,13:17,76.10,78.40,75.70,76.95,8325,181575
20200421,13:18,77.70,78.05,76.20,76.65,3750,181575
20200421,13:19,77.95,77.95,76.00,76.30,2775,181575
20200421,13:20,75.25,75.75,74.25,74.25,6375,185550
20200421,13:21,74.00,75.15,73.05,75.15,6300,185550
20200421,13:22,74.80,76.05,74.55,74.55,3000,185550
20200421,13:23,75.25,75.95,74.40,74.40,1950,184200
20200421,13:24,74.20,75.10,74.20,75.10,4950,184200
20200421,13:25,75.50,75.80,73.00,73.50,5100,184200
20200421,13:26,73.35,75.05,73.30,74.00,5700,186150
20200421,13:27,74.55,74.55,72.25,73.50,11025,186150
20200421,13:28,73.50,75.80,73.25,74.50,9375,186150
20200421,13:29,75.00,75.70,74.00,74.00,3450,188475
20200421,13:30,74.45,75.00,73.90,74.85,2100,188475
20200421,13:31,75.10,77.00,75.10,77.00,5700,188475
20200421,13:32,77.00,78.10,76.40,77.75,12900,185475
20200421,13:33,77.85,78.15,76.65,77.90,4800,185475
20200421,13:34,77.95,79.35,77.35,77.35,4650,185475
20200421,13:35,78.00,81.90,77.90,81.75,18825,187200
20200421,13:36,81.10,83.15,81.10,82.00,21450,187200
20200421,13:37,82.30,82.50,79.40,81.05,7575,187200
20200421,13:38,81.25,82.30,80.90,82.20,6225,184275
20200421,13:39,82.50,82.80,80.85,81.45,3975,184275
20200421,13:40,81.95,87.15,81.95,86.50,27825,184275
20200421,13:41,86.55,86.80,84.50,86.00,7950,180675
20200421,13:42,85.90,85.90,83.25,83.25,5775,180675
20200421,13:43,82.75,83.60,81.85,82.70,3300,180675
20200421,13:44,82.25,82.25,81.20,81.35,4125,180675
20200421,13:45,80.45,80.70,76.30,78.50,20325,181350
20200421,13:46,78.85,80.55,77.95,79.20,4425,181350
20200421,13:47,78.55,80.45,78.55,79.80,2700,181350
20200421,13:48,79.70,82.15,78.90,82.15,2025,180600
20200421,13:49,81.80,82.65,80.95,82.65,4425,180600
20200421,13:50,82.45,85.10,81.50,84.35,8175,180600
20200421,13:51,84.50,84.50,81.65,82.10,7875,179250
20200421,13:52,82.20,82.30,81.00,81.40,3375,179250
20200421,13:53,80.10,81.85,79.80,79.80,3225,179250
20200421,13:54,79.45,80.90,78.50,80.20,6525,180375
20200421,13:55,80.20,81.05,78.60,81.05,6825,180375
20200421,13:56,82.00,83.30,81.55,82.10,4200,180375
20200421,13:57,82.30,84.60,82.05,83.00,4200,182175
20200421,13:58,82.90,82.90,80.00,80.60,6375,182175
20200421,13:59,81.00,83.70,80.85,82.45,3300,182175
20200421,14:00,82.45,82.65,81.45,82.05,2175,180675
20200421,14:01,81.85,81.85,79.00,79.20,2700,180675
20200421,14:02,79.90,79.90,77.40,78.35,8925,180675
20200421,14:03,77.65,78.80,77.50,78.00,6225,182325
20200421,14:04,78.00,78.20,76.25,77.75,10425,182325
20200421,14:05,77.70,79.90,77.05,79.20,4575,182325
20200421,14:06,78.95,81.45,77.85,80.00,7200,177900
20200421,14:07,79.45,79.55,78.80,78.80,5325,177900
20200421,14:08,79.35,79.40,78.70,78.70,1050,177900
20200421,14:09,79.75,81.65,79.50,80.95,4875,175425
20200421,14:10,81.35,81.50,79.00,79.15,2400,175425
20200421,14:11,80.20,81.00,79.40,80.35,4500,175425
20200421,14:12,81.00,81.50,80.45,80.55,1650,176400
20200421,14:13,80.80,81.30,79.50,80.00,4575,176400
20200421,14:14,80.00,80.10,78.55,78.55,3975,176400
20200421,14:15,78.35,78.90,77.00,78.00,6000,178125
20200421,14:16,78.25,82.80,78.00,82.80,11925,178125
20200421,14:17,81.65,87.60,81.55,84.95,29325,178125
20200421,14:18,85.40,87.00,84.25,86.25,9375,181500
20200421,14:19,87.00,90.05,86.60,87.35,22050,181500
20200421,14:20,87.00,87.35,84.70,85.10,19500,181500
20200421,14:21,84.75,86.00,83.50,86.00,9600,181500
20200421,14:22,85.65,86.50,82.05,82.50,6150,181500
20200421,14:23,82.60,85.65,82.60,85.15,9225,181500
20200421,14:24,85.10,89.35,84.85,89.05,9600,179550
20200421,14:25,88.90,91.45,86.70,88.85,18675,179550
20200421,14:26,90.00,92.10,89.00,91.00,13725,179550
20200421,14:27,91.20,93.00,88.00,88.80,9675,178200
20200421,14:28,88.75,88.75,86.00,86.10,5850,178200
20200421,14:29,86.00,90.00,86.00,87.90,5925,178200
20200421,14:30,87.40,91.15,87.40,88.85,7800,178875
20200421,14:31,89.45,95.30,89.40,95.30,15225,178875
20200421,14:32,94.40,95.50,91.20,91.95,16200,178875
20200421,14:33,91.75,100.50,91.60,96.75,51150,175800
20200421,14:34,97.00,98.55,92.30,92.70,15750,175800
20200421,14:35,92.80,95.50,88.15,89.70,35175,175800
20200421,14:36,89.00,90.25,82.50,84.60,22500,164400
20200421,14:37,85.35,86.55,84.85,86.55,9525,164400
20200421,14:38,86.85,86.95,84.00,86.15,11550,164400
20200421,14:39,85.50,88.30,85.40,86.00,10725,166875
20200421,14:40,85.95,87.20,82.25,82.25,10200,166875
20200421,14:41,82.55,82.65,80.15,81.50,15825,166875
20200421,14:42,81.10,81.40,78.55,81.05,9675,172125
20200421,14:43,80.00,81.20,74.80,75.10,21600,172125
20200421,14:44,74.60,76.45,73.75,74.95,21900,172125
20200421,14:45,74.70,75.55,71.20,74.00,15600,164700
20200421,14:46,74.60,77.60,73.35,76.90,13500,164700
20200421,14:47,77.80,77.80,74.50,76.15,9450,164700
20200421,14:48,75.00,76.05,73.65,75.15,5475,162975
20200421,14:49,75.00,78.50,75.00,77.15,4950,162975
20200421,14:50,77.95,79.55,75.65,78.30,6900,162975
20200421,14:51,78.50,80.00,77.35,78.45,12375,163125
20200421,14:52,78.35,80.00,78.30,79.15,7350,163125
20200421,14:53,79.70,80.55,77.95,78.00,3825,163125
20200421,14:54,78.20,79.00,77.05,78.00,3675,163875
20200421,14:55,78.15,78.15,76.15,76.50,2925,163875
20200421,14:56,75.80,76.75,74.70,74.70,6375,163875
20200421,14:57,74.80,77.65,74.50,77.40,6675,163275
20200421,14:58,77.85,78.60,77.00,77.00,5625,163275
20200421,14:59,77.70,81.50,77.70,81.50,5850,163275
20200421,15:00,81.45,88.10,81.45,85.35,35925,154575
20200421,15:01,86.05,86.75,83.40,85.15,9900,154575
20200421,15:02,85.40,86.00,83.00,83.00,7575,154575
20200421,15:03,81.95,84.95,81.40,84.95,5850,151275
20200421,15:04,85.00,85.40,82.00,83.65,6900,151275
20200421,15:05,83.60,89.30,83.60,89.00,12150,151275
20200421,15:06,88.50,89.75,86.65,88.95,13275,144750
20200421,15:07,89.50,91.00,87.60,87.60,12975,144750
20200421,15:08,87.65,88.35,84.20,84.95,8625,144750
20200421,15:09,84.90,88.40,84.90,88.40,6150,145425
20200421,15:10,88.60,89.45,87.60,88.50,10725,145425
20200421,15:11,88.75,90.00,86.60,88.10,7650,145425
20200421,15:12,88.00,90.00,88.00,88.75,5400,142350
20200421,15:13,88.20,89.10,87.45,87.90,4275,142350
20200421,15:14,88.00,88.50,86.65,87.70,6525,142350
20200421,15:15,87.25,89.75,87.25,89.05,10875,138000
20200421,15:16,89.20,90.95,89.05,90.70,10875,138000
20200421,15:17,90.60,90.80,87.70,87.80,5625,138000
20200421,15:18,87.80,88.75,87.35,87.95,5025,132975
20200421,15:19,88.45,90.35,88.05,89.60,14175,132975
20200421,15:20,89.90,92.00,89.35,90.50,25350,132975
20200421,15:21,90.45,90.50,88.50,89.55,12075,128025
20200421,15:22,89.30,89.50,87.65,88.15,10350,128025
20200421,15:23,88.05,88.65,87.20,87.25,4800,128025
20200421,15:24,87.05,87.40,85.70,85.70,3300,126975
20200421,15:25,86.30,87.00,85.15,85.20,10350,126975
20200421,15:26,85.30,85.40,82.80,83.35,14850,126975
20200421,15:27,83.25,83.95,82.60,82.85,13050,125775
20200421,15:28,82.40,83.45,81.60,81.90,6900,125775
20200421,15:29,81.75,82.55,81.00,81.60,9600,125775
20200422,09:15,99.95,99.95,65.40,67.20,29026,108450
20200422,09:16,66.70,69.50,66.10,69.10,14850,108450
20200422,09:17,70.00,76.15,68.85,76.05,19050,113250
20200422,09:18,76.00,90.85,76.00,90.35,30825,113250
20200422,09:19,91.40,91.40,85.55,89.45,51300,113250
20200422,09:20,89.45,90.35,78.20,80.35,33750,127575
20200422,09:21,80.60,82.05,75.10,80.45,16875,127575
20200422,09:22,79.45,79.65,75.70,75.70,14550,127575
20200422,09:23,76.55,80.45,76.00,79.00,12600,129075
20200422,09:24,79.00,79.60,77.60,79.00,8775,129075
20200422,09:25,79.45,83.15,78.05,81.15,18450,129075
20200422,09:26,81.55,82.50,76.25,77.05,13575,137325
20200422,09:27,76.35,76.35,71.10,73.20,33975,137325
20200422,09:28,72.30,75.40,71.85,74.45,22500,137325
20200422,09:29,74.05,74.05,70.70,70.95,28050,146475
20200422,09:30,70.95,72.90,66.65,66.65,41250,146475
20200422,09:31,65.85,69.70,65.85,67.65,25725,146475
20200422,09:32,67.70,73.75,67.70,73.75,18075,155925
20200422,09:33,73.70,74.95,72.00,73.15,21975,155925
20200422,09:34,72.85,73.65,69.50,73.25,11925,155925
20200422,09:35,73.40,76.70,71.85,72.00,22425,161625
20200422,09:36,72.60,75.00,72.00,72.75,16650,161625
20200422,09:37,72.00,72.50,69.10,70.25,11475,161625
20200422,09:38,69.75,70.50,67.85,70.35,14325,160800
20200422,09:39,69.60,70.20,64.70,66.85,26550,160800
20200422,09:40,66.50,66.65,63.35,63.35,10950,160800
20200422,09:41,62.80,64.55,61.50,63.70,28800,170025
20200422,09:42,64.00,67.30,64.00,66.00,18300,170025
20200422,09:43,65.85,67.40,65.00,65.25,15975,170025
20200422,09:44,64.45,64.45,61.45,61.50,14250,179400
20200422,09:45,61.10,65.00,60.45,63.55,20625,179400
20200422,09:46,63.30,64.45,60.50,60.50,8325,179400
20200422,09:47,59.80,62.20,58.10,61.90,27675,185325
20200422,09:48,62.00,65.25,62.00,65.00,22500,185325
20200422,09:49,64.80,66.00,62.60,62.60,17250,185325
20200422,09:50,61.90,63.75,60.35,60.90,12150,184500
20200422,09:51,60.80,63.00,60.40,62.60,22500,184500
20200422,09:52,63.25,65.05,63.10,65.00,18225,184500
20200422,09:53,65.30,67.05,64.60,64.95,26100,192375
20200422,09:54,64.25,65.20,63.55,64.45,20700,192375
20200422,09:55,64.80,68.40,64.80,66.95,35625,192375
20200422,09:56,66.75,68.85,65.10,65.95,12300,196500
20200422,09:57,66.25,67.85,64.60,67.85,19875,196500
20200422,09:58,67.10,68.65,66.50,67.45,11250,196500
20200422,09:59,67.60,69.45,65.70,65.70,14025,198225
20200422,10:00,65.40,65.40,61.55,62.90,29175,198225
20200422,10:01,62.35,62.55,60.00,61.85,37500,198225
20200422,10:02,62.45,63.30,60.70,62.55,18525,203025
20200422,10:03,62.95,65.70,62.80,63.45,20100,203025
20200422,10:04,64.30,66.90,62.85,66.35,13200,203025
20200422,10:05,66.55,66.55,62.85,62.85,19350,199425
20200422,10:06,63.00,65.40,62.40,63.65,12900,199425
20200422,10:07,63.15,63.70,61.40,63.00,20025,199425
20200422,10:08,63.00,63.20,61.00,62.00,9225,196050
20200422,10:09,61.85,63.75,60.30,63.40,23325,196050
20200422,10:10,63.00,64.70,62.55,64.00,21750,196050
20200422,10:11,64.20,64.20,62.20,63.60,13725,201750
20200422,10:12,63.40,63.40,61.00,61.95,9150,201750
20200422,10:13,62.00,63.65,60.85,63.65,9750,201750
20200422,10:14,63.10,66.65,63.10,64.05,18900,204225
20200422,10:15,63.95,64.60,61.55,62.00,10800,204225
20200422,10:16,63.05,66.00,62.65,64.60,18675,204225
20200422,10:17,64.70,69.60,64.00,68.45,26475,207225
20200422,10:18,68.75,69.25,66.50,68.50,11325,207225
20200422,10:19,68.25,69.80,66.30,66.90,14475,207225
20200422,10:20,66.80,67.10,64.25,65.00,11175,207600
20200422,10:21,65.50,67.85,65.45,66.35,20325,207600
20200422,10:22,66.50,66.50,62.75,65.00,15375,207600
20200422,10:23,65.05,67.05,64.00,66.75,9075,211350
20200422,10:24,66.85,69.55,66.85,67.45,12225,211350
20200422,10:25,67.80,68.55,64.90,68.45,13350,211350
20200422,10:26,68.40,70.15,68.00,70.00,11925,211200
20200422,10:27,70.20,71.85,68.70,70.60,21150,211200
20200422,10:28,69.30,72.40,69.30,69.95,24300,211200
20200422,10:29,70.60,70.60,67.50,68.10,10875,212400
20200422,10:30,68.50,73.50,68.50,73.50,19650,212400
20200422,10:31,73.75,74.25,71.55,73.65,29400,212400
20200422,10:32,74.00,74.55,71.60,73.00,12225,213525
20200422,10:33,72.85,73.10,71.10,72.90,13875,213525
20200422,10:34,73.55,77.20,73.55,77.20,33975,213525
20200422,10:35,76.45,90.00,76.20,88.00,103950,204150
20200422,10:36,88.00,99.25,88.00,97.55,63750,204150
20200422,10:37,98.20,102.00,96.40,99.05,64350,204150
20200422,10:38,99.00,99.55,96.30,97.00,37875,185625
20200422,10:39,97.10,97.15,91.30,91.45,26475,185625
20200422,10:40,92.60,103.00,91.80,103.00,44100,185625
20200422,10:41,104.45,120.00,101.90,114.40,120975,179700
20200422,10:42,115.60,117.95,107.40,108.25,57225,179700
20200422,10:43,107.35,109.40,102.60,107.00,35475,179700
20200422,10:44,106.30,110.95,106.30,109.10,12225,168600
20200422,10:45,108.95,113.95,106.70,106.85,29775,168600
20200422,10:46,107.50,107.50,101.05,102.80,31725,168600
20200422,10:47,102.35,103.95,96.70,103.30,29475,174300
20200422,10:48,103.80,105.80,103.00,103.80,22575,174300
20200422,10:49,104.30,109.20,103.75,109.20,24075,174300
20200422,10:50,109.00,111.80,105.00,105.00,24900,168900
20200422,10:51,105.00,109.50,104.75,106.50,13275,168900
20200422,10:52,106.95,110.00,105.75,105.75,18825,168900
20200422,10:53,105.60,107.00,99.60,100.00,23400,168075
20200422,10:54,100.15,103.25,99.10,99.50,14475,168075
20200422,10:55,99.60,103.30,98.40,103.30,15525,168075
20200422,10:56,102.75,105.00,100.05,100.80,12675,170700
20200422,10:57,100.60,105.80,100.60,104.20,16650,170700
20200422,10:58,102.35,106.90,102.35,106.00,13875,170700
20200422,10:59,107.00,109.00,106.40,107.65,17550,175050
20200422,11:00,107.45,116.00,107.45,113.40,36300,175050
20200422,11:01,113.80,114.50,110.00,110.00,16500,175050
20200422,11:02,110.30,110.30,105.75,108.50,13800,172875
20200422,11:03,108.00,113.90,108.00,113.25,13875,172875
20200422,11:04,113.35,114.25,110.75,113.75,16650,172875
20200422,11:05,112.55,120.70,112.55,117.20,37425,168375
20200422,11:06,116.80,118.00,114.15,114.65,30975,168375
20200422,11:07,115.00,115.00,109.75,113.95,19350,168375
20200422,11:08,113.75,116.00,112.40,114.80,5700,166575
20200422,11:09,115.50,116.95,113.00,116.30,8850,166575
20200422,11:10,116.65,116.65,111.10,111.10,16650,166575
20200422,11:11,111.85,113.25,109.40,113.25,12375,169950
20200422,11:12,111.80,119.00,111.80,115.50,15075,169950
20200422,11:13,115.85,117.75,113.40,117.75,13875,169950
20200422,11:14,119.00,121.55,115.20,119.70,30900,170025
20200422,11:15,120.00,124.70,120.00,122.60,41175,170025
20200422,11:16,122.60,132.95,119.15,131.00,45075,170025
20200422,11:17,131.20,131.20,125.45,126.90,21900,162150
20200422,11:18,129.55,135.00,129.55,129.95,19575,162150
20200422,11:19,129.35,130.40,125.85,127.95,15675,162150
20200422,11:20,127.60,132.30,126.95,129.90,9375,155025
20200422,11:21,129.70,129.90,126.90,129.50,7275,155025
20200422,11:22,129.95,132.30,125.00,127.65,16050,155025
20200422,11:23,127.00,127.00,116.80,120.00,21600,153750
20200422,11:24,119.25,119.75,114.50,115.65,13875,153750
20200422,11:25,114.15,116.00,110.35,115.25,22350,153750
20200422,11:26,115.15,116.00,109.20,109.70,15375,144450
20200422,11:27,110.40,110.90,106.50,110.20,13725,144450
20200422,11:28,111.00,114.15,110.05,110.05,9975,144450
20200422,11:29,110.05,116.00,110.00,115.70,7650,147075
20200422,11:30,115.90,115.90,105.65,106.80,12900,147075
20200422,11:31,105.65,106.30,101.55,105.30,20175,147075
20200422,11:32,104.55,105.20,103.00,104.70,12150,153225
20200422,11:33,104.75,109.15,104.75,106.60,8625,153225
20200422,11:34,106.10,107.05,100.00,102.55,15975,153225
20200422,11:35,102.10,102.10,95.50,95.50,18975,154800
20200422,11:36,95.30,99.00,94.35,98.90,17175,154800
20200422,11:37,99.45,100.00,95.60,96.05,14325,154800
20200422,11:38,95.95,102.90,95.95,102.90,15525,154800
20200422,11:39,103.00,107.45,101.20,106.95,16350,154800
20200422,11:40,107.00,109.65,104.55,106.80,15900,154800
20200422,11:41,107.80,109.40,106.00,108.40,9300,156600
20200422,11:42,109.65,114.15,109.00,114.10,11250,156600
20200422,11:43,113.85,113.85,111.55,112.30,11100,156600
20200422,11:44,110.00,112.10,109.35,111.20,4800,153300
20200422,11:45,110.75,116.00,110.75,114.00,10950,153300
20200422,11:46,115.00,120.00,115.00,116.90,13350,153300
20200422,11:47,117.25,119.70,114.55,116.20,17925,151650
20200422,11:48,116.20,120.25,116.20,120.10,8850,151650
20200422,11:49,120.45,122.60,118.30,120.10,12150,151650
20200422,11:50,119.00,120.05,114.15,115.70,15675,154425
20200422,11:51,116.25,117.60,113.30,114.05,8700,154425
20200422,11:52,113.95,114.60,110.30,111.00,11700,154425
20200422,11:53,110.80,114.00,110.80,113.00,9300,155400
20200422,11:54,113.25,116.15,112.80,113.10,10200,155400
20200422,11:55,113.55,116.00,112.00,112.25,6150,155400
20200422,11:56,113.30,114.95,108.00,108.00,7725,154950
20200422,11:57,109.20,111.90,107.00,111.90,11700,154950
20200422,11:58,111.60,112.00,110.00,110.80,4875,154950
20200422,11:59,111.10,113.85,110.75,110.85,3075,148425
20200422,12:00,111.75,112.10,106.40,108.10,9075,148425
20200422,12:01,108.30,111.15,107.85,110.80,7200,148425
20200422,12:02,110.00,113.50,109.25,111.00,4950,149625
20200422,12:03,111.40,115.85,111.40,115.85,4950,149625
20200422,12:04,115.50,119.00,115.50,117.80,10725,149625
20200422,12:05,119.00,124.40,119.00,123.40,19275,144975
20200422,12:06,124.45,124.50,121.60,123.00,10650,144975
20200422,12:07,122.80,125.40,120.85,120.85,11100,144975
20200422,12:08,120.35,126.20,119.65,125.70,12825,146400
20200422,12:09,125.90,126.45,120.55,121.20,7425,146400
20200422,12:10,120.90,122.00,116.00,116.15,7050,146400
20200422,12:11,115.00,117.55,113.50,114.80,7275,142050
20200422,12:12,114.90,119.00,114.30,117.55,3600,142050
20200422,12:13,119.00,120.10,117.70,118.00,5175,142050
20200422,12:14,117.70,117.95,113.10,113.50,6750,137625
20200422,12:15,113.75,114.15,111.80,112.95,10500,137625
20200422,12:16,112.95,114.00,108.15,110.35,14025,137625
20200422,12:17,111.00,118.15,110.55,118.15,9225,138900
20200422,12:18,118.00,122.65,117.80,121.55,15375,138900
20200422,12:19,121.85,122.00,119.00,122.00,9900,138900
20200422,12:20,122.35,124.85,119.45,119.65,9375,136425
20200422,12:21,120.00,120.55,115.00,118.85,7875,136425
20200422,12:22,120.60,120.60,118.35,118.35,3225,136425
20200422,12:23,118.10,119.30,113.70,119.30,7725,135675
20200422,12:24,119.00,119.60,115.85,116.95,5475,135675
20200422,12:25,115.90,117.00,115.00,116.20,3900,135675
20200422,12:26,116.30,118.00,115.05,116.30,4125,135300
20200422,12:27,118.40,119.00,116.15,117.00,7725,135300
20200422,12:28,116.00,117.25,113.35,113.35,6750,135300
20200422,12:29,113.75,115.00,112.65,112.65,8250,139725
20200422,12:30,113.35,115.10,111.95,112.90,10500,139725
20200422,12:31,112.35,117.85,112.00,116.95,12225,139725
20200422,12:32,116.65,121.30,114.50,120.40,11550,139050
20200422,12:33,121.40,138.00,121.15,130.90,52200,139050
20200422,12:34,129.90,133.80,127.85,130.45,17175,139050
20200422,12:35,128.75,132.10,127.00,131.90,11250,134175
20200422,12:36,131.25,136.10,130.30,132.30,24525,134175
20200422,12:37,132.70,133.90,127.50,128.00,15450,134175
20200422,12:38,127.60,128.50,126.00,128.35,11850,122250
20200422,12:39,128.55,128.60,125.40,128.35,7275,122250
20200422,12:40,129.05,131.85,127.40,127.40,13575,122250
20200422,12:41,127.25,130.85,126.95,129.05,10875,124200
20200422,12:42,130.05,132.50,128.50,129.05,7875,124200
20200422,12:43,130.00,132.85,127.60,127.60,7650,124200
20200422,12:44,128.00,129.75,126.20,126.65,5175,122025
20200422,12:45,127.70,127.70,121.30,122.55,15075,122025
20200422,12:46,122.55,124.00,121.55,122.00,5400,122025
20200422,12:47,121.70,123.25,119.50,122.55,8850,120600
20200422,12:48,123.50,127.90,123.00,127.20,6150,120600
20200422,12:49,128.15,129.10,126.55,127.35,9675,120600
20200422,12:50,126.45,129.25,123.40,125.65,6975,119250
20200422,12:51,125.00,126.45,123.40,123.75,4650,119250
20200422,12:52,124.20,130.00,124.20,129.60,11625,119250
20200422,12:53,128.00,130.00,127.10,128.00,5850,120150
20200422,12:54,126.85,130.00,125.75,127.40,8850,120150
20200422,12:55,126.70,127.65,124.50,127.65,6525,120150
20200422,12:56,127.40,131.45,127.40,130.00,6600,121275
20200422,12:57,129.55,139.25,129.00,137.05,27375,121275
20200422,12:58,137.00,140.00,133.90,134.40,16575,121275
20200422,12:59,135.20,135.20,132.25,132.95,7650,119700
20200422,13:00,131.85,139.85,131.85,138.80,8700,119700
20200422,13:01,141.00,143.50,137.65,142.35,18750,119700
20200422,13:02,143.00,150.80,140.20,150.80,40650,111900
20200422,13:03,152.00,153.00,144.55,144.55,27150,111900
20200422,13:04,146.45,147.00,141.30,141.40,7950,111900
20200422,13:05,142.50,147.85,142.50,146.95,10050,111900
20200422,13:06,146.30,148.20,143.25,144.30,10500,110700
20200422,13:07,144.45,145.10,138.00,138.55,17400,110700
20200422,13:08,140.55,140.55,133.30,134.25,10425,106125
20200422,13:09,134.30,136.55,130.35,136.00,11250,106125
20200422,13:10,136.25,139.25,135.90,137.70,10425,106125
20200422,13:11,138.15,138.60,133.30,136.00,13425,106125
20200422,13:12,135.05,140.80,135.05,140.80,10275,108600
20200422,13:13,141.20,145.00,139.80,139.80,11775,108600
20200422,13:14,139.25,140.30,136.20,137.40,16950,113100
20200422,13:15,136.50,141.40,135.90,137.80,6825,113100
20200422,13:16,138.85,139.40,130.00,130.50,13050,113100
20200422,13:17,131.10,134.05,127.15,127.15,9075,113925
20200422,13:18,127.95,130.00,126.00,128.40,6000,113925
20200422,13:19,129.15,136.95,129.00,134.70,16125,113925
20200422,13:20,133.65,136.60,132.25,134.55,5325,116100
20200422,13:21,134.30,140.45,134.30,140.45,4950,116100
20200422,13:22,138.00,139.15,134.00,138.40,7650,116100
20200422,13:23,140.00,141.45,136.25,140.00,11175,116100
20200422,13:24,140.70,142.70,136.25,139.45,9825,117900
20200422,13:25,139.50,140.90,134.50,135.90,10800,117900
20200422,13:26,135.95,138.00,133.00,137.30,9525,117900
20200422,13:27,138.10,138.10,131.60,131.60,4200,121725
20200422,13:28,131.25,133.55,128.65,129.90,14625,121725
20200422,13:29,129.25,130.70,120.35,123.25,29175,121725
20200422,13:30,124.10,124.10,117.00,118.05,19575,118950
20200422,13:31,117.10,122.90,112.15,112.95,30900,118950
20200422,13:32,111.55,120.00,111.55,119.45,16275,118950
20200422,13:33,119.95,119.95,113.40,115.00,19725,114975
20200422,13:34,114.00,119.95,114.00,118.25,16350,114975
20200422,13:35,117.00,123.50,115.45,123.50,15675,114975
20200422,13:36,123.10,127.85,120.85,121.30,16800,120825
20200422,13:37,121.55,121.55,109.45,111.80,30825,120825
20200422,13:38,110.80,114.75,109.80,111.90,19350,120825
20200422,13:39,113.85,118.75,113.00,114.90,16950,124125
20200422,13:40,114.45,114.45,106.25,107.05,29850,124125
20200422,13:41,107.05,109.60,103.20,109.45,18075,124125
20200422,13:42,108.60,116.45,108.60,116.45,15000,121650
20200422,13:43,117.00,117.55,113.85,114.00,14325,121650
20200422,13:44,112.60,115.40,110.85,115.05,12000,121650
20200422,13:45,115.40,115.40,109.10,110.80,9150,119775
20200422,13:46,111.05,114.00,110.40,111.80,9600,119775
20200422,13:47,111.55,118.75,110.60,118.40,16500,119775
20200422,13:48,118.50,118.95,115.00,115.30,9000,114525
20200422,13:49,114.00,121.00,114.00,119.70,12000,114525
20200422,13:50,119.60,124.45,119.60,122.00,17475,114525
20200422,13:51,120.85,122.25,115.85,116.10,13650,110100
20200422,13:52,117.40,119.15,116.20,118.10,8325,110100
20200422,13:53,118.00,124.30,117.95,121.90,15600,110100
20200422,13:54,121.75,121.85,118.20,118.45,4575,108450
20200422,13:55,119.05,123.80,117.50,121.90,18450,108450
20200422,13:56,123.65,128.90,122.15,127.15,16200,108450
20200422,13:57,126.20,129.85,125.45,127.40,18525,112350
20200422,13:58,127.55,130.65,126.55,127.05,12750,112350
20200422,13:59,126.75,128.55,121.00,121.00,16875,112350
20200422,14:00,122.35,128.10,122.35,128.00,10275,110175
20200422,14:01,126.95,130.00,124.95,127.40,9075,110175
20200422,14:02,128.35,130.00,126.00,127.15,6825,110175
20200422,14:03,127.50,129.75,127.00,127.55,6075,110925
20200422,14:04,127.80,128.70,124.15,125.90,7350,110925
20200422,14:05,125.60,125.65,120.50,125.05,14175,110925
20200422,14:06,125.60,134.50,125.60,133.55,23775,112650
20200422,14:07,132.70,134.35,131.45,133.45,12900,112650
20200422,14:08,133.00,136.25,131.65,134.00,12750,112650
20200422,14:09,134.95,135.00,131.15,132.45,9000,110625
20200422,14:10,131.80,141.40,131.80,136.80,17550,110625
20200422,14:11,137.75,138.40,134.50,134.95,4800,110625
20200422,14:12,134.85,135.15,130.80,132.15,8175,110475
20200422,14:13,133.00,136.60,132.15,134.35,11025,110475
20200422,14:14,136.10,136.50,132.25,132.25,4200,110475
20200422,14:15,133.70,146.05,133.45,145.40,21525,107175
20200422,14:16,145.20,146.40,140.25,140.25,12750,107175
20200422,14:17,140.90,155.00,140.40,151.20,30225,107175
20200422,14:18,152.50,155.85,147.50,147.50,15900,99975
20200422,14:19,147.25,149.00,142.80,146.00,8475,99975
20200422,14:20,145.65,151.95,145.00,147.00,5850,99975
20200422,14:21,148.95,148.95,142.95,143.25,2025,101850
20200422,14:22,144.30,145.50,142.00,142.00,4875,101850
20200422,14:23,142.00,145.15,140.50,140.50,7050,101850
20200422,14:24,141.30,149.50,141.30,146.80,6225,103350
20200422,14:25,147.20,149.95,142.00,142.00,6450,103350
20200422,14:26,142.30,143.75,136.55,142.45,11925,103350
20200422,14:27,143.10,150.55,143.05,148.15,5550,103050
20200422,14:28,148.85,149.00,145.65,148.30,3975,103050
20200422,14:29,150.10,150.10,143.80,147.50,3975,103050
20200422,14:30,147.50,157.00,147.50,151.35,13875,102975
20200422,14:31,151.85,160.30,151.85,157.70,15225,102975
20200422,14:32,158.00,161.90,155.10,161.40,7425,102975
20200422,14:33,161.20,165.50,158.85,162.00,11100,102900
20200422,14:34,162.90,163.85,159.40,160.95,5025,102900
20200422,14:35,162.05,171.75,161.45,171.70,13050,102900
20200422,14:36,170.70,170.70,163.20,165.70,7125,99750
20200422,14:37,163.55,165.00,160.00,161.05,6000,99750
20200422,14:38,161.15,166.90,161.15,164.75,8775,99750
20200422,14:39,162.00,166.75,160.40,160.40,3300,101100
20200422,14:40,159.85,161.65,156.25,157.40,7950,101100
20200422,14:41,157.90,161.35,153.65,159.55,7800,101100
20200422,14:42,160.30,165.00,160.25,163.45,3975,98400
20200422,14:43,164.00,177.35,164.00,171.30,22425,98400
20200422,14:44,172.20,175.00,169.75,172.85,13950,98400
20200422,14:45,174.05,180.95,172.15,179.80,14100,95925
20200422,14:46,179.30,181.20,173.00,173.00,11325,95925
20200422,14:47,173.25,178.25,172.35,177.60,10800,95925
20200422,14:48,176.60,176.60,170.15,170.30,4575,94050
20200422,14:49,171.85,185.00,171.85,182.15,11775,94050
20200422,14:50,181.50,181.75,176.40,180.45,3975,94050
20200422,14:51,181.00,182.30,174.10,174.10,9975,89850
20200422,14:52,174.35,179.00,173.25,177.80,5100,89850
20200422,14:53,178.00,178.00,174.00,174.00,3075,89850
20200422,14:54,173.00,173.75,169.00,169.80,2775,88800
20200422,14:55,169.00,177.15,169.00,176.45,7050,88800
20200422,14:56,176.05,179.00,172.75,176.80,3525,88800
20200422,14:57,176.00,176.50,170.05,172.30,3675,89025
20200422,14:58,171.00,171.00,165.00,168.00,3300,89025
20200422,14:59,171.45,174.10,170.65,171.55,6225,89025
20200422,15:00,172.80,172.80,165.00,167.95,3825,86925
20200422,15:01,167.25,172.00,163.10,163.10,4125,86925
20200422,15:02,161.80,164.55,151.00,152.65,6075,86925
20200422,15:03,150.00,157.25,148.10,157.25,6300,81525
20200422,15:04,158.55,160.35,155.85,156.75,3300,81525
20200422,15:05,155.35,157.30,155.35,156.10,2250,81525
20200422,15:06,156.15,160.00,156.15,158.75,3450,75825
20200422,15:07,158.40,158.40,149.90,153.70,5625,75825
20200422,15:08,154.50,156.65,152.10,152.10,1575,75825
20200422,15:09,151.60,154.15,151.60,154.15,3375,78075
20200422,15:10,152.00,160.00,150.80,159.30,11550,78075
20200422,15:11,160.30,165.00,159.50,160.50,8025,78075
20200422,15:12,161.90,163.90,159.55,159.55,3525,78225
20200422,15:13,160.00,162.15,157.85,160.85,2325,78225
20200422,15:14,161.60,162.30,160.60,160.60,1875,78225
20200422,15:15,160.00,160.00,155.95,156.15,7575,70575
20200422,15:16,155.20,155.55,150.85,155.35,5925,70575
20200422,15:17,153.00,157.40,153.00,155.25,7575,70575
20200422,15:18,156.55,158.00,152.60,157.00,3300,71475
20200422,15:19,154.70,155.00,153.30,154.40,5025,71475
20200422,15:20,153.95,158.05,153.55,158.05,4875,71475
20200422,15:21,158.80,160.30,157.50,160.00,2625,70650
20200422,15:22,160.00,162.00,160.00,162.00,900,70650
20200422,15:23,162.70,163.90,161.05,162.50,1575,70650
20200422,15:24,162.00,162.00,160.45,160.75,2100,69825
20200422,15:25,159.70,160.10,157.10,158.10,4200,69825
20200422,15:26,159.80,160.00,157.70,160.00,4575,69825
20200422,15:27,161.10,161.85,160.30,161.85,2850,67650
20200422,15:28,162.00,162.00,161.10,161.50,1350,67650
20200422,15:29,161.40,165.00,161.15,165.00,2625,67650
20200423,09:15,135.15,135.15,115.70,125.00,6527,55200
20200423,09:16,128.00,132.25,128.00,130.35,10875,55200
20200423,09:17,131.05,143.15,130.45,143.15,3300,56550
20200423,09:18,143.45,150.00,141.35,146.10,2925,56550
20200423,09:19,146.00,151.75,145.00,150.85,2625,56550
20200423,09:20,147.95,148.50,136.15,136.15,1425,56325
20200423,09:21,134.00,144.55,134.00,144.55,1200,56325
20200423,09:22,145.30,149.40,141.15,145.65,2625,56325
20200423,09:23,144.00,148.20,141.75,145.00,1125,57300
20200423,09:24,143.50,146.15,143.50,144.65,375,57300
20200423,09:25,149.75,156.50,145.95,151.75,3750,57300
20200423,09:26,154.35,163.75,154.35,158.40,3675,55125
20200423,09:27,158.90,159.75,154.50,154.50,3150,55125
20200423,09:28,155.00,155.40,146.45,149.30,2250,55125
20200423,09:29,151.00,154.50,148.05,151.10,2625,56625
20200423,09:30,149.95,152.25,142.75,145.15,1125,56625
20200423,09:31,144.40,149.45,142.75,146.10,1725,56625
20200423,09:32,147.75,151.50,147.10,151.50,2175,57000
20200423,09:33,155.95,163.00,155.95,163.00,4125,57000
20200423,09:34,158.85,160.75,152.95,157.55,1200,57000
20200423,09:35,159.35,166.00,158.80,164.85,1575,54975
20200423,09:36,165.10,169.00,162.25,162.25,900,54975
20200423,09:37,160.00,167.40,155.65,167.40,3000,54975
20200423,09:38,168.20,168.20,160.30,160.30,1425,49725
20200423,09:39,160.80,161.00,159.20,161.00,300,49725
20200423,09:40,158.55,160.80,156.55,160.80,975,49725
20200423,09:41,161.35,161.35,154.50,157.50,1125,50325
20200423,09:42,156.50,158.60,152.80,158.60,1725,50325
20200423,09:43,152.30,155.00,152.30,155.00,525,50325
20200423,09:44,156.05,162.10,156.05,162.10,1125,50775
20200423,09:45,165.00,171.00,165.00,169.05,3675,50775
20200423,09:46,168.00,175.15,168.00,174.90,4200,50775
20200423,09:47,174.25,177.50,173.05,176.70,2025,48600
20200423,09:48,176.80,176.80,171.00,171.00,1050,48600
20200423,09:49,171.85,173.50,171.85,172.80,375,48600
20200423,09:50,176.40,183.35,176.40,179.00,4050,48525
20200423,09:51,183.10,183.10,178.05,179.75,1050,48525
20200423,09:52,181.55,185.05,178.95,183.75,1800,48525
20200423,09:53,184.85,188.00,184.85,188.00,2025,47100
20200423,09:54,189.45,189.45,185.00,185.00,825,47100
20200423,09:55,183.65,189.05,183.65,189.05,1125,47100
20200423,09:56,190.00,195.90,190.00,195.90,1200,44100
20200423,09:57,195.00,200.00,195.00,200.00,975,44100
20200423,09:58,200.00,200.00,195.00,196.65,2775,44100
20200423,09:59,196.20,200.00,196.20,196.25,375,43350
20200423,10:00,202.90,202.90,197.20,197.20,900,43350
20200423,10:01,199.90,199.90,193.80,193.80,600,43350
20200423,10:02,193.80,196.40,193.20,193.20,1275,43050
20200423,10:03,192.85,196.90,192.85,196.90,150,43050
20200423,10:04,196.00,201.15,196.00,198.90,1050,43050
20200423,10:05,199.00,200.40,190.70,192.00,2175,43200
20200423,10:06,190.00,191.35,187.25,187.25,750,43200
20200423,10:07,189.15,192.80,186.00,192.25,975,43200
20200423,10:08,191.30,196.95,191.30,195.00,750,42150
20200423,10:09,195.95,195.95,195.95,195.95,225,42150
20200423,10:10,194.45,194.45,192.60,192.60,750,42150
20200423,10:12,194.00,199.40,194.00,197.90,825,42375
20200423,10:13,197.55,197.55,196.00,196.00,150,42375
20200423,10:14,198.00,198.40,194.50,194.50,450,41700
20200423,10:15,194.85,194.85,192.00,194.35,375,41700
20200423,10:16,198.40,201.00,198.40,201.00,600,41700
20200423,10:17,200.00,202.15,199.00,202.15,825,41400
20200423,10:18,199.90,203.00,199.65,203.00,675,41400
20200423,10:19,202.50,210.00,202.50,208.10,1575,41400
20200423,10:20,206.05,206.05,204.50,204.50,525,41475
20200423,10:21,203.00,203.00,202.00,202.85,375,41475
20200423,10:22,203.65,209.00,203.65,209.00,375,41475
20200423,10:23,208.90,212.75,206.90,210.35,1350,40425
20200423,10:24,208.00,210.00,206.50,209.00,1275,40425
20200423,10:25,215.00,215.45,211.30,211.30,1725,40425
20200423,10:26,213.40,213.40,209.50,209.50,750,38925
20200423,10:27,213.15,213.90,212.70,213.90,975,38925
20200423,10:28,210.30,212.20,208.85,208.85,1125,38925
20200423,10:29,205.55,205.55,204.30,204.30,675,38250
20200423,10:30,206.75,208.00,206.75,208.00,1125,38250
20200423,10:32,202.50,202.50,202.50,202.50,75,37950
20200423,10:33,201.80,208.80,201.80,208.80,525,37950
20200423,10:34,209.05,215.35,209.05,215.35,525,37950
20200423,10:35,216.00,220.10,216.00,216.50,1125,37275
20200423,10:36,216.95,223.85,216.95,223.30,1350,37275
20200423,10:37,222.90,223.00,219.00,219.00,1125,37275
20200423,10:38,221.45,224.35,218.55,218.55,1050,37050
20200423,10:40,217.15,217.15,212.00,212.15,600,37050
20200423,10:41,212.40,212.40,210.80,210.80,675,36150
20200423,10:43,218.95,219.55,218.10,219.55,600,36150
20200423,10:45,221.40,221.55,221.40,221.55,225,36000
20200423,10:46,222.25,229.35,222.20,229.35,675,36000
20200423,10:47,225.90,225.90,221.00,221.00,300,35700
20200423,10:48,222.50,222.50,222.50,222.50,75,35700
20200423,10:49,222.50,222.50,220.20,220.20,150,35700
20200423,10:50,219.00,219.00,218.05,218.05,300,35625
20200423,10:52,217.00,217.00,217.00,217.00,75,35625
20200423,10:53,215.20,215.20,211.20,213.90,450,36000
20200423,10:54,214.70,214.70,214.70,214.70,75,36000
20200423,10:55,218.00,219.25,218.00,219.25,225,36000
20200423,10:56,217.00,217.00,213.75,213.75,450,36000
20200423,10:57,212.80,212.80,212.80,212.80,75,36000
20200423,10:58,210.20,210.20,209.20,209.20,675,36000
20200423,10:59,208.00,208.00,208.00,208.00,225,35925
20200423,11:01,212.35,212.35,212.35,212.35,225,35925
20200423,11:02,211.50,211.75,211.50,211.75,225,35775
20200423,11:03,215.00,216.80,215.00,216.80,300,35775
20200423,11:04,217.40,217.40,216.00,216.00,150,35775
20200423,11:05,213.50,213.50,213.50,213.50,150,35775
20200423,11:06,213.50,213.50,210.00,210.00,300,35475
20200423,11:07,208.95,208.95,200.65,200.65,900,35475
20200423,11:08,200.65,200.65,200.00,200.00,450,35475
20200423,11:09,202.90,205.05,200.00,200.00,525,35850
20200423,11:10,200.75,201.20,200.75,201.20,150,35850
20200423,11:11,197.85,198.00,197.85,198.00,150,36000
20200423,11:12,197.75,200.00,196.60,196.60,675,36000
20200423,11:13,195.00,195.00,195.00,195.00,225,36000
20200423,11:14,200.30,200.30,200.30,200.30,75,36000
20200423,11:15,201.45,201.45,197.85,197.85,600,36225
20200423,11:16,199.80,199.80,197.85,197.85,150,36225
20200423,11:17,194.90,194.90,189.10,189.35,1275,36225
20200423,11:18,195.80,199.55,195.80,199.55,300,36225
20200423,11:19,199.80,204.20,199.80,204.20,150,36225
20200423,11:20,206.50,209.80,205.60,209.80,375,36075
20200423,11:21,209.80,214.00,209.20,214.00,525,36075
20200423,11:22,215.00,215.75,214.60,214.60,525,36075
20200423,11:23,213.65,213.95,211.20,211.65,1350,35700
20200423,11:24,212.60,214.60,212.60,214.60,300,35700
20200423,11:26,217.15,222.60,217.15,222.60,675,35550
20200423,11:27,221.50,222.60,220.00,220.00,1275,35550
20200423,11:28,215.00,215.00,215.00,215.00,75,35550
20200423,11:30,215.00,215.00,215.00,215.00,75,34650
20200423,11:32,218.00,222.20,218.00,220.95,450,34500
20200423,11:33,222.30,224.00,222.30,224.00,150,34500
20200423,11:34,226.90,226.90,225.55,225.55,225,34500
20200423,11:35,228.00,228.00,228.00,228.00,75,34500
20200423,11:37,220.95,225.00,220.95,225.00,525,34275
20200423,11:39,222.45,222.45,222.45,222.45,75,34350
20200423,11:40,225.00,231.00,225.00,231.00,600,34350
20200423,11:41,231.00,231.80,227.65,227.65,1275,33300
20200423,11:43,229.25,231.00,229.25,231.00,375,33300
20200423,11:44,229.50,229.50,228.10,228.10,450,33600
20200423,11:45,224.55,224.55,224.55,224.55,375,33600
20200423,11:46,225.40,225.95,225.40,225.95,150,33600
20200423,11:47,223.90,227.00,223.90,227.00,300,33675
20200423,11:48,229.00,231.20,229.00,231.20,525,33675
20200423,11:49,233.00,233.80,233.00,233.80,225,33675
20200423,11:51,233.80,233.80,229.50,229.50,225,33600
20200423,11:52,230.00,232.60,230.00,232.60,150,33600
20200423,11:53,236.00,236.00,236.00,236.00,150,33600
20200423,11:54,238.00,238.00,238.00,238.00,150,33750
20200423,11:55,237.80,237.80,234.50,234.50,300,33750
20200423,11:56,233.90,233.90,232.95,233.00,300,33300
20200423,11:59,239.50,242.90,239.50,242.90,375,33150
20200423,12:00,243.50,243.50,243.50,243.50,75,33150
20200423,12:01,245.00,245.80,244.15,244.15,375,33150
20200423,12:02,244.15,244.15,244.10,244.10,150,33150
20200423,12:03,240.85,240.85,239.55,239.55,375,33075
20200423,12:05,239.10,239.10,239.10,239.10,75,33075
20200423,12:07,233.20,235.20,233.00,235.20,900,33075
20200423,12:11,238.10,239.85,237.75,239.85,525,33300
20200423,12:12,238.40,240.05,237.35,238.05,675,33300
20200423,12:13,237.50,237.50,237.50,237.50,75,33300
20200423,12:14,236.70,237.70,236.70,237.70,225,33000
20200423,12:16,239.25,240.15,239.25,239.75,375,33000
20200423,12:17,238.10,245.60,238.10,245.60,900,32625
20200423,12:18,243.15,247.00,243.15,247.00,600,32625
20200423,12:19,247.00,255.00,247.00,255.00,2625,32625
20200423,12:20,252.40,252.40,252.40,252.40,150,32625
20200423,12:21,249.20,251.00,249.20,249.70,1425,32625
20200423,12:22,248.80,248.80,248.40,248.40,225,32625
20200423,12:23,248.40,248.40,248.40,248.40,75,32625
20200423,12:24,243.60,244.20,243.60,244.20,150,31125
20200423,12:25,241.25,241.25,239.15,240.00,675,31125
20200423,12:26,241.45,241.45,241.45,241.45,75,31125
20200423,12:27,240.00,240.00,233.00,233.00,675,31425
20200423,12:28,234.20,237.30,230.00,237.30,450,31425
20200423,12:29,241.30,241.30,241.30,241.30,150,31425
20200423,12:30,238.00,238.00,238.00,238.00,75,31350
20200423,12:31,236.00,236.55,234.65,234.65,525,31350
20200423,12:32,237.50,237.50,237.50,237.50,75,31350
20200423,12:33,239.50,239.50,234.50,234.50,225,31500
20200423,12:34,233.95,235.70,232.50,232.50,225,31500
20200423,12:35,229.05,229.05,229.05,229.05,150,31500
20200423,12:36,230.30,236.80,230.30,236.80,375,31500
20200423,12:37,242.05,242.05,242.05,242.05,150,31500
20200423,12:39,245.00,245.00,245.00,245.00,150,31350
20200423,12:40,248.70,249.55,247.00,247.00,525,31350
20200423,12:41,248.85,250.40,248.00,249.95,600,31425
20200423,12:42,246.65,249.15,246.65,246.65,825,31425
20200423,12:43,246.65,246.65,246.65,246.65,75,31425
20200423,12:44,249.75,249.75,249.75,249.75,300,31425
20200423,12:45,243.10,243.10,243.05,243.05,150,31350
20200423,12:46,241.80,241.80,238.40,238.40,450,31350
20200423,12:47,242.05,242.05,241.00,241.00,225,31200
20200423,12:49,241.70,241.70,240.95,240.95,225,31200
20200423,12:50,240.90,240.90,240.90,240.90,75,31200
20200423,12:51,240.90,240.90,240.90,240.90,150,31350
20200423,12:52,239.00,239.00,237.35,237.35,225,31350
20200423,12:53,238.10,238.10,238.10,238.10,225,31350
20200423,12:54,233.75,233.75,230.00,230.30,375,31500
20200423,12:55,229.85,229.85,228.00,228.00,150,31500
20200423,12:56,230.00,234.50,230.00,234.50,150,31500
20200423,12:59,242.50,242.50,242.25,242.25,525,31650
20200423,13:00,245.00,245.00,244.00,244.00,600,31650
20200423,13:02,238.05,238.05,238.05,238.05,375,31650
20200423,13:03,233.85,233.85,233.85,233.85,150,32100
20200423,13:05,228.00,228.00,220.15,220.15,900,32550
20200423,13:06,220.15,225.40,215.00,215.00,3675,32550
20200423,13:07,215.15,215.15,211.40,211.40,375,32550
20200423,13:08,216.45,219.35,216.45,219.35,450,32550
20200423,13:09,225.45,227.10,224.85,224.85,375,34725
20200423,13:10,219.35,219.35,215.75,215.80,300,34725
20200423,13:11,211.50,213.80,211.50,213.80,300,34650
20200423,13:12,210.00,210.00,210.00,210.00,525,34650
20200423,13:13,209.80,215.80,209.80,215.80,300,34650
20200423,13:14,224.00,224.00,224.00,224.00,75,34650
20200423,13:15,215.80,215.80,212.50,212.50,1500,34650
20200423,13:16,210.05,210.05,210.05,210.05,75,34650
20200423,13:17,205.45,209.55,204.60,209.55,5175,34650
20200423,13:18,210.60,210.60,208.35,209.20,375,32775
20200423,13:19,209.20,211.75,209.20,211.75,900,32775
20200423,13:20,200.00,200.00,200.00,200.00,300,32775
20200423,13:21,195.25,195.25,183.60,192.40,7800,31500
20200423,13:22,190.60,197.50,190.60,196.45,975,31500
20200423,13:23,200.40,204.05,200.40,203.55,900,31500
20200423,13:24,202.55,202.55,198.65,198.65,150,31875
20200423,13:25,197.15,197.15,192.95,195.00,2625,31875
20200423,13:26,197.90,207.50,197.90,205.20,825,31875
20200423,13:27,208.20,208.20,208.20,208.20,75,30975
20200423,13:28,206.70,209.75,206.70,208.80,525,30975
20200423,13:29,211.20,211.50,208.60,208.60,1350,30975
20200423,13:30,197.95,197.95,197.90,197.90,300,29850
20200423,13:31,206.55,206.55,206.55,206.55,150,29850
20200423,13:32,206.60,206.60,206.55,206.55,225,29850
20200423,13:33,207.05,207.05,206.65,206.65,300,29325
20200423,13:34,197.60,199.50,193.00,193.00,1275,29325
20200423,13:36,184.60,187.15,179.70,179.70,1575,28650
20200423,13:37,178.40,179.20,172.70,172.70,450,28650
20200423,13:38,173.70,187.10,173.70,187.10,675,28650
20200423,13:39,187.10,187.10,180.00,180.55,825,29100
20200423,13:40,180.05,185.00,178.40,185.00,3975,29100
20200423,13:41,189.00,190.00,187.00,190.00,225,29100
20200423,13:42,193.55,193.55,193.35,193.35,300,26475
20200423,13:43,192.60,193.55,192.60,193.55,300,26475
20200423,13:44,199.95,199.95,199.95,199.95,150,26475
20200423,13:45,199.85,199.85,199.85,199.85,75,26100
20200423,13:46,204.00,208.85,204.00,208.85,225,26100
20200423,13:47,208.70,214.00,208.70,213.35,1650,26100
20200423,13:48,210.00,210.00,210.00,210.00,450,26100
20200423,13:49,210.00,210.00,210.00,210.00,150,26100
20200423,13:50,215.00,221.15,214.55,221.15,2700,26100
20200423,13:51,225.00,226.15,225.00,225.00,600,25950
20200423,13:52,221.30,222.60,221.30,222.60,150,25950
20200423,13:54,230.00,235.00,230.00,234.95,1125,24750
20200423,13:56,228.45,228.80,223.70,228.80,675,24750
20200423,13:59,234.10,237.55,234.10,237.55,300,24150
20200423,14:00,240.00,241.95,240.00,240.95,1350,24375
20200423,14:01,238.10,238.10,238.10,238.10,375,24375
20200423,14:04,240.00,241.10,240.00,241.10,750,24150
20200423,14:05,243.00,246.65,243.00,246.65,1200,24150
20200423,14:06,251.20,251.20,244.80,247.00,2325,24675
20200423,14:08,247.00,247.05,245.00,245.00,300,24675
20200423,14:09,241.50,245.15,241.50,245.15,1275,25425
20200423,14:11,240.05,241.00,234.35,241.00,675,25425
20200423,14:12,242.00,245.00,242.00,245.00,375,24825
20200423,14:14,246.75,246.75,246.75,246.75,75,24825
20200423,14:15,248.15,256.25,248.15,256.25,675,24450
20200423,14:16,251.80,253.65,251.80,253.65,525,24450
20200423,14:17,253.95,253.95,251.85,251.85,450,24450
20200423,14:18,257.85,258.50,246.70,246.70,1800,24300
20200423,14:19,248.10,248.10,245.00,245.00,300,24300
20200423,14:20,240.55,245.95,240.55,245.40,300,24300
20200423,14:21,250.60,250.60,250.60,250.60,150,24000
20200423,14:22,254.50,254.50,253.10,253.10,225,24000
20200423,14:23,257.55,257.55,257.55,257.55,75,24000
20200423,14:25,254.75,254.75,254.75,254.75,75,23625
20200423,14:26,255.05,255.05,255.05,255.05,150,23625
20200423,14:27,245.90,249.20,244.00,249.20,675,23700
20200423,14:28,240.20,240.20,234.15,234.15,1275,23700
20200423,14:29,233.65,241.35,233.65,241.35,600,23700
20200423,14:30,234.20,234.20,227.15,227.15,225,23925
20200423,14:31,230.30,238.10,230.30,237.20,1425,23925
20200423,14:32,239.50,244.70,239.50,244.70,150,23925
20200423,14:33,238.05,240.20,238.05,240.20,300,25200
20200423,14:34,247.60,251.45,247.60,251.45,600,25200
20200423,14:35,250.60,251.35,246.30,248.60,1275,25200
20200423,14:36,248.60,248.85,243.45,244.65,1125,23625
20200423,14:38,244.75,244.75,244.75,244.75,75,23625
20200423,14:39,247.85,249.95,247.45,247.45,300,23475
20200423,14:40,254.55,255.95,250.25,253.00,1050,23475
20200423,14:41,257.55,264.90,257.55,264.90,900,23475
20200423,14:42,259.60,259.60,259.60,259.60,75,23475
20200423,14:43,268.20,283.90,268.20,277.85,2475,23475
20200423,14:44,277.50,277.50,277.50,277.50,75,23475
20200423,14:45,284.30,284.50,284.30,284.50,1575,23475
20200423,14:46,276.25,276.25,266.45,266.45,2475,23475
20200423,14:47,270.20,270.20,270.00,270.00,225,23475
20200423,14:48,269.10,269.10,265.05,265.15,300,23025
20200423,14:49,256.90,265.00,256.90,265.00,450,23025
20200423,14:50,262.15,270.40,262.15,270.40,375,23025
20200423,14:54,263.70,263.70,263.70,263.70,75,22575
20200423,14:57,269.55,269.55,269.55,269.55,75,22575
20200423,14:58,273.40,275.40,270.85,270.85,1350,21750
20200423,14:59,273.60,282.85,273.35,282.85,600,21750
20200423,15:00,282.10,285.15,271.25,272.55,1575,21375
20200423,15:01,276.80,283.25,275.15,283.25,13275,21375
20200423,15:02,277.35,279.80,272.45,272.45,1800,21375
20200423,15:03,270.80,277.55,270.80,277.55,675,28125
20200423,15:04,270.00,270.75,268.25,269.35,1800,28125
20200423,15:05,270.95,271.00,270.95,271.00,750,28125
20200423,15:06,262.75,266.05,258.10,258.75,3075,29175
20200423,15:07,260.00,262.80,260.00,262.80,1275,29175
20200423,15:08,266.10,266.55,265.00,265.00,1050,29175
20200423,15:09,263.15,263.15,261.85,261.85,375,24600
20200423,15:10,262.05,263.25,256.00,260.10,9675,24600
20200423,15:11,262.00,262.00,261.55,261.55,225,24600
20200423,15:12,258.20,259.15,257.00,257.00,750,24600
20200423,15:13,257.60,257.85,257.60,257.85,300,23475
20200423,15:15,263.10,263.10,262.60,262.60,825,23700
20200423,15:16,261.70,261.70,260.90,260.90,300,23700
20200423,15:17,263.50,263.50,259.90,259.90,1350,23700
20200423,15:18,260.80,262.50,260.80,262.50,300,23175
20200423,15:19,262.00,262.00,262.00,262.00,150,23175
20200423,15:20,263.05,263.05,262.85,262.85,450,23175
20200423,15:21,263.40,265.25,262.00,265.25,1950,22575
20200423,15:22,264.50,264.50,259.30,259.35,2025,22575
20200423,15:24,262.05,262.70,262.05,262.70,150,22275
20200423,15:25,262.75,263.65,262.45,262.45,2100,22275
20200423,15:26,262.45,262.80,262.45,262.80,675,22275
20200423,15:27,262.40,262.40,262.15,262.30,1200,20550
20200423,15:28,263.65,263.65,263.60,263.65,900,20550
20200423,15:29,263.90,263.90,251.00,251.00,525,20550
