20200113,11:13,64.85,64.90,64.85,64.90,1127,1125
20200113,11:14,44.10,44.10,44.10,44.10,75,1125
20200113,11:17,44.10,44.10,44.10,44.10,1050,1125
20200113,14:19,40.15,40.15,40.15,40.15,150,75
20200113,15:27,40.15,40.15,40.15,40.15,75,225
20200114,09:33,54.60,54.60,54.60,54.60,76,300
20200114,13:58,49.90,49.90,49.90,49.90,75,300
20200114,14:33,43.00,43.00,43.00,43.00,75,375
20200114,14:48,43.00,43.00,43.00,43.00,75,375
20200114,15:22,63.30,63.30,63.30,63.30,75,300
20200115,12:08,33.25,33.25,33.20,33.20,152,375
20200115,13:45,34.00,34.00,34.00,34.00,75,450
20200115,14:26,47.60,47.60,47.60,47.60,75,525
20200115,14:55,47.60,47.60,47.60,47.60,75,450
20200115,14:56,40.00,40.50,40.00,40.50,150,450
20200115,14:59,45.90,45.90,45.90,45.90,75,450
20200115,15:05,40.05,40.05,40.00,40.00,450,600
20200115,15:06,39.00,39.00,38.50,38.50,150,1050
20200115,15:07,38.00,38.00,38.00,38.00,150,1050
20200115,15:08,39.00,39.00,39.00,39.00,75,1050
20200115,15:29,34.05,34.05,34.05,34.05,225,1050
20200116,09:17,38.00,44.95,38.00,44.95,226,1350
20200116,09:21,44.95,44.95,44.95,44.95,300,1500
20200116,09:25,40.00,40.00,40.00,40.00,75,1500
20200116,09:37,39.80,39.80,39.80,39.80,75,1500
20200116,09:52,42.00,42.00,42.00,42.00,150,1500
20200116,10:35,41.00,41.00,41.00,41.00,75,1575
20200116,11:32,37.00,37.00,37.00,37.00,75,1575
20200116,13:09,35.05,35.05,35.05,35.05,225,1575
20200116,13:17,35.05,35.05,35.05,35.05,75,1575
20200116,13:39,36.25,36.25,36.25,36.25,75,1575
20200116,13:54,38.50,38.50,38.50,38.50,75,1575
20200116,14:02,41.95,41.95,41.95,41.95,75,1575
20200116,14:40,38.00,38.00,38.00,38.00,75,1575
20200116,14:42,37.00,37.00,37.00,37.00,150,1650
20200116,14:43,37.00,41.95,37.00,41.95,225,1650
20200116,15:28,38.00,38.00,38.00,38.00,150,1875
20200116,15:29,35.15,35.15,35.15,35.15,450,1875
20200117,09:22,35.15,35.15,35.15,35.15,76,1725
20200117,09:24,39.80,39.80,39.80,39.80,75,1800
20200117,09:33,39.80,39.80,39.80,39.80,150,1875
20200117,09:46,39.80,39.80,39.80,39.80,75,2025
20200117,09:49,35.25,35.25,35.25,35.25,75,2100
20200117,09:59,35.40,35.55,35.40,35.55,150,2100
20200117,10:01,37.45,37.45,37.45,37.45,75,2100
20200117,10:02,35.15,35.15,35.15,35.15,75,2100
20200117,10:11,35.00,35.00,35.00,35.00,75,2250
20200117,10:21,35.00,35.00,35.00,35.00,75,2325
20200117,11:29,36.00,36.00,36.00,36.00,75,2325
20200117,11:41,34.50,34.50,34.50,34.50,75,2400
20200117,11:43,34.00,34.00,34.00,34.00,75,2400
20200117,11:55,34.00,34.00,34.00,34.00,150,2475
20200117,12:01,33.10,33.10,33.10,33.10,75,2625
20200117,12:03,33.10,33.10,33.10,33.10,75,2700
20200117,12:18,33.10,35.00,33.10,35.00,300,2700
20200117,13:37,34.10,34.10,34.10,34.10,75,2700
20200117,13:39,33.05,33.05,33.05,33.05,75,2775
20200117,13:43,33.05,33.05,33.05,33.05,150,2700
20200117,13:48,35.00,35.00,35.00,35.00,375,2775
20200117,13:49,35.00,35.00,35.00,35.00,75,2775
20200117,14:02,35.00,35.00,35.00,35.00,75,3150
20200117,14:11,35.00,35.00,35.00,35.00,150,3150
20200117,14:32,34.35,34.35,34.35,34.35,75,3150
20200117,14:33,34.35,34.35,34.35,34.35,75,3150
20200117,14:36,34.90,34.90,34.90,34.90,525,3150
20200117,14:48,34.30,34.30,34.00,34.00,150,3000
20200117,15:00,30.10,30.10,30.10,30.10,750,3000
20200117,15:20,30.10,30.10,30.10,30.10,75,3675
20200120,09:19,32.30,32.30,32.30,32.30,76,3675
20200120,09:23,33.05,34.00,33.05,34.00,150,3750
20200120,09:26,34.95,34.95,34.95,34.95,75,3750
20200120,09:27,35.00,35.95,35.00,35.95,150,3750
20200120,09:36,35.95,35.95,30.10,30.10,150,3675
20200120,09:40,30.10,30.10,30.10,30.10,75,3750
20200120,09:44,30.00,30.00,30.00,30.00,75,3825
20200120,09:52,30.00,30.00,30.00,30.00,75,3825
20200120,09:53,31.45,31.45,31.45,31.45,75,3825
20200120,09:54,30.55,30.55,30.55,30.55,75,3675
20200120,10:00,30.55,30.55,30.55,30.55,75,3675
20200120,10:13,27.20,27.20,27.20,27.20,75,3675
20200120,10:30,27.20,27.20,27.20,27.20,75,3675
20200120,10:36,30.00,30.00,30.00,30.00,75,3675
20200120,10:42,30.00,30.00,30.00,30.00,75,3750
20200120,10:49,30.00,30.00,30.00,30.00,225,3825
20200120,10:51,30.00,30.00,30.00,30.00,75,3825
20200120,10:59,29.10,29.10,29.10,29.10,75,3825
20200120,11:02,27.10,27.10,27.10,27.10,225,3825
20200120,11:06,27.10,27.10,27.10,27.10,75,3825
20200120,11:10,27.10,27.10,27.10,27.10,300,3975
20200120,11:11,28.95,28.95,28.95,28.95,75,4050
20200120,11:12,29.00,29.00,29.00,29.00,75,4350
20200120,11:14,29.45,29.45,29.45,29.45,75,4350
20200120,11:16,29.35,29.35,29.35,29.35,75,4350
20200120,11:26,28.50,28.50,26.20,26.20,150,4425
20200120,11:39,26.20,26.20,26.20,26.20,75,4500
20200120,11:53,28.00,28.00,28.00,28.00,150,4500
20200120,12:01,28.95,28.95,28.95,28.95,75,4650
20200120,12:17,28.90,28.90,28.90,28.90,75,4575
20200120,12:42,29.65,29.65,29.65,29.65,75,4575
20200120,12:43,28.05,28.05,28.05,28.05,75,4575
20200120,13:13,27.25,27.25,27.25,27.25,75,4650
20200120,13:15,28.00,28.00,28.00,28.00,75,4725
20200120,13:23,27.65,27.65,27.65,27.65,75,4800
20200120,13:25,27.50,27.50,27.50,27.50,75,4800
20200120,13:26,27.50,27.50,27.50,27.50,150,4800
20200120,13:32,27.50,27.50,27.50,27.50,75,5025
20200120,13:42,28.00,28.00,28.00,28.00,75,5100
20200120,13:45,27.95,27.95,27.95,27.95,75,5100
20200120,13:47,27.95,27.95,27.95,27.95,75,5100
20200120,14:02,27.95,27.95,27.95,27.95,75,4950
20200120,14:11,27.85,27.85,27.85,27.85,75,4950
20200120,14:13,27.00,27.00,27.00,27.00,75,4950
20200120,14:14,27.00,27.00,27.00,27.00,150,4950
20200120,14:21,26.30,26.30,26.25,26.25,150,5100
20200120,14:22,27.90,27.90,27.90,27.90,75,5250
20200120,14:25,26.40,26.40,26.40,26.40,150,5325
20200120,14:26,26.20,26.20,26.00,26.00,150,5325
20200120,14:31,26.00,26.00,26.00,26.00,75,5625
20200120,14:32,26.85,26.85,26.85,26.85,75,5625
20200120,14:33,25.10,25.10,25.10,25.10,75,5625
20200120,14:58,25.10,26.95,25.10,26.95,300,5550
20200120,15:02,26.95,26.95,26.95,26.95,150,5550
20200120,15:04,26.05,26.05,26.05,26.05,75,5550
20200120,15:05,26.00,26.00,26.00,26.00,75,5550
20200120,15:07,25.50,25.50,25.50,25.50,75,5550
20200120,15:08,24.00,24.00,24.00,24.00,225,5550
20200120,15:16,24.00,24.00,24.00,24.00,75,5625
20200120,15:25,25.00,25.00,25.00,25.00,75,5625
20200120,15:27,25.90,25.90,25.90,25.90,150,5550
20200120,15:29,25.90,25.90,25.90,25.90,300,5475
20200121,10:35,23.00,23.00,23.00,23.00,76,5475
20200121,10:41,22.10,22.10,22.10,22.10,75,5475
20200121,10:55,22.05,22.05,22.05,22.05,150,5475
20200121,11:06,22.00,22.00,22.00,22.00,75,5625
20200121,11:24,22.00,22.00,22.00,22.00,150,5700
20200121,11:29,23.00,23.00,23.00,23.00,150,5850
20200121,11:48,24.00,24.00,24.00,24.00,75,5700
20200121,13:12,25.00,25.00,25.00,25.00,75,5700
20200121,13:19,25.00,25.00,25.00,25.00,75,5775
20200121,13:40,23.20,23.20,23.20,23.20,525,5775
20200121,13:49,23.50,23.50,23.50,23.50,150,5325
20200121,13:54,23.05,23.05,23.05,23.05,600,5475
20200121,13:59,23.50,23.50,23.50,23.50,150,5100
20200121,14:00,23.55,23.55,23.55,23.55,75,5250
20200121,14:35,24.00,24.00,24.00,24.00,75,5250
20200121,14:46,24.85,25.00,24.85,25.00,225,5325
20200121,14:57,25.05,25.05,24.30,24.30,300,5400
20200121,14:58,23.55,23.55,23.50,23.50,375,5700
20200121,14:59,23.50,23.50,23.50,23.50,75,5700
20200121,15:00,23.00,23.00,22.00,22.00,150,6150
20200121,15:11,22.25,23.85,22.25,23.85,150,6300
20200121,15:20,23.00,23.00,23.00,23.00,75,6225
20200122,09:22,20.00,20.00,20.00,20.00,76,6225
20200122,09:25,25.00,25.95,25.00,25.95,150,6300
20200122,09:38,25.95,25.95,25.95,25.95,75,6300
20200122,09:41,21.25,21.25,21.25,21.25,75,6375
20200122,09:48,22.20,22.20,22.20,22.20,75,6375
20200122,09:59,20.10,20.10,20.00,20.00,150,6375
20200122,10:13,22.50,22.50,22.50,22.50,75,6525
20200122,10:25,21.75,21.95,20.10,20.10,225,6600
20200122,10:35,21.00,21.00,21.00,21.00,75,6525
20200122,10:36,22.00,22.00,22.00,22.00,150,6525
20200122,10:38,22.25,22.25,22.25,22.25,75,6675
20200122,10:43,22.90,22.90,22.90,22.90,75,6675
20200122,10:57,20.30,20.30,20.30,20.30,75,6750
20200122,11:25,20.35,20.35,20.35,20.35,150,6675
20200122,11:27,20.05,20.05,20.00,20.00,450,6825
20200122,11:34,20.85,20.85,20.85,20.85,75,7275
20200122,11:36,19.05,19.05,19.05,19.05,225,7275
20200122,11:37,19.05,19.05,19.05,19.05,150,7275
20200122,11:40,19.95,19.95,19.95,19.95,75,7275
20200122,11:41,20.00,20.00,20.00,20.00,75,7575
20200122,11:46,19.50,19.50,19.30,19.30,150,7500
20200122,11:49,19.10,19.10,19.00,19.00,300,7650
20200122,12:03,19.00,19.00,19.00,19.00,450,7950
20200122,12:11,19.00,19.00,19.00,19.00,75,8400
20200122,12:12,19.00,19.00,19.00,19.00,300,8400
20200122,12:14,18.05,18.05,18.05,18.05,150,8400
20200122,12:15,18.05,18.05,18.00,18.00,300,8850
20200122,12:16,18.50,18.50,18.00,18.00,150,8850
20200122,12:29,18.50,18.50,18.50,18.50,75,8700
20200122,12:30,18.10,18.10,18.10,18.10,150,8700
20200122,12:37,18.20,18.20,18.20,18.20,75,8700
20200122,12:41,18.45,18.45,18.45,18.45,525,8850
20200122,12:44,18.45,18.45,18.45,18.45,75,8850
20200122,12:45,18.40,18.40,18.40,18.40,75,8850
20200122,13:09,18.10,18.10,18.00,18.00,150,8775
20200122,13:20,18.00,18.00,18.00,18.00,75,8850
20200122,13:26,18.00,18.00,18.00,18.00,75,8925
20200122,13:33,18.35,18.35,18.35,18.35,75,9000
20200122,13:34,18.40,18.40,18.00,18.00,150,9000
20200122,13:35,18.45,18.45,18.45,18.45,150,9000
20200122,13:38,18.00,18.00,18.00,18.00,75,8850
20200122,13:41,18.00,18.00,18.00,18.00,75,8925
20200122,13:47,17.75,17.75,17.75,17.75,75,9000
20200122,13:55,17.50,17.50,17.50,17.50,75,9000
20200122,13:57,17.50,17.50,17.50,17.50,150,9075
20200122,14:06,17.00,17.00,17.00,17.00,75,9150
20200122,14:08,16.50,16.50,16.20,16.20,225,9225
20200122,14:15,16.20,17.50,16.20,17.50,450,9375
20200122,14:16,17.50,17.50,17.50,17.50,75,9375
20200122,14:18,17.45,17.45,17.45,17.45,75,9000
20200122,14:19,17.50,17.50,17.50,17.50,150,9000
20200122,14:22,17.00,17.00,17.00,17.00,75,9000
20200122,14:24,16.55,16.55,16.55,16.55,75,9075
20200122,14:25,16.50,16.50,16.50,16.50,75,9075
20200122,14:31,17.25,17.25,17.25,17.25,75,9150
20200122,14:41,17.25,17.25,17.25,17.25,75,9150
20200122,15:02,17.70,17.70,17.70,17.70,150,9150
20200122,15:03,17.75,17.90,17.10,17.90,375,9000
20200122,15:05,18.00,18.00,18.00,18.00,525,9000
20200122,15:18,18.00,18.00,18.00,18.00,75,8625
20200122,15:19,18.00,18.00,18.00,18.00,75,8625
20200122,15:20,18.50,18.50,18.50,18.50,150,8625
20200122,15:27,17.05,17.05,17.05,17.05,75,8475
20200122,15:28,17.05,18.00,17.05,18.00,150,8400
20200123,09:15,15.00,15.00,15.00,15.00,76,8325
20200123,09:45,17.00,17.00,17.00,17.00,300,8400
20200123,10:01,17.00,17.00,17.00,17.00,75,8700
20200123,10:18,17.60,17.60,17.60,17.60,75,8700
20200123,10:37,17.60,17.60,17.60,17.60,75,8625
20200123,11:13,12.10,12.10,12.10,12.10,375,8700
20200123,11:15,15.00,15.00,15.00,15.00,75,8700
20200123,11:16,11.55,11.55,11.55,11.55,750,8625
20200123,11:17,11.55,16.65,11.55,16.65,750,8550
20200123,11:18,15.95,15.95,15.95,15.95,450,8550
20200123,11:21,16.95,16.95,16.95,16.95,150,7875
20200123,11:23,14.45,14.45,14.45,14.45,75,7875
20200123,11:25,14.50,14.50,14.50,14.50,75,7725
20200123,11:30,14.70,14.70,13.50,13.50,600,7650
20200123,11:32,14.40,14.40,14.40,14.40,150,7650
20200123,11:33,14.30,14.30,14.30,14.30,75,7800
20200123,11:34,14.20,14.20,14.10,14.10,225,7800
20200123,11:38,14.30,14.30,14.30,14.30,150,8100
20200123,11:45,14.50,14.50,14.50,14.50,75,8250
20200123,11:51,14.50,14.50,14.30,14.30,225,8250
20200123,12:02,14.00,14.00,13.55,14.00,375,8175
20200123,12:16,14.95,14.95,14.95,14.95,150,8175
20200123,12:20,15.00,15.00,15.00,15.00,300,8175
20200123,12:33,14.50,14.50,14.30,14.30,300,8325
20200123,12:34,14.25,14.25,14.05,14.05,225,8325
20200123,12:36,14.15,14.15,13.65,13.65,150,8625
20200123,12:38,14.15,14.15,14.15,14.15,75,8625
20200123,12:39,14.00,14.00,14.00,14.00,150,8700
20200123,12:40,14.00,14.20,14.00,14.20,225,8700
20200123,12:43,14.00,14.20,14.00,14.20,150,9075
20200123,12:46,14.15,14.15,13.55,13.55,150,9150
20200123,12:48,14.20,14.20,14.20,14.20,75,9150
20200123,12:58,14.20,14.20,14.20,14.20,150,9225
20200123,13:00,14.95,14.95,14.95,14.95,150,9225
20200123,13:03,14.50,14.50,14.50,14.50,75,9375
20200123,13:13,14.15,14.15,14.15,14.15,225,9450
20200123,13:20,14.05,14.05,14.05,14.05,75,9450
20200123,13:23,14.05,14.10,14.05,14.10,225,9675
20200123,13:27,14.10,14.10,14.10,14.10,300,9825
20200123,13:29,14.50,14.50,14.50,14.50,75,9825
20200123,13:43,15.00,15.00,15.00,15.00,75,9825
20200123,13:45,15.90,15.90,15.90,15.90,75,9825
20200123,13:47,15.50,15.50,15.50,15.50,150,9825
20200123,13:55,15.95,15.95,15.95,15.95,75,10050
20200123,13:57,15.90,15.90,15.90,15.90,225,10050
20200123,14:04,14.75,14.75,14.70,14.70,300,10200
20200123,14:10,14.70,15.15,14.70,15.15,300,10200
20200123,14:19,15.40,15.40,15.20,15.20,150,10275
20200123,14:46,15.20,16.00,15.20,16.00,150,10125
20200123,14:48,15.15,15.20,15.15,15.20,300,10125
20200123,14:53,15.90,15.90,15.90,15.90,75,9975
20200123,14:55,16.00,16.00,16.00,16.00,75,10050
20200123,14:58,15.75,15.75,15.55,15.55,375,10050
20200123,14:59,15.85,15.85,15.85,15.85,75,10050
20200123,15:00,15.15,15.15,15.15,15.15,300,10050
20200123,15:03,15.65,15.65,15.05,15.05,375,10800
20200123,15:14,15.30,15.35,15.30,15.35,150,11175
20200123,15:16,15.55,15.55,14.65,14.65,375,11100
20200123,15:19,14.50,14.50,14.50,14.50,75,11400
20200123,15:25,14.00,14.00,14.00,14.00,75,11400
20200124,09:22,12.05,12.05,12.05,12.05,76,11400
20200124,09:23,12.30,16.00,12.30,15.00,675,11400
20200124,09:24,15.00,15.00,13.60,14.00,1425,11400
20200124,09:25,14.90,14.90,14.90,14.90,75,11400
20200124,09:27,14.20,14.20,14.00,14.00,300,11775
20200124,09:30,14.80,14.80,14.80,14.80,150,12000
20200124,09:32,14.10,14.10,14.10,14.10,150,12000
20200124,09:33,14.00,14.00,14.00,14.00,75,12150
20200124,09:34,14.50,14.50,14.50,14.50,75,12150
20200124,09:35,13.85,14.35,13.55,14.35,450,12225
20200124,09:42,16.00,16.00,16.00,16.00,75,12525
20200124,09:44,16.85,16.85,16.85,16.85,75,12600
20200124,09:47,16.85,16.85,16.85,16.85,150,12600
20200124,09:50,15.10,15.30,14.10,14.90,2100,12900
20200124,09:53,14.10,14.70,14.10,14.70,225,14700
20200124,09:54,15.00,15.00,15.00,15.00,600,14700
20200124,09:57,14.80,15.00,14.80,15.00,300,14700
20200124,09:58,15.00,15.00,15.00,15.00,300,14700
20200124,10:01,15.00,15.00,15.00,15.00,75,14475
20200124,10:05,14.55,14.55,14.55,14.55,375,14475
20200124,10:07,15.60,15.60,14.80,14.80,150,14475
20200124,10:09,15.15,15.15,14.75,14.75,150,14925
20200124,10:10,15.10,15.10,14.80,15.00,825,14925
20200124,10:11,15.00,15.00,14.65,14.65,150,15825
20200124,10:12,14.50,14.50,14.50,14.50,150,15825
20200124,10:15,14.20,14.20,14.00,14.00,3975,16050
20200124,10:16,14.00,14.00,14.00,14.00,300,16050
20200124,10:17,13.95,13.95,13.95,13.95,225,19200
20200124,10:19,13.95,14.00,13.95,14.00,825,19200
20200124,10:21,14.00,14.00,13.95,13.95,675,19950
20200124,10:28,14.00,14.00,14.00,14.00,75,19950
20200124,10:29,14.00,14.00,14.00,14.00,75,19950
20200124,10:30,13.65,13.65,13.65,13.65,150,19950
20200124,10:36,13.75,13.75,13.75,13.75,150,20100
20200124,10:37,14.00,14.00,14.00,14.00,75,20100
20200124,10:38,13.90,13.95,13.90,13.95,225,20100
20200124,10:39,13.95,13.95,13.95,13.95,225,20325
20200124,10:41,13.90,13.90,13.90,13.90,75,20550
20200124,10:47,13.95,13.95,13.95,13.95,75,20550
20200124,10:48,13.65,13.95,13.65,13.95,300,20625
20200124,10:49,13.95,13.95,13.95,13.95,75,20625
20200124,10:50,13.95,13.95,13.95,13.95,150,20625
20200124,10:51,13.65,13.65,13.65,13.65,75,21150
20200124,10:53,13.50,13.50,13.50,13.50,75,21150
20200124,10:57,13.85,13.85,13.85,13.85,75,21150
20200124,10:58,13.50,13.50,13.50,13.50,225,21225
20200124,11:00,13.85,13.85,13.85,13.85,150,21525
20200124,11:01,13.85,13.95,13.85,13.95,300,21525
20200124,11:02,13.85,13.85,13.65,13.65,450,22050
20200124,11:05,14.45,14.45,14.05,14.05,375,22050
20200124,11:06,14.40,14.45,14.40,14.45,600,22500
20200124,11:24,13.90,13.90,13.90,13.90,75,22500
20200124,11:25,14.00,14.00,14.00,14.00,75,23100
20200124,11:27,13.90,13.90,13.90,13.90,150,23175
20200124,11:28,13.85,13.85,13.85,13.85,150,23175
20200124,11:29,13.85,13.85,13.85,13.85,150,23175
20200124,11:33,13.70,13.70,13.70,13.70,75,23550
20200124,11:36,14.20,14.20,14.20,14.20,75,23475
20200124,11:48,14.80,14.80,14.80,14.80,75,23475
20200124,11:51,14.65,14.65,14.65,14.65,150,23475
20200124,11:52,14.00,14.00,14.00,14.00,525,23475
20200124,11:55,14.25,14.25,14.25,14.25,75,24000
20200124,11:58,13.70,13.70,13.70,13.70,75,24075
20200124,11:59,13.65,13.65,13.65,13.65,75,24075
20200124,12:00,13.65,13.65,13.65,13.65,75,24075
20200124,12:01,14.35,14.35,14.35,14.35,150,24075
20200124,12:02,14.65,14.65,14.65,14.65,150,24075
20200124,12:04,14.65,14.65,14.65,14.65,75,24375
20200124,12:11,13.85,13.85,13.85,13.85,150,24375
20200124,12:12,14.15,14.15,14.15,14.15,300,24225
20200124,12:13,14.75,15.00,14.75,15.00,675,24225
20200124,12:15,14.90,14.90,14.90,14.90,75,24225
20200124,12:16,15.30,15.30,14.70,14.70,225,24900
20200124,12:17,14.35,14.35,14.35,14.35,225,24825
20200124,12:21,13.90,13.90,13.90,13.90,150,24825
20200124,12:22,14.10,14.10,14.10,14.10,75,24825
20200124,12:25,14.25,14.25,14.25,14.25,225,24750
20200124,12:27,14.25,14.25,14.25,14.25,375,24675
20200124,12:29,15.05,15.05,14.10,14.10,225,24675
20200124,12:31,14.40,14.90,14.40,14.90,150,24675
20200124,12:34,13.75,13.75,13.75,13.75,450,24675
20200124,12:35,14.50,14.70,14.00,14.00,525,25050
20200124,12:36,14.00,14.00,14.00,14.00,75,25050
20200124,12:39,14.45,14.45,14.45,14.45,75,25050
20200124,12:44,14.50,14.50,14.50,14.50,75,25350
20200124,12:56,14.10,14.10,14.10,14.10,150,25425
20200124,12:58,14.00,14.00,14.00,14.00,225,25350
20200124,13:01,13.70,13.70,13.70,13.70,225,25200
20200124,13:05,14.85,14.85,13.65,13.65,675,25125
20200124,13:07,14.75,14.75,14.75,14.75,75,25725
20200124,13:10,14.85,14.85,14.10,14.10,150,25725
20200124,13:12,14.25,14.85,14.25,14.85,150,25875
20200124,13:13,14.70,14.70,14.40,14.40,150,25875
20200124,13:18,14.50,14.50,14.50,14.50,150,25950
20200124,13:20,14.70,14.70,14.70,14.70,150,25950
20200124,13:21,14.65,14.95,14.65,14.95,150,26250
20200124,13:22,14.30,14.30,14.30,14.30,225,26250
20200124,13:27,14.35,14.35,14.20,14.20,600,26325
20200124,13:31,14.30,14.35,14.10,14.10,1500,26700
20200124,13:32,14.10,14.10,13.90,13.90,300,26700
20200124,13:33,13.90,13.95,13.80,13.80,300,28125
20200124,13:34,14.05,14.10,14.05,14.05,450,28125
20200124,13:35,14.15,14.50,14.15,14.20,3300,28125
20200124,13:36,14.20,14.20,14.05,14.05,600,32100
20200124,13:37,14.35,14.35,14.15,14.30,1500,32100
20200124,13:38,14.45,14.45,14.15,14.15,300,32100
20200124,13:39,14.25,14.25,14.25,14.25,150,34500
20200124,13:40,14.30,14.35,14.30,14.30,300,34500
20200124,13:42,14.00,14.00,13.80,13.80,600,34950
20200124,13:44,14.10,14.10,13.90,13.90,525,34950
20200124,13:45,14.00,14.00,13.90,13.90,150,35700
20200124,13:49,13.90,13.90,13.90,13.90,150,35700
20200124,13:53,14.25,14.25,14.05,14.20,225,35850
20200124,13:54,13.95,14.10,13.95,13.95,225,36150
20200124,13:55,14.05,14.45,14.05,14.45,1425,36150
20200124,13:56,14.15,14.15,14.15,14.15,300,36150
20200124,13:57,13.80,13.80,13.75,13.75,1200,36150
20200124,14:00,14.50,14.50,14.50,14.50,75,36150
20200124,14:02,14.90,14.90,14.05,14.05,1125,39000
20200124,14:05,14.70,14.70,14.00,14.00,1725,40125
20200124,14:06,14.30,14.30,14.30,14.30,75,40125
20200124,14:08,13.75,13.75,13.75,13.75,450,40125
20200124,14:10,14.00,14.00,14.00,14.00,150,40125
20200124,14:12,14.35,14.50,14.15,14.15,1275,40575
20200124,14:14,14.45,14.45,14.45,14.45,75,40575
20200124,14:15,14.50,14.50,14.50,14.50,225,40575
20200124,14:16,14.50,14.50,14.50,14.50,750,40575
20200124,14:18,23.70,23.70,23.70,23.70,5100,41475
20200124,14:19,15.40,15.50,15.00,15.00,3375,41475
20200124,14:20,14.60,14.60,14.60,14.60,225,41475
20200124,14:21,14.95,14.95,14.45,14.45,1800,46575
20200124,14:24,14.00,14.00,14.00,14.00,225,48300
20200124,14:25,14.40,14.45,14.40,14.45,150,48300
20200124,14:28,14.00,14.00,13.25,13.25,1350,48300
20200124,14:30,13.25,13.25,13.00,13.00,675,48075
20200124,14:31,13.75,13.75,13.65,13.65,225,48075
20200124,14:32,13.25,13.70,13.25,13.70,375,48075
20200124,14:33,13.65,13.65,12.60,12.60,1350,48150
20200124,14:35,12.50,13.00,12.50,13.00,1200,48150
20200124,14:36,13.60,13.75,12.60,12.70,675,48150
20200124,14:48,12.80,13.85,12.80,13.85,675,48150
20200124,14:50,14.05,14.05,14.05,14.05,825,48150
20200124,14:51,14.20,14.20,14.20,14.20,75,48150
20200124,14:53,14.40,14.40,14.40,14.40,75,48150
20200124,14:55,13.55,13.55,13.55,13.55,75,48375
20200124,14:57,14.00,14.00,14.00,14.00,75,48375
20200124,14:58,14.00,14.00,14.00,14.00,75,48375
20200124,15:00,13.50,13.50,13.50,13.50,150,48450
20200124,15:01,13.20,13.20,13.20,13.20,225,48450
20200124,15:02,13.00,13.00,13.00,13.00,75,48450
20200124,15:03,13.25,13.25,13.25,13.25,75,48450
20200124,15:04,13.30,13.30,13.00,13.00,600,48450
20200124,15:05,13.00,13.00,13.00,13.00,225,48450
20200124,15:10,14.30,14.30,14.30,14.30,75,48675
20200124,15:11,14.50,14.50,14.50,14.50,75,48675
20200124,15:13,10.00,10.00,10.00,10.00,4950,48825
20200124,15:14,10.00,13.50,10.00,12.70,975,48825
20200124,15:15,13.50,13.50,12.75,12.75,1800,49950
20200124,15:16,13.05,13.20,13.05,13.20,225,49950
20200124,15:17,13.00,13.00,13.00,13.00,150,49950
20200124,15:20,13.00,13.00,13.00,13.00,150,50550
20200124,15:21,13.00,13.00,13.00,13.00,75,50625
20200124,15:22,13.10,13.10,13.10,13.10,225,50625
20200124,15:23,13.50,13.50,13.15,13.15,1500,50625
20200124,15:24,13.50,13.50,13.50,13.50,75,50625
20200124,15:25,13.55,13.55,13.55,13.55,75,50700
20200124,15:26,13.90,13.90,13.90,13.90,75,50700
20200124,15:28,13.70,14.45,13.70,14.45,300,50850
20200124,15:29,14.00,14.50,14.00,14.50,975,50850
20200127,09:15,14.50,14.50,4.00,11.00,227,51525
20200127,09:17,12.45,12.45,8.75,8.75,450,51450
20200127,09:18,12.45,12.45,11.50,12.20,1275,51450
20200127,09:19,12.25,12.25,11.30,11.30,975,51450
20200127,09:23,13.90,13.90,13.90,13.90,375,51675
20200127,09:24,11.20,12.00,11.20,12.00,675,51675
20200127,09:25,11.00,11.00,11.00,11.00,975,51675
20200127,09:28,12.80,12.80,11.30,11.30,150,51600
20200127,09:29,12.70,12.70,12.70,12.70,75,51600
20200127,09:32,11.40,11.40,11.40,11.40,75,51675
20200127,09:33,11.35,11.35,11.05,11.05,150,51675
20200127,09:34,11.00,11.50,11.00,11.30,225,51675
20200127,09:37,11.70,12.85,11.70,12.85,225,51675
20200127,09:38,12.75,12.75,12.60,12.60,225,51675
20200127,09:40,11.50,13.00,11.50,13.00,1125,51675
20200127,09:41,13.00,13.05,11.65,12.50,4200,52200
20200127,09:42,12.15,12.85,12.15,12.35,2250,52200
20200127,09:43,12.50,13.00,12.50,12.85,2400,52200
20200127,09:44,12.95,12.95,12.55,12.80,1725,54525
20200127,09:45,13.00,13.00,12.80,12.85,825,54525
20200127,09:46,12.70,13.00,12.50,12.50,1125,54525
20200127,09:47,12.40,12.40,12.40,12.40,150,54525
20200127,09:49,12.00,12.00,11.85,11.85,2775,54675
20200127,09:50,11.85,11.90,11.55,11.55,6300,60600
20200127,09:51,11.50,11.50,11.35,11.35,300,60600
20200127,09:52,11.25,11.25,11.05,11.15,975,60600
20200127,09:53,11.30,11.35,11.20,11.35,675,63825
20200127,09:54,11.25,11.30,11.15,11.15,825,63825
20200127,09:55,11.00,11.15,11.00,11.15,2175,63825
20200127,09:56,11.15,11.15,11.15,11.15,225,63825
20200127,09:57,11.15,11.15,11.05,11.05,2550,66375
20200127,09:58,11.15,11.15,11.00,11.05,2700,66375
20200127,09:59,11.15,11.15,11.05,11.10,2400,71625
20200127,10:00,11.00,11.10,10.80,10.95,2925,71625
20200127,10:01,10.95,10.95,10.85,10.85,2775,71625
20200127,10:02,10.85,10.85,10.75,10.75,6450,83475
20200127,10:04,10.55,10.65,10.55,10.65,675,83475
20200127,10:05,10.60,10.60,10.60,10.60,150,83475
20200127,10:06,10.50,10.50,10.50,10.50,525,82950
20200127,10:08,10.60,10.60,10.60,10.60,150,82950
20200127,10:09,10.55,10.95,10.55,10.90,3750,82950
20200127,10:10,10.95,10.95,10.80,10.80,300,82950
20200127,10:12,10.60,10.60,10.60,10.60,75,86250
20200127,10:13,10.45,10.45,10.20,10.20,1350,86250
20200127,10:14,10.20,10.40,10.20,10.40,300,86100
20200127,10:15,10.40,10.55,10.40,10.55,225,86100
20200127,10:16,10.65,10.90,10.65,10.85,675,86100
20200127,10:17,10.85,10.85,10.80,10.80,150,86400
20200127,10:18,10.80,10.90,10.75,10.90,600,86400
20200127,10:19,10.85,10.95,10.85,10.95,975,86400
20200127,10:20,10.95,10.95,10.95,10.95,300,87300
20200127,10:22,10.70,10.70,10.70,10.70,150,87300
20200127,10:23,10.95,11.00,10.95,11.00,600,87300
20200127,10:24,11.00,11.00,10.95,11.00,1500,88200
20200127,10:25,10.85,10.85,10.55,10.55,675,88200
20200127,10:26,10.60,10.60,10.60,10.60,75,88200
20200127,10:28,10.70,10.70,10.70,10.70,150,89700
20200127,10:29,10.65,10.75,10.50,10.70,750,89700
20200127,10:31,10.90,10.90,10.90,10.90,150,89700
20200127,10:32,10.90,10.90,10.90,10.90,525,89925
20200127,10:33,10.90,10.95,10.90,10.95,2550,89925
20200127,10:34,10.55,10.55,10.45,10.50,750,89925
20200127,10:35,10.55,10.55,10.40,10.40,150,89925
20200127,10:36,10.30,10.75,10.25,10.75,600,92100
20200127,10:37,10.95,10.95,10.65,10.65,600,92100
20200127,10:38,10.60,10.60,10.50,10.50,225,92325
20200127,10:40,10.60,10.65,10.60,10.65,150,92325
20200127,10:41,10.65,10.70,10.60,10.60,1575,92400
20200127,10:42,10.50,10.50,10.50,10.50,150,92400
20200127,10:43,10.55,10.55,10.50,10.55,300,92400
20200127,10:45,10.60,10.60,10.45,10.45,225,94275
20200127,10:47,10.80,10.80,10.80,10.80,150,94275
20200127,10:50,10.75,10.75,10.75,10.75,75,94575
20200127,10:51,10.85,10.85,10.85,10.85,75,94575
20200127,10:53,10.80,10.80,10.80,10.80,150,93000
20200127,10:55,10.95,10.95,10.95,10.95,525,93000
20200127,10:56,10.90,10.95,10.90,10.95,150,93000
20200127,10:58,10.85,10.85,10.85,10.85,225,92325
20200127,11:01,11.00,11.00,11.00,11.00,525,92325
20200127,11:02,11.00,11.00,10.70,10.70,300,92925
20200127,11:04,10.60,10.60,10.60,10.60,150,92925
20200127,11:08,10.65,10.65,10.50,10.50,450,92925
20200127,11:11,10.55,10.55,10.55,10.55,300,93150
20200127,11:12,10.50,10.50,10.50,10.50,75,93150
20200127,11:13,10.40,10.40,10.35,10.35,600,93150
20200127,11:14,10.65,10.65,10.65,10.65,75,93300
20200127,11:17,10.60,10.60,10.60,10.60,75,93300
20200127,11:18,10.60,10.60,10.60,10.60,75,93375
20200127,11:19,10.70,10.70,10.70,10.70,150,93375
20200127,11:20,10.70,10.75,10.70,10.75,375,93525
20200127,11:24,10.70,10.70,10.55,10.55,300,93450
20200127,11:25,10.30,10.30,10.25,10.30,825,93450
20200127,11:26,10.30,10.40,10.30,10.40,675,93750
20200127,11:29,10.70,10.70,10.70,10.70,300,93900
20200127,11:30,10.65,10.65,10.65,10.65,150,93900
20200127,11:31,10.70,10.70,10.55,10.55,750,93900
20200127,11:34,10.60,10.60,10.55,10.55,225,94500
20200127,11:35,10.50,10.50,10.50,10.50,225,94500
20200127,11:36,10.60,10.60,10.60,10.60,600,94800
20200127,11:37,10.70,10.70,10.70,10.70,75,94800
20200127,11:38,10.55,10.55,10.55,10.55,75,94800
20200127,11:40,10.90,10.90,10.90,10.90,375,95400
20200127,11:44,10.65,10.65,10.65,10.65,150,95250
20200127,11:45,10.90,10.90,10.90,10.90,375,95100
20200127,11:50,10.65,10.65,10.65,10.65,75,95475
20200127,11:55,10.95,10.95,10.95,10.95,525,95475
20200127,11:56,10.90,10.90,10.90,10.90,225,95475
20200127,11:58,10.75,10.75,10.70,10.70,675,96225
20200127,11:59,10.60,10.60,10.60,10.60,150,96225
20200127,12:04,10.70,10.70,10.70,10.70,375,96825
20200127,12:05,10.70,10.70,10.70,10.70,225,96825
20200127,12:06,10.45,10.45,10.35,10.35,975,96825
20200127,12:07,10.45,10.45,10.45,10.45,75,96825
20200127,12:11,10.45,10.65,10.45,10.65,150,96825
20200127,12:13,10.50,10.50,10.50,10.50,75,96825
20200127,12:14,10.70,10.70,10.65,10.65,225,96975
20200127,12:15,10.60,10.60,10.45,10.45,225,96975
20200127,12:17,10.50,10.50,10.50,10.50,450,96975
20200127,12:18,10.60,10.60,10.60,10.60,225,97350
20200127,12:19,10.60,10.60,10.60,10.60,75,97350
20200127,12:20,10.50,10.55,10.50,10.50,600,97950
20200127,12:21,10.50,10.65,10.50,10.65,900,97950
20200127,12:24,10.30,10.30,10.25,10.25,675,98250
20200127,12:27,10.25,10.25,10.20,10.20,225,98925
20200127,12:28,10.20,10.20,10.20,10.20,900,98925
20200127,12:29,10.50,10.50,10.50,10.50,75,98925
20200127,12:30,10.40,10.40,10.40,10.40,525,99750
20200127,12:31,10.60,10.60,10.60,10.60,525,99750
20200127,12:37,10.55,10.55,10.55,10.55,150,100200
20200127,12:38,10.35,10.35,10.35,10.35,375,100200
20200127,12:39,10.55,10.60,10.55,10.60,225,100275
20200127,12:42,10.10,10.10,10.05,10.05,450,100425
20200127,12:43,10.05,10.05,10.05,10.05,300,100425
20200127,12:44,10.00,10.00,10.00,10.00,900,101175
20200127,12:45,10.00,10.00,10.00,10.00,600,101175
20200127,12:46,10.05,10.05,10.00,10.00,675,101175
20200127,12:48,10.05,10.15,10.05,10.15,150,102450
20200127,12:49,10.00,10.00,10.00,10.00,1275,102450
20200127,12:50,10.00,10.05,10.00,10.00,1650,102450
20200127,12:51,10.00,10.05,10.00,10.00,525,105525
20200127,12:52,10.05,10.15,10.05,10.10,750,105525
20200127,12:54,9.95,9.95,9.95,9.95,75,106050
20200127,12:55,10.05,10.05,10.05,10.05,150,106050
20200127,12:56,9.90,9.90,9.90,9.90,300,106050
20200127,12:57,9.95,9.95,9.95,9.95,75,104250
20200127,12:59,10.00,10.00,10.00,10.00,225,104250
20200127,13:00,9.85,9.90,9.75,9.80,1050,100425
20200127,13:03,10.05,10.20,10.05,10.20,150,101250
20200127,13:06,10.10,10.15,10.10,10.15,150,100800
20200127,13:07,10.15,10.20,10.15,10.20,525,100800
20200127,13:08,10.15,10.15,10.00,10.00,525,101700
20200127,13:09,9.95,10.00,9.95,10.00,150,101700
20200127,13:10,10.00,10.00,10.00,10.00,450,101700
20200127,13:12,10.25,10.25,10.25,10.25,75,101700
20200127,13:13,10.25,10.25,10.25,10.25,75,102075
20200127,13:14,10.00,10.00,9.85,9.90,975,102075
20200127,13:19,10.05,10.05,10.05,10.05,75,101400
20200127,13:20,10.20,10.20,10.00,10.00,675,101400
20200127,13:21,9.95,9.95,9.90,9.90,225,101175
20200127,13:23,9.70,9.70,9.70,9.70,450,101175
20200127,13:25,9.95,9.95,9.95,9.95,75,101700
20200127,13:30,9.95,9.95,9.95,9.95,150,101625
20200127,13:32,9.95,9.95,9.95,9.95,75,101625
20200127,13:34,10.20,10.20,10.20,10.20,150,100725
20200127,13:35,10.10,10.10,10.10,10.10,75,100725
20200127,13:36,9.95,9.95,9.95,9.95,450,100725
20200127,13:37,9.85,9.85,9.80,9.80,375,100725
20200127,13:39,9.75,9.90,9.75,9.90,1350,100725
20200127,13:40,9.85,9.85,9.80,9.80,750,100725
20200127,13:41,9.85,9.90,9.85,9.90,1125,101700
20200127,13:42,9.90,9.90,9.90,9.90,300,101700
20200127,13:43,9.85,9.85,9.85,9.85,75,101700
20200127,13:45,9.95,10.10,9.95,10.00,1875,102975
20200127,13:46,10.00,10.00,9.90,9.90,975,102975
20200127,13:47,10.00,10.00,9.65,9.65,975,102975
20200127,13:48,9.60,9.60,9.60,9.60,225,102975
20200127,13:49,9.80,9.80,9.75,9.75,150,105900
20200127,13:55,10.00,10.00,10.00,10.00,150,105900
20200127,13:58,10.00,10.00,10.00,10.00,825,106050
20200127,13:59,10.00,10.00,10.00,10.00,150,106050
20200127,14:00,9.95,9.95,9.95,9.95,225,107025
20200127,14:02,9.80,9.80,9.80,9.80,600,107025
20200127,14:04,9.90,9.90,9.90,9.90,225,106650
20200127,14:05,10.00,10.00,10.00,10.00,1275,106650
20200127,14:06,9.85,9.85,9.85,9.85,150,107700
20200127,14:08,9.85,9.85,9.85,9.85,75,107700
20200127,14:09,9.85,9.85,9.85,9.85,150,107700
20200127,14:10,9.85,9.85,9.85,9.85,75,107700
20200127,14:11,9.90,9.90,9.90,9.90,300,107700
20200127,14:12,9.90,9.95,9.90,9.95,675,107700
20200127,14:14,10.00,10.00,10.00,10.00,150,107700
20200127,14:15,9.90,9.90,9.90,9.90,75,107700
20200127,14:18,10.00,10.00,9.95,10.00,2100,108000
20200127,14:20,10.00,10.00,9.95,9.95,1500,108000
20200127,14:21,10.00,10.00,9.85,9.85,150,108000
20200127,14:22,9.90,9.90,9.90,9.90,75,111375
20200127,14:24,10.00,10.00,10.00,10.00,75,111375
20200127,14:25,9.90,9.90,9.90,9.90,450,111450
20200127,14:26,9.90,9.90,9.90,9.90,75,111450
20200127,14:28,10.00,10.00,10.00,10.00,225,111450
20200127,14:33,9.70,9.70,9.70,9.70,75,111675
20200127,14:34,9.75,9.80,9.50,9.50,2250,111675
20200127,14:35,9.50,9.50,9.50,9.50,450,111675
20200127,14:37,9.50,9.60,9.50,9.50,750,113325
20200127,14:38,9.50,9.55,9.50,9.50,2175,113325
20200127,14:39,9.50,9.50,9.50,9.50,675,115950
20200127,14:40,9.40,9.40,9.40,9.40,75,115950
20200127,14:41,9.50,9.50,9.50,9.50,75,115950
20200127,14:42,9.45,9.70,9.45,9.70,825,116700
20200127,14:43,9.45,9.45,9.45,9.45,375,116700
20200127,14:45,9.70,9.80,9.70,9.80,300,114900
20200127,14:48,9.65,9.65,9.65,9.65,300,114675
20200127,14:53,10.00,10.10,10.00,10.05,450,111600
20200127,14:54,10.05,10.15,10.05,10.05,675,111825
20200127,14:57,10.25,10.25,10.00,10.00,300,111600
20200127,14:58,10.00,10.00,10.00,10.00,225,111600
20200127,14:59,10.00,10.00,10.00,10.00,525,111600
20200127,15:00,9.80,9.80,9.80,9.80,675,111600
20200127,15:01,9.95,9.95,9.95,9.95,600,112425
20200127,15:02,10.00,10.00,9.95,9.95,600,112425
20200127,15:03,10.00,10.00,9.95,9.95,600,111750
20200127,15:04,10.20,10.20,10.05,10.05,450,111750
20200127,15:05,10.00,10.00,10.00,10.00,150,111750
20200127,15:06,10.00,10.00,10.00,10.00,675,111900
20200127,15:07,10.00,10.15,10.00,10.15,1125,111900
20200127,15:08,10.20,10.20,10.20,10.20,75,111900
20200127,15:10,10.00,10.00,10.00,10.00,150,113100
20200127,15:13,10.00,10.10,10.00,10.10,150,113325
20200127,15:14,10.00,10.00,10.00,10.00,75,113325
20200127,15:15,10.00,10.00,9.95,10.00,1275,112725
20200127,15:16,10.00,10.00,9.95,9.95,825,112725
20200127,15:17,9.85,9.85,9.85,9.85,450,112725
20200127,15:18,10.00,10.00,10.00,10.00,525,113925
20200127,15:19,10.00,10.00,10.00,10.00,600,113925
20200127,15:20,10.00,10.00,10.00,10.00,300,113925
20200127,15:21,10.00,10.00,10.00,10.00,150,113925
20200127,15:22,10.05,10.10,9.95,10.10,375,114900
20200127,15:23,10.10,10.15,10.10,10.10,300,114900
20200127,15:24,10.10,10.10,10.05,10.05,225,114900
20200127,15:25,10.00,10.00,10.00,10.00,150,114825
20200127,15:26,10.00,10.20,10.00,10.20,825,114825
20200127,15:27,10.15,10.15,10.00,10.00,150,115725
20200127,15:28,10.00,10.10,9.90,9.90,1125,115725
20200127,15:29,10.00,10.00,9.90,9.90,975,115725
20200128,09:15,9.00,9.00,9.00,9.00,601,114675
20200128,09:16,9.25,12.00,7.60,7.60,1050,114675
20200128,09:17,7.15,7.15,7.15,7.15,75,114675
20200128,09:18,7.15,7.15,7.15,7.15,75,115275
20200128,09:19,8.60,10.55,7.70,7.70,825,115275
20200128,09:21,10.45,10.55,10.45,10.55,150,115725
20200128,09:22,11.10,11.10,11.00,11.00,225,115725
20200128,09:23,11.10,11.10,10.00,10.00,150,115875
20200128,09:24,10.50,10.50,10.50,10.50,150,115875
20200128,09:25,10.90,11.10,10.15,10.90,375,115875
20200128,09:26,11.00,11.00,10.25,10.25,525,115875
20200128,09:27,10.45,10.45,10.45,10.45,75,115875
20200128,09:28,10.90,10.90,10.90,10.90,75,115875
20200128,09:29,10.50,10.50,10.50,10.50,225,115875
20200128,09:30,10.30,10.30,10.15,10.15,150,116250
20200128,09:31,10.50,10.50,10.50,10.50,75,116250
20200128,09:32,10.10,10.25,10.00,10.25,825,116175
20200128,09:33,10.10,10.10,9.95,9.95,375,116175
20200128,09:34,10.00,10.10,9.85,9.85,975,116175
20200128,09:35,9.50,9.50,9.50,9.50,225,116400
20200128,09:40,9.55,9.55,9.50,9.50,825,116400
20200128,09:41,9.70,9.70,9.70,9.70,75,116925
20200128,09:44,9.85,9.85,9.85,9.85,825,116850
20200128,09:47,9.55,9.55,9.55,9.55,225,117150
20200128,09:48,9.95,9.95,9.50,9.55,225,117150
20200128,09:50,9.55,9.60,9.55,9.60,150,116775
20200128,09:53,9.55,9.60,9.40,9.40,3225,118125
20200128,09:54,9.50,9.65,9.40,9.65,1125,118125
20200128,09:55,9.75,9.75,9.60,9.60,300,118125
20200128,09:58,9.55,9.55,9.55,9.55,150,119625
20200128,10:01,9.45,9.50,9.40,9.50,600,119625
20200128,10:02,9.50,9.50,9.50,9.50,75,119625
20200128,10:03,9.50,9.50,9.50,9.50,150,119625
20200128,10:06,9.05,9.05,9.05,9.05,375,119625
20200128,10:08,9.30,9.30,9.30,9.30,300,119625
20200128,10:10,9.15,9.15,9.00,9.00,975,119625
20200128,10:11,8.75,8.95,8.75,8.95,975,120075
20200128,10:12,9.15,9.15,9.15,9.15,75,120075
20200128,10:13,9.00,9.00,9.00,9.00,75,120075
20200128,10:16,9.35,9.35,9.35,9.35,75,120150
20200128,10:19,9.35,9.35,9.35,9.35,300,120075
20200128,10:20,9.10,9.10,9.10,9.10,825,120075
20200128,10:23,9.35,9.35,9.35,9.35,225,119400
20200128,10:24,9.50,9.50,9.50,9.50,75,119400
20200128,10:25,9.80,9.80,9.80,9.80,150,119400
20200128,10:26,9.65,9.65,9.65,9.65,150,119400
20200128,10:28,9.95,9.95,9.80,9.90,1500,119625
20200128,10:29,9.95,10.00,9.95,10.00,225,119625
20200128,10:33,10.15,10.15,10.15,10.15,75,121125
20200128,10:34,10.00,10.00,10.00,10.00,450,121125
20200128,10:35,10.10,10.10,10.00,10.00,2700,121875
20200128,10:36,10.10,10.10,10.10,10.10,375,121875
20200128,10:37,10.10,10.10,9.95,10.00,3375,121875
20200128,10:38,10.10,10.10,10.10,10.10,450,126150
20200128,10:39,10.10,10.10,10.05,10.05,900,126150
20200128,10:42,10.05,10.05,9.85,10.05,375,127425
20200128,10:43,9.90,9.90,9.90,9.90,225,127425
20200128,10:44,9.85,10.05,9.80,10.05,600,128325
20200128,10:45,9.95,10.05,9.90,9.90,5025,128325
20200128,10:46,10.00,10.05,10.00,10.05,1875,128325
20200128,10:47,10.00,10.00,10.00,10.00,75,131700
20200128,10:48,9.95,9.95,9.90,9.90,300,131700
20200128,10:50,9.90,9.90,9.90,9.90,975,131700
20200128,10:53,10.00,10.00,10.00,10.00,975,132000
20200128,10:54,10.00,10.00,9.90,9.90,375,132000
20200128,10:55,9.90,9.90,9.90,9.90,150,132000
20200128,10:57,10.00,10.00,10.00,10.00,1575,131850
20200128,10:58,10.00,10.00,10.00,10.00,2475,131850
20200128,11:00,10.05,10.05,10.05,10.05,525,131850
20200128,11:05,9.65,9.65,9.60,9.65,375,132375
20200128,11:06,9.80,9.80,9.80,9.80,75,132375
20200128,11:09,9.85,9.85,9.85,9.85,225,132375
20200128,11:19,10.05,10.05,10.05,10.05,600,132675
20200128,11:24,9.70,9.70,9.70,9.70,75,132975
20200128,11:25,9.70,9.70,9.70,9.70,75,132975
20200128,11:26,9.50,9.50,9.50,9.50,225,133050
20200128,11:30,9.60,9.60,9.60,9.60,150,133275
20200128,11:33,9.50,9.50,9.50,9.50,150,133275
20200128,11:35,9.50,9.50,9.50,9.50,75,133275
20200128,11:38,9.80,9.90,9.80,9.90,150,132675
20200128,11:44,9.70,9.70,9.70,9.70,450,132675
20200128,11:45,9.65,9.70,9.65,9.70,1350,132675
20200128,11:46,9.70,9.70,9.70,9.70,75,132675
20200128,11:47,9.35,9.35,9.35,9.35,225,132675
20200128,11:49,9.20,9.45,9.15,9.15,1050,134250
20200128,11:51,9.25,9.25,9.25,9.25,150,134550
20200128,11:53,9.35,9.60,9.35,9.55,675,134925
20200128,11:57,9.05,9.40,9.05,9.40,525,134925
20200128,11:58,9.40,9.40,9.40,9.40,150,134925
20200128,12:06,9.40,9.40,9.40,9.40,75,134925
20200128,12:09,9.45,9.45,9.45,9.45,375,135450
20200128,12:13,9.60,9.85,9.60,9.85,450,135750
20200128,12:17,9.50,9.50,9.50,9.50,225,136050
20200128,12:18,9.50,9.50,9.50,9.50,75,136200
20200128,12:24,9.85,9.85,9.85,9.85,900,136275
20200128,12:36,9.20,9.20,9.20,9.20,150,136275
20200128,12:37,9.20,9.20,9.20,9.20,75,136275
20200128,12:38,9.20,9.20,9.20,9.20,75,136275
20200128,12:39,9.15,9.15,9.15,9.15,300,136350
20200128,12:41,9.00,9.00,9.00,9.00,450,136500
20200128,12:42,9.00,9.00,9.00,9.00,150,136500
20200128,12:43,9.10,9.10,9.10,9.10,75,136500
20200128,12:44,8.80,8.90,8.80,8.90,525,137025
20200128,12:45,8.60,8.80,8.60,8.80,1650,137025
20200128,12:51,9.10,9.10,9.10,9.10,450,136500
20200128,12:52,9.10,9.10,9.10,9.10,75,136500
20200128,12:59,9.20,9.20,9.20,9.20,300,137025
20200128,13:00,9.20,9.30,9.20,9.30,450,137025
20200128,13:02,9.20,9.20,9.20,9.20,150,137025
20200128,13:03,9.20,9.20,9.20,9.20,75,137925
20200128,13:05,9.15,9.15,9.15,9.15,150,137925
20200128,13:10,9.35,9.35,9.30,9.30,225,136875
20200128,13:11,9.35,9.50,9.35,9.35,450,136875
20200128,13:12,9.40,9.40,9.40,9.40,75,137325
20200128,13:18,8.85,8.90,8.85,8.90,750,137400
20200128,13:19,8.85,9.00,8.85,8.85,900,137400
20200128,13:20,8.90,8.90,8.90,8.90,75,137400
20200128,13:21,8.90,8.90,8.90,8.90,300,136950
20200128,13:23,9.00,9.00,9.00,9.00,300,136950
20200128,13:24,9.00,9.00,9.00,9.00,150,137175
20200128,13:25,9.20,9.20,9.20,9.20,300,137175
20200128,13:29,9.00,9.00,8.90,8.95,825,137175
20200128,13:31,8.80,9.00,8.80,9.00,150,137400
20200128,13:32,9.00,9.00,9.00,9.00,600,137400
20200128,13:35,8.75,8.75,8.75,8.75,75,137100
20200128,13:39,9.00,9.00,9.00,9.00,750,137175
20200128,13:40,8.95,8.95,8.95,8.95,75,137175
20200128,13:41,8.80,8.80,8.80,8.80,600,137175
20200128,13:42,9.00,9.00,9.00,9.00,150,137475
20200128,13:43,9.00,9.00,9.00,9.00,1125,137475
20200128,13:44,9.00,9.00,8.95,8.95,225,137475
20200128,13:45,9.00,9.00,8.95,8.95,225,137175
20200128,13:46,8.95,9.00,8.95,9.00,825,137175
20200128,13:47,9.00,9.00,9.00,9.00,150,137175
20200128,13:48,9.00,9.00,9.00,9.00,450,137475
20200128,13:54,8.90,8.90,8.90,8.90,75,137475
20200128,13:55,8.95,8.95,8.70,8.70,375,137475
20200128,13:56,8.75,8.75,8.75,8.75,75,137475
20200128,13:57,8.70,8.80,8.60,8.65,2400,137700
20200128,13:58,8.75,8.80,8.75,8.80,825,137700
20200128,13:59,8.80,9.00,8.80,9.00,225,137700
20200128,14:00,8.80,8.90,8.55,8.65,1575,137550
20200128,14:01,8.70,8.70,8.50,8.60,3975,137550
20200128,14:02,8.60,8.70,8.40,8.40,1125,137550
20200128,14:03,8.30,8.55,8.30,8.55,375,138225
20200128,14:04,8.65,8.65,8.60,8.60,375,138225
20200128,14:06,8.80,8.80,8.50,8.60,975,138450
20200128,14:09,8.80,8.80,8.80,8.80,225,138075
20200128,14:11,8.70,8.70,8.70,8.70,900,138075
20200128,14:12,9.00,9.00,9.00,9.00,75,138000
20200128,14:14,8.85,8.85,8.85,8.85,150,138000
20200128,14:15,8.80,8.80,8.80,8.80,75,138150
20200128,14:16,8.90,8.90,8.90,8.90,75,138150
20200128,14:17,8.95,9.00,8.95,8.95,1050,138150
20200128,14:19,8.90,8.90,8.90,8.90,150,138825
20200128,14:20,8.90,9.00,8.90,9.00,2475,138825
20200128,14:21,9.00,9.00,9.00,9.00,1200,138600
20200128,14:24,9.40,9.40,9.40,9.40,450,139575
20200128,14:26,9.50,9.50,9.50,9.50,1200,139575
20200128,14:27,9.55,9.55,9.55,9.55,600,140625
20200128,14:29,9.65,9.85,9.65,9.85,225,140625
20200128,14:30,9.70,9.70,9.60,9.60,2100,141075
20200128,14:31,9.50,9.50,9.50,9.50,2325,141075
20200128,14:32,9.15,9.15,8.55,8.55,1125,141075
20200128,14:33,8.55,8.55,8.55,8.55,150,145650
20200128,14:35,9.35,9.35,9.35,9.35,150,145650
20200128,14:38,9.45,9.45,9.45,9.45,75,145575
20200128,14:41,9.45,9.45,9.45,9.45,75,145575
20200128,14:44,9.35,9.40,9.35,9.35,525,145575
20200128,14:46,9.40,9.40,9.25,9.25,2175,145275
20200128,14:47,9.20,9.20,9.20,9.20,375,145275
20200128,14:48,9.25,9.25,9.25,9.25,75,144150
20200128,14:49,9.25,9.25,9.10,9.10,450,144150
20200128,14:50,9.10,9.10,9.10,9.10,75,144150
20200128,14:52,9.25,9.25,9.20,9.20,150,144150
20200128,14:53,9.05,9.05,9.05,9.05,300,144150
20200128,14:54,9.25,9.45,9.25,9.45,150,144225
20200128,14:55,9.25,9.25,9.25,9.25,600,144225
20200128,14:57,9.30,9.65,9.30,9.65,300,144750
20200128,14:58,9.65,9.65,9.60,9.60,2925,144750
20200128,14:59,9.75,9.75,9.75,9.75,75,144750
20200128,15:00,9.70,9.70,9.50,9.50,975,144000
20200128,15:01,9.50,9.50,9.50,9.50,75,144000
20200128,15:02,9.65,9.65,9.65,9.65,75,144000
20200128,15:03,9.50,9.80,9.50,9.80,375,145125
20200128,15:04,9.70,9.70,9.70,9.70,75,145125
20200128,15:05,9.60,9.60,9.60,9.60,600,145125
20200128,15:06,9.60,9.60,9.55,9.55,225,145650
20200128,15:07,9.75,9.75,9.75,9.75,150,145650
20200128,15:08,9.55,9.80,9.55,9.80,300,145650
20200128,15:11,9.80,9.85,9.70,9.80,1125,145650
20200128,15:12,9.75,9.90,9.75,9.90,2175,145725
20200128,15:13,9.85,9.85,9.60,9.65,3675,145725
20200128,15:15,9.70,9.70,9.70,9.70,75,146175
20200128,15:17,9.60,9.60,9.60,9.60,375,146175
20200128,15:19,9.70,9.70,9.70,9.70,225,146175
20200128,15:20,9.75,9.75,9.60,9.60,1275,146175
20200128,15:21,9.70,9.70,9.55,9.55,675,145875
20200128,15:22,9.60,9.80,9.60,9.80,150,145875
20200128,15:23,9.50,9.50,9.00,9.00,2100,145875
20200128,15:24,9.35,9.35,9.35,9.35,75,145875
20200128,15:25,9.65,9.65,9.65,9.65,75,143775
20200128,15:26,9.60,9.70,9.45,9.45,825,143775
20200128,15:27,9.50,9.75,9.50,9.75,450,144075
20200128,15:28,9.80,9.85,9.60,9.60,3225,144075
20200128,15:29,9.95,9.95,9.75,9.75,150,144075
20200129,09:15,9.75,10.00,9.75,10.00,526,145650
20200129,09:17,10.85,10.85,10.85,10.85,75,145650
20200129,09:18,10.85,10.85,9.00,9.00,3075,145650
20200129,09:19,8.50,8.50,8.00,8.00,1050,145650
20200129,09:20,7.85,7.85,7.80,7.80,150,145650
20200129,09:21,7.65,7.65,7.65,7.65,150,148950
20200129,09:22,7.65,7.70,7.65,7.65,2025,148950
20200129,09:23,7.70,8.00,7.65,7.70,825,150975
20200129,09:24,7.65,7.90,7.65,7.90,1125,150975
20200129,09:25,7.75,8.25,7.75,8.15,1650,150975
20200129,09:26,8.00,8.00,7.75,7.75,225,152775
20200129,09:27,7.70,7.70,7.70,7.70,525,152775
20200129,09:28,7.55,7.55,7.55,7.55,375,152775
20200129,09:29,7.60,7.60,7.60,7.60,450,152775
20200129,09:32,7.55,7.55,7.55,7.55,900,150075
20200129,09:33,7.55,7.55,7.50,7.50,750,150075
20200129,09:36,7.20,7.45,7.20,7.45,300,151725
20200129,09:37,7.35,7.35,7.20,7.25,1650,151725
20200129,09:38,7.10,7.20,7.10,7.20,450,148125
20200129,09:39,7.00,7.00,7.00,7.00,825,148125
20200129,09:40,7.00,7.00,6.80,6.80,750,148125
20200129,09:42,6.80,6.80,6.80,6.80,75,148200
20200129,09:43,6.95,7.05,6.95,7.05,300,148200
20200129,09:44,7.00,7.00,7.00,7.00,1500,147225
20200129,09:45,7.00,7.10,7.00,7.10,225,147225
20200129,09:46,7.00,7.00,7.00,7.00,150,147225
20200129,09:48,7.05,7.05,6.80,6.80,1875,148650
20200129,09:49,7.10,7.10,7.00,7.00,1725,148650
20200129,09:50,6.95,7.00,6.90,7.00,2025,151275
20200129,09:51,6.90,6.95,6.85,6.95,1050,151275
20200129,09:52,6.90,6.90,6.85,6.85,825,151275
20200129,09:53,6.85,6.90,6.85,6.90,1125,151125
20200129,09:54,7.15,7.15,7.10,7.10,1575,151125
20200129,09:55,6.90,6.90,6.80,6.80,1425,151125
20200129,09:59,6.85,6.85,6.85,6.85,675,151125
20200129,10:00,6.85,6.85,6.85,6.85,150,149475
20200129,10:01,7.05,7.05,6.85,6.85,750,149475
20200129,10:02,6.75,6.75,6.75,6.75,75,147300
20200129,10:03,6.75,6.75,6.75,6.75,300,147300
20200129,10:04,6.75,6.75,6.75,6.75,75,147300
20200129,10:07,6.75,6.75,6.75,6.75,375,147675
20200129,10:08,7.00,7.00,7.00,7.00,75,147675
20200129,10:09,7.00,7.00,7.00,7.00,75,143550
20200129,10:10,7.10,7.10,7.10,7.10,75,143550
20200129,10:11,7.00,7.20,7.00,7.20,2475,144150
20200129,10:12,7.20,7.20,7.20,7.20,450,144150
20200129,10:13,7.20,7.20,7.05,7.05,300,144150
20200129,10:14,7.00,7.00,7.00,7.00,75,144150
20200129,10:15,6.85,6.85,6.85,6.85,375,145875
20200129,10:16,6.80,6.80,6.75,6.75,525,145875
20200129,10:17,6.85,6.85,6.85,6.85,75,145875
20200129,10:18,6.80,7.00,6.80,7.00,1425,144225
20200129,10:19,7.00,7.15,7.00,7.15,150,144225
20200129,10:20,7.15,7.15,7.15,7.15,150,142950
20200129,10:21,7.00,7.00,6.90,6.90,225,142950
20200129,10:22,6.95,6.95,6.80,6.80,600,142950
20200129,10:23,7.05,7.05,6.75,7.00,3375,145200
20200129,10:24,7.20,7.35,7.20,7.35,150,145200
20200129,10:25,7.30,7.30,7.30,7.30,300,145200
20200129,10:26,7.05,7.05,7.05,7.05,75,145350
20200129,10:28,7.10,7.10,7.10,7.10,300,145350
20200129,10:29,7.25,7.25,7.10,7.10,975,144600
20200129,10:30,7.15,7.25,7.15,7.25,150,144600
20200129,10:31,7.10,7.10,7.10,7.10,1500,144600
20200129,10:32,7.35,7.40,7.35,7.40,375,145125
20200129,10:35,7.20,7.20,7.20,7.20,75,145125
20200129,10:36,7.20,7.20,7.20,7.20,75,145125
20200129,10:37,7.05,7.05,7.05,7.05,75,143925
20200129,10:39,7.30,7.30,7.30,7.30,150,143850
20200129,10:40,7.50,7.50,7.50,7.50,300,143850
20200129,10:41,7.50,7.50,7.20,7.50,1200,144150
20200129,10:42,7.45,7.45,7.20,7.40,450,144150
20200129,10:44,7.30,7.30,7.30,7.30,75,144150
20200129,10:45,7.30,7.50,7.30,7.50,900,144150
20200129,10:46,7.75,7.75,7.65,7.65,450,144150
20200129,10:48,7.35,7.35,7.35,7.35,75,143700
20200129,10:49,7.35,7.35,7.35,7.35,75,143700
20200129,10:50,7.35,7.35,7.35,7.35,150,143550
20200129,10:53,7.20,7.20,7.15,7.15,150,143550
20200129,10:54,7.20,7.20,7.20,7.20,300,143550
20200129,10:56,7.25,7.25,7.00,7.00,675,143550
20200129,11:02,7.45,7.45,7.15,7.15,225,144150
20200129,11:03,7.15,7.15,7.15,7.15,75,144150
20200129,11:06,7.10,7.10,7.10,7.10,75,144150
20200129,11:08,7.00,7.00,7.00,7.00,75,144150
20200129,11:09,7.00,7.35,7.00,7.35,225,143700
20200129,11:13,7.05,7.05,7.05,7.05,75,143700
20200129,11:15,7.30,7.30,7.05,7.05,150,143625
20200129,11:16,7.05,7.05,7.05,7.05,75,143625
20200129,11:22,7.20,7.20,7.20,7.20,75,143550
20200129,11:23,7.20,7.20,7.20,7.20,450,143550
20200129,11:25,7.25,7.25,7.25,7.25,75,143925
20200129,11:29,7.00,7.00,7.00,7.00,450,143925
20200129,11:30,7.00,7.00,7.00,7.00,150,143925
20200129,11:31,7.00,7.00,7.00,7.00,450,143925
20200129,11:39,7.00,7.00,7.00,7.00,150,143925
20200129,11:44,7.25,7.25,7.25,7.25,75,144375
20200129,11:45,7.25,7.25,7.25,7.25,150,144375
20200129,11:46,7.30,7.30,7.20,7.20,675,144450
20200129,11:47,7.20,7.20,7.20,7.20,150,145050
20200129,11:48,7.20,7.20,7.20,7.20,150,145050
20200129,11:50,7.15,7.20,7.15,7.20,150,145050
20200129,11:51,7.10,7.10,7.10,7.10,75,144900
20200129,11:52,7.00,7.00,7.00,7.00,75,144900
20200129,11:53,6.95,6.95,6.95,6.95,150,144900
20200129,12:00,7.10,7.10,7.10,7.10,75,144900
20200129,12:01,7.15,7.15,7.15,7.15,225,144675
20200129,12:04,7.10,7.10,7.05,7.05,450,144750
20200129,12:05,6.85,7.05,6.85,7.05,225,145050
20200129,12:06,7.00,7.00,7.00,7.00,150,145050
20200129,12:09,6.85,6.85,6.85,6.85,150,145050
20200129,12:10,7.10,7.10,7.10,7.10,450,145350
20200129,12:11,6.90,6.90,6.90,6.90,75,145350
20200129,12:14,7.15,7.15,7.05,7.05,525,145650
20200129,12:15,6.95,6.95,6.75,6.75,4950,145875
20200129,12:16,6.75,6.80,6.75,6.80,2625,145875
20200129,12:17,6.80,6.80,6.80,6.80,750,145875
20200129,12:19,6.75,6.75,6.70,6.70,675,153750
20200129,12:20,6.70,6.70,6.70,6.70,75,153750
20200129,12:24,6.70,6.95,6.70,6.95,300,154050
20200129,12:25,6.55,6.55,6.50,6.50,1200,154050
20200129,12:26,6.50,6.70,6.50,6.50,1575,155025
20200129,12:27,6.50,6.50,6.50,6.50,150,155025
20200129,12:29,6.80,6.80,6.75,6.75,225,155025
20200129,12:30,6.60,6.60,6.30,6.30,675,156075
20200129,12:31,6.30,6.30,6.30,6.30,75,156075
20200129,12:32,6.60,6.60,6.60,6.60,150,156075
20200129,12:34,6.45,6.45,6.45,6.45,75,156075
20200129,12:38,6.90,6.90,6.55,6.55,3450,157875
20200129,12:40,6.60,6.60,6.60,6.60,75,157875
20200129,12:41,6.80,6.80,6.80,6.80,150,154800
20200129,12:42,6.85,6.85,6.75,6.75,225,154875
20200129,12:44,6.65,6.90,6.65,6.90,300,154875
20200129,12:45,6.90,6.90,6.90,6.90,675,155100
20200129,12:46,6.85,6.85,6.85,6.85,75,155100
20200129,12:48,6.75,6.75,6.75,6.75,150,154500
20200129,12:49,6.65,6.65,6.55,6.55,525,154500
20200129,12:51,6.60,6.60,6.45,6.55,1200,154275
20200129,12:52,6.40,6.40,6.30,6.30,1275,154275
20200129,12:53,6.45,6.45,6.45,6.45,600,154275
20200129,12:58,6.50,6.50,6.50,6.50,825,155550
20200129,12:59,6.50,6.50,6.50,6.50,675,155550
20200129,13:00,6.55,6.55,6.55,6.55,150,156750
20200129,13:02,6.75,6.75,6.75,6.75,75,156750
20200129,13:06,6.70,6.80,6.70,6.80,525,155400
20200129,13:08,6.45,6.45,6.45,6.45,1050,155400
20200129,13:09,6.75,6.75,6.75,6.75,75,155550
20200129,13:10,6.80,6.85,6.80,6.85,225,155550
20200129,13:13,6.85,6.85,6.85,6.85,150,155625
20200129,13:15,6.80,6.80,6.80,6.80,150,155625
20200129,13:16,6.85,6.85,6.85,6.85,75,155625
20200129,13:19,6.90,6.90,6.90,6.90,75,155850
20200129,13:21,6.90,6.90,6.75,6.75,450,155925
20200129,13:22,6.70,6.70,6.70,6.70,675,155925
20200129,13:23,6.70,6.70,6.70,6.70,300,155925
20200129,13:24,6.70,6.70,6.70,6.70,1575,157050
20200129,13:25,6.80,6.80,6.80,6.80,300,157050
20200129,13:28,6.80,6.80,6.75,6.80,300,156975
20200129,13:29,6.75,6.85,6.75,6.85,225,156975
20200129,13:30,6.85,6.85,6.70,6.70,1125,157275
20200129,13:31,6.60,6.60,6.40,6.40,750,157275
20200129,13:32,6.40,6.50,6.35,6.50,750,157275
20200129,13:33,6.55,6.60,6.55,6.60,525,158775
20200129,13:35,6.60,6.60,6.60,6.60,300,158775
20200129,13:36,6.40,6.50,6.35,6.50,300,156825
20200129,13:37,6.55,6.55,6.30,6.45,900,156825
20200129,13:38,6.25,6.50,6.25,6.50,2325,156825
20200129,13:39,6.40,6.40,6.25,6.25,525,157950
20200129,13:40,6.25,6.25,6.25,6.25,150,157950
20200129,13:41,6.30,6.50,6.30,6.45,225,157950
20200129,13:42,6.55,6.55,6.55,6.55,450,157875
20200129,13:45,6.70,6.70,6.55,6.55,975,158175
20200129,13:46,6.55,6.60,6.45,6.60,1950,158175
20200129,13:47,6.55,6.55,6.55,6.55,600,158175
20200129,13:48,6.65,6.85,6.65,6.65,1350,157050
20200129,13:49,6.65,6.65,6.65,6.65,525,157050
20200129,13:50,6.75,6.85,6.60,6.70,2400,157050
20200129,13:51,6.95,6.95,6.90,6.95,4200,156450
20200129,13:52,6.65,6.80,6.60,6.75,2625,156450
20200129,13:53,6.80,6.90,6.75,6.90,2475,156450
20200129,13:54,6.90,6.90,6.60,6.60,1275,156675
20200129,13:55,6.90,6.90,6.50,6.50,4725,156675
20200129,13:56,6.45,6.70,6.45,6.60,1425,156675
20200129,13:57,6.50,6.70,6.50,6.70,1050,156600
20200129,13:58,6.85,6.85,6.85,6.85,150,156600
20200129,13:59,6.65,6.65,6.65,6.65,75,156600
20200129,14:00,6.75,6.90,6.55,6.90,900,157725
20200129,14:01,7.10,7.10,6.75,6.75,1650,157725
20200129,14:02,6.70,6.90,6.70,6.75,600,157725
20200129,14:03,6.75,6.90,6.70,6.90,675,156075
20200129,14:04,6.80,6.95,6.80,6.95,1200,156075
20200129,14:05,6.70,6.85,6.65,6.75,1350,156075
20200129,14:06,6.65,6.80,6.65,6.80,1275,158850
20200129,14:07,6.95,6.95,6.95,6.95,300,158850
20200129,14:08,6.80,6.80,6.80,6.80,150,158850
20200129,14:09,6.95,6.95,6.95,6.95,75,158850
20200129,14:10,6.60,6.85,6.60,6.85,600,157725
20200129,14:11,6.80,6.80,6.80,6.80,75,157725
20200129,14:12,6.90,6.95,6.90,6.95,300,157725
20200129,14:13,6.75,6.75,6.75,6.75,600,157650
20200129,14:15,6.70,6.75,6.70,6.75,1200,157575
20200129,14:17,6.85,6.85,6.85,6.85,75,157575
20200129,14:19,6.85,6.90,6.85,6.90,150,157725
20200129,14:22,6.95,6.95,6.95,6.95,75,157875
20200129,14:23,7.00,7.00,6.75,6.75,225,157875
20200129,14:24,6.75,6.75,6.75,6.75,75,158025
20200129,14:25,6.75,6.75,6.75,6.75,75,158025
20200129,14:26,6.80,6.80,6.45,6.65,1425,158025
20200129,14:27,6.60,6.80,6.60,6.80,1125,159150
20200129,14:28,6.65,6.65,6.65,6.65,75,159150
20200129,14:29,6.85,6.85,6.65,6.65,150,159150
20200129,14:30,6.60,7.00,6.60,6.95,2775,159675
20200129,14:31,6.75,7.00,6.75,6.95,1050,159675
20200129,14:32,6.95,6.95,6.90,6.90,825,159675
20200129,14:33,6.90,7.00,6.90,7.00,450,164100
20200129,14:34,7.00,7.00,7.00,7.00,75,164100
20200129,14:35,7.00,7.00,6.85,6.85,1350,164100
20200129,14:36,6.65,6.65,6.65,6.65,75,164100
20200129,14:37,6.55,6.55,6.25,6.25,3525,164550
20200129,14:38,6.10,6.25,6.10,6.25,1575,164550
20200129,14:39,6.15,6.15,6.05,6.05,1725,167400
20200129,14:40,6.00,6.25,6.00,6.25,2250,167400
20200129,14:41,6.35,6.55,6.30,6.55,2175,167400
20200129,14:42,6.70,6.70,6.70,6.70,300,167775
20200129,14:43,6.45,6.50,6.35,6.50,600,167775
20200129,14:45,6.55,6.70,6.55,6.70,525,167775
20200129,14:46,6.70,6.70,6.70,6.70,2925,167775
20200129,14:48,6.55,6.60,6.55,6.60,1050,164550
20200129,14:49,6.55,6.70,6.55,6.70,450,164550
20200129,14:51,6.50,6.50,6.50,6.50,75,164550
20200129,14:52,6.55,6.55,6.55,6.55,75,160950
20200129,14:53,6.80,6.80,6.80,6.80,225,160950
20200129,14:54,6.80,6.85,6.50,6.85,450,160950
20200129,14:55,6.85,6.85,6.25,6.25,975,160500
20200129,14:56,6.75,6.75,6.35,6.50,525,160500
20200129,14:57,6.65,6.70,6.40,6.60,375,161700
20200129,14:58,6.45,6.75,6.45,6.75,1575,161700
20200129,14:59,6.50,6.50,6.40,6.40,450,161700
20200129,15:00,6.40,6.50,6.40,6.50,2400,162675
20200129,15:01,6.40,6.45,6.20,6.45,2025,162675
20200129,15:03,6.30,6.55,6.30,6.45,2250,161700
20200129,15:05,6.45,6.45,6.25,6.25,1425,161700
20200129,15:06,6.55,6.55,6.55,6.55,75,161700
20200129,15:07,6.30,6.30,6.25,6.25,300,159675
20200129,15:08,6.50,6.50,6.50,6.50,900,159675
20200129,15:09,6.45,6.50,6.30,6.40,300,161250
20200129,15:10,6.40,6.50,6.30,6.50,600,161250
20200129,15:11,6.40,6.40,6.40,6.40,150,161250
20200129,15:12,6.50,6.50,6.50,6.50,3075,161550
20200129,15:13,6.50,6.50,6.50,6.50,525,161550
20200129,15:14,6.50,6.60,6.50,6.60,675,161550
20200129,15:15,6.65,6.65,6.50,6.60,825,162225
20200129,15:16,6.60,6.60,6.60,6.60,150,162225
20200129,15:17,6.40,6.50,6.40,6.50,450,162225
20200129,15:19,6.35,6.35,6.35,6.35,3150,160650
20200129,15:21,6.45,6.45,6.30,6.40,450,161175
20200129,15:22,6.45,6.50,6.45,6.50,675,161175
20200129,15:23,6.30,6.40,6.30,6.40,300,161175
20200129,15:25,6.50,6.50,6.50,6.50,75,161175
20200129,15:26,6.40,6.50,6.40,6.50,3150,159525
20200129,15:27,6.50,6.50,6.35,6.40,975,156675
20200129,15:28,6.25,6.25,6.25,6.25,600,156675
20200129,15:29,6.45,6.45,6.20,6.20,1125,156675
20200130,09:15,6.20,7.25,6.15,6.15,1126,155775
20200130,09:16,6.00,6.00,5.00,5.00,825,155775
20200130,09:17,5.00,5.70,5.00,5.70,450,155775
20200130,09:18,6.30,6.30,6.30,6.30,1050,155775
20200130,09:19,5.80,5.80,5.80,5.80,450,155775
20200130,09:20,5.80,5.80,5.80,5.80,2625,158025
20200130,09:21,5.80,5.80,5.50,5.55,5175,158025
20200130,09:22,5.45,5.45,5.45,5.45,75,158025
20200130,09:23,5.45,5.50,5.40,5.50,1200,162150
20200130,09:24,5.50,5.50,5.50,5.50,75,162150
20200130,09:25,5.45,5.45,5.45,5.45,825,162150
20200130,09:26,5.40,5.50,5.40,5.45,1725,162750
20200130,09:27,5.50,5.55,5.50,5.55,300,162750
20200130,09:28,5.45,5.45,5.45,5.45,225,162750
20200130,09:29,5.45,5.55,5.40,5.50,5700,166425
20200130,09:30,5.30,5.30,5.20,5.20,2550,166425
20200130,09:31,5.40,5.40,5.20,5.20,1350,166425
20200130,09:33,5.40,5.40,5.40,5.40,450,168150
20200130,09:34,5.45,5.55,5.30,5.55,1800,168150
20200130,09:35,5.50,5.50,5.35,5.35,1275,165150
20200130,09:36,5.30,5.40,5.30,5.35,1050,165150
20200130,09:37,5.40,5.40,5.20,5.20,900,165150
20200130,09:38,5.20,5.20,5.20,5.20,600,165150
20200130,09:39,5.20,5.20,5.05,5.05,1425,162375
20200130,09:40,5.10,5.20,5.00,5.00,3900,162375
20200130,09:42,5.10,5.10,5.10,5.10,300,164250
20200130,09:44,5.15,5.15,5.15,5.15,750,164325
20200130,09:48,5.30,5.40,5.30,5.40,1275,164775
20200130,09:50,5.40,5.40,5.40,5.40,300,161100
20200130,09:51,5.40,5.40,5.40,5.40,75,161100
20200130,09:54,5.40,5.40,5.40,5.40,300,161625
20200130,09:55,5.20,5.20,5.20,5.20,375,161625
20200130,09:56,5.20,5.20,5.00,5.00,6300,166125
20200130,09:57,4.95,4.95,4.95,4.95,450,166125
20200130,09:58,5.00,5.00,5.00,5.00,1800,166125
20200130,09:59,4.95,4.95,4.85,4.85,300,168225
20200130,10:00,4.85,4.85,4.75,4.75,450,168225
20200130,10:01,4.80,4.80,4.65,4.65,450,168225
20200130,10:02,4.65,4.65,4.65,4.65,375,168225
20200130,10:03,4.70,4.70,4.65,4.65,1950,168225
20200130,10:04,4.85,4.90,4.85,4.90,375,168225
20200130,10:05,4.90,4.90,4.90,4.90,75,168900
20200130,10:07,4.85,4.85,4.85,4.85,375,168900
20200130,10:08,4.85,4.85,4.70,4.70,2700,169425
20200130,10:09,4.65,4.65,4.55,4.55,2850,169425
20200130,10:10,4.55,4.70,4.55,4.70,1200,169425
20200130,10:11,4.75,4.75,4.75,4.75,600,173925
20200130,10:12,4.85,4.85,4.70,4.80,975,173925
20200130,10:14,4.90,4.90,4.90,4.90,150,174150
20200130,10:15,4.95,4.95,4.95,4.95,600,174150
20200130,10:16,4.90,4.90,4.85,4.85,675,174150
20200130,10:18,5.00,5.00,5.00,5.00,300,174075
20200130,10:19,4.95,5.00,4.95,5.00,525,174075
20200130,10:20,5.00,5.00,5.00,5.00,300,174300
20200130,10:22,4.95,4.95,4.95,4.95,75,174300
20200130,10:23,5.00,5.05,5.00,5.00,1350,174375
20200130,10:25,5.15,5.15,5.15,5.15,225,174375
20200130,10:26,5.00,5.15,5.00,5.15,2325,175650
20200130,10:28,5.00,5.00,4.90,4.90,150,175650
20200130,10:30,5.00,5.00,5.00,5.00,525,177825
20200130,10:34,5.00,5.00,4.80,4.90,450,177750
20200130,10:36,5.05,5.05,5.05,5.05,225,176025
20200130,10:37,5.05,5.05,5.05,5.05,75,176025
20200130,10:41,5.10,5.10,5.10,5.10,300,176100
20200130,10:42,5.10,5.10,5.10,5.10,1200,176100
20200130,10:44,5.10,5.10,5.10,5.10,150,176100
20200130,10:51,5.25,5.25,5.25,5.25,375,176775
20200130,10:52,5.40,5.45,5.40,5.45,900,176775
20200130,10:53,5.25,5.25,5.25,5.25,75,177900
20200130,10:57,5.40,5.40,5.25,5.30,450,177975
20200130,10:59,5.40,5.40,5.40,5.40,300,178350
20200130,11:00,5.40,5.40,5.40,5.40,225,178350
20200130,11:01,5.40,5.40,5.40,5.40,75,178350
20200130,11:05,5.25,5.30,5.25,5.30,1800,177300
20200130,11:06,5.40,5.40,5.30,5.30,2100,177300
20200130,11:07,5.30,5.35,5.30,5.30,1425,177300
20200130,11:10,5.40,5.45,5.40,5.45,600,176775
20200130,11:11,5.50,5.50,5.45,5.45,300,176400
20200130,11:12,5.50,5.50,5.50,5.50,150,176400
20200130,11:14,5.50,5.50,5.50,5.50,150,176400
20200130,11:15,5.60,5.60,5.50,5.60,525,175875
20200130,11:17,5.60,5.60,5.60,5.60,75,175875
20200130,11:18,5.45,5.45,5.45,5.45,75,176100
20200130,11:19,5.65,5.65,5.65,5.65,150,176100
20200130,11:20,5.55,5.60,5.55,5.60,675,171675
20200130,11:21,5.60,5.65,5.60,5.65,525,171675
20200130,11:22,5.60,5.60,5.55,5.55,675,171675
20200130,11:25,5.60,5.60,5.45,5.45,1050,170700
20200130,11:26,5.55,5.55,5.40,5.40,375,170700
20200130,11:27,5.40,5.40,5.40,5.40,75,170775
20200130,11:28,5.35,5.35,5.30,5.30,1425,170775
20200130,11:29,5.50,5.50,5.50,5.50,75,170850
20200130,11:30,5.30,5.30,5.30,5.30,75,170850
20200130,11:33,5.25,5.25,5.25,5.25,75,170775
20200130,11:34,5.15,5.15,5.15,5.15,225,170775
20200130,11:39,5.15,5.15,5.15,5.15,75,170475
20200130,11:42,5.35,5.35,5.35,5.35,225,170550
20200130,11:43,5.35,5.35,5.35,5.35,225,170550
20200130,11:50,5.40,5.40,5.40,5.40,150,170700
20200130,11:51,5.25,5.25,5.25,5.25,150,170625
20200130,11:52,5.20,5.20,5.20,5.20,75,170625
20200130,11:55,5.35,5.35,5.35,5.35,150,170700
20200130,11:58,5.30,5.30,5.15,5.15,300,170850
20200130,12:00,5.25,5.25,5.25,5.25,375,170775
20200130,12:01,5.10,5.10,5.10,5.10,2100,170775
20200130,12:02,5.00,5.10,5.00,5.10,750,170775
20200130,12:11,5.20,5.20,5.20,5.20,75,170475
20200130,12:14,5.35,5.35,5.35,5.35,75,170550
20200130,12:15,5.35,5.35,5.20,5.25,225,170550
20200130,12:16,5.10,5.10,5.10,5.10,150,170550
20200130,12:17,5.15,5.15,5.15,5.15,450,170550
20200130,12:18,5.25,5.25,5.10,5.10,975,170700
20200130,12:19,5.10,5.10,5.10,5.10,375,170700
20200130,12:21,5.10,5.10,5.10,5.10,150,171600
20200130,12:24,5.25,5.25,5.25,5.25,225,171450
20200130,12:25,5.30,5.35,5.30,5.35,3825,171450
20200130,12:26,5.30,5.30,5.30,5.30,450,171450
20200130,12:27,5.35,5.35,5.35,5.35,75,172125
20200130,12:28,5.40,5.45,5.40,5.45,225,172125
20200130,12:29,5.50,5.50,5.50,5.50,375,171450
20200130,12:30,5.55,5.55,5.55,5.55,675,171450
20200130,12:31,5.50,5.60,5.50,5.60,600,171450
20200130,12:32,5.75,5.75,5.75,5.75,525,171450
20200130,12:33,5.55,5.70,5.55,5.70,150,172800
20200130,12:34,5.85,5.85,5.65,5.80,3000,172800
20200130,12:35,5.80,5.95,5.80,5.95,600,172725
20200130,12:36,5.85,5.85,5.80,5.80,3450,172725
20200130,12:37,5.85,5.90,5.80,5.90,1050,172725
20200130,12:40,5.80,5.80,5.80,5.80,600,172275
20200130,12:41,5.90,5.90,5.90,5.90,75,172275
20200130,12:42,5.80,5.80,5.80,5.80,300,171150
20200130,12:45,5.90,5.90,5.90,5.90,750,170100
20200130,12:47,5.85,5.95,5.85,5.95,375,170100
20200130,12:48,5.95,6.00,5.95,6.00,375,169575
20200130,12:51,6.00,6.00,6.00,6.00,75,167925
20200130,12:52,6.10,6.10,6.05,6.10,1050,167925
20200130,12:53,6.05,6.10,6.05,6.10,300,167925
20200130,12:54,6.00,6.00,6.00,6.00,150,167925
20200130,12:56,6.00,6.00,6.00,6.00,150,167925
20200130,12:59,5.65,5.65,5.65,5.65,75,168150
20200130,13:01,5.80,5.80,5.80,5.80,150,168150
20200130,13:02,5.95,5.95,5.95,5.95,75,168150
20200130,13:04,6.30,6.50,5.65,5.65,1650,168225
20200130,13:09,5.65,5.65,5.65,5.65,225,169650
20200130,13:10,5.60,5.60,5.45,5.45,1575,169650
20200130,13:11,5.45,5.45,5.25,5.25,975,169650
20200130,13:12,5.25,5.30,5.15,5.25,2850,171975
20200130,13:13,5.25,5.30,5.15,5.15,2400,171975
20200130,13:14,5.30,5.40,5.20,5.40,2175,178425
20200130,13:15,5.25,5.25,5.25,5.25,150,178425
20200130,13:16,5.40,5.55,5.40,5.55,300,178425
20200130,13:17,5.30,5.50,5.30,5.30,525,178350
20200130,13:18,5.40,5.40,5.40,5.40,150,178350
20200130,13:19,5.35,5.35,5.35,5.35,450,178350
20200130,13:24,5.50,5.50,5.45,5.45,375,176400
20200130,13:25,5.30,5.30,5.30,5.30,150,176400
20200130,13:26,5.30,5.30,5.30,5.30,75,176400
20200130,13:29,5.75,5.75,5.45,5.45,900,176400
20200130,13:30,5.45,5.85,5.45,5.50,1875,176400
20200130,13:31,5.50,5.75,5.50,5.75,1125,176400
20200130,13:35,5.80,5.80,5.60,5.60,975,177075
20200130,13:36,5.70,5.70,5.70,5.70,600,177000
20200130,13:37,5.80,5.95,5.80,5.80,525,177000
20200130,13:38,6.00,6.00,6.00,6.00,150,177000
20200130,13:39,5.95,5.95,5.90,5.95,825,176850
20200130,13:40,5.85,5.95,5.85,5.95,1875,176850
20200130,13:41,6.00,6.00,5.95,5.95,225,176850
20200130,13:42,5.95,5.95,5.75,5.75,2700,177450
20200130,13:43,5.85,5.85,5.70,5.70,975,177450
20200130,13:44,5.75,5.75,5.75,5.75,150,177450
20200130,13:46,5.75,5.85,5.75,5.85,600,178800
20200130,13:47,5.85,5.85,5.60,5.60,675,178800
20200130,13:48,5.80,5.80,5.80,5.80,150,178800
20200130,13:50,5.85,5.85,5.75,5.80,450,178800
20200130,13:51,5.65,5.80,5.60,5.80,1125,179025
20200130,13:52,5.75,5.85,5.75,5.85,225,179025
20200130,13:53,5.70,5.90,5.70,5.90,300,179025
20200130,13:54,5.85,5.85,5.85,5.85,75,179025
20200130,13:55,5.95,5.95,5.75,5.80,1800,179025
20200130,13:56,5.95,5.95,5.95,5.95,150,179025
20200130,13:58,6.00,6.05,6.00,6.05,900,180150
20200130,13:59,6.15,6.15,6.15,6.15,300,180150
20200130,14:02,6.00,6.00,5.90,5.95,4500,180750
20200130,14:03,5.90,5.90,5.70,5.80,4500,183750
20200130,14:04,5.75,5.80,5.65,5.65,7200,183750
20200130,14:05,5.60,5.70,5.55,5.55,3450,183750
20200130,14:06,5.65,5.65,5.55,5.55,5400,197475
20200130,14:07,5.65,5.75,5.60,5.60,1125,197475
20200130,14:08,5.60,5.65,5.55,5.55,3600,197475
20200130,14:09,5.60,5.65,5.50,5.65,1875,205500
20200130,14:10,5.65,5.65,5.30,5.30,5700,205500
20200130,14:11,5.40,5.40,5.25,5.30,1650,205500
20200130,14:12,5.30,5.30,5.20,5.20,2325,212250
20200130,14:13,5.35,5.40,5.35,5.40,450,212250
20200130,14:14,5.35,5.40,5.30,5.40,1425,212250
20200130,14:17,5.40,5.50,5.40,5.40,1650,214575
20200130,14:18,5.50,5.65,5.50,5.50,2025,216825
20200130,14:19,5.50,5.50,5.50,5.50,375,216825
20200130,14:20,5.50,5.80,5.50,5.80,900,216825
20200130,14:21,5.85,5.85,5.65,5.65,600,217650
20200130,14:22,5.80,5.80,5.80,5.80,225,217650
20200130,14:23,5.70,5.70,5.70,5.70,150,217650
20200130,14:24,5.75,5.75,5.75,5.75,150,219525
20200130,14:25,5.75,5.80,5.75,5.75,1200,219525
20200130,14:26,5.80,5.80,5.75,5.75,1800,219525
20200130,14:27,5.85,6.00,5.85,6.00,1425,220575
20200130,14:28,5.90,6.10,5.90,6.05,1725,220575
20200130,14:29,6.05,6.20,6.05,6.05,1200,220575
20200130,14:30,6.10,6.10,6.05,6.05,750,221550
20200130,14:31,6.00,6.05,6.00,6.05,150,221550
20200130,14:32,5.95,5.95,5.95,5.95,75,221550
20200130,14:33,6.10,6.15,6.00,6.15,1725,222150
20200130,14:34,6.00,6.00,6.00,6.00,450,222150
20200130,14:35,5.90,5.90,5.90,5.90,525,222150
20200130,14:36,5.95,6.00,5.95,6.00,450,223350
20200130,14:37,6.05,6.10,6.00,6.00,900,223350
20200130,14:38,5.95,6.10,5.95,5.95,1275,223350
20200130,14:39,6.10,6.10,5.90,5.90,225,224550
20200130,14:42,5.75,5.75,5.70,5.70,600,224625
20200130,14:44,5.70,5.85,5.70,5.85,525,224625
20200130,14:45,5.85,5.85,5.85,5.85,300,220650
20200130,14:46,5.70,5.75,5.70,5.75,1275,220650
20200130,14:47,5.70,5.75,5.65,5.75,3450,220650
20200130,14:48,5.65,5.65,5.65,5.65,600,220650
20200130,14:50,5.65,5.90,5.65,5.90,450,225150
20200130,14:51,5.80,5.80,5.60,5.65,1050,225300
20200130,14:52,5.75,5.80,5.75,5.80,2250,225300
20200130,14:53,5.80,5.80,5.80,5.80,75,225300
20200130,14:54,5.80,5.95,5.80,5.85,1200,227325
20200130,14:55,5.75,5.95,5.75,5.95,1125,227325
20200130,14:56,5.75,5.95,5.75,5.95,1350,227325
20200130,14:57,5.65,5.85,5.65,5.80,1050,229125
20200130,14:58,5.65,5.85,5.65,5.85,5025,229125
20200130,14:59,5.80,5.80,5.80,5.80,1125,229125
20200130,15:00,5.95,6.05,5.90,5.90,1425,230925
20200130,15:01,6.00,6.15,6.00,6.00,750,230925
20200130,15:02,5.95,6.25,5.95,6.25,1800,230925
20200130,15:03,6.15,6.15,6.15,6.15,600,230925
20200130,15:04,5.95,6.20,5.95,6.15,1425,230550
20200130,15:05,6.05,6.20,5.95,6.20,6000,230550
20200130,15:06,6.30,6.35,6.20,6.25,525,235500
20200130,15:07,6.25,6.30,6.25,6.30,5325,235500
20200130,15:08,6.25,6.35,6.20,6.35,8625,235500
20200130,15:09,6.40,6.50,6.35,6.45,6675,248100
20200130,15:10,6.60,7.00,6.60,6.90,9675,248100
20200130,15:11,6.95,7.00,6.85,6.90,6825,248100
20200130,15:12,6.90,6.95,6.80,6.85,2700,260850
20200130,15:13,6.90,6.90,6.70,6.70,2625,260850
20200130,15:14,6.75,6.80,6.75,6.80,225,260850
20200130,15:15,6.75,6.85,6.75,6.75,2100,255375
20200130,15:16,6.80,6.85,6.70,6.75,7050,255375
20200130,15:17,6.75,6.85,6.55,6.60,9075,255375
20200130,15:18,6.60,6.90,6.60,6.70,7575,248700
20200130,15:19,6.85,7.00,6.80,7.00,6150,248700
20200130,15:20,6.95,7.10,6.90,7.10,17700,248700
20200130,15:21,6.85,7.00,6.70,6.75,7575,247425
20200130,15:22,6.75,6.75,6.50,6.60,6825,247425
20200130,15:23,6.65,6.75,6.45,6.50,21375,247425
20200130,15:24,6.45,6.80,6.40,6.75,63300,257250
20200130,15:25,7.05,7.30,6.85,6.90,38775,257250
20200130,15:26,6.85,6.90,6.60,6.65,13725,257250
20200130,15:27,6.70,6.80,6.60,6.70,13350,262125
20200130,15:28,6.65,6.70,6.40,6.40,8550,262125
20200130,15:29,6.40,6.50,5.95,6.45,18375,262125
20200131,09:15,8.00,8.00,6.65,6.75,17851,269925
20200131,09:16,6.75,6.75,6.45,6.70,15450,269925
20200131,09:17,6.70,6.85,6.65,6.80,5700,271650
20200131,09:18,6.85,6.90,6.70,6.70,1575,271650
20200131,09:19,6.55,6.65,5.65,5.65,16725,271650
20200131,09:20,5.65,6.20,5.65,6.05,31950,280725
20200131,09:21,6.10,6.25,6.00,6.20,3450,280725
20200131,09:22,6.20,6.60,6.10,6.55,5325,280725
20200131,09:23,6.35,6.95,6.35,6.85,5025,282525
20200131,09:24,6.90,7.00,6.80,6.90,2625,282525
20200131,09:25,6.95,7.40,6.95,7.30,8625,282525
20200131,09:26,7.05,7.65,7.05,7.45,17775,280650
20200131,09:27,7.40,7.50,7.20,7.50,10950,280650
20200131,09:28,7.30,7.55,7.30,7.50,7425,280650
20200131,09:29,7.50,7.55,7.35,7.55,11175,293100
20200131,09:30,7.65,7.65,7.35,7.60,9675,293100
20200131,09:31,7.70,8.00,7.60,7.95,5475,293100
20200131,09:32,7.95,8.05,7.80,8.05,9000,301800
20200131,09:33,8.05,8.15,7.90,7.95,7200,301800
20200131,09:34,8.00,8.10,7.65,7.80,11400,301800
20200131,09:35,7.70,7.90,7.70,7.80,2325,313275
20200131,09:36,7.65,7.70,7.50,7.70,6300,313275
20200131,09:37,7.75,7.75,7.35,7.55,4500,313275
20200131,09:38,7.45,7.45,7.15,7.15,2775,313725
20200131,09:39,7.00,7.10,6.95,7.05,2625,313725
20200131,09:40,7.05,7.05,6.60,6.65,3900,313725
20200131,09:41,6.75,7.15,6.70,7.10,3075,294975
20200131,09:42,7.10,7.15,6.95,7.15,4800,294975
20200131,09:43,7.15,7.25,7.15,7.25,2550,294975
20200131,09:44,7.25,7.25,7.20,7.25,1200,293550
20200131,09:45,7.15,7.30,7.15,7.25,1800,293550
20200131,09:46,7.30,7.40,7.10,7.25,5325,293550
20200131,09:47,7.25,7.25,7.20,7.20,1200,291525
20200131,09:48,7.10,7.25,7.00,7.10,1575,291525
20200131,09:49,7.25,7.25,7.00,7.00,1650,291525
20200131,09:50,7.05,7.20,6.95,7.20,1875,290775
20200131,09:51,7.20,7.30,7.20,7.20,1875,290775
20200131,09:52,7.30,7.40,7.25,7.25,450,290775
20200131,09:53,7.20,7.30,7.20,7.25,1125,287025
20200131,09:54,7.40,7.45,7.25,7.25,900,287025
20200131,09:55,7.40,7.40,7.05,7.35,750,287025
20200131,09:56,7.25,7.30,7.15,7.25,2325,286275
20200131,09:57,7.10,7.30,7.10,7.25,2925,286275
20200131,09:58,7.30,7.40,7.25,7.40,4125,286275
20200131,09:59,7.45,7.65,7.30,7.65,2925,286875
20200131,10:00,7.55,7.80,7.50,7.70,5175,286875
20200131,10:01,7.75,7.85,7.75,7.80,675,286875
20200131,10:02,7.95,8.00,7.80,7.90,4275,288525
20200131,10:03,7.95,7.95,7.80,7.90,2025,288525
20200131,10:04,7.90,7.90,7.75,7.85,1800,288525
20200131,10:05,7.90,7.90,7.90,7.90,525,289650
20200131,10:06,7.90,7.90,7.90,7.90,150,289650
20200131,10:07,7.95,8.10,7.95,8.00,2925,289650
20200131,10:08,8.10,8.10,8.05,8.05,225,292500
20200131,10:09,7.95,7.95,7.80,7.80,600,292500
20200131,10:10,7.85,7.90,7.85,7.90,675,292500
20200131,10:11,7.90,8.05,7.85,8.00,4125,292425
20200131,10:12,7.95,7.95,7.95,7.95,150,292425
20200131,10:13,8.10,8.10,7.90,8.00,975,292425
20200131,10:14,8.00,8.00,7.85,7.85,2550,295950
20200131,10:15,7.90,8.05,7.75,7.75,1800,295950
20200131,10:16,7.80,7.95,7.65,7.95,4575,295950
20200131,10:17,8.00,8.00,7.80,7.80,4650,298875
20200131,10:18,7.80,7.80,7.70,7.80,225,298875
20200131,10:19,7.80,7.85,7.70,7.75,675,298875
20200131,10:20,7.60,7.60,7.45,7.55,2250,301650
20200131,10:21,7.65,7.70,7.55,7.55,525,301650
20200131,10:22,7.55,7.60,7.55,7.60,1500,301650
20200131,10:23,7.65,7.65,7.55,7.60,900,302400
20200131,10:24,7.50,7.60,7.40,7.45,2475,302400
20200131,10:25,7.50,7.50,7.40,7.40,1275,302400
20200131,10:26,7.40,7.50,7.30,7.30,6225,304200
20200131,10:27,7.35,7.45,7.30,7.40,4500,304200
20200131,10:28,7.40,7.45,7.30,7.35,2625,304200
20200131,10:29,7.35,7.40,7.00,7.15,13500,311700
20200131,10:30,7.35,7.50,7.30,7.50,3225,311700
20200131,10:31,7.50,7.55,7.40,7.45,3450,311700
20200131,10:32,7.50,7.65,7.45,7.50,5400,314100
20200131,10:33,7.50,7.65,7.50,7.65,2250,314100
20200131,10:34,7.60,7.60,7.50,7.55,1950,314100
20200131,10:35,7.60,7.65,7.50,7.55,2475,319500
20200131,10:36,7.55,7.70,7.50,7.65,9300,319500
20200131,10:37,7.65,7.65,7.50,7.60,300,319500
20200131,10:38,7.50,7.65,7.50,7.65,13875,329100
20200131,10:39,7.75,7.80,7.75,7.80,825,329100
20200131,10:40,7.70,7.85,7.65,7.80,2775,329100
20200131,10:41,7.75,7.80,7.70,7.80,1800,341925
20200131,10:42,7.75,7.80,7.65,7.80,3600,341925
20200131,10:43,7.80,7.80,7.65,7.75,1200,341925
20200131,10:44,7.75,7.75,7.65,7.75,1350,344850
20200131,10:45,7.75,7.75,7.45,7.50,7275,344850
20200131,10:46,7.60,7.65,7.45,7.50,1050,344850
20200131,10:47,7.50,7.65,7.50,7.65,600,347100
20200131,10:48,7.65,7.70,7.45,7.50,6900,347100
20200131,10:49,7.55,7.60,7.45,7.55,2025,347100
20200131,10:50,7.55,7.55,7.40,7.40,225,347100
20200131,10:51,7.50,7.50,7.30,7.45,8175,353025
20200131,10:52,7.55,7.55,7.35,7.35,7050,353025
20200131,10:53,7.50,7.50,7.30,7.40,2250,358950
20200131,10:54,7.45,7.55,7.35,7.45,3300,358950
20200131,10:55,7.50,7.50,7.35,7.45,1800,358950
20200131,10:56,7.45,7.45,7.35,7.45,2850,359475
20200131,10:57,7.35,7.55,7.35,7.40,9975,359475
20200131,10:58,7.35,7.50,7.35,7.45,4800,359475
20200131,10:59,7.45,7.45,7.35,7.40,1575,366750
20200131,11:00,7.45,7.45,7.30,7.35,1350,366750
20200131,11:01,7.30,7.45,7.30,7.45,1050,366750
20200131,11:02,7.35,7.45,7.30,7.45,2475,367650
20200131,11:03,7.45,7.45,7.35,7.40,750,367650
20200131,11:05,7.30,7.35,7.20,7.30,2250,369675
20200131,11:06,7.30,7.30,7.15,7.30,525,369675
20200131,11:07,7.30,7.30,7.15,7.15,1275,369675
20200131,11:08,7.15,7.15,6.70,6.95,8625,376125
20200131,11:09,6.95,7.00,6.80,6.90,1425,376125
20200131,11:10,6.85,6.85,6.55,6.75,8400,376125
20200131,11:11,6.75,6.75,6.50,6.70,10200,376950
20200131,11:12,6.70,6.85,6.65,6.80,6075,376950
20200131,11:13,6.95,7.05,6.85,7.00,6075,376950
20200131,11:14,7.00,7.00,6.90,6.95,1275,379500
20200131,11:15,6.85,6.95,6.75,6.85,11400,379500
20200131,11:16,6.85,7.00,6.75,6.85,3900,379500
20200131,11:17,6.95,7.05,6.85,6.85,10725,390900
20200131,11:18,6.85,7.00,6.80,7.00,2025,390900
20200131,11:19,6.90,7.00,6.90,7.00,2025,390900
20200131,11:20,6.85,6.95,6.75,6.80,4800,394650
20200131,11:21,6.60,6.80,6.60,6.80,1350,394650
20200131,11:22,6.75,6.90,6.75,6.85,9150,394650
20200131,11:23,6.75,6.80,6.75,6.80,300,406800
20200131,11:24,6.70,6.75,6.65,6.75,5700,406800
20200131,11:25,6.75,6.80,6.70,6.75,18750,406800
20200131,11:26,6.80,6.95,6.80,6.90,3375,424500
20200131,11:27,6.90,7.00,6.75,6.85,4875,424500
20200131,11:28,6.95,7.05,6.75,6.85,3675,424500
20200131,11:29,6.75,6.80,6.65,6.70,6900,427350
20200131,11:30,6.60,6.75,6.60,6.70,3225,427350
20200131,11:31,6.65,6.85,6.60,6.85,6300,427350
20200131,11:32,6.75,6.90,6.75,6.80,3750,427350
20200131,11:33,6.70,6.70,6.60,6.60,10875,437700
20200131,11:34,6.60,6.80,6.60,6.80,1725,437700
20200131,11:35,6.80,6.95,6.65,6.95,4200,444975
20200131,11:36,6.95,6.95,6.95,6.95,1800,444975
20200131,11:37,6.95,7.00,6.90,6.90,8250,444975
20200131,11:38,6.95,7.05,6.80,6.90,4875,451875
20200131,11:39,6.80,6.80,6.65,6.70,1725,451875
20200131,11:40,6.60,6.70,6.55,6.65,3825,451875
20200131,11:41,6.65,6.90,6.65,6.90,2475,451875
20200131,11:42,6.80,6.85,6.70,6.80,7500,454650
20200131,11:43,6.85,6.85,6.70,6.80,10350,454650
20200131,11:44,6.75,6.85,6.70,6.70,9675,468900
20200131,11:45,6.70,6.75,6.65,6.75,9450,468900
20200131,11:46,6.75,6.75,6.65,6.70,3075,468900
20200131,11:47,6.75,6.75,6.75,6.75,225,468900
20200131,11:48,6.85,6.85,6.85,6.85,4425,474000
20200131,11:49,6.65,6.65,6.65,6.65,525,474000
20200131,11:50,6.80,6.80,6.70,6.70,750,473175
20200131,11:51,6.80,6.80,6.80,6.80,75,473175
20200131,11:52,6.65,6.75,6.65,6.75,1200,473175
20200131,11:53,6.70,6.70,6.45,6.45,3600,474150
20200131,11:54,6.60,6.60,6.45,6.45,150,474150
20200131,11:55,6.50,6.60,6.50,6.60,1275,474150
20200131,11:56,6.45,6.60,6.45,6.55,2175,477675
20200131,11:57,6.45,6.55,6.45,6.55,375,477675
20200131,11:58,6.60,6.60,6.60,6.60,225,477675
20200131,11:59,6.70,6.75,6.70,6.70,1050,478275
20200131,12:00,6.60,6.70,6.60,6.70,1125,478275
20200131,12:01,6.75,6.90,6.75,6.80,2400,478275
20200131,12:02,6.75,6.75,6.65,6.70,675,478275
20200131,12:03,6.65,6.80,6.65,6.70,675,478875
20200131,12:04,6.70,6.75,6.55,6.60,2250,478875
20200131,12:05,6.90,6.95,6.90,6.95,1875,477075
20200131,12:06,6.95,7.10,6.90,7.00,6225,477075
20200131,12:07,6.80,6.90,6.75,6.75,3525,477075
20200131,12:08,6.90,6.95,6.85,6.95,1275,480975
20200131,12:09,6.95,7.00,6.80,6.90,2775,480975
20200131,12:10,6.75,6.95,6.65,6.95,3600,480975
20200131,12:11,6.95,6.95,6.75,6.75,1500,483300
20200131,12:12,6.80,6.85,6.65,6.85,2400,483300
20200131,12:13,6.90,6.90,6.70,6.80,1725,483300
20200131,12:14,6.60,6.75,6.40,6.70,4575,485850
20200131,12:15,6.55,6.60,6.55,6.60,1425,485850
20200131,12:16,6.60,6.65,6.55,6.65,1875,485850
20200131,12:17,6.70,6.70,6.60,6.60,675,487125
20200131,12:18,6.60,6.65,6.50,6.65,3750,487125
20200131,12:19,6.60,6.75,6.60,6.75,2850,487125
20200131,12:20,6.60,6.85,6.60,6.75,11175,483150
20200131,12:21,6.75,6.75,6.75,6.75,900,483150
20200131,12:22,6.70,6.75,6.70,6.75,3375,483150
20200131,12:23,6.80,6.80,6.70,6.75,1950,483450
20200131,12:24,6.75,6.80,6.65,6.75,5775,483450
20200131,12:25,6.75,6.75,6.70,6.70,4575,483450
20200131,12:26,6.70,6.75,6.70,6.75,3375,488400
20200131,12:27,6.75,6.75,6.70,6.70,10650,488400
20200131,12:28,6.70,6.70,6.65,6.65,1050,488400
20200131,12:29,6.65,6.70,6.65,6.70,5325,500925
20200131,12:30,6.60,6.65,6.60,6.60,11325,500925
20200131,12:31,6.60,6.70,6.60,6.70,825,500925
20200131,12:32,6.70,6.70,6.70,6.70,150,500925
20200131,12:33,6.70,6.80,6.70,6.80,675,504375
20200131,12:34,6.80,6.90,6.80,6.85,4200,504375
20200131,12:35,6.70,7.05,6.70,6.90,3675,505200
20200131,12:36,6.85,7.00,6.85,6.90,450,505200
20200131,12:37,6.95,7.05,6.95,7.05,375,505200
20200131,12:38,7.10,7.20,7.10,7.20,2625,506400
20200131,12:39,7.15,7.25,7.10,7.20,5250,506400
20200131,12:40,7.05,7.30,7.00,7.15,10275,506400
20200131,12:41,7.15,7.15,7.10,7.15,10200,513900
20200131,12:42,7.30,7.40,7.10,7.35,6300,513900
20200131,12:43,7.40,7.50,7.35,7.45,3900,513900
20200131,12:44,7.45,7.50,7.30,7.30,2175,513900
20200131,12:45,7.25,7.40,7.25,7.25,750,518400
20200131,12:46,7.30,7.30,7.10,7.30,5250,518400
20200131,12:47,7.30,7.30,7.25,7.30,1875,522150
20200131,12:48,7.40,7.45,7.35,7.35,2325,522150
20200131,12:49,7.40,7.60,7.40,7.60,2775,522150
20200131,12:50,7.60,7.90,7.60,7.75,14100,534000
20200131,12:51,7.85,7.95,7.55,7.70,7350,534000
20200131,12:52,7.75,7.75,7.45,7.60,11100,534000
20200131,12:53,7.50,7.75,7.50,7.65,15525,536475
20200131,12:54,7.65,7.80,7.40,7.40,9675,536475
20200131,12:55,7.50,7.50,7.40,7.45,6150,536475
20200131,12:56,7.45,7.55,7.45,7.50,3000,536475
20200131,12:57,7.50,7.60,7.20,7.20,5025,540600
20200131,12:58,7.35,7.50,7.25,7.35,5250,540600
20200131,12:59,7.25,7.45,7.25,7.45,5400,546225
20200131,13:00,7.35,7.55,7.30,7.55,5475,546225
20200131,13:01,7.45,7.45,7.35,7.35,2775,546225
20200131,13:02,7.35,7.45,7.25,7.35,5625,552975
20200131,13:03,7.30,7.40,7.30,7.35,4125,552975
20200131,13:04,7.40,7.85,7.35,7.80,6450,552975
20200131,13:05,7.80,7.85,7.70,7.85,6750,560850
20200131,13:06,7.80,7.85,7.65,7.85,6600,560850
20200131,13:07,7.80,7.85,7.70,7.70,3825,560850
20200131,13:08,7.75,7.85,7.60,7.60,3225,566400
20200131,13:09,7.75,7.90,7.60,7.75,3450,566400
20200131,13:10,7.65,7.65,7.50,7.60,6000,566400
20200131,13:11,7.45,7.50,7.40,7.50,6000,569025
20200131,13:12,7.55,7.65,7.45,7.50,2325,569025
20200131,13:13,7.50,7.50,7.30,7.30,1800,569025
20200131,13:14,7.30,7.35,7.25,7.35,750,569025
20200131,13:15,7.50,7.50,7.40,7.50,2175,572400
20200131,13:16,7.45,7.50,7.45,7.50,825,572400
20200131,13:17,7.50,7.55,7.50,7.55,150,572400
20200131,13:18,7.50,7.55,7.50,7.55,2100,575550
20200131,13:19,7.55,7.55,7.45,7.50,1425,575550
20200131,13:20,7.50,7.55,7.45,7.50,1950,575550
20200131,13:21,7.50,7.60,7.50,7.60,225,576375
20200131,13:22,7.55,7.55,7.45,7.45,1800,576375
20200131,13:23,7.50,7.55,7.45,7.45,1200,576375
20200131,13:24,7.50,7.50,7.45,7.45,1650,577875
20200131,13:25,7.45,7.45,7.35,7.40,1725,577875
20200131,13:26,7.35,7.35,7.35,7.35,75,577875
20200131,13:27,7.35,7.45,7.35,7.40,1200,580050
20200131,13:28,7.40,7.55,7.40,7.45,1125,580050
20200131,13:29,7.50,7.65,7.50,7.50,600,580350
20200131,13:30,7.55,7.55,7.55,7.55,375,580350
20200131,13:31,7.65,7.70,7.45,7.70,3375,580350
20200131,13:32,7.70,7.85,7.70,7.70,2625,581100
20200131,13:33,7.70,7.70,7.65,7.70,1350,581100
20200131,13:34,7.70,7.75,7.70,7.75,600,581100
20200131,13:35,7.80,7.80,7.80,7.80,900,581025
20200131,13:36,7.75,7.75,7.75,7.75,600,581025
20200131,13:37,7.70,7.70,7.65,7.65,1125,581025
20200131,13:38,7.70,7.70,7.60,7.70,2625,581025
20200131,13:39,7.70,7.70,7.55,7.70,2400,582150
20200131,13:40,7.70,7.85,7.70,7.85,1800,582150
20200131,13:41,7.75,7.80,7.70,7.75,3000,583425
20200131,13:42,7.80,7.80,7.65,7.70,1500,583425
20200131,13:43,7.75,7.80,7.75,7.80,525,583425
20200131,13:44,7.80,7.90,7.80,7.90,1425,583425
20200131,13:45,7.90,7.90,7.75,7.80,3300,583875
20200131,13:46,7.85,7.95,7.85,7.90,1425,583875
20200131,13:47,7.85,7.85,7.85,7.85,4950,583875
20200131,13:48,7.85,7.90,7.85,7.90,900,588825
20200131,13:49,7.95,7.95,7.80,7.90,1500,588825
20200131,13:50,7.90,7.95,7.85,7.95,1275,588825
20200131,13:51,8.00,8.05,7.85,7.85,14100,587475
20200131,13:52,7.80,7.90,7.80,7.85,2925,587475
20200131,13:53,7.70,7.75,7.55,7.75,6150,594300
20200131,13:54,7.70,7.80,7.70,7.75,6975,594300
20200131,13:55,7.70,7.80,7.55,7.65,4350,594300
20200131,13:56,7.70,7.80,7.65,7.75,3300,594300
20200131,13:57,7.80,7.80,7.75,7.75,2550,595200
20200131,13:58,7.75,7.75,7.65,7.75,2325,595200
20200131,13:59,7.85,7.85,7.75,7.75,1275,594600
20200131,14:00,7.75,7.80,7.60,7.60,9675,594600
20200131,14:01,7.45,7.60,7.35,7.60,5775,594600
20200131,14:02,7.50,7.80,7.50,7.70,3600,594600
20200131,14:03,7.70,7.70,7.60,7.60,1950,591225
20200131,14:04,7.60,7.75,7.60,7.70,3300,591225
20200131,14:05,7.75,8.00,7.75,7.85,6525,589050
20200131,14:06,7.85,7.85,7.80,7.80,1800,589050
20200131,14:07,7.85,7.95,7.80,7.95,2700,589050
20200131,14:08,7.95,7.95,7.90,7.90,3900,589425
20200131,14:09,7.85,7.90,7.85,7.90,1575,589425
20200131,14:10,7.95,7.95,7.85,7.90,2550,589425
20200131,14:11,7.95,8.05,7.90,8.05,2550,589425
20200131,14:12,7.90,7.95,7.90,7.90,375,592725
20200131,14:13,7.90,7.90,7.90,7.90,375,592725
20200131,14:14,7.90,8.20,7.75,8.15,6675,594375
20200131,14:15,8.05,8.20,8.00,8.05,1650,594375
20200131,14:16,8.15,8.25,8.05,8.25,4275,594375
20200131,14:17,8.25,8.25,8.10,8.20,7275,594375
20200131,14:18,8.20,8.20,7.80,7.90,8475,595725
20200131,14:19,7.95,8.00,7.85,7.95,4875,595725
20200131,14:20,7.95,7.95,7.70,7.90,3000,595725
20200131,14:21,7.75,8.00,7.75,7.90,3450,594150
20200131,14:22,7.90,8.00,7.85,7.90,1725,594150
20200131,14:23,7.90,7.95,7.90,7.95,1125,594150
20200131,14:24,7.90,8.00,7.70,7.80,3225,592800
20200131,14:25,7.80,7.90,7.60,7.75,2400,592800
20200131,14:26,7.70,8.00,7.70,8.00,7950,592800
20200131,14:27,8.05,8.20,8.00,8.00,4800,589725
20200131,14:28,8.00,8.10,8.00,8.10,1725,589725
20200131,14:29,7.95,8.10,7.95,8.00,5475,589725
20200131,14:30,8.00,8.05,7.80,8.05,11925,594900
20200131,14:31,8.10,8.35,8.10,8.20,8100,594900
20200131,14:32,8.10,8.25,8.10,8.25,3525,594900
20200131,14:33,8.30,8.35,8.05,8.30,7125,604875
20200131,14:34,8.35,8.40,8.20,8.30,6075,604875
20200131,14:35,8.15,8.40,8.15,8.30,18000,604875
20200131,14:36,8.30,8.30,8.05,8.10,16125,617850
20200131,14:37,8.00,8.20,8.00,8.00,10275,617850
20200131,14:38,8.05,8.30,8.00,8.20,7500,617850
20200131,14:39,8.20,8.20,8.10,8.10,3825,629400
20200131,14:40,8.10,8.15,8.00,8.00,6825,629400
20200131,14:41,8.05,8.15,8.00,8.00,6675,629400
20200131,14:42,7.95,8.10,7.95,8.05,3150,627450
20200131,14:43,7.90,7.90,7.90,7.90,3825,627450
20200131,14:44,7.85,7.90,7.65,7.65,8775,627450
20200131,14:45,7.55,7.65,7.30,7.30,8025,628050
20200131,14:46,7.35,7.55,7.25,7.50,5400,628050
20200131,14:47,7.50,7.65,7.40,7.50,5775,628050
20200131,14:48,7.50,7.55,7.50,7.55,2625,633375
20200131,14:49,7.55,7.55,7.20,7.20,8400,633375
20200131,14:50,7.25,7.50,7.20,7.50,4575,633375
20200131,14:51,7.40,7.50,7.35,7.40,2400,636075
20200131,14:52,7.35,7.50,7.35,7.45,5475,636075
20200131,14:53,7.40,7.45,7.35,7.40,8175,636075
20200131,14:54,7.50,7.50,7.40,7.40,1050,638475
20200131,14:55,7.35,7.45,7.35,7.45,2700,638475
20200131,14:56,7.45,7.50,7.45,7.50,450,638475
20200131,14:57,7.50,7.50,7.40,7.45,4050,633525
20200131,14:58,7.45,7.65,7.45,7.50,7125,633525
20200131,14:59,7.50,7.55,7.50,7.50,2025,633525
20200131,15:00,7.50,7.60,7.50,7.60,2550,635850
20200131,15:01,7.60,7.60,7.25,7.25,10050,635850
20200131,15:02,7.25,7.30,7.15,7.25,12750,635850
20200131,15:03,7.30,7.30,7.00,7.15,14625,650850
20200131,15:04,7.10,7.25,6.95,7.25,12750,650850
20200131,15:05,7.15,7.25,7.10,7.15,7200,650850
20200131,15:06,7.25,7.40,7.25,7.40,14850,659025
20200131,15:07,7.35,7.35,7.15,7.20,4875,659025
20200131,15:08,7.30,7.30,7.05,7.10,8775,659025
20200131,15:09,7.05,7.05,6.95,7.00,20025,659775
20200131,15:10,7.00,7.05,6.90,7.05,15300,659775
20200131,15:11,7.05,7.05,6.75,6.85,24825,659775
20200131,15:12,6.85,6.90,6.75,6.90,18825,679875
20200131,15:13,6.90,7.00,6.90,7.00,16050,679875
20200131,15:14,7.00,7.05,6.90,7.05,14625,679875
20200131,15:15,7.05,7.10,6.90,7.05,18600,687375
20200131,15:16,7.10,7.25,7.00,7.20,10125,687375
20200131,15:17,7.15,7.20,7.15,7.20,9450,687375
20200131,15:18,7.25,7.35,7.20,7.25,23400,695100
20200131,15:19,7.25,7.35,7.20,7.30,13800,695100
20200131,15:20,7.25,7.40,7.20,7.35,13575,695100
20200131,15:21,7.35,7.35,7.15,7.20,11100,707925
20200131,15:22,7.25,7.30,7.10,7.25,12150,707925
20200131,15:23,7.25,7.25,7.05,7.15,15150,707925
20200131,15:24,7.15,7.30,7.10,7.20,12000,708675
20200131,15:25,7.25,7.35,7.20,7.25,4050,708675
20200131,15:26,7.30,7.35,7.20,7.30,12750,708675
20200131,15:27,7.30,7.30,7.20,7.20,8325,708450
20200131,15:28,7.10,7.20,7.00,7.00,10425,708450
20200131,15:29,7.00,7.15,6.80,6.80,16350,708450
20200201,09:15,6.50,6.50,4.30,5.15,18451,716175
20200201,09:16,5.35,5.50,5.05,5.30,22650,716175
20200201,09:17,5.30,5.40,5.05,5.25,33750,716550
20200201,09:18,5.25,5.65,5.20,5.55,27525,716550
20200201,09:19,5.60,5.60,5.40,5.45,17325,716550
20200201,09:20,5.45,5.50,5.25,5.35,12825,683925
20200201,09:21,5.20,5.20,5.00,5.10,13275,683925
20200201,09:22,5.10,5.40,5.10,5.30,8100,683925
20200201,09:23,5.20,5.45,5.20,5.40,3600,673800
20200201,09:24,5.45,5.50,5.30,5.40,5550,673800
20200201,09:25,5.40,5.45,5.40,5.40,7500,673800
20200201,09:26,5.40,5.60,5.40,5.55,5175,675225
20200201,09:27,5.50,5.65,5.45,5.55,2475,675225
20200201,09:28,5.45,5.50,5.45,5.50,4275,675225
20200201,09:29,5.45,5.60,5.45,5.50,12300,672450
20200201,09:30,5.50,5.60,5.45,5.60,6825,672450
20200201,09:31,5.65,5.70,5.65,5.70,4725,672450
20200201,09:32,5.75,5.80,5.70,5.75,3300,672525
20200201,09:33,5.80,5.90,5.80,5.90,1050,672525
20200201,09:34,5.95,6.00,5.85,5.95,10500,672525
20200201,09:35,5.90,5.90,5.80,5.90,4725,678150
20200201,09:36,5.90,5.90,5.85,5.85,4950,678150
20200201,09:37,5.85,5.95,5.85,5.90,11025,678150
20200201,09:38,5.90,5.90,5.70,5.75,6450,696150
20200201,09:39,5.75,5.85,5.75,5.75,5700,696150
20200201,09:40,5.70,5.85,5.70,5.75,5250,696150
20200201,09:41,5.75,5.85,5.75,5.80,4650,702825
20200201,09:42,5.85,5.90,5.80,5.85,6825,702825
20200201,09:43,5.85,6.00,5.85,6.00,6900,702825
20200201,09:44,6.00,6.30,6.00,6.00,5025,710625
20200201,09:45,6.10,6.20,6.10,6.15,6000,710625
20200201,09:46,6.00,6.15,5.90,5.95,5400,710625
20200201,09:47,5.90,6.00,5.75,5.95,5250,712500
20200201,09:48,5.90,6.20,5.90,6.20,7950,712500
20200201,09:49,6.20,6.40,6.20,6.40,4200,712500
20200201,09:50,6.40,6.55,6.30,6.40,5475,714150
20200201,09:51,6.45,6.65,6.45,6.65,3975,714150
20200201,09:52,6.65,6.65,6.35,6.50,11475,714150
20200201,09:53,6.40,6.45,6.30,6.30,4500,710850
20200201,09:54,6.35,6.45,6.20,6.45,7050,710850
20200201,09:55,6.40,6.55,6.40,6.50,4950,710850
20200201,09:56,6.40,6.50,6.35,6.45,1950,704250
20200201,09:57,6.45,6.50,6.45,6.50,3450,704250
20200201,09:58,6.65,6.65,6.40,6.45,4050,704250
20200201,09:59,6.45,6.50,6.40,6.45,1500,704400
20200201,10:00,6.45,6.55,6.45,6.55,3075,704400
20200201,10:01,6.50,6.55,6.35,6.45,7350,704400
20200201,10:02,6.50,6.60,6.45,6.60,5025,699225
20200201,10:03,6.65,6.90,6.65,6.70,7350,699225
20200201,10:04,6.55,7.00,6.45,6.75,10800,699225
20200201,10:05,6.75,6.75,6.65,6.65,1800,697500
20200201,10:06,6.75,6.75,6.65,6.75,1650,697500
20200201,10:07,6.75,6.80,6.75,6.80,825,697500
20200201,10:08,6.80,6.90,6.70,6.80,975,700575
20200201,10:09,6.90,6.95,6.80,6.85,1950,700575
20200201,10:10,6.85,6.90,6.80,6.85,3975,700575
20200201,10:11,6.85,6.90,6.80,6.90,3750,703950
20200201,10:12,6.95,6.95,6.75,6.80,3600,703950
20200201,10:13,6.80,6.90,6.70,6.70,2925,703950
20200201,10:14,6.80,6.90,6.75,6.90,3450,709350
20200201,10:15,6.80,6.85,6.80,6.85,1575,709350
20200201,10:16,6.90,6.95,6.80,6.90,975,709350
20200201,10:17,6.90,6.95,6.85,6.85,4200,712275
20200201,10:18,6.85,6.85,6.85,6.85,1875,712275
20200201,10:19,6.85,6.90,6.80,6.90,4200,712275
20200201,10:20,6.90,6.90,6.85,6.90,5250,716325
20200201,10:21,6.90,6.90,6.80,6.85,2400,716325
20200201,10:22,6.90,6.90,6.80,6.85,2925,716325
20200201,10:23,6.85,6.85,6.65,6.75,9000,718425
20200201,10:24,6.65,6.80,6.65,6.80,5700,718425
20200201,10:25,6.80,6.90,6.75,6.80,4950,718425
20200201,10:26,6.80,6.80,6.70,6.80,4500,722625
20200201,10:27,6.80,6.90,6.80,6.80,2925,722625
20200201,10:28,6.80,6.90,6.75,6.75,2700,722625
20200201,10:29,6.75,6.85,6.70,6.70,2025,721125
20200201,10:30,6.70,6.75,6.60,6.60,2925,721125
20200201,10:31,6.65,6.70,6.65,6.70,1350,721125
20200201,10:32,6.70,6.80,6.70,6.80,4950,720975
20200201,10:33,6.85,6.90,6.80,6.90,3825,720975
20200201,10:34,6.90,6.90,6.80,6.80,4350,720975
20200201,10:35,6.80,6.80,6.75,6.80,12525,724875
20200201,10:36,6.80,6.80,6.70,6.75,4350,724875
20200201,10:37,6.75,6.80,6.75,6.80,4875,724875
20200201,10:38,6.85,6.85,6.80,6.80,11850,736425
20200201,10:39,6.80,6.85,6.75,6.85,4125,736425
20200201,10:40,6.85,6.85,6.60,6.65,7350,736425
20200201,10:41,6.65,6.65,6.30,6.45,15525,739050
20200201,10:42,6.45,6.65,6.45,6.65,4725,739050
20200201,10:43,6.65,6.70,6.60,6.70,3900,739050
20200201,10:44,6.70,6.75,6.65,6.75,3525,736275
20200201,10:45,6.75,6.75,6.70,6.70,5175,736275
20200201,10:46,6.75,6.75,6.70,6.75,4350,736275
20200201,10:47,6.80,6.80,6.75,6.75,1875,732000
20200201,10:48,6.75,6.80,6.70,6.75,3000,732000
20200201,10:49,6.75,6.80,6.70,6.75,3150,732000
20200201,10:50,6.80,6.80,6.80,6.80,2100,729225
20200201,10:51,6.85,6.85,6.75,6.85,525,729225
20200201,10:52,6.85,6.95,6.80,6.95,2250,729225
20200201,10:53,6.85,7.00,6.85,6.95,3075,733650
20200201,10:54,7.00,7.05,6.90,6.95,6825,733650
20200201,10:55,6.95,7.60,6.95,7.25,13500,733650
20200201,10:56,7.20,7.40,7.10,7.30,7125,731925
20200201,10:57,7.30,7.35,7.10,7.25,11250,731925
20200201,10:58,7.30,7.35,7.15,7.30,7950,731925
20200201,10:59,7.30,7.35,7.15,7.20,8400,736050
20200201,11:00,7.20,7.65,7.20,7.35,11850,736050
20200201,11:01,7.45,7.50,7.30,7.40,5025,736050
20200201,11:02,7.40,7.55,6.90,7.25,22500,734400
20200201,11:03,7.40,7.50,6.95,7.25,6450,734400
20200201,11:04,7.25,7.45,7.10,7.10,10050,734400
20200201,11:05,7.00,7.30,6.95,7.15,7875,743925
20200201,11:06,7.25,7.30,7.15,7.25,2325,743925
20200201,11:07,7.30,7.35,7.10,7.35,5550,743925
20200201,11:08,7.20,7.40,7.10,7.15,2850,741975
20200201,11:09,7.40,7.45,7.15,7.15,6675,741975
20200201,11:10,7.15,7.35,7.15,7.30,6900,741975
20200201,11:11,7.30,7.45,7.25,7.30,4875,743400
20200201,11:12,7.40,7.60,7.30,7.50,3075,743400
20200201,11:13,7.20,7.60,7.10,7.35,6600,743400
20200201,11:14,7.35,7.50,7.25,7.25,4425,743850
20200201,11:15,7.30,7.40,7.20,7.25,7725,743850
20200201,11:16,7.35,7.35,7.20,7.20,4275,743850
20200201,11:17,7.20,7.20,7.10,7.15,4875,747000
20200201,11:18,7.15,7.15,7.00,7.00,2700,747000
20200201,11:19,7.00,7.00,6.75,6.85,6675,747000
20200201,11:20,6.95,6.95,6.85,6.85,5025,742950
20200201,11:21,6.85,6.85,6.45,6.65,10500,742950
20200201,11:22,6.65,6.75,6.55,6.65,5175,742950
20200201,11:23,6.60,6.70,6.60,6.65,2475,746100
20200201,11:24,6.50,6.55,6.40,6.50,9900,746100
20200201,11:25,6.50,6.50,6.20,6.20,11625,746100
20200201,11:26,6.05,6.20,5.40,5.85,24300,753675
20200201,11:27,6.00,6.00,5.70,5.70,17850,753675
20200201,11:28,5.80,5.80,5.55,5.70,9900,753675
20200201,11:29,5.70,5.75,5.60,5.65,9150,754275
20200201,11:30,5.70,5.70,5.50,5.70,5025,754275
20200201,11:31,5.70,5.75,5.55,5.65,6150,754275
20200201,11:32,5.65,5.80,5.60,5.70,5625,757275
20200201,11:33,5.60,5.80,5.55,5.75,13125,757275
20200201,11:34,5.70,5.75,5.65,5.75,5325,757275
20200201,11:35,5.65,5.80,5.65,5.65,3300,752250
20200201,11:36,5.70,5.75,5.65,5.75,2400,752250
20200201,11:37,5.65,5.80,5.60,5.70,7575,752250
20200201,11:38,5.75,5.75,5.65,5.65,3975,755700
20200201,11:39,5.65,5.75,5.65,5.70,1500,755700
20200201,11:40,5.65,5.70,5.65,5.65,1575,755700
20200201,11:41,5.60,5.75,5.60,5.75,2400,757275
20200201,11:42,5.70,5.95,5.70,5.95,5475,757275
20200201,11:43,5.65,5.85,5.65,5.80,13950,757275
20200201,11:44,5.75,5.80,5.65,5.65,2550,757350
20200201,11:45,5.65,5.70,5.65,5.65,3225,757350
20200201,11:46,5.70,5.70,5.45,5.45,14175,757350
20200201,11:47,5.45,5.55,5.40,5.45,13800,756075
20200201,11:48,5.45,5.50,5.35,5.40,26625,756075
20200201,11:49,5.45,5.50,5.40,5.45,4050,756075
20200201,11:50,5.40,5.45,5.35,5.35,8550,758250
20200201,11:51,5.35,5.45,5.35,5.35,10875,758250
20200201,11:52,5.35,5.40,5.30,5.35,13950,758250
20200201,11:53,5.30,5.40,5.25,5.35,8025,761850
20200201,11:54,5.25,5.30,5.05,5.10,17475,761850
20200201,11:55,5.05,5.05,4.75,4.90,33825,761850
20200201,11:56,4.90,4.95,4.80,4.90,11025,757425
20200201,11:57,4.90,4.95,4.80,4.90,14175,757425
20200201,11:58,4.85,4.95,4.85,4.90,3825,757425
20200201,11:59,4.85,4.90,4.80,4.85,7575,749400
20200201,12:00,4.80,4.90,4.80,4.85,7650,749400
20200201,12:01,4.80,4.85,4.70,4.80,8175,749400
20200201,12:02,4.75,4.85,4.50,4.60,15450,748800
20200201,12:03,4.60,4.60,4.50,4.55,7800,748800
20200201,12:04,4.55,4.60,4.50,4.50,9375,748800
20200201,12:05,4.50,4.50,4.15,4.15,34350,741600
20200201,12:06,4.15,4.25,3.75,4.25,35250,741600
20200201,12:07,4.25,4.25,4.15,4.20,3600,741600
20200201,12:08,4.25,4.25,4.00,4.00,12900,739050
20200201,12:09,4.10,4.30,4.10,4.25,8700,739050
20200201,12:10,4.25,4.40,4.25,4.25,5100,739050
20200201,12:11,4.20,4.20,4.10,4.15,7575,748125
20200201,12:12,4.15,4.25,4.15,4.20,1875,748125
20200201,12:13,4.20,4.20,4.10,4.10,6600,748125
20200201,12:14,4.20,4.20,4.10,4.10,7800,746100
20200201,12:15,4.15,4.25,4.05,4.10,20250,746100
20200201,12:16,4.20,4.20,4.15,4.15,1500,746100
20200201,12:17,4.15,4.35,4.15,4.35,7950,750375
20200201,12:18,4.35,4.35,4.30,4.35,900,750375
20200201,12:19,4.35,4.35,4.25,4.30,4950,750375
20200201,12:20,4.30,4.35,4.30,4.35,5100,750075
20200201,12:21,4.35,4.40,4.30,4.35,3300,750075
20200201,12:22,4.35,4.35,4.30,4.30,3075,750075
20200201,12:23,4.30,4.35,4.20,4.20,2925,753750
20200201,12:24,4.30,4.70,4.25,4.45,16875,753750
20200201,12:25,4.40,4.45,4.35,4.40,5400,753750
20200201,12:26,4.40,4.45,4.35,4.35,4425,751650
20200201,12:27,4.35,4.40,4.35,4.35,1050,751650
20200201,12:28,4.35,4.45,4.30,4.35,4425,751650
20200201,12:29,4.40,4.40,4.30,4.30,3300,750075
20200201,12:30,4.30,4.70,4.25,4.45,12450,750075
20200201,12:31,4.45,4.55,4.40,4.50,6075,750075
20200201,12:32,4.50,4.50,4.35,4.50,6450,747750
20200201,12:33,4.40,4.95,4.40,4.80,17850,747750
20200201,12:34,4.75,4.80,4.45,4.80,7575,747750
20200201,12:35,4.65,4.65,4.55,4.60,3750,749925
20200201,12:36,4.60,4.60,4.35,4.45,3300,749925
20200201,12:37,4.45,4.45,4.35,4.40,3375,749925
20200201,12:38,4.35,4.45,4.25,4.35,6975,751500
20200201,12:39,4.35,4.60,4.35,4.45,5700,751500
20200201,12:40,4.45,4.45,4.40,4.45,2250,751500
20200201,12:41,4.55,4.75,4.50,4.50,5025,748275
20200201,12:42,4.50,4.70,4.50,4.65,4425,748275
20200201,12:43,4.60,4.60,4.50,4.50,2400,748275
20200201,12:44,4.50,4.70,4.50,4.60,6150,752700
20200201,12:45,4.50,4.60,4.40,4.40,5175,752700
20200201,12:46,4.55,4.80,4.55,4.80,4725,752700
20200201,12:47,4.70,4.80,4.70,4.75,3750,752175
20200201,12:48,4.70,4.70,4.50,4.60,8550,752175
20200201,12:49,4.60,4.65,4.55,4.55,7575,752175
20200201,12:50,4.60,4.65,4.40,4.55,5850,755400
20200201,12:51,4.55,4.55,4.50,4.50,4425,755400
20200201,12:52,4.50,4.50,4.15,4.25,10725,755400
20200201,12:53,4.30,4.30,3.55,3.65,33300,770475
20200201,12:54,3.70,4.05,3.70,4.00,13275,770475
20200201,12:55,4.00,4.00,3.80,3.80,6750,770475
20200201,12:56,3.85,3.95,3.85,3.95,7200,771225
20200201,12:57,3.90,3.95,3.65,3.80,7425,771225
20200201,12:58,3.75,3.75,3.30,3.70,12750,771225
20200201,12:59,3.70,3.70,3.60,3.60,9225,772125
20200201,13:00,3.60,3.90,3.50,3.90,16200,772125
20200201,13:01,3.95,4.60,3.90,4.30,24300,772125
20200201,13:02,4.45,4.45,4.05,4.05,7500,778575
20200201,13:03,3.95,4.30,3.95,4.30,14775,778575
20200201,13:04,4.05,4.35,4.05,4.25,11175,778575
20200201,13:05,4.40,5.30,4.35,4.90,29775,769200
20200201,13:06,4.80,4.85,4.05,4.40,8850,769200
20200201,13:07,4.45,4.45,3.50,3.50,11400,769200
20200201,13:08,3.50,3.65,3.15,3.65,28875,777675
20200201,13:09,3.60,3.75,3.50,3.50,14550,777675
20200201,13:10,3.45,3.60,3.30,3.50,15300,777675
20200201,13:11,3.50,3.55,3.35,3.50,13800,787200
20200201,13:12,3.50,4.30,3.40,4.10,26550,787200
20200201,13:13,4.10,4.15,3.80,3.90,18825,787200
20200201,13:14,3.85,3.85,3.60,3.65,1800,783525
20200201,13:15,3.65,3.70,3.55,3.55,6450,783525
20200201,13:16,3.60,3.65,3.10,3.40,17025,783525
20200201,13:17,3.40,3.40,3.15,3.15,13275,793950
20200201,13:18,3.20,3.20,3.10,3.10,23325,793950
20200201,13:19,3.20,3.30,2.75,2.75,29175,793950
20200201,13:20,2.75,2.95,2.55,2.90,26175,783900
20200201,13:21,2.80,2.95,2.75,2.75,24225,783900
20200201,13:22,2.75,2.85,2.75,2.85,17250,783900
20200201,13:23,2.85,2.90,2.75,2.90,29925,772725
20200201,13:24,2.80,2.90,2.65,2.70,25125,772725
20200201,13:25,2.90,2.90,2.65,2.70,14100,772725
20200201,13:26,2.65,2.70,2.30,2.65,23175,772725
20200201,13:27,2.60,2.70,2.55,2.60,18975,755025
20200201,13:28,2.60,2.70,2.55,2.65,35100,755025
20200201,13:29,2.60,2.60,2.25,2.35,23250,738300
20200201,13:30,2.40,2.45,2.30,2.45,36300,738300
20200201,13:31,2.45,2.50,2.45,2.45,20100,738300
20200201,13:32,2.50,2.70,2.50,2.65,18675,729300
20200201,13:33,2.70,2.75,2.70,2.70,21075,729300
20200201,13:34,2.75,2.80,2.65,2.65,34725,729300
20200201,13:35,2.70,2.80,2.60,2.80,31275,732975
20200201,13:36,2.80,2.95,2.75,2.85,13950,732975
20200201,13:37,2.75,2.75,2.60,2.65,17550,732975
20200201,13:38,2.65,2.75,2.60,2.65,21600,716175
20200201,13:39,2.65,2.70,2.60,2.70,26925,716175
20200201,13:40,2.75,2.85,2.70,2.75,17550,716175
20200201,13:41,2.75,2.75,2.60,2.65,10425,713850
20200201,13:42,2.60,2.60,2.50,2.55,26250,713850
20200201,13:43,2.50,2.55,2.35,2.40,25425,713850
20200201,13:44,2.45,2.45,2.20,2.25,25500,686775
20200201,13:45,2.30,2.30,2.10,2.20,18900,686775
20200201,13:46,2.20,2.30,2.15,2.30,13950,686775
20200201,13:47,2.30,2.40,2.05,2.20,22200,678150
20200201,13:48,2.15,2.30,2.15,2.25,13050,678150
20200201,13:49,2.20,2.25,2.15,2.20,20400,678150
20200201,13:50,2.20,2.25,2.20,2.25,22050,678150
20200201,13:51,2.25,2.25,2.20,2.25,31575,672000
20200201,13:52,2.25,2.25,2.15,2.20,20250,672000
20200201,13:53,2.15,2.20,2.05,2.05,36300,672000
20200201,13:54,2.05,2.15,2.05,2.05,20475,661425
20200201,13:55,2.10,2.15,2.00,2.00,14100,661425
20200201,13:56,2.00,2.10,2.00,2.10,20400,661425
20200201,13:57,2.10,2.20,2.10,2.15,7650,658125
20200201,13:58,2.20,2.20,2.10,2.15,12375,658125
20200201,13:59,2.15,2.15,2.10,2.15,8775,658125
20200201,14:00,2.15,2.15,2.10,2.10,7050,655875
20200201,14:01,2.10,2.15,2.05,2.05,27000,655875
20200201,14:02,2.05,2.05,2.00,2.05,10275,655875
20200201,14:03,2.00,2.10,2.00,2.05,6675,642900
20200201,14:04,2.10,2.10,2.00,2.10,13650,642900
20200201,14:05,2.05,2.10,2.00,2.00,13500,642900
20200201,14:06,2.00,2.00,1.90,2.00,16950,641025
20200201,14:07,2.00,2.00,1.95,2.00,2100,641025
20200201,14:08,2.05,2.05,2.00,2.05,13650,641025
20200201,14:09,2.00,2.00,1.95,2.00,7650,636600
20200201,14:10,2.00,2.05,1.95,2.00,19275,636600
20200201,14:11,1.95,2.05,1.95,2.05,9300,636600
20200201,14:12,2.00,2.05,2.00,2.00,4125,632550
20200201,14:13,2.00,2.05,2.00,2.00,2925,632550
20200201,14:14,2.00,2.05,2.00,2.00,10200,632550
20200201,14:15,2.05,2.05,2.00,2.00,7500,631200
20200201,14:16,1.95,2.05,1.95,2.00,8400,631200
20200201,14:17,2.00,2.05,1.90,1.95,35625,631200
20200201,14:18,2.00,2.00,1.95,1.95,12075,634575
20200201,14:19,1.95,1.95,1.90,1.95,8925,634575
20200201,14:20,1.90,1.95,1.90,1.95,3975,634575
20200201,14:21,1.90,2.00,1.90,1.95,4425,634200
20200201,14:22,1.95,2.00,1.90,2.00,24300,634200
20200201,14:23,1.95,2.00,1.95,2.00,6225,634200
20200201,14:24,2.00,2.00,1.95,2.00,2400,637425
20200201,14:25,2.00,2.00,2.00,2.00,16050,637425
20200201,14:26,2.00,2.00,1.95,2.00,24975,637425
20200201,14:27,2.00,2.00,1.95,1.95,5025,644475
20200201,14:28,1.95,1.95,1.95,1.95,75,644475
20200201,14:29,1.95,2.00,1.95,1.95,4500,644475
20200201,14:30,1.90,1.95,1.90,1.95,1350,639525
20200201,14:31,1.95,1.95,1.95,1.95,6000,639525
20200201,14:32,2.00,2.00,1.90,1.95,25575,639525
20200201,14:33,1.95,1.95,1.90,1.90,17700,599100
20200201,14:34,1.90,1.90,1.85,1.90,7125,599100
20200201,14:35,1.90,1.95,1.90,1.95,1500,599100
20200201,14:36,1.95,2.00,1.90,2.00,6225,597450
20200201,14:37,2.00,2.00,1.95,1.95,5400,597450
20200201,14:38,1.95,2.00,1.90,1.95,23550,597450
20200201,14:39,1.95,2.00,1.95,1.95,6000,608775
20200201,14:40,2.00,2.00,2.00,2.00,1725,608775
20200201,14:41,1.95,2.00,1.95,2.00,14025,608775
20200201,14:42,2.00,2.00,1.95,2.00,12975,609300
20200201,14:43,2.00,2.05,2.00,2.00,37650,609300
20200201,14:44,2.00,2.05,2.00,2.00,14925,609300
20200201,14:45,2.00,2.05,2.00,2.05,9000,608100
20200201,14:46,2.05,2.10,2.05,2.05,9900,608100
20200201,14:47,2.05,2.05,2.05,2.05,5700,608100
20200201,14:48,2.10,2.10,2.05,2.10,23850,610125
20200201,14:49,2.10,2.10,2.05,2.05,5175,610125
20200201,14:50,2.05,2.15,2.05,2.15,13200,610125
20200201,14:51,2.15,2.15,2.10,2.15,23850,622575
20200201,14:52,2.15,2.15,2.10,2.10,7650,622575
20200201,14:53,2.05,2.10,2.05,2.10,5550,622575
20200201,14:54,2.10,2.15,2.10,2.10,13275,609675
20200201,14:55,2.10,2.10,2.10,2.10,1650,609675
20200201,14:56,2.10,2.10,2.10,2.10,3900,609675
20200201,14:57,2.10,2.20,2.05,2.15,28950,587475
20200201,14:58,2.15,2.15,2.10,2.10,2475,587475
20200201,14:59,2.10,2.10,2.10,2.10,900,587475
20200201,15:00,2.15,2.15,2.05,2.15,8550,583650
20200201,15:01,2.05,2.25,2.05,2.20,25425,583650
20200201,15:02,2.20,2.25,2.20,2.20,17700,583650
20200201,15:03,2.20,2.95,2.20,2.55,26700,601875
20200201,15:04,2.40,2.60,2.25,2.30,6150,601875
20200201,15:05,2.30,2.30,2.25,2.30,825,601875
20200201,15:06,2.30,2.30,2.20,2.20,18600,615600
20200201,15:07,2.20,2.25,2.15,2.15,5025,615600
20200201,15:08,2.15,2.20,2.15,2.15,11475,615600
20200201,15:09,2.20,2.25,2.20,2.20,3225,618075
20200201,15:10,2.25,2.25,2.15,2.15,10800,618075
20200201,15:11,2.20,2.20,2.10,2.15,2025,618075
20200201,15:12,2.15,2.15,2.05,2.05,19950,614850
20200201,15:13,2.05,2.10,2.05,2.05,1650,614850
20200201,15:14,2.05,2.10,2.05,2.10,10950,614850
20200201,15:15,2.10,2.15,2.10,2.10,4200,606000
20200201,15:16,2.10,2.20,2.10,2.15,9450,606000
20200201,15:17,2.20,2.25,2.10,2.10,9675,606000
20200201,15:18,2.20,2.20,2.15,2.15,15450,602025
20200201,15:19,2.15,2.15,2.10,2.15,12600,602025
20200201,15:20,2.15,2.15,2.10,2.15,11250,602025
20200201,15:21,2.15,2.20,2.10,2.20,18225,593475
20200201,15:22,2.20,2.20,2.15,2.15,4425,593475
20200201,15:23,2.15,2.20,2.10,2.10,7875,593475
20200201,15:24,2.10,2.15,2.10,2.15,7050,571500
20200201,15:25,2.15,2.25,2.15,2.20,6000,571500
20200201,15:26,2.15,2.25,2.15,2.20,6900,571500
20200201,15:27,2.25,2.55,2.20,2.30,8475,559125
20200201,15:28,2.20,2.25,2.15,2.20,7725,559125
20200201,15:29,2.25,2.25,2.05,2.05,4350,559125
20200203,09:15,1.90,1.90,1.50,1.70,676,558750
20200203,09:16,1.70,1.70,1.15,1.25,1125,558750
20200203,09:17,1.25,1.50,1.25,1.25,5925,558300
20200203,09:18,1.25,1.50,1.25,1.25,2100,558300
20200203,09:19,1.30,1.30,1.30,1.30,225,558300
20200203,09:20,1.35,1.35,1.25,1.25,3525,557700
20200203,09:21,1.25,1.30,1.25,1.30,4950,557700
20200203,09:22,1.15,1.35,1.15,1.35,5025,557700
20200203,09:23,1.35,1.35,1.30,1.30,12750,545925
20200203,09:24,1.30,1.35,1.30,1.35,3150,545925
20200203,09:25,1.35,1.40,1.35,1.40,1950,545925
20200203,09:26,1.40,1.45,1.40,1.45,2700,545475
20200203,09:27,1.45,1.55,1.45,1.55,4200,545475
20200203,09:28,1.50,1.50,1.45,1.45,1350,545475
20200203,09:29,1.45,1.45,1.45,1.45,4050,545475
20200203,09:30,1.40,1.40,1.40,1.40,75,545475
20200203,09:31,1.45,1.45,1.40,1.45,1875,545475
20200203,09:32,1.40,1.40,1.40,1.40,300,545475
20200203,09:33,1.45,1.45,1.35,1.40,9900,546300
20200203,09:34,1.40,1.45,1.35,1.35,11400,546300
20200203,09:35,1.40,1.40,1.40,1.40,600,546375
20200203,09:36,1.40,1.45,1.40,1.40,7500,546375
20200203,09:37,1.40,1.45,1.40,1.45,975,546375
20200203,09:38,1.45,1.50,1.45,1.50,5175,544575
20200203,09:39,1.50,1.50,1.50,1.50,5250,544575
20200203,09:40,1.45,1.50,1.45,1.45,16725,544575
20200203,09:41,1.45,1.50,1.45,1.50,3075,544275
20200203,09:42,1.50,1.50,1.45,1.50,12000,544275
20200203,09:43,1.50,1.50,1.50,1.50,8250,544275
20200203,09:44,1.55,1.55,1.55,1.55,1650,544200
20200203,09:45,1.55,1.55,1.55,1.55,2775,544200
20200203,09:46,1.55,1.55,1.50,1.50,5850,544200
20200203,09:47,1.55,1.55,1.55,1.55,3075,543300
20200203,09:48,1.55,1.55,1.50,1.50,525,543300
20200203,09:49,1.55,1.55,1.55,1.55,600,543300
20200203,09:50,1.60,1.60,1.60,1.60,6150,542250
20200203,09:51,1.55,1.55,1.55,1.55,75,542250
20200203,09:52,1.55,1.60,1.55,1.60,4575,542250
20200203,09:53,1.55,1.60,1.55,1.60,450,540900
20200203,09:54,1.60,1.60,1.60,1.60,3000,540900
20200203,09:55,1.60,1.65,1.60,1.60,3525,540900
20200203,09:56,1.60,1.60,1.60,1.60,1350,540900
20200203,09:57,1.60,1.60,1.60,1.60,3375,540900
20200203,09:58,1.70,1.70,1.70,1.70,75,540900
20200203,09:59,1.60,1.60,1.60,1.60,6675,540825
20200203,10:00,1.65,1.65,1.60,1.65,1575,540825
20200203,10:01,1.65,1.65,1.65,1.65,1125,540825
20200203,10:02,1.70,1.70,1.65,1.70,2625,539775
20200203,10:03,1.70,1.70,1.65,1.65,1425,539775
20200203,10:04,1.65,1.70,1.65,1.70,675,539775
20200203,10:05,1.70,1.70,1.60,1.60,4875,539250
20200203,10:06,1.65,1.65,1.60,1.60,2550,539250
20200203,10:07,1.60,1.60,1.60,1.60,3450,539250
20200203,10:08,1.65,1.70,1.60,1.70,1275,539100
20200203,10:09,1.65,1.70,1.65,1.70,300,539100
20200203,10:10,1.70,1.70,1.70,1.70,75,539100
20200203,10:11,1.65,1.65,1.65,1.65,150,538425
20200203,10:12,1.65,1.65,1.65,1.65,75,538425
20200203,10:15,1.70,1.70,1.70,1.70,600,538350
20200203,10:16,1.70,1.70,1.65,1.65,2175,538350
20200203,10:17,1.70,1.70,1.65,1.70,5775,537075
20200203,10:18,1.70,1.70,1.70,1.70,75,537075
20200203,10:19,1.70,1.70,1.65,1.65,3375,537075
20200203,10:20,1.65,1.65,1.65,1.65,225,536625
20200203,10:21,1.65,1.65,1.65,1.65,225,536625
20200203,10:22,1.70,1.70,1.70,1.70,2325,536625
20200203,10:23,1.70,1.70,1.70,1.70,2850,536325
20200203,10:25,1.65,1.65,1.65,1.65,2925,536325
20200203,10:26,1.65,1.65,1.65,1.65,150,536700
20200203,10:27,1.70,1.70,1.70,1.70,1350,536700
20200203,10:29,1.70,1.70,1.70,1.70,750,536700
20200203,10:30,1.70,1.70,1.70,1.70,2400,536700
20200203,10:31,1.70,1.70,1.70,1.70,9975,536700
20200203,10:32,1.70,1.75,1.70,1.70,525,536850
20200203,10:33,1.65,1.65,1.65,1.65,1425,536850
20200203,10:35,1.65,1.65,1.65,1.65,1350,536850
20200203,10:36,1.60,1.60,1.60,1.60,150,524175
20200203,10:37,1.60,1.60,1.60,1.60,75,524175
20200203,10:38,1.60,1.60,1.60,1.60,1650,523425
20200203,10:39,1.55,1.55,1.55,1.55,4500,523425
20200203,10:40,1.55,1.55,1.55,1.55,900,523425
20200203,10:41,1.55,1.55,1.55,1.55,75,519525
20200203,10:42,1.55,1.55,1.55,1.55,150,519525
20200203,10:43,1.55,1.65,1.55,1.65,300,519525
20200203,10:44,1.60,1.60,1.60,1.60,375,519150
20200203,10:45,1.60,1.60,1.60,1.60,2025,519150
20200203,10:46,1.60,1.60,1.60,1.60,4575,519150
20200203,10:48,1.55,1.55,1.55,1.55,75,519000
20200203,10:51,1.55,1.55,1.55,1.55,225,518925
20200203,10:52,1.65,1.65,1.55,1.60,3225,518925
20200203,10:53,1.60,1.60,1.55,1.60,3225,519300
20200203,10:54,1.60,1.60,1.60,1.60,300,519300
20200203,10:55,1.60,1.60,1.60,1.60,75,519300
20200203,10:56,1.60,1.60,1.55,1.55,1200,519225
20200203,10:57,1.60,1.60,1.60,1.60,450,519225
20200203,10:58,1.65,1.65,1.55,1.60,2475,519225
20200203,11:02,1.60,1.60,1.60,1.60,375,519150
20200203,11:04,1.60,1.60,1.55,1.55,1425,518775
20200203,11:05,1.55,1.65,1.55,1.65,525,518775
20200203,11:06,1.55,1.55,1.55,1.55,1125,518625
20200203,11:07,1.55,1.55,1.55,1.55,525,518625
20200203,11:12,1.60,1.60,1.60,1.60,150,518625
20200203,11:13,1.55,1.55,1.55,1.55,225,518100
20200203,11:14,1.55,1.55,1.55,1.55,1575,518100
20200203,11:15,1.55,1.55,1.55,1.55,1500,517875
20200203,11:16,1.55,1.60,1.55,1.60,1800,517875
20200203,11:17,1.55,1.55,1.55,1.55,2100,517875
20200203,11:18,1.50,1.50,1.50,1.50,750,517875
20200203,11:19,1.50,1.50,1.40,1.45,600,517875
20200203,11:20,1.45,1.45,1.45,1.45,1875,517200
20200203,11:21,1.45,1.45,1.45,1.45,150,517200
20200203,11:22,1.50,1.50,1.50,1.50,300,517200
20200203,11:24,1.45,1.45,1.45,1.45,75,517050
20200203,11:32,1.50,1.50,1.50,1.50,975,516975
20200203,11:34,1.45,1.45,1.45,1.45,1200,516825
20200203,11:35,1.45,1.45,1.45,1.45,75,516825
20200203,11:37,1.45,1.45,1.45,1.45,75,515775
20200203,11:38,1.45,1.45,1.45,1.45,225,515700
20200203,11:39,1.45,1.50,1.45,1.50,525,515700
20200203,11:43,1.50,1.50,1.50,1.50,225,515175
20200203,11:45,1.50,1.50,1.50,1.50,75,515175
20200203,11:46,1.55,1.55,1.55,1.55,150,515100
20200203,11:52,1.50,1.55,1.50,1.55,750,515025
20200203,11:53,1.55,1.55,1.55,1.55,450,515025
20200203,11:54,1.55,1.55,1.55,1.55,300,515025
20200203,11:56,1.55,1.55,1.55,1.55,1125,514725
20200203,11:57,1.55,1.55,1.45,1.50,1950,514725
20200203,11:59,1.45,1.45,1.45,1.45,225,514725
20200203,12:01,1.45,1.45,1.45,1.45,150,513375
20200203,12:03,1.50,1.50,1.50,1.50,75,513300
20200203,12:05,1.50,1.50,1.50,1.50,225,513300
20200203,12:08,1.55,1.55,1.55,1.55,1650,513225
20200203,12:09,1.60,1.65,1.55,1.60,9150,513225
20200203,12:10,1.60,1.65,1.60,1.65,6600,513225
20200203,12:11,1.65,1.65,1.65,1.65,9525,514575
20200203,12:14,1.55,1.55,1.55,1.55,150,514575
20200203,12:15,1.55,1.55,1.55,1.55,1275,514500
20200203,12:18,1.60,1.60,1.60,1.60,150,513450
20200203,12:19,1.60,1.60,1.55,1.55,4500,513450
20200203,12:20,1.60,1.60,1.60,1.60,150,510375
20200203,12:21,1.55,1.60,1.55,1.60,4200,510375
20200203,12:22,1.60,1.60,1.60,1.60,2475,510375
20200203,12:23,1.55,1.55,1.55,1.55,75,507375
20200203,12:24,1.60,1.60,1.60,1.60,750,507375
20200203,12:27,1.60,1.60,1.60,1.60,450,507375
20200203,12:30,1.60,1.60,1.60,1.60,1350,507375
20200203,12:33,1.60,1.60,1.60,1.60,75,507375
20200203,12:40,1.60,1.60,1.60,1.60,450,507300
20200203,12:41,1.60,1.60,1.60,1.60,75,507225
20200203,12:42,1.60,1.60,1.55,1.55,150,507150
20200203,12:44,1.65,1.65,1.60,1.60,375,507150
20200203,12:48,1.60,1.60,1.60,1.60,4500,507150
20200203,12:51,1.60,1.60,1.60,1.60,75,507150
20200203,12:53,1.60,1.60,1.60,1.60,375,507150
20200203,12:54,1.55,1.55,1.55,1.55,150,507150
20200203,13:00,1.55,1.55,1.55,1.55,75,507150
20200203,13:01,1.60,1.60,1.60,1.60,150,507150
20200203,13:02,1.60,1.60,1.60,1.60,75,507150
20200203,13:03,1.70,1.70,1.65,1.65,5250,506925
20200203,13:07,1.55,1.55,1.55,1.55,2250,506850
20200203,13:09,1.55,1.55,1.55,1.55,600,508125
20200203,13:14,1.60,1.60,1.60,1.60,1350,508125
20200203,13:26,1.55,1.55,1.55,1.55,300,506775
20200203,13:27,1.55,1.55,1.55,1.55,75,506775
20200203,13:34,1.55,1.55,1.45,1.45,1275,506700
20200203,13:45,1.50,1.50,1.50,1.50,300,506550
20200203,13:46,1.45,1.50,1.45,1.50,2100,506550
20200203,13:48,1.50,1.50,1.50,1.50,75,506550
20200203,13:50,1.50,1.50,1.50,1.50,3900,506550
20200203,13:53,1.45,1.45,1.45,1.45,225,506550
20200203,13:56,1.45,1.45,1.45,1.45,225,506325
20200203,13:59,1.50,1.50,1.50,1.50,75,506325
20200203,14:01,1.50,1.50,1.50,1.50,1275,506250
20200203,14:02,1.50,1.50,1.50,1.50,75,506250
20200203,14:03,1.45,1.45,1.45,1.45,75,506250
20200203,14:06,1.50,1.50,1.50,1.50,2250,506175
20200203,14:07,1.55,1.55,1.45,1.45,525,506175
20200203,14:10,1.45,1.45,1.45,1.45,300,505275
20200203,14:11,1.50,1.50,1.50,1.50,1350,505275
20200203,14:12,1.50,1.55,1.50,1.55,750,504975
20200203,14:14,1.55,1.55,1.55,1.55,225,504975
20200203,14:15,1.50,1.50,1.50,1.50,750,504975
20200203,14:16,1.50,1.50,1.50,1.50,1950,504975
20200203,14:17,1.50,1.50,1.50,1.50,675,504975
20200203,14:18,1.55,1.55,1.55,1.55,1350,504975
20200203,14:19,1.55,1.55,1.55,1.55,300,504975
20200203,14:22,1.50,1.50,1.50,1.50,75,504975
20200203,14:24,1.50,1.50,1.50,1.50,75,504975
20200203,14:26,1.50,1.50,1.50,1.50,150,504900
20200203,14:27,1.50,1.50,1.50,1.50,225,504900
20200203,14:31,1.60,1.60,1.60,1.60,75,504825
20200203,14:33,1.55,1.55,1.55,1.55,150,504825
20200203,14:34,1.55,1.55,1.55,1.55,150,504825
20200203,14:35,1.60,1.65,1.60,1.65,3150,504825
20200203,14:36,1.50,1.65,1.50,1.65,900,504075
20200203,14:37,1.65,1.65,1.65,1.65,1500,504075
20200203,14:38,1.60,1.60,1.60,1.60,825,504075
20200203,14:39,1.65,1.65,1.60,1.60,150,503250
20200203,14:41,1.60,1.65,1.60,1.65,825,503250
20200203,14:42,1.65,1.65,1.65,1.65,225,503175
20200203,14:43,1.65,1.65,1.65,1.65,300,503175
20200203,14:44,1.70,1.70,1.70,1.70,75,503175
20200203,14:46,1.65,1.65,1.65,1.65,2100,503175
20200203,14:47,1.65,1.65,1.65,1.65,375,502875
20200203,14:56,1.60,1.60,1.60,1.60,5325,502875
20200203,14:57,1.60,1.60,1.60,1.60,5400,502875
20200203,14:58,1.60,1.65,1.60,1.65,1350,502875
20200203,14:59,1.60,1.60,1.60,1.60,150,502875
20200203,15:00,1.65,1.65,1.65,1.65,3150,502800
20200203,15:01,1.65,1.65,1.65,1.65,2250,502800
20200203,15:02,1.60,1.60,1.60,1.60,14175,502800
20200203,15:03,1.65,1.80,1.65,1.80,4800,501900
20200203,15:04,1.70,1.70,1.70,1.70,1650,501900
20200203,15:05,1.70,1.70,1.70,1.70,600,501900
20200203,15:06,1.70,1.70,1.70,1.70,75,501975
20200203,15:07,1.70,1.70,1.65,1.65,2100,501975
20200203,15:08,1.65,1.65,1.65,1.65,75,501975
20200203,15:09,1.70,1.70,1.70,1.70,600,501750
20200203,15:10,1.65,1.65,1.65,1.65,150,501750
20200203,15:13,1.65,1.65,1.65,1.65,300,501750
20200203,15:14,1.70,1.70,1.70,1.70,75,501600
20200203,15:16,1.65,1.65,1.65,1.65,300,501300
20200203,15:17,1.65,1.65,1.65,1.65,1650,501300
20200203,15:18,1.65,1.65,1.65,1.65,525,501300
20200203,15:19,1.65,1.65,1.65,1.65,225,501300
20200203,15:21,1.65,1.65,1.65,1.65,10425,499650
20200203,15:22,1.65,1.65,1.60,1.60,20100,499650
20200203,15:23,1.65,1.70,1.60,1.60,1425,499650
20200203,15:24,1.60,1.60,1.60,1.60,150,499650
20200203,15:25,1.65,1.65,1.55,1.55,300,499575
20200203,15:26,1.55,1.55,1.55,1.55,225,499575
20200203,15:27,1.70,1.70,1.70,1.70,1500,499575
20200203,15:28,1.65,1.65,1.65,1.65,4800,499275
20200203,15:29,1.60,1.65,1.60,1.65,4875,499275
20200204,09:16,1.15,1.20,1.15,1.20,1051,499200
20200204,09:17,1.25,1.25,1.20,1.20,1200,499200
20200204,09:18,1.20,1.20,1.20,1.20,75,499200
20200204,09:19,1.20,1.20,1.20,1.20,225,499200
20200204,09:20,1.25,1.25,1.25,1.25,450,500250
20200204,09:21,1.25,1.25,1.25,1.25,150,500250
20200204,09:22,1.30,1.30,1.30,1.30,225,500250
20200204,09:23,1.25,1.25,1.25,1.25,1500,501300
20200204,09:24,1.25,1.25,1.25,1.25,300,501300
20200204,09:26,1.30,1.30,1.25,1.25,6225,501300
20200204,09:27,1.25,1.25,1.25,1.25,225,501300
20200204,09:28,1.30,1.30,1.25,1.25,450,501300
20200204,09:29,1.25,1.25,1.25,1.25,225,501300
20200204,09:30,1.30,1.30,1.30,1.30,300,505200
20200204,09:32,1.35,1.35,1.35,1.35,1125,505200
20200204,09:33,1.40,1.40,1.40,1.40,9000,504075
20200204,09:34,1.40,1.40,1.40,1.40,3150,504075
20200204,09:35,1.40,1.40,1.40,1.40,4500,497850
20200204,09:36,1.35,1.35,1.35,1.35,2100,497850
20200204,09:37,1.35,1.35,1.35,1.35,375,497850
20200204,09:38,1.35,1.35,1.35,1.35,225,496200
20200204,09:39,1.30,1.30,1.30,1.30,300,496200
20200204,09:40,1.30,1.30,1.30,1.30,600,496200
20200204,09:42,1.30,1.30,1.30,1.30,600,495300
20200204,09:43,1.30,1.30,1.30,1.30,375,495300
20200204,09:44,1.30,1.30,1.30,1.30,975,495225
20200204,09:47,1.25,1.25,1.25,1.25,75,494250
20200204,09:48,1.25,1.25,1.25,1.25,75,494250
20200204,09:50,1.30,1.30,1.25,1.25,150,494100
20200204,09:53,1.25,1.25,1.25,1.25,225,494025
20200204,09:54,1.25,1.25,1.25,1.25,300,494025
20200204,09:56,1.25,1.25,1.25,1.25,75,493500
20200204,09:57,1.25,1.25,1.25,1.25,675,493500
20200204,09:58,1.35,1.35,1.25,1.25,150,493500
20200204,10:02,1.25,1.25,1.25,1.25,750,493350
20200204,10:03,1.25,1.25,1.25,1.25,9450,493350
20200204,10:05,1.20,1.20,1.20,1.20,225,496950
20200204,10:06,1.20,1.20,1.20,1.20,225,496950
20200204,10:08,1.20,1.25,1.20,1.20,2400,496500
20200204,10:10,1.20,1.20,1.20,1.20,375,496500
20200204,10:15,1.20,1.20,1.20,1.20,600,494925
20200204,10:16,1.20,1.25,1.20,1.25,600,494925
20200204,10:18,1.25,1.25,1.25,1.25,675,494025
20200204,10:19,1.25,1.25,1.25,1.25,225,494025
20200204,10:20,1.20,1.20,1.20,1.20,1050,494100
20200204,10:21,1.20,1.25,1.20,1.25,1650,494100
20200204,10:22,1.25,1.25,1.25,1.25,450,494100
20200204,10:27,1.20,1.20,1.20,1.20,225,492900
20200204,10:31,1.20,1.20,1.20,1.20,300,492675
20200204,10:32,1.25,1.25,1.25,1.25,225,492675
20200204,10:37,1.25,1.25,1.25,1.25,450,491700
20200204,10:38,1.30,1.30,1.30,1.30,225,491700
20200204,10:39,1.20,1.30,1.20,1.30,225,491925
20200204,10:41,1.30,1.30,1.30,1.30,300,491625
20200204,10:42,1.25,1.25,1.25,1.25,450,491625
20200204,10:45,1.20,1.20,1.20,1.20,6000,491625
20200204,10:50,1.20,1.20,1.20,1.20,75,491625
20200204,10:51,1.20,1.25,1.20,1.25,5250,491625
20200204,10:52,1.25,1.25,1.20,1.25,2100,491625
20200204,10:53,1.20,1.20,1.20,1.20,900,483450
20200204,10:54,1.25,1.25,1.20,1.20,8625,483450
20200204,10:56,1.25,1.25,1.20,1.20,6000,481800
20200204,10:57,1.20,1.20,1.20,1.20,4800,481800
20200204,10:58,1.20,1.20,1.20,1.20,300,481800
20200204,10:59,1.25,1.30,1.25,1.30,1875,474375
20200204,11:00,1.30,1.30,1.30,1.30,75,474375
20200204,11:01,1.25,1.25,1.25,1.25,3075,474375
20200204,11:02,1.30,1.30,1.25,1.25,9600,471825
20200204,11:04,1.30,1.35,1.30,1.35,1725,471825
20200204,11:05,1.30,1.30,1.30,1.30,750,473325
20200204,11:06,1.30,1.30,1.30,1.30,4275,473325
20200204,11:07,1.30,1.30,1.30,1.30,3375,473325
20200204,11:08,1.25,1.25,1.25,1.25,300,469500
20200204,11:10,1.30,1.30,1.25,1.30,7425,469500
20200204,11:11,1.30,1.30,1.30,1.30,450,469500
20200204,11:12,1.25,1.25,1.25,1.25,225,469125
20200204,11:13,1.25,1.25,1.25,1.25,75,469125
20200204,11:15,1.30,1.30,1.30,1.30,525,468900
20200204,11:19,1.30,1.30,1.30,1.30,75,469050
20200204,11:20,1.25,1.25,1.25,1.25,300,469050
20200204,11:22,1.25,1.25,1.25,1.25,5475,468750
20200204,11:23,1.25,1.25,1.25,1.25,150,468750
20200204,11:24,1.20,1.20,1.20,1.20,75,468675
20200204,11:25,1.20,1.20,1.20,1.20,225,468675
20200204,11:26,1.20,1.20,1.20,1.20,75,468675
20200204,11:28,1.20,1.20,1.20,1.20,150,468375
20200204,11:34,1.25,1.25,1.25,1.25,975,468225
20200204,11:35,1.25,1.25,1.25,1.25,3525,468225
20200204,11:38,1.20,1.25,1.20,1.20,3825,468150
20200204,11:40,1.20,1.20,1.20,1.20,9900,468150
20200204,11:41,1.20,1.20,1.20,1.20,300,468150
20200204,11:43,1.20,1.20,1.20,1.20,750,473475
20200204,11:44,1.15,1.20,1.15,1.15,825,473475
20200204,11:45,1.15,1.20,1.15,1.20,1050,473475
20200204,11:47,1.15,1.15,1.15,1.15,75,474150
20200204,11:48,1.15,1.15,1.15,1.15,75,474150
20200204,11:51,1.15,1.15,1.15,1.15,75,471375
20200204,11:55,1.20,1.20,1.20,1.20,4500,471375
20200204,11:58,1.15,1.15,1.15,1.15,3825,469800
20200204,12:00,1.15,1.15,1.15,1.15,225,472200
20200204,12:02,1.15,1.15,1.15,1.15,900,472200
20200204,12:08,1.15,1.15,1.15,1.15,75,467475
20200204,12:09,1.15,1.15,1.15,1.15,225,467475
20200204,12:13,1.10,1.10,1.10,1.10,375,467175
20200204,12:16,1.10,1.10,1.10,1.10,750,466800
20200204,12:19,1.15,1.15,1.15,1.15,5925,466800
20200204,12:26,1.15,1.15,1.15,1.15,2850,464550
20200204,12:30,1.10,1.10,1.10,1.10,375,463650
20200204,12:31,1.10,1.10,1.10,1.10,450,463650
20200204,12:32,1.10,1.10,1.10,1.10,1875,463650
20200204,12:33,1.15,1.15,1.10,1.10,975,463350
20200204,12:34,1.10,1.10,1.10,1.10,4500,463350
20200204,12:35,1.15,1.15,1.15,1.15,750,463350
20200204,12:36,1.10,1.10,1.10,1.10,3225,462225
20200204,12:39,1.05,1.05,1.05,1.05,825,462225
20200204,12:41,1.00,1.00,1.00,1.00,150,462225
20200204,12:42,1.00,1.00,1.00,1.00,75,462225
20200204,12:46,1.00,1.00,1.00,1.00,375,462150
20200204,12:47,1.05,1.05,1.05,1.05,450,462150
20200204,12:51,1.05,1.05,1.05,1.05,675,461775
20200204,12:52,1.00,1.00,1.00,1.00,675,461775
20200204,12:54,1.00,1.00,1.00,1.00,300,461625
20200204,12:56,1.00,1.00,1.00,1.00,150,461625
20200204,12:57,1.00,1.00,1.00,1.00,375,461175
20200204,13:01,1.00,1.00,1.00,1.00,6750,461175
20200204,13:02,1.00,1.00,1.00,1.00,2850,461175
20200204,13:03,1.00,1.00,1.00,1.00,150,453825
20200204,13:12,1.05,1.05,1.05,1.05,600,453825
20200204,13:18,1.05,1.05,1.05,1.05,975,450600
20200204,13:22,1.00,1.00,1.00,1.00,75,450600
20200204,13:23,1.00,1.00,1.00,1.00,1125,450600
20200204,13:24,1.00,1.00,1.00,1.00,1575,449400
20200204,13:26,0.95,0.95,0.95,0.95,75,449400
20200204,13:28,0.95,0.95,0.95,0.95,375,448050
20200204,13:30,0.95,0.95,0.95,0.95,75,447675
20200204,13:32,0.95,0.95,0.95,0.95,825,447675
20200204,13:33,1.05,1.05,1.05,1.05,3000,447600
20200204,13:34,1.00,1.00,1.00,1.00,2700,447600
20200204,13:35,1.00,1.00,0.95,0.95,375,444225
20200204,13:38,1.00,1.00,1.00,1.00,225,444225
20200204,13:41,0.90,0.90,0.90,0.90,1050,444000
20200204,13:45,0.90,0.95,0.90,0.95,1350,442950
20200204,13:47,0.95,0.95,0.95,0.95,75,442950
20200204,13:54,1.05,1.05,1.05,1.05,1125,442875
20200204,13:58,1.00,1.00,1.00,1.00,75,442875
20200204,14:01,1.00,1.00,1.00,1.00,300,442800
20200204,14:02,1.00,1.05,1.00,1.05,300,442800
20200204,14:03,1.05,1.05,1.05,1.05,150,442800
20200204,14:07,1.05,1.05,1.05,1.05,3000,442800
20200204,14:08,1.00,1.00,1.00,1.00,225,442800
20200204,14:09,1.00,1.00,1.00,1.00,2775,442500
20200204,14:10,1.00,1.00,0.95,0.95,3225,442500
20200204,14:13,0.95,0.95,0.95,0.95,4500,442425
20200204,14:19,0.95,0.95,0.90,0.90,10200,442425
20200204,14:20,1.00,1.00,1.00,1.00,75,442425
20200204,14:21,0.90,0.90,0.90,0.90,300,441300
20200204,14:22,0.95,0.95,0.95,0.95,9000,441300
20200204,14:23,0.95,0.95,0.95,0.95,1200,441300
20200204,14:24,0.95,0.95,0.95,0.95,300,440850
20200204,14:26,0.95,0.95,0.95,0.95,150,440850
20200204,14:28,0.95,0.95,0.90,0.90,2250,440850
20200204,14:31,0.95,0.95,0.95,0.95,1125,440475
20200204,14:37,0.95,0.95,0.95,0.95,75,440475
20200204,14:38,0.95,0.95,0.95,0.95,75,440475
20200204,14:39,0.95,0.95,0.95,0.95,75,440475
20200204,14:42,0.95,0.95,0.95,0.95,3600,440400
20200204,14:43,0.90,0.90,0.90,0.90,825,440400
20200204,14:46,0.90,0.90,0.90,0.90,525,439575
20200204,14:47,0.90,0.90,0.90,0.90,150,439575
20200204,14:48,0.90,0.95,0.90,0.95,300,439050
20200204,14:54,0.95,0.95,0.90,0.90,4200,439050
20200204,14:55,0.95,0.95,0.95,0.95,8550,439050
20200204,14:56,0.95,0.95,0.90,0.90,5700,439050
20200204,14:57,0.90,0.90,0.85,0.85,9375,433500
20200204,14:58,0.95,1.00,0.95,0.95,7650,433500
20200204,14:59,0.95,1.00,0.95,1.00,150,433500
20200204,15:00,0.95,1.00,0.95,0.95,1125,432900
20200204,15:01,1.00,1.00,1.00,1.00,225,432900
20200204,15:02,1.00,1.00,1.00,1.00,3000,432900
20200204,15:03,1.00,1.00,1.00,1.00,225,432900
20200204,15:04,0.95,0.95,0.95,0.95,75,430425
20200204,15:05,1.05,1.05,1.05,1.05,825,430425
20200204,15:07,1.05,1.10,1.05,1.10,2325,430125
20200204,15:09,1.10,1.10,1.10,1.10,975,429975
20200204,15:10,1.05,1.10,1.05,1.05,5475,429975
20200204,15:11,1.05,1.05,1.00,1.00,3675,429975
20200204,15:12,1.00,1.00,1.00,1.00,525,429975
20200204,15:13,1.00,1.00,1.00,1.00,3975,429450
20200204,15:14,1.00,1.00,1.00,1.00,75,429450
20200204,15:15,1.00,1.00,1.00,1.00,3000,429450
20200204,15:16,1.00,1.00,1.00,1.00,2550,429525
20200204,15:17,1.05,1.05,1.05,1.05,75,429525
20200204,15:18,1.00,1.00,1.00,1.00,2250,429525
20200204,15:19,1.00,1.00,0.90,1.00,5175,429525
20200204,15:21,1.00,1.00,1.00,1.00,2925,428625
20200204,15:22,1.05,1.05,1.05,1.05,6000,428625
20200204,15:23,1.05,1.05,1.05,1.05,3000,428625
20200204,15:27,1.00,1.00,1.00,1.00,4500,428400
20200204,15:28,1.00,1.00,1.00,1.00,1050,428400
20200204,15:29,0.95,0.95,0.90,0.90,9900,428400
20200205,09:15,0.70,0.75,0.70,0.75,1501,428325
20200205,09:16,0.65,0.65,0.65,0.65,150,428325
20200205,09:17,0.65,0.70,0.65,0.70,4500,428325
20200205,09:20,0.65,0.65,0.65,0.65,75,428025
20200205,09:21,0.65,0.65,0.65,0.65,75,428025
20200205,09:22,0.70,0.75,0.70,0.75,975,428025
20200205,09:23,0.70,0.70,0.70,0.70,75,427875
20200205,09:24,0.70,0.70,0.70,0.70,75,427875
20200205,09:25,0.65,0.65,0.65,0.65,225,427875
20200205,09:29,0.65,0.65,0.65,0.65,300,427875
20200205,09:31,0.60,0.60,0.60,0.60,3150,427875
20200205,09:32,0.60,0.60,0.60,0.60,75,428475
20200205,09:34,0.55,0.55,0.55,0.55,300,428475
20200205,09:35,0.55,0.55,0.55,0.55,300,428475
20200205,09:36,0.65,0.65,0.60,0.60,1050,428250
20200205,09:42,0.70,0.70,0.70,0.70,75,428175
20200205,09:43,0.60,0.70,0.60,0.70,9975,428175
20200205,09:44,0.70,0.70,0.70,0.70,4575,428175
20200205,09:45,0.75,0.75,0.75,0.75,12675,428175
20200205,09:46,0.75,0.75,0.75,0.75,5025,428175
20200205,09:47,0.75,0.75,0.75,0.75,4500,437175
20200205,09:48,0.70,0.70,0.70,0.70,9675,437175
20200205,09:50,0.70,0.75,0.70,0.75,2850,437250
20200205,09:51,0.70,0.70,0.70,0.70,1650,437250
20200205,09:53,0.65,0.70,0.65,0.70,525,436950
20200205,09:55,0.70,0.70,0.70,0.70,600,436950
20200205,09:57,0.70,0.70,0.70,0.70,600,436950
20200205,10:01,0.65,0.65,0.65,0.65,750,436950
20200205,10:02,0.65,0.65,0.65,0.65,150,436950
20200205,10:03,0.70,0.70,0.70,0.70,1200,436050
20200205,10:04,0.70,0.70,0.70,0.70,2925,436050
20200205,10:05,0.70,0.70,0.65,0.65,2100,436050
20200205,10:10,0.70,0.70,0.70,0.70,300,435750
20200205,10:13,0.70,0.75,0.70,0.75,5100,435750
20200205,10:20,0.65,0.65,0.65,0.65,150,437250
20200205,10:24,0.65,0.65,0.65,0.65,150,437100
20200205,10:33,0.70,0.70,0.70,0.70,1875,436950
20200205,10:42,0.65,0.65,0.65,0.65,75,436950
20200205,10:47,0.70,0.70,0.70,0.70,4800,436125
20200205,10:48,0.70,0.70,0.70,0.70,150,438300
20200205,10:56,0.70,0.70,0.65,0.65,150,438450
20200205,11:00,0.65,0.65,0.65,0.65,75,438450
20200205,11:04,0.65,0.65,0.65,0.65,75,438375
20200205,11:06,0.70,0.70,0.70,0.70,75,438300
20200205,11:08,0.65,0.65,0.65,0.65,300,438300
20200205,11:10,0.65,0.65,0.65,0.65,2475,438300
20200205,11:12,0.65,0.70,0.65,0.70,2850,435525
20200205,11:17,0.70,0.70,0.70,0.70,450,434775
20200205,11:19,0.65,0.65,0.65,0.65,750,434775
20200205,11:28,0.70,0.70,0.70,0.70,600,434775
20200205,11:29,0.70,0.70,0.70,0.70,750,434775
20200205,11:32,0.65,0.65,0.65,0.65,3000,434775
20200205,11:35,0.65,0.65,0.65,0.65,75,434775
20200205,11:36,0.65,0.65,0.65,0.65,225,434775
20200205,11:44,0.65,0.65,0.65,0.65,1575,434775
20200205,11:46,0.70,0.70,0.70,0.70,1350,434475
20200205,11:47,0.65,0.65,0.65,0.65,75,434475
20200205,11:49,0.65,0.65,0.65,0.65,75,432750
20200205,11:50,0.65,0.65,0.65,0.65,2100,432750
20200205,11:58,0.65,0.65,0.65,0.65,150,430575
20200205,12:04,0.65,0.65,0.65,0.65,75,430425
20200205,12:09,0.65,0.65,0.65,0.65,75,430350
20200205,12:11,0.65,0.65,0.65,0.65,1050,430350
20200205,12:12,0.70,0.70,0.70,0.70,2100,429225
20200205,12:14,0.65,0.65,0.65,0.65,4800,429225
20200205,12:15,0.65,0.65,0.65,0.65,450,429225
20200205,12:24,0.65,0.65,0.65,0.65,75,429225
20200205,12:25,0.70,0.70,0.70,0.70,1800,429225
20200205,12:26,0.65,0.65,0.65,0.65,375,429225
20200205,12:27,0.65,0.65,0.65,0.65,225,429150
20200205,12:29,0.65,0.65,0.65,0.65,150,429150
20200205,12:31,0.65,0.65,0.65,0.65,75,429000
20200205,12:37,0.65,0.65,0.65,0.65,75,429000
20200205,12:38,0.65,0.65,0.65,0.65,75,429000
20200205,12:44,0.65,0.65,0.65,0.65,150,428850
20200205,12:55,0.70,0.70,0.70,0.70,1650,428700
20200205,13:05,0.70,0.70,0.70,0.70,3600,428625
20200205,13:23,0.65,0.65,0.65,0.65,75,428625
20200205,13:38,0.65,0.65,0.65,0.65,150,428625
20200205,13:44,0.65,0.65,0.65,0.65,750,428475
20200205,13:45,0.65,0.65,0.65,0.65,5250,428475
20200205,13:46,0.65,0.65,0.65,0.65,525,428475
20200205,13:47,0.70,0.70,0.70,0.70,750,428475
20200205,13:48,0.65,0.65,0.65,0.65,150,428475
20200205,13:49,0.65,0.65,0.65,0.65,825,428475
20200205,13:53,0.65,0.65,0.65,0.65,150,427500
20200205,13:56,0.60,0.60,0.60,0.60,75,427350
20200205,13:59,0.65,0.65,0.65,0.65,3375,427275
20200205,14:00,0.70,0.70,0.70,0.70,3000,423900
20200205,14:01,0.65,0.65,0.65,0.65,750,423900
20200205,14:02,0.65,0.65,0.65,0.65,750,423900
20200205,14:04,0.65,0.65,0.65,0.65,150,423900
20200205,14:08,0.65,0.70,0.65,0.70,6075,423750
20200205,14:12,0.70,0.70,0.70,0.70,75,419250
20200205,14:15,0.70,0.70,0.65,0.65,1575,419325
20200205,14:17,0.65,0.65,0.65,0.65,75,419325
20200205,14:18,0.70,0.70,0.70,0.70,8400,419925
20200205,14:19,0.70,0.70,0.70,0.70,1575,419925
20200205,14:20,0.70,0.70,0.70,0.70,300,419925
20200205,14:23,0.65,0.65,0.65,0.65,300,409950
20200205,14:25,0.65,0.65,0.65,0.65,225,409650
20200205,14:26,0.65,0.65,0.65,0.65,900,409650
20200205,14:27,0.65,0.70,0.65,0.70,525,409125
20200205,14:28,0.65,0.70,0.65,0.70,9000,409125
20200205,14:33,0.70,0.70,0.70,0.70,1050,409125
20200205,14:34,0.70,0.85,0.70,0.85,3450,409125
20200205,14:37,0.70,0.70,0.70,0.70,150,408675
20200205,14:38,0.70,0.70,0.70,0.70,3225,408675
20200205,14:40,0.70,0.70,0.70,0.70,225,408675
20200205,14:41,0.70,0.70,0.70,0.70,525,408675
20200205,14:42,0.70,0.70,0.70,0.70,450,408825
20200205,14:43,0.65,0.65,0.65,0.65,3600,408825
20200205,14:44,0.65,0.65,0.65,0.65,11775,408825
20200205,14:45,0.60,0.65,0.60,0.65,225,408825
20200205,14:46,0.65,0.65,0.65,0.65,2700,408825
20200205,14:48,0.65,0.65,0.65,0.65,4725,408525
20200205,14:49,0.65,0.65,0.65,0.65,5250,408525
20200205,14:51,0.65,0.65,0.65,0.65,9750,408525
20200205,14:52,0.70,0.70,0.65,0.65,675,408525
20200205,14:53,0.60,0.60,0.60,0.60,75,408525
20200205,14:55,0.65,0.70,0.65,0.65,3075,408450
20200205,14:56,0.60,0.60,0.60,0.60,12075,408450
20200205,14:57,0.60,0.60,0.60,0.60,300,408450
20200205,14:58,0.55,0.55,0.55,0.55,75,408450
20200205,15:01,0.55,0.55,0.55,0.55,300,408375
20200205,15:02,0.55,0.55,0.55,0.55,75,408375
20200205,15:06,0.55,0.55,0.55,0.55,1275,406800
20200205,15:07,0.55,0.55,0.55,0.55,150,406800
20200205,15:08,0.55,0.55,0.55,0.55,675,406800
20200205,15:09,0.55,0.55,0.55,0.55,1050,406575
20200205,15:10,0.55,0.55,0.55,0.55,1050,406575
20200205,15:12,0.60,0.60,0.60,0.60,75,406575
20200205,15:18,0.50,0.50,0.50,0.50,150,406575
20200205,15:19,0.60,0.60,0.60,0.60,3525,406575
20200205,15:20,0.60,0.60,0.60,0.60,2100,406575
20200205,15:21,0.60,0.60,0.60,0.60,2925,406575
20200205,15:22,0.55,0.60,0.55,0.60,450,406575
20200205,15:23,0.60,0.60,0.50,0.50,1350,406575
20200205,15:24,0.60,0.60,0.55,0.60,375,405600
20200205,15:25,0.60,0.60,0.55,0.55,225,405600
20200205,15:27,0.60,0.60,0.55,0.55,1575,405225
20200205,15:29,0.55,0.55,0.55,0.55,150,405225
20200206,09:15,0.10,0.10,0.10,0.10,6976,405075
20200206,09:16,0.10,0.10,0.10,0.10,8925,405075
20200206,09:20,0.10,0.10,0.05,0.05,2850,405075
20200206,09:21,0.05,0.10,0.05,0.05,5175,405075
20200206,09:22,0.10,0.10,0.10,0.10,1500,405075
20200206,09:23,0.10,0.10,0.05,0.05,6300,400200
20200206,09:24,0.10,0.10,0.05,0.05,825,400200
20200206,09:28,0.10,0.10,0.10,0.10,225,400050
20200206,09:29,0.10,0.10,0.10,0.10,9000,400050
20200206,09:30,0.10,0.10,0.10,0.10,16650,400050
20200206,09:32,0.10,0.10,0.10,0.10,7800,398475
20200206,09:33,0.10,0.10,0.05,0.05,1050,398475
20200206,09:40,0.10,0.10,0.10,0.10,225,397500
20200206,09:45,0.10,0.10,0.05,0.05,6750,397500
20200206,09:51,0.10,0.10,0.10,0.10,1500,397050
20200206,09:52,0.10,0.10,0.10,0.10,2700,397050
20200206,09:54,0.10,0.10,0.10,0.10,5100,397125
20200206,09:59,0.10,0.10,0.10,0.10,3300,397125
20200206,10:00,0.10,0.10,0.10,0.10,4500,397125
20200206,10:02,0.10,0.10,0.10,0.10,4500,397125
20200206,10:06,0.10,0.10,0.05,0.05,4350,397125
20200206,10:10,0.10,0.10,0.10,0.10,4500,397050
20200206,10:11,0.10,0.10,0.10,0.10,675,397050
20200206,10:23,0.10,0.10,0.10,0.10,2700,397050
20200206,10:37,0.10,0.10,0.10,0.10,2625,397050
20200206,10:40,0.10,0.10,0.10,0.10,3075,397050
20200206,10:44,0.05,0.05,0.05,0.05,225,397050
20200206,10:49,0.10,0.10,0.10,0.10,150,396825
20200206,10:51,0.05,0.05,0.05,0.05,375,396825
20200206,10:53,0.10,0.10,0.10,0.10,75,396450
20200206,11:00,0.10,0.10,0.10,0.10,900,396450
20200206,11:01,0.10,0.10,0.10,0.10,375,396450
20200206,11:03,0.05,0.05,0.05,0.05,75,396450
20200206,11:11,0.10,0.10,0.10,0.10,75,396375
20200206,11:18,0.05,0.05,0.05,0.05,1500,396450
20200206,11:36,0.05,0.05,0.05,0.05,75,396450
20200206,11:48,0.05,0.10,0.05,0.10,150,394875
20200206,11:49,0.05,0.05,0.05,0.05,225,394875
20200206,11:53,0.05,0.05,0.05,0.05,375,394650
20200206,11:54,0.10,0.10,0.10,0.10,4950,394650
20200206,11:56,0.05,0.05,0.05,0.05,150,394200
20200206,12:02,0.15,0.15,0.15,0.15,3825,394050
20200206,12:03,0.05,0.05,0.05,0.05,75,394050
20200206,12:07,0.05,0.05,0.05,0.05,75,392850
20200206,12:09,0.10,0.10,0.10,0.10,5550,392775
20200206,12:10,0.10,0.10,0.10,0.10,4500,392775
20200206,12:12,0.10,0.10,0.10,0.10,75,392775
20200206,12:15,0.10,0.10,0.10,0.10,1050,392700
20200206,12:17,0.10,0.10,0.10,0.10,750,392700
20200206,12:19,0.10,0.10,0.10,0.10,3750,392700
20200206,12:24,0.10,0.10,0.10,0.10,11325,391350
20200206,12:25,0.10,0.10,0.10,0.10,75,391350
20200206,12:26,0.10,0.10,0.10,0.10,4425,391350
20200206,12:32,0.10,0.10,0.10,0.10,300,391350
20200206,12:39,0.05,0.05,0.05,0.05,750,391350
20200206,12:45,0.05,0.05,0.05,0.05,150,391350
20200206,12:48,0.05,0.05,0.05,0.05,1200,390450
20200206,12:50,0.10,0.10,0.10,0.10,3000,390450
20200206,12:52,0.10,0.10,0.10,0.10,225,389250
20200206,12:55,0.15,0.15,0.15,0.15,4200,389025
20200206,13:00,0.10,0.10,0.10,0.10,2100,389025
20200206,13:05,0.10,0.10,0.10,0.10,1800,389025
20200206,13:10,0.10,0.15,0.10,0.15,150,389025
20200206,13:16,0.10,0.10,0.10,0.10,75,388950
20200206,13:17,0.10,0.10,0.10,0.10,7500,388950
20200206,13:21,0.10,0.10,0.10,0.10,2025,388800
20200206,13:23,0.10,0.10,0.10,0.10,4950,388800
20200206,13:39,0.10,0.10,0.10,0.10,75,388350
20200206,13:47,0.10,0.10,0.10,0.10,225,388275
20200206,13:49,0.15,0.15,0.15,0.15,6000,388050
20200206,13:51,0.10,0.10,0.10,0.10,75,387975
20200206,13:52,0.10,0.10,0.10,0.10,750,387975
20200206,13:56,0.10,0.10,0.10,0.10,75,387975
20200206,13:58,0.10,0.10,0.10,0.10,225,387825
20200206,13:59,0.10,0.10,0.10,0.10,150,387825
20200206,14:01,0.10,0.10,0.10,0.10,900,387675
20200206,14:03,0.10,0.10,0.10,0.10,2025,386775
20200206,14:06,0.10,0.10,0.10,0.10,19425,386775
20200206,14:10,0.10,0.10,0.10,0.10,75,386775
20200206,14:11,0.05,0.05,0.05,0.05,75,386775
20200206,14:17,0.05,0.05,0.05,0.05,150,386700
20200206,14:24,0.05,0.05,0.05,0.05,75,386550
20200206,14:28,0.10,0.10,0.10,0.10,300,386475
20200206,14:35,0.05,0.05,0.05,0.05,75,386475
20200206,14:42,0.10,0.10,0.10,0.10,1500,386325
20200206,14:48,0.10,0.10,0.10,0.10,6000,386400
20200206,14:51,0.10,0.10,0.10,0.10,1200,386400
20200206,14:54,0.05,0.05,0.05,0.05,225,386400
20200206,15:02,0.05,0.05,0.05,0.05,150,386175
20200206,15:04,0.10,0.10,0.10,0.10,4050,386175
20200206,15:09,0.05,0.05,0.05,0.05,21000,386175
20200206,15:12,0.05,0.05,0.05,0.05,4200,387600
20200206,15:14,0.05,0.05,0.05,0.05,75,387600
20200206,15:15,0.10,0.10,0.10,0.10,75,387600
20200206,15:16,0.05,0.05,0.05,0.05,375,387450
20200206,15:17,0.05,0.05,0.05,0.05,57000,387450
20200206,15:18,0.05,0.05,0.05,0.05,2775,387450
20200206,15:20,0.05,0.05,0.05,0.05,1125,389325
20200206,15:22,0.05,0.05,0.05,0.05,2400,388200
20200206,15:23,0.05,0.05,0.05,0.05,600,388200
20200206,15:24,0.05,0.05,0.05,0.05,3000,388200
20200206,15:25,0.05,0.05,0.05,0.05,900,385800
20200206,15:26,0.05,0.05,0.05,0.05,600,385800
