20210916,09:25,1415.00,1415.00,1415.00,1415.00,51,50
20210916,15:13,1340.00,1340.00,1340.00,1340.00,50,50
20210916,15:16,1340.00,1340.00,1340.00,1340.00,50,100
20210917,09:25,1276.00,1276.00,1276.00,1276.00,101,150
20210917,09:27,1280.00,1280.00,1280.00,1280.00,100,250
20210917,09:29,1280.00,1280.00,1280.00,1280.00,1200,350
20210917,09:38,1189.45,1189.45,1189.45,1189.45,150,1500
20210917,09:39,1252.20,1252.20,1252.20,1252.20,1200,1500
20210917,09:40,1261.75,1280.00,1261.75,1280.00,1250,1500
20210917,09:51,1235.50,1235.50,1235.50,1235.50,750,3950
20210917,10:07,1250.00,1250.00,1250.00,1250.00,250,4700
20210917,10:09,1250.00,1250.05,1250.00,1250.05,300,4950
20210917,10:10,1251.00,1251.00,1251.00,1251.00,150,4950
20210917,10:34,1235.00,1235.00,1235.00,1235.00,50,5400
20210917,10:42,1230.00,1230.00,1230.00,1230.00,50,5450
20210917,10:46,1229.95,1229.95,1229.95,1229.95,50,5500
20210917,10:47,1229.90,1229.90,1229.90,1229.90,350,5500
20210917,11:07,1229.00,1229.00,1229.00,1229.00,50,5500
20210917,11:17,1240.00,1240.00,1240.00,1240.00,50,5550
20210917,11:26,1250.00,1250.00,1250.00,1250.00,50,5600
20210917,11:34,1265.00,1265.00,1265.00,1265.00,50,5650
20210917,11:37,1270.00,1270.00,1270.00,1270.00,50,5700
20210917,11:39,1280.00,1280.00,1280.00,1280.00,50,5750
20210917,11:40,1299.00,1299.00,1299.00,1299.00,50,5750
20210917,11:42,1299.00,1299.00,1299.00,1299.00,50,5850
20210917,11:43,1299.25,1299.25,1299.25,1299.25,50,5850
20210917,11:54,1299.25,1299.25,1299.25,1299.25,50,5900
20210917,12:03,1325.00,1325.00,1325.00,1325.00,50,5900
20210917,12:09,1350.00,1350.00,1350.00,1350.00,50,5950
20210917,12:16,1360.00,1360.00,1360.00,1360.00,50,6000
20210917,12:39,1360.00,1360.00,1360.00,1360.00,50,6000
20210917,13:05,1360.00,1360.00,1360.00,1360.00,50,6000
20210917,13:10,1336.00,1336.00,1336.00,1336.00,150,6050
20210917,13:13,1327.00,1327.00,1326.95,1326.95,100,6200
20210917,13:15,1352.65,1352.65,1352.65,1352.65,250,6300
20210917,13:34,1360.00,1360.00,1360.00,1360.00,50,6050
20210917,14:02,1324.35,1324.35,1324.35,1324.35,150,6100
20210917,14:22,1350.00,1350.00,1350.00,1350.00,50,6150
20210917,14:23,1360.00,1360.00,1360.00,1360.00,50,6150
20210917,14:24,1376.90,1376.90,1376.90,1376.90,50,6150
20210917,14:26,1378.90,1378.90,1378.90,1378.90,100,6250
20210917,14:28,1383.00,1383.00,1383.00,1383.00,50,6250
20210917,14:30,1398.90,1398.90,1398.90,1398.90,100,6250
20210917,14:32,1399.00,1399.00,1399.00,1399.00,50,6300
20210917,14:39,1399.00,1399.00,1399.00,1399.00,750,6350
20210917,15:01,1312.75,1312.75,1312.75,1312.75,50,7100
20210917,15:03,1350.00,1375.00,1350.00,1375.00,200,7100
20210917,15:21,1364.70,1364.70,1364.70,1364.70,150,7250
20210917,15:25,1370.00,1370.00,1370.00,1370.00,50,7250
20210917,15:27,1370.75,1370.75,1370.75,1370.75,50,7250
20210920,09:16,1268.45,1268.60,1268.45,1268.60,401,7300
20210920,09:36,1400.30,1400.30,1400.30,1400.30,100,7350
20210920,09:45,1436.30,1436.30,1436.30,1436.30,100,7450
20210920,10:04,1438.90,1438.90,1438.90,1438.90,100,7450
20210920,10:05,1438.90,1438.90,1427.65,1427.65,200,7450
20210920,10:08,1433.05,1433.05,1433.05,1433.05,50,7450
20210920,10:11,1431.30,1431.30,1431.30,1431.30,50,7450
20210920,10:19,1428.00,1428.00,1428.00,1428.00,200,7450
20210920,10:23,1419.00,1419.00,1419.00,1419.00,50,7450
20210920,11:39,1407.00,1407.00,1407.00,1407.00,50,7450
20210920,11:43,1404.00,1410.00,1404.00,1410.00,100,7450
20210920,11:44,1410.00,1410.00,1410.00,1410.00,50,7450
20210920,11:47,1415.00,1415.00,1415.00,1415.00,50,7450
20210920,11:49,1420.00,1420.00,1420.00,1420.00,50,7600
20210920,11:51,1425.00,1425.00,1425.00,1425.00,150,7600
20210920,11:55,1425.00,1425.00,1425.00,1425.00,150,7800
20210920,11:59,1427.00,1427.00,1427.00,1427.00,50,7950
20210920,12:01,1439.00,1439.00,1439.00,1439.00,50,8000
20210920,12:34,1450.85,1450.85,1450.85,1450.85,100,8050
20210920,12:47,1459.85,1459.85,1459.85,1459.85,50,8150
20210920,12:48,1459.85,1459.85,1459.85,1459.85,50,8200
20210920,12:49,1458.10,1459.85,1458.10,1459.85,150,8200
20210920,13:21,1452.75,1452.75,1452.75,1452.75,50,8400
20210920,13:24,1455.60,1455.60,1455.60,1455.60,50,8400
20210920,13:33,1462.50,1462.50,1462.50,1462.50,50,8450
20210920,13:43,1491.55,1491.55,1491.55,1491.55,50,8450
20210920,13:56,1495.35,1495.35,1495.35,1495.35,50,8500
20210920,14:13,1523.50,1523.50,1523.50,1523.50,100,8550
20210920,14:41,1523.50,1523.50,1523.50,1523.50,50,8650
20210920,14:45,1529.55,1529.55,1529.55,1529.55,50,8700
20210920,14:50,1535.65,1535.65,1535.65,1535.65,100,8750
20210920,14:51,1535.65,1535.65,1535.65,1535.65,200,8750
20210920,15:01,1564.65,1564.65,1564.65,1564.65,50,8450
20210920,15:08,1568.60,1568.60,1568.60,1568.60,50,8400
20210920,15:19,1587.65,1587.65,1587.65,1587.65,50,8450
20210920,15:27,1591.35,1591.35,1591.35,1591.35,50,8500
20210920,15:28,1599.00,1599.00,1599.00,1599.00,300,8550
20210921,09:30,1500.00,1500.00,1500.00,1500.00,351,8850
20210921,10:48,1545.00,1545.00,1545.00,1545.00,50,8850
20210921,11:47,1568.80,1568.80,1568.80,1568.80,100,8900
20210921,11:50,1568.80,1568.80,1568.80,1568.80,100,9000
20210921,14:35,1469.60,1469.60,1469.60,1469.60,350,9000
20210921,14:55,1440.35,1440.35,1440.35,1440.35,50,9000
20210921,14:56,1421.10,1421.10,1421.10,1421.10,1000,9000
20210921,15:27,1411.05,1411.05,1411.05,1411.05,50,10000
20210922,09:17,1425.00,1425.00,1425.00,1425.00,351,10000
20210922,09:34,1420.00,1420.00,1420.00,1420.00,50,10000
20210922,09:50,1410.70,1410.70,1410.70,1410.70,100,10050
20210922,09:51,1410.70,1410.70,1410.70,1410.70,150,10050
20210922,09:57,1395.80,1395.80,1395.80,1395.80,600,10300
20210922,10:01,1395.80,1395.80,1395.80,1395.80,100,10300
20210922,10:04,1412.00,1412.00,1412.00,1412.00,250,10950
20210922,10:05,1400.00,1400.00,1400.00,1400.00,100,10950
20210922,10:07,1401.00,1401.00,1401.00,1401.00,100,10850
20210922,10:08,1395.00,1395.00,1395.00,1395.00,100,10850
20210922,10:15,1395.00,1395.00,1395.00,1395.00,150,10650
20210922,10:57,1392.40,1392.40,1392.40,1392.40,150,10500
20210922,11:23,1415.00,1415.00,1415.00,1415.00,350,10400
20210922,14:06,1398.60,1398.60,1398.60,1398.60,50,10400
20210922,14:33,1385.00,1385.00,1385.00,1385.00,100,10450
20210922,14:36,1380.10,1380.10,1380.10,1380.10,350,10450
20210922,14:44,1380.10,1380.10,1380.10,1380.10,100,10450
20210922,14:58,1403.40,1403.40,1403.40,1403.40,50,10800
20210922,14:59,1398.20,1398.20,1398.20,1398.20,50,10800
20210922,15:00,1392.90,1392.90,1392.90,1392.90,50,10800
20210922,15:11,1420.00,1420.00,1420.00,1420.00,200,10800
20210923,09:19,1344.90,1344.90,1344.90,1344.90,101,10800
20210923,09:20,1344.90,1344.90,1335.95,1335.95,750,10800
20210923,09:22,1331.65,1331.65,1331.65,1331.65,50,10900
20210923,09:25,1327.05,1327.05,1327.05,1327.05,50,10900
20210923,09:27,1321.10,1321.10,1321.10,1321.10,50,10900
20210923,09:30,1316.20,1316.20,1316.20,1316.20,150,10900
20210923,09:34,1317.85,1317.85,1317.85,1317.85,100,10850
20210923,09:36,1314.45,1314.45,1314.45,1314.45,50,10850
20210923,09:47,1312.00,1312.00,1312.00,1312.00,50,10850
20210923,09:49,1310.55,1310.55,1310.55,1310.55,50,10850
20210923,09:59,1303.60,1303.60,1303.60,1303.60,50,10800
20210923,10:00,1301.00,1301.00,1301.00,1301.00,50,10750
20210923,10:05,1291.75,1291.75,1291.75,1291.75,400,10700
20210923,10:06,1291.75,1291.75,1291.75,1291.75,100,10700
20210923,10:27,1282.25,1282.25,1282.25,1282.25,100,10700
20210923,11:02,1282.25,1282.25,1282.25,1282.25,50,10700
20210923,11:03,1283.00,1283.00,1283.00,1283.00,50,10650
20210923,11:06,1283.60,1283.60,1283.60,1283.60,50,10600
20210923,11:23,1280.00,1280.00,1280.00,1280.00,200,10600
20210923,11:50,1280.00,1280.00,1280.00,1280.00,50,10600
20210923,11:51,1285.00,1285.00,1285.00,1285.00,50,10600
20210923,12:08,1280.00,1280.00,1280.00,1280.00,150,10650
20210923,12:09,1275.00,1275.00,1275.00,1275.00,50,10800
20210923,12:12,1260.30,1260.30,1260.30,1260.30,50,10800
20210923,12:26,1260.30,1260.30,1260.30,1260.30,50,10850
20210923,13:14,1268.30,1268.30,1268.30,1268.30,250,10850
20210923,13:23,1271.00,1271.00,1271.00,1271.00,50,10600
20210923,13:26,1261.00,1261.00,1261.00,1261.00,50,10550
20210923,14:13,1253.25,1253.25,1253.25,1253.25,100,10500
20210923,14:14,1251.00,1251.00,1251.00,1251.00,50,10500
20210923,14:30,1234.70,1234.70,1234.70,1234.70,50,10500
20210923,14:32,1225.00,1225.00,1225.00,1225.00,50,10500
20210923,14:42,1220.00,1220.00,1220.00,1220.00,50,10450
20210923,14:45,1220.00,1220.00,1220.00,1220.00,50,10450
20210923,14:59,1220.00,1220.00,1220.00,1220.00,50,10450
20210923,15:00,1220.00,1220.00,1220.00,1220.00,100,10450
20210923,15:14,1211.55,1211.55,1211.55,1211.55,50,10550
20210923,15:16,1201.05,1201.05,1201.05,1201.05,50,10500
20210923,15:20,1201.00,1201.00,1201.00,1201.00,100,10500
20210923,15:22,1201.00,1201.00,1201.00,1201.00,50,10500
20210923,15:23,1198.75,1198.75,1198.75,1198.75,200,10500
20210924,09:17,1151.15,1151.15,1151.10,1151.10,152,10650
20210924,09:23,1140.00,1140.00,1140.00,1140.00,50,10650
20210924,09:24,1140.00,1140.00,1140.00,1140.00,50,10650
20210924,09:25,1150.00,1150.00,1150.00,1150.00,200,10650
20210924,09:26,1146.90,1155.70,1146.90,1155.70,100,11000
20210924,09:29,1155.70,1155.70,1155.70,1155.70,50,11000
20210924,09:43,1136.00,1136.00,1136.00,1136.00,100,10900
20210924,09:57,1136.00,1136.00,1136.00,1136.00,100,11000
20210924,10:00,1180.00,1180.00,1180.00,1180.00,350,11000
20210924,10:01,1180.00,1180.00,1180.00,1180.00,100,11000
20210924,10:04,1179.90,1179.90,1179.90,1179.90,150,11000
20210924,10:05,1174.75,1174.75,1174.75,1174.75,50,11000
20210924,10:07,1152.45,1152.45,1152.45,1152.45,350,11000
20210924,10:09,1151.85,1151.85,1151.85,1151.85,50,11300
20210924,10:10,1165.05,1165.05,1165.00,1165.00,100,11300
20210924,10:13,1160.00,1160.00,1160.00,1160.00,50,11350
20210924,10:14,1168.50,1168.50,1168.50,1168.50,100,11350
20210924,10:16,1167.45,1167.45,1167.45,1167.45,100,11400
20210924,10:27,1140.00,1140.00,1140.00,1140.00,100,11400
20210924,10:51,1134.00,1134.00,1134.00,1134.00,100,11400
20210924,10:53,1134.00,1134.00,1134.00,1134.00,50,11400
20210924,10:57,1145.00,1145.00,1145.00,1145.00,200,11550
20210924,11:12,1144.25,1144.25,1144.25,1144.25,50,11550
20210924,11:16,1144.25,1144.25,1144.25,1144.25,50,11550
20210924,11:24,1144.25,1144.25,1144.25,1144.25,50,11600
20210924,11:33,1143.50,1143.50,1143.50,1143.50,300,11650
20210924,11:44,1135.30,1135.30,1135.30,1135.30,250,11950
20210924,11:53,1165.00,1167.45,1165.00,1167.45,150,12200
20210924,11:55,1169.95,1169.95,1169.95,1169.95,300,12350
20210924,11:58,1170.00,1170.00,1170.00,1170.00,50,12050
20210924,12:01,1170.00,1170.00,1170.00,1170.00,50,12100
20210924,12:08,1165.00,1165.00,1165.00,1165.00,50,12150
20210924,12:25,1165.00,1165.00,1165.00,1165.00,50,12200
20210924,12:26,1165.00,1165.00,1165.00,1165.00,50,12200
20210924,12:34,1180.00,1180.00,1180.00,1180.00,50,12300
20210924,12:48,1180.00,1180.00,1180.00,1180.00,50,12300
20210924,13:31,1215.00,1215.00,1215.00,1215.00,100,12250
20210924,14:16,1215.00,1215.00,1215.00,1215.00,50,12250
20210924,14:51,1180.00,1180.00,1173.95,1173.95,350,12300
20210924,14:57,1186.90,1186.90,1186.90,1186.90,150,11950
20210924,15:20,1184.25,1184.25,1184.25,1184.25,50,12100
20210924,15:28,1210.00,1210.00,1210.00,1210.00,50,12150
20210924,15:29,1210.90,1210.90,1210.90,1210.90,50,12150
20210927,09:17,1155.10,1155.10,1155.10,1155.10,101,12150
20210927,09:28,1142.20,1142.20,1142.20,1142.20,50,12250
20210927,09:43,1142.20,1142.20,1142.20,1142.20,100,12300
20210927,09:44,1154.25,1154.25,1154.25,1154.25,100,12300
20210927,10:01,1195.00,1195.00,1195.00,1195.00,50,12300
20210927,10:05,1195.00,1195.00,1195.00,1195.00,50,12300
20210927,10:07,1189.00,1189.00,1189.00,1189.00,50,12350
20210927,10:12,1188.25,1188.25,1188.25,1188.25,600,12350
20210927,10:26,1190.00,1190.00,1190.00,1190.00,100,12400
20210927,10:28,1180.00,1180.00,1180.00,1180.00,100,12500
20210927,10:33,1185.55,1185.55,1185.55,1185.55,50,12600
20210927,10:34,1182.55,1182.55,1182.55,1182.55,50,12600
20210927,10:40,1200.00,1200.00,1200.00,1200.00,100,12600
20210927,10:46,1217.60,1217.60,1211.00,1211.00,200,12700
20210927,10:47,1209.65,1210.00,1209.65,1209.80,200,12700
20210927,10:48,1204.65,1204.65,1204.65,1204.65,50,12700
20210927,10:49,1197.20,1197.20,1197.20,1197.20,50,12700
20210927,10:59,986.85,986.85,986.85,986.85,1500,12700
20210927,11:03,986.85,986.85,986.85,986.85,100,14150
20210927,11:07,1194.10,1194.10,1194.10,1194.10,50,14150
20210927,11:11,1207.55,1207.55,1207.55,1207.55,200,14150
20210927,11:14,1200.55,1200.55,1200.55,1200.55,200,14150
20210927,11:15,1198.90,1198.90,1198.90,1198.90,50,14150
20210927,11:24,1200.00,1200.00,1200.00,1200.00,150,14150
20210927,11:30,1200.00,1200.00,1200.00,1200.00,50,14150
20210927,11:35,1202.30,1202.30,1202.30,1202.30,50,14100
20210927,11:37,1215.05,1215.05,1215.05,1215.05,50,14100
20210927,11:38,1217.20,1217.20,1217.20,1217.20,50,14100
20210927,11:39,1220.35,1220.35,1220.35,1220.35,50,14100
20210927,11:52,1220.35,1220.35,1220.35,1220.35,100,14100
20210927,12:35,1165.65,1165.65,1165.65,1165.65,100,14100
20210927,12:53,1182.90,1182.90,1182.90,1182.90,50,14100
20210927,13:30,1178.30,1178.30,1178.30,1178.30,50,14100
20210927,13:35,1163.50,1163.50,1163.50,1163.50,50,14150
20210927,13:36,1166.35,1166.40,1166.35,1166.40,100,14150
20210927,14:05,1141.60,1141.60,1141.60,1141.60,100,14300
20210927,14:23,1184.95,1185.00,1184.95,1185.00,100,14350
20210927,14:26,1185.00,1185.00,1185.00,1185.00,150,14450
20210927,14:28,1199.90,1199.90,1199.90,1199.90,50,14600
20210927,14:45,1210.00,1210.00,1210.00,1210.00,50,14650
20210927,14:47,1220.00,1220.00,1220.00,1220.00,100,14700
20210927,15:11,1215.15,1215.15,1215.15,1215.15,50,14700
20210927,15:14,1215.15,1215.15,1215.15,1215.15,50,14700
20210927,15:25,1215.00,1215.00,1215.00,1215.00,100,14700
20210928,09:37,1185.65,1185.65,1185.65,1185.65,101,14700
20210928,10:13,1152.30,1152.30,1152.30,1152.30,200,14600
20210928,10:20,1206.50,1206.50,1152.30,1152.30,500,14700
20210928,10:53,1198.00,1198.00,1198.00,1198.00,1200,14950
20210928,11:31,1258.00,1258.00,1258.00,1258.00,50,15900
20210928,11:34,1258.00,1258.00,1258.00,1258.00,50,15900
20210928,11:45,1249.00,1249.00,1249.00,1249.00,50,15900
20210928,11:46,1199.00,1199.00,1199.00,1199.00,50,15900
20210928,12:02,1298.00,1298.00,1298.00,1298.00,100,16000
20210928,12:16,1298.00,1298.00,1298.00,1298.00,50,16050
20210928,12:19,1310.00,1310.00,1310.00,1310.00,200,16050
20210928,12:22,1325.00,1325.00,1325.00,1325.00,50,16050
20210928,12:23,1325.00,1340.00,1325.00,1340.00,300,16050
20210928,12:24,1340.00,1340.00,1340.00,1340.00,50,16050
20210928,12:27,1336.00,1336.00,1336.00,1336.00,100,16100
20210928,12:34,1336.00,1336.00,1330.00,1330.00,300,16200
20210928,12:41,1330.00,1330.00,1330.00,1330.00,100,16400
20210928,12:46,1335.00,1335.00,1335.00,1335.00,550,16500
20210928,12:47,1330.00,1330.00,1330.00,1330.00,50,16500
20210928,12:48,1330.00,1330.00,1330.00,1330.00,50,16500
20210928,12:51,1349.00,1350.00,1349.00,1350.00,150,16600
20210928,12:56,1370.00,1370.00,1370.00,1370.00,50,16650
20210928,12:57,1370.00,1370.00,1370.00,1370.00,50,16650
20210928,13:00,1379.00,1379.00,1379.00,1379.00,100,16650
20210928,13:03,1379.00,1379.00,1379.00,1379.00,500,16750
20210928,13:04,1363.00,1363.00,1363.00,1363.00,150,16750
20210928,13:05,1364.60,1369.60,1364.60,1365.45,350,16750
20210928,13:07,1354.85,1354.85,1354.85,1354.85,100,17300
20210928,13:14,1399.00,1399.00,1399.00,1399.00,50,17250
20210928,13:29,1399.00,1399.00,1399.00,1399.00,50,17300
20210928,13:37,1344.55,1344.55,1344.55,1344.55,50,17350
20210928,13:43,1377.50,1377.50,1377.50,1377.50,100,17350
20210928,13:54,1386.35,1386.35,1386.35,1386.35,50,17450
20210928,14:02,1373.00,1373.00,1373.00,1373.00,350,17500
20210928,14:03,1370.00,1370.00,1370.00,1370.00,200,17500
20210928,14:08,1390.75,1390.75,1390.75,1390.75,100,17500
20210928,14:10,1392.00,1392.00,1392.00,1392.00,300,17600
20210928,14:12,1385.00,1385.00,1385.00,1385.00,50,17600
20210928,14:13,1399.00,1399.05,1399.00,1399.05,250,17600
20210928,14:14,1397.00,1397.00,1397.00,1397.00,250,17600
20210928,14:17,1415.35,1415.35,1415.35,1415.35,50,17850
20210928,14:19,1415.35,1415.35,1415.35,1415.35,50,17900
20210928,14:20,1410.85,1410.85,1410.85,1410.85,50,17900
20210928,14:49,1351.80,1351.80,1351.80,1351.80,100,17950
20210928,14:59,1315.70,1315.70,1312.85,1312.85,100,18050
20210928,15:00,1308.15,1309.70,1300.75,1300.75,150,18050
20210928,15:01,1312.25,1312.25,1305.85,1305.85,250,18050
20210928,15:07,1309.35,1309.35,1309.35,1309.35,150,18050
20210928,15:10,1290.45,1290.45,1285.70,1285.70,250,18050
20210928,15:12,1283.70,1283.70,1281.60,1281.60,100,18050
20210928,15:19,1282.65,1282.65,1282.65,1282.65,50,18050
20210928,15:25,1286.35,1286.35,1286.35,1286.35,50,18100
20210929,09:16,1385.35,1385.35,1384.55,1384.55,151,18100
20210929,09:20,1379.85,1379.85,1379.85,1379.85,200,18250
20210929,09:22,1379.85,1381.20,1379.85,1381.20,200,18250
20210929,09:25,1398.15,1398.45,1398.15,1398.45,500,18250
20210929,09:29,1390.25,1390.25,1389.05,1389.05,100,18250
20210929,09:30,1386.60,1386.60,1386.60,1386.60,100,18250
20210929,09:40,1388.05,1396.50,1388.05,1396.50,1100,18250
20210929,09:41,1396.50,1396.50,1396.50,1396.50,250,18250
20210929,09:43,1393.05,1393.05,1393.05,1393.05,150,18950
20210929,10:33,1367.20,1367.20,1367.20,1367.20,50,19100
20210929,10:53,1402.00,1402.00,1367.20,1367.20,200,19100
20210929,11:30,1384.05,1384.05,1384.05,1384.05,300,19200
20210929,12:01,1374.95,1375.00,1374.95,1375.00,100,19450
20210929,12:10,1380.00,1380.00,1380.00,1380.00,150,19550
20210929,12:29,1370.00,1370.00,1370.00,1370.00,200,19700
20210929,12:34,1379.45,1387.75,1379.45,1387.75,100,19900
20210929,12:40,1384.90,1384.90,1384.90,1384.90,50,20000
20210929,12:44,1382.00,1382.00,1382.00,1382.00,250,20050
20210929,12:55,1381.95,1381.95,1381.95,1381.95,50,20300
20210929,13:18,1338.00,1338.00,1338.00,1338.00,100,20350
20210929,14:06,1330.00,1330.00,1330.00,1330.00,50,20450
20210929,14:13,1320.00,1320.00,1320.00,1320.00,50,20500
20210929,14:57,1293.55,1299.55,1293.55,1299.55,150,20450
20210929,14:59,1312.10,1318.00,1312.10,1318.00,100,20300
20210929,15:01,1332.80,1332.80,1332.80,1332.80,300,20250
20210929,15:12,1333.45,1348.25,1333.45,1348.25,150,19950
20210929,15:29,1344.55,1344.55,1336.60,1336.60,350,19850
20210930,09:18,1350.00,1350.00,1350.00,1350.00,51,19600
20210930,09:23,1365.00,1365.00,1365.00,1365.00,50,19600
20210930,09:26,1365.00,1365.00,1365.00,1365.00,50,19550
20210930,10:02,1365.00,1365.00,1365.00,1365.00,50,19600
20210930,10:09,1361.80,1361.80,1361.80,1361.80,100,19600
20210930,10:24,1373.80,1373.80,1373.80,1373.80,100,19700
20210930,11:23,1373.80,1373.80,1373.80,1373.80,50,19650
20210930,11:26,1337.25,1337.25,1337.25,1337.25,50,19700
20210930,11:36,1337.25,1337.25,1337.25,1337.25,50,19750
20210930,12:01,1340.00,1340.00,1340.00,1340.00,50,19800
20210930,12:06,1337.10,1337.10,1337.10,1337.10,100,19800
20210930,12:17,1337.10,1340.00,1337.10,1340.00,150,19800
20210930,12:31,1360.00,1360.00,1360.00,1360.00,50,19950
20210930,12:38,1393.00,1393.00,1393.00,1393.00,50,20000
20210930,12:40,1412.40,1412.40,1412.40,1412.40,100,20000
20210930,12:48,1412.40,1412.40,1395.00,1395.00,100,20050
20210930,12:51,1392.50,1392.50,1392.50,1392.50,150,20050
20210930,12:52,1388.55,1388.55,1388.55,1388.55,50,20100
20210930,12:55,1385.00,1385.00,1385.00,1385.00,150,20100
20210930,13:00,1362.30,1362.30,1362.30,1362.30,750,20250
20210930,13:08,1392.95,1392.95,1392.95,1392.95,100,21000
20210930,13:14,1402.50,1402.50,1402.50,1402.50,100,21000
20210930,13:16,1408.65,1408.65,1408.65,1408.65,100,21100
20210930,13:27,1420.50,1420.50,1420.50,1420.50,100,21100
20210930,13:28,1420.50,1420.50,1420.50,1420.50,50,21100
20210930,13:30,1420.50,1420.50,1420.50,1420.50,100,21100
20210930,13:32,1415.35,1415.35,1415.35,1415.35,50,21100
20210930,13:38,1424.60,1424.60,1424.60,1424.60,50,21100
20210930,13:50,1424.60,1424.60,1424.60,1424.60,200,21100
20210930,14:01,1424.60,1424.60,1424.60,1424.60,50,21100
20210930,14:18,1435.85,1435.85,1435.85,1435.85,50,21100
20210930,15:03,1435.85,1435.85,1435.85,1435.85,50,21150
20210930,15:08,1410.00,1415.00,1410.00,1415.00,200,21200
20211001,09:15,1635.00,1635.00,1635.00,1635.00,51,21400
20211001,09:16,1500.00,1500.00,1500.00,1500.00,50,21400
20211001,09:21,1500.00,1500.00,1500.00,1500.00,50,21350
20211001,09:53,1576.00,1576.00,1576.00,1576.00,200,21350
20211001,10:16,1570.00,1570.00,1570.00,1570.00,50,21300
20211001,10:27,1521.25,1521.25,1521.25,1521.25,100,21250
20211001,10:50,1510.55,1510.55,1510.55,1510.55,50,21250
20211001,11:07,1510.00,1510.00,1510.00,1510.00,150,21250
20211001,11:43,1536.25,1536.25,1536.25,1536.25,500,21250
20211001,12:27,1566.85,1566.85,1566.85,1566.85,100,21250
20211001,12:35,1572.15,1572.15,1572.15,1572.15,50,21350
20211001,12:38,1565.70,1565.70,1565.70,1565.70,100,21400
20211001,12:49,1558.85,1558.85,1558.85,1558.85,50,21400
20211001,12:57,1542.30,1542.30,1542.30,1542.30,50,21450
20211001,13:00,1538.25,1538.25,1538.25,1538.25,50,21450
20211001,13:02,1539.05,1539.05,1539.05,1539.05,50,21550
20211001,13:05,1541.50,1541.50,1541.50,1541.50,50,21550
20211001,13:24,1543.15,1543.15,1543.15,1543.15,100,21600
20211001,13:33,1529.00,1529.00,1529.00,1529.00,50,21700
20211001,13:38,1530.15,1530.15,1530.15,1530.15,50,21650
20211001,14:10,1511.00,1511.00,1511.00,1511.00,50,21650
20211001,15:02,1475.00,1475.00,1475.00,1475.00,50,21600
20211001,15:06,1475.00,1475.00,1475.00,1475.00,150,21650
20211001,15:11,1475.00,1475.00,1475.00,1475.00,150,21800
20211001,15:21,1509.80,1509.80,1509.80,1509.80,50,21800
20211001,15:26,1510.50,1510.50,1510.50,1510.50,50,21850
20211004,09:19,1416.10,1416.10,1416.10,1416.10,51,21900
20211004,09:34,1420.00,1420.00,1420.00,1420.00,100,21900
20211004,09:43,1406.05,1406.05,1406.05,1406.05,50,21950
20211004,09:46,1395.00,1395.00,1395.00,1395.00,50,21950
20211004,09:50,1378.50,1378.50,1378.50,1378.50,50,22000
20211004,10:00,1347.90,1347.90,1347.90,1347.90,50,22000
20211004,10:05,1344.65,1344.65,1344.65,1344.65,50,22050
20211004,10:10,1340.00,1340.00,1335.00,1335.00,250,22100
20211004,10:22,1325.00,1325.00,1325.00,1325.00,550,22350
20211004,10:31,1325.00,1325.00,1321.20,1321.20,350,21950
20211004,10:32,1320.00,1320.00,1320.00,1320.00,50,21950
20211004,10:35,1320.00,1320.00,1320.00,1320.00,50,22100
20211004,10:37,1335.00,1335.00,1335.00,1335.00,200,22150
20211004,10:39,1340.00,1340.00,1340.00,1340.00,100,22350
20211004,10:50,1313.00,1313.00,1313.00,1313.00,50,22350
20211004,10:55,1302.00,1302.00,1302.00,1302.00,150,22350
20211004,10:57,1302.00,1302.00,1302.00,1302.00,100,22450
20211004,10:59,1302.00,1302.00,1302.00,1302.00,50,22550
20211004,11:04,1306.90,1306.90,1306.90,1306.90,100,22600
20211004,11:13,1316.85,1316.85,1316.85,1316.85,150,22600
20211004,11:19,1317.70,1317.70,1317.70,1317.70,150,22600
20211004,11:36,1337.00,1337.00,1331.10,1331.10,300,22750
20211004,11:37,1330.00,1330.55,1330.00,1330.55,200,22750
20211004,11:43,1344.00,1344.00,1344.00,1344.00,100,22750
20211004,12:13,1335.00,1335.00,1335.00,1335.00,50,22750
20211004,12:23,1356.00,1356.00,1356.00,1356.00,150,22750
20211004,12:35,1375.00,1375.00,1375.00,1375.00,50,22650
20211004,12:58,1370.00,1370.00,1370.00,1370.00,50,22600
20211004,13:19,1340.00,1340.00,1340.00,1340.00,50,22600
20211004,13:20,1335.00,1335.00,1335.00,1335.00,100,22600
20211004,13:24,1335.00,1335.00,1335.00,1335.00,150,22700
20211004,13:38,1325.00,1325.00,1325.00,1325.00,150,22850
20211004,13:39,1325.00,1325.00,1325.00,1325.00,350,23200
20211004,13:40,1315.00,1315.00,1315.00,1315.00,100,23200
20211004,13:43,1318.00,1320.00,1318.00,1320.00,300,23450
20211004,13:44,1325.00,1325.00,1320.00,1320.00,200,23450
20211004,13:47,1324.95,1325.00,1324.95,1325.00,250,23950
20211004,13:49,1325.00,1325.00,1325.00,1325.00,50,24200
20211004,14:32,1321.55,1321.55,1321.55,1321.55,150,24250
20211004,14:55,1329.80,1329.80,1329.80,1329.80,50,24250
20211004,15:02,1341.50,1341.50,1341.50,1341.50,50,24300
20211004,15:25,1320.10,1320.10,1320.10,1320.10,50,24250
20211005,09:30,1360.00,1360.00,1360.00,1360.00,51,24200
20211005,10:19,1335.00,1335.00,1335.00,1335.00,50,24250
20211005,10:59,1335.00,1335.00,1335.00,1335.00,100,24200
20211005,11:07,1354.85,1354.85,1354.85,1354.85,50,24250
20211005,11:09,1350.55,1350.55,1350.55,1350.55,50,24250
20211005,11:14,1352.90,1352.90,1352.90,1352.90,50,24250
20211005,11:15,1350.05,1350.05,1350.05,1350.05,50,24250
20211005,11:18,1344.70,1344.70,1344.70,1344.70,100,24250
20211005,11:19,1344.40,1344.40,1344.40,1344.40,50,24250
20211005,11:20,1342.50,1342.50,1340.60,1340.70,300,24250
20211005,11:21,1341.10,1341.60,1341.10,1341.60,150,24500
20211005,11:23,1340.30,1340.30,1340.30,1340.30,50,24500
20211005,11:24,1341.30,1341.30,1341.25,1341.25,100,24500
20211005,11:26,1340.60,1340.60,1340.60,1340.60,50,24500
20211005,11:27,1342.10,1342.10,1342.10,1342.10,50,24500
20211005,11:28,1339.30,1339.30,1339.30,1339.30,100,24500
20211005,11:30,1339.20,1339.20,1336.05,1336.05,100,24550
20211005,11:35,1332.80,1332.80,1332.80,1332.80,50,24550
20211005,11:59,1332.80,1332.80,1332.80,1332.80,50,24550
20211005,12:40,1332.05,1332.05,1332.05,1332.05,100,24550
20211005,13:30,1269.75,1269.75,1269.75,1269.75,50,24650
20211005,13:37,1265.00,1265.00,1265.00,1265.00,250,24600
20211005,13:38,1265.00,1265.00,1265.00,1265.00,150,24600
20211005,14:02,1262.00,1262.00,1262.00,1262.00,50,24200
20211005,14:06,1250.10,1250.10,1250.10,1250.10,50,24150
20211005,14:09,1245.00,1245.00,1245.00,1245.00,100,24150
20211005,14:18,1237.30,1237.30,1237.30,1237.30,100,24150
20211005,14:24,1237.30,1237.30,1237.30,1237.30,50,24050
20211005,14:43,1214.60,1214.60,1214.60,1214.60,100,24050
20211005,14:48,1214.60,1215.00,1214.60,1215.00,200,23950
20211005,14:49,1216.05,1216.05,1216.05,1216.05,200,23750
20211005,15:00,1214.00,1214.00,1214.00,1214.00,50,23750
20211005,15:01,1213.00,1213.00,1213.00,1213.00,50,23800
20211005,15:22,1210.05,1210.05,1210.05,1210.05,50,23850
20211005,15:28,1210.00,1210.00,1210.00,1210.00,50,23850
20211006,09:18,1195.50,1195.50,1195.50,1195.50,51,23800
20211006,09:19,1196.80,1198.30,1196.80,1198.30,100,23800
20211006,09:20,1198.70,1199.90,1198.70,1199.90,150,23800
20211006,09:21,1199.90,1199.90,1194.15,1194.15,100,23850
20211006,09:28,1193.30,1193.30,1193.30,1193.30,50,23750
20211006,09:35,1193.30,1205.00,1193.30,1205.00,100,23750
20211006,09:37,1199.20,1199.20,1199.20,1199.20,200,23750
20211006,09:38,1195.70,1195.70,1194.65,1194.65,850,23750
20211006,09:55,1201.10,1201.10,1201.10,1201.10,500,23950
20211006,09:56,1199.05,1199.05,1199.05,1199.05,100,23950
20211006,10:17,1240.15,1240.15,1240.15,1240.15,50,24550
20211006,10:50,1240.15,1240.15,1240.15,1240.15,50,24550
20211006,10:51,1215.00,1215.00,1215.00,1215.00,50,24550
20211006,11:01,1214.85,1214.85,1212.05,1212.05,100,24650
20211006,11:02,1211.30,1211.30,1210.20,1210.20,100,24650
20211006,11:25,1215.00,1215.00,1215.00,1215.00,250,24850
20211006,11:28,1213.00,1213.00,1213.00,1213.00,250,24600
20211006,11:33,1220.00,1220.00,1220.00,1220.00,50,24350
20211006,11:35,1215.00,1215.00,1215.00,1215.00,50,24350
20211006,11:42,1215.00,1215.00,1215.00,1215.00,100,24450
20211006,11:44,1215.00,1215.00,1215.00,1215.00,50,24450
20211006,11:50,1210.00,1210.00,1210.00,1210.00,50,24400
20211006,11:57,1204.00,1204.00,1204.00,1204.00,100,24450
20211006,11:59,1205.00,1205.00,1205.00,1205.00,50,24450
20211006,12:01,1210.00,1210.00,1210.00,1210.00,50,24600
20211006,12:03,1210.00,1210.00,1210.00,1210.00,50,24650
20211006,12:04,1210.00,1210.00,1210.00,1210.00,50,24650
20211006,12:08,1195.75,1195.75,1195.75,1195.75,150,24700
20211006,12:09,1194.85,1195.30,1194.85,1195.30,150,24700
20211006,12:10,1194.10,1196.10,1194.10,1196.10,250,24700
20211006,12:11,1193.30,1193.30,1193.20,1193.20,150,24700
20211006,12:13,1190.00,1190.00,1190.00,1190.00,50,24700
20211006,12:20,1190.00,1190.00,1190.00,1190.00,200,24650
20211006,12:21,1185.00,1185.00,1185.00,1185.00,100,24450
20211006,12:22,1180.00,1180.00,1180.00,1180.00,200,24450
20211006,12:23,1180.00,1180.00,1180.00,1180.00,50,24450
20211006,12:52,1180.00,1180.00,1180.00,1180.00,50,24300
20211006,13:11,1264.25,1264.25,1264.25,1264.25,50,24300
20211006,13:16,1282.65,1282.65,1282.65,1282.65,50,24300
20211006,13:18,1300.00,1300.00,1300.00,1300.00,50,24300
20211006,13:20,1309.30,1309.30,1309.30,1309.30,50,24300
20211006,13:31,1309.30,1309.30,1309.30,1309.30,50,24300
20211006,13:42,1305.10,1305.95,1305.10,1305.95,100,24350
20211006,13:43,1313.30,1313.30,1313.30,1313.30,100,24350
20211006,13:50,1305.00,1305.00,1305.00,1305.00,150,24350
20211006,13:51,1308.40,1308.40,1306.85,1306.85,150,24400
20211006,13:54,1300.75,1300.75,1300.75,1300.75,50,24400
20211006,13:55,1303.15,1303.15,1303.15,1303.15,50,24400
20211006,13:56,1309.55,1309.55,1309.55,1309.55,50,24400
20211006,13:59,1296.25,1296.25,1296.25,1296.25,50,24400
20211006,14:17,1306.15,1315.15,1306.15,1315.15,250,24400
20211006,14:18,1317.60,1327.75,1317.60,1327.75,200,24450
20211006,14:19,1329.90,1329.90,1329.90,1329.90,50,24450
20211006,14:24,1352.00,1352.00,1352.00,1352.00,50,24500
20211006,14:30,1354.00,1354.00,1354.00,1354.00,50,24500
20211006,14:34,1361.00,1361.00,1361.00,1361.00,50,24500
20211006,14:39,1365.10,1365.10,1365.10,1365.10,50,24500
20211006,14:48,1387.85,1387.85,1387.85,1387.85,50,24450
20211006,14:50,1387.85,1387.85,1387.85,1387.85,50,24450
20211006,14:54,1387.15,1387.15,1387.15,1387.15,50,24500
20211006,14:56,1399.05,1399.05,1399.05,1399.05,50,24550
20211006,14:58,1399.05,1399.05,1399.05,1399.05,50,24550
20211006,14:59,1395.80,1395.80,1395.80,1395.80,50,24550
20211006,15:02,1375.10,1375.10,1375.10,1375.10,50,24550
20211006,15:09,1372.45,1372.45,1371.10,1371.10,100,24550
20211006,15:10,1375.15,1375.15,1375.15,1375.15,50,24550
20211006,15:25,1393.00,1393.00,1393.00,1393.00,100,24550
20211006,15:26,1400.10,1400.10,1400.10,1400.10,50,24550
20211007,09:24,1265.10,1265.65,1265.10,1265.65,102,24550
20211007,09:42,1219.60,1222.50,1219.60,1222.50,700,24550
20211007,09:43,1222.05,1222.05,1222.05,1222.05,50,24550
20211007,09:44,1215.50,1215.50,1215.50,1215.50,50,24500
20211007,09:47,1215.50,1215.50,1215.50,1215.50,50,24450
20211007,10:06,1229.35,1229.35,1229.35,1229.35,50,24450
20211007,10:09,1222.05,1222.05,1222.05,1222.05,100,24450
20211007,10:15,1215.00,1215.00,1215.00,1215.00,100,24350
20211007,10:19,1222.00,1222.00,1222.00,1222.00,50,24300
20211007,10:21,1220.00,1220.00,1220.00,1220.00,100,24250
20211007,10:22,1222.00,1222.00,1220.00,1220.00,150,24250
20211007,10:24,1225.00,1225.00,1225.00,1225.00,50,24200
20211007,10:28,1230.00,1230.00,1230.00,1230.00,250,24150
20211007,10:39,1212.70,1212.70,1212.70,1212.70,50,23900
20211007,11:00,1205.45,1205.45,1202.95,1202.95,3800,23850
20211007,11:01,1200.00,1203.05,1200.00,1200.00,5200,23850
20211007,11:02,1200.00,1208.05,1200.00,1208.05,1100,23850
20211007,11:04,1206.00,1206.00,1203.80,1203.80,4700,33750
20211007,11:05,1200.00,1201.00,1200.00,1201.00,5400,33750
20211007,11:25,1205.80,1206.90,1205.80,1206.90,100,43750
20211007,11:26,1205.65,1209.60,1204.00,1204.00,150,43750
20211007,11:29,1214.80,1214.80,1214.80,1214.80,50,43750
20211007,11:30,1206.25,1206.25,1206.25,1206.25,50,43750
20211007,11:42,1200.00,1200.00,1200.00,1200.00,550,43750
20211007,11:44,1183.00,1183.00,1183.00,1183.00,700,43750
20211007,11:45,1182.50,1182.50,1182.50,1182.50,50,43750
20211007,11:48,1178.65,1178.65,1178.65,1178.65,100,43700
20211007,11:59,1165.00,1165.00,1165.00,1165.00,50,43700
20211007,12:02,1162.50,1162.50,1162.50,1162.50,50,43700
20211007,12:08,1157.15,1157.15,1157.15,1157.15,150,43700
20211007,12:09,1157.15,1157.70,1157.15,1157.70,100,43700
20211007,12:12,1163.60,1163.60,1163.60,1163.60,50,43700
20211007,12:17,1164.20,1164.20,1164.20,1164.20,300,43700
20211007,12:19,1169.95,1169.95,1169.95,1169.95,50,43800
20211007,12:20,1170.00,1170.00,1170.00,1170.00,50,43800
20211007,12:35,1156.60,1157.80,1156.10,1157.80,250,43800
20211007,12:36,1158.50,1158.80,1157.25,1158.60,200,43700
20211007,12:42,1160.80,1160.80,1160.80,1160.80,50,43700
20211007,12:44,1162.85,1162.85,1162.85,1162.85,50,43700
20211007,12:46,1163.50,1163.50,1163.50,1163.50,50,43700
20211007,12:47,1167.45,1169.15,1167.45,1169.15,150,43700
20211007,12:48,1174.10,1174.10,1174.10,1174.10,50,43700
20211007,13:01,1165.00,1165.00,1165.00,1165.00,100,43700
20211007,13:08,1160.65,1160.65,1160.65,1160.65,100,43600
20211007,13:15,1155.10,1155.10,1155.10,1155.10,50,43700
20211007,13:23,1155.10,1155.10,1155.10,1155.10,50,43700
20211007,13:32,1166.20,1166.65,1165.70,1166.30,450,43700
20211007,13:33,1166.10,1187.70,1166.10,1184.55,1000,43700
20211007,13:34,1184.70,1184.70,1180.60,1180.60,350,43700
20211007,13:35,1176.75,1176.75,1176.75,1176.75,50,43700
20211007,13:36,1182.55,1182.55,1179.35,1179.35,100,43700
20211007,13:39,1184.00,1184.00,1184.00,1184.00,200,43700
20211007,13:52,1188.80,1188.80,1188.80,1188.80,50,43500
20211007,14:02,1161.10,1161.10,1161.10,1161.10,100,43450
20211007,14:13,1163.30,1163.30,1163.05,1163.05,100,43550
20211007,14:32,1175.05,1175.05,1175.05,1175.05,50,43550
20211007,14:33,1180.00,1181.30,1179.20,1181.30,200,43550
20211007,14:34,1188.10,1189.15,1186.85,1189.15,250,43550
20211007,14:35,1194.25,1201.05,1194.25,1201.05,150,43550
20211007,14:42,1208.00,1208.00,1208.00,1208.00,550,43550
20211007,14:51,1210.00,1210.00,1210.00,1210.00,100,43500
20211007,14:52,1210.00,1210.00,1210.00,1210.00,150,43500
20211007,14:53,1210.00,1210.00,1210.00,1210.00,100,43500
20211007,14:58,1200.00,1200.00,1200.00,1200.00,550,43200
20211007,15:00,1200.00,1200.00,1200.00,1200.00,50,43200
20211007,15:05,1217.90,1217.90,1217.90,1217.90,500,43200
20211007,15:08,1209.00,1209.00,1209.00,1209.00,50,42700
20211007,15:09,1212.75,1212.75,1212.75,1212.75,50,42700
20211007,15:12,1213.40,1216.70,1213.40,1216.70,100,42600
20211007,15:13,1218.10,1219.35,1218.10,1219.35,100,42700
20211007,15:14,1219.55,1219.55,1219.55,1219.55,50,42700
20211007,15:15,1219.65,1223.00,1219.65,1223.00,350,42700
20211007,15:25,1206.30,1206.30,1206.25,1206.25,100,42700
20211008,09:22,1170.00,1170.00,1170.00,1170.00,151,42700
20211008,09:27,1172.75,1172.75,1172.75,1172.75,50,42800
20211008,09:28,1172.75,1172.75,1172.75,1172.75,50,42800
20211008,09:31,1169.80,1169.80,1169.80,1169.80,50,42900
20211008,09:32,1175.00,1175.00,1175.00,1175.00,50,42900
20211008,09:39,1185.95,1185.95,1185.95,1185.95,50,42950
20211008,09:40,1187.00,1187.00,1187.00,1187.00,50,42950
20211008,09:41,1187.00,1187.00,1187.00,1187.00,50,42950
20211008,09:49,1148.95,1148.95,1148.95,1148.95,50,42950
20211008,09:50,1148.90,1151.60,1148.90,1151.60,750,42950
20211008,09:51,1153.50,1153.50,1153.50,1153.50,50,42950
20211008,09:52,1150.00,1150.00,1150.00,1150.00,550,42950
20211008,10:01,1156.00,1156.00,1156.00,1156.00,50,42950
20211008,10:16,1146.00,1146.00,1146.00,1146.00,50,43000
20211008,10:17,1146.00,1146.00,1146.00,1146.00,200,43000
20211008,10:19,1150.00,1150.00,1150.00,1150.00,50,42800
20211008,10:25,1130.65,1130.65,1130.65,1130.65,50,42850
20211008,10:31,1100.25,1104.70,1100.25,1103.35,300,42850
20211008,10:32,1098.15,1098.15,1098.15,1098.15,100,42850
20211008,10:34,1102.75,1108.55,1102.75,1108.55,100,42850
20211008,10:38,1110.00,1110.00,1110.00,1110.00,50,42850
20211008,10:39,1110.00,1110.00,1110.00,1110.00,400,42850
20211008,10:44,1120.00,1120.00,1120.00,1120.00,50,42500
20211008,10:47,1122.00,1122.00,1117.35,1117.35,350,42450
20211008,10:48,1115.00,1115.00,1115.00,1115.00,300,42200
20211008,11:00,1118.00,1118.00,1116.25,1116.25,150,41900
20211008,11:01,1117.55,1117.55,1117.55,1117.55,50,41900
20211008,11:45,1118.70,1118.70,1117.25,1117.25,100,41900
20211008,11:46,1114.90,1115.70,1114.90,1115.70,100,41900
20211008,11:47,1115.25,1115.25,1115.25,1115.25,50,41900
20211008,11:48,1118.00,1118.00,1118.00,1118.00,50,41900
20211008,12:08,1137.90,1137.90,1137.90,1137.90,400,41900
20211008,12:09,1137.90,1137.90,1137.90,1137.90,150,41900
20211008,12:13,1156.05,1156.05,1156.05,1156.05,50,41900
20211008,12:16,1172.25,1175.80,1170.30,1175.80,200,41900
20211008,12:17,1176.50,1177.15,1176.50,1177.15,300,41900
20211008,12:18,1161.30,1161.30,1161.30,1161.30,50,41900
20211008,12:19,1162.60,1162.60,1162.60,1162.60,50,41900
20211008,12:21,1165.30,1165.30,1165.30,1165.30,50,41900
20211008,12:24,1167.05,1167.05,1167.05,1167.05,50,41900
20211008,12:25,1171.90,1171.90,1170.80,1170.80,100,41900
20211008,12:26,1166.85,1166.85,1166.85,1166.85,50,41900
20211008,12:29,1166.00,1166.00,1166.00,1166.00,50,41900
20211008,12:51,1171.00,1171.00,1171.00,1171.00,100,41950
20211008,12:54,1139.50,1139.50,1139.50,1139.50,50,41950
20211008,13:02,1159.35,1159.35,1159.35,1159.35,50,41950
20211008,13:11,1149.15,1149.15,1149.15,1149.15,50,41950
20211008,13:18,1139.75,1139.75,1139.75,1139.75,50,41950
20211008,13:26,1146.90,1147.00,1145.95,1147.00,150,41950
20211008,13:34,1124.35,1126.20,1124.35,1125.95,250,41950
20211008,13:40,1135.00,1135.00,1135.00,1135.00,550,42050
20211008,13:54,1135.00,1135.00,1133.00,1133.00,100,42050
20211008,13:56,1135.00,1135.00,1135.00,1135.00,50,42050
20211008,14:10,1127.85,1128.25,1127.15,1128.25,200,42000
20211008,14:11,1125.40,1125.40,1125.35,1125.35,100,42000
20211008,14:13,1117.55,1117.55,1115.05,1115.05,250,42000
20211008,14:14,1113.75,1113.90,1113.75,1113.90,200,42000
20211008,14:15,1110.35,1110.35,1109.90,1109.90,100,42000
20211008,14:19,1102.10,1102.10,1102.10,1102.10,50,42000
20211008,14:20,1100.10,1100.10,1097.35,1097.35,500,42000
20211008,14:34,1108.05,1109.85,1108.05,1109.85,100,41700
20211008,14:50,1108.00,1108.00,1108.00,1108.00,200,41700
20211008,14:52,1108.00,1108.00,1108.00,1108.00,500,41900
20211008,14:53,1109.85,1109.85,1109.85,1109.85,50,41900
20211008,14:54,1108.00,1108.00,1108.00,1108.00,500,42450
20211008,14:55,1108.00,1108.00,1108.00,1108.00,200,42450
20211008,14:57,1108.00,1108.00,1108.00,1108.00,250,42450
20211008,15:00,1124.90,1124.90,1122.00,1122.00,200,43300
20211008,15:01,1129.00,1129.00,1129.00,1129.00,100,43300
20211008,15:02,1126.20,1126.20,1126.20,1126.20,150,43300
20211008,15:03,1121.90,1121.90,1121.90,1121.90,50,43300
20211008,15:04,1123.95,1123.95,1123.95,1123.95,150,43300
20211008,15:05,1123.40,1123.40,1123.40,1123.40,100,43300
20211008,15:06,1123.30,1123.30,1123.30,1123.30,50,43300
20211008,15:07,1126.35,1126.35,1125.80,1125.80,100,43300
20211008,15:08,1124.15,1124.15,1124.15,1124.15,150,43300
20211008,15:09,1126.50,1126.50,1125.45,1125.45,200,43300
20211008,15:10,1126.15,1128.15,1126.15,1128.15,100,43300
20211008,15:11,1128.10,1128.10,1128.10,1128.10,50,43300
20211008,15:12,1117.65,1117.65,1117.65,1117.65,150,43300
20211008,15:22,1124.45,1124.45,1124.45,1124.45,150,43450
20211008,15:27,1124.75,1124.75,1124.35,1124.35,100,43450
20211008,15:28,1116.95,1124.10,1116.95,1120.85,400,43450
20211008,15:29,1121.50,1121.50,1120.30,1120.30,350,43450
20211011,09:15,1284.60,1284.60,1284.60,1284.60,51,43450
20211011,09:30,1130.00,1130.00,1130.00,1130.00,50,43400
20211011,09:33,1107.35,1107.35,1107.35,1107.35,100,43350
20211011,09:40,1100.20,1100.20,1100.20,1100.20,100,43400
20211011,09:42,1091.00,1091.00,1091.00,1091.00,50,43400
20211011,09:43,1091.00,1091.00,1091.00,1091.00,50,43400
20211011,09:44,1090.30,1090.30,1089.40,1089.40,150,43400
20211011,09:45,1094.70,1094.70,1094.70,1094.70,50,43450
20211011,09:50,1077.35,1079.95,1077.35,1079.95,150,43450
20211011,09:52,1071.55,1071.85,1071.55,1071.85,250,43450
20211011,09:54,1065.00,1065.00,1065.00,1065.00,150,43450
20211011,09:55,1065.00,1065.00,1061.55,1061.55,250,43450
20211011,09:56,1060.00,1060.00,1060.00,1060.00,200,43450
20211011,09:58,1066.10,1066.10,1066.10,1066.10,50,43450
20211011,10:02,1060.00,1060.00,1060.00,1060.00,50,43450
20211011,10:06,1060.85,1060.85,1060.30,1060.30,100,43500
20211011,10:08,1061.40,1062.15,1061.40,1062.15,100,43500
20211011,10:11,1067.85,1067.85,1067.85,1067.85,50,43500
20211011,10:19,1053.95,1053.95,1053.70,1053.70,100,43500
20211011,10:26,1053.70,1053.70,1053.70,1053.70,50,43500
20211011,10:38,1046.05,1046.05,1046.05,1046.05,100,43500
20211011,10:39,1044.05,1044.05,1044.00,1044.00,100,43500
20211011,10:42,1041.05,1041.05,1041.05,1041.05,50,43500
20211011,10:43,1037.00,1037.00,1037.00,1037.00,50,43500
20211011,10:44,1036.50,1036.50,1036.50,1036.50,50,43600
20211011,10:49,1036.50,1042.20,1036.50,1042.20,150,43600
20211011,10:56,1048.65,1048.80,1047.50,1047.50,300,43600
20211011,11:05,1039.65,1039.65,1039.65,1039.65,50,43600
20211011,11:09,1030.10,1030.10,1022.35,1022.35,100,43600
20211011,11:10,1020.00,1020.00,1018.80,1018.80,250,43600
20211011,11:11,1018.30,1018.30,1018.15,1018.15,100,43600
20211011,11:12,1017.00,1017.00,1013.80,1013.80,100,43600
20211011,11:20,1013.80,1013.80,1013.00,1013.00,150,43600
20211011,11:24,1013.00,1014.25,1013.00,1014.25,100,43550
20211011,11:30,1009.95,1009.95,1003.90,1003.90,150,43650
20211011,11:31,1002.40,1002.40,1002.40,1002.40,50,43650
20211011,11:32,1002.40,1002.80,1002.40,1002.80,150,43650
20211011,11:38,1013.00,1013.00,1013.00,1013.00,50,43650
20211011,11:40,1016.00,1016.00,1016.00,1016.00,200,43650
20211011,11:42,1018.90,1018.90,1018.90,1018.90,50,43850
20211011,11:45,1014.70,1014.70,1011.55,1011.55,950,43850
20211011,11:46,1021.40,1021.40,1021.40,1021.40,200,43850
20211011,11:47,1024.50,1024.50,1024.50,1024.50,100,43850
20211011,11:48,1019.40,1019.40,1019.40,1019.40,150,44700
20211011,11:53,1023.40,1023.40,1023.40,1023.40,50,44700
20211011,11:58,1030.05,1030.05,1030.05,1030.05,50,44750
20211011,12:00,1030.65,1030.65,1030.65,1030.65,50,44750
20211011,12:02,1041.75,1041.75,1041.75,1041.75,200,44750
20211011,12:04,1035.75,1035.75,1035.75,1035.75,50,44750
20211011,12:05,1035.75,1035.75,1035.75,1035.75,100,44750
20211011,12:06,1032.30,1033.40,1032.30,1033.40,100,44750
20211011,12:11,1026.40,1026.40,1026.40,1026.40,50,44750
20211011,12:12,1025.00,1025.00,1025.00,1025.00,150,44750
20211011,12:13,1022.95,1022.95,1022.95,1022.95,50,44750
20211011,12:16,1018.65,1018.65,1018.65,1018.65,50,44850
20211011,12:17,1017.65,1017.65,1017.65,1017.65,50,44850
20211011,12:22,1013.05,1013.05,1013.05,1013.05,50,44850
20211011,12:43,998.00,998.00,998.00,998.00,100,44850
20211011,12:45,994.55,994.65,994.55,994.65,300,44750
20211011,12:46,990.00,993.60,990.00,993.60,150,44750
20211011,12:49,994.10,994.10,992.95,993.35,200,44750
20211011,12:50,990.65,993.45,990.65,993.45,150,44750
20211011,12:51,993.35,993.35,993.35,993.35,50,44750
20211011,12:52,994.60,994.60,994.60,994.60,50,44750
20211011,12:53,992.70,992.70,992.70,992.70,50,44750
20211011,12:55,990.00,990.00,990.00,990.00,100,44750
20211011,12:56,990.70,990.70,990.70,990.70,50,44750
20211011,12:57,995.00,995.00,995.00,995.00,50,44850
20211011,12:58,995.00,995.00,992.55,993.80,300,44850
20211011,12:59,993.75,995.00,993.75,994.75,300,44850
20211011,13:02,995.75,995.75,986.60,986.60,550,45450
20211011,13:03,987.25,987.25,987.25,987.25,50,45450
20211011,13:05,986.15,986.15,986.15,986.15,150,45550
20211011,13:07,988.15,988.15,988.15,988.15,50,45550
20211011,13:08,988.25,989.15,987.00,989.15,200,45550
20211011,13:09,990.25,991.40,990.25,991.40,150,45850
20211011,13:15,1009.00,1011.90,1009.00,1011.90,150,45900
20211011,13:22,998.70,998.70,998.70,998.70,100,46000
20211011,13:23,1002.00,1002.00,1002.00,1002.00,50,46000
20211011,13:24,1002.00,1002.00,1002.00,1002.00,50,46000
20211011,13:25,1002.75,1002.75,1002.75,1002.75,50,46100
20211011,13:27,998.75,998.75,998.70,998.70,150,46100
20211011,13:28,998.70,998.70,997.00,997.00,250,46050
20211011,13:31,990.05,990.05,990.00,990.00,550,46100
20211011,13:34,988.00,988.00,988.00,988.00,100,45700
20211011,13:37,989.15,989.15,989.15,989.15,50,45800
20211011,13:38,994.05,994.05,991.00,991.00,100,45800
20211011,13:39,988.00,988.00,988.00,988.00,50,45800
20211011,13:40,990.00,990.00,990.00,990.00,50,46000
20211011,13:42,994.00,994.00,994.00,994.00,50,46050
20211011,13:47,996.95,996.95,996.95,996.95,250,46050
20211011,13:49,994.00,994.00,994.00,994.00,50,46200
20211011,13:50,997.00,998.10,997.00,998.10,150,46200
20211011,13:51,1000.00,1000.00,1000.00,1000.00,50,46300
20211011,13:54,1005.00,1005.00,1005.00,1005.00,50,46300
20211011,13:55,1010.00,1010.00,1010.00,1010.00,100,46400
20211011,13:56,1010.00,1010.00,1010.00,1010.00,50,46400
20211011,13:57,1012.40,1012.40,1012.40,1012.40,100,46450
20211011,13:58,1015.55,1015.55,1015.55,1015.55,100,46450
20211011,13:59,1020.55,1020.55,1020.55,1020.55,150,46450
20211011,14:00,1025.00,1025.30,1025.00,1025.30,450,46350
20211011,14:03,1010.10,1010.10,1010.10,1010.10,50,46350
20211011,14:17,1003.20,1004.30,1003.20,1003.75,150,46400
20211011,14:18,1010.00,1010.00,1010.00,1010.00,50,46400
20211011,14:19,1015.00,1015.00,1015.00,1015.00,50,46550
20211011,14:21,1009.35,1009.35,1009.35,1009.35,50,46650
20211011,14:36,1015.00,1015.00,1015.00,1015.00,50,46700
20211011,14:39,1020.00,1020.00,1020.00,1020.00,50,46750
20211011,14:40,1025.00,1025.00,1025.00,1025.00,50,46800
20211011,14:48,1017.75,1017.75,1017.75,1017.75,50,46850
20211011,14:51,1020.00,1020.00,1020.00,1020.00,50,46800
20211011,15:01,1048.50,1048.50,1048.50,1048.50,100,46850
20211011,15:02,1049.25,1050.25,1047.80,1047.80,250,46850
20211011,15:03,1050.00,1050.00,1050.00,1050.00,50,46850
20211011,15:05,1057.00,1057.00,1057.00,1057.00,50,46900
20211011,15:07,1050.00,1050.00,1050.00,1050.00,50,46900
20211011,15:09,1052.00,1052.00,1052.00,1052.00,50,46900
20211011,15:11,1052.00,1052.00,1052.00,1052.00,400,47000
20211011,15:12,1051.00,1051.00,1051.00,1051.00,50,47000
20211011,15:14,1054.05,1054.05,1054.05,1054.05,50,47400
20211011,15:15,1061.95,1061.95,1060.00,1060.00,100,47400
20211011,15:16,1060.00,1060.00,1060.00,1060.00,300,47400
20211011,15:17,1059.00,1060.00,1059.00,1060.00,150,47400
20211011,15:18,1059.00,1059.00,1057.95,1058.00,300,47400
20211011,15:19,1060.00,1060.00,1060.00,1060.00,50,48150
20211011,15:20,1060.00,1060.00,1060.00,1060.00,50,48150
20211011,15:21,1066.00,1066.00,1066.00,1066.00,50,48250
20211011,15:22,1067.00,1067.00,1067.00,1067.00,50,48250
20211011,15:23,1064.55,1064.65,1064.55,1064.65,150,48250
20211011,15:24,1063.00,1063.00,1063.00,1063.00,100,48250
20211011,15:25,1062.50,1062.50,1062.50,1062.50,500,48600
20211011,15:28,1050.00,1050.00,1050.00,1050.00,50,48650
20211012,09:16,1090.00,1090.00,1090.00,1090.00,51,48700
20211012,09:18,1082.45,1082.45,1082.45,1082.45,50,48750
20211012,09:19,1077.65,1077.65,1077.65,1077.65,100,48750
20211012,09:20,1075.50,1075.50,1075.50,1075.50,100,48750
20211012,09:21,1072.00,1072.00,1072.00,1072.00,50,48750
20211012,09:25,1062.00,1062.00,1062.00,1062.00,50,48750
20211012,09:34,1062.00,1062.00,1062.00,1062.00,500,48800
20211012,09:44,1108.00,1108.00,1108.00,1108.00,50,48800
20211012,09:48,1108.00,1108.00,1108.00,1108.00,50,49350
20211012,09:54,1075.00,1075.00,1075.00,1075.00,50,49350
20211012,09:57,1075.00,1075.00,1075.00,1075.00,50,49400
20211012,09:59,1080.00,1080.00,1080.00,1080.00,50,49450
20211012,10:18,1087.00,1087.00,1087.00,1087.00,50,49500
20211012,10:22,1091.00,1091.00,1091.00,1091.00,50,49450
20211012,10:28,1100.00,1100.00,1100.00,1100.00,50,49500
20211012,10:30,1109.00,1109.00,1109.00,1109.00,550,49550
20211012,11:12,1109.00,1109.00,1109.00,1109.00,50,49550
20211012,11:13,1109.00,1109.00,1109.00,1109.00,50,49550
20211012,11:35,1130.00,1130.00,1130.00,1130.00,50,49650
20211012,11:38,1130.00,1130.00,1128.70,1129.20,400,49700
20211012,11:39,1128.15,1128.15,1126.90,1126.90,150,49700
20211012,11:40,1132.00,1132.00,1128.25,1128.25,200,49700
20211012,12:12,1118.00,1118.00,1118.00,1118.00,50,49700
20211012,12:32,1132.00,1132.00,1132.00,1132.00,50,49750
20211012,12:42,1094.20,1094.20,1094.20,1094.20,50,49750
20211012,12:44,1096.80,1096.80,1096.80,1096.80,50,49700
20211012,12:45,1095.20,1098.00,1095.20,1098.00,150,49750
20211012,12:46,1089.00,1089.00,1089.00,1089.00,50,49750
20211012,12:57,1087.95,1088.25,1082.35,1083.05,400,49800
20211012,13:13,1095.00,1095.00,1095.00,1095.00,550,49800
20211012,13:34,1107.00,1107.00,1105.00,1105.00,150,49800
20211012,13:36,1100.65,1100.65,1100.65,1100.65,50,49800
20211012,13:37,1102.00,1102.00,1102.00,1102.00,50,49800
20211012,13:39,1105.00,1105.00,1103.80,1103.80,150,49900
20211012,13:42,1100.00,1105.00,1100.00,1105.00,250,49900
20211012,13:48,1107.00,1107.00,1107.00,1107.00,100,49900
20211012,13:49,1107.00,1110.00,1107.00,1110.00,550,49900
20211012,13:50,1107.30,1107.30,1107.30,1107.30,150,49900
20211012,13:52,1107.35,1107.35,1107.35,1107.35,50,49900
20211012,13:53,1104.45,1104.45,1104.45,1104.45,50,49900
20211012,13:56,1093.05,1093.05,1093.05,1093.05,100,49900
20211012,14:02,1087.05,1087.05,1087.05,1087.05,50,50000
20211012,14:04,1085.00,1085.00,1085.00,1085.00,600,50000
20211012,14:05,1065.00,1065.00,1065.00,1065.00,50,50000
20211012,14:08,1066.00,1066.00,1066.00,1066.00,50,50000
20211012,14:12,1055.55,1055.55,1055.55,1055.55,50,49950
20211012,14:15,1051.05,1051.05,1051.05,1051.05,50,49950
20211012,14:17,1037.00,1037.00,1037.00,1037.00,50,49950
20211012,14:25,1037.00,1037.00,1037.00,1037.00,50,49950
20211012,14:32,1059.05,1059.05,1059.05,1059.05,50,49900
20211012,14:43,1042.00,1042.00,1042.00,1042.00,50,49850
20211012,14:53,1037.50,1037.50,1037.50,1037.50,250,49850
20211012,14:57,1044.00,1044.00,1044.00,1044.00,100,50000
20211012,15:14,1039.25,1039.25,1039.25,1039.25,50,50100
20211012,15:15,1032.00,1032.00,1032.00,1032.00,50,50100
20211012,15:16,1027.00,1028.20,1022.80,1022.80,850,50100
20211012,15:17,1022.80,1022.80,1022.80,1022.80,100,50100
20211012,15:18,1020.75,1020.75,1020.75,1020.75,50,50100
20211012,15:19,1017.00,1017.00,1017.00,1017.00,50,50100
20211012,15:21,1017.00,1022.00,1017.00,1022.00,150,50200
20211012,15:25,1022.10,1022.10,1022.10,1022.10,50,50100
20211012,15:26,1023.00,1023.00,1023.00,1023.00,600,50100
20211012,15:27,1023.00,1023.00,1023.00,1023.00,1200,50100
20211013,09:19,980.00,980.00,980.00,980.00,51,48400
20211013,09:20,980.00,980.00,980.00,980.00,50,48400
20211013,09:24,965.05,965.60,964.55,965.60,400,48400
20211013,09:31,954.30,954.30,954.30,954.30,100,48800
20211013,09:33,954.30,954.30,954.30,954.30,100,48900
20211013,09:34,959.45,959.45,959.45,959.45,100,48900
20211013,09:35,958.35,958.35,958.35,958.35,50,48900
20211013,09:36,964.95,965.00,964.95,965.00,150,48950
20211013,09:38,960.00,960.00,960.00,960.00,50,48950
20211013,09:40,960.00,960.00,959.95,959.95,100,49000
20211013,09:41,959.95,959.95,959.00,959.00,650,49300
20211013,09:42,959.00,959.00,959.00,959.00,300,49300
20211013,09:45,965.40,965.40,954.60,954.60,100,49700
20211013,09:48,948.50,948.50,948.50,948.50,250,49750
20211013,09:50,940.00,940.00,940.00,940.00,50,49800
20211013,09:54,930.00,930.00,930.00,930.00,50,49750
20211013,09:55,930.00,930.00,930.00,930.00,50,49750
20211013,09:56,930.00,935.00,930.00,935.00,200,49650
20211013,09:58,935.00,935.00,935.00,935.00,150,49650
20211013,10:00,933.00,933.00,930.00,930.00,100,49950
20211013,10:01,930.00,930.00,930.00,930.00,50,49950
20211013,10:02,935.00,935.00,935.00,935.00,200,49950
20211013,10:06,938.00,938.00,938.00,938.00,400,50300
20211013,10:10,936.00,936.00,936.00,936.00,100,50700
20211013,10:14,933.00,933.00,933.00,933.00,150,50750
20211013,10:28,925.00,925.00,925.00,925.00,50,50750
20211013,10:34,924.00,924.00,924.00,924.00,50,50800
20211013,10:55,924.00,924.00,924.00,924.00,1000,50850
20211013,10:56,925.95,925.95,925.95,925.95,50,50850
20211013,10:58,929.05,929.05,929.05,929.05,600,50300
20211013,11:02,920.10,920.10,919.05,919.05,100,50300
20211013,11:03,919.05,919.05,919.05,919.05,100,50300
20211013,11:09,914.00,914.00,914.00,914.00,50,50350
20211013,11:13,912.05,912.05,912.00,912.00,100,50350
20211013,11:18,912.00,912.00,912.00,912.00,200,50300
20211013,11:35,905.00,905.00,905.00,905.00,50,50150
20211013,11:40,905.00,905.00,905.00,905.00,50,50150
20211013,11:48,913.00,913.00,913.00,913.00,50,50150
20211013,11:51,925.00,925.00,925.00,925.00,50,50200
20211013,11:54,924.40,924.40,924.40,924.40,50,50150
20211013,12:01,904.40,904.40,904.40,904.40,50,50150
20211013,12:10,904.40,904.40,904.40,904.40,50,50150
20211013,12:11,901.00,901.00,901.00,901.00,50,50150
20211013,12:18,898.00,898.00,898.00,898.00,50,50250
20211013,12:20,887.05,887.05,887.05,887.05,100,50250
20211013,12:22,881.10,881.10,881.10,881.10,250,50250
20211013,12:24,881.10,888.85,881.10,888.85,650,50100
20211013,12:25,882.35,882.35,882.35,882.35,1900,50100
20211013,12:26,883.85,883.85,883.85,883.85,750,50100
20211013,12:29,898.20,898.20,898.20,898.20,1800,48700
20211013,12:30,880.65,891.25,880.65,891.25,1050,48200
20211013,12:31,893.95,895.20,893.95,895.20,250,48200
20211013,12:32,896.50,896.50,896.50,896.50,50,48200
20211013,12:36,905.05,905.05,905.05,905.05,50,47800
20211013,12:37,907.05,907.05,907.05,907.05,250,47800
20211013,13:01,890.00,890.00,890.00,890.00,50,47500
20211013,13:02,892.45,892.45,892.45,892.45,50,47500
20211013,13:03,898.15,898.15,898.15,898.15,500,47500
20211013,13:04,890.05,890.05,890.05,890.05,50,47100
20211013,13:05,884.45,884.50,884.00,884.00,200,47100
20211013,13:09,884.90,884.90,883.55,883.55,300,47000
20211013,13:11,884.95,884.95,884.70,884.70,250,46800
20211013,13:14,879.45,879.45,879.45,879.45,350,46550
20211013,13:15,879.45,879.45,879.45,879.45,50,46550
20211013,13:19,875.00,875.00,875.00,875.00,50,46300
20211013,13:20,874.40,874.40,874.40,874.40,50,46300
20211013,13:24,866.95,866.95,866.95,866.95,50,46300
20211013,13:37,866.95,866.95,866.95,866.95,50,46300
20211013,13:42,870.10,870.10,870.05,870.05,200,46300
20211013,13:46,865.00,865.00,865.00,865.00,50,46350
20211013,13:47,863.70,863.70,863.70,863.70,250,46350
20211013,13:51,863.70,863.70,863.70,863.70,50,46350
20211013,13:52,860.00,860.00,860.00,860.00,50,46350
20211013,13:53,860.00,860.00,860.00,860.00,50,46350
20211013,13:55,858.85,858.85,858.85,858.85,100,46300
20211013,13:56,858.30,858.30,858.30,858.30,100,46300
20211013,13:58,862.00,862.00,862.00,862.00,50,46300
20211013,13:59,862.00,862.00,862.00,862.00,1000,46300
20211013,14:02,870.00,870.00,870.00,870.00,50,46550
20211013,14:08,874.00,874.00,874.00,874.00,50,46600
20211013,14:11,879.85,879.85,879.85,879.85,50,46550
20211013,14:16,858.85,858.85,858.85,858.85,550,46500
20211013,14:17,860.05,860.05,860.05,860.05,100,46500
20211013,14:18,866.00,866.00,862.00,862.00,200,46550
20211013,14:24,860.25,860.25,860.25,860.25,100,46650
20211013,14:25,860.00,860.00,860.00,860.00,50,46750
20211013,14:36,871.00,871.00,871.00,871.00,250,46800
20211013,14:38,867.90,867.90,867.90,867.90,50,46700
20211013,14:47,864.10,864.10,864.10,864.10,50,46700
20211013,14:56,867.30,867.30,867.30,867.30,100,46700
20211013,14:57,869.35,870.00,869.35,870.00,100,46700
20211013,14:58,868.00,868.00,868.00,868.00,50,46900
20211013,15:01,875.00,875.00,875.00,875.00,50,46950
20211013,15:02,872.80,872.80,872.80,872.80,50,46950
20211013,15:10,879.00,883.50,879.00,883.50,1050,46950
20211013,15:18,880.00,880.00,880.00,880.00,50,46350
20211013,15:19,883.10,883.10,883.10,883.10,50,46350
20211013,15:21,885.35,885.35,885.35,885.35,50,46350
20211013,15:23,886.00,886.25,886.00,886.25,150,46300
20211013,15:25,886.25,886.25,886.25,886.25,50,46300
20211013,15:26,882.65,882.65,882.65,882.65,50,46300
20211013,15:28,883.40,884.80,875.05,875.05,900,46350
20211014,09:16,818.15,818.15,818.15,818.15,101,46100
20211014,09:17,811.35,811.35,811.35,811.35,50,46100
20211014,09:21,805.00,805.00,800.35,800.35,100,46100
20211014,09:22,800.35,800.35,800.00,800.00,100,46100
20211014,09:23,800.00,800.00,799.15,799.15,100,46100
20211014,09:26,799.15,799.15,799.15,799.15,50,46100
20211014,09:27,819.15,819.15,815.95,815.95,950,46200
20211014,09:28,811.00,811.00,805.35,805.35,300,46200
20211014,09:31,802.30,802.30,802.30,802.30,300,46650
20211014,09:34,820.45,820.45,820.45,820.45,50,46650
20211014,09:35,820.45,820.45,820.45,820.45,50,46650
20211014,09:36,809.15,809.15,809.15,809.15,50,46600
20211014,09:38,809.00,809.00,809.00,809.00,50,46600
20211014,09:39,811.00,811.00,810.10,810.10,100,46600
20211014,09:41,817.95,817.95,817.95,817.95,100,46800
20211014,09:44,818.00,818.00,818.00,818.00,50,46800
20211014,09:48,810.60,811.55,810.60,811.55,550,46850
20211014,09:49,810.00,810.00,810.00,810.00,100,46850
20211014,09:50,805.00,805.00,805.00,805.00,50,46850
20211014,09:52,802.80,802.80,802.80,802.80,200,47450
20211014,09:53,809.00,809.00,809.00,809.00,100,47450
20211014,09:54,811.00,811.00,811.00,811.00,250,47650
20211014,09:58,806.25,806.25,806.25,806.25,50,47900
20211014,09:59,802.00,802.00,802.00,802.00,700,47950
20211014,10:00,802.00,802.00,802.00,802.00,250,47950
20211014,10:02,802.00,802.00,802.00,802.00,100,47950
20211014,10:04,802.00,802.05,802.00,802.00,800,47150
20211014,10:05,802.00,802.00,800.00,800.00,200,46800
20211014,10:06,800.00,800.00,800.00,800.00,100,46800
20211014,10:08,800.00,800.00,800.00,800.00,50,46800
20211014,10:09,800.00,800.00,800.00,800.00,1600,46750
20211014,10:10,797.00,797.00,797.00,797.00,500,46750
20211014,10:13,797.00,801.95,797.00,801.95,150,45700
20211014,10:14,801.95,802.00,800.00,800.00,700,46350
20211014,10:15,801.05,801.05,801.05,801.05,50,46350
20211014,10:16,803.00,803.00,803.00,803.00,550,46350
20211014,10:20,807.50,807.50,807.50,807.50,50,46950
20211014,10:22,808.05,808.05,808.05,808.05,400,46950
20211014,10:26,800.50,800.50,800.50,800.50,50,47000
20211014,10:29,800.00,800.00,800.00,800.00,500,47000
20211014,10:33,800.00,800.00,800.00,800.00,50,47500
20211014,10:36,803.00,803.00,800.00,803.00,1000,47550
20211014,10:40,800.95,800.95,800.95,800.95,50,48550
20211014,10:41,800.80,800.80,800.80,800.80,50,48550
20211014,10:43,796.00,796.00,796.00,796.00,250,48600
20211014,10:44,796.00,796.00,796.00,796.00,250,48600
20211014,10:45,795.70,795.70,795.70,795.70,50,49100
20211014,10:48,795.00,800.45,795.00,795.00,1600,49100
20211014,10:50,795.35,795.35,795.35,795.35,50,48950
20211014,10:54,795.00,795.00,795.00,795.00,3050,49000
20211014,11:00,790.05,790.05,790.05,790.05,50,46100
20211014,11:01,790.00,790.00,790.00,790.00,200,46100
20211014,11:02,790.00,790.00,790.00,790.00,1750,46100
20211014,11:03,779.00,779.00,779.00,779.00,1000,45100
20211014,11:04,779.00,781.00,779.00,781.00,2000,45100
20211014,11:14,781.00,781.00,781.00,781.00,350,47450
20211014,11:17,779.10,779.10,776.75,776.75,150,47450
20211014,11:18,776.05,776.05,776.05,776.05,50,47500
20211014,11:20,776.00,776.00,775.00,775.00,100,47500
20211014,11:22,772.45,772.45,772.45,772.45,50,47600
20211014,11:23,768.10,768.10,768.10,768.10,100,47600
20211014,11:24,767.60,767.60,767.60,767.60,100,47550
20211014,11:29,768.00,768.00,768.00,768.00,50,47600
20211014,11:30,766.00,766.00,766.00,766.00,250,47600
20211014,11:32,762.70,762.70,762.70,762.70,50,47600
20211014,11:33,760.90,760.90,760.90,760.90,200,47650
20211014,11:37,760.90,760.90,760.90,760.90,50,47750
20211014,11:38,764.40,764.40,764.40,764.40,750,47750
20211014,11:40,770.00,770.00,769.90,769.90,100,48500
20211014,11:43,768.00,768.00,768.00,768.00,100,48550
20211014,11:44,765.10,765.25,764.50,765.25,250,48550
20211014,11:55,763.00,763.00,763.00,763.00,50,48550
20211014,11:58,763.80,769.25,763.80,769.25,150,48600
20211014,12:02,758.75,758.75,758.75,758.75,500,48700
20211014,12:03,758.75,764.20,758.75,764.20,250,49200
20211014,12:05,769.90,769.90,769.90,769.90,100,49200
20211014,12:06,766.00,766.00,766.00,766.00,50,49200
20211014,12:09,766.00,766.00,766.00,766.00,50,49200
20211014,12:16,763.20,767.20,763.20,767.20,100,49250
20211014,12:19,770.00,770.00,770.00,770.00,200,49250
20211014,12:20,769.00,769.00,769.00,769.00,50,49250
20211014,12:31,771.65,771.65,771.65,771.65,50,49200
20211014,12:35,771.65,774.70,771.65,774.70,300,49250
20211014,12:43,770.00,770.00,770.00,770.00,50,49250
20211014,12:44,767.45,769.95,767.45,769.95,100,49350
20211014,12:46,767.30,767.30,767.30,767.30,100,49400
20211014,12:47,767.30,767.30,767.30,767.30,100,49400
20211014,12:49,770.75,771.00,770.40,770.40,200,49550
20211014,12:50,770.50,770.50,770.50,770.50,50,49550
20211014,12:51,775.00,775.00,775.00,775.00,50,49650
20211014,12:52,776.00,776.00,776.00,776.00,100,49650
20211014,13:01,778.00,778.00,775.55,775.55,200,49700
20211014,13:02,778.00,785.20,778.00,785.20,300,49700
20211014,13:10,776.75,776.75,776.75,776.75,200,50150
20211014,13:11,776.10,778.10,776.10,778.10,400,50150
20211014,13:12,775.35,775.35,773.05,773.05,200,50850
20211014,13:16,775.00,775.00,775.00,775.00,300,50900
20211014,13:19,783.70,783.70,783.70,783.70,50,50900
20211014,13:26,782.15,782.15,782.15,782.15,50,50850
20211014,13:27,785.70,785.70,785.70,785.70,50,50900
20211014,13:30,795.00,795.00,795.00,795.00,50,50900
20211014,13:32,790.00,790.00,790.00,790.00,100,50900
20211014,13:37,782.00,782.00,782.00,782.00,100,51050
20211014,13:38,776.45,776.45,776.45,776.45,150,51050
20211014,13:40,768.00,771.15,768.00,771.15,200,51100
20211014,13:42,771.15,771.15,771.15,771.15,200,51100
20211014,13:43,761.90,763.80,761.90,763.80,300,51200
20211014,13:45,759.35,759.35,757.30,757.30,150,51200
20211014,13:46,757.30,757.30,757.30,757.30,50,51200
20211014,13:47,761.00,761.00,761.00,761.00,50,51200
20211014,13:48,758.20,758.20,754.45,754.45,350,51200
20211014,13:49,754.45,754.45,754.45,754.45,100,51200
20211014,14:01,758.00,758.55,756.95,758.55,200,51300
20211014,14:03,758.00,758.00,758.00,758.00,50,51300
20211014,14:05,755.85,758.15,755.85,758.15,650,51350
20211014,14:06,757.20,757.20,757.20,757.20,50,51350
20211014,14:07,758.95,758.95,758.95,758.95,50,51500
20211014,14:08,760.00,761.80,760.00,761.80,250,51500
20211014,14:09,758.30,758.30,758.00,758.00,200,51500
20211014,14:10,759.05,759.05,759.05,759.05,100,51600
20211014,14:11,760.00,760.00,756.05,756.05,200,51600
20211014,14:13,756.00,756.00,756.00,756.00,100,51650
20211014,14:14,756.60,756.60,756.60,756.60,50,51650
20211014,14:15,756.00,756.00,756.00,756.00,50,51650
20211014,14:16,756.00,756.00,756.00,756.00,850,51750
20211014,14:18,750.90,750.90,749.40,749.40,250,52050
20211014,14:21,749.15,749.15,749.15,749.15,100,52050
20211014,14:22,749.15,754.10,749.15,754.10,300,52000
20211014,14:24,749.05,749.05,749.05,749.05,200,52000
20211014,14:26,748.95,750.70,748.95,750.70,250,51900
20211014,14:27,752.00,752.00,752.00,752.00,50,51900
20211014,14:36,752.45,752.45,752.45,752.45,50,52050
20211014,14:37,753.30,754.25,753.30,754.25,150,52100
20211014,14:38,753.30,753.30,753.30,753.30,100,52100
20211014,14:39,758.00,758.00,758.00,758.00,400,52500
20211014,14:40,755.00,755.95,755.00,755.95,300,52500
20211014,14:41,757.80,759.05,757.80,759.05,150,52500
20211014,14:42,760.15,760.15,760.15,760.15,100,52500
20211014,14:45,760.15,760.15,760.15,760.15,50,53150
20211014,14:48,755.00,755.00,755.00,755.00,400,53200
20211014,14:49,752.00,752.05,751.65,752.05,400,53300
20211014,14:50,751.55,751.55,750.20,751.45,650,53300
20211014,14:52,749.70,749.70,748.40,748.40,1000,53600
20211014,14:53,748.40,749.35,748.40,749.00,300,53600
20211014,14:54,748.70,748.70,748.70,748.70,50,53600
20211014,14:56,743.15,743.15,743.15,743.15,400,53800
20211014,14:57,743.00,743.00,743.00,743.00,250,53800
20211014,14:58,744.40,744.40,744.20,744.20,300,53800
20211014,14:59,746.20,746.20,745.50,745.55,350,53800
20211014,15:00,745.45,746.90,745.45,746.80,1000,53800
20211014,15:01,746.05,747.40,744.60,744.60,450,54300
20211014,15:03,745.35,745.35,744.65,744.65,100,54400
20211014,15:04,743.30,744.65,742.00,742.00,150,54400
20211014,15:05,740.00,740.00,730.70,735.00,2200,54400
20211014,15:06,733.90,733.90,733.90,733.90,200,54400
20211014,15:07,735.00,735.00,735.00,735.00,50,55700
20211014,15:09,734.00,737.20,734.00,737.20,150,55700
20211014,15:10,737.20,737.20,737.20,737.20,100,55600
20211014,15:11,735.00,735.00,735.00,735.00,50,55600
20211014,15:12,739.05,739.05,739.05,739.05,550,55600
20211014,15:13,733.10,733.10,732.00,732.00,250,55600
20211014,15:14,730.00,731.15,730.00,730.10,850,55600
20211014,15:15,730.45,730.95,730.45,730.95,200,55600
20211014,15:16,730.10,730.10,729.00,729.00,550,56600
20211014,15:17,725.90,725.90,724.70,724.70,150,56600
20211014,15:18,724.70,727.10,724.70,726.65,350,56600
20211014,15:19,726.65,726.90,726.65,726.90,300,57100
20211014,15:20,729.00,729.05,729.00,729.00,1050,57100
20211014,15:21,729.00,729.00,729.00,729.00,50,57100
20211014,15:22,739.90,739.90,739.90,739.90,50,57700
20211014,15:23,736.90,736.90,736.90,736.90,300,57700
20211014,15:24,740.90,740.90,739.00,739.00,400,57700
20211014,15:25,734.85,739.00,734.85,738.65,500,58000
20211014,15:27,741.55,741.55,741.55,741.55,50,58000
20211014,15:28,738.65,741.00,737.50,741.00,250,58150
20211014,15:29,736.00,736.00,731.15,731.15,350,58150
20211018,09:15,664.05,674.65,664.00,674.65,402,58150
20211018,09:16,661.85,684.60,661.85,684.00,1750,58150
20211018,09:17,685.00,685.00,676.05,676.05,800,59150
20211018,09:18,679.00,679.00,674.05,678.90,750,59150
20211018,09:21,675.05,677.05,675.00,675.00,300,59300
20211018,09:22,671.00,671.00,660.15,660.15,650,59300
20211018,09:23,660.10,660.10,642.55,642.55,450,59400
20211018,09:24,648.40,648.40,648.40,648.40,100,59400
20211018,09:25,651.65,651.65,647.90,650.80,600,59400
20211018,09:26,644.70,644.70,644.70,644.70,100,59650
20211018,09:27,645.05,650.20,645.05,650.20,350,59650
20211018,09:28,651.00,651.00,646.00,646.00,1150,59650
20211018,09:29,643.60,645.00,641.00,641.00,250,59600
20211018,09:30,650.00,650.00,648.75,650.00,200,59600
20211018,09:32,656.85,656.85,656.85,656.85,50,59850
20211018,09:33,660.00,660.00,655.15,658.10,1300,59850
20211018,09:34,660.00,660.00,660.00,660.00,200,59850
20211018,09:36,659.95,659.95,650.00,652.00,850,59750
20211018,09:37,652.00,652.00,652.00,652.00,50,59750
20211018,09:38,651.90,651.90,649.00,650.55,1050,59950
20211018,09:39,654.00,657.00,654.00,655.60,400,59950
20211018,09:40,655.15,655.15,655.15,655.15,100,59950
20211018,09:41,660.00,660.00,655.75,655.75,200,59950
20211018,09:42,655.55,655.55,655.55,655.55,50,61550
20211018,09:43,655.15,655.15,655.15,655.15,100,61550
20211018,09:44,667.00,667.00,667.00,667.00,50,61550
20211018,09:45,668.00,668.00,662.50,662.50,750,61650
20211018,09:46,662.50,670.00,662.50,664.05,950,61650
20211018,09:47,669.15,669.15,669.15,669.15,50,61650
20211018,09:48,660.05,661.00,660.00,660.00,300,61650
20211018,09:49,660.00,661.00,660.00,660.00,600,61650
20211018,09:50,654.00,661.10,652.00,661.10,450,62050
20211018,09:51,656.00,656.00,655.05,655.05,250,62050
20211018,09:52,660.00,660.00,660.00,660.00,50,62050
20211018,09:53,661.50,663.15,661.50,663.15,400,62050
20211018,09:54,665.00,665.00,665.00,665.00,400,62500
20211018,09:55,667.10,667.10,667.10,667.10,250,62500
20211018,09:57,667.00,667.00,667.00,667.00,200,63000
20211018,09:59,674.00,674.00,674.00,674.00,150,63300
20211018,10:01,665.70,671.90,664.00,664.15,350,63300
20211018,10:02,669.00,670.00,669.00,670.00,100,63450
20211018,10:03,662.25,670.00,662.25,670.00,350,63450
20211018,10:05,666.85,666.85,662.00,662.00,250,63500
20211018,10:07,662.00,662.00,660.00,660.00,150,63500
20211018,10:08,660.30,660.30,658.00,658.00,300,63500
20211018,10:09,668.00,668.00,667.20,667.20,150,63650
20211018,10:10,660.00,660.00,660.00,660.00,250,63650
20211018,10:12,660.00,660.00,659.20,659.20,100,63950
20211018,10:13,658.55,659.20,658.55,659.20,250,63950
20211018,10:14,659.20,659.20,651.10,651.10,200,64350
20211018,10:15,650.90,657.30,650.90,657.30,150,64350
20211018,10:16,650.90,655.00,650.90,655.00,350,64350
20211018,10:17,654.50,656.75,654.10,656.75,250,64700
20211018,10:18,656.85,656.85,656.85,656.85,1050,64700
20211018,10:19,657.15,658.75,657.15,658.75,600,64700
20211018,10:20,659.55,660.40,656.60,656.60,500,65500
20211018,10:21,657.50,658.90,655.95,655.95,650,65500
20211018,10:23,657.10,660.75,657.10,660.75,650,65350
20211018,10:24,658.00,658.75,658.00,658.00,150,65350
20211018,10:25,657.40,657.40,657.40,657.40,50,65350
20211018,10:28,656.60,656.60,654.50,654.80,150,65300
20211018,10:29,654.80,655.85,654.80,655.85,150,65350
20211018,10:30,657.40,658.00,657.40,658.00,150,65350
20211018,10:32,660.20,660.20,657.85,657.85,1100,65600
20211018,10:33,657.85,657.85,653.80,654.80,200,65600
20211018,10:34,654.00,656.00,653.00,656.00,450,65600
20211018,10:35,654.70,656.20,654.60,655.15,650,66600
20211018,10:36,654.00,654.00,654.00,654.00,500,66600
20211018,10:37,653.00,653.40,651.00,651.00,3100,66600
20211018,10:38,650.00,651.10,649.00,650.00,800,70850
20211018,10:39,648.55,648.55,648.55,648.55,50,70850
20211018,10:40,648.15,649.90,648.15,649.85,150,70850
20211018,10:41,651.05,653.55,651.05,653.45,300,71300
20211018,10:43,652.45,657.50,652.45,657.10,400,71300
20211018,10:44,657.00,657.00,656.65,656.65,400,71300
20211018,10:45,655.85,655.85,655.85,655.85,50,71850
20211018,10:46,654.00,654.00,654.00,654.00,150,71850
20211018,10:48,650.55,650.55,645.00,645.00,150,71750
20211018,10:50,642.60,642.60,641.00,641.60,150,71750
20211018,10:52,643.60,643.60,643.60,643.60,50,71750
20211018,10:53,644.00,646.30,644.00,646.30,150,71700
20211018,10:54,649.00,649.00,649.00,649.00,50,71700
20211018,10:56,646.45,646.45,646.45,646.45,50,71700
20211018,10:57,645.30,645.30,645.30,645.30,100,71850
20211018,10:58,651.00,654.05,651.00,654.05,300,71850
20211018,10:59,654.65,654.65,654.65,654.65,50,71850
20211018,11:00,653.00,654.90,653.00,654.90,100,71850
20211018,11:01,657.60,657.60,657.60,657.60,200,71850
20211018,11:02,657.40,658.55,655.30,655.30,200,72100
20211018,11:04,653.30,653.30,649.75,649.75,200,72100
20211018,11:05,649.45,649.45,649.40,649.40,100,72100
20211018,11:06,649.10,649.10,647.95,647.95,500,72250
20211018,11:07,648.15,648.15,648.05,648.05,100,72250
20211018,11:08,651.65,651.65,651.65,651.65,1000,72250
20211018,11:09,648.05,650.00,646.00,650.00,1100,73150
20211018,11:10,648.70,649.45,648.30,649.45,250,73150
20211018,11:11,649.45,649.45,649.45,649.45,100,73150
20211018,11:13,653.95,654.00,653.95,654.00,1150,72800
20211018,11:14,654.00,654.45,653.25,653.25,350,73150
20211018,11:15,656.00,656.00,656.00,656.00,50,73150
20211018,11:16,654.15,654.15,654.15,654.15,50,73150
20211018,11:17,654.70,654.70,654.35,654.35,100,73150
20211018,11:18,657.05,657.05,657.05,657.05,100,73250
20211018,11:22,652.00,652.00,652.00,652.00,50,73250
20211018,11:23,650.00,650.00,650.00,650.00,50,73250
20211018,11:24,650.00,650.00,650.00,650.00,250,73250
20211018,11:25,650.50,650.50,649.00,649.00,800,73250
20211018,11:26,647.00,647.00,647.00,647.00,450,73250
20211018,11:27,646.00,646.00,644.00,644.00,500,74600
20211018,11:32,648.00,648.00,648.00,648.00,200,75100
20211018,11:34,652.00,652.00,652.00,652.00,150,75100
20211018,11:35,652.55,652.55,652.00,652.00,100,75100
20211018,11:36,652.70,652.70,652.00,652.00,250,75050
20211018,11:38,651.00,651.00,651.00,651.00,200,75050
20211018,11:40,652.75,652.75,652.75,652.75,50,75050
20211018,11:41,651.00,651.00,651.00,651.00,200,75050
20211018,11:42,655.00,658.15,655.00,658.15,350,75100
20211018,11:44,655.00,655.00,655.00,655.00,250,75100
20211018,11:46,650.25,650.25,650.25,650.25,750,75450
20211018,11:47,650.25,650.25,650.25,650.25,300,75450
20211018,11:48,650.10,650.10,650.10,650.10,50,75350
20211018,11:49,651.00,652.20,651.00,652.20,200,75350
20211018,11:51,644.00,646.45,644.00,646.45,100,75350
20211018,11:55,648.00,648.00,645.05,645.05,200,75450
20211018,11:58,649.65,649.65,649.65,649.65,250,75450
20211018,12:00,653.30,653.30,653.30,653.30,50,75550
20211018,12:01,654.00,654.00,651.10,651.10,150,75700
20211018,12:05,649.10,649.10,649.10,649.10,50,75400
20211018,12:06,646.70,646.70,646.70,646.70,50,75450
20211018,12:07,647.05,647.05,647.05,647.05,50,75450
20211018,12:08,647.00,647.00,647.00,647.00,150,75450
20211018,12:09,647.00,647.00,647.00,647.00,900,75500
20211018,12:10,646.95,646.95,646.95,646.95,50,75500
20211018,12:11,644.40,644.40,641.55,641.55,150,75500
20211018,12:12,641.30,641.30,641.30,641.30,50,76200
20211018,12:14,644.00,644.00,644.00,644.00,50,76200
20211018,12:17,644.05,644.05,644.05,644.05,50,76150
20211018,12:22,644.55,644.55,644.55,644.55,50,76100
20211018,12:23,644.60,647.00,642.00,642.00,1250,76100
20211018,12:24,643.05,644.10,643.05,644.10,300,77450
20211018,12:25,641.30,641.30,637.00,637.00,500,77450
20211018,12:26,637.00,637.10,634.65,634.65,650,77450
20211018,12:30,638.00,638.00,638.00,638.00,100,78850
20211018,12:31,640.05,640.05,640.05,640.05,250,78850
20211018,12:32,638.40,638.40,638.40,638.40,50,78850
20211018,12:33,637.05,637.05,637.00,637.00,100,79250
20211018,12:34,638.20,638.20,635.00,635.00,250,79250
20211018,12:35,632.10,632.10,632.10,632.10,50,79250
20211018,12:36,626.00,626.00,623.15,624.05,1200,79600
20211018,12:37,625.00,630.30,625.00,627.45,450,79600
20211018,12:38,626.55,626.85,626.55,626.85,100,79600
20211018,12:39,628.80,628.80,628.80,628.80,100,79600
20211018,12:40,628.65,628.65,628.65,628.65,50,81200
20211018,12:41,631.50,631.50,631.50,631.50,250,81200
20211018,12:42,633.00,633.65,633.00,633.00,1550,81300
20211018,12:43,624.60,627.30,624.60,627.30,1450,81300
20211018,12:44,632.00,632.00,627.30,627.30,1350,81300
20211018,12:46,620.00,620.00,620.00,620.00,1300,81600
20211018,12:47,620.00,620.00,620.00,620.00,50,81600
20211018,12:49,620.00,620.00,615.75,615.75,150,81350
20211018,12:50,615.75,619.35,615.75,619.35,250,81350
20211018,12:51,621.30,626.00,621.25,626.00,700,81550
20211018,12:52,623.55,625.30,623.55,623.60,500,81550
20211018,12:53,627.45,630.30,627.45,630.30,300,81550
20211018,12:54,625.70,626.20,625.70,625.70,200,82250
20211018,12:55,628.05,631.40,627.95,628.30,350,82250
20211018,12:58,638.35,640.00,637.65,637.65,150,82250
20211018,13:01,634.45,635.15,634.45,635.15,100,82350
20211018,13:02,630.45,630.45,630.45,630.45,50,82350
20211018,13:07,635.30,635.30,635.30,635.30,50,82500
20211018,13:09,643.00,643.00,643.00,643.00,50,82550
20211018,13:12,640.55,640.55,640.55,640.55,50,82550
20211018,13:14,643.85,643.85,643.85,643.85,50,82550
20211018,13:15,640.10,640.10,640.10,640.10,50,82550
20211018,13:16,643.00,643.00,643.00,643.00,50,82650
20211018,13:17,642.65,642.65,642.65,642.65,50,82650
20211018,13:18,644.95,652.20,644.95,652.20,450,82650
20211018,13:19,653.00,653.85,652.00,652.00,550,82650
20211018,13:20,654.45,654.45,654.45,654.45,50,82650
20211018,13:24,649.70,652.80,649.70,652.80,250,81950
20211018,13:26,652.80,652.80,652.80,652.80,50,81950
20211018,13:31,637.30,637.30,637.30,637.30,50,82000
20211018,13:33,637.50,637.50,637.50,637.50,50,82000
20211018,13:34,637.05,637.70,635.00,636.00,2450,82000
20211018,13:35,636.05,636.05,631.65,633.00,1850,82000
20211018,13:36,631.05,637.95,631.05,637.45,2800,85100
20211018,13:37,638.00,641.60,638.00,640.70,900,85100
20211018,13:38,642.10,642.60,638.40,639.15,2250,85100
20211018,13:39,637.70,640.40,637.70,640.40,850,85950
20211018,13:40,638.90,638.95,633.90,635.10,1150,85950
20211018,13:41,634.90,637.40,632.20,637.40,900,85950
20211018,13:42,633.00,639.10,633.00,636.45,2050,87550
20211018,13:43,635.20,639.45,635.20,638.55,900,87550
20211018,13:44,638.20,639.20,637.25,637.25,850,87550
20211018,13:45,635.25,637.35,633.85,637.35,1050,88550
20211018,13:46,637.40,638.20,636.00,638.20,950,88550
20211018,13:47,640.10,644.50,640.10,643.05,900,88550
20211018,13:48,641.35,643.20,641.35,642.60,850,87700
20211018,13:49,641.80,641.95,638.70,638.90,850,87700
20211018,13:50,639.85,639.95,638.80,639.30,1000,87700
20211018,13:51,639.10,639.10,632.70,633.35,1050,89050
20211018,13:52,632.90,635.00,632.90,633.45,1800,89050
20211018,13:53,633.50,635.10,632.95,633.50,900,89050
20211018,13:54,634.20,636.25,633.90,636.25,900,91400
20211018,13:55,636.30,636.30,634.05,635.95,950,91400
20211018,13:56,637.45,637.55,633.50,633.60,900,91400
20211018,13:57,635.70,638.00,635.70,638.00,850,92950
20211018,13:58,637.55,637.60,635.70,636.00,900,92950
20211018,13:59,635.95,637.10,633.00,634.80,850,92950
20211018,14:00,636.50,636.55,630.55,630.55,950,92950
20211018,14:01,631.85,631.85,628.40,631.75,1150,92950
20211018,14:02,631.80,632.50,631.00,632.45,900,92950
20211018,14:03,631.40,637.80,631.35,637.50,1000,95000
20211018,14:04,637.55,637.80,633.45,633.45,1200,95000
20211018,14:05,632.00,632.00,627.50,630.85,1200,95000
20211018,14:06,630.80,636.95,630.80,634.55,850,95450
20211018,14:07,634.55,634.70,630.50,633.90,1050,95450
20211018,14:08,633.95,634.00,629.70,630.45,950,95450
20211018,14:09,632.00,632.05,628.15,630.40,950,95150
20211018,14:10,631.50,634.50,631.50,632.80,1100,95150
20211018,14:11,633.95,636.60,633.05,635.90,950,95150
20211018,14:12,636.75,636.95,631.25,632.65,1550,95700
20211018,14:13,632.70,637.00,631.80,636.95,1250,95700
20211018,14:14,636.40,637.00,633.80,634.40,900,95700
20211018,14:15,634.45,634.45,631.05,634.15,1100,95950
20211018,14:16,635.00,636.25,632.35,636.25,1250,95950
20211018,14:17,636.30,637.20,636.00,636.00,900,95950
20211018,14:18,636.55,639.05,636.25,639.05,850,97350
20211018,14:19,639.45,640.00,636.45,636.50,1200,97350
20211018,14:20,635.95,639.90,634.75,639.90,1700,97350
20211018,14:21,639.30,639.30,637.50,638.45,800,99600
20211018,14:22,639.55,641.00,639.55,639.90,1600,99600
20211018,14:23,639.95,639.95,635.00,637.55,900,99600
20211018,14:24,637.45,641.40,637.45,638.60,900,101350
20211018,14:25,641.90,642.65,637.20,642.00,1050,101350
20211018,14:26,641.05,641.80,640.35,641.80,900,101350
20211018,14:27,641.30,643.90,638.05,638.05,950,103850
20211018,14:28,640.50,644.15,640.50,643.00,950,103850
20211018,14:29,642.25,642.80,640.85,641.50,850,103850
20211018,14:30,642.00,642.15,640.60,640.60,900,104200
20211018,14:31,639.90,641.40,639.45,640.00,950,104200
20211018,14:32,640.05,643.50,640.05,642.95,900,104200
20211018,14:33,642.00,643.55,640.10,640.15,950,104950
20211018,14:34,641.00,641.00,640.75,641.00,1150,104950
20211018,14:35,642.85,643.10,641.50,641.55,900,104950
20211018,14:36,640.90,640.90,636.00,640.00,1850,107450
20211018,14:37,638.00,638.00,632.70,636.00,1950,107450
20211018,14:38,636.50,638.30,636.50,638.30,800,107450
20211018,14:39,639.65,641.00,635.00,640.00,1900,107350
20211018,14:40,640.10,641.00,632.00,641.00,2000,107350
20211018,14:41,641.70,643.70,639.00,641.95,2000,107350
20211018,14:42,642.00,646.00,641.95,646.00,1850,109850
20211018,14:43,645.05,653.80,645.05,653.80,1000,109850
20211018,14:44,653.00,654.45,651.85,652.55,900,109850
20211018,14:45,653.70,657.25,653.70,654.50,950,110850
20211018,14:46,651.65,653.50,649.95,653.50,1200,110850
20211018,14:47,653.85,655.50,648.55,648.55,1650,110850
20211018,14:48,650.85,651.50,646.45,651.00,950,113350
20211018,14:49,649.95,651.60,648.95,651.60,900,113350
20211018,14:50,652.00,654.20,651.35,651.35,1000,113350
20211018,14:51,648.55,655.55,648.55,655.55,1050,114550
20211018,14:52,655.85,655.90,649.65,655.00,950,114550
20211018,14:53,656.55,656.65,653.00,653.00,1000,114550
20211018,14:54,654.50,654.50,651.00,651.00,1050,116750
20211018,14:55,651.00,652.60,646.10,646.10,1000,116750
20211018,14:56,646.15,648.00,644.90,648.00,900,116750
20211018,14:57,647.95,648.75,644.45,648.00,950,117500
20211018,14:58,647.95,649.95,645.50,645.50,950,117500
20211018,14:59,643.50,645.15,640.00,644.40,1600,117500
20211018,15:00,641.65,641.95,641.65,641.95,100,116650
20211018,15:01,642.00,642.80,642.00,642.80,150,116650
20211018,15:02,649.00,649.00,644.50,647.95,1400,116650
20211018,15:04,646.85,646.85,646.85,646.85,50,117650
20211018,15:05,647.50,649.95,647.50,649.95,100,117650
20211018,15:06,650.30,652.00,648.85,648.85,250,116250
20211018,15:07,648.20,650.00,648.20,650.00,650,116250
20211018,15:08,649.25,649.45,649.25,649.45,100,116250
20211018,15:09,651.25,651.25,651.25,651.25,50,116300
20211018,15:11,650.45,654.90,650.45,654.90,400,116300
20211018,15:12,656.00,656.00,656.00,656.00,100,116350
20211018,15:15,654.20,655.70,654.20,655.70,150,115700
20211018,15:16,657.00,657.00,657.00,657.00,50,115700
20211018,15:17,656.70,656.70,656.70,656.70,50,115700
20211018,15:18,656.95,656.95,656.95,656.95,50,115700
20211018,15:19,659.00,659.00,659.00,659.00,100,115700
20211018,15:20,659.10,660.90,659.10,660.90,600,115700
20211018,15:21,660.00,661.90,660.00,661.90,600,116000
20211018,15:22,658.35,658.35,658.35,658.35,250,116000
20211018,15:23,655.00,655.00,655.00,655.00,50,116000
20211018,15:24,652.45,652.45,649.85,651.35,200,116100
20211018,15:25,654.85,656.00,654.85,655.00,500,116100
20211018,15:26,654.55,657.25,654.55,657.25,100,116100
20211018,15:27,658.20,658.55,658.00,658.55,150,116100
20211018,15:29,658.00,658.35,658.00,658.00,550,116500
20211019,09:15,615.05,615.05,615.00,615.00,202,116350
20211019,09:16,620.00,621.95,610.70,620.00,1450,116350
20211019,09:17,623.35,623.35,615.05,615.05,500,117100
20211019,09:18,614.00,614.00,614.00,614.00,150,117100
20211019,09:19,612.00,612.00,606.90,608.00,1400,117100
20211019,09:20,610.00,613.45,610.00,613.45,100,118050
20211019,09:21,613.45,613.45,613.45,613.45,50,118050
20211019,09:23,612.00,612.00,610.00,610.00,550,118650
20211019,09:25,608.35,608.35,608.00,608.00,100,118650
20211019,09:26,604.10,604.10,604.10,604.10,100,118650
20211019,09:27,603.90,603.90,600.85,600.85,750,118850
20211019,09:28,600.85,602.00,600.85,602.00,300,118850
20211019,09:29,600.05,600.05,598.70,598.70,650,119800
20211019,09:30,599.95,602.00,598.00,598.00,1300,119800
20211019,09:31,598.00,602.85,598.00,602.85,1500,119800
20211019,09:32,601.85,602.80,601.85,602.80,850,120800
20211019,09:33,605.00,605.65,603.45,605.65,500,120800
20211019,09:34,607.10,607.10,601.00,601.00,1200,120800
20211019,09:35,602.50,604.10,602.15,604.10,450,120800
20211019,09:36,604.30,608.80,604.30,608.80,400,122100
20211019,09:37,608.60,609.75,608.60,608.80,250,122100
20211019,09:38,608.00,608.00,607.75,607.75,700,122800
20211019,09:39,607.10,608.85,607.10,608.85,300,122800
20211019,09:40,608.90,608.90,607.05,607.05,150,122800
20211019,09:41,606.00,606.00,603.95,603.95,300,122700
20211019,09:42,602.55,603.00,602.50,602.50,950,122700
20211019,09:43,604.00,604.00,602.05,603.05,250,122700
20211019,09:44,602.60,603.55,602.60,603.55,150,122700
20211019,09:45,603.95,603.95,602.00,602.00,200,122700
20211019,09:46,601.30,601.30,600.00,600.00,1450,122700
20211019,09:47,603.40,603.40,603.40,603.40,50,122700
20211019,09:49,601.80,601.80,601.00,601.00,100,123050
20211019,09:50,600.00,600.35,600.00,600.35,550,123400
20211019,09:51,599.05,599.05,596.10,596.10,600,123400
20211019,09:52,596.10,597.95,596.10,597.95,150,123400
20211019,09:53,593.15,593.15,592.25,592.25,300,124000
20211019,09:54,592.25,593.80,592.00,592.00,1050,124000
20211019,09:55,592.00,592.00,592.00,592.00,500,124000
20211019,09:56,594.10,595.80,594.10,595.80,100,125500
20211019,09:57,595.75,596.70,594.15,594.15,900,125500
20211019,09:58,594.65,599.00,594.35,599.00,250,125500
20211019,09:59,600.80,601.05,600.80,601.05,300,125500
20211019,10:00,605.00,608.35,602.35,606.00,750,125350
20211019,10:01,611.00,611.00,611.00,611.00,200,125350
20211019,10:02,612.65,612.65,607.45,608.85,350,125350
20211019,10:03,612.55,618.00,612.55,618.00,450,125800
20211019,10:04,635.50,645.00,634.35,645.00,1100,125800
20211019,10:05,650.00,666.20,650.00,664.05,1100,125800
20211019,10:06,665.10,665.10,653.00,653.50,1950,125800
20211019,10:07,653.95,693.50,653.95,693.50,1500,125800
20211019,10:08,693.50,693.50,674.95,679.35,400,126900
20211019,10:09,698.95,699.80,694.80,695.05,1650,126900
20211019,10:10,702.35,702.35,685.85,686.85,350,126900
20211019,10:11,679.95,686.85,675.95,686.85,250,126150
20211019,10:12,690.65,694.65,678.85,678.85,350,126150
20211019,10:13,682.00,682.00,667.55,667.55,500,126150
20211019,10:14,678.50,678.50,677.95,677.95,150,126150
20211019,10:15,676.55,676.55,676.55,676.55,50,126250
20211019,10:16,689.00,689.00,689.00,689.00,50,126250
20211019,10:17,671.60,671.60,665.00,665.00,100,126200
20211019,10:19,641.65,641.65,641.65,641.65,50,126200
20211019,10:20,638.15,651.20,638.15,651.20,250,126150
20211019,10:21,660.00,660.00,660.00,660.00,50,126150
20211019,10:22,665.00,665.00,665.00,665.00,50,126150
20211019,10:23,664.00,664.00,664.00,664.00,300,126250
20211019,10:24,664.00,667.95,660.60,660.60,350,126250
20211019,10:25,660.00,660.00,660.00,660.00,50,126250
20211019,10:26,652.45,652.45,651.85,651.85,100,126250
20211019,10:28,654.75,654.75,650.00,650.00,300,126750
20211019,10:29,645.80,645.80,643.00,645.00,500,127300
20211019,10:30,638.50,638.50,636.90,636.90,250,127300
20211019,10:32,644.45,648.00,644.45,648.00,100,127250
20211019,10:33,650.05,650.05,650.05,650.05,50,127250
20211019,10:34,650.05,650.05,650.05,650.05,50,127250
20211019,10:35,650.00,650.00,650.00,650.00,50,127250
20211019,10:40,636.95,636.95,636.95,636.95,100,127350
20211019,10:41,636.90,636.90,633.30,633.30,250,127350
20211019,10:42,631.00,631.95,629.10,629.60,250,127450
20211019,10:43,625.00,625.00,625.00,625.00,50,127450
20211019,10:44,626.00,631.00,626.00,631.00,100,127550
20211019,10:45,632.00,635.25,630.90,635.25,200,127550
20211019,10:46,631.30,631.30,631.30,631.30,50,127550
20211019,10:48,625.00,625.75,622.00,625.75,650,127750
20211019,10:51,623.00,623.00,616.40,616.40,850,127300
20211019,10:53,621.00,621.00,621.00,621.00,50,127300
20211019,10:54,616.40,616.40,615.20,615.20,100,127700
20211019,10:55,621.75,621.75,621.75,621.75,50,127700
20211019,10:56,627.75,627.75,627.75,627.75,50,127700
20211019,10:57,626.10,626.10,626.10,626.10,50,127700
20211019,10:58,620.00,620.00,620.00,620.00,100,127700
20211019,11:02,616.65,616.65,616.00,616.00,300,127750
20211019,11:09,622.50,622.50,620.05,620.05,100,127750
20211019,11:10,620.00,620.00,620.00,620.00,50,127750
20211019,11:11,622.00,622.00,622.00,622.00,50,127800
20211019,11:15,622.00,622.00,622.00,622.00,50,127800
20211019,11:17,626.00,626.00,626.00,626.00,50,127800
20211019,11:20,616.00,616.00,616.00,616.00,50,127900
20211019,11:22,615.50,615.50,603.40,603.40,400,127950
20211019,11:23,605.00,605.00,605.00,605.00,50,127950
20211019,11:24,605.00,605.00,600.15,600.15,450,127900
20211019,11:25,600.10,600.10,600.10,600.10,50,127900
20211019,11:26,598.00,599.00,598.00,599.00,100,127900
20211019,11:27,602.00,602.00,602.00,602.00,500,128000
20211019,11:28,603.00,603.00,600.95,600.95,100,128000
20211019,11:29,600.15,600.15,599.80,599.80,1100,128000
20211019,11:30,604.00,604.00,604.00,604.00,50,129100
20211019,11:31,604.00,604.00,604.00,604.00,150,129100
20211019,11:32,605.05,605.05,605.05,605.05,50,129100
20211019,11:33,606.00,606.00,606.00,606.00,150,129200
20211019,11:35,606.00,606.00,606.00,606.00,50,129200
20211019,11:36,607.70,607.70,607.70,607.70,50,129450
20211019,11:38,604.00,607.60,603.00,603.85,3050,129450
20211019,11:39,605.45,605.45,605.45,605.45,50,131550
20211019,11:41,611.60,611.60,611.60,611.60,50,131550
20211019,11:42,608.00,608.30,607.55,608.05,1600,131550
20211019,11:43,608.85,610.10,608.85,610.00,1050,131550
20211019,11:44,607.80,607.80,607.80,607.80,50,131550
20211019,11:45,602.55,602.55,601.40,601.50,300,133400
20211019,11:46,601.55,603.15,601.55,602.80,250,133400
20211019,11:47,602.20,602.75,602.20,602.75,100,133400
20211019,11:48,603.00,604.60,603.00,604.60,200,132750
20211019,11:50,604.00,604.00,604.00,604.00,50,132750
20211019,11:52,602.50,602.50,602.50,602.50,50,132750
20211019,11:56,601.50,601.50,601.50,601.50,50,132800
20211019,11:58,599.00,599.00,599.00,599.00,850,132850
20211019,11:59,599.00,599.00,599.00,599.00,250,132850
20211019,12:01,599.85,599.85,599.85,599.85,50,132850
20211019,12:03,598.00,598.00,598.00,598.00,550,132600
20211019,12:04,597.85,597.85,597.85,597.85,50,132600
20211019,12:05,596.05,596.05,594.80,596.00,2050,132600
20211019,12:08,597.50,597.50,597.50,597.50,1350,134750
20211019,12:09,597.45,597.45,592.40,592.40,800,135300
20211019,12:10,592.00,592.00,592.00,592.00,100,135300
20211019,12:11,592.00,594.75,592.00,594.75,1100,135300
20211019,12:12,591.95,594.95,591.95,594.95,300,136350
20211019,12:13,593.25,593.25,592.20,592.20,100,136350
20211019,12:15,592.85,592.85,592.00,592.00,100,136400
20211019,12:16,593.50,593.50,593.50,593.50,250,136400
20211019,12:18,590.90,590.90,588.00,588.00,1450,136500
20211019,12:21,584.00,584.00,584.00,584.00,400,135850
20211019,12:22,584.00,586.05,584.00,584.00,650,135850
20211019,12:24,584.85,584.85,584.85,584.85,100,136700
20211019,12:25,583.20,583.20,583.20,583.20,100,136700
20211019,12:27,583.20,583.20,583.20,583.20,200,136750
20211019,12:28,588.65,588.95,588.65,588.95,100,136750
20211019,12:30,589.00,589.00,586.75,586.75,250,136750
20211019,12:31,589.10,592.00,589.10,591.00,450,136750
20211019,12:32,591.00,591.00,591.00,591.00,150,136750
20211019,12:33,584.00,584.00,584.00,584.00,50,136850
20211019,12:34,580.00,580.00,580.00,580.00,100,136850
20211019,12:37,588.35,588.35,588.35,588.35,100,136900
20211019,12:38,588.35,593.75,588.35,593.75,250,136900
20211019,12:39,595.00,601.95,595.00,601.95,300,136900
20211019,12:40,595.15,595.15,594.80,594.80,100,137150
20211019,12:41,597.15,598.90,597.15,598.90,100,137150
20211019,12:42,600.00,600.00,600.00,600.00,300,137050
20211019,12:43,598.75,598.75,598.75,598.75,50,137050
20211019,12:44,600.00,600.00,600.00,600.00,50,137050
20211019,12:45,600.10,600.10,599.70,599.70,350,137150
20211019,12:46,597.00,597.00,595.50,595.50,800,137150
20211019,12:50,594.85,594.85,594.85,594.85,150,137150
20211019,12:55,585.65,585.65,585.65,585.65,100,137050
20211019,12:57,587.60,588.00,587.30,588.00,150,136950
20211019,12:58,589.10,589.55,589.10,589.55,100,136950
20211019,12:59,590.00,590.00,588.00,588.00,350,136950
20211019,13:02,586.00,586.00,586.00,586.00,50,137300
20211019,13:05,587.85,593.00,587.85,592.00,1650,137300
20211019,13:06,590.20,590.20,590.20,590.20,100,137300
20211019,13:08,592.00,592.00,592.00,592.00,250,138050
20211019,13:09,586.95,587.30,586.85,586.85,200,138300
20211019,13:10,586.85,587.35,586.85,587.35,200,138300
20211019,13:11,586.50,586.65,586.45,586.65,250,138300
20211019,13:15,585.90,585.90,585.90,585.90,50,138400
20211019,13:18,590.00,590.00,590.00,590.00,50,138400
20211019,13:19,593.00,596.30,593.00,596.30,100,138400
20211019,13:22,590.85,590.85,590.85,590.85,50,138400
20211019,13:24,592.80,592.80,592.00,592.00,100,138400
20211019,13:25,590.65,590.65,590.65,590.65,1150,138350
20211019,13:26,590.90,590.90,586.00,586.00,1550,138350
20211019,13:31,586.00,587.00,586.00,587.00,200,138450
20211019,13:33,586.30,586.30,586.30,586.30,100,138450
20211019,13:35,586.25,586.25,586.25,586.25,50,138450
20211019,13:39,586.25,586.25,586.25,586.25,100,138600
20211019,13:40,586.20,586.20,586.20,586.20,50,138600
20211019,13:42,584.35,584.35,584.35,584.35,50,138600
20211019,13:43,586.00,586.00,586.00,586.00,50,138650
20211019,13:44,590.00,590.00,590.00,590.00,50,138650
20211019,13:49,588.00,588.00,588.00,588.00,200,138750
20211019,13:52,590.00,590.00,590.00,590.00,50,138900
20211019,13:54,589.40,589.40,589.40,589.40,100,138900
20211019,13:59,588.00,588.00,588.00,588.00,50,139000
20211019,14:00,600.00,611.55,600.00,611.55,1450,139100
20211019,14:01,610.85,610.85,604.90,608.00,2200,139100
20211019,14:02,608.00,616.50,608.00,616.50,950,139100
20211019,14:03,613.90,613.90,613.45,613.45,400,139100
20211019,14:05,627.05,631.00,626.55,626.55,2400,139000
20211019,14:06,615.00,616.95,615.00,616.95,1400,138650
20211019,14:07,616.95,616.95,610.65,610.65,1900,138650
20211019,14:08,613.00,613.00,611.85,611.85,150,138650
20211019,14:09,614.50,614.50,614.50,614.50,400,138650
20211019,14:10,624.00,624.00,624.00,624.00,500,140400
20211019,14:11,622.80,622.80,618.20,619.10,200,140400
20211019,14:12,619.00,619.00,619.00,619.00,100,140400
20211019,14:13,626.00,629.40,626.00,628.10,300,141000
20211019,14:15,628.00,628.00,626.00,626.00,650,141000
20211019,14:16,622.40,623.00,622.40,623.00,250,141000
20211019,14:21,643.00,645.45,643.00,645.45,300,141950
20211019,14:22,650.00,653.35,649.20,650.95,400,141950
20211019,14:23,650.40,656.95,650.40,656.95,500,141950
20211019,14:24,656.00,664.00,655.25,655.25,1750,141500
20211019,14:25,657.40,657.40,649.00,649.00,800,141500
20211019,14:26,635.15,635.15,635.15,635.15,100,141500
20211019,14:28,633.70,633.70,633.70,633.70,1000,142650
20211019,14:29,622.00,622.00,622.00,622.00,1000,142650
20211019,14:30,633.00,633.00,631.95,631.95,550,142700
20211019,14:32,634.00,634.00,634.00,634.00,200,142700
20211019,14:34,629.35,629.35,629.35,629.35,50,142900
20211019,14:35,631.80,631.80,631.80,631.80,100,142900
20211019,14:37,616.75,616.75,616.20,616.20,100,143000
20211019,14:38,618.00,618.00,618.00,618.00,100,143000
20211019,14:39,620.80,620.80,620.80,620.80,400,143000
20211019,14:40,621.00,623.05,621.00,623.05,150,142950
20211019,14:41,621.90,621.90,621.90,621.90,50,142950
20211019,14:44,636.00,636.00,636.00,636.00,100,143050
20211019,14:46,636.00,636.00,636.00,636.00,1600,142950
20211019,14:50,644.35,644.35,644.35,644.35,50,142100
20211019,14:51,642.60,642.60,642.60,642.60,50,142150
20211019,14:53,643.15,643.20,643.15,643.20,350,142150
20211019,14:54,643.20,649.75,643.20,649.75,900,142150
20211019,14:55,647.10,647.10,647.10,647.10,50,141300
20211019,14:56,646.40,646.40,646.40,646.40,50,141300
20211019,14:59,646.00,646.30,646.00,646.30,400,141300
20211019,15:00,641.20,649.05,641.20,649.05,850,141300
20211019,15:01,653.45,656.00,653.45,656.00,750,141000
20211019,15:02,660.00,665.00,660.00,664.85,1500,141000
20211019,15:04,671.00,671.00,668.10,668.10,250,139500
20211019,15:05,661.00,661.00,661.00,661.00,50,139500
20211019,15:06,666.85,669.90,666.85,669.90,450,139550
20211019,15:07,671.00,673.50,671.00,673.50,250,139550
20211019,15:08,673.40,674.30,673.40,674.30,1050,139550
20211019,15:10,680.00,691.00,680.00,691.00,600,138300
20211019,15:11,695.00,700.00,695.00,700.00,1000,138300
20211019,15:12,704.50,706.45,700.00,706.45,1050,137650
20211019,15:13,706.45,706.45,685.55,696.85,650,137650
20211019,15:15,693.00,693.00,693.00,693.00,50,137900
20211019,15:16,694.00,694.00,692.20,692.20,100,137900
20211019,15:17,700.00,705.00,700.00,705.00,700,137900
20211019,15:18,710.15,710.15,710.15,710.15,100,137900
20211019,15:19,710.15,710.15,699.00,701.65,1600,138050
20211019,15:20,699.80,699.80,690.00,690.00,900,138050
20211019,15:21,670.70,674.25,670.70,674.25,250,137350
20211019,15:22,675.85,675.85,675.85,675.85,200,137350
20211019,15:23,677.15,677.15,674.75,675.00,1050,137350
20211019,15:24,674.00,674.00,674.00,674.00,250,137350
20211019,15:25,675.25,679.20,675.25,677.35,800,137950
20211019,15:26,678.00,678.00,676.00,676.00,1000,137950
20211019,15:28,680.05,680.05,677.55,677.55,200,138200
20211019,15:29,677.55,677.55,675.35,675.35,1200,138200
20211020,09:16,690.00,690.00,690.00,690.00,51,137400
20211020,09:17,715.10,716.00,710.15,710.15,450,137400
20211020,09:18,705.00,705.00,705.00,705.00,50,137150
20211020,09:20,710.00,710.00,709.00,709.60,1100,137100
20211020,09:21,716.00,720.00,716.00,720.00,100,137100
20211020,09:23,730.00,737.80,730.00,737.80,100,137200
20211020,09:24,739.00,745.60,735.65,735.65,650,137200
20211020,09:25,728.05,729.65,728.05,729.65,150,137200
20211020,09:26,725.00,730.00,724.45,730.00,450,136950
20211020,09:27,735.00,739.00,735.00,739.00,400,136950
20211020,09:30,723.00,723.00,723.00,723.00,100,136750
20211020,09:32,710.00,713.35,710.00,713.35,150,136750
20211020,09:33,711.00,711.00,711.00,711.00,150,136750
20211020,09:34,708.25,718.25,708.25,715.80,850,136750
20211020,09:36,715.80,715.80,715.80,715.80,550,136400
20211020,09:37,709.00,709.00,709.00,709.00,200,136400
20211020,09:38,709.00,709.00,709.00,709.00,300,135900
20211020,09:39,702.00,702.00,690.55,690.55,250,135900
20211020,09:40,685.00,685.00,685.00,685.00,600,135900
20211020,09:42,685.00,685.00,685.00,685.00,50,135250
20211020,09:44,705.55,706.55,705.55,706.55,150,135250
20211020,09:45,705.00,708.00,704.00,704.85,1800,135250
20211020,09:46,698.00,698.00,698.00,698.00,50,135250
20211020,09:47,702.25,705.00,702.25,705.00,200,134250
20211020,09:51,702.00,702.00,693.05,696.10,1500,134150
20211020,09:52,700.00,700.00,700.00,700.00,500,134150
20211020,09:54,709.50,709.50,704.55,704.55,550,133300
20211020,09:55,704.55,704.55,704.55,704.55,50,133300
20211020,09:56,705.00,705.00,701.50,701.50,550,133300
20211020,09:58,697.65,697.65,697.65,697.65,100,133300
20211020,09:59,695.00,695.00,695.00,695.00,50,133450
20211020,10:00,690.00,690.00,683.70,683.70,650,133450
20211020,10:01,680.10,680.10,680.10,680.10,100,133450
20211020,10:02,683.00,683.00,683.00,683.00,50,133550
20211020,10:03,682.00,682.00,680.05,680.05,150,133550
20211020,10:04,678.50,683.25,678.50,683.25,450,133550
20211020,10:05,677.20,677.20,676.05,676.05,200,133500
20211020,10:06,676.05,676.05,676.05,676.05,50,133500
20211020,10:07,676.00,676.00,669.85,669.85,800,133500
20211020,10:08,668.65,668.65,668.65,668.65,100,133500
20211020,10:09,667.00,667.00,663.30,663.30,100,133450
20211020,10:14,663.30,671.40,663.30,671.40,350,133700
20211020,10:15,672.00,672.00,672.00,672.00,100,133700
20211020,10:16,671.40,671.40,671.40,671.40,50,133700
20211020,10:17,669.20,669.20,665.90,665.90,250,133850
20211020,10:18,666.40,670.50,666.40,670.50,650,133850
20211020,10:21,689.00,689.00,684.30,684.75,150,134500
20211020,10:22,689.40,689.40,689.40,689.40,100,134500
20211020,10:24,694.80,704.00,694.80,704.00,300,134400
20211020,10:27,684.60,684.60,684.60,684.60,50,134250
20211020,10:29,680.00,680.00,678.85,678.85,200,134250
20211020,10:30,675.15,675.15,672.85,672.85,300,134300
20211020,10:31,676.55,676.55,676.55,676.55,50,134300
20211020,10:32,675.25,680.85,675.25,680.85,550,134800
20211020,10:33,682.45,683.95,682.45,683.95,400,134800
20211020,10:34,685.15,686.45,683.75,683.75,300,134800
20211020,10:35,681.80,687.35,681.80,687.35,150,135350
20211020,10:36,687.35,687.35,687.35,687.35,50,135350
20211020,10:38,688.95,688.95,687.90,687.90,150,135350
20211020,10:39,683.95,686.50,683.95,684.40,350,135350
20211020,10:40,686.15,688.65,686.15,688.65,150,135350
20211020,10:42,696.90,696.90,696.90,696.90,250,135150
20211020,10:44,697.70,697.70,695.30,695.30,150,135150
20211020,10:45,695.40,695.40,695.40,695.40,50,135000
20211020,10:46,695.00,695.00,695.00,695.00,50,135000
20211020,10:49,703.70,703.70,703.70,703.70,50,134950
20211020,10:51,700.70,700.70,697.00,697.00,100,134950
20211020,10:52,702.80,703.70,702.80,703.70,300,134950
20211020,10:55,703.70,703.70,703.00,703.00,150,134850
20211020,10:56,698.00,698.00,698.00,698.00,50,134850
20211020,10:59,700.60,700.60,700.60,700.60,50,134900
20211020,11:00,700.00,704.00,700.00,704.00,250,134900
20211020,11:01,705.00,706.20,705.00,706.20,150,134900
20211020,11:02,713.25,713.25,713.25,713.25,50,134900
20211020,11:03,715.90,715.90,712.55,712.55,600,135000
20211020,11:05,709.60,709.60,709.60,709.60,100,135000
20211020,11:06,705.75,705.75,705.10,705.10,150,135300
20211020,11:09,702.55,702.55,702.55,702.55,100,135400
20211020,11:10,695.00,695.00,692.10,692.10,200,135400
20211020,11:11,691.00,691.00,691.00,691.00,50,135400
20211020,11:13,694.15,694.15,694.15,694.15,250,135700
20211020,11:15,688.00,688.00,682.00,682.00,650,135950
20211020,11:16,684.55,684.75,682.70,684.75,950,135950
20211020,11:18,680.60,680.60,680.60,680.60,100,137350
20211020,11:19,681.00,681.00,681.00,681.00,50,137350
20211020,11:20,682.00,682.00,682.00,682.00,100,137350
20211020,11:27,682.00,682.00,682.00,682.00,100,137500
20211020,11:28,679.45,679.45,679.25,679.25,250,137500
20211020,11:31,678.00,686.60,678.00,686.60,650,137850
20211020,11:32,689.70,689.70,689.70,689.70,500,137850
20211020,11:33,697.70,699.50,697.70,699.50,1000,138000
20211020,11:34,703.90,703.90,703.90,703.90,500,138000
20211020,11:35,709.80,709.80,709.80,709.80,100,138000
20211020,11:37,708.70,708.70,708.70,708.70,100,138100
20211020,11:38,714.75,714.75,714.75,714.75,100,138100
20211020,11:46,708.80,710.00,708.80,710.00,200,136250
20211020,11:47,714.75,717.00,714.75,717.00,350,136250
20211020,11:48,723.90,736.10,722.10,736.10,500,135950
20211020,11:49,731.40,733.00,731.40,733.00,1100,135950
20211020,11:50,725.30,725.30,725.30,725.30,50,135950
20211020,11:54,734.40,739.00,734.40,739.00,600,135400
20211020,11:55,742.80,742.80,742.80,742.80,50,135400
20211020,11:56,741.00,749.00,740.00,749.00,300,135400
20211020,11:57,750.00,750.00,750.00,750.00,100,135400
20211020,11:58,750.00,750.00,731.20,731.20,150,135250
20211020,11:59,734.55,739.85,734.55,739.85,100,135250
20211020,12:00,740.00,740.00,740.00,740.00,50,135350
20211020,12:01,737.35,737.35,735.85,735.85,350,135350
20211020,12:04,750.00,759.00,750.00,759.00,150,135100
20211020,12:05,760.75,760.75,760.75,760.75,50,135100
20211020,12:07,760.75,760.75,751.00,751.00,350,135200
20211020,12:08,751.00,751.00,745.90,747.35,350,135200
20211020,12:09,750.00,750.00,750.00,750.00,100,134800
20211020,12:10,752.00,754.00,752.00,754.00,4700,134800
20211020,12:11,754.00,754.00,754.00,754.00,350,134800
20211020,12:13,760.00,761.95,760.00,761.95,150,133200
20211020,12:14,761.95,762.80,761.95,762.80,100,133200
20211020,12:15,769.35,770.00,760.45,770.00,750,133200
20211020,12:16,773.55,773.55,771.50,771.50,150,133200
20211020,12:17,772.00,772.00,772.00,772.00,1350,133200
20211020,12:18,773.90,775.20,773.90,775.20,150,131450
20211020,12:19,775.20,775.20,772.00,772.00,250,131450
20211020,12:20,772.00,772.00,761.75,761.75,600,131450
20211020,12:22,747.70,747.70,747.40,747.40,400,131000
20211020,12:23,743.65,743.65,743.65,743.65,200,131000
20211020,12:24,742.95,742.95,739.55,739.55,100,130650
20211020,12:33,755.00,755.00,755.00,755.00,50,131000
20211020,12:34,756.05,756.05,755.00,755.00,200,130400
20211020,12:35,754.00,754.00,754.00,754.00,50,130400
20211020,12:37,754.00,767.80,754.00,764.95,450,130250
20211020,12:38,762.55,762.55,762.55,762.55,50,130250
20211020,12:39,764.00,771.10,764.00,771.10,550,130050
20211020,12:40,760.05,760.05,760.05,760.05,100,130050
20211020,12:41,764.25,764.25,764.25,764.25,50,130050
20211020,12:43,770.30,770.30,770.30,770.30,50,130500
20211020,12:44,772.95,772.95,772.95,772.95,50,130500
20211020,12:45,780.25,780.25,780.25,780.25,50,130500
20211020,12:46,781.00,784.70,781.00,784.70,400,130500
20211020,12:47,770.35,770.35,770.35,770.35,50,130500
20211020,12:48,760.00,760.00,760.00,760.00,150,130250
20211020,12:49,745.15,745.15,745.15,745.15,50,130250
20211020,12:50,750.00,750.00,750.00,750.00,50,130250
20211020,12:51,744.30,744.30,744.30,744.30,50,130200
20211020,12:52,748.05,748.05,748.05,748.05,50,130200
20211020,12:53,749.60,749.60,749.60,749.60,50,130200
20211020,12:54,740.00,740.00,729.35,729.35,200,130100
20211020,12:55,732.95,732.95,732.95,732.95,50,130100
20211020,12:58,739.00,745.00,739.00,745.00,150,130100
20211020,13:01,747.75,747.75,747.75,747.75,50,130100
20211020,13:04,737.00,739.50,737.00,739.50,250,130150
20211020,13:05,740.05,748.45,738.55,748.45,1800,130150
20211020,13:06,748.00,756.25,748.00,756.25,1800,131900
20211020,13:07,756.70,765.10,756.70,765.10,1900,131900
20211020,13:08,767.45,773.85,767.25,770.90,1800,131900
20211020,13:09,770.95,770.95,762.80,762.85,1800,135350
20211020,13:10,761.20,761.20,753.95,755.40,2000,135350
20211020,13:11,755.45,755.45,750.80,750.80,1650,135350
20211020,13:12,749.15,750.30,747.85,748.50,1800,140500
20211020,13:13,748.05,749.85,732.20,732.20,2150,140500
20211020,13:14,740.70,742.40,739.00,739.00,1850,140500
20211020,13:15,740.05,740.05,726.90,726.90,1900,145250
20211020,13:16,728.00,735.05,726.85,732.35,2150,145250
20211020,13:17,732.40,744.10,732.40,742.55,1650,145250
20211020,13:18,742.35,748.00,740.20,748.00,1300,149950
20211020,13:19,748.00,748.00,745.55,745.70,1950,149950
20211020,13:20,745.25,750.80,745.25,750.80,1600,149950
20211020,13:21,750.20,752.65,748.70,752.65,1950,154950
20211020,13:22,752.25,752.80,749.60,752.80,1650,154950
20211020,13:23,752.95,754.90,751.00,753.95,2200,154950
20211020,13:24,756.00,759.05,755.60,756.80,1800,160100
20211020,13:25,757.30,765.15,756.75,765.15,2500,160100
20211020,13:26,764.65,768.85,764.65,768.00,1950,160100
20211020,13:27,769.30,770.20,764.40,766.45,2200,165550
20211020,13:28,766.50,766.50,763.20,765.70,1700,165550
20211020,13:29,768.45,772.35,768.45,772.35,2050,165550
20211020,13:30,772.40,778.05,772.10,778.05,1850,171050
20211020,13:31,776.75,785.00,776.75,778.05,1650,171050
20211020,13:32,780.95,782.90,778.00,778.00,1500,171050
20211020,13:33,769.95,770.25,769.85,769.85,200,171050
20211020,13:34,782.70,786.45,782.70,786.45,100,174100
20211020,13:35,786.45,786.45,786.00,786.00,450,174100
20211020,13:36,786.00,792.05,786.00,792.05,850,174950
20211020,13:37,794.10,800.00,794.10,797.20,1500,174950
20211020,13:38,797.25,797.25,790.75,793.05,2200,174950
20211020,13:39,793.10,797.00,793.10,794.50,2000,178950
20211020,13:40,791.90,791.90,773.75,779.80,2200,178950
20211020,13:41,777.90,786.45,777.90,786.45,2400,178950
20211020,13:42,786.50,796.90,786.50,796.90,2100,183850
20211020,13:43,797.00,797.00,789.70,789.70,1950,183850
20211020,13:44,789.70,793.20,786.80,793.20,2000,183850
20211020,13:45,793.25,797.35,789.20,797.35,2150,189000
20211020,13:46,797.00,806.95,797.00,806.95,3150,189000
20211020,13:47,806.95,808.00,804.80,807.95,1850,189000
20211020,13:48,805.70,806.60,801.40,806.55,2000,192500
20211020,13:49,805.90,806.00,800.40,802.85,2250,192500
20211020,13:50,800.35,805.90,795.85,805.90,2150,192500
20211020,13:51,806.00,806.20,799.80,799.90,1900,197850
20211020,13:52,799.90,806.70,799.90,806.70,2050,197850
20211020,13:53,809.40,814.30,809.40,811.35,2250,197850
20211020,13:54,809.95,809.95,801.00,805.25,2250,203550
20211020,13:55,805.30,805.30,791.05,791.10,2250,203550
20211020,13:56,793.70,795.45,790.00,793.80,2250,203550
20211020,13:57,793.45,795.10,786.95,795.10,1900,209250
20211020,13:58,795.15,795.15,789.55,790.40,1950,209250
20211020,13:59,791.45,797.20,791.45,796.05,2000,209250
20211020,14:00,796.10,803.70,796.10,798.80,1900,214800
20211020,14:01,799.95,801.70,792.75,794.05,2000,214800
20211020,14:02,793.95,793.95,789.40,792.10,2250,214800
20211020,14:03,792.15,799.10,790.20,797.70,2300,220200
20211020,14:04,800.60,812.35,795.75,812.35,2850,220200
20211020,14:05,812.35,816.25,811.20,811.30,2400,220200
20211020,14:06,808.30,812.15,803.90,809.80,2300,225400
20211020,14:07,809.85,811.45,799.05,800.00,1900,225400
20211020,14:08,798.40,807.80,798.40,803.60,2050,225400
20211020,14:09,803.65,806.15,800.95,801.50,1900,230900
20211020,14:10,801.55,805.80,793.00,797.50,2300,230900
20211020,14:11,796.65,803.20,796.65,803.20,1850,230900
20211020,14:12,802.60,807.05,802.60,803.35,1900,236550
20211020,14:13,801.00,808.60,801.00,805.50,2000,236550
20211020,14:14,805.05,813.95,805.00,813.95,2150,236550
20211020,14:15,810.00,817.75,810.00,817.75,350,236550
20211020,14:16,823.35,823.35,816.80,816.80,550,240700
20211020,14:17,822.15,822.15,816.00,820.00,800,240700
20211020,14:18,822.50,827.10,822.50,827.10,750,240550
20211020,14:19,829.00,829.00,829.00,829.00,50,240550
20211020,14:20,832.25,834.25,830.00,834.25,3000,240550
20211020,14:21,836.00,836.00,830.25,830.25,1700,240550
20211020,14:22,830.00,830.00,820.00,826.85,3900,244600
20211020,14:23,823.10,830.75,823.10,830.75,1550,244600
20211020,14:24,833.30,833.50,820.60,820.60,3350,248950
20211020,14:25,820.70,828.50,820.70,827.80,2050,248950
20211020,14:26,829.00,829.00,818.00,822.00,2950,248950
20211020,14:27,819.80,827.55,819.80,827.55,1600,248950
20211020,14:28,830.00,838.00,827.00,838.00,4200,255750
20211020,14:29,833.00,836.00,824.30,824.30,1600,255750
20211020,14:30,826.40,832.00,826.40,828.15,2800,261200
20211020,14:31,833.25,833.25,833.25,833.25,1400,261200
20211020,14:32,825.60,825.60,815.60,815.60,2750,261200
20211020,14:33,813.05,818.45,810.80,812.10,1950,267950
20211020,14:34,815.10,823.95,814.10,818.00,5200,267950
20211020,14:35,818.00,820.55,812.00,820.55,950,267950
20211020,14:36,828.10,828.95,828.10,828.95,2800,273700
20211020,14:37,830.80,834.00,830.00,834.00,3100,273700
20211020,14:38,836.60,836.60,832.40,834.00,3150,273700
20211020,14:39,834.00,834.00,826.60,826.60,1500,280650
20211020,14:40,828.65,828.65,827.80,827.80,2750,280650
20211020,14:41,828.60,830.40,828.60,830.40,1700,280650
20211020,14:42,832.95,838.90,832.20,838.90,2850,284700
20211020,14:43,840.00,840.00,840.00,840.00,1400,284700
20211020,14:44,840.00,840.00,820.00,821.00,3600,284700
20211020,14:45,829.00,829.00,819.95,819.95,1450,290800
20211020,14:46,817.00,823.35,813.65,820.50,3500,290800
20211020,14:47,816.95,816.95,808.20,808.20,1800,290800
20211020,14:48,817.60,818.40,811.55,818.40,4200,290800
20211020,14:49,812.85,819.80,810.25,810.95,1800,297200
20211020,14:50,820.35,820.35,810.95,810.95,4200,297200
20211020,14:51,807.15,811.90,807.15,811.50,1850,297200
20211020,14:52,808.35,808.35,799.90,800.00,3450,302700
20211020,14:53,799.30,803.15,798.95,800.90,2200,302700
20211020,14:54,808.65,811.55,801.95,806.20,5350,308250
20211020,14:55,808.65,820.15,808.65,815.50,1900,308250
20211020,14:56,815.60,820.75,814.15,816.40,3550,308250
20211020,14:57,808.30,817.45,808.30,809.55,2800,313600
20211020,14:58,817.90,817.90,805.85,807.80,2800,313600
20211020,14:59,802.35,810.20,791.05,794.45,2300,313600
20211020,15:00,791.00,796.15,789.60,793.70,3600,313600
20211020,15:01,798.65,798.85,791.90,791.90,1500,320500
20211020,15:02,788.90,796.20,788.90,796.20,3150,320500
20211020,15:03,795.90,798.00,790.75,797.95,1900,320500
20211020,15:04,796.55,801.75,795.35,798.15,3350,325850
20211020,15:05,792.35,792.40,786.15,786.15,1700,325850
20211020,15:06,784.00,788.05,774.95,775.85,6150,332350
20211020,15:07,775.60,778.75,773.65,778.30,1950,332350
20211020,15:08,776.95,781.65,774.00,777.00,4050,332350
20211020,15:09,776.85,782.50,776.85,780.80,2700,332350
20211020,15:10,794.05,799.15,793.15,794.05,4050,338000
20211020,15:11,796.90,800.00,791.40,791.40,2000,338000
20211020,15:12,794.70,797.60,792.35,795.05,4500,338000
20211020,15:13,800.30,800.30,794.40,794.40,1450,344050
20211020,15:14,794.15,800.00,794.15,798.20,3700,344050
20211020,15:15,801.95,801.95,801.95,801.95,1400,344050
20211020,15:16,797.25,797.25,791.05,796.60,2850,349200
20211020,15:17,791.05,791.05,786.65,786.65,1700,349200
20211020,15:18,783.40,791.45,781.05,791.45,3800,349200
20211020,15:19,788.55,791.35,788.55,791.35,1450,356000
20211020,15:20,788.35,790.00,786.85,790.00,2750,356000
20211020,15:21,780.00,789.05,780.00,789.05,2250,356000
20211020,15:22,784.65,784.85,780.15,784.85,3750,360500
20211020,15:23,778.05,786.85,778.05,786.85,1600,360500
20211020,15:24,780.65,784.75,780.65,783.75,2750,360500
20211020,15:25,778.00,779.60,773.40,775.30,1700,366850
20211020,15:26,772.50,777.35,772.50,773.45,3550,366850
20211020,15:27,773.60,774.20,772.75,773.30,550,366850
20211020,15:28,777.25,777.80,776.30,777.00,450,370700
20211020,15:29,777.95,782.55,776.55,782.55,2000,370700
20211020,15:30,778.10,778.10,778.10,778.10,100,370700
20211021,09:15,730.00,758.55,730.00,758.55,501,370650
20211021,09:17,758.55,761.55,753.90,755.00,1450,370850
20211021,09:18,757.00,757.00,751.25,751.45,1050,370850
20211021,09:19,752.35,760.95,752.35,757.85,1600,370850
20211021,09:20,756.95,766.20,754.45,754.45,1150,371650
20211021,09:21,753.00,757.70,751.60,753.25,750,371650
20211021,09:22,760.65,764.25,756.70,764.25,500,371650
20211021,09:23,766.00,767.25,764.55,767.25,250,371650
20211021,09:24,767.25,771.40,764.35,771.40,450,371900
20211021,09:25,774.45,774.45,763.00,770.40,450,371900
20211021,09:26,780.05,780.05,770.75,770.75,400,372000
20211021,09:27,778.90,781.85,775.90,775.90,500,372000
20211021,09:28,781.15,785.95,781.15,783.90,450,372000
20211021,09:29,786.85,786.85,786.45,786.45,200,371850
20211021,09:30,788.95,788.95,788.95,788.95,100,371850
20211021,09:33,810.00,814.95,810.00,814.95,150,371850
20211021,09:35,809.00,812.00,800.50,800.50,500,371800
20211021,09:36,790.15,790.15,788.15,788.15,150,371800
20211021,09:37,780.25,787.55,780.25,787.55,250,371800
20211021,09:39,793.15,796.80,793.15,796.05,200,371750
20211021,09:40,801.25,807.75,799.10,799.10,450,371750
20211021,09:41,797.75,799.70,797.35,797.95,850,371650
20211021,09:42,795.25,795.25,795.25,795.25,150,371650
20211021,09:43,793.05,794.25,793.05,794.25,150,371650
20211021,09:44,797.70,800.25,797.70,800.25,150,371450
20211021,09:45,804.95,813.50,804.95,806.90,250,371450
20211021,09:48,790.00,795.65,790.00,795.65,300,371400
20211021,09:49,788.70,789.10,787.05,789.10,200,371400
20211021,09:50,781.60,790.00,781.60,790.00,100,371400
20211021,09:52,785.00,785.00,785.00,785.00,200,371300
20211021,09:53,790.70,795.00,790.70,795.00,600,371450
20211021,09:54,795.00,799.00,790.40,799.00,750,371450
20211021,09:57,798.20,798.95,798.20,798.95,100,372550
20211021,09:58,796.40,797.20,792.20,797.20,550,372550
20211021,09:59,795.00,795.00,792.95,792.95,750,372550
20211021,10:01,795.00,795.00,795.00,795.00,50,371950
20211021,10:05,805.00,806.00,805.00,806.00,100,372000
20211021,10:06,807.20,807.20,807.20,807.20,50,372000
20211021,10:07,814.55,820.00,813.00,820.00,1150,372000
20211021,10:08,817.00,820.00,817.00,819.50,400,372450
20211021,10:09,817.05,820.00,815.00,815.00,900,372450
20211021,10:10,810.10,816.55,810.10,816.55,350,372450
20211021,10:11,810.00,813.75,810.00,813.75,200,372450
20211021,10:12,817.50,817.50,817.50,817.50,100,372200
20211021,10:13,817.50,817.50,817.50,817.50,50,372200
20211021,10:15,820.35,821.00,820.35,821.00,150,372250
20211021,10:16,830.30,832.00,830.30,832.00,200,372250
20211021,10:18,832.00,832.00,826.70,826.70,150,372200
20211021,10:22,822.00,822.00,820.00,820.00,300,372200
20211021,10:23,820.00,826.70,819.40,826.70,250,372050
20211021,10:27,816.55,820.50,816.55,820.50,200,372050
20211021,10:29,817.70,822.75,817.70,822.75,250,372050
20211021,10:30,826.00,827.45,826.00,827.45,150,372000
20211021,10:32,824.65,828.10,824.65,828.10,250,372000
20211021,10:34,834.55,834.55,834.55,834.55,50,372000
20211021,10:35,839.75,839.75,839.75,839.75,50,371950
20211021,10:36,841.50,841.50,841.50,841.50,200,371850
20211021,10:37,843.00,843.00,843.00,843.00,100,371850
20211021,10:38,840.00,840.00,840.00,840.00,200,371850
20211021,10:39,844.90,849.00,844.90,845.00,450,371800
20211021,10:40,849.85,855.00,849.85,855.00,250,371800
20211021,10:41,855.00,856.65,855.00,856.65,150,371800
20211021,10:42,856.65,856.65,847.65,847.65,250,371650
20211021,10:43,851.50,852.75,851.50,852.75,100,371650
20211021,10:44,858.00,860.15,858.00,860.15,1250,372500
20211021,10:45,863.15,863.15,859.95,859.95,200,372500
20211021,10:46,863.55,863.55,863.55,863.55,50,372500
20211021,10:47,863.55,863.55,863.55,863.55,50,372500
20211021,10:48,863.10,863.10,863.10,863.10,50,372500
20211021,10:49,865.75,869.65,865.75,869.65,200,372450
20211021,10:50,869.65,869.65,855.00,855.00,250,372450
20211021,10:51,866.75,867.20,866.75,867.20,150,372600
20211021,10:52,867.15,867.15,867.15,867.15,50,372600
20211021,10:53,866.00,868.00,864.25,868.00,300,372600
20211021,10:54,868.00,873.00,868.00,873.00,650,372650
20211021,10:55,870.55,870.55,867.00,870.15,150,372650
20211021,10:56,871.00,871.00,870.00,870.00,250,372650
20211021,10:57,874.00,880.60,874.00,880.60,500,371800
20211021,10:58,884.95,885.00,884.95,885.00,100,371800
20211021,10:59,887.00,893.35,887.00,893.35,800,371800
20211021,11:00,900.00,900.00,900.00,900.00,150,370950
20211021,11:01,900.00,900.00,899.95,899.95,100,370950
20211021,11:02,903.00,903.00,903.00,903.00,400,370950
20211021,11:03,898.35,902.65,898.35,902.65,900,371050
20211021,11:04,905.00,909.95,898.25,909.95,450,371050
20211021,11:05,909.95,909.95,902.35,902.35,250,371050
20211021,11:07,905.65,905.65,905.65,905.65,100,370500
20211021,11:08,900.00,900.00,900.00,900.00,100,370500
20211021,11:09,885.15,885.15,885.15,885.15,50,370450
20211021,11:10,887.85,887.85,887.85,887.85,50,370450
20211021,11:11,872.85,880.45,872.85,880.45,550,370450
20211021,11:12,890.00,890.00,890.00,890.00,50,370350
20211021,11:13,900.85,903.15,898.10,903.15,600,370350
20211021,11:14,902.70,902.70,902.70,902.70,200,370350
20211021,11:15,915.00,915.00,915.00,915.00,50,370300
20211021,11:16,918.15,921.00,918.15,921.00,500,370300
20211021,11:17,921.00,921.00,912.80,912.80,250,370300
20211021,11:18,913.00,918.50,909.60,910.00,300,369950
20211021,11:19,908.70,908.70,900.00,900.00,100,369950
20211021,11:20,900.00,905.00,900.00,905.00,400,369950
20211021,11:25,896.85,896.85,894.20,894.20,150,369500
20211021,11:26,890.40,890.75,889.90,889.90,150,369500
20211021,11:27,895.35,895.35,895.35,895.35,50,369450
20211021,11:29,890.00,890.00,889.00,889.00,550,369450
20211021,11:32,875.00,875.00,870.00,870.00,100,369800
20211021,11:34,878.95,878.95,878.95,878.95,50,369900
20211021,11:35,861.50,861.50,861.50,861.50,50,369900
20211021,11:37,870.70,870.70,862.05,862.05,150,369900
20211021,11:39,869.00,870.00,869.00,870.00,150,370000
20211021,11:40,868.55,868.55,860.00,860.00,100,370000
20211021,11:41,860.85,860.85,857.45,857.45,100,370000
20211021,11:42,862.00,862.00,859.65,860.00,900,370050
20211021,11:43,860.00,865.00,860.00,865.00,650,370050
20211021,11:44,870.00,872.00,867.55,872.00,250,370050
20211021,11:45,875.00,875.00,875.00,875.00,50,370250
20211021,11:48,864.85,865.10,864.85,865.10,100,370300
20211021,11:49,867.05,867.05,867.05,867.05,50,370300
20211021,11:50,872.05,872.05,871.15,871.15,200,370300
20211021,11:51,868.95,868.95,868.95,868.95,50,370200
20211021,11:53,863.25,863.25,858.25,858.25,100,370200
20211021,11:54,868.00,876.20,868.00,876.20,400,370200
20211021,11:55,871.90,871.90,871.90,871.90,50,370200
20211021,11:56,885.00,889.00,885.00,889.00,100,370200
20211021,11:57,890.55,892.00,890.55,892.00,150,369850
20211021,12:01,890.00,890.00,890.00,890.00,50,369750
20211021,12:02,895.00,895.00,892.40,892.40,100,369750
20211021,12:03,899.95,900.00,898.00,899.60,550,369700
20211021,12:04,899.60,899.60,899.60,899.60,50,369700
20211021,12:05,898.30,898.30,898.30,898.30,50,369700
20211021,12:07,892.85,892.85,892.85,892.85,50,369650
20211021,12:08,891.90,891.90,891.90,891.90,50,369650
20211021,12:09,891.40,891.40,891.40,891.40,50,369750
20211021,12:10,889.60,889.60,889.60,889.60,50,369750
20211021,12:13,893.90,893.90,893.90,893.90,50,369750
20211021,12:15,882.00,882.00,874.70,874.70,300,369850
20211021,12:17,884.20,884.20,884.20,884.20,100,369850
20211021,12:18,884.00,891.00,884.00,891.00,150,369950
20211021,12:20,888.70,888.70,888.70,888.70,50,369950
20211021,12:21,890.95,890.95,890.95,890.95,50,369950
20211021,12:22,890.00,890.00,890.00,890.00,50,369950
20211021,12:23,890.90,890.95,890.90,890.95,100,370000
20211021,12:24,894.55,900.00,894.55,900.00,500,370100
20211021,12:25,906.00,906.00,906.00,906.00,50,370100
20211021,12:26,899.00,899.00,899.00,899.00,50,370100
20211021,12:27,899.00,905.85,899.00,905.85,100,370050
20211021,12:28,910.00,910.00,910.00,910.00,50,370050
20211021,12:29,910.00,910.00,910.00,910.00,50,370050
20211021,12:31,896.40,896.40,896.40,896.40,100,369950
20211021,12:33,894.95,894.95,891.80,891.80,100,369850
20211021,12:35,902.20,902.20,902.20,902.20,50,369850
20211021,12:37,906.25,906.25,905.55,905.55,250,369800
20211021,12:40,900.00,901.35,896.25,896.95,500,369900
20211021,12:41,896.45,896.45,894.25,894.25,350,369900
20211021,12:43,890.80,890.80,890.35,890.35,100,370250
20211021,12:46,890.00,890.00,890.00,890.00,50,370250
20211021,12:47,878.55,878.55,878.55,878.55,150,370250
20211021,12:49,880.90,883.35,880.90,883.35,100,370150
20211021,12:51,873.35,873.35,873.35,873.35,150,370150
20211021,12:52,885.95,886.00,885.95,886.00,250,370300
20211021,12:57,882.90,882.90,881.75,881.75,100,370250
20211021,12:58,879.50,879.50,866.75,866.75,300,370250
20211021,12:59,871.95,871.95,869.00,869.00,150,370250
20211021,13:00,869.00,874.55,868.85,872.65,200,370500
20211021,13:01,872.60,872.60,872.00,872.00,150,370500
20211021,13:02,871.70,871.70,869.65,870.65,350,370500
20211021,13:03,878.25,879.20,877.60,877.60,250,370000
20211021,13:04,879.00,881.40,879.00,880.20,550,370000
20211021,13:05,884.50,884.50,884.50,884.50,50,370000
20211021,13:08,889.00,891.00,889.00,891.00,250,369750
20211021,13:09,893.95,893.95,892.55,892.55,150,369750
20211021,13:16,900.00,900.45,900.00,900.45,150,369450
20211021,13:21,900.00,905.05,900.00,905.05,100,369500
20211021,13:26,895.00,895.00,895.00,895.00,50,369500
20211021,13:29,905.00,917.40,905.00,917.40,200,369550
20211021,13:30,919.95,929.65,919.95,925.00,250,369400
20211021,13:31,921.95,921.95,910.55,919.80,450,369400
20211021,13:33,929.80,930.00,929.80,930.00,100,369500
20211021,13:34,930.05,930.05,930.05,930.05,200,369500
20211021,13:35,930.00,930.00,925.85,925.85,250,369500
20211021,13:36,935.80,935.80,933.60,933.60,500,369500
20211021,13:37,930.00,938.30,930.00,933.40,1450,369500
20211021,13:39,930.00,930.00,930.00,930.00,50,369500
20211021,13:40,935.00,935.00,935.00,935.00,50,368750
20211021,13:42,940.60,945.00,940.60,945.00,100,368850
20211021,13:44,945.00,945.00,938.00,938.00,100,368850
20211021,13:46,930.00,930.00,929.95,930.00,250,368900
20211021,13:47,934.45,934.45,934.45,934.45,50,368900
20211021,13:51,922.05,922.05,920.00,920.00,100,368750
20211021,13:52,919.65,919.65,919.65,919.65,100,368750
20211021,13:53,928.75,928.75,928.75,928.75,100,368700
20211021,13:54,935.20,935.20,935.20,935.20,100,368700
20211021,13:56,934.80,934.80,932.80,932.80,100,368900
20211021,13:57,928.60,928.60,928.60,928.60,50,368900
20211021,13:58,917.60,921.40,917.60,921.40,100,368900
20211021,13:59,935.00,935.00,935.00,935.00,50,368900
20211021,14:02,934.95,935.00,934.05,934.05,500,368900
20211021,14:03,935.40,939.50,935.40,939.50,100,368900
20211021,14:04,942.80,942.80,941.95,941.95,150,368750
20211021,14:05,946.00,946.00,946.00,946.00,100,368750
20211021,14:06,943.20,943.20,943.20,943.20,50,369000
20211021,14:07,938.65,938.65,938.65,938.65,100,369000
20211021,14:08,941.10,941.10,941.10,941.10,150,369000
20211021,14:09,938.65,942.80,938.65,942.80,100,369000
20211021,14:11,932.55,932.55,932.55,932.55,100,369150
20211021,14:14,940.35,942.80,940.35,942.80,250,369100
20211021,14:15,935.00,935.00,935.00,935.00,50,369100
20211021,14:16,945.45,945.45,944.95,944.95,100,369000
20211021,14:17,945.00,945.00,944.35,944.35,100,369000
20211021,14:18,944.35,945.00,944.35,945.00,300,369000
20211021,14:19,949.75,949.75,949.75,949.75,200,369200
20211021,14:20,953.85,953.85,953.85,953.85,50,369200
20211021,14:21,954.05,955.70,954.05,955.70,200,369200
20211021,14:22,955.70,955.70,950.20,951.35,200,369200
20211021,14:23,950.20,952.50,950.20,952.50,150,369200
20211021,14:24,956.10,963.00,956.10,963.00,550,368900
20211021,14:25,963.00,963.00,962.60,962.60,100,368900
20211021,14:26,960.05,960.05,959.00,959.00,350,368900
20211021,14:27,931.75,931.75,931.75,931.75,50,368900
20211021,14:28,930.00,932.25,913.05,913.05,1000,368750
20211021,14:29,920.55,920.55,916.55,916.55,100,368750
20211021,14:30,919.80,919.80,911.70,911.70,100,368750
20211021,14:31,911.00,915.00,910.00,910.00,550,368450
20211021,14:32,906.40,906.40,900.00,900.00,150,368450
20211021,14:33,905.25,905.25,905.25,905.25,50,368450
20211021,14:35,891.70,894.70,891.70,894.70,100,368450
20211021,14:36,895.25,895.25,895.25,895.25,50,368450
20211021,14:37,898.65,898.65,898.65,898.65,50,368350
20211021,14:38,898.15,898.15,893.15,893.15,150,368350
20211021,14:39,890.90,893.40,890.90,893.40,300,368350
20211021,14:40,884.95,888.45,881.40,888.45,300,368300
20211021,14:41,888.35,894.90,884.65,893.60,450,368300
20211021,14:42,892.60,892.60,887.25,887.25,600,367700
20211021,14:44,890.15,890.15,890.15,890.15,50,367700
20211021,14:47,890.15,890.15,890.15,890.15,50,367750
20211021,14:48,890.15,890.15,880.20,880.20,250,367750
20211021,14:49,882.15,885.00,880.55,885.00,1250,367700
20211021,14:50,890.00,890.00,890.00,890.00,200,367700
20211021,14:51,884.15,885.00,884.15,885.00,100,367700
20211021,14:53,885.00,885.00,885.00,885.00,100,366850
20211021,14:54,885.00,885.00,885.00,885.00,100,366850
20211021,14:56,875.00,875.35,875.00,875.35,100,366750
20211021,14:57,870.45,870.45,870.45,870.45,50,366750
20211021,14:58,870.00,870.00,870.00,870.00,50,366750
20211021,14:59,858.85,858.85,858.50,858.50,900,366750
20211021,15:00,853.60,853.60,843.30,852.60,1400,366050
20211021,15:01,852.20,863.70,852.20,863.70,550,366050
20211021,15:02,874.50,874.50,874.50,874.50,150,366050
20211021,15:03,875.00,893.45,875.00,888.35,1200,366050
20211021,15:04,892.00,892.00,892.00,892.00,50,365550
20211021,15:06,896.50,896.50,896.50,896.50,50,365550
20211021,15:07,888.70,889.60,888.70,889.60,150,365500
20211021,15:08,890.00,891.65,890.00,891.65,100,365500
20211021,15:09,887.55,888.80,887.55,888.80,100,365500
20211021,15:10,878.00,878.00,878.00,878.00,50,365550
20211021,15:13,871.45,871.45,870.80,871.00,200,365550
20211021,15:15,865.00,865.00,865.00,865.00,100,365550
20211021,15:16,855.00,855.00,855.00,855.00,150,365550
20211021,15:17,852.10,852.10,848.15,848.15,250,365550
20211021,15:18,840.00,840.00,839.00,839.00,200,365550
20211021,15:19,834.85,850.30,834.85,850.30,600,365650
20211021,15:20,847.75,847.75,847.75,847.75,50,365650
20211021,15:21,841.65,841.65,841.65,841.65,50,365650
20211021,15:23,839.60,839.60,839.60,839.60,150,365300
20211021,15:25,839.70,839.70,839.60,839.60,150,365400
20211021,15:26,835.25,835.25,833.30,833.50,250,365400
20211021,15:27,839.30,839.30,832.60,832.60,700,365400
20211021,15:28,826.50,826.50,826.50,826.50,50,365800
20211021,15:29,827.30,828.85,827.30,828.85,550,365800
20211022,09:15,813.45,825.00,813.40,817.90,452,365850
20211022,09:16,808.00,808.00,800.20,800.20,250,365850
20211022,09:17,800.20,826.00,800.20,826.00,800,365950
20211022,09:18,835.00,835.00,835.00,835.00,300,365950
20211022,09:19,835.00,835.00,835.00,835.00,50,365950
20211022,09:20,805.10,805.10,797.25,800.00,300,366800
20211022,09:21,805.10,807.00,805.10,807.00,100,366800
20211022,09:22,804.00,816.25,804.00,808.85,200,366800
20211022,09:23,822.70,822.70,822.70,822.70,250,367050
20211022,09:26,798.25,798.35,798.25,798.35,500,367050
20211022,09:27,795.00,795.00,793.75,793.75,1150,367500
20211022,09:28,790.10,790.10,788.60,788.60,400,367500
20211022,09:29,788.60,792.35,788.60,792.35,100,368350
20211022,09:30,779.60,781.30,779.60,781.30,900,368350
20211022,09:31,789.90,789.90,789.90,789.90,100,368350
20211022,09:33,786.25,786.25,786.25,786.25,50,368550
20211022,09:34,776.00,776.00,776.00,776.00,150,368550
20211022,09:35,776.00,776.00,776.00,776.00,150,368500
20211022,09:37,781.65,781.65,781.65,781.65,50,368500
20211022,09:38,780.00,780.00,780.00,780.00,450,368600
20211022,09:40,772.60,772.60,765.75,765.75,600,368600
20211022,09:41,765.75,765.75,765.00,765.00,150,368600
20211022,09:42,764.95,770.40,764.95,768.50,550,368500
20211022,09:43,772.60,774.00,772.60,773.10,400,368500
20211022,09:44,762.55,762.55,762.55,762.55,50,368350
20211022,09:45,762.05,762.05,760.95,760.95,250,368350
20211022,09:46,771.45,775.15,771.45,775.15,300,368350
20211022,09:47,777.95,783.80,777.95,783.05,450,368200
20211022,09:48,783.10,795.40,781.00,794.75,2800,368200
20211022,09:49,794.10,795.95,789.00,789.00,1500,368200
20211022,09:50,786.95,786.95,782.95,784.90,1100,368250
20211022,09:51,787.15,798.25,787.15,789.40,1050,368250
20211022,09:53,795.00,795.00,795.00,795.00,50,367850
20211022,09:56,810.25,813.00,810.25,813.00,200,367750
20211022,09:57,814.80,823.05,814.80,815.20,950,367750
20211022,09:58,810.80,812.80,807.60,807.60,250,367750
20211022,09:59,796.50,797.60,796.50,797.60,200,367750
20211022,10:00,801.25,805.90,801.25,805.90,100,366750
20211022,10:01,793.65,793.65,788.20,790.65,600,366750
20211022,10:02,791.80,791.80,790.50,790.50,150,367100
20211022,10:03,785.30,785.30,779.90,779.90,100,367100
20211022,10:04,779.40,782.70,779.30,782.70,950,367100
20211022,10:05,784.20,784.20,780.85,780.85,550,367100
20211022,10:06,789.05,789.05,787.30,787.30,200,367100
20211022,10:07,782.75,782.75,782.75,782.75,50,367100
20211022,10:08,781.15,781.15,779.00,779.00,500,367150
20211022,10:09,779.00,783.10,779.00,782.75,400,367150
20211022,10:10,782.45,782.45,782.45,782.45,50,367150
20211022,10:11,781.25,781.25,781.25,781.25,100,367200
20211022,10:12,780.45,780.70,780.45,780.70,300,367200
20211022,10:13,782.40,782.40,782.40,782.40,50,367200
20211022,10:14,782.90,787.05,782.90,787.05,150,367050
20211022,10:15,785.05,785.05,785.05,785.05,150,367050
20211022,10:16,791.05,791.15,789.80,789.80,450,367050
20211022,10:17,794.75,797.90,794.60,794.60,250,367050
20211022,10:18,799.10,801.05,797.45,800.80,500,366600
20211022,10:19,806.45,806.90,802.80,802.80,650,366600
20211022,10:20,800.30,807.75,800.30,802.60,500,366250
20211022,10:21,802.60,803.25,796.65,797.00,1200,366250
20211022,10:22,789.60,789.60,789.60,789.60,50,366250
20211022,10:23,783.60,785.75,783.60,785.75,200,366250
20211022,10:24,784.50,784.50,784.50,784.50,50,366200
20211022,10:25,784.15,788.80,781.35,788.80,150,366200
20211022,10:26,791.25,791.25,781.00,781.00,200,366450
20211022,10:27,782.45,784.00,781.85,784.00,400,366450
20211022,10:28,781.75,781.75,779.50,780.45,1300,366450
20211022,10:29,783.60,783.60,776.95,782.85,1150,366450
20211022,10:30,780.25,786.30,780.25,786.30,200,367200
20211022,10:31,788.45,792.55,788.45,792.40,150,367200
20211022,10:37,788.50,788.50,788.50,788.50,50,367250
20211022,10:40,783.65,784.80,781.90,781.90,1600,367200
20211022,10:41,782.45,782.45,782.45,782.45,50,367200
20211022,10:42,782.30,783.50,782.00,783.50,1200,367700
20211022,10:44,786.10,786.10,786.10,786.10,50,367700
20211022,10:46,794.65,794.65,793.80,793.80,200,367850
20211022,10:49,799.00,800.00,799.00,800.00,150,367700
20211022,10:50,805.25,806.20,797.35,797.35,150,367650
20211022,10:51,796.40,796.40,796.40,796.40,100,367650
20211022,10:52,798.95,809.80,798.95,805.15,1100,367650
20211022,10:53,811.10,811.10,806.75,806.75,250,367650
20211022,10:54,811.00,813.90,811.00,813.90,100,367550
20211022,10:55,812.80,814.00,812.80,814.00,1000,367550
20211022,10:56,811.70,811.70,805.45,809.90,400,367550
20211022,10:57,803.55,804.00,803.55,804.00,100,366900
20211022,10:58,808.55,811.00,808.55,811.00,100,366900
20211022,11:00,796.65,798.60,796.65,798.60,400,366850
20211022,11:01,792.70,792.70,790.60,790.60,150,366850
20211022,11:04,790.05,790.05,790.00,790.00,950,366600
20211022,11:05,787.10,787.10,787.10,787.10,50,366600
20211022,11:08,789.00,789.00,789.00,789.00,100,366850
20211022,11:09,782.15,782.15,778.70,780.15,2350,366850
20211022,11:10,780.10,782.30,779.10,779.35,750,366850
20211022,11:11,778.60,782.90,773.95,782.90,450,366850
20211022,11:12,789.00,789.00,788.85,788.85,400,368550
20211022,11:13,783.65,783.65,783.65,783.65,100,368550
20211022,11:14,789.00,794.00,789.00,794.00,850,368550
20211022,11:15,797.85,797.85,797.85,797.85,100,368850
20211022,11:16,796.10,799.50,796.10,799.50,250,368850
20211022,11:17,801.15,801.15,801.15,801.15,50,368850
20211022,11:21,802.90,803.20,799.90,799.90,1350,368600
20211022,11:22,797.35,800.00,796.80,798.75,1150,368600
20211022,11:23,799.50,799.50,798.00,798.00,300,368600
20211022,11:24,792.80,792.80,792.80,792.80,100,366850
20211022,11:25,801.40,805.20,801.40,805.20,100,366850
20211022,11:26,807.60,808.25,806.00,806.00,150,366850
20211022,11:27,814.80,836.75,814.80,836.75,350,366700
20211022,11:28,836.00,836.15,830.05,836.15,300,366700
20211022,11:29,834.85,834.85,834.85,834.85,200,366700
20211022,11:30,831.20,834.00,828.10,834.00,300,366500
20211022,11:31,852.75,852.75,852.75,852.75,150,366500
20211022,11:32,863.50,868.60,863.50,868.60,450,366500
20211022,11:33,868.60,874.00,868.60,874.00,400,366200
20211022,11:35,874.00,874.00,874.00,874.00,50,366200
20211022,11:36,856.05,856.05,856.05,856.05,100,365950
20211022,11:37,864.25,864.25,864.25,864.25,100,365950
20211022,11:39,875.00,875.00,875.00,875.00,50,365950
20211022,11:40,880.00,883.25,880.00,883.25,100,365950
20211022,11:41,883.25,883.25,883.25,883.25,100,365950
20211022,11:42,869.40,869.40,869.40,869.40,50,366100
20211022,11:44,854.45,857.25,854.45,857.25,100,366100
20211022,11:45,858.00,860.00,858.00,860.00,150,366100
20211022,11:46,868.40,868.40,868.40,868.40,50,366100
20211022,11:47,856.45,856.45,856.45,856.45,50,366100
20211022,11:49,858.05,858.05,858.05,858.05,50,366150
20211022,11:50,857.30,857.30,847.40,847.40,300,366150
20211022,11:51,841.00,841.00,841.00,841.00,150,366050
20211022,11:52,841.90,841.90,841.90,841.90,50,366050
20211022,11:53,837.35,837.35,837.35,837.35,50,366050
20211022,11:55,844.15,844.15,844.15,844.15,100,366100
20211022,11:59,854.00,865.60,854.00,865.15,400,366150
20211022,12:00,864.85,867.00,864.85,867.00,100,366200
20211022,12:01,875.15,875.15,875.15,875.15,100,366200
20211022,12:04,862.45,862.45,862.45,862.45,50,366100
20211022,12:10,896.25,896.25,896.25,896.25,50,366150
20211022,12:11,896.25,896.25,896.25,896.25,50,366150
20211022,12:12,885.05,885.05,880.00,880.00,100,366100
20211022,12:13,876.00,876.00,876.00,876.00,50,366100
20211022,12:15,889.45,889.45,889.45,889.45,50,366100
20211022,12:21,882.95,884.90,882.95,884.90,350,366150
20211022,12:23,895.00,895.00,891.80,891.80,150,366150
20211022,12:24,897.75,897.75,897.75,897.75,50,366500
20211022,12:25,897.75,897.75,895.00,895.00,800,366500
20211022,12:33,872.15,872.15,872.15,872.15,200,367200
20211022,12:34,866.75,866.75,866.75,866.75,200,367200
20211022,12:38,879.90,879.90,879.90,879.90,250,367300
20211022,12:39,883.70,883.80,878.90,878.90,350,367350
20211022,12:41,881.15,881.15,881.15,881.15,200,367350
20211022,12:42,891.00,892.00,891.00,892.00,1000,367250
20211022,12:43,892.00,892.00,880.30,880.30,450,367250
20211022,12:45,891.00,891.00,879.85,879.85,1150,368700
20211022,12:46,873.60,875.00,873.60,875.00,150,368700
20211022,12:47,871.05,871.05,862.95,867.60,1050,368700
20211022,12:48,870.00,870.00,865.80,865.80,650,368650
20211022,12:49,870.70,870.70,870.65,870.65,150,368650
20211022,12:50,875.00,875.00,875.00,875.00,50,368650
20211022,12:51,875.00,875.00,875.00,875.00,250,368900
20211022,12:52,877.00,882.05,877.00,882.05,200,368900
20211022,12:53,885.00,885.00,870.25,870.25,800,368900
20211022,12:54,868.00,870.45,868.00,870.45,650,368450
20211022,12:55,872.00,875.00,872.00,875.00,200,368450
20211022,12:57,895.00,901.00,895.00,901.00,300,367950
20211022,12:58,901.00,901.00,896.30,896.80,800,367950
20211022,12:59,907.00,907.00,907.00,907.00,400,367950
20211022,13:00,911.60,911.60,911.60,911.60,200,367100
20211022,13:01,915.20,915.20,912.00,912.00,200,367100
20211022,13:02,919.30,919.30,919.30,919.30,100,367100
20211022,13:03,920.10,920.60,918.75,918.75,350,367200
20211022,13:04,925.00,925.00,924.55,924.55,350,367200
20211022,13:05,920.00,920.40,911.10,911.10,300,367200
20211022,13:06,910.00,915.25,910.00,915.25,100,367350
20211022,13:08,923.80,923.80,909.90,909.90,250,367350
20211022,13:09,920.95,920.95,920.95,920.95,100,367400
20211022,13:10,918.40,918.40,910.00,910.00,650,367400
20211022,13:11,911.25,911.85,907.75,907.75,1500,367400
20211022,13:14,925.00,937.15,925.00,937.15,400,366350
20211022,13:15,940.00,940.00,940.00,940.00,50,366350
20211022,13:16,940.00,940.00,922.70,922.70,100,366600
20211022,13:17,934.10,934.10,934.10,934.10,50,366600
20211022,13:19,938.95,944.65,937.90,944.65,150,366600
20211022,13:20,944.65,944.65,936.70,936.70,100,366600
20211022,13:21,936.70,936.70,930.20,930.20,150,366750
20211022,13:23,915.40,915.40,915.40,915.40,100,366750
20211022,13:25,916.70,924.15,916.70,924.15,100,366850
20211022,13:26,930.40,934.40,930.40,934.40,250,366850
20211022,13:27,924.15,924.15,924.15,924.15,250,366850
20211022,13:28,930.00,930.00,930.00,930.00,200,367050
20211022,13:29,926.35,926.35,926.35,926.35,50,367050
20211022,13:30,932.10,932.10,926.15,926.15,100,367000
20211022,13:31,932.00,936.55,932.00,935.25,200,367000
20211022,13:33,941.25,941.25,941.25,941.25,100,366950
20211022,13:34,936.15,936.15,936.15,936.15,150,366950
20211022,13:36,937.35,937.35,936.00,936.00,100,366750
20211022,13:37,931.15,931.15,929.25,930.15,450,366750
20211022,13:38,932.60,940.00,930.20,940.00,650,366750
20211022,13:39,945.40,945.40,945.40,945.40,100,366250
20211022,13:40,944.50,944.50,944.50,944.50,200,366250
20211022,13:41,941.35,941.35,935.80,935.80,250,366250
20211022,13:42,928.25,928.25,925.05,925.05,450,365900
20211022,13:43,925.70,925.70,922.90,923.80,300,365900
20211022,13:44,914.85,914.85,912.10,912.10,450,365900
20211022,13:45,914.05,914.45,910.00,910.00,550,365900
20211022,13:46,902.70,902.70,902.00,902.00,100,364650
20211022,13:47,900.00,901.05,900.00,900.00,300,364650
20211022,13:48,910.00,910.65,909.20,909.20,150,364550
20211022,13:49,920.00,920.00,912.65,912.65,100,364550
20211022,13:50,911.90,915.60,911.90,915.60,100,364550
20211022,13:51,930.00,930.00,930.00,930.00,100,364550
20211022,13:53,934.00,934.00,934.00,934.00,100,364650
20211022,13:56,936.20,940.00,936.20,940.00,250,364650
20211022,13:57,939.05,939.05,934.00,934.00,100,364700
20211022,13:58,928.80,928.80,925.00,925.00,800,364700
20211022,14:00,923.50,923.50,923.50,923.50,150,365450
20211022,14:01,921.95,921.95,921.95,921.95,50,365450
20211022,14:02,916.40,916.40,913.75,913.75,400,365450
20211022,14:03,914.70,919.15,914.70,916.05,450,365100
20211022,14:05,922.50,922.50,922.50,922.50,100,365100
20211022,14:06,930.60,930.60,930.60,930.60,50,365050
20211022,14:07,932.00,932.00,932.00,932.00,50,365050
20211022,14:10,898.75,898.75,879.20,879.20,400,365000
20211022,14:11,889.50,890.70,888.10,890.65,400,365000
20211022,14:12,879.05,884.85,878.40,884.85,150,364400
20211022,14:13,882.00,887.00,882.00,887.00,500,364400
20211022,14:14,886.70,886.70,886.70,886.70,50,364400
20211022,14:16,895.00,895.00,895.00,895.00,150,364100
20211022,14:17,898.75,898.75,897.60,897.60,200,364100
20211022,14:19,899.95,899.95,899.95,899.95,50,363750
20211022,14:20,895.60,900.70,895.60,900.00,250,363750
20211022,14:21,907.40,911.45,907.40,911.45,250,363750
20211022,14:23,932.40,935.00,932.40,935.00,100,363450
20211022,14:24,935.00,939.65,935.00,939.65,250,363600
20211022,14:25,942.80,968.50,942.80,968.50,200,363600
20211022,14:26,968.50,973.30,968.50,973.30,250,363600
20211022,14:27,968.95,969.60,960.00,960.00,550,363800
20211022,14:28,959.25,959.25,959.25,959.25,100,363800
20211022,14:29,947.10,947.10,947.10,947.10,50,363800
20211022,14:30,941.05,941.05,941.05,941.05,50,363800
20211022,14:31,955.75,955.75,950.00,950.00,150,363950
20211022,14:32,928.70,936.85,928.70,936.85,450,363950
20211022,14:34,925.00,925.00,925.00,925.00,250,363650
20211022,14:35,920.80,920.80,920.80,920.80,50,363650
20211022,14:36,924.85,928.00,924.85,928.00,350,363650
20211022,14:37,939.50,939.50,939.50,939.50,50,363700
20211022,14:39,941.65,941.65,941.65,941.65,50,363700
20211022,14:41,935.00,935.00,935.00,935.00,50,363750
20211022,14:42,924.85,924.85,924.85,924.85,50,363750
20211022,14:43,912.75,912.75,901.00,907.90,650,363850
20211022,14:45,906.00,906.00,903.85,903.85,250,363900
20211022,14:46,907.00,913.30,907.00,913.30,250,363900
20211022,14:49,907.55,907.55,907.55,907.55,50,364050
20211022,14:50,907.00,907.00,907.00,907.00,100,364050
20211022,14:52,898.90,898.90,898.90,898.90,50,363900
20211022,14:53,888.60,888.60,882.55,886.90,200,363900
20211022,14:54,887.90,887.90,887.90,887.90,50,363900
20211022,14:55,887.30,888.00,880.10,888.00,1200,363800
20211022,14:56,893.80,908.45,893.80,908.45,400,363800
20211022,14:57,904.65,904.65,904.65,904.65,50,363450
20211022,14:58,908.00,911.20,903.20,903.20,500,363450
20211022,15:00,910.35,912.05,910.35,912.05,200,363450
20211022,15:02,914.05,914.05,886.15,889.75,400,363050
20211022,15:03,887.45,887.45,867.25,874.10,1300,363050
20211022,15:04,888.65,888.65,888.65,888.65,50,363100
20211022,15:05,882.00,882.00,880.60,880.60,300,363100
20211022,15:06,890.00,890.00,888.30,888.30,100,363100
20211022,15:07,889.50,889.50,884.55,884.55,200,362900
20211022,15:08,886.00,888.70,886.00,888.70,150,362900
20211022,15:09,889.55,889.55,889.55,889.55,50,362900
20211022,15:13,895.00,897.35,895.00,897.00,300,362850
20211022,15:14,892.30,892.30,892.00,892.00,100,362850
20211022,15:15,881.40,885.75,880.35,885.65,450,362850
20211022,15:16,888.60,888.60,888.60,888.60,100,362850
20211022,15:17,890.20,893.00,890.20,892.70,250,362850
20211022,15:19,897.40,899.30,897.40,899.30,100,362700
20211022,15:20,902.00,907.85,902.00,907.85,950,362700
20211022,15:21,906.70,908.80,904.50,908.80,550,362700
20211022,15:22,907.10,908.25,902.10,908.25,700,362850
20211022,15:23,905.05,905.05,898.10,905.05,750,362850
20211022,15:24,901.60,901.60,898.80,898.80,100,362850
20211022,15:25,893.40,893.40,893.40,893.40,50,363800
20211022,15:28,896.00,896.00,895.00,895.00,100,363750
20211022,15:29,900.50,900.60,900.50,900.60,150,363750
20211025,09:15,800.00,870.20,800.00,870.20,1451,363650
20211025,09:17,882.90,903.55,882.90,903.55,700,363650
20211025,09:18,936.95,940.70,936.95,940.70,300,364000
20211025,09:20,940.70,940.70,914.10,914.10,200,364000
20211025,09:21,895.20,903.35,895.20,903.35,200,364000
20211025,09:22,914.60,914.60,907.10,907.10,200,364000
20211025,09:23,913.20,927.30,913.20,927.30,350,363300
20211025,09:24,935.00,939.45,929.65,939.45,750,363300
20211025,09:25,948.05,948.05,948.05,948.05,150,363300
20211025,09:30,937.15,937.15,937.15,937.15,50,362650
20211025,09:32,941.65,945.20,936.90,941.95,600,362550
20211025,09:33,942.80,946.10,940.55,944.90,450,362550
20211025,09:34,934.00,934.00,934.00,934.00,50,362550
20211025,09:36,931.95,938.00,931.95,938.00,100,362600
20211025,09:37,936.30,936.30,936.30,936.30,50,362600
20211025,09:38,922.00,922.00,916.30,916.30,100,362600
20211025,09:39,920.75,920.75,920.75,920.75,50,362600
20211025,09:41,928.20,935.00,928.20,935.00,150,362650
20211025,09:42,928.25,935.50,928.25,935.50,100,362700
20211025,09:43,947.95,947.95,947.95,947.95,50,362700
20211025,09:44,944.15,944.15,944.15,944.15,50,362700
20211025,09:45,959.90,959.90,959.90,959.90,100,362700
20211025,09:46,959.90,971.60,959.90,971.60,250,362700
20211025,09:47,984.35,995.25,981.15,981.15,600,362850
20211025,09:48,982.50,992.65,982.50,992.65,200,362850
20211025,09:49,1005.90,1005.90,1005.90,1005.90,500,362850
20211025,09:50,1005.90,1015.15,1005.90,1015.15,250,363050
20211025,09:51,1015.40,1015.40,1015.40,1015.40,200,363050
20211025,09:52,987.70,996.75,982.00,996.75,150,363050
20211025,09:53,1005.90,1005.90,1001.00,1001.00,200,362900
20211025,09:55,988.95,988.95,988.95,988.95,50,362900
20211025,09:56,981.85,987.90,981.85,987.10,950,362500
20211025,09:57,981.50,986.70,981.50,986.70,350,362500
20211025,09:58,998.00,1011.65,998.00,1011.65,250,362500
20211025,09:59,1015.00,1019.10,1015.00,1018.95,350,362500
20211025,10:00,1014.90,1020.15,1014.90,1020.15,300,362500
20211025,10:01,1024.50,1024.50,1011.10,1011.10,400,362500
20211025,10:02,1005.25,1005.25,1005.00,1005.00,300,362500
20211025,10:03,1008.85,1013.75,1008.85,1013.75,100,362350
20211025,10:07,988.00,988.00,988.00,988.00,50,362350
20211025,10:08,990.00,992.85,989.35,992.85,250,362250
20211025,10:09,1010.90,1010.90,1010.90,1010.90,50,362250
20211025,10:13,994.30,994.30,994.30,994.30,50,362300
20211025,10:15,994.30,994.30,994.30,994.30,50,362300
20211025,10:18,991.10,1001.90,991.10,1001.20,300,362250
20211025,10:20,975.35,975.35,975.35,975.35,50,362250
20211025,10:21,975.30,975.30,960.00,960.85,350,362250
20211025,10:23,968.00,970.00,968.00,970.00,150,362250
20211025,10:25,976.65,978.90,976.65,978.90,300,362650
20211025,10:27,986.15,987.95,986.15,987.95,400,362550
20211025,10:28,974.25,974.25,974.25,974.25,100,362550
20211025,10:29,974.25,974.25,974.25,974.25,300,362550
20211025,10:31,985.00,985.00,985.00,985.00,200,362600
20211025,10:32,981.00,981.00,974.25,975.00,250,362600
20211025,10:34,967.00,967.00,961.05,962.85,150,362750
20211025,10:37,962.65,962.65,957.40,957.40,400,362700
20211025,10:38,957.65,957.65,957.65,957.65,150,362700
20211025,10:39,951.90,951.90,951.90,951.90,50,362700
20211025,10:41,951.90,951.90,951.90,951.90,50,362700
20211025,10:43,940.00,940.00,940.00,940.00,50,362700
20211025,10:46,922.15,922.15,919.95,919.95,150,362750
20211025,10:47,917.95,917.95,914.60,914.60,100,362750
20211025,10:49,925.60,925.60,919.00,919.00,250,362800
20211025,10:52,931.65,931.65,928.50,928.50,100,363000
20211025,10:53,921.95,921.95,921.95,921.95,50,363000
20211025,10:55,926.30,929.55,926.30,929.55,100,363000
20211025,10:56,925.00,925.00,925.00,925.00,50,363000
20211025,11:00,921.20,923.55,921.20,923.55,150,363050
20211025,11:01,922.15,928.70,922.15,928.70,100,363050
20211025,11:03,922.85,922.85,922.85,922.85,50,363050
20211025,11:04,923.70,923.70,923.70,923.70,50,363050
20211025,11:06,926.45,926.45,926.45,926.45,50,363050
20211025,11:09,923.00,923.00,923.00,923.00,50,363050
20211025,11:10,910.00,910.00,907.65,907.65,150,363050
20211025,11:16,890.00,890.00,890.00,890.00,400,363050
20211025,11:17,892.60,892.60,889.90,889.90,200,363050
20211025,11:20,889.10,889.10,889.10,889.10,50,363550
20211025,11:21,880.10,880.10,876.90,876.90,200,363500
20211025,11:22,875.40,878.45,875.40,876.60,150,363500
20211025,11:24,876.60,876.60,866.00,866.00,150,363350
20211025,11:25,863.55,869.25,863.55,869.25,100,363350
20211025,11:26,874.15,874.15,874.15,874.15,100,363350
20211025,11:29,891.75,891.75,891.75,891.75,50,363450
20211025,11:30,888.10,888.90,888.10,888.90,150,363500
20211025,11:31,887.15,887.15,887.15,887.15,50,363500
20211025,11:32,884.10,884.10,878.80,878.80,1050,363500
20211025,11:34,884.65,884.65,884.65,884.65,100,363900
20211025,11:36,896.00,896.00,895.65,895.65,100,363900
20211025,11:37,891.65,891.65,890.30,890.30,1500,363900
20211025,11:38,895.55,896.75,895.55,896.75,1000,363900
20211025,11:39,889.80,890.90,885.85,890.90,1500,364300
20211025,11:40,889.20,889.20,885.90,886.20,6000,364300
20211025,11:42,893.90,893.90,893.90,893.90,350,364300
20211025,11:43,884.30,884.60,884.30,884.60,650,367050
20211025,11:44,880.00,880.00,877.85,877.85,150,367050
20211025,11:45,880.90,881.25,875.00,877.60,650,366300
20211025,11:47,873.20,873.20,872.25,872.25,150,366300
20211025,11:48,870.30,870.30,870.30,870.30,250,366050
20211025,11:49,875.30,878.05,872.30,876.75,1350,366050
20211025,11:50,869.60,872.30,869.60,872.25,1500,366050
20211025,11:51,873.10,873.10,863.35,867.40,1750,367800
20211025,11:52,865.40,866.95,861.75,861.75,1700,367800
20211025,11:56,868.45,868.45,868.45,868.45,150,367800
20211025,12:00,863.05,863.05,863.05,863.05,50,368900
20211025,12:01,858.55,858.55,858.55,858.55,100,368900
20211025,12:02,850.00,850.00,850.00,850.00,100,368900
20211025,12:03,836.45,841.00,836.45,840.90,700,368750
20211025,12:04,838.60,844.20,838.60,841.65,600,368750
20211025,12:05,830.85,831.60,824.00,827.50,550,368750
20211025,12:06,822.45,837.55,822.45,837.55,650,368950
20211025,12:07,831.65,839.40,831.65,839.40,450,368950
20211025,12:08,842.20,844.90,837.00,842.05,500,368950
20211025,12:09,846.40,851.80,845.55,851.80,250,368750
20211025,12:10,864.15,864.15,864.15,864.15,50,368750
20211025,12:11,861.90,861.90,855.75,855.75,200,368750
20211025,12:12,862.50,868.55,862.50,868.55,250,368850
20211025,12:13,871.30,878.15,871.30,878.15,100,368850
20211025,12:14,873.85,873.85,873.85,873.85,50,368850
20211025,12:15,869.95,877.05,869.95,877.05,300,369150
20211025,12:16,878.70,878.70,872.00,874.15,550,369150
20211025,12:17,860.50,860.50,851.85,855.45,650,369150
20211025,12:18,856.20,856.20,856.20,856.20,50,369050
20211025,12:19,869.40,869.40,869.40,869.40,450,369050
20211025,12:20,869.55,871.50,861.95,866.75,350,369050
20211025,12:21,861.90,866.75,861.90,866.75,100,368850
20211025,12:23,874.65,895.00,874.65,895.00,650,368850
20211025,12:24,891.80,895.00,886.00,895.00,800,369000
20211025,12:26,896.00,899.10,893.00,893.00,200,369000
20211025,12:27,895.00,895.00,880.45,883.70,250,368400
20211025,12:28,872.25,877.40,872.25,876.95,750,368400
20211025,12:29,874.10,874.10,874.10,874.10,50,368400
20211025,12:31,879.10,879.10,874.85,878.35,1000,369200
20211025,12:33,880.00,880.00,880.00,880.00,100,369750
20211025,12:35,880.00,880.00,879.35,879.35,200,369750
20211025,12:36,882.70,882.70,882.70,882.70,50,369850
20211025,12:37,882.00,882.00,882.00,882.00,50,369850
20211025,12:39,875.25,875.25,875.25,875.25,200,369850
20211025,12:42,885.40,885.40,885.40,885.40,50,369900
20211025,12:43,879.30,879.30,879.30,879.30,50,369950
20211025,12:44,880.45,882.85,880.45,882.85,100,369950
20211025,12:50,880.00,880.00,880.00,880.00,150,370000
20211025,12:51,874.85,874.85,874.85,874.85,150,370100
20211025,12:52,861.20,874.75,861.00,874.75,300,370100
20211025,12:53,873.00,873.00,873.00,873.00,150,370100
20211025,12:54,871.75,871.75,871.75,871.75,100,370100
20211025,12:56,869.75,869.75,869.75,869.75,1050,370400
20211025,13:00,874.05,874.05,874.05,874.05,200,369350
20211025,13:01,876.00,876.00,876.00,876.00,100,369500
20211025,13:05,853.30,853.30,853.30,853.30,100,369400
20211025,13:06,857.60,857.60,850.00,850.00,500,369350
20211025,13:10,862.15,862.15,862.15,862.15,50,369350
20211025,13:12,860.00,860.00,860.00,860.00,150,369350
20211025,13:14,872.55,874.10,872.55,874.10,150,369350
20211025,13:15,876.45,876.45,876.45,876.45,50,369400
20211025,13:19,871.00,871.00,871.00,871.00,50,369400
20211025,13:20,859.35,859.35,859.35,859.35,100,369450
20211025,13:22,873.50,873.50,873.50,873.50,50,369550
20211025,13:23,870.30,870.30,870.30,870.30,100,369550
20211025,13:26,869.75,872.35,869.75,872.35,100,369400
20211025,13:27,865.00,865.00,865.00,865.00,50,369400
20211025,13:28,868.45,868.45,868.45,868.45,200,369350
20211025,13:29,860.80,860.80,860.80,860.80,100,369350
20211025,13:30,862.10,862.10,862.10,862.10,50,369350
20211025,13:32,860.35,866.30,860.35,866.30,100,369250
20211025,13:33,869.05,895.15,869.05,895.15,400,369250
20211025,13:34,888.05,888.05,885.00,885.30,200,369250
20211025,13:35,885.05,885.05,860.00,860.00,150,369250
20211025,13:36,847.05,847.05,835.15,846.00,450,369700
20211025,13:37,838.55,838.55,838.55,838.55,150,369700
20211025,13:38,845.00,845.00,843.00,845.00,500,369700
20211025,13:39,850.65,850.65,849.95,849.95,150,369700
20211025,13:41,838.95,838.95,838.95,838.95,50,369200
20211025,13:44,852.75,852.85,852.75,852.85,100,369150
20211025,13:46,860.30,860.30,860.30,860.30,150,369250
20211025,13:47,878.85,884.05,878.85,884.05,300,369250
20211025,13:48,874.65,874.65,874.65,874.65,50,369250
20211025,13:54,875.10,875.10,875.10,875.10,50,369200
20211025,13:55,876.00,876.00,876.00,876.00,100,369200
20211025,13:56,874.95,874.95,874.95,874.95,200,369200
20211025,13:59,870.00,870.00,863.95,863.95,550,369150
20211025,14:00,862.00,862.50,860.00,862.50,1150,370100
20211025,14:01,867.60,867.60,866.90,866.90,100,370100
20211025,14:02,868.10,868.10,868.10,868.10,50,370100
20211025,14:03,868.45,868.45,868.45,868.45,50,370100
20211025,14:04,864.35,864.35,864.35,864.35,50,370500
20211025,14:05,872.10,872.10,869.35,869.40,400,370500
20211025,14:06,869.70,869.70,869.70,869.70,50,370500
20211025,14:08,866.20,866.20,857.90,857.90,200,370800
20211025,14:09,867.15,867.15,867.15,867.15,50,370800
20211025,14:10,871.95,871.95,871.95,871.95,50,371050
20211025,14:12,874.60,880.10,874.60,880.10,150,371200
20211025,14:13,883.75,883.75,878.25,878.25,100,371200
20211025,14:14,890.75,909.90,890.75,909.90,600,371200
20211025,14:15,925.70,946.75,925.15,946.75,650,371200
20211025,14:16,929.20,929.20,929.20,929.20,400,371350
20211025,14:17,926.35,927.15,926.35,927.15,150,371350
20211025,14:18,928.70,940.40,928.70,933.90,350,371550
20211025,14:19,932.50,934.00,932.50,934.00,100,371550
20211025,14:20,923.90,923.90,922.45,922.45,250,371550
20211025,14:21,926.90,926.90,926.90,926.90,50,371550
20211025,14:22,926.05,926.30,924.25,924.25,450,371450
20211025,14:23,925.60,925.60,923.15,923.15,200,371450
20211025,14:25,910.00,910.00,910.00,910.00,50,371450
20211025,14:28,916.35,916.35,912.25,912.25,150,371450
20211025,14:30,930.10,930.10,930.10,930.10,150,371450
20211025,14:31,922.00,922.00,922.00,922.00,250,371600
20211025,14:32,922.00,922.00,903.55,903.55,100,371600
20211025,14:35,918.00,920.65,918.00,920.65,100,371800
20211025,14:36,907.50,907.50,907.50,907.50,50,371800
20211025,14:39,911.90,911.90,909.80,909.80,100,371850
20211025,14:41,899.90,899.90,899.90,899.90,50,371950
20211025,14:42,909.90,909.90,909.90,909.90,50,371950
20211025,14:43,903.90,903.90,903.90,903.90,50,372050
20211025,14:48,881.45,882.95,879.40,882.95,1100,372100
20211025,14:49,887.15,887.15,880.40,886.00,1700,372850
20211025,14:50,896.15,896.15,882.85,882.85,250,372850
20211025,14:51,889.65,889.65,889.65,889.65,50,372850
20211025,14:52,885.10,891.50,885.10,890.25,2000,373600
20211025,14:53,889.65,889.65,887.90,887.90,550,373600
20211025,14:54,885.75,885.75,885.75,885.75,50,373600
20211025,14:55,887.90,887.90,887.90,887.90,50,375300
20211025,14:56,883.80,883.80,872.10,872.10,750,375300
20211025,14:57,875.20,875.20,870.05,870.05,100,375300
20211025,14:58,878.90,878.90,870.60,874.50,200,375250
20211025,14:59,878.90,883.60,874.90,880.75,750,375250
20211025,15:00,882.15,884.25,882.05,884.25,2750,375250
20211025,15:02,891.00,891.00,891.00,891.00,50,376450
20211025,15:03,899.55,899.55,899.55,899.55,50,376450
20211025,15:04,898.90,898.90,898.90,898.90,50,376500
20211025,15:05,898.90,898.90,898.90,898.90,50,376500
20211025,15:07,890.95,892.05,890.95,892.05,100,376600
20211025,15:08,884.15,885.95,879.45,879.45,400,376600
20211025,15:09,880.75,880.75,878.40,878.40,150,376600
20211025,15:10,885.00,885.00,885.00,885.00,900,376600
20211025,15:11,888.35,888.35,888.35,888.35,50,376650
20211025,15:12,890.35,890.95,889.95,889.95,150,376650
20211025,15:13,888.95,888.95,888.10,888.10,100,376900
20211025,15:16,887.85,889.50,886.80,889.50,1300,377000
20211025,15:18,883.35,886.25,881.65,881.65,300,377000
20211025,15:19,882.20,885.00,881.65,881.65,700,377500
20211025,15:20,886.20,886.20,882.90,882.90,100,377500
20211025,15:21,883.40,883.40,881.85,881.85,1850,377500
20211025,15:23,887.00,887.00,885.90,885.90,100,375450
20211025,15:24,886.00,886.00,882.85,882.85,100,375450
20211025,15:25,886.00,886.00,886.00,886.00,50,375400
20211025,15:26,885.00,885.00,884.00,884.00,150,375400
20211025,15:27,884.75,886.10,884.75,884.85,500,375400
20211025,15:28,882.15,885.35,882.10,883.05,400,374850
20211025,15:29,883.05,884.75,883.05,883.95,200,374850
20211026,09:15,866.55,866.55,866.55,866.55,101,374750
20211026,09:16,855.00,856.95,855.00,856.95,150,374750
20211026,09:17,852.75,852.75,848.15,848.15,500,374200
20211026,09:18,840.00,840.00,832.20,832.20,1350,374200
20211026,09:19,832.20,832.20,832.20,832.20,50,374200
20211026,09:20,822.50,822.50,820.00,820.00,650,373200
20211026,09:21,820.00,820.00,820.00,820.00,300,373200
20211026,09:22,830.45,830.45,830.20,830.20,150,373200
20211026,09:23,828.60,828.60,821.70,821.70,800,372400
20211026,09:24,820.00,820.00,815.40,815.40,1050,372400
20211026,09:25,819.90,819.90,815.10,815.10,400,372400
20211026,09:26,815.10,818.00,815.10,818.00,100,372400
20211026,09:28,822.60,822.60,808.00,808.00,1300,371400
20211026,09:29,807.00,807.00,796.75,800.85,700,371750
20211026,09:30,793.00,793.00,793.00,793.00,400,371750
20211026,09:31,800.00,800.00,796.90,796.90,150,371750
20211026,09:32,798.15,799.00,795.20,795.20,900,371600
20211026,09:33,800.80,800.80,800.80,800.80,50,371600
20211026,09:34,800.80,800.80,800.00,800.00,200,371600
20211026,09:36,797.95,797.95,795.60,795.60,150,371700
20211026,09:37,792.45,792.45,792.45,792.45,100,371700
20211026,09:38,800.90,800.90,798.00,798.00,350,371700
20211026,09:40,799.95,799.95,799.95,799.95,50,371850
20211026,09:41,795.75,795.75,795.75,795.75,50,371950
20211026,09:42,799.35,799.35,799.35,799.35,1000,371950
20211026,09:43,801.80,801.80,801.80,801.80,50,371950
20211026,09:45,811.35,811.35,811.35,811.35,100,372550
20211026,09:46,800.05,800.05,800.05,800.05,50,372550
20211026,09:49,797.75,797.75,797.75,797.75,100,372500
20211026,09:50,797.00,797.00,792.75,792.75,150,372500
20211026,09:51,787.90,787.90,787.90,787.90,50,372400
20211026,09:52,787.90,788.05,787.90,788.05,100,372400
20211026,09:53,789.95,789.95,788.45,788.45,250,372400
20211026,09:54,785.90,785.90,780.20,780.20,100,372500
20211026,09:55,780.20,785.00,780.20,785.00,200,372500
20211026,09:56,783.45,783.45,776.10,776.10,300,372650
20211026,09:57,776.10,776.10,776.10,776.10,150,372650
20211026,09:58,778.00,778.00,778.00,778.00,500,372650
20211026,09:59,778.25,778.25,775.00,775.00,600,373200
20211026,10:00,775.00,775.00,773.15,773.15,650,373200
20211026,10:01,773.15,793.80,773.15,793.80,150,373200
20211026,10:02,786.35,789.45,786.35,789.45,100,373200
20211026,10:04,776.00,777.25,776.00,777.25,800,373950
20211026,10:05,777.25,778.95,777.25,778.95,1500,374300
20211026,10:06,778.85,781.15,777.30,777.30,1150,374300
20211026,10:08,785.00,785.00,782.75,782.75,250,374300
20211026,10:09,780.25,780.80,780.25,780.80,200,373850
20211026,10:10,780.75,783.85,779.00,781.45,2100,373850
20211026,10:11,785.00,785.00,783.60,784.70,2150,376050
20211026,10:12,784.70,784.70,783.00,783.85,1850,376050
20211026,10:13,784.40,784.40,784.40,784.40,100,376050
20211026,10:14,789.70,790.85,789.70,790.45,300,377200
20211026,10:15,790.25,790.25,790.25,790.25,600,377200
20211026,10:16,789.30,790.40,784.85,790.40,400,377200
20211026,10:17,793.35,795.35,789.75,789.75,1050,377200
20211026,10:18,794.35,797.85,794.35,797.55,550,377600
20211026,10:19,795.45,800.00,795.45,800.00,700,377600
20211026,10:20,809.35,827.80,809.35,825.60,400,377600
20211026,10:21,822.80,839.95,822.80,838.95,300,378450
20211026,10:22,832.80,833.00,829.35,832.30,500,378450
20211026,10:23,832.10,832.10,824.10,824.10,450,378450
20211026,10:24,826.15,831.45,826.15,828.85,750,378150
20211026,10:25,833.05,839.45,833.05,835.00,400,378150
20211026,10:26,830.45,830.45,825.00,825.00,450,378450
20211026,10:27,824.10,824.10,820.60,820.60,300,378450
20211026,10:28,810.50,810.50,810.50,810.50,100,378450
20211026,10:29,811.75,811.75,810.45,810.45,250,378450
20211026,10:30,812.15,815.00,812.15,815.00,250,379100
20211026,10:31,819.30,819.30,819.30,819.30,50,379100
20211026,10:32,817.00,820.70,817.00,820.70,200,379100
20211026,10:33,823.85,823.85,820.10,820.95,650,379150
20211026,10:34,820.20,820.20,820.20,820.20,100,379150
20211026,10:35,819.00,820.15,818.00,820.15,650,379500
20211026,10:36,820.00,820.00,819.65,819.65,300,379500
20211026,10:37,821.50,821.75,821.50,821.75,200,379500
20211026,10:38,825.55,825.55,824.60,824.60,250,379500
20211026,10:39,825.30,825.30,825.30,825.30,50,379650
20211026,10:40,828.80,828.80,826.00,826.00,150,379650
20211026,10:41,828.65,828.65,827.80,827.80,200,379750
20211026,10:43,829.95,829.95,829.95,829.95,100,379750
20211026,10:45,855.00,855.00,853.85,853.85,450,379950
20211026,10:48,871.60,871.60,871.60,871.60,100,379850
20211026,10:49,888.00,888.00,888.00,888.00,150,379850
20211026,10:50,866.25,866.25,864.45,864.45,200,379850
20211026,10:51,870.00,870.00,858.15,858.15,400,379950
20211026,10:52,860.30,860.30,858.50,859.15,250,379950
20211026,10:53,860.85,860.85,860.85,860.85,50,379950
20211026,10:54,866.55,866.55,866.55,866.55,100,380200
20211026,10:55,869.70,869.70,858.20,858.20,450,380200
20211026,10:56,855.60,855.60,853.95,853.95,300,380200
20211026,10:57,856.40,856.40,856.40,856.40,100,380400
20211026,10:58,857.75,858.00,857.75,858.00,150,380400
20211026,11:00,865.00,865.00,865.00,865.00,100,380400
20211026,11:01,860.60,861.85,860.00,861.85,350,380400
20211026,11:02,860.40,861.00,860.40,861.00,200,380450
20211026,11:03,864.10,864.10,864.10,864.10,50,380450
20211026,11:04,865.00,865.00,865.00,865.00,200,380450
20211026,11:05,863.00,863.00,861.00,861.00,250,380450
20211026,11:06,855.15,857.10,855.15,857.10,200,380950
20211026,11:07,856.45,856.45,856.45,856.45,200,380950
20211026,11:08,859.70,861.40,859.70,861.40,200,380950
20211026,11:09,864.55,864.55,864.55,864.55,100,381150
20211026,11:10,874.90,875.45,873.75,873.75,300,381150
20211026,11:11,874.30,874.70,873.00,873.00,300,381150
20211026,11:12,867.00,867.35,866.75,867.35,500,381500
20211026,11:14,862.00,862.00,856.75,856.75,200,381500
20211026,11:15,857.60,861.60,857.60,861.60,200,381450
20211026,11:16,860.10,862.40,860.10,862.40,300,381450
20211026,11:17,862.70,862.70,861.75,861.75,200,381450
20211026,11:18,863.00,863.85,861.85,863.85,300,381600
20211026,11:19,869.00,871.50,869.00,871.50,100,381600
20211026,11:20,870.20,871.30,868.00,868.00,250,381600
20211026,11:21,871.30,871.30,871.30,871.30,50,381700
20211026,11:22,877.45,879.90,877.45,879.90,200,381700
20211026,11:23,877.75,894.25,877.75,894.25,300,381700
20211026,11:24,894.90,905.80,894.90,905.80,450,381700
20211026,11:25,915.75,915.75,906.80,906.80,150,381700
20211026,11:26,902.15,902.15,902.15,902.15,50,381700
20211026,11:27,895.50,895.50,895.50,895.50,50,381700
20211026,11:30,901.90,901.90,901.90,901.90,50,381700
20211026,11:31,900.00,900.00,900.00,900.00,50,381800
20211026,11:32,895.00,895.00,895.00,895.00,50,381800
20211026,11:33,886.95,886.95,886.95,886.95,50,381800
20211026,11:34,887.85,887.90,882.90,887.90,150,381800
20211026,11:35,888.00,888.00,888.00,888.00,50,381800
20211026,11:36,889.55,889.55,889.55,889.55,100,381650
20211026,11:37,885.50,885.50,885.50,885.50,50,381650
20211026,11:38,886.75,888.10,885.00,885.00,450,381650
20211026,11:40,884.45,884.45,881.00,881.00,100,381150
20211026,11:45,877.05,877.05,877.05,877.05,100,381150
20211026,11:48,878.00,878.00,878.00,878.00,50,381150
20211026,11:50,895.95,895.95,895.95,895.95,100,381200
20211026,12:01,877.00,877.00,877.00,877.00,250,381250
20211026,12:02,867.20,867.20,852.20,852.20,900,381250
20211026,12:05,849.70,849.70,849.70,849.70,150,380250
20211026,12:06,847.00,849.75,847.00,849.75,100,380200
20211026,12:10,856.90,857.65,856.90,857.65,300,380150
20211026,12:11,854.45,854.45,854.45,854.45,50,380150
20211026,12:13,854.45,854.45,854.45,854.45,50,380000
20211026,12:16,855.40,855.40,855.40,855.40,50,380000
20211026,12:18,850.00,850.00,850.00,850.00,50,380000
20211026,12:21,859.05,859.05,859.05,859.05,150,379950
20211026,12:24,850.00,850.00,850.00,850.00,450,380000
20211026,12:33,850.20,850.20,850.20,850.20,100,380100
20211026,12:38,865.10,879.15,865.10,879.10,700,380050
20211026,12:40,892.10,903.50,887.35,903.50,400,380100
20211026,12:45,885.70,885.70,885.70,885.70,50,379850
20211026,12:46,881.20,881.20,881.20,881.20,50,379850
20211026,12:47,880.00,880.00,880.00,880.00,100,379850
20211026,12:49,877.35,877.35,877.35,877.35,50,379850
20211026,12:51,877.70,877.70,875.45,875.45,100,379900
20211026,12:53,872.60,872.60,872.60,872.60,100,379900
20211026,12:54,872.60,872.60,872.60,872.60,50,379900
20211026,12:55,861.15,861.15,856.65,856.65,150,379850
20211026,12:56,857.70,857.70,855.00,855.00,100,379850
20211026,12:57,855.10,855.10,855.10,855.10,50,379850
20211026,12:58,863.45,863.45,863.45,863.45,50,380050
20211026,13:03,860.00,860.00,860.00,860.00,50,380050
20211026,13:04,858.25,858.25,858.25,858.25,50,380050
20211026,13:06,852.15,852.15,852.15,852.15,550,380100
20211026,13:10,855.75,855.75,853.05,853.05,250,380150
20211026,13:11,852.85,852.85,852.85,852.85,50,380150
20211026,13:15,859.45,862.60,859.45,862.25,700,380450
20211026,13:16,859.55,859.55,852.80,852.80,200,380450
20211026,13:17,849.15,849.15,849.15,849.15,100,380450
20211026,13:18,847.65,847.65,847.65,847.65,100,380450
20211026,13:23,852.40,852.40,852.40,852.40,100,380550
20211026,13:24,858.00,859.00,854.25,854.25,150,380450
20211026,13:27,844.20,844.20,833.35,835.95,400,380300
20211026,13:28,835.45,835.45,835.45,835.45,50,380300
20211026,13:30,830.10,830.10,825.95,825.95,100,380300
20211026,13:35,830.00,830.00,830.00,830.00,750,380350
20211026,13:36,830.00,830.00,825.10,825.10,200,380350
20211026,13:37,815.10,815.10,812.55,812.55,100,380300
20211026,13:39,819.90,819.90,818.20,818.20,100,380350
20211026,13:40,807.85,807.85,807.85,807.85,250,380350
20211026,13:42,815.05,818.80,815.05,818.80,100,380500
20211026,13:43,815.75,815.75,806.10,806.10,200,380500
20211026,13:44,806.15,806.15,804.00,804.00,300,380500
20211026,13:45,800.85,803.60,800.70,803.60,300,380500
20211026,13:46,806.80,810.00,806.80,810.00,400,380400
20211026,13:48,806.00,806.00,806.00,806.00,100,380250
20211026,13:49,809.80,809.80,808.25,809.55,250,380250
20211026,13:51,807.30,807.30,807.30,807.30,200,380250
20211026,13:52,808.50,810.25,808.50,810.25,150,379950
20211026,13:54,812.00,812.00,810.00,810.00,100,379950
20211026,13:55,810.00,810.00,807.55,807.55,150,379900
20211026,13:56,810.00,816.70,810.00,816.70,250,379900
20211026,13:59,810.00,810.00,807.00,807.00,150,379750
20211026,14:00,808.70,808.70,807.00,807.00,100,379750
20211026,14:01,807.30,807.30,803.80,803.80,100,379600
20211026,14:02,807.80,810.45,807.80,810.45,100,379600
20211026,14:03,813.75,813.75,813.75,813.75,50,379600
20211026,14:04,814.00,814.00,814.00,814.00,150,379400
20211026,14:05,807.90,808.15,807.75,808.15,150,379400
20211026,14:06,810.00,813.50,810.00,813.50,150,379200
20211026,14:08,821.40,821.40,815.00,815.00,200,379200
20211026,14:09,811.70,811.70,804.80,804.80,1450,378450
20211026,14:10,802.65,805.45,798.80,798.80,800,378450
20211026,14:11,808.75,811.25,808.75,811.25,100,378450
20211026,14:12,808.90,809.90,807.90,809.90,250,378450
20211026,14:13,806.90,806.90,804.90,805.00,500,377900
20211026,14:14,803.40,803.40,789.90,789.90,300,377900
20211026,14:15,788.10,789.90,787.40,789.90,150,378200
20211026,14:18,795.00,795.00,795.00,795.00,100,378200
20211026,14:19,794.65,798.05,794.65,798.05,400,378200
20211026,14:20,796.00,796.00,796.00,796.00,350,378200
20211026,14:21,796.45,797.00,796.45,797.00,550,377900
20211026,14:22,799.70,800.00,796.80,796.80,350,377900
20211026,14:25,798.00,798.00,795.15,795.15,150,377550
20211026,14:26,795.00,795.00,793.45,793.45,150,377550
20211026,14:27,792.15,792.15,792.00,792.00,250,377550
20211026,14:30,788.55,792.00,788.55,792.00,350,377750
20211026,14:31,793.00,793.00,788.05,788.75,1100,377850
20211026,14:32,789.75,791.65,787.90,789.70,3800,377850
20211026,14:33,789.70,789.70,788.50,789.65,1100,377850
20211026,14:34,788.50,789.90,784.20,784.20,1050,380200
20211026,14:35,781.70,781.70,779.60,779.95,750,380200
20211026,14:36,777.80,777.80,777.80,777.80,100,380200
20211026,14:37,781.40,790.05,781.40,790.05,250,381350
20211026,14:41,809.90,809.90,809.90,809.90,100,381500
20211026,14:42,801.00,801.00,792.20,792.20,250,381500
20211026,14:43,799.00,800.00,799.00,800.00,100,381450
20211026,14:44,798.95,798.95,798.95,798.95,50,381450
20211026,14:47,796.75,796.75,796.75,796.75,50,381350
20211026,14:48,790.20,790.20,790.20,790.20,50,381350
20211026,14:49,790.20,794.55,790.20,794.55,200,381400
20211026,14:50,790.25,790.25,788.40,788.45,3000,381400
20211026,14:51,790.45,790.45,790.45,790.45,500,381400
20211026,14:53,787.70,787.70,787.70,787.70,50,383550
20211026,14:54,790.50,790.50,783.85,784.35,250,383550
20211026,14:56,786.00,786.00,786.00,786.00,100,383600
20211026,14:57,784.55,784.55,784.00,784.00,200,383600
20211026,14:58,782.30,783.65,782.30,783.65,200,383700
20211026,14:59,782.15,784.40,782.15,784.40,200,383700
20211026,15:01,786.15,786.30,786.15,786.30,200,384000
20211026,15:02,790.20,792.85,790.20,790.85,200,384000
20211026,15:03,793.55,793.80,790.95,792.65,350,384000
20211026,15:06,788.00,788.00,788.00,788.00,50,384350
20211026,15:07,785.85,785.85,783.85,783.85,200,384350
20211026,15:08,775.60,775.60,770.00,770.00,100,384350
20211026,15:09,765.85,765.85,761.45,761.45,250,384350
20211026,15:10,760.35,760.35,760.35,760.35,100,384250
20211026,15:11,762.50,762.50,762.50,762.50,50,384250
20211026,15:12,763.40,763.40,763.40,763.40,300,384250
20211026,15:13,765.00,765.00,760.95,762.45,400,384450
20211026,15:14,757.65,757.65,757.65,757.65,100,384450
20211026,15:15,758.55,758.55,758.00,758.00,100,384450
20211026,15:16,752.00,752.00,750.00,750.00,250,384450
20211026,15:17,749.95,750.85,747.20,747.20,400,384450
20211026,15:18,747.20,750.00,746.80,746.80,300,384450
20211026,15:19,746.15,747.50,741.55,741.55,1200,384600
20211026,15:20,740.20,740.20,736.40,736.40,200,384600
20211026,15:21,737.15,738.75,737.15,737.65,200,384600
20211026,15:22,738.55,738.55,732.25,732.25,1450,384400
20211026,15:23,730.00,730.00,726.95,726.95,350,384400
20211026,15:24,725.35,725.35,725.35,725.35,150,384400
20211026,15:25,723.80,726.05,723.80,725.75,350,385800
20211026,15:26,725.75,725.75,724.00,724.00,100,385800
20211026,15:27,726.90,726.90,726.90,726.90,100,385800
20211026,15:28,718.30,718.30,718.30,718.30,50,385900
20211026,15:29,718.30,721.00,718.30,721.00,250,385900
20211026,15:30,716.30,716.30,716.30,716.30,50,385900
20211027,09:15,740.00,740.00,739.95,739.95,102,385550
20211027,09:16,739.95,770.00,739.95,770.00,450,385550
20211027,09:17,779.00,782.80,779.00,782.80,1050,385900
20211027,09:18,782.80,782.80,767.85,767.85,250,385900
20211027,09:19,764.75,764.75,756.45,756.45,100,385900
20211027,09:20,760.00,764.20,755.35,757.75,700,385000
20211027,09:21,756.70,756.70,738.25,742.40,400,385000
20211027,09:22,735.00,735.00,727.60,733.95,800,385000
20211027,09:24,734.90,745.20,733.95,745.20,300,385000
20211027,09:25,753.20,770.00,752.20,770.00,1150,385000
20211027,09:26,757.90,757.90,757.90,757.90,50,385000
20211027,09:27,755.90,755.90,755.90,755.90,50,385550
20211027,09:28,755.00,755.00,755.00,755.00,100,385550
20211027,09:29,758.40,758.40,741.00,741.00,500,385400
20211027,09:30,746.50,747.45,741.80,741.80,350,385400
20211027,09:32,748.00,748.00,745.30,745.35,350,385100
20211027,09:33,746.10,753.00,746.10,753.00,200,385100
20211027,09:34,756.60,765.00,756.60,765.00,300,385100
20211027,09:35,757.05,757.05,757.05,757.05,50,385100
20211027,09:36,757.05,757.05,754.50,754.50,200,385350
20211027,09:37,755.20,755.25,754.30,754.80,600,385350
20211027,09:38,755.10,755.10,749.60,749.85,750,385700
20211027,09:40,765.00,770.00,760.10,760.10,300,385700
20211027,09:41,759.80,759.80,758.00,758.00,100,385700
20211027,09:43,757.55,757.55,757.55,757.55,50,385750
20211027,09:45,752.10,752.10,748.25,748.25,150,385750
20211027,09:46,742.00,747.70,742.00,746.35,1000,385750
20211027,09:47,742.95,743.65,742.95,743.65,100,386650
20211027,09:48,742.80,742.80,742.80,742.80,100,386650
20211027,09:50,742.80,746.35,742.70,742.70,150,386650
20211027,09:51,740.00,740.00,738.30,738.30,1400,386800
20211027,09:52,740.00,740.00,736.60,736.60,250,386800
20211027,09:53,739.60,739.60,737.25,737.25,100,386700
20211027,09:54,738.40,739.65,738.40,739.65,100,386700
20211027,09:56,745.00,745.00,739.80,741.90,1500,386700
20211027,09:57,738.75,738.75,736.30,736.75,4050,387450
20211027,09:58,739.15,739.15,735.10,736.05,3200,387450
20211027,09:59,734.45,737.65,734.45,736.15,2250,391050
20211027,10:00,740.00,740.00,733.35,733.35,3900,391050
20211027,10:01,736.15,738.35,736.15,737.65,2100,391050
20211027,10:02,749.80,749.80,745.50,748.90,1500,392300
20211027,10:03,749.95,749.95,747.15,747.35,200,392300
20211027,10:04,745.55,745.55,745.55,745.55,50,392300
20211027,10:05,747.00,749.95,744.55,744.55,500,392300
20211027,10:06,747.80,747.80,744.70,744.70,100,392400
20211027,10:08,751.70,755.75,751.70,755.75,150,392400
20211027,10:09,762.65,764.45,761.90,763.30,200,392500
20211027,10:10,761.45,761.45,757.45,757.45,300,392500
20211027,10:11,760.00,760.00,760.00,760.00,150,392500
20211027,10:12,757.80,757.80,757.80,757.80,50,392100
20211027,10:13,759.50,759.50,759.30,759.30,100,392100
20211027,10:14,751.40,752.30,747.20,747.50,2050,392000
20211027,10:16,746.80,746.80,746.80,746.80,50,392000
20211027,10:17,750.00,750.00,750.00,750.00,300,392000
20211027,10:18,747.45,747.45,744.05,744.05,150,392750
20211027,10:19,745.45,745.45,741.65,744.25,150,392750
20211027,10:20,744.90,747.50,744.90,747.50,200,392750
20211027,10:21,747.00,750.00,747.00,750.00,550,392950
20211027,10:23,735.35,735.35,734.85,734.85,400,392950
20211027,10:24,735.40,739.90,735.40,739.90,300,393250
20211027,10:25,743.35,743.35,738.55,738.55,2550,393250
20211027,10:26,737.60,738.05,737.15,737.15,5000,393250
20211027,10:27,753.40,753.40,753.40,753.40,50,399400
20211027,10:28,754.40,754.40,754.40,754.40,50,399400
20211027,10:29,750.85,750.85,750.85,750.85,100,399400
20211027,10:30,747.85,751.15,747.85,751.15,3000,398600
20211027,10:31,756.55,756.55,756.55,756.55,50,398600
20211027,10:32,757.70,757.70,757.70,757.70,100,398600
20211027,10:34,753.00,757.30,752.65,757.00,2650,401150
20211027,10:35,751.15,754.10,751.05,754.10,5300,401150
20211027,10:37,758.95,758.95,758.95,758.95,100,401150
20211027,10:38,755.80,758.60,753.70,758.60,4000,402100
20211027,10:39,761.40,761.40,761.40,761.40,50,405900
20211027,10:40,768.05,768.05,766.80,766.80,200,405900
20211027,10:41,761.00,761.00,755.35,755.35,700,405900
20211027,10:42,751.10,754.55,750.70,754.55,3100,404750
20211027,10:43,750.95,750.95,750.95,750.95,50,404750
20211027,10:45,750.15,750.15,750.15,750.15,50,404750
20211027,10:46,750.40,750.95,750.40,750.95,550,403650
20211027,10:48,745.35,745.35,745.35,745.35,500,404250
20211027,10:49,741.35,741.35,739.85,740.80,2300,404250
20211027,10:50,740.30,740.30,740.25,740.25,1000,404250
20211027,10:51,746.25,746.25,746.25,746.25,50,405550
20211027,10:52,745.20,745.60,745.20,745.60,150,405550
20211027,10:53,743.90,743.90,743.10,743.10,100,405550
20211027,10:54,745.40,745.40,744.65,744.65,200,405200
20211027,10:56,749.85,749.85,749.85,749.85,50,405200
20211027,10:57,746.05,746.05,746.05,746.05,100,405250
20211027,10:58,750.00,750.00,748.60,748.60,300,405250
20211027,10:59,745.55,745.55,745.55,745.55,200,405250
20211027,11:00,744.65,745.70,744.65,745.70,100,403200
20211027,11:02,746.10,746.10,746.10,746.10,150,403200
20211027,11:04,738.55,738.55,738.55,738.55,400,403200
20211027,11:06,740.85,741.05,739.10,740.10,550,402850
20211027,11:07,741.05,744.10,740.45,743.75,850,402850
20211027,11:08,744.80,745.55,743.20,743.20,300,402850
20211027,11:09,743.25,743.80,743.25,743.80,200,403000
20211027,11:10,746.05,746.05,746.05,746.05,100,403000
20211027,11:11,741.45,741.45,733.20,733.20,250,403000
20211027,11:12,736.65,736.65,736.65,736.65,300,403350
20211027,11:13,738.05,738.05,738.00,738.00,850,403350
20211027,11:14,738.00,738.00,737.55,737.55,250,403350
20211027,11:16,736.30,736.30,736.30,736.30,50,402850
20211027,11:17,732.20,735.80,732.20,734.35,250,402850
20211027,11:20,732.85,737.00,732.00,737.00,250,402900
20211027,11:22,733.30,733.30,733.30,733.30,50,402850
20211027,11:23,734.80,734.80,734.80,734.80,300,402850
20211027,11:24,737.25,737.25,737.25,737.25,50,403150
20211027,11:25,730.10,730.10,723.85,723.85,300,403150
20211027,11:26,723.15,725.40,723.15,724.35,400,403150
20211027,11:27,724.70,725.25,723.85,724.05,7050,403550
20211027,11:28,723.90,723.90,716.15,718.10,8050,403550
20211027,11:29,718.55,720.55,717.75,719.80,600,403550
20211027,11:30,719.20,719.20,714.10,715.30,400,416200
20211027,11:31,716.95,718.75,716.95,718.75,200,416200
20211027,11:32,719.65,724.00,719.65,722.45,600,416200
20211027,11:33,722.85,723.30,722.35,722.50,500,414650
20211027,11:34,722.55,725.55,721.80,724.75,850,414650
20211027,11:35,728.90,728.90,727.45,728.80,600,414650
20211027,11:36,731.20,731.20,725.75,727.55,1150,409750
20211027,11:37,727.60,729.90,727.60,728.65,700,409750
20211027,11:38,726.30,726.30,721.85,721.85,400,409750
20211027,11:39,718.50,718.50,713.45,713.45,250,410000
20211027,11:40,713.45,716.20,712.50,716.20,250,410000
20211027,11:42,713.20,715.20,712.60,714.55,10750,414100
20211027,11:43,715.75,715.75,711.75,711.95,4350,414100
20211027,11:44,710.65,713.10,710.35,712.45,1250,414100
20211027,11:45,709.65,715.05,709.65,714.70,500,423550
20211027,11:46,713.10,717.35,712.00,717.35,600,423550
20211027,11:47,717.60,718.15,714.75,718.15,650,423550
20211027,11:48,719.15,720.20,718.30,720.20,400,423900
20211027,11:49,712.60,712.60,712.60,712.60,150,423900
20211027,11:50,714.90,715.95,714.90,715.95,150,423900
20211027,11:51,713.35,713.35,713.35,713.35,50,416650
20211027,11:52,711.15,712.90,711.15,712.60,450,416650
20211027,11:53,713.55,713.55,713.55,713.55,100,416650
20211027,11:54,716.55,716.55,716.55,716.55,50,417050
20211027,11:55,720.60,720.60,716.30,716.30,700,417050
20211027,11:56,721.70,721.70,721.70,721.70,50,417050
20211027,11:57,719.40,719.40,719.40,719.40,150,417050
20211027,11:58,719.35,721.00,718.95,719.75,250,416750
20211027,12:00,721.90,728.40,721.90,728.40,150,416250
20211027,12:01,728.40,729.45,727.70,727.70,650,416250
20211027,12:02,732.10,732.10,732.10,732.10,100,416250
20211027,12:03,733.70,733.70,733.70,733.70,50,416650
20211027,12:06,730.80,734.80,730.80,734.80,150,416650
20211027,12:07,733.60,734.25,733.15,733.15,800,416650
20211027,12:08,734.00,734.00,732.10,732.10,300,416650
20211027,12:09,732.55,732.80,732.55,732.80,450,416650
20211027,12:10,732.00,732.20,732.00,732.20,500,417150
20211027,12:11,733.00,740.00,733.00,740.00,1200,417150
20211027,12:12,741.25,742.05,741.25,741.25,200,417400
20211027,12:13,740.50,741.25,735.90,741.25,1900,417400
20211027,12:14,739.00,741.40,738.70,740.60,2850,417400
20211027,12:15,745.00,745.95,743.25,745.95,200,420950
20211027,12:16,742.35,742.35,738.75,738.75,700,420950
20211027,12:17,740.45,740.45,737.00,737.00,200,420950
20211027,12:21,734.20,734.20,733.20,733.20,100,417250
20211027,12:22,730.65,730.65,730.65,730.65,50,417250
20211027,12:23,735.00,735.20,735.00,735.20,100,417250
20211027,12:25,734.35,738.60,734.15,736.50,7200,416950
20211027,12:26,736.00,738.55,734.35,734.35,3050,416950
20211027,12:27,738.45,738.45,735.20,737.00,800,426100
20211027,12:28,739.60,739.60,735.90,735.90,650,426100
20211027,12:29,734.65,734.65,733.60,733.60,550,426100
20211027,12:30,735.90,735.90,735.90,735.90,50,426100
20211027,12:31,730.00,730.00,724.60,725.35,300,424500
20211027,12:32,728.90,728.90,728.90,728.90,50,424500
20211027,12:33,728.60,730.65,728.60,729.05,200,424350
20211027,12:34,727.00,727.00,727.00,727.00,50,424350
20211027,12:36,728.70,728.70,728.70,728.70,50,421200
20211027,12:37,730.00,730.00,730.00,730.00,50,421200
20211027,12:40,731.15,735.35,731.15,735.35,100,421150
20211027,12:41,736.30,736.30,733.65,733.65,100,421150
20211027,12:42,740.00,740.00,738.50,738.50,150,421300
20211027,12:43,742.90,742.90,742.90,742.90,100,421300
20211027,12:44,744.95,748.70,744.95,747.50,900,421300
20211027,12:46,738.10,738.10,737.65,737.65,3500,422000
20211027,12:47,737.65,737.65,734.75,734.75,350,422000
20211027,12:48,735.55,735.55,733.10,733.10,850,422000
20211027,12:49,731.45,732.75,731.45,732.75,750,424950
20211027,12:50,731.45,734.35,731.45,734.35,500,424950
20211027,12:51,730.95,732.30,730.95,732.30,250,425850
20211027,12:52,734.10,736.35,734.10,736.35,100,425850
20211027,12:56,740.55,742.10,740.55,742.10,100,422750
20211027,12:57,740.20,740.20,740.20,740.20,50,422800
20211027,12:58,744.75,750.00,744.75,750.00,400,422800
20211027,12:59,749.10,749.10,744.70,744.70,150,422800
20211027,13:00,739.90,740.15,739.15,739.15,650,422350
20211027,13:02,727.65,728.30,726.40,727.80,1950,422350
20211027,13:03,727.75,727.80,724.90,725.25,8550,426300
20211027,13:04,730.65,732.95,730.65,732.95,300,426300
20211027,13:09,728.75,728.75,728.75,728.75,100,429650
20211027,13:10,741.35,741.35,741.35,741.35,50,429650
20211027,13:11,743.75,745.95,743.75,745.95,350,429650
20211027,13:13,733.55,733.55,732.75,732.75,150,429700
20211027,13:14,732.05,733.05,731.25,731.50,700,429700
20211027,13:15,730.30,730.35,728.80,729.70,600,429700
20211027,13:20,732.80,734.80,732.80,734.80,100,429750
20211027,13:22,736.00,737.00,736.00,737.00,1050,429750
20211027,13:24,736.60,736.60,735.70,735.70,150,429750
20211027,13:26,731.85,737.50,731.85,737.30,250,429700
20211027,13:28,737.75,737.75,737.75,737.75,50,429650
20211027,13:29,740.70,740.70,740.15,740.15,100,429650
20211027,13:30,734.25,734.25,734.25,734.25,50,429600
20211027,13:32,739.95,739.95,735.55,735.55,150,429600
20211027,13:33,727.45,727.45,727.45,727.45,50,429600
20211027,13:34,725.00,725.00,719.35,719.35,150,429450
20211027,13:35,722.50,722.50,722.50,722.50,50,429450
20211027,13:36,726.10,726.10,726.10,726.10,50,429450
20211027,13:37,729.90,731.80,729.90,731.80,100,429300
20211027,13:38,731.25,731.25,729.30,729.30,250,429300
20211027,13:40,725.00,725.00,725.00,725.00,100,429100
20211027,13:41,728.65,728.65,728.65,728.65,50,429100
20211027,13:42,729.60,729.60,727.20,728.75,150,429050
20211027,13:43,728.25,731.45,728.25,731.45,550,429050
20211027,13:44,734.05,734.05,734.05,734.05,50,429050
20211027,13:45,731.80,731.80,731.70,731.70,100,429450
20211027,13:46,732.55,732.55,732.55,732.55,100,429450
20211027,13:47,732.85,734.40,729.55,730.00,550,429450
20211027,13:48,730.50,731.55,730.10,730.55,800,430350
20211027,13:49,731.55,731.55,731.55,731.55,100,430350
20211027,13:50,734.55,734.55,732.35,732.35,100,430350
20211027,13:51,732.00,732.00,728.00,728.00,150,430350
20211027,13:52,730.80,730.90,730.80,730.90,150,430450
20211027,13:54,727.20,727.20,727.20,727.20,150,430450
20211027,13:55,729.20,729.20,729.20,729.20,50,430750
20211027,13:57,731.00,731.00,731.00,731.00,50,430750
20211027,13:58,728.05,728.05,728.05,728.05,200,430750
20211027,13:59,729.45,729.45,729.45,729.45,50,430750
20211027,14:00,730.80,735.35,730.80,735.35,300,430750
20211027,14:01,735.10,735.10,735.10,735.10,50,431000
20211027,14:02,730.80,730.80,730.80,730.80,50,431000
20211027,14:03,732.05,732.05,732.05,732.05,50,431000
20211027,14:04,733.95,733.95,733.95,733.95,50,430900
20211027,14:05,733.15,733.15,733.05,733.10,700,430900
20211027,14:06,733.90,734.45,730.05,732.00,1200,432000
20211027,14:07,732.05,732.05,730.35,731.05,200,432000
20211027,14:08,730.55,730.55,730.55,730.55,50,432000
20211027,14:09,729.75,729.75,729.75,729.75,50,432400
20211027,14:10,730.20,730.20,730.20,730.20,50,432400
20211027,14:11,729.40,729.40,727.85,729.10,900,432400
20211027,14:12,728.75,730.00,728.75,730.00,200,432400
20211027,14:13,730.60,730.60,730.60,730.60,50,433250
20211027,14:14,728.85,728.85,728.00,728.55,450,433250
20211027,14:15,729.00,729.00,723.85,723.85,850,433500
20211027,14:16,724.45,755.10,724.45,755.10,2150,433500
20211027,14:17,757.35,780.00,757.35,768.00,1400,433500
20211027,14:18,773.55,773.55,760.00,760.00,850,432450
20211027,14:20,786.00,789.80,786.00,789.80,150,432450
20211027,14:21,781.50,789.00,781.50,787.00,400,432650
20211027,14:22,781.60,781.60,781.60,781.60,250,432650
20211027,14:23,776.10,776.10,776.10,776.10,50,432650
20211027,14:24,772.30,776.15,772.30,776.15,100,432650
20211027,14:25,780.00,783.60,780.00,783.60,150,432550
20211027,14:26,779.95,779.95,779.95,779.95,150,432550
20211027,14:27,777.25,777.25,773.60,775.15,600,432550
20211027,14:28,773.40,773.40,770.00,770.00,1050,432850
20211027,14:29,772.25,780.20,772.25,780.20,100,432850
20211027,14:30,785.80,806.75,785.80,800.55,1000,432450
20211027,14:31,810.00,815.10,804.20,804.20,1400,432450
20211027,14:32,804.30,820.95,804.30,820.95,800,432450
20211027,14:33,820.95,820.95,810.85,810.85,400,431950
20211027,14:34,805.85,805.85,805.85,805.85,50,431950
20211027,14:35,805.20,812.40,803.85,812.40,1150,431950
20211027,14:36,813.20,816.45,811.00,811.00,600,431950
20211027,14:37,808.95,808.95,804.95,807.30,1600,432150
20211027,14:38,811.00,816.60,811.00,816.35,600,432150
20211027,14:39,812.00,830.00,809.05,830.00,650,432150
20211027,14:40,830.45,830.45,821.90,821.90,500,431550
20211027,14:41,818.00,818.00,818.00,818.00,150,431550
20211027,14:42,815.45,816.00,814.45,816.00,150,431550
20211027,14:43,815.00,817.85,815.00,815.75,350,431500
20211027,14:44,814.10,814.10,808.55,808.55,150,431500
20211027,14:45,806.85,806.85,806.85,806.85,50,431500
20211027,14:46,802.70,802.70,802.70,802.70,50,431300
20211027,14:47,800.55,801.80,800.55,801.70,1300,431300
20211027,14:48,794.60,794.60,790.10,790.10,400,431300
20211027,14:49,788.00,788.00,788.00,788.00,400,429800
20211027,14:51,792.60,792.60,792.60,792.60,50,429800
20211027,14:52,798.85,800.00,798.85,800.00,150,429850
20211027,14:54,800.35,800.35,800.35,800.35,50,429850
20211027,14:55,800.50,800.50,795.00,796.00,150,429800
20211027,14:56,793.80,793.80,793.80,793.80,50,429800
20211027,14:57,787.85,787.85,787.85,787.85,50,429800
20211027,14:58,793.80,793.80,788.05,789.95,300,429650
20211027,14:59,790.00,790.15,790.00,790.00,150,429650
20211027,15:00,789.95,795.95,786.00,795.95,350,429650
20211027,15:01,792.70,806.60,792.70,806.60,150,429350
20211027,15:02,815.85,820.00,815.85,820.00,300,429350
20211027,15:03,821.80,821.80,821.80,821.80,50,429350
20211027,15:04,821.80,825.00,821.80,822.80,250,429350
20211027,15:05,813.80,815.00,813.80,815.00,1050,429350
20211027,15:06,803.50,803.50,803.50,803.50,100,429350
20211027,15:07,804.00,804.00,804.00,804.00,100,429750
20211027,15:08,800.00,800.00,800.00,800.00,100,429750
20211027,15:09,802.00,802.00,802.00,802.00,1000,429750
20211027,15:10,800.00,801.55,800.00,801.55,1150,430550
20211027,15:11,800.15,802.00,800.15,802.00,100,430550
20211027,15:12,803.00,803.00,803.00,803.00,50,430550
20211027,15:13,802.00,802.90,802.00,802.90,150,431250
20211027,15:14,801.00,802.05,801.00,802.05,100,431250
20211027,15:15,811.10,811.10,811.10,811.10,50,431250
20211027,15:16,809.05,814.70,809.05,814.70,200,431150
20211027,15:17,814.20,814.20,814.20,814.20,50,431150
20211027,15:20,816.00,816.00,815.65,815.65,150,431250
20211027,15:21,818.00,820.00,818.00,820.00,300,431250
20211027,15:22,823.00,832.05,823.00,832.05,350,431200
20211027,15:23,839.25,844.50,839.25,844.50,550,431200
20211027,15:24,840.35,842.45,840.35,842.45,750,431200
20211027,15:25,842.40,845.00,842.40,845.00,450,430350
20211027,15:26,844.40,848.95,844.00,848.95,1050,430350
20211027,15:27,851.70,851.70,851.70,851.70,500,430350
20211027,15:29,851.70,851.70,837.95,839.00,400,431400
20211028,09:15,853.40,853.40,847.55,847.55,101,431150
20211028,09:16,847.55,847.55,847.55,847.55,50,431150
20211028,09:17,884.05,884.05,879.95,880.35,300,431150
20211028,09:18,880.00,880.00,880.00,880.00,100,431150
20211028,09:19,870.70,875.65,865.00,875.00,1200,431150
20211028,09:20,883.90,889.00,883.90,885.65,400,431150
20211028,09:21,878.55,878.55,874.75,874.75,150,430200
20211028,09:22,874.95,874.95,871.70,871.70,200,430200
20211028,09:23,870.15,870.50,860.85,869.05,9800,438000
20211028,09:24,871.55,871.85,869.05,869.05,3400,438000
20211028,09:25,867.90,867.90,867.00,867.00,200,438000
20211028,09:26,876.00,876.00,870.25,873.55,250,439050
20211028,09:27,876.20,880.00,875.25,875.25,500,439050
20211028,09:28,885.15,885.15,885.15,885.15,50,439050
20211028,09:29,888.05,888.05,882.85,885.00,450,439000
20211028,09:30,885.20,886.20,884.60,886.20,250,439000
20211028,09:31,891.00,895.30,890.00,890.00,1800,439000
20211028,09:32,887.85,893.85,887.85,890.65,750,437350
20211028,09:33,890.10,899.55,890.10,899.55,750,437350
20211028,09:34,899.95,904.60,899.95,900.00,800,437350
20211028,09:35,904.55,909.90,902.50,909.90,300,436350
20211028,09:36,911.15,913.30,904.30,913.30,950,436350
20211028,09:37,920.00,920.00,919.70,919.70,1300,436350
20211028,09:38,910.90,920.65,910.90,920.65,250,435450
20211028,09:39,920.65,924.80,920.65,924.80,500,435450
20211028,09:40,925.15,925.80,925.15,925.80,550,435450
20211028,09:41,925.80,925.80,925.80,925.80,150,434700
20211028,09:42,909.00,919.60,909.00,919.60,1200,434700
20211028,09:43,919.60,919.60,919.60,919.60,300,434700
20211028,09:44,924.75,933.30,924.70,933.30,800,434950
20211028,09:45,939.60,939.60,927.00,927.00,1650,434950
20211028,09:46,932.25,933.00,931.80,933.00,400,434950
20211028,09:47,925.00,925.50,924.00,925.50,200,435450
20211028,09:48,925.60,925.60,920.00,920.00,200,435450
20211028,09:49,916.65,916.65,910.80,910.80,200,435450
20211028,09:50,914.50,921.55,914.50,921.55,700,435250
20211028,09:51,921.55,921.55,921.55,921.55,100,435250
20211028,09:53,913.25,918.50,913.25,918.50,150,435250
20211028,09:55,914.10,914.10,914.10,914.10,100,435250
20211028,09:56,910.00,924.25,910.00,924.25,550,435400
20211028,09:57,929.65,934.30,929.65,934.30,300,435400
20211028,09:58,933.30,946.00,933.30,946.00,200,435400
20211028,09:59,935.60,941.75,935.60,941.75,100,435400
20211028,10:00,942.00,942.00,940.00,940.00,250,435300
20211028,10:01,929.85,930.00,929.85,930.00,100,435300
20211028,10:02,930.00,930.00,930.00,930.00,500,435300
20211028,10:03,935.40,935.40,934.90,934.90,100,435200
20211028,10:04,934.90,934.90,932.40,932.40,400,435200
20211028,10:05,936.95,936.95,932.00,932.00,150,435200
20211028,10:07,933.25,937.85,933.25,935.10,600,435500
20211028,10:08,930.00,930.00,930.00,930.00,50,435500
20211028,10:09,930.00,930.00,930.00,930.00,50,435450
20211028,10:11,923.80,923.80,919.80,920.50,200,435450
20211028,10:12,918.50,918.50,913.90,916.85,400,435500
20211028,10:13,915.40,918.50,913.65,913.65,150,435500
20211028,10:14,915.00,918.55,913.65,917.30,350,435500
20211028,10:15,917.00,925.00,917.00,925.00,150,435750
20211028,10:16,932.85,932.85,929.35,929.35,450,435750
20211028,10:17,923.00,923.00,918.45,919.50,300,435750
20211028,10:18,921.05,924.75,921.05,924.75,150,435950
20211028,10:19,923.45,926.80,923.45,926.80,200,435950
20211028,10:20,921.15,921.15,918.40,918.40,1150,435950
20211028,10:21,919.30,919.30,913.30,913.30,150,437350
20211028,10:23,913.40,915.00,913.40,915.00,100,437350
20211028,10:24,915.35,920.95,910.25,910.25,500,437600
20211028,10:25,915.95,916.80,914.30,916.80,200,437600
20211028,10:26,915.00,915.00,915.00,915.00,50,437600
20211028,10:27,907.70,907.70,907.70,907.70,100,437850
20211028,10:28,912.75,918.00,912.75,917.95,1350,437850
20211028,10:29,917.95,925.00,917.95,925.00,9350,437850
20211028,10:30,928.35,930.80,918.70,922.15,11050,433250
20211028,10:31,927.85,927.85,922.60,926.60,650,433250
20211028,10:32,927.65,929.70,919.25,925.85,800,433250
20211028,10:35,933.30,933.30,933.30,933.30,50,431000
20211028,10:37,925.85,925.85,925.85,925.85,50,431000
20211028,10:38,927.70,929.00,927.70,929.00,300,431000
20211028,10:40,932.00,932.00,932.00,932.00,100,430850
20211028,10:42,934.85,935.55,934.65,935.55,200,430950
20211028,10:43,939.15,940.00,939.15,940.00,350,430950
20211028,10:44,945.00,953.30,945.00,953.30,1050,430950
20211028,10:45,954.10,958.70,950.00,950.00,300,430750
20211028,10:46,955.20,955.40,954.65,955.00,650,430750
20211028,10:47,954.50,957.55,953.05,957.55,1900,430750
20211028,10:48,956.45,960.95,956.45,960.95,950,430800
20211028,10:49,968.25,974.20,968.25,974.20,700,430800
20211028,10:50,970.40,970.40,965.90,965.90,700,430800
20211028,10:53,963.35,972.35,963.35,972.35,500,432050
20211028,10:54,975.55,980.25,975.55,980.25,1250,432050
20211028,10:55,980.25,980.25,972.00,972.00,100,432050
20211028,10:56,972.00,972.00,970.55,970.55,150,432050
20211028,10:57,970.35,970.35,970.35,970.35,50,432050
20211028,11:01,970.35,970.35,970.35,970.35,50,432750
20211028,11:02,969.00,970.00,969.00,970.00,100,432750
20211028,11:03,977.55,977.55,977.55,977.55,50,432750
20211028,11:04,980.00,985.75,980.00,985.75,500,432700
20211028,11:05,989.95,989.95,985.00,985.00,350,432700
20211028,11:06,980.00,980.00,980.00,980.00,100,432450
20211028,11:07,980.00,980.00,980.00,980.00,50,432450
20211028,11:08,980.00,985.60,980.00,985.60,100,432450
20211028,11:11,974.00,976.95,968.00,968.00,800,432400
20211028,11:13,967.15,967.15,953.30,953.30,100,431800
20211028,11:14,955.30,960.00,955.30,960.00,100,431800
20211028,11:15,955.00,956.35,955.00,956.35,100,431850
20211028,11:16,957.40,964.00,957.40,964.00,250,431850
20211028,11:19,946.00,946.00,946.00,946.00,50,431650
20211028,11:20,950.95,950.95,950.95,950.95,300,431650
20211028,11:21,955.00,955.00,950.00,950.00,550,431650
20211028,11:23,950.00,950.00,950.00,950.00,150,431650
20211028,11:24,952.65,956.75,952.65,956.75,350,432300
20211028,11:25,954.05,954.05,954.05,954.05,50,432300
20211028,11:27,956.50,956.50,956.50,956.50,50,432300
20211028,11:28,961.00,961.00,961.00,961.00,100,432300
20211028,11:31,968.90,968.90,968.90,968.90,50,432400
20211028,11:33,958.00,960.60,958.00,960.60,200,432350
20211028,11:34,960.60,960.60,960.60,960.60,100,432350
20211028,11:35,965.10,965.10,958.00,958.00,150,432350
20211028,11:37,965.00,965.00,960.55,960.55,100,431950
20211028,11:38,962.00,962.00,962.00,962.00,100,431950
20211028,11:39,962.00,973.30,962.00,973.30,400,432100
20211028,11:40,968.00,968.00,965.00,965.00,300,432100
20211028,11:46,960.10,960.10,960.10,960.10,50,432550
20211028,11:47,955.00,955.00,953.30,953.30,200,432550
20211028,11:48,954.15,954.15,945.00,945.00,100,432600
20211028,11:49,940.10,940.10,935.20,935.20,300,432600
20211028,11:50,937.40,944.25,934.00,944.25,250,432600
20211028,11:52,941.40,942.30,941.40,942.30,150,432650
20211028,11:53,939.70,939.70,931.30,931.30,250,432650
20211028,11:54,929.75,929.75,929.75,929.75,200,432650
20211028,11:55,935.55,935.55,935.55,935.55,50,433100
20211028,11:56,934.80,934.80,934.80,934.80,100,433100
20211028,11:57,936.35,937.00,935.15,937.00,450,433250
20211028,11:58,936.70,936.70,936.70,936.70,50,433250
20211028,11:59,930.00,934.95,930.00,934.95,600,433250
20211028,12:00,935.00,937.10,935.00,937.10,100,433250
20211028,12:02,945.45,945.45,945.45,945.45,150,433950
20211028,12:03,945.45,948.85,945.45,948.85,200,434150
20211028,12:04,948.85,953.30,948.85,953.30,250,434150
20211028,12:05,949.85,950.00,945.00,950.00,250,434150
20211028,12:07,955.00,955.00,952.00,952.00,1000,434600
20211028,12:08,955.00,958.00,955.00,958.00,1000,434600
20211028,12:09,958.00,965.00,958.00,964.95,600,437150
20211028,12:10,960.95,965.00,960.95,965.00,600,437150
20211028,12:11,963.00,968.00,963.00,968.00,1050,437150
20211028,12:12,964.95,964.95,963.00,964.00,750,438400
20211028,12:13,964.00,964.00,964.00,964.00,500,438400
20211028,12:14,973.30,973.30,971.00,971.00,550,438400
20211028,12:15,975.00,984.30,975.00,984.30,550,439850
20211028,12:16,985.00,985.00,984.80,984.80,750,439850
20211028,12:17,985.00,985.00,978.00,978.00,500,439850
20211028,12:18,981.80,985.85,981.80,985.85,500,441150
20211028,12:20,986.50,986.50,986.50,986.50,50,441150
20211028,12:21,981.10,985.05,980.10,985.05,250,441150
20211028,12:22,983.75,983.75,981.55,982.95,200,441350
20211028,12:23,988.30,995.15,988.30,993.00,300,441350
20211028,12:24,983.45,986.00,983.45,986.00,1150,442100
20211028,12:25,1000.00,1000.15,1000.00,1000.15,350,442100
20211028,12:26,1001.80,1001.80,1001.80,1001.80,100,442100
20211028,12:28,1013.30,1015.00,1013.30,1015.00,150,442200
20211028,12:29,1015.00,1015.00,1012.00,1015.00,350,442200
20211028,12:30,1017.00,1017.00,1000.10,1000.10,250,442800
20211028,12:32,991.70,996.35,991.70,996.35,700,442800
20211028,12:33,996.30,996.30,996.30,996.30,250,442800
20211028,12:34,995.00,1002.75,995.00,998.75,700,442800
20211028,12:35,1000.00,1003.80,995.80,995.80,200,442800
20211028,12:37,1002.35,1005.65,1001.00,1001.00,200,442600
20211028,12:38,1001.00,1002.95,999.25,999.25,200,442600
20211028,12:39,1003.20,1004.50,1003.20,1003.35,150,442600
20211028,12:40,1004.90,1004.90,1001.05,1001.05,100,442600
20211028,12:41,996.55,996.55,994.20,994.20,100,442600
20211028,12:42,990.40,991.65,989.50,989.50,150,442600
20211028,12:43,987.00,987.00,987.00,987.00,250,442600
20211028,12:44,987.60,994.20,987.60,994.20,200,442600
20211028,12:45,992.40,998.85,991.30,998.85,200,442600
20211028,12:46,999.95,1000.30,999.95,1000.30,100,442600
20211028,12:47,990.00,990.00,990.00,990.00,100,442600
20211028,12:48,987.45,992.60,987.45,990.00,850,442400
20211028,12:49,991.30,993.45,990.00,993.45,1100,442400
20211028,12:50,991.00,991.80,983.20,983.20,1250,442400
20211028,12:51,982.95,984.15,980.10,984.15,300,442800
20211028,12:52,979.15,982.15,979.15,982.15,100,442800
20211028,12:53,983.00,989.00,983.00,989.00,200,442800
20211028,12:54,987.15,990.45,980.00,981.35,550,442500
20211028,12:55,978.50,980.35,978.50,978.85,150,442500
20211028,12:56,975.70,977.00,968.70,973.15,300,442500
20211028,12:57,980.95,980.95,972.25,972.25,350,442600
20211028,12:58,974.80,974.80,974.75,974.75,100,442600
20211028,12:59,975.00,976.15,971.80,976.15,300,442600
20211028,13:00,978.00,978.00,978.00,978.00,200,442450
20211028,13:01,977.00,977.00,977.00,977.00,100,442450
20211028,13:02,983.95,983.95,983.10,983.10,350,442450
20211028,13:03,984.60,984.60,984.60,984.60,50,442450
20211028,13:05,970.00,970.00,970.00,970.00,3900,442000
20211028,13:06,970.00,970.00,969.90,969.90,150,442000
20211028,13:07,964.80,969.80,964.80,969.80,450,444150
20211028,13:08,963.55,963.85,963.55,963.85,400,444150
20211028,13:09,963.85,970.00,963.85,970.00,2250,444350
20211028,13:10,969.95,974.75,967.30,974.75,2200,444350
20211028,13:11,970.00,975.00,970.00,975.00,1500,444350
20211028,13:12,975.00,982.90,975.00,982.90,1950,447300
20211028,13:13,984.20,984.20,983.05,983.20,350,447300
20211028,13:14,990.00,990.80,990.00,990.80,400,447300
20211028,13:15,994.70,994.70,990.00,990.00,150,446550
20211028,13:16,983.25,983.25,981.55,981.55,450,446550
20211028,13:17,978.55,978.55,974.25,975.80,150,446550
20211028,13:18,978.20,978.20,971.75,972.70,1550,445950
20211028,13:19,972.65,983.80,972.65,981.45,550,445950
20211028,13:20,975.00,975.00,975.00,975.00,2000,445950
20211028,13:21,980.00,986.25,980.00,986.25,1050,445950
20211028,13:22,985.00,985.00,985.00,985.00,900,447250
20211028,13:23,987.00,987.00,987.00,987.00,50,447250
20211028,13:24,985.95,985.95,985.95,985.95,50,447250
20211028,13:25,983.75,983.75,983.75,983.75,300,447250
20211028,13:26,984.05,989.80,984.05,987.00,300,448200
20211028,13:30,994.35,994.35,994.35,994.35,50,448000
20211028,13:31,995.10,1009.05,995.10,1007.95,600,448000
20211028,13:32,1009.35,1022.80,1009.35,1022.80,550,448000
20211028,13:33,1018.65,1019.40,1012.35,1015.25,1200,447550
20211028,13:34,1014.35,1020.85,1014.20,1016.65,350,447550
20211028,13:35,1017.75,1024.00,1015.25,1024.00,250,447550
20211028,13:36,1024.00,1024.00,1024.00,1024.00,950,448100
20211028,13:37,1024.00,1032.15,1024.00,1028.70,900,448100
20211028,13:39,1023.70,1029.10,1023.70,1029.10,450,448100
20211028,13:42,1028.00,1028.00,1021.25,1021.25,800,448450
20211028,13:43,1020.70,1020.70,1020.70,1020.70,50,448450
20211028,13:44,1023.20,1023.20,1023.20,1023.20,50,448450
20211028,13:45,1025.85,1030.00,1025.85,1030.00,100,448450
20211028,13:47,1022.10,1022.10,1022.10,1022.10,100,448400
20211028,13:48,1020.00,1020.00,1020.00,1020.00,50,448400
20211028,13:49,1018.00,1021.90,1018.00,1021.20,550,448250
20211028,13:50,1023.50,1029.00,1023.50,1029.00,150,448250
20211028,13:51,1030.00,1030.00,1030.00,1030.00,150,448250
20211028,13:52,1032.75,1040.95,1032.75,1040.95,400,448250
20211028,13:54,1040.10,1052.80,1040.10,1046.15,1050,448250
20211028,13:55,1045.50,1052.65,1045.50,1052.65,1350,448750
20211028,13:56,1052.65,1052.65,1051.50,1052.35,700,448750
20211028,13:57,1060.10,1060.10,1060.10,1060.10,50,448750
20211028,13:58,1060.10,1060.10,1046.00,1046.25,350,449800
20211028,13:59,1043.25,1052.90,1043.25,1052.90,1350,449800
20211028,14:01,1052.90,1056.40,1052.90,1056.40,200,449900
20211028,14:04,1070.00,1070.00,1070.00,1070.00,50,449950
20211028,14:05,1070.00,1070.00,1070.00,1070.00,50,449950
20211028,14:06,1066.25,1066.25,1066.25,1066.25,150,449950
20211028,14:07,1065.00,1065.00,1060.55,1060.55,350,450050
20211028,14:08,1060.65,1060.65,1060.65,1060.65,100,450050
20211028,14:09,1066.15,1066.15,1066.15,1066.15,50,450050
20211028,14:10,1071.70,1071.70,1065.95,1065.95,150,450400
20211028,14:11,1063.00,1063.00,1063.00,1063.00,50,450400
20211028,14:12,1063.45,1063.45,1063.45,1063.45,50,450400
20211028,14:13,1052.95,1052.95,1052.95,1052.95,100,450400
20211028,14:14,1050.75,1050.75,1049.85,1049.85,150,450400
20211028,14:15,1047.70,1047.70,1044.00,1044.00,300,450400
20211028,14:16,1040.00,1044.35,1040.00,1044.35,350,450450
20211028,14:17,1039.15,1050.00,1039.15,1050.00,650,450450
20211028,14:18,1045.00,1045.00,1042.95,1043.40,300,450450
20211028,14:19,1043.40,1043.40,1042.10,1042.10,550,450850
20211028,14:20,1064.75,1064.75,1057.60,1060.70,300,450850
20211028,14:21,1062.55,1062.55,1056.45,1056.45,350,450850
20211028,14:22,1054.45,1054.45,1054.45,1054.45,50,451600
20211028,14:23,1053.70,1057.65,1053.70,1055.00,700,451600
20211028,14:27,1051.70,1065.00,1051.70,1065.00,250,452100
20211028,14:28,1070.20,1075.00,1070.20,1075.00,500,452200
20211028,14:29,1080.00,1082.60,1080.00,1082.60,450,452200
20211028,14:30,1082.60,1082.60,1082.60,1082.60,200,452200
20211028,14:31,1079.00,1079.00,1069.00,1069.00,650,452700
20211028,14:32,1065.85,1065.85,1065.00,1065.00,250,452700
20211028,14:33,1070.00,1070.00,1070.00,1070.00,3600,452700
20211028,14:34,1070.00,1070.00,1070.00,1070.00,3200,455300
20211028,14:35,1068.75,1069.95,1060.75,1060.75,950,455300
20211028,14:37,1065.00,1065.00,1064.55,1064.55,200,455950
20211028,14:38,1066.65,1071.35,1066.65,1071.35,1350,455950
20211028,14:40,1065.00,1070.00,1065.00,1070.00,950,455900
20211028,14:41,1070.00,1070.00,1070.00,1070.00,300,455900
20211028,14:42,1080.00,1080.00,1078.00,1078.00,1100,455900
20211028,14:43,1085.80,1085.80,1085.80,1085.80,50,455700
20211028,14:45,1094.50,1094.50,1094.50,1094.50,100,455700
20211028,14:47,1096.00,1100.00,1096.00,1100.00,300,455650
20211028,14:48,1110.00,1110.05,1106.25,1110.05,400,455650
20211028,14:49,1110.05,1110.05,1106.40,1110.00,900,455150
20211028,14:50,1106.50,1106.50,1103.60,1105.00,1050,455150
20211028,14:51,1100.00,1103.85,1100.00,1103.85,700,455150
20211028,14:52,1104.00,1104.00,1100.00,1102.25,1100,453200
20211028,14:53,1105.00,1112.70,1105.00,1112.70,750,453200
20211028,14:54,1115.05,1125.35,1115.05,1125.35,600,453200
20211028,14:55,1125.35,1130.00,1120.15,1130.00,350,452150
20211028,14:56,1130.00,1130.00,1121.50,1121.50,350,452150
20211028,14:57,1118.30,1118.30,1110.60,1110.60,300,452150
20211028,14:58,1098.00,1100.00,1090.90,1090.90,1550,451550
20211028,14:59,1090.10,1090.10,1083.00,1083.00,450,451550
20211028,15:00,1075.00,1075.00,1060.00,1060.00,350,451550
20211028,15:01,1090.05,1091.05,1090.05,1091.05,100,452400
20211028,15:02,1100.55,1100.55,1091.50,1091.50,250,452400
20211028,15:03,1080.10,1080.10,1080.10,1080.10,50,452400
20211028,15:04,1076.00,1076.00,1075.00,1075.00,100,452600
20211028,15:05,1068.70,1068.70,1068.70,1068.70,50,452600
20211028,15:06,1071.50,1083.25,1071.50,1083.25,1650,452600
20211028,15:07,1083.45,1091.25,1083.45,1091.25,1650,453350
20211028,15:08,1091.95,1094.10,1089.35,1093.00,1250,453350
20211028,15:09,1096.50,1096.50,1096.50,1096.50,100,453350
20211028,15:10,1095.90,1102.00,1095.70,1102.00,650,454250
20211028,15:11,1100.00,1111.90,1100.00,1106.15,1800,454250
20211028,15:12,1105.00,1109.00,1105.00,1109.00,2050,454250
20211028,15:13,1109.90,1115.00,1109.00,1115.00,300,456500
20211028,15:14,1116.55,1119.80,1116.55,1119.05,650,456500
20211028,15:15,1113.65,1114.55,1108.05,1108.05,650,456500
20211028,15:16,1115.60,1115.60,1111.25,1111.25,400,456950
20211028,15:17,1112.00,1114.25,1112.00,1114.25,1600,456950
20211028,15:18,1115.20,1121.20,1115.20,1121.20,100,456950
20211028,15:19,1132.50,1132.50,1125.85,1126.55,1850,457800
20211028,15:20,1132.20,1132.20,1132.20,1132.20,200,457800
20211028,15:21,1135.00,1143.00,1134.40,1143.00,3400,457800
20211028,15:22,1148.50,1160.40,1148.50,1156.00,950,458050
20211028,15:23,1160.40,1164.45,1159.00,1164.45,950,458050
20211028,15:24,1163.65,1167.05,1163.65,1167.05,600,458050
20211028,15:25,1150.10,1150.10,1134.00,1134.00,200,458500
20211028,15:26,1130.10,1132.35,1130.00,1132.35,1000,458500
20211028,15:27,1122.55,1125.00,1122.55,1125.00,300,458500
20211028,15:28,1128.00,1130.00,1128.00,1130.00,850,459750
20211028,15:29,1130.80,1132.60,1123.70,1123.70,700,459750
20211029,09:15,1130.00,1243.95,1130.00,1243.95,101,459950
20211029,09:16,1250.00,1273.75,1250.00,1265.50,2500,459950
20211029,09:17,1235.50,1269.90,1235.50,1269.90,800,459650
20211029,09:18,1295.80,1300.55,1295.00,1295.00,750,459650
20211029,09:19,1313.35,1314.15,1272.25,1272.25,700,459650
20211029,09:21,1329.90,1329.90,1329.90,1329.90,50,459650
20211029,09:22,1330.00,1330.00,1330.00,1330.00,550,459650
20211029,09:23,1330.00,1330.00,1330.00,1330.00,300,459550
20211029,09:24,1330.00,1330.00,1330.00,1330.00,50,459550
20211029,09:25,1300.00,1330.00,1300.00,1330.00,1250,459550
20211029,09:26,1300.00,1325.00,1300.00,1325.00,1000,459150
20211029,09:27,1316.20,1316.20,1310.00,1310.00,1050,459150
20211029,09:28,1305.30,1305.30,1305.30,1305.30,50,459150
20211029,09:29,1272.05,1280.00,1270.00,1280.00,2500,457950
20211029,09:30,1300.00,1317.45,1300.00,1317.45,200,457950
20211029,09:31,1280.00,1280.00,1264.00,1264.00,550,457950
20211029,09:32,1250.20,1264.40,1250.20,1261.80,650,457450
20211029,09:33,1274.95,1275.00,1262.20,1262.20,1450,457450
20211029,09:34,1260.00,1270.00,1260.00,1270.00,650,457450
20211029,09:35,1265.40,1275.00,1260.00,1262.35,1300,458550
20211029,09:36,1263.00,1312.80,1263.00,1292.70,450,458550
20211029,09:37,1294.50,1294.50,1272.30,1272.30,850,458550
20211029,09:38,1260.00,1263.85,1260.00,1263.10,200,459800
20211029,09:39,1260.00,1260.00,1247.75,1247.75,250,459800
20211029,09:40,1243.45,1255.00,1230.95,1230.95,900,459800
20211029,09:41,1230.00,1230.00,1204.00,1204.00,600,460500
20211029,09:42,1212.00,1222.50,1208.00,1208.00,1100,460500
20211029,09:43,1208.00,1213.30,1200.10,1200.10,600,460500
20211029,09:44,1216.05,1220.00,1216.05,1220.00,1200,461550
20211029,09:45,1209.10,1218.20,1209.10,1218.20,450,461550
20211029,09:46,1205.00,1205.00,1200.00,1200.00,500,461550
20211029,09:47,1200.00,1200.00,1200.00,1200.00,400,463550
20211029,09:48,1199.95,1200.00,1180.00,1190.00,800,463550
20211029,09:49,1175.70,1180.00,1170.00,1174.60,800,463550
20211029,09:50,1180.00,1194.00,1172.00,1172.00,1050,465350
20211029,09:51,1150.95,1150.95,1145.95,1145.95,150,465350
20211029,09:52,1140.80,1153.55,1140.80,1153.55,150,465350
20211029,09:53,1148.10,1148.65,1148.10,1148.65,100,465350
20211029,09:54,1160.00,1160.00,1160.00,1160.00,150,465500
20211029,09:55,1144.20,1144.20,1136.70,1142.00,550,465500
20211029,09:56,1141.50,1150.00,1141.50,1147.90,600,466150
20211029,09:57,1145.00,1145.00,1125.15,1130.00,1350,466150
20211029,09:58,1142.25,1178.25,1142.25,1178.25,200,466150
20211029,09:59,1170.15,1177.20,1166.05,1170.35,1300,466600
20211029,10:00,1172.05,1197.05,1172.05,1192.05,2000,466600
20211029,10:01,1192.05,1201.05,1185.30,1197.00,350,466600
20211029,10:02,1184.30,1184.30,1184.30,1184.30,300,468300
20211029,10:03,1180.05,1189.90,1173.15,1189.90,950,468300
20211029,10:04,1173.10,1189.75,1173.10,1189.75,200,468300
20211029,10:05,1181.00,1185.25,1181.00,1185.25,250,469000
20211029,10:06,1189.05,1205.95,1189.05,1205.95,250,469000
20211029,10:07,1205.95,1215.00,1205.00,1205.00,750,469000
20211029,10:08,1200.00,1202.80,1195.00,1195.35,1050,468800
20211029,10:09,1190.00,1190.00,1180.00,1185.00,550,468800
20211029,10:10,1180.00,1182.00,1166.05,1169.00,1000,468800
20211029,10:11,1172.05,1172.05,1163.05,1163.05,650,470500
20211029,10:12,1144.25,1144.25,1140.20,1140.20,550,470500
20211029,10:13,1140.10,1164.75,1140.10,1164.75,1250,470500
20211029,10:14,1143.75,1143.75,1131.45,1131.45,1300,471700
20211029,10:15,1143.85,1146.50,1143.85,1146.50,200,471700
20211029,10:16,1135.00,1138.10,1130.00,1130.00,350,471700
20211029,10:17,1120.70,1130.00,1120.70,1130.00,300,472650
20211029,10:18,1125.00,1125.00,1125.00,1125.00,100,472650
20211029,10:19,1125.00,1125.00,1125.00,1125.00,100,472650
20211029,10:20,1130.00,1130.00,1130.00,1130.00,100,472650
20211029,10:21,1139.15,1140.80,1132.25,1140.00,250,473000
20211029,10:22,1150.00,1150.00,1150.00,1150.00,50,473000
20211029,10:24,1140.00,1140.00,1140.00,1140.00,100,473200
20211029,10:25,1140.00,1140.00,1140.00,1140.00,100,473200
20211029,10:26,1140.00,1140.00,1140.00,1140.00,100,473400
20211029,10:27,1149.05,1149.05,1149.05,1149.05,50,473400
20211029,10:30,1159.90,1171.00,1159.90,1171.00,600,473500
20211029,10:32,1138.90,1138.90,1138.90,1138.90,50,473550
20211029,10:33,1140.00,1140.00,1139.95,1139.95,100,473550
20211029,10:34,1138.00,1138.00,1138.00,1138.00,50,473550
20211029,10:35,1132.00,1132.00,1132.00,1132.00,100,473550
20211029,10:36,1132.00,1132.00,1132.00,1132.00,100,473750
20211029,10:37,1145.40,1145.40,1140.00,1140.00,100,473750
20211029,10:40,1123.00,1123.00,1119.00,1119.00,650,473750
20211029,10:42,1113.00,1113.00,1109.00,1109.00,400,474300
20211029,10:43,1105.05,1105.05,1105.00,1105.00,200,474300
20211029,10:44,1100.00,1100.00,1100.00,1100.00,100,474300
20211029,10:46,1100.00,1119.00,1100.00,1119.00,600,474700
20211029,10:51,1091.00,1091.00,1091.00,1091.00,100,474900
20211029,10:57,1091.00,1108.95,1091.00,1108.95,500,474950
20211029,10:58,1109.95,1109.95,1108.95,1108.95,150,474950
20211029,10:59,1100.15,1108.95,1100.10,1100.10,400,475150
20211029,11:00,1100.00,1100.00,1095.00,1095.15,600,475150
20211029,11:01,1092.00,1094.15,1088.60,1094.15,1300,475150
20211029,11:02,1094.10,1108.95,1094.10,1108.95,600,475150
20211029,11:04,1100.50,1100.50,1100.50,1100.50,50,476650
20211029,11:05,1091.95,1091.95,1089.15,1090.00,4100,479750
20211029,11:06,1090.00,1094.05,1084.20,1094.05,1050,479750
20211029,11:07,1085.00,1085.00,1085.00,1085.00,50,479750
20211029,11:08,1085.00,1085.10,1084.90,1085.10,450,479750
20211029,11:09,1095.55,1101.75,1095.55,1101.75,200,481450
20211029,11:10,1104.95,1113.30,1101.60,1101.60,200,481450
20211029,11:11,1098.30,1112.75,1098.30,1112.75,600,481450
20211029,11:12,1128.55,1131.00,1128.55,1131.00,500,481750
20211029,11:13,1149.00,1149.00,1149.00,1149.00,350,481750
20211029,11:14,1159.95,1160.00,1155.00,1160.00,200,481750
20211029,11:16,1133.20,1133.20,1133.20,1133.20,50,481700
20211029,11:22,1133.20,1133.20,1133.20,1133.20,50,481700
20211029,11:27,1136.20,1136.20,1136.20,1136.20,50,481750
20211029,11:29,1133.20,1133.20,1133.20,1133.20,100,481750
20211029,11:31,1123.40,1123.40,1123.40,1123.40,50,481800
20211029,11:33,1123.40,1123.40,1123.40,1123.40,100,481800
20211029,11:35,1136.65,1147.35,1136.65,1147.35,100,481800
20211029,11:37,1147.35,1147.35,1147.35,1147.35,50,481850
20211029,11:38,1145.00,1145.00,1145.00,1145.00,250,481850
20211029,11:41,1145.00,1145.00,1139.05,1139.05,200,482100
20211029,11:43,1127.35,1127.35,1127.35,1127.35,100,482100
20211029,11:44,1130.25,1136.30,1129.25,1136.30,250,482100
20211029,11:45,1133.95,1133.95,1133.95,1133.95,50,482100
20211029,11:48,1138.30,1138.30,1138.30,1138.30,100,482100
20211029,11:50,1130.00,1130.00,1130.00,1130.00,50,482100
20211029,12:02,1140.00,1140.00,1140.00,1140.00,50,482150
20211029,12:08,1169.90,1169.90,1169.90,1169.90,50,482200
20211029,12:09,1173.85,1173.85,1170.00,1170.00,200,482200
20211029,12:11,1172.00,1172.00,1170.00,1170.00,300,482200
20211029,12:13,1190.00,1190.00,1190.00,1190.00,50,482450
20211029,12:15,1151.20,1155.00,1151.20,1155.00,100,482450
20211029,12:23,1160.00,1160.00,1160.00,1160.00,50,482450
20211029,12:25,1156.25,1156.25,1156.25,1156.25,100,482500
20211029,12:34,1201.00,1201.00,1199.30,1199.30,750,482500
20211029,12:35,1204.85,1204.85,1196.25,1196.25,300,482500
20211029,12:37,1189.50,1189.50,1189.50,1189.50,50,482200
20211029,12:38,1205.00,1205.00,1204.85,1204.85,100,482200
20211029,12:40,1187.55,1187.55,1178.15,1183.25,1250,482150
20211029,12:41,1185.00,1190.00,1184.45,1184.45,350,482150
20211029,12:44,1170.00,1176.95,1170.00,1170.00,750,482400
20211029,12:48,1190.00,1192.00,1190.00,1192.00,100,483150
20211029,12:54,1185.00,1185.00,1185.00,1185.00,50,483250
20211029,12:55,1160.00,1160.00,1160.00,1160.00,50,483250
20211029,12:58,1158.00,1158.00,1158.00,1158.00,50,483200
20211029,12:59,1166.00,1171.00,1166.00,1171.00,450,483200
20211029,13:00,1171.00,1171.00,1166.10,1166.10,400,482850
20211029,13:01,1156.65,1156.65,1150.20,1150.20,1550,482850
20211029,13:02,1144.15,1152.20,1144.15,1152.20,100,482850
20211029,13:03,1170.00,1171.00,1170.00,1171.00,2650,482300
20211029,13:04,1180.65,1195.50,1180.65,1195.50,350,482300
20211029,13:05,1218.25,1218.25,1215.05,1215.05,2850,482300
20211029,13:06,1220.00,1225.25,1220.00,1225.25,800,480300
20211029,13:09,1220.00,1233.00,1220.00,1233.00,150,480400
20211029,13:10,1236.00,1240.00,1236.00,1240.00,5500,480400
20211029,13:11,1225.00,1225.00,1225.00,1225.00,50,480400
20211029,13:13,1244.00,1244.00,1240.00,1240.00,450,478550
20211029,13:15,1235.00,1236.25,1235.00,1236.25,650,478150
20211029,13:18,1237.05,1237.05,1236.00,1236.00,100,478050
20211029,13:20,1251.35,1251.35,1251.35,1251.35,100,478050
20211029,13:21,1252.25,1252.25,1251.90,1251.90,100,477950
20211029,13:23,1250.00,1250.00,1250.00,1250.00,50,477950
20211029,13:24,1236.05,1242.00,1236.05,1242.00,450,477950
20211029,13:25,1245.00,1249.35,1245.00,1248.80,350,477950
20211029,13:26,1256.30,1256.30,1256.30,1256.30,150,477950
20211029,13:27,1258.80,1258.80,1253.20,1253.20,300,477950
20211029,13:29,1221.90,1221.90,1221.90,1221.90,50,477650
20211029,13:30,1213.20,1213.20,1213.20,1213.20,150,477700
20211029,13:31,1230.00,1230.00,1230.00,1230.00,50,477700
20211029,13:33,1242.85,1245.75,1242.85,1245.75,150,477850
20211029,13:34,1245.00,1245.00,1244.35,1244.35,100,477850
20211029,13:35,1235.10,1245.00,1235.10,1245.00,300,477850
20211029,13:36,1241.80,1241.80,1239.65,1239.65,750,477850
20211029,13:39,1231.30,1231.30,1231.30,1231.30,200,478150
20211029,13:40,1240.35,1240.35,1240.35,1240.35,50,478150
20211029,13:41,1236.20,1237.55,1236.20,1237.55,200,478150
20211029,13:43,1218.45,1218.45,1203.20,1203.20,150,478300
20211029,13:44,1213.05,1215.00,1213.05,1215.00,150,478300
20211029,13:45,1209.85,1209.85,1209.85,1209.85,50,478450
20211029,13:46,1210.00,1210.00,1210.00,1210.00,50,478450
20211029,13:47,1215.85,1224.00,1215.85,1220.90,250,478450
20211029,13:48,1224.75,1225.40,1224.75,1225.40,250,478750
20211029,13:49,1228.40,1228.40,1228.40,1228.40,100,478750
20211029,13:50,1235.00,1235.00,1228.00,1228.00,100,478750
20211029,13:59,1243.45,1251.00,1243.45,1249.35,250,478950
20211029,14:00,1250.00,1250.00,1250.00,1250.00,50,478900
20211029,14:01,1247.80,1253.45,1247.80,1253.45,100,478900
20211029,14:04,1248.55,1248.70,1248.45,1248.45,950,478950
20211029,14:05,1262.20,1275.50,1262.20,1275.50,350,478950
20211029,14:06,1279.15,1285.50,1279.15,1282.10,450,479350
20211029,14:07,1284.75,1284.75,1279.80,1279.80,250,479350
20211029,14:08,1280.00,1291.15,1280.00,1291.15,150,479350
20211029,14:09,1297.00,1297.00,1297.00,1297.00,50,479500
20211029,14:10,1301.10,1301.10,1301.10,1301.10,100,479500
20211029,14:11,1291.10,1301.10,1291.10,1301.10,200,479500
20211029,14:12,1305.15,1311.05,1305.15,1310.25,250,479600
20211029,14:14,1322.80,1322.80,1322.80,1322.80,1200,479600
20211029,14:15,1322.45,1322.45,1311.60,1311.60,100,479400
20211029,14:16,1313.15,1320.00,1313.15,1320.00,350,479400
20211029,14:17,1313.40,1315.40,1312.35,1315.15,700,479400
20211029,14:18,1313.10,1325.00,1313.10,1325.00,300,479400
20211029,14:21,1286.00,1300.50,1286.00,1300.50,200,479350
20211029,14:25,1275.00,1284.20,1275.00,1284.20,300,479400
20211029,14:26,1289.05,1299.60,1262.80,1262.80,450,479400
20211029,14:27,1275.30,1275.30,1272.35,1272.35,1700,479200
20211029,14:28,1274.25,1283.40,1270.25,1270.25,4500,479200
20211029,14:29,1255.15,1256.15,1245.75,1256.15,3550,479200
20211029,14:30,1262.20,1262.20,1228.65,1228.65,3450,484650
20211029,14:31,1238.00,1240.75,1224.45,1224.45,3850,484650
20211029,14:32,1220.05,1236.50,1220.05,1236.50,3550,484650
20211029,14:33,1223.65,1233.15,1223.65,1228.70,3550,493850
20211029,14:34,1216.55,1230.00,1216.55,1226.00,4700,493850
20211029,14:35,1220.75,1220.75,1202.40,1213.75,3700,493850
20211029,14:36,1206.20,1221.60,1206.20,1216.55,4250,500150
20211029,14:37,1219.60,1229.10,1218.00,1218.00,5050,500150
20211029,14:38,1216.30,1220.40,1205.30,1215.80,5350,500150
20211029,14:39,1214.10,1225.65,1202.25,1225.65,5350,508450
20211029,14:40,1216.35,1245.95,1216.35,1233.85,4000,508450
20211029,14:41,1241.35,1257.10,1234.50,1246.15,5550,508450
20211029,14:42,1243.35,1268.50,1239.50,1268.50,3850,517150
20211029,14:43,1249.80,1272.00,1249.80,1272.00,4200,517150
20211029,14:44,1262.00,1274.00,1247.35,1261.35,4450,517150
20211029,14:45,1255.05,1256.30,1236.70,1236.70,4950,523600
20211029,14:46,1237.90,1250.00,1235.00,1240.00,5700,523600
20211029,14:47,1240.05,1250.00,1237.60,1242.80,5900,523600
20211029,14:48,1241.40,1251.50,1237.80,1246.55,5050,532700
20211029,14:49,1240.20,1248.30,1234.15,1239.15,4400,532700
20211029,14:50,1232.40,1247.20,1232.40,1240.65,4150,532700
20211029,14:51,1240.95,1250.45,1240.95,1247.05,4500,541500
20211029,14:52,1243.05,1248.05,1230.75,1233.05,4050,541500
20211029,14:53,1233.55,1233.55,1212.80,1218.00,5100,541500
20211029,14:54,1210.90,1224.80,1210.90,1221.65,3850,549550
20211029,14:55,1217.05,1237.25,1217.05,1231.80,3950,549550
20211029,14:56,1232.35,1246.60,1218.60,1218.85,5250,549550
20211029,14:57,1224.25,1240.35,1219.55,1236.45,5250,559450
20211029,14:58,1232.55,1241.10,1229.60,1241.10,4550,559450
20211029,14:59,1238.65,1249.45,1230.85,1233.05,5150,559450
20211029,15:00,1233.35,1262.80,1233.35,1256.80,4100,567950
20211029,15:01,1258.40,1284.15,1255.75,1280.30,5350,567950
20211029,15:02,1281.00,1284.75,1267.65,1281.75,4750,567950
20211029,15:03,1281.00,1293.10,1281.00,1290.55,4250,575800
20211029,15:04,1284.90,1298.05,1282.35,1282.35,5100,575800
20211029,15:05,1283.15,1293.75,1280.65,1287.70,5600,575800
20211029,15:06,1285.15,1304.75,1285.15,1295.15,3700,584400
20211029,15:07,1298.40,1314.55,1298.40,1314.30,4000,584400
20211029,15:08,1311.75,1312.30,1306.10,1311.85,4650,584400
20211029,15:09,1312.85,1312.85,1276.40,1281.95,4750,592200
20211029,15:10,1284.00,1296.65,1282.50,1293.00,4500,592200
20211029,15:11,1283.50,1315.00,1283.50,1314.10,4800,592200
20211029,15:12,1313.25,1320.25,1309.15,1316.15,4050,600400
20211029,15:13,1313.10,1320.60,1310.60,1316.45,4150,600400
20211029,15:14,1315.00,1315.55,1306.50,1306.50,4100,600400
20211029,15:15,1311.45,1317.10,1311.45,1312.85,3900,607950
20211029,15:16,1315.65,1315.65,1300.40,1300.40,4300,607950
20211029,15:17,1297.85,1309.15,1288.90,1302.60,4850,607950
20211029,15:18,1305.00,1306.10,1297.25,1306.10,3700,616050
20211029,15:19,1308.50,1309.75,1299.70,1299.70,4450,616050
20211029,15:20,1300.05,1300.05,1281.50,1289.50,5600,616050
20211029,15:21,1283.25,1289.45,1277.60,1284.45,8600,622350
20211029,15:22,1276.95,1279.15,1273.00,1273.00,3500,622350
20211029,15:23,1271.25,1275.20,1268.90,1268.90,3950,622350
20211029,15:24,1276.95,1278.80,1272.65,1274.60,4350,631300
20211029,15:26,1255.00,1255.00,1255.00,1255.00,100,631300
20211029,15:27,1245.25,1245.25,1245.25,1245.25,50,631300
20211029,15:28,1244.00,1252.70,1244.00,1252.70,150,631250
20211029,15:29,1259.25,1259.25,1258.80,1258.80,150,631250
20211101,09:15,1195.40,1195.40,1190.00,1190.00,151,431250
20211101,09:16,1190.00,1190.00,1188.60,1188.60,200,431250
20211101,09:17,1174.80,1194.35,1174.80,1194.35,1000,431200
20211101,09:18,1188.25,1191.00,1171.80,1191.00,2100,431200
20211101,09:19,1187.50,1192.25,1176.75,1178.10,1550,431200
20211101,09:20,1181.50,1191.95,1181.50,1189.20,400,431200
20211101,09:21,1189.05,1189.05,1189.05,1189.05,50,431200
20211101,09:22,1195.15,1195.15,1195.15,1195.15,50,431200
20211101,09:23,1237.20,1237.20,1228.20,1233.85,250,431200
20211101,09:24,1265.30,1265.30,1265.30,1265.30,50,431200
20211101,09:25,1265.30,1265.30,1253.25,1255.90,200,431200
20211101,09:26,1238.00,1238.00,1233.00,1233.00,2000,431150
20211101,09:27,1237.20,1237.20,1237.20,1237.20,50,431150
20211101,09:28,1246.15,1246.15,1243.65,1243.65,150,431150
20211101,09:29,1248.35,1248.35,1248.35,1248.35,150,431150
20211101,09:30,1228.05,1228.05,1228.05,1228.05,50,429050
20211101,09:31,1230.20,1230.20,1226.50,1226.50,250,429050
20211101,09:33,1227.95,1227.95,1227.95,1227.95,50,429150
20211101,09:39,1206.35,1206.35,1206.35,1206.35,50,429150
20211101,09:40,1200.00,1200.00,1200.00,1200.00,100,429100
20211101,09:43,1200.10,1200.10,1200.10,1200.10,50,429100
20211101,09:45,1215.00,1215.00,1206.30,1206.30,200,429150
20211101,09:46,1201.65,1201.65,1196.45,1196.45,100,429150
20211101,09:48,1193.00,1193.00,1193.00,1193.00,50,429150
20211101,09:49,1184.65,1184.65,1184.65,1184.65,50,429150
20211101,09:50,1184.60,1191.85,1184.60,1191.85,100,429150
20211101,09:52,1187.90,1187.90,1187.90,1187.90,50,429050
20211101,09:53,1183.00,1183.00,1180.00,1180.00,400,429050
20211101,09:54,1182.00,1182.00,1182.00,1182.00,50,429000
20211101,09:56,1189.90,1189.90,1189.90,1189.90,250,429000
20211101,09:57,1177.35,1177.35,1175.00,1175.00,650,429000
20211101,09:58,1170.40,1170.40,1170.40,1170.40,400,429000
20211101,09:59,1170.00,1170.00,1170.00,1170.00,200,429000
20211101,10:00,1161.85,1161.85,1161.85,1161.85,100,429650
20211101,10:01,1161.85,1161.85,1152.30,1157.90,750,429650
20211101,10:02,1165.65,1165.65,1165.65,1165.65,50,429650
20211101,10:03,1170.10,1170.10,1170.10,1170.10,50,429700
20211101,10:04,1170.00,1170.00,1170.00,1170.00,100,429700
20211101,10:06,1173.85,1181.35,1173.85,1181.35,650,429500
20211101,10:08,1181.35,1181.35,1181.10,1181.10,100,428950
20211101,10:09,1188.85,1197.25,1186.30,1197.25,1250,428950
20211101,10:10,1197.70,1210.80,1197.70,1210.80,150,428950
20211101,10:11,1206.80,1206.80,1206.80,1206.80,50,428950
20211101,10:12,1202.00,1202.00,1202.00,1202.00,50,428500
20211101,10:16,1205.00,1205.00,1205.00,1205.00,50,428500
20211101,10:17,1201.60,1201.60,1201.60,1201.60,50,428450
20211101,10:19,1225.00,1225.00,1225.00,1225.00,50,428450
20211101,10:20,1229.30,1229.30,1229.30,1229.30,50,428450
20211101,10:21,1236.00,1236.00,1230.00,1230.00,300,428450
20211101,10:22,1230.00,1230.00,1228.00,1228.00,150,428450
20211101,10:32,1203.35,1203.35,1203.35,1203.35,50,428300
20211101,10:38,1220.90,1220.90,1220.90,1220.90,150,428300
20211101,10:39,1223.00,1223.00,1223.00,1223.00,50,428300
20211101,10:40,1220.00,1220.00,1215.00,1215.00,150,428300
20211101,10:41,1220.80,1220.80,1220.80,1220.80,50,428200
20211101,10:42,1218.30,1218.30,1218.30,1218.30,50,428200
20211101,10:45,1227.00,1229.20,1227.00,1229.20,500,428150
20211101,10:46,1216.70,1216.70,1216.70,1216.70,50,428150
20211101,10:48,1230.00,1230.00,1230.00,1230.00,200,428150
20211101,10:49,1240.00,1250.00,1240.00,1250.00,100,428150
20211101,10:51,1240.40,1240.40,1240.40,1240.40,50,428350
20211101,10:57,1210.00,1210.00,1210.00,1210.00,50,428350
20211101,10:58,1210.05,1210.05,1210.05,1210.05,50,428350
20211101,11:05,1226.20,1226.20,1226.20,1226.20,50,428350
20211101,11:08,1219.50,1219.50,1219.50,1219.50,50,428350
20211101,11:11,1201.00,1201.00,1201.00,1201.00,50,428350
20211101,11:21,1208.80,1208.80,1208.80,1208.80,50,428300
20211101,11:31,1205.00,1205.00,1205.00,1205.00,450,428250
20211101,11:34,1189.00,1189.00,1189.00,1189.00,50,428250
20211101,11:37,1181.10,1181.30,1181.10,1181.30,100,428200
20211101,11:45,1183.00,1185.00,1183.00,1185.00,350,428200
20211101,11:52,1190.30,1190.30,1190.25,1190.25,100,428300
20211101,11:53,1190.10,1190.10,1189.00,1189.00,100,428300
20211101,11:54,1187.40,1187.40,1187.40,1187.40,50,428250
20211101,11:56,1182.00,1182.00,1182.00,1182.00,100,428250
20211101,12:00,1179.75,1179.75,1179.75,1179.75,50,428100
20211101,12:06,1184.35,1184.35,1184.35,1184.35,50,428100
20211101,12:07,1181.90,1181.90,1181.90,1181.90,50,428100
20211101,12:08,1168.00,1168.00,1168.00,1168.00,50,428100
20211101,12:12,1175.00,1175.00,1175.00,1175.00,50,428050
20211101,12:13,1168.00,1170.00,1168.00,1170.00,100,428050
20211101,12:19,1170.00,1170.00,1170.00,1170.00,300,428100
20211101,12:25,1168.00,1168.00,1167.50,1167.50,100,427850
20211101,12:26,1160.05,1160.05,1160.05,1160.05,100,427850
20211101,12:27,1155.00,1155.00,1150.00,1150.00,150,427800
20211101,12:40,1150.00,1150.00,1150.00,1150.00,50,427750
20211101,12:44,1150.00,1159.30,1150.00,1159.30,350,427700
20211101,12:49,1152.65,1152.65,1140.00,1140.00,400,427700
20211101,12:51,1140.00,1140.00,1140.00,1140.00,50,427700
20211101,12:52,1145.00,1145.00,1145.00,1145.00,50,427300
20211101,12:54,1142.00,1142.00,1142.00,1142.00,300,427250
20211101,12:55,1133.00,1133.00,1133.00,1133.00,150,427250
20211101,12:57,1145.00,1145.00,1145.00,1145.00,50,427200
20211101,12:58,1145.95,1145.95,1145.95,1145.95,50,427200
20211101,13:00,1140.00,1140.00,1140.00,1140.00,100,427100
20211101,13:02,1149.90,1149.90,1149.90,1149.90,300,427100
20211101,13:05,1143.70,1143.70,1143.70,1143.70,50,427100
20211101,13:10,1127.55,1127.55,1127.55,1127.55,50,427000
20211101,13:14,1127.55,1127.55,1127.55,1127.55,300,427000
20211101,13:30,1100.00,1100.00,1100.00,1100.00,250,427000
20211101,13:33,1080.00,1080.00,1070.00,1070.00,350,426650
20211101,13:34,1070.25,1070.25,1070.25,1070.25,50,426650
20211101,13:35,1066.35,1066.35,1063.85,1063.85,100,426650
20211101,13:36,1054.15,1054.15,1050.00,1050.00,100,426650
20211101,13:38,1045.00,1045.00,1040.00,1040.00,200,426400
20211101,13:39,1040.00,1046.35,1040.00,1046.35,700,426150
20211101,13:40,1035.00,1035.00,1035.00,1035.00,50,426150
20211101,13:41,1035.00,1035.00,1035.00,1035.00,100,426150
20211101,13:42,1033.75,1033.75,1030.00,1030.00,550,426450
20211101,13:43,1030.00,1041.55,1030.00,1041.55,300,426450
20211101,13:44,1042.15,1044.15,1032.85,1033.00,300,426450
20211101,13:45,1020.00,1020.00,1018.20,1018.20,250,426650
20211101,13:46,1012.65,1012.65,1012.65,1012.65,500,426650
20211101,13:47,1017.00,1020.90,1016.65,1020.90,200,426650
20211101,13:48,1014.65,1014.65,1014.65,1014.65,500,426600
20211101,13:49,1017.10,1024.50,1017.10,1024.50,300,426600
20211101,13:50,1024.50,1024.50,1024.50,1024.50,200,426600
20211101,13:51,1030.00,1030.00,1030.00,1030.00,150,427500
20211101,13:52,1021.50,1021.50,1021.50,1021.50,50,427500
20211101,13:53,1013.10,1013.10,1013.10,1013.10,50,427500
20211101,13:54,1013.80,1013.80,1013.80,1013.80,100,427500
20211101,13:55,1015.05,1015.05,1015.05,1015.05,100,427150
20211101,13:56,1018.30,1018.30,1018.30,1018.30,100,427150
20211101,13:57,1025.25,1025.25,1025.25,1025.25,100,427150
20211101,13:58,1015.25,1015.25,1011.35,1011.35,300,426950
20211101,13:59,1011.35,1014.60,1011.35,1014.60,100,426950
20211101,14:00,1010.00,1010.00,1010.00,1010.00,100,427100
20211101,14:01,1005.75,1013.40,1005.75,1013.40,350,427100
20211101,14:03,1014.00,1014.00,1012.85,1012.85,1000,427150
20211101,14:13,1039.00,1039.00,1037.00,1037.00,350,427650
20211101,14:14,1037.45,1037.45,1037.45,1037.45,100,427650
20211101,14:15,1038.00,1038.00,1031.65,1031.65,150,427650
20211101,14:16,1033.30,1033.30,1033.30,1033.30,100,427500
20211101,14:17,1028.95,1028.95,1028.95,1028.95,150,427500
20211101,14:19,1030.55,1031.15,1030.55,1031.15,100,427250
20211101,14:20,1026.60,1026.60,1026.60,1026.60,250,427250
20211101,14:21,1020.00,1020.00,1020.00,1020.00,850,427250
20211101,14:22,1018.45,1021.20,1018.45,1021.20,1300,427200
20211101,14:23,1015.85,1015.85,1015.85,1015.85,50,427200
20211101,14:24,1010.00,1010.00,1010.00,1010.00,100,427050
20211101,14:25,1017.20,1017.20,1017.20,1017.20,50,427050
20211101,14:26,1002.00,1002.00,1002.00,1002.00,50,427050
20211101,14:27,992.40,992.40,991.10,991.10,100,426950
20211101,14:32,991.10,1000.00,991.10,1000.00,200,427000
20211101,14:33,999.00,999.85,999.00,999.85,200,427050
20211101,14:34,995.95,995.95,995.75,995.75,150,427050
20211101,14:35,997.10,997.10,990.00,990.00,500,427050
20211101,14:36,990.00,995.00,990.00,995.00,100,427050
20211101,14:37,990.00,990.00,990.00,990.00,200,426700
20211101,14:38,986.00,990.20,986.00,990.20,150,426700
20211101,14:40,999.90,1011.10,999.90,1011.10,250,426450
20211101,14:41,1011.10,1011.10,1010.00,1010.00,400,426450
20211101,14:42,1008.40,1008.40,1008.40,1008.40,50,426450
20211101,14:44,1006.95,1006.95,1005.00,1005.00,1100,426250
20211101,14:46,1004.40,1004.40,1004.40,1004.40,50,425250
20211101,14:47,1000.40,1000.40,995.00,996.00,1950,425250
20211101,14:48,996.00,997.00,996.00,996.00,1050,425250
20211101,14:50,991.40,991.40,991.40,991.40,50,426200
20211101,14:52,1029.90,1029.90,1023.25,1023.25,400,426200
20211101,14:53,1012.40,1012.40,1012.40,1012.40,50,426200
20211101,14:54,1011.00,1011.00,1011.00,1011.00,50,426200
20211101,14:56,1009.00,1009.00,1009.00,1009.00,50,426200
20211101,14:57,1010.00,1010.00,1010.00,1010.00,50,426200
20211101,14:59,1011.25,1011.25,1011.25,1011.25,250,426200
20211101,15:00,1015.00,1015.00,1015.00,1015.00,50,426200
20211101,15:01,1029.90,1029.90,1022.45,1022.45,150,426400
20211101,15:02,1028.90,1028.90,1028.90,1028.90,50,426400
20211101,15:03,1025.05,1025.05,1025.05,1025.05,50,426550
20211101,15:04,1020.90,1020.90,1020.90,1020.90,500,426550
20211101,15:05,1020.90,1026.00,1020.90,1026.00,600,426550
20211101,15:06,1020.00,1020.00,1020.00,1020.00,500,427650
20211101,15:07,1013.65,1013.65,1007.10,1010.20,200,427650
20211101,15:08,1010.85,1010.85,1010.85,1010.85,50,427650
20211101,15:09,1011.50,1011.50,1011.50,1011.50,250,427650
20211101,15:10,1020.00,1020.00,1020.00,1020.00,50,428000
20211101,15:11,1015.00,1015.00,1015.00,1015.00,150,428000
20211101,15:12,1013.15,1013.15,1009.00,1009.00,100,428000
20211101,15:13,1010.25,1010.25,1008.85,1008.85,600,428100
20211101,15:14,1007.25,1008.00,1007.25,1008.00,150,428100
20211101,15:15,1008.00,1008.00,1008.00,1008.00,150,428100
20211101,15:16,1012.00,1012.00,1012.00,1012.00,50,428250
20211101,15:17,1013.55,1017.80,1013.55,1017.25,650,428250
20211101,15:18,1020.80,1020.80,1020.80,1020.80,100,428250
20211101,15:20,1009.00,1009.00,1007.45,1007.45,350,428550
20211101,15:21,1006.10,1010.00,1006.10,1007.15,400,428900
20211101,15:23,1007.40,1007.40,1004.30,1004.30,200,428900
20211101,15:24,997.70,999.55,995.00,996.30,750,428900
20211101,15:25,1000.25,1000.25,1000.25,1000.25,100,428700
20211101,15:26,1000.00,1000.00,1000.00,1000.00,450,428700
20211101,15:27,996.90,999.45,996.90,999.45,100,428700
20211101,15:28,998.55,998.55,998.40,998.45,400,428700
20211101,15:29,1002.00,1003.70,999.20,1003.70,300,428700
20211102,09:15,1009.95,1011.75,1009.95,1011.75,402,429250
20211102,09:16,1011.75,1011.75,1010.00,1010.00,1100,429250
20211102,09:17,998.55,998.55,997.05,997.05,200,428900
20211102,09:19,1000.30,1004.85,1000.30,1004.85,1100,428900
20211102,09:20,1002.25,1014.55,1002.25,1014.55,300,428300
20211102,09:21,1015.30,1025.00,1013.55,1025.00,300,428300
20211102,09:22,1029.00,1043.85,1029.00,1043.85,1200,428300
20211102,09:23,1020.00,1020.00,1016.45,1016.45,100,427850
20211102,09:26,1015.40,1017.85,1015.40,1017.85,150,427900
20211102,09:28,1025.00,1025.00,1025.00,1025.00,100,427900
20211102,09:30,1030.00,1039.55,1030.00,1037.05,300,427600
20211102,09:31,1022.00,1022.00,1021.00,1021.00,100,427600
20211102,09:34,1029.25,1030.35,1029.25,1030.35,150,427550
20211102,09:35,1039.65,1052.80,1039.65,1052.80,200,427600
20211102,09:37,1060.00,1060.00,1060.00,1060.00,1250,427600
20211102,09:43,1060.00,1060.00,1060.00,1060.00,100,426800
20211102,09:44,1037.75,1037.75,1034.50,1034.50,500,426900
20211102,09:45,1034.55,1034.55,1034.55,1034.55,50,426900
20211102,09:48,1039.30,1039.30,1039.30,1039.30,50,426950
20211102,09:49,1039.05,1041.15,1039.05,1041.00,250,426950
20211102,09:51,1034.35,1034.35,1034.30,1034.30,100,426650
20211102,09:52,1027.50,1028.20,1027.50,1028.20,150,426650
20211102,09:55,1055.00,1055.00,1055.00,1055.00,50,426650
20211102,09:59,1050.00,1050.00,1050.00,1050.00,100,426650
20211102,10:05,1040.00,1040.00,1040.00,1040.00,50,426750
20211102,10:06,1032.00,1040.00,1032.00,1040.00,200,426750
20211102,10:08,1033.90,1042.85,1033.90,1042.85,100,426900
20211102,10:09,1052.85,1052.85,1052.85,1052.85,50,426900
20211102,10:10,1065.00,1072.45,1065.00,1071.00,800,426900
20211102,10:12,1065.00,1065.00,1065.00,1065.00,100,427050
20211102,10:16,1049.80,1049.80,1049.80,1049.80,50,427150
20211102,10:17,1048.05,1048.05,1048.05,1048.05,50,427150
20211102,10:19,1061.35,1064.20,1061.35,1064.20,100,427250
20211102,10:21,1043.50,1043.50,1043.50,1043.50,50,427250
20211102,10:29,1060.50,1060.50,1057.70,1059.25,250,427200
20211102,10:31,1073.20,1076.00,1073.20,1076.00,350,427200
20211102,10:33,1076.00,1076.00,1076.00,1076.00,100,427400
20211102,10:34,1080.00,1080.00,1080.00,1080.00,100,427400
20211102,10:36,1094.35,1094.35,1094.05,1094.05,150,427400
20211102,10:37,1099.90,1101.70,1099.90,1101.70,250,427400
20211102,10:38,1101.40,1104.00,1101.40,1104.00,1100,426800
20211102,10:39,1107.20,1113.60,1107.20,1113.60,100,426800
20211102,10:40,1114.70,1114.70,1108.45,1114.40,1050,426800
20211102,10:41,1114.00,1114.00,1114.00,1114.00,350,426800
20211102,10:43,1103.50,1103.50,1101.00,1101.00,100,425650
20211102,10:44,1105.00,1105.00,1105.00,1105.00,700,425650
20211102,10:46,1100.00,1100.00,1100.00,1100.00,150,424950
20211102,10:48,1105.00,1105.00,1105.00,1105.00,750,424950
20211102,10:49,1098.55,1098.55,1098.55,1098.55,50,424950
20211102,10:52,1094.00,1094.00,1094.00,1094.00,850,424150
20211102,10:53,1096.00,1096.00,1096.00,1096.00,600,424150
20211102,10:56,1085.60,1085.60,1085.60,1085.60,50,424150
20211102,10:57,1093.00,1093.00,1093.00,1093.00,50,422700
20211102,10:58,1099.30,1099.30,1099.30,1099.30,450,422700
20211102,10:59,1101.35,1101.35,1101.35,1101.35,100,422700
20211102,11:00,1110.00,1110.00,1110.00,1110.00,100,422450
20211102,11:01,1113.00,1113.00,1113.00,1113.00,550,422450
20211102,11:02,1111.00,1111.00,1111.00,1111.00,50,422450
20211102,11:10,1070.00,1070.00,1070.00,1070.00,50,422000
20211102,11:17,1048.00,1048.00,1048.00,1048.00,250,422000
20211102,11:18,1050.00,1050.00,1050.00,1050.00,300,422000
20211102,11:23,1059.80,1059.80,1059.80,1059.80,600,422000
20211102,11:24,1055.50,1055.50,1052.70,1052.70,100,421400
20211102,11:26,1054.15,1054.15,1054.15,1054.15,50,421350
20211102,11:27,1056.95,1056.95,1056.95,1056.95,650,421350
20211102,11:28,1053.30,1053.30,1047.85,1047.85,100,421350
20211102,11:29,1046.75,1046.75,1046.75,1046.75,50,421350
20211102,11:30,1039.25,1039.25,1039.25,1039.25,50,420700
20211102,11:33,1056.65,1056.65,1056.65,1056.65,350,420700
20211102,11:34,1051.65,1051.65,1051.65,1051.65,50,420700
20211102,11:35,1063.45,1072.40,1063.45,1072.40,1500,420700
20211102,11:37,1057.65,1057.65,1057.65,1057.65,50,419300
20211102,11:38,1064.95,1064.95,1064.95,1064.95,50,419300
20211102,11:45,1074.90,1075.00,1074.90,1075.00,350,419300
20211102,11:46,1081.55,1084.65,1081.55,1084.65,250,419300
20211102,11:51,1063.70,1063.70,1063.70,1063.70,50,419150
20211102,11:54,1063.70,1063.85,1063.70,1063.85,100,419150
20211102,11:56,1069.00,1069.00,1069.00,1069.00,2700,419150
20211102,11:57,1061.00,1061.00,1061.00,1061.00,50,416600
20211102,12:00,1050.00,1050.00,1050.00,1050.00,1450,416550
20211102,12:03,1047.20,1047.20,1047.20,1047.20,250,415300
20211102,12:04,1050.00,1050.00,1050.00,1050.00,1300,415300
20211102,12:11,1058.65,1058.65,1058.65,1058.65,50,413900
20211102,12:12,1064.30,1065.70,1059.10,1059.10,450,413850
20211102,12:13,1056.40,1056.40,1055.75,1055.75,300,413850
20211102,12:14,1053.60,1054.80,1050.00,1053.70,750,413850
20211102,12:15,1048.00,1049.35,1043.20,1048.00,2050,413850
20211102,12:16,1049.30,1051.00,1049.30,1051.00,600,413850
20211102,12:17,1053.20,1061.10,1053.20,1061.10,900,413850
20211102,12:18,1064.25,1064.25,1054.80,1054.80,200,413200
20211102,12:19,1060.05,1060.05,1060.05,1060.05,300,413200
20211102,12:20,1054.80,1056.85,1054.80,1056.85,300,413200
20211102,12:21,1059.25,1059.25,1059.25,1059.25,150,413200
20211102,12:24,1054.50,1055.85,1053.00,1053.00,500,413200
20211102,12:25,1054.90,1059.15,1054.90,1059.15,900,413200
20211102,12:26,1059.50,1063.55,1059.50,1063.55,450,413200
20211102,12:27,1063.05,1074.80,1063.05,1074.80,1150,413250
20211102,12:28,1065.30,1065.30,1065.30,1065.30,150,413250
20211102,12:29,1078.10,1087.55,1074.90,1087.55,700,413250
20211102,12:30,1089.95,1103.10,1089.95,1096.95,1550,413400
20211102,12:31,1095.20,1095.20,1095.20,1095.20,150,413400
20211102,12:32,1093.20,1093.20,1093.20,1093.20,450,413400
20211102,12:33,1087.00,1087.00,1077.25,1077.25,750,413900
20211102,12:36,1084.85,1084.85,1084.85,1084.85,50,413900
20211102,12:37,1078.70,1078.70,1078.70,1078.70,50,413900
20211102,12:40,1078.85,1078.85,1078.85,1078.85,550,413750
20211102,12:41,1079.45,1079.45,1079.45,1079.45,50,413750
20211102,12:46,1081.15,1081.15,1081.15,1081.15,50,413750
20211102,12:51,1075.00,1075.00,1075.00,1075.00,300,413150
20211102,12:52,1084.35,1084.35,1084.35,1084.35,50,413150
20211102,12:53,1093.35,1093.35,1093.35,1093.35,50,413150
20211102,12:55,1103.05,1112.30,1103.05,1108.80,950,413200
20211102,12:58,1090.00,1090.00,1090.00,1090.00,50,413200
20211102,13:00,1105.00,1105.00,1105.00,1105.00,50,413700
20211102,13:01,1095.00,1095.00,1095.00,1095.00,50,413700
20211102,13:03,1113.95,1113.95,1113.95,1113.95,650,413700
20211102,13:13,1085.00,1085.00,1085.00,1085.00,50,413850
20211102,13:15,1086.95,1086.95,1086.60,1086.60,300,413800
20211102,13:17,1087.90,1087.90,1087.90,1087.90,50,413800
20211102,13:26,1090.50,1090.50,1090.50,1090.50,50,413750
20211102,13:36,1086.65,1086.65,1086.65,1086.65,50,413800
20211102,13:47,1081.65,1081.65,1080.20,1080.20,200,413750
20211102,13:48,1080.35,1081.65,1080.35,1081.65,300,414000
20211102,13:49,1081.65,1081.65,1081.65,1081.65,400,414000
20211102,13:50,1075.00,1075.00,1074.80,1074.80,400,414000
20211102,13:54,1058.85,1058.85,1058.85,1058.85,100,415000
20211102,13:55,1070.10,1070.10,1070.10,1070.10,150,415000
20211102,13:56,1081.05,1088.45,1080.45,1088.45,600,415000
20211102,13:57,1114.25,1114.25,1108.70,1108.70,900,415200
20211102,13:58,1120.00,1120.00,1120.00,1120.00,100,415200
20211102,13:59,1120.00,1120.00,1120.00,1120.00,50,415200
20211102,14:01,1138.85,1138.85,1134.30,1137.30,350,415200
20211102,14:16,1120.60,1120.60,1120.60,1120.60,100,415300
20211102,14:19,1130.00,1133.55,1130.00,1133.55,950,415250
20211102,14:21,1115.95,1116.05,1115.95,1116.05,300,416050
20211102,14:22,1116.80,1116.80,1116.80,1116.80,450,416050
20211102,14:25,1111.10,1115.65,1111.10,1115.65,100,416050
20211102,14:26,1101.00,1101.00,1101.00,1101.00,100,416050
20211102,14:34,1115.20,1115.20,1115.20,1115.20,50,416150
20211102,14:35,1115.20,1116.85,1114.10,1116.85,500,416150
20211102,14:36,1116.50,1116.50,1116.50,1116.50,150,416150
20211102,14:37,1108.70,1108.70,1108.70,1108.70,50,416300
20211102,14:38,1111.90,1111.90,1107.00,1107.00,100,416300
20211102,14:40,1102.30,1102.30,1102.30,1102.30,50,416200
20211102,14:41,1105.00,1109.05,1105.00,1109.05,400,416200
20211102,14:42,1103.15,1103.15,1103.15,1103.15,100,416300
20211102,14:44,1091.25,1094.00,1091.25,1094.00,150,416300
20211102,14:46,1101.00,1101.00,1101.00,1101.00,50,416300
20211102,14:58,1078.35,1078.35,1078.35,1078.35,50,416450
20211102,15:01,1099.40,1099.40,1099.40,1099.40,100,416450
20211102,15:09,1110.45,1110.45,1100.85,1100.85,700,416550
20211102,15:10,1099.05,1104.00,1099.05,1100.15,300,416650
20211102,15:11,1093.00,1093.00,1093.00,1093.00,200,416650
20211102,15:12,1094.30,1094.30,1094.30,1094.30,200,416650
20211102,15:13,1097.00,1097.00,1097.00,1097.00,100,416650
20211102,15:15,1085.40,1085.40,1085.40,1085.40,50,417050
20211102,15:17,1089.30,1089.30,1089.30,1089.30,50,417000
20211102,15:18,1095.30,1095.30,1095.30,1095.30,50,417000
20211102,15:25,1084.70,1086.25,1084.70,1086.25,200,416950
20211102,15:27,1094.40,1094.40,1094.40,1094.40,100,416950
20211102,15:28,1089.00,1091.10,1087.60,1087.60,200,417250
20211102,15:29,1089.65,1094.75,1089.65,1094.75,350,417250
20211103,09:16,1019.80,1019.80,1019.80,1019.80,51,417400
20211103,09:17,1035.00,1035.00,1035.00,1035.00,200,417400
20211103,09:18,1035.00,1035.00,1025.00,1025.00,550,417400
20211103,09:25,1034.30,1040.00,1034.30,1040.00,400,417550
20211103,09:30,1040.00,1040.00,1040.00,1040.00,100,417550
20211103,09:31,1029.00,1029.00,1029.00,1029.00,50,417550
20211103,09:33,1027.00,1027.00,1020.00,1020.00,1100,417500
20211103,09:34,1022.25,1022.25,1021.40,1021.40,100,417500
20211103,09:35,1018.00,1018.00,1018.00,1018.00,50,417500
20211103,09:37,1005.20,1005.20,1002.15,1002.15,700,417050
20211103,09:38,1002.15,1002.15,1001.10,1001.10,150,417050
20211103,09:39,1001.10,1005.50,1001.10,1005.00,300,417000
20211103,09:40,999.00,999.00,997.50,997.50,150,417000
20211103,09:41,997.50,1005.65,997.50,1000.05,700,417000
20211103,09:42,1006.90,1006.90,1006.90,1006.90,50,417000
20211103,09:43,1010.30,1010.30,1006.45,1006.45,150,417000
20211103,09:44,1003.70,1009.00,1003.70,1009.00,150,416150
20211103,09:46,1009.00,1009.00,1009.00,1009.00,1050,416150
20211103,09:47,1008.80,1008.80,1004.55,1004.55,450,416650
20211103,09:48,1010.00,1010.00,1010.00,1010.00,50,416650
20211103,09:50,1005.00,1005.00,1005.00,1005.00,150,416450
20211103,09:51,1009.00,1009.00,1009.00,1009.00,100,416450
20211103,09:57,1008.55,1008.55,1008.55,1008.55,50,416250
20211103,09:58,1015.00,1018.40,1015.00,1018.40,350,416250
20211103,09:59,1023.00,1023.00,1023.00,1023.00,200,416100
20211103,10:04,1018.00,1018.00,1018.00,1018.00,50,415950
20211103,10:05,1017.35,1018.25,1017.35,1017.75,150,416000
20211103,10:06,1017.00,1017.05,1017.00,1017.05,100,416000
20211103,10:07,1017.25,1017.25,1017.25,1017.25,50,416000
20211103,10:08,1014.20,1014.20,1014.20,1014.20,50,416000
20211103,10:09,1018.05,1021.80,1018.05,1020.70,450,415900
20211103,10:12,1019.05,1019.05,1019.05,1019.05,50,415750
20211103,10:15,1016.00,1016.00,1012.80,1012.80,100,415750
20211103,10:16,1012.80,1014.20,1012.80,1014.20,250,415750
20211103,10:17,1013.85,1016.80,1012.85,1016.80,550,415550
20211103,10:20,1021.25,1021.25,1021.25,1021.25,50,415550
20211103,10:22,1021.25,1021.25,1021.25,1021.25,50,415550
20211103,10:23,1020.90,1020.90,1020.90,1020.90,150,415550
20211103,10:30,1012.55,1015.00,1012.55,1015.00,150,415450
20211103,10:32,1020.35,1020.35,1020.35,1020.35,50,415450
20211103,10:35,1016.85,1016.85,1016.85,1016.85,100,415250
20211103,10:37,1021.50,1024.35,1021.50,1024.35,150,415150
20211103,10:40,1022.65,1022.65,1022.65,1022.65,50,415050
20211103,10:41,1020.00,1020.00,1018.20,1018.20,100,415000
20211103,10:42,1018.90,1018.90,1018.90,1018.90,50,415000
20211103,10:43,1018.40,1018.40,1018.40,1018.40,50,415000
20211103,10:46,1017.80,1017.80,1017.80,1017.80,50,414950
20211103,10:49,1030.00,1030.00,1030.00,1030.00,300,414900
20211103,10:54,1020.50,1022.60,1019.20,1022.60,2800,414750
20211103,10:56,1016.15,1018.00,1016.15,1018.00,100,414750
20211103,10:58,1021.50,1021.50,1021.50,1021.50,50,413100
20211103,11:01,1019.00,1019.00,1019.00,1019.00,50,413050
20211103,11:02,1012.00,1016.65,1012.00,1016.65,250,412850
20211103,11:03,1015.30,1015.30,1014.10,1014.10,300,412850
20211103,11:07,1016.10,1016.10,1016.10,1016.10,100,412600
20211103,11:09,1013.60,1013.60,1013.60,1013.60,200,412500
20211103,11:16,1004.00,1005.90,1002.90,1005.90,150,412700
20211103,11:24,1005.90,1005.90,1005.90,1005.90,50,412750
20211103,11:27,1013.45,1013.45,1013.45,1013.45,50,412750
20211103,11:34,1029.10,1030.00,1022.90,1030.00,300,412750
20211103,11:35,1050.00,1050.00,1050.00,1050.00,150,412750
20211103,11:41,1030.25,1030.25,1030.25,1030.25,50,412750
20211103,11:47,1049.10,1050.20,1049.10,1050.20,500,412700
20211103,11:49,1050.20,1050.20,1050.20,1050.20,50,412600
20211103,11:51,1045.00,1045.00,1045.00,1045.00,50,412600
20211103,11:55,1046.95,1046.95,1046.95,1046.95,50,412650
20211103,11:59,1055.00,1060.00,1055.00,1060.00,150,412600
20211103,12:00,1070.20,1072.00,1070.20,1072.00,100,412650
20211103,12:01,1083.35,1083.35,1083.35,1083.35,50,412650
20211103,12:06,1091.35,1091.35,1085.05,1085.05,1000,413100
20211103,12:07,1078.75,1078.75,1078.75,1078.75,50,413100
20211103,12:09,1079.95,1079.95,1079.95,1079.95,50,413100
20211103,12:13,1089.70,1089.70,1089.70,1089.70,50,413600
20211103,12:14,1092.20,1092.20,1092.20,1092.20,100,413600
20211103,12:15,1099.90,1110.00,1099.90,1110.00,250,413650
20211103,12:19,1113.70,1113.70,1113.70,1113.70,100,413750
20211103,12:20,1095.70,1095.70,1095.70,1095.70,50,413750
20211103,12:21,1094.95,1095.00,1094.95,1095.00,650,413700
20211103,12:22,1095.00,1095.00,1095.00,1095.00,1250,413700
20211103,12:23,1103.95,1103.95,1100.00,1100.00,400,413700
20211103,12:33,1113.30,1113.30,1113.30,1113.30,100,413600
20211103,12:36,1114.30,1114.30,1114.30,1114.30,650,413500
20211103,12:37,1114.30,1114.30,1114.30,1114.30,200,413500
20211103,12:38,1102.05,1102.90,1102.05,1102.90,250,413500
20211103,12:41,1096.85,1096.85,1096.85,1096.85,250,413850
20211103,12:46,1128.90,1128.90,1128.90,1128.90,50,413850
20211103,12:47,1128.90,1128.90,1128.90,1128.90,50,413850
20211103,12:48,1128.30,1128.30,1128.30,1128.30,50,413800
20211103,12:53,1118.30,1118.30,1118.30,1118.30,200,413800
20211103,12:54,1123.00,1123.00,1123.00,1123.00,150,413650
20211103,13:03,1136.55,1142.05,1135.00,1142.05,1250,413800
20211103,13:07,1162.00,1162.00,1162.00,1162.00,200,413800
20211103,13:09,1170.00,1170.00,1170.00,1170.00,250,414700
20211103,13:12,1171.35,1171.35,1171.35,1171.35,50,414700
20211103,13:13,1171.35,1176.45,1171.35,1176.45,200,414900
20211103,13:14,1180.85,1180.85,1180.85,1180.85,50,414900
20211103,13:16,1180.85,1180.85,1180.85,1180.85,550,414900
20211103,13:17,1180.85,1180.85,1172.00,1172.00,1400,414900
20211103,13:18,1172.00,1172.00,1172.00,1172.00,50,413750
20211103,13:19,1170.00,1173.95,1170.00,1173.95,600,413750
20211103,13:20,1177.00,1182.60,1177.00,1182.60,150,413750
20211103,13:21,1182.60,1182.60,1182.60,1182.60,50,414500
20211103,13:22,1182.95,1199.90,1182.95,1199.90,400,414500
20211103,13:27,1199.90,1199.90,1184.00,1184.00,250,414800
20211103,13:28,1184.00,1184.00,1184.00,1184.00,500,414800
20211103,13:29,1186.05,1186.05,1186.05,1186.05,50,414800
20211103,13:31,1180.35,1180.35,1180.35,1180.35,250,415500
20211103,13:37,1166.45,1166.45,1157.05,1157.05,100,415750
20211103,13:38,1164.15,1164.15,1164.15,1164.15,300,415750
20211103,13:41,1164.00,1164.00,1164.00,1164.00,750,415500
20211103,13:42,1151.25,1151.25,1150.00,1150.00,100,415500
20211103,13:46,1141.00,1141.00,1141.00,1141.00,50,416300
20211103,13:47,1145.00,1145.00,1140.00,1140.00,400,416300
20211103,13:49,1149.70,1149.70,1149.70,1149.70,300,416350
20211103,13:52,1133.00,1133.00,1130.00,1130.00,450,416350
20211103,13:53,1131.90,1131.90,1131.90,1131.90,50,416350
20211103,13:56,1114.50,1114.50,1114.50,1114.50,50,416400
20211103,13:57,1097.75,1097.75,1097.75,1097.75,50,416400
20211103,13:59,1108.00,1108.00,1108.00,1108.00,50,416400
20211103,14:00,1091.15,1091.15,1091.15,1091.15,50,416350
20211103,14:04,1088.85,1090.00,1088.85,1090.00,200,416350
20211103,14:06,1100.00,1100.00,1100.00,1100.00,50,416450
20211103,14:09,1131.75,1131.75,1131.75,1131.75,50,416450
20211103,14:15,1136.80,1136.80,1136.80,1136.80,300,416450
20211103,14:17,1155.00,1159.90,1155.00,1159.90,1250,416450
20211103,14:18,1165.30,1170.00,1165.30,1170.00,200,416450
20211103,14:19,1168.45,1168.45,1168.45,1168.45,50,417500
20211103,14:20,1180.00,1186.35,1177.50,1186.35,500,417500
20211103,14:21,1182.50,1188.25,1182.05,1188.25,200,417500
20211103,14:22,1185.00,1185.00,1185.00,1185.00,50,417700
20211103,14:24,1185.55,1185.55,1185.55,1185.55,50,417750
20211103,14:25,1185.00,1185.00,1185.00,1185.00,50,417750
20211103,14:27,1185.00,1186.15,1182.15,1182.15,250,417800
20211103,14:28,1186.15,1186.15,1186.15,1186.15,50,417800
20211103,14:29,1215.15,1215.15,1215.15,1215.15,200,417800
20211103,14:30,1224.75,1224.75,1224.75,1224.75,50,417800
20211103,14:31,1224.75,1224.75,1218.70,1218.70,100,418050
20211103,14:32,1224.75,1224.75,1224.75,1224.75,50,418050
20211103,14:33,1219.75,1222.30,1219.75,1222.30,250,418050
20211103,14:34,1200.70,1200.70,1193.15,1193.15,100,418450
20211103,14:35,1200.00,1200.00,1191.15,1191.15,100,418450
20211103,14:36,1191.15,1191.15,1191.15,1191.15,50,418500
20211103,14:39,1190.00,1190.00,1190.00,1190.00,500,418500
20211103,14:41,1180.90,1180.90,1180.90,1180.90,50,418350
20211103,14:42,1178.00,1178.00,1167.95,1167.95,100,418350
20211103,14:46,1183.00,1183.00,1183.00,1183.00,50,418400
20211103,14:48,1193.30,1193.30,1193.30,1193.30,2550,418400
20211103,14:49,1189.45,1189.45,1189.45,1189.45,2500,416000
20211103,14:50,1186.50,1187.80,1185.50,1185.50,5000,416000
20211103,14:51,1202.25,1202.25,1202.25,1202.25,50,409800
20211103,14:54,1202.00,1203.95,1202.00,1203.95,150,409800
20211103,14:55,1206.30,1212.30,1198.00,1198.00,1400,409900
20211103,14:56,1197.10,1200.00,1197.10,1199.00,250,409900
20211103,14:57,1199.00,1200.00,1199.00,1199.00,550,409900
20211103,14:58,1203.80,1203.80,1186.30,1186.30,1100,410850
20211103,15:01,1185.15,1185.15,1185.15,1185.15,50,411300
20211103,15:04,1169.85,1169.85,1169.85,1169.85,50,411200
20211103,15:05,1152.20,1163.20,1151.00,1163.20,1000,411200
20211103,15:06,1164.20,1164.20,1150.00,1154.25,1000,412250
20211103,15:07,1150.05,1150.10,1147.95,1148.05,950,412250
20211103,15:08,1148.00,1149.40,1148.00,1149.40,1450,412250
20211103,15:09,1147.00,1148.00,1142.00,1142.00,750,412250
20211103,15:10,1140.00,1140.00,1135.00,1139.60,1300,414850
20211103,15:11,1137.35,1138.65,1137.05,1137.05,1750,414850
20211103,15:12,1137.85,1148.80,1137.85,1147.60,1750,414850
20211103,15:15,1169.50,1177.70,1169.50,1172.30,500,419300
20211103,15:19,1145.00,1145.00,1140.00,1140.00,150,419300
20211103,15:20,1135.00,1135.00,1135.00,1135.00,1200,419300
20211103,15:21,1140.00,1150.00,1140.00,1150.00,850,419300
20211103,15:22,1150.00,1150.00,1150.00,1150.00,150,420750
20211103,15:23,1160.00,1160.00,1160.00,1160.00,1050,420750
20211103,15:24,1160.00,1160.00,1152.00,1152.00,1100,420750
20211103,15:25,1160.00,1160.00,1160.00,1160.00,1750,418850
20211103,15:27,1160.00,1160.00,1160.00,1160.00,50,418850
20211103,15:28,1150.00,1150.00,1150.00,1150.00,50,417150
20211103,15:29,1142.40,1142.40,1142.40,1142.40,50,417150
20211104,18:15,1090.00,1090.00,1090.00,1090.00,100,417100
20211104,18:16,1087.00,1087.00,1080.00,1080.00,200,417100
20211104,18:18,1080.00,1080.00,1080.00,1080.00,50,417000
20211104,18:20,1080.00,1080.25,1080.00,1080.25,100,416950
20211104,18:22,1076.00,1076.00,1076.00,1076.00,50,416950
20211104,18:23,1076.00,1079.05,1076.00,1077.15,500,416700
20211104,18:24,1080.00,1080.00,1075.00,1075.00,100,416700
20211104,18:25,1072.90,1072.90,1070.00,1070.00,300,416700
20211104,18:26,1070.00,1070.00,1070.00,1070.00,700,415950
20211104,18:30,1080.00,1080.00,1077.00,1077.00,100,415250
20211104,18:35,1084.10,1084.10,1084.10,1084.10,200,415200
20211104,18:36,1083.70,1083.70,1083.70,1083.70,50,415200
20211104,18:38,1081.40,1082.00,1081.40,1082.00,1150,414950
20211104,18:39,1082.45,1082.45,1082.45,1082.45,50,414950
20211104,18:40,1083.40,1083.40,1083.40,1083.40,100,414950
20211104,18:41,1080.60,1080.60,1080.60,1080.60,500,413850
20211104,18:43,1088.00,1088.00,1088.00,1088.00,50,413850
20211104,18:44,1093.75,1093.75,1093.75,1093.75,50,413450
20211104,18:46,1093.75,1093.75,1093.75,1093.75,50,413450
20211104,18:50,1085.60,1089.60,1085.60,1089.60,750,413550
20211104,18:54,1084.75,1084.75,1084.75,1084.75,50,412800
20211104,18:55,1086.15,1093.35,1086.15,1093.35,100,412800
20211104,18:57,1085.20,1085.20,1085.20,1085.20,50,412850
20211104,19:00,1079.15,1079.15,1079.15,1079.15,100,412800
20211104,19:07,1085.00,1086.00,1085.00,1086.00,100,412900
20211104,19:08,1093.55,1093.55,1090.25,1090.25,1000,412950
20211104,19:09,1090.25,1093.10,1090.25,1093.10,500,412950
20211104,19:10,1093.10,1093.10,1093.10,1093.10,500,412950
20211104,19:11,1089.15,1089.15,1089.15,1089.15,100,412950
20211104,19:12,1087.40,1087.40,1087.40,1087.40,50,411550
20211104,19:13,1087.40,1087.40,1087.40,1087.40,250,411550
20211104,19:14,1087.50,1087.50,1087.10,1087.10,550,411250
20211108,09:15,1020.00,1021.30,1019.70,1021.30,302,411100
20211108,09:16,1030.00,1030.00,1030.00,1030.00,100,411100
20211108,09:18,1043.30,1043.30,1043.30,1043.30,150,410950
20211108,09:19,1044.50,1044.50,1044.50,1044.50,50,410950
20211108,09:20,1049.10,1049.10,1049.10,1049.10,50,411000
20211108,09:22,1078.95,1087.30,1078.95,1087.30,150,411000
20211108,09:23,1090.00,1100.00,1090.00,1100.00,3900,409500
20211108,09:24,1110.00,1110.00,1110.00,1110.00,1800,409500
20211108,09:25,1111.00,1130.05,1111.00,1130.05,3950,409500
20211108,09:26,1109.70,1115.10,1109.70,1111.00,250,405400
20211108,09:27,1110.10,1112.70,1103.30,1112.70,200,405400
20211108,09:28,1115.00,1115.00,1115.00,1115.00,50,405400
20211108,09:29,1128.30,1137.40,1128.30,1137.40,300,405250
20211108,09:33,1097.25,1097.25,1097.25,1097.25,50,405350
20211108,09:34,1107.10,1115.00,1107.10,1115.00,200,405350
20211108,09:35,1119.70,1119.70,1109.20,1109.20,200,405450
20211108,09:41,1110.00,1110.40,1110.00,1110.40,150,405450
20211108,09:44,1109.00,1109.00,1107.75,1107.75,250,405350
20211108,09:50,1107.75,1107.75,1107.75,1107.75,50,405200
20211108,09:53,1109.65,1120.00,1109.65,1120.00,200,405150
20211108,09:58,1118.60,1122.00,1118.60,1122.00,100,405200
20211108,10:03,1127.00,1127.00,1127.00,1127.00,50,405250
20211108,10:08,1112.30,1112.30,1112.30,1112.30,50,405250
20211108,10:15,1130.00,1140.00,1130.00,1140.00,250,405250
20211108,10:25,1140.00,1140.00,1140.00,1140.00,50,405150
20211108,10:26,1100.00,1100.00,1100.00,1100.00,50,405150
20211108,10:31,1100.00,1100.00,1100.00,1100.00,500,405050
20211108,10:34,1100.00,1100.00,1100.00,1100.00,1800,404550
20211108,10:35,1100.00,1100.00,1100.00,1100.00,150,403900
20211108,10:40,1092.00,1092.00,1092.00,1092.00,50,403750
20211108,10:43,1070.00,1075.00,1070.00,1075.00,100,403750
20211108,10:44,1070.00,1070.00,1070.00,1070.00,150,403750
20211108,10:52,1068.85,1068.85,1068.85,1068.85,50,402650
20211108,11:06,1050.00,1050.00,1050.00,1050.00,100,402600
20211108,11:10,1041.00,1041.00,1041.00,1041.00,100,402600
20211108,11:14,1038.15,1038.15,1038.15,1038.15,100,402600
20211108,11:17,1045.85,1045.85,1045.85,1045.85,150,402600
20211108,11:18,1050.00,1050.00,1050.00,1050.00,50,402750
20211108,11:19,1055.00,1055.00,1055.00,1055.00,100,402750
20211108,11:20,1047.65,1047.65,1047.65,1047.65,300,402750
20211108,11:22,1059.85,1059.85,1059.85,1059.85,50,402750
20211108,11:23,1055.00,1055.00,1055.00,1055.00,100,402750
20211108,11:40,1096.80,1098.25,1096.80,1098.25,250,402800
20211108,11:42,1080.00,1080.00,1080.00,1080.00,50,402650
20211108,11:43,1073.50,1073.50,1073.50,1073.50,50,402650
20211108,12:01,1031.65,1031.65,1029.95,1029.95,100,402550
20211108,12:02,1026.00,1026.00,1020.00,1020.00,400,402550
20211108,12:03,1011.20,1011.20,1010.00,1010.00,250,402650
20211108,12:05,987.70,987.70,973.40,973.40,250,402650
20211108,12:07,973.20,973.20,973.20,973.20,250,402800
20211108,12:08,973.35,976.90,973.35,976.90,200,402800
20211108,12:09,971.40,971.40,971.40,971.40,50,402450
20211108,12:10,963.40,963.40,963.40,963.40,150,402450
20211108,12:11,959.00,959.00,959.00,959.00,50,402450
20211108,12:12,959.00,963.35,959.00,963.35,100,402350
20211108,12:13,963.45,963.45,963.45,963.45,450,402350
20211108,12:14,973.80,980.00,973.80,980.00,350,402350
20211108,12:15,978.85,979.85,973.55,979.85,400,402550
20211108,12:17,962.80,962.80,962.80,962.80,50,402550
20211108,12:18,970.00,970.10,958.80,970.10,2750,402800
20211108,12:20,971.70,971.70,971.70,971.70,250,402800
20211108,12:21,971.05,977.65,971.05,977.65,950,404500
20211108,12:22,976.85,976.85,976.85,976.85,300,404500
20211108,12:24,970.00,970.00,970.00,970.00,200,404350
20211108,12:25,959.65,959.65,957.00,957.00,300,404350
20211108,12:26,956.65,956.65,956.65,956.65,100,404350
20211108,12:28,956.65,956.65,956.65,956.65,50,404350
20211108,12:29,979.25,979.25,979.25,979.25,50,404350
20211108,12:30,972.50,976.00,972.50,976.00,100,404300
20211108,12:32,978.25,978.75,978.25,978.75,1000,404300
20211108,12:40,960.05,960.05,960.05,960.05,50,403950
20211108,12:41,960.00,960.00,960.00,960.00,50,403950
20211108,12:42,959.90,959.90,959.90,959.90,50,403950
20211108,12:43,959.90,959.90,959.90,959.90,150,403950
20211108,12:45,935.65,943.75,935.65,943.75,200,403350
20211108,12:46,943.60,943.60,943.60,943.60,50,403350
20211108,12:48,948.60,948.60,948.60,948.60,600,403350
20211108,12:49,933.35,933.35,925.00,925.00,400,403350
20211108,12:50,922.75,922.75,922.75,922.75,50,403350
20211108,12:53,922.75,922.75,922.75,922.75,800,403650
20211108,12:54,910.00,910.00,909.40,910.00,800,404200
20211108,12:55,910.00,910.00,910.00,910.00,50,404200
20211108,12:56,915.65,920.00,915.65,920.00,1000,404200
20211108,12:57,920.00,920.00,920.00,920.00,600,404200
20211108,12:58,920.00,920.00,920.00,920.00,750,404150
20211108,13:00,922.30,922.30,922.30,922.30,50,404500
20211108,13:01,928.55,928.55,924.35,925.45,250,404500
20211108,13:02,925.45,925.45,925.45,925.45,200,404500
20211108,13:04,902.90,902.90,897.95,897.95,800,404800
20211108,13:05,901.05,902.65,900.00,902.65,1300,404800
20211108,13:06,900.00,902.70,895.00,902.70,200,404800
20211108,13:07,910.00,910.00,910.00,910.00,250,404450
20211108,13:08,905.45,905.45,905.45,905.45,50,404450
20211108,13:09,905.55,905.55,905.55,905.55,50,404450
20211108,13:11,910.00,910.00,910.00,910.00,500,404600
20211108,13:13,908.00,908.00,908.00,908.00,50,405100
20211108,13:14,908.00,908.00,908.00,908.00,50,405100
20211108,13:19,904.55,904.55,904.55,904.55,50,405050
20211108,13:20,904.05,904.05,904.05,904.05,300,405050
20211108,13:21,920.00,920.00,920.00,920.00,750,405050
20211108,13:22,919.65,919.65,919.65,919.65,50,405700
20211108,13:24,905.00,905.00,905.00,905.00,100,405700
20211108,13:27,912.95,912.95,912.95,912.95,250,405700
20211108,13:29,907.55,907.55,907.55,907.55,50,405850
20211108,13:32,907.55,907.55,907.55,907.55,400,405850
20211108,13:33,895.00,895.00,895.00,895.00,100,405850
20211108,13:35,898.50,898.50,898.50,898.50,50,405850
20211108,13:36,920.00,920.00,920.00,920.00,850,405850
20211108,13:38,915.15,921.15,915.15,921.15,550,406750
20211108,13:41,915.00,915.00,915.00,915.00,200,406600
20211108,13:44,900.00,900.00,882.50,882.50,3800,406400
20211108,13:45,874.55,874.55,874.55,874.55,250,406400
20211108,13:46,883.25,883.25,883.25,883.25,50,405050
20211108,13:49,875.00,879.95,875.00,879.95,100,405050
20211108,13:52,885.00,885.00,885.00,885.00,400,405050
20211108,13:54,878.40,878.40,878.40,878.40,100,403150
20211108,13:56,878.80,882.90,878.80,882.90,100,403150
20211108,14:01,882.90,882.90,882.90,882.90,200,403100
20211108,14:02,878.00,878.00,869.00,869.00,500,403100
20211108,14:05,863.00,863.00,863.00,863.00,50,403100
20211108,14:07,860.00,863.15,860.00,863.15,300,403150
20211108,14:08,855.55,855.55,853.15,853.15,150,403150
20211108,14:11,853.15,867.95,853.15,867.95,150,402750
20211108,14:15,860.00,860.00,860.00,860.00,100,402700
20211108,14:16,864.00,864.00,864.00,864.00,50,402600
20211108,14:20,871.00,871.00,871.00,871.00,50,402450
20211108,14:21,878.25,878.25,878.25,878.25,100,402450
20211108,14:25,866.75,866.75,866.75,866.75,50,402500
20211108,14:28,867.05,868.90,866.95,868.90,1000,402500
20211108,14:29,866.00,866.00,863.80,864.55,300,402500
20211108,14:30,864.65,865.40,858.00,858.00,350,403900
20211108,14:31,864.00,865.45,864.00,865.45,250,403900
20211108,14:32,865.65,865.65,865.65,865.65,250,403900
20211108,14:33,869.35,869.35,869.35,869.35,50,403900
20211108,14:35,873.75,875.00,873.75,875.00,250,404100
20211108,14:36,894.05,894.05,894.05,894.05,50,404100
20211108,14:37,895.00,895.00,895.00,895.00,50,404050
20211108,14:38,892.65,892.65,892.65,892.65,50,404050
20211108,14:42,876.90,876.90,874.50,874.50,250,403800
20211108,14:44,880.15,882.00,880.15,882.00,150,403800
20211108,14:46,880.65,880.65,880.65,880.65,50,403850
20211108,14:48,891.95,891.95,891.95,891.95,50,403850
20211108,14:49,887.05,887.05,887.05,887.05,100,403800
20211108,14:50,885.65,886.00,880.00,886.00,850,403800
20211108,14:51,895.70,899.85,895.70,899.85,100,403800
20211108,14:54,896.60,896.60,896.60,896.60,100,403750
20211108,14:55,900.00,900.00,897.45,897.45,100,403750
20211108,14:58,893.20,893.20,889.70,889.70,700,403900
20211108,14:59,890.00,890.00,881.60,881.60,200,403900
20211108,15:00,880.85,880.85,877.05,877.05,100,403900
20211108,15:01,889.95,889.95,889.95,889.95,100,404750
20211108,15:02,891.75,891.75,888.65,891.50,300,404750
20211108,15:03,894.85,897.50,887.55,887.55,950,404750
20211108,15:04,895.30,895.30,890.55,890.55,300,405800
20211108,15:05,891.80,892.70,891.80,892.70,100,405800
20211108,15:06,891.60,891.60,891.60,891.60,50,405800
20211108,15:08,890.00,890.00,890.00,890.00,100,406000
20211108,15:09,886.00,886.00,886.00,886.00,50,406000
20211108,15:10,885.95,890.00,885.95,890.00,200,406000
20211108,15:11,892.00,892.00,892.00,892.00,100,406000
20211108,15:12,890.30,890.30,890.00,890.00,250,406000
20211108,15:13,892.00,892.00,891.00,891.00,200,406450
20211108,15:14,891.80,891.80,891.70,891.70,350,406450
20211108,15:15,890.00,890.00,890.00,890.00,50,406450
20211108,15:16,889.75,889.75,889.75,889.75,150,406950
20211108,15:17,889.00,891.35,889.00,891.35,600,406950
20211108,15:24,870.10,870.10,870.10,870.10,100,407550
20211108,15:26,876.00,879.45,876.00,879.15,700,407650
20211108,15:27,875.25,875.25,875.25,875.25,50,407650
20211108,15:28,875.00,875.00,875.00,875.00,100,407900
20211108,15:29,874.20,874.65,869.00,869.00,1400,407900
20211109,09:16,910.00,910.00,910.00,910.00,201,408950
20211109,09:18,900.00,900.00,900.00,900.00,50,408950
20211109,09:19,900.00,900.00,898.00,898.00,100,408950
20211109,09:20,898.00,898.00,889.85,893.40,1100,408700
20211109,09:21,896.75,906.35,896.75,906.35,950,408700
20211109,09:23,907.15,907.15,907.15,907.15,50,409200
20211109,09:24,910.00,910.00,899.60,902.45,350,409200
20211109,09:25,901.80,903.30,899.75,901.35,500,409200
20211109,09:26,903.30,903.30,899.80,900.30,350,408500
20211109,09:28,906.15,906.15,906.15,906.15,400,408500
20211109,09:29,905.20,907.40,905.20,907.20,1000,407800
20211109,09:31,903.00,903.00,903.00,903.00,100,407800
20211109,09:32,900.00,900.00,892.85,892.85,550,407450
20211109,09:33,887.25,887.25,877.30,877.30,1250,407450
20211109,09:34,875.35,875.35,875.35,875.35,50,407450
20211109,09:36,875.35,875.35,875.35,875.35,50,407500
20211109,09:40,880.45,880.45,879.20,879.20,1200,407500
20211109,09:43,880.00,880.00,880.00,880.00,50,407000
20211109,09:46,920.00,920.00,920.00,920.00,100,407000
20211109,09:48,939.90,939.90,939.90,939.90,50,406250
20211109,09:50,939.90,939.90,918.50,918.50,150,406050
20211109,09:51,924.10,924.10,924.10,924.10,500,406050
20211109,09:57,924.10,924.10,924.10,924.10,50,406150
20211109,09:58,922.65,925.20,922.55,925.20,300,406150
20211109,09:59,925.00,925.00,923.05,923.05,600,406050
20211109,10:00,923.55,923.55,923.55,923.55,400,406050
20211109,10:01,930.55,930.55,930.55,930.55,50,406050
20211109,10:03,922.20,922.35,922.20,922.35,100,406700
20211109,10:04,915.00,915.00,915.00,915.00,150,406700
20211109,10:05,915.15,915.15,915.15,915.15,50,406500
20211109,10:07,918.00,918.00,918.00,918.00,50,406500
20211109,10:08,924.20,924.20,924.20,924.20,50,406500
20211109,10:09,926.00,926.00,926.00,926.00,50,406500
20211109,10:10,926.00,926.00,926.00,926.00,100,406500
20211109,10:16,926.00,926.00,926.00,926.00,50,406400
20211109,10:22,940.00,940.00,940.00,940.00,50,406400
20211109,10:23,952.00,952.00,952.00,952.00,350,406350
20211109,10:24,952.00,952.00,952.00,952.00,100,406300
20211109,10:25,941.00,943.00,941.00,943.00,200,406300
20211109,10:27,946.90,946.90,946.90,946.90,100,406300
20211109,10:35,945.65,945.65,945.65,945.65,50,406250
20211109,10:36,931.00,931.00,931.00,931.00,50,406200
20211109,10:38,926.10,926.10,926.10,926.10,50,406200
20211109,10:39,925.50,925.50,925.50,925.50,200,406150
20211109,10:44,931.60,931.60,931.60,931.60,100,406050
20211109,10:46,929.75,929.75,929.75,929.75,500,405950
20211109,10:47,938.60,940.30,938.60,940.30,100,405950
20211109,10:57,955.85,956.60,955.85,956.60,100,405950
20211109,10:58,956.60,956.60,956.60,956.60,100,405950
20211109,11:00,945.00,945.00,941.00,941.00,200,405850
20211109,11:01,940.00,940.00,939.20,939.20,250,405850
20211109,11:06,930.00,930.00,930.00,930.00,100,405550
20211109,11:17,952.00,952.00,952.00,952.00,500,405450
20211109,11:22,943.00,943.00,943.00,943.00,200,405000
20211109,11:29,925.05,925.05,925.05,925.05,500,404750
20211109,11:31,907.20,910.00,907.20,910.00,200,405250
20211109,11:32,911.60,911.60,911.60,911.60,50,405250
20211109,11:34,910.00,910.00,910.00,910.00,50,405450
20211109,11:40,926.00,932.30,926.00,932.30,350,405400
20211109,11:41,927.85,928.50,927.85,928.50,550,405400
20211109,11:42,926.60,926.60,926.60,926.60,100,405300
20211109,11:55,929.55,929.55,929.55,929.55,100,405400
20211109,12:03,930.00,932.00,930.00,932.00,100,405450
20211109,12:04,922.10,923.70,922.10,923.70,300,405450
20211109,12:05,921.90,921.90,921.90,921.90,50,405450
20211109,12:06,930.35,930.35,930.35,930.35,300,405700
20211109,12:07,929.15,929.15,929.15,929.15,50,405700
20211109,12:11,946.00,946.00,946.00,946.00,50,405450
20211109,12:12,944.80,944.80,944.80,944.80,50,405500
20211109,12:17,940.35,941.25,940.35,941.25,100,405550
20211109,12:18,942.40,946.60,942.40,946.35,150,405650
20211109,12:19,950.50,950.50,949.90,949.90,150,405650
20211109,12:20,950.65,955.05,950.65,955.05,400,405650
20211109,12:23,942.20,946.70,942.20,946.70,150,406200
20211109,12:24,950.30,951.00,950.30,951.00,400,406350
20211109,12:27,960.00,970.00,960.00,970.00,550,406750
20211109,12:29,970.00,970.00,960.00,960.00,100,406750
20211109,12:31,956.20,956.20,956.20,956.20,50,406950
20211109,12:33,961.40,965.00,961.40,965.00,350,407050
20211109,12:38,950.00,950.00,950.00,950.00,50,407150
20211109,12:44,944.35,944.35,944.35,944.35,50,407150
20211109,12:45,937.95,937.95,937.95,937.95,50,407200
20211109,12:46,940.65,946.05,940.65,945.85,250,407200
20211109,12:47,941.70,941.70,941.70,941.70,100,407200
20211109,12:48,941.50,941.50,941.50,941.50,100,407500
20211109,12:54,943.90,947.10,943.70,947.10,350,407600
20211109,12:55,945.90,949.15,945.90,949.15,200,407950
20211109,12:56,949.60,949.60,949.60,949.60,50,407950
20211109,12:58,939.05,939.05,939.05,939.05,50,408050
20211109,13:00,935.95,935.95,935.95,935.95,50,408050
20211109,13:02,931.30,931.30,928.40,928.40,100,408000
20211109,13:04,934.45,934.45,934.45,934.45,100,407950
20211109,13:06,932.60,932.60,932.60,932.60,50,407950
20211109,13:09,944.45,946.75,944.40,946.50,200,407950
20211109,13:11,950.25,950.25,946.70,946.70,200,407950
20211109,13:12,946.75,946.75,945.75,945.75,100,408000
20211109,13:13,945.75,946.20,945.60,945.60,250,408000
20211109,13:15,939.70,939.70,939.70,939.70,50,407900
20211109,13:17,941.85,941.85,941.85,941.85,50,407900
20211109,13:20,930.80,930.80,930.00,930.00,150,407950
20211109,13:26,931.90,931.90,931.90,931.90,50,407800
20211109,13:29,934.40,934.40,934.40,934.40,50,407850
20211109,13:30,937.65,944.00,937.65,944.00,400,408000
20211109,13:31,920.00,920.00,914.95,914.95,200,408000
20211109,13:33,941.50,948.95,941.50,948.95,100,408100
20211109,13:34,950.65,980.00,950.65,965.50,900,408100
20211109,13:35,974.40,1000.00,973.95,1000.00,850,408100
20211109,13:36,1008.50,1008.50,985.00,985.00,200,408700
20211109,13:37,988.85,988.85,976.95,977.75,700,408700
20211109,13:38,978.85,978.85,978.85,978.85,100,408700
20211109,13:40,978.40,978.40,978.40,978.40,50,408000
20211109,13:55,970.00,970.00,970.00,970.00,50,407950
20211109,14:00,971.00,971.00,971.00,971.00,200,408000
20211109,14:02,980.00,980.00,980.00,980.00,250,408000
20211109,14:07,965.45,965.45,965.45,965.45,50,408250
20211109,14:10,975.10,975.10,975.10,975.10,50,408250
20211109,14:17,970.85,970.85,970.85,970.85,50,408250
20211109,14:22,932.85,935.40,930.00,935.40,150,408200
20211109,14:23,936.95,936.95,936.95,936.95,500,408200
20211109,14:33,945.05,945.05,945.05,945.05,100,408250
20211109,14:36,949.00,952.00,949.00,952.00,100,408300
20211109,14:45,970.00,970.00,970.00,970.00,250,408350
20211109,14:47,956.30,956.30,956.30,956.30,800,408600
20211109,14:52,970.00,970.00,970.00,970.00,50,409400
20211109,14:53,968.00,969.50,968.00,969.50,200,409400
20211109,14:55,983.80,990.00,983.80,990.00,300,409650
20211109,15:00,964.70,964.70,964.70,964.70,50,409850
20211109,15:01,960.00,960.00,960.00,960.00,50,409850
20211109,15:03,965.25,965.25,963.15,963.15,150,409900
20211109,15:05,956.30,956.30,956.30,956.30,50,409900
20211109,15:06,947.80,947.80,947.80,947.80,350,409900
20211109,15:07,942.55,942.55,942.55,942.55,50,409600
20211109,15:08,940.00,940.00,940.00,940.00,50,409600
20211109,15:09,941.15,941.15,939.10,939.10,100,409600
20211109,15:11,934.55,934.55,934.55,934.55,50,409600
20211109,15:15,931.60,934.00,931.60,934.00,150,409500
20211109,15:17,934.00,934.00,934.00,934.00,150,409500
20211109,15:18,934.00,934.00,932.30,932.60,400,409500
20211109,15:19,931.20,931.20,929.25,929.25,150,409750
20211109,15:20,926.30,926.30,926.30,926.30,50,409750
20211109,15:21,915.40,915.40,913.35,913.35,400,410300
20211109,15:23,921.00,921.00,921.00,921.00,200,410300
20211109,15:24,921.00,921.00,918.25,918.25,600,410300
20211109,15:25,922.80,922.80,922.80,922.80,250,410750
20211109,15:26,926.00,928.00,926.00,928.00,1000,410750
20211109,15:27,929.00,929.00,929.00,929.00,500,410750
20211109,15:29,928.35,928.35,928.35,928.35,100,409200
20211110,09:15,1036.55,1036.55,1036.55,1036.55,51,409250
20211110,09:16,1040.00,1049.75,1040.00,1049.75,150,409250
20211110,09:17,1049.75,1058.65,1049.75,1058.65,100,409300
20211110,09:18,1058.65,1059.05,1058.65,1059.05,200,409300
20211110,09:19,1056.05,1056.05,1056.05,1056.05,250,409300
20211110,09:21,1076.05,1077.75,1067.25,1067.25,1100,409300
20211110,09:22,1071.50,1075.40,1071.50,1072.10,450,409300
20211110,09:23,1061.30,1061.30,1061.30,1061.30,50,409300
20211110,09:25,1060.00,1060.00,1060.00,1060.00,50,407800
20211110,09:26,1062.50,1062.50,1062.50,1062.50,50,407850
20211110,09:27,1060.00,1060.00,1055.00,1055.00,550,407850
20211110,09:28,1060.30,1060.30,1056.00,1056.00,1300,407850
20211110,09:29,1050.00,1056.00,1050.00,1056.00,450,407850
20211110,09:30,1048.30,1048.30,1048.30,1048.30,50,408700
20211110,09:31,1041.30,1041.30,1041.30,1041.30,100,408700
20211110,09:32,1048.60,1048.60,1046.75,1048.25,400,408800
20211110,09:33,1050.00,1050.00,1050.00,1050.00,250,408800
20211110,09:34,1050.50,1053.00,1050.50,1052.10,350,408800
20211110,09:35,1050.80,1050.80,1050.80,1050.80,50,408800
20211110,09:37,1050.00,1050.00,1050.00,1050.00,50,408900
20211110,09:41,1048.00,1050.00,1048.00,1050.00,200,408950
20211110,09:43,1054.40,1063.10,1054.40,1059.65,650,408950
20211110,09:44,1062.20,1062.65,1060.90,1060.90,200,408950
20211110,09:45,1065.50,1068.80,1065.50,1068.80,200,408750
20211110,09:46,1066.50,1066.50,1066.50,1066.50,50,408750
20211110,09:47,1066.50,1066.50,1066.50,1066.50,50,408750
20211110,09:48,1056.10,1057.00,1055.15,1055.15,600,408750
20211110,09:49,1056.80,1056.80,1051.90,1051.90,550,408750
20211110,09:50,1049.45,1049.45,1049.45,1049.45,50,408200
20211110,09:51,1050.25,1052.50,1049.55,1052.50,200,408200
20211110,09:52,1051.95,1051.95,1051.95,1051.95,50,408200
20211110,09:53,1051.75,1052.75,1051.75,1052.75,100,408200
20211110,09:54,1059.35,1059.35,1059.35,1059.35,150,407900
20211110,10:07,1035.40,1035.40,1035.40,1035.40,250,407850
20211110,10:19,1035.40,1035.40,1035.40,1035.40,200,407950
20211110,10:23,1041.05,1041.05,1041.05,1041.05,200,408150
20211110,10:24,1040.00,1040.00,1040.00,1040.00,100,408350
20211110,10:25,1039.00,1039.00,1039.00,1039.00,100,408350
20211110,10:35,1050.00,1050.00,1050.00,1050.00,50,408350
20211110,10:36,1048.00,1048.00,1048.00,1048.00,50,408350
20211110,10:41,1050.00,1050.00,1050.00,1050.00,400,408350
20211110,10:45,1051.95,1051.95,1051.95,1051.95,50,407950
20211110,10:46,1057.45,1058.00,1055.50,1055.50,200,407950
20211110,10:48,1048.00,1048.00,1048.00,1048.00,500,407950
20211110,11:01,1043.00,1043.00,1043.00,1043.00,50,407450
20211110,11:05,1040.00,1040.00,1040.00,1040.00,100,407400
20211110,11:06,1040.00,1040.00,1040.00,1040.00,250,407500
20211110,11:07,1037.15,1037.15,1037.15,1037.15,100,407500
20211110,11:18,1033.00,1033.00,1033.00,1033.00,50,407500
20211110,11:21,1033.00,1033.00,1033.00,1033.00,100,407550
20211110,11:23,1037.00,1037.00,1037.00,1037.00,50,407550
20211110,11:35,1043.90,1043.90,1040.00,1040.00,100,407650
20211110,11:36,1039.85,1039.85,1039.85,1039.85,50,407600
20211110,11:38,1037.20,1037.20,1033.60,1033.60,100,407600
20211110,11:39,1038.30,1038.30,1038.25,1038.25,300,407500
20211110,11:41,1037.35,1037.35,1037.35,1037.35,50,407500
20211110,11:42,1037.40,1037.40,1037.40,1037.40,50,407150
20211110,11:43,1036.20,1038.40,1036.20,1038.40,100,407150
20211110,11:44,1040.25,1040.25,1040.25,1040.25,50,407150
20211110,11:45,1039.15,1039.15,1039.15,1039.15,50,407000
20211110,11:50,1035.00,1035.00,1035.00,1035.00,50,406950
20211110,11:54,1041.00,1041.00,1041.00,1041.00,50,406950
20211110,11:55,1042.00,1042.00,1042.00,1042.00,50,407000
20211110,11:57,1054.10,1055.60,1054.10,1055.60,100,407000
20211110,12:12,1042.05,1042.05,1042.05,1042.05,50,406900
20211110,12:14,1041.05,1041.05,1041.05,1041.05,50,406900
20211110,12:19,1040.00,1040.00,1040.00,1040.00,450,406950
20211110,12:20,1040.00,1040.00,1040.00,1040.00,50,406950
20211110,12:21,1022.50,1022.50,1016.35,1016.35,200,406550
20211110,12:22,1014.85,1015.65,1005.65,1005.65,300,406550
20211110,12:23,1006.55,1013.55,1006.55,1012.60,200,406550
20211110,12:24,1013.85,1014.70,1013.85,1014.70,100,407200
20211110,12:27,1014.05,1014.05,1013.75,1013.75,100,407250
20211110,12:29,1022.15,1022.15,1022.15,1022.15,100,407250
20211110,12:36,1022.00,1022.00,1022.00,1022.00,50,407400
20211110,12:37,1021.15,1021.15,1020.95,1020.95,100,407400
20211110,12:38,1020.95,1020.95,1015.60,1015.60,100,407400
20211110,12:39,1017.00,1017.00,1017.00,1017.00,50,407400
20211110,12:44,1020.45,1020.45,1020.45,1020.45,100,407400
20211110,12:46,1026.00,1026.00,1026.00,1026.00,50,407400
20211110,12:48,1020.00,1020.00,1020.00,1020.00,50,407450
20211110,12:49,1016.30,1016.30,1016.30,1016.30,50,407450
20211110,12:50,1016.05,1016.05,1016.05,1016.05,50,407450
20211110,12:56,1022.35,1022.35,1022.35,1022.35,50,407450
20211110,12:59,1024.25,1024.25,1024.25,1024.25,50,407500
20211110,13:06,1022.00,1022.00,1022.00,1022.00,50,407500
20211110,13:08,1019.65,1019.65,1019.65,1019.65,50,407550
20211110,13:09,1021.05,1021.05,1021.05,1021.05,50,407550
20211110,13:13,1017.25,1017.25,1017.25,1017.25,50,407600
20211110,13:14,1014.00,1014.00,1014.00,1014.00,1000,407600
20211110,13:15,1016.55,1016.55,1016.55,1016.55,50,406750
20211110,13:21,1009.05,1009.05,1009.05,1009.05,50,406800
20211110,13:25,1020.00,1020.00,1020.00,1020.00,50,406800
20211110,13:30,1010.00,1010.00,1010.00,1010.00,50,406850
20211110,13:31,990.00,990.00,990.00,990.00,50,406850
20211110,13:33,990.00,990.00,990.00,990.00,500,406800
20211110,13:39,963.45,963.45,963.45,963.45,100,406350
20211110,13:40,960.00,960.00,960.00,960.00,50,406350
20211110,13:41,952.30,952.30,952.30,952.30,50,406350
20211110,13:42,952.10,952.10,952.10,952.10,100,406300
20211110,13:43,965.00,965.00,965.00,965.00,100,406300
20211110,13:45,955.90,955.90,955.90,955.90,50,406300
20211110,13:48,961.00,961.00,961.00,961.00,250,406300
20211110,13:51,941.90,941.90,941.90,941.90,100,406050
20211110,13:52,940.15,940.15,940.15,940.15,50,406050
20211110,13:53,940.00,940.00,937.15,937.15,250,406050
20211110,13:57,937.15,944.00,937.15,939.55,450,406350
20211110,13:58,940.00,940.00,939.55,939.55,150,406350
20211110,14:00,937.35,939.00,937.35,939.00,100,406700
20211110,14:02,926.90,926.90,926.90,926.90,150,406700
20211110,14:03,926.90,933.05,926.90,930.05,200,406700
20211110,14:04,928.60,928.60,928.60,928.60,100,407100
20211110,14:05,928.60,930.00,927.55,930.00,200,407100
20211110,14:06,931.45,932.65,931.45,932.30,150,407200
20211110,14:07,933.00,934.15,933.00,934.15,100,407200
20211110,14:09,933.15,933.15,927.00,927.00,350,407700
20211110,14:10,921.35,921.35,921.35,921.35,300,407700
20211110,14:12,926.10,932.10,926.10,932.10,400,407650
20211110,14:13,931.10,933.15,931.10,931.35,150,407650
20211110,14:14,927.65,927.65,927.65,927.65,50,407650
20211110,14:15,929.00,929.00,929.00,929.00,50,407650
20211110,14:16,941.55,941.55,941.55,941.55,150,407550
20211110,14:17,944.80,944.80,944.80,944.80,50,407550
20211110,14:19,941.05,941.05,941.05,941.05,50,407450
20211110,14:23,950.20,950.20,950.00,950.00,150,407450
20211110,14:24,946.05,946.05,946.05,946.05,50,407450
20211110,14:25,946.15,946.15,946.15,946.15,50,407300
20211110,14:26,941.85,941.85,941.85,941.85,50,407300
20211110,14:29,936.15,936.15,936.15,936.15,350,407300
20211110,14:30,937.15,937.15,937.15,937.15,100,406950
20211110,14:31,940.00,940.00,940.00,940.00,100,406950
20211110,14:32,935.00,935.65,935.00,935.65,250,406950
20211110,14:33,935.70,935.70,935.70,935.70,50,406950
20211110,14:35,941.00,941.00,939.00,939.00,400,407000
20211110,14:36,940.70,940.70,940.70,940.70,50,407000
20211110,14:37,942.00,942.00,942.00,942.00,100,406850
20211110,14:38,941.75,942.45,941.75,942.45,100,406850
20211110,14:39,944.55,952.30,944.35,952.30,1050,406850
20211110,14:40,961.85,961.85,961.85,961.85,50,407900
20211110,14:44,980.20,980.20,980.20,980.20,50,407900
20211110,14:45,984.15,984.15,984.15,984.15,50,407900
20211110,14:46,984.15,984.15,984.15,984.15,50,408000
20211110,14:47,982.80,982.80,982.00,982.00,150,408000
20211110,14:57,970.00,975.00,970.00,975.00,300,408350
20211110,15:07,968.00,968.30,964.95,964.95,1100,408400
20211110,15:08,970.00,970.00,970.00,970.00,1000,408400
20211110,15:09,969.95,969.95,968.00,968.00,1000,408400
20211110,15:10,971.30,974.95,971.30,974.95,1250,405650
20211110,15:11,982.80,982.80,982.80,982.80,250,405650
20211110,15:15,984.65,989.35,984.65,989.35,150,404750
20211110,15:16,991.40,991.40,991.40,991.40,200,404750
20211110,15:20,984.00,984.00,983.95,983.95,150,404950
20211110,15:21,982.95,982.95,982.95,982.95,50,404950
20211110,15:23,976.95,977.00,976.00,976.00,1400,405050
20211110,15:24,981.90,982.00,981.90,982.00,1250,405050
20211110,15:25,985.00,985.00,983.70,983.70,150,407350
20211110,15:26,985.00,986.35,985.00,986.35,100,407350
20211111,09:15,1049.90,1049.90,1040.00,1040.00,1151,407500
20211111,09:16,1040.00,1042.80,1040.00,1042.80,150,407500
20211111,09:17,1042.80,1042.80,1042.80,1042.80,150,407500
20211111,09:18,1042.80,1044.50,1036.90,1036.90,500,407000
20211111,09:19,1036.90,1036.90,1036.90,1036.90,150,407000
20211111,09:20,1043.35,1043.35,1043.35,1043.35,250,407550
20211111,09:27,1066.10,1071.70,1065.75,1065.75,900,407800
20211111,09:28,1068.70,1068.70,1065.70,1065.70,850,407800
20211111,09:29,1072.70,1072.70,1070.00,1070.00,1000,408250
20211111,09:30,1077.60,1080.05,1077.60,1080.05,1100,408250
20211111,09:32,1085.00,1085.00,1085.00,1085.00,50,408250
20211111,09:34,1085.00,1085.00,1083.60,1083.60,150,407350
20211111,09:38,1078.00,1078.00,1078.00,1078.00,250,407500
20211111,09:44,1078.00,1078.00,1078.00,1078.00,50,407750
20211111,09:45,1078.00,1078.00,1075.00,1075.00,2050,407750
20211111,09:47,1060.00,1060.00,1060.00,1060.00,1500,407750
20211111,09:49,1062.00,1062.00,1062.00,1062.00,100,407300
20211111,09:54,1063.95,1063.95,1063.95,1063.95,50,407300
20211111,09:55,1078.00,1078.00,1078.00,1078.00,100,407300
20211111,09:57,1079.55,1079.55,1075.70,1075.70,150,407250
20211111,10:00,1094.95,1094.95,1094.95,1094.95,50,407400
20211111,10:01,1099.90,1100.00,1099.90,1100.00,200,407400
20211111,10:02,1102.55,1118.85,1102.55,1115.80,550,407450
20211111,10:03,1112.00,1112.00,1112.00,1112.00,50,407450
20211111,10:04,1120.55,1122.05,1120.55,1122.05,200,407450
20211111,10:05,1126.95,1126.95,1126.95,1126.95,150,407450
20211111,10:06,1126.95,1126.95,1111.35,1111.35,150,407600
20211111,10:09,1115.70,1115.70,1115.70,1115.70,50,407650
20211111,10:12,1133.00,1133.00,1133.00,1133.00,50,407700
20211111,10:13,1134.75,1134.75,1134.75,1134.75,50,407700
20211111,10:14,1134.75,1134.75,1130.00,1130.00,100,407700
20211111,10:16,1135.70,1135.70,1135.70,1135.70,100,407700
20211111,10:17,1135.90,1142.00,1135.90,1142.00,200,407700
20211111,10:19,1142.00,1142.00,1142.00,1142.00,100,407700
20211111,10:21,1142.00,1142.00,1142.00,1142.00,50,407600
20211111,10:22,1140.00,1140.00,1140.00,1140.00,100,407600
20211111,10:24,1141.60,1141.60,1141.60,1141.60,50,407500
20211111,10:26,1148.05,1148.05,1142.75,1142.75,650,407500
20211111,10:28,1154.85,1159.90,1154.85,1159.90,150,407500
20211111,10:29,1159.90,1167.40,1159.90,1167.40,100,407500
20211111,10:30,1170.00,1171.00,1170.00,1171.00,300,407000
20211111,10:31,1172.00,1172.00,1172.00,1172.00,300,407000
20211111,10:32,1171.00,1171.00,1171.00,1171.00,100,407000
20211111,10:36,1168.95,1168.95,1168.95,1168.95,50,406750
20211111,10:38,1150.00,1150.00,1150.00,1150.00,50,406750
20211111,10:39,1155.70,1155.70,1155.70,1155.70,50,406700
20211111,10:43,1156.00,1156.00,1156.00,1156.00,200,406700
20211111,10:45,1161.55,1161.55,1161.55,1161.55,50,406550
20211111,10:48,1151.40,1151.40,1151.40,1151.40,500,406600
20211111,10:50,1144.85,1146.25,1144.15,1146.25,200,406600
20211111,10:53,1145.00,1145.00,1145.00,1145.00,600,406400
20211111,10:59,1150.05,1150.05,1150.05,1150.05,50,405950
20211111,11:00,1150.00,1150.00,1150.00,1150.00,500,405850
20211111,11:01,1149.00,1149.00,1149.00,1149.00,100,405850
20211111,11:02,1145.95,1145.95,1145.95,1145.95,50,405850
20211111,11:04,1148.35,1151.00,1147.90,1147.90,150,405250
20211111,11:06,1144.10,1144.10,1144.10,1144.10,50,405250
20211111,11:07,1144.95,1144.95,1144.65,1144.65,150,405250
20211111,11:11,1158.50,1158.50,1158.50,1158.50,300,405450
20211111,11:12,1162.45,1162.45,1162.45,1162.45,100,405400
20211111,11:18,1159.05,1159.05,1159.05,1159.05,50,405400
20211111,11:28,1155.00,1155.00,1155.00,1155.00,50,405350
20211111,11:33,1148.00,1148.00,1148.00,1148.00,50,405350
20211111,11:34,1150.00,1150.00,1150.00,1150.00,50,405350
20211111,11:41,1140.00,1140.00,1140.00,1140.00,50,405350
20211111,11:43,1135.65,1135.65,1135.65,1135.65,50,405400
20211111,11:45,1126.00,1126.00,1126.00,1126.00,100,405400
20211111,11:46,1120.00,1120.00,1120.00,1120.00,600,405400
20211111,11:52,1132.35,1132.35,1132.35,1132.35,50,406100
20211111,11:55,1125.00,1125.00,1125.00,1125.00,100,406050
20211111,12:00,1109.85,1109.85,1109.85,1109.85,300,406150
20211111,12:16,1147.40,1147.40,1147.40,1147.40,250,405950
20211111,12:21,1145.00,1145.00,1145.00,1145.00,50,405700
20211111,12:23,1142.35,1142.35,1142.35,1142.35,50,405700
20211111,12:26,1150.90,1150.90,1150.90,1150.90,100,405750
20211111,12:32,1134.05,1134.50,1132.20,1132.20,150,405700
20211111,12:41,1169.75,1169.75,1169.75,1169.75,50,405750
20211111,12:42,1169.90,1170.10,1169.90,1170.10,250,405700
20211111,12:47,1158.00,1158.00,1158.00,1158.00,100,405500
20211111,12:49,1147.15,1147.15,1147.15,1147.15,50,405600
20211111,12:50,1139.25,1139.25,1139.25,1139.25,50,405600
20211111,12:53,1151.25,1151.25,1151.25,1151.25,50,405650
20211111,12:54,1143.35,1143.35,1143.35,1143.35,50,405600
20211111,12:55,1135.60,1135.60,1135.60,1135.60,50,405600
20211111,12:57,1135.00,1136.40,1135.00,1136.40,350,405600
20211111,13:02,1130.25,1130.25,1130.25,1130.25,50,405950
20211111,13:03,1134.95,1134.95,1134.95,1134.95,50,406000
20211111,13:28,1120.00,1120.00,1120.00,1120.00,50,406050
20211111,13:33,1129.25,1129.25,1129.25,1129.25,100,406000
20211111,13:34,1115.65,1115.65,1115.65,1115.65,100,405900
20211111,13:35,1119.65,1121.10,1119.65,1121.10,150,405900
20211111,13:43,1127.35,1127.35,1127.35,1127.35,100,405950
20211111,13:51,1130.00,1130.00,1130.00,1130.00,50,405950
20211111,13:53,1135.05,1135.05,1135.05,1135.05,50,406000
20211111,13:54,1140.60,1145.00,1140.60,1145.00,100,406050
20211111,13:59,1143.45,1143.45,1143.45,1143.45,50,406150
20211111,14:05,1154.35,1154.35,1154.35,1154.35,50,406100
20211111,14:07,1160.00,1160.00,1160.00,1160.00,50,406150
20211111,14:10,1169.90,1169.90,1169.90,1169.90,50,406100
20211111,14:14,1170.70,1170.70,1170.70,1170.70,100,406100
20211111,14:16,1180.10,1180.10,1180.10,1180.10,200,406200
20211111,14:17,1189.55,1195.25,1189.55,1195.25,150,406200
20211111,14:20,1195.25,1195.25,1182.60,1182.60,200,406150
20211111,14:21,1188.15,1188.15,1188.15,1188.15,50,406150
20211111,14:22,1184.35,1184.35,1184.35,1184.35,50,406100
20211111,14:23,1176.90,1176.90,1176.90,1176.90,50,406100
20211111,14:36,1148.00,1148.00,1148.00,1148.00,100,406150
20211111,14:44,1149.00,1149.00,1149.00,1149.00,50,406050
20211111,14:45,1146.15,1157.70,1146.15,1151.00,150,406050
20211111,14:46,1162.20,1162.70,1162.20,1162.70,100,406050
20211111,14:47,1155.95,1155.95,1154.05,1154.05,100,406050
20211111,14:48,1155.65,1155.65,1155.65,1155.65,100,406050
20211111,14:50,1138.75,1138.75,1135.00,1135.00,100,406100
20211111,14:51,1140.40,1140.40,1140.40,1140.40,50,406100
20211111,14:57,1130.80,1130.80,1130.80,1130.80,200,406200
20211111,14:58,1133.00,1133.00,1133.00,1133.00,50,406400
20211111,14:59,1132.00,1132.00,1132.00,1132.00,500,406400
20211111,15:00,1125.00,1131.75,1125.00,1131.75,550,406400
20211111,15:01,1134.00,1139.50,1134.00,1139.50,100,407200
20211111,15:02,1140.00,1140.00,1140.00,1140.00,50,407200
20211111,15:03,1143.55,1143.55,1142.95,1142.95,100,407200
20211111,15:04,1141.00,1141.00,1120.00,1120.00,150,407050
20211111,15:05,1107.95,1107.95,1107.95,1107.95,50,407050
20211111,15:06,1112.00,1114.00,1112.00,1114.00,100,407050
20211111,15:07,1111.00,1111.00,1111.00,1111.00,50,407150
20211111,15:08,1110.00,1111.00,1110.00,1110.20,1200,407150
20211111,15:12,1117.35,1117.35,1117.35,1117.35,100,407900
20211111,15:13,1115.00,1115.00,1115.00,1115.00,50,407900
20211111,15:14,1114.95,1114.95,1114.95,1114.95,250,407900
20211111,15:15,1105.00,1105.00,1105.00,1105.00,50,407900
20211111,15:17,1100.05,1100.05,1100.00,1100.00,300,407700
20211111,15:18,1093.00,1093.00,1093.00,1093.00,500,407700
20211111,15:20,1100.00,1100.00,1100.00,1100.00,50,408100
20211111,15:23,1100.00,1100.00,1100.00,1100.00,9750,408150
20211111,15:24,1097.25,1097.25,1097.25,1097.25,250,408150
20211111,15:25,1096.15,1096.15,1096.15,1096.15,500,403750
20211111,15:26,1097.25,1097.25,1097.25,1097.25,50,403750
20211111,15:27,1094.10,1094.10,1094.10,1094.10,50,403750
20211111,15:28,1092.70,1092.70,1092.60,1092.60,650,404150
20211112,09:17,1025.00,1025.00,1022.60,1022.60,201,403650
20211112,09:18,1021.85,1021.85,1021.85,1021.85,1500,403650
20211112,09:20,1015.05,1015.05,1015.00,1015.00,1050,403650
20211112,09:21,1015.00,1041.40,1015.00,1041.40,650,401600
20211112,09:22,1041.40,1041.40,1038.50,1038.50,100,401600
20211112,09:25,1041.30,1041.30,1041.30,1041.30,50,401000
20211112,09:29,1008.45,1008.45,1008.45,1008.45,50,401000
20211112,09:30,1000.00,1000.00,1000.00,1000.00,50,401000
20211112,09:31,998.45,998.45,994.65,994.65,150,401000
20211112,09:32,994.65,998.70,994.65,998.70,100,401050
20211112,09:34,996.65,996.65,996.65,996.65,50,401050
20211112,09:35,983.35,983.35,983.35,983.35,50,401100
20211112,09:37,983.35,994.80,983.35,994.80,100,401100
20211112,09:38,1000.00,1000.00,1000.00,1000.00,50,401100
20211112,09:41,1010.95,1010.95,1010.95,1010.95,100,401100
20211112,09:42,1025.00,1025.00,1025.00,1025.00,100,401100
20211112,09:43,1026.90,1026.90,1026.90,1026.90,50,401100
20211112,09:44,1025.85,1030.00,1025.00,1030.00,300,401000
20211112,09:45,1030.00,1030.00,1025.00,1025.00,1150,401000
20211112,09:46,1025.00,1025.00,1015.60,1019.70,200,401000
20211112,09:47,1019.70,1019.70,1015.00,1015.80,200,400450
20211112,09:48,1015.80,1018.15,1015.80,1018.15,150,400450
20211112,09:50,1012.35,1012.35,1012.35,1012.35,100,400450
20211112,09:51,1005.25,1005.25,1005.25,1005.25,100,400600
20211112,09:53,1011.45,1012.90,1011.45,1012.90,350,400600
20211112,09:57,1006.70,1006.70,1006.70,1006.70,50,400600
20211112,10:23,1037.05,1058.00,1037.05,1058.00,200,400550
20211112,10:24,1058.00,1058.00,1058.00,1058.00,150,400600
20211112,10:25,1058.00,1058.00,1045.00,1045.00,300,400600
20211112,10:26,1047.45,1047.45,1047.45,1047.45,50,400600
20211112,10:28,1040.00,1043.00,1040.00,1043.00,150,400700
20211112,10:30,1041.75,1048.50,1041.75,1048.50,150,400750
20211112,10:31,1052.00,1052.00,1052.00,1052.00,50,400750
20211112,10:45,1060.00,1060.00,1060.00,1060.00,100,400800
20211112,10:50,1069.90,1069.90,1069.90,1069.90,50,400800
20211112,10:51,1075.00,1075.00,1075.00,1075.00,150,400750
20211112,10:53,1070.00,1070.00,1070.00,1070.00,100,400850
20211112,11:01,1052.85,1054.10,1050.25,1054.10,4000,400900
20211112,11:02,1054.00,1054.00,1049.30,1050.90,3500,400900
20211112,11:06,1050.25,1050.25,1050.25,1050.25,50,400350
20211112,11:08,1050.00,1050.00,1049.85,1049.85,1550,400350
20211112,11:09,1048.20,1048.20,1046.80,1046.80,1000,400350
20211112,11:16,1040.00,1040.00,1040.00,1040.00,50,400250
20211112,11:19,1033.15,1033.15,1033.15,1033.15,50,400250
20211112,11:32,1020.00,1020.00,1020.00,1020.00,50,400250
20211112,11:43,1034.70,1034.70,1034.70,1034.70,50,400250
20211112,11:46,1034.70,1034.70,1034.70,1034.70,50,400250
20211112,12:02,1010.00,1010.00,1010.00,1010.00,150,400300
20211112,12:06,1028.00,1028.00,1028.00,1028.00,50,400300
20211112,12:08,1019.00,1019.00,1019.00,1019.00,100,400300
20211112,12:09,1015.00,1015.00,1015.00,1015.00,100,400350
20211112,12:13,1030.40,1030.40,1030.40,1030.40,100,400350
20211112,12:16,1027.65,1027.65,1027.65,1027.65,50,400450
20211112,12:22,1025.35,1025.35,1025.35,1025.35,50,400450
20211112,12:28,1019.00,1019.00,1019.00,1019.00,50,400450
20211112,12:31,1015.00,1015.00,1015.00,1015.00,100,400450
20211112,12:35,1010.00,1010.00,1010.00,1010.00,50,400450
20211112,12:40,1005.00,1005.00,1000.15,1000.15,450,400450
20211112,12:41,1000.15,1000.15,995.00,995.00,1100,400450
20211112,12:44,998.00,998.85,998.00,998.85,250,400400
20211112,12:45,990.00,990.00,990.00,990.00,50,400400
20211112,12:46,995.00,995.00,995.00,995.00,100,400400
20211112,12:47,993.55,993.55,993.55,993.55,100,400400
20211112,12:49,980.00,980.00,980.00,980.00,100,400400
20211112,12:51,980.00,980.00,980.00,980.00,300,400400
20211112,12:52,985.30,985.30,985.30,985.30,250,400400
20211112,12:53,982.50,982.50,981.75,981.75,300,400400
20211112,12:54,980.05,980.05,980.05,980.05,400,400400
20211112,12:55,975.90,979.60,975.90,979.60,250,400500
20211112,13:00,979.60,979.60,975.75,975.75,800,400500
20211112,13:01,975.75,975.75,975.75,975.75,250,400500
20211112,13:03,983.15,983.15,983.15,983.15,250,400250
20211112,13:05,970.10,970.10,966.80,966.80,400,400250
20211112,13:06,967.90,967.90,967.90,967.90,1500,399950
20211112,13:07,964.70,964.70,964.70,964.70,50,399950
20211112,13:08,960.70,960.95,960.70,960.95,650,399950
20211112,13:09,960.95,966.25,960.95,964.00,1400,399700
20211112,13:10,960.00,960.00,960.00,960.00,300,399700
20211112,13:11,962.95,962.95,962.95,962.95,500,399700
20211112,13:12,962.75,962.75,962.75,962.75,250,399500
20211112,13:13,961.40,964.15,961.40,964.15,850,399500
20211112,13:14,962.35,962.35,958.45,958.45,400,399500
20211112,13:15,950.00,950.00,950.00,950.00,200,399500
20211112,13:16,950.00,950.00,950.00,950.00,250,400300
20211112,13:17,947.10,947.10,943.70,943.70,550,400300
20211112,13:18,943.70,943.70,943.70,943.70,500,400350
20211112,13:20,944.15,944.15,944.15,944.15,50,400350
20211112,13:21,948.30,948.30,948.30,948.30,150,400300
20211112,13:23,949.50,949.50,949.50,949.50,150,400300
20211112,13:24,949.30,949.30,949.30,949.30,50,400100
20211112,13:25,949.30,949.30,949.30,949.30,100,400100
20211112,13:30,940.00,940.00,936.35,936.35,1100,400050
20211112,13:31,935.00,935.00,932.35,932.35,300,400050
20211112,13:39,929.00,929.00,929.00,929.00,100,400050
20211112,13:40,925.00,925.00,917.60,918.05,800,400600
20211112,13:41,913.70,913.70,910.00,910.00,100,400600
20211112,13:42,910.00,915.10,910.00,915.10,300,400300
20211112,13:45,912.00,912.00,912.00,912.00,100,400350
20211112,13:47,908.00,908.00,908.00,908.00,50,400350
20211112,13:51,908.00,919.30,908.00,919.30,100,400400
20211112,13:52,915.00,916.10,915.00,916.10,100,400400
20211112,13:55,912.00,912.00,910.00,910.00,250,400350
20211112,13:56,915.00,915.00,915.00,915.00,400,400350
20211112,13:57,912.00,912.00,911.65,911.65,250,400150
20211112,14:01,925.00,925.00,925.00,925.00,50,400050
20211112,14:02,927.30,927.80,926.00,926.00,450,400050
20211112,14:03,920.00,920.00,909.60,909.60,500,399800
20211112,14:04,902.70,902.70,895.05,895.05,200,399800
20211112,14:05,895.00,895.00,891.90,891.90,150,399800
20211112,14:06,891.90,891.90,891.90,891.90,50,399800
20211112,14:08,891.00,891.00,891.00,891.00,100,399750
20211112,14:09,888.00,888.00,888.00,888.00,50,399700
20211112,14:11,885.00,885.00,885.00,885.00,150,399700
20211112,14:13,873.90,873.90,873.90,873.90,50,399750
20211112,14:16,873.90,873.90,873.90,873.90,50,399700
20211112,14:19,887.65,887.65,887.65,887.65,50,399700
20211112,14:21,888.00,888.00,882.15,882.15,300,399700
20211112,14:22,878.40,878.40,878.40,878.40,50,399700
20211112,14:25,885.65,885.65,885.65,885.65,150,399650
20211112,14:29,890.60,890.60,890.60,890.60,50,399650
20211112,14:30,886.00,886.00,886.00,886.00,50,399650
20211112,14:36,880.00,880.00,880.00,880.00,50,399650
20211112,14:37,878.90,878.90,878.90,878.90,50,399600
20211112,14:38,880.45,880.45,880.45,880.45,100,399600
20211112,14:39,870.00,870.00,867.45,867.45,300,399400
20211112,14:40,860.00,860.00,860.00,860.00,100,399400
20211112,14:41,860.00,860.00,857.70,857.70,250,399400
20211112,14:42,855.90,855.90,855.90,855.90,150,399600
20211112,14:44,851.35,851.35,851.35,851.35,150,399600
20211112,14:45,850.00,852.15,849.40,850.35,1000,399600
20211112,14:46,854.05,857.00,854.00,857.00,400,399600
20211112,14:49,846.05,847.60,845.60,847.20,1050,399400
20211112,14:50,852.55,852.55,852.55,852.55,50,399400
20211112,14:51,845.45,845.45,835.25,839.00,15100,399400
20211112,14:52,837.95,838.70,837.25,838.70,6250,404950
20211112,14:53,843.30,847.45,843.30,847.45,300,404950
20211112,14:54,847.10,847.10,847.10,847.10,50,404950
20211112,14:55,847.05,850.25,847.05,850.25,550,407950
20211112,14:57,851.50,855.00,851.50,855.00,200,408200
20211112,14:58,862.75,862.75,862.75,862.75,50,408200
20211112,15:00,865.05,865.70,865.05,865.70,100,408200
20211112,15:01,858.10,858.10,858.10,858.10,50,408200
20211112,15:02,856.55,856.55,855.00,855.00,200,408200
20211112,15:03,860.00,860.40,857.75,859.90,1150,407700
20211112,15:04,860.20,864.35,860.20,864.35,1500,407700
20211112,15:05,862.75,865.65,862.75,865.00,750,407700
20211112,15:06,870.00,870.00,868.15,868.15,150,409150
20211112,15:08,870.00,873.00,870.00,873.00,550,409150
20211112,15:09,880.00,880.00,880.00,880.00,200,409100
20211112,15:10,862.15,862.15,862.15,862.15,1250,409100
20211112,15:11,860.20,868.80,860.20,868.80,2800,409100
20211112,15:13,870.00,870.00,865.05,865.15,2000,410600
20211112,15:14,865.50,866.50,865.15,866.15,2950,410600
20211112,15:16,877.20,881.05,877.20,881.00,3550,414350
20211112,15:17,879.80,879.80,879.80,879.80,850,414350
20211112,15:19,875.80,879.00,873.85,873.85,950,411300
20211112,15:20,865.45,865.90,864.90,865.90,500,411300
20211112,15:21,863.10,864.55,862.80,864.55,450,411300
20211112,15:22,861.95,862.25,860.95,861.80,550,412350
20211112,15:23,861.60,862.05,861.20,862.05,1000,412350
20211112,15:24,860.30,863.10,860.30,863.10,650,412350
20211112,15:25,868.05,868.05,865.00,865.00,200,413400
20211112,15:26,861.95,861.95,861.10,861.10,300,413400
20211112,15:27,859.00,860.10,859.00,859.00,1600,413400
20211112,15:28,859.90,859.90,859.90,859.90,200,413350
20211112,15:29,860.00,861.00,856.75,861.00,250,413350
20211115,09:15,825.00,825.00,811.15,811.15,1051,413100
20211115,09:16,800.00,800.00,800.00,800.00,50,413100
20211115,09:17,793.55,793.55,788.00,788.00,350,413150
20211115,09:18,788.00,788.00,788.00,788.00,50,413150
20211115,09:19,788.00,788.00,788.00,788.00,50,413150
20211115,09:20,783.70,783.70,780.45,780.45,150,413150
20211115,09:21,790.00,790.00,790.00,790.00,50,413150
20211115,09:22,790.00,790.00,788.00,788.00,800,413150
20211115,09:23,788.20,788.20,788.20,788.20,50,413150
20211115,09:24,796.60,797.30,792.70,796.60,550,413150
20211115,09:25,793.10,794.05,791.05,792.80,1200,413150
20211115,09:28,795.00,797.00,790.00,790.00,700,412200
20211115,09:29,795.00,795.00,795.00,795.00,100,412150
20211115,09:32,790.90,795.15,790.90,793.00,1000,411750
20211115,09:36,800.25,802.00,800.25,802.00,100,411600
20211115,09:38,807.10,807.10,807.10,807.10,250,411550
20211115,09:40,800.25,800.25,800.25,800.25,50,411550
20211115,09:42,792.50,792.50,792.50,792.50,50,411400
20211115,09:43,791.85,791.85,791.85,791.85,100,411400
20211115,09:44,788.00,788.00,788.00,788.00,250,411250
20211115,09:45,787.75,790.45,787.75,790.45,200,411250
20211115,09:46,790.00,790.00,790.00,790.00,250,411250
20211115,09:49,773.30,773.30,773.30,773.30,50,411200
20211115,09:50,773.30,773.30,773.30,773.30,100,411200
20211115,09:52,773.30,773.30,773.30,773.30,50,411200
20211115,09:53,788.00,797.00,788.00,797.00,150,411300
20211115,09:58,791.50,803.35,791.50,800.20,21200,411300
20211115,09:59,800.20,803.00,800.20,800.40,850,407500
20211115,10:00,800.00,800.00,798.60,798.60,100,407500
20211115,10:01,799.15,799.15,799.15,799.15,50,407500
20211115,10:02,795.70,799.00,795.70,799.00,250,407400
20211115,10:03,799.45,799.75,799.45,799.75,250,407400
20211115,10:04,805.85,809.00,805.85,809.00,150,407400
20211115,10:05,813.10,818.70,808.05,818.70,700,407350
20211115,10:06,825.30,826.20,821.95,821.95,1400,407350
20211115,10:07,822.05,822.05,814.35,814.35,300,407350
20211115,10:08,810.10,811.45,805.20,805.20,250,407350
20211115,10:09,805.20,806.15,805.05,806.15,1650,406700
20211115,10:10,805.50,805.50,805.50,805.50,50,406700
20211115,10:11,815.50,815.50,815.50,815.50,50,406300
20211115,10:12,814.40,814.40,814.40,814.40,50,406300
20211115,10:13,814.20,814.20,813.60,813.60,200,406300
20211115,10:14,819.90,819.90,819.90,819.90,50,406300
20211115,10:15,821.95,821.95,816.30,816.30,200,406150
20211115,10:17,827.60,833.30,827.60,829.50,350,406150
20211115,10:18,833.80,833.80,833.80,833.80,300,406150
20211115,10:20,845.45,845.45,845.45,845.45,200,406150
20211115,10:22,845.45,845.45,832.45,832.45,550,405550
20211115,10:23,832.45,836.45,832.45,836.45,1250,405850
20211115,10:24,839.10,841.90,839.10,841.90,100,405850
20211115,10:25,845.45,849.50,845.45,849.50,200,405850
20211115,10:26,840.25,840.25,840.25,840.25,50,405850
20211115,10:30,840.00,840.00,840.00,840.00,50,405850
20211115,10:32,825.00,825.00,825.00,825.00,1600,405400
20211115,10:37,816.00,816.00,816.00,816.00,50,405150
20211115,10:40,826.20,829.45,826.20,829.45,550,405150
20211115,10:41,829.65,829.80,829.65,829.80,500,405150
20211115,10:46,838.40,839.20,838.40,839.20,800,404500
20211115,10:47,847.65,847.65,847.45,847.45,200,404500
20211115,10:48,834.95,834.95,834.95,834.95,50,404400
20211115,10:55,825.05,825.05,825.05,825.05,50,404400
20211115,10:56,832.40,832.40,832.40,832.40,50,404350
20211115,10:59,825.00,825.00,817.95,817.95,100,404150
20211115,11:00,822.45,822.45,822.45,822.45,50,404150
20211115,11:02,819.85,822.45,819.85,822.45,150,404150
20211115,11:03,822.45,824.95,822.45,824.95,550,404150
20211115,11:06,836.60,837.10,836.60,837.10,1000,404200
20211115,11:07,840.00,840.00,840.00,840.00,50,404200
20211115,11:10,840.00,840.00,840.00,840.00,50,404200
20211115,11:20,840.00,840.00,840.00,840.00,150,404200
20211115,11:21,843.15,843.15,843.15,843.15,50,404200
20211115,11:24,848.70,860.40,848.70,856.55,700,404150
20211115,11:27,859.40,863.30,859.40,863.30,100,403700
20211115,11:28,870.90,870.90,870.90,870.90,50,403700
20211115,11:29,873.95,873.95,873.95,873.95,100,403700
20211115,11:30,875.00,880.95,875.00,880.80,650,403600
20211115,11:31,874.00,874.00,874.00,874.00,50,403600
20211115,11:33,860.00,862.00,860.00,862.00,350,403250
20211115,11:35,863.85,863.85,863.85,863.85,50,403250
20211115,11:42,868.80,868.80,868.80,868.80,50,403050
20211115,11:45,885.85,885.85,885.85,885.85,50,402750
20211115,11:46,892.00,893.30,892.00,893.30,250,402750
20211115,11:47,901.00,901.00,901.00,901.00,100,402750
20211115,11:49,901.00,901.00,882.00,882.00,100,402500
20211115,11:51,875.20,875.20,875.20,875.20,100,402500
20211115,11:57,882.15,882.15,882.15,882.15,50,402500
20211115,12:00,884.85,884.85,884.85,884.85,50,402450
20211115,12:03,874.55,874.55,874.55,874.55,100,402500
20211115,12:08,866.65,866.65,866.65,866.65,50,402550
20211115,12:23,875.00,875.00,875.00,875.00,50,402500
20211115,12:25,880.00,880.00,880.00,880.00,100,402450
20211115,12:37,857.65,857.65,857.65,857.65,50,402450
20211115,12:44,871.75,871.75,871.75,871.75,50,402400
20211115,12:47,864.40,864.40,864.40,864.40,250,402400
20211115,12:48,865.00,865.00,865.00,865.00,350,402400
20211115,12:49,850.00,856.80,850.00,856.80,650,402150
20211115,12:50,861.15,864.60,861.15,864.60,450,402150
20211115,12:52,863.95,863.95,863.95,863.95,50,401750
20211115,12:53,872.50,872.50,872.50,872.50,50,401750
20211115,12:54,868.80,868.80,868.80,868.80,50,401750
20211115,13:01,856.20,856.20,856.20,856.20,50,401600
20211115,13:04,860.95,860.95,860.95,860.95,50,401600
20211115,13:07,869.40,869.40,869.40,869.40,50,401550
20211115,13:08,868.00,868.00,860.20,860.20,100,401550
20211115,13:09,858.00,858.00,858.00,858.00,150,401400
20211115,13:13,894.40,909.35,894.40,909.35,600,401250
20211115,13:14,911.95,915.25,911.95,915.25,200,401250
20211115,13:15,915.25,915.25,915.25,915.25,50,401150
20211115,13:16,910.00,910.00,910.00,910.00,50,401150
20211115,13:19,882.00,882.00,882.00,882.00,50,401150
20211115,13:32,879.00,879.00,879.00,879.00,200,401150
20211115,13:35,868.00,868.00,868.00,868.00,50,401200
20211115,13:39,871.10,871.40,869.60,869.60,550,401150
20211115,13:45,867.50,879.55,867.50,879.55,300,401050
20211115,13:46,874.60,874.60,874.60,874.60,50,401050
20211115,13:48,880.00,880.00,880.00,880.00,50,401050
20211115,13:49,889.20,889.20,889.20,889.20,50,401050
20211115,13:51,876.75,876.75,876.75,876.75,100,401000
20211115,13:53,875.00,875.00,875.00,875.00,50,401000
20211115,13:55,867.35,871.80,867.00,871.80,2350,401000
20211115,13:56,874.00,875.90,867.70,870.90,700,401000
20211115,13:58,873.80,873.80,873.80,873.80,100,401500
20211115,14:00,872.25,872.25,869.60,869.60,150,401500
20211115,14:01,873.55,873.55,873.55,873.55,50,401500
20211115,14:02,862.20,867.90,862.20,867.90,250,401500
20211115,14:04,861.40,861.40,861.40,861.40,50,401400
20211115,14:05,858.45,858.45,858.45,858.45,100,401400
20211115,14:08,850.70,856.15,848.20,856.15,10050,401400
20211115,14:09,852.25,852.25,840.05,840.05,150,401400
20211115,14:15,843.55,845.75,843.55,845.75,100,407200
20211115,14:16,851.05,854.40,851.05,854.05,150,407200
20211115,14:17,854.00,854.00,854.00,854.00,100,407200
20211115,14:18,857.20,857.20,852.85,852.85,100,407200
20211115,14:20,840.20,841.00,840.20,841.00,100,407600
20211115,14:23,852.95,853.40,852.95,853.40,100,407600
20211115,14:24,843.95,843.95,842.70,842.70,100,407650
20211115,14:25,834.65,834.65,833.50,834.10,1000,407650
20211115,14:26,841.80,841.80,841.80,841.80,50,407650
20211115,14:32,848.55,848.55,848.55,848.55,50,408200
20211115,14:33,837.15,838.25,837.10,837.10,200,408300
20211115,14:34,836.85,836.85,836.75,836.75,150,408300
20211115,14:35,842.80,843.80,842.80,843.80,200,408300
20211115,14:37,841.70,841.70,841.70,841.70,50,408700
20211115,14:41,863.50,863.50,863.50,863.50,300,408750
20211115,14:52,858.80,858.80,858.80,858.80,50,408700
20211115,14:54,862.90,862.90,862.90,862.90,50,408700
20211115,15:00,855.30,855.30,855.30,855.30,50,408700
20211115,15:03,855.30,855.30,855.30,855.30,100,408750
20211115,15:04,856.65,856.65,856.65,856.65,100,408800
20211115,15:06,846.80,846.80,846.80,846.80,2500,408850
20211115,15:09,853.00,853.00,853.00,853.00,100,408850
20211115,15:12,860.60,860.60,860.60,860.60,50,411150
20211115,15:14,860.40,860.40,860.40,860.40,100,411200
20211115,15:15,852.95,852.95,852.95,852.95,50,411200
20211115,15:16,859.30,863.90,859.30,863.90,100,411150
20211115,15:18,863.50,865.95,863.50,865.95,100,411150
20211115,15:20,855.45,855.45,855.45,855.45,50,411100
20211115,15:21,857.95,857.95,855.45,855.45,450,411100
20211115,15:22,855.45,857.00,855.45,857.00,700,411100
20211115,15:24,858.55,858.55,857.50,857.50,200,411100
20211115,15:25,864.60,864.60,864.60,864.60,50,411100
20211115,15:27,867.50,867.50,867.50,867.50,50,411100
20211115,15:28,869.60,869.60,867.05,869.60,200,411100
20211116,09:15,874.50,874.50,874.50,874.50,51,411050
20211116,09:16,894.30,894.30,894.30,894.30,50,411050
20211116,09:17,894.30,894.30,894.30,894.30,50,411050
20211116,09:18,894.30,894.30,894.30,894.30,250,411050
20211116,09:19,888.35,895.00,884.70,895.00,400,411050
20211116,09:20,895.00,895.00,890.00,890.00,150,411250
20211116,09:22,901.00,901.00,901.00,901.00,50,411250
20211116,09:24,901.00,901.00,901.00,901.00,650,411350
20211116,09:31,890.20,890.20,890.20,890.20,100,411350
20211116,09:32,896.00,900.00,896.00,900.00,100,411650
20211116,09:36,917.90,929.70,917.90,929.70,150,411650
20211116,09:37,938.00,938.00,938.00,938.00,50,411650
20211116,09:39,938.00,938.00,938.00,938.00,50,411600
20211116,09:40,950.00,950.00,950.00,950.00,100,411600
20211116,09:42,950.00,950.00,950.00,950.00,300,411550
20211116,09:43,950.00,950.00,950.00,950.00,250,411550
20211116,09:46,950.00,950.00,949.75,949.75,1350,412000
20211116,09:49,949.75,949.75,949.75,949.75,50,411650
20211116,09:55,928.60,928.60,928.60,928.60,100,411600
20211116,10:12,911.00,911.00,911.00,911.00,50,411600
20211116,10:21,926.00,926.00,926.00,926.00,50,411650
20211116,10:24,931.15,931.15,931.15,931.15,250,411600
20211116,10:29,920.10,920.10,920.10,920.10,500,411600
20211116,10:32,925.00,925.00,925.00,925.00,500,412050
20211116,10:33,922.80,924.00,922.80,924.00,150,412150
20211116,10:36,930.00,935.65,930.00,935.65,550,412150
20211116,10:37,935.00,935.00,935.00,935.00,50,412150
20211116,10:41,926.45,926.45,926.45,926.45,50,412400
20211116,10:43,924.90,924.90,924.90,924.90,50,412400
20211116,10:57,930.80,930.80,930.80,930.80,50,412450
20211116,11:01,934.65,934.65,934.65,934.65,50,412400
20211116,11:03,939.70,939.70,939.70,939.70,100,412400
20211116,11:06,941.40,950.00,941.40,950.00,600,412400
20211116,11:10,955.30,955.30,955.30,955.30,50,412850
20211116,11:12,955.30,955.30,955.30,955.30,50,412800
20211116,11:13,946.90,946.90,946.90,946.90,50,412800
20211116,11:16,944.80,944.80,944.80,944.80,300,412800
20211116,11:19,965.30,965.30,965.30,965.30,50,413050
20211116,11:25,965.30,965.30,965.30,965.30,50,413050
20211116,11:35,942.00,942.00,942.00,942.00,50,413000
20211116,11:40,935.50,940.75,935.50,940.75,600,413050
20211116,11:46,931.10,931.10,931.10,931.10,150,412600
20211116,11:55,931.90,931.90,931.90,931.90,50,412550
20211116,12:05,921.10,922.90,917.15,917.15,150,412500
20211116,12:06,914.00,916.50,910.00,910.00,150,412400
20211116,12:10,900.00,900.00,900.00,900.00,500,412500
20211116,12:16,900.00,900.00,900.00,900.00,50,412500
20211116,12:18,901.70,901.70,901.70,901.70,50,412250
20211116,12:21,890.00,890.00,890.00,890.00,50,412250
20211116,12:23,896.25,896.25,896.25,896.25,500,412250
20211116,12:29,902.70,905.00,902.70,905.00,300,412400
20211116,12:31,913.70,913.70,913.70,913.70,50,412500
20211116,12:35,901.15,901.15,901.15,901.15,50,412500
20211116,12:37,907.35,907.35,907.35,907.35,100,412500
20211116,12:40,914.70,914.70,914.70,914.70,50,412550
20211116,12:59,895.00,895.00,895.00,895.00,50,412500
20211116,13:02,899.80,899.80,899.80,899.80,50,412550
20211116,13:03,896.55,896.55,896.55,896.55,50,412550
20211116,13:06,898.15,898.15,898.15,898.15,100,412600
20211116,13:07,903.55,903.55,903.55,903.55,50,412600
20211116,13:09,880.70,880.70,876.75,876.75,100,412650
20211116,13:10,870.00,870.00,864.65,864.65,350,412650
20211116,13:13,864.00,864.00,864.00,864.00,50,412700
20211116,13:14,864.00,864.00,864.00,864.00,100,412700
20211116,13:18,872.50,872.50,870.25,870.25,100,412650
20211116,13:25,880.70,880.70,880.70,880.70,50,412650
20211116,13:30,883.00,883.00,880.00,880.00,100,412700
20211116,13:32,879.00,879.00,879.00,879.00,50,412700
20211116,13:44,892.75,895.00,892.75,895.00,100,412750
20211116,13:45,898.00,898.00,898.00,898.00,100,412750
20211116,13:46,894.15,896.45,893.65,893.65,200,412750
20211116,13:54,900.00,900.00,900.00,900.00,50,412550
20211116,14:05,883.50,883.50,883.50,883.50,50,412550
20211116,14:06,916.15,916.15,916.15,916.15,50,412550
20211116,14:10,916.60,916.60,916.60,916.60,50,412550
20211116,14:15,929.00,929.00,929.00,929.00,50,412550
20211116,14:16,933.00,933.00,933.00,933.00,50,412550
20211116,14:19,933.00,933.00,933.00,933.00,50,412500
20211116,14:20,940.00,945.00,940.00,945.00,550,412500
20211116,14:21,950.00,950.00,950.00,950.00,300,412600
20211116,14:23,950.00,950.00,950.00,950.00,50,412600
20211116,14:24,961.35,964.25,961.35,964.25,150,412450
20211116,14:25,970.00,970.00,970.00,970.00,250,412450
20211116,14:26,980.00,980.00,980.00,980.00,50,412450
20211116,14:29,981.05,981.05,981.05,981.05,50,412400
20211116,14:30,999.00,999.00,999.00,999.00,100,412350
20211116,14:36,972.15,972.15,972.15,972.15,50,412300
20211116,14:37,963.25,963.25,963.25,963.25,50,412300
20211116,14:43,965.00,965.00,965.00,965.00,50,412250
20211116,14:44,965.00,965.00,965.00,965.00,100,412250
20211116,14:45,961.00,961.00,961.00,961.00,50,412250
20211116,14:50,980.00,980.00,980.00,980.00,50,412250
20211116,14:51,976.90,976.90,976.90,976.90,50,412250
20211116,15:09,956.00,956.00,956.00,956.00,250,412250
20211116,15:10,956.00,956.00,956.00,956.00,50,412250
20211116,15:11,967.00,967.00,967.00,967.00,200,412250
20211116,15:12,970.10,970.10,970.10,970.10,200,412250
20211116,15:13,972.00,976.90,972.00,976.90,200,411950
20211116,15:14,986.10,986.10,986.10,986.10,100,411950
20211116,15:16,993.10,993.10,993.10,993.10,400,411950
20211116,15:18,1000.00,1000.00,1000.00,1000.00,100,411950
20211116,15:19,1000.00,1000.00,995.00,995.00,100,411850
20211116,15:20,1000.05,1000.05,1000.05,1000.05,50,411850
20211116,15:22,1001.00,1001.00,1001.00,1001.00,150,411900
20211116,15:25,1004.45,1004.45,1004.45,1004.45,50,412050
20211116,15:26,1006.00,1006.00,1006.00,1006.00,250,412050
20211116,15:27,1015.15,1015.15,1015.15,1015.15,50,412050
20211116,15:28,1020.00,1020.00,1020.00,1020.00,100,412200
20211116,15:29,1019.35,1019.35,1018.95,1018.95,100,412200
20211117,09:15,1059.90,1059.90,1059.90,1059.90,51,412050
20211117,09:17,1063.00,1063.00,1063.00,1063.00,50,412050
20211117,09:18,1073.70,1073.70,1073.70,1073.70,50,412050
20211117,09:20,1073.70,1073.70,1070.00,1070.00,150,411950
20211117,09:22,1052.60,1052.60,1052.60,1052.60,100,411950
20211117,09:23,1042.55,1042.55,1042.55,1042.55,50,411950
20211117,09:24,1042.25,1054.15,1040.45,1054.15,400,411850
20211117,09:26,1052.30,1052.30,1052.30,1052.30,50,411850
20211117,09:29,1045.00,1045.00,1045.00,1045.00,50,411650
20211117,09:33,1054.55,1054.55,1054.55,1054.55,50,411700
20211117,09:34,1039.15,1039.15,1039.15,1039.15,100,411700
20211117,09:37,1025.00,1025.00,1023.65,1023.65,150,411700
20211117,09:38,1023.65,1023.65,1023.65,1023.65,50,411700
20211117,09:40,1020.00,1020.00,1020.00,1020.00,50,411800
20211117,09:42,1020.00,1020.00,1020.00,1020.00,50,411800
20211117,09:45,1020.00,1021.00,1015.00,1015.00,1100,411750
20211117,09:55,1015.00,1015.00,1015.00,1015.00,50,410750
20211117,10:01,1038.00,1038.00,1038.00,1038.00,500,410750
20211117,10:04,1020.00,1021.15,1020.00,1021.15,300,410750
20211117,10:05,1016.90,1016.90,1016.90,1016.90,50,410750
20211117,10:07,1012.00,1012.00,1012.00,1012.00,100,410700
20211117,10:08,1008.05,1008.05,1008.05,1008.05,50,410700
20211117,10:12,1008.05,1008.05,1008.05,1008.05,100,410700
20211117,10:17,1014.80,1014.80,1014.80,1014.80,100,410700
20211117,10:18,1018.60,1018.60,1018.60,1018.60,50,410600
20211117,10:19,1025.00,1025.00,1025.00,1025.00,1050,410600
20211117,10:29,990.00,990.00,990.00,990.00,550,411600
20211117,10:30,978.00,978.00,978.00,978.00,50,411250
20211117,10:34,978.00,978.00,978.00,978.00,50,411250
20211117,10:48,988.90,995.00,988.90,995.00,100,411200
20211117,10:49,999.00,999.00,998.55,998.55,150,411200
20211117,10:50,1010.00,1010.00,1010.00,1010.00,200,411200
20211117,11:02,1008.00,1008.00,1008.00,1008.00,100,411000
20211117,11:04,1013.45,1013.45,1013.45,1013.45,50,411100
20211117,11:06,1007.00,1007.00,1001.95,1001.95,2000,411100
20211117,11:08,1005.00,1005.00,1005.00,1005.00,500,411100
20211117,11:11,995.00,995.00,995.00,995.00,1000,410000
20211117,11:12,989.85,989.85,989.85,989.85,50,409200
20211117,11:14,990.00,990.00,990.00,990.00,50,409200
20211117,11:16,990.80,990.80,990.80,990.80,50,409200
20211117,11:18,1004.90,1004.90,1004.90,1004.90,50,409200
20211117,11:24,1006.35,1006.35,1006.35,1006.35,100,409150
20211117,11:27,1000.25,1000.25,1000.25,1000.25,150,409100
20211117,11:37,1012.30,1012.30,1012.30,1012.30,50,409050
20211117,11:38,1015.50,1015.50,1015.50,1015.50,50,409050
20211117,11:40,1020.00,1020.00,1020.00,1020.00,600,409050
20211117,11:44,1010.80,1010.80,1010.80,1010.80,300,409250
20211117,11:45,1020.00,1020.00,1020.00,1020.00,50,409150
20211117,11:50,1010.40,1010.40,1010.40,1010.40,100,409200
20211117,11:56,1020.00,1020.00,1020.00,1020.00,500,409200
20211117,11:57,1019.50,1019.50,1019.50,1019.50,250,408750
20211117,12:02,1036.75,1036.75,1036.75,1036.75,50,408500
20211117,12:03,1036.50,1038.00,1036.50,1038.00,100,408500
20211117,12:04,1038.75,1038.75,1038.75,1038.75,50,408500
20211117,12:06,1040.00,1040.00,1040.00,1040.00,100,408500
20211117,12:07,1034.90,1034.90,1034.90,1034.90,50,408500
20211117,12:08,1034.80,1035.00,1034.80,1035.00,250,408500
20211117,12:09,1041.25,1041.25,1041.25,1041.25,100,408500
20211117,12:11,1045.45,1045.45,1045.45,1045.45,50,408500
20211117,12:13,1033.85,1034.85,1033.00,1033.00,1000,408450
20211117,12:16,1031.00,1031.00,1031.00,1031.00,50,409250
20211117,12:17,1029.05,1029.05,1029.05,1029.05,50,409250
20211117,12:18,1034.50,1041.00,1034.50,1041.00,200,409300
20211117,12:32,1034.55,1034.55,1034.55,1034.55,50,409250
20211117,12:33,1040.00,1040.00,1040.00,1040.00,50,409250
20211117,12:35,1037.15,1037.15,1032.35,1032.35,300,409200
20211117,12:36,1030.65,1030.65,1030.65,1030.65,50,409200
20211117,12:39,1029.00,1029.00,1023.90,1023.90,100,408950
20211117,12:49,1044.00,1044.00,1044.00,1044.00,50,408850
20211117,12:50,1046.00,1046.00,1046.00,1046.00,150,408850
20211117,12:51,1050.00,1050.00,1050.00,1050.00,200,408850
20211117,12:55,1059.70,1059.70,1059.70,1059.70,300,408650
20211117,12:57,1048.35,1048.35,1048.35,1048.35,50,408350
20211117,12:58,1040.80,1041.00,1040.80,1041.00,100,408350
20211117,13:00,1045.00,1045.00,1041.10,1041.10,550,408350
20211117,13:01,1040.00,1040.00,1040.00,1040.00,50,408350
20211117,13:03,1040.00,1040.00,1040.00,1040.00,50,407900
20211117,13:05,1035.05,1035.05,1030.00,1030.00,400,407900
20211117,13:06,1021.65,1021.65,1021.65,1021.65,50,407650
20211117,13:08,1015.00,1018.00,1015.00,1018.00,100,407650
20211117,13:09,1018.00,1018.00,1018.00,1018.00,200,407650
20211117,13:14,1008.30,1008.30,1008.30,1008.30,50,407500
20211117,13:15,1005.00,1005.00,1005.00,1005.00,200,407450
20211117,13:16,1005.00,1005.00,1005.00,1005.00,300,407450
20211117,13:17,1004.80,1004.80,1004.80,1004.80,50,407450
20211117,13:18,1008.65,1008.65,1008.65,1008.65,50,407450
20211117,13:19,1009.70,1009.70,1007.75,1007.75,150,407250
20211117,13:20,1010.35,1010.75,1010.35,1010.75,250,407250
20211117,13:22,1012.50,1012.50,1012.50,1012.50,50,406800
20211117,13:24,1006.15,1006.15,1006.15,1006.15,50,406800
20211117,13:27,1003.05,1003.05,1000.20,1000.20,300,406500
20211117,13:28,994.95,994.95,994.95,994.95,50,406500
20211117,13:30,985.45,987.00,985.45,987.00,400,406450
20211117,13:31,991.90,991.90,991.90,991.90,50,406450
20211117,13:35,1004.00,1004.00,1004.00,1004.00,50,406550
20211117,13:52,985.00,985.00,977.15,977.15,400,406500
20211117,13:58,977.15,977.15,977.15,977.15,50,406150
20211117,13:59,1003.35,1003.35,1003.35,1003.35,50,406150
20211117,14:00,998.60,998.60,993.25,993.25,200,406000
20211117,14:10,1020.20,1020.20,1020.20,1020.20,250,405950
20211117,14:12,1016.55,1016.55,1016.55,1016.55,200,405950
20211117,14:16,1014.30,1014.30,1014.30,1014.30,250,405500
20211117,14:21,1010.30,1010.50,1010.30,1010.50,350,405300
20211117,14:25,1018.20,1018.20,1018.20,1018.20,50,405050
20211117,14:26,1013.45,1013.45,1013.45,1013.45,50,405050
20211117,14:29,1027.10,1027.10,1027.10,1027.10,50,405050
20211117,14:35,1033.00,1033.00,1033.00,1033.00,50,405050
20211117,14:41,1022.05,1022.05,1022.05,1022.05,50,405100
20211117,14:48,1037.00,1038.00,1037.00,1038.00,1000,405050
20211117,14:55,1046.15,1046.15,1046.15,1046.15,50,404150
20211117,14:56,1047.65,1047.65,1047.65,1047.65,50,404150
20211117,14:59,1059.90,1059.90,1059.90,1059.90,50,404100
20211117,15:00,1063.00,1063.00,1063.00,1063.00,100,404100
20211117,15:02,1063.80,1063.80,1062.70,1062.70,150,404100
20211117,15:03,1070.00,1070.00,1070.00,1070.00,100,404100
20211117,15:04,1076.60,1077.00,1076.60,1077.00,250,403950
20211117,15:07,1077.90,1077.90,1077.90,1077.90,50,404100
20211117,15:10,1077.90,1077.90,1067.65,1068.75,300,404100
20211117,15:11,1069.30,1080.05,1069.30,1080.05,650,404100
20211117,15:12,1080.00,1091.15,1080.00,1091.15,450,404100
20211117,15:13,1091.00,1091.00,1090.15,1090.15,500,404900
20211117,15:14,1090.15,1092.25,1090.15,1092.25,250,404900
20211117,15:15,1092.85,1092.85,1091.05,1092.15,300,404900
20211117,15:16,1090.00,1090.00,1090.00,1090.00,100,405150
20211117,15:17,1086.95,1089.90,1086.95,1089.90,150,405150
20211117,15:20,1094.20,1094.20,1094.20,1094.20,100,405050
20211117,15:22,1097.70,1097.70,1097.70,1097.70,50,404950
20211117,15:23,1102.00,1102.00,1102.00,1102.00,50,404950
20211117,15:24,1102.00,1102.00,1102.00,1102.00,50,404950
20211117,15:25,1093.45,1095.55,1093.45,1095.55,200,404950
20211117,15:26,1098.20,1098.20,1091.60,1091.60,200,404950
20211117,15:27,1096.00,1096.00,1096.00,1096.00,50,404950
20211117,15:28,1096.00,1096.00,1096.00,1096.00,50,404850
20211117,15:29,1104.00,1104.00,1104.00,1104.00,100,404850
20211118,09:17,1083.00,1084.45,1083.00,1084.45,101,404850
20211118,09:18,1090.00,1090.00,1090.00,1090.00,200,404850
20211118,09:21,1090.00,1090.00,1078.30,1078.30,700,404650
20211118,09:22,1075.85,1075.85,1075.85,1075.85,100,404650
20211118,09:23,1069.65,1069.65,1069.65,1069.65,100,404350
20211118,09:26,1079.15,1079.15,1079.15,1079.15,50,404350
20211118,09:29,1088.00,1100.90,1088.00,1100.90,150,404300
20211118,09:30,1122.55,1129.90,1122.55,1129.90,100,404300
20211118,09:31,1133.05,1133.05,1133.05,1133.05,150,404300
20211118,09:32,1136.55,1140.45,1136.55,1140.45,350,404600
20211118,09:33,1140.45,1140.45,1140.45,1140.45,200,404600
20211118,09:35,1140.00,1140.00,1140.00,1140.00,300,404750
20211118,09:36,1148.00,1148.00,1143.00,1143.00,1250,404750
20211118,09:37,1143.00,1143.35,1143.00,1143.35,2000,404750
20211118,09:39,1127.25,1127.25,1127.25,1127.25,50,402900
20211118,09:40,1130.00,1130.00,1130.00,1130.00,50,402900
20211118,09:47,1126.25,1126.25,1126.25,1126.25,50,402900
20211118,09:48,1129.70,1131.55,1129.70,1130.85,150,402900
20211118,09:52,1137.30,1137.30,1127.95,1127.95,150,402850
20211118,09:53,1126.00,1126.00,1126.00,1126.00,50,402850
20211118,09:56,1124.35,1126.00,1124.35,1126.00,200,402750
20211118,09:58,1128.00,1128.00,1128.00,1128.00,50,402750
20211118,10:01,1140.05,1148.00,1140.05,1148.00,3900,402700
20211118,10:02,1148.00,1151.10,1148.00,1151.10,1300,402150
20211118,10:03,1151.10,1151.10,1151.10,1151.10,50,402150
20211118,10:04,1154.25,1157.50,1154.25,1155.00,3450,402150
20211118,10:05,1155.00,1155.00,1150.00,1150.00,2900,401400
20211118,10:06,1153.85,1153.85,1153.25,1153.70,350,401400
20211118,10:09,1165.00,1168.40,1165.00,1168.40,1050,400900
20211118,10:10,1174.00,1174.00,1174.00,1174.00,150,400900
20211118,10:11,1175.00,1175.00,1175.00,1175.00,100,400600
20211118,10:13,1188.65,1188.65,1188.65,1188.65,1400,400600
20211118,10:14,1183.20,1183.30,1183.20,1183.30,100,400600
20211118,10:15,1193.00,1203.85,1193.00,1203.85,500,400500
20211118,10:16,1205.00,1207.30,1205.00,1207.30,150,400500
20211118,10:18,1207.30,1207.30,1205.45,1205.45,100,400350
20211118,10:19,1212.85,1220.50,1212.85,1217.00,550,400350
20211118,10:20,1220.30,1220.30,1219.95,1219.95,750,400350
20211118,10:21,1223.10,1223.10,1223.10,1223.10,100,399400
20211118,10:22,1239.00,1239.00,1239.00,1239.00,100,399400
20211118,10:23,1238.25,1238.25,1238.25,1238.25,50,399350
20211118,10:24,1241.95,1248.85,1241.95,1248.85,100,399350
20211118,10:26,1248.85,1248.85,1226.55,1226.95,250,399350
20211118,10:27,1226.20,1226.20,1220.75,1220.75,200,399250
20211118,10:32,1230.60,1230.60,1229.65,1229.65,350,399350
20211118,10:41,1244.00,1244.00,1244.00,1244.00,50,399350
20211118,10:45,1249.30,1253.20,1249.30,1253.20,550,399300
20211118,10:46,1253.20,1253.20,1249.00,1249.00,150,399300
20211118,10:47,1251.55,1251.55,1251.55,1251.55,200,399050
20211118,10:49,1250.00,1250.00,1250.00,1250.00,50,399050
20211118,10:57,1219.35,1219.35,1219.35,1219.35,50,399150
20211118,10:59,1232.60,1232.60,1232.60,1232.60,50,399150
20211118,11:03,1227.05,1227.05,1227.05,1227.05,50,399200
20211118,11:04,1225.00,1225.00,1225.00,1225.00,50,399200
20211118,11:08,1221.45,1221.45,1221.45,1221.45,150,399200
20211118,11:09,1230.00,1230.00,1230.00,1230.00,200,399050
20211118,11:11,1240.00,1240.00,1240.00,1240.00,150,399050
20211118,11:14,1225.20,1225.20,1225.20,1225.20,100,399050
20211118,11:23,1236.00,1236.00,1236.00,1236.00,50,398700
20211118,11:36,1262.40,1262.40,1262.40,1262.40,50,398650
20211118,11:39,1262.40,1262.40,1262.40,1262.40,150,398600
20211118,11:40,1269.90,1269.90,1269.90,1269.90,50,398600
20211118,11:41,1274.00,1274.00,1274.00,1274.00,50,398600
20211118,11:45,1281.45,1281.45,1281.45,1281.45,200,398600
20211118,11:47,1281.45,1281.45,1281.45,1281.45,150,398600
20211118,11:53,1265.00,1265.00,1265.00,1265.00,50,398550
20211118,11:55,1270.90,1270.90,1270.90,1270.90,50,398600
20211118,11:56,1283.30,1283.30,1283.30,1283.30,50,398600
20211118,11:58,1283.30,1283.30,1283.30,1283.30,50,398550
20211118,12:04,1276.00,1276.00,1276.00,1276.00,50,398500
20211118,12:07,1267.00,1267.00,1267.00,1267.00,300,398500
20211118,12:08,1274.00,1274.00,1270.50,1270.50,400,398500
20211118,12:09,1270.50,1270.50,1270.50,1270.50,300,398300
20211118,12:14,1273.00,1273.00,1273.00,1273.00,50,398300
20211118,12:19,1290.00,1290.00,1290.00,1290.00,200,398250
20211118,12:20,1296.00,1296.00,1296.00,1296.00,250,398250
20211118,12:23,1296.00,1296.00,1296.00,1296.00,50,397800
20211118,12:30,1282.50,1282.50,1280.00,1281.00,250,397800
20211118,12:33,1278.60,1278.60,1278.60,1278.60,100,397700
20211118,12:34,1285.00,1285.00,1285.00,1285.00,50,397700
20211118,12:36,1293.25,1293.25,1293.25,1293.25,50,397700
20211118,12:43,1273.90,1273.90,1273.90,1273.90,50,397700
20211118,12:49,1254.00,1254.00,1254.00,1254.00,50,397650
20211118,12:50,1261.90,1262.00,1261.90,1262.00,250,397650
20211118,12:51,1262.40,1262.40,1254.05,1254.05,350,397250
20211118,12:52,1246.90,1246.90,1246.90,1246.90,50,397250
20211118,12:53,1250.00,1250.00,1250.00,1250.00,100,397250
20211118,12:54,1250.75,1250.75,1250.75,1250.75,400,397250
20211118,12:55,1249.00,1249.00,1249.00,1249.00,50,396800
20211118,12:57,1260.05,1260.05,1260.05,1260.05,50,396800
20211118,13:00,1270.85,1270.85,1270.85,1270.85,50,396800
20211118,13:05,1277.00,1277.00,1277.00,1277.00,50,396800
20211118,13:07,1260.05,1260.05,1250.00,1250.00,150,396800
20211118,13:08,1255.40,1255.40,1255.40,1255.40,50,396800
20211118,13:09,1260.80,1260.80,1260.00,1260.00,100,396600
20211118,13:12,1254.00,1257.00,1254.00,1257.00,100,396550
20211118,13:18,1230.00,1230.00,1230.00,1230.00,100,396550
20211118,13:20,1231.90,1231.90,1231.90,1231.90,50,396550
20211118,13:33,1246.75,1246.75,1246.75,1246.75,50,396550
20211118,13:34,1234.15,1234.15,1234.15,1234.15,150,396550
20211118,13:35,1225.55,1225.55,1225.55,1225.55,100,396550
20211118,13:37,1219.15,1219.15,1210.00,1210.00,150,396500
20211118,13:38,1210.00,1210.00,1210.00,1210.00,50,396500
20211118,13:40,1196.80,1196.80,1196.80,1196.80,50,396400
20211118,13:41,1190.65,1190.65,1190.65,1190.65,50,396400
20211118,13:42,1208.15,1208.15,1208.15,1208.15,150,396400
20211118,13:43,1208.20,1208.20,1208.20,1208.20,300,396400
20211118,13:55,1198.15,1198.15,1198.15,1198.15,50,396400
20211118,13:56,1203.15,1203.15,1203.15,1203.15,100,396350
20211118,13:57,1190.05,1190.05,1190.05,1190.05,50,396300
20211118,14:04,1202.35,1202.35,1202.35,1202.35,50,396250
20211118,14:06,1198.55,1198.55,1198.55,1198.55,100,396250
20211118,14:07,1198.40,1212.55,1198.40,1212.55,250,396250
20211118,14:08,1217.00,1217.00,1217.00,1217.00,50,396250
20211118,14:17,1190.00,1190.00,1190.00,1190.00,50,396000
20211118,14:21,1190.95,1190.95,1190.95,1190.95,50,395950
20211118,14:33,1209.35,1209.35,1209.35,1209.35,50,395900
20211118,14:50,1190.00,1190.00,1190.00,1190.00,50,395900
20211118,14:52,1178.25,1178.25,1178.25,1178.25,250,395900
20211118,14:54,1174.00,1174.00,1174.00,1174.00,50,395900
20211118,14:55,1176.75,1176.75,1176.75,1176.75,50,395900
20211118,14:58,1151.00,1151.00,1151.00,1151.00,400,395850
20211118,15:02,1180.05,1180.05,1180.05,1180.05,100,395850
20211118,15:03,1184.30,1184.30,1184.30,1184.30,50,395850
20211118,15:05,1200.00,1200.00,1200.00,1200.00,50,395950
20211118,15:06,1190.55,1190.55,1190.55,1190.55,50,395950
20211118,15:08,1205.10,1205.10,1205.10,1205.10,200,395950
20211118,15:09,1205.10,1205.10,1197.75,1203.70,350,395550
20211118,15:10,1200.00,1200.00,1200.00,1200.00,400,395550
20211118,15:11,1195.50,1195.50,1195.50,1195.50,150,395550
20211118,15:12,1208.70,1208.70,1208.70,1208.70,50,395550
20211118,15:15,1229.95,1229.95,1229.95,1229.95,50,394500
20211118,15:16,1230.00,1230.00,1230.00,1230.00,50,394500
20211118,15:17,1227.45,1227.45,1218.05,1218.05,150,394500
20211118,15:18,1216.25,1216.25,1216.25,1216.25,50,394500
20211118,15:19,1210.00,1212.40,1209.60,1212.35,1850,394450
20211118,15:20,1216.00,1216.00,1216.00,1216.00,50,394450
20211118,15:25,1208.15,1213.80,1208.15,1213.80,300,394850
20211122,09:16,1268.55,1279.90,1268.55,1279.90,101,394600
20211122,09:17,1289.95,1289.95,1289.95,1289.95,50,394600
20211122,09:19,1290.50,1290.50,1290.50,1290.50,50,394550
20211122,09:21,1349.90,1349.90,1349.90,1349.90,50,394550
20211122,09:22,1349.90,1349.90,1347.40,1347.40,350,394550
20211122,09:23,1345.45,1345.45,1345.45,1345.45,100,394550
20211122,09:24,1352.80,1352.80,1352.80,1352.80,50,394400
20211122,09:25,1352.80,1352.80,1352.80,1352.80,50,394400
20211122,09:26,1323.00,1323.00,1323.00,1323.00,100,394400
20211122,09:27,1325.05,1325.55,1317.00,1319.25,200,394400
20211122,09:29,1330.00,1335.65,1330.00,1335.65,200,394450
20211122,09:31,1313.00,1313.00,1313.00,1313.00,150,394450
20211122,09:32,1325.90,1325.90,1325.90,1325.90,50,394450
20211122,09:44,1324.80,1329.00,1324.80,1329.00,750,394100
20211122,09:46,1348.00,1348.00,1348.00,1348.00,50,393500
20211122,09:49,1318.00,1318.00,1318.00,1318.00,50,393450
20211122,09:50,1301.85,1301.85,1301.85,1301.85,100,393350
20211122,09:52,1311.00,1311.00,1311.00,1311.00,50,393350
20211122,09:53,1310.85,1310.85,1310.85,1310.85,750,393350
20211122,09:56,1305.60,1305.60,1305.60,1305.60,200,393200
20211122,09:59,1318.05,1318.05,1318.05,1318.05,50,392950
20211122,10:05,1343.90,1343.90,1343.90,1343.90,100,392950
20211122,10:06,1348.00,1348.00,1348.00,1348.00,50,392950
20211122,10:09,1340.00,1340.00,1340.00,1340.00,50,392900
20211122,10:13,1335.00,1335.00,1335.00,1335.00,150,392900
20211122,10:15,1340.90,1340.90,1340.90,1340.90,200,392900
20211122,10:17,1345.95,1345.95,1345.95,1345.95,100,392900
20211122,10:20,1350.00,1350.00,1350.00,1350.00,300,392600
20211122,10:25,1375.00,1375.00,1375.00,1375.00,200,392600
20211122,10:26,1372.00,1384.00,1372.00,1384.00,150,392350
20211122,10:27,1380.95,1380.95,1377.05,1377.05,100,392350
20211122,10:29,1377.50,1377.50,1370.00,1370.00,450,392350
20211122,10:31,1389.65,1389.65,1389.65,1389.65,50,392300
20211122,10:32,1389.65,1389.65,1389.65,1389.65,50,392250
20211122,10:33,1383.40,1383.40,1380.75,1380.75,1550,392250
20211122,10:35,1384.90,1384.90,1384.90,1384.90,100,391300
20211122,10:40,1394.20,1394.20,1394.20,1394.20,1050,391250
20211122,10:41,1394.20,1394.20,1394.20,1394.20,150,391250
20211122,10:45,1385.00,1385.00,1385.00,1385.00,150,389650
20211122,10:49,1385.00,1385.00,1385.00,1385.00,100,389650
20211122,10:50,1384.60,1384.60,1384.60,1384.60,250,389650
20211122,10:58,1393.70,1393.70,1390.95,1390.95,800,389250
20211122,10:59,1400.00,1400.00,1400.00,1400.00,50,389250
20211122,11:00,1400.00,1400.00,1400.00,1400.00,50,389150
20211122,11:03,1410.00,1410.00,1410.00,1410.00,50,389150
20211122,11:04,1416.50,1416.50,1415.45,1415.45,200,389150
20211122,11:05,1419.60,1419.60,1419.60,1419.60,50,389100
20211122,11:06,1419.60,1419.60,1412.10,1412.10,100,389100
20211122,11:08,1412.00,1412.00,1412.00,1412.00,50,389100
20211122,11:09,1405.45,1405.45,1401.00,1401.00,1100,388350
20211122,11:10,1397.40,1397.40,1397.40,1397.40,250,388350
20211122,11:12,1403.55,1412.70,1403.55,1412.70,400,388300
20211122,11:14,1414.25,1425.10,1414.25,1425.10,1400,388000
20211122,11:16,1425.10,1425.10,1425.10,1425.10,50,388000
20211122,11:18,1414.15,1414.15,1414.15,1414.15,1050,387950
20211122,11:19,1414.15,1414.15,1414.15,1414.15,150,387950
20211122,11:20,1407.25,1408.10,1407.25,1408.10,1150,387950
20211122,11:21,1410.00,1412.55,1410.00,1412.20,300,387500
20211122,11:22,1401.00,1401.00,1401.00,1401.00,50,387500
20211122,11:24,1391.00,1391.00,1391.00,1391.00,50,386300
20211122,11:29,1405.00,1405.00,1404.00,1405.00,1450,385250
20211122,11:30,1406.00,1407.40,1406.00,1407.40,100,383450
20211122,11:31,1407.40,1407.40,1407.40,1407.40,250,383450
20211122,11:32,1408.90,1408.90,1408.80,1408.80,800,383450
20211122,11:35,1408.50,1408.50,1408.50,1408.50,100,382700
20211122,11:38,1408.00,1408.00,1408.00,1408.00,100,382600
20211122,11:43,1420.50,1420.50,1420.00,1420.45,300,381150
20211122,11:44,1419.05,1421.25,1419.05,1421.25,250,381150
20211122,11:45,1415.00,1415.00,1415.00,1415.00,50,381150
20211122,11:46,1418.00,1418.00,1416.40,1418.00,1400,380750
20211122,11:47,1415.15,1415.15,1415.15,1415.15,50,380750
20211122,11:49,1425.00,1426.45,1425.00,1426.45,150,380750
20211122,11:51,1444.00,1444.00,1444.00,1444.00,50,380450
20211122,11:55,1447.55,1447.55,1447.55,1447.55,50,380400
20211122,11:56,1447.55,1447.55,1441.15,1441.15,100,380400
20211122,11:58,1453.10,1453.10,1453.10,1453.10,100,379200
20211122,12:00,1457.90,1457.90,1457.90,1457.90,150,379200
20211122,12:04,1470.00,1470.00,1470.00,1470.00,100,379200
20211122,12:05,1472.25,1472.25,1472.25,1472.25,50,379200
20211122,12:06,1472.25,1472.25,1472.25,1472.25,50,379150
20211122,12:07,1490.00,1496.45,1490.00,1496.45,150,379150
20211122,12:08,1498.90,1498.90,1498.90,1498.90,400,379150
20211122,12:09,1516.80,1516.80,1516.80,1516.80,50,379150
20211122,12:10,1516.80,1516.80,1516.80,1516.80,650,378950
20211122,12:12,1518.00,1518.00,1518.00,1518.00,50,378700
20211122,12:14,1519.00,1519.00,1519.00,1519.00,50,378700
20211122,12:16,1519.00,1519.00,1507.90,1507.90,100,378550
20211122,12:17,1500.55,1509.60,1500.55,1509.60,450,378550
20211122,12:18,1514.95,1520.00,1514.95,1520.00,650,377400
20211122,12:19,1526.55,1531.00,1526.55,1531.00,100,377400
20211122,12:20,1545.00,1550.00,1545.00,1550.00,150,377400
20211122,12:21,1550.00,1550.00,1550.00,1550.00,50,377250
20211122,12:22,1532.60,1532.60,1532.60,1532.60,50,377250
20211122,12:23,1536.15,1536.15,1535.10,1535.10,100,377250
20211122,12:24,1547.05,1551.55,1542.80,1551.55,350,376950
20211122,12:26,1551.55,1551.55,1551.55,1551.55,200,376950
20211122,12:28,1549.80,1549.80,1549.80,1549.80,150,376800
20211122,12:29,1547.90,1547.90,1547.90,1547.90,250,376800
20211122,12:34,1521.35,1522.00,1521.35,1522.00,2000,376550
20211122,12:38,1519.20,1519.20,1517.20,1517.20,150,377050
20211122,12:39,1514.05,1514.05,1514.05,1514.05,150,377050
20211122,12:42,1495.00,1495.00,1495.00,1495.00,100,376950
20211122,12:48,1509.75,1509.75,1499.00,1499.00,400,376950
20211122,12:49,1497.15,1497.15,1491.35,1491.35,100,376950
20211122,12:51,1496.60,1496.60,1496.60,1496.60,50,376850
20211122,12:52,1513.45,1513.45,1513.45,1513.45,50,376850
20211122,12:53,1507.15,1507.15,1507.15,1507.15,150,376850
20211122,12:54,1519.20,1519.20,1519.20,1519.20,50,376700
20211122,12:55,1511.90,1511.90,1511.90,1511.90,50,376700
20211122,13:01,1496.00,1496.00,1496.00,1496.00,100,376700
20211122,13:02,1498.65,1498.65,1498.65,1498.65,50,376700
20211122,13:03,1494.95,1494.95,1489.00,1489.00,100,376550
20211122,13:04,1485.00,1485.00,1485.00,1485.00,50,376550
20211122,13:05,1475.85,1475.85,1475.85,1475.85,150,376550
20211122,13:16,1523.20,1523.20,1523.20,1523.20,50,376300
20211122,13:24,1540.00,1540.00,1540.00,1540.00,150,376350
20211122,13:26,1536.00,1536.00,1536.00,1536.00,100,376350
20211122,13:27,1540.95,1542.05,1540.00,1540.00,550,376200
20211122,13:28,1533.95,1533.95,1533.95,1533.95,50,376200
20211122,13:29,1554.00,1558.40,1554.00,1558.40,200,376200
20211122,13:30,1559.10,1559.10,1559.10,1559.10,100,376050
20211122,13:31,1559.10,1559.10,1559.10,1559.10,200,376050
20211122,13:32,1570.25,1570.25,1570.25,1570.25,200,376050
20211122,13:33,1550.25,1557.95,1550.25,1557.95,150,376000
20211122,13:34,1565.95,1565.95,1565.95,1565.95,250,376000
20211122,13:35,1570.10,1570.10,1567.80,1567.80,250,376000
20211122,13:36,1566.50,1566.50,1555.00,1555.00,200,375950
20211122,13:37,1565.00,1565.00,1565.00,1565.00,50,375950
20211122,13:38,1571.25,1571.25,1571.25,1571.25,50,375950
20211122,13:39,1571.25,1571.25,1571.25,1571.25,50,375750
20211122,13:43,1573.45,1578.00,1573.45,1578.00,150,375700
20211122,13:45,1578.00,1578.00,1578.00,1578.00,200,375500
20211122,13:47,1565.00,1565.00,1565.00,1565.00,50,375500
20211122,13:48,1559.15,1559.15,1558.90,1558.90,100,375500
20211122,13:52,1569.15,1569.40,1564.55,1565.35,1300,375550
20211122,13:53,1569.25,1574.00,1565.55,1566.15,1450,375550
20211122,13:54,1564.20,1564.20,1554.40,1561.50,1450,375850
20211122,13:55,1561.70,1562.30,1555.80,1555.80,1500,375850
20211122,13:56,1556.90,1573.00,1556.90,1572.65,1500,375850
20211122,13:57,1572.45,1572.45,1569.05,1569.85,1450,376050
20211122,13:58,1571.45,1594.05,1571.45,1587.35,1550,376050
20211122,13:59,1590.00,1590.75,1582.05,1588.00,1650,376050
20211122,14:00,1579.35,1579.35,1564.85,1566.70,1450,376100
20211122,14:01,1569.30,1569.30,1558.90,1565.85,1600,376100
20211122,14:02,1565.45,1573.00,1565.45,1572.25,1450,376100
20211122,14:03,1572.00,1572.00,1564.60,1564.60,1450,376100
20211122,14:04,1564.80,1567.40,1563.75,1567.40,1500,376100
20211122,14:05,1566.65,1568.40,1556.50,1564.45,1550,376100
20211122,14:06,1564.00,1579.35,1563.80,1575.80,1600,379450
20211122,14:07,1575.00,1575.00,1567.50,1571.60,1500,379450
20211122,14:08,1569.30,1569.30,1562.65,1565.30,1450,379450
20211122,14:09,1565.85,1577.40,1565.85,1574.80,1550,383600
20211122,14:10,1576.90,1585.20,1576.90,1585.10,1500,383600
20211122,14:11,1585.45,1588.80,1578.40,1584.85,1650,383600
20211122,14:12,1584.30,1592.40,1584.30,1587.80,1450,387050
20211122,14:13,1585.20,1585.55,1576.35,1580.30,1750,387050
20211122,14:14,1579.65,1579.65,1569.40,1576.80,1450,387050
20211122,14:15,1579.15,1582.55,1576.20,1580.65,1450,390150
20211122,14:16,1578.95,1596.85,1578.95,1592.45,1500,390150
20211122,14:17,1596.45,1600.55,1587.00,1597.70,1450,390150
20211122,14:18,1599.85,1607.85,1594.15,1607.85,1500,393750
20211122,14:19,1607.85,1607.85,1596.85,1602.85,1500,393750
20211122,14:20,1606.80,1608.70,1598.90,1602.00,1500,393750
20211122,14:21,1604.15,1607.85,1596.85,1601.50,1600,396050
20211122,14:22,1602.20,1616.00,1602.20,1613.60,1600,396050
20211122,14:23,1614.15,1615.00,1608.15,1609.10,1450,396050
20211122,14:24,1610.45,1614.40,1608.50,1614.05,1800,399200
20211122,14:25,1609.40,1623.65,1605.50,1623.65,1500,399200
20211122,14:26,1626.80,1640.55,1626.80,1635.60,1550,399200
20211122,14:27,1637.05,1652.80,1637.05,1652.10,1450,401750
20211122,14:28,1651.35,1657.30,1646.70,1646.70,1500,401750
20211122,14:29,1650.75,1670.15,1650.75,1670.15,1450,401750
20211122,14:30,1672.70,1672.70,1657.45,1667.40,1450,405350
20211122,14:31,1664.40,1680.10,1664.40,1679.95,1900,405350
20211122,14:32,1683.85,1693.85,1662.15,1662.15,1700,405350
20211122,14:33,1670.20,1679.85,1668.55,1677.65,1450,407950
20211122,14:34,1674.95,1678.00,1667.80,1678.00,1450,407950
20211122,14:35,1672.30,1674.90,1664.10,1664.80,1550,407950
20211122,14:36,1661.35,1662.00,1647.00,1647.00,1450,410500
20211122,14:37,1647.00,1661.75,1647.00,1660.65,1500,410500
20211122,14:38,1657.00,1667.15,1655.85,1663.60,1500,410500
20211122,14:39,1662.10,1665.45,1655.45,1655.45,1350,414200
20211122,14:40,1657.00,1657.00,1635.90,1640.70,1600,414200
20211122,14:41,1636.95,1643.40,1629.80,1638.10,1450,414200
20211122,14:42,1653.30,1653.30,1627.45,1630.80,1500,417200
20211122,14:43,1635.35,1635.55,1627.45,1635.55,1500,417200
20211122,14:44,1628.40,1628.40,1616.40,1619.85,1600,417200
20211122,14:45,1622.30,1642.85,1622.30,1642.85,1450,421300
20211122,14:46,1645.80,1646.55,1631.25,1641.50,1550,421300
20211122,14:47,1635.25,1648.15,1635.15,1648.15,1850,421300
20211122,14:48,1642.50,1644.75,1633.85,1634.20,1500,424550
20211122,14:49,1631.25,1636.70,1613.00,1618.25,2150,424550
20211122,14:50,1614.10,1627.80,1614.10,1623.00,1400,424550
20211122,14:51,1622.00,1624.20,1615.80,1616.50,1500,427300
20211122,14:52,1616.00,1626.35,1616.00,1626.35,1750,427300
20211122,14:53,1624.45,1627.05,1618.45,1624.15,1450,427300
20211122,14:54,1619.25,1624.20,1613.15,1621.30,1550,430550
20211122,14:55,1620.35,1630.90,1619.50,1630.90,1550,430550
20211122,14:56,1627.05,1631.20,1618.00,1622.40,1650,430550
20211122,14:57,1620.05,1620.05,1603.30,1608.75,1550,434100
20211122,14:58,1608.35,1628.15,1608.35,1621.35,1550,434100
20211122,14:59,1618.05,1621.00,1606.00,1608.35,1700,434100
20211122,15:00,1604.50,1619.95,1600.80,1600.80,1500,437250
20211122,15:01,1594.70,1599.00,1587.35,1589.15,1850,437250
20211122,15:02,1587.15,1598.50,1587.15,1598.40,1450,437250
20211122,15:03,1598.70,1606.70,1588.60,1594.75,1850,439800
20211122,15:04,1595.65,1598.05,1587.00,1587.00,1800,439800
20211122,15:05,1584.00,1587.20,1574.55,1577.35,1700,439800
20211122,15:06,1579.35,1579.35,1559.65,1571.25,1750,441200
20211122,15:07,1578.35,1586.85,1567.20,1582.00,2400,441200
20211122,15:08,1577.75,1587.10,1573.65,1581.75,2350,441200
20211122,15:09,1574.00,1577.05,1554.20,1554.20,1700,443550
20211122,15:10,1554.00,1558.10,1545.65,1558.10,1500,443550
20211122,15:11,1561.10,1565.00,1553.30,1565.00,1550,443550
20211122,15:12,1558.80,1563.90,1555.90,1559.45,1550,447800
20211122,15:13,1558.00,1572.35,1558.00,1572.35,1600,447800
20211122,15:14,1571.80,1583.75,1571.80,1580.40,1500,447800
20211122,15:15,1578.00,1578.00,1565.55,1565.55,1500,451950
20211122,15:16,1560.65,1565.85,1559.45,1561.20,1900,451950
20211122,15:17,1561.40,1561.85,1549.50,1549.50,2300,451950
20211122,15:18,1546.90,1555.75,1546.90,1555.75,1450,454400
20211122,15:19,1555.00,1555.00,1545.45,1545.45,1500,454400
20211122,15:20,1542.25,1542.25,1541.30,1541.30,250,454400
20211122,15:21,1547.00,1547.00,1547.00,1547.00,50,454400
20211122,15:22,1547.25,1547.25,1537.85,1539.10,1850,455700
20211122,15:23,1539.05,1539.05,1534.00,1534.00,1900,455700
20211122,15:24,1532.25,1533.15,1528.55,1531.35,1900,455700
20211122,15:28,1548.70,1548.70,1548.70,1548.70,50,461000
20211122,15:29,1547.00,1547.00,1547.00,1547.00,50,461000
20211123,09:15,1658.00,1658.00,1658.00,1658.00,301,325950
20211123,09:16,1706.75,1706.75,1706.75,1706.75,250,325950
20211123,09:18,1711.05,1715.90,1711.05,1715.90,350,325850
20211123,09:19,1715.90,1715.90,1715.90,1715.90,50,325850
20211123,09:20,1709.25,1709.25,1693.65,1693.65,200,325800
20211123,09:21,1704.65,1704.65,1704.65,1704.65,50,325800
20211123,09:22,1728.75,1732.45,1728.75,1732.45,900,325800
20211123,09:23,1738.75,1738.75,1738.75,1738.75,200,324800
20211123,09:24,1738.75,1738.75,1724.45,1724.65,950,324800
20211123,09:26,1712.80,1712.80,1712.80,1712.80,50,324350
20211123,09:27,1703.80,1703.80,1701.05,1701.05,100,324350
20211123,09:28,1678.25,1678.25,1678.25,1678.25,100,324350
20211123,09:29,1653.20,1653.20,1653.20,1653.20,300,324350
20211123,09:30,1632.95,1632.95,1628.05,1628.05,650,324200
20211123,09:31,1628.05,1628.05,1628.05,1628.05,50,324200
20211123,09:32,1620.65,1620.65,1620.65,1620.65,1100,324150
20211123,09:33,1643.80,1643.80,1643.80,1643.80,50,324150
20211123,09:34,1650.00,1650.00,1650.00,1650.00,50,324150
20211123,09:36,1620.00,1620.00,1614.40,1614.40,300,323050
20211123,09:39,1614.40,1614.40,1614.40,1614.40,400,322950
20211123,09:42,1591.55,1591.55,1584.70,1584.70,1000,322550
20211123,09:43,1584.70,1584.70,1584.70,1584.70,500,322550
20211123,09:44,1592.40,1592.40,1588.95,1589.25,800,321050
20211123,09:47,1592.50,1592.50,1592.50,1592.50,50,320700
20211123,09:49,1580.00,1592.70,1580.00,1592.70,150,320700
20211123,09:50,1617.20,1626.60,1617.20,1626.60,100,320550
20211123,09:51,1619.05,1627.10,1619.05,1625.00,450,320550
20211123,09:57,1583.00,1583.00,1575.00,1575.00,200,320100
20211123,10:00,1570.00,1570.00,1570.00,1570.00,500,319900
20211123,10:02,1570.00,1570.00,1570.00,1570.00,50,319400
20211123,10:03,1574.00,1574.00,1574.00,1574.00,100,319400
20211123,10:07,1570.00,1570.00,1570.00,1570.00,300,319450
20211123,10:08,1580.00,1580.00,1580.00,1580.00,250,319450
20211123,10:10,1607.85,1607.85,1607.85,1607.85,50,318900
20211123,10:11,1602.00,1602.00,1602.00,1602.00,50,318900
20211123,10:13,1644.00,1644.00,1644.00,1644.00,100,319000
20211123,10:14,1643.00,1643.00,1643.00,1643.00,100,318900
20211123,10:17,1630.55,1630.55,1630.55,1630.55,50,318900
20211123,10:18,1633.40,1633.40,1633.40,1633.40,450,318900
20211123,10:19,1650.10,1650.10,1650.10,1650.10,50,318750
20211123,10:22,1623.55,1623.55,1623.55,1623.55,50,318350
20211123,10:25,1624.00,1624.00,1624.00,1624.00,50,318300
20211123,10:27,1623.60,1623.60,1620.00,1620.00,200,318250
20211123,10:28,1610.00,1610.00,1610.00,1610.00,100,318250
20211123,10:29,1610.00,1610.00,1610.00,1610.00,150,318250
20211123,10:30,1610.00,1610.00,1606.15,1606.15,150,317950
20211123,10:32,1595.10,1595.10,1595.10,1595.10,50,317850
20211123,10:35,1615.00,1615.00,1615.00,1615.00,100,317850
20211123,10:36,1617.80,1617.90,1617.80,1617.90,200,317700
20211123,10:37,1625.45,1625.45,1622.05,1622.05,150,317700
20211123,10:38,1613.05,1613.05,1606.35,1606.35,200,317700
20211123,10:40,1598.20,1602.15,1598.20,1598.85,550,317250
20211123,10:41,1598.95,1598.95,1598.95,1598.95,100,317250
20211123,10:42,1608.00,1608.00,1608.00,1608.00,100,316900
20211123,10:43,1611.10,1611.10,1608.20,1608.20,150,316900
20211123,10:44,1607.60,1619.30,1607.60,1619.30,150,316900
20211123,10:45,1612.00,1618.20,1612.00,1618.20,200,316550
20211123,10:46,1622.00,1622.00,1614.75,1614.75,150,316550
20211123,10:47,1623.00,1623.00,1619.70,1619.70,250,316050
20211123,10:48,1633.65,1633.65,1633.65,1633.65,50,316050
20211123,10:49,1630.55,1630.55,1630.55,1630.55,50,316050
20211123,10:50,1616.35,1616.35,1616.35,1616.35,100,315850
20211123,10:52,1620.00,1620.00,1620.00,1620.00,100,315850
20211123,10:54,1617.05,1617.05,1617.05,1617.05,100,315650
20211123,10:55,1615.65,1620.70,1615.65,1620.70,150,315650
20211123,10:59,1615.00,1615.00,1615.00,1615.00,100,315400
20211123,11:01,1616.50,1616.50,1610.00,1612.45,800,315400
20211123,11:02,1615.05,1615.05,1611.30,1611.30,250,315400
20211123,11:03,1620.00,1620.00,1620.00,1620.00,100,314250
20211123,11:04,1610.00,1610.00,1610.00,1610.00,50,314250
20211123,11:07,1596.30,1604.55,1596.30,1604.55,300,314100
20211123,11:08,1605.00,1605.00,1605.00,1605.00,150,313800
20211123,11:10,1592.65,1600.70,1592.65,1600.70,450,313800
20211123,11:11,1605.00,1605.00,1603.55,1603.55,200,313800
20211123,11:12,1607.80,1607.80,1607.80,1607.80,200,313000
20211123,11:16,1613.80,1613.80,1613.80,1613.80,50,312800
20211123,11:19,1601.00,1601.00,1601.00,1601.00,50,312750
20211123,11:20,1608.75,1608.75,1608.75,1608.75,50,312750
20211123,11:23,1610.95,1610.95,1610.95,1610.95,50,312700
20211123,11:24,1610.65,1610.65,1607.55,1607.55,100,312700
20211123,11:25,1605.05,1611.65,1605.05,1611.65,500,312700
20211123,11:27,1629.00,1629.00,1629.00,1629.00,100,312050
20211123,11:28,1617.55,1617.55,1575.00,1575.00,400,312050
20211123,11:29,1557.60,1557.60,1550.00,1550.00,150,312050
20211123,11:30,1550.00,1550.00,1550.00,1550.00,100,311550
20211123,11:31,1546.55,1546.55,1541.00,1541.00,250,311550
20211123,11:33,1541.00,1541.35,1541.00,1541.35,200,311250
20211123,11:34,1545.25,1545.25,1538.00,1538.00,400,311250
20211123,11:35,1530.05,1530.05,1530.05,1530.05,100,311250
20211123,11:37,1549.90,1554.80,1547.20,1554.80,250,310600
20211123,11:38,1550.00,1550.40,1550.00,1550.40,300,310600
20211123,11:39,1545.00,1545.00,1545.00,1545.00,100,310100
20211123,11:40,1550.00,1550.00,1550.00,1550.00,200,310100
20211123,11:42,1545.00,1545.00,1545.00,1545.00,50,310200
20211123,11:43,1538.00,1538.00,1538.00,1538.00,100,310200
20211123,11:49,1553.40,1555.00,1553.40,1555.00,100,310050
20211123,11:50,1545.00,1545.00,1535.00,1535.00,100,310050
20211123,11:52,1552.05,1552.05,1552.05,1552.05,50,309900
20211123,11:53,1546.40,1549.40,1546.40,1549.40,150,309900
20211123,11:54,1548.00,1548.00,1548.00,1548.00,50,309850
20211123,11:56,1544.00,1544.00,1535.00,1535.00,900,309850
20211123,11:57,1525.00,1525.00,1525.00,1525.00,50,309050
20211123,12:01,1524.10,1524.10,1524.10,1524.10,200,308950
20211123,12:02,1520.00,1520.00,1520.00,1520.00,50,308950
20211123,12:03,1519.75,1519.75,1519.75,1519.75,200,308800
20211123,12:08,1505.00,1505.00,1505.00,1505.00,50,308800
20211123,12:09,1500.00,1500.00,1500.00,1500.00,100,308750
20211123,12:11,1500.00,1507.80,1500.00,1506.95,400,308750
20211123,12:12,1520.00,1520.00,1520.00,1520.00,250,308250
20211123,12:13,1520.00,1522.65,1514.00,1519.25,850,308250
20211123,12:14,1517.65,1517.65,1517.65,1517.65,150,308250
20211123,12:15,1532.00,1532.00,1532.00,1532.00,50,307750
20211123,12:16,1535.45,1535.45,1525.65,1527.30,400,307750
20211123,12:17,1526.90,1533.40,1525.30,1525.30,500,307750
20211123,12:18,1526.65,1528.60,1526.65,1528.60,200,307600
20211123,12:19,1530.00,1530.45,1527.40,1529.95,500,307600
20211123,12:20,1545.00,1545.00,1545.00,1545.00,250,307600
20211123,12:21,1542.35,1547.15,1542.35,1547.15,300,307250
20211123,12:22,1561.85,1565.00,1561.85,1565.00,300,307250
20211123,12:24,1571.00,1571.00,1570.00,1570.00,200,306800
20211123,12:25,1568.60,1568.60,1568.60,1568.60,150,306800
20211123,12:26,1567.40,1567.40,1564.35,1564.35,150,306800
20211123,12:27,1558.40,1558.40,1558.40,1558.40,100,307150
20211123,12:28,1562.50,1562.95,1559.25,1559.25,1600,307150
20211123,12:29,1560.00,1565.00,1560.00,1565.00,500,307150
20211123,12:30,1575.75,1585.00,1565.75,1565.75,800,306050
20211123,12:31,1560.00,1560.00,1551.00,1551.00,350,306050
20211123,12:33,1565.00,1565.00,1564.20,1564.20,300,306050
20211123,12:34,1570.00,1570.00,1570.00,1570.00,250,304700
20211123,12:37,1571.00,1571.00,1571.00,1571.00,50,304450
20211123,12:39,1579.95,1580.00,1579.95,1580.00,350,304450
20211123,12:41,1580.00,1580.00,1579.15,1579.15,350,304150
20211123,12:42,1582.45,1582.45,1582.45,1582.45,200,303800
20211123,12:43,1580.65,1583.00,1575.70,1575.70,700,303800
20211123,12:44,1580.00,1580.00,1580.00,1580.00,500,303800
20211123,12:45,1577.00,1592.70,1577.00,1592.70,300,302550
20211123,12:46,1600.00,1600.00,1595.00,1595.00,400,302550
20211123,12:47,1585.05,1585.05,1585.05,1585.05,200,302550
20211123,12:48,1591.00,1591.00,1590.00,1590.00,500,302050
20211123,12:49,1580.00,1580.00,1580.00,1580.00,250,302050
20211123,12:50,1575.00,1575.00,1571.00,1571.00,300,302050
20211123,12:52,1560.00,1560.00,1560.00,1560.00,250,301000
20211123,12:54,1568.00,1568.00,1568.00,1568.00,250,300750
20211123,12:56,1565.00,1565.00,1565.00,1565.00,250,300750
20211123,12:57,1556.00,1556.00,1556.00,1556.00,50,300750
20211123,13:00,1541.00,1541.00,1541.00,1541.00,50,300200
20211123,13:02,1560.00,1560.00,1560.00,1560.00,250,300200
20211123,13:06,1565.00,1565.00,1565.00,1565.00,300,299900
20211123,13:08,1565.60,1565.60,1565.60,1565.60,50,299900
20211123,13:09,1566.00,1566.00,1563.00,1563.00,350,299550
20211123,13:12,1574.90,1574.90,1574.90,1574.90,50,299550
20211123,13:13,1575.00,1575.00,1566.00,1566.00,1200,299700
20211123,13:14,1560.00,1560.00,1560.00,1560.00,1050,299700
20211123,13:15,1555.00,1555.00,1555.00,1555.00,500,297500
20211123,13:16,1561.80,1561.80,1557.60,1559.95,800,297500
20211123,13:17,1560.00,1562.60,1560.00,1562.60,1000,297500
20211123,13:18,1560.00,1560.00,1555.00,1555.00,750,294950
20211123,13:19,1560.00,1560.00,1560.00,1560.00,250,294950
20211123,13:20,1560.00,1560.00,1560.00,1560.00,250,294950
20211123,13:21,1551.00,1551.00,1551.00,1551.00,50,294950
20211123,13:22,1540.00,1540.00,1536.00,1536.00,100,294200
20211123,13:24,1521.00,1521.00,1521.00,1521.00,50,294200
20211123,13:26,1510.00,1510.00,1510.00,1510.00,50,294050
20211123,13:27,1506.00,1506.00,1506.00,1506.00,50,294050
20211123,13:28,1510.00,1510.00,1510.00,1510.00,450,293950
20211123,13:29,1501.00,1501.00,1501.00,1501.00,50,293950
20211123,13:30,1504.70,1504.70,1504.70,1504.70,500,293450
20211123,13:31,1505.00,1505.00,1505.00,1505.00,500,293450
20211123,13:32,1495.00,1495.00,1490.00,1490.00,750,293450
20211123,13:34,1490.00,1492.15,1490.00,1492.15,150,291700
20211123,13:36,1490.20,1490.20,1490.20,1490.20,50,291750
20211123,13:38,1492.80,1492.80,1488.00,1488.00,500,291750
20211123,13:39,1482.95,1482.95,1480.00,1480.00,100,291150
20211123,13:44,1480.00,1480.00,1480.00,1480.00,350,291100
20211123,13:45,1485.00,1485.00,1485.00,1485.00,200,291100
20211123,13:46,1493.05,1493.05,1493.05,1493.05,50,290550
20211123,13:47,1490.00,1490.00,1490.00,1490.00,200,290550
20211123,13:52,1472.70,1472.70,1472.70,1472.70,100,290350
20211123,13:53,1465.80,1465.80,1465.00,1465.00,1900,290350
20211123,13:54,1463.00,1463.00,1463.00,1463.00,100,288350
20211123,13:58,1463.00,1463.00,1463.00,1463.00,100,288250
20211123,13:59,1496.00,1496.00,1493.00,1493.00,200,288250
20211123,14:01,1520.00,1520.00,1520.00,1520.00,250,287950
20211123,14:02,1521.85,1521.85,1521.85,1521.85,50,287950
20211123,14:03,1532.75,1532.75,1522.45,1522.45,100,287950
20211123,14:04,1510.60,1514.70,1510.60,1514.70,100,287600
20211123,14:05,1506.00,1506.00,1506.00,1506.00,50,287600
20211123,14:07,1486.00,1486.00,1486.00,1486.00,50,287600
20211123,14:09,1485.00,1485.00,1485.00,1485.00,200,287400
20211123,14:11,1486.00,1486.00,1486.00,1486.00,100,287150
20211123,14:12,1475.75,1475.75,1475.75,1475.75,50,287050
20211123,14:17,1477.05,1477.05,1460.00,1460.00,450,287000
20211123,14:19,1455.35,1455.35,1455.35,1455.35,350,286550
20211123,14:20,1460.00,1460.00,1455.00,1455.00,550,286550
20211123,14:21,1452.00,1452.00,1452.00,1452.00,100,286550
20211123,14:22,1452.00,1452.00,1452.00,1452.00,150,285600
20211123,14:23,1458.00,1465.00,1458.00,1465.00,1000,285600
20211123,14:25,1465.00,1465.00,1465.00,1465.00,400,284450
20211123,14:26,1465.10,1465.10,1465.10,1465.10,450,284450
20211123,14:29,1473.45,1473.45,1473.45,1473.45,100,283600
20211123,14:31,1470.00,1470.00,1470.00,1470.00,250,283600
20211123,14:32,1453.00,1453.00,1453.00,1453.00,50,283500
20211123,14:37,1483.50,1483.50,1483.50,1483.50,50,283200
20211123,14:39,1477.75,1477.75,1477.75,1477.75,50,283200
20211123,14:41,1479.95,1479.95,1479.95,1479.95,50,283200
20211123,14:42,1471.00,1471.00,1471.00,1471.00,50,283250
20211123,14:43,1475.00,1475.00,1475.00,1475.00,50,283250
20211123,14:46,1475.70,1475.70,1475.70,1475.70,100,283250
20211123,14:51,1456.00,1456.00,1456.00,1456.00,50,283150
20211123,14:52,1451.45,1451.45,1450.00,1450.00,600,283100
20211123,14:54,1449.90,1449.90,1449.90,1449.90,50,283100
20211123,14:55,1449.90,1449.90,1449.90,1449.90,150,283000
20211123,14:57,1462.00,1462.00,1462.00,1462.00,500,283000
20211123,15:01,1490.95,1490.95,1490.95,1490.95,50,282350
20211123,15:04,1491.05,1491.05,1491.05,1491.05,50,282300
20211123,15:09,1481.00,1481.00,1481.00,1481.00,50,282250
20211123,15:10,1481.00,1483.85,1481.00,1483.85,200,282250
20211123,15:11,1483.30,1483.30,1483.30,1483.30,300,282250
20211123,15:12,1493.15,1493.15,1488.10,1488.10,150,282250
20211123,15:13,1496.00,1496.00,1496.00,1496.00,50,282250
20211123,15:14,1493.00,1493.00,1493.00,1493.00,50,281550
20211123,15:16,1490.00,1490.00,1490.00,1490.00,500,281450
20211123,15:17,1497.30,1497.30,1497.30,1497.30,100,281450
20211123,15:24,1520.00,1520.00,1520.00,1520.00,300,280850
20211123,15:25,1516.60,1516.60,1516.60,1516.60,100,280850
20211123,15:27,1515.05,1515.05,1515.05,1515.05,50,280550
20211123,15:29,1511.00,1511.00,1511.00,1511.00,150,280400
20211124,09:15,1481.95,1482.10,1471.75,1471.75,652,280250
20211124,09:16,1465.00,1465.00,1464.00,1464.00,500,280250
20211124,09:20,1464.00,1464.00,1464.00,1464.00,50,279200
20211124,09:23,1460.00,1460.00,1460.00,1460.00,50,279200
20211124,09:25,1460.00,1460.00,1460.00,1460.00,500,279200
20211124,09:26,1461.00,1461.00,1460.75,1460.75,400,278700
20211124,09:27,1461.15,1461.15,1450.05,1450.05,500,278700
20211124,09:28,1450.05,1450.05,1449.60,1449.60,200,278700
20211124,09:31,1438.15,1438.15,1438.15,1438.15,50,277600
20211124,09:35,1438.15,1438.15,1438.15,1438.15,50,277550
20211124,09:42,1453.85,1453.85,1452.10,1452.10,1000,277500
20211124,09:43,1461.00,1461.00,1457.15,1457.15,1000,277500
20211124,09:44,1450.00,1450.00,1450.00,1450.00,200,277500
20211124,09:48,1459.60,1459.60,1459.60,1459.60,50,275300
20211124,09:49,1458.20,1458.20,1458.20,1458.20,400,275300
20211124,09:50,1461.00,1461.00,1461.00,1461.00,400,275300
20211124,09:51,1450.00,1450.00,1450.00,1450.00,200,274450
20211124,09:55,1449.95,1449.95,1446.70,1446.70,1100,274250
20211124,09:56,1453.00,1453.00,1453.00,1453.00,500,273150
20211124,09:57,1448.90,1453.15,1448.90,1453.15,800,273150
20211124,09:58,1454.10,1454.10,1447.30,1447.30,700,273150
20211124,09:59,1443.00,1446.60,1443.00,1446.60,150,273150
20211124,10:01,1450.05,1450.05,1450.05,1450.05,200,273150
20211124,10:03,1450.05,1450.05,1450.00,1450.00,200,271150
20211124,10:06,1464.65,1464.65,1464.65,1464.65,150,271000
20211124,10:07,1470.00,1475.80,1470.00,1475.80,150,271000
20211124,10:09,1483.00,1483.00,1483.00,1483.00,350,270850
20211124,10:11,1485.00,1485.00,1485.00,1485.00,500,270850
20211124,10:12,1481.25,1481.25,1475.85,1475.85,350,270000
20211124,10:13,1470.00,1470.00,1470.00,1470.00,200,270000
20211124,10:14,1471.00,1471.00,1471.00,1471.00,50,269450
20211124,10:15,1473.00,1473.00,1473.00,1473.00,50,269450
20211124,10:17,1461.00,1461.15,1461.00,1461.15,450,269450
20211124,10:20,1460.00,1460.00,1458.35,1458.35,550,269450
20211124,10:21,1450.00,1450.00,1440.00,1440.00,200,269550
20211124,10:26,1435.00,1435.00,1435.00,1435.00,50,269350
20211124,10:27,1430.00,1430.00,1425.00,1425.00,100,269300
20211124,10:31,1425.00,1425.00,1425.00,1425.00,100,269200
20211124,10:32,1430.10,1430.10,1430.10,1430.10,100,269200
20211124,10:34,1430.10,1430.10,1427.30,1427.30,100,269100
20211124,10:37,1437.70,1437.70,1437.70,1437.70,150,269150
20211124,10:38,1440.70,1440.70,1438.35,1438.35,950,269150
20211124,10:40,1440.00,1443.25,1440.00,1443.25,400,269800
20211124,10:41,1440.00,1440.00,1437.20,1438.90,600,269800
20211124,10:42,1436.50,1436.50,1436.25,1436.25,500,269100
20211124,10:43,1432.65,1434.25,1432.65,1434.25,300,269100
20211124,10:44,1436.00,1436.00,1436.00,1436.00,100,269100
20211124,10:45,1439.65,1440.60,1439.65,1440.60,600,268550
20211124,10:46,1438.65,1438.65,1436.00,1436.00,350,268550
20211124,10:48,1435.00,1435.00,1432.85,1432.85,500,267850
20211124,10:49,1429.95,1429.95,1426.50,1426.50,350,267850
20211124,10:50,1428.25,1428.25,1428.25,1428.25,100,267850
20211124,10:51,1432.00,1432.00,1431.10,1431.10,100,266900
20211124,10:52,1437.55,1437.55,1437.55,1437.55,100,266900
20211124,10:53,1437.65,1437.65,1428.75,1428.75,250,266900
20211124,10:56,1435.00,1435.00,1434.70,1434.70,300,266650
20211124,10:57,1434.95,1434.95,1434.95,1434.95,100,266300
20211124,10:59,1431.90,1431.90,1431.70,1431.70,300,266300
20211124,11:00,1427.45,1427.45,1418.05,1418.05,550,266000
20211124,11:01,1418.75,1418.75,1418.75,1418.75,50,266000
20211124,11:02,1416.90,1420.40,1416.90,1418.75,500,266000
20211124,11:03,1411.55,1411.55,1411.50,1411.50,250,264950
20211124,11:04,1414.00,1415.00,1414.00,1415.00,300,264950
20211124,11:05,1413.50,1418.30,1409.95,1409.95,500,264100
20211124,11:06,1403.65,1411.50,1403.65,1411.50,150,264100
20211124,11:08,1415.00,1415.00,1415.00,1415.00,150,264100
20211124,11:09,1408.65,1408.65,1408.65,1408.65,50,263800
20211124,11:10,1413.95,1413.95,1413.95,1413.95,50,263800
20211124,11:11,1408.50,1408.50,1408.50,1408.50,100,263800
20211124,11:12,1408.95,1408.95,1406.65,1406.65,250,263700
20211124,11:13,1406.65,1406.90,1406.65,1406.90,150,263700
20211124,11:15,1407.40,1409.00,1407.40,1409.00,150,263200
20211124,11:19,1413.05,1413.05,1413.05,1413.05,50,263050
20211124,11:25,1424.10,1424.10,1424.10,1424.10,50,263000
20211124,11:26,1422.00,1422.00,1422.00,1422.00,50,263000
20211124,11:28,1419.00,1419.00,1417.25,1417.25,150,262900
20211124,11:33,1432.65,1432.65,1432.65,1432.65,50,262900
20211124,11:35,1433.85,1433.85,1433.85,1433.85,50,262900
20211124,11:36,1434.10,1435.25,1434.10,1435.25,100,262850
20211124,11:39,1443.00,1443.00,1443.00,1443.00,150,262750
20211124,11:40,1448.35,1448.35,1448.35,1448.35,50,262750
20211124,11:44,1445.95,1445.95,1445.95,1445.95,100,262750
20211124,11:46,1431.90,1431.90,1431.90,1431.90,50,262500
20211124,11:51,1425.45,1425.45,1425.45,1425.45,100,262450
20211124,11:52,1425.00,1425.00,1425.00,1425.00,50,262450
20211124,11:55,1440.00,1440.00,1440.00,1440.00,50,262350
20211124,11:58,1436.45,1436.45,1436.45,1436.45,50,262300
20211124,11:59,1440.00,1440.00,1440.00,1440.00,50,262300
20211124,12:03,1440.45,1440.45,1440.45,1440.45,100,262200
20211124,12:05,1444.45,1444.45,1440.00,1440.00,200,262200
20211124,12:06,1440.00,1440.00,1435.00,1435.00,250,261900
20211124,12:09,1425.00,1425.00,1425.00,1425.00,100,261800
20211124,12:10,1423.65,1424.00,1423.65,1424.00,100,261800
20211124,12:12,1424.00,1425.00,1423.70,1425.00,600,261650
20211124,12:13,1423.00,1423.00,1423.00,1423.00,100,261650
20211124,12:14,1420.00,1420.00,1420.00,1420.00,250,261650
20211124,12:15,1421.00,1421.00,1420.10,1420.10,400,260750
20211124,12:16,1418.80,1421.60,1418.80,1421.60,450,260750
20211124,12:17,1420.90,1422.65,1420.90,1422.65,100,260750
20211124,12:18,1430.05,1430.05,1430.05,1430.05,50,259900
20211124,12:25,1429.25,1429.25,1429.25,1429.25,250,259850
20211124,12:29,1421.60,1421.60,1420.65,1420.65,250,259650
20211124,12:30,1417.00,1417.00,1417.00,1417.00,250,259400
20211124,12:31,1417.00,1417.00,1417.00,1417.00,250,259400
20211124,12:33,1414.50,1414.50,1413.10,1413.10,500,258750
20211124,12:34,1410.00,1410.00,1408.35,1408.35,550,258750
20211124,12:35,1405.00,1405.90,1405.00,1405.90,550,258750
20211124,12:36,1412.40,1415.20,1412.40,1413.00,4000,257250
20211124,12:37,1410.00,1410.00,1410.00,1410.00,1550,257250
20211124,12:38,1408.80,1408.80,1408.80,1408.80,700,257250
20211124,12:39,1415.70,1415.70,1415.70,1415.70,200,252750
20211124,12:40,1418.60,1420.70,1418.15,1420.70,450,252750
20211124,12:41,1420.20,1420.30,1415.00,1415.00,200,252750
20211124,12:42,1413.30,1413.30,1412.50,1412.50,250,252050
20211124,12:43,1413.85,1413.85,1413.85,1413.85,50,252050
20211124,12:44,1410.70,1418.80,1410.70,1418.80,250,252050
20211124,12:45,1422.95,1426.70,1421.30,1426.70,4850,251300
20211124,12:46,1429.95,1430.05,1415.00,1416.00,7200,251300
20211124,12:47,1410.00,1410.00,1405.00,1405.00,150,251300
20211124,12:48,1409.90,1409.90,1407.35,1407.60,350,244400
20211124,12:49,1413.55,1413.55,1413.55,1413.55,200,244400
20211124,12:50,1410.70,1410.70,1410.50,1410.50,100,244400
20211124,12:51,1410.65,1410.65,1410.00,1410.00,100,244150
20211124,12:52,1406.00,1406.00,1405.25,1405.45,250,244150
20211124,12:54,1404.20,1404.20,1400.00,1401.00,1800,243500
20211124,12:55,1408.00,1420.00,1408.00,1417.55,4300,243500
20211124,12:56,1417.50,1420.95,1412.75,1420.95,5700,243500
20211124,12:57,1423.65,1423.65,1420.00,1420.85,550,243500
20211124,12:58,1428.00,1434.85,1427.10,1428.85,600,235350
20211124,12:59,1424.85,1424.85,1420.85,1421.40,400,235350
20211124,13:00,1430.25,1430.85,1430.25,1430.85,350,234650
20211124,13:01,1433.40,1433.40,1430.00,1430.00,300,234650
20211124,13:02,1428.40,1428.45,1424.65,1424.90,550,234650
20211124,13:03,1428.25,1432.40,1427.75,1432.40,200,234000
20211124,13:04,1430.80,1441.65,1430.80,1441.65,250,234000
20211124,13:05,1432.30,1432.30,1428.65,1430.80,450,234000
20211124,13:06,1421.70,1425.90,1421.70,1424.95,450,233700
20211124,13:08,1426.80,1426.80,1424.10,1424.10,1150,233700
20211124,13:09,1422.55,1422.90,1422.55,1422.90,100,233700
20211124,13:11,1426.75,1430.60,1426.75,1430.60,150,232900
20211124,13:12,1429.20,1429.20,1425.50,1425.50,100,232800
20211124,13:14,1415.00,1415.00,1415.00,1415.00,50,232800
20211124,13:16,1422.55,1422.55,1422.55,1422.55,50,232800
20211124,13:17,1417.40,1417.40,1412.00,1412.00,150,232800
20211124,13:18,1413.90,1416.20,1413.90,1415.00,450,232750
20211124,13:19,1415.00,1415.00,1413.90,1413.90,6500,232750
20211124,13:20,1415.00,1415.00,1413.65,1413.65,2850,232750
20211124,13:21,1412.90,1415.60,1412.00,1415.60,400,228350
20211124,13:22,1413.30,1413.30,1405.00,1405.00,250,228350
20211124,13:23,1403.95,1406.60,1403.95,1406.60,1900,228350
20211124,13:24,1405.60,1408.85,1402.95,1408.85,1350,226900
20211124,13:25,1403.85,1410.75,1403.85,1409.85,200,226900
20211124,13:26,1406.55,1407.00,1404.55,1406.75,350,226900
20211124,13:27,1400.95,1405.00,1400.95,1403.35,3050,226400
20211124,13:28,1405.60,1405.60,1402.50,1405.00,4650,226400
20211124,13:29,1405.00,1405.10,1405.00,1405.00,4000,226400
20211124,13:30,1407.40,1407.40,1407.40,1407.40,50,226400
20211124,13:31,1411.30,1414.65,1411.30,1414.65,250,223250
20211124,13:32,1398.30,1398.30,1398.30,1398.30,50,223250
20211124,13:35,1398.30,1398.30,1398.30,1398.30,50,223250
20211124,13:37,1415.00,1415.00,1414.80,1414.80,100,223250
20211124,13:38,1420.00,1420.00,1420.00,1420.00,50,223250
20211124,13:40,1420.35,1425.00,1420.35,1425.00,4850,223250
20211124,13:41,1425.00,1425.00,1424.55,1424.55,3000,223250
20211124,13:42,1425.00,1428.25,1425.00,1428.25,2600,223250
20211124,13:44,1418.35,1418.35,1418.35,1418.35,50,221150
20211124,13:45,1425.00,1425.00,1425.00,1425.00,50,221100
20211124,13:49,1420.00,1423.90,1420.00,1423.60,350,221050
20211124,13:50,1421.20,1421.20,1421.20,1421.20,50,221050
20211124,13:51,1421.80,1421.85,1421.65,1421.85,350,220950
20211124,13:52,1424.70,1424.70,1418.35,1418.35,350,220950
20211124,13:53,1419.20,1421.30,1419.20,1421.30,150,220950
20211124,13:54,1417.40,1417.45,1416.15,1416.55,250,220600
20211124,13:55,1418.10,1420.00,1418.10,1420.00,3050,220600
20211124,13:56,1419.15,1425.00,1419.15,1425.00,3300,220600
20211124,13:57,1425.00,1425.00,1423.75,1423.75,4050,220600
20211124,13:59,1438.55,1438.55,1438.55,1438.55,50,218000
20211124,14:00,1449.00,1450.00,1449.00,1450.00,100,218000
20211124,14:03,1460.00,1460.00,1460.00,1460.00,300,217950
20211124,14:07,1443.50,1444.85,1443.50,1444.85,100,217650
20211124,14:08,1443.30,1443.30,1441.60,1441.95,350,217650
20211124,14:11,1450.00,1450.00,1450.00,1450.00,200,217600
20211124,14:13,1462.75,1462.75,1462.75,1462.75,50,217400
20211124,14:14,1469.30,1469.30,1469.30,1469.30,50,217400
20211124,14:15,1485.00,1485.00,1485.00,1485.00,50,217400
20211124,14:16,1500.30,1500.30,1500.30,1500.30,100,217350
20211124,14:17,1500.30,1500.30,1500.30,1500.30,50,217350
20211124,14:19,1505.35,1505.35,1505.35,1505.35,50,217300
20211124,14:20,1505.35,1505.35,1505.35,1505.35,50,217300
20211124,14:21,1493.85,1493.85,1493.85,1493.85,150,217300
20211124,14:32,1511.15,1511.15,1511.15,1511.15,50,217050
20211124,14:35,1525.00,1525.00,1525.00,1525.00,200,217000
20211124,14:40,1525.00,1525.00,1525.00,1525.00,50,216800
20211124,14:42,1514.00,1514.00,1514.00,1514.00,50,216800
20211124,14:45,1537.00,1537.00,1537.00,1537.00,50,216850
20211124,14:46,1537.00,1540.00,1532.10,1540.00,300,216850
20211124,14:47,1540.00,1540.00,1540.00,1540.00,50,216850
20211124,14:48,1533.00,1533.00,1533.00,1533.00,50,216850
20211124,14:50,1543.00,1543.00,1543.00,1543.00,50,216600
20211124,14:51,1545.00,1545.00,1545.00,1545.00,50,216600
20211124,14:53,1545.00,1545.00,1545.00,1545.00,50,216500
20211124,15:00,1545.00,1545.00,1532.55,1532.55,100,216450
20211124,15:02,1542.30,1542.30,1542.30,1542.30,100,216450
20211124,15:06,1556.00,1556.00,1556.00,1556.00,200,216400
20211124,15:08,1556.00,1556.00,1556.00,1556.00,100,216400
20211124,15:09,1565.00,1565.00,1565.00,1565.00,100,216400
20211124,15:10,1568.00,1568.00,1568.00,1568.00,100,216200
20211124,15:15,1597.55,1597.55,1597.55,1597.55,150,216100
20211124,15:16,1590.75,1590.75,1590.75,1590.75,100,216100
20211124,15:17,1598.95,1598.95,1598.95,1598.95,100,216100
20211124,15:18,1600.00,1600.00,1600.00,1600.00,50,216100
20211124,15:22,1604.60,1604.60,1604.60,1604.60,50,216100
20211124,15:24,1616.00,1616.00,1616.00,1616.00,200,216100
20211124,15:25,1620.15,1620.15,1620.15,1620.15,50,216100
20211124,15:26,1632.00,1632.00,1632.00,1632.00,200,216100
20211124,15:27,1634.90,1634.90,1634.90,1634.90,100,216100
20211124,15:28,1633.60,1640.70,1633.60,1640.70,500,216100
20211124,15:29,1640.70,1640.70,1637.95,1638.90,200,216100
20211125,09:15,1647.00,1647.00,1647.00,1647.00,51,216100
20211125,09:16,1593.15,1593.15,1593.15,1593.15,50,215500
20211125,09:17,1593.15,1593.15,1593.15,1593.15,50,215500
20211125,09:18,1580.00,1580.00,1580.00,1580.00,50,215500
20211125,09:19,1572.85,1572.85,1570.00,1570.00,150,215650
20211125,09:20,1570.00,1570.00,1570.00,1570.00,200,215650
20211125,09:21,1576.70,1576.70,1576.70,1576.70,200,215650
20211125,09:22,1580.40,1583.15,1580.40,1583.15,200,215650
20211125,09:23,1583.15,1583.15,1575.75,1575.75,200,215550
20211125,09:24,1567.15,1567.15,1565.00,1565.00,350,215550
20211125,09:25,1565.00,1582.00,1565.00,1582.00,300,215550
20211125,09:26,1599.00,1599.00,1599.00,1599.00,500,215500
20211125,09:27,1605.75,1605.75,1605.75,1605.75,600,215500
20211125,09:28,1618.80,1618.80,1618.80,1618.80,50,215500
20211125,09:29,1618.80,1618.80,1618.80,1618.80,50,215500
20211125,09:30,1618.00,1618.00,1601.00,1601.00,500,215250
20211125,09:32,1590.00,1590.00,1590.00,1590.00,50,215250
20211125,09:33,1600.00,1600.00,1600.00,1600.00,200,215250
20211125,09:35,1608.00,1608.00,1608.00,1608.00,200,215250
20211125,09:36,1601.00,1601.00,1600.00,1600.00,350,215200
20211125,09:37,1602.00,1602.00,1602.00,1602.00,100,215200
20211125,09:38,1600.00,1600.00,1600.00,1600.00,50,215200
20211125,09:39,1604.80,1604.80,1604.80,1604.80,100,214850
20211125,09:40,1608.55,1608.55,1595.00,1595.00,700,214850
20211125,09:42,1594.00,1594.00,1585.00,1588.40,850,214700
20211125,09:43,1591.00,1591.00,1587.85,1587.85,150,214700
20211125,09:44,1593.05,1593.05,1593.05,1593.05,50,214300
20211125,09:45,1599.75,1607.25,1599.75,1607.25,400,214300
20211125,09:46,1602.00,1602.00,1602.00,1602.00,100,214300
20211125,09:47,1610.00,1610.00,1600.00,1600.00,200,213950
20211125,09:49,1608.00,1608.00,1608.00,1608.00,50,213950
20211125,09:50,1620.00,1620.00,1620.00,1620.00,200,213900
20211125,09:51,1615.00,1618.00,1615.00,1618.00,150,213900
20211125,09:52,1621.90,1621.90,1621.90,1621.90,50,213900
20211125,09:53,1620.00,1625.00,1620.00,1625.00,150,213900
20211125,09:54,1630.00,1630.00,1630.00,1630.00,100,213550
20211125,09:55,1635.00,1635.00,1632.00,1632.00,150,213550
20211125,09:56,1635.10,1635.10,1630.00,1630.00,400,213050
20211125,09:57,1630.00,1630.00,1630.00,1630.00,150,213050
20211125,09:59,1637.25,1637.25,1637.25,1637.25,500,212700
20211125,10:00,1635.40,1647.35,1635.40,1647.35,750,212700
20211125,10:01,1649.00,1649.00,1649.00,1649.00,250,212700
20211125,10:02,1649.00,1649.00,1649.00,1649.00,50,212700
20211125,10:03,1649.00,1649.00,1649.00,1649.00,150,212050
20211125,10:08,1627.00,1627.00,1627.00,1627.00,250,212050
20211125,10:09,1626.35,1626.35,1626.35,1626.35,250,212050
20211125,10:10,1625.00,1625.00,1625.00,1625.00,250,212050
20211125,10:11,1620.00,1620.00,1620.00,1620.00,100,211550
20211125,10:12,1620.00,1620.00,1610.00,1610.00,1050,211550
20211125,10:15,1608.00,1608.00,1600.00,1600.00,2150,210550
20211125,10:16,1598.00,1610.00,1598.00,1607.00,6150,210550
20211125,10:17,1614.00,1618.00,1614.00,1618.00,3050,206450
20211125,10:18,1620.00,1620.00,1620.00,1620.00,1050,206450
20211125,10:19,1620.00,1620.00,1620.00,1620.00,500,206450
20211125,10:21,1622.00,1622.00,1622.00,1622.00,100,206450
20211125,10:22,1625.00,1625.00,1622.45,1622.45,4600,205850
20211125,10:23,1623.45,1623.45,1612.55,1612.55,3150,205350
20211125,10:24,1617.90,1617.90,1613.00,1614.15,2700,205350
20211125,10:25,1610.00,1611.75,1610.00,1611.75,150,205350
20211125,10:26,1605.00,1605.00,1605.00,1605.00,100,205350
20211125,10:27,1602.00,1602.00,1600.00,1600.00,400,205000
20211125,10:28,1612.00,1612.00,1612.00,1612.00,100,205000
20211125,10:33,1612.00,1612.00,1612.00,1612.00,100,205000
20211125,10:34,1600.00,1602.00,1600.00,1602.00,200,205000
20211125,10:35,1596.00,1597.40,1593.00,1594.85,350,205000
20211125,10:36,1590.00,1590.00,1580.00,1580.00,200,205000
20211125,10:37,1590.25,1590.25,1585.10,1585.10,350,205000
20211125,10:38,1592.00,1592.00,1589.10,1590.35,200,205000
20211125,10:39,1590.10,1590.10,1587.10,1587.10,250,205000
20211125,10:40,1587.10,1587.10,1586.30,1586.30,150,205000
20211125,10:41,1588.00,1588.00,1588.00,1588.00,50,205000
20211125,10:42,1595.00,1601.00,1595.00,1601.00,5100,205000
20211125,10:43,1602.00,1605.00,1598.00,1598.25,2750,205000
20211125,10:44,1598.55,1599.05,1595.00,1595.10,4800,204300
20211125,10:46,1587.10,1589.75,1587.10,1589.75,150,204300
20211125,10:47,1608.55,1608.55,1608.55,1608.55,100,204300
20211125,10:48,1600.10,1600.10,1600.10,1600.10,100,204300
20211125,10:49,1595.00,1603.45,1595.00,1600.10,3450,204300
20211125,10:50,1602.85,1606.70,1593.90,1593.90,750,204200
20211125,10:51,1600.30,1605.00,1600.00,1605.00,3250,204200
20211125,10:54,1600.60,1600.60,1592.00,1592.00,500,203650
20211125,10:56,1580.00,1580.00,1570.00,1570.00,400,203650
20211125,10:57,1568.50,1576.00,1565.00,1576.00,1150,203600
20211125,10:59,1573.20,1576.75,1573.20,1576.75,100,203600
20211125,11:00,1560.00,1560.00,1557.30,1557.30,300,203600
20211125,11:02,1564.95,1564.95,1564.95,1564.95,50,203600
20211125,11:04,1572.50,1572.50,1572.50,1572.50,250,203650
20211125,11:05,1572.25,1572.25,1565.10,1565.10,250,203650
20211125,11:06,1565.20,1567.65,1559.15,1567.65,150,203550
20211125,11:08,1565.00,1565.00,1563.10,1563.10,200,203550
20211125,11:09,1570.80,1570.80,1570.80,1570.80,250,203450
20211125,11:10,1563.00,1563.00,1563.00,1563.00,100,203450
20211125,11:12,1555.00,1555.00,1550.00,1550.00,200,203450
20211125,11:14,1540.00,1540.00,1540.00,1540.00,50,203450
20211125,11:15,1530.00,1530.00,1525.25,1525.25,350,203450
20211125,11:16,1535.00,1535.00,1535.00,1535.00,50,203450
20211125,11:17,1540.00,1540.00,1540.00,1540.00,50,203450
20211125,11:18,1520.00,1520.00,1520.00,1520.00,50,203450
20211125,11:19,1520.00,1520.00,1520.00,1520.00,250,203450
20211125,11:20,1507.15,1507.15,1507.15,1507.15,50,203450
20211125,11:26,1507.15,1515.00,1507.15,1515.00,550,203450
20211125,11:27,1516.00,1516.00,1516.00,1516.00,300,203450
20211125,11:28,1517.00,1517.00,1517.00,1517.00,900,203450
20211125,11:29,1515.00,1515.00,1510.00,1510.00,300,203450
20211125,11:31,1517.00,1521.50,1517.00,1521.50,150,203450
20211125,11:32,1507.50,1507.50,1500.00,1500.00,350,203450
20211125,11:33,1500.00,1500.00,1500.00,1500.00,50,203450
20211125,11:34,1510.05,1510.05,1510.05,1510.05,500,203450
20211125,11:35,1513.00,1513.00,1513.00,1513.00,50,203450
20211125,11:36,1516.65,1522.70,1516.65,1522.70,700,203450
20211125,11:37,1519.20,1519.20,1519.20,1519.20,50,203450
20211125,11:39,1519.95,1519.95,1519.95,1519.95,50,203450
20211125,11:44,1532.50,1532.50,1532.50,1532.50,500,203450
20211125,11:45,1525.70,1528.00,1525.70,1528.00,100,203450
20211125,11:51,1514.45,1517.75,1514.45,1517.75,100,203450
20211125,11:56,1520.00,1520.00,1520.00,1520.00,50,203450
20211125,11:57,1512.30,1512.30,1512.30,1512.30,50,203450
20211125,11:59,1518.00,1518.00,1518.00,1518.00,50,203450
20211125,12:01,1505.00,1505.00,1505.00,1505.00,50,203450
20211125,12:07,1507.10,1507.10,1496.10,1496.10,500,203450
20211125,12:08,1496.10,1496.10,1496.10,1496.10,50,203450
20211125,12:09,1493.20,1493.20,1493.05,1493.05,100,203450
20211125,12:10,1485.90,1485.90,1485.90,1485.90,50,203450
20211125,12:11,1485.90,1486.30,1485.10,1485.10,150,203450
20211125,12:12,1475.75,1475.75,1475.75,1475.75,50,203450
20211125,12:14,1475.75,1475.75,1475.75,1475.75,200,203450
20211125,12:16,1475.00,1475.00,1473.00,1473.00,500,203450
20211125,12:17,1474.70,1474.70,1474.70,1474.70,50,203450
20211125,12:18,1478.00,1478.00,1478.00,1478.00,300,203450
20211125,12:19,1480.00,1480.00,1480.00,1480.00,100,203450
20211125,12:20,1487.15,1487.15,1486.60,1486.60,100,203450
20211125,12:21,1480.25,1480.25,1480.25,1480.25,50,203450
20211125,12:22,1475.00,1475.00,1470.50,1470.50,350,203450
20211125,12:23,1467.70,1467.70,1467.70,1467.70,1500,203450
20211125,12:24,1473.35,1473.35,1472.20,1472.20,1550,203350
20211125,12:25,1465.00,1465.00,1460.00,1460.00,100,203350
20211125,12:27,1460.00,1501.20,1460.00,1501.20,300,203350
20211125,12:31,1495.75,1495.75,1495.00,1495.00,100,203350
20211125,12:32,1500.00,1500.00,1500.00,1500.00,400,203350
20211125,12:33,1495.00,1495.00,1490.00,1490.00,100,203350
20211125,12:41,1500.00,1500.00,1500.00,1500.00,150,203350
20211125,12:42,1502.90,1502.90,1502.90,1502.90,1250,203350
20211125,12:43,1505.60,1512.70,1505.60,1512.70,250,203350
20211125,12:44,1511.70,1511.70,1511.60,1511.60,200,203350
20211125,12:48,1517.00,1517.00,1514.70,1514.70,100,203350
20211125,12:49,1504.85,1509.85,1504.80,1509.85,150,203350
20211125,12:50,1518.80,1518.80,1518.80,1518.80,50,203350
20211125,12:51,1525.30,1525.30,1523.00,1523.00,150,203250
20211125,12:56,1550.00,1550.00,1550.00,1550.00,50,203250
20211125,12:58,1537.35,1537.35,1535.00,1535.00,100,203250
20211125,13:00,1548.05,1548.05,1548.05,1548.05,100,203250
20211125,13:02,1530.00,1530.00,1530.00,1530.00,50,203250
20211125,13:03,1516.65,1516.65,1516.65,1516.65,50,203250
20211125,13:04,1516.50,1516.50,1516.50,1516.50,50,203250
20211125,13:05,1507.55,1507.55,1507.55,1507.55,50,203250
20211125,13:06,1502.00,1502.00,1502.00,1502.00,50,203250
20211125,13:07,1496.00,1496.00,1496.00,1496.00,50,203250
20211125,13:08,1495.00,1495.00,1495.00,1495.00,750,203250
20211125,13:11,1495.00,1495.00,1485.80,1485.80,600,203250
20211125,13:12,1495.40,1495.40,1495.40,1495.40,50,203250
20211125,13:14,1497.00,1497.00,1494.40,1494.40,1800,203250
20211125,13:15,1490.00,1490.00,1488.00,1488.00,1800,203250
20211125,13:16,1494.00,1495.00,1494.00,1495.00,250,203250
20211125,13:19,1489.45,1489.45,1475.00,1475.00,1550,203250
20211125,13:25,1507.00,1515.00,1507.00,1515.00,150,203250
20211125,13:26,1512.00,1512.00,1506.00,1506.00,150,203250
20211125,13:27,1508.00,1508.00,1508.00,1508.00,100,203250
20211125,13:28,1510.00,1510.00,1510.00,1510.00,100,203250
20211125,13:29,1512.00,1512.00,1512.00,1512.00,100,203250
20211125,13:30,1505.00,1505.00,1500.00,1500.00,4650,203250
20211125,13:32,1498.00,1498.00,1498.00,1498.00,100,203250
20211125,13:33,1520.00,1520.00,1520.00,1520.00,100,203350
20211125,13:34,1516.65,1521.00,1516.65,1518.00,250,203350
20211125,13:35,1518.00,1518.00,1518.00,1518.00,100,203350
20211125,13:36,1506.00,1511.15,1506.00,1510.00,1650,203250
20211125,13:37,1512.00,1512.00,1508.00,1508.00,350,203250
20211125,13:38,1500.00,1500.00,1494.95,1494.95,250,203250
20211125,13:39,1496.00,1498.00,1496.00,1498.00,400,203200
20211125,13:40,1498.55,1498.55,1498.00,1498.00,400,203200
20211125,13:41,1496.00,1498.25,1496.00,1498.00,650,203200
20211125,13:42,1496.00,1496.00,1496.00,1496.00,100,203350
20211125,13:43,1504.00,1504.00,1504.00,1504.00,100,203350
20211125,13:46,1500.00,1500.00,1500.00,1500.00,50,203350
20211125,13:47,1490.00,1490.00,1490.00,1490.00,100,203350
20211125,13:52,1496.50,1497.00,1496.50,1497.00,100,203350
20211125,13:53,1495.90,1495.90,1495.90,1495.90,50,203350
20211125,13:54,1504.50,1504.50,1504.50,1504.50,50,203350
20211125,13:55,1500.75,1500.75,1499.10,1499.10,100,203350
20211125,13:56,1499.00,1499.00,1499.00,1499.00,50,203350
20211125,13:59,1515.00,1515.00,1515.00,1515.00,50,203350
20211125,14:00,1505.00,1505.00,1499.30,1499.30,100,203350
20211125,14:01,1500.00,1500.00,1495.95,1495.95,600,203350
20211125,14:02,1499.45,1499.45,1499.00,1499.00,1000,203350
20211125,14:03,1502.75,1502.75,1501.60,1502.00,1250,203350
20211125,14:04,1502.00,1514.55,1502.00,1514.55,350,203350
20211125,14:06,1507.00,1507.00,1507.00,1507.00,600,203350
20211125,14:09,1509.00,1511.85,1508.50,1509.00,17900,203300
20211125,14:11,1512.90,1522.15,1512.90,1519.35,1250,203300
20211125,14:13,1490.00,1490.00,1480.00,1480.00,300,203300
20211125,14:17,1498.80,1498.80,1498.80,1498.80,150,203300
20211125,14:19,1487.85,1487.85,1487.85,1487.85,50,203300
20211125,14:21,1490.00,1490.00,1485.55,1485.55,350,203300
20211125,14:22,1477.00,1477.00,1473.00,1476.05,500,203300
20211125,14:23,1470.00,1470.00,1465.00,1465.00,150,203300
20211125,14:25,1474.45,1474.45,1458.35,1458.35,600,203250
20211125,14:26,1456.00,1456.00,1455.00,1455.00,600,203250
20211125,14:27,1468.00,1468.00,1468.00,1468.00,50,203250
20211125,14:29,1482.50,1482.50,1475.90,1475.90,200,203250
20211125,14:30,1460.10,1468.45,1460.10,1468.45,300,203250
20211125,14:31,1465.00,1465.75,1465.00,1465.75,250,203250
20211125,14:32,1469.00,1469.00,1468.40,1468.95,300,203250
20211125,14:33,1470.25,1474.20,1470.25,1474.20,650,203250
20211125,14:35,1473.95,1473.95,1473.95,1473.95,50,203250
20211125,14:36,1478.40,1478.40,1478.40,1478.40,250,203400
20211125,14:38,1477.65,1477.65,1472.65,1473.50,2150,203400
20211125,14:39,1478.30,1478.30,1475.00,1475.00,300,203400
20211125,14:40,1463.00,1463.00,1463.00,1463.00,200,203300
20211125,14:41,1465.65,1465.65,1465.60,1465.60,100,203300
20211125,14:43,1470.00,1470.00,1470.00,1470.00,50,203400
20211125,14:44,1470.00,1470.00,1470.00,1470.00,150,203400
20211125,14:47,1455.00,1455.00,1450.00,1450.00,2250,203300
20211125,14:48,1454.50,1454.50,1445.00,1445.00,550,203350
20211125,14:50,1445.00,1445.00,1445.00,1445.00,50,203350
20211125,14:51,1454.00,1454.00,1454.00,1454.00,100,203350
20211125,14:52,1455.85,1455.85,1455.85,1455.85,100,203350
20211125,14:53,1450.00,1453.40,1450.00,1453.40,150,203350
20211125,14:55,1455.00,1455.00,1455.00,1455.00,50,203350
20211125,14:56,1457.45,1457.45,1453.55,1453.55,100,203250
20211125,14:57,1453.55,1453.55,1453.55,1453.55,1000,203250
20211125,14:58,1460.85,1460.85,1458.50,1458.50,350,203250
20211125,14:59,1455.15,1457.50,1455.15,1457.50,100,203250
20211125,15:00,1450.00,1468.40,1446.00,1468.40,950,203250
20211125,15:01,1466.60,1466.60,1466.60,1466.60,100,203100
20211125,15:02,1481.00,1481.60,1471.00,1471.00,550,203100
20211125,15:03,1483.15,1483.15,1483.15,1483.15,350,203100
20211125,15:04,1480.00,1480.00,1475.00,1475.00,750,203100
20211125,15:05,1480.00,1480.00,1478.40,1478.40,250,203100
20211125,15:06,1478.40,1483.15,1478.40,1483.15,150,203100
20211125,15:07,1490.00,1490.00,1490.00,1490.00,50,203100
20211125,15:08,1486.00,1486.00,1485.00,1485.00,100,203100
20211125,15:10,1490.00,1490.00,1490.00,1490.00,150,203050
20211125,15:11,1486.00,1486.00,1480.00,1480.00,150,203050
20211125,15:13,1477.00,1477.00,1477.00,1477.00,50,203050
20211125,15:15,1477.50,1477.50,1467.25,1472.75,450,203050
20211125,15:16,1476.00,1476.00,1476.00,1476.00,100,203050
20211125,15:17,1477.20,1477.20,1477.20,1477.20,300,203050
20211125,15:18,1474.00,1474.00,1470.00,1470.00,250,203050
20211125,15:19,1471.45,1471.45,1471.45,1471.45,50,203050
20211125,15:21,1470.55,1470.85,1470.55,1470.85,250,203050
20211125,15:22,1467.70,1469.15,1467.70,1469.15,750,203000
20211125,15:24,1467.30,1467.30,1466.70,1466.70,200,203000
20211125,15:25,1465.00,1465.00,1465.00,1465.00,200,202600
20211125,15:26,1466.20,1466.20,1466.20,1466.20,50,202600
20211125,15:27,1466.35,1466.60,1466.35,1466.50,300,202600
20211125,15:28,1466.50,1466.50,1466.50,1466.50,50,202600
20211125,15:29,1466.50,1466.50,1466.50,1466.50,200,202600
