20210118,09:43,163.00,163.00,163.00,163.00,76,75
20210118,12:06,155.00,155.00,155.00,155.00,75,75
20210118,13:30,143.65,143.65,143.65,143.65,75,150
20210118,13:35,143.65,143.65,143.65,143.65,75,150
20210118,13:43,155.00,155.00,155.00,155.00,75,75
20210118,14:25,159.40,159.40,159.40,159.40,300,75
20210118,14:38,143.10,143.10,143.10,143.10,75,375
20210118,14:52,134.50,134.50,134.50,134.50,600,450
20210118,15:06,134.50,134.50,134.50,134.50,75,975
20210118,15:14,135.60,135.60,135.60,135.60,75,975
20210118,15:19,130.05,130.05,130.05,130.05,375,975
20210118,15:29,121.05,121.05,121.05,121.05,75,975
20210119,09:23,156.60,156.60,156.60,156.60,76,975
20210119,09:25,152.40,152.40,152.40,152.40,300,1050
20210119,09:29,152.40,152.40,152.40,152.40,75,1350
20210119,09:34,153.25,153.25,153.25,153.25,225,1350
20210119,09:35,153.25,153.25,153.25,153.25,75,1425
20210119,09:40,146.10,146.10,146.10,146.10,75,1425
20210119,09:42,146.10,146.10,146.10,146.10,75,1425
20210119,09:46,149.45,150.10,149.45,150.10,150,1425
20210119,09:48,151.10,151.10,151.10,151.10,75,1575
20210119,09:49,152.50,152.50,152.50,152.50,75,1575
20210119,09:54,155.05,155.05,155.05,155.05,75,1725
20210119,10:02,157.05,157.05,157.05,157.05,75,1500
20210119,10:17,161.75,161.75,161.75,161.75,75,1500
20210119,10:18,161.75,161.75,158.40,158.40,150,1500
20210119,10:21,157.20,157.20,157.20,157.20,75,1500
20210119,10:26,159.70,159.70,159.70,159.70,75,1575
20210119,10:29,159.90,162.30,159.90,162.30,150,1500
20210119,10:39,162.30,162.30,162.30,162.30,75,1500
20210119,10:43,162.05,162.05,162.05,162.05,75,1500
20210119,10:49,164.40,164.40,164.40,164.40,75,1575
20210119,10:55,164.40,164.40,164.40,164.40,150,1650
20210119,11:02,160.50,160.50,160.50,160.50,75,1650
20210119,11:10,163.60,163.60,163.60,163.60,75,1650
20210119,11:14,159.65,159.65,159.65,159.65,75,1725
20210119,11:15,158.65,158.65,158.65,158.65,75,1725
20210119,11:37,162.60,162.60,162.60,162.60,75,1800
20210119,11:44,160.30,160.30,160.30,160.30,75,1800
20210119,11:46,161.65,161.65,161.65,161.65,75,1650
20210119,11:47,162.10,163.05,162.10,163.05,225,1650
20210119,11:53,173.10,173.10,173.10,173.10,75,1800
20210119,11:54,175.25,175.25,175.25,175.25,300,1800
20210119,12:04,175.25,175.25,175.25,175.25,75,1650
20210119,12:09,174.60,174.60,174.60,174.60,75,1575
20210119,12:20,171.05,171.05,171.05,171.05,75,1575
20210119,12:30,174.25,174.25,174.25,174.25,75,1575
20210119,12:32,175.35,175.35,175.35,175.35,75,1575
20210119,12:48,175.35,175.35,175.35,175.35,75,1500
20210119,12:57,178.75,178.75,178.75,178.75,150,1575
20210119,13:21,178.75,178.75,178.75,178.75,75,1575
20210119,13:43,185.30,185.30,185.30,185.30,75,1575
20210119,13:55,190.95,190.95,190.95,190.95,75,1650
20210119,13:58,190.95,190.95,190.95,190.95,150,1725
20210119,14:03,185.10,185.10,185.10,185.10,75,1650
20210119,14:24,182.80,182.80,182.80,182.80,300,1725
20210119,14:32,183.95,183.95,183.95,183.95,300,2025
20210119,14:37,185.20,185.20,185.20,185.20,75,2025
20210119,15:01,195.95,195.95,195.95,195.95,75,2025
20210119,15:09,198.75,198.75,198.75,198.75,75,1725
20210119,15:11,198.75,198.75,198.75,198.75,75,1725
20210119,15:12,199.90,199.90,199.90,199.90,75,1725
20210119,15:21,199.90,199.90,199.90,199.90,75,1800
20210119,15:22,191.95,191.95,191.95,191.95,75,1875
20210119,15:24,191.75,191.75,191.75,191.75,75,1875
20210119,15:29,198.65,198.65,198.65,198.65,75,1725
20210120,09:23,199.95,199.95,199.95,199.95,76,1800
20210120,09:31,194.55,194.55,194.55,194.55,75,1875
20210120,09:32,194.55,194.55,194.55,194.55,75,1800
20210120,09:41,180.80,180.80,180.80,180.80,75,1800
20210120,09:51,180.80,180.80,180.80,180.80,75,1800
20210120,09:57,190.05,190.05,190.05,190.05,225,1800
20210120,10:01,191.80,191.80,191.80,191.80,75,1875
20210120,10:25,188.20,188.20,188.20,188.20,75,1950
20210120,10:38,199.85,199.85,199.85,199.85,75,1950
20210120,10:46,203.80,203.80,203.80,203.80,75,2025
20210120,10:48,206.10,207.80,206.10,207.80,225,2100
20210120,11:08,207.80,207.80,207.80,207.80,75,2325
20210120,11:25,203.15,203.15,203.15,203.15,150,2400
20210120,11:45,201.80,201.80,201.80,201.80,225,2400
20210120,12:07,199.80,199.80,199.80,199.80,75,2400
20210120,12:54,199.80,201.00,199.80,201.00,150,2400
20210120,13:29,207.45,207.45,200.25,200.25,150,2325
20210120,13:30,197.15,197.15,197.15,197.15,75,2475
20210120,13:51,216.70,216.70,216.70,216.70,750,3150
20210120,13:52,202.50,202.50,201.30,201.65,450,3150
20210120,13:53,201.65,201.65,201.65,201.65,150,3150
20210120,13:57,204.35,204.35,204.25,204.25,150,3300
20210120,13:58,201.10,201.10,201.10,201.10,75,3300
20210120,14:01,204.00,204.00,204.00,204.00,75,3450
20210120,14:03,204.00,204.00,204.00,204.00,75,3525
20210120,14:06,206.50,206.50,206.50,206.50,75,3600
20210120,14:11,205.65,205.65,205.65,205.65,75,3675
20210120,14:12,206.40,206.40,206.40,206.40,75,3750
20210120,14:13,203.20,203.20,203.20,203.20,75,3750
20210120,14:14,206.00,206.00,206.00,206.00,75,3750
20210120,14:15,208.20,208.20,208.20,208.20,75,3825
20210120,14:16,208.20,208.20,208.20,208.20,75,3825
20210120,14:18,209.20,209.20,206.80,206.80,225,3975
20210120,14:20,206.80,206.80,206.80,206.80,75,3975
20210120,14:22,206.80,206.80,206.80,206.80,75,4050
20210120,14:24,206.60,206.60,206.60,206.60,75,4050
20210120,14:28,211.10,211.10,211.10,211.10,75,4050
20210120,14:29,212.10,212.10,212.10,212.10,75,4050
20210120,14:30,212.75,212.75,212.75,212.75,75,4050
20210120,14:31,212.65,212.65,212.65,212.65,75,4050
20210120,14:34,212.00,212.00,212.00,212.00,75,4050
20210120,14:35,212.00,212.00,212.00,212.00,75,4050
20210120,14:38,208.40,208.40,208.40,208.40,75,4200
20210120,14:43,211.60,211.60,210.15,210.15,150,4200
20210120,14:44,211.00,211.00,211.00,211.00,75,4200
20210120,14:45,209.45,209.45,209.45,209.45,75,4200
20210120,14:47,207.10,207.10,207.10,207.10,75,4425
20210120,14:50,212.60,212.60,212.60,212.60,75,4500
20210120,14:51,210.30,210.30,210.30,210.30,75,4500
20210120,14:53,211.80,211.80,211.80,211.80,75,4575
20210120,15:00,212.45,212.45,212.45,212.45,75,4650
20210120,15:03,212.35,212.35,212.35,212.35,75,4650
20210120,15:20,204.55,204.55,204.55,204.55,75,4725
20210120,15:21,202.00,202.00,202.00,202.00,75,4725
20210120,15:23,200.30,200.30,200.30,200.30,75,4875
20210120,15:26,199.90,199.90,199.90,199.90,75,4950
20210121,09:17,233.70,235.00,233.70,235.00,151,5025
20210121,09:19,235.00,235.00,235.00,235.00,300,5025
20210121,09:20,235.00,235.00,228.55,228.55,150,5325
20210121,09:22,228.55,228.55,228.55,228.55,75,5325
20210121,09:24,232.40,232.40,232.40,232.40,75,5175
20210121,09:25,223.95,223.95,223.95,223.95,450,5175
20210121,09:27,223.95,223.95,223.95,223.95,75,5175
20210121,09:28,236.50,238.05,236.50,238.05,300,5175
20210121,09:29,235.00,235.00,235.00,235.00,150,5550
20210121,09:30,231.10,231.10,231.10,231.10,150,5550
20210121,09:32,225.40,232.95,225.40,232.95,225,5625
20210121,09:33,231.00,231.00,231.00,231.00,450,5625
20210121,09:34,228.50,228.50,227.20,227.20,450,5625
20210121,09:35,227.20,227.20,227.20,227.20,150,5625
20210121,09:36,230.00,230.00,230.00,230.00,300,6000
20210121,09:37,230.00,232.75,230.00,232.75,375,6000
20210121,09:39,235.00,235.00,235.00,235.00,75,6600
20210121,09:40,233.75,233.75,233.75,233.75,150,6600
20210121,09:41,232.05,253.80,232.05,253.80,1725,6225
20210121,09:42,253.80,253.80,253.80,253.80,75,6225
20210121,09:43,233.15,233.15,231.60,233.00,450,6225
20210121,09:44,234.20,234.20,234.20,234.20,75,7500
20210121,09:45,233.35,233.35,233.35,233.35,75,7500
20210121,09:46,233.45,233.45,228.15,228.15,225,7500
20210121,09:47,231.25,231.25,230.15,230.15,600,7725
20210121,09:48,228.35,228.35,228.00,228.00,150,7725
20210121,09:50,229.65,229.65,229.65,229.65,75,7725
20210121,09:52,227.40,227.40,224.70,224.70,225,7725
20210121,09:53,225.00,226.20,225.00,225.00,300,7575
20210121,09:54,225.00,225.00,223.80,223.80,150,7575
20210121,09:55,223.80,223.80,223.80,223.80,75,7575
20210121,09:56,224.10,224.10,224.10,224.10,150,7875
20210121,09:57,225.15,225.15,225.15,225.15,150,7875
20210121,09:58,225.00,225.00,222.75,222.75,675,7875
20210121,09:59,223.65,223.65,223.65,223.65,75,7875
20210121,10:00,223.40,223.40,223.20,223.20,150,8100
20210121,10:04,229.90,231.55,229.85,231.55,450,8025
20210121,10:06,229.75,230.45,229.75,230.45,675,8100
20210121,10:08,230.55,230.55,230.55,230.55,375,8100
20210121,10:12,229.60,229.60,229.60,229.60,75,9075
20210121,10:13,229.60,230.55,229.60,230.55,450,9075
20210121,10:14,228.70,228.70,228.70,228.70,150,9075
20210121,10:15,228.75,228.75,228.75,228.75,300,9075
20210121,10:17,227.70,227.95,227.70,227.95,300,9150
20210121,10:18,227.10,227.10,227.10,227.10,1200,8550
20210121,10:19,227.10,227.10,227.10,227.10,375,8550
20210121,10:20,229.30,229.30,229.30,229.30,75,8550
20210121,10:21,227.55,227.55,227.55,227.55,75,8250
20210121,10:27,229.70,230.20,228.25,228.25,450,8250
20210121,10:28,227.90,227.90,227.90,227.90,525,8250
20210121,10:30,226.65,226.70,226.55,226.55,1425,8475
20210121,10:31,226.60,226.95,226.60,226.95,1125,8475
20210121,10:32,227.95,227.95,227.95,227.95,75,8475
20210121,10:39,230.60,230.60,230.60,230.60,75,8025
20210121,10:41,230.50,230.50,230.50,230.50,75,5775
20210121,10:43,230.50,230.50,230.50,230.50,75,5775
20210121,10:46,230.50,230.50,229.95,229.95,150,5775
20210121,10:48,228.50,228.50,228.50,228.50,75,5775
20210121,10:53,229.40,229.65,229.40,229.65,150,5775
20210121,10:54,229.55,229.55,229.55,229.55,75,5850
20210121,10:55,232.20,232.20,232.20,232.20,150,5850
20210121,11:00,235.00,235.00,235.00,235.00,150,5925
20210121,11:01,234.45,235.00,234.45,235.00,225,5925
20210121,11:02,236.00,236.00,235.45,235.45,300,5775
20210121,11:03,233.40,233.40,233.40,233.40,75,5775
20210121,11:05,234.75,234.80,234.75,234.80,300,5925
20210121,11:08,236.50,236.50,236.50,236.50,75,5925
20210121,11:09,236.50,236.50,236.00,236.00,375,6000
20210121,11:10,238.00,238.00,237.90,237.90,150,6000
20210121,11:11,236.30,236.30,236.30,236.30,75,6075
20210121,11:12,237.90,237.90,237.90,237.90,75,6075
20210121,11:13,236.95,238.55,236.95,238.35,750,6075
20210121,11:14,238.45,238.45,238.45,238.45,75,6075
20210121,11:15,238.45,238.45,238.45,238.45,75,6300
20210121,11:16,238.45,238.45,238.45,238.45,75,6300
20210121,11:17,239.20,239.20,239.20,239.20,75,6300
20210121,11:18,237.80,237.80,237.80,237.80,1500,6450
20210121,11:21,237.70,237.70,237.70,237.70,225,6225
20210121,11:22,237.95,237.95,237.95,237.95,75,6225
20210121,11:24,239.00,239.00,237.50,237.50,375,6300
20210121,11:25,237.00,238.55,237.00,238.55,150,6300
20210121,11:26,237.95,237.95,237.95,237.95,75,6300
20210121,11:28,248.55,248.55,248.55,248.55,450,6900
20210121,11:30,239.00,239.00,239.00,239.00,750,7275
20210121,11:35,238.25,238.40,238.25,238.40,150,7500
20210121,11:37,237.00,237.00,237.00,237.00,225,7500
20210121,11:38,238.90,238.90,238.90,238.90,75,7500
20210121,11:39,237.50,237.95,237.50,237.95,150,7575
20210121,11:40,237.95,238.00,237.95,238.00,300,7575
20210121,11:41,237.95,237.95,236.95,236.95,450,7575
20210121,11:42,235.05,235.05,235.05,235.05,75,8400
20210121,11:43,234.30,234.30,234.30,234.30,75,8400
20210121,11:45,232.15,234.70,232.15,234.70,525,8475
20210121,11:46,234.55,234.55,234.55,234.55,75,8475
20210121,11:47,235.70,236.35,235.70,236.35,150,8475
20210121,11:48,236.45,236.45,236.45,236.45,75,8700
20210121,11:49,238.50,238.50,238.50,238.50,900,8700
20210121,11:52,234.70,234.70,234.70,234.70,75,8925
20210121,11:56,235.35,235.35,235.35,235.35,300,8925
20210121,11:58,234.00,234.00,234.00,234.00,300,9150
20210121,11:59,233.40,233.40,233.40,233.40,900,9150
20210121,12:01,234.95,234.95,234.95,234.95,450,9150
20210121,12:04,231.50,231.50,231.10,231.10,150,9375
20210121,12:05,233.75,233.85,233.75,233.85,150,9375
20210121,12:08,235.60,235.60,235.60,235.60,75,9525
20210121,12:09,234.95,234.95,234.95,234.95,75,9525
20210121,12:10,233.65,233.65,233.65,233.65,450,9525
20210121,12:15,234.40,234.40,234.40,234.40,75,9375
20210121,12:18,235.50,235.50,235.50,235.50,75,9375
20210121,12:19,236.60,236.60,236.60,236.60,75,9450
20210121,12:20,236.30,236.30,236.30,236.30,75,9450
20210121,12:21,236.60,236.60,236.60,236.60,75,9450
20210121,12:23,238.25,238.25,238.25,238.25,75,9450
20210121,12:24,238.30,239.10,237.50,237.50,450,9375
20210121,12:25,239.95,239.95,239.95,239.95,75,9375
20210121,12:26,240.05,240.05,238.20,238.20,225,9375
20210121,12:27,237.60,237.60,237.60,237.60,75,9675
20210121,12:28,238.90,239.05,238.90,239.05,150,9675
20210121,12:32,238.10,238.10,238.10,238.10,75,9675
20210121,12:34,238.00,238.00,238.00,238.00,150,9825
20210121,12:41,235.55,235.55,235.55,235.55,75,9975
20210121,12:42,235.05,237.35,235.05,237.35,150,9975
20210121,12:45,235.75,235.75,235.75,235.75,300,9975
20210121,12:46,234.00,235.10,234.00,235.10,300,9975
20210121,12:47,237.90,237.90,237.90,237.90,300,9975
20210121,12:55,236.00,236.00,236.00,236.00,150,10875
20210121,12:57,237.15,237.15,237.15,237.15,150,10875
20210121,12:59,235.00,235.00,235.00,235.00,375,10875
20210121,13:02,235.85,236.15,235.85,236.15,150,10950
20210121,13:03,237.40,237.40,237.30,237.30,150,11100
20210121,13:11,235.00,235.00,235.00,235.00,75,11175
20210121,13:14,239.00,239.00,239.00,239.00,150,11100
20210121,13:16,237.00,237.00,237.00,237.00,75,11025
20210121,13:19,238.55,238.55,238.55,238.55,300,11025
20210121,13:20,236.05,236.05,236.05,236.05,75,11025
20210121,13:22,237.60,237.60,237.60,237.60,75,11025
20210121,13:25,234.40,234.40,234.40,234.40,75,11025
20210121,13:28,239.00,239.00,239.00,239.00,75,11025
20210121,13:29,240.00,240.00,240.00,240.00,75,11025
20210121,13:30,242.10,242.10,240.60,240.60,225,10875
20210121,13:31,241.70,241.70,241.70,241.70,750,10875
20210121,13:32,240.00,240.00,240.00,240.00,75,10875
20210121,13:33,239.50,239.50,239.40,239.40,150,10875
20210121,13:36,239.00,241.10,239.00,241.10,450,11625
20210121,13:37,240.00,240.00,240.00,240.00,75,11625
20210121,13:39,239.50,239.50,239.50,239.50,75,11475
20210121,13:40,237.90,237.90,237.90,237.90,600,11475
20210121,13:44,239.50,239.80,239.50,239.80,600,10950
20210121,13:45,240.35,240.65,239.65,239.65,600,12075
20210121,13:46,239.75,239.75,239.75,239.75,525,12075
20210121,13:48,239.95,239.95,235.30,235.30,150,11550
20210121,13:49,233.65,233.65,232.40,232.40,2250,11550
20210121,13:50,210.00,232.40,210.00,232.40,1800,11550
20210121,13:51,233.50,233.70,232.15,232.40,975,13950
20210121,13:52,233.95,236.65,233.95,236.65,900,13950
20210121,13:53,233.85,233.85,233.85,233.85,300,13950
20210121,13:54,234.85,234.85,234.85,234.85,75,13875
20210121,13:55,235.30,238.15,235.30,236.15,825,13875
20210121,13:56,239.10,239.10,239.10,239.10,300,13875
20210121,13:57,236.75,236.75,236.75,236.75,375,13875
20210121,13:58,237.40,239.15,237.40,239.15,150,14025
20210121,14:02,233.90,235.90,233.90,235.90,150,14025
20210121,14:03,236.95,236.95,236.95,236.95,75,14025
20210121,14:05,234.20,234.20,234.20,234.20,150,13950
20210121,14:13,226.15,226.30,225.65,226.30,1200,13875
20210121,14:14,226.65,226.75,225.15,225.15,300,13875
20210121,14:15,225.55,225.55,221.75,221.75,150,13500
20210121,14:16,222.15,222.15,222.15,222.15,75,13500
20210121,14:17,230.00,230.00,230.00,230.00,75,13500
20210121,14:18,230.70,230.70,230.70,230.70,225,13500
20210121,14:22,230.00,231.00,230.00,231.00,1125,13725
20210121,14:24,231.20,231.20,230.90,230.90,150,13950
20210121,14:25,230.95,231.50,230.95,231.50,150,13950
20210121,14:26,231.50,232.80,231.50,232.80,1950,13950
20210121,14:27,232.40,232.40,232.00,232.00,150,15900
20210121,14:28,230.25,230.25,230.25,230.25,75,15900
20210121,14:29,229.15,229.15,229.15,229.15,75,15900
20210121,14:33,226.20,226.20,222.15,224.00,2775,16200
20210121,14:35,229.30,229.30,229.00,229.00,150,16200
20210121,14:38,227.40,227.40,225.40,225.40,375,16275
20210121,14:39,225.20,225.20,225.20,225.20,675,16650
20210121,14:41,223.55,223.95,223.55,223.95,225,16650
20210121,14:42,221.85,221.85,217.20,217.30,750,16950
20210121,14:43,212.15,212.15,212.15,212.15,75,16950
20210121,14:44,214.00,216.15,213.50,216.15,3075,16950
20210121,14:45,215.95,215.95,210.05,210.90,5100,16875
20210121,14:46,210.55,215.85,210.55,213.75,4425,16875
20210121,14:47,211.75,211.75,211.55,211.55,1275,16875
20210121,14:48,209.35,209.35,202.30,202.30,2175,17100
20210121,14:49,200.50,200.50,196.30,196.30,375,17100
20210121,14:50,188.85,188.85,185.95,185.95,825,17100
20210121,14:51,185.95,198.85,185.95,196.95,375,17100
20210121,14:52,203.00,208.15,202.75,208.15,2175,16650
20210121,14:53,209.60,215.90,209.60,215.90,2025,16650
20210121,14:54,217.10,244.95,217.10,219.20,1500,16800
20210121,14:55,214.80,214.80,206.65,206.65,1125,16800
20210121,14:56,199.85,205.15,199.85,201.55,1800,16800
20210121,14:58,200.15,200.15,198.00,198.00,300,16425
20210121,14:59,205.05,205.05,205.05,205.05,75,16425
20210121,15:00,208.75,208.75,203.00,203.00,525,18225
20210121,15:01,204.85,205.00,204.85,205.00,150,18225
20210121,15:02,203.45,203.45,203.45,203.45,75,18225
20210121,15:03,198.75,198.75,198.75,198.75,75,18225
20210121,15:04,197.85,197.85,191.00,191.00,225,18450
20210121,15:05,190.00,229.65,180.00,202.60,2175,18450
20210121,15:06,185.65,185.65,177.35,177.35,1500,17475
20210121,15:07,175.05,175.05,171.00,171.00,825,17475
20210121,15:08,171.00,199.00,171.00,190.00,525,17475
20210121,15:09,180.85,180.85,180.85,180.85,75,17475
20210121,15:10,180.00,180.00,180.00,180.00,300,17700
20210121,15:11,171.00,190.00,171.00,190.00,225,17700
20210121,15:12,190.00,190.00,180.00,180.00,525,17700
20210121,15:13,187.30,189.00,187.30,189.00,375,18975
20210121,15:14,188.60,188.60,188.60,188.60,75,18975
20210121,15:15,191.35,193.00,191.35,192.00,450,19575
20210121,15:16,193.00,196.75,193.00,196.75,375,19575
20210121,15:17,195.10,197.35,195.10,197.35,225,19575
20210121,15:18,201.00,201.25,201.00,201.25,150,19575
20210121,15:19,202.00,220.00,202.00,202.70,2175,18975
20210121,15:20,203.15,203.15,203.15,203.15,75,18975
20210121,15:21,193.00,200.55,193.00,197.55,675,18975
20210121,15:24,202.85,202.85,202.80,202.80,150,20700
20210121,15:25,202.45,207.80,195.00,207.80,300,20700
20210121,15:27,202.45,202.45,202.45,202.45,75,20700
20210121,15:29,202.05,202.45,202.05,202.45,300,20625
20210122,09:15,183.95,183.95,118.15,167.00,452,18150
20210122,09:16,168.15,168.15,168.15,168.15,75,18150
20210122,09:17,174.20,174.20,170.00,170.00,225,18300
20210122,09:18,175.05,175.05,175.05,175.05,150,18300
20210122,09:19,179.40,179.40,179.40,179.40,375,18300
20210122,09:20,179.30,179.30,178.40,178.40,1200,18525
20210122,09:21,179.30,179.30,174.85,174.85,1575,18525
20210122,09:22,174.75,176.60,173.35,176.60,2250,18525
20210122,09:23,177.20,177.75,175.35,177.40,2925,19950
20210122,09:24,177.40,179.50,177.40,179.50,7050,19950
20210122,09:25,179.90,181.95,164.60,181.95,7650,19950
20210122,09:26,182.75,182.75,173.55,175.05,8700,22800
20210122,09:27,173.50,175.85,170.75,172.55,4125,22800
20210122,09:28,172.55,172.55,164.90,166.70,3975,22800
20210122,09:29,166.15,166.15,159.65,161.40,3225,21000
20210122,09:30,159.70,160.90,153.90,160.20,11550,21000
20210122,09:31,159.05,160.80,155.15,160.75,2025,21000
20210122,09:32,160.75,160.75,157.25,158.95,1500,20925
20210122,09:33,158.15,160.15,158.15,160.15,675,20925
20210122,09:34,158.00,160.20,155.05,160.20,600,20925
20210122,09:35,161.05,164.25,161.05,162.95,750,21000
20210122,09:36,165.75,167.05,163.55,167.05,525,21000
20210122,09:37,165.75,166.95,165.75,166.95,675,21000
20210122,09:38,168.15,170.10,168.15,170.10,300,21600
20210122,09:39,170.00,170.50,169.40,169.40,1125,21600
20210122,09:40,170.95,173.45,169.75,173.05,1275,21600
20210122,09:41,168.80,168.80,167.55,167.55,300,21750
20210122,09:43,171.00,171.00,171.00,171.00,75,21750
20210122,09:44,170.30,170.30,168.85,168.90,1200,21750
20210122,09:45,171.95,175.00,171.90,175.00,2400,21825
20210122,09:46,175.15,179.55,174.70,174.70,1500,21825
20210122,09:47,173.85,175.00,173.85,175.00,300,21450
20210122,09:49,173.60,176.25,173.60,176.25,300,21450
20210122,09:51,170.90,173.65,170.90,173.65,375,21450
20210122,09:52,175.00,175.00,175.00,175.00,75,21450
20210122,09:55,178.00,178.00,177.65,177.65,150,21375
20210122,09:56,179.10,179.10,179.10,179.10,150,21450
20210122,09:57,177.30,177.30,174.00,174.00,225,21450
20210122,09:58,172.60,172.60,169.00,170.30,300,21450
20210122,10:00,170.30,170.30,170.30,170.30,75,21600
20210122,10:01,168.75,168.75,167.00,167.00,150,21600
20210122,10:03,169.35,169.85,169.35,169.85,225,21600
20210122,10:04,174.35,174.35,174.35,174.35,150,21600
20210122,10:06,168.45,168.55,168.45,168.55,150,21600
20210122,10:07,170.35,170.35,170.35,170.35,75,21600
20210122,10:08,169.70,169.70,169.70,169.70,75,21600
20210122,10:09,169.70,169.70,168.25,168.25,225,21600
20210122,10:10,168.25,168.25,167.00,167.00,150,21600
20210122,10:11,168.70,168.70,168.70,168.70,75,21600
20210122,10:12,171.50,173.00,171.50,173.00,300,21750
20210122,10:13,174.00,179.05,174.00,179.05,300,21750
20210122,10:14,178.10,178.10,177.55,178.00,675,21750
20210122,10:15,179.35,181.10,179.35,181.00,675,21450
20210122,10:16,183.80,185.15,182.00,184.50,1125,21450
20210122,10:17,185.00,185.00,185.00,185.00,75,21450
20210122,10:18,184.25,184.25,181.75,181.75,2250,21825
20210122,10:19,182.00,182.35,180.90,181.00,300,21825
20210122,10:20,180.00,180.55,179.55,179.55,225,22050
20210122,10:21,178.10,178.50,176.10,177.00,1650,22050
20210122,10:22,176.80,177.25,175.05,175.05,300,22050
20210122,10:23,175.30,175.35,166.05,166.20,1875,22425
20210122,10:24,168.60,172.10,168.60,169.65,300,22425
20210122,10:25,166.85,170.65,166.45,169.10,2100,22425
20210122,10:27,171.60,175.00,171.05,171.05,525,22650
20210122,10:28,169.55,169.55,167.35,169.05,600,22650
20210122,10:29,171.75,171.75,171.75,171.75,75,22350
20210122,10:30,169.55,170.55,168.80,170.55,525,22350
20210122,10:31,174.00,174.00,174.00,174.00,75,22350
20210122,10:32,172.80,172.95,172.35,172.95,300,22350
20210122,10:33,174.35,174.80,173.15,173.15,900,22350
20210122,10:34,171.95,172.65,171.95,172.65,300,22350
20210122,10:36,174.10,174.10,174.10,174.10,75,22500
20210122,10:37,172.00,172.00,172.00,172.00,150,22500
20210122,10:39,171.20,171.20,168.60,168.60,225,22425
20210122,10:40,169.65,171.45,169.65,171.45,225,22425
20210122,10:41,171.45,171.45,171.45,171.45,75,22425
20210122,10:42,169.05,169.50,169.05,169.50,150,22650
20210122,10:43,169.75,169.75,169.75,169.75,150,22650
20210122,10:44,170.40,170.40,170.40,170.40,75,22500
20210122,10:45,168.80,168.80,168.80,168.80,75,22500
20210122,10:46,165.90,166.45,165.90,166.45,300,22500
20210122,10:47,168.70,169.80,168.55,168.75,375,22500
20210122,10:48,167.80,168.50,167.80,168.50,225,23025
20210122,10:51,167.10,167.10,167.00,167.00,150,22950
20210122,10:52,166.55,166.55,165.25,165.25,375,22950
20210122,10:53,167.15,167.55,166.25,167.55,1125,22725
20210122,10:54,169.60,169.60,169.60,169.60,75,22725
20210122,10:55,169.55,169.55,167.65,167.65,1950,22725
20210122,10:56,167.80,167.80,166.95,166.95,150,22725
20210122,10:57,162.55,163.85,160.80,163.85,600,23550
20210122,10:58,162.10,162.10,162.10,162.10,75,23550
20210122,10:59,161.75,161.75,160.75,161.55,225,23250
20210122,11:00,160.90,160.90,156.65,158.40,1050,23250
20210122,11:01,156.90,158.70,156.90,158.45,525,23250
20210122,11:02,159.05,159.50,159.05,159.50,150,23250
20210122,11:03,158.00,160.00,158.00,160.00,1725,23175
20210122,11:05,159.70,159.85,159.70,159.85,150,24075
20210122,11:06,156.90,156.90,156.90,156.90,75,24075
20210122,11:07,156.70,156.70,151.75,152.70,2250,24075
20210122,11:08,150.75,155.60,150.00,155.60,2625,24675
20210122,11:09,154.35,154.35,148.10,150.90,1275,24675
20210122,11:10,149.90,149.90,144.15,147.85,5250,24675
20210122,11:11,148.85,151.15,148.80,150.45,2400,23250
20210122,11:12,149.70,150.05,148.30,149.90,825,23250
20210122,11:13,148.55,150.05,148.55,150.00,1050,23250
20210122,11:14,149.25,149.25,147.40,147.85,675,24075
20210122,11:15,148.00,148.00,144.25,145.75,825,24075
20210122,11:16,145.75,145.75,141.00,141.40,3600,24075
20210122,11:17,140.80,141.15,139.10,140.05,3075,23550
20210122,11:18,145.40,145.40,142.05,142.05,900,23550
20210122,11:19,140.35,142.10,140.15,140.15,450,23550
20210122,11:20,138.85,145.15,138.50,144.05,3300,23550
20210122,11:21,141.30,142.30,140.15,140.35,1575,24075
20210122,11:22,140.00,140.05,136.25,138.10,1650,24075
20210122,11:23,138.85,140.30,138.85,140.30,525,24075
20210122,11:24,138.45,140.15,137.10,139.15,3525,23550
20210122,11:25,137.60,139.40,137.60,138.55,375,23550
20210122,11:26,139.30,143.45,139.30,142.25,3825,23775
20210122,11:27,145.95,150.35,145.95,147.25,2325,23775
20210122,11:28,146.65,148.75,146.05,148.70,450,23775
20210122,11:29,148.70,148.70,148.70,148.70,75,23775
20210122,11:30,144.50,144.50,142.00,142.00,600,24225
20210122,11:31,142.70,145.25,141.95,145.25,825,24225
20210122,11:32,147.30,148.55,147.30,147.30,675,24225
20210122,11:33,147.20,147.40,145.75,146.15,1125,23250
20210122,11:34,146.55,149.00,146.55,149.00,225,23250
20210122,11:35,150.70,153.35,150.40,153.35,1500,23700
20210122,11:36,154.50,155.30,152.30,152.30,525,23700
20210122,11:37,152.70,152.70,149.75,151.15,975,23700
20210122,11:38,151.15,151.15,151.15,151.15,75,23700
20210122,11:39,145.70,146.95,145.70,146.95,225,23100
20210122,11:40,146.05,146.75,142.55,146.75,525,23100
20210122,11:41,143.65,144.20,143.65,144.20,225,23100
20210122,11:43,145.30,147.75,144.40,146.85,750,23325
20210122,11:44,149.00,150.10,147.75,149.35,525,23325
20210122,11:45,145.00,148.15,144.50,148.15,225,22950
20210122,11:46,147.85,147.85,147.85,147.85,75,22950
20210122,11:47,145.05,145.40,145.05,145.40,150,22950
20210122,11:48,144.35,144.65,144.35,144.65,150,23325
20210122,11:50,146.80,146.80,146.80,146.80,75,23325
20210122,11:51,148.85,148.85,148.85,148.85,225,23175
20210122,11:53,148.25,148.95,148.25,148.95,225,23175
20210122,11:54,149.65,151.40,149.65,151.40,450,23100
20210122,11:55,151.30,151.85,151.30,151.85,225,23100
20210122,11:57,149.25,150.25,149.25,150.25,150,23025
20210122,11:58,151.65,151.65,151.65,151.65,75,23025
20210122,11:59,156.85,156.85,156.85,156.85,750,23025
20210122,12:00,150.85,150.85,150.85,150.85,75,22875
20210122,12:01,149.25,149.50,149.25,149.50,150,22875
20210122,12:02,148.80,151.70,148.65,149.15,450,22875
20210122,12:05,150.30,150.30,150.30,150.30,75,22950
20210122,12:06,147.95,147.95,147.95,147.95,225,22950
20210122,12:07,148.90,148.90,148.90,148.90,150,22950
20210122,12:08,148.95,148.95,148.95,148.95,75,22950
20210122,12:09,146.95,147.80,146.95,147.65,825,22725
20210122,12:10,145.30,146.75,145.25,146.75,450,22725
20210122,12:11,147.45,147.95,145.55,145.55,375,22725
20210122,12:12,147.00,147.00,147.00,147.00,75,23250
20210122,12:13,148.05,149.50,148.05,149.10,450,23250
20210122,12:14,149.40,149.40,149.40,149.40,150,23250
20210122,12:16,147.40,147.40,146.10,146.10,225,23250
20210122,12:17,145.75,145.75,145.40,145.40,825,23250
20210122,12:18,148.25,148.25,148.25,148.25,150,23775
20210122,12:19,149.15,149.15,147.60,147.60,300,23775
20210122,12:21,145.55,145.55,145.55,145.55,75,23775
20210122,12:22,149.00,149.00,149.00,149.00,75,23775
20210122,12:23,148.85,149.50,148.85,149.50,825,23775
20210122,12:25,149.50,151.05,149.50,151.05,225,23325
20210122,12:26,148.05,148.05,148.05,148.05,75,23325
20210122,12:27,147.65,147.65,147.65,147.65,75,23325
20210122,12:29,145.55,145.55,145.55,145.55,75,23100
20210122,12:30,145.75,145.75,145.75,145.75,300,23250
20210122,12:31,146.60,146.60,145.90,145.90,375,23250
20210122,12:32,147.10,147.85,147.10,147.85,225,23250
20210122,12:33,146.70,146.70,146.70,146.70,150,23400
20210122,12:34,144.10,144.10,144.10,144.10,150,23400
20210122,12:35,142.80,142.80,142.80,142.80,75,23400
20210122,12:36,140.70,144.50,140.70,144.50,1125,23625
20210122,12:37,143.05,143.05,141.55,141.55,300,23625
20210122,12:38,140.65,140.65,139.70,139.70,225,23625
20210122,12:39,142.30,142.30,142.30,142.30,75,23400
20210122,12:40,139.40,139.40,138.90,139.25,450,23400
20210122,12:41,139.10,139.10,135.95,135.95,225,23400
20210122,12:42,135.05,138.20,135.05,138.20,600,23325
20210122,12:43,137.25,137.25,137.25,137.25,300,23325
20210122,12:44,138.85,139.30,138.30,138.60,450,23325
20210122,12:45,137.20,137.20,135.00,137.05,1725,23175
20210122,12:46,139.95,144.40,139.95,141.65,3225,23175
20210122,12:47,142.50,143.75,141.65,143.70,1275,23175
20210122,12:48,143.40,144.10,143.30,144.10,375,23250
20210122,12:49,145.35,145.60,144.45,144.45,525,23250
20210122,12:50,143.50,143.50,141.35,142.10,1275,23250
20210122,12:51,139.40,140.95,139.40,140.95,375,24225
20210122,12:52,139.75,139.75,138.20,138.20,450,24225
20210122,12:53,140.00,140.00,137.95,138.10,1200,24225
20210122,12:54,137.95,138.85,132.70,134.10,1200,24075
20210122,12:55,136.35,136.65,131.75,132.55,1425,24075
20210122,12:56,134.55,134.55,131.80,133.30,1125,24075
20210122,12:57,132.30,134.00,131.85,133.30,750,24000
20210122,12:58,132.05,132.25,131.55,132.25,225,24000
20210122,12:59,131.70,131.70,127.95,130.30,375,24000
20210122,13:00,127.00,128.95,127.00,127.50,750,23775
20210122,13:01,127.45,130.85,126.95,130.85,900,23775
20210122,13:02,127.65,129.25,127.65,129.25,225,23775
20210122,13:03,130.15,130.15,130.15,130.15,75,23775
20210122,13:05,130.95,132.10,130.65,132.10,1125,24525
20210122,13:06,129.50,130.60,128.75,130.60,375,24225
20210122,13:07,129.60,132.00,129.60,132.00,150,24225
20210122,13:08,133.15,133.15,132.85,132.85,150,24225
20210122,13:09,131.70,131.70,129.20,129.20,300,24225
20210122,13:10,127.90,128.60,127.90,128.60,150,24300
20210122,13:11,130.60,130.60,127.90,127.90,600,24300
20210122,13:12,126.90,128.50,126.90,128.50,1125,23925
20210122,13:13,129.55,129.55,129.55,129.55,75,23925
20210122,13:14,127.55,128.00,127.50,127.55,600,23925
20210122,13:15,125.95,129.45,125.00,129.45,1125,23550
20210122,13:16,129.25,129.45,128.00,128.95,900,23550
20210122,13:17,130.00,131.70,129.45,131.70,450,23550
20210122,13:18,130.40,132.50,130.40,132.50,225,24225
20210122,13:19,133.40,133.40,133.40,133.40,75,24225
20210122,13:20,134.30,136.10,134.30,135.70,375,24225
20210122,13:21,135.25,136.00,135.25,135.25,600,24225
20210122,13:22,132.50,132.50,132.50,132.50,75,24225
20210122,13:23,129.75,130.55,129.05,130.55,450,24225
20210122,13:25,130.00,130.00,130.00,130.00,75,24150
20210122,13:26,133.15,133.55,133.15,133.55,375,24150
20210122,13:27,134.65,135.85,134.65,135.85,225,23775
20210122,13:28,134.25,134.25,132.90,133.15,450,23775
20210122,13:30,131.35,132.85,131.35,132.85,300,24000
20210122,13:31,130.35,130.35,125.90,126.05,975,24000
20210122,13:32,127.50,127.60,127.50,127.60,375,24000
20210122,13:33,130.50,130.50,129.15,129.15,150,24375
20210122,13:34,132.25,132.25,132.25,132.25,75,24375
20210122,13:36,131.35,131.35,130.70,130.70,375,24300
20210122,13:37,128.85,128.85,128.85,128.85,75,24300
20210122,13:39,125.00,125.40,125.00,125.40,525,24450
20210122,13:40,124.20,124.20,120.00,120.00,750,24450
20210122,13:41,123.95,124.05,123.50,123.70,375,24450
20210122,13:42,119.00,121.80,119.00,121.80,375,24600
20210122,13:43,122.05,122.05,122.05,122.05,75,24600
20210122,13:44,126.05,126.05,126.05,126.05,75,24600
20210122,13:45,124.15,124.15,124.15,124.15,75,24600
20210122,13:46,128.00,128.30,127.75,128.30,450,24675
20210122,13:47,128.20,128.20,127.80,127.80,150,24675
20210122,13:48,127.60,128.30,127.60,128.30,225,24825
20210122,13:49,123.70,123.70,120.00,120.00,150,24825
20210122,13:50,119.95,119.95,119.95,119.95,75,24825
20210122,13:51,123.85,123.85,121.30,121.60,300,24750
20210122,13:52,119.05,120.45,119.05,120.00,525,24750
20210122,13:54,122.20,122.20,122.20,122.20,75,24750
20210122,13:55,121.35,121.35,121.35,121.35,75,24825
20210122,13:56,123.55,124.05,123.55,123.90,1350,24825
20210122,13:57,124.75,124.75,124.00,124.00,150,24825
20210122,13:58,123.15,123.15,121.10,122.60,750,25425
20210122,13:59,121.45,121.45,121.45,121.45,150,25425
20210122,14:00,122.50,123.20,122.50,123.05,300,25500
20210122,14:01,124.50,124.70,124.50,124.70,375,25500
20210122,14:04,126.15,126.15,126.15,126.15,150,25425
20210122,14:05,130.85,134.65,129.95,133.70,1875,25425
20210122,14:06,135.20,136.65,134.60,136.65,1125,25650
20210122,14:07,131.85,132.05,127.15,129.90,825,25650
20210122,14:08,127.50,131.15,125.95,131.15,1650,25650
20210122,14:09,129.95,131.05,129.95,130.20,375,26325
20210122,14:10,129.05,129.85,125.75,125.75,300,26325
20210122,14:11,125.15,128.45,125.15,128.45,300,26325
20210122,14:12,128.90,128.90,123.65,123.65,375,26325
20210122,14:15,132.10,132.10,132.10,132.10,75,26550
20210122,14:16,131.70,132.50,131.70,132.50,225,26550
20210122,14:17,128.00,128.00,128.00,128.00,150,26550
20210122,14:18,128.10,128.10,128.10,128.10,75,26625
20210122,14:19,129.80,129.80,129.80,129.80,75,26625
20210122,14:20,130.65,130.65,129.75,130.65,375,26625
20210122,14:21,131.95,131.95,131.95,131.95,75,26625
20210122,14:23,130.05,130.95,130.05,130.95,300,26025
20210122,14:24,132.50,132.50,132.00,132.00,150,26325
20210122,14:25,132.25,133.65,132.25,133.65,300,26325
20210122,14:26,133.35,136.60,133.35,136.60,525,26325
20210122,14:27,135.80,138.50,135.80,136.20,1725,25350
20210122,14:28,135.00,136.10,134.95,135.65,2775,25350
20210122,14:29,135.70,136.55,134.70,135.90,1650,25350
20210122,14:30,136.60,142.75,136.60,140.15,1950,27450
20210122,14:31,140.25,140.40,138.20,138.50,600,27450
20210122,14:32,139.10,140.95,136.70,136.70,1050,27450
20210122,14:33,137.10,137.95,137.10,137.70,450,27450
20210122,14:34,137.50,137.50,134.25,134.25,600,27600
20210122,14:35,132.70,132.70,121.90,126.05,4275,27600
20210122,14:36,127.10,128.30,126.10,126.10,750,27975
20210122,14:37,128.05,129.55,126.40,127.70,900,27975
20210122,14:38,129.20,130.80,129.20,130.15,300,27975
20210122,14:39,130.25,130.25,127.90,128.90,375,28125
20210122,14:40,129.20,132.00,129.20,132.00,225,28125
20210122,14:41,132.70,132.70,128.65,129.30,1275,28125
20210122,14:42,129.25,129.25,127.30,129.00,1125,28350
20210122,14:43,125.55,125.55,125.00,125.00,225,28350
20210122,14:44,127.15,127.15,127.15,127.15,150,28350
20210122,14:45,125.95,125.95,125.95,125.95,75,28350
20210122,14:46,127.40,127.40,125.95,125.95,450,28275
20210122,14:48,126.00,126.00,126.00,126.00,75,28275
20210122,14:50,130.40,131.05,126.00,126.00,1800,28200
20210122,14:51,127.95,128.00,127.00,128.00,825,28500
20210122,14:53,125.80,126.10,125.80,126.10,150,28500
20210122,14:55,124.00,124.95,122.85,124.95,1125,28575
20210122,14:56,127.00,127.30,127.00,127.30,675,28575
20210122,14:57,126.30,128.70,126.30,128.70,375,30375
20210122,14:59,125.00,125.00,125.00,125.00,75,30375
20210122,15:00,125.00,125.15,117.00,117.00,1500,30450
20210122,15:01,115.00,118.30,114.70,114.75,825,30450
20210122,15:02,115.75,115.75,112.85,112.85,525,30450
20210122,15:03,112.00,113.00,110.00,113.00,1050,30450
20210122,15:04,111.05,113.20,111.05,111.85,300,29700
20210122,15:05,111.00,114.60,111.00,114.25,975,29700
20210122,15:06,110.60,114.55,110.60,114.55,450,30375
20210122,15:07,113.75,114.00,113.55,113.55,225,30375
20210122,15:08,114.15,114.15,113.95,113.95,150,30375
20210122,15:09,114.90,114.90,114.90,114.90,75,30375
20210122,15:10,114.90,114.90,114.90,114.90,75,30525
20210122,15:11,113.00,113.60,113.00,113.10,900,30525
20210122,15:12,113.00,113.00,110.40,111.85,825,30975
20210122,15:13,111.85,111.85,111.65,111.65,300,30975
20210122,15:14,111.85,111.85,110.00,110.00,900,30975
20210122,15:15,111.90,112.65,111.90,112.65,150,30975
20210122,15:16,112.20,112.20,112.20,112.20,75,30600
20210122,15:17,110.95,111.00,110.95,111.00,375,30600
20210122,15:19,112.15,112.15,112.15,112.15,75,30750
20210122,15:20,112.25,112.25,111.55,111.55,600,30750
20210122,15:21,111.55,111.55,109.80,109.80,3600,28500
20210122,15:22,109.80,109.80,109.00,109.00,1200,28500
20210122,15:23,109.00,109.00,109.00,109.00,75,28500
20210122,15:25,109.75,110.20,108.35,108.35,1125,28725
20210122,15:26,107.65,107.65,107.15,107.15,825,28725
20210122,15:27,107.15,107.30,107.15,107.30,225,29025
20210122,15:28,107.30,107.30,106.65,106.65,600,29025
20210122,15:29,106.65,106.65,106.40,106.40,300,29025
20210125,09:15,118.10,130.00,118.10,130.00,226,28800
20210125,09:16,133.75,133.75,120.70,128.85,375,28800
20210125,09:17,125.60,125.60,122.15,122.15,225,28800
20210125,09:18,121.10,121.10,120.00,120.55,300,28800
20210125,09:19,117.55,118.95,117.20,118.95,525,28800
20210125,09:20,120.10,125.00,120.10,121.60,1725,29175
20210125,09:21,123.35,125.40,122.90,123.00,1800,29175
20210125,09:22,123.30,126.20,123.30,125.40,2025,29175
20210125,09:23,123.80,124.25,121.80,122.85,825,30600
20210125,09:24,122.80,124.10,121.75,121.75,1125,30600
20210125,09:25,121.45,124.55,121.45,123.25,900,30600
20210125,09:26,123.30,125.00,122.90,124.60,1500,31050
20210125,09:27,125.25,125.90,124.50,125.05,1650,31050
20210125,09:28,125.05,125.05,120.75,122.25,1425,31050
20210125,09:29,123.55,123.55,121.90,122.05,825,30075
20210125,09:30,123.30,125.05,120.30,122.00,3675,30075
20210125,09:31,124.25,125.00,122.10,122.10,1950,30075
20210125,09:32,122.00,122.40,120.90,122.40,450,30150
20210125,09:33,120.35,121.15,118.45,119.25,1200,30150
20210125,09:34,121.25,121.25,121.25,121.25,75,30150
20210125,09:35,119.85,122.05,119.85,121.50,525,30000
20210125,09:36,118.40,118.60,118.40,118.60,225,30000
20210125,09:37,119.00,119.00,115.50,115.50,675,30000
20210125,09:38,115.50,115.50,110.50,110.50,1350,30225
20210125,09:39,114.00,114.15,111.55,111.55,825,30225
20210125,09:40,110.65,110.65,101.35,101.35,900,30225
20210125,09:41,100.55,107.55,100.55,106.55,3000,30600
20210125,09:42,103.35,104.65,92.45,92.45,2250,30600
20210125,09:43,91.00,94.95,90.75,94.20,1950,30600
20210125,09:44,95.00,98.40,93.30,95.45,2325,30150
20210125,09:45,94.80,94.80,88.00,88.00,2250,30150
20210125,09:46,85.85,87.60,81.45,87.60,2775,30150
20210125,09:47,87.50,88.75,87.50,88.45,825,31575
20210125,09:48,88.70,88.70,82.00,82.75,3600,31575
20210125,09:49,82.80,83.45,80.60,83.45,1425,31575
20210125,09:50,82.75,93.00,82.75,93.00,1950,31725
20210125,09:51,92.95,95.35,92.05,94.50,1425,31725
20210125,09:52,95.55,96.30,94.00,94.50,1650,31725
20210125,09:53,94.70,96.35,93.25,95.05,1575,31950
20210125,09:54,94.15,94.25,92.85,92.95,1875,31950
20210125,09:55,91.55,91.55,86.25,87.15,1125,31950
20210125,09:56,89.40,91.25,89.10,90.75,825,31725
20210125,09:57,91.95,92.35,89.85,92.35,750,31725
20210125,09:58,92.30,93.60,92.30,93.00,750,31725
20210125,09:59,92.85,93.55,91.35,93.50,750,32025
20210125,10:00,94.60,94.60,92.65,93.90,975,32025
20210125,10:01,94.60,94.60,93.25,93.70,975,32025
20210125,10:02,93.05,96.15,93.00,96.15,2925,33075
20210125,10:03,96.30,100.05,96.30,100.05,1275,33075
20210125,10:04,99.75,100.85,99.30,99.95,975,33075
20210125,10:05,99.95,101.00,99.90,101.00,1425,34350
20210125,10:06,101.45,104.95,101.45,104.95,1500,34350
20210125,10:07,106.80,108.15,104.55,106.40,2025,34350
20210125,10:08,102.80,104.50,100.80,103.75,1500,34350
20210125,10:09,103.05,103.05,96.05,96.05,900,34350
20210125,10:10,98.55,102.00,97.75,97.75,975,34350
20210125,10:11,98.85,101.30,98.85,100.65,825,34575
20210125,10:12,102.45,103.80,102.45,103.80,900,34575
20210125,10:13,106.20,106.20,104.85,105.10,225,34575
20210125,10:14,105.15,105.15,102.95,102.95,150,35325
20210125,10:15,104.00,106.00,104.00,106.00,225,35325
20210125,10:16,106.40,106.95,106.40,106.95,375,35325
20210125,10:17,109.95,109.95,108.55,109.45,375,35100
20210125,10:18,107.85,107.85,105.55,107.15,450,35100
20210125,10:19,107.20,108.35,105.75,108.35,2400,35100
20210125,10:20,108.55,109.30,108.40,109.30,375,35325
20210125,10:21,109.95,110.50,109.30,110.25,675,35325
20210125,10:22,108.55,109.00,108.40,108.40,300,35325
20210125,10:23,108.40,108.40,108.40,108.40,75,35550
20210125,10:24,109.00,110.00,109.00,109.50,375,35550
20210125,10:26,109.55,109.55,107.45,107.45,150,34800
20210125,10:28,106.85,106.85,105.00,105.00,300,34800
20210125,10:29,108.45,109.25,108.45,109.25,225,34800
20210125,10:30,110.00,114.80,110.00,114.80,900,34800
20210125,10:31,115.00,115.00,113.55,113.55,600,34800
20210125,10:32,115.00,115.30,115.00,115.00,225,34500
20210125,10:33,115.00,115.00,115.00,115.00,75,34500
20210125,10:34,115.00,115.00,114.50,114.50,150,34500
20210125,10:35,116.00,116.00,114.20,114.20,150,34425
20210125,10:36,113.35,113.75,113.10,113.15,750,34425
20210125,10:37,113.00,116.00,112.90,115.60,525,34425
20210125,10:38,115.60,115.70,114.50,115.30,825,34275
20210125,10:40,116.45,116.45,110.70,110.70,1950,34275
20210125,10:41,110.80,110.80,109.20,110.60,225,34875
20210125,10:42,110.05,110.60,110.05,110.60,225,34875
20210125,10:43,110.70,110.70,110.70,110.70,75,34875
20210125,10:44,109.00,109.00,105.90,105.90,600,34875
20210125,10:45,104.05,104.05,101.75,101.75,375,35250
20210125,10:46,102.55,106.35,101.30,105.15,1275,35250
20210125,10:47,104.70,104.70,104.70,104.70,75,35250
20210125,10:48,106.80,110.75,106.80,110.75,1275,35475
20210125,10:49,110.20,110.20,109.50,109.50,300,35475
20210125,10:50,110.00,110.00,110.00,110.00,225,35475
20210125,10:51,111.65,111.65,111.65,111.65,75,35325
20210125,10:52,111.65,111.65,111.60,111.60,225,35325
20210125,10:53,109.60,109.60,109.60,109.60,75,35025
20210125,10:54,109.60,109.60,109.60,109.60,75,35025
20210125,10:55,110.40,111.15,108.90,108.90,525,35025
20210125,10:56,104.60,107.45,104.60,107.45,150,34725
20210125,10:57,109.95,109.95,109.30,109.30,150,34725
20210125,11:00,111.85,111.85,110.70,110.70,225,34350
20210125,11:01,111.00,111.00,111.00,111.00,75,34350
20210125,11:02,108.55,108.55,108.55,108.55,300,34350
20210125,11:04,110.05,110.15,109.70,109.70,1050,34650
20210125,11:05,110.60,112.00,110.45,110.45,525,34650
20210125,11:06,109.00,109.00,109.00,109.00,525,34350
20210125,11:07,108.95,109.25,108.95,109.25,150,34350
20210125,11:08,108.65,108.65,108.65,108.65,75,34350
20210125,11:10,111.50,111.50,109.75,110.00,450,34800
20210125,11:13,110.10,110.65,110.10,110.65,150,34725
20210125,11:16,109.65,109.65,105.50,105.65,1050,34575
20210125,11:17,102.85,107.30,102.85,107.30,600,34575
20210125,11:18,106.10,107.20,104.50,104.95,975,35250
20210125,11:19,103.00,103.00,102.00,102.00,1200,35250
20210125,11:20,102.70,102.70,102.55,102.55,225,35700
20210125,11:21,101.70,103.40,99.50,99.50,1200,35700
20210125,11:22,99.40,100.70,99.40,100.70,150,35700
20210125,11:23,103.00,103.95,102.45,102.90,975,36450
20210125,11:24,100.00,100.50,99.70,99.70,225,36450
20210125,11:25,101.10,102.80,100.65,102.80,600,36450
20210125,11:26,102.55,104.45,102.00,104.45,600,36450
20210125,11:27,102.00,102.00,101.10,101.10,150,36450
20210125,11:28,103.45,103.60,102.60,102.60,675,36450
20210125,11:29,104.30,105.00,104.30,105.00,675,36150
20210125,11:30,104.90,105.30,104.90,105.30,150,36150
20210125,11:32,104.15,104.15,103.70,103.70,225,36150
20210125,11:33,102.20,104.00,102.20,104.00,375,36000
20210125,11:34,102.70,103.35,102.70,103.35,675,36000
20210125,11:35,105.25,105.55,104.40,105.55,300,36000
20210125,11:36,105.35,105.55,105.15,105.15,300,36075
20210125,11:37,103.40,103.40,103.40,103.40,75,36075
20210125,11:38,103.35,103.75,103.35,103.75,150,36075
20210125,11:42,103.25,103.25,103.25,103.25,75,36000
20210125,11:43,103.40,103.65,103.40,103.65,375,36000
20210125,11:45,100.35,101.20,95.60,100.50,4800,36075
20210125,11:46,100.75,102.25,100.50,102.10,600,36075
20210125,11:47,102.10,102.75,99.70,100.00,1875,36075
20210125,11:48,100.15,100.85,99.75,100.85,975,37650
20210125,11:49,103.00,103.00,100.60,100.60,1725,37650
20210125,11:50,99.35,99.65,99.00,99.40,450,37650
20210125,11:51,98.50,98.50,97.45,97.45,900,36675
20210125,11:52,99.00,99.75,99.00,99.75,150,36675
20210125,11:53,100.00,100.85,100.00,100.00,300,36675
20210125,11:54,99.30,99.30,99.00,99.00,150,36450
20210125,11:55,98.30,98.30,97.95,97.95,300,36450
20210125,11:56,98.75,98.75,98.75,98.75,75,36450
20210125,11:57,97.35,97.95,96.95,97.95,300,36225
20210125,11:58,97.95,98.50,97.50,98.50,675,36225
20210125,12:00,98.15,98.35,97.00,97.00,975,35925
20210125,12:01,98.50,98.75,98.50,98.65,300,35925
20210125,12:02,98.80,98.80,98.05,98.05,1125,35925
20210125,12:03,101.00,101.00,101.00,101.00,150,34350
20210125,12:05,99.75,99.75,99.00,99.00,6225,34350
20210125,12:06,98.45,99.65,98.45,99.65,4725,39975
20210125,12:08,99.30,99.90,98.90,99.80,1725,39975
20210125,12:09,101.00,101.00,100.05,100.05,600,43125
20210125,12:10,99.35,99.40,98.90,98.90,225,43125
20210125,12:11,99.95,99.95,99.50,99.50,150,43125
20210125,12:13,101.50,102.85,101.50,102.75,375,42900
20210125,12:14,101.35,101.35,101.35,101.35,75,42900
20210125,12:15,100.70,100.70,99.95,100.00,975,42375
20210125,12:16,100.00,100.25,99.70,100.25,600,42375
20210125,12:17,100.15,101.20,100.15,101.20,225,42375
20210125,12:18,101.85,102.60,101.35,102.60,300,36975
20210125,12:19,102.65,102.65,102.65,102.65,75,36975
20210125,12:20,103.70,103.70,103.70,103.70,75,36975
20210125,12:21,103.35,103.50,103.35,103.50,150,37125
20210125,12:22,104.35,104.35,103.75,103.80,225,37125
20210125,12:23,103.30,103.30,103.00,103.00,300,37125
20210125,12:24,102.75,102.75,102.75,102.75,75,37275
20210125,12:26,103.30,105.15,103.30,105.15,825,37275
20210125,12:27,106.50,106.50,106.05,106.05,3075,37125
20210125,12:28,106.35,106.35,105.15,105.15,150,37125
20210125,12:29,102.80,102.80,100.25,100.40,3600,37125
20210125,12:30,103.25,103.25,103.25,103.25,150,37950
20210125,12:32,104.00,106.65,104.00,106.65,225,37950
20210125,12:33,108.00,108.00,107.75,107.75,150,38025
20210125,12:34,106.95,107.15,106.95,107.15,375,38025
20210125,12:35,108.40,108.50,107.45,107.45,1575,38025
20210125,12:36,105.95,106.45,105.65,105.65,300,38325
20210125,12:38,103.95,103.95,103.95,103.95,75,38325
20210125,12:39,105.00,105.80,105.00,105.80,375,37950
20210125,12:40,105.90,109.00,105.90,109.00,2700,37950
20210125,12:41,108.40,108.85,108.40,108.85,5025,37950
20210125,12:42,109.40,110.20,108.90,110.15,1275,41550
20210125,12:43,108.85,108.85,108.85,108.85,150,41550
20210125,12:44,107.25,107.35,107.25,107.35,150,41550
20210125,12:45,107.00,107.65,106.80,107.65,225,41325
20210125,12:46,108.80,108.80,108.80,108.80,150,41325
20210125,12:48,106.35,106.35,102.85,104.00,6075,41175
20210125,12:49,103.05,103.65,103.05,103.65,150,41175
20210125,12:50,103.75,105.20,103.75,105.00,600,41175
20210125,12:54,106.70,106.70,106.70,106.70,75,39450
20210125,12:55,108.05,108.80,107.50,108.00,450,39450
20210125,12:58,110.00,110.00,110.00,110.00,75,38025
20210125,12:59,108.60,108.60,108.60,108.60,150,38025
20210125,13:00,109.60,111.25,109.60,111.25,525,37800
20210125,13:01,108.05,108.05,107.70,107.70,600,37800
20210125,13:02,105.90,105.90,105.90,105.90,75,37800
20210125,13:05,110.55,110.55,110.00,110.00,225,37950
20210125,13:06,111.25,111.25,110.25,110.25,525,37875
20210125,13:07,110.85,110.90,109.60,110.45,900,37875
20210125,13:08,111.30,111.30,110.00,110.00,450,37875
20210125,13:10,111.45,111.55,111.45,111.45,225,38850
20210125,13:11,112.45,113.45,111.70,112.00,4950,38850
20210125,13:12,112.30,114.00,112.30,113.95,825,40575
20210125,13:13,113.30,113.30,113.30,113.30,150,40575
20210125,13:14,111.90,111.90,111.90,111.90,75,40575
20210125,13:15,115.00,115.30,113.45,113.45,975,41025
20210125,13:16,113.35,113.35,113.35,113.35,75,41025
20210125,13:17,111.90,111.90,111.15,111.15,150,41025
20210125,13:18,110.05,110.05,110.05,110.05,75,40650
20210125,13:19,109.30,109.30,108.95,108.95,4125,40650
20210125,13:20,109.60,109.60,107.90,108.30,375,40650
20210125,13:21,108.00,108.80,106.65,108.80,2025,39600
20210125,13:22,108.15,110.25,108.15,110.25,375,39600
20210125,13:23,109.75,109.75,109.75,109.75,75,39600
20210125,13:25,113.50,113.50,112.75,112.75,225,40125
20210125,13:27,113.00,113.95,113.00,113.45,225,38325
20210125,13:28,113.15,114.05,112.75,114.05,300,38325
20210125,13:29,112.90,112.90,112.00,112.00,150,38325
20210125,13:31,110.45,110.45,110.05,110.05,225,38325
20210125,13:34,108.00,108.00,104.45,107.70,900,38250
20210125,13:35,106.00,106.80,104.60,106.80,675,38250
20210125,13:37,105.90,105.90,105.90,105.90,75,38775
20210125,13:38,105.60,105.60,104.45,104.45,300,38775
20210125,13:39,103.50,103.70,102.90,103.70,225,38925
20210125,13:40,105.75,105.75,105.75,105.75,75,38925
20210125,13:41,107.10,107.10,105.00,105.00,300,38925
20210125,13:42,101.10,101.10,101.10,101.10,75,38925
20210125,13:43,100.15,100.45,100.05,100.45,600,39150
20210125,13:44,99.90,99.90,99.20,99.20,225,39150
20210125,13:45,98.00,98.20,97.20,97.20,375,38850
20210125,13:46,95.90,97.25,95.25,97.25,1350,38850
20210125,13:47,96.00,100.00,96.00,98.05,1950,38850
20210125,13:48,97.75,98.40,97.40,98.10,825,39600
20210125,13:49,98.40,98.40,97.95,98.00,450,39600
20210125,13:50,97.35,99.25,97.35,98.85,900,39600
20210125,13:51,100.25,101.45,100.25,101.25,3900,40275
20210125,13:52,102.70,103.30,102.00,102.00,450,40275
20210125,13:53,102.10,102.10,100.85,100.85,150,40275
20210125,13:54,101.15,101.15,101.00,101.00,150,42600
20210125,13:55,101.25,102.50,101.25,102.50,300,42600
20210125,13:57,100.00,100.00,100.00,100.00,4125,42600
20210125,13:58,100.20,100.20,99.70,99.70,150,41775
20210125,13:59,100.50,100.50,99.80,99.80,150,41775
20210125,14:00,100.50,101.00,100.50,101.00,150,41775
20210125,14:01,101.95,103.45,101.95,103.45,375,39825
20210125,14:02,103.25,103.25,103.00,103.00,150,39825
20210125,14:03,101.95,102.20,100.15,100.15,450,39525
20210125,14:04,99.50,99.50,93.15,93.15,1050,39525
20210125,14:05,93.15,93.15,89.30,90.25,2325,39525
20210125,14:06,90.25,91.80,90.25,90.95,975,40425
20210125,14:07,90.40,90.40,88.05,88.05,825,40425
20210125,14:08,89.00,89.00,86.30,87.55,1425,40425
20210125,14:09,87.30,89.55,87.30,89.55,1725,40200
20210125,14:10,89.00,89.25,87.70,88.00,975,40200
20210125,14:11,85.55,87.40,85.50,85.85,1125,40200
20210125,14:12,84.55,84.55,83.65,83.65,600,40650
20210125,14:13,83.50,87.40,83.50,86.85,1800,40650
20210125,14:14,87.15,91.15,87.15,90.15,3225,40650
20210125,14:15,90.80,90.80,87.70,87.70,1500,40275
20210125,14:16,88.70,89.90,88.00,88.00,825,40275
20210125,14:17,88.30,88.30,87.80,87.80,300,40275
20210125,14:18,87.70,89.60,87.70,89.60,1500,39750
20210125,14:19,88.70,89.80,88.70,89.00,1500,39750
20210125,14:20,89.35,89.35,88.90,88.90,300,39750
20210125,14:21,90.00,90.00,89.65,89.75,300,40500
20210125,14:22,88.65,88.65,87.00,87.00,525,40500
20210125,14:23,85.35,85.35,84.15,84.65,750,40500
20210125,14:24,82.55,83.00,82.55,83.00,300,40950
20210125,14:25,81.50,83.65,81.50,83.65,525,40950
20210125,14:26,85.70,85.70,84.30,84.30,600,40950
20210125,14:27,84.40,84.40,82.90,83.40,900,40950
20210125,14:28,82.85,82.85,82.10,82.20,375,40575
20210125,14:29,81.60,81.60,81.60,81.60,75,40575
20210125,14:30,81.00,81.00,77.60,77.60,750,39675
20210125,14:31,80.15,80.65,79.85,80.40,300,39675
20210125,14:32,81.45,83.90,81.45,83.45,1575,39675
20210125,14:33,83.75,84.35,82.50,82.50,1200,40875
20210125,14:34,82.10,83.10,80.70,80.85,1350,40875
20210125,14:35,79.75,82.35,79.75,82.35,975,40875
20210125,14:36,82.35,84.15,82.00,83.25,1350,42450
20210125,14:37,83.00,84.10,83.00,84.00,1950,42450
20210125,14:38,83.00,83.00,81.15,81.15,375,42450
20210125,14:39,82.20,82.20,82.20,82.20,75,42375
20210125,14:40,82.70,84.05,82.70,84.05,150,42375
20210125,14:41,84.65,85.90,84.65,85.00,975,42375
20210125,14:42,84.40,84.50,82.55,82.55,450,42750
20210125,14:43,81.70,83.00,81.70,81.70,525,42750
20210125,14:44,81.45,84.10,81.45,84.10,300,42750
20210125,14:45,83.50,83.50,83.50,83.50,75,42750
20210125,14:46,85.00,86.00,83.50,83.50,975,42675
20210125,14:47,83.50,83.75,83.50,83.75,150,42675
20210125,14:48,83.85,83.85,83.85,83.85,750,42225
20210125,14:49,83.35,83.35,83.35,83.35,75,42225
20210125,14:50,81.45,81.45,81.45,81.45,75,42225
20210125,14:51,82.00,83.25,81.70,83.25,1575,43200
20210125,14:52,84.25,84.25,84.25,84.25,150,43200
20210125,14:54,83.15,83.15,82.95,83.10,375,42450
20210125,14:55,82.70,82.70,82.70,82.70,75,42450
20210125,14:56,82.70,82.70,82.50,82.50,1500,42450
20210125,14:57,81.20,81.20,80.45,80.45,300,42450
20210125,14:58,79.85,79.85,79.85,79.85,225,42825
20210125,14:59,78.65,79.50,78.65,79.50,450,42825
20210125,15:00,80.25,80.25,79.60,79.60,450,42825
20210125,15:01,78.00,78.00,77.00,77.00,375,42825
20210125,15:02,76.05,76.05,73.90,73.90,1200,42825
20210125,15:03,73.10,73.10,73.10,73.10,525,44100
20210125,15:04,73.95,75.60,73.35,75.60,2775,44100
20210125,15:05,75.45,77.20,75.25,75.85,2925,44100
20210125,15:06,76.90,76.90,75.60,75.60,825,46650
20210125,15:07,76.25,76.25,73.90,73.90,150,46650
20210125,15:08,74.35,75.05,73.45,73.80,1575,46650
20210125,15:09,74.55,74.75,74.40,74.75,675,46650
20210125,15:10,74.45,74.45,73.80,74.35,825,48000
20210125,15:11,73.90,74.90,73.40,73.60,3375,48000
20210125,15:12,73.00,74.25,73.00,74.25,1275,48150
20210125,15:13,75.20,75.20,73.00,73.00,750,48150
20210125,15:14,72.90,72.90,72.90,72.90,225,48150
20210125,15:15,72.35,73.40,72.30,73.40,900,48900
20210125,15:16,72.65,72.65,71.60,71.60,375,48900
20210125,15:17,71.60,71.60,70.35,70.35,1875,48900
20210125,15:18,70.35,71.45,70.35,71.45,1125,51000
20210125,15:19,70.50,70.50,68.85,68.85,1950,51000
20210125,15:20,68.85,69.60,67.90,67.90,2325,51000
20210125,15:21,67.90,69.10,67.90,68.95,525,52125
20210125,15:22,68.10,68.35,66.00,66.45,2325,52125
20210125,15:23,66.35,66.55,66.35,66.55,2700,52125
20210125,15:24,66.55,66.55,66.15,66.15,1350,52125
20210125,15:25,66.25,66.60,65.35,65.75,2625,49575
20210125,15:26,65.55,65.80,65.45,65.75,750,49575
20210125,15:27,65.85,65.85,65.85,65.85,75,49575
20210125,15:28,66.15,66.20,65.75,66.20,525,49425
20210125,15:29,66.75,67.25,65.90,65.90,1125,49425
20210127,09:15,63.95,63.95,48.30,48.30,751,47550
20210127,09:16,48.25,52.15,48.25,52.15,2625,47550
20210127,09:17,53.35,56.05,53.30,55.95,2400,47625
20210127,09:18,55.25,55.25,52.25,52.35,2700,47625
20210127,09:19,52.80,55.95,52.30,55.95,1050,47625
20210127,09:20,56.00,56.70,53.00,53.00,2100,46725
20210127,09:21,52.00,53.50,51.85,53.50,2250,46725
20210127,09:22,53.70,54.00,52.05,52.05,1275,46725
20210127,09:23,51.50,53.00,51.50,52.40,975,47175
20210127,09:24,51.20,51.90,51.20,51.50,900,47175
20210127,09:25,50.95,51.30,50.00,50.55,1800,47175
20210127,09:26,51.40,52.05,50.90,52.05,1200,46950
20210127,09:27,52.45,55.20,52.45,55.20,1200,46950
20210127,09:28,56.10,56.10,54.85,55.30,1875,46950
20210127,09:29,55.40,55.40,55.40,55.40,750,46275
20210127,09:30,55.00,55.00,52.65,52.65,1350,46275
20210127,09:31,52.55,52.90,52.10,52.40,1200,46275
20210127,09:32,52.55,53.25,52.35,53.25,750,46500
20210127,09:33,53.00,53.00,52.30,52.30,900,46500
20210127,09:34,52.30,52.55,51.00,51.10,1275,46500
20210127,09:35,50.70,51.35,50.45,50.45,1800,47400
20210127,09:36,51.05,51.05,49.85,49.85,825,47400
20210127,09:37,49.25,49.90,49.25,49.45,900,47400
20210127,09:38,49.15,49.40,48.95,48.95,1275,47850
20210127,09:39,48.95,49.35,48.60,49.00,375,47850
20210127,09:40,49.10,49.45,48.90,49.25,1425,47850
20210127,09:42,49.75,50.00,49.75,50.00,225,45975
20210127,09:43,49.60,49.65,49.10,49.65,975,45975
20210127,09:44,49.45,49.45,49.10,49.10,150,45975
20210127,09:45,47.65,48.20,47.65,48.00,450,45975
20210127,09:46,47.40,47.40,47.35,47.35,675,45975
20210127,09:47,46.75,47.20,46.75,47.20,300,45975
20210127,09:48,47.75,47.80,47.55,47.55,900,46275
20210127,09:49,47.45,47.90,47.45,47.90,150,46275
20210127,09:50,47.85,47.85,47.65,47.65,375,46650
20210127,09:51,46.15,46.15,45.45,45.45,375,46650
20210127,09:52,45.45,45.95,45.45,45.95,225,46650
20210127,09:53,46.00,46.25,46.00,46.25,600,46650
20210127,09:54,45.90,46.00,45.90,46.00,225,46350
20210127,09:55,46.45,47.00,46.45,47.00,750,46350
20210127,09:56,46.55,47.25,46.55,46.90,675,46350
20210127,09:58,46.30,46.30,46.30,46.30,75,46350
20210127,09:59,46.05,46.45,46.05,46.45,750,46425
20210127,10:00,46.00,46.00,46.00,46.00,150,46425
20210127,10:01,46.25,46.35,46.00,46.10,300,46425
20210127,10:02,46.75,46.75,46.45,46.45,375,46425
20210127,10:03,45.35,45.35,45.35,45.35,150,46275
20210127,10:04,45.35,45.70,45.35,45.70,825,46275
20210127,10:05,45.95,45.95,45.95,45.95,75,46275
20210127,10:06,47.80,47.80,47.80,47.80,450,46275
20210127,10:08,48.20,48.20,48.20,48.20,150,46650
20210127,10:10,48.00,48.00,47.30,47.30,300,46650
20210127,10:12,49.20,49.20,48.65,48.65,300,46800
20210127,10:13,48.35,48.35,48.35,48.35,225,46800
20210127,10:14,48.60,49.35,48.60,49.35,150,46950
20210127,10:15,49.40,49.40,49.30,49.30,150,46950
20210127,10:16,48.70,48.70,48.70,48.70,75,46950
20210127,10:17,47.50,48.00,47.50,48.00,150,46500
20210127,10:19,47.50,47.85,47.50,47.85,900,46500
20210127,10:20,47.65,47.65,47.40,47.40,525,47025
20210127,10:21,47.60,47.60,47.60,47.60,225,47025
20210127,10:22,47.55,47.55,47.55,47.55,225,47025
20210127,10:23,47.95,47.95,47.85,47.85,300,47325
20210127,10:24,46.70,46.70,46.50,46.60,675,47325
20210127,10:25,47.25,47.25,47.25,47.25,150,47325
20210127,10:26,47.40,47.40,46.75,46.75,1575,47325
20210127,10:29,46.75,46.90,46.50,46.50,225,46200
20210127,10:30,46.20,46.20,46.10,46.10,300,46200
20210127,10:33,45.30,45.30,45.30,45.30,75,45675
20210127,10:34,45.30,45.30,45.30,45.30,150,45675
20210127,10:35,45.80,46.10,45.80,46.10,300,45675
20210127,10:36,47.45,47.45,47.45,47.45,75,45300
20210127,10:37,47.55,47.55,47.15,47.30,3075,45300
20210127,10:38,48.45,48.65,48.45,48.65,225,45300
20210127,10:39,49.05,49.05,49.05,49.05,225,47550
20210127,10:40,47.90,47.90,47.90,47.90,375,47550
20210127,10:43,46.90,47.35,46.90,47.35,225,46425
20210127,10:44,46.95,46.95,46.95,46.95,750,47550
20210127,10:45,46.25,46.25,45.35,46.00,375,47550
20210127,10:47,47.10,47.10,47.10,47.10,75,47400
20210127,10:49,46.45,46.45,46.45,46.45,75,47400
20210127,10:50,47.00,47.20,47.00,47.20,1275,47400
20210127,10:51,46.85,46.85,46.30,46.30,1350,44100
20210127,10:52,46.35,46.35,45.80,45.80,300,44100
20210127,10:53,46.05,46.05,46.05,46.05,600,44100
20210127,10:54,45.90,45.90,45.90,45.90,1200,44250
20210127,10:55,45.70,45.70,45.70,45.70,75,44250
20210127,10:57,46.95,48.00,46.95,48.00,900,44925
20210127,10:58,47.50,47.50,47.50,47.50,75,44925
20210127,10:59,46.80,46.80,46.75,46.75,525,44475
20210127,11:00,46.50,46.60,46.50,46.60,150,44475
20210127,11:05,46.00,46.00,46.00,46.00,150,44400
20210127,11:06,46.50,46.50,46.50,46.50,75,44550
20210127,11:07,46.35,46.35,46.35,46.35,75,44550
20210127,11:08,46.00,46.00,45.25,45.25,750,44550
20210127,11:09,45.25,45.80,45.25,45.80,375,45225
20210127,11:10,45.85,45.85,45.85,45.85,75,45225
20210127,11:11,45.60,45.60,45.35,45.35,150,44625
20210127,11:14,47.35,47.35,46.25,47.05,1275,44775
20210127,11:15,47.75,48.30,47.00,47.00,300,44775
20210127,11:16,46.70,46.70,46.70,46.70,75,44775
20210127,11:17,46.85,46.85,46.85,46.85,75,45525
20210127,11:18,47.35,47.35,47.35,47.35,75,45525
20210127,11:19,46.55,46.55,46.55,46.55,75,45525
20210127,11:22,47.75,47.75,47.75,47.75,750,45675
20210127,11:24,48.00,48.00,47.60,47.60,1125,46050
20210127,11:26,47.35,47.35,47.35,47.35,75,46050
20210127,11:27,46.45,46.45,46.00,46.00,225,45675
20210127,11:28,46.85,46.85,46.85,46.85,750,45675
20210127,11:29,46.15,46.50,46.15,46.50,1575,46125
20210127,11:30,46.00,46.70,46.00,46.55,750,46125
20210127,11:31,46.05,46.60,46.05,46.60,375,46125
20210127,11:32,46.60,46.60,46.15,46.15,225,46125
20210127,11:33,46.60,46.60,46.60,46.60,75,47850
20210127,11:36,45.40,45.40,44.85,44.85,300,47925
20210127,11:37,44.60,44.60,44.60,44.60,75,47925
20210127,11:38,44.00,44.20,43.45,43.50,900,48150
20210127,11:40,44.35,44.35,42.20,42.70,750,48150
20210127,11:41,42.35,42.75,42.20,42.20,900,48150
20210127,11:42,42.00,42.00,41.35,41.85,375,48600
20210127,11:43,42.10,42.35,41.45,41.45,675,48600
20210127,11:44,41.55,41.55,41.55,41.55,75,48600
20210127,11:45,41.65,41.80,41.40,41.60,750,48825
20210127,11:46,41.05,41.05,40.50,40.50,450,48825
20210127,11:47,40.35,40.35,39.55,39.90,975,49350
20210127,11:48,39.35,39.35,39.10,39.10,600,49350
20210127,11:49,39.10,39.10,39.10,39.10,1050,49350
20210127,11:50,39.00,39.45,39.00,39.45,300,49350
20210127,11:51,39.25,39.55,39.25,39.40,225,50625
20210127,11:52,39.75,39.75,39.15,39.50,225,50625
20210127,11:53,39.55,40.20,39.55,39.90,525,50775
20210127,11:54,39.65,39.65,39.35,39.35,225,50775
20210127,11:55,39.00,39.65,39.00,39.60,300,50775
20210127,11:56,39.70,39.70,39.55,39.55,300,50775
20210127,11:57,39.00,39.00,38.80,38.80,225,51000
20210127,11:58,38.50,38.50,38.00,38.00,600,51000
20210127,11:59,38.00,38.50,38.00,38.45,1275,50700
20210127,12:00,39.00,39.00,39.00,39.00,75,50700
20210127,12:02,39.55,39.55,38.85,38.85,150,50700
20210127,12:03,39.00,39.00,38.45,38.45,300,50700
20210127,12:04,39.00,39.00,38.70,38.70,975,50700
20210127,12:06,38.80,38.90,38.80,38.90,150,51000
20210127,12:07,39.40,39.40,39.10,39.10,150,51000
20210127,12:08,38.80,38.80,38.80,38.80,75,51000
20210127,12:09,38.50,38.50,38.50,38.50,150,50925
20210127,12:10,38.55,38.55,38.55,38.55,75,50925
20210127,12:12,38.05,38.05,37.75,37.75,150,50625
20210127,12:13,37.40,37.40,37.40,37.40,225,50625
20210127,12:14,37.40,37.40,37.40,37.40,525,50625
20210127,12:16,37.55,37.55,36.45,36.45,150,50325
20210127,12:17,36.10,36.50,36.10,36.50,450,50325
20210127,12:18,36.55,36.90,36.55,36.90,225,50550
20210127,12:20,37.10,37.10,37.10,37.10,75,50550
20210127,12:22,37.60,37.65,37.60,37.65,150,50700
20210127,12:23,37.60,37.90,37.60,37.90,525,50700
20210127,12:24,37.95,37.95,37.95,37.95,150,50700
20210127,12:26,39.00,39.20,38.75,38.75,375,50700
20210127,12:28,38.75,38.75,37.85,38.20,525,50700
20210127,12:30,37.30,37.30,37.30,37.30,300,50625
20210127,12:31,37.55,37.55,37.55,37.55,75,50625
20210127,12:32,37.15,37.15,37.15,37.15,75,50625
20210127,12:33,39.00,39.00,38.35,38.35,3375,50775
20210127,12:36,37.00,37.00,37.00,37.00,75,53250
20210127,12:37,36.40,36.40,36.15,36.15,150,53250
20210127,12:38,36.15,36.15,36.15,36.15,150,53250
20210127,12:40,35.90,35.90,35.90,35.90,750,53325
20210127,12:41,35.90,35.90,35.80,35.80,225,53325
20210127,12:43,35.80,36.45,35.80,36.45,450,53475
20210127,12:44,36.25,36.50,36.20,36.45,1125,53475
20210127,12:45,36.40,36.65,36.40,36.65,675,53625
20210127,12:46,36.45,36.45,36.00,36.00,150,53625
20210127,12:47,35.80,35.80,35.80,35.80,75,53625
20210127,12:48,35.00,35.00,35.00,35.00,150,53700
20210127,12:49,34.90,34.90,34.85,34.85,225,53700
20210127,12:50,34.85,35.45,34.85,35.45,600,53700
20210127,12:51,35.30,35.35,35.30,35.30,225,53775
20210127,12:52,35.50,35.50,35.50,35.50,150,53775
20210127,12:54,35.00,35.05,34.75,34.75,300,53925
20210127,12:55,34.70,34.70,34.70,34.70,150,53925
20210127,12:56,35.20,35.25,35.20,35.25,225,53925
20210127,12:57,35.50,35.50,35.50,35.50,75,54150
20210127,12:58,35.15,35.15,35.05,35.05,150,54150
20210127,12:59,35.05,35.45,35.05,35.45,150,54150
20210127,13:00,35.65,35.65,35.50,35.55,300,54150
20210127,13:04,34.35,34.35,34.35,34.35,75,54300
20210127,13:06,34.35,34.35,34.20,34.20,300,54375
20210127,13:07,35.05,35.05,35.05,35.05,225,54375
20210127,13:08,35.60,35.60,35.60,35.60,75,54375
20210127,13:09,35.50,35.70,35.50,35.70,225,54525
20210127,13:10,35.75,36.00,35.75,36.00,450,54525
20210127,13:11,36.10,36.50,36.10,36.50,150,54525
20210127,13:12,37.15,37.25,37.15,37.25,225,54450
20210127,13:14,37.70,38.20,37.70,38.20,300,54450
20210127,13:15,38.30,38.30,37.75,37.75,1350,54225
20210127,13:16,38.05,38.50,38.05,38.50,300,54225
20210127,13:18,37.75,37.75,37.75,37.75,75,54225
20210127,13:19,37.40,37.40,37.35,37.35,450,54900
20210127,13:20,38.15,38.15,38.15,38.15,75,54900
20210127,13:22,38.40,38.40,38.40,38.40,150,54900
20210127,13:24,37.00,37.00,37.00,37.00,75,53925
20210127,13:25,36.65,36.65,36.65,36.65,75,53925
20210127,13:26,36.45,36.90,36.10,36.10,375,53925
20210127,13:27,36.70,36.70,36.60,36.60,150,54225
20210127,13:29,37.50,37.50,37.35,37.50,525,54225
20210127,13:30,36.60,36.60,35.40,35.40,225,54450
20210127,13:31,35.65,37.00,35.65,36.30,1350,54450
20210127,13:32,35.85,36.00,35.40,35.40,1575,54450
20210127,13:33,36.30,36.30,35.75,35.90,3525,55200
20210127,13:34,34.90,35.00,34.90,35.00,975,55200
20210127,13:35,34.50,34.90,34.35,34.75,1275,55200
20210127,13:36,35.20,35.20,34.70,35.20,900,54600
20210127,13:37,35.45,35.45,35.45,35.45,75,54600
20210127,13:39,35.90,35.95,35.90,35.95,1425,54150
20210127,13:40,35.70,35.70,35.25,35.30,300,54150
20210127,13:41,35.05,35.05,34.90,34.90,375,54150
20210127,13:42,35.20,35.20,35.20,35.20,75,54150
20210127,13:43,34.95,34.95,34.95,34.95,75,55500
20210127,13:44,34.25,35.15,34.25,35.15,375,55500
20210127,13:45,35.85,35.85,35.85,35.85,75,55350
20210127,13:46,35.60,36.25,35.60,36.00,825,55350
20210127,13:47,35.75,35.75,35.75,35.75,75,55350
20210127,13:51,35.60,35.60,35.60,35.60,150,53550
20210127,13:52,36.10,36.50,36.00,36.50,300,53550
20210127,13:53,36.60,36.60,36.45,36.45,300,53550
20210127,13:54,37.00,37.00,37.00,37.00,75,53550
20210127,13:55,36.40,36.40,36.40,36.40,450,53700
20210127,13:56,36.20,36.20,36.20,36.20,300,53700
20210127,13:57,35.90,35.90,35.75,35.75,225,53925
20210127,13:58,35.60,35.60,35.00,35.00,525,53925
20210127,14:00,34.75,34.80,34.75,34.80,225,53625
20210127,14:01,34.10,34.10,34.10,34.10,525,53625
20210127,14:02,34.60,34.60,34.40,34.40,150,53625
20210127,14:04,34.00,34.00,33.60,33.60,225,53250
20210127,14:05,33.55,33.55,33.55,33.55,150,53250
20210127,14:06,34.05,34.25,33.75,34.25,300,53250
20210127,14:07,34.10,34.10,33.70,33.70,825,52875
20210127,14:08,33.85,33.85,33.85,33.85,75,52875
20210127,14:09,33.95,34.10,33.95,34.10,225,52800
20210127,14:10,33.60,33.60,32.80,32.80,825,52800
20210127,14:11,33.00,33.00,32.55,32.55,750,52800
20210127,14:12,32.50,32.50,32.20,32.40,525,53550
20210127,14:13,32.70,32.70,32.00,32.00,2250,53550
20210127,14:14,31.90,32.45,31.90,32.15,1800,53550
20210127,14:15,32.00,32.40,31.05,32.10,1125,54300
20210127,14:16,32.00,32.05,31.70,31.85,2325,54300
20210127,14:17,31.50,31.50,31.00,31.30,1350,54300
20210127,14:18,31.05,31.05,30.50,30.60,2175,55800
20210127,14:19,30.60,30.70,30.30,30.70,1725,55800
20210127,14:20,32.00,32.10,31.85,32.10,975,55800
20210127,14:21,31.95,33.00,31.95,33.00,1425,56625
20210127,14:22,33.00,33.25,32.75,32.75,975,56625
20210127,14:23,32.55,32.55,32.10,32.20,375,56625
20210127,14:24,32.00,32.20,32.00,32.20,450,56625
20210127,14:26,33.00,33.00,32.75,33.00,375,56325
20210127,14:28,32.00,32.15,31.15,32.15,450,55500
20210127,14:29,32.65,32.65,32.40,32.40,300,55500
20210127,14:30,32.20,32.20,31.80,31.80,225,55425
20210127,14:31,31.55,31.85,31.00,31.00,375,55425
20210127,14:32,31.75,31.85,31.75,31.85,150,55425
20210127,14:33,32.00,32.20,32.00,32.20,600,55425
20210127,14:34,32.45,32.45,32.00,32.00,375,55425
20210127,14:35,31.10,31.10,31.10,31.10,150,55425
20210127,14:36,30.70,30.70,30.65,30.65,150,55425
20210127,14:37,30.20,30.35,29.80,29.80,2625,54675
20210127,14:38,29.60,29.80,29.55,29.55,5625,54675
20210127,14:39,29.95,29.95,29.20,29.20,3300,58800
20210127,14:40,29.40,29.40,29.05,29.05,600,58800
20210127,14:41,28.90,28.90,28.70,28.75,525,58800
20210127,14:42,28.60,28.60,28.50,28.50,2400,60975
20210127,14:43,28.65,28.95,28.65,28.95,225,60975
20210127,14:44,28.85,28.95,28.65,28.65,1800,60975
20210127,14:45,28.50,28.50,28.50,28.50,150,60975
20210127,14:46,28.05,28.05,27.95,27.95,375,60525
20210127,14:47,27.95,28.50,27.95,28.50,825,60525
20210127,14:48,28.00,28.75,28.00,28.75,1350,60525
20210127,14:49,30.65,31.25,30.00,30.65,375,61050
20210127,14:50,31.05,31.05,31.05,31.05,600,61050
20210127,14:51,30.55,31.35,30.55,31.20,975,61800
20210127,14:52,30.75,31.35,30.40,31.35,525,61800
20210127,14:53,31.45,31.65,31.35,31.65,375,61800
20210127,14:54,31.55,31.55,31.55,31.55,75,61800
20210127,14:55,31.85,32.40,31.50,32.40,525,61650
20210127,14:56,32.70,34.20,32.70,34.20,300,61650
20210127,14:57,33.05,33.05,32.05,32.05,300,61650
20210127,14:58,32.30,32.30,30.95,30.95,1650,62400
20210127,14:59,31.05,31.90,31.05,31.90,1800,62400
20210127,15:00,31.65,31.65,30.00,30.00,675,63825
20210127,15:01,29.80,29.85,29.50,29.50,2700,63825
20210127,15:02,29.55,29.55,29.55,29.55,300,63825
20210127,15:03,29.85,30.05,29.75,30.05,1425,63750
20210127,15:04,29.80,29.80,29.80,29.80,75,63750
20210127,15:05,31.00,31.00,31.00,31.00,675,63750
20210127,15:06,31.20,31.20,31.20,31.20,75,63750
20210127,15:07,31.85,31.85,31.45,31.45,225,63825
20210127,15:08,31.45,31.45,31.45,31.45,150,63825
20210127,15:09,31.40,31.55,31.40,31.55,225,63825
20210127,15:10,31.85,32.00,31.65,31.75,1125,63225
20210127,15:12,31.25,31.30,31.10,31.30,1200,64500
20210127,15:13,31.00,31.00,31.00,31.00,375,64500
20210127,15:14,31.05,31.05,31.05,31.05,75,64500
20210127,15:15,31.20,31.35,31.20,31.35,150,64650
20210127,15:16,31.45,31.55,31.00,31.55,450,64650
20210127,15:17,31.35,31.45,31.35,31.45,150,64650
20210127,15:18,31.30,31.60,31.15,31.40,1275,64500
20210127,15:19,31.80,31.80,31.80,31.80,75,64500
20210127,15:20,31.65,31.70,31.65,31.70,150,64500
20210127,15:21,31.70,31.85,31.50,31.85,450,64500
20210127,15:22,31.90,31.90,31.65,31.65,375,63450
20210127,15:23,31.65,31.90,31.65,31.75,525,63450
20210127,15:24,32.00,32.20,31.90,32.20,975,63450
20210127,15:25,32.00,32.15,32.00,32.15,450,63750
20210127,15:26,31.95,31.95,31.80,31.80,225,63750
20210127,15:27,31.80,31.85,31.35,31.35,1200,62400
20210127,15:29,31.00,32.15,30.80,32.15,600,62400
20210127,15:30,30.20,30.20,30.20,30.20,75,62400
20210128,09:15,12.05,25.00,12.05,25.00,301,58875
20210128,09:16,25.00,25.00,19.80,22.95,2475,58875
20210128,09:18,19.25,22.00,19.25,21.00,4200,58950
20210128,09:19,21.20,21.60,20.80,21.60,1575,58950
20210128,09:20,21.55,21.55,20.60,20.60,750,59175
20210128,09:21,20.75,22.70,20.60,22.70,2550,59175
20210128,09:22,21.75,21.75,21.75,21.75,75,59175
20210128,09:23,20.75,20.90,20.60,20.60,2925,58500
20210128,09:24,20.75,21.05,20.75,21.05,525,58500
20210128,09:25,21.10,21.10,20.50,20.50,2100,58500
20210128,09:26,20.30,20.35,20.30,20.35,600,58500
20210128,09:27,20.30,20.30,20.25,20.25,150,57825
20210128,09:28,20.90,21.00,20.90,21.00,225,57825
20210128,09:29,20.85,20.85,20.60,20.60,150,60825
20210128,09:30,20.80,20.90,20.70,20.90,825,60825
20210128,09:31,21.20,21.20,21.20,21.20,150,60825
20210128,09:32,21.55,21.75,21.30,21.40,3075,59850
20210128,09:34,21.10,21.10,20.90,21.05,975,59850
20210128,09:35,21.05,21.40,20.90,21.40,300,60450
20210128,09:36,21.45,22.00,21.45,22.00,600,60450
20210128,09:37,22.50,22.55,22.40,22.40,1200,60450
20210128,09:38,22.55,22.55,22.20,22.20,150,60075
20210128,09:39,22.00,22.00,21.30,21.30,975,60075
20210128,09:40,20.90,20.90,20.70,20.80,675,60075
20210128,09:41,20.50,20.55,20.35,20.35,1050,60300
20210128,09:42,20.50,20.50,20.30,20.30,225,60300
20210128,09:43,20.35,20.35,20.30,20.30,225,60300
20210128,09:44,20.35,20.80,20.35,20.80,225,59700
20210128,09:45,20.80,20.80,20.80,20.80,150,59700
20210128,09:46,21.15,21.15,20.95,21.00,225,59700
20210128,09:47,21.15,21.15,21.15,21.15,75,59700
20210128,09:48,21.05,21.15,21.05,21.05,225,60300
20210128,09:49,21.20,21.25,21.10,21.10,750,60300
20210128,09:50,20.55,20.55,19.85,19.85,600,60825
20210128,09:51,19.80,19.80,19.25,19.25,225,60825
20210128,09:52,19.20,19.25,19.20,19.25,1575,60825
20210128,09:53,19.50,19.50,19.40,19.40,975,60825
20210128,09:54,19.00,19.00,18.85,18.95,225,61425
20210128,09:55,19.00,19.00,18.55,18.60,1275,61425
20210128,09:56,18.60,18.60,18.15,18.20,975,60900
20210128,09:57,18.35,18.35,18.25,18.25,225,60900
20210128,09:58,18.10,18.15,18.00,18.15,3675,60900
20210128,09:59,17.95,18.05,17.95,18.05,975,61125
20210128,10:00,17.90,17.90,17.65,17.65,1800,61125
20210128,10:01,17.70,17.80,17.70,17.80,375,61125
20210128,10:02,18.00,18.20,18.00,18.15,825,61200
20210128,10:03,18.50,18.50,18.50,18.50,75,61200
20210128,10:04,18.70,18.70,18.70,18.70,75,61200
20210128,10:05,18.80,18.80,18.60,18.65,525,59700
20210128,10:06,18.60,18.80,18.45,18.70,750,59700
20210128,10:08,18.45,18.45,18.45,18.45,75,60300
20210128,10:09,18.50,18.50,18.50,18.50,75,60300
20210128,10:11,18.75,18.75,18.75,18.75,75,60300
20210128,10:12,18.55,18.55,18.20,18.35,825,60675
20210128,10:14,18.30,18.35,18.30,18.35,150,60675
20210128,10:15,18.65,18.85,18.65,18.85,225,60675
20210128,10:16,19.35,19.60,19.35,19.60,375,60675
20210128,10:17,19.60,19.60,19.45,19.45,525,60225
20210128,10:18,19.80,19.80,19.80,19.80,750,60225
20210128,10:19,19.60,19.65,19.60,19.60,375,60225
20210128,10:22,18.75,18.75,18.75,18.75,150,59400
20210128,10:23,18.65,18.80,18.65,18.80,150,59400
20210128,10:24,19.10,19.15,19.10,19.10,600,59025
20210128,10:25,19.00,19.20,18.95,18.95,600,59025
20210128,10:26,19.15,19.15,19.15,19.15,75,59025
20210128,10:27,18.65,18.80,18.65,18.80,150,57600
20210128,10:28,18.80,18.80,18.80,18.80,75,57600
20210128,10:29,18.80,18.80,18.80,18.80,75,57225
20210128,10:30,18.90,18.90,18.90,18.90,75,57225
20210128,10:31,18.60,18.60,18.40,18.45,525,57225
20210128,10:32,18.55,18.55,18.45,18.45,150,57225
20210128,10:33,19.20,19.25,19.20,19.20,225,56250
20210128,10:34,19.45,19.45,19.45,19.45,75,56250
20210128,10:38,19.55,19.55,19.55,19.55,225,56625
20210128,10:39,19.55,19.60,19.35,19.35,675,56625
20210128,10:40,19.05,19.10,19.05,19.10,150,56625
20210128,10:42,18.80,18.80,18.70,18.70,825,56400
20210128,10:44,18.75,18.85,18.75,18.85,300,56175
20210128,10:45,19.00,19.00,19.00,19.00,75,56175
20210128,10:49,19.10,19.10,19.10,19.10,75,56100
20210128,10:50,19.20,19.20,19.00,19.00,150,56100
20210128,10:51,19.05,19.05,19.05,19.05,1050,56025
20210128,10:53,19.30,19.30,19.30,19.30,150,56025
20210128,10:55,19.30,19.30,19.30,19.30,2550,56550
20210128,10:56,19.55,19.55,19.45,19.45,3000,56550
20210128,10:57,19.55,19.60,19.55,19.60,225,54000
20210128,10:58,19.55,19.55,19.55,19.55,75,54000
20210128,10:59,19.55,19.55,19.55,19.55,75,54000
20210128,11:00,19.50,19.50,19.50,19.50,825,54150
20210128,11:01,19.50,19.50,19.35,19.35,150,54150
20210128,11:02,19.30,19.30,19.30,19.30,300,54150
20210128,11:03,19.45,19.45,19.45,19.45,75,54975
20210128,11:04,19.60,19.60,19.55,19.55,450,54975
20210128,11:05,19.55,19.65,19.40,19.40,525,54975
20210128,11:07,19.70,19.70,19.25,19.25,7950,54750
20210128,11:09,19.55,19.70,19.55,19.60,525,54525
20210128,11:10,19.80,19.80,19.40,19.40,375,54525
20210128,11:11,19.00,19.10,19.00,19.00,750,54525
20210128,11:12,19.15,19.40,19.15,19.40,375,54900
20210128,11:13,19.55,19.55,19.55,19.55,75,54900
20210128,11:14,19.70,19.70,19.70,19.70,150,54825
20210128,11:15,19.75,19.75,19.60,19.60,150,54825
20210128,11:16,19.50,19.65,19.45,19.45,1425,54825
20210128,11:17,19.60,19.60,19.60,19.60,150,54825
20210128,11:18,19.40,19.60,19.40,19.55,300,54900
20210128,11:21,19.35,19.35,19.35,19.35,225,54900
20210128,11:24,19.45,19.45,19.45,19.45,75,54750
20210128,11:25,19.45,19.45,19.45,19.45,450,54750
20210128,11:26,19.40,19.40,19.15,19.20,375,54750
20210128,11:28,19.25,19.25,19.25,19.25,75,55050
20210128,11:29,19.10,19.10,19.10,19.10,300,55050
20210128,11:30,18.90,18.90,18.90,18.90,75,55200
20210128,11:31,18.95,18.95,18.95,18.95,75,55200
20210128,11:32,18.75,18.75,18.75,18.75,150,55200
20210128,11:33,18.60,18.60,18.60,18.60,75,55350
20210128,11:35,18.50,18.50,18.45,18.45,150,55350
20210128,11:36,18.40,18.40,18.25,18.25,825,55575
20210128,11:38,18.45,18.45,18.45,18.45,75,55575
20210128,11:39,18.55,18.55,18.40,18.40,150,56175
20210128,11:40,18.30,18.30,18.30,18.30,150,56175
20210128,11:42,18.20,18.20,18.20,18.20,75,56175
20210128,11:43,18.30,18.40,18.30,18.40,300,56175
20210128,11:44,18.45,18.45,18.45,18.45,75,56175
20210128,11:45,18.50,18.50,18.50,18.50,75,55875
20210128,11:46,18.45,18.45,18.30,18.30,450,55875
20210128,11:47,18.45,18.45,18.40,18.40,150,55875
20210128,11:48,18.25,18.40,18.25,18.40,225,55875
20210128,11:49,18.45,18.45,18.45,18.45,75,55875
20210128,11:50,18.35,18.35,18.35,18.35,300,55875
20210128,11:52,18.40,18.40,18.40,18.40,75,55875
20210128,11:54,18.50,18.50,18.20,18.20,225,55875
20210128,11:55,17.90,18.05,17.90,18.05,975,55875
20210128,11:56,18.35,18.35,18.35,18.35,300,55875
20210128,11:57,18.25,18.25,18.25,18.25,150,56100
20210128,11:58,18.45,18.45,18.45,18.45,75,56100
20210128,11:59,18.35,18.35,18.35,18.35,75,56100
20210128,12:01,18.30,18.30,18.30,18.30,75,56100
20210128,12:03,18.25,18.25,18.25,18.25,75,56175
20210128,12:05,18.15,18.15,18.15,18.15,75,56175
20210128,12:07,18.20,18.35,18.20,18.35,375,56100
20210128,12:08,18.10,18.15,17.95,18.10,675,56100
20210128,12:09,18.00,18.10,18.00,18.10,525,56100
20210128,12:10,17.90,17.90,17.90,17.90,75,56100
20210128,12:11,17.90,18.10,17.90,18.10,525,56100
20210128,12:12,18.10,18.10,18.00,18.00,150,56100
20210128,12:13,17.95,18.00,17.80,17.80,300,55950
20210128,12:15,17.60,17.60,17.60,17.60,150,56175
20210128,12:16,17.95,18.10,17.75,18.05,750,56175
20210128,12:18,18.50,18.50,18.50,18.50,75,56250
20210128,12:19,17.90,17.90,17.90,17.90,150,56250
20210128,12:21,18.15,18.25,18.15,18.25,150,56175
20210128,12:22,18.40,18.45,18.35,18.40,375,56175
20210128,12:24,18.50,18.50,18.50,18.50,150,56775
20210128,12:25,18.40,18.40,18.40,18.40,75,56775
20210128,12:27,18.40,18.40,18.15,18.15,300,56850
20210128,12:28,17.50,17.65,17.50,17.65,375,56850
20210128,12:30,17.60,17.60,17.50,17.50,225,57150
20210128,12:31,17.65,17.65,17.50,17.50,600,57150
20210128,12:32,17.30,17.55,17.30,17.55,150,57150
20210128,12:33,17.45,17.45,17.45,17.45,75,57150
20210128,12:34,17.40,17.40,17.40,17.40,75,57150
20210128,12:35,17.25,17.25,16.80,16.80,375,57150
20210128,12:36,16.65,16.80,16.65,16.80,225,57225
20210128,12:37,16.70,17.05,16.70,17.05,300,57225
20210128,12:39,17.20,17.20,17.00,17.00,450,56850
20210128,12:40,16.90,16.90,16.50,16.50,375,56850
20210128,12:41,16.45,16.45,16.35,16.35,300,56850
20210128,12:42,16.25,16.40,16.25,16.40,150,56550
20210128,12:43,16.55,16.55,16.55,16.55,300,56550
20210128,12:45,16.75,16.75,16.75,16.75,150,56175
20210128,12:47,16.80,16.90,16.60,16.70,1650,56175
20210128,12:48,16.75,16.95,16.75,16.75,300,56250
20210128,12:49,16.85,16.85,16.40,16.40,675,56250
20210128,12:50,16.35,16.35,16.30,16.30,525,56250
20210128,12:51,16.80,16.80,16.65,16.65,750,57375
20210128,12:52,16.80,16.80,16.80,16.80,375,57375
20210128,12:53,16.80,16.80,16.70,16.70,2175,57375
20210128,12:54,16.60,16.65,16.60,16.65,225,57375
20210128,12:55,16.65,16.65,16.20,16.20,825,58575
20210128,12:56,16.30,16.55,16.20,16.50,3600,58575
20210128,12:58,16.30,16.30,16.30,16.30,75,59100
20210128,13:00,16.25,16.25,16.20,16.20,225,59100
20210128,13:01,16.50,16.50,16.50,16.50,75,59700
20210128,13:02,16.55,16.55,15.80,15.80,1275,59700
20210128,13:03,15.75,16.10,15.75,16.10,525,60600
20210128,13:04,16.00,16.00,15.70,15.70,225,60600
20210128,13:05,15.70,15.70,15.65,15.65,150,60600
20210128,13:06,15.50,15.65,15.45,15.45,1350,60150
20210128,13:07,15.95,15.95,15.95,15.95,75,60150
20210128,13:08,15.65,15.65,15.45,15.45,150,60150
20210128,13:09,15.60,15.60,15.60,15.60,75,60000
20210128,13:10,15.55,15.55,15.55,15.55,75,60000
20210128,13:11,15.40,15.85,15.35,15.85,1200,60000
20210128,13:12,15.80,15.80,15.45,15.70,300,60075
20210128,13:13,15.90,15.90,15.90,15.90,75,60075
20210128,13:14,16.05,16.05,15.90,15.90,1950,60075
20210128,13:15,15.90,15.90,15.45,15.65,975,60450
20210128,13:16,15.60,16.65,15.25,15.25,2325,60450
20210128,13:17,15.35,16.85,15.35,16.35,1575,60450
20210128,13:18,16.05,16.90,16.05,16.90,900,61650
20210128,13:19,16.60,16.60,15.95,15.95,825,61650
20210128,13:20,16.30,16.60,16.30,16.30,1050,61650
20210128,13:21,16.40,16.75,16.35,16.75,900,61875
20210128,13:22,17.00,17.00,16.70,16.70,450,61875
20210128,13:23,16.70,16.90,16.70,16.80,1725,61875
20210128,13:24,16.80,17.50,16.80,17.50,1725,60975
20210128,13:25,17.50,17.50,17.35,17.35,600,60975
20210128,13:26,17.25,17.60,17.25,17.60,825,60975
20210128,13:27,17.55,18.05,17.55,17.95,1125,60900
20210128,13:28,17.60,18.20,17.60,18.10,1275,60900
20210128,13:29,18.10,18.10,17.70,18.00,1200,60900
20210128,13:30,18.55,18.55,18.25,18.35,900,61275
20210128,13:31,18.45,18.45,17.85,17.95,1725,61275
20210128,13:32,17.90,18.40,17.90,18.40,825,61275
20210128,13:33,18.25,18.40,18.25,18.40,300,60975
20210128,13:34,18.00,18.35,18.00,18.25,525,60975
20210128,13:35,18.25,18.35,18.25,18.35,300,60975
20210128,13:36,18.20,18.55,18.05,18.55,825,61125
20210128,13:37,18.35,18.35,18.20,18.20,375,61125
20210128,13:38,18.25,18.30,18.25,18.30,300,61125
20210128,13:39,18.40,18.40,18.35,18.35,150,61125
20210128,13:40,18.80,18.90,18.80,18.80,225,61050
20210128,13:41,18.70,18.70,18.70,18.70,75,61050
20210128,13:42,18.60,18.95,18.60,18.80,450,60900
20210128,13:43,18.30,18.35,18.20,18.30,450,60900
20210128,13:44,18.80,18.80,18.80,18.80,225,60900
20210128,13:45,18.85,19.10,18.25,19.10,600,60525
20210128,13:46,19.15,19.20,19.10,19.20,375,60525
20210128,13:47,19.20,19.25,19.15,19.15,225,60525
20210128,13:48,18.35,18.40,18.15,18.15,525,60525
20210128,13:49,18.05,18.05,18.00,18.00,150,60525
20210128,13:50,18.50,18.60,18.25,18.60,450,60525
20210128,13:51,18.55,18.55,18.35,18.35,150,60600
20210128,13:52,18.95,19.20,18.95,19.20,225,60600
20210128,13:53,19.25,19.25,19.25,19.25,150,60600
20210128,13:54,18.80,18.80,18.80,18.80,75,60600
20210128,13:55,17.70,17.70,17.00,17.00,1575,60525
20210128,13:56,16.45,16.55,16.25,16.25,225,60525
20210128,13:57,16.30,16.35,16.30,16.30,225,60750
20210128,13:58,16.25,16.45,16.25,16.45,150,60750
20210128,13:59,16.75,16.75,16.75,16.75,150,60750
20210128,14:00,16.95,16.95,16.60,16.60,375,60750
20210128,14:01,16.55,16.55,16.55,16.55,75,60600
20210128,14:02,16.85,16.85,16.85,16.85,75,60600
20210128,14:03,16.85,16.95,16.85,16.95,150,60600
20210128,14:04,16.90,17.70,16.90,17.70,750,60750
20210128,14:05,18.15,18.15,17.80,18.10,825,60750
20210128,14:06,18.75,18.75,18.60,18.65,450,60975
20210128,14:07,18.40,18.40,18.40,18.40,300,60975
20210128,14:08,18.25,18.25,17.75,18.25,1500,60975
20210128,14:09,18.25,18.30,18.10,18.10,675,61275
20210128,14:10,18.45,18.45,18.45,18.45,300,61275
20210128,14:11,18.40,18.40,18.40,18.40,75,61275
20210128,14:13,18.65,18.65,18.35,18.35,600,62100
20210128,14:14,18.35,18.35,18.20,18.20,150,62100
20210128,14:16,18.00,18.00,18.00,18.00,150,61425
20210128,14:17,18.00,18.10,18.00,18.10,225,61425
20210128,14:18,18.10,18.25,18.05,18.15,375,59625
20210128,14:19,18.55,18.70,18.55,18.70,150,59625
20210128,14:20,18.45,18.45,18.45,18.45,150,59625
20210128,14:21,18.45,18.45,18.45,18.45,150,59625
20210128,14:22,17.75,17.80,17.75,17.80,525,60825
20210128,14:23,18.30,18.30,18.30,18.30,150,60825
20210128,14:24,18.15,18.15,18.15,18.15,75,60825
20210128,14:25,18.00,18.00,17.60,17.60,450,61200
20210128,14:26,17.55,17.55,16.60,16.75,1500,61200
20210128,14:27,16.90,17.05,16.90,17.05,225,61200
20210128,14:28,16.65,16.85,16.60,16.60,600,60900
20210128,14:29,16.80,16.80,16.75,16.75,150,60900
20210128,14:30,16.60,16.70,16.60,16.70,600,60900
20210128,14:31,16.80,16.80,16.75,16.75,600,60975
20210128,14:32,16.75,16.85,16.75,16.85,300,60975
20210128,14:33,16.95,17.00,16.85,16.85,600,61050
20210128,14:34,16.75,17.50,16.75,17.50,675,61050
20210128,14:35,17.10,17.10,17.10,17.10,150,61050
20210128,14:36,17.05,17.50,17.05,17.50,675,60900
20210128,14:37,17.35,17.40,17.20,17.20,1350,60900
20210128,14:38,17.20,17.30,17.10,17.30,1125,60900
20210128,14:39,17.15,17.30,16.95,17.15,900,60375
20210128,14:40,16.70,16.95,16.55,16.95,2025,60375
20210128,14:41,16.95,17.30,16.95,17.30,225,60375
20210128,14:42,17.15,17.35,17.15,17.25,375,60375
20210128,14:43,17.35,17.35,16.80,17.00,600,60525
20210128,14:44,16.65,16.70,16.65,16.70,150,60525
20210128,14:45,16.95,16.95,16.70,16.70,375,60225
20210128,14:46,16.60,16.60,16.60,16.60,150,60225
20210128,14:47,16.55,16.55,16.30,16.40,525,60225
20210128,14:48,16.30,16.30,16.30,16.30,150,60225
20210128,14:49,16.15,16.15,15.60,15.65,450,59925
20210128,14:50,15.60,15.80,15.40,15.60,1125,59925
20210128,14:51,15.50,15.50,15.50,15.50,75,59925
20210128,14:52,15.50,15.70,15.50,15.70,600,61275
20210128,14:53,15.50,15.65,15.30,15.30,825,61275
20210128,14:54,15.25,15.25,15.00,15.00,900,62550
20210128,14:55,14.90,14.95,14.90,14.95,150,62550
20210128,14:56,15.00,15.05,15.00,15.05,150,62550
20210128,14:57,15.00,15.25,15.00,15.25,1650,63525
20210128,14:58,15.20,15.40,15.10,15.40,825,63525
20210128,14:59,15.45,15.70,15.45,15.65,1125,63525
20210128,15:00,15.55,15.85,15.55,15.75,1050,62475
20210128,15:01,15.75,16.55,15.75,16.50,825,62475
20210128,15:02,16.60,16.75,16.60,16.75,450,62475
20210128,15:03,16.95,16.95,16.90,16.95,1125,62775
20210128,15:04,16.85,16.85,16.70,16.70,225,62775
20210128,15:05,16.65,16.85,16.65,16.70,600,62775
20210128,15:06,16.75,16.75,16.60,16.60,300,62775
20210128,15:07,16.00,16.25,16.00,16.05,675,63375
20210128,15:08,16.05,16.30,16.05,16.15,300,63375
20210128,15:09,16.15,16.15,16.00,16.00,375,63375
20210128,15:10,15.70,15.70,15.70,15.70,75,63900
20210128,15:11,15.75,15.80,15.60,15.70,1500,63900
20210128,15:12,15.85,15.90,15.85,15.90,225,63900
20210128,15:13,15.85,15.95,15.85,15.95,375,63675
20210128,15:14,15.90,16.00,15.75,15.75,600,63675
20210128,15:15,15.70,15.90,15.40,15.60,3225,63675
20210128,15:16,15.30,15.35,15.30,15.35,600,66300
20210128,15:17,15.35,15.60,15.35,15.60,975,66300
20210128,15:18,15.40,15.65,15.25,15.25,2625,65250
20210128,15:19,15.45,15.50,15.30,15.30,375,65250
20210128,15:20,15.30,15.50,15.30,15.40,825,65250
20210128,15:21,15.40,15.50,15.05,15.05,975,66075
20210128,15:22,15.25,15.25,15.00,15.00,975,66075
20210128,15:23,14.95,15.00,14.80,14.80,600,66075
20210128,15:24,14.50,14.50,14.45,14.45,975,66075
20210128,15:25,14.35,14.35,14.05,14.05,5925,68025
20210128,15:26,14.25,14.25,14.00,14.00,4275,68025
20210128,15:27,13.85,13.85,13.65,13.75,2775,68025
20210128,15:28,13.70,13.80,13.55,13.55,2250,68025
20210128,15:29,13.80,14.05,13.40,13.40,4425,68025
20210129,09:15,12.15,20.00,12.15,17.05,1951,69975
20210129,09:16,17.05,19.60,17.00,17.95,2925,69975
20210129,09:17,17.75,17.75,17.05,17.05,1125,70725
20210129,09:18,17.00,17.00,15.95,16.20,4200,70725
20210129,09:19,16.05,16.35,15.55,16.35,2250,70725
20210129,09:20,16.60,17.60,16.60,17.60,3300,72600
20210129,09:21,17.60,17.80,17.40,17.50,4725,72600
20210129,09:22,17.35,17.35,16.75,17.00,1575,72600
20210129,09:23,17.00,17.00,16.15,16.45,1725,75000
20210129,09:24,16.55,16.90,16.50,16.55,675,75000
20210129,09:25,16.40,16.65,16.15,16.50,2700,75000
20210129,09:26,16.05,16.50,16.05,16.50,1125,78375
20210129,09:27,16.25,16.75,16.25,16.65,1425,78375
20210129,09:28,16.75,16.85,16.50,16.65,1050,78375
20210129,09:29,16.55,16.65,16.35,16.35,600,79350
20210129,09:30,16.65,16.65,16.40,16.40,450,79350
20210129,09:31,16.40,16.75,16.15,16.45,1350,79350
20210129,09:32,16.20,16.75,15.90,16.75,3000,73725
20210129,09:33,16.65,16.85,16.50,16.50,1575,73725
20210129,09:34,16.50,16.50,16.35,16.35,1125,73725
20210129,09:35,16.50,16.80,16.35,16.35,2325,73650
20210129,09:36,16.60,16.85,16.55,16.75,1575,73650
20210129,09:37,16.50,16.95,16.50,16.65,1500,73650
20210129,09:38,16.70,16.90,16.50,16.75,525,73200
20210129,09:39,16.75,16.80,16.55,16.60,1350,73200
20210129,09:40,16.70,16.70,16.35,16.70,6075,73200
20210129,09:41,16.70,16.70,16.15,16.30,5700,74925
20210129,09:42,16.35,16.50,16.20,16.40,3000,74925
20210129,09:43,16.00,16.10,15.95,15.95,1125,74925
20210129,09:44,15.70,16.05,15.60,16.05,2475,77775
20210129,09:45,16.10,16.45,16.10,16.15,2550,77775
20210129,09:46,16.05,16.10,15.95,16.10,900,77775
20210129,09:47,15.95,15.95,15.95,15.95,375,77475
20210129,09:48,15.95,15.95,15.70,15.75,2175,77475
20210129,09:49,15.70,15.95,15.70,15.90,225,77475
20210129,09:50,16.05,16.20,16.05,16.10,900,79125
20210129,09:51,16.25,16.25,15.95,16.10,2250,79125
20210129,09:52,15.95,16.20,15.90,15.90,2700,79125
20210129,09:53,16.00,16.00,15.60,15.65,1575,78900
20210129,09:55,15.70,15.70,15.55,15.55,1050,78900
20210129,09:56,15.50,15.50,15.40,15.45,1350,77175
20210129,09:57,15.55,15.55,15.50,15.50,600,77175
20210129,09:58,15.50,15.60,15.45,15.60,825,77175
20210129,09:59,15.45,15.70,15.45,15.50,1200,77550
20210129,10:00,15.40,15.40,14.90,15.05,600,77550
20210129,10:01,14.75,14.75,14.70,14.70,150,77550
20210129,10:02,14.65,14.65,14.30,14.50,900,77325
20210129,10:03,14.40,14.45,14.30,14.40,1125,77325
20210129,10:04,14.55,14.80,14.55,14.80,1050,77325
20210129,10:05,14.75,15.20,14.75,15.10,3150,77025
20210129,10:06,15.05,15.05,15.00,15.00,300,77025
20210129,10:07,15.15,15.30,15.05,15.30,3300,77025
20210129,10:08,15.30,15.35,15.30,15.35,525,76800
20210129,10:09,15.45,15.55,15.35,15.35,750,76800
20210129,10:10,15.55,15.65,15.40,15.45,675,76800
20210129,10:11,15.45,15.75,15.45,15.75,1200,77625
20210129,10:12,15.55,15.55,15.40,15.40,1125,77625
20210129,10:13,15.45,15.55,15.30,15.45,600,77625
20210129,10:14,15.45,15.45,15.30,15.40,1725,78600
20210129,10:15,15.35,15.70,15.35,15.70,1125,78600
20210129,10:16,15.55,15.55,15.55,15.55,75,78600
20210129,10:17,15.55,15.80,15.50,15.75,1425,78825
20210129,10:18,15.70,15.95,15.65,15.65,1125,78825
20210129,10:19,16.00,16.00,15.75,15.80,1200,78825
20210129,10:20,15.70,15.70,15.65,15.65,375,78375
20210129,10:21,15.80,15.85,15.70,15.70,1575,78375
20210129,10:22,15.90,15.95,15.65,15.65,825,78375
20210129,10:23,15.55,15.85,15.55,15.65,1200,78525
20210129,10:24,15.70,15.75,15.35,15.55,5100,78525
20210129,10:25,15.45,15.50,15.20,15.20,1875,78525
20210129,10:26,15.10,15.25,14.75,15.25,3000,81600
20210129,10:27,15.25,15.50,15.25,15.50,1200,81600
20210129,10:28,15.40,15.45,15.15,15.15,675,81600
20210129,10:29,15.20,15.80,15.15,15.80,3000,82350
20210129,10:30,15.35,15.80,15.30,15.55,9225,82350
20210129,10:31,15.15,15.35,14.90,15.35,3375,82350
20210129,10:32,15.15,15.40,15.05,15.15,1725,83925
20210129,10:33,15.05,15.50,15.05,15.25,6225,83925
20210129,10:34,15.35,15.65,15.35,15.55,600,83925
20210129,10:35,15.55,15.80,15.45,15.60,8100,88725
20210129,10:36,15.70,15.70,15.50,15.55,750,88725
20210129,10:37,15.70,15.90,15.60,15.70,1500,88725
20210129,10:38,15.55,15.65,15.55,15.65,1425,85650
20210129,10:39,15.60,15.85,15.60,15.85,750,85650
20210129,10:40,15.75,15.75,15.40,15.40,1050,85650
20210129,10:41,15.70,15.70,15.55,15.55,450,85050
20210129,10:42,15.55,15.70,15.50,15.60,525,85050
20210129,10:43,15.55,15.55,15.50,15.50,600,85050
20210129,10:44,15.50,15.65,15.40,15.50,450,85125
20210129,10:45,15.40,15.50,15.20,15.50,1275,85125
20210129,10:46,15.60,15.60,15.40,15.50,750,85125
20210129,10:47,15.55,15.70,15.55,15.60,1125,85875
20210129,10:48,15.50,15.70,15.45,15.55,375,85875
20210129,10:49,15.80,15.80,15.55,15.70,375,85875
20210129,10:50,15.50,15.90,15.50,15.85,2550,87225
20210129,10:51,16.00,16.00,15.85,15.90,750,87225
20210129,10:52,15.95,16.30,15.85,15.95,1500,87225
20210129,10:53,16.10,16.25,16.10,16.20,300,87225
20210129,10:54,16.20,16.20,16.05,16.15,900,87225
20210129,10:55,16.10,16.20,16.10,16.20,375,87225
20210129,10:56,16.30,16.30,16.05,16.10,525,87450
20210129,10:57,16.20,16.20,16.05,16.05,300,87450
20210129,10:58,16.15,16.25,16.05,16.10,1425,87450
20210129,10:59,16.20,16.20,16.10,16.10,150,86625
20210129,11:00,16.10,16.30,16.10,16.30,1200,86625
20210129,11:01,16.00,16.00,16.00,16.00,225,86625
20210129,11:02,16.15,16.15,16.00,16.05,1500,87600
20210129,11:03,16.20,16.20,16.20,16.20,225,87600
20210129,11:04,16.50,16.50,16.30,16.35,2400,87600
20210129,11:05,16.20,16.40,16.05,16.40,525,87825
20210129,11:06,16.25,16.25,16.05,16.10,525,87825
20210129,11:07,16.30,16.60,16.30,16.45,450,87825
20210129,11:08,16.50,16.55,16.35,16.50,675,88350
20210129,11:09,16.55,16.65,16.45,16.45,450,88350
20210129,11:10,16.50,16.55,16.35,16.35,675,88350
20210129,11:11,16.35,16.35,16.20,16.20,225,89175
20210129,11:12,16.25,16.35,16.25,16.35,1050,89175
20210129,11:13,16.55,16.65,16.45,16.65,975,89175
20210129,11:14,16.55,16.90,16.50,16.60,2475,90000
20210129,11:15,16.50,16.50,16.35,16.35,750,90000
20210129,11:16,16.55,16.65,16.40,16.65,1425,90000
20210129,11:17,16.70,16.70,16.70,16.70,75,90000
20210129,11:18,16.30,16.35,16.30,16.35,150,89775
20210129,11:19,16.50,16.70,16.50,16.70,225,89775
20210129,11:20,16.45,16.65,16.10,16.30,900,89400
20210129,11:21,16.45,16.60,16.45,16.50,600,89400
20210129,11:22,16.50,16.50,16.35,16.45,1275,89400
20210129,11:23,16.45,16.55,16.30,16.30,525,89400
20210129,11:24,16.45,16.45,16.45,16.45,150,90600
20210129,11:25,16.45,16.50,16.45,16.50,225,90600
20210129,11:26,16.45,16.45,16.45,16.45,75,90600
20210129,11:27,16.65,16.65,16.45,16.50,300,90675
20210129,11:28,16.50,16.50,16.40,16.40,225,90675
20210129,11:29,16.40,16.50,16.40,16.50,150,91050
20210129,11:30,16.40,16.40,16.00,16.40,2100,91050
20210129,11:31,16.10,16.25,15.75,16.25,2400,91050
20210129,11:32,16.05,16.05,16.05,16.05,675,91650
20210129,11:33,16.05,16.30,16.05,16.05,300,91650
20210129,11:34,16.00,16.00,15.75,15.80,375,91650
20210129,11:35,16.15,16.15,15.95,15.95,1050,91275
20210129,11:36,15.95,16.00,15.95,16.00,1200,91275
20210129,11:37,15.90,15.90,15.90,15.90,75,91275
20210129,11:38,16.00,16.05,16.00,16.00,750,91275
20210129,11:39,15.95,16.15,15.90,16.15,600,91500
20210129,11:40,16.10,16.10,15.85,15.85,450,91500
20210129,11:41,15.85,15.85,15.70,15.70,300,91500
20210129,11:42,15.75,15.90,15.70,15.85,1875,90975
20210129,11:43,15.90,16.05,15.75,15.90,1800,90975
20210129,11:44,15.85,15.90,15.80,15.90,225,90975
20210129,11:45,15.85,16.00,15.65,16.00,1950,91350
20210129,11:46,16.10,16.20,16.00,16.00,450,91350
20210129,11:47,16.00,16.00,15.90,16.00,450,91350
20210129,11:48,15.90,16.10,15.85,16.00,1725,91875
20210129,11:49,15.90,15.90,15.80,15.80,225,91875
20210129,11:50,16.00,16.10,16.00,16.00,600,91875
20210129,11:51,15.85,15.85,15.80,15.80,225,92025
20210129,11:52,15.85,16.00,15.85,16.00,300,92025
20210129,11:53,16.00,16.00,16.00,16.00,225,92025
20210129,11:54,16.05,16.05,15.85,15.85,150,92175
20210129,11:55,15.70,16.00,15.65,16.00,375,92175
20210129,11:56,15.85,15.85,15.60,15.60,450,92175
20210129,11:57,16.00,16.00,15.90,15.90,225,92475
20210129,11:58,15.75,15.90,15.65,15.85,450,92475
20210129,11:59,16.00,16.00,15.90,15.90,225,92775
20210129,12:00,16.05,16.05,16.05,16.05,975,92775
20210129,12:01,15.95,15.95,15.95,15.95,675,92775
20210129,12:02,15.95,16.15,15.95,16.15,975,92625
20210129,12:03,16.10,16.10,16.10,16.10,75,92625
20210129,12:04,16.10,16.10,16.05,16.05,300,92625
20210129,12:05,15.55,16.05,15.55,15.90,1050,92625
20210129,12:06,15.70,16.00,15.70,15.90,450,92775
20210129,12:07,15.90,16.05,15.90,16.05,375,92775
20210129,12:08,16.05,16.10,15.80,15.80,825,92775
20210129,12:09,15.80,16.00,15.75,15.75,825,93600
20210129,12:10,15.75,15.75,15.50,15.55,450,93600
20210129,12:11,15.55,15.85,15.55,15.70,900,93600
20210129,12:12,15.50,15.75,15.50,15.75,525,94125
20210129,12:13,15.80,15.80,15.50,15.50,2025,94125
20210129,12:14,15.50,15.80,15.50,15.80,1350,94125
20210129,12:15,15.55,15.65,15.55,15.65,225,96675
20210129,12:16,15.65,15.80,15.65,15.80,375,96675
20210129,12:17,15.80,16.05,15.65,15.80,2475,96300
20210129,12:18,15.80,15.80,15.65,15.80,1425,96300
20210129,12:19,15.80,15.90,15.80,15.90,1050,96300
20210129,12:20,15.70,15.90,15.70,15.90,450,96300
20210129,12:21,15.90,16.05,15.85,16.00,1125,97800
20210129,12:22,15.95,16.00,15.70,15.75,1800,97800
20210129,12:23,15.75,15.75,15.60,15.70,900,97800
20210129,12:24,15.80,15.80,15.80,15.80,75,97425
20210129,12:25,15.85,15.95,15.85,15.90,1725,97425
20210129,12:26,15.90,16.00,15.85,15.85,375,97425
20210129,12:27,16.05,16.10,15.85,16.05,900,98100
20210129,12:28,15.95,16.10,15.95,15.95,675,98100
20210129,12:29,16.00,16.15,16.00,16.00,450,98100
20210129,12:30,16.00,16.25,16.00,16.25,1350,98475
20210129,12:31,16.20,16.50,16.20,16.25,2700,98475
20210129,12:32,16.30,16.50,16.25,16.45,1575,100125
20210129,12:33,16.45,16.45,16.40,16.40,675,100125
20210129,12:34,16.45,16.60,16.45,16.55,450,100125
20210129,12:35,16.60,16.60,16.45,16.50,825,100125
20210129,12:36,16.50,16.55,16.45,16.55,225,99075
20210129,12:37,16.40,16.60,16.40,16.60,150,99075
20210129,12:38,16.60,16.60,16.45,16.60,375,99075
20210129,12:39,16.60,16.60,16.45,16.45,1575,99000
20210129,12:40,16.50,16.60,16.50,16.60,975,99000
20210129,12:41,16.65,16.65,16.65,16.65,375,99000
20210129,12:42,16.30,16.45,16.30,16.45,300,97650
20210129,12:43,16.65,16.65,16.65,16.65,75,97650
20210129,12:44,16.60,16.60,16.55,16.60,600,97650
20210129,12:45,16.60,16.60,16.50,16.50,225,97350
20210129,12:46,16.75,16.75,16.50,16.55,3075,97350
20210129,12:47,16.65,16.65,16.40,16.40,2025,97350
20210129,12:48,16.45,16.65,16.45,16.60,375,99675
20210129,12:49,16.55,16.55,16.55,16.55,150,99675
20210129,12:50,16.80,16.80,16.60,16.60,300,99675
20210129,12:51,16.80,16.80,16.65,16.65,225,99375
20210129,12:52,16.65,16.65,16.60,16.60,1050,99375
20210129,12:53,16.65,16.80,16.65,16.80,225,99375
20210129,12:54,16.65,16.65,16.65,16.65,75,99375
20210129,12:55,16.65,16.65,16.65,16.65,1050,98625
20210129,12:56,16.50,16.50,16.50,16.50,75,98625
20210129,12:59,16.50,16.50,16.40,16.40,2325,98025
20210129,13:00,16.75,16.75,16.75,16.75,75,96300
20210129,13:01,16.45,16.60,16.35,16.35,600,96300
20210129,13:02,16.55,16.55,16.50,16.50,825,96300
20210129,13:03,16.25,16.25,16.15,16.25,225,96975
20210129,13:04,16.40,16.40,15.65,15.75,2250,96975
20210129,13:05,15.50,16.00,15.25,16.00,375,96975
20210129,13:06,15.90,16.05,15.85,15.85,225,96450
20210129,13:07,16.00,16.15,16.00,16.15,450,96450
20210129,13:08,16.00,16.25,16.00,16.10,300,96450
20210129,13:09,16.10,16.30,16.10,16.25,450,96450
20210129,13:10,16.30,16.30,16.00,16.20,1500,96450
20210129,13:11,16.20,16.20,16.10,16.10,300,96450
20210129,13:12,16.25,16.25,16.00,16.00,150,95325
20210129,13:13,15.95,16.00,15.95,15.95,525,95325
20210129,13:14,15.90,15.90,15.80,15.90,975,95325
20210129,13:15,15.80,16.00,15.80,15.85,900,95475
20210129,13:16,15.90,15.95,15.80,15.90,525,95475
20210129,13:17,15.75,15.90,15.75,15.85,375,95475
20210129,13:18,16.00,16.00,15.95,15.95,225,95850
20210129,13:19,15.80,15.80,15.80,15.80,675,95850
20210129,13:20,15.90,16.20,15.90,16.15,450,95850
20210129,13:21,16.15,16.15,16.15,16.15,225,96225
20210129,13:22,16.15,16.15,16.10,16.10,2100,96225
20210129,13:23,16.20,16.20,16.05,16.05,1275,96225
20210129,13:24,16.10,16.25,16.10,16.25,300,97275
20210129,13:25,16.20,16.35,16.10,16.10,750,97275
20210129,13:26,16.15,16.20,16.10,16.20,375,97275
20210129,13:27,16.35,16.35,16.05,16.05,1050,95625
20210129,13:28,16.40,16.40,16.30,16.35,2625,95625
20210129,13:29,16.20,16.30,16.00,16.05,3000,95625
20210129,13:30,16.05,16.15,16.05,16.15,300,96450
20210129,13:31,16.00,16.15,16.00,16.15,1950,96450
20210129,13:32,15.95,15.95,15.95,15.95,150,96450
20210129,13:33,15.85,15.85,15.85,15.85,75,97950
20210129,13:34,15.90,15.90,15.90,15.90,300,97950
20210129,13:35,15.95,15.95,15.95,15.95,75,97950
20210129,13:36,15.80,15.90,15.80,15.90,150,98025
20210129,13:37,16.00,16.10,15.90,15.90,1500,98025
20210129,13:38,15.90,15.90,15.65,15.70,3600,98025
20210129,13:39,15.45,15.85,15.45,15.85,2175,97275
20210129,13:40,15.50,15.65,15.40,15.45,1650,97275
20210129,13:41,15.50,15.50,15.45,15.45,600,97275
20210129,13:42,15.35,15.45,15.35,15.45,1050,97125
20210129,13:43,15.50,15.50,15.35,15.50,1875,97125
20210129,13:44,15.35,15.35,15.20,15.20,1725,97125
20210129,13:45,15.00,15.30,14.95,15.20,3675,95850
20210129,13:46,15.10,15.10,14.90,14.90,600,95850
20210129,13:47,14.90,14.95,14.70,14.80,2550,95850
20210129,13:48,14.80,15.00,14.80,14.80,975,96150
20210129,13:49,14.90,15.00,14.80,14.80,3975,96150
20210129,13:50,14.80,14.90,14.80,14.90,900,96150
20210129,13:51,14.95,14.95,14.90,14.95,675,97725
20210129,13:52,14.85,15.20,14.85,15.20,450,97725
20210129,13:53,15.05,15.20,15.00,15.20,1275,97725
20210129,13:54,15.00,15.40,15.00,15.35,600,98775
20210129,13:55,15.40,15.40,15.25,15.25,225,98775
20210129,13:56,15.00,15.25,15.00,15.20,375,98775
20210129,13:57,15.15,15.15,15.10,15.10,150,96075
20210129,13:58,15.35,15.35,15.35,15.35,150,96075
20210129,13:59,15.35,15.35,15.15,15.20,1800,96075
20210129,14:00,15.25,15.25,15.10,15.10,150,96975
20210129,14:01,15.05,15.30,15.05,15.30,2025,96975
20210129,14:02,15.40,15.40,15.35,15.35,1575,96975
20210129,14:03,15.05,15.15,14.90,15.15,1725,99075
20210129,14:04,14.90,15.00,14.45,14.95,2100,99075
20210129,14:05,14.90,14.95,14.70,14.95,2550,99075
20210129,14:06,14.65,14.80,14.45,14.45,5625,100875
20210129,14:07,14.60,14.60,14.60,14.60,1050,100875
20210129,14:08,14.85,14.85,14.70,14.75,600,100875
20210129,14:09,14.70,14.85,14.70,14.80,3150,100950
20210129,14:10,14.80,15.25,14.80,15.25,450,100950
20210129,14:11,14.90,15.55,14.90,15.35,3600,100950
20210129,14:12,15.60,16.05,15.60,15.90,1800,102075
20210129,14:13,16.10,16.75,16.10,16.75,5250,102075
20210129,14:14,16.55,16.95,16.55,16.85,1200,102075
20210129,14:15,16.95,17.50,16.95,17.50,5700,102675
20210129,14:16,17.35,17.80,17.35,17.50,4950,102675
20210129,14:17,17.55,17.80,16.95,16.95,4350,102675
20210129,14:18,17.10,17.30,16.75,16.75,1200,100500
20210129,14:19,16.75,17.30,16.75,17.25,825,100500
20210129,14:20,17.20,17.40,17.00,17.15,2925,100500
20210129,14:21,17.20,17.40,17.20,17.20,1425,100575
20210129,14:22,17.20,17.30,17.15,17.30,750,100575
20210129,14:23,17.45,17.60,17.30,17.40,2700,100575
20210129,14:24,17.35,17.70,17.30,17.50,3900,101100
20210129,14:25,17.30,17.50,17.30,17.50,1200,101100
20210129,14:26,17.50,17.55,17.25,17.55,1875,101100
20210129,14:27,17.50,17.60,17.15,17.35,975,101850
20210129,14:28,17.30,17.30,17.00,17.00,675,101850
20210129,14:29,17.30,17.30,16.85,16.85,1050,101850
20210129,14:30,16.90,16.90,16.00,16.25,7950,102900
20210129,14:31,16.10,16.35,16.10,16.25,675,102900
20210129,14:32,16.10,16.10,15.60,15.60,1950,102900
20210129,14:33,15.90,16.10,15.75,15.75,1200,102525
20210129,14:34,15.80,15.95,15.65,15.70,1800,102525
20210129,14:35,15.70,15.70,15.55,15.55,675,102525
20210129,14:36,15.45,15.95,15.40,15.75,750,102675
20210129,14:37,15.80,16.15,15.80,16.00,1725,102675
20210129,14:38,16.00,16.95,16.00,16.95,3450,102675
20210129,14:39,17.05,17.15,16.65,17.10,1500,103200
20210129,14:40,16.95,17.05,16.60,16.65,2025,103200
20210129,14:41,16.90,16.90,15.70,15.70,5025,103200
20210129,14:42,15.80,15.80,14.95,15.45,7275,106650
20210129,14:43,15.45,15.60,15.45,15.60,975,106650
20210129,14:44,15.30,15.70,15.30,15.35,2100,106650
20210129,14:45,15.00,15.25,14.40,15.10,4575,106650
20210129,14:46,14.85,15.10,14.70,14.90,2925,106650
20210129,14:47,14.90,15.00,14.40,14.60,2025,106650
20210129,14:48,14.60,14.65,14.35,14.55,1275,106125
20210129,14:49,14.45,14.50,14.35,14.40,2175,106125
20210129,14:50,14.50,14.50,14.25,14.35,1575,106125
20210129,14:51,14.60,14.95,14.60,14.80,1950,106650
20210129,14:52,14.75,15.00,14.65,14.70,2625,106650
20210129,14:53,14.70,14.70,14.50,14.60,2400,106650
20210129,14:54,14.60,14.60,14.45,14.45,3900,106650
20210129,14:55,14.35,14.35,13.85,13.85,2325,110775
20210129,14:56,13.75,13.85,13.30,13.35,9750,110775
20210129,14:57,13.30,13.55,13.10,13.25,2025,104475
20210129,14:58,13.25,13.30,13.05,13.10,2175,104475
20210129,14:59,13.25,13.40,13.15,13.20,1275,104475
20210129,15:00,13.15,13.20,12.90,13.15,7875,104400
20210129,15:01,13.10,13.10,12.45,12.60,11400,104400
20210129,15:02,12.75,12.75,11.25,11.65,9525,104400
20210129,15:03,11.75,12.00,11.40,11.45,6675,101100
20210129,15:04,11.50,13.25,11.50,13.05,4650,101100
20210129,15:05,13.20,13.20,12.25,12.35,3450,101100
20210129,15:06,12.55,12.55,11.80,11.80,4800,102000
20210129,15:07,11.80,12.25,11.80,12.20,3750,102000
20210129,15:08,12.30,12.70,12.10,12.70,3150,102000
20210129,15:09,12.60,12.75,12.40,12.45,4875,101925
20210129,15:10,12.60,12.60,12.20,12.35,2025,101925
20210129,15:11,12.45,12.45,12.30,12.40,1350,101925
20210129,15:12,12.50,12.50,12.15,12.15,2775,103575
20210129,15:13,12.10,12.45,12.10,12.30,2475,103575
20210129,15:14,12.20,12.40,12.05,12.35,3600,103575
20210129,15:15,12.30,12.30,12.20,12.20,1200,103800
20210129,15:16,12.20,12.25,11.85,11.85,4500,103800
20210129,15:17,11.80,12.05,11.65,11.80,7875,103800
20210129,15:18,12.00,12.70,11.95,12.70,1500,104850
20210129,15:19,12.80,12.80,12.45,12.50,1350,104850
20210129,15:20,12.50,12.75,12.45,12.70,5700,104850
20210129,15:21,12.60,12.60,12.25,12.45,5850,104400
20210129,15:22,12.35,12.40,11.90,11.90,4350,104400
20210129,15:23,12.00,12.30,11.95,12.20,8475,104400
20210129,15:24,12.25,12.60,12.10,12.60,2475,109575
20210129,15:25,12.65,12.95,12.65,12.90,17175,109575
20210129,15:26,13.00,13.05,12.70,12.75,4125,109575
20210129,15:27,12.85,13.00,12.70,13.00,3150,112725
20210129,15:28,13.25,13.25,12.95,13.20,3975,112725
20210129,15:29,13.00,13.35,12.70,13.15,9225,112725
20210201,09:15,14.00,15.00,10.35,10.35,7276,110775
20210201,09:16,10.35,11.70,9.15,10.70,9675,110775
20210201,09:17,10.45,10.45,9.85,10.05,23400,111375
20210201,09:18,10.20,10.35,9.40,9.40,10500,111375
20210201,09:19,9.60,9.60,9.00,9.30,4350,111375
20210201,09:20,9.30,9.50,8.70,9.25,5775,124950
20210201,09:21,9.15,9.50,9.05,9.45,3525,124950
20210201,09:22,9.40,9.60,9.25,9.40,5625,124950
20210201,09:23,9.40,9.50,9.25,9.35,3900,123675
20210201,09:24,9.50,9.50,9.05,9.10,1875,123675
20210201,09:25,9.10,9.20,8.85,8.85,1650,123675
20210201,09:26,8.80,8.95,8.70,8.70,3600,122250
20210201,09:27,8.60,8.70,8.50,8.70,2700,122250
20210201,09:28,8.70,8.70,8.50,8.50,7350,122250
20210201,09:29,8.50,8.50,8.25,8.25,6300,113475
20210201,09:30,8.25,8.25,8.05,8.20,3300,113475
20210201,09:31,8.10,8.10,7.65,7.65,3000,113475
20210201,09:32,7.65,7.70,7.35,7.65,6675,120975
20210201,09:33,7.60,7.60,7.45,7.55,1500,120975
20210201,09:34,7.50,7.65,7.50,7.50,11625,120975
20210201,09:35,7.35,7.40,7.10,7.10,3675,121050
20210201,09:36,7.05,7.05,6.85,6.95,4275,121050
20210201,09:37,6.75,7.00,6.60,6.75,7500,121050
20210201,09:38,6.70,6.80,6.70,6.70,3900,121800
20210201,09:39,6.70,6.85,6.70,6.80,1875,121800
20210201,09:40,6.80,6.80,6.65,6.70,2775,121800
20210201,09:41,6.70,6.70,6.50,6.50,9300,116925
20210201,09:42,6.50,6.65,6.45,6.60,8850,116925
20210201,09:43,6.60,6.80,6.60,6.75,1725,116925
20210201,09:44,6.75,6.75,6.65,6.65,5625,109425
20210201,09:45,6.65,6.65,6.60,6.60,1275,109425
20210201,09:46,6.55,6.70,6.55,6.60,2175,109425
20210201,09:47,6.70,6.75,6.65,6.75,675,109800
20210201,09:48,6.80,6.80,6.65,6.65,675,109800
20210201,09:49,6.75,6.90,6.75,6.90,525,109800
20210201,09:50,7.00,7.05,6.95,7.00,4125,113025
20210201,09:51,6.95,6.95,6.95,6.95,150,113025
20210201,09:52,6.90,6.95,6.90,6.95,675,113025
20210201,09:53,6.90,6.95,6.90,6.90,975,113400
20210201,09:54,7.00,7.05,7.00,7.00,1125,113400
20210201,09:55,7.00,7.10,6.95,7.05,3075,113400
20210201,09:56,7.05,7.05,6.85,6.85,5850,112200
20210201,09:57,6.95,7.20,6.90,7.15,2400,112200
20210201,09:58,7.15,7.20,7.15,7.20,225,112200
20210201,09:59,7.25,7.40,7.25,7.40,600,113250
20210201,10:00,7.45,7.50,7.35,7.50,1650,113250
20210201,10:01,7.55,7.55,7.50,7.50,375,113250
20210201,10:02,7.35,7.35,7.35,7.35,225,113175
20210201,10:03,7.30,7.35,7.20,7.20,3000,113175
20210201,10:04,7.40,7.40,7.25,7.40,675,113175
20210201,10:05,7.40,7.40,7.25,7.40,750,113325
20210201,10:06,7.40,7.40,7.30,7.30,1575,113325
20210201,10:07,7.30,7.45,7.30,7.45,1350,113325
20210201,10:08,7.40,7.50,7.35,7.45,1950,112500
20210201,10:09,7.45,7.50,7.20,7.40,5475,112500
20210201,10:10,7.40,7.40,7.15,7.15,3825,112500
20210201,10:11,7.25,7.35,7.20,7.20,1050,116850
20210201,10:12,7.20,7.25,7.00,7.00,525,116850
20210201,10:13,7.10,7.10,7.00,7.00,225,116850
20210201,10:14,7.10,7.10,7.10,7.10,1800,116700
20210201,10:15,7.15,7.15,7.10,7.10,1050,116700
20210201,10:16,7.20,7.25,7.10,7.15,1350,116700
20210201,10:17,7.10,7.15,7.10,7.15,975,118950
20210201,10:18,7.05,7.05,7.00,7.00,225,118950
20210201,10:19,7.00,7.00,6.95,6.95,300,118950
20210201,10:20,6.95,6.95,6.55,6.55,675,118875
20210201,10:21,6.50,6.60,6.45,6.60,1875,118875
20210201,10:22,6.65,6.95,6.65,6.95,450,118875
20210201,10:23,7.00,7.05,7.00,7.05,525,118875
20210201,10:24,7.05,7.05,7.00,7.00,900,118275
20210201,10:25,7.05,7.05,7.05,7.05,6600,118275
20210201,10:26,7.05,7.15,7.05,7.15,7575,119250
20210201,10:27,7.20,7.35,7.20,7.35,1350,119250
20210201,10:28,7.35,7.35,7.20,7.30,1875,119250
20210201,10:29,7.30,7.30,7.25,7.25,450,120675
20210201,10:30,7.25,7.25,7.15,7.15,600,120675
20210201,10:31,7.35,7.35,7.20,7.20,300,120675
20210201,10:32,7.30,7.50,7.30,7.50,675,120600
20210201,10:33,7.40,7.45,7.40,7.45,225,120600
20210201,10:34,7.40,7.40,7.20,7.20,1425,120600
20210201,10:35,7.25,7.40,7.20,7.35,1725,120975
20210201,10:37,7.15,7.15,7.10,7.10,450,120975
20210201,10:38,7.20,7.20,7.15,7.15,225,121275
20210201,10:39,7.20,7.30,7.20,7.30,225,121275
20210201,10:40,7.30,7.35,7.30,7.30,975,121275
20210201,10:41,7.40,7.40,7.30,7.40,1650,121425
20210201,10:42,7.35,7.40,7.35,7.40,1200,121425
20210201,10:43,7.45,7.45,7.40,7.40,1875,121425
20210201,10:44,7.40,7.50,7.40,7.50,1350,123450
20210201,10:45,7.50,7.50,7.50,7.50,225,123450
20210201,10:46,7.60,7.65,7.55,7.65,825,123450
20210201,10:47,7.65,7.65,7.65,7.65,75,123450
20210201,10:48,7.60,7.70,7.60,7.65,1275,124125
20210201,10:49,7.65,7.70,7.65,7.65,5925,124125
20210201,10:50,7.60,7.65,7.55,7.55,1350,128325
20210201,10:51,7.50,7.50,7.45,7.50,375,128325
20210201,10:52,7.50,7.50,7.35,7.40,900,128325
20210201,10:53,7.55,7.65,7.40,7.55,5475,129450
20210201,10:54,7.65,7.70,7.55,7.55,3750,129450
20210201,10:55,7.70,7.70,7.60,7.70,1800,129450
20210201,10:56,7.75,7.90,7.70,7.90,1350,133275
20210201,10:57,8.00,8.00,7.95,7.95,375,133275
20210201,10:58,8.05,8.05,7.90,7.90,1200,133275
20210201,10:59,7.90,7.90,7.85,7.85,825,133275
20210201,11:00,7.85,8.05,7.85,8.00,300,134925
20210201,11:01,8.00,8.00,8.00,8.00,450,134925
20210201,11:02,7.90,8.00,7.60,7.75,9300,132750
20210201,11:03,8.05,8.05,7.50,7.60,8175,132750
20210201,11:04,7.60,7.60,7.40,7.45,1650,132750
20210201,11:05,7.50,7.50,7.15,7.20,2400,132750
20210201,11:06,7.35,7.45,7.15,7.35,5550,128925
20210201,11:07,7.35,7.35,7.25,7.35,975,128925
20210201,11:08,7.20,7.20,7.10,7.10,1875,128550
20210201,11:09,7.10,7.15,7.00,7.00,2250,128550
20210201,11:10,7.05,7.05,6.90,6.95,1125,128550
20210201,11:11,6.85,6.95,6.85,6.90,600,130350
20210201,11:12,6.85,6.85,6.80,6.85,825,130350
20210201,11:13,6.80,6.90,6.80,6.90,150,130350
20210201,11:14,6.80,6.85,6.75,6.80,450,130800
20210201,11:15,6.85,6.90,6.85,6.90,300,130800
20210201,11:16,6.95,7.00,6.95,7.00,525,130800
20210201,11:17,6.95,6.95,6.90,6.95,375,130575
20210201,11:18,6.95,7.05,6.95,7.05,7950,130575
20210201,11:19,6.95,6.95,6.95,6.95,375,130575
20210201,11:20,7.00,7.55,6.95,7.55,3075,134700
20210201,11:21,7.55,7.95,7.25,7.55,4050,134700
20210201,11:22,7.60,7.70,7.60,7.60,6150,134700
20210201,11:23,7.75,7.75,7.50,7.70,2325,130200
20210201,11:24,7.70,7.85,7.35,7.35,5700,130200
20210201,11:25,7.60,7.80,7.55,7.65,2175,130200
20210201,11:26,7.65,7.75,7.55,7.60,4275,129975
20210201,11:27,7.75,7.80,7.65,7.75,600,129975
20210201,11:28,7.65,7.70,7.65,7.65,300,129975
20210201,11:29,7.80,8.10,7.70,7.95,1050,130425
20210201,11:30,8.00,8.25,8.00,8.05,4800,130425
20210201,11:31,8.05,8.15,7.55,7.60,5175,130425
20210201,11:32,7.75,7.95,7.70,7.90,3900,130350
20210201,11:33,7.90,8.05,7.60,7.75,5250,130350
20210201,11:34,7.70,7.90,7.70,7.80,1350,130350
20210201,11:35,7.95,8.00,7.85,7.85,3750,130350
20210201,11:36,7.75,7.85,7.75,7.85,1050,127950
20210201,11:37,7.85,7.85,7.65,7.75,3825,127950
20210201,11:38,7.65,7.65,7.60,7.60,525,127950
20210201,11:39,7.60,7.70,7.55,7.70,1800,127275
20210201,11:40,7.70,7.95,7.70,7.90,4725,127275
20210201,11:41,7.80,7.80,7.65,7.65,1800,127275
20210201,11:42,7.60,7.75,7.50,7.75,1650,127275
20210201,11:45,7.60,7.60,7.60,7.60,75,128025
20210201,11:46,7.75,7.80,7.65,7.75,1050,128025
20210201,11:47,7.75,7.80,7.75,7.80,450,128475
20210201,11:48,7.75,7.90,7.70,7.70,600,128475
20210201,11:49,7.70,8.00,7.70,8.00,3000,128475
20210201,11:50,8.00,8.10,7.85,7.90,6600,132150
20210201,11:51,7.90,7.90,7.65,7.65,3075,132150
20210201,11:52,7.75,7.80,7.40,7.40,12525,132150
20210201,11:53,7.50,7.75,7.50,7.55,2850,132150
20210201,11:54,7.55,7.55,7.50,7.50,150,135675
20210201,11:55,7.50,7.50,7.00,7.00,2550,135675
20210201,11:56,7.05,7.20,6.95,7.05,1950,137775
20210201,11:57,7.05,7.05,6.85,6.85,1875,137775
20210201,11:58,6.85,6.85,6.70,6.70,1950,137775
20210201,11:59,6.70,6.75,6.60,6.75,1050,137625
20210201,12:00,6.75,6.90,6.75,6.80,11025,137625
20210201,12:01,6.65,6.85,6.65,6.85,975,137625
20210201,12:02,6.90,6.95,6.70,6.85,6525,135975
20210201,12:03,6.60,6.85,6.60,6.75,2925,135975
20210201,12:04,6.70,6.75,6.70,6.70,600,135975
20210201,12:05,6.70,6.70,6.60,6.70,1425,135975
20210201,12:06,6.65,6.65,6.45,6.45,600,136050
20210201,12:07,6.45,6.45,6.25,6.25,750,136050
20210201,12:08,6.25,6.35,6.15,6.15,3450,136050
20210201,12:09,6.10,6.20,6.05,6.05,3225,136650
20210201,12:10,6.05,6.15,5.80,5.80,6075,136650
20210201,12:11,5.80,5.80,5.55,5.70,3375,136650
20210201,12:12,5.60,5.70,5.55,5.60,1575,140700
20210201,12:13,5.60,5.60,5.35,5.35,10275,140700
20210201,12:14,4.95,5.10,4.15,4.60,13800,146550
20210201,12:15,4.40,4.95,4.35,4.95,13950,146550
20210201,12:16,4.90,5.00,4.60,4.60,4200,146550
20210201,12:17,4.70,4.90,4.70,4.75,4800,146550
20210201,12:18,4.65,4.75,4.45,4.50,11025,148875
20210201,12:19,4.55,4.65,4.45,4.55,2100,148875
20210201,12:20,4.55,4.55,4.30,4.35,3300,148875
20210201,12:21,4.35,4.45,4.35,4.45,1200,147225
20210201,12:22,4.40,4.55,4.40,4.55,2250,147225
20210201,12:23,4.50,4.50,4.40,4.50,975,147225
20210201,12:24,4.40,4.40,4.35,4.40,2250,149700
20210201,12:25,4.40,4.50,4.40,4.45,1200,149700
20210201,12:26,4.40,4.55,4.40,4.55,1875,149700
20210201,12:27,4.55,4.80,4.55,4.80,4950,149175
20210201,12:28,4.90,4.90,4.70,4.80,4650,149175
20210201,12:29,4.80,5.10,4.80,5.05,2175,149175
20210201,12:30,5.20,5.20,5.05,5.05,900,147300
20210201,12:31,5.10,5.20,5.00,5.10,3975,147300
20210201,12:32,5.15,5.15,4.85,4.85,6525,147300
20210201,12:33,4.80,4.80,4.40,4.40,9975,151650
20210201,12:34,4.40,4.45,4.40,4.45,375,151650
20210201,12:35,4.40,4.40,4.30,4.35,2325,151650
20210201,12:36,4.40,4.40,4.30,4.30,750,150375
20210201,12:37,4.30,4.30,4.00,4.30,7650,150375
20210201,12:38,4.40,4.50,4.25,4.35,1500,150375
20210201,12:39,4.35,4.35,4.10,4.10,1500,151875
20210201,12:40,4.25,4.35,4.00,4.00,2925,151875
20210201,12:41,4.10,4.15,4.00,4.15,1725,151875
20210201,12:42,4.10,4.15,4.10,4.10,600,152475
20210201,12:43,4.10,4.25,4.10,4.25,5025,152475
20210201,12:44,4.30,4.35,4.20,4.25,8250,152475
20210201,12:45,4.30,4.30,4.15,4.15,1275,151725
20210201,12:46,4.15,4.15,4.05,4.10,1500,151725
20210201,12:47,4.05,4.05,3.85,3.85,2625,151725
20210201,12:48,3.95,4.00,3.95,3.95,825,151950
20210201,12:49,3.95,4.00,3.95,4.00,3525,151950
20210201,12:50,4.00,4.55,3.95,4.55,3150,151950
20210201,12:51,4.75,5.05,4.30,4.45,12450,154275
20210201,12:52,4.60,5.20,4.60,5.20,3750,154275
20210201,12:53,5.50,5.60,5.15,5.40,6375,154275
20210201,12:54,5.35,5.85,5.15,5.65,13425,157500
20210201,12:55,5.50,7.35,5.50,7.35,22350,157500
20210201,12:56,7.75,8.85,6.75,8.10,17850,157500
20210201,12:57,8.25,8.25,6.30,6.65,13125,156975
20210201,12:58,7.25,8.10,7.05,7.20,18975,156975
20210201,12:59,7.20,9.10,7.20,8.70,25500,156975
20210201,13:00,9.00,9.25,7.65,8.45,9075,140775
20210201,13:01,8.40,8.70,7.50,8.50,15225,140775
20210201,13:02,8.45,8.60,7.50,7.70,11775,140775
20210201,13:03,7.90,8.50,7.65,8.15,7725,152550
20210201,13:04,8.00,8.55,7.90,8.40,18225,152550
20210201,13:05,8.40,8.40,7.05,8.05,14925,152550
20210201,13:06,8.15,8.15,7.45,7.45,4275,161625
20210201,13:07,7.30,7.50,5.55,7.45,12900,161625
20210201,13:08,7.40,7.80,6.85,6.90,10725,161625
20210201,13:09,7.00,7.10,5.40,6.00,35700,169050
20210201,13:10,6.15,6.45,5.90,5.90,10350,169050
20210201,13:11,5.90,6.30,5.65,5.90,10800,169050
20210201,13:12,5.85,6.15,5.30,5.40,12525,183150
20210201,13:13,5.80,6.40,5.80,6.15,19500,183150
20210201,13:14,6.10,6.35,5.85,5.95,5400,183150
20210201,13:15,6.05,6.35,5.95,6.25,10200,215100
20210201,13:16,6.30,6.85,6.10,6.70,14175,215100
20210201,13:17,6.35,6.70,6.30,6.70,10500,215100
20210201,13:18,6.80,7.40,6.80,7.40,7500,221850
20210201,13:19,7.45,7.50,7.00,7.35,10800,221850
20210201,13:20,7.40,7.45,6.75,6.75,15525,221850
20210201,13:21,6.70,7.10,6.60,7.00,10800,232050
20210201,13:22,6.85,6.95,6.65,6.80,7875,232050
20210201,13:23,6.70,6.85,6.50,6.60,7800,232050
20210201,13:24,6.65,7.15,6.65,6.75,7875,233700
20210201,13:25,7.00,7.00,6.75,6.85,4050,233700
20210201,13:26,6.90,7.00,6.70,6.85,5475,233700
20210201,13:27,7.00,7.70,7.00,7.70,14925,234975
20210201,13:28,7.75,8.60,7.75,8.60,12150,234975
20210201,13:29,8.85,10.20,8.75,10.15,15150,234975
20210201,13:30,9.95,10.00,8.85,9.35,32625,238800
20210201,13:31,9.30,9.35,8.55,8.75,16275,238800
20210201,13:32,8.75,9.30,8.75,8.75,9975,238800
20210201,13:33,8.75,9.05,8.70,8.90,2850,243225
20210201,13:34,8.95,9.00,8.35,8.35,10050,243225
20210201,13:35,8.30,8.30,7.20,7.80,14700,243225
20210201,13:36,7.70,7.85,7.35,7.55,10350,237225
20210201,13:37,7.55,8.00,7.50,7.75,13950,237225
20210201,13:38,7.75,7.95,7.50,7.75,11100,237225
20210201,13:39,7.75,7.80,7.45,7.55,9600,244350
20210201,13:40,7.60,8.80,7.60,8.80,27450,244350
20210201,13:41,8.70,9.65,8.70,9.30,15900,244350
20210201,13:42,9.10,10.80,9.10,10.60,14475,248400
20210201,13:43,10.45,10.90,10.25,10.85,20550,248400
20210201,13:44,10.85,10.85,10.50,10.50,10425,248400
20210201,13:45,10.35,10.55,10.00,10.15,8550,264075
20210201,13:46,10.00,10.00,9.10,9.40,19425,264075
20210201,13:47,9.50,10.00,9.30,10.00,18000,264075
20210201,13:48,10.40,10.60,9.70,10.25,13200,273225
20210201,13:49,10.45,10.70,10.40,10.60,12375,273225
20210201,13:50,10.60,10.60,10.00,10.00,26325,273225
20210201,13:51,10.10,10.50,10.00,10.15,12675,276075
20210201,13:52,10.50,10.50,10.10,10.20,5925,276075
20210201,13:53,10.20,10.50,9.50,9.90,17325,276075
20210201,13:54,10.00,10.25,9.75,9.90,25800,264975
20210201,13:55,9.70,9.85,8.30,9.40,21825,264975
20210201,13:56,9.05,9.45,8.55,9.30,14625,264975
20210201,13:57,9.50,9.50,8.45,8.55,16200,269850
20210201,13:58,8.50,9.45,8.50,9.15,29550,269850
20210201,13:59,9.15,9.15,8.60,9.05,10275,269850
20210201,14:00,9.10,9.40,8.95,9.10,20625,273300
20210201,14:01,9.20,9.60,8.90,9.20,30300,273300
20210201,14:02,9.30,9.55,9.00,9.00,38175,273300
20210201,14:03,9.10,9.55,9.00,9.05,26700,267525
20210201,14:04,9.20,9.35,8.90,9.00,19050,267525
20210201,14:05,8.90,9.05,8.10,8.15,14475,267525
20210201,14:06,8.00,8.85,7.65,7.90,56025,283800
20210201,14:07,7.90,8.35,7.70,8.05,21750,283800
20210201,14:08,7.90,7.90,6.80,7.35,32625,283800
20210201,14:09,7.30,8.20,7.30,7.90,30375,308325
20210201,14:10,7.70,8.00,7.50,7.60,14100,308325
20210201,14:11,7.50,7.50,7.30,7.30,9150,308325
20210201,14:12,7.45,7.95,7.45,7.65,13350,314700
20210201,14:13,7.60,7.60,7.25,7.40,10125,314700
20210201,14:14,7.65,7.65,7.40,7.40,11025,314700
20210201,14:15,7.50,7.65,7.00,7.00,11475,323775
20210201,14:16,6.85,7.00,6.55,6.65,31200,323775
20210201,14:17,6.65,7.20,6.60,7.20,13725,323775
20210201,14:18,7.30,8.00,7.30,7.90,18900,334950
20210201,14:19,7.85,8.45,7.70,7.95,22575,334950
20210201,14:20,8.00,8.00,7.70,7.80,16800,334950
20210201,14:21,7.85,8.00,7.70,7.80,9675,344025
20210201,14:22,7.85,7.90,7.70,7.90,10650,344025
20210201,14:23,7.85,7.95,7.65,7.85,3975,344025
20210201,14:24,7.80,7.85,7.65,7.80,3075,346650
20210201,14:25,7.75,8.10,7.65,7.70,10950,346650
20210201,14:26,7.85,8.05,7.75,7.80,14850,346650
20210201,14:27,7.85,7.95,7.35,7.75,5850,346350
20210201,14:28,7.50,7.70,7.50,7.55,12900,346350
20210201,14:29,7.50,7.55,7.20,7.50,8250,346350
20210201,14:30,7.50,8.10,7.50,8.00,19125,351450
20210201,14:31,7.95,8.05,7.75,7.90,7425,351450
20210201,14:32,8.00,8.25,7.85,8.15,8325,351450
20210201,14:33,8.25,9.55,8.25,9.25,31575,361500
20210201,14:34,9.30,10.10,9.30,10.10,20400,361500
20210201,14:35,10.50,11.35,9.80,11.20,65025,361500
20210201,14:36,11.10,11.10,9.90,10.45,32700,349725
20210201,14:37,10.45,11.25,10.40,11.05,19875,349725
20210201,14:38,10.95,10.95,10.30,10.85,18375,349725
20210201,14:39,10.90,11.30,10.60,11.30,29775,357075
20210201,14:40,11.30,12.15,11.30,11.65,90075,357075
20210201,14:41,11.45,12.20,11.35,11.55,46350,357075
20210201,14:42,11.55,12.00,11.35,11.45,27375,337800
20210201,14:43,11.30,11.70,11.10,11.25,24750,337800
20210201,14:44,11.25,12.40,11.25,12.40,24525,337800
20210201,14:45,12.50,12.50,12.00,12.25,20775,356625
20210201,14:46,12.25,13.85,12.15,13.70,35100,356625
20210201,14:47,14.15,14.40,13.45,13.80,36525,356625
20210201,14:48,14.05,14.20,12.95,13.25,41850,356400
20210201,14:49,13.35,13.40,12.35,12.35,14475,356400
20210201,14:50,12.50,12.60,11.25,11.95,32400,356400
20210201,14:51,12.10,13.15,12.10,13.15,9750,358125
20210201,14:52,13.20,13.20,12.55,12.85,14100,358125
20210201,14:53,13.00,13.50,13.00,13.25,17100,358125
20210201,14:54,13.30,13.65,13.15,13.55,11400,356850
20210201,14:55,13.45,14.50,13.40,14.05,27000,356850
20210201,14:56,14.00,15.25,13.75,14.50,31275,356850
20210201,14:57,14.80,15.55,14.40,14.65,29025,359400
20210201,14:58,14.45,14.55,13.50,14.45,14700,359400
20210201,14:59,14.65,15.60,14.65,15.60,22050,359400
20210201,15:00,15.80,17.95,15.80,17.75,31950,358950
20210201,15:01,17.50,17.60,15.40,15.40,47550,358950
20210201,15:02,15.40,16.70,15.40,16.50,12975,358950
20210201,15:03,16.45,16.80,15.90,16.00,11475,354300
20210201,15:04,16.25,16.55,15.75,16.15,7650,354300
20210201,15:05,16.45,16.80,16.10,16.75,13425,354300
20210201,15:06,16.70,17.00,16.30,16.50,19650,336675
20210201,15:07,16.65,16.90,16.00,16.00,15675,336675
20210201,15:08,16.00,16.15,15.50,15.75,11700,336675
20210201,15:09,15.85,15.85,15.35,15.70,23325,335550
20210201,15:10,15.45,15.45,14.00,14.15,29550,335550
20210201,15:11,14.30,14.95,14.10,14.40,16425,335550
20210201,15:12,14.60,14.60,13.80,14.00,11550,329925
20210201,15:13,14.05,14.10,13.70,13.90,15900,329925
20210201,15:14,13.80,14.50,13.40,14.35,21900,329925
20210201,15:15,14.30,14.30,13.90,14.15,23175,330300
20210201,15:16,14.35,14.90,14.20,14.60,35175,330300
20210201,15:17,14.75,15.80,14.65,15.80,36525,330300
20210201,15:18,15.70,15.95,15.35,15.80,29775,336675
20210201,15:19,15.70,16.10,15.60,15.80,21525,336675
20210201,15:20,15.80,16.15,15.70,15.95,20775,336675
20210201,15:21,16.05,16.80,16.05,16.50,15000,322350
20210201,15:22,16.35,16.60,16.15,16.35,17025,322350
20210201,15:23,16.30,16.95,16.30,16.95,15450,322350
20210201,15:24,16.95,17.90,16.95,17.90,18900,332400
20210201,15:25,17.90,18.85,17.80,18.65,21975,332400
20210201,15:26,18.65,21.35,18.65,21.35,31050,332400
20210201,15:27,21.05,22.05,20.55,20.80,44850,358500
20210201,15:28,20.85,22.00,20.65,21.95,22800,358500
20210201,15:29,22.05,24.00,21.85,24.00,32925,358500
20210202,09:15,32.80,42.00,29.40,29.40,16426,304275
20210202,09:16,26.95,35.25,26.95,35.20,168375,304275
20210202,09:17,35.05,40.35,34.10,40.35,135450,314100
20210202,09:18,40.55,43.15,38.20,43.15,117375,314100
20210202,09:19,41.70,50.85,41.70,48.20,128475,314100
20210202,09:20,49.30,51.45,47.70,48.50,151425,336000
20210202,09:21,48.30,51.15,47.30,51.10,118425,336000
20210202,09:22,51.55,53.40,48.75,48.90,108600,336000
20210202,09:23,49.50,51.75,49.25,49.40,96375,374100
20210202,09:24,49.45,52.60,48.00,52.00,83775,374100
20210202,09:25,52.25,52.50,50.35,51.35,65325,374100
20210202,09:26,51.35,63.00,51.35,63.00,125475,389925
20210202,09:27,64.05,79.70,62.95,79.70,162525,389925
20210202,09:28,80.80,85.35,64.05,72.70,167925,389925
20210202,09:29,71.90,78.50,71.00,76.10,114300,391050
20210202,09:30,75.30,76.35,70.00,74.95,93075,391050
20210202,09:31,76.00,79.70,75.80,78.20,119475,391050
20210202,09:32,78.85,82.45,76.90,80.00,171225,397050
20210202,09:33,79.80,88.95,79.40,84.50,180150,397050
20210202,09:34,84.40,97.45,84.10,96.00,165975,397050
20210202,09:35,96.30,98.40,72.00,82.30,189300,411750
20210202,09:36,82.20,85.30,70.55,78.45,164925,411750
20210202,09:37,78.00,81.80,75.55,78.90,121050,411750
20210202,09:38,78.40,79.60,75.85,77.70,86850,438900
20210202,09:39,78.70,78.95,74.10,76.45,106650,438900
20210202,09:40,77.25,77.25,74.25,76.05,55200,438900
20210202,09:41,76.60,76.60,70.55,72.60,73725,431625
20210202,09:42,73.35,82.30,73.35,81.85,92775,431625
20210202,09:43,82.25,82.60,79.30,79.90,65250,431625
20210202,09:44,79.95,81.65,77.75,78.35,61500,474450
20210202,09:45,78.25,78.85,73.25,76.15,101625,474450
20210202,09:46,75.30,78.45,75.30,76.60,48525,474450
20210202,09:47,76.75,79.60,76.40,79.40,35025,479475
20210202,09:48,79.20,79.55,77.30,78.60,28275,479475
20210202,09:49,78.95,79.20,75.35,76.40,48225,479475
20210202,09:50,76.35,83.10,76.35,82.40,77175,503850
20210202,09:51,82.75,83.35,81.15,81.95,66150,503850
20210202,09:52,82.25,82.45,78.35,80.75,57975,503850
20210202,09:53,81.75,82.55,80.10,81.65,27450,522975
20210202,09:54,82.70,87.90,82.70,84.05,100350,522975
20210202,09:55,84.55,92.15,80.00,91.60,164700,522975
20210202,09:56,91.40,109.25,90.50,109.25,192675,525900
20210202,09:57,106.20,106.55,95.15,104.75,195600,525900
20210202,09:58,105.50,114.55,105.10,111.35,188775,525900
20210202,09:59,111.45,111.90,104.35,109.15,172875,543675
20210202,10:00,110.00,112.70,107.00,109.00,130350,543675
20210202,10:01,107.65,108.40,96.90,101.70,154500,543675
20210202,10:02,100.00,102.70,98.45,99.25,94425,510075
20210202,10:03,99.05,99.05,87.60,94.70,138375,510075
20210202,10:04,95.20,97.55,91.30,95.65,75225,510075
20210202,10:05,97.00,103.75,97.00,101.00,95925,531150
20210202,10:06,101.00,101.80,94.00,95.55,74025,531150
20210202,10:07,97.15,97.15,90.20,91.05,94575,531150
20210202,10:08,92.55,94.30,88.15,92.25,92775,588975
20210202,10:09,92.05,93.45,88.25,93.10,52500,588975
20210202,10:10,93.45,96.00,89.50,90.70,63000,588975
20210202,10:11,90.65,92.80,87.10,88.10,52725,605325
20210202,10:12,87.60,91.95,84.30,91.55,56325,605325
20210202,10:13,92.00,92.00,89.45,90.50,31725,605325
20210202,10:14,90.60,90.60,80.60,85.00,106875,631350
20210202,10:15,85.00,85.00,79.20,80.40,78525,631350
20210202,10:16,81.00,87.25,81.00,87.25,59700,631350
20210202,10:17,86.45,86.90,81.20,81.75,55800,642375
20210202,10:18,81.80,83.25,79.20,82.05,73875,642375
20210202,10:19,83.00,84.00,76.40,78.25,69900,642375
20210202,10:20,77.90,82.85,74.55,82.40,66000,669000
20210202,10:21,82.75,84.90,78.50,79.05,46725,669000
20210202,10:22,78.75,80.05,75.85,78.15,43200,669000
20210202,10:23,77.65,79.65,76.00,76.00,45900,667050
20210202,10:24,76.10,76.10,69.35,72.35,96900,667050
20210202,10:25,71.50,72.65,65.00,67.90,76125,667050
20210202,10:26,68.35,68.90,58.95,60.50,127350,646650
20210202,10:27,60.40,64.35,53.90,55.70,105000,646650
20210202,10:28,54.95,57.90,51.50,57.90,95250,646650
20210202,10:29,57.85,65.45,57.60,63.45,117450,626175
20210202,10:30,62.45,69.30,62.45,64.35,82725,626175
20210202,10:31,63.35,64.05,55.85,57.30,109800,626175
20210202,10:32,57.80,62.15,57.80,60.10,73500,626775
20210202,10:33,61.10,62.20,56.75,57.90,119475,626775
20210202,10:34,57.50,62.45,57.45,59.75,123150,626775
20210202,10:35,59.55,70.15,59.55,68.15,108975,632550
20210202,10:36,67.70,72.70,66.70,72.70,114825,632550
20210202,10:37,72.30,74.45,70.30,73.05,77775,632550
20210202,10:38,72.85,73.35,65.85,65.85,47400,651000
20210202,10:39,65.85,67.40,62.45,64.45,47025,651000
20210202,10:40,64.30,64.55,54.80,57.65,111450,651000
20210202,10:41,57.90,59.40,54.20,56.55,135675,671400
20210202,10:42,56.90,57.35,52.10,54.80,99675,671400
20210202,10:43,55.50,58.15,53.95,56.65,48975,671400
20210202,10:44,56.05,56.25,53.05,53.20,36450,672975
20210202,10:45,52.85,54.75,45.15,49.00,119250,672975
20210202,10:46,48.95,50.10,46.10,47.85,86850,672975
20210202,10:47,48.00,52.90,47.05,52.20,62175,684900
20210202,10:48,52.30,52.70,50.50,52.70,46425,684900
20210202,10:49,53.05,57.00,52.45,55.30,69825,684900
20210202,10:50,54.35,54.90,49.60,50.90,57300,687750
20210202,10:51,51.40,51.40,48.50,48.95,42525,687750
20210202,10:52,49.45,50.00,42.10,47.80,101550,687750
20210202,10:53,47.40,50.10,45.85,50.10,46125,681525
20210202,10:54,50.25,57.85,48.35,56.35,73500,681525
20210202,10:55,56.55,56.55,50.65,51.15,62250,681525
20210202,10:56,51.60,56.00,51.60,56.00,30075,675225
20210202,10:57,55.55,59.60,55.50,59.25,45000,675225
20210202,10:58,59.40,60.60,58.50,58.80,54150,675225
20210202,10:59,58.70,61.90,56.75,60.85,62550,681525
20210202,11:00,61.30,61.95,58.45,59.65,46800,681525
20210202,11:01,59.65,63.55,57.70,63.55,66075,681525
20210202,11:02,63.20,64.05,61.60,64.05,62925,686400
20210202,11:03,64.90,64.90,61.55,62.40,49650,686400
20210202,11:04,62.00,62.50,59.10,61.90,35025,686400
20210202,11:05,62.20,62.90,53.80,55.75,53475,681825
20210202,11:06,55.85,59.80,54.60,59.80,24300,681825
20210202,11:07,59.90,61.15,58.25,60.00,26775,681825
20210202,11:08,59.75,59.75,56.30,59.25,25500,678225
20210202,11:09,58.95,60.50,57.10,57.75,26925,678225
20210202,11:10,57.75,61.00,57.75,60.90,21150,678225
20210202,11:11,60.45,61.00,58.30,60.05,26925,687000
20210202,11:12,59.75,60.80,57.05,57.60,31575,687000
20210202,11:13,57.60,60.35,56.00,58.55,34200,687000
20210202,11:14,58.40,60.70,58.40,59.65,20025,679725
20210202,11:15,60.40,60.45,58.10,59.15,17850,679725
20210202,11:16,59.10,63.15,59.10,63.15,25725,679725
20210202,11:17,63.55,66.40,63.05,63.70,69000,692775
20210202,11:18,63.35,63.35,60.55,61.55,30975,692775
20210202,11:19,61.70,63.35,61.00,61.00,29400,692775
20210202,11:20,60.50,61.10,58.00,61.00,31725,681675
20210202,11:21,61.65,62.10,56.00,56.00,43125,681675
20210202,11:22,56.15,59.90,55.25,59.40,23550,681675
20210202,11:23,59.75,59.75,57.75,59.15,13425,688875
20210202,11:24,58.90,61.65,58.60,61.65,33375,688875
20210202,11:25,62.20,63.60,61.70,62.95,52875,688875
20210202,11:26,63.05,63.35,59.65,60.95,41925,698775
20210202,11:27,61.50,61.75,60.00,60.20,19200,698775
20210202,11:28,60.00,61.65,59.35,60.00,26775,698775
20210202,11:29,59.65,60.00,58.10,58.80,41025,706725
20210202,11:30,59.35,61.20,59.15,60.90,12525,706725
20210202,11:31,60.70,60.95,58.55,59.00,22500,706725
20210202,11:32,58.60,58.80,55.90,58.40,24675,712350
20210202,11:33,58.75,59.45,56.30,56.65,20550,712350
20210202,11:34,56.60,56.85,51.60,53.40,60450,712350
20210202,11:35,53.60,56.05,52.50,55.25,27225,691425
20210202,11:36,55.00,55.00,50.40,52.15,67350,691425
20210202,11:37,52.65,53.75,49.30,52.35,67950,691425
20210202,11:38,52.20,52.85,50.25,51.75,32700,693450
20210202,11:39,52.35,52.35,50.30,51.80,17925,693450
20210202,11:40,51.65,51.65,46.70,50.20,50250,693450
20210202,11:41,49.85,49.90,48.00,48.45,24825,708450
20210202,11:42,48.75,48.75,45.85,46.60,53475,708450
20210202,11:43,46.30,46.50,43.65,44.25,67950,708450
20210202,11:44,44.45,48.00,44.45,47.90,57825,723900
20210202,11:45,47.50,48.15,44.05,44.95,54600,723900
20210202,11:46,44.40,45.25,41.60,45.10,87375,723900
20210202,11:47,45.00,45.05,41.80,44.15,54450,742575
20210202,11:48,44.25,46.20,43.70,44.45,58500,742575
20210202,11:49,44.40,44.50,41.85,41.85,50100,742575
20210202,11:50,41.40,45.35,41.40,43.65,53625,744225
20210202,11:51,43.70,48.60,43.70,48.20,62400,744225
20210202,11:52,47.85,50.65,47.30,49.30,72600,744225
20210202,11:53,48.85,50.75,47.15,48.70,55725,746700
20210202,11:54,48.85,49.70,47.95,48.60,37950,746700
20210202,11:55,48.00,48.70,45.60,48.25,39900,746700
20210202,11:56,49.10,49.15,46.00,48.00,52950,757725
20210202,11:57,47.70,47.70,44.50,45.40,35250,757725
20210202,11:58,45.55,45.90,42.00,43.45,50175,757725
20210202,11:59,43.80,46.00,42.80,45.50,37125,753825
20210202,12:00,46.05,46.10,42.15,43.25,46125,753825
20210202,12:01,43.45,45.25,42.35,44.25,38850,753825
20210202,12:02,44.20,45.65,44.20,45.50,22425,760725
20210202,12:03,45.70,48.00,45.60,47.60,45675,760725
20210202,12:04,47.70,48.15,45.90,47.65,22875,760725
20210202,12:05,47.10,47.70,44.20,44.35,26925,763950
20210202,12:06,44.15,47.85,43.85,47.55,28125,763950
20210202,12:07,47.30,47.80,46.40,47.20,18675,763950
20210202,12:08,47.35,53.30,47.20,53.30,72300,773475
20210202,12:09,52.30,58.00,52.30,57.05,83775,773475
20210202,12:10,57.50,57.70,54.65,57.55,60825,773475
20210202,12:11,56.50,59.00,55.65,56.80,55050,765450
20210202,12:12,56.65,58.95,56.65,57.85,40425,765450
20210202,12:13,58.25,59.25,56.40,58.00,33075,765450
20210202,12:14,57.60,58.90,55.70,57.50,34425,756150
20210202,12:15,57.25,58.30,56.00,57.30,21075,756150
20210202,12:16,57.75,58.05,51.80,54.50,46725,756150
20210202,12:17,54.00,56.00,53.35,53.90,18450,747900
20210202,12:18,53.85,56.35,53.30,54.95,18750,747900
20210202,12:19,55.55,56.35,54.00,54.35,11775,747900
20210202,12:20,55.45,57.75,54.30,57.40,20025,754950
20210202,12:21,57.45,57.45,54.05,54.45,15900,754950
20210202,12:22,54.40,54.40,47.95,50.75,61650,754950
20210202,12:23,51.25,52.35,49.40,49.40,22425,750450
20210202,12:24,49.20,50.35,47.10,50.00,42300,750450
20210202,12:25,50.25,51.50,48.20,50.70,30075,750450
20210202,12:26,50.10,52.85,49.95,52.25,22950,749175
20210202,12:27,52.30,53.95,51.30,53.65,16725,749175
20210202,12:28,53.50,54.40,52.50,53.50,34050,749175
20210202,12:29,53.70,54.50,52.30,54.25,18225,754125
20210202,12:30,53.85,55.55,53.85,54.70,29250,754125
20210202,12:31,54.75,54.75,51.35,53.35,27375,754125
20210202,12:32,53.30,53.30,51.20,52.05,15000,759975
20210202,12:33,52.10,52.10,49.00,50.40,23100,759975
20210202,12:34,50.75,50.80,48.50,49.25,18000,759975
20210202,12:35,48.95,51.60,48.95,51.35,15075,759975
20210202,12:36,51.50,54.00,51.35,53.55,17025,754575
20210202,12:37,53.45,54.70,51.70,52.40,29175,754575
20210202,12:38,52.10,53.35,51.00,53.35,17400,754575
20210202,12:39,53.30,54.70,52.60,54.55,11400,754725
20210202,12:40,54.75,56.25,54.00,56.25,38175,754725
20210202,12:41,56.65,56.65,51.50,51.50,39075,754725
20210202,12:42,51.75,54.50,51.60,53.50,14550,759525
20210202,12:43,53.55,53.55,49.90,50.90,22275,759525
20210202,12:44,50.90,51.70,48.05,49.70,28725,759525
20210202,12:45,49.05,50.90,47.85,50.45,33300,761625
20210202,12:46,50.40,50.45,45.65,45.90,40350,761625
20210202,12:47,46.30,48.70,46.10,48.50,36300,761625
20210202,12:48,48.45,48.45,45.10,46.70,31800,763500
20210202,12:49,46.40,47.05,45.05,46.25,19875,763500
20210202,12:50,46.10,48.85,45.80,48.85,35700,763500
20210202,12:51,48.70,49.60,47.05,49.60,29025,766875
20210202,12:52,49.70,51.15,49.40,50.10,53700,766875
20210202,12:53,50.10,50.80,49.30,50.20,10650,766875
20210202,12:54,50.40,52.90,50.15,51.90,14700,767625
20210202,12:55,52.30,53.65,51.55,51.80,18000,767625
20210202,12:56,51.50,51.50,47.30,48.40,34125,767625
20210202,12:57,48.40,51.45,47.90,51.45,17250,763350
20210202,12:58,51.45,52.40,50.65,52.00,26025,763350
20210202,12:59,52.25,53.75,51.75,53.35,26925,763350
20210202,13:00,52.90,54.40,51.75,54.25,27450,788400
20210202,13:01,54.45,54.95,52.10,52.10,29550,788400
20210202,13:02,51.80,54.65,51.80,53.70,29175,788400
20210202,13:03,53.75,54.00,52.55,53.35,15750,784050
20210202,13:04,53.10,54.85,53.10,54.50,23475,784050
20210202,13:05,54.85,57.70,54.10,57.05,41100,784050
20210202,13:06,57.30,62.90,57.30,62.90,90150,766875
20210202,13:07,63.40,63.90,60.20,63.85,78375,766875
20210202,13:08,63.70,64.70,62.00,63.70,51375,766875
20210202,13:09,64.00,65.95,63.15,64.80,88425,762525
20210202,13:10,64.95,65.50,60.30,62.75,60375,762525
20210202,13:11,62.90,64.55,62.75,64.40,34800,762525
20210202,13:12,64.30,65.70,61.20,61.30,38850,753900
20210202,13:13,61.15,61.25,55.80,59.85,65025,753900
20210202,13:14,59.30,59.55,56.60,59.55,25875,753900
20210202,13:15,59.05,60.95,56.80,60.75,50925,760125
20210202,13:16,60.75,60.75,56.70,57.15,32175,760125
20210202,13:17,57.15,57.25,51.80,55.00,48975,760125
20210202,13:18,54.95,56.25,52.80,55.20,35400,761700
20210202,13:19,55.10,60.00,55.10,59.30,43500,761700
20210202,13:20,59.55,62.20,58.90,61.40,36450,761700
20210202,13:21,62.65,63.35,61.45,61.45,44250,764100
20210202,13:22,61.25,61.70,56.90,58.45,58350,764100
20210202,13:23,58.20,58.85,57.00,57.25,22725,764100
20210202,13:24,57.00,58.90,55.85,57.90,28725,763350
20210202,13:25,58.00,58.15,55.90,57.40,33300,763350
20210202,13:26,57.15,63.00,57.15,63.00,48075,763350
20210202,13:27,62.90,62.90,60.00,61.80,27900,757050
20210202,13:28,62.15,62.15,60.35,61.10,14775,757050
20210202,13:29,61.00,61.65,58.20,61.65,37875,757050
20210202,13:30,61.80,61.80,54.30,58.35,60825,753300
20210202,13:31,58.50,60.00,57.50,60.00,33075,753300
20210202,13:32,60.05,62.00,59.60,61.50,42225,753300
20210202,13:33,61.60,62.55,58.85,59.30,36525,753975
20210202,13:34,59.35,60.70,58.85,60.45,29025,753975
20210202,13:35,59.95,60.35,55.60,58.45,31800,753975
20210202,13:36,58.60,60.25,56.30,60.15,27450,750150
20210202,13:37,60.05,60.60,57.80,60.60,15225,750150
20210202,13:38,60.10,67.70,60.10,66.90,125775,750150
20210202,13:39,67.40,71.40,65.75,70.60,148725,747225
20210202,13:40,70.45,73.45,67.70,71.30,98775,747225
20210202,13:41,71.10,71.65,67.70,68.05,62625,747225
20210202,13:42,66.70,69.65,65.35,68.60,43650,751350
20210202,13:43,68.20,68.20,63.00,63.60,52650,751350
20210202,13:44,64.20,68.45,64.05,68.00,31050,751350
20210202,13:45,67.85,67.85,64.65,66.55,34875,755025
20210202,13:46,66.35,67.55,63.80,67.45,34725,755025
20210202,13:47,66.95,68.15,64.55,65.15,40875,755025
20210202,13:48,65.50,65.70,62.45,63.15,45225,781275
20210202,13:49,63.00,65.00,61.65,65.00,29175,781275
20210202,13:50,64.80,67.15,64.75,66.30,32250,781275
20210202,13:51,66.80,69.35,65.45,68.60,49350,789900
20210202,13:52,68.70,69.95,67.25,67.25,47475,789900
20210202,13:53,67.15,68.15,66.30,67.90,34650,789900
20210202,13:54,67.00,67.55,65.45,65.45,27150,798450
20210202,13:55,65.60,65.60,47.70,49.65,160725,798450
20210202,13:56,49.80,53.75,40.95,53.65,217125,798450
20210202,13:57,53.90,53.90,45.60,50.25,117525,777375
20210202,13:58,48.80,52.15,46.90,50.70,83475,777375
20210202,13:59,50.85,58.45,50.85,56.05,63225,777375
20210202,14:00,56.75,63.30,56.55,61.55,100275,773325
20210202,14:01,61.95,62.20,58.30,60.30,41475,773325
20210202,14:02,60.40,61.75,58.95,59.80,42525,773325
20210202,14:03,60.50,61.45,58.45,60.75,43950,779100
20210202,14:04,60.60,61.00,55.45,56.45,26850,779100
20210202,14:05,56.85,59.15,53.50,55.85,66450,779100
20210202,14:06,56.85,60.20,55.95,59.00,50100,780525
20210202,14:07,58.75,60.20,58.15,58.45,27900,780525
20210202,14:08,58.25,60.35,57.25,60.15,27450,780525
20210202,14:09,60.15,60.50,56.75,58.75,23250,778425
20210202,14:10,58.95,60.90,58.65,59.30,35325,778425
20210202,14:11,59.30,62.50,57.15,60.40,47100,778425
20210202,14:12,60.20,65.15,60.00,63.70,79950,780000
20210202,14:13,63.85,64.80,62.60,64.55,26100,780000
20210202,14:14,64.60,65.25,61.25,63.40,29775,780000
20210202,14:15,63.15,67.25,63.15,64.60,80475,779700
20210202,14:16,65.00,65.00,60.30,60.30,98700,779700
20210202,14:17,60.05,63.05,58.95,62.75,41625,779700
20210202,14:18,63.15,63.80,61.95,62.75,36075,793125
20210202,14:19,63.05,67.40,63.05,67.40,69000,793125
20210202,14:20,68.70,69.05,65.00,65.55,95475,793125
20210202,14:21,65.35,67.60,65.30,66.00,43500,778500
20210202,14:22,65.85,66.45,62.05,66.05,57375,778500
20210202,14:23,66.25,68.35,65.50,66.10,70350,778500
20210202,14:24,65.55,66.65,63.60,65.60,54000,775050
20210202,14:25,65.75,67.60,64.30,65.20,34800,775050
20210202,14:26,65.65,65.75,62.95,64.70,45900,775050
20210202,14:27,64.95,64.95,60.05,61.65,36225,774075
20210202,14:28,61.25,64.30,55.75,63.70,80625,774075
20210202,14:29,64.45,66.70,62.60,64.60,68625,774075
20210202,14:30,65.00,67.90,64.65,65.70,84900,786150
20210202,14:31,66.15,67.45,64.30,65.00,55275,786150
20210202,14:32,66.20,67.25,63.00,65.80,57075,786150
20210202,14:33,66.25,67.40,65.45,66.15,55875,778875
20210202,14:34,66.35,69.05,66.20,67.45,72300,778875
20210202,14:35,67.45,70.70,67.00,69.60,86175,778875
20210202,14:36,68.85,70.45,65.90,70.45,62925,783150
20210202,14:37,70.50,71.95,69.00,70.65,96525,783150
20210202,14:38,70.30,71.00,68.70,69.25,56775,783150
20210202,14:39,69.15,71.00,66.85,68.40,59400,780600
20210202,14:40,68.45,69.45,67.00,67.45,37425,780600
20210202,14:41,67.45,69.30,66.00,66.00,25725,780600
20210202,14:42,66.25,69.50,66.25,69.50,33225,784125
20210202,14:43,68.95,72.00,68.95,70.35,68250,784125
20210202,14:44,70.15,70.55,67.80,67.90,40650,784125
20210202,14:45,68.65,68.65,57.85,59.65,152025,794700
20210202,14:46,59.35,61.10,54.45,58.60,135825,794700
20210202,14:47,58.15,61.20,57.25,58.30,112425,794700
20210202,14:48,57.65,58.75,55.55,57.65,56250,789675
20210202,14:49,57.55,61.15,55.60,55.60,68400,789675
20210202,14:50,55.55,55.60,50.05,53.45,89325,789675
20210202,14:51,54.00,57.50,54.00,55.35,53175,798225
20210202,14:52,55.80,57.05,54.80,55.40,37575,798225
20210202,14:53,54.85,54.85,50.60,50.85,50925,798225
20210202,14:54,50.70,56.60,50.50,56.50,63750,809325
20210202,14:55,55.90,56.75,54.30,56.75,45375,809325
20210202,14:56,56.35,57.25,54.70,55.45,49350,809325
20210202,14:57,55.60,59.25,52.45,59.25,64050,803250
20210202,14:58,59.15,60.35,58.25,60.15,78900,803250
20210202,14:59,60.05,61.25,58.00,59.55,56325,803250
20210202,15:00,59.50,63.65,59.50,61.25,78225,785400
20210202,15:01,60.95,61.20,55.50,57.85,64350,785400
20210202,15:02,58.35,59.55,57.05,58.85,29025,785400
20210202,15:03,58.90,60.20,53.25,53.25,61050,796500
20210202,15:04,53.15,58.25,53.15,58.25,76125,796500
20210202,15:05,58.00,59.05,56.20,58.60,55950,796500
20210202,15:06,58.00,59.60,56.95,58.40,38775,789000
20210202,15:07,58.75,60.50,58.35,58.35,50025,789000
20210202,15:08,58.40,62.40,58.40,62.40,46875,789000
20210202,15:09,62.90,62.90,58.30,59.35,52800,781350
20210202,15:10,59.25,60.95,59.10,59.30,38025,781350
20210202,15:11,59.05,61.60,58.85,60.40,42150,781350
20210202,15:12,60.35,60.75,58.35,58.70,34875,771900
20210202,15:13,58.75,60.40,58.30,58.95,35625,771900
20210202,15:14,59.20,59.75,58.35,58.70,26475,771900
20210202,15:15,58.70,59.90,58.60,59.25,19650,777750
20210202,15:16,59.20,60.00,58.40,59.15,29700,777750
20210202,15:17,58.75,59.70,56.95,56.95,29400,777750
20210202,15:18,57.15,58.65,57.00,58.65,19425,790350
20210202,15:19,58.70,60.25,58.65,59.95,51675,790350
20210202,15:20,59.65,60.65,59.35,60.20,42075,790350
20210202,15:21,60.25,62.05,60.00,61.55,57075,753525
20210202,15:22,61.35,62.85,60.90,62.55,62550,753525
20210202,15:23,62.20,66.50,61.95,66.45,53475,753525
20210202,15:24,66.05,66.25,64.05,65.10,49050,712050
20210202,15:25,65.05,66.60,65.05,66.30,64650,712050
20210202,15:26,66.50,66.75,65.70,65.95,24600,712050
20210202,15:27,66.00,67.00,66.00,67.00,37050,689850
20210202,15:28,66.95,67.00,66.00,66.50,56400,689850
20210202,15:29,66.40,67.00,66.05,67.00,59700,689850
20210203,09:15,72.35,88.20,67.00,71.75,315602,670125
20210203,09:16,71.15,71.90,65.75,68.50,228000,670125
20210203,09:17,67.95,67.95,51.10,51.10,253125,723825
20210203,09:18,49.15,51.85,42.70,48.85,250650,723825
20210203,09:19,49.25,52.20,44.30,44.70,198150,723825
20210203,09:20,45.25,48.65,35.75,44.55,324225,859350
20210203,09:21,45.60,55.95,44.75,52.55,268125,859350
20210203,09:22,52.45,55.35,50.35,53.55,201075,859350
20210203,09:23,52.85,55.75,49.85,50.15,158700,876825
20210203,09:24,49.30,51.70,44.90,48.85,174225,876825
20210203,09:25,49.40,53.00,48.50,50.35,106800,876825
20210203,09:26,50.75,52.95,49.40,52.95,69150,890850
20210203,09:27,52.65,56.30,52.55,56.30,156600,890850
20210203,09:28,55.20,62.55,54.05,60.60,200925,890850
20210203,09:29,60.45,62.45,58.00,58.40,175500,917775
20210203,09:30,58.65,64.95,58.45,63.00,207300,917775
20210203,09:31,62.45,66.25,62.05,64.20,171600,917775
20210203,09:32,64.75,66.40,63.40,65.75,137100,948750
20210203,09:33,65.65,68.25,64.00,64.45,156975,948750
20210203,09:34,64.40,66.00,62.20,62.95,122550,948750
20210203,09:35,62.75,63.75,62.00,63.35,113025,971925
20210203,09:36,63.65,64.65,52.15,53.70,163425,971925
20210203,09:37,53.95,59.00,53.25,56.70,116025,971925
20210203,09:38,56.90,58.70,54.25,55.60,72150,975000
20210203,09:39,55.65,62.65,55.40,62.65,101550,975000
20210203,09:40,62.05,66.15,61.65,65.40,173175,975000
20210203,09:41,65.80,65.80,62.30,64.80,98025,1043700
20210203,09:42,65.40,66.95,64.30,66.05,112800,1043700
20210203,09:43,66.50,66.50,62.65,62.65,106950,1043700
20210203,09:44,62.85,65.20,62.00,62.00,83700,1043475
20210203,09:45,61.85,62.45,57.85,61.20,149400,1043475
20210203,09:46,61.25,61.25,55.50,58.50,113925,1043475
20210203,09:47,58.50,59.25,53.35,55.85,122175,1081200
20210203,09:48,55.85,61.95,55.50,61.30,90750,1081200
20210203,09:49,60.80,63.95,60.80,61.30,119325,1081200
20210203,09:50,61.25,63.30,57.75,62.35,117000,1151250
20210203,09:51,62.40,63.55,57.80,59.85,73350,1151250
20210203,09:52,59.65,60.95,56.65,57.70,77250,1151250
20210203,09:53,57.85,61.15,57.45,60.00,80025,1191750
20210203,09:54,59.45,62.35,58.60,60.50,69150,1191750
20210203,09:55,61.00,62.45,58.20,58.35,98025,1191750
20210203,09:56,58.15,62.20,57.60,61.40,79050,1202475
20210203,09:57,62.35,63.00,60.35,62.10,90675,1202475
20210203,09:58,62.95,66.80,61.90,65.95,178200,1202475
20210203,09:59,66.90,70.55,64.80,68.55,256050,1175250
20210203,10:00,69.65,74.05,69.65,72.50,290925,1175250
20210203,10:01,72.25,74.00,70.50,72.50,150825,1175250
20210203,10:02,71.90,72.45,67.45,71.90,134700,1163100
20210203,10:03,71.10,73.60,68.15,68.15,136650,1163100
20210203,10:04,68.45,70.55,65.00,70.00,116100,1163100
20210203,10:05,70.50,72.50,68.90,71.85,96600,1189575
20210203,10:06,71.65,73.55,70.00,70.60,130275,1189575
20210203,10:07,70.25,72.65,67.00,68.15,111525,1189575
20210203,10:08,67.50,71.25,66.95,67.85,72225,1239450
20210203,10:09,67.60,70.00,66.75,69.15,72225,1239450
20210203,10:10,69.70,70.20,66.90,67.80,56325,1239450
20210203,10:11,67.65,69.00,63.65,69.00,99150,1235775
20210203,10:12,69.10,72.70,67.70,72.00,107475,1235775
20210203,10:13,72.45,73.25,69.00,72.00,104925,1235775
20210203,10:14,71.95,76.90,70.20,76.90,189750,1216425
20210203,10:15,77.75,86.80,77.75,85.00,439275,1216425
20210203,10:16,85.75,86.40,83.00,85.15,174450,1216425
20210203,10:17,85.20,87.15,80.40,80.60,141900,1137975
20210203,10:18,81.20,86.10,81.20,84.85,101475,1137975
20210203,10:19,85.50,88.90,84.70,88.40,176925,1137975
20210203,10:20,89.20,95.10,87.65,88.85,333975,1113825
20210203,10:21,88.20,89.55,85.35,86.30,129150,1113825
20210203,10:22,86.05,90.30,86.05,89.85,101400,1113825
20210203,10:23,90.00,94.05,89.40,93.70,120675,1150875
20210203,10:24,93.75,93.75,88.00,88.25,121350,1150875
20210203,10:25,88.00,88.95,84.20,87.90,130650,1150875
20210203,10:26,88.35,91.25,87.75,90.05,63975,1172925
20210203,10:27,89.95,92.90,89.05,92.00,78450,1172925
20210203,10:28,92.05,100.00,92.05,97.60,306975,1172925
20210203,10:29,98.20,99.55,93.65,98.30,159300,1082475
20210203,10:30,98.90,102.50,98.10,101.15,205875,1082475
20210203,10:31,101.30,109.35,100.60,109.35,162450,1082475
20210203,10:32,107.00,108.00,100.85,107.25,226050,1039725
20210203,10:33,107.00,113.00,106.65,106.70,245550,1039725
20210203,10:34,106.85,109.95,104.00,108.60,110850,1039725
20210203,10:35,109.05,114.00,105.25,106.65,146100,1065825
20210203,10:36,106.35,107.85,101.70,106.00,151425,1065825
20210203,10:37,105.55,108.65,104.00,106.10,84150,1065825
20210203,10:38,106.25,108.95,104.45,106.00,77475,1089450
20210203,10:39,105.10,107.65,103.35,105.00,55575,1089450
20210203,10:40,104.45,104.85,100.65,101.85,71400,1089450
20210203,10:41,101.70,102.60,95.00,99.25,113550,1095825
20210203,10:42,99.55,105.75,96.05,105.75,105525,1095825
20210203,10:43,106.75,111.15,106.50,108.95,125250,1095825
20210203,10:44,109.10,111.60,109.00,109.70,74325,1069125
20210203,10:45,108.90,113.65,108.55,112.25,85050,1069125
20210203,10:46,112.50,114.95,110.25,112.60,85950,1069125
20210203,10:47,112.00,113.30,104.95,107.20,66750,1052775
20210203,10:48,107.40,107.90,102.10,103.60,71175,1052775
20210203,10:49,102.15,107.10,101.45,105.05,62400,1052775
20210203,10:50,104.70,106.00,101.40,103.40,49350,1068300
20210203,10:51,104.10,108.15,104.10,106.25,57525,1068300
20210203,10:52,104.90,111.45,104.60,109.90,70125,1068300
20210203,10:53,110.00,110.95,104.85,106.40,40200,1063500
20210203,10:54,106.45,107.50,103.65,106.60,32400,1063500
20210203,10:55,107.75,111.00,105.05,111.00,54900,1063500
20210203,10:56,111.05,112.00,108.55,110.30,53625,1075650
20210203,10:57,110.15,112.00,109.10,110.45,32550,1075650
20210203,10:58,110.65,115.90,110.00,110.05,96300,1075650
20210203,10:59,110.15,112.70,109.00,111.60,30150,1074825
20210203,11:00,111.00,114.70,111.00,114.50,32400,1074825
20210203,11:01,114.20,120.00,112.05,117.00,86550,1074825
20210203,11:02,116.85,116.90,112.25,112.25,88575,1060425
20210203,11:03,112.00,112.65,109.45,110.45,83925,1060425
20210203,11:04,111.00,112.75,109.45,110.55,32175,1060425
20210203,11:05,110.30,114.80,110.30,112.70,34575,1019625
20210203,11:06,112.75,115.80,112.15,112.85,41625,1019625
20210203,11:07,112.50,114.25,110.55,111.20,19650,1019625
20210203,11:08,110.30,111.25,106.55,107.55,54225,1026525
20210203,11:09,107.35,110.95,105.00,107.95,65025,1026525
20210203,11:10,108.30,111.25,104.05,104.65,52350,1026525
20210203,11:11,104.00,108.50,103.40,107.40,48525,1038975
20210203,11:12,107.45,107.65,102.75,103.15,47175,1038975
20210203,11:13,104.25,106.65,100.65,106.65,59175,1038975
20210203,11:14,106.30,107.95,105.25,106.15,23250,1039725
20210203,11:15,106.05,111.10,106.05,111.00,45525,1039725
20210203,11:16,111.50,112.90,109.80,110.30,46350,1039725
20210203,11:17,110.30,113.65,110.00,113.65,41100,1030650
20210203,11:18,113.80,113.95,110.40,112.80,28650,1030650
20210203,11:19,112.90,113.55,110.90,110.95,32625,1030650
20210203,11:20,111.35,115.55,111.30,114.15,62850,1019325
20210203,11:21,114.40,118.00,114.35,115.85,78300,1019325
20210203,11:22,116.70,118.80,115.00,118.80,57975,1019325
20210203,11:23,118.45,123.65,116.95,116.95,112800,970875
20210203,11:24,116.90,119.45,115.50,119.15,41550,970875
20210203,11:25,119.20,119.45,114.05,115.15,37275,970875
20210203,11:26,115.20,117.00,113.10,115.90,31950,984750
20210203,11:27,115.60,116.55,113.70,116.35,20025,984750
20210203,11:28,116.30,116.40,111.55,113.20,37575,984750
20210203,11:29,113.50,113.95,111.00,113.25,37200,974475
20210203,11:30,111.95,113.75,111.00,111.00,30150,974475
20210203,11:31,110.00,110.20,108.15,109.20,43200,974475
20210203,11:32,109.00,111.95,109.00,110.65,19200,980175
20210203,11:33,110.40,110.70,105.00,110.00,64800,980175
20210203,11:34,110.55,114.10,108.75,108.90,51225,980175
20210203,11:35,109.75,111.45,104.25,104.60,44250,984000
20210203,11:36,104.30,106.95,104.30,104.65,48600,984000
20210203,11:37,104.00,105.45,100.45,104.65,111375,984000
20210203,11:38,105.00,109.35,104.30,108.50,47325,990750
20210203,11:39,107.90,108.15,104.35,105.35,39600,990750
20210203,11:40,105.35,112.20,105.35,110.15,41100,990750
20210203,11:41,109.60,110.95,108.05,110.35,30075,983925
20210203,11:42,110.00,111.20,105.40,105.85,31575,983925
20210203,11:43,106.50,108.50,104.25,107.50,39075,983925
20210203,11:44,108.15,111.55,107.25,108.70,30900,974775
20210203,11:45,108.45,111.75,108.45,109.00,16125,974775
20210203,11:46,109.30,110.80,108.45,110.00,15600,974775
20210203,11:47,109.00,109.25,105.40,107.00,24975,974775
20210203,11:48,106.95,108.00,104.20,105.85,28275,970050
20210203,11:49,105.00,109.75,105.00,109.00,25050,970050
20210203,11:50,110.20,110.35,106.95,107.50,29625,970050
20210203,11:51,106.80,108.45,104.05,104.05,23775,963750
20210203,11:52,104.50,107.50,102.85,107.20,39300,963750
20210203,11:53,106.10,107.00,102.65,104.20,53625,963750
20210203,11:54,103.00,107.05,102.30,103.20,34425,985350
20210203,11:55,103.10,107.60,99.65,107.10,87600,985350
20210203,11:56,106.90,109.65,106.20,107.85,37950,985350
20210203,11:57,108.00,108.80,106.55,108.10,10800,979125
20210203,11:58,108.35,108.45,106.30,108.00,10725,979125
20210203,11:59,107.85,109.60,105.90,109.00,20625,979125
20210203,12:00,108.70,112.25,108.70,110.35,78900,975900
20210203,12:01,110.75,110.75,107.00,107.90,16500,975900
20210203,12:02,107.65,108.10,104.70,106.30,30900,975900
20210203,12:03,106.30,106.95,105.00,105.10,20625,963975
20210203,12:04,105.80,108.30,105.70,106.90,7650,963975
20210203,12:05,107.30,107.30,104.00,105.45,14175,963975
20210203,12:06,105.00,107.00,104.20,106.90,12900,971100
20210203,12:07,107.35,109.80,106.95,109.55,17400,971100
20210203,12:08,108.95,110.90,108.95,110.40,16725,971100
20210203,12:09,110.50,111.00,106.90,109.35,14475,971325
20210203,12:10,109.40,110.95,109.15,109.75,16725,971325
20210203,12:11,109.40,109.40,106.65,109.00,8625,971325
20210203,12:12,109.50,109.85,107.85,109.00,9375,971625
20210203,12:13,109.00,109.05,106.70,107.85,19425,971625
20210203,12:14,108.00,109.95,107.65,109.95,6000,971625
20210203,12:15,109.35,117.05,109.35,117.00,64875,974625
20210203,12:16,116.30,122.55,115.05,121.90,128925,974625
20210203,12:17,121.45,122.00,118.75,119.05,69600,974625
20210203,12:18,119.85,120.95,118.75,119.00,31575,911550
20210203,12:19,118.40,121.60,117.45,121.45,29175,911550
20210203,12:20,122.00,128.00,120.85,126.55,79350,911550
20210203,12:21,126.65,126.70,122.20,125.50,45000,890925
20210203,12:22,124.95,125.30,123.60,123.60,23850,890925
20210203,12:23,123.00,123.00,118.65,120.60,38475,890925
20210203,12:24,120.20,122.50,118.65,119.30,21300,882150
20210203,12:25,118.50,121.10,117.55,117.55,17325,882150
20210203,12:26,117.50,121.65,117.00,121.55,19650,882150
20210203,12:27,120.80,121.30,118.90,120.30,15225,878100
20210203,12:28,121.00,121.85,119.60,119.60,22050,878100
20210203,12:29,119.50,121.15,116.05,118.30,26700,878100
20210203,12:30,118.90,122.00,117.15,122.00,14775,868650
20210203,12:31,122.00,124.70,121.75,124.70,36675,868650
20210203,12:32,124.30,124.80,120.80,123.35,18150,868650
20210203,12:33,123.00,124.00,121.90,122.60,11100,861300
20210203,12:34,122.15,122.60,120.30,121.40,16275,861300
20210203,12:35,122.00,123.80,120.80,123.00,18525,861300
20210203,12:36,123.10,125.25,122.75,124.30,24900,862275
20210203,12:37,124.70,128.00,124.30,127.20,23700,862275
20210203,12:38,127.10,133.00,127.05,132.50,81300,862275
20210203,12:39,132.50,132.50,127.65,131.35,52575,832425
20210203,12:40,130.40,135.00,130.40,132.00,44625,832425
20210203,12:41,131.00,131.65,129.10,130.45,27975,832425
20210203,12:42,129.45,134.00,129.40,131.50,18825,826875
20210203,12:43,132.10,132.10,128.75,130.10,21525,826875
20210203,12:44,129.65,130.00,123.05,126.20,34500,826875
20210203,12:45,125.80,127.15,121.00,122.50,28350,827925
20210203,12:46,123.00,128.50,123.00,127.55,34725,827925
20210203,12:47,127.00,129.50,125.00,125.20,13050,827925
20210203,12:48,124.50,126.65,124.20,126.50,7350,833775
20210203,12:49,125.00,127.15,125.00,125.80,10425,833775
20210203,12:50,125.90,129.00,124.75,128.75,13050,833775
20210203,12:51,128.70,130.50,127.10,127.10,23775,831525
20210203,12:52,127.55,129.55,126.90,129.00,8850,831525
20210203,12:53,129.00,132.35,129.00,131.05,27075,831525
20210203,12:54,131.75,131.75,128.25,128.30,24375,824250
20210203,12:55,128.95,130.80,128.50,129.90,9900,824250
20210203,12:56,129.25,129.35,124.35,128.20,26550,824250
20210203,12:57,127.90,128.40,126.40,126.70,7575,820800
20210203,12:58,126.50,127.00,124.60,126.15,18150,820800
20210203,12:59,126.85,128.20,125.80,126.95,9900,820800
20210203,13:00,126.10,126.95,122.00,122.00,22200,827775
20210203,13:01,121.95,123.00,121.15,121.15,28650,827775
20210203,13:02,118.40,118.40,111.10,113.00,87825,827775
20210203,13:03,112.20,119.00,111.20,118.45,32325,833625
20210203,13:04,117.70,123.35,117.70,123.00,35325,833625
20210203,13:05,123.15,124.00,120.25,124.00,19800,833625
20210203,13:06,124.00,138.65,124.00,137.85,117225,835425
20210203,13:07,138.75,143.00,137.00,137.45,106425,835425
20210203,13:08,138.15,140.50,137.00,138.35,46800,835425
20210203,13:09,137.45,138.00,134.85,135.20,19125,800700
20210203,13:10,135.15,145.00,135.00,143.55,69975,800700
20210203,13:11,143.65,144.20,139.00,139.35,42300,800700
20210203,13:12,139.00,139.30,133.80,133.95,29100,781425
20210203,13:13,134.75,140.70,133.85,137.00,24225,781425
20210203,13:14,135.75,136.45,134.25,134.85,27825,781425
20210203,13:15,133.65,137.00,131.40,136.25,25650,794025
20210203,13:16,136.70,139.05,134.20,135.35,20325,794025
20210203,13:17,136.45,139.05,134.75,137.00,30000,794025
20210203,13:18,137.00,139.95,135.45,137.25,15600,784050
20210203,13:19,137.75,138.40,134.40,136.65,11475,784050
20210203,13:20,137.00,137.00,134.00,134.00,17025,784050
20210203,13:21,134.20,137.25,132.10,136.10,16425,780450
20210203,13:22,136.40,138.00,136.15,138.00,11925,780450
20210203,13:23,137.95,138.95,135.55,137.60,16650,780450
20210203,13:24,138.45,145.75,138.45,144.50,41250,777525
20210203,13:25,145.00,146.50,139.00,141.35,50925,777525
20210203,13:26,141.85,142.00,137.00,139.80,22875,777525
20210203,13:27,140.30,141.40,138.05,138.55,13125,758325
20210203,13:28,139.20,141.75,138.15,141.75,16875,758325
20210203,13:29,141.20,141.20,133.10,137.00,31875,758325
20210203,13:30,137.20,140.45,133.45,136.70,33900,759600
20210203,13:31,138.40,142.00,137.10,142.00,23475,759600
20210203,13:32,141.20,142.95,139.50,140.65,17925,759600
20210203,13:33,141.50,141.50,136.90,137.00,18675,748500
20210203,13:34,138.60,139.75,136.35,137.00,10800,748500
20210203,13:35,136.80,138.95,133.25,135.40,22950,748500
20210203,13:36,135.40,137.30,134.00,134.00,17400,750600
20210203,13:37,134.15,134.15,128.00,130.65,48825,750600
20210203,13:38,131.30,135.15,130.10,132.25,19050,750600
20210203,13:39,132.25,136.85,131.70,134.15,24375,759975
20210203,13:40,133.90,134.90,130.25,134.50,21225,759975
20210203,13:41,134.85,136.00,128.50,129.90,17025,759975
20210203,13:42,132.00,136.00,131.45,134.85,13800,759750
20210203,13:43,134.85,135.10,130.00,130.00,13650,759750
20210203,13:44,129.00,135.95,128.25,135.95,20250,759750
20210203,13:45,135.85,140.00,135.05,139.50,23100,758100
20210203,13:46,139.35,141.35,138.60,141.00,22800,758100
20210203,13:47,141.00,142.90,137.10,137.75,23700,758100
20210203,13:48,137.40,140.25,135.20,139.30,18600,754650
20210203,13:49,139.25,142.15,138.10,139.15,24525,754650
20210203,13:50,139.35,140.25,136.80,138.40,13425,754650
20210203,13:51,137.00,139.45,132.00,139.45,25200,755100
20210203,13:52,136.95,138.30,134.35,136.85,5775,755100
20210203,13:53,137.00,139.20,134.45,136.30,11625,755100
20210203,13:54,136.60,136.60,130.25,134.35,30825,751125
20210203,13:55,134.30,135.90,131.60,134.90,15600,751125
20210203,13:56,135.25,137.90,133.00,136.30,13425,751125
20210203,13:57,136.85,139.45,135.60,137.10,14775,751875
20210203,13:58,137.55,137.55,133.15,136.25,19650,751875
20210203,13:59,136.60,137.00,132.00,135.25,13575,751875
20210203,14:00,135.05,139.50,133.40,139.50,19725,755025
20210203,14:01,139.40,139.45,137.90,139.00,11325,755025
20210203,14:02,138.85,141.50,135.00,135.00,23700,755025
20210203,14:03,134.80,138.10,134.75,137.00,13350,748200
20210203,14:04,136.20,139.35,135.65,138.05,5475,748200
20210203,14:05,137.95,140.75,137.00,139.05,4800,748200
20210203,14:06,139.10,139.15,136.05,137.20,10275,744075
20210203,14:07,137.20,138.70,135.35,135.80,16800,744075
20210203,14:08,136.75,139.00,135.00,139.00,22200,744075
20210203,14:09,139.05,139.05,136.65,136.65,11475,745575
20210203,14:10,137.35,140.15,136.00,139.15,18825,745575
20210203,14:11,139.00,139.00,132.90,134.00,40350,745575
20210203,14:12,132.95,133.95,113.20,120.45,117825,755175
20210203,14:13,120.20,123.55,104.05,114.40,153975,755175
20210203,14:14,114.35,123.20,111.05,116.90,104175,755175
20210203,14:15,115.00,124.05,108.00,120.90,133350,726300
20210203,14:16,119.85,124.00,118.25,119.80,50250,726300
20210203,14:17,118.45,122.50,115.45,115.45,42900,726300
20210203,14:18,118.30,120.95,116.90,120.25,49575,750375
20210203,14:19,119.40,122.95,117.40,121.55,51375,750375
20210203,14:20,121.35,122.50,118.65,120.65,20550,750375
20210203,14:21,120.65,126.75,120.65,126.00,45150,761175
20210203,14:22,126.50,134.00,124.00,130.85,55800,761175
20210203,14:23,130.60,132.95,128.05,131.15,32700,761175
20210203,14:24,132.70,134.60,130.35,132.00,23175,762000
20210203,14:25,134.20,139.40,133.40,138.65,55050,762000
20210203,14:26,138.55,139.00,134.60,134.60,29325,762000
20210203,14:27,135.00,138.55,134.95,135.95,22650,759150
20210203,14:28,135.05,139.25,135.00,137.75,21375,759150
20210203,14:29,138.05,138.30,135.10,136.55,14400,759150
20210203,14:30,137.00,140.20,135.65,135.65,39600,739800
20210203,14:31,136.00,137.40,129.40,133.55,51525,739800
20210203,14:32,133.00,134.75,128.35,134.35,27225,739800
20210203,14:33,134.35,137.00,133.00,136.05,26025,715650
20210203,14:34,136.60,137.15,133.85,135.30,13050,715650
20210203,14:35,135.15,136.00,131.20,134.30,28200,715650
20210203,14:36,134.45,135.15,132.40,132.40,12975,709425
20210203,14:37,131.65,132.95,128.00,128.05,25425,709425
20210203,14:38,127.50,128.05,121.60,123.85,46800,709425
20210203,14:39,122.00,129.10,121.00,126.70,47400,699450
20210203,14:40,126.75,129.75,126.75,127.00,18300,699450
20210203,14:41,127.55,127.80,122.55,124.55,17175,699450
20210203,14:42,123.40,129.75,119.70,129.15,46350,707400
20210203,14:43,128.30,129.40,126.20,129.40,24300,707400
20210203,14:44,129.05,129.30,125.60,127.65,11175,707400
20210203,14:45,127.70,129.70,124.45,127.95,25200,702600
20210203,14:46,127.20,128.75,126.25,128.75,16125,702600
20210203,14:47,127.95,128.40,117.75,121.10,42900,702600
20210203,14:48,121.80,122.80,116.65,116.90,28200,711150
20210203,14:49,117.35,121.35,115.00,115.20,41400,711150
20210203,14:50,114.20,114.20,105.50,109.00,90675,711150
20210203,14:51,109.05,109.05,90.95,94.75,154650,721425
20210203,14:52,94.65,94.65,85.55,92.05,186150,721425
20210203,14:53,92.00,100.85,85.50,100.00,146700,721425
20210203,14:54,101.35,114.85,101.35,109.15,123000,739875
20210203,14:55,108.70,111.30,103.35,103.80,71700,739875
20210203,14:56,104.65,114.15,104.65,112.55,66975,739875
20210203,14:57,112.65,113.85,108.30,110.20,49350,730200
20210203,14:58,109.85,112.60,107.60,108.35,70350,730200
20210203,14:59,108.15,111.70,105.85,108.50,49050,730200
20210203,15:00,107.65,108.65,92.55,94.70,86175,744075
20210203,15:01,96.25,102.85,96.25,98.50,44625,744075
20210203,15:02,99.25,101.00,95.95,96.65,41400,744075
20210203,15:03,97.60,102.65,94.30,102.65,62250,742875
20210203,15:04,102.95,103.65,93.50,95.45,41775,742875
20210203,15:05,93.15,99.65,91.80,98.00,32175,742875
20210203,15:06,97.65,98.70,94.30,96.25,45825,758550
20210203,15:07,97.45,97.95,93.95,96.95,26325,758550
20210203,15:08,97.45,97.45,87.05,88.60,44400,758550
20210203,15:09,88.40,88.40,76.85,77.95,126150,756900
20210203,15:10,77.70,83.75,72.90,82.50,140775,756900
20210203,15:11,82.40,83.75,76.95,83.35,106650,756900
20210203,15:12,82.60,86.65,82.45,86.60,92925,767400
20210203,15:13,86.95,91.50,86.95,90.30,66000,767400
20210203,15:14,90.65,94.70,88.95,90.50,85575,767400
20210203,15:15,90.60,91.60,87.65,88.10,46500,765525
20210203,15:16,88.20,90.25,83.15,86.55,42375,765525
20210203,15:17,85.75,88.00,84.00,85.10,43050,765525
20210203,15:18,85.05,86.80,83.55,83.85,38175,764100
20210203,15:19,84.00,87.50,83.05,87.50,47700,764100
20210203,15:20,88.10,90.15,87.40,88.00,88650,764100
20210203,15:21,87.85,89.90,86.90,87.60,59025,746250
20210203,15:22,87.05,88.95,86.90,87.20,52650,746250
20210203,15:23,86.45,88.30,86.10,87.50,51375,746250
20210203,15:24,87.55,88.75,87.20,88.20,55275,734550
20210203,15:25,88.15,88.65,86.20,86.50,56775,734550
20210203,15:26,86.80,87.05,85.10,85.55,40875,734550
20210203,15:27,85.50,86.50,85.40,85.90,37275,741000
20210203,15:28,85.65,86.00,85.00,85.15,66900,741000
20210203,15:29,84.55,85.25,80.00,80.00,44775,741000
20210203,15:30,83.75,83.75,83.75,83.75,150,741000
20210204,09:15,74.65,74.70,52.55,56.60,250277,753150
20210204,09:16,55.10,59.25,52.50,54.45,378750,753150
20210204,09:17,55.25,61.35,55.25,60.55,323400,796875
20210204,09:18,61.70,61.75,57.95,58.75,260025,796875
20210204,09:19,57.75,61.95,56.85,61.45,229875,796875
20210204,09:20,64.60,75.05,62.75,67.40,486525,985650
20210204,09:21,67.00,72.25,65.40,66.90,250725,985650
20210204,09:22,69.05,70.40,64.00,65.30,228750,985650
20210204,09:23,65.00,69.00,62.45,68.80,172500,1053675
20210204,09:24,67.65,69.70,64.35,66.15,117750,1053675
20210204,09:25,66.60,70.85,59.60,59.60,152850,1053675
20210204,09:26,60.45,62.00,57.30,60.75,156975,1047675
20210204,09:27,60.40,62.15,57.80,57.95,114600,1047675
20210204,09:28,57.80,58.85,56.75,57.75,120600,1047675
20210204,09:29,57.20,60.00,56.00,56.60,174225,1074000
20210204,09:30,56.00,56.00,41.15,44.45,499800,1074000
20210204,09:31,43.55,46.15,43.55,46.15,344850,1074000
20210204,09:32,45.85,48.75,42.25,42.25,246825,1054350
20210204,09:33,42.55,47.35,42.55,46.60,255900,1054350
20210204,09:34,46.35,46.35,39.65,39.65,234750,1054350
20210204,09:35,39.45,43.80,39.45,43.60,238950,1168050
20210204,09:36,43.55,45.55,41.00,43.55,238050,1168050
20210204,09:37,43.80,46.80,43.05,44.85,231975,1168050
20210204,09:38,45.00,48.20,44.40,47.55,227100,1362600
20210204,09:39,47.60,50.25,45.65,50.25,291150,1362600
20210204,09:40,50.65,54.75,50.55,52.35,331725,1362600
20210204,09:41,52.60,55.90,51.65,55.15,199800,1474950
20210204,09:42,55.85,56.85,53.80,56.00,178050,1474950
20210204,09:43,55.55,58.80,55.55,57.00,126900,1474950
20210204,09:44,57.35,61.45,54.60,60.90,169575,1532475
20210204,09:45,61.00,63.60,59.85,60.90,237675,1532475
20210204,09:46,60.40,61.05,55.35,56.15,169125,1532475
20210204,09:47,56.80,59.30,56.80,57.55,132225,1536450
20210204,09:48,58.55,59.50,55.75,55.75,87375,1536450
20210204,09:49,55.85,57.15,53.75,55.80,110250,1536450
20210204,09:50,56.05,58.90,55.90,58.20,84525,1561350
20210204,09:51,57.75,58.05,54.50,56.50,92925,1561350
20210204,09:52,56.55,57.65,50.75,52.10,122925,1561350
20210204,09:53,51.65,55.90,51.65,55.30,66300,1594650
20210204,09:54,55.40,56.55,54.45,55.10,97800,1594650
20210204,09:55,54.35,54.75,51.20,52.75,166350,1594650
20210204,09:56,52.20,53.90,47.00,50.00,132975,1659150
20210204,09:57,50.40,52.25,50.00,52.00,88875,1659150
20210204,09:58,52.00,52.85,49.30,50.10,66375,1659150
20210204,09:59,49.60,51.25,48.45,51.20,108675,1685625
20210204,10:00,51.60,52.40,49.50,50.70,119625,1685625
20210204,10:01,50.55,51.40,45.35,45.75,141450,1685625
20210204,10:02,46.35,46.35,41.90,43.20,233700,1726425
20210204,10:03,43.05,43.60,39.60,42.65,219750,1726425
20210204,10:04,42.40,43.90,41.55,41.95,185400,1726425
20210204,10:05,42.05,42.55,39.15,41.95,256200,1778325
20210204,10:06,42.50,44.25,42.40,43.35,191400,1778325
20210204,10:07,43.40,44.30,42.45,43.55,87450,1778325
20210204,10:08,43.60,45.40,42.45,42.70,127050,1831125
20210204,10:09,42.65,42.65,39.70,41.40,165975,1831125
20210204,10:10,41.65,46.45,40.65,42.35,333000,1831125
20210204,10:11,43.00,43.70,41.95,43.30,90525,1857150
20210204,10:12,43.45,45.10,42.85,44.20,127800,1857150
20210204,10:13,44.30,46.50,43.65,46.00,102825,1857150
20210204,10:14,45.95,46.25,44.60,46.25,89250,1897350
20210204,10:15,46.05,48.90,45.55,48.65,151050,1897350
20210204,10:16,48.70,48.70,46.30,47.50,135000,1897350
20210204,10:17,47.15,47.15,42.65,43.10,120000,1929000
20210204,10:18,43.00,44.50,41.60,42.20,102000,1929000
20210204,10:19,43.10,44.85,42.25,44.85,72000,1929000
20210204,10:20,45.00,46.65,43.90,46.35,67650,1963125
20210204,10:21,46.80,47.50,44.75,44.80,81675,1963125
20210204,10:22,45.15,45.95,43.05,45.95,72450,1963125
20210204,10:23,45.70,48.45,45.35,47.10,94725,1973475
20210204,10:24,47.25,48.50,45.90,47.35,78075,1973475
20210204,10:25,47.35,47.45,44.10,45.25,64575,1973475
20210204,10:26,45.20,47.75,44.80,47.30,58575,1968450
20210204,10:27,47.40,50.50,46.70,50.20,156000,1968450
20210204,10:28,50.05,51.00,47.70,49.50,117150,1968450
20210204,10:29,49.35,51.00,48.50,50.90,63975,1978650
20210204,10:30,50.80,51.35,47.40,47.40,144900,1978650
20210204,10:31,47.55,48.00,44.45,47.40,110550,1978650
20210204,10:32,47.55,48.30,45.75,46.50,65925,1997550
20210204,10:33,46.95,48.00,44.65,45.30,69750,1997550
20210204,10:34,45.60,46.00,44.00,45.25,104400,1997550
20210204,10:35,45.05,46.00,44.50,45.95,85125,2047725
20210204,10:36,45.70,45.70,42.85,44.25,94200,2047725
20210204,10:37,43.80,44.40,42.15,43.95,102075,2047725
20210204,10:38,43.60,44.85,43.10,43.10,57450,2082150
20210204,10:39,42.85,43.45,40.95,41.30,99675,2082150
20210204,10:40,41.10,42.80,40.70,41.90,87825,2082150
20210204,10:41,42.00,44.55,42.00,44.45,86250,2075400
20210204,10:42,44.80,45.45,43.85,45.00,67125,2075400
20210204,10:43,44.85,45.65,44.00,45.05,49350,2075400
20210204,10:44,45.05,45.05,42.80,42.80,49500,2085600
20210204,10:45,42.70,42.70,36.40,37.35,441225,2085600
20210204,10:46,37.40,38.55,36.30,37.25,185700,2085600
20210204,10:47,37.30,37.85,31.45,32.70,435000,2117775
20210204,10:48,32.95,32.95,29.30,31.95,399075,2117775
20210204,10:49,31.40,33.10,30.55,32.90,298500,2117775
20210204,10:50,32.95,34.30,32.65,33.80,241950,2121300
20210204,10:51,33.80,34.60,32.60,34.60,211050,2121300
20210204,10:52,34.60,34.60,31.90,32.90,191400,2121300
20210204,10:53,32.60,33.65,31.40,32.90,131700,2233950
20210204,10:54,33.05,34.00,32.40,33.60,182100,2233950
20210204,10:55,33.30,33.80,31.70,33.75,191700,2233950
20210204,10:56,33.55,34.15,32.80,34.10,134100,2328975
20210204,10:57,33.75,34.50,32.75,32.75,188400,2328975
20210204,10:58,32.70,34.60,32.70,34.30,139200,2328975
20210204,10:59,34.15,35.30,33.80,34.75,139800,2350800
20210204,11:00,34.35,36.70,32.95,36.70,261300,2350800
20210204,11:01,37.00,44.40,37.00,41.90,541350,2350800
20210204,11:02,43.10,49.90,43.10,46.80,555825,2280525
20210204,11:03,47.25,50.00,45.80,50.00,202275,2280525
20210204,11:04,49.55,49.85,45.90,49.30,229875,2280525
20210204,11:05,49.60,56.40,48.35,55.30,441450,2223450
20210204,11:06,55.55,61.55,54.30,59.15,487800,2223450
20210204,11:07,59.15,59.20,51.15,51.30,223425,2223450
20210204,11:08,51.15,54.80,50.45,54.80,251100,2109150
20210204,11:09,54.50,56.25,51.60,53.50,140475,2109150
20210204,11:10,53.05,57.70,52.70,57.30,154425,2109150
20210204,11:11,57.80,59.05,55.45,55.55,179325,2120400
20210204,11:12,55.95,58.75,55.95,58.75,139575,2120400
20210204,11:13,58.70,61.00,57.00,60.40,253575,2120400
20210204,11:14,59.95,59.95,56.35,58.30,137025,2107950
20210204,11:15,58.75,65.20,58.75,63.25,331050,2107950
20210204,11:16,64.25,64.80,61.35,63.35,181125,2107950
20210204,11:17,63.25,75.65,62.45,74.75,436575,1974975
20210204,11:18,74.50,90.50,74.50,85.20,647700,1974975
20210204,11:19,84.10,85.35,77.50,81.30,349275,1974975
20210204,11:20,80.35,81.75,72.25,72.90,265500,1714275
20210204,11:21,73.30,73.30,68.45,70.35,157950,1714275
20210204,11:22,70.70,72.45,68.60,69.00,171975,1714275
20210204,11:23,69.10,69.10,62.10,64.55,190425,1683525
20210204,11:24,64.45,70.05,63.60,68.85,149025,1683525
20210204,11:25,68.95,72.35,68.10,68.50,131325,1683525
20210204,11:26,68.40,71.60,67.45,69.50,94650,1606275
20210204,11:27,70.00,70.55,64.80,65.35,142875,1606275
20210204,11:28,66.20,71.50,66.20,69.00,93000,1606275
20210204,11:29,69.15,69.35,65.90,67.55,117150,1564050
20210204,11:30,67.20,70.65,66.80,70.15,86925,1564050
20210204,11:31,69.60,70.70,67.85,69.10,55875,1564050
20210204,11:32,68.80,69.50,57.80,57.80,240150,1571850
20210204,11:33,59.95,60.70,55.15,57.25,178200,1571850
20210204,11:34,58.10,64.00,57.80,63.05,154275,1571850
20210204,11:35,63.10,69.65,61.60,68.95,204075,1589775
20210204,11:36,69.35,70.75,67.80,67.80,139350,1589775
20210204,11:37,67.15,69.60,65.45,66.55,69600,1589775
20210204,11:38,67.05,69.30,67.05,68.85,39825,1564875
20210204,11:39,68.35,71.75,68.05,71.75,87000,1564875
20210204,11:40,71.70,79.95,71.55,79.45,329850,1564875
20210204,11:41,78.75,80.95,73.70,76.40,138075,1512900
20210204,11:42,76.15,80.60,75.90,80.60,134625,1512900
20210204,11:43,80.10,81.65,77.50,79.45,126825,1512900
20210204,11:44,79.65,84.75,77.70,84.70,152475,1481700
20210204,11:45,84.10,86.85,80.10,82.50,182700,1481700
20210204,11:46,81.45,81.45,77.85,80.00,118800,1481700
20210204,11:47,80.30,82.80,79.55,81.40,57525,1429875
20210204,11:48,80.85,81.55,78.35,78.50,59925,1429875
20210204,11:49,78.50,84.00,78.40,81.80,84450,1429875
20210204,11:50,81.95,81.95,78.85,80.00,59550,1420200
20210204,11:51,79.05,79.55,69.95,72.30,165750,1420200
20210204,11:52,72.95,77.60,72.95,77.60,75150,1420200
20210204,11:53,77.20,80.55,76.50,79.10,44325,1405950
20210204,11:54,79.25,79.40,75.70,79.20,37275,1405950
20210204,11:55,78.95,80.05,76.20,77.05,40725,1405950
20210204,11:56,77.50,79.55,74.60,79.55,44400,1398825
20210204,11:57,79.85,81.00,77.00,81.00,54975,1398825
20210204,11:58,80.45,80.80,78.35,80.65,30150,1398825
20210204,11:59,80.60,83.45,79.50,82.00,68325,1389000
20210204,12:00,82.00,85.40,80.55,83.35,53100,1389000
20210204,12:01,83.90,87.35,82.40,86.70,90600,1389000
20210204,12:02,86.45,93.65,83.60,90.20,194325,1389000
20210204,12:03,90.15,91.45,86.10,90.45,106725,1355850
20210204,12:04,90.65,91.30,86.20,86.35,70725,1355850
20210204,12:05,85.55,86.35,83.15,83.30,61650,1355850
20210204,12:06,83.75,84.95,82.35,83.05,45000,1332450
20210204,12:07,83.40,85.25,83.10,83.10,36225,1332450
20210204,12:08,82.90,85.30,82.00,84.20,40650,1332450
20210204,12:09,83.80,86.60,82.50,85.15,32925,1320075
20210204,12:10,85.65,85.95,82.00,82.00,29250,1320075
20210204,12:11,81.55,82.70,78.10,79.00,63375,1320075
20210204,12:12,78.85,81.05,73.85,75.25,66675,1309725
20210204,12:13,74.10,78.40,70.30,77.30,123675,1309725
20210204,12:14,77.00,80.70,76.30,79.70,48075,1309725
20210204,12:15,79.00,86.00,79.00,84.50,107175,1302000
20210204,12:16,84.75,88.90,84.65,88.00,84525,1302000
20210204,12:17,87.75,88.50,83.45,85.10,46425,1302000
20210204,12:18,85.00,88.05,84.50,87.95,49725,1292250
20210204,12:19,88.20,88.95,86.55,87.30,36600,1292250
20210204,12:20,87.35,88.10,84.05,87.55,44925,1292250
20210204,12:21,86.50,88.10,84.15,84.15,56250,1286475
20210204,12:22,85.25,87.50,83.70,85.85,34725,1286475
20210204,12:23,86.55,89.65,86.40,88.80,51300,1286475
20210204,12:24,88.30,97.50,88.00,97.50,120450,1284000
20210204,12:25,95.80,104.60,95.05,102.25,232200,1284000
20210204,12:26,102.55,104.05,98.35,100.80,123600,1284000
20210204,12:27,101.35,103.35,99.00,99.50,50475,1160100
20210204,12:28,100.25,102.45,99.35,100.80,86175,1160100
20210204,12:29,102.30,108.05,102.15,105.40,110700,1160100
20210204,12:30,105.25,118.55,105.25,115.05,204675,1094625
20210204,12:31,115.05,118.75,111.95,111.95,137325,1094625
20210204,12:32,112.05,112.35,102.80,103.15,84000,1094625
20210204,12:33,104.15,111.55,103.40,108.45,88800,979275
20210204,12:34,108.65,108.90,105.45,107.50,27375,979275
20210204,12:35,107.85,110.80,105.50,107.05,40050,979275
20210204,12:36,107.00,107.00,98.90,100.00,78750,954000
20210204,12:37,100.45,103.75,100.45,102.45,47625,954000
20210204,12:38,102.35,107.20,101.10,106.50,61650,954000
20210204,12:39,106.65,107.55,101.15,101.15,42750,937425
20210204,12:40,100.00,101.55,95.40,97.30,74925,937425
20210204,12:41,98.00,98.00,90.80,92.20,73575,937425
20210204,12:42,92.10,96.40,92.10,94.50,42825,937275
20210204,12:43,94.75,100.00,94.75,100.00,48750,937275
20210204,12:44,98.65,100.15,96.35,98.00,36150,937275
20210204,12:45,97.10,97.95,92.45,94.80,38850,924225
20210204,12:46,94.55,102.00,92.95,101.45,33525,924225
20210204,12:47,101.35,101.85,98.95,100.00,32325,924225
20210204,12:48,99.35,101.30,94.70,100.95,30150,923025
20210204,12:49,101.30,102.95,100.25,100.75,35550,923025
20210204,12:50,101.10,101.95,96.80,97.95,34425,923025
20210204,12:51,98.25,101.05,95.00,99.85,33600,922875
20210204,12:52,100.05,100.05,97.45,99.50,15825,922875
20210204,12:53,99.80,101.50,98.80,100.00,26400,922875
20210204,12:54,99.50,101.50,98.90,100.80,61650,907875
20210204,12:55,100.45,100.45,89.00,89.00,90900,907875
20210204,12:56,88.25,91.90,70.55,79.35,238950,907875
20210204,12:57,82.40,85.50,80.10,81.60,110175,873375
20210204,12:58,81.90,84.90,79.75,80.80,56100,873375
20210204,12:59,80.65,84.40,80.15,83.00,48675,873375
20210204,13:00,83.70,84.10,76.60,82.10,68775,877425
20210204,13:01,82.20,90.25,82.05,87.30,89400,877425
20210204,13:02,87.25,93.00,86.85,93.00,59175,877425
20210204,13:03,93.55,95.10,91.35,93.05,51525,882150
20210204,13:04,93.00,97.00,90.70,94.60,46425,882150
20210204,13:05,93.35,97.00,91.90,92.90,28125,882150
20210204,13:06,92.80,93.80,89.00,93.70,37800,882075
20210204,13:07,93.50,97.00,91.05,91.05,40500,882075
20210204,13:08,91.50,92.35,87.10,89.20,44100,882075
20210204,13:09,89.90,93.05,89.90,92.65,21825,880125
20210204,13:10,92.95,94.80,91.45,91.45,16950,880125
20210204,13:11,90.75,93.90,89.65,92.75,16125,880125
20210204,13:12,92.30,93.90,90.80,91.05,16950,881400
20210204,13:13,91.05,92.20,85.75,89.00,34275,881400
20210204,13:14,88.30,91.20,87.65,88.30,26925,881400
20210204,13:15,88.85,92.90,86.35,91.35,57600,881925
20210204,13:16,91.25,94.50,90.55,93.65,28650,881925
20210204,13:17,94.15,96.40,94.15,94.75,39000,881925
20210204,13:18,95.35,98.70,94.15,97.75,32175,877050
20210204,13:19,97.95,98.00,94.35,96.45,27450,877050
20210204,13:20,96.45,107.10,96.20,102.85,92475,877050
20210204,13:21,103.00,103.90,100.45,101.00,37500,875325
20210204,13:22,101.70,102.10,95.10,95.40,48675,875325
20210204,13:23,95.95,97.05,90.65,90.65,60750,875325
20210204,13:24,90.90,90.95,82.45,89.15,102975,869925
20210204,13:25,88.90,90.50,87.60,90.30,24825,869925
20210204,13:26,89.75,89.75,82.70,89.35,51525,869925
20210204,13:27,89.20,92.20,89.20,92.00,42375,881250
20210204,13:28,92.50,96.15,91.30,92.05,29550,881250
20210204,13:29,93.65,95.25,89.75,89.90,25200,881250
20210204,13:30,89.85,94.45,89.85,93.60,25125,878100
20210204,13:31,94.20,96.40,92.70,92.90,33675,878100
20210204,13:32,93.75,95.00,91.00,92.65,27525,878100
20210204,13:33,92.60,92.60,85.00,85.85,49575,861675
20210204,13:34,85.40,92.00,84.40,87.20,39825,861675
20210204,13:35,87.70,89.70,83.30,88.40,45075,861675
20210204,13:36,88.85,92.95,86.20,91.35,47625,868425
20210204,13:37,90.90,91.30,86.20,88.60,35100,868425
20210204,13:38,88.80,89.00,81.10,84.90,59925,868425
20210204,13:39,83.85,83.85,74.65,77.40,99525,867375
20210204,13:40,77.45,80.30,73.00,78.60,61275,867375
20210204,13:41,78.65,87.20,78.65,85.60,87525,867375
20210204,13:42,85.35,86.50,82.25,83.50,32175,874875
20210204,13:43,84.15,87.70,83.85,86.95,42450,874875
20210204,13:44,86.80,86.80,83.10,83.10,30825,874875
20210204,13:45,83.95,91.50,83.85,87.35,66600,868350
20210204,13:46,86.85,90.25,86.00,86.80,30675,868350
20210204,13:47,87.00,87.80,82.60,86.30,27900,868350
20210204,13:48,86.35,88.60,83.60,84.75,20175,857025
20210204,13:49,85.00,88.15,82.45,88.15,19650,857025
20210204,13:50,87.10,90.55,85.85,90.20,54975,857025
20210204,13:51,90.55,102.25,90.55,99.55,103650,855300
20210204,13:52,99.70,100.85,96.70,100.10,60525,855300
20210204,13:53,99.90,100.00,93.90,98.15,31800,855300
20210204,13:54,97.60,99.00,96.25,97.80,28275,835875
20210204,13:55,97.80,98.05,95.60,97.30,17100,835875
20210204,13:56,97.55,97.55,88.45,88.45,77100,835875
20210204,13:57,88.75,93.55,84.30,91.85,54600,832200
20210204,13:58,91.55,96.30,91.40,92.30,31575,832200
20210204,13:59,93.30,94.20,89.05,94.20,40500,832200
20210204,14:00,93.50,97.60,93.35,96.70,48375,812925
20210204,14:01,96.25,97.15,90.50,94.90,24300,812925
20210204,14:02,95.45,102.65,95.45,100.45,63300,812925
20210204,14:03,101.60,112.15,100.90,110.20,117900,793200
20210204,14:04,109.95,118.95,106.70,118.95,68925,793200
20210204,14:05,117.10,127.05,117.10,121.90,110925,793200
20210204,14:06,121.20,127.55,120.15,120.15,80625,756675
20210204,14:07,120.80,126.75,120.80,123.35,56100,756675
20210204,14:08,122.55,125.65,117.25,124.05,54075,756675
20210204,14:09,124.10,126.20,122.45,124.65,39525,735300
20210204,14:10,124.70,141.00,124.70,133.30,99075,735300
20210204,14:11,133.30,146.75,133.30,146.15,104025,735300
20210204,14:12,146.35,150.25,144.05,149.25,105825,701850
20210204,14:13,150.60,153.80,144.50,147.20,83175,701850
20210204,14:14,147.10,159.20,147.10,153.20,77475,701850
20210204,14:15,152.35,153.00,134.70,143.95,84225,686700
20210204,14:16,144.20,144.20,134.40,134.40,42375,686700
20210204,14:17,134.75,141.60,132.90,141.00,48225,686700
20210204,14:18,140.00,141.40,135.45,138.65,21900,656475
20210204,14:19,139.00,141.40,135.05,137.40,22800,656475
20210204,14:20,137.50,137.50,132.10,134.25,25125,656475
20210204,14:21,134.50,135.65,128.65,132.00,27300,654075
20210204,14:22,131.70,135.70,129.00,135.70,31500,654075
20210204,14:23,135.00,151.00,134.45,149.60,55800,654075
20210204,14:24,150.50,153.10,144.95,147.55,45825,635700
20210204,14:25,148.20,148.20,136.85,138.00,39225,635700
20210204,14:26,138.00,144.20,136.70,143.30,30300,635700
20210204,14:27,143.05,144.25,140.60,141.25,26775,629925
20210204,14:28,141.95,146.30,137.00,139.60,17625,629925
20210204,14:29,141.10,145.00,140.75,142.70,22800,629925
20210204,14:30,142.50,148.35,137.75,138.30,32925,617400
20210204,14:31,138.70,138.70,114.65,122.70,87000,617400
20210204,14:32,122.75,124.90,110.00,110.75,54675,617400
20210204,14:33,112.70,121.85,112.70,120.60,40500,614325
20210204,14:34,120.10,121.75,115.55,119.55,23925,614325
20210204,14:35,120.25,134.75,120.05,129.65,62550,614325
20210204,14:36,127.85,140.05,127.85,134.50,47850,618600
20210204,14:37,134.50,134.50,125.80,128.00,31500,618600
20210204,14:38,126.30,130.00,123.35,127.85,27150,618600
20210204,14:39,128.45,129.75,121.50,127.60,38175,608475
20210204,14:40,126.55,136.40,126.55,132.20,33975,608475
20210204,14:41,132.95,134.00,129.50,129.85,20250,608475
20210204,14:42,129.50,132.50,121.50,128.00,38175,595425
20210204,14:43,127.45,129.15,121.55,125.00,32550,595425
20210204,14:44,123.90,130.45,123.90,129.45,19950,595425
20210204,14:45,129.60,136.30,128.55,133.65,36150,586650
20210204,14:46,133.90,138.75,131.75,137.20,27300,586650
20210204,14:47,137.15,144.10,137.15,138.70,27075,586650
20210204,14:48,138.80,147.05,138.80,146.00,19950,568725
20210204,14:49,146.05,147.80,142.00,143.90,22725,568725
20210204,14:50,144.15,151.95,144.15,150.20,42675,568725
20210204,14:51,150.85,156.30,146.70,150.20,33375,549450
20210204,14:52,149.80,149.80,134.00,137.60,58725,549450
20210204,14:53,136.45,146.20,133.65,140.65,54675,549450
20210204,14:54,139.20,146.10,137.80,137.80,43200,543675
20210204,14:55,136.90,143.90,135.95,142.00,16500,543675
20210204,14:56,142.05,145.40,140.05,145.10,22725,543675
20210204,14:57,143.65,143.65,138.00,138.00,17175,549075
20210204,14:58,138.80,142.60,136.00,140.60,18450,549075
20210204,14:59,140.35,144.70,136.25,144.70,24300,549075
20210204,15:00,143.55,151.75,128.65,136.90,92550,528150
20210204,15:01,138.45,146.05,137.25,143.00,50925,528150
20210204,15:02,142.90,147.15,142.00,144.00,43350,528150
20210204,15:03,144.10,154.85,144.10,154.85,53775,524625
20210204,15:04,156.05,156.70,150.20,153.10,43950,524625
20210204,15:05,153.30,161.15,152.60,156.15,52800,524625
20210204,15:06,157.15,157.65,146.40,146.40,37050,512550
20210204,15:07,146.85,151.00,144.55,146.30,32400,512550
20210204,15:08,146.30,152.85,146.10,149.25,39750,512550
20210204,15:09,150.20,151.65,147.00,147.25,26400,507600
20210204,15:10,146.65,150.20,146.40,149.30,43725,507600
20210204,15:11,148.40,150.45,146.00,146.05,23250,507600
20210204,15:12,146.15,146.15,141.85,143.75,32250,485925
20210204,15:13,144.55,147.10,141.45,142.15,35775,485925
20210204,15:14,141.95,142.45,136.25,138.05,59625,485925
20210204,15:15,138.20,139.75,136.75,138.45,23325,454050
20210204,15:16,139.05,142.75,139.00,141.40,35550,454050
20210204,15:17,140.40,142.15,139.95,140.00,17100,454050
20210204,15:18,140.35,143.60,140.35,143.10,10200,431325
20210204,15:19,143.10,145.00,143.05,144.80,141225,431325
20210204,15:20,145.05,146.90,144.80,145.70,51750,431325
20210204,15:21,145.45,148.65,145.00,146.90,45000,363750
20210204,15:22,146.75,146.90,143.55,144.00,21525,363750
20210204,15:23,144.45,145.05,143.85,145.00,15300,363750
20210204,15:24,145.00,146.00,144.25,144.75,14175,355950
20210204,15:25,144.95,145.95,144.60,145.65,24075,355950
20210204,15:26,145.30,145.80,145.20,145.80,11700,355950
20210204,15:27,145.50,145.95,145.50,145.50,5625,346425
20210204,15:28,145.50,146.00,145.45,146.00,6150,346425
20210204,15:29,145.75,146.00,145.70,146.00,11400,346425
20210204,15:30,146.00,146.00,146.00,146.00,900,346425
