20210222,10:01,690.00,690.00,690.00,690.00,76,75
20210222,12:55,631.00,631.00,631.00,631.00,75,75
20210222,14:06,599.00,599.00,599.00,599.00,75,150
20210222,14:08,599.00,599.00,599.00,599.00,75,150
20210222,14:27,588.40,588.40,588.40,588.40,75,300
20210222,14:38,588.40,588.40,588.40,588.40,75,225
20210222,14:51,629.45,629.45,629.40,629.40,150,300
20210222,15:13,598.00,598.00,598.00,598.00,75,450
20210222,15:14,598.00,598.00,598.00,598.00,75,450
20210223,09:30,615.00,615.00,615.00,615.00,76,600
20210223,09:50,585.00,585.00,585.00,585.00,75,600
20210223,10:00,585.00,585.00,585.00,585.00,75,675
20210223,10:01,599.00,610.00,599.00,610.00,150,675
20210223,10:02,610.00,610.00,610.00,610.00,225,675
20210223,10:11,604.80,604.80,604.80,604.80,150,975
20210223,10:24,637.65,637.65,637.65,637.65,75,900
20210223,10:31,645.00,645.00,645.00,645.00,75,900
20210223,10:33,653.45,653.45,653.45,653.45,150,900
20210223,11:42,621.40,621.40,621.40,621.40,75,900
20210223,11:51,604.15,604.15,604.15,604.15,75,900
20210223,12:19,606.10,606.10,606.10,606.10,75,900
20210223,12:30,615.00,615.00,615.00,615.00,75,900
20210223,12:50,614.60,614.60,614.60,614.60,150,975
20210223,12:52,585.55,585.55,585.55,585.55,150,975
20210223,13:23,622.75,622.75,622.75,622.75,150,975
20210223,14:14,605.00,605.00,605.00,605.00,75,1125
20210223,14:22,614.00,614.00,614.00,614.00,75,1125
20210223,14:45,598.00,598.00,598.00,598.00,150,1125
20210223,15:16,581.80,581.80,581.80,581.80,150,1275
20210223,15:17,581.80,581.80,581.80,581.80,150,1275
20210224,09:15,604.45,604.45,604.45,604.45,76,1200
20210224,09:36,620.00,620.00,620.00,620.00,75,1275
20210224,10:46,622.85,622.85,622.85,622.85,75,1275
20210224,11:05,628.40,628.40,628.40,628.40,75,1275
20210224,11:29,644.65,644.65,644.65,644.65,75,1275
20210224,16:23,722.30,722.30,722.30,722.30,75,1425
20210224,16:30,750.00,750.00,750.00,750.00,75,1425
20210224,16:40,759.20,759.20,759.20,759.20,75,1350
20210224,16:45,767.60,767.60,767.60,767.60,75,1350
20210224,16:46,767.60,767.60,767.60,767.60,75,1350
20210225,09:25,841.70,841.70,841.00,841.00,602,1275
20210225,10:00,850.00,850.00,850.00,850.00,75,1275
20210225,10:02,850.00,850.00,850.00,850.00,75,1875
20210225,10:06,844.30,844.30,844.30,844.30,75,1875
20210225,11:12,850.00,850.00,850.00,850.00,75,2025
20210225,11:42,830.55,830.55,830.55,830.55,75,2025
20210225,11:58,830.55,830.55,830.55,830.55,75,2025
20210225,12:13,830.55,830.55,830.55,830.55,75,2025
20210225,13:49,850.00,850.00,850.00,850.00,75,2025
20210225,14:31,869.20,869.20,869.20,869.20,75,2025
20210226,10:01,660.25,660.25,659.00,659.00,302,2025
20210226,10:20,655.10,655.10,655.10,655.10,75,2025
20210226,10:45,640.00,640.00,640.00,640.00,75,2025
20210226,10:49,638.00,638.00,638.00,638.00,75,2250
20210226,10:59,631.70,631.70,631.70,631.70,75,2250
20210226,11:01,624.15,624.15,624.15,624.15,375,2250
20210226,11:06,624.15,624.15,624.15,624.15,75,2250
20210226,11:19,608.00,608.00,608.00,608.00,375,2250
20210226,11:20,608.00,608.00,608.00,608.00,75,2250
20210226,11:23,610.00,610.00,610.00,610.00,150,2325
20210226,11:24,607.00,607.00,607.00,607.00,150,2325
20210226,11:27,603.40,603.40,603.40,603.40,75,2325
20210226,11:30,600.00,600.00,600.00,600.00,150,2325
20210226,11:33,596.45,596.45,596.45,596.45,75,2325
20210226,11:36,596.45,597.05,596.45,597.05,375,2325
20210226,11:37,604.20,604.20,604.20,604.20,225,2325
20210226,11:38,605.00,605.00,605.00,605.00,150,2325
20210226,11:40,607.50,607.50,607.50,607.50,150,2325
20210226,11:41,605.00,605.00,605.00,605.00,75,2325
20210226,11:42,605.00,605.00,605.00,605.00,75,2325
20210226,11:44,603.30,603.30,601.80,601.80,225,2325
20210226,11:45,617.70,617.70,595.15,595.15,600,2325
20210226,11:50,595.15,595.25,595.15,595.25,150,2325
20210226,12:00,600.05,603.00,600.05,603.00,300,2325
20210226,12:01,600.00,600.00,600.00,600.00,150,2325
20210226,12:02,600.00,600.00,600.00,600.00,75,2325
20210226,12:05,592.95,592.95,592.95,592.95,75,2325
20210226,12:14,580.00,580.00,580.00,580.00,75,2325
20210226,12:15,576.00,576.00,576.00,576.00,75,2325
20210226,12:21,576.00,576.00,576.00,576.00,150,2325
20210226,12:22,580.00,580.00,580.00,580.00,75,2325
20210226,12:39,570.00,570.00,566.70,566.70,225,2475
20210226,12:40,566.70,566.70,566.70,566.70,75,2475
20210226,12:51,578.00,578.00,578.00,578.00,75,2475
20210226,12:55,591.85,591.85,591.85,591.85,75,2475
20210226,12:58,608.30,608.30,608.30,608.30,75,2475
20210226,13:16,577.10,577.10,577.10,577.10,75,2850
20210226,13:43,587.50,587.50,587.50,587.50,150,2925
20210226,13:50,585.25,585.25,585.25,585.25,75,3000
20210226,13:56,595.00,595.00,595.00,595.00,75,3075
20210226,13:59,600.00,600.00,600.00,600.00,75,3000
20210226,14:01,586.80,586.80,586.80,586.80,75,3000
20210226,14:02,605.60,605.60,605.60,605.60,75,3000
20210226,14:09,613.55,613.55,613.55,613.55,75,3000
20210226,14:11,613.55,613.55,613.55,613.55,75,3000
20210226,14:18,593.00,593.00,593.00,593.00,150,3075
20210226,14:36,596.55,596.55,596.55,596.55,75,3075
20210226,14:37,595.45,595.45,595.45,595.45,75,3150
20210226,14:38,597.00,597.00,597.00,597.00,75,3150
20210226,14:49,612.85,612.85,612.85,612.85,225,3000
20210226,14:53,612.30,612.30,612.30,612.30,75,3000
20210226,14:55,611.85,611.85,611.85,611.85,75,3225
20210226,14:56,605.00,605.00,605.00,605.00,75,3225
20210226,14:57,605.00,605.00,605.00,605.00,75,3225
20210226,14:59,605.00,605.00,605.00,605.00,75,3225
20210226,15:00,593.00,593.00,593.00,593.00,75,3225
20210226,15:02,565.00,565.00,564.00,564.00,225,3300
20210226,15:04,564.00,564.00,564.00,564.00,75,3300
20210226,15:07,564.00,564.00,564.00,564.00,75,3300
20210226,15:08,559.00,560.45,559.00,560.45,825,3300
20210226,15:09,554.00,554.00,554.00,554.00,75,3300
20210226,15:10,546.00,546.00,546.00,546.00,75,3300
20210226,15:16,546.00,547.00,546.00,547.00,150,3300
20210226,15:18,543.00,543.00,543.00,543.00,75,3300
20210226,15:21,543.00,547.70,543.00,544.15,900,3675
20210226,15:22,541.20,541.20,539.80,539.80,675,3675
20210226,15:23,539.80,539.80,539.80,539.80,75,3675
20210226,15:26,535.50,535.50,535.50,535.50,75,3675
20210226,15:27,534.15,534.15,534.15,534.15,75,3675
20210301,09:16,585.00,592.00,585.00,592.00,226,5775
20210301,09:18,595.00,595.00,595.00,595.00,225,5700
20210301,09:19,600.00,605.00,600.00,605.00,600,5700
20210301,09:20,615.00,620.00,615.00,620.00,225,5475
20210301,09:21,620.00,620.00,620.00,620.00,75,5475
20210301,09:25,620.00,620.00,620.00,620.00,75,5400
20210301,09:34,589.00,589.00,589.00,589.00,75,5325
20210301,09:35,610.50,618.10,604.70,606.35,375,5250
20210301,09:38,620.00,620.00,620.00,620.00,375,5250
20210301,09:42,625.20,625.20,625.20,625.20,75,5325
20210301,09:51,626.75,626.75,626.75,626.75,75,5325
20210301,09:52,628.00,630.00,628.00,630.00,375,5325
20210301,09:57,630.00,630.00,630.00,630.00,75,5250
20210301,10:02,632.45,632.45,632.45,632.45,75,5250
20210301,10:04,632.45,632.45,632.45,632.45,75,5325
20210301,10:10,631.15,631.15,631.15,631.15,150,5325
20210301,10:14,613.20,613.20,613.20,613.20,75,5325
20210301,10:15,623.20,623.20,623.20,623.20,75,5325
20210301,10:20,635.45,635.45,635.45,635.45,75,5400
20210301,10:24,635.45,635.45,635.45,635.45,75,5325
20210301,10:27,650.00,650.00,650.00,650.00,375,5325
20210301,10:30,650.00,650.00,650.00,650.00,150,5250
20210301,10:33,650.00,650.00,649.05,649.05,150,5250
20210301,10:37,651.95,651.95,651.95,651.95,75,5250
20210301,10:43,651.95,651.95,651.95,651.95,75,5325
20210301,11:07,651.95,651.95,651.95,651.95,75,5250
20210301,11:31,617.45,617.45,617.45,617.45,75,5175
20210301,11:40,607.30,607.30,607.30,607.30,150,5175
20210301,11:44,598.65,598.65,598.65,598.65,375,5175
20210301,11:45,595.15,595.15,594.75,594.75,300,5550
20210301,11:46,594.15,594.15,594.15,594.15,150,5550
20210301,11:48,593.50,593.50,593.50,593.50,150,6000
20210301,11:55,608.90,611.85,608.90,611.85,675,6150
20210301,11:56,613.70,613.70,613.70,613.70,150,6150
20210301,12:06,610.20,610.20,610.20,610.20,75,6000
20210301,12:24,593.50,593.50,593.50,593.50,75,6000
20210301,12:39,585.00,585.00,585.00,585.00,75,6075
20210301,12:48,606.85,606.85,606.85,606.85,75,6075
20210301,12:49,610.00,610.00,610.00,610.00,75,6150
20210301,13:01,617.40,617.40,617.40,617.40,75,6225
20210301,13:16,631.90,631.90,631.90,631.90,75,6150
20210301,13:20,608.85,610.20,608.85,610.20,225,6150
20210301,13:34,632.80,632.80,632.80,632.80,75,6375
20210301,13:39,638.00,638.00,638.00,638.00,75,6375
20210301,13:42,648.00,648.00,648.00,648.00,75,6300
20210301,13:46,635.15,635.15,635.15,635.15,75,6225
20210301,13:47,633.65,633.65,633.65,633.65,75,6225
20210301,13:48,636.35,636.35,636.35,636.35,150,6225
20210301,13:57,627.00,627.00,627.00,627.00,150,6300
20210301,13:58,631.80,631.80,631.80,631.80,75,6375
20210301,14:03,640.00,640.00,640.00,640.00,75,6375
20210301,14:26,627.90,627.90,627.90,627.90,75,6300
20210301,14:31,646.10,646.10,646.10,646.10,75,6300
20210301,14:46,625.00,625.00,625.00,625.00,150,6225
20210301,15:07,620.60,620.60,620.60,620.60,150,6300
20210301,15:11,615.00,615.00,615.00,615.00,75,6375
20210301,15:19,635.00,635.00,635.00,635.00,75,6375
20210301,15:20,633.90,633.90,633.90,633.90,75,6375
20210301,15:25,635.55,635.55,635.55,635.55,75,6375
20210301,15:27,635.45,635.75,635.45,635.75,375,6375
20210301,15:28,635.90,639.35,635.90,639.35,225,6300
20210302,09:20,665.00,665.00,665.00,665.00,226,6300
20210302,09:21,670.60,670.60,670.60,670.60,225,6300
20210302,09:25,680.00,680.00,680.00,680.00,75,6075
20210302,09:38,680.00,680.00,680.00,680.00,75,6000
20210302,09:40,680.00,680.00,680.00,680.00,75,6000
20210302,10:00,690.00,690.00,690.00,690.00,375,5925
20210302,10:02,695.30,695.30,695.30,695.30,150,5925
20210302,10:05,709.90,709.90,709.90,709.90,150,5925
20210302,10:06,709.90,709.90,709.90,709.90,75,5925
20210302,10:19,699.40,699.40,699.40,699.40,75,5925
20210302,10:37,664.60,664.60,664.60,664.60,75,6000
20210302,10:51,651.55,651.55,651.55,651.55,75,6000
20210302,11:11,634.65,634.65,634.65,634.65,75,6000
20210302,11:14,634.65,634.65,634.65,634.65,75,6000
20210302,11:21,611.60,611.60,611.60,611.60,525,6000
20210302,11:24,631.15,631.15,631.15,631.15,75,5850
20210302,11:35,636.90,636.90,636.90,636.90,75,5850
20210302,11:45,644.80,644.80,644.80,644.80,75,5850
20210302,11:46,647.90,647.90,647.90,647.90,150,5850
20210302,11:48,639.95,639.95,639.95,639.95,75,5850
20210302,12:20,655.40,655.40,655.40,655.40,75,5925
20210302,12:21,638.15,653.55,638.15,653.55,150,5925
20210302,12:55,633.90,633.90,633.90,633.90,150,6000
20210302,13:06,640.10,640.10,640.10,640.10,75,6075
20210302,13:41,638.10,642.00,638.10,642.00,225,6675
20210302,13:45,664.00,664.00,664.00,664.00,75,6675
20210302,15:10,670.00,670.00,670.00,670.00,75,6900
20210302,15:14,695.60,695.60,695.60,695.60,525,6900
20210302,15:15,705.00,705.00,705.00,705.00,75,6900
20210302,15:16,704.85,706.30,704.85,706.30,375,6900
20210302,15:28,723.15,723.15,723.15,723.15,150,6900
20210303,09:19,745.50,745.50,745.50,745.50,76,5325
20210303,09:21,754.00,754.00,754.00,754.00,150,5325
20210303,09:25,742.35,742.35,742.35,742.35,375,5475
20210303,09:45,724.00,724.00,724.00,724.00,75,5775
20210303,09:46,724.00,724.00,724.00,724.00,75,5775
20210303,10:21,740.95,740.95,740.95,740.95,75,5775
20210303,10:28,742.75,742.75,742.75,742.75,150,5775
20210303,10:30,748.75,748.75,748.75,748.75,75,5775
20210303,11:14,779.00,779.00,779.00,779.00,225,5850
20210303,11:35,790.00,790.00,790.00,790.00,75,5775
20210303,11:51,798.00,798.00,798.00,798.00,150,5850
20210303,12:02,805.00,805.00,805.00,805.00,75,5775
20210303,12:50,822.00,822.00,822.00,822.00,75,5625
20210303,12:54,822.00,822.00,822.00,822.00,450,5550
20210303,12:57,827.00,827.00,827.00,827.00,150,5550
20210303,13:08,835.90,835.90,835.90,835.90,150,5550
20210303,14:09,840.00,840.00,840.00,840.00,75,4950
20210303,14:22,840.00,840.00,840.00,840.00,300,4950
20210303,14:43,855.40,855.40,855.40,855.40,75,4950
20210303,14:55,894.00,894.00,894.00,894.00,75,4950
20210303,15:04,894.00,894.00,894.00,894.00,75,4950
20210303,15:07,890.00,890.00,890.00,890.00,75,4950
20210303,15:21,900.00,900.00,900.00,900.00,75,4950
20210303,15:25,900.00,900.00,900.00,900.00,75,4950
20210304,09:15,715.50,715.50,715.50,715.50,76,5325
20210304,09:20,777.75,777.75,777.75,777.75,75,5325
20210304,09:38,777.75,777.75,777.75,777.75,75,5400
20210304,09:43,716.35,716.35,716.35,716.35,75,5400
20210304,09:56,735.00,735.00,735.00,735.00,75,5400
20210304,10:12,735.00,735.00,735.00,735.00,150,5400
20210304,11:58,827.00,827.00,827.00,827.00,75,5325
20210304,14:09,830.75,830.75,830.75,830.75,75,5100
20210305,09:23,725.00,725.00,725.00,725.00,76,5175
20210305,09:27,740.25,740.25,740.25,740.25,75,5100
20210305,11:31,768.60,768.60,768.60,768.60,75,5100
20210305,11:38,775.60,775.60,775.60,775.60,75,5025
20210305,12:03,775.60,775.60,775.60,775.60,75,5025
20210305,12:38,764.60,764.60,764.60,764.60,300,5025
20210305,12:44,772.10,772.10,772.10,772.10,375,5025
20210305,12:45,773.05,773.05,773.05,773.05,150,5025
20210305,13:22,760.05,760.05,760.05,760.05,75,4200
20210305,13:38,740.00,740.00,740.00,740.00,75,4200
20210305,13:42,740.00,740.00,740.00,740.00,150,4275
20210305,13:43,735.00,735.00,735.00,735.00,75,4275
20210305,13:53,725.00,725.00,725.00,725.00,75,4500
20210305,13:55,700.00,700.00,700.00,700.00,75,4575
20210305,14:03,690.00,690.00,690.00,690.00,525,4650
20210305,14:06,680.00,680.00,680.00,680.00,300,5175
20210305,14:16,680.00,680.00,680.00,680.00,75,5250
20210305,14:26,700.00,700.00,700.00,700.00,75,5250
20210305,14:42,686.75,686.75,686.75,686.75,75,5250
20210305,14:47,696.00,696.00,696.00,696.00,225,5250
20210305,14:48,700.00,700.00,700.00,700.00,75,5175
20210305,14:57,713.25,713.25,713.25,713.25,300,5175
20210305,14:59,694.70,694.70,694.70,694.70,225,5400
20210305,15:01,686.70,686.70,686.70,686.70,75,5400
20210305,15:06,720.00,720.00,720.00,720.00,1200,5475
20210305,15:07,701.70,715.15,701.70,715.15,450,5475
20210305,15:28,733.70,733.70,733.70,733.70,150,4350
20210308,09:21,738.95,738.95,738.95,738.95,76,4350
20210308,09:26,761.00,761.00,761.00,761.00,900,4350
20210308,09:29,761.00,761.00,761.00,761.00,75,5250
20210308,09:36,777.50,777.50,777.50,777.50,75,5175
20210308,09:49,777.50,777.50,777.50,777.50,75,5175
20210308,09:51,790.00,794.00,790.00,794.00,225,4800
20210308,10:00,816.00,816.00,816.00,816.00,75,4725
20210308,10:40,816.00,816.00,772.00,772.00,1500,4575
20210308,10:42,740.00,740.00,740.00,740.00,1500,5700
20210308,10:43,740.00,740.00,740.00,740.00,600,5700
20210308,10:45,710.00,710.00,710.00,710.00,1800,7125
20210308,10:47,720.00,725.00,720.00,725.00,3075,7125
20210308,10:50,734.10,734.10,734.10,734.10,75,12600
20210308,10:51,745.35,745.35,745.35,745.35,75,12600
20210308,10:52,748.80,751.80,747.80,751.80,825,12600
20210308,10:53,749.65,749.65,747.85,747.85,600,12600
20210308,10:55,747.15,747.15,747.15,747.15,300,12600
20210308,10:59,754.05,754.05,754.05,754.05,75,12075
20210308,11:00,742.00,742.00,742.00,742.00,75,12225
20210308,11:06,738.35,743.75,738.35,743.75,1350,12225
20210308,11:09,748.00,748.00,748.00,748.00,600,13425
20210308,11:14,756.00,756.00,756.00,756.00,600,14475
20210308,11:18,758.00,758.00,758.00,758.00,600,14550
20210308,11:19,764.45,764.45,764.45,764.45,75,14550
20210308,11:20,768.00,768.00,768.00,768.00,675,14550
20210308,11:23,765.55,765.55,765.55,765.55,675,15750
20210308,11:24,762.15,762.15,762.15,762.15,600,15075
20210308,11:29,763.70,763.70,763.70,763.70,75,15000
20210308,11:30,755.45,758.15,755.45,757.65,900,15000
20210308,11:35,769.50,769.50,769.50,769.50,300,15600
20210308,11:42,759.65,759.65,757.20,757.30,975,15600
20210308,11:47,755.00,755.00,755.00,755.00,300,15600
20210308,11:59,754.35,754.35,754.35,754.35,75,15600
20210308,12:00,764.00,764.00,764.00,764.00,225,15900
20210308,12:01,757.15,757.15,756.25,756.25,150,15900
20210308,12:07,742.90,743.70,742.75,742.75,825,15675
20210308,12:29,747.15,747.15,747.15,747.15,75,16275
20210308,12:30,740.80,740.80,740.80,740.80,75,16275
20210308,12:41,746.00,746.00,746.00,746.00,75,16275
20210308,12:52,725.00,725.00,725.00,725.00,600,16275
20210308,12:54,712.40,712.40,712.40,712.40,75,16200
20210308,13:11,730.00,730.00,730.00,730.00,75,15675
20210308,13:12,740.00,740.00,740.00,740.00,225,15675
20210308,13:39,720.00,720.00,720.00,720.00,75,15750
20210308,13:50,704.00,704.00,704.00,704.00,750,15750
20210308,14:19,704.00,704.00,704.00,704.00,75,15150
20210308,14:20,743.55,743.55,743.55,743.55,225,15150
20210308,14:51,739.65,739.65,739.65,739.65,150,15225
20210308,15:05,683.65,683.65,683.65,683.65,75,15225
20210308,15:28,683.65,683.65,683.65,683.65,150,15225
20210309,09:44,775.00,775.00,775.00,775.00,1201,15150
20210309,09:47,771.00,771.00,771.00,771.00,600,15150
20210309,10:13,757.00,757.00,757.00,757.00,150,13875
20210309,10:16,757.00,757.00,757.00,757.00,1200,13800
20210309,10:21,765.00,765.00,765.00,765.00,600,13800
20210309,10:25,765.00,765.00,761.00,761.00,2175,12750
20210309,10:26,763.40,763.40,760.00,760.00,1425,12750
20210309,10:29,767.00,767.00,767.00,767.00,75,12750
20210309,10:34,762.00,762.00,761.00,761.00,1275,10275
20210309,10:35,760.00,762.35,760.00,762.35,225,10275
20210309,10:39,760.00,760.00,760.00,760.00,525,9600
20210309,10:43,758.00,758.00,755.00,755.00,3150,8250
20210309,10:55,752.00,752.00,752.00,752.00,600,8250
20210309,10:57,751.10,755.35,751.10,755.35,1725,7500
20210309,11:20,758.75,761.65,758.75,761.65,375,6450
20210309,11:35,773.35,773.35,773.35,773.35,75,6525
20210309,11:39,773.95,773.95,773.95,773.95,225,6525
20210309,11:55,761.20,763.85,761.20,763.85,600,6450
20210309,11:56,766.00,766.10,766.00,766.10,525,6450
20210309,12:00,757.80,757.80,757.80,757.80,300,6450
20210309,12:16,754.50,754.50,754.50,754.50,150,5850
20210309,12:18,754.15,754.15,754.15,754.15,150,5850
20210309,12:19,746.50,746.50,742.40,742.40,600,5850
20210309,12:20,741.05,741.05,741.05,741.05,450,5850
20210309,12:21,726.20,726.20,726.20,726.20,225,6675
20210309,12:22,726.20,732.50,726.20,731.15,450,6675
20210309,12:23,735.05,735.05,735.05,735.05,150,6675
20210309,12:24,734.00,734.00,734.00,734.00,150,6600
20210309,12:25,740.70,740.70,740.70,740.70,150,6600
20210309,12:27,734.15,734.15,734.15,734.15,150,7500
20210309,12:33,720.00,720.00,720.00,720.00,75,7650
20210309,13:05,706.60,706.60,706.60,706.60,75,7650
20210309,13:14,699.95,699.95,699.90,699.90,225,7725
20210309,13:20,683.35,683.35,683.35,683.35,525,7800
20210309,13:22,676.35,676.35,676.35,676.35,375,7800
20210309,13:28,676.35,676.35,676.35,676.35,75,7800
20210309,14:09,706.15,706.15,706.15,706.15,75,6900
20210309,14:19,716.65,716.65,716.65,716.65,75,6900
20210309,14:38,722.80,722.80,722.80,722.80,75,6750
20210309,14:43,726.45,726.45,726.45,726.45,150,6750
20210309,14:47,748.65,748.65,748.65,748.65,75,6750
20210309,15:15,791.45,791.45,791.45,791.45,75,6825
20210309,15:28,804.00,804.00,804.00,804.00,75,6450
20210310,09:16,833.95,833.95,833.90,833.90,152,6375
20210310,09:18,848.05,848.05,848.05,848.05,75,6375
20210310,09:57,848.05,848.05,848.05,848.05,75,6225
20210312,09:16,888.25,888.25,888.25,888.25,76,6225
20210312,09:25,889.95,889.95,889.95,889.95,75,6225
20210312,09:39,889.95,889.95,884.20,884.20,225,6225
20210312,09:40,884.90,886.95,884.90,886.95,150,6225
20210312,09:47,864.95,864.95,864.95,864.95,75,6225
20210312,09:51,864.95,864.95,864.95,864.95,75,6675
20210312,10:20,878.60,878.60,878.60,878.60,75,6750
20210312,10:21,875.00,875.00,875.00,875.00,75,6750
20210312,11:54,870.00,870.00,870.00,870.00,75,6675
20210312,13:20,805.00,805.00,805.00,805.00,150,6675
20210312,13:45,709.20,709.20,709.20,709.20,75,6675
20210312,13:54,709.20,709.20,709.20,709.20,75,6675
20210312,14:12,700.00,700.00,700.00,700.00,75,6675
20210312,14:17,684.00,684.00,684.00,684.00,75,6750
20210312,14:21,681.00,681.00,681.00,681.00,75,6750
20210312,14:55,667.05,667.05,667.05,667.05,75,6900
20210312,15:00,667.05,667.05,667.05,667.05,75,6900
20210312,15:04,715.00,715.00,715.00,715.00,75,6750
20210312,15:20,686.00,686.00,686.00,686.00,75,6675
20210312,15:21,685.00,685.00,685.00,685.00,225,6675
20210312,15:28,689.70,689.70,689.70,689.70,75,6825
20210312,15:29,690.35,690.35,690.35,690.35,75,6825
20210315,09:15,670.15,670.15,670.15,670.15,76,6750
20210315,09:16,666.25,666.25,666.25,666.25,150,6750
20210315,09:17,666.15,666.15,666.15,666.15,225,6750
20210315,09:31,603.00,603.00,603.00,603.00,150,6600
20210315,09:36,590.00,590.00,585.00,585.00,450,6675
20210315,09:39,585.00,590.95,585.00,590.95,300,6750
20210315,09:40,569.90,569.90,569.90,569.90,75,6750
20210315,09:41,569.90,578.95,569.90,578.95,150,7050
20210315,09:44,565.70,565.70,565.70,565.70,75,7050
20210315,09:47,565.70,565.70,565.70,565.70,300,7125
20210315,09:49,587.95,587.95,587.95,587.95,75,7200
20210315,09:51,585.00,585.00,583.95,583.95,450,7350
20210315,09:52,580.15,580.15,580.15,580.15,75,7350
20210315,09:53,589.55,591.40,589.55,591.40,225,6975
20210315,09:54,595.70,595.70,595.70,595.70,150,6975
20210315,09:55,595.20,599.70,591.55,599.70,450,6975
20210315,09:57,582.00,588.65,582.00,588.65,675,6750
20210315,09:58,588.70,590.15,588.70,590.15,300,6750
20210315,09:59,593.35,593.35,593.35,593.35,75,6750
20210315,10:07,574.55,574.55,574.55,574.55,75,6375
20210315,10:08,574.40,574.40,574.40,574.40,75,6300
20210315,10:10,576.70,577.85,576.70,577.85,150,6300
20210315,10:12,584.00,584.00,584.00,584.00,225,6300
20210315,10:13,585.20,585.20,585.20,585.20,75,6300
20210315,10:15,576.90,576.90,575.80,575.80,600,6450
20210315,10:16,576.80,576.80,576.80,576.80,75,6450
20210315,10:21,594.20,594.20,594.20,594.20,750,6600
20210315,10:22,592.60,592.60,592.60,592.60,150,6600
20210315,10:23,598.35,598.65,595.00,596.70,525,7350
20210315,10:24,605.95,605.95,605.95,605.95,150,7350
20210315,10:25,606.45,606.45,601.35,601.35,150,7350
20210315,10:26,599.50,599.50,593.65,593.65,225,6975
20210315,10:28,588.20,588.20,588.20,588.20,150,6975
20210315,10:29,585.40,585.40,585.40,585.40,75,6975
20210315,10:30,597.10,597.10,597.10,597.10,75,7050
20210315,10:31,596.70,596.70,596.70,596.70,75,7050
20210315,10:32,595.10,595.10,595.10,595.10,75,6675
20210315,10:33,600.25,600.25,600.25,600.25,75,6675
20210315,10:34,586.00,586.00,586.00,586.00,150,6675
20210315,10:37,585.80,585.80,581.35,581.35,975,6825
20210315,10:40,585.35,586.15,585.35,586.15,150,7575
20210315,10:41,588.55,588.55,588.55,588.55,75,7575
20210315,10:45,577.45,577.45,577.45,577.45,150,7725
20210315,10:48,582.50,583.90,582.50,583.90,150,7800
20210315,10:49,585.40,587.00,585.40,587.00,375,7800
20210315,10:50,585.45,585.45,583.90,584.30,600,7800
20210315,10:51,577.45,578.60,577.45,578.10,225,8250
20210315,10:52,576.40,580.40,574.70,580.40,525,8250
20210315,10:53,583.00,585.65,583.00,585.65,450,8250
20210315,10:54,581.65,581.95,581.65,581.95,150,9000
20210315,10:56,570.00,570.00,570.00,570.00,75,9000
20210315,10:57,572.30,572.30,572.30,572.30,75,9000
20210315,10:58,571.90,571.90,568.30,568.30,375,9150
20210315,10:59,572.80,572.80,571.25,571.25,300,9150
20210315,11:00,565.70,565.70,565.70,565.70,75,9375
20210315,11:01,568.60,569.25,568.60,569.25,300,9375
20210315,11:03,554.30,559.35,554.30,559.35,675,9750
20210315,11:05,554.70,554.70,554.70,554.70,75,9750
20210315,11:10,562.25,562.25,562.25,562.25,75,10050
20210315,11:13,549.10,551.45,549.10,549.60,375,10050
20210315,11:14,556.00,556.00,556.00,556.00,75,10050
20210315,11:16,547.50,547.50,540.50,540.50,825,10275
20210315,11:17,546.10,546.10,546.10,546.10,150,10275
20210315,11:18,544.40,544.40,541.45,541.45,150,10275
20210315,11:19,545.00,546.15,543.45,546.15,450,10275
20210315,11:20,536.35,536.35,536.35,536.35,75,10275
20210315,11:21,536.35,540.00,536.35,540.00,600,10650
20210315,11:22,547.70,547.70,547.70,547.70,75,10650
20210315,11:23,545.00,545.00,545.00,545.00,150,10650
20210315,11:25,550.05,553.00,550.05,553.00,300,11175
20210315,11:28,555.00,555.00,555.00,555.00,75,11175
20210315,11:30,561.00,561.00,561.00,561.00,150,11325
20210315,11:34,550.05,551.05,548.50,548.90,525,11400
20210315,11:35,552.25,552.25,552.25,552.25,75,11400
20210315,11:37,554.10,554.10,554.10,554.10,75,11700
20210315,11:41,556.00,558.40,556.00,558.40,150,11775
20210315,11:42,555.00,555.00,555.00,555.00,75,11925
20210315,11:43,552.00,552.00,552.00,552.00,75,11925
20210315,11:44,555.00,555.00,555.00,555.00,75,11925
20210315,11:45,553.00,553.00,545.40,546.20,375,12075
20210315,11:47,545.80,545.80,542.00,542.00,450,12075
20210315,11:48,541.85,541.85,541.85,541.85,225,12300
20210315,11:50,543.00,543.00,543.00,543.00,75,12300
20210315,11:51,544.20,544.20,544.00,544.00,300,12375
20210315,11:53,546.75,546.75,546.75,546.75,75,12375
20210315,11:54,545.70,545.70,545.70,545.70,75,12525
20210315,11:55,547.70,550.25,547.70,550.25,225,12525
20210315,12:01,567.50,567.50,567.50,567.50,75,12600
20210315,12:04,563.80,563.80,561.15,561.15,225,12600
20210315,12:05,567.60,567.60,567.60,567.60,75,12600
20210315,12:07,574.70,577.90,574.70,576.00,225,12675
20210315,12:11,556.50,556.50,556.50,556.50,75,12675
20210315,12:12,557.30,557.30,557.30,557.30,75,12675
20210315,12:20,556.30,556.30,556.30,556.30,75,12675
20210315,12:26,554.30,554.30,554.30,554.30,150,12675
20210315,12:27,553.15,553.15,553.15,553.15,150,12675
20210315,12:29,549.75,549.75,549.75,549.75,75,12825
20210315,12:32,544.65,544.65,544.65,544.65,150,12825
20210315,12:35,541.60,541.60,541.60,541.60,75,12750
20210315,12:37,535.35,535.35,535.35,535.35,75,12825
20210315,12:38,531.45,531.90,531.45,531.90,300,12825
20210315,12:39,534.40,534.40,534.40,534.40,75,12825
20210315,12:40,530.00,532.00,530.00,532.00,225,13125
20210315,12:42,531.50,531.50,529.00,529.00,225,13350
20210315,12:43,524.95,524.95,524.95,524.95,300,13350
20210315,12:46,524.95,524.95,524.95,524.95,75,13275
20210315,12:54,538.55,538.55,538.55,538.55,75,13350
20210315,13:00,531.35,531.35,531.35,531.35,1275,13350
20210315,13:02,527.75,527.75,526.30,526.30,150,13350
20210315,13:03,526.45,526.45,526.45,526.45,150,13350
20210315,13:08,525.30,525.30,525.30,525.30,75,14475
20210315,13:14,535.65,535.65,533.00,533.00,450,14475
20210315,13:19,533.00,533.00,533.00,533.00,225,14925
20210315,13:21,529.60,529.60,529.60,529.60,75,14925
20210315,13:23,541.65,541.65,541.65,541.65,75,14925
20210315,13:31,541.00,541.00,541.00,541.00,75,14700
20210315,13:33,531.55,531.55,531.55,531.55,75,14700
20210315,13:34,534.85,534.85,534.85,534.85,75,14850
20210315,13:35,541.00,553.95,541.00,553.95,675,14850
20210315,13:36,551.95,551.95,548.85,549.80,825,15375
20210315,13:37,555.10,556.35,555.10,556.35,150,15375
20210315,13:39,555.95,555.95,555.95,555.95,225,15375
20210315,13:42,545.30,545.30,545.30,545.30,75,15825
20210315,13:44,556.00,556.00,555.95,556.00,675,15675
20210315,13:45,556.00,558.95,556.00,558.95,4125,15675
20210315,13:46,554.00,554.00,554.00,554.00,4500,16200
20210315,13:47,555.00,555.00,555.00,555.00,75,16200
20210315,13:49,554.85,554.85,554.85,554.85,750,19200
20210315,13:51,550.00,550.00,549.65,549.65,150,19200
20210315,13:52,554.95,554.95,554.95,554.95,3675,20025
20210315,13:53,567.35,567.35,566.60,566.60,225,20025
20210315,13:55,562.45,562.45,562.45,562.45,75,20025
20210315,13:59,560.95,560.95,560.95,560.95,75,23325
20210315,14:00,560.45,561.85,560.45,561.35,375,23475
20210315,14:01,563.00,566.45,563.00,566.45,150,23475
20210315,14:04,544.00,544.00,544.00,544.00,75,23700
20210315,14:05,547.00,548.00,547.00,548.00,9150,23700
20210315,14:08,544.00,544.00,544.00,544.00,75,32025
20210315,14:20,553.00,553.00,553.00,553.00,75,32025
20210315,14:21,550.00,550.00,550.00,550.00,75,32025
20210315,14:27,559.95,559.95,559.95,559.95,75,32175
20210315,14:31,559.95,570.65,559.95,570.65,225,32175
20210315,14:35,573.40,573.40,573.40,573.40,75,32100
20210315,14:38,580.00,580.00,580.00,580.00,75,32175
20210315,14:40,585.00,585.00,585.00,585.00,75,32175
20210315,14:42,577.25,577.25,577.25,577.25,150,32175
20210315,14:55,592.30,592.30,592.30,592.30,75,32100
20210315,14:56,591.65,604.90,591.65,604.90,1575,32100
20210315,14:57,604.90,604.90,604.90,604.90,75,32100
20210315,14:58,604.55,604.55,604.55,604.55,75,32925
20210315,15:00,614.50,617.50,614.50,617.50,150,32925
20210315,15:01,620.85,628.30,620.85,627.45,525,33150
20210315,15:03,629.40,629.40,629.40,629.40,150,33150
20210315,15:05,630.15,635.85,630.15,635.85,225,33300
20210315,15:06,637.25,637.25,637.25,637.25,75,33300
20210315,15:07,640.00,652.05,640.00,645.60,1275,33525
20210315,15:08,636.40,636.40,633.45,633.45,150,33525
20210315,15:09,630.95,636.00,630.95,636.00,300,33525
20210315,15:10,642.90,642.90,642.90,642.90,75,34800
20210315,15:14,614.20,614.20,614.20,614.20,75,34800
20210315,15:16,617.25,617.25,617.25,617.25,75,34725
20210315,15:18,613.90,613.90,613.90,613.90,75,34725
20210315,15:19,612.80,612.80,612.80,612.80,75,34725
20210315,15:21,612.65,612.65,612.65,612.65,75,34725
20210315,15:26,600.90,600.90,600.90,600.90,150,34650
20210315,15:28,615.20,615.20,615.20,615.20,75,34575
20210316,09:16,629.95,630.00,629.95,630.00,527,34500
20210316,09:18,630.00,630.00,630.00,630.00,75,34575
20210316,09:19,631.30,631.30,631.30,631.30,75,34575
20210316,09:21,631.30,631.30,627.45,627.45,225,34500
20210316,09:43,620.00,620.00,620.00,620.00,75,34350
20210316,09:49,613.15,613.30,613.15,613.30,225,34275
20210316,09:50,608.90,608.90,608.90,608.90,75,34275
20210316,09:51,600.90,600.90,600.90,600.90,150,34275
20210316,09:57,610.20,610.20,610.20,610.20,75,34350
20210316,10:10,627.00,627.00,627.00,627.00,225,34350
20210316,10:14,627.20,627.20,627.20,627.20,150,34575
20210316,10:24,634.85,634.85,634.85,634.85,75,34575
20210316,10:26,640.60,640.60,640.60,640.60,75,34575
20210316,10:29,650.00,650.00,650.00,650.00,75,34500
20210316,10:30,665.30,665.30,665.30,665.30,75,34500
20210316,10:34,665.30,665.30,665.30,665.30,75,34425
20210316,10:36,657.45,657.95,657.45,657.95,450,34425
20210316,10:42,666.50,666.50,666.50,666.50,300,34425
20210316,11:29,666.50,666.50,666.50,666.50,75,34425
20210316,11:30,629.40,629.40,629.40,629.40,75,34500
20210316,12:01,637.50,637.50,637.50,637.50,75,34425
20210316,13:54,606.40,606.40,606.40,606.40,75,34425
20210316,14:23,596.00,596.00,596.00,596.00,75,34500
20210316,14:30,596.00,596.00,596.00,596.00,75,34500
20210316,14:39,612.80,612.80,612.80,612.80,75,34575
20210316,15:10,587.75,587.75,587.75,587.75,150,34500
20210316,15:11,581.50,581.50,579.40,579.40,450,34500
20210316,15:12,580.40,580.40,580.40,580.40,75,34500
20210316,15:15,587.90,591.15,587.90,591.15,600,34500
20210316,15:16,586.65,586.65,582.55,583.20,675,34575
20210316,15:21,592.50,592.50,592.50,592.50,75,34425
20210316,15:22,591.80,591.80,591.80,591.80,75,34575
20210316,15:26,596.75,601.35,596.75,601.35,450,34575
20210316,15:28,591.30,591.30,591.30,591.30,75,34425
20210316,15:29,589.00,589.00,589.00,589.00,75,34425
20210317,09:19,561.35,561.40,561.35,561.40,152,34350
20210317,09:20,566.90,566.90,566.90,566.90,75,34350
20210317,09:27,576.75,576.75,576.75,576.75,150,34575
20210317,09:31,590.35,590.35,590.35,590.35,75,34650
20210317,09:32,590.35,590.35,590.35,590.35,75,34650
20210317,10:29,543.90,543.90,543.90,543.90,75,34650
20210317,10:33,543.90,543.90,543.90,543.90,75,34725
20210317,10:37,547.00,547.00,547.00,547.00,75,34800
20210317,11:07,540.00,540.00,540.00,540.00,75,34875
20210317,11:31,540.00,540.00,540.00,540.00,75,34950
20210317,12:15,590.70,590.70,590.70,590.70,75,34950
20210317,12:17,540.00,540.00,540.00,540.00,75,34950
20210317,12:41,528.45,530.00,528.45,530.00,450,34875
20210317,12:49,524.95,524.95,524.95,524.95,75,34800
20210317,12:50,524.95,525.90,524.95,525.90,150,34800
20210317,12:55,524.95,524.95,524.95,524.95,75,34800
20210317,13:00,528.45,528.55,528.45,528.55,225,34800
20210317,13:02,524.00,524.00,524.00,524.00,75,34800
20210317,13:15,524.00,524.00,524.00,524.00,75,34800
20210317,13:18,538.70,538.70,538.70,538.70,75,34800
20210317,13:20,542.90,542.90,542.90,542.90,75,34800
20210317,13:32,542.90,542.90,542.90,542.90,150,34650
20210317,13:44,533.00,533.00,533.00,533.00,75,34500
20210317,13:50,513.00,513.00,513.00,513.00,150,34500
20210317,13:52,513.00,514.00,513.00,513.00,450,34500
20210317,13:53,510.00,510.00,510.00,510.00,75,34500
20210317,14:05,497.45,498.95,494.15,494.15,825,34350
20210317,14:06,494.15,494.15,494.15,494.15,75,34350
20210317,14:08,501.95,501.95,497.95,497.95,150,34725
20210317,14:09,495.20,495.20,495.20,495.20,375,34725
20210317,14:10,503.65,503.65,503.65,503.65,75,34800
20210317,14:15,495.00,495.00,495.00,495.00,75,34725
20210317,14:19,493.45,493.45,493.00,493.00,150,34725
20210317,14:20,488.05,488.05,487.45,487.45,150,34725
20210317,14:21,485.65,485.65,485.65,485.65,75,34725
20210317,14:22,485.65,485.65,485.65,485.65,75,34425
20210317,14:23,489.95,489.95,489.95,489.95,75,34425
20210317,14:25,497.40,497.40,494.40,494.40,150,34425
20210317,14:29,495.40,495.40,495.40,495.40,75,34200
20210317,14:30,492.20,494.80,492.20,494.80,225,34200
20210317,14:31,491.90,491.90,489.95,489.95,150,34200
20210317,14:32,491.80,491.80,491.80,491.80,150,34200
20210317,14:34,495.00,495.00,495.00,495.00,75,34425
20210317,14:35,498.00,498.00,498.00,498.00,75,34425
20210317,14:37,500.30,500.30,500.30,500.30,225,34500
20210317,14:38,498.10,498.10,498.10,498.10,75,34500
20210317,14:39,494.30,494.30,494.30,494.30,150,34650
20210317,14:40,490.15,490.15,490.15,490.15,300,34650
20210317,14:41,491.60,497.00,491.60,497.00,150,34650
20210317,14:42,495.40,495.40,495.40,495.40,75,34650
20210317,14:43,496.15,496.15,492.75,492.75,150,34500
20210317,14:44,492.15,494.40,492.15,493.95,300,34500
20210317,14:48,497.60,497.60,497.60,497.60,75,34200
20210317,14:49,496.30,496.30,492.70,493.75,525,34125
20210317,14:51,492.60,496.75,492.60,495.50,600,33825
20210317,14:55,494.30,494.30,491.30,491.30,225,33900
20210317,14:58,496.35,500.70,496.00,500.70,1650,33975
20210317,14:59,500.00,500.00,500.00,500.00,300,33975
20210317,15:01,493.30,493.30,493.30,493.30,225,34725
20210317,15:02,491.30,491.30,491.30,491.30,75,34725
20210317,15:04,483.15,483.15,481.55,481.55,300,34425
20210317,15:05,480.45,480.45,480.00,480.00,300,34425
20210317,15:06,473.85,473.85,469.40,469.40,375,34650
20210317,15:07,468.00,468.00,465.00,465.00,450,34650
20210317,15:08,465.00,465.00,459.85,459.85,450,34650
20210317,15:09,459.85,463.20,459.85,461.95,1725,35325
20210317,15:10,461.25,461.25,456.05,456.05,450,35325
20210317,15:11,457.30,457.30,456.70,456.70,150,35325
20210317,15:12,461.00,461.60,458.70,461.45,825,35325
20210317,15:13,461.20,461.20,456.95,457.20,525,36750
20210317,15:14,460.00,461.45,455.00,455.00,675,36750
20210317,15:15,455.00,459.55,455.00,459.55,150,36750
20210317,15:16,458.20,461.00,458.20,461.00,900,38025
20210317,15:17,460.05,464.65,460.05,462.10,375,38025
20210317,15:18,464.00,464.30,460.10,460.30,1575,38025
20210317,15:19,462.00,464.05,462.00,464.00,300,36450
20210317,15:20,464.00,464.00,462.65,462.65,225,36450
20210317,15:21,463.00,463.00,460.00,460.00,375,36450
20210317,15:22,460.05,460.05,458.45,458.45,225,36525
20210317,15:23,458.45,461.35,458.45,461.35,150,36525
20210317,15:24,458.50,458.50,458.50,458.50,75,36525
20210317,15:25,459.25,459.25,459.10,459.10,375,36750
20210317,15:26,460.00,461.90,458.00,458.00,450,36750
20210317,15:27,458.00,458.00,456.00,456.00,450,36750
20210317,15:28,460.95,460.95,456.00,456.00,225,36825
20210317,15:29,455.00,460.20,455.00,455.00,525,36825
20210318,09:15,519.70,519.85,502.20,519.85,1127,33675
20210318,09:16,521.60,522.45,521.60,522.45,150,33675
20210318,09:17,522.45,522.45,515.65,518.35,975,33900
20210318,09:18,519.95,519.95,513.65,518.05,675,33900
20210318,09:19,521.30,521.30,513.60,514.35,300,33900
20210318,09:20,514.35,524.70,514.35,524.70,975,33600
20210318,09:21,524.70,524.70,514.65,514.65,150,33600
20210318,09:22,521.35,521.35,521.35,521.35,75,33600
20210318,09:25,514.60,514.60,500.00,500.00,225,33600
20210318,09:27,500.00,500.00,500.00,500.00,1200,33600
20210318,09:29,510.00,510.00,507.30,507.30,150,33600
20210318,09:32,514.75,514.75,514.75,514.75,75,34350
20210318,09:34,514.30,514.90,514.30,514.90,150,34350
20210318,09:35,517.65,517.65,517.65,517.65,75,34350
20210318,09:40,517.65,517.65,517.65,517.65,75,34275
20210318,09:42,512.55,512.55,512.55,512.55,75,34350
20210318,09:44,521.30,521.45,521.20,521.45,300,34275
20210318,09:45,520.90,520.90,517.00,517.00,600,34275
20210318,09:46,517.55,517.55,517.55,517.55,300,34275
20210318,09:48,516.05,516.05,512.95,512.95,450,34425
20210318,09:49,514.85,516.10,514.85,516.10,300,34425
20210318,09:53,507.90,507.90,507.90,507.90,75,34425
20210318,09:54,510.00,510.00,510.00,510.00,75,34425
20210318,09:55,504.85,504.85,504.85,504.85,225,34425
20210318,09:56,510.25,510.25,509.80,509.80,225,34350
20210318,09:57,503.35,503.35,503.35,503.35,225,34350
20210318,09:58,501.15,501.15,501.15,501.15,150,34350
20210318,10:00,500.35,500.35,500.35,500.35,75,34425
20210318,10:01,500.90,500.90,500.90,500.90,75,34425
20210318,10:10,498.00,498.00,498.00,498.00,225,34500
20210318,10:13,495.00,495.00,495.00,495.00,75,34425
20210318,10:14,495.00,495.00,493.45,493.45,150,34425
20210318,10:16,493.45,494.55,493.45,494.55,225,34425
20210318,10:17,491.00,492.45,491.00,491.25,450,34425
20210318,10:18,491.70,491.70,489.15,489.15,150,34725
20210318,10:19,488.85,488.85,488.85,488.85,150,34725
20210318,10:21,488.85,491.50,488.85,491.50,225,34725
20210318,10:24,489.60,489.60,489.60,489.60,75,34800
20210318,10:25,489.50,489.50,484.10,484.10,300,34800
20210318,10:29,484.10,490.05,484.10,490.05,375,34800
20210318,10:30,482.10,482.10,480.00,480.00,600,35100
20210318,10:31,480.00,482.30,480.00,482.30,150,35100
20210318,10:32,481.60,481.60,481.60,481.60,75,35100
20210318,10:33,480.85,480.85,480.55,480.55,150,34875
20210318,10:34,478.90,478.90,478.90,478.90,75,34875
20210318,10:40,471.00,471.00,468.80,468.80,600,34950
20210318,10:41,467.65,469.00,465.80,469.00,450,34950
20210318,10:43,470.10,470.10,470.10,470.10,150,35175
20210318,10:46,479.45,479.45,479.45,479.45,150,35025
20210318,10:47,481.65,481.65,481.65,481.65,75,34875
20210318,10:48,481.45,481.45,479.50,479.50,150,34875
20210318,10:51,488.60,488.60,488.60,488.60,75,35025
20210318,10:53,485.00,485.00,485.00,485.00,75,35025
20210318,10:55,483.80,483.80,483.80,483.80,75,35175
20210318,10:56,479.50,479.50,479.50,479.50,75,35175
20210318,10:57,482.00,482.00,482.00,482.00,75,35250
20210318,11:01,481.60,481.60,481.60,481.60,150,35250
20210318,11:04,480.40,480.40,480.40,480.40,75,35250
20210318,11:11,478.65,478.65,478.65,478.65,75,35250
20210318,11:17,478.25,478.25,478.25,478.25,75,35325
20210318,11:20,470.45,470.45,470.00,470.00,225,35325
20210318,11:28,471.15,471.15,471.15,471.15,75,35325
20210318,11:33,472.30,472.30,472.30,472.30,150,35400
20210318,11:35,471.85,471.85,471.85,471.85,75,35400
20210318,11:40,468.25,468.25,468.25,468.25,75,35475
20210318,11:42,468.25,468.25,468.25,468.25,75,35550
20210318,11:49,471.65,472.10,471.65,472.10,225,35550
20210318,11:50,471.70,473.90,471.70,473.90,225,35550
20210318,11:51,475.40,476.95,475.40,476.20,525,35250
20210318,11:52,476.10,477.25,476.10,477.25,225,35250
20210318,12:14,489.95,493.00,489.95,492.65,900,35175
20210318,12:15,492.85,492.85,492.85,492.85,150,35175
20210318,12:18,488.25,488.25,488.25,488.25,225,35175
20210318,12:19,487.05,487.05,486.50,486.50,150,35175
20210318,12:20,484.40,484.40,484.40,484.40,150,35175
20210318,12:21,482.45,482.95,482.45,482.95,150,35175
20210318,12:25,485.40,485.40,485.40,485.40,75,35250
20210318,12:29,488.05,488.05,488.05,488.05,75,35250
20210318,12:32,482.00,482.00,477.60,477.60,300,35250
20210318,12:35,478.40,478.40,478.40,478.40,75,35250
20210318,12:50,480.90,480.90,480.90,480.90,75,35175
20210318,12:52,475.20,475.20,475.20,475.20,225,35175
20210318,12:54,471.00,471.00,471.00,471.00,150,35400
20210318,12:57,465.00,465.00,461.70,461.70,150,35400
20210318,12:58,461.70,461.70,461.70,461.70,75,35175
20210318,13:00,461.05,461.05,461.00,461.00,300,35175
20210318,13:01,461.00,461.40,461.00,461.40,225,35175
20210318,13:02,467.75,467.75,467.75,467.75,150,35175
20210318,13:03,461.00,461.00,461.00,461.00,75,35175
20210318,13:04,457.65,457.65,457.65,457.65,75,35175
20210318,13:07,450.15,450.15,448.10,448.75,750,35250
20210318,13:08,448.75,448.75,448.75,448.75,75,35250
20210318,13:09,452.05,452.05,448.05,448.05,375,35325
20210318,13:10,451.75,451.75,447.05,447.05,750,35325
20210318,13:11,445.75,445.75,444.85,444.85,225,35325
20210318,13:12,441.00,441.00,439.20,439.20,225,36150
20210318,13:13,439.20,443.80,439.20,443.80,600,36150
20210318,13:14,443.10,443.10,435.00,435.00,300,36150
20210318,13:15,433.30,436.60,433.30,435.25,975,36000
20210318,13:16,434.50,434.50,421.00,421.00,1800,36000
20210318,13:17,420.00,420.00,412.00,417.00,1275,36000
20210318,13:18,418.80,422.55,413.00,413.00,525,36450
20210318,13:19,413.00,413.00,409.00,409.00,375,36450
20210318,13:20,409.00,416.30,408.30,410.50,1200,36450
20210318,13:21,411.50,417.90,411.50,415.15,450,36900
20210318,13:22,420.15,422.85,420.15,421.40,600,36900
20210318,13:23,419.35,421.95,416.00,416.00,1500,36900
20210318,13:24,415.05,417.95,412.55,413.00,1800,37200
20210318,13:25,411.00,411.00,396.50,401.50,2325,37200
20210318,13:26,400.00,402.95,397.15,402.95,300,37200
20210318,13:27,398.00,398.00,394.30,398.00,825,37350
20210318,13:28,398.00,400.05,398.00,399.90,300,37350
20210318,13:29,402.50,402.65,402.50,402.65,225,37350
20210318,13:30,403.55,403.55,384.00,384.00,3225,37725
20210318,13:31,384.00,390.25,384.00,384.00,975,37725
20210318,13:32,379.60,379.60,374.70,374.70,1275,37725
20210318,13:33,378.35,382.45,375.70,377.80,900,37725
20210318,13:34,389.35,389.50,384.15,388.60,675,37725
20210318,13:35,392.40,392.40,387.45,390.00,750,37725
20210318,13:36,390.20,397.55,389.00,397.55,600,39750
20210318,13:37,396.70,398.10,388.65,390.00,1875,39750
20210318,13:38,386.85,387.35,384.25,385.55,975,39750
20210318,13:39,385.60,388.05,383.05,388.05,675,39750
20210318,13:40,389.40,389.40,388.75,388.75,300,39750
20210318,13:41,383.20,385.45,381.95,382.70,900,39750
20210318,13:42,383.25,388.30,380.40,388.30,1350,40125
20210318,13:43,390.85,390.95,384.60,387.40,2325,40125
20210318,13:44,388.75,390.95,388.45,389.10,600,40125
20210318,13:45,393.25,400.85,393.25,400.85,1275,39075
20210318,13:46,400.85,405.25,400.00,405.25,1050,39075
20210318,13:47,406.45,406.45,398.75,398.75,750,39075
20210318,13:49,398.00,403.85,398.00,403.85,600,39525
20210318,13:50,401.05,401.05,397.60,397.60,375,39525
20210318,13:51,400.50,401.90,400.00,401.70,675,40500
20210318,13:52,404.70,404.70,399.65,399.65,375,40500
20210318,13:53,401.30,402.05,401.30,402.05,225,40500
20210318,13:54,402.00,402.00,401.00,401.00,450,40500
20210318,13:56,396.00,396.00,396.00,396.00,75,40800
20210318,13:57,389.90,389.90,385.00,385.00,150,39975
20210318,13:58,387.75,387.75,380.00,381.80,450,39975
20210318,13:59,380.35,380.55,373.95,373.95,3825,39975
20210318,14:00,373.75,373.75,368.85,368.85,1650,39975
20210318,14:01,373.00,373.70,371.35,373.70,300,39975
20210318,14:02,375.40,376.75,370.30,372.55,825,39975
20210318,14:03,371.70,372.10,370.80,370.80,450,44175
20210318,14:04,372.00,372.00,371.00,371.10,225,44175
20210318,14:05,370.70,370.70,366.25,366.25,450,44175
20210318,14:06,366.25,369.30,366.25,369.30,150,44325
20210318,14:07,370.45,371.25,368.85,368.85,1200,44325
20210318,14:08,370.05,371.30,368.85,371.00,525,44325
20210318,14:09,375.10,377.40,374.35,374.35,450,44850
20210318,14:10,373.45,376.60,373.40,373.40,750,44850
20210318,14:11,370.00,370.50,364.90,364.90,900,44850
20210318,14:12,363.00,363.00,355.45,355.45,975,45225
20210318,14:13,355.45,356.70,354.35,354.35,600,45225
20210318,14:14,353.00,353.00,344.95,347.00,3075,45225
20210318,14:15,346.90,353.35,346.90,348.05,2175,47550
20210318,14:16,348.95,348.95,337.05,338.00,1650,47550
20210318,14:17,335.55,338.50,332.75,335.45,1650,47550
20210318,14:18,333.10,334.65,333.10,334.65,600,47550
20210318,14:19,335.95,340.90,335.95,340.90,1050,47700
20210318,14:20,341.35,345.25,340.30,344.20,600,47700
20210318,14:21,343.00,343.80,342.00,343.60,600,47700
20210318,14:22,343.70,343.70,336.75,338.00,2175,47775
20210318,14:23,336.25,337.90,335.70,337.90,1050,47775
20210318,14:24,341.80,342.55,338.80,342.55,825,48075
20210318,14:25,344.30,351.95,344.30,347.00,1725,48075
20210318,14:26,345.00,345.00,340.60,341.50,450,48075
20210318,14:27,342.45,342.45,342.45,342.45,75,48075
20210318,14:28,346.80,346.80,345.75,345.75,300,48900
20210318,14:29,343.10,343.10,341.20,342.65,975,48900
20210318,14:30,344.15,350.90,344.15,350.90,525,49575
20210318,14:31,350.15,353.05,350.15,353.05,450,49575
20210318,14:32,352.60,355.90,351.05,355.90,750,49575
20210318,14:33,354.40,356.00,354.00,356.00,600,50550
20210318,14:34,354.05,356.00,350.00,350.00,525,50550
20210318,14:35,350.50,353.80,350.50,353.80,450,50550
20210318,14:36,353.25,355.70,353.25,355.70,150,50550
20210318,14:37,357.20,357.20,354.95,355.25,900,50025
20210318,14:38,357.50,363.65,357.50,363.65,975,50025
20210318,14:39,360.00,360.00,358.00,358.00,525,50025
20210318,14:40,356.80,356.80,355.05,355.65,375,50325
20210318,14:41,363.00,363.40,356.55,358.15,1125,50325
20210318,14:42,355.90,356.00,353.05,353.05,825,49650
20210318,14:43,350.80,350.80,341.00,341.00,1275,49650
20210318,14:44,340.00,345.00,338.80,342.15,1875,49650
20210318,14:45,342.20,342.20,335.00,340.55,3675,52875
20210318,14:46,338.45,342.80,337.95,342.80,300,52875
20210318,14:47,340.90,342.45,337.85,340.20,900,52875
20210318,14:48,343.95,343.95,343.95,343.95,225,52875
20210318,14:49,346.50,346.50,342.00,342.00,750,52650
20210318,14:50,345.00,345.00,342.05,342.05,525,52650
20210318,14:51,343.15,343.15,342.00,342.60,525,52650
20210318,14:52,343.40,344.90,343.40,344.90,450,52350
20210318,14:53,344.00,345.30,343.00,345.30,300,52350
20210318,14:54,345.10,345.10,345.10,345.10,75,52350
20210318,14:55,345.00,347.20,343.05,347.20,450,52425
20210318,14:56,347.60,349.60,345.60,349.60,375,52425
20210318,14:57,347.40,347.40,344.60,344.60,450,52425
20210318,14:58,343.70,343.70,343.70,343.70,75,52350
20210318,14:59,342.15,342.15,342.15,342.15,150,52350
20210318,15:00,347.00,347.00,342.00,342.00,375,52350
20210318,15:01,342.00,342.00,336.00,337.55,825,52500
20210318,15:02,337.25,337.25,337.25,337.25,75,52500
20210318,15:03,338.90,345.00,338.90,345.00,375,52575
20210318,15:04,339.90,342.35,339.90,342.35,2175,52575
20210318,15:05,342.70,342.70,335.00,339.35,2475,52575
20210318,15:06,342.00,343.70,340.45,343.70,225,52875
20210318,15:07,342.75,346.45,342.75,346.45,300,52875
20210318,15:08,345.95,348.00,345.95,348.00,375,52875
20210318,15:09,349.00,350.45,347.00,348.10,3750,52125
20210318,15:10,349.70,350.50,349.70,350.50,600,52125
20210318,15:11,353.85,358.80,353.85,358.70,1725,52125
20210318,15:12,358.45,360.55,358.45,359.20,1500,52125
20210318,15:13,359.20,362.45,358.65,362.45,600,52125
20210318,15:14,363.15,365.95,363.15,365.95,375,52125
20210318,15:15,366.55,368.55,366.55,366.70,1875,52125
20210318,15:16,366.00,366.05,361.65,363.20,750,52125
20210318,15:17,364.90,364.90,360.40,360.40,375,52125
20210318,15:18,363.00,363.00,361.70,361.70,225,52125
20210318,15:19,364.35,364.35,364.00,364.00,300,52275
20210318,15:20,363.95,363.95,360.05,360.05,375,52275
20210318,15:21,361.05,361.05,357.65,357.65,1800,52275
20210318,15:22,357.65,358.45,356.30,356.30,525,53475
20210318,15:23,355.00,355.00,352.80,352.80,300,53475
20210318,15:24,353.05,355.20,353.05,354.80,1275,53475
20210318,15:25,355.00,355.00,352.70,354.95,2100,53025
20210318,15:26,353.90,353.90,353.00,353.00,450,53025
20210318,15:27,356.30,363.15,356.25,363.15,525,53025
20210318,15:28,362.00,363.15,360.70,363.00,1350,55200
20210318,15:29,363.15,364.50,363.15,364.50,900,55200
20210319,09:15,325.35,325.35,304.65,320.25,5026,55350
20210319,09:16,320.00,328.20,319.60,319.60,2850,55350
20210319,09:17,317.25,319.25,315.30,315.50,1125,54450
20210319,09:18,314.80,314.80,308.85,308.85,2850,54450
20210319,09:19,307.05,308.30,305.25,305.95,1575,54450
20210319,09:20,307.00,315.45,307.00,309.20,4350,55725
20210319,09:21,309.20,313.30,308.95,310.55,1275,55725
20210319,09:22,313.55,316.75,313.00,313.00,1425,55725
20210319,09:23,311.55,311.55,307.40,308.35,600,56175
20210319,09:24,309.75,309.75,304.50,304.50,525,56175
20210319,09:25,300.00,302.45,300.00,302.45,600,56175
20210319,09:26,302.05,304.00,294.00,295.15,2175,56700
20210319,09:27,294.00,294.00,283.00,287.00,4575,56700
20210319,09:28,286.80,293.95,286.75,289.45,1725,56700
20210319,09:29,289.85,290.75,287.70,289.70,1575,56925
20210319,09:30,287.00,287.00,282.35,285.85,3750,56925
20210319,09:31,286.05,290.75,283.30,284.30,2550,56925
20210319,09:32,283.20,288.55,283.20,288.20,600,59400
20210319,09:33,288.00,289.80,285.00,289.80,2475,59400
20210319,09:34,289.30,293.55,288.90,292.20,1275,59400
20210319,09:35,292.95,297.05,292.95,296.00,1650,58725
20210319,09:36,297.00,297.00,288.00,288.00,2250,58725
20210319,09:37,288.70,290.00,285.70,290.00,1800,58725
20210319,09:38,291.60,294.80,291.60,294.00,675,60375
20210319,09:39,294.90,297.60,294.40,295.85,825,60375
20210319,09:40,301.35,304.00,301.05,301.05,1500,60375
20210319,09:41,301.20,301.80,296.70,301.80,375,61500
20210319,09:42,303.05,305.00,300.75,302.80,600,61500
20210319,09:43,302.80,302.80,302.75,302.75,150,61500
20210319,09:44,305.00,306.00,300.15,300.15,825,63150
20210319,09:45,300.90,300.90,296.25,298.25,1350,63150
20210319,09:46,300.00,304.30,300.00,302.05,375,63150
20210319,09:47,302.60,308.15,302.35,307.00,1050,64275
20210319,09:48,309.00,311.00,308.20,308.85,900,64275
20210319,09:49,308.00,308.00,302.35,302.35,525,64275
20210319,09:50,308.45,308.45,307.70,308.25,375,65925
20210319,09:51,310.40,310.40,306.55,306.55,375,65925
20210319,09:52,307.75,308.75,307.75,308.75,225,65925
20210319,09:53,313.30,313.40,311.90,313.40,375,66525
20210319,09:54,312.60,315.00,312.05,315.00,600,66525
20210319,09:55,316.00,319.00,314.00,314.00,450,66525
20210319,09:56,312.55,312.90,308.30,310.00,675,66825
20210319,09:57,315.00,315.60,315.00,315.50,375,66825
20210319,09:58,315.50,315.50,310.05,312.05,750,66825
20210319,09:59,313.95,314.00,313.95,314.00,150,66825
20210319,10:00,316.20,316.55,316.20,316.55,225,66975
20210319,10:01,306.55,311.65,306.55,311.65,300,66975
20210319,10:02,309.70,312.05,309.70,311.00,1200,67650
20210319,10:03,316.00,318.00,316.00,318.00,1200,67650
20210319,10:04,316.00,316.00,312.70,312.70,375,67650
20210319,10:05,314.10,314.10,312.35,313.65,375,67800
20210319,10:06,314.00,317.90,312.65,317.90,1425,67800
20210319,10:07,318.00,321.60,318.00,321.00,1875,67800
20210319,10:08,321.90,321.90,317.00,317.00,525,68100
20210319,10:09,322.00,328.00,320.00,328.00,1350,68100
20210319,10:10,332.15,332.30,326.70,326.70,2100,68100
20210319,10:11,325.00,325.00,321.50,324.45,1200,67950
20210319,10:12,327.30,329.35,326.45,329.35,675,67950
20210319,10:13,331.45,331.45,327.25,327.25,450,67950
20210319,10:14,328.00,328.00,326.70,326.70,375,67200
20210319,10:15,328.90,332.00,328.90,332.00,675,67200
20210319,10:16,327.00,327.00,314.35,317.95,975,67200
20210319,10:17,318.95,323.00,318.95,323.00,525,67275
20210319,10:18,323.80,323.80,322.80,322.80,150,67275
20210319,10:19,318.50,319.85,318.50,319.85,150,67275
20210319,10:20,316.45,316.45,310.00,312.80,1200,66825
20210319,10:21,310.35,310.35,310.35,310.35,300,66825
20210319,10:22,314.80,314.80,314.80,314.80,75,66825
20210319,10:23,322.60,326.65,322.60,326.65,300,67425
20210319,10:24,324.40,340.00,324.40,340.00,2025,67425
20210319,10:25,341.00,347.25,338.65,343.10,2850,67425
20210319,10:26,343.95,343.95,333.80,338.10,675,68325
20210319,10:27,338.00,343.70,338.00,343.70,1350,68325
20210319,10:28,340.35,340.85,336.30,340.85,825,68325
20210319,10:29,338.20,338.55,337.30,338.50,300,68325
20210319,10:30,340.00,346.45,340.00,344.30,450,68250
20210319,10:31,340.95,340.95,335.25,335.25,525,68250
20210319,10:32,334.20,337.80,331.80,337.15,600,68925
20210319,10:33,334.10,336.00,334.05,334.05,225,68925
20210319,10:34,336.85,339.95,336.85,339.95,375,68925
20210319,10:35,344.95,345.40,342.45,342.45,750,67950
20210319,10:36,341.00,341.00,333.40,336.00,1575,67950
20210319,10:37,332.05,336.75,329.05,336.75,750,67950
20210319,10:38,338.45,340.10,336.35,336.35,300,67350
20210319,10:39,335.90,342.25,335.90,342.25,900,67350
20210319,10:40,337.75,345.55,337.75,345.55,900,67350
20210319,10:41,343.55,343.65,342.00,342.00,450,67650
20210319,10:42,338.35,339.35,336.15,339.35,375,67650
20210319,10:44,337.45,337.45,337.45,337.45,300,67650
20210319,10:45,335.00,335.00,331.00,331.30,375,67650
20210319,10:46,331.00,331.00,329.50,330.50,750,67650
20210319,10:47,330.50,340.40,330.40,340.40,675,67950
20210319,10:48,343.00,353.60,343.00,353.60,2025,67950
20210319,10:49,356.40,356.65,350.70,354.05,3600,67950
20210319,10:50,356.45,356.45,345.65,348.55,2400,67725
20210319,10:51,350.90,350.90,349.70,349.70,900,67725
20210319,10:52,346.25,354.95,346.25,354.95,375,67725
20210319,10:53,355.50,362.35,354.70,360.25,1575,69600
20210319,10:54,360.60,365.90,360.60,364.80,2775,69600
20210319,10:55,366.65,366.65,361.30,363.00,1275,69600
20210319,10:56,363.00,363.00,356.60,356.60,450,69150
20210319,10:57,355.65,358.10,352.60,354.40,1500,69150
20210319,10:58,352.80,357.90,352.80,357.90,300,69150
20210319,10:59,362.25,368.00,362.25,368.00,1200,68775
20210319,11:00,369.90,378.50,369.90,376.95,4425,68775
20210319,11:01,378.40,378.40,375.00,375.00,900,68775
20210319,11:02,369.55,370.70,369.55,370.70,375,68775
20210319,11:03,374.00,383.65,374.00,383.65,5325,69000
20210319,11:04,380.25,381.80,380.25,381.00,1125,69000
20210319,11:05,383.35,391.90,382.85,388.55,1125,69000
20210319,11:06,388.50,389.80,385.95,388.40,2175,66975
20210319,11:07,389.40,390.00,383.35,383.40,1050,66975
20210319,11:08,384.60,391.65,384.60,388.65,525,68250
20210319,11:09,383.00,383.00,378.55,379.65,450,68250
20210319,11:10,385.80,388.25,384.85,384.85,450,68250
20210319,11:11,383.95,388.50,381.65,387.60,600,68700
20210319,11:12,387.85,393.00,383.80,385.55,2475,68700
20210319,11:13,386.55,387.15,383.05,383.05,600,68700
20210319,11:14,385.45,388.25,377.00,377.00,600,68775
20210319,11:15,381.05,381.45,380.45,381.45,225,68775
20210319,11:16,371.60,372.70,368.00,368.00,1125,68775
20210319,11:17,366.55,367.55,363.55,364.30,450,68775
20210319,11:18,364.30,364.30,352.80,352.80,375,68625
20210319,11:19,355.00,364.55,355.00,364.55,450,68625
20210319,11:20,367.00,367.00,360.00,360.00,300,68625
20210319,11:21,360.00,365.40,360.00,365.40,525,68775
20210319,11:22,365.40,365.70,365.40,365.70,225,68775
20210319,11:23,366.55,368.25,366.45,368.25,300,68775
20210319,11:24,364.70,364.70,364.70,364.70,75,69525
20210319,11:25,360.90,360.90,359.90,359.90,150,69525
20210319,11:26,347.80,351.00,347.80,350.00,300,69525
20210319,11:27,352.20,354.60,351.30,351.30,825,69450
20210319,11:28,362.90,363.75,360.95,360.95,225,69450
20210319,11:29,362.55,364.30,360.70,364.30,675,69450
20210319,11:30,358.65,364.25,358.65,364.25,525,70500
20210319,11:31,365.00,365.00,362.55,362.95,225,70500
20210319,11:33,356.85,356.85,354.85,354.85,150,70050
20210319,11:34,356.30,358.20,356.30,358.20,150,70050
20210319,11:35,349.15,349.15,342.50,348.60,975,69525
20210319,11:36,346.35,352.40,345.60,352.40,225,69525
20210319,11:37,345.00,355.20,345.00,355.20,225,69525
20210319,11:38,353.95,353.95,351.25,351.25,150,69525
20210319,11:39,347.70,349.00,347.70,349.00,225,69525
20210319,11:40,351.20,351.20,348.90,348.90,150,69525
20210319,11:41,344.45,344.45,341.05,341.05,525,69525
20210319,11:42,340.00,340.00,335.05,335.05,375,69375
20210319,11:43,338.00,340.80,337.40,337.40,375,69375
20210319,11:44,333.10,334.80,332.75,334.80,225,69375
20210319,11:45,339.45,339.45,330.75,330.75,450,69375
20210319,11:46,330.00,331.10,328.95,329.55,825,69375
20210319,11:47,331.10,331.10,331.10,331.10,150,69375
20210319,11:48,331.95,331.95,330.40,330.40,225,70350
20210319,11:49,335.85,335.85,335.85,335.85,150,70350
20210319,11:50,336.00,338.80,336.00,338.80,225,70350
20210319,11:51,339.95,340.45,339.00,339.00,300,70275
20210319,11:52,340.35,341.00,339.00,340.60,525,70275
20210319,11:53,339.35,344.30,339.35,344.30,150,70275
20210319,11:54,349.20,350.00,349.20,350.00,525,70875
20210319,11:57,347.40,347.40,347.40,347.40,75,70500
20210319,11:58,350.10,352.15,350.10,350.80,975,70500
20210319,11:59,354.40,355.00,354.40,355.00,150,70500
20210319,12:00,353.50,353.50,353.50,353.50,75,71100
20210319,12:01,352.55,352.55,351.20,351.20,150,71100
20210319,12:02,349.05,349.40,349.05,349.40,600,71100
20210319,12:03,345.00,345.00,342.15,342.15,150,71250
20210319,12:04,338.65,338.65,338.65,338.65,75,71250
20210319,12:05,342.50,344.90,342.50,344.90,300,71250
20210319,12:06,344.00,345.05,344.00,345.05,150,71325
20210319,12:07,340.00,340.00,340.00,340.00,75,71325
20210319,12:08,335.75,335.75,333.50,333.50,600,71325
20210319,12:09,337.25,337.30,335.50,337.30,375,71925
20210319,12:12,334.00,334.00,334.00,334.00,75,71925
20210319,12:13,331.40,331.40,331.40,331.40,150,71775
20210319,12:14,330.00,332.80,330.00,332.80,375,71775
20210319,12:15,331.25,331.25,330.60,330.60,150,72000
20210319,12:16,325.50,325.50,319.65,319.65,525,72000
20210319,12:17,323.75,323.75,323.75,323.75,75,72000
20210319,12:18,329.55,336.70,329.40,336.70,525,71925
20210319,12:19,336.60,340.00,336.60,340.00,450,71925
20210319,12:20,340.05,347.65,340.05,347.65,375,71925
20210319,12:21,342.95,342.95,342.95,342.95,525,71400
20210319,12:22,338.70,338.70,335.00,336.00,375,71400
20210319,12:23,336.10,340.60,336.10,340.60,225,71400
20210319,12:24,336.20,336.20,336.20,336.20,75,71625
20210319,12:25,336.95,337.40,335.55,335.55,300,71625
20210319,12:26,331.80,331.80,331.30,331.30,225,71625
20210319,12:27,344.00,345.90,344.00,345.90,225,71625
20210319,12:28,344.80,349.90,344.80,349.90,225,71625
20210319,12:29,346.60,346.60,342.00,343.15,450,71625
20210319,12:30,343.15,343.15,343.15,343.15,75,71700
20210319,12:33,340.65,340.65,340.65,340.65,150,71700
20210319,12:35,345.00,345.00,345.00,345.00,75,71700
20210319,12:36,355.00,364.35,355.00,364.35,450,71625
20210319,12:37,362.65,362.65,358.60,359.45,450,71625
20210319,12:38,354.90,357.95,354.90,357.95,225,71625
20210319,12:39,357.95,358.20,356.55,358.20,300,71175
20210319,12:40,356.90,356.90,356.90,356.90,75,71175
20210319,12:41,350.00,350.00,350.00,350.00,375,71175
20210319,12:43,346.05,348.05,344.45,344.45,300,71925
20210319,12:44,343.85,343.85,343.85,343.85,75,71925
20210319,12:46,343.55,344.40,343.55,344.40,225,72150
20210319,12:48,352.00,352.00,352.00,352.00,375,72075
20210319,12:49,349.70,355.00,349.70,355.00,150,72075
20210319,12:50,358.15,358.25,355.65,355.65,450,72075
20210319,12:51,354.85,356.00,354.85,356.00,150,72150
20210319,12:52,358.05,360.00,358.05,360.00,1350,72150
20210319,12:53,367.65,367.65,365.35,365.35,150,72150
20210319,12:54,363.90,366.00,363.90,366.00,300,72075
20210319,12:56,359.05,359.05,359.05,359.05,75,72075
20210319,12:57,357.20,357.20,355.85,355.85,375,72075
20210319,12:58,351.00,352.25,351.00,352.25,150,71850
20210319,12:59,350.00,350.00,350.00,350.00,75,71850
20210319,13:00,348.90,348.90,348.90,348.90,75,71850
20210319,13:01,351.30,355.35,351.30,355.35,600,72075
20210319,13:02,357.35,359.65,357.35,359.65,300,72075
20210319,13:03,358.10,358.10,358.00,358.00,300,72150
20210319,13:04,357.80,359.70,357.00,357.65,450,72150
20210319,13:05,356.35,356.35,356.35,356.35,75,72150
20210319,13:06,353.80,353.80,353.80,353.80,75,72150
20210319,13:07,355.00,355.00,355.00,355.00,75,72450
20210319,13:08,346.60,346.60,346.60,346.60,75,72450
20210319,13:09,351.55,351.55,351.55,351.55,75,72375
20210319,13:10,350.00,350.00,350.00,350.00,75,72375
20210319,13:11,352.40,352.40,352.40,352.40,75,72375
20210319,13:12,357.55,359.10,357.55,359.10,300,72525
20210319,13:13,359.00,359.00,359.00,359.00,75,72525
20210319,13:14,358.30,358.30,357.70,357.70,225,72525
20210319,13:15,361.75,361.75,357.10,357.10,150,72450
20210319,13:17,353.90,353.90,353.90,353.90,375,72450
20210319,13:18,360.00,366.00,360.00,364.85,375,72375
20210319,13:19,364.85,364.85,360.95,361.60,600,72375
20210319,13:20,361.70,372.20,361.70,372.20,1050,72375
20210319,13:21,370.90,374.30,367.85,371.85,975,72225
20210319,13:22,377.45,381.55,375.40,381.55,600,72225
20210319,13:23,380.85,380.85,376.05,378.10,225,72225
20210319,13:24,375.90,375.90,375.90,375.90,75,72225
20210319,13:25,378.20,381.00,378.20,378.20,825,72675
20210319,13:26,375.25,377.20,375.25,376.70,675,72675
20210319,13:27,377.85,384.50,377.85,380.70,1275,72825
20210319,13:28,380.05,380.05,377.55,377.55,225,72825
20210319,13:29,373.60,373.60,370.00,372.55,225,72825
20210319,13:30,371.20,371.20,356.75,358.00,750,73425
20210319,13:32,377.00,385.05,377.00,381.00,1125,73425
20210319,13:33,380.00,384.05,377.00,377.00,900,73275
20210319,13:34,373.90,381.25,373.90,381.25,1050,73275
20210319,13:35,380.00,380.00,375.00,375.00,600,73275
20210319,13:36,382.00,385.00,382.00,385.00,675,73200
20210319,13:37,385.00,385.00,383.80,383.80,150,73200
20210319,13:38,378.95,380.25,378.95,380.25,225,73200
20210319,13:39,384.00,384.95,377.05,377.05,450,73125
20210319,13:40,390.00,391.55,387.60,387.60,600,73125
20210319,13:41,386.95,387.00,383.95,383.95,225,73125
20210319,13:42,381.65,381.65,381.65,381.65,150,73125
20210319,13:43,371.00,375.80,370.75,375.80,600,73425
20210319,13:44,380.30,380.30,378.85,378.85,225,73425
20210319,13:45,375.75,380.60,374.80,380.60,300,73650
20210319,13:46,380.00,382.95,379.25,382.35,525,73650
20210319,13:47,386.45,387.90,379.90,380.00,975,73650
20210319,13:48,381.35,381.35,381.35,381.35,75,73650
20210319,13:49,378.10,383.85,378.10,383.65,900,74700
20210319,13:51,385.65,385.65,385.65,385.65,150,74700
20210319,13:52,387.00,390.00,385.00,390.00,750,74775
20210319,13:53,389.40,389.40,387.15,387.15,150,74775
20210319,13:55,380.75,380.85,376.15,380.85,300,74700
20210319,13:56,384.50,387.00,384.50,387.00,225,74700
20210319,13:57,389.95,400.00,389.95,400.00,1350,74625
20210319,13:58,400.00,406.85,400.00,402.05,1500,74625
20210319,13:59,404.15,410.85,404.05,410.85,2700,74625
20210319,14:00,411.05,420.00,411.05,418.95,1650,75000
20210319,14:01,419.40,419.40,411.50,411.50,1200,75000
20210319,14:02,412.00,412.00,398.60,398.60,1125,75000
20210319,14:03,402.05,402.05,402.05,402.05,75,75525
20210319,14:04,399.10,399.10,399.10,399.10,75,75525
20210319,14:05,398.00,407.85,398.00,407.85,1275,75525
20210319,14:06,409.00,412.00,409.00,412.00,375,75525
20210319,14:07,406.85,406.85,406.75,406.75,150,75975
20210319,14:08,407.40,407.40,405.95,407.30,1050,75975
20210319,14:09,405.00,411.80,404.10,411.80,525,75525
20210319,14:10,412.35,414.95,410.50,410.50,825,75525
20210319,14:11,411.25,416.35,411.25,411.75,1800,75525
20210319,14:12,411.00,422.50,411.00,422.50,2025,75900
20210319,14:13,417.35,420.80,415.30,415.30,825,75900
20210319,14:14,417.65,417.65,411.90,413.75,750,75900
20210319,14:15,414.65,419.55,414.65,419.20,450,75900
20210319,14:16,421.00,425.80,415.00,415.00,1050,76125
20210319,14:17,409.35,410.50,398.60,398.60,1725,76125
20210319,14:18,395.65,402.40,389.95,402.40,2100,76125
20210319,14:19,402.95,402.95,399.65,400.00,450,76200
20210319,14:20,402.95,410.00,402.95,410.00,825,76200
20210319,14:21,410.55,417.40,410.55,416.40,1500,77625
20210319,14:22,410.30,410.30,410.30,410.30,75,77625
20210319,14:23,407.45,407.45,407.45,407.45,75,77625
20210319,14:24,414.25,414.25,410.95,410.95,225,77625
20210319,14:25,406.85,410.00,406.15,409.90,525,78750
20210319,14:26,411.00,411.00,410.00,410.00,450,78750
20210319,14:27,410.50,412.75,406.70,410.00,675,78675
20210319,14:28,412.00,414.70,410.50,414.70,600,78675
20210319,14:29,413.95,415.10,413.70,415.00,525,78675
20210319,14:30,418.45,434.00,418.45,434.00,1500,78675
20210319,14:31,434.00,434.00,427.40,431.00,1725,79125
20210319,14:32,426.35,438.10,426.35,438.10,2625,79125
20210319,14:33,438.10,438.10,433.10,436.45,975,79500
20210319,14:34,441.20,441.20,438.75,439.00,975,79500
20210319,14:35,445.05,445.05,437.10,437.10,375,79500
20210319,14:36,434.60,439.05,434.60,439.05,825,78450
20210319,14:37,440.75,440.75,437.10,437.65,675,78450
20210319,14:38,435.15,440.45,435.10,439.10,900,78450
20210319,14:39,438.60,444.10,436.00,443.40,825,78750
20210319,14:40,445.70,453.95,441.25,441.25,3225,78750
20210319,14:41,437.95,437.95,434.00,434.95,900,78750
20210319,14:42,435.85,444.15,435.85,442.80,2325,76575
20210319,14:43,443.05,443.60,442.60,442.60,300,76575
20210319,14:44,441.15,446.30,440.10,446.30,600,76575
20210319,14:45,448.60,459.85,448.60,456.80,1875,77775
20210319,14:46,453.00,453.00,450.00,450.00,975,77775
20210319,14:47,448.00,450.75,445.45,450.75,900,77775
20210319,14:48,452.15,453.35,451.20,451.20,300,77775
20210319,14:49,446.00,447.95,442.95,447.95,825,80175
20210319,14:50,449.90,457.00,449.90,451.95,1500,80175
20210319,14:51,452.15,452.15,446.95,446.95,825,80850
20210319,14:52,448.05,448.05,440.00,444.55,600,80850
20210319,14:53,441.75,446.85,438.55,446.85,900,80850
20210319,14:54,446.60,450.10,445.75,446.95,1050,81900
20210319,14:55,445.00,445.00,441.70,443.50,750,81900
20210319,14:56,445.00,450.00,445.00,450.00,600,81900
20210319,14:57,453.00,456.20,450.00,450.00,2100,81900
20210319,14:58,449.00,452.70,449.00,451.10,1050,83025
20210319,14:59,453.35,460.00,452.45,460.00,7800,83025
20210319,15:00,460.85,463.90,457.05,461.90,675,83025
20210319,15:01,464.60,466.95,455.00,455.00,14250,86550
20210319,15:02,456.00,456.00,452.75,455.00,16725,86550
20210319,15:03,455.00,458.75,455.00,458.00,2700,86550
20210319,15:04,455.45,460.00,453.00,460.00,9000,115350
20210319,15:05,465.25,465.25,464.25,464.25,150,115350
20210319,15:06,464.95,465.00,460.60,460.60,825,115350
20210319,15:07,456.30,456.30,456.20,456.30,900,122250
20210319,15:08,456.20,461.75,456.20,461.75,300,122250
20210319,15:09,456.40,458.40,453.00,458.40,1575,122250
20210319,15:10,459.25,459.25,445.00,445.00,1350,122100
20210319,15:11,445.00,445.10,444.00,444.80,375,122100
20210319,15:12,443.00,443.00,437.00,437.00,675,122100
20210319,15:13,435.00,441.00,434.40,441.00,2250,110175
20210319,15:14,441.10,446.65,439.55,445.05,900,110175
20210319,15:15,442.95,442.95,436.00,436.00,2775,109650
20210319,15:16,434.30,434.30,431.40,431.40,975,109650
20210319,15:17,430.00,431.75,430.00,431.35,1650,109650
20210319,15:18,433.45,439.05,433.45,438.05,825,109650
20210319,15:19,439.00,439.80,435.65,436.95,1875,110325
20210319,15:20,433.45,433.45,428.00,429.15,975,110325
20210319,15:21,429.20,430.80,429.20,430.80,675,110325
20210319,15:22,429.45,431.00,428.00,430.00,1350,111300
20210319,15:23,430.60,431.70,426.60,428.00,1800,111300
20210319,15:24,433.60,435.90,432.40,432.40,750,111300
20210319,15:25,434.00,434.00,432.30,432.30,5550,111450
20210319,15:26,430.00,430.05,430.00,430.05,2925,111450
20210319,15:27,430.10,431.95,430.05,431.95,525,111450
20210319,15:28,430.00,433.00,430.00,433.00,675,114525
20210319,15:29,433.00,444.95,433.00,444.95,2025,114525
20210322,09:15,433.15,433.15,401.50,407.15,2852,112875
20210322,09:16,408.80,418.00,408.80,412.90,1875,112875
20210322,09:17,410.00,412.30,406.50,412.15,4500,112875
20210322,09:18,413.50,413.50,408.15,409.00,900,112875
20210322,09:19,408.00,408.00,404.00,404.00,1050,112875
20210322,09:20,406.50,411.00,406.50,410.00,900,115125
20210322,09:21,415.00,423.45,415.00,416.50,3825,115125
20210322,09:22,418.65,418.65,417.30,417.55,375,115125
20210322,09:23,416.50,416.50,408.85,408.85,1425,116025
20210322,09:24,408.80,409.00,406.85,408.40,2625,116025
20210322,09:25,406.90,406.90,400.05,401.55,975,116025
20210322,09:26,400.00,403.15,395.00,398.50,3675,115500
20210322,09:27,400.20,403.70,400.00,403.15,1125,115500
20210322,09:28,403.65,404.85,402.10,404.45,3975,115500
20210322,09:29,402.70,405.00,400.05,405.00,450,120825
20210322,09:30,405.95,412.65,405.00,412.65,825,120825
20210322,09:31,412.65,420.45,412.65,419.35,2025,120825
20210322,09:32,416.95,419.95,416.00,418.90,6600,120900
20210322,09:33,420.00,427.00,420.00,427.00,2475,120900
20210322,09:34,423.35,424.15,421.55,421.55,225,120900
20210322,09:35,420.65,420.65,411.70,416.10,1050,121500
20210322,09:36,415.25,415.25,412.10,412.10,600,121500
20210322,09:37,423.10,427.00,422.85,422.85,1050,121500
20210322,09:38,427.00,428.00,426.40,426.40,450,121800
20210322,09:39,424.30,426.20,424.30,425.00,525,121800
20210322,09:40,426.75,433.10,426.75,430.80,3375,121800
20210322,09:41,428.45,428.45,424.80,424.80,900,122025
20210322,09:42,425.50,432.35,425.50,430.85,1500,122025
20210322,09:43,431.15,431.15,426.65,426.65,150,122025
20210322,09:44,427.00,427.00,427.00,427.00,75,122700
20210322,09:45,433.00,439.45,433.00,439.45,1125,122700
20210322,09:46,441.00,442.50,436.15,436.15,675,122700
20210322,09:47,439.95,446.00,439.95,443.90,1275,122700
20210322,09:48,443.90,456.45,443.90,456.45,1350,122700
20210322,09:49,453.35,453.75,447.95,447.95,1050,122700
20210322,09:50,450.00,454.70,450.00,452.50,900,122700
20210322,09:51,454.00,458.60,452.45,458.60,750,122700
20210322,09:52,458.60,458.60,452.30,453.35,1050,122700
20210322,09:53,453.40,453.55,452.95,453.55,5100,122625
20210322,09:54,455.00,455.00,449.70,449.70,975,122625
20210322,09:55,447.50,447.50,440.65,440.65,525,122625
20210322,09:56,434.85,437.70,434.85,437.70,450,119400
20210322,09:57,432.75,440.95,432.75,440.00,600,119400
20210322,09:58,441.55,443.10,438.85,438.85,300,119400
20210322,09:59,437.35,437.55,433.15,437.55,450,119700
20210322,10:00,430.70,432.25,426.90,426.90,4050,119700
20210322,10:01,421.00,426.45,421.00,426.45,825,119700
20210322,10:02,425.00,425.00,420.55,420.55,1950,119700
20210322,10:03,424.80,429.40,424.80,428.05,675,120750
20210322,10:04,428.05,431.55,428.00,428.00,525,120750
20210322,10:05,427.55,428.30,424.80,427.90,450,120975
20210322,10:06,434.95,435.00,434.15,435.00,300,120975
20210322,10:07,437.65,439.65,437.65,439.65,900,120975
20210322,10:08,440.20,440.20,438.25,438.25,450,120975
20210322,10:09,437.35,438.25,435.85,438.25,225,120900
20210322,10:10,445.15,445.15,440.00,440.00,450,120900
20210322,10:11,439.35,439.35,437.50,439.35,525,119925
20210322,10:12,439.35,443.55,439.35,443.30,300,119925
20210322,10:13,444.60,444.60,438.15,438.15,300,119925
20210322,10:15,435.70,435.70,431.25,433.70,975,120075
20210322,10:17,433.95,433.95,433.95,433.95,75,120075
20210322,10:18,435.00,435.00,435.00,435.00,300,120000
20210322,10:19,436.00,436.95,436.00,436.95,675,120000
20210322,10:20,434.00,434.00,423.55,423.55,1275,120300
20210322,10:21,430.20,430.20,425.80,429.15,225,120300
20210322,10:22,425.55,427.65,425.55,427.65,450,120300
20210322,10:23,429.30,430.65,429.30,430.65,150,120300
20210322,10:24,427.05,427.05,427.05,427.05,225,120900
20210322,10:25,422.00,423.60,417.10,418.45,1425,120900
20210322,10:26,420.30,423.80,419.40,423.20,375,121200
20210322,10:27,422.50,422.50,420.00,422.00,975,121200
20210322,10:28,420.75,423.00,420.75,421.70,300,121200
20210322,10:29,419.85,421.05,415.70,420.10,1050,121200
20210322,10:30,419.15,419.15,415.35,416.60,450,122025
20210322,10:31,415.00,415.45,412.30,415.45,1050,122025
20210322,10:32,417.20,417.20,412.70,413.00,300,122850
20210322,10:33,416.85,416.85,416.85,416.85,75,122850
20210322,10:34,417.00,417.00,410.00,414.50,1725,122850
20210322,10:35,415.50,415.50,411.50,412.65,975,124650
20210322,10:36,417.05,417.70,416.55,417.70,300,124650
20210322,10:37,417.10,419.55,415.75,417.00,975,124650
20210322,10:38,420.40,424.55,420.40,424.05,525,125325
20210322,10:39,428.45,428.45,426.85,426.85,150,125325
20210322,10:40,419.05,419.05,417.95,417.95,450,125325
20210322,10:41,417.00,422.00,417.00,422.00,300,125325
20210322,10:42,420.25,420.25,417.65,417.65,4875,125850
20210322,10:43,416.00,416.00,409.60,410.00,675,125850
20210322,10:44,413.40,414.40,410.90,414.00,1125,125400
20210322,10:45,411.55,414.35,411.55,414.35,825,125400
20210322,10:46,410.00,410.00,402.70,402.70,1650,125400
20210322,10:47,402.95,403.95,400.30,400.30,2550,126375
20210322,10:48,402.95,403.80,402.95,403.80,450,126375
20210322,10:49,402.70,403.90,400.25,400.25,375,126375
20210322,10:50,401.60,401.60,397.15,400.60,1725,126375
20210322,10:51,404.05,405.55,399.15,399.50,975,128700
20210322,10:52,396.70,399.85,396.00,398.30,825,128700
20210322,10:53,403.00,403.00,400.90,400.90,300,128700
20210322,10:54,403.35,405.65,401.95,405.65,600,129750
20210322,10:55,403.50,405.65,401.85,405.25,675,129750
20210322,10:56,404.10,407.90,404.00,404.00,600,129000
20210322,10:57,400.00,400.00,399.05,399.05,225,129000
20210322,10:58,403.25,403.25,403.25,403.25,75,129000
20210322,10:59,402.85,402.85,400.55,401.15,450,129000
20210322,11:00,398.00,398.00,389.90,393.65,3000,129450
20210322,11:01,392.55,394.80,391.30,393.85,825,129450
20210322,11:02,393.90,395.25,393.90,394.25,675,129450
20210322,11:03,394.45,394.70,394.45,394.70,300,131175
20210322,11:04,398.00,400.05,395.85,395.85,375,131175
20210322,11:05,396.25,401.50,395.85,400.20,825,131850
20210322,11:06,401.20,409.30,401.20,407.90,1575,131850
20210322,11:07,409.40,410.80,404.15,404.55,1575,131850
20210322,11:08,403.55,407.30,403.55,407.25,900,132900
20210322,11:09,407.75,409.25,407.75,408.55,900,132900
20210322,11:10,410.20,410.40,407.35,407.35,2250,132900
20210322,11:11,405.20,406.90,402.40,406.90,1800,132900
20210322,11:12,407.00,407.00,405.15,405.15,300,134175
20210322,11:13,407.75,407.75,407.75,407.75,75,134175
20210322,11:14,408.00,411.65,408.00,411.65,375,134250
20210322,11:15,410.55,414.85,410.55,413.95,525,134250
20210322,11:16,416.15,417.45,416.15,416.25,525,134250
20210322,11:17,415.95,415.95,414.10,414.10,600,134250
20210322,11:18,412.45,413.00,411.70,413.00,375,134625
20210322,11:19,415.00,415.00,411.40,411.40,225,134625
20210322,11:20,415.00,416.10,414.30,416.10,600,134925
20210322,11:21,414.80,415.75,407.45,410.75,600,134925
20210322,11:22,408.35,409.50,408.35,409.50,225,134925
20210322,11:23,410.65,412.95,410.65,412.85,525,134925
20210322,11:24,410.00,410.00,408.05,408.05,150,135225
20210322,11:25,407.50,407.50,406.30,406.30,150,135225
20210322,11:26,402.65,404.65,402.65,403.90,300,135225
20210322,11:27,405.00,407.85,404.00,404.00,5100,135450
20210322,11:28,405.40,405.40,404.25,405.10,225,135450
20210322,11:29,403.25,405.35,402.55,403.55,525,135450
20210322,11:30,402.45,402.45,395.70,395.90,1425,132975
20210322,11:31,399.60,403.20,398.35,403.20,225,132975
20210322,11:32,405.00,405.05,402.20,405.05,1125,132975
20210322,11:33,403.15,403.15,402.80,402.80,225,134625
20210322,11:34,402.60,406.30,402.25,406.30,525,134625
20210322,11:35,406.15,410.00,406.15,409.70,600,134625
20210322,11:36,411.20,415.60,410.95,414.30,2550,134625
20210322,11:37,412.25,412.30,410.00,410.00,300,134625
20210322,11:38,410.50,412.55,410.45,412.05,1275,134625
20210322,11:39,412.00,412.00,410.00,410.00,225,135375
20210322,11:40,411.10,411.10,407.20,410.80,1350,135375
20210322,11:41,409.75,411.80,409.75,411.15,900,135375
20210322,11:42,411.50,411.50,410.45,410.45,150,137400
20210322,11:43,412.30,412.30,406.55,406.55,375,137400
20210322,11:44,406.45,410.00,406.45,409.70,375,137400
20210322,11:45,412.75,415.50,411.10,413.35,450,138075
20210322,11:46,407.50,407.65,407.20,407.65,375,138075
20210322,11:47,412.35,412.35,409.60,410.25,600,138075
20210322,11:48,415.00,416.85,413.25,414.45,675,137925
20210322,11:49,414.45,416.00,414.45,416.00,375,137925
20210322,11:50,418.00,421.95,416.00,416.20,9900,137925
20210322,11:51,418.40,420.80,417.00,417.30,1200,141750
20210322,11:52,418.60,420.50,418.45,419.20,675,141750
20210322,11:53,420.00,420.00,416.55,416.55,3375,141750
20210322,11:54,421.45,425.60,421.45,425.60,2775,144675
20210322,11:55,430.00,430.45,425.85,427.00,2775,144675
20210322,11:56,426.60,426.60,422.90,426.00,900,144675
20210322,11:57,425.00,425.15,424.20,425.15,300,144075
20210322,11:58,426.00,427.00,426.00,427.00,375,144075
20210322,11:59,427.00,427.00,424.00,426.55,750,144075
20210322,12:00,425.00,425.00,422.40,422.40,225,142650
20210322,12:01,422.35,422.35,417.00,417.00,900,142650
20210322,12:02,417.80,419.50,417.00,419.50,375,142650
20210322,12:03,417.15,417.15,413.50,415.10,375,143475
20210322,12:04,413.75,415.85,411.00,411.00,975,143475
20210322,12:05,412.60,412.60,409.30,410.90,375,143475
20210322,12:06,416.40,416.40,416.40,416.40,75,142875
20210322,12:07,415.35,415.35,413.10,413.10,900,142875
20210322,12:08,411.60,416.40,411.60,416.40,450,142875
20210322,12:09,420.15,420.15,416.60,418.75,600,143175
20210322,12:10,416.85,418.95,416.85,418.95,1050,143175
20210322,12:12,414.45,414.90,414.45,414.45,675,143175
20210322,12:13,415.65,415.65,413.05,413.05,1275,143175
20210322,12:14,411.35,411.65,410.25,411.65,525,143175
20210322,12:15,408.90,408.90,404.00,404.15,4725,142950
20210322,12:16,404.10,406.50,403.85,403.85,375,142950
20210322,12:17,404.75,404.75,401.05,402.00,525,142950
20210322,12:18,401.00,401.50,400.00,400.70,975,142650
20210322,12:19,398.70,401.00,395.20,401.00,1425,142650
20210322,12:20,397.70,398.15,395.00,395.00,675,142650
20210322,12:21,396.35,396.95,396.35,396.95,600,142575
20210322,12:22,397.00,398.00,394.00,394.00,900,142575
20210322,12:23,393.75,393.75,393.75,393.75,75,142575
20210322,12:24,391.10,397.75,391.10,397.75,900,142650
20210322,12:25,397.00,397.00,392.50,392.50,600,142650
20210322,12:26,391.85,392.00,387.00,387.00,4125,142650
20210322,12:27,387.70,388.45,384.55,384.55,900,144300
20210322,12:28,389.70,391.15,386.10,390.05,1500,144300
20210322,12:29,390.85,392.00,389.10,391.10,1875,144300
20210322,12:30,389.00,389.00,383.20,385.40,2025,146400
20210322,12:31,384.25,387.55,382.05,382.05,3375,146400
20210322,12:32,381.15,388.25,381.15,388.25,1725,146400
20210322,12:33,386.35,393.25,385.95,389.00,2100,150750
20210322,12:34,389.05,389.95,387.05,389.05,1875,150750
20210322,12:35,388.95,388.95,384.20,387.00,1950,150750
20210322,12:36,385.80,389.85,385.75,388.60,1950,151725
20210322,12:37,387.05,389.95,384.15,387.60,1800,151725
20210322,12:38,388.45,391.75,387.00,389.70,1500,151725
20210322,12:39,388.15,390.80,387.75,388.40,1575,155925
20210322,12:40,389.00,389.00,384.25,385.10,1575,155925
20210322,12:41,386.70,387.50,380.00,380.00,2025,155925
20210322,12:42,380.60,385.15,380.05,385.15,1950,155025
20210322,12:43,382.70,384.40,380.25,384.40,2100,155025
20210322,12:44,384.00,388.45,382.95,384.45,2400,155025
20210322,12:45,382.00,384.10,378.55,378.55,2925,156375
20210322,12:46,378.55,383.00,378.30,382.60,1800,156375
20210322,12:47,383.10,389.20,380.50,385.50,1575,156375
20210322,12:48,388.80,397.80,388.80,397.80,3150,158325
20210322,12:49,396.85,399.05,392.60,393.30,1950,158325
20210322,12:50,393.25,394.25,388.85,388.85,1425,158325
20210322,12:51,388.50,392.70,388.50,392.35,1425,159075
20210322,12:52,393.60,393.75,388.45,393.65,1425,159075
20210322,12:53,391.40,395.75,391.40,393.25,2250,159075
20210322,12:54,390.95,396.55,390.20,392.35,2475,162075
20210322,12:55,391.95,392.55,389.10,389.60,1575,162075
20210322,12:56,389.10,393.25,389.10,391.20,1650,162075
20210322,12:57,391.30,392.70,391.05,392.30,1125,165600
20210322,12:58,392.50,392.50,392.50,392.50,150,165600
20210322,12:59,392.50,392.50,391.00,391.00,600,165600
20210322,13:00,388.25,388.25,382.60,385.35,1800,165975
20210322,13:01,384.20,384.80,381.00,382.55,2475,165975
20210322,13:02,381.50,382.50,377.95,378.90,1050,165975
20210322,13:03,376.55,379.65,376.55,377.50,1125,168750
20210322,13:04,376.00,379.15,375.60,379.00,2550,168750
20210322,13:05,379.45,384.00,379.45,384.00,975,168750
20210322,13:06,386.35,386.35,381.05,382.15,1425,170175
20210322,13:07,381.00,384.00,379.00,384.00,1125,170175
20210322,13:08,384.00,384.55,384.00,384.55,225,170175
20210322,13:09,384.55,384.55,381.30,381.30,375,170700
20210322,13:10,383.35,386.35,383.35,386.35,300,170700
20210322,13:11,389.60,389.60,387.95,387.95,225,170700
20210322,13:12,385.40,388.05,385.40,388.05,225,171900
20210322,13:13,387.90,390.00,387.90,388.50,750,171900
20210322,13:14,388.00,388.00,387.45,387.45,150,171900
20210322,13:15,390.10,390.70,390.10,390.70,600,170550
20210322,13:16,391.40,391.40,383.00,383.00,1275,170550
20210322,13:17,382.70,383.15,382.70,383.15,150,170550
20210322,13:18,382.25,382.25,378.00,378.05,675,171225
20210322,13:19,379.20,379.20,377.00,377.75,300,171225
20210322,13:20,375.60,375.60,373.20,373.20,1575,171225
20210322,13:21,373.20,379.00,373.20,379.00,150,172350
20210322,13:22,381.00,381.00,381.00,381.00,75,172350
20210322,13:23,381.00,381.00,379.00,379.00,150,172350
20210322,13:25,385.00,385.00,385.00,385.00,75,172350
20210322,13:26,384.10,386.25,384.10,386.25,900,172350
20210322,13:27,390.65,393.40,388.00,388.00,450,171525
20210322,13:28,391.95,391.95,391.95,391.95,300,171525
20210322,13:29,393.55,393.55,389.00,389.00,375,171525
20210322,13:30,390.75,390.75,385.00,385.00,150,171675
20210322,13:31,386.15,387.40,385.00,385.00,300,171675
20210322,13:35,386.45,398.95,386.45,398.15,1800,171825
20210322,13:36,398.00,398.00,395.70,396.40,450,170250
20210322,13:37,394.30,404.85,394.30,402.60,1350,170250
20210322,13:38,402.50,404.00,401.25,404.00,2025,170250
20210322,13:39,404.00,408.30,404.00,404.20,1125,170325
20210322,13:40,407.00,407.00,402.45,402.45,375,170325
20210322,13:41,401.00,412.00,401.00,412.00,4500,170325
20210322,13:42,409.00,409.00,403.30,405.20,2625,171300
20210322,13:43,410.20,410.85,409.00,409.80,1275,171300
20210322,13:44,411.95,411.95,409.15,409.75,375,171300
20210322,13:45,406.75,407.75,403.95,405.55,525,171750
20210322,13:46,410.00,415.05,410.00,413.80,825,171750
20210322,13:47,416.85,417.60,413.05,413.80,900,171750
20210322,13:48,413.05,414.95,409.00,409.85,525,172050
20210322,13:49,411.65,413.00,411.00,413.00,225,172050
20210322,13:50,414.00,418.65,414.00,414.70,675,172050
20210322,13:51,415.80,415.80,412.65,412.65,525,171975
20210322,13:52,413.20,415.05,411.00,411.00,375,171975
20210322,13:53,414.30,414.30,410.00,410.00,450,171975
20210322,13:54,411.75,413.85,411.75,413.85,375,171975
20210322,13:55,415.00,416.95,405.30,405.30,1425,172650
20210322,13:56,390.00,396.60,386.55,396.60,4500,172650
20210322,13:57,399.15,399.20,399.15,399.20,150,172650
20210322,13:58,402.35,402.35,398.00,398.00,375,171150
20210322,13:59,398.65,398.65,398.65,398.65,150,171150
20210322,14:00,398.05,403.10,398.05,398.30,1800,171150
20210322,14:01,396.10,396.10,395.35,395.35,300,171150
20210322,14:02,399.50,405.00,399.50,405.00,450,171150
20210322,14:03,405.00,406.50,402.60,402.60,675,171450
20210322,14:04,405.25,411.10,405.25,411.10,525,171450
20210322,14:05,416.10,423.00,416.05,423.00,2550,171450
20210322,14:06,423.45,428.50,420.00,428.50,3000,173100
20210322,14:07,428.85,431.00,422.60,424.00,2025,173100
20210322,14:08,425.60,427.50,424.35,424.50,900,173100
20210322,14:09,426.60,426.60,420.00,421.55,825,173775
20210322,14:10,424.40,424.90,417.35,417.35,1200,173775
20210322,14:11,422.45,425.00,422.45,423.40,300,173775
20210322,14:12,425.65,425.65,425.00,425.00,225,172125
20210322,14:13,420.80,424.45,420.80,424.45,225,172125
20210322,14:14,422.60,422.60,420.00,420.00,300,172125
20210322,14:15,426.70,428.65,426.15,428.65,1050,172125
20210322,14:16,428.65,428.65,427.65,427.65,225,171600
20210322,14:17,425.05,430.35,425.05,427.40,975,171600
20210322,14:18,425.00,425.00,417.65,419.40,1650,171750
20210322,14:19,419.80,419.80,405.75,406.80,5550,171750
20210322,14:20,406.15,411.90,400.00,400.00,1875,171750
20210322,14:21,398.50,399.45,398.50,399.45,300,171750
20210322,14:22,405.05,406.65,405.05,406.65,150,172425
20210322,14:23,408.60,409.00,406.25,406.25,1125,172425
20210322,14:24,410.00,412.55,410.00,412.45,450,172425
20210322,14:25,410.00,414.35,410.00,414.35,150,170475
20210322,14:26,414.50,414.50,412.70,412.70,900,170475
20210322,14:27,419.30,423.20,419.15,423.20,375,170475
20210322,14:28,419.00,419.00,419.00,419.00,75,170775
20210322,14:29,422.00,424.95,422.00,424.95,1725,170775
20210322,14:30,425.00,427.20,420.00,420.00,675,170700
20210322,14:31,423.00,428.65,423.00,428.65,825,170700
20210322,14:32,428.75,430.75,428.65,428.75,750,170700
20210322,14:33,427.10,427.10,421.10,421.10,300,171150
20210322,14:34,424.00,426.40,422.90,424.65,1425,171150
20210322,14:35,422.75,422.75,414.10,415.45,3000,171150
20210322,14:36,415.75,420.85,415.45,417.15,1575,171525
20210322,14:37,419.40,421.50,417.35,418.85,1350,171525
20210322,14:38,417.80,417.90,414.85,414.90,1725,171525
20210322,14:39,415.20,416.20,411.25,415.40,1950,174675
20210322,14:40,413.70,414.75,408.70,414.10,1500,174675
20210322,14:41,415.00,421.45,413.85,413.85,1425,174675
20210322,14:42,410.80,411.00,405.90,411.00,1650,177825
20210322,14:43,412.25,415.85,408.15,408.15,1425,177825
20210322,14:44,409.80,414.15,409.80,411.85,1425,177825
20210322,14:45,413.90,415.25,411.80,414.80,1500,181425
20210322,14:46,411.55,412.80,406.45,407.05,2025,181425
20210322,14:47,404.00,405.50,401.90,403.55,1200,181425
20210322,14:48,406.60,411.05,404.90,406.20,1650,184950
20210322,14:49,405.60,407.50,401.00,403.30,1350,184950
20210322,14:50,402.70,402.70,398.35,401.00,2250,184950
20210322,14:51,401.10,407.45,401.10,407.45,1725,188775
20210322,14:52,406.40,410.05,406.40,408.35,1500,188775
20210322,14:53,407.45,411.40,406.60,408.40,1350,188775
20210322,14:54,410.05,412.05,409.00,410.00,1725,192900
20210322,14:55,411.00,418.15,411.00,411.95,2100,192900
20210322,14:56,412.70,418.55,411.70,417.20,11100,192900
20210322,14:57,416.40,418.20,411.80,416.10,7725,204000
20210322,14:58,417.30,421.80,417.30,418.90,6375,204000
20210322,14:59,417.40,423.75,417.40,423.15,4350,204000
20210322,15:00,422.15,427.95,416.50,416.50,5850,216150
20210322,15:01,415.15,417.20,410.95,412.75,2325,216150
20210322,15:02,413.00,419.75,413.00,418.60,2100,216150
20210322,15:03,419.75,423.85,419.60,420.75,3675,218625
20210322,15:04,424.00,430.90,422.95,430.80,13575,218625
20210322,15:05,432.80,433.20,424.40,424.40,2700,218625
20210322,15:06,424.15,430.55,424.15,430.00,1575,226125
20210322,15:07,434.45,435.15,431.85,434.50,2400,226125
20210322,15:08,434.25,438.00,433.85,435.90,1650,226125
20210322,15:09,436.50,443.00,436.50,443.00,1875,224550
20210322,15:10,444.20,448.65,442.75,444.85,1875,224550
20210322,15:11,445.45,449.25,445.00,448.05,1275,224550
20210322,15:12,450.00,451.70,449.80,451.70,1650,224775
20210322,15:13,451.45,451.70,445.65,445.80,975,224775
20210322,15:14,446.25,450.20,445.40,450.00,3825,224775
20210322,15:15,451.05,453.75,445.50,448.00,1725,223950
20210322,15:16,448.95,449.00,447.55,448.75,600,223950
20210322,15:17,446.40,448.45,446.35,447.90,525,223950
20210322,15:18,447.30,448.55,445.35,448.55,1575,223950
20210322,15:19,444.80,444.80,441.60,443.00,675,222525
20210322,15:20,445.00,447.60,445.00,445.75,2550,222525
20210322,15:21,445.65,449.80,444.50,445.60,1350,221250
20210322,15:22,445.15,446.60,444.60,445.10,825,221250
20210322,15:23,446.40,448.15,445.50,445.50,825,221250
20210322,15:24,446.50,447.70,445.20,447.00,750,221250
20210322,15:25,445.95,450.00,445.95,450.00,1500,220725
20210322,15:26,450.00,450.05,450.00,450.00,675,220725
20210322,15:27,450.40,450.40,447.00,449.90,1800,220200
20210322,15:28,450.00,451.95,449.05,451.95,1500,220200
20210322,15:29,450.25,453.00,448.65,453.00,1875,220200
20210322,15:30,450.00,450.00,450.00,450.00,300,220200
20210323,09:15,438.40,463.65,438.40,455.70,2251,219750
20210323,09:16,458.00,461.45,458.00,460.00,2100,219750
20210323,09:17,466.45,471.20,462.40,469.40,2175,220050
20210323,09:18,469.20,469.20,465.40,467.75,900,220050
20210323,09:19,467.00,471.40,467.00,471.40,1050,220050
20210323,09:20,473.00,480.00,473.00,480.00,2775,218850
20210323,09:21,482.00,487.25,482.00,483.40,1500,218850
20210323,09:22,485.10,485.10,480.50,480.50,750,218850
20210323,09:23,481.75,487.00,481.75,486.95,1575,219600
20210323,09:24,489.00,489.70,486.70,489.70,1350,219600
20210323,09:25,489.70,493.10,489.60,492.80,3375,219600
20210323,09:26,494.00,497.95,493.95,495.95,2475,218625
20210323,09:27,497.90,503.00,490.30,502.55,3300,218625
20210323,09:28,502.55,502.55,492.40,498.50,1800,218625
20210323,09:29,498.05,501.55,496.00,500.35,1950,220725
20210323,09:30,495.50,495.50,489.15,495.00,5550,220725
20210323,09:31,492.00,492.40,492.00,492.40,2100,220725
20210323,09:32,495.00,495.35,495.00,495.00,2775,224400
20210323,09:33,492.75,492.75,492.75,492.75,75,224400
20210323,09:34,492.00,495.10,490.00,495.10,1125,224400
20210323,09:35,493.05,493.05,490.75,492.00,750,227175
20210323,09:36,487.35,489.05,487.35,488.90,225,227175
20210323,09:37,489.30,489.30,485.30,487.50,825,227175
20210323,09:38,488.00,488.10,488.00,488.10,150,227175
20210323,09:39,483.10,484.00,483.10,483.50,975,227925
20210323,09:40,485.90,487.75,485.65,486.00,600,227925
20210323,09:41,486.95,486.95,486.95,486.95,75,227925
20210323,09:42,483.00,485.80,483.00,485.80,825,228525
20210323,09:43,486.70,486.70,483.60,483.60,600,228525
20210323,09:44,482.15,485.60,480.60,480.60,1350,227475
20210323,09:45,480.00,480.00,476.00,476.00,675,227475
20210323,09:46,476.00,476.00,475.00,475.00,150,227475
20210323,09:47,473.70,476.40,473.15,474.00,675,227400
20210323,09:48,474.00,476.55,474.00,476.55,600,227400
20210323,09:49,479.00,479.00,479.00,479.00,450,227400
20210323,09:50,478.35,484.80,477.00,484.80,750,228300
20210323,09:51,485.05,489.00,485.05,489.00,450,228300
20210323,09:52,489.00,490.00,487.00,487.00,675,228300
20210323,09:53,486.80,488.00,486.80,488.00,150,227475
20210323,09:54,490.00,491.50,490.00,491.50,300,227475
20210323,09:55,492.50,492.50,492.40,492.40,375,227475
20210323,09:57,495.00,497.50,495.00,496.20,525,227925
20210323,09:58,497.95,497.95,494.30,495.00,975,227925
20210323,09:59,492.90,492.90,492.90,492.90,75,227925
20210323,10:00,491.65,491.65,491.15,491.15,750,228525
20210323,10:01,486.00,486.05,484.05,484.45,1800,228525
20210323,10:02,484.45,485.60,484.45,484.55,450,228525
20210323,10:03,489.55,490.85,489.55,490.85,300,231075
20210323,10:04,484.20,484.20,482.00,482.75,675,231075
20210323,10:05,480.00,480.00,479.00,479.00,600,231075
20210323,10:06,478.05,481.05,476.65,476.65,450,231525
20210323,10:07,475.55,475.55,475.55,475.55,75,231525
20210323,10:09,475.65,477.00,475.65,477.00,300,231375
20210323,10:10,474.20,474.20,474.20,474.20,75,231375
20210323,10:11,470.00,470.00,470.00,470.00,225,231450
20210323,10:12,470.00,470.00,468.10,468.10,750,231450
20210323,10:13,468.65,468.65,466.00,466.00,375,231450
20210323,10:14,466.35,467.90,466.35,467.90,300,231450
20210323,10:15,467.90,469.85,467.90,468.40,375,231225
20210323,10:16,469.35,469.35,464.45,464.45,450,231225
20210323,10:17,461.40,462.70,461.40,462.65,225,231075
20210323,10:18,458.20,458.20,457.15,457.15,3525,231075
20210323,10:19,459.35,459.35,459.35,459.35,75,231075
20210323,10:20,462.65,465.30,462.65,465.30,375,227475
20210323,10:21,468.40,468.85,468.40,468.85,150,227475
20210323,10:22,468.70,469.95,468.50,468.50,600,227475
20210323,10:23,468.00,468.00,466.25,467.50,675,227175
20210323,10:24,465.35,466.45,461.80,461.80,1200,227175
20210323,10:25,460.10,462.75,456.85,456.85,600,227175
20210323,10:26,461.95,462.20,461.95,462.20,150,226500
20210323,10:27,460.70,460.70,460.70,460.70,300,226500
20210323,10:28,463.00,463.00,458.75,458.75,300,226500
20210323,10:29,460.25,460.25,458.50,460.20,1800,227025
20210323,10:30,458.00,458.00,450.75,450.75,525,227025
20210323,10:31,451.65,451.65,450.65,451.15,450,227025
20210323,10:32,455.00,457.55,455.00,456.95,300,226050
20210323,10:33,456.30,457.00,456.30,457.00,150,226050
20210323,10:34,464.25,464.25,464.25,464.25,225,226050
20210323,10:35,465.05,470.00,465.05,470.00,225,226050
20210323,10:36,467.15,467.15,467.15,467.15,75,226050
20210323,10:37,470.00,473.10,470.00,471.10,1275,226275
20210323,10:39,471.80,471.80,471.80,471.80,75,225900
20210323,10:40,473.45,474.95,473.45,474.95,375,225900
20210323,10:41,474.95,477.05,474.95,477.05,225,225900
20210323,10:42,473.55,473.55,471.00,471.00,975,225900
20210323,10:43,470.00,470.00,468.65,468.65,1050,225900
20210323,10:44,468.30,468.30,467.00,467.00,1950,225900
20210323,10:45,470.75,475.00,470.75,473.55,750,223725
20210323,10:46,477.70,477.70,477.70,477.70,300,223725
20210323,10:47,470.35,470.50,469.00,470.00,900,224700
20210323,10:48,469.50,470.00,466.20,469.50,825,224700
20210323,10:49,470.50,470.50,468.50,470.00,600,224700
20210323,10:50,468.65,468.65,468.65,468.65,75,224700
20210323,10:51,475.00,475.00,475.00,475.00,75,224700
20210323,10:52,478.95,480.00,478.95,480.00,300,225825
20210323,10:53,483.50,496.35,483.50,491.45,3075,226500
20210323,10:54,493.50,518.00,493.50,507.85,5400,226500
20210323,10:55,509.85,517.45,509.85,515.40,5775,226500
20210323,10:56,508.55,512.20,508.35,512.20,375,228975
20210323,10:57,509.15,513.35,500.80,500.80,1350,228975
20210323,10:58,510.00,510.00,507.35,509.00,750,228975
20210323,10:59,503.20,503.20,502.00,502.00,1050,230775
20210323,11:00,506.15,506.15,506.15,506.15,75,230775
20210323,11:01,510.00,511.25,510.00,511.25,225,230775
20210323,11:02,509.10,509.10,507.80,507.80,150,229500
20210323,11:03,510.15,513.95,507.30,510.85,1350,229500
20210323,11:04,507.00,511.70,507.00,511.70,2100,229500
20210323,11:05,506.20,506.20,502.50,504.15,3150,229500
20210323,11:06,497.05,501.10,496.20,496.20,675,229650
20210323,11:07,497.20,497.20,492.00,497.05,450,229650
20210323,11:08,490.00,490.40,490.00,490.40,225,229650
20210323,11:09,490.00,494.50,489.55,491.05,825,229050
20210323,11:10,492.95,493.50,492.95,493.50,150,229050
20210323,11:11,492.75,492.75,491.50,491.50,150,228900
20210323,11:12,489.55,489.55,489.55,489.55,75,228900
20210323,11:13,492.20,492.20,488.35,489.25,1200,228900
20210323,11:14,491.35,491.35,486.00,486.00,450,228900
20210323,11:15,481.40,485.50,481.40,485.50,525,229350
20210323,11:16,485.70,485.70,479.50,479.50,600,229350
20210323,11:17,481.90,482.75,481.55,481.55,450,229500
20210323,11:18,482.50,484.05,481.40,484.05,600,229500
20210323,11:19,484.55,490.05,484.55,490.05,675,229500
20210323,11:20,495.40,495.40,495.40,495.40,150,229500
20210323,11:21,490.00,490.00,484.75,484.75,975,230625
20210323,11:22,486.25,486.25,486.25,486.25,75,230625
20210323,11:23,487.60,487.60,487.60,487.60,75,230625
20210323,11:25,482.00,482.00,482.00,482.00,75,231600
20210323,11:26,487.50,487.50,484.00,484.00,375,231600
20210323,11:27,482.00,482.00,482.00,482.00,75,231900
20210323,11:28,480.75,480.75,480.75,480.75,75,231900
20210323,11:29,480.00,480.00,471.45,472.50,1050,231900
20210323,11:30,477.60,477.60,477.60,477.60,75,231900
20210323,11:31,474.45,474.45,468.35,468.35,450,232200
20210323,11:32,467.75,467.75,459.25,459.25,600,232125
20210323,11:33,459.00,459.00,445.30,449.85,2925,232125
20210323,11:34,445.50,445.50,434.70,444.30,2400,232125
20210323,11:35,441.00,450.35,440.55,450.35,900,230400
20210323,11:36,450.00,450.00,438.15,438.15,1200,230400
20210323,11:37,442.00,447.00,442.00,447.00,525,230400
20210323,11:38,450.00,454.35,447.45,450.60,2175,230250
20210323,11:39,449.00,454.00,449.00,454.00,300,230250
20210323,11:40,454.00,454.00,450.00,452.50,675,230250
20210323,11:41,449.00,449.00,448.00,448.00,300,230250
20210323,11:42,454.00,454.00,451.50,451.50,450,229800
20210323,11:43,451.60,453.55,451.20,451.20,300,229800
20210323,11:44,447.00,453.15,446.00,453.15,375,229800
20210323,11:45,447.10,447.10,445.00,445.00,225,229500
20210323,11:46,447.30,451.40,445.05,449.10,1275,229500
20210323,11:47,451.00,451.00,446.55,449.55,600,229950
20210323,11:48,447.80,447.80,445.00,446.20,225,229950
20210323,11:49,444.40,444.70,440.00,440.00,600,229950
20210323,11:50,439.00,444.20,439.00,442.00,450,229950
20210323,11:51,445.00,449.00,444.75,445.05,1275,230175
20210323,11:52,446.95,447.00,446.95,447.00,225,230175
20210323,11:53,448.90,448.90,448.90,448.90,75,230175
20210323,11:54,448.20,448.20,444.00,446.00,750,230700
20210323,11:55,446.65,450.00,446.00,449.20,450,230700
20210323,11:56,450.95,454.50,450.35,453.45,975,230700
20210323,11:57,453.55,460.30,453.55,460.20,1200,232125
20210323,11:58,459.35,462.25,459.00,459.00,750,232125
20210323,11:59,458.60,458.60,458.30,458.30,375,232125
20210323,12:00,457.55,457.55,455.00,455.00,600,233250
20210323,12:01,451.70,451.70,451.70,451.70,75,233250
20210323,12:02,456.40,461.00,456.40,461.00,525,233250
20210323,12:03,463.90,469.40,463.20,468.40,675,233775
20210323,12:04,465.55,465.95,465.55,465.95,150,233775
20210323,12:05,465.15,465.15,461.15,462.20,600,233775
20210323,12:07,467.25,467.25,463.15,463.15,225,233700
20210323,12:08,463.00,463.00,463.00,463.00,225,233700
20210323,12:09,464.50,464.50,462.75,463.20,300,233625
20210323,12:10,460.55,460.55,458.05,458.05,225,233625
20210323,12:11,459.95,459.95,456.70,456.70,225,233625
20210323,12:14,460.00,460.70,460.00,460.70,150,234000
20210323,12:15,460.00,460.00,460.00,460.00,75,234000
20210323,12:16,452.45,452.45,452.00,452.00,150,233925
20210323,12:17,451.30,451.30,446.55,446.55,750,233925
20210323,12:18,448.35,448.35,448.35,448.35,75,233925
20210323,12:20,451.00,451.00,451.00,451.00,150,233925
20210323,12:21,448.00,448.05,445.85,445.85,225,234075
20210323,12:23,455.25,458.65,454.30,454.30,1425,234075
20210323,12:24,456.15,456.15,456.15,456.15,150,234075
20210323,12:26,455.00,456.00,455.00,455.85,600,234975
20210323,12:28,456.45,456.45,453.45,453.45,150,234975
20210323,12:29,453.45,453.45,453.45,453.45,300,234975
20210323,12:31,453.25,453.25,453.25,453.25,75,234975
20210323,12:32,457.40,457.40,457.40,457.40,75,234975
20210323,12:33,460.00,465.75,460.00,465.15,450,235050
20210323,12:34,459.65,460.90,459.65,460.90,300,235050
20210323,12:35,463.35,463.35,463.35,463.35,750,235050
20210323,12:38,464.90,465.00,464.45,464.50,750,235875
20210323,12:39,459.00,459.35,459.00,459.35,225,236400
20210323,12:40,457.50,457.50,457.50,457.50,75,236400
20210323,12:41,460.50,463.00,460.50,463.00,525,236400
20210323,12:42,462.90,463.80,460.70,460.70,1200,236550
20210323,12:43,463.00,463.40,462.85,462.85,300,236550
20210323,12:45,467.25,474.20,466.40,471.55,2475,236625
20210323,12:46,471.55,471.55,471.55,471.55,300,236625
20210323,12:47,472.00,475.00,472.00,475.00,975,236625
20210323,12:49,472.10,472.10,470.10,470.65,975,234975
20210323,12:50,471.80,471.80,471.80,471.80,75,234975
20210323,12:52,471.55,471.55,471.55,471.55,75,235875
20210323,12:53,473.85,476.25,473.85,475.85,600,235875
20210323,12:54,476.30,485.75,476.30,485.35,4575,236475
20210323,12:55,484.50,484.50,483.45,483.75,225,236475
20210323,12:56,480.20,480.80,477.35,477.35,375,236475
20210323,12:57,474.60,477.15,472.40,477.15,1050,237975
20210323,12:59,470.00,470.00,469.45,469.45,150,237975
20210323,13:00,470.00,470.00,470.00,470.00,75,238650
20210323,13:01,471.55,471.55,470.10,470.10,300,238650
20210323,13:02,473.55,478.05,473.55,476.90,300,238650
20210323,13:03,476.00,476.00,474.50,474.50,225,238650
20210323,13:04,475.00,475.00,474.00,474.00,600,239025
20210323,13:05,473.50,473.95,473.50,473.95,300,239025
20210323,13:06,470.55,470.55,470.55,470.55,375,239925
20210323,13:07,468.85,468.85,465.00,465.00,150,239925
20210323,13:08,467.05,467.05,467.05,467.05,150,239925
20210323,13:09,470.20,473.70,470.20,473.70,300,240075
20210323,13:11,472.85,472.85,472.85,472.85,75,240075
20210323,13:12,475.05,478.40,475.05,476.40,825,240525
20210323,13:13,476.35,476.35,475.25,475.25,150,240525
20210323,13:14,475.55,479.60,475.55,479.60,375,240525
20210323,13:15,477.15,477.15,477.15,477.15,75,241725
20210323,13:16,479.35,479.35,478.15,478.15,525,241725
20210323,13:17,472.00,472.00,467.85,471.10,225,241725
20210323,13:18,467.00,467.00,467.00,467.00,75,242175
20210323,13:19,468.50,468.50,468.50,468.50,150,242175
20210323,13:20,465.00,465.00,465.00,465.00,225,242175
20210323,13:24,470.50,470.50,470.50,470.50,150,241950
20210323,13:25,475.00,475.65,475.00,475.65,375,241950
20210323,13:26,480.00,480.75,478.35,478.35,225,241950
20210323,13:27,483.00,489.00,483.00,488.15,1500,241800
20210323,13:28,488.15,488.15,482.00,482.00,375,241800
20210323,13:29,485.00,485.00,481.50,481.50,825,241800
20210323,13:30,474.90,474.90,474.90,474.90,150,241950
20210323,13:31,478.50,480.55,477.00,477.00,1125,241950
20210323,13:32,477.25,477.25,477.25,477.25,75,241950
20210323,13:33,475.95,477.30,473.50,477.30,900,243075
20210323,13:34,476.35,479.50,476.35,479.50,450,243075
20210323,13:35,478.90,478.90,470.85,470.85,300,243075
20210323,13:36,470.00,471.45,458.25,458.25,1800,244125
20210323,13:37,453.05,461.80,452.00,460.65,1050,244125
20210323,13:38,460.70,460.70,457.55,457.55,975,244125
20210323,13:39,458.85,463.40,458.85,462.60,1200,245175
20210323,13:40,468.95,468.95,467.75,467.75,150,245175
20210323,13:41,465.70,465.70,465.70,465.70,75,245175
20210323,13:42,461.70,465.10,461.70,465.10,675,245625
20210323,13:43,467.55,470.55,467.55,469.85,1800,245625
20210323,13:44,476.00,479.00,474.55,479.00,900,245625
20210323,13:45,479.10,480.00,476.80,476.80,900,244500
20210323,13:46,477.00,477.00,472.80,472.80,525,244500
20210323,13:47,472.80,476.60,472.80,476.60,150,244500
20210323,13:48,472.15,475.60,471.40,475.40,450,245325
20210323,13:49,480.95,480.95,479.25,479.50,450,245325
20210323,13:50,475.80,487.80,475.80,485.15,1200,245325
20210323,13:51,485.00,488.00,483.80,485.40,600,245325
20210323,13:52,487.20,487.20,487.20,487.20,150,245550
20210323,13:53,488.50,497.00,488.50,496.10,2700,245550
20210323,13:54,495.00,495.00,494.65,494.65,150,245475
20210323,13:55,494.65,494.65,490.00,490.00,450,245475
20210323,13:56,489.80,497.75,489.65,494.00,825,245475
20210323,13:57,491.50,491.50,491.50,491.50,75,246300
20210323,13:58,490.40,492.65,490.40,491.60,300,246300
20210323,13:59,491.50,491.50,491.50,491.50,75,246300
20210323,14:00,494.00,494.05,485.90,487.65,1650,246975
20210323,14:01,487.35,487.35,487.35,487.35,75,246975
20210323,14:02,480.25,481.65,480.25,481.65,225,246975
20210323,14:03,480.00,483.30,480.00,483.30,600,246975
20210323,14:04,484.45,485.35,483.65,485.35,375,246975
20210323,14:05,482.50,482.50,481.95,482.00,525,246975
20210323,14:06,484.55,488.00,484.55,488.00,525,246750
20210323,14:07,487.00,490.00,486.55,489.50,525,246750
20210323,14:08,486.45,486.45,486.45,486.45,75,246750
20210323,14:09,492.00,492.95,492.00,492.95,525,246750
20210323,14:10,493.00,493.95,493.00,493.95,225,246900
20210323,14:11,494.00,495.00,494.00,495.00,150,246900
20210323,14:12,490.25,490.25,487.05,487.05,675,246825
20210323,14:13,490.00,490.00,490.00,490.00,300,246825
20210323,14:14,495.00,495.00,495.00,495.00,75,246825
20210323,14:15,497.00,498.00,497.00,498.00,750,246825
20210323,14:16,488.10,488.10,488.10,488.10,75,246075
20210323,14:17,490.00,512.00,490.00,507.40,7050,246075
20210323,14:18,505.50,510.00,505.50,506.10,1200,246825
20210323,14:19,510.35,510.35,506.25,508.20,375,246825
20210323,14:20,512.50,516.50,512.50,516.50,825,246825
20210323,14:21,514.10,514.10,510.00,510.00,1350,246750
20210323,14:22,509.25,512.20,509.10,509.60,1725,246750
20210323,14:23,509.40,515.40,509.40,514.60,825,246750
20210323,14:24,514.00,516.85,513.85,515.00,750,245475
20210323,14:25,520.00,522.00,520.00,522.00,1950,245475
20210323,14:26,522.00,525.00,522.00,525.00,600,245475
20210323,14:27,525.00,525.00,518.80,520.30,675,243900
20210323,14:28,521.00,521.00,515.40,515.40,450,243900
20210323,14:29,516.00,517.95,515.30,517.95,750,243900
20210323,14:30,518.40,519.00,505.35,505.35,675,244500
20210323,14:31,509.20,513.90,509.20,513.90,375,244500
20210323,14:32,515.25,519.35,515.25,518.30,1200,244500
20210323,14:33,518.00,519.60,518.00,518.60,8850,252300
20210323,14:34,518.60,522.65,518.60,522.65,975,252300
20210323,14:35,516.50,516.50,516.50,516.50,375,252300
20210323,14:36,514.10,519.60,514.10,519.60,1050,252900
20210323,14:37,520.75,520.75,520.75,520.75,150,252900
20210323,14:38,517.00,517.00,517.00,517.00,525,252900
20210323,14:39,516.35,516.35,514.20,514.20,225,252975
20210323,14:40,517.00,517.00,517.00,517.00,75,252975
20210323,14:41,522.00,525.00,522.00,523.55,900,252975
20210323,14:42,525.00,530.00,525.00,527.80,2325,251475
20210323,14:43,524.25,524.25,524.25,524.25,75,251475
20210323,14:44,530.00,531.80,530.00,531.80,300,251475
20210323,14:45,530.00,530.00,525.40,526.00,975,252300
20210323,14:46,523.05,523.05,522.05,522.05,150,252300
20210323,14:47,521.90,521.90,521.90,521.90,150,252300
20210323,14:48,520.00,520.00,520.00,520.00,150,252300
20210323,14:49,515.45,517.85,515.45,517.85,525,252150
20210323,14:50,524.00,526.60,524.00,526.60,150,252150
20210323,14:51,525.85,528.20,525.50,528.20,675,252150
20210323,14:52,526.25,526.25,525.00,525.95,525,252600
20210323,14:54,520.75,524.15,520.75,522.00,300,252600
20210323,14:56,522.00,522.00,519.70,519.70,450,252600
20210323,14:57,518.90,518.90,515.00,515.55,225,252750
20210323,14:58,519.05,520.00,517.35,518.40,450,252750
20210323,14:59,516.35,519.00,510.00,510.00,600,252750
20210323,15:00,513.95,513.95,511.60,511.60,375,253050
20210323,15:01,502.95,503.85,501.75,503.85,450,253050
20210323,15:02,504.00,504.00,504.00,504.00,75,253050
20210323,15:03,500.00,500.00,497.95,497.95,300,253050
20210323,15:04,498.40,498.40,497.75,497.75,225,253200
20210323,15:05,497.75,497.75,496.30,496.30,300,253200
20210323,15:06,496.00,499.10,496.00,499.10,150,253200
20210323,15:08,503.00,503.00,495.00,495.00,225,252600
20210323,15:09,490.90,492.35,490.00,492.35,225,252600
20210323,15:10,490.45,490.45,490.45,490.45,75,252600
20210323,15:11,490.00,493.90,490.00,493.90,900,252600
20210323,15:12,490.95,490.95,490.95,490.95,75,252600
20210323,15:13,495.00,497.85,493.90,495.00,1125,252300
20210323,15:14,493.90,493.90,493.75,493.75,150,252300
20210323,15:16,494.50,494.65,494.50,494.65,1275,252975
20210323,15:17,494.70,494.70,492.50,492.50,675,252975
20210323,15:18,491.30,491.30,488.85,488.85,525,252975
20210323,15:19,489.05,489.05,480.00,480.05,1350,252975
20210323,15:20,481.00,483.55,481.00,483.55,300,252975
20210323,15:21,478.00,478.00,478.00,478.00,225,252975
20210323,15:22,478.00,478.00,476.05,476.95,975,252600
20210323,15:23,476.00,476.00,475.00,475.00,450,252600
20210323,15:25,475.00,480.25,475.00,479.05,675,252525
20210323,15:26,479.25,479.60,476.80,477.90,1125,252525
20210323,15:28,482.00,482.50,481.50,482.50,300,252675
20210323,15:29,480.00,480.00,477.50,477.50,150,252675
20210323,15:30,484.00,484.00,484.00,484.00,75,252675
20210324,09:15,450.05,451.55,401.20,445.40,5777,252675
20210324,09:16,445.20,445.20,433.10,433.10,2175,252675
20210324,09:17,435.30,435.30,429.50,433.00,2400,253575
20210324,09:18,434.00,439.50,432.35,435.00,2475,253575
20210324,09:19,435.00,435.10,427.20,427.50,2325,253575
20210324,09:20,428.30,433.90,427.00,433.85,675,255225
20210324,09:21,435.75,437.30,433.85,435.30,1275,255225
20210324,09:22,436.25,440.00,436.25,436.70,1275,255225
20210324,09:23,438.00,439.95,437.00,437.40,2400,256875
20210324,09:24,436.00,436.00,430.30,430.30,900,256875
20210324,09:25,432.45,432.45,423.90,423.90,1650,256875
20210324,09:26,424.75,430.00,424.75,428.00,2400,258600
20210324,09:27,428.00,428.00,428.00,428.00,300,258600
20210324,09:28,429.05,429.05,426.40,426.45,675,258600
20210324,09:29,426.45,426.45,423.60,423.65,825,261525
20210324,09:30,424.00,424.35,420.00,423.15,825,261525
20210324,09:31,425.00,430.00,425.00,430.00,1275,261525
20210324,09:32,429.90,431.45,429.00,429.00,750,262575
20210324,09:33,432.00,432.70,429.70,430.00,675,262575
20210324,09:34,426.95,427.00,426.65,426.65,225,262575
20210324,09:35,427.65,427.65,425.10,425.10,525,264150
20210324,09:36,426.20,426.45,425.00,425.00,525,264150
20210324,09:37,425.00,433.00,425.00,433.00,525,264150
20210324,09:38,433.00,434.00,432.10,432.10,2400,264750
20210324,09:39,432.05,434.00,431.90,434.00,225,264750
20210324,09:40,432.00,434.55,430.00,434.55,525,264750
20210324,09:41,435.00,437.65,435.00,436.35,600,266100
20210324,09:42,436.30,436.30,433.55,433.55,1200,266100
20210324,09:43,434.35,435.20,432.00,432.00,450,266100
20210324,09:44,430.00,430.00,427.40,429.00,1125,266775
20210324,09:45,427.30,433.05,427.30,433.05,975,266775
20210324,09:46,430.00,430.00,428.25,428.65,750,266775
20210324,09:47,427.05,427.05,427.00,427.05,375,267600
20210324,09:48,429.25,432.55,429.25,432.55,450,267600
20210324,09:49,432.80,432.90,429.00,429.00,2550,267600
20210324,09:50,429.85,429.85,426.30,428.20,2475,270525
20210324,09:51,427.60,430.45,427.60,430.45,675,270525
20210324,09:52,429.70,432.80,429.70,432.80,150,270525
20210324,09:53,428.00,428.00,426.05,426.20,600,271275
20210324,09:54,426.00,426.00,420.10,420.50,4875,271275
20210324,09:55,420.10,420.45,417.70,419.60,5100,271275
20210324,09:56,418.00,418.50,418.00,418.50,675,271275
20210324,09:57,419.55,423.70,419.55,422.55,525,274200
20210324,09:58,424.00,424.00,422.05,422.05,375,274200
20210324,09:59,421.45,421.45,418.45,418.45,975,274725
20210324,10:00,418.95,419.40,413.75,413.95,1725,274725
20210324,10:01,411.50,414.30,408.20,414.30,1500,274725
20210324,10:02,413.15,413.15,407.55,410.00,1575,275325
20210324,10:03,408.30,412.50,407.10,412.50,1350,275325
20210324,10:04,412.50,412.55,406.80,406.80,4275,275325
20210324,10:05,407.00,407.00,401.05,406.45,6075,277875
20210324,10:06,405.00,405.00,401.00,402.40,3075,277875
20210324,10:07,401.50,405.50,399.65,405.10,2625,277875
20210324,10:08,404.00,405.35,401.85,405.35,825,280725
20210324,10:09,404.85,404.85,396.00,397.00,1950,280725
20210324,10:10,396.60,399.00,391.45,398.95,6000,280725
20210324,10:11,398.95,402.95,396.20,398.15,3150,281925
20210324,10:12,397.95,398.50,393.65,393.80,2850,281925
20210324,10:13,393.90,397.10,392.00,396.00,5175,281925
20210324,10:14,395.00,396.95,393.00,393.95,3150,286500
20210324,10:15,393.00,394.15,390.00,390.50,9300,286500
20210324,10:16,390.15,391.60,387.90,391.05,2775,286500
20210324,10:17,390.05,391.15,388.95,391.15,3675,294375
20210324,10:18,389.20,389.20,384.05,385.00,4650,294375
20210324,10:19,381.40,382.45,377.90,379.50,2250,294375
20210324,10:20,378.30,386.55,376.00,385.70,2025,297000
20210324,10:21,387.40,388.25,381.35,384.00,3600,297000
20210324,10:22,385.00,387.00,384.20,384.95,1350,297000
20210324,10:23,385.00,389.15,385.00,388.25,2025,297750
20210324,10:24,388.05,388.60,385.00,388.15,1125,297750
20210324,10:25,387.85,391.90,387.85,390.45,2025,297750
20210324,10:26,391.05,394.35,391.00,391.00,1725,297750
20210324,10:27,392.75,394.20,391.05,391.25,1425,300450
20210324,10:28,393.50,394.85,391.15,394.85,1500,300450
20210324,10:29,391.55,392.15,386.55,387.30,1800,300450
20210324,10:30,385.10,386.20,383.80,384.10,2625,301950
20210324,10:31,385.85,389.50,385.50,389.35,2400,301950
20210324,10:32,387.55,391.40,385.95,391.40,4125,303075
20210324,10:33,390.95,390.95,386.00,390.20,1875,303075
20210324,10:34,390.50,390.50,387.55,389.60,2325,303075
20210324,10:35,389.00,393.05,388.35,391.15,2250,308775
20210324,10:36,391.05,392.50,390.90,390.90,1950,308775
20210324,10:37,389.90,389.90,388.95,389.00,1425,308775
20210324,10:38,388.25,391.75,386.90,391.25,3150,313050
20210324,10:39,391.05,391.05,386.20,386.20,3000,313050
20210324,10:40,385.60,385.60,379.40,379.40,8025,313050
20210324,10:41,380.30,384.00,379.00,384.00,1575,319425
20210324,10:42,382.00,387.65,381.65,387.65,825,319425
20210324,10:43,387.00,389.80,386.95,389.70,1200,319425
20210324,10:44,388.75,391.75,387.45,389.95,2025,320925
20210324,10:45,390.30,390.30,387.05,387.70,2250,320925
20210324,10:46,387.00,389.10,386.10,389.10,600,320925
20210324,10:47,390.00,391.05,387.80,388.50,1275,320550
20210324,10:48,388.50,388.50,388.35,388.35,600,320550
20210324,10:49,388.35,390.70,386.75,390.70,1500,320550
20210324,10:50,388.40,390.60,388.40,390.60,675,320550
20210324,10:51,386.90,387.45,375.30,375.30,2850,321825
20210324,10:52,378.85,379.90,376.90,376.90,5025,321825
20210324,10:53,375.00,376.60,372.55,375.85,1875,326925
20210324,10:54,376.00,376.00,373.35,373.35,225,326925
20210324,10:55,373.35,375.75,373.10,375.75,675,326925
20210324,10:56,375.00,376.45,375.00,376.25,825,326925
20210324,10:57,378.00,379.20,376.70,378.05,1050,327450
20210324,10:58,380.55,381.00,380.00,380.00,1500,327450
20210324,10:59,381.90,385.25,380.40,383.00,750,328575
20210324,11:00,383.60,383.60,378.95,379.35,2250,328575
20210324,11:01,379.30,380.50,378.00,380.50,375,328575
20210324,11:02,384.10,386.50,384.10,386.50,525,328575
20210324,11:03,387.65,387.65,382.00,382.00,2775,329475
20210324,11:04,382.50,384.35,382.20,384.35,600,329475
20210324,11:05,384.35,386.00,382.25,386.00,3975,331800
20210324,11:06,385.50,388.30,385.05,388.30,2025,331800
20210324,11:07,387.45,389.20,387.00,389.20,900,331800
20210324,11:08,388.30,388.45,386.65,386.65,1575,331800
20210324,11:09,385.00,385.60,381.90,382.60,1800,334725
20210324,11:10,383.10,383.10,373.55,375.05,2100,334725
20210324,11:11,376.60,378.95,376.60,377.35,600,334725
20210324,11:12,378.20,382.15,377.80,381.10,1800,337050
20210324,11:13,380.00,382.30,379.40,380.35,3075,337050
20210324,11:14,380.50,382.95,380.15,381.10,1200,337050
20210324,11:15,380.90,380.90,379.50,379.50,150,341400
20210324,11:16,375.60,382.50,375.60,382.50,2625,341400
20210324,11:17,380.75,387.35,380.75,387.35,3075,341400
20210324,11:18,387.50,387.50,382.15,383.25,975,345750
20210324,11:19,381.40,381.55,380.35,380.35,600,345750
20210324,11:20,377.05,378.15,371.50,371.95,2025,345750
20210324,11:21,373.00,377.60,373.00,377.60,1425,347025
20210324,11:22,377.65,377.85,373.80,377.40,5325,347025
20210324,11:23,374.70,379.45,374.70,375.55,3000,347025
20210324,11:24,375.55,376.05,373.05,374.65,3750,350775
20210324,11:25,374.95,376.20,372.90,375.85,1650,350775
20210324,11:26,379.35,379.35,376.35,376.55,2175,350775
20210324,11:27,377.30,377.30,375.65,376.25,2100,354600
20210324,11:28,376.75,376.75,375.15,375.80,900,354600
20210324,11:29,374.70,374.70,362.65,364.15,6600,354600
20210324,11:30,363.20,369.55,363.20,368.00,1650,357900
20210324,11:31,367.55,367.55,363.60,364.35,3150,357900
20210324,11:32,366.90,366.90,360.50,365.65,4275,357900
20210324,11:33,366.00,366.00,361.65,361.65,1425,362025
20210324,11:34,361.90,363.40,360.30,363.40,2475,362025
20210324,11:35,361.90,367.00,361.90,366.75,2625,362025
20210324,11:36,365.90,365.90,362.15,362.15,150,365325
20210324,11:37,365.25,365.25,365.25,365.25,150,365325
20210324,11:38,364.80,368.00,364.80,366.35,300,365325
20210324,11:39,366.00,369.45,366.00,369.45,375,365250
20210324,11:40,370.00,371.15,369.70,371.15,525,365250
20210324,11:41,371.15,371.15,368.20,368.20,375,365250
20210324,11:42,368.95,371.75,368.60,371.05,525,365400
20210324,11:43,369.45,373.85,369.45,372.80,525,365400
20210324,11:44,373.00,376.40,373.00,376.40,750,365400
20210324,11:45,376.85,376.85,371.05,371.05,900,366075
20210324,11:46,371.05,373.50,370.15,373.50,900,366075
20210324,11:47,376.90,376.90,374.40,376.40,750,366075
20210324,11:48,377.75,380.00,377.75,379.35,1800,366900
20210324,11:49,376.95,379.60,374.20,379.60,450,366900
20210324,11:50,377.20,380.00,377.20,380.00,1650,366900
20210324,11:51,379.70,379.95,375.00,376.05,4725,368700
20210324,11:52,375.25,379.95,375.25,378.70,975,368700
20210324,11:53,378.55,378.55,376.10,378.05,675,368700
20210324,11:54,380.65,384.75,379.75,381.45,2775,372525
20210324,11:55,381.00,381.00,379.20,380.00,1650,372525
20210324,11:56,379.85,379.85,373.80,375.00,1800,372525
20210324,11:57,375.60,379.80,375.60,378.30,750,375225
20210324,11:58,378.05,378.50,375.95,375.95,825,375225
20210324,11:59,376.25,380.00,375.10,380.00,975,375225
20210324,12:00,381.60,387.30,381.60,385.55,3150,375525
20210324,12:01,380.95,383.90,380.95,383.90,150,375525
20210324,12:02,383.30,385.55,381.15,382.00,825,375525
20210324,12:03,382.00,385.00,382.00,385.00,375,377325
20210324,12:04,384.55,387.00,383.10,383.10,3300,377325
20210324,12:05,382.95,382.95,378.70,378.70,600,377325
20210324,12:06,380.75,381.65,378.70,380.55,525,375750
20210324,12:07,382.95,383.95,382.95,383.95,150,375750
20210324,12:08,380.00,381.00,380.00,381.00,375,375750
20210324,12:09,379.00,379.05,376.55,376.75,1800,376125
20210324,12:10,375.00,375.00,371.85,372.00,825,376125
20210324,12:11,373.70,374.00,370.30,374.00,600,376125
20210324,12:13,372.00,376.45,372.00,376.45,975,377100
20210324,12:14,379.45,379.45,379.45,379.45,375,377100
20210324,12:15,379.45,384.15,379.45,384.15,825,377925
20210324,12:16,385.00,387.10,383.05,385.10,1650,377925
20210324,12:17,385.85,385.90,383.35,384.75,600,377925
20210324,12:18,381.00,383.60,381.00,383.60,375,377175
20210324,12:19,383.90,386.00,383.90,386.00,375,377175
20210324,12:20,386.95,390.00,386.95,390.00,1125,377175
20210324,12:21,388.60,388.60,385.00,385.00,675,377175
20210324,12:22,384.00,390.00,384.00,390.00,675,377175
20210324,12:23,388.05,389.45,388.05,389.45,600,377175
20210324,12:24,387.50,387.75,385.80,387.75,525,377325
20210324,12:25,389.45,390.60,389.45,390.25,675,377325
20210324,12:26,385.65,385.65,385.65,385.65,450,377325
20210324,12:27,386.45,388.85,385.55,388.50,600,377025
20210324,12:28,385.70,389.00,385.70,389.00,600,377025
20210324,12:29,386.90,389.15,386.15,388.75,300,377025
20210324,12:30,390.00,390.00,388.00,388.00,375,376950
20210324,12:31,388.00,388.00,383.75,383.75,1275,376950
20210324,12:32,388.00,396.50,388.00,394.15,2025,376950
20210324,12:33,397.65,399.00,395.55,395.55,2700,376800
20210324,12:34,399.00,401.75,397.65,397.65,2775,376800
20210324,12:35,398.05,399.00,396.75,396.75,525,376800
20210324,12:36,394.30,398.50,393.70,398.50,600,373425
20210324,12:37,395.95,397.95,395.00,397.95,525,373425
20210324,12:38,396.00,398.00,395.00,395.85,4800,373425
20210324,12:39,395.00,396.95,395.00,396.00,1350,368850
20210324,12:40,393.70,398.00,392.25,398.00,600,368850
20210324,12:41,396.00,396.35,392.55,393.15,1500,368850
20210324,12:42,391.95,392.85,390.40,392.85,2625,367725
20210324,12:43,395.00,395.65,395.00,395.35,225,367725
20210324,12:44,395.35,395.35,395.35,395.35,75,367725
20210324,12:45,393.50,394.00,393.50,394.00,150,367725
20210324,12:46,390.40,390.40,390.00,390.00,300,367725
20210324,12:47,390.00,392.15,390.00,392.15,225,367725
20210324,12:48,388.15,389.90,388.15,388.25,825,367950
20210324,12:49,390.00,390.00,387.15,387.15,900,367950
20210324,12:50,386.75,386.75,384.35,384.35,300,367950
20210324,12:51,381.55,381.55,381.55,381.55,225,367950
20210324,12:52,380.00,382.10,380.00,382.10,975,367650
20210324,12:53,383.00,385.95,383.00,385.95,225,367650
20210324,12:54,384.85,384.85,381.50,381.50,1125,368250
20210324,12:55,380.65,383.45,378.65,383.45,1725,368250
20210324,12:56,381.40,381.40,381.40,381.40,75,368250
20210324,12:57,386.65,386.65,383.35,385.00,225,368175
20210324,12:58,383.20,383.20,383.20,383.20,75,368175
20210324,12:59,383.20,383.20,378.25,378.30,450,368175
20210324,13:00,376.20,380.30,376.20,378.40,525,368250
20210324,13:01,378.15,379.00,378.15,378.40,300,368250
20210324,13:02,375.15,375.80,374.35,375.80,1125,368250
20210324,13:03,374.90,375.45,374.75,375.45,225,368250
20210324,13:04,379.55,379.55,378.75,379.00,300,368250
20210324,13:05,378.00,378.70,377.05,378.70,225,368250
20210324,13:06,382.20,383.55,382.20,383.55,450,368100
20210324,13:07,381.25,385.85,381.25,385.35,450,368100
20210324,13:08,384.00,384.00,381.45,381.45,300,368100
20210324,13:09,380.70,381.15,379.95,379.95,225,368100
20210324,13:10,380.40,380.40,379.45,379.45,1125,368025
20210324,13:11,380.50,380.50,376.40,376.55,525,368025
20210324,13:12,376.55,376.55,375.70,375.70,525,368025
20210324,13:13,376.00,376.25,374.00,376.25,750,369300
20210324,13:14,377.45,377.45,377.00,377.00,300,369300
20210324,13:15,377.00,379.00,377.00,379.00,375,369750
20210324,13:16,378.05,378.05,374.00,374.00,300,369750
20210324,13:17,374.00,374.00,374.00,374.00,75,369750
20210324,13:18,375.20,375.40,375.20,375.40,150,369675
20210324,13:19,377.85,381.55,377.85,381.10,900,369675
20210324,13:20,381.70,389.75,381.70,388.00,2175,369675
20210324,13:21,388.00,394.35,388.00,393.85,1425,369300
20210324,13:22,389.00,389.00,385.30,385.30,375,369300
20210324,13:23,384.90,385.00,383.15,385.00,675,369300
20210324,13:24,383.60,383.60,383.60,383.60,300,369300
20210324,13:25,385.85,387.00,385.85,387.00,150,369075
20210324,13:27,386.85,386.85,386.85,386.85,150,368850
20210324,13:28,389.65,389.65,389.65,389.65,75,368850
20210324,13:29,388.55,389.75,388.55,389.75,150,368850
20210324,13:30,390.00,390.00,386.35,386.35,900,368850
20210324,13:31,386.20,390.45,386.20,390.45,150,368850
20210324,13:32,387.25,387.25,387.25,387.25,1200,368850
20210324,13:33,386.20,386.20,384.60,384.60,1125,368850
20210324,13:35,381.10,381.40,380.00,381.40,1350,366900
20210324,13:36,380.00,380.00,376.90,377.50,1800,365925
20210324,13:37,377.00,385.20,377.00,385.20,375,365925
20210324,13:38,383.90,384.65,380.35,384.65,750,365925
20210324,13:40,381.25,381.25,379.55,379.55,450,365775
20210324,13:41,381.00,384.65,381.00,384.65,150,365775
20210324,13:42,385.00,386.00,382.65,382.65,5475,369900
20210324,13:43,382.35,386.10,382.35,386.10,300,369900
20210324,13:44,385.05,388.65,385.05,388.65,1050,369900
20210324,13:45,388.35,388.35,386.05,387.90,375,370500
20210324,13:46,390.00,390.95,387.30,387.30,1275,370500
20210324,13:47,389.25,389.25,385.00,386.60,1425,370500
20210324,13:48,388.00,388.80,388.00,388.80,375,371250
20210324,13:49,387.90,387.90,387.90,387.90,75,371250
20210324,13:50,386.15,386.15,382.85,385.00,1575,371250
20210324,13:51,384.35,384.35,380.75,380.75,450,372750
20210324,13:52,382.35,385.40,382.00,385.40,1275,372750
20210324,13:53,384.05,384.30,384.05,384.30,525,372750
20210324,13:54,382.55,384.95,382.55,384.95,1125,373575
20210324,13:55,385.35,390.55,385.35,390.55,1725,373575
20210324,13:56,390.50,390.50,387.55,387.55,225,373575
20210324,13:57,388.00,389.00,386.30,389.00,525,372150
20210324,13:58,391.00,395.00,391.00,392.10,1275,372150
20210324,13:59,391.65,391.65,390.00,390.00,150,372150
20210324,14:00,393.85,398.55,393.85,396.10,4875,374475
20210324,14:01,393.50,396.75,393.50,393.75,1350,374475
20210324,14:02,393.20,396.00,393.20,394.25,975,374475
20210324,14:03,395.80,401.05,395.50,399.20,3600,373650
20210324,14:04,399.85,404.00,398.00,400.00,2700,373650
20210324,14:05,398.80,398.80,393.80,394.70,825,373650
20210324,14:06,396.50,397.95,396.50,396.80,675,373650
20210324,14:07,392.95,392.95,388.50,388.50,900,371550
20210324,14:08,388.20,391.40,388.20,391.40,2550,371550
20210324,14:09,390.90,391.05,387.20,387.20,2175,370950
20210324,14:10,385.90,387.40,385.90,386.00,300,370950
20210324,14:11,386.25,388.40,383.25,383.80,1200,370950
20210324,14:12,382.85,382.85,382.80,382.80,300,370950
20210324,14:13,386.00,390.85,386.00,390.85,1275,371850
20210324,14:14,390.00,390.00,390.00,390.00,75,371850
20210324,14:15,387.20,392.40,387.20,392.40,600,371850
20210324,14:16,387.20,387.20,383.00,383.45,1125,372375
20210324,14:17,386.50,386.50,386.50,386.50,225,372375
20210324,14:18,386.50,386.50,383.95,385.00,225,372375
20210324,14:19,386.25,386.25,383.40,384.45,525,372750
20210324,14:20,387.55,393.50,387.55,391.25,825,372750
20210324,14:21,393.40,393.40,388.75,388.75,750,374025
20210324,14:22,390.25,390.25,388.55,388.55,3975,374025
20210324,14:23,386.60,386.80,386.20,386.20,1650,374025
20210324,14:24,385.45,387.00,385.00,387.00,375,376275
20210324,14:25,389.00,391.15,389.00,390.00,525,376275
20210324,14:26,390.00,394.20,390.00,390.00,1500,376275
20210324,14:27,391.60,394.20,391.05,392.00,1200,376800
20210324,14:28,391.45,391.80,390.15,390.15,1500,376800
20210324,14:29,390.15,392.00,390.15,392.00,300,376800
20210324,14:30,392.00,397.00,392.00,395.80,2175,376800
20210324,14:31,393.65,393.65,392.00,393.00,1350,375375
20210324,14:32,393.00,394.25,393.00,394.25,750,375375
20210324,14:33,393.25,393.70,390.70,393.15,2025,373800
20210324,14:34,393.45,396.10,393.05,393.05,2025,373800
20210324,14:35,393.90,394.55,392.45,394.55,1650,373800
20210324,14:36,395.00,409.95,395.00,405.50,6450,369450
20210324,14:37,404.95,405.10,400.35,403.90,3600,369450
20210324,14:38,402.40,403.80,399.95,399.95,3150,369450
20210324,14:39,400.00,401.30,400.00,400.00,2025,366450
20210324,14:40,401.85,403.95,399.85,399.85,975,366450
20210324,14:41,398.90,400.80,397.05,400.15,1050,366450
20210324,14:42,400.00,400.10,395.70,397.50,750,367950
20210324,14:43,397.45,398.50,395.00,396.55,1200,367950
20210324,14:44,396.30,398.05,396.30,397.20,300,367950
20210324,14:45,396.55,399.40,396.55,399.35,1200,367350
20210324,14:46,399.95,399.95,392.35,392.35,1650,367350
20210324,14:47,393.00,393.80,371.15,373.85,7800,367350
20210324,14:48,375.10,377.55,362.00,366.95,8925,368025
20210324,14:49,367.60,367.85,360.00,364.80,5700,368025
20210324,14:50,363.75,364.20,360.00,361.45,8100,368025
20210324,14:51,358.20,367.35,356.60,365.50,12300,367725
20210324,14:52,365.10,365.95,361.25,361.70,2025,367725
20210324,14:53,359.85,360.60,355.00,358.20,3600,367725
20210324,14:54,359.50,359.50,356.00,358.20,2925,372300
20210324,14:55,357.85,360.20,357.35,360.20,1725,372300
20210324,14:56,361.80,368.40,361.80,368.40,2250,372300
20210324,14:57,365.00,366.20,360.25,362.00,2775,372300
20210324,14:58,363.60,363.60,360.45,360.80,1800,379200
20210324,14:59,362.00,365.95,360.95,363.50,2625,379200
20210324,15:00,363.95,368.25,360.00,360.20,3900,380400
20210324,15:01,359.70,362.00,356.35,356.35,3150,380400
20210324,15:02,356.00,359.95,356.00,357.30,1575,380400
20210324,15:03,357.30,357.30,352.20,353.55,2025,382500
20210324,15:04,352.75,356.35,352.75,355.00,1425,382500
20210324,15:05,355.90,355.90,350.05,351.00,2475,382500
20210324,15:06,351.00,354.65,350.80,350.80,1275,382500
20210324,15:07,351.55,353.35,351.40,351.45,1125,385800
20210324,15:08,350.65,352.30,350.00,350.00,4350,385800
20210324,15:09,350.00,350.00,347.65,349.75,1875,385800
20210324,15:10,350.85,354.45,350.40,354.45,2250,387900
20210324,15:11,353.95,356.10,353.95,354.50,4425,387900
20210324,15:12,355.95,359.85,353.90,359.45,7500,387900
20210324,15:13,358.15,359.70,356.55,356.55,1725,389025
20210324,15:14,358.40,359.15,356.65,357.90,3525,389025
20210324,15:15,357.60,360.00,357.20,359.60,7425,389025
20210324,15:16,358.75,359.90,356.75,358.60,13575,391575
20210324,15:17,358.60,358.80,354.40,354.70,12450,391575
20210324,15:18,354.10,356.75,353.60,354.20,9675,391575
20210324,15:19,355.40,356.00,353.40,355.35,4275,396600
20210324,15:20,355.50,356.60,354.25,354.70,3075,396600
20210324,15:21,355.25,357.05,352.55,353.70,3900,396600
20210324,15:22,353.05,354.75,353.05,353.30,3750,403650
20210324,15:23,355.35,355.35,353.15,353.20,1350,403650
20210324,15:24,353.20,355.15,353.05,355.15,2250,403650
20210324,15:25,355.05,358.75,355.05,357.10,7725,418650
20210324,15:26,358.80,360.55,358.35,358.75,6600,418650
20210324,15:27,360.30,360.35,359.25,360.05,3450,418650
20210324,15:28,359.80,362.00,359.30,362.00,6375,422100
20210324,15:29,360.00,362.05,360.00,362.00,1800,422100
20210325,09:15,365.00,365.00,318.80,327.30,5926,423375
20210325,09:16,326.70,326.70,318.10,322.55,9600,423375
20210325,09:17,321.50,323.85,320.00,320.60,6150,421575
20210325,09:18,321.10,322.65,318.80,320.20,8175,421575
20210325,09:19,321.50,321.50,318.05,321.20,4050,421575
20210325,09:20,321.50,321.50,311.00,312.00,21000,419625
20210325,09:21,311.00,312.50,303.00,305.60,32325,419625
20210325,09:22,304.00,307.95,304.00,307.35,20325,419625
20210325,09:23,307.45,307.45,302.75,303.30,5250,416475
20210325,09:24,304.75,305.55,301.65,304.60,4725,416475
20210325,09:25,306.05,310.35,305.00,308.00,6900,416475
20210325,09:26,306.35,307.90,303.35,304.00,5550,389400
20210325,09:27,303.55,303.90,301.00,301.05,2100,389400
20210325,09:28,301.35,302.85,299.15,300.00,3825,389400
20210325,09:29,301.05,303.10,300.00,301.25,1875,385725
20210325,09:30,301.25,304.35,301.25,304.35,3825,385725
20210325,09:31,305.50,306.00,300.00,301.00,3000,385725
20210325,09:32,301.35,303.40,300.30,303.40,1125,389625
20210325,09:33,302.95,303.40,300.00,301.70,6450,389625
20210325,09:34,300.80,300.80,296.60,297.50,5475,389625
20210325,09:35,296.80,297.35,296.50,296.50,750,389625
20210325,09:36,300.10,300.90,299.25,299.25,1050,390600
20210325,09:37,298.00,299.75,296.85,297.20,2400,390600
20210325,09:38,295.05,301.55,295.00,300.45,2625,390600
20210325,09:39,300.25,300.25,298.25,298.50,1725,390600
20210325,09:40,298.75,302.40,298.75,299.90,2175,390600
20210325,09:41,299.90,302.65,299.80,299.80,525,392025
20210325,09:42,300.00,302.00,300.00,302.00,1200,392025
20210325,09:43,302.25,302.25,300.00,300.50,975,392025
20210325,09:44,301.25,301.25,296.85,298.00,19800,395850
20210325,09:45,297.35,297.35,288.60,288.60,1725,395850
20210325,09:46,288.25,288.55,286.00,286.00,3600,395850
20210325,09:47,286.00,287.10,284.60,286.05,2550,396675
20210325,09:48,286.35,287.05,285.05,287.00,1650,396675
20210325,09:49,286.15,291.20,286.15,290.05,1200,396675
20210325,09:50,291.20,291.20,286.15,286.40,2550,396450
20210325,09:51,286.10,290.00,285.40,290.00,1425,396450
20210325,09:52,290.00,290.00,287.75,287.75,600,396450
20210325,09:53,287.00,287.00,285.40,286.15,525,396450
20210325,09:54,285.95,285.95,284.45,285.80,1575,395700
20210325,09:55,287.35,290.00,285.80,287.45,3375,395700
20210325,09:56,288.00,288.00,285.05,285.45,600,403800
20210325,09:57,285.00,286.05,282.40,285.30,2175,403800
20210325,09:58,287.15,287.15,284.95,285.95,1650,403800
20210325,09:59,285.60,285.60,282.45,282.45,375,405150
20210325,10:00,283.00,285.00,283.00,285.00,225,405150
20210325,10:01,286.25,287.45,286.25,286.60,1200,405150
20210325,10:02,290.35,290.35,287.85,287.85,1050,405150
20210325,10:03,286.50,287.40,285.75,287.40,1350,406500
20210325,10:04,287.55,291.25,287.45,291.25,1500,406500
20210325,10:05,291.10,291.90,290.00,290.00,1050,408000
20210325,10:06,290.05,292.45,290.05,290.65,1050,408000
20210325,10:07,290.45,292.50,290.45,292.50,750,408000
20210325,10:08,294.25,294.25,292.50,292.50,1125,408150
20210325,10:09,291.95,292.25,290.90,292.25,450,408150
20210325,10:10,293.00,295.00,292.20,292.20,1125,408150
20210325,10:11,291.85,295.10,291.60,295.10,525,408000
20210325,10:12,295.05,295.05,293.55,293.55,300,408000
20210325,10:13,292.45,293.60,292.45,293.60,525,408000
20210325,10:14,293.15,293.15,290.00,290.25,2175,408375
20210325,10:15,289.00,289.30,288.00,288.00,1500,408375
20210325,10:16,289.15,289.15,286.50,288.00,1350,408375
20210325,10:17,287.00,288.20,287.00,287.15,900,408450
20210325,10:18,288.00,288.00,285.00,285.00,1950,408450
20210325,10:19,285.60,285.60,281.20,282.00,3975,408450
20210325,10:20,281.95,281.95,275.60,277.05,4125,407400
20210325,10:21,275.65,276.05,273.55,274.35,4875,407400
20210325,10:22,273.45,276.20,271.55,276.20,3675,407400
20210325,10:23,275.90,279.70,275.20,278.60,4800,407175
20210325,10:24,279.55,280.85,278.50,279.55,1200,407175
20210325,10:25,279.90,281.15,279.80,279.80,1200,407175
20210325,10:26,279.70,281.20,277.05,277.05,1800,407325
20210325,10:27,278.85,278.85,275.65,276.00,1500,407325
20210325,10:28,275.10,278.30,275.10,277.60,975,407325
20210325,10:29,277.00,277.80,274.55,274.55,3150,407100
20210325,10:30,277.30,277.30,274.80,274.80,2175,407100
20210325,10:31,277.80,279.05,277.80,278.00,1125,407100
20210325,10:32,276.55,277.65,276.15,277.65,1200,410175
20210325,10:33,277.95,278.00,277.25,278.00,1725,410175
20210325,10:34,278.00,278.00,276.50,276.50,375,410175
20210325,10:35,276.95,278.35,276.90,276.90,750,413700
20210325,10:36,277.40,277.40,275.05,275.20,750,413700
20210325,10:37,275.40,276.15,274.85,276.15,450,413700
20210325,10:38,277.70,277.70,277.55,277.70,375,416400
20210325,10:39,278.70,278.70,278.70,278.70,75,416400
20210325,10:40,278.55,278.55,276.15,276.15,600,416400
20210325,10:41,275.90,276.20,275.90,275.95,900,416400
20210325,10:42,276.00,276.00,272.05,272.05,2250,418950
20210325,10:43,272.75,272.75,270.40,271.85,2025,418950
20210325,10:44,273.00,273.20,272.50,272.50,1800,418950
20210325,10:45,275.10,275.80,275.10,275.60,600,420150
20210325,10:46,274.70,275.00,274.25,275.00,975,420150
20210325,10:47,276.30,276.30,276.30,276.30,150,420150
20210325,10:48,274.35,275.40,274.25,275.30,525,420000
20210325,10:49,276.05,276.10,273.25,273.55,2100,420000
20210325,10:50,272.15,273.25,272.15,273.25,600,420000
20210325,10:51,276.05,276.90,275.05,275.05,675,419775
20210325,10:52,275.30,276.45,272.00,272.00,3300,419775
20210325,10:53,272.00,272.00,266.10,267.50,5850,419775
20210325,10:54,267.05,267.55,264.00,264.00,3375,420375
20210325,10:55,264.05,267.55,262.75,265.80,7875,420375
20210325,10:56,267.60,267.60,264.55,265.05,1875,420375
20210325,10:57,264.90,267.65,264.90,267.00,2400,421125
20210325,10:58,266.60,268.00,266.00,268.00,600,421125
20210325,10:59,268.05,268.15,266.60,266.60,1125,421125
20210325,11:00,269.30,269.30,268.25,268.25,300,422550
20210325,11:01,269.25,269.25,265.40,265.40,300,422550
20210325,11:02,264.45,264.60,264.45,264.60,600,422550
20210325,11:03,264.45,265.20,263.60,265.20,975,422475
20210325,11:04,263.05,264.55,262.90,263.10,1500,422475
20210325,11:05,264.25,264.25,261.35,263.40,1875,422475
20210325,11:06,263.90,263.90,262.75,263.20,675,423825
20210325,11:07,261.90,265.40,261.90,264.95,1500,423825
20210325,11:08,263.85,265.05,263.85,264.95,2100,423825
20210325,11:09,264.20,264.60,262.50,262.50,2025,427800
20210325,11:10,261.70,263.10,261.00,261.70,2775,427800
20210325,11:11,262.00,262.00,260.50,261.00,1275,427800
20210325,11:12,261.00,262.00,260.40,261.15,2025,429000
20210325,11:13,261.15,261.15,260.00,260.20,975,429000
20210325,11:14,261.00,262.00,261.00,262.00,750,429000
20210325,11:15,262.60,263.50,261.95,261.95,1275,428475
20210325,11:16,262.45,262.45,260.00,260.65,1200,428475
20210325,11:17,261.85,263.40,261.85,263.40,225,428475
20210325,11:18,263.30,264.00,263.00,263.00,1500,428100
20210325,11:19,262.15,263.15,261.25,261.55,2775,428100
20210325,11:20,261.60,263.35,261.55,263.35,975,428100
20210325,11:21,265.00,266.75,265.00,266.75,450,427500
20210325,11:22,265.60,266.85,265.60,266.00,450,427500
20210325,11:23,266.00,267.80,266.00,267.35,375,427500
20210325,11:24,267.15,267.15,266.75,266.75,525,428550
20210325,11:25,267.05,267.05,266.00,266.50,450,428550
20210325,11:26,265.05,265.05,262.35,264.20,975,428550
20210325,11:27,262.90,264.00,262.90,264.00,375,430125
20210325,11:28,265.00,267.90,264.40,267.75,750,430125
20210325,11:29,267.75,268.80,266.05,266.05,1275,430125
20210325,11:30,267.00,267.00,262.35,263.40,4350,430350
20210325,11:31,263.50,266.55,263.15,266.55,1575,430350
20210325,11:32,266.15,267.00,265.60,265.60,3150,430350
20210325,11:33,266.75,268.10,266.70,268.10,1350,429300
20210325,11:34,266.65,268.00,266.65,267.40,825,429300
20210325,11:35,267.70,269.30,267.70,269.20,1125,429300
20210325,11:36,268.40,268.40,267.70,267.85,675,428775
20210325,11:37,268.55,269.30,267.95,267.95,1725,428775
20210325,11:38,267.45,268.00,267.00,268.00,225,428775
20210325,11:39,268.05,270.35,267.20,267.80,3375,429000
20210325,11:40,267.10,267.10,267.10,267.10,75,429000
20210325,11:41,267.10,268.80,267.10,268.75,525,429000
20210325,11:42,267.25,267.25,266.15,266.15,300,429000
20210325,11:43,265.10,266.00,265.10,265.20,2250,429000
20210325,11:45,263.40,263.40,262.05,262.05,450,432300
20210325,11:46,262.50,262.50,261.35,261.75,825,432300
20210325,11:47,264.20,264.20,263.35,263.35,225,432300
20210325,11:48,262.05,263.75,262.05,263.75,675,433875
20210325,11:49,264.60,265.05,263.70,263.70,675,433875
20210325,11:50,263.85,266.35,263.85,266.35,375,433875
20210325,11:51,264.45,266.40,264.45,266.40,1275,435300
20210325,11:52,266.40,266.40,263.85,263.85,150,435300
20210325,11:53,263.40,263.40,262.75,262.75,150,435300
20210325,11:54,262.85,262.85,257.15,258.65,7200,435825
20210325,11:55,258.00,258.00,255.05,255.80,525,435825
20210325,11:56,255.15,255.25,252.90,252.90,1500,435825
20210325,11:57,253.70,256.10,253.20,255.40,3900,436200
20210325,11:58,256.00,256.90,254.65,256.45,1725,436200
20210325,11:59,255.90,255.90,254.00,254.75,675,436200
20210325,12:00,254.30,254.30,246.95,248.55,3300,437775
20210325,12:01,246.30,249.95,246.30,247.85,3000,437775
20210325,12:02,247.00,248.50,246.30,247.85,900,437775
20210325,12:03,248.10,248.10,246.70,247.00,1425,439125
20210325,12:04,246.05,246.05,243.75,243.75,1125,439125
20210325,12:05,243.20,245.90,243.00,245.80,2250,439125
20210325,12:06,246.35,246.35,243.60,243.60,2925,440025
20210325,12:07,243.60,245.90,243.60,244.40,525,440025
20210325,12:08,244.80,246.00,243.55,244.00,1650,440025
20210325,12:09,243.45,243.45,238.80,238.80,6750,439575
20210325,12:10,239.25,239.60,235.15,236.50,2775,439575
20210325,12:11,236.45,242.05,235.00,242.00,2250,439575
20210325,12:12,244.20,246.65,244.05,245.35,2175,439875
20210325,12:13,243.85,246.10,243.85,245.50,600,439875
20210325,12:14,246.20,247.00,245.00,245.75,825,439875
20210325,12:15,246.25,247.85,245.75,247.05,900,440325
20210325,12:16,246.15,246.40,241.85,242.95,2325,440325
20210325,12:17,243.55,245.90,241.85,242.65,1875,440325
20210325,12:18,242.50,243.85,242.10,242.15,2925,441900
20210325,12:19,241.40,243.00,240.85,243.00,1425,441900
20210325,12:20,242.50,242.50,241.00,241.90,3075,441900
20210325,12:21,241.95,241.95,239.00,239.55,4125,442500
20210325,12:22,239.50,240.10,236.60,236.60,3525,442500
20210325,12:23,238.85,240.40,238.85,239.25,750,442500
20210325,12:24,240.40,244.50,240.40,244.50,1125,441675
20210325,12:25,243.10,245.00,243.00,245.00,1575,441675
20210325,12:26,245.30,247.90,245.30,246.40,900,441675
20210325,12:27,245.05,247.05,245.00,246.10,1050,441225
20210325,12:28,243.55,245.50,243.55,244.95,750,441225
20210325,12:29,244.20,244.30,242.10,242.10,2325,441225
20210325,12:30,240.00,240.00,236.80,239.05,1800,441750
20210325,12:31,241.00,241.00,240.10,240.10,1500,441750
20210325,12:32,240.95,244.30,240.95,243.70,1575,441750
20210325,12:33,243.40,248.05,243.40,246.40,9450,442125
20210325,12:34,246.95,247.20,246.00,246.85,5100,442125
20210325,12:35,245.40,247.50,245.40,247.50,375,442125
20210325,12:36,247.85,247.85,244.50,244.50,900,445800
20210325,12:37,245.15,246.15,243.40,246.15,450,445800
20210325,12:38,245.65,245.70,244.95,245.70,450,445800
20210325,12:39,245.80,245.80,244.00,245.35,225,445800
20210325,12:40,244.95,244.95,240.90,242.85,1425,444825
20210325,12:41,242.65,244.00,240.95,240.95,975,444825
20210325,12:42,241.60,241.60,240.00,240.50,900,445200
20210325,12:43,240.50,242.30,240.50,241.30,675,445200
20210325,12:44,240.30,242.80,240.30,242.80,600,445200
20210325,12:45,240.75,242.20,240.75,242.05,375,444450
20210325,12:46,243.40,243.40,241.00,241.10,750,444450
20210325,12:47,240.60,240.60,236.00,238.65,1350,444450
20210325,12:48,237.50,240.30,237.50,240.30,375,447300
20210325,12:49,241.85,241.85,238.90,238.90,825,447300
20210325,12:50,239.35,241.75,239.35,240.00,1200,447300
20210325,12:51,239.55,240.40,239.55,240.40,300,448725
20210325,12:52,239.00,239.00,238.50,238.90,675,448725
20210325,12:53,239.00,240.25,239.00,239.00,825,448725
20210325,12:54,239.30,240.50,239.05,239.95,1725,449025
20210325,12:55,240.00,243.00,239.60,243.00,1800,449025
20210325,12:56,241.65,241.65,239.30,239.40,1500,449025
20210325,12:57,240.55,240.55,236.50,236.50,1500,449775
20210325,12:58,236.00,239.35,235.50,239.35,1800,449775
20210325,12:59,238.95,239.30,237.80,238.10,2100,449775
20210325,13:00,237.60,237.60,232.95,233.00,1950,450225
20210325,13:01,230.00,232.40,230.00,232.40,7950,450225
20210325,13:02,232.15,233.65,232.15,233.65,600,450225
20210325,13:03,233.85,233.85,231.60,232.60,1575,451500
20210325,13:04,231.65,232.65,228.80,230.15,3825,451500
20210325,13:05,229.25,229.25,226.95,228.85,1950,451500
20210325,13:06,230.00,231.00,229.20,230.05,1500,452850
20210325,13:07,232.90,232.90,230.05,230.05,2025,452850
20210325,13:08,229.15,229.15,226.85,227.35,1950,452850
20210325,13:09,227.15,227.65,226.10,227.55,1650,455325
20210325,13:10,226.60,227.20,225.85,226.85,1650,455325
20210325,13:11,226.35,227.00,226.35,226.80,975,455325
20210325,13:12,226.90,229.15,226.90,229.15,2700,457125
20210325,13:13,228.95,234.85,228.95,234.85,5100,457125
20210325,13:14,234.00,234.60,231.10,234.10,3750,457125
20210325,13:15,233.50,233.50,232.65,232.85,1050,455775
20210325,13:16,233.00,233.75,232.80,233.75,1050,455775
20210325,13:17,235.00,241.50,235.00,241.05,3600,455775
20210325,13:18,240.25,240.25,237.50,238.30,4725,454575
20210325,13:19,236.60,239.95,236.60,238.80,1275,454575
20210325,13:20,238.40,238.95,237.40,238.00,900,454575
20210325,13:21,238.30,239.95,238.00,239.10,3075,455700
20210325,13:22,240.00,240.70,239.75,240.25,750,455700
20210325,13:23,239.70,239.70,238.05,239.70,1725,455700
20210325,13:24,239.45,239.45,236.45,237.10,1350,455925
20210325,13:25,238.00,238.00,235.20,236.95,1650,455925
20210325,13:26,238.00,238.00,235.60,236.45,1050,455925
20210325,13:27,236.45,236.75,236.35,236.75,750,457500
20210325,13:28,238.00,242.50,238.00,242.15,1800,457500
20210325,13:29,242.15,256.55,242.15,255.25,5025,457500
20210325,13:30,253.60,254.95,246.55,249.80,6525,458700
20210325,13:31,249.30,252.05,246.10,252.05,2550,458700
20210325,13:32,250.60,251.45,248.50,250.55,2700,458700
20210325,13:33,250.20,252.00,248.15,251.80,3450,457800
20210325,13:34,251.00,253.40,249.70,252.15,1950,457800
20210325,13:35,251.20,254.90,251.20,254.90,3600,457800
20210325,13:36,255.45,255.45,252.40,253.75,1800,459675
20210325,13:37,252.00,256.80,252.00,256.00,1125,459675
20210325,13:38,254.75,263.85,254.60,262.00,4050,459675
20210325,13:39,261.65,261.65,257.60,260.95,5025,463125
20210325,13:40,260.65,268.70,259.00,268.20,5475,463125
20210325,13:41,268.30,270.00,266.40,267.35,3600,463125
20210325,13:42,268.15,268.15,264.20,267.40,4050,464400
20210325,13:43,268.55,277.25,267.85,274.20,2700,464400
20210325,13:44,274.60,274.90,269.70,271.90,4350,464400
20210325,13:45,272.20,280.45,272.20,280.45,2025,465300
20210325,13:46,281.95,289.00,281.95,284.15,1800,465300
20210325,13:47,285.60,285.60,276.45,276.45,1425,465300
20210325,13:48,273.65,275.90,270.05,275.90,2475,465075
20210325,13:49,276.50,281.00,275.95,278.50,3300,465075
20210325,13:50,279.90,280.65,273.10,273.10,2100,465075
20210325,13:51,275.15,275.15,268.80,269.75,3225,465975
20210325,13:52,270.10,270.60,264.00,264.00,975,465975
20210325,13:53,266.65,270.00,266.65,270.00,600,465975
20210325,13:54,270.65,271.45,270.65,271.45,675,468375
20210325,13:55,271.75,280.00,271.75,276.05,1875,468375
20210325,13:56,277.35,277.35,273.10,273.10,750,468375
20210325,13:57,274.90,276.35,274.80,275.20,2325,469650
20210325,13:58,275.20,275.20,270.85,273.05,750,469650
20210325,13:59,274.20,274.20,274.20,274.20,150,469650
20210325,14:00,273.65,278.65,273.65,278.60,2625,469725
20210325,14:01,276.20,277.60,276.00,276.00,600,469725
20210325,14:02,278.25,279.25,276.00,279.25,1650,469725
20210325,14:03,279.10,285.20,279.10,284.25,1575,470625
20210325,14:04,283.00,287.30,283.00,287.00,1275,470625
20210325,14:05,288.25,291.35,288.25,288.35,3375,470625
20210325,14:06,282.30,282.30,282.10,282.10,150,470925
20210325,14:07,282.60,285.55,281.35,285.55,975,470925
20210325,14:08,284.65,288.00,284.65,286.40,975,470925
20210325,14:09,286.40,288.00,286.40,287.25,750,470925
20210325,14:10,290.00,291.30,287.75,289.00,2325,470025
20210325,14:11,285.90,285.90,282.65,284.30,675,470025
20210325,14:12,284.85,284.85,283.55,284.50,525,468975
20210325,14:13,284.60,285.00,279.85,281.25,1350,468975
20210325,14:14,280.65,281.70,274.60,278.95,2925,468975
20210325,14:15,278.70,282.30,277.80,277.80,2100,467625
20210325,14:16,280.00,280.00,271.85,275.05,4275,467625
20210325,14:17,274.55,274.75,272.60,274.75,1125,467625
20210325,14:18,273.30,277.50,273.30,277.00,900,467925
20210325,14:19,277.15,277.15,268.00,268.75,2625,467925
20210325,14:20,269.60,270.65,263.30,263.30,4575,467925
20210325,14:21,264.65,265.25,257.35,258.05,5625,467775
20210325,14:22,257.95,260.85,257.95,258.15,1125,467775
20210325,14:23,257.65,264.00,257.65,264.00,2325,467775
20210325,14:24,262.35,266.00,261.00,261.00,6525,469650
20210325,14:25,261.05,263.85,259.25,259.25,4425,469650
20210325,14:26,259.10,261.50,259.10,260.35,2325,469650
20210325,14:27,259.40,261.75,258.50,259.00,1950,469425
20210325,14:28,260.20,264.30,259.15,262.00,2925,469425
20210325,14:29,262.35,263.05,261.80,262.85,1050,469425
20210325,14:30,261.20,262.45,259.60,262.45,825,469425
20210325,14:31,263.25,271.55,263.25,268.20,2925,469350
20210325,14:32,268.80,270.10,268.20,269.25,1275,469350
20210325,14:33,271.30,280.00,271.30,275.90,3300,468300
20210325,14:34,274.80,276.10,274.30,275.90,2175,468300
20210325,14:35,274.85,274.85,271.05,271.05,1050,468300
20210325,14:36,273.65,274.20,273.40,273.40,750,468300
20210325,14:37,277.00,277.00,273.05,273.05,600,468000
20210325,14:38,275.00,276.55,274.80,275.75,1425,468000
20210325,14:39,274.15,276.20,274.15,276.20,2700,468000
20210325,14:40,274.70,276.30,273.35,274.95,900,467175
20210325,14:41,277.30,278.95,275.40,275.40,1350,467175
20210325,14:42,275.00,276.20,274.60,274.60,1350,467175
20210325,14:43,275.00,279.85,275.00,278.40,1575,467550
20210325,14:44,280.05,288.35,280.05,288.35,3900,467550
20210325,14:45,288.35,291.85,288.20,289.90,5700,469125
20210325,14:46,289.75,291.35,289.10,289.70,2100,469125
20210325,14:47,291.00,298.75,291.00,298.60,5775,469125
20210325,14:48,299.95,306.00,299.35,306.00,9675,469725
20210325,14:49,305.95,314.50,303.10,303.10,10500,469725
20210325,14:50,303.70,307.00,298.00,302.05,6375,469725
20210325,14:51,303.10,311.25,302.20,307.50,4350,469725
20210325,14:52,307.25,310.05,304.15,305.05,2550,470475
20210325,14:53,304.85,306.15,300.50,300.50,3600,470475
20210325,14:54,299.55,301.00,299.10,300.00,1875,470475
20210325,14:55,300.00,300.00,292.70,292.70,1125,471750
20210325,14:56,291.05,295.00,291.00,291.10,3450,471750
20210325,14:57,291.75,292.50,283.00,283.25,750,471750
20210325,14:58,287.70,288.00,283.90,285.40,3450,473250
20210325,14:59,285.15,285.15,277.65,277.65,2775,473250
20210325,15:00,275.75,276.35,266.00,266.00,7125,473250
20210325,15:01,265.65,271.00,258.50,267.45,5700,478650
20210325,15:02,266.30,266.30,263.00,264.95,2100,478650
20210325,15:03,264.85,266.30,257.45,257.45,4875,478650
20210325,15:04,259.90,261.10,254.75,254.75,1500,483150
20210325,15:05,254.55,260.30,254.55,256.65,3450,483150
20210325,15:06,255.95,260.30,255.95,259.55,1725,483150
20210325,15:07,261.00,261.95,258.30,258.55,1800,490275
20210325,15:08,258.05,259.50,256.50,257.30,750,490275
20210325,15:09,256.75,258.00,254.65,255.00,1350,490275
20210325,15:10,252.05,252.05,247.95,247.95,1875,492525
20210325,15:11,247.70,247.70,243.75,243.75,5025,492525
20210325,15:12,243.55,243.90,240.30,240.65,3150,492525
20210325,15:13,242.15,251.00,242.15,249.05,2775,494025
20210325,15:14,247.90,251.30,247.90,251.25,2025,494025
20210325,15:15,249.35,253.35,249.35,249.95,2550,494025
20210325,15:16,251.00,251.00,246.15,246.15,1950,497400
20210325,15:17,247.55,247.95,245.55,247.00,3000,497400
20210325,15:18,247.80,247.80,246.80,246.80,1125,497400
20210325,15:19,247.80,247.80,245.05,246.60,5475,497775
20210325,15:20,244.55,246.70,244.55,245.15,5250,497775
20210325,15:21,246.00,246.55,245.10,246.10,14700,497775
20210325,15:22,246.50,247.30,245.15,246.50,4050,498975
20210325,15:23,246.20,248.00,246.20,247.70,4275,498975
20210325,15:24,246.60,249.00,246.50,249.00,2625,498975
20210325,15:25,248.00,251.70,248.00,251.70,7725,501450
20210325,15:26,251.25,251.50,250.25,251.50,1950,501450
20210325,15:27,252.45,256.90,251.95,255.85,3900,501450
20210325,15:28,254.95,257.50,254.00,254.00,3300,505275
20210325,15:29,255.40,260.00,254.55,257.00,7500,505275
20210325,15:30,253.00,253.00,253.00,253.00,1350,505275
20210326,09:15,300.05,302.85,283.05,300.80,11477,534525
20210326,09:16,301.00,301.00,292.00,292.00,19050,534525
20210326,09:17,294.75,295.55,289.95,289.95,5475,531825
20210326,09:18,290.95,300.00,290.15,300.00,12225,531825
20210326,09:19,300.00,300.00,292.25,292.25,8100,531825
20210326,09:20,293.45,296.50,287.10,287.10,7800,527850
20210326,09:21,287.95,293.40,287.60,289.50,13125,527850
20210326,09:22,289.95,290.55,285.55,286.50,13425,527850
20210326,09:23,285.85,290.00,285.00,285.00,5100,543225
20210326,09:24,285.30,287.80,283.75,285.85,8175,543225
20210326,09:25,283.60,287.00,278.40,279.55,6525,543225
20210326,09:26,278.20,283.00,278.20,282.30,4575,542250
20210326,09:27,282.40,288.90,282.40,286.25,2925,542250
20210326,09:28,287.65,290.05,286.80,288.95,2475,542250
20210326,09:29,289.30,289.45,286.70,286.70,3000,533850
20210326,09:30,288.30,295.20,288.30,292.00,9750,533850
20210326,09:31,291.00,295.55,291.00,294.25,7500,533850
20210326,09:32,293.00,296.10,292.00,292.00,3450,539175
20210326,09:33,293.25,294.25,287.25,288.50,6150,539175
20210326,09:34,289.55,299.00,288.25,298.75,4500,539175
20210326,09:35,301.25,307.85,299.15,299.15,9375,543075
20210326,09:36,298.00,299.80,296.40,297.80,1800,543075
20210326,09:37,297.80,297.80,292.00,292.10,5925,543075
20210326,09:38,293.05,293.10,290.75,291.70,2400,544875
20210326,09:39,291.00,292.85,290.65,292.05,2625,544875
20210326,09:40,291.95,293.40,291.95,292.45,1875,544875
20210326,09:41,292.00,292.20,283.55,284.40,11625,542175
20210326,09:42,283.10,283.25,280.00,280.00,4425,542175
20210326,09:43,281.65,283.65,281.45,281.70,825,542175
20210326,09:44,280.25,282.10,278.10,278.10,2625,542100
20210326,09:45,278.10,278.80,272.95,276.00,10200,542100
20210326,09:46,277.80,279.60,275.00,279.55,1725,542100
20210326,09:47,278.00,284.05,278.00,284.05,1350,542850
20210326,09:48,284.70,287.15,282.50,286.20,4125,542850
20210326,09:49,285.75,287.70,284.35,286.45,3075,542850
20210326,09:50,288.25,288.25,281.70,285.00,5700,544575
20210326,09:51,282.10,285.90,282.10,284.45,1425,544575
20210326,09:52,284.95,284.95,281.00,284.85,3000,544575
20210326,09:53,285.00,285.00,276.85,278.15,2775,541575
20210326,09:54,276.80,278.10,273.50,274.00,10350,541575
20210326,09:55,276.75,280.75,274.70,280.75,1425,541575
20210326,09:56,280.45,281.80,278.00,279.15,5775,537825
20210326,09:57,278.70,278.70,273.05,277.00,4125,537825
20210326,09:58,279.00,282.80,277.00,277.00,5475,537825
20210326,09:59,275.75,279.45,275.75,278.80,675,537300
20210326,10:00,279.55,283.80,276.90,283.80,1725,537300
20210326,10:01,282.20,289.15,282.20,284.20,2550,537300
20210326,10:02,286.60,289.85,285.50,289.75,4575,535500
20210326,10:03,288.95,291.65,288.00,289.30,1275,535500
20210326,10:04,291.55,291.95,287.55,288.55,2700,535500
20210326,10:05,289.05,292.45,289.05,289.90,5250,529500
20210326,10:06,290.85,291.10,287.00,287.00,2025,529500
20210326,10:07,287.00,290.60,285.90,288.25,2775,529500
20210326,10:08,289.70,291.70,288.00,288.00,525,531900
20210326,10:09,290.00,290.90,288.95,288.95,975,531900
20210326,10:10,289.65,294.90,287.10,293.05,3225,531900
20210326,10:11,293.35,296.35,293.35,293.90,2025,531675
20210326,10:12,293.40,297.65,293.40,295.80,1350,531675
20210326,10:13,295.45,296.00,294.35,296.00,600,531675
20210326,10:14,296.35,298.85,294.15,297.70,3075,531075
20210326,10:15,298.70,304.45,298.70,303.00,4950,531075
20210326,10:16,303.50,304.60,300.10,300.10,2250,531075
20210326,10:17,300.50,301.55,299.60,300.15,1875,529800
20210326,10:18,300.15,302.55,300.15,302.55,825,529800
20210326,10:19,304.15,309.60,300.75,300.75,3825,529800
20210326,10:20,301.95,304.45,301.00,303.95,2325,528750
20210326,10:21,303.60,306.85,303.60,306.00,3075,528750
20210326,10:22,305.75,315.00,305.75,312.70,6525,528750
20210326,10:23,311.35,313.45,310.00,311.15,3750,529350
20210326,10:24,310.45,311.50,307.00,309.90,5100,529350
20210326,10:25,308.40,309.00,304.20,306.20,1425,529350
20210326,10:26,304.45,307.40,304.45,305.70,2400,527925
20210326,10:27,306.20,306.50,305.00,305.00,825,527925
20210326,10:28,305.00,306.15,303.35,304.25,525,527925
20210326,10:29,304.75,306.15,304.70,304.70,750,525825
20210326,10:30,306.45,311.00,304.70,304.70,4350,525825
20210326,10:31,303.45,304.80,297.05,297.35,2325,525825
20210326,10:32,297.35,304.70,296.95,304.05,5400,526425
20210326,10:33,305.00,306.95,303.75,306.85,2175,526425
20210326,10:34,307.30,309.00,304.55,304.95,1050,526425
20210326,10:35,303.90,306.40,303.90,304.00,975,530250
20210326,10:36,303.15,306.45,297.90,297.90,1875,530250
20210326,10:37,299.15,302.65,297.80,299.10,2025,530250
20210326,10:38,299.50,301.45,298.35,301.25,1725,530850
20210326,10:39,301.10,305.15,301.10,304.50,2700,530850
20210326,10:40,306.95,313.60,306.95,311.65,4500,530850
20210326,10:41,310.35,312.85,310.35,312.85,2475,525450
20210326,10:42,314.00,318.00,313.55,315.60,13800,525450
20210326,10:43,315.85,317.55,312.00,312.00,6975,525450
20210326,10:44,312.10,313.00,307.95,308.85,3150,517425
20210326,10:45,310.95,310.95,307.45,307.45,1050,517425
20210326,10:46,306.45,308.70,302.85,302.85,3150,517425
20210326,10:47,301.80,302.85,301.00,302.40,1500,518550
20210326,10:48,299.00,300.75,295.45,295.60,5175,518550
20210326,10:49,295.25,297.55,294.15,296.00,2025,518550
20210326,10:50,297.65,297.65,290.35,293.90,3675,518250
20210326,10:51,294.00,295.00,293.00,293.75,1500,518250
20210326,10:52,294.80,298.10,294.80,298.10,600,518250
20210326,10:53,296.05,297.00,296.00,296.30,675,516900
20210326,10:54,299.05,300.45,296.25,296.25,1050,516900
20210326,10:55,296.80,296.80,294.75,295.95,1725,516900
20210326,10:56,293.00,293.00,289.05,289.05,2175,516450
20210326,10:57,289.40,290.80,284.90,286.25,2925,516450
20210326,10:58,283.00,287.60,281.90,286.45,3150,516450
20210326,10:59,286.00,287.55,284.90,286.00,3150,516900
20210326,11:00,286.00,292.05,286.00,288.00,975,516900
20210326,11:01,288.00,291.30,288.00,290.55,1500,516900
20210326,11:02,289.15,291.40,289.15,291.40,450,517500
20210326,11:04,291.25,296.75,291.20,296.75,1425,517500
20210326,11:05,298.70,303.55,298.70,301.30,5250,516375
20210326,11:06,301.00,301.30,298.00,298.00,675,516375
20210326,11:07,300.30,300.30,298.00,299.95,675,516375
20210326,11:08,300.00,300.00,297.50,297.50,1950,515325
20210326,11:09,296.30,298.30,296.30,298.30,600,515325
20210326,11:10,296.40,296.40,295.05,295.05,1875,515325
20210326,11:11,295.65,296.95,295.60,296.95,675,515325
20210326,11:12,298.25,300.00,298.25,299.35,1200,515925
20210326,11:13,299.00,299.00,295.00,295.00,600,515925
20210326,11:14,291.85,297.25,291.85,294.75,1725,515400
20210326,11:15,292.75,295.20,292.75,295.20,375,515400
20210326,11:16,292.65,293.30,291.00,291.05,525,515400
20210326,11:17,291.80,298.70,291.80,298.70,3000,515400
20210326,11:18,296.90,298.85,296.65,297.40,1125,519225
20210326,11:19,296.50,296.65,293.40,295.60,2250,519225
20210326,11:20,296.25,296.25,294.90,294.90,675,519900
20210326,11:21,294.00,294.00,285.60,290.05,1875,519900
20210326,11:22,291.05,291.05,290.25,290.25,1800,519900
20210326,11:23,293.15,294.00,293.15,294.00,450,519900
20210326,11:24,293.25,293.25,291.15,291.15,525,520650
20210326,11:25,292.25,292.25,292.25,292.25,75,520650
20210326,11:26,293.95,293.95,293.95,293.95,75,520650
20210326,11:27,295.90,295.90,295.90,295.90,75,520650
20210326,11:28,296.80,301.05,296.80,301.05,3525,520650
20210326,11:29,299.30,303.60,299.30,303.00,1875,522150
20210326,11:30,304.85,320.65,304.85,315.10,16125,522150
20210326,11:31,315.35,316.30,311.05,311.05,6825,522150
20210326,11:32,310.90,315.00,310.35,311.00,1275,522150
20210326,11:33,311.00,311.00,306.20,307.10,1575,522000
20210326,11:34,307.50,310.85,307.50,310.85,525,522000
20210326,11:35,311.30,318.35,311.30,316.40,3525,521250
20210326,11:36,317.05,318.45,315.75,317.20,4875,521250
20210326,11:37,317.30,323.50,317.30,320.00,8550,521250
20210326,11:38,320.00,323.25,319.85,320.85,5700,521475
20210326,11:39,321.90,327.80,321.90,323.35,7950,521475
20210326,11:40,325.00,325.85,322.00,325.00,5100,521475
20210326,11:41,325.15,325.45,322.10,322.15,1275,521475
20210326,11:42,324.50,329.00,323.05,323.05,14100,519000
20210326,11:43,324.15,324.15,316.60,316.60,2025,519000
20210326,11:44,316.50,321.00,315.60,321.00,975,519000
20210326,11:45,319.85,323.00,319.85,320.80,1950,516225
20210326,11:46,319.90,322.75,319.90,321.10,600,516225
20210326,11:47,321.90,321.90,315.80,319.00,1050,516225
20210326,11:48,319.30,319.30,316.20,318.70,4950,515625
20210326,11:49,318.55,323.20,318.55,323.20,3600,515625
20210326,11:50,323.00,325.00,322.00,323.55,7425,512775
20210326,11:51,324.50,326.00,323.00,323.50,3900,512775
20210326,11:52,323.05,326.50,323.05,326.00,2775,512775
20210326,11:53,326.10,326.10,322.10,322.10,975,515175
20210326,11:54,322.20,333.15,322.20,331.30,5925,515175
20210326,11:55,334.00,334.00,328.10,330.00,4800,515175
20210326,11:56,329.60,332.75,327.60,331.90,5100,515175
20210326,11:57,329.85,332.20,329.50,331.30,2175,515475
20210326,11:58,332.70,332.80,326.65,326.65,2700,515475
20210326,11:59,327.60,328.20,324.95,324.95,1875,515550
20210326,12:00,324.75,324.75,321.15,322.15,1500,515550
20210326,12:01,322.00,323.50,321.30,323.50,675,515550
20210326,12:02,323.55,325.00,323.20,324.35,2700,515550
20210326,12:03,325.50,325.50,322.70,324.50,1425,513525
20210326,12:04,324.00,325.10,324.00,325.10,300,513525
20210326,12:05,325.00,328.75,324.85,328.75,675,511800
20210326,12:06,329.55,330.40,327.00,327.55,1200,511800
20210326,12:07,328.70,328.70,326.95,326.95,5850,511800
20210326,12:08,326.95,326.95,321.50,322.55,1350,515775
20210326,12:09,321.00,326.90,321.00,326.90,1125,515775
20210326,12:10,327.05,330.00,327.05,328.25,1200,515775
20210326,12:11,327.30,327.30,325.05,325.05,525,515775
20210326,12:12,324.75,324.90,322.15,322.15,675,515025
20210326,12:13,323.30,325.20,322.05,323.30,600,515025
20210326,12:14,325.45,326.25,325.45,325.70,450,515025
20210326,12:15,325.50,328.00,324.65,326.40,1125,514950
20210326,12:16,326.15,327.55,325.25,327.55,750,514950
20210326,12:17,327.00,327.10,321.60,321.60,1875,514950
20210326,12:18,319.50,321.95,319.50,321.95,1575,514575
20210326,12:19,324.00,324.00,323.05,323.25,375,514575
20210326,12:20,323.00,323.00,311.45,313.20,2625,514575
20210326,12:21,314.50,315.40,310.55,312.90,5025,513675
20210326,12:22,313.25,319.70,312.95,318.85,1350,513675
20210326,12:23,317.65,319.25,315.00,315.75,600,513675
20210326,12:24,316.65,316.65,313.45,314.00,1050,513975
20210326,12:25,312.35,314.10,311.75,314.10,675,513975
20210326,12:26,311.85,311.85,305.45,308.70,1800,513975
20210326,12:27,310.70,311.10,307.95,310.80,1050,513525
20210326,12:28,312.15,313.15,309.00,310.75,1500,513525
20210326,12:29,309.95,311.05,309.95,311.05,375,513525
20210326,12:30,310.85,316.80,310.85,316.80,300,513525
20210326,12:31,315.80,317.70,315.60,317.70,825,513525
20210326,12:32,317.90,321.80,317.90,318.00,1725,513525
20210326,12:33,318.00,322.95,318.00,319.95,825,513750
20210326,12:34,319.20,319.90,319.15,319.15,525,513750
20210326,12:35,321.55,322.30,320.75,321.95,450,513750
20210326,12:36,320.00,322.00,318.30,322.00,600,513450
20210326,12:37,323.00,323.00,320.00,320.00,750,513450
20210326,12:39,323.00,325.00,322.70,322.70,525,512850
20210326,12:40,326.70,327.80,326.20,327.35,675,512850
20210326,12:41,330.00,330.00,326.35,326.35,2175,512850
20210326,12:42,326.35,330.00,326.15,329.50,825,512625
20210326,12:43,329.50,330.25,327.05,328.85,1125,512625
20210326,12:44,329.05,330.00,326.95,326.95,2250,512625
20210326,12:45,329.00,330.30,328.50,328.60,2325,511050
20210326,12:46,328.50,328.50,316.95,320.05,3300,511050
20210326,12:47,321.70,321.70,319.85,320.25,1650,511050
20210326,12:48,323.60,325.00,323.50,324.25,375,510600
20210326,12:49,325.50,326.50,325.20,325.20,375,510600
20210326,12:50,325.10,326.65,325.05,325.95,600,510600
20210326,12:51,327.20,328.70,327.20,328.30,1050,510600
20210326,12:52,328.65,328.70,325.15,325.55,900,510600
20210326,12:53,326.40,327.85,322.95,322.95,1125,510600
20210326,12:54,321.90,325.10,321.20,324.35,1425,510900
20210326,12:55,324.25,327.85,324.25,327.50,975,510900
20210326,12:56,326.60,327.80,325.80,325.80,750,510900
20210326,12:57,327.15,331.20,327.15,331.20,1500,512625
20210326,12:58,331.25,331.25,328.50,329.20,675,512625
20210326,12:59,328.85,329.65,328.35,328.75,750,512625
20210326,13:00,330.00,337.65,330.00,334.05,8625,513150
20210326,13:01,330.70,330.70,327.70,327.70,1050,513150
20210326,13:02,324.85,327.30,323.70,325.80,2100,513150
20210326,13:03,322.45,323.40,319.35,323.00,1275,512625
20210326,13:04,324.70,325.60,322.90,324.10,900,512625
20210326,13:05,323.50,323.50,321.30,323.00,1500,512625
20210326,13:06,322.55,324.95,322.55,323.70,900,512775
20210326,13:07,322.70,322.70,318.60,318.75,1800,512775
20210326,13:08,322.40,323.60,318.00,318.00,1575,512775
20210326,13:09,316.85,318.15,316.45,317.35,825,511725
20210326,13:10,316.50,317.35,313.80,315.90,2925,511725
20210326,13:11,319.20,319.20,318.00,319.20,375,511725
20210326,13:12,319.60,319.60,318.40,318.40,525,510675
20210326,13:13,318.25,318.90,317.00,318.90,1875,510675
20210326,13:14,320.00,320.00,320.00,320.00,75,510675
20210326,13:15,318.90,322.80,318.90,320.75,4650,510825
20210326,13:16,321.05,321.05,316.65,318.10,525,510825
20210326,13:17,312.70,313.75,309.75,313.75,2775,510825
20210326,13:18,309.00,309.00,303.40,305.20,3750,511125
20210326,13:19,309.85,310.95,308.00,310.00,1050,511125
20210326,13:20,310.20,311.35,307.00,307.40,525,511125
20210326,13:21,306.80,308.75,305.55,308.75,750,510675
20210326,13:22,305.80,315.85,305.80,315.10,2100,510675
20210326,13:23,313.20,314.60,313.15,313.65,450,510675
20210326,13:24,313.60,314.05,311.70,313.40,900,511125
20210326,13:25,315.00,321.35,315.00,317.75,1425,511125
20210326,13:26,317.00,318.85,315.45,318.85,450,511125
20210326,13:27,317.60,317.60,316.00,316.00,225,511725
20210326,13:28,315.45,315.85,315.45,315.85,150,511725
20210326,13:29,315.85,318.00,315.85,318.00,300,511725
20210326,13:30,315.00,323.75,315.00,323.75,1575,511725
20210326,13:31,322.20,327.70,322.20,326.55,2025,511725
20210326,13:32,324.10,324.10,322.50,322.50,225,511725
20210326,13:33,321.60,322.65,320.00,320.00,450,512400
20210326,13:34,321.35,321.50,318.00,318.00,375,512400
20210326,13:35,318.95,318.95,318.50,318.50,300,512400
20210326,13:36,324.80,324.80,318.40,318.40,450,512175
20210326,13:37,316.00,321.10,316.00,320.85,525,512175
20210326,13:38,320.85,320.85,317.60,317.80,1875,512175
20210326,13:39,319.00,319.00,319.00,319.00,75,512175
20210326,13:40,315.05,319.95,315.05,319.95,375,513225
20210326,13:41,317.90,317.90,316.30,316.30,1425,513225
20210326,13:42,317.15,318.70,317.00,317.00,1275,514650
20210326,13:43,317.90,326.60,317.90,322.05,2100,514650
20210326,13:44,320.60,320.60,317.00,318.45,1050,514650
20210326,13:45,317.90,322.60,317.90,322.50,750,513825
20210326,13:46,322.50,323.60,322.50,323.60,450,513825
20210326,13:47,324.55,324.55,321.80,322.85,750,513825
20210326,13:49,321.80,323.00,321.00,321.40,675,513675
20210326,13:50,320.55,326.05,320.55,326.05,3825,513675
20210326,13:51,324.95,324.95,324.95,324.95,75,513675
20210326,13:52,323.15,323.65,321.50,321.50,675,511800
20210326,13:53,321.40,323.00,321.40,323.00,600,511800
20210326,13:54,320.85,320.85,319.95,319.95,525,510300
20210326,13:55,320.90,322.10,320.00,320.30,750,510300
20210326,13:56,318.30,320.35,318.30,320.35,375,510300
20210326,13:57,323.00,323.00,321.70,321.70,225,510900
20210326,13:58,318.80,320.45,318.80,320.05,225,510900
20210326,13:59,319.50,325.95,319.50,325.00,1500,510900
20210326,14:00,329.00,340.00,329.00,332.95,12900,512400
20210326,14:01,331.80,335.15,331.00,331.75,2475,512400
20210326,14:02,332.50,332.50,326.70,326.70,900,512400
20210326,14:03,328.60,328.60,326.95,326.95,225,516225
20210326,14:04,325.45,326.40,321.90,326.40,1275,516225
20210326,14:05,326.90,326.90,325.40,325.75,750,516225
20210326,14:06,324.75,328.50,323.15,328.50,675,517125
20210326,14:07,328.75,331.55,328.50,328.50,1650,517125
20210326,14:08,328.15,329.35,322.90,322.90,1050,517125
20210326,14:09,321.90,326.05,321.75,323.65,1050,517500
20210326,14:10,326.15,326.15,319.55,319.90,1050,517500
20210326,14:11,321.30,321.30,315.95,319.35,4575,517500
20210326,14:12,318.70,320.50,318.70,320.50,300,515475
20210326,14:13,321.50,321.60,320.05,321.60,750,515475
20210326,14:14,322.60,322.60,320.00,320.65,1650,515475
20210326,14:15,322.30,322.30,317.40,319.35,2550,515550
20210326,14:16,318.55,318.55,309.85,315.00,9150,515550
20210326,14:17,317.00,318.30,314.60,315.30,2100,515550
20210326,14:18,317.65,320.90,317.40,319.90,975,514275
20210326,14:19,319.10,320.15,316.85,317.00,900,514275
20210326,14:20,315.30,317.05,314.65,317.05,1875,514275
20210326,14:21,317.50,318.60,317.00,317.95,1200,515175
20210326,14:22,317.45,317.45,315.50,316.00,300,515175
20210326,14:23,315.95,316.90,315.30,316.00,1050,515175
20210326,14:24,315.85,315.85,313.30,313.65,750,514425
20210326,14:25,315.90,326.85,315.90,322.80,2250,514425
20210326,14:26,321.75,321.80,320.70,320.80,1425,514425
20210326,14:27,320.95,322.15,317.90,317.90,900,513525
20210326,14:28,317.50,320.00,317.50,320.00,450,513525
20210326,14:29,321.05,321.05,318.00,318.00,825,513525
20210326,14:30,317.70,319.10,315.20,316.30,1575,514425
20210326,14:31,315.00,316.90,313.20,316.90,3900,514425
20210326,14:32,315.35,317.60,315.25,315.25,1350,514425
20210326,14:33,316.20,317.00,315.65,315.70,1125,512850
20210326,14:34,318.10,319.25,316.60,318.45,1950,512850
20210326,14:35,317.65,317.65,314.80,315.05,1575,512850
20210326,14:36,315.10,318.20,314.55,318.20,750,513300
20210326,14:37,319.90,319.90,318.25,318.25,900,513300
20210326,14:38,317.75,317.75,312.80,312.80,1725,513300
20210326,14:39,312.00,315.05,310.00,314.20,2400,512775
20210326,14:40,313.75,314.65,311.30,313.25,3075,512775
20210326,14:41,314.15,314.15,306.00,306.70,3750,512775
20210326,14:42,305.00,310.35,302.85,310.35,7125,514350
20210326,14:43,310.35,312.70,307.50,307.50,2550,514350
20210326,14:44,307.50,308.25,303.30,303.70,6825,514350
20210326,14:45,303.75,303.75,291.00,299.60,14925,520500
20210326,14:46,298.00,299.40,294.60,297.65,10875,520500
20210326,14:47,297.05,310.20,297.05,308.40,11250,520500
20210326,14:48,310.25,316.35,308.20,314.45,8250,519975
20210326,14:49,312.90,313.65,309.25,311.15,3525,519975
20210326,14:50,312.05,313.20,308.15,309.70,2550,519975
20210326,14:51,310.60,311.80,307.00,307.65,3075,520350
20210326,14:52,307.40,312.90,307.40,311.60,1425,520350
20210326,14:53,311.50,311.50,308.40,309.30,1050,520350
20210326,14:54,309.75,310.20,306.95,306.95,750,520575
20210326,14:55,307.00,307.00,302.95,304.10,900,520575
20210326,14:56,305.85,310.20,305.85,310.20,1125,520575
20210326,14:57,307.85,307.85,305.00,305.70,825,519075
20210326,14:58,305.55,306.35,304.75,305.20,675,519075
20210326,14:59,300.00,302.80,300.00,302.70,900,519075
20210326,15:00,301.25,303.15,295.00,303.15,3075,519225
20210326,15:01,303.70,303.70,300.80,301.45,675,519225
20210326,15:02,305.00,307.00,303.70,303.70,1800,519225
20210326,15:03,303.00,305.85,302.70,305.85,975,519750
20210326,15:04,306.30,306.30,305.30,305.30,300,519750
20210326,15:05,305.75,305.75,304.90,304.90,150,519750
20210326,15:06,304.00,305.00,301.25,301.25,2550,520275
20210326,15:07,301.00,303.30,300.45,303.30,2775,520275
20210326,15:08,303.35,304.25,300.85,301.30,2250,520275
20210326,15:09,301.85,304.25,300.95,304.15,2850,519825
20210326,15:10,304.00,304.00,298.90,300.90,4950,519825
20210326,15:11,299.05,299.05,292.55,292.85,3825,519825
20210326,15:12,293.60,293.60,290.80,292.00,1725,518925
20210326,15:13,292.20,295.00,292.00,295.00,2400,518925
20210326,15:14,294.60,294.60,292.90,293.90,2550,518925
20210326,15:15,292.45,292.85,289.45,290.20,2550,518250
20210326,15:16,290.20,291.35,286.50,288.75,6375,518250
20210326,15:17,288.55,288.55,285.25,287.15,5175,518250
20210326,15:18,285.00,290.65,284.60,290.65,5775,515325
20210326,15:19,292.00,297.50,292.00,297.50,2700,515325
20210326,15:20,298.00,304.05,298.00,301.60,8700,515325
20210326,15:21,301.60,306.55,301.60,305.90,4425,515025
20210326,15:22,304.15,306.45,304.10,305.20,7650,515025
20210326,15:23,304.40,307.60,304.20,307.05,3525,515025
20210326,15:24,308.00,308.25,305.75,305.75,1050,514725
20210326,15:25,306.45,307.65,305.15,307.00,2925,514725
20210326,15:26,307.00,308.50,306.60,307.20,2550,514725
20210326,15:27,307.30,307.75,306.35,307.00,3300,513825
20210326,15:28,307.00,307.00,305.10,305.15,4575,513825
20210326,15:29,305.10,306.35,300.00,300.00,5700,513825
20210330,09:15,334.15,363.15,334.15,342.85,13128,465825
20210330,09:16,344.10,344.65,339.55,342.35,14400,465825
20210330,09:17,342.35,344.20,339.80,340.30,3675,471225
20210330,09:18,340.30,343.00,337.60,340.50,9000,471225
20210330,09:19,340.15,342.10,338.10,339.50,5400,471225
20210330,09:20,339.40,343.00,337.65,338.20,16500,477150
20210330,09:21,338.15,344.15,338.15,342.55,15225,477150
20210330,09:22,343.55,351.30,343.50,347.85,12900,477150
20210330,09:23,347.40,350.35,346.20,349.70,11700,484575
20210330,09:24,348.30,353.70,348.30,350.00,16950,484575
20210330,09:25,351.00,356.10,347.55,355.00,29100,484575
20210330,09:26,354.15,359.25,354.15,355.35,9375,510450
20210330,09:27,356.10,358.20,355.90,357.10,5250,510450
20210330,09:28,357.25,362.00,355.65,358.65,9000,510450
20210330,09:29,356.35,364.05,356.35,364.05,3600,517050
20210330,09:30,368.25,372.65,365.25,366.25,19950,517050
20210330,09:31,367.00,369.35,365.00,369.35,7575,517050
20210330,09:32,368.90,371.55,368.00,370.00,4725,524025
20210330,09:33,370.00,375.00,369.95,375.00,14700,524025
20210330,09:34,375.25,382.75,375.25,378.55,20550,524025
20210330,09:35,379.90,384.45,377.80,379.45,7200,527475
20210330,09:36,379.05,380.70,377.75,378.55,4275,527475
20210330,09:37,376.80,376.80,370.00,370.00,9600,527475
20210330,09:38,370.75,376.30,370.75,376.00,4350,527775
20210330,09:39,376.15,376.15,371.00,373.00,2475,527775
20210330,09:40,373.10,375.00,372.00,372.30,3300,527775
20210330,09:41,373.55,375.95,372.50,372.85,6000,523050
20210330,09:42,372.90,373.20,369.15,372.35,2325,523050
20210330,09:43,370.65,371.75,368.95,370.70,2550,523050
20210330,09:44,371.20,373.80,371.20,371.65,2025,522000
20210330,09:45,371.75,380.85,371.75,380.45,4050,522000
20210330,09:46,380.00,380.00,377.10,379.05,2025,522000
20210330,09:47,377.05,382.00,377.00,382.00,1725,522000
20210330,09:48,382.00,383.05,379.35,379.70,2775,522000
20210330,09:49,380.00,383.55,379.20,381.05,1650,522000
20210330,09:50,382.00,388.65,381.25,385.40,8850,521850
20210330,09:51,385.90,387.00,384.05,385.60,3750,521850
20210330,09:52,385.05,385.55,383.40,384.90,2400,521850
20210330,09:53,385.00,389.00,384.25,387.95,5100,524400
20210330,09:54,387.50,387.50,384.00,384.00,4050,524400
20210330,09:55,385.00,385.05,383.00,384.40,2175,524400
20210330,09:56,382.80,384.25,379.50,384.25,9075,526425
20210330,09:57,384.30,385.50,382.85,384.25,1575,526425
20210330,09:58,381.95,385.55,381.95,385.55,2700,526425
20210330,09:59,385.95,387.10,385.90,386.05,1725,528525
20210330,10:00,387.70,392.00,387.70,391.00,7125,528525
20210330,10:01,390.60,391.30,388.95,389.55,1200,528525
20210330,10:02,390.75,390.75,387.25,388.80,1200,530625
20210330,10:03,387.20,388.80,382.35,382.35,1725,530625
20210330,10:04,382.10,384.00,381.25,384.00,1650,530625
20210330,10:05,384.00,385.60,383.25,385.60,1650,531000
20210330,10:06,385.00,389.75,385.00,388.10,2625,531000
20210330,10:07,389.30,389.90,385.05,385.75,8100,531000
20210330,10:08,386.10,390.00,385.90,386.55,6225,535275
20210330,10:09,386.00,389.25,385.35,388.75,2700,535275
20210330,10:10,389.00,391.45,388.90,389.95,2700,535275
20210330,10:11,390.70,393.10,387.90,392.55,5550,542025
20210330,10:12,391.90,396.90,391.90,394.60,8175,542025
20210330,10:13,394.05,396.85,393.65,394.30,1575,542025
20210330,10:14,395.75,397.85,394.45,397.85,3300,544350
20210330,10:15,403.25,403.25,396.60,396.60,24000,544350
20210330,10:16,397.30,407.50,397.30,407.50,13800,544350
20210330,10:17,405.00,408.00,403.80,405.50,9000,546000
20210330,10:18,407.40,425.00,405.80,413.05,24675,546000
20210330,10:19,412.05,418.05,411.05,412.85,7650,546000
20210330,10:20,413.10,414.35,412.00,412.00,1425,541875
20210330,10:21,412.20,412.20,409.40,409.40,4275,541875
20210330,10:22,409.75,416.00,409.75,412.50,1275,541875
20210330,10:23,411.40,412.45,408.05,410.00,1425,543750
20210330,10:24,409.95,411.75,408.00,409.20,1500,543750
20210330,10:25,407.85,409.25,406.60,409.00,1200,543750
20210330,10:26,409.40,411.35,409.40,409.40,1275,543150
20210330,10:27,411.00,411.00,405.25,405.60,900,543150
20210330,10:28,405.75,407.60,405.75,407.60,1500,543150
20210330,10:29,407.10,412.20,407.10,410.55,1725,542400
20210330,10:30,410.50,413.50,410.50,412.45,3600,542400
20210330,10:31,414.70,414.70,413.30,414.00,1275,542400
20210330,10:32,413.70,414.75,408.85,409.75,1500,541500
20210330,10:33,408.85,408.85,405.85,405.85,2100,541500
20210330,10:34,406.25,407.65,405.85,406.40,1650,541500
20210330,10:35,404.55,407.30,403.35,405.30,3450,540675
20210330,10:36,407.60,412.00,407.15,412.00,1575,540675
20210330,10:37,410.50,414.50,410.30,410.30,2850,540675
20210330,10:38,411.30,414.10,410.70,411.90,2175,540675
20210330,10:39,413.45,415.60,412.75,414.15,1800,539100
20210330,10:40,414.95,415.00,413.25,415.00,975,539100
20210330,10:41,414.05,414.85,411.30,411.70,1125,538725
20210330,10:42,411.70,412.05,409.20,410.40,2700,538725
20210330,10:43,409.40,409.90,405.75,406.85,750,538725
20210330,10:44,406.00,406.00,401.05,402.55,2175,539925
20210330,10:45,403.35,405.45,400.65,405.45,2775,539925
20210330,10:46,404.40,406.70,404.00,404.00,1200,539925
20210330,10:47,405.70,407.65,405.70,407.65,225,539925
20210330,10:48,403.00,404.65,400.60,404.65,2250,539025
20210330,10:49,408.00,410.65,408.00,410.65,900,539025
20210330,10:50,412.25,421.45,412.25,419.75,8850,535050
20210330,10:51,421.00,423.30,420.80,421.00,2100,535050
20210330,10:52,421.00,423.25,418.20,418.20,5325,535050
20210330,10:53,418.45,420.40,417.40,417.80,2400,532500
20210330,10:54,417.80,420.95,417.80,418.15,1275,532500
20210330,10:55,419.45,421.45,416.95,417.20,1275,532500
20210330,10:56,416.10,416.15,414.00,415.30,2550,531675
20210330,10:57,416.60,416.60,414.70,414.70,1950,531675
20210330,10:58,413.50,414.10,412.00,413.50,1575,531675
20210330,10:59,413.50,414.50,413.50,413.65,1050,529950
20210330,11:00,412.00,412.20,409.05,409.25,1050,529950
20210330,11:01,410.65,412.00,410.65,410.95,1125,529950
20210330,11:02,411.75,411.80,409.60,409.60,900,529275
20210330,11:03,412.20,414.85,412.20,412.55,600,529275
20210330,11:04,414.95,415.50,413.55,414.80,750,529275
20210330,11:05,413.85,416.00,413.85,414.35,1200,528000
20210330,11:06,411.70,411.70,408.75,410.50,2475,528000
20210330,11:07,410.20,412.50,410.20,412.50,675,528000
20210330,11:08,412.00,412.00,411.10,411.10,150,528000
20210330,11:09,410.00,412.00,410.00,410.15,2100,526575
20210330,11:10,407.70,409.05,406.60,406.60,600,526575
20210330,11:11,406.80,407.45,405.80,406.15,675,526275
20210330,11:12,409.25,409.25,408.50,408.70,300,526275
20210330,11:13,411.00,411.00,409.30,409.30,450,526275
20210330,11:14,410.95,411.35,409.30,411.00,1650,526275
20210330,11:15,411.00,415.10,410.80,414.75,1425,525675
20210330,11:16,414.90,415.70,414.45,415.70,975,525675
20210330,11:17,415.55,417.95,415.55,415.60,1425,526725
20210330,11:18,417.50,419.90,417.50,419.75,1950,526725
20210330,11:19,419.95,422.00,419.95,420.75,3300,526725
20210330,11:20,420.45,423.70,420.10,423.70,4650,530250
20210330,11:21,421.80,427.50,421.65,425.75,5625,530250
20210330,11:22,426.90,426.90,423.00,424.45,2700,530250
20210330,11:23,422.20,423.70,421.65,421.65,900,528675
20210330,11:24,422.00,423.20,421.00,421.60,1200,528675
20210330,11:25,422.50,422.85,420.15,422.20,750,528675
20210330,11:26,422.30,422.30,417.80,419.00,1050,528825
20210330,11:27,418.40,418.95,416.00,416.10,975,528825
20210330,11:28,417.15,419.45,416.55,419.00,750,528825
20210330,11:29,420.55,420.55,416.85,417.20,2250,529350
20210330,11:30,416.15,418.30,414.60,418.30,1875,529350
20210330,11:31,418.60,419.30,417.50,418.40,1050,529350
20210330,11:32,418.80,420.20,415.65,415.65,1050,529950
20210330,11:33,415.15,416.00,414.70,416.00,1350,529950
20210330,11:34,419.00,419.00,417.35,418.15,825,529950
20210330,11:35,418.00,418.00,414.65,414.65,525,529950
20210330,11:36,417.00,417.35,415.65,415.65,600,530550
20210330,11:37,415.05,416.15,415.00,415.55,450,530550
20210330,11:38,416.50,416.50,416.50,416.50,75,530550
20210330,11:39,418.45,424.85,418.45,422.60,1575,530625
20210330,11:40,424.50,425.40,423.75,424.10,1500,530625
20210330,11:41,423.50,423.50,421.50,421.50,375,530625
20210330,11:42,420.95,422.25,420.35,420.35,4575,531000
20210330,11:43,421.50,422.65,420.35,420.80,5850,531000
20210330,11:44,424.00,425.00,424.00,424.45,450,531000
20210330,11:45,425.50,429.90,425.50,428.65,4575,534150
20210330,11:46,428.35,429.95,427.30,428.95,1875,534150
20210330,11:47,427.75,427.75,426.65,427.05,375,534150
20210330,11:48,426.45,426.45,424.95,425.95,525,534900
20210330,11:49,425.05,425.70,424.10,424.10,900,534900
20210330,11:50,424.30,426.90,424.10,426.90,750,534900
20210330,11:51,424.40,427.00,424.40,427.00,225,534600
20210330,11:53,426.00,426.00,422.15,422.15,900,534600
20210330,11:54,422.65,422.65,422.50,422.60,525,533925
20210330,11:55,420.00,420.75,418.15,418.45,1200,533925
20210330,11:56,416.05,416.40,413.80,416.20,1575,533925
20210330,11:57,414.45,417.00,414.25,415.60,2925,533625
20210330,11:58,414.55,416.70,414.55,415.50,1425,533625
20210330,11:59,415.30,417.00,413.95,417.00,1125,533625
20210330,12:00,418.00,420.05,417.65,420.00,1125,533025
20210330,12:01,416.85,416.85,413.50,413.50,1050,533025
20210330,12:02,413.25,414.80,413.15,414.60,1350,533025
20210330,12:03,414.10,415.25,411.50,411.50,975,531975
20210330,12:04,410.25,410.90,408.00,410.00,4650,531975
20210330,12:05,408.80,409.20,401.15,404.00,4200,531975
20210330,12:06,404.20,404.45,383.80,383.80,35550,531000
20210330,12:07,383.70,394.95,383.70,389.90,13875,531000
20210330,12:08,388.00,388.00,382.05,387.65,10800,531000
20210330,12:09,389.35,390.15,386.15,387.60,3075,527550
20210330,12:10,387.50,390.95,387.50,388.15,3900,527550
20210330,12:11,389.55,394.00,389.55,393.35,2400,527550
20210330,12:12,392.00,394.25,390.25,392.65,3675,527175
20210330,12:13,391.80,395.70,391.80,395.25,4050,527175
20210330,12:14,394.35,394.35,391.00,393.20,5625,527175
20210330,12:15,391.80,391.80,385.90,388.95,6900,523650
20210330,12:16,388.00,392.00,387.85,391.15,1575,523650
20210330,12:17,390.95,393.25,390.95,392.00,1575,523650
20210330,12:18,393.65,394.95,392.80,393.15,825,520875
20210330,12:19,393.15,395.95,392.00,392.30,975,520875
20210330,12:20,391.95,392.65,390.65,391.50,2400,520875
20210330,12:21,394.90,394.90,391.10,392.50,2475,521625
20210330,12:22,393.10,397.35,393.10,397.35,2175,521625
20210330,12:23,399.00,405.85,397.90,405.85,5625,521625
20210330,12:24,406.45,411.30,404.65,407.95,7650,523575
20210330,12:25,409.70,409.70,402.35,402.35,2550,523575
20210330,12:26,402.00,404.45,402.00,402.00,2250,523575
20210330,12:27,402.00,403.65,402.00,402.45,825,522750
20210330,12:28,403.70,404.25,401.50,402.05,900,522750
20210330,12:29,401.00,403.00,400.60,402.55,600,522750
20210330,12:30,405.40,410.05,405.40,410.05,1275,522975
20210330,12:31,408.15,409.95,407.00,408.50,1425,522975
20210330,12:32,406.75,409.90,406.75,408.70,1350,522975
20210330,12:33,411.00,412.60,411.00,412.35,1800,523425
20210330,12:34,412.00,415.40,411.80,413.00,1725,523425
20210330,12:35,414.30,416.00,412.50,413.45,1200,523425
20210330,12:36,411.45,413.00,411.45,412.75,450,524325
20210330,12:37,411.00,415.50,409.90,414.00,750,524325
20210330,12:38,414.00,414.55,412.40,414.50,2175,524325
20210330,12:39,413.60,413.60,409.80,410.65,1800,525150
20210330,12:40,411.50,411.50,406.05,408.00,3300,525150
20210330,12:41,410.30,413.50,410.30,413.50,2175,525150
20210330,12:42,412.20,414.50,411.50,414.00,1725,527325
20210330,12:43,413.65,417.30,413.65,414.65,5250,527325
20210330,12:44,416.00,416.00,413.55,414.60,2100,527325
20210330,12:45,414.75,415.90,412.30,413.60,2175,530550
20210330,12:46,412.65,413.35,411.65,413.35,900,530550
20210330,12:47,413.00,415.05,413.00,415.05,750,530550
20210330,12:48,415.05,418.00,415.05,418.00,1950,531300
20210330,12:49,415.65,418.25,415.65,416.40,1350,531300
20210330,12:50,416.55,418.45,416.00,417.15,5625,531300
20210330,12:51,416.45,416.45,410.00,410.00,8325,534375
20210330,12:52,408.60,411.90,406.05,411.90,10875,534375
20210330,12:53,414.75,414.75,412.00,412.75,6000,534375
20210330,12:54,413.70,413.80,409.55,409.55,3525,540300
20210330,12:55,410.95,410.95,409.55,409.55,900,540300
20210330,12:56,408.55,408.55,408.20,408.20,225,540300
20210330,12:57,407.25,409.00,405.00,409.00,6900,540975
20210330,12:58,409.25,410.70,406.80,408.60,5550,540975
20210330,12:59,409.45,409.70,405.85,406.30,2550,540975
20210330,13:00,406.00,406.00,397.70,397.70,4200,548325
20210330,13:01,399.40,399.40,394.45,396.80,4800,548325
20210330,13:02,396.90,399.25,395.25,397.55,3150,548325
20210330,13:03,396.90,403.10,396.90,403.10,3075,546975
20210330,13:04,403.10,403.50,401.60,402.45,2025,546975
20210330,13:05,403.00,403.00,399.55,400.20,975,546975
20210330,13:06,400.25,400.25,395.80,395.80,3225,546900
20210330,13:07,396.55,398.35,395.80,398.35,975,546900
20210330,13:08,397.15,398.75,395.35,398.75,2475,546900
20210330,13:09,395.80,400.30,395.20,400.10,1500,547950
20210330,13:10,398.85,405.45,398.85,405.00,2025,547950
20210330,13:11,405.80,406.60,404.45,406.60,1350,547950
20210330,13:12,406.90,407.70,406.00,406.95,1275,548625
20210330,13:13,405.00,406.35,404.25,406.35,2850,548625
20210330,13:14,405.00,405.15,403.45,405.00,1275,548625
20210330,13:15,406.00,408.00,402.90,408.00,5925,549300
20210330,13:16,408.50,412.25,408.05,412.15,4125,549300
20210330,13:17,412.10,412.85,408.90,411.35,3075,549300
20210330,13:18,410.40,412.65,410.00,412.35,1725,552000
20210330,13:19,413.00,414.45,412.05,414.45,1425,552000
20210330,13:20,413.00,413.00,408.80,411.10,1950,552000
20210330,13:21,412.00,412.70,410.65,411.00,975,553425
20210330,13:22,411.00,413.00,411.00,413.00,225,553425
20210330,13:23,413.00,419.00,412.20,419.00,3000,553425
20210330,13:24,418.35,419.00,415.95,418.95,4350,555825
20210330,13:25,418.70,434.10,418.70,427.75,15750,555825
20210330,13:26,427.05,428.75,424.30,428.75,2700,555825
20210330,13:27,428.55,428.55,424.00,424.50,5325,565575
20210330,13:28,423.45,425.00,422.85,425.00,1650,565575
20210330,13:29,425.75,425.75,424.00,424.00,450,565575
20210330,13:30,422.90,425.60,422.15,424.40,1500,566925
20210330,13:31,425.80,426.10,423.05,424.00,3675,566925
20210330,13:32,423.75,426.00,422.10,425.35,4125,566925
20210330,13:33,427.50,429.00,426.05,429.00,2100,568350
20210330,13:34,430.00,431.70,429.20,431.10,1950,568350
20210330,13:35,431.85,431.85,428.05,429.45,1725,568350
20210330,13:36,430.70,430.70,428.90,429.50,3225,568125
20210330,13:37,429.60,429.60,424.80,426.05,4050,568125
20210330,13:38,424.95,427.60,424.10,427.60,300,568125
20210330,13:39,429.30,429.30,426.55,427.00,975,568275
20210330,13:40,429.25,429.25,426.95,426.95,675,568275
20210330,13:41,427.70,431.00,427.00,431.00,3300,568275
20210330,13:42,431.00,439.00,431.00,439.00,7425,568800
20210330,13:43,440.95,443.95,438.20,443.95,3525,568800
20210330,13:44,439.90,439.90,435.70,436.40,3225,568800
20210330,13:45,435.90,438.00,434.85,435.40,2025,569550
20210330,13:46,435.00,435.00,432.50,434.45,1725,569550
20210330,13:47,436.45,436.85,434.95,436.25,825,569550
20210330,13:48,433.35,434.95,432.65,434.95,750,569025
20210330,13:49,435.90,439.95,432.50,439.95,3225,569025
20210330,13:50,440.00,441.90,438.35,440.95,2325,569025
20210330,13:51,441.90,447.00,440.95,442.90,4275,569400
20210330,13:52,442.90,443.70,440.15,442.80,1875,569400
20210330,13:53,443.80,443.80,439.00,441.70,600,569400
20210330,13:54,441.45,445.00,440.55,445.00,1575,570000
20210330,13:55,441.70,443.20,439.05,440.50,4125,570000
20210330,13:56,440.50,440.50,436.20,436.20,1950,570000
20210330,13:57,436.20,438.70,436.20,437.50,2625,567750
20210330,13:58,438.40,441.85,438.40,439.15,975,567750
20210330,13:59,442.20,443.20,440.10,442.25,1425,567750
20210330,14:00,442.35,444.95,442.35,444.80,1425,568800
20210330,14:01,443.30,448.00,442.55,447.85,3675,568800
20210330,14:02,447.50,456.40,447.00,453.85,7050,568800
20210330,14:03,458.00,463.30,453.60,463.30,5850,569625
20210330,14:04,462.35,465.00,459.40,462.90,4200,569625
20210330,14:05,463.25,469.80,463.25,469.50,4425,569625
20210330,14:06,470.00,472.15,464.10,464.10,7575,568800
20210330,14:07,466.15,467.50,460.00,463.30,3225,568800
20210330,14:08,463.90,465.00,462.20,464.75,900,568800
20210330,14:09,466.20,468.55,465.60,466.75,2025,568050
20210330,14:10,466.70,469.60,466.70,467.95,1650,568050
20210330,14:11,468.00,468.80,466.00,466.00,900,568050
20210330,14:12,466.60,468.25,464.80,468.00,1350,566850
20210330,14:13,468.00,469.00,466.95,468.10,2175,566850
20210330,14:14,470.05,470.05,465.85,465.85,1725,566850
20210330,14:15,466.45,470.20,466.45,467.50,600,565125
20210330,14:16,471.00,480.00,471.00,479.20,6375,565125
20210330,14:17,480.00,487.80,480.00,487.80,6750,565125
20210330,14:18,485.30,487.05,482.10,484.70,6000,559425
20210330,14:19,484.05,486.00,479.00,480.80,2850,559425
20210330,14:20,478.70,478.70,474.00,475.95,1425,559425
20210330,14:21,476.50,476.50,470.00,470.00,4950,555900
20210330,14:22,471.40,477.20,471.40,477.20,1725,555900
20210330,14:23,477.75,479.45,476.55,476.55,1725,555900
20210330,14:24,477.65,484.75,477.65,484.75,3375,556575
20210330,14:25,485.00,486.00,481.00,481.00,2475,556575
20210330,14:26,484.25,484.25,480.00,480.00,2175,556575
20210330,14:27,479.40,479.60,474.00,474.00,2325,554400
20210330,14:28,475.00,476.40,472.45,472.45,1125,554400
20210330,14:29,474.00,474.05,469.05,472.25,1500,554400
20210330,14:30,470.75,473.00,462.70,466.10,2550,551550
20210330,14:31,468.30,469.40,466.10,466.10,825,551550
20210330,14:32,469.00,475.40,468.55,475.10,2325,551550
20210330,14:33,474.05,475.60,473.35,475.55,2625,551175
20210330,14:34,474.00,474.60,473.15,473.15,675,551175
20210330,14:35,473.75,477.95,473.75,476.40,4950,551175
20210330,14:36,475.85,479.65,475.85,476.00,1425,551175
20210330,14:37,477.60,480.85,477.60,480.85,975,548775
20210330,14:38,479.75,482.90,477.10,477.10,975,548775
20210330,14:39,477.70,479.10,476.65,476.65,900,548775
20210330,14:40,478.00,478.40,474.50,476.00,600,548625
20210330,14:41,476.70,477.00,475.10,475.10,300,548625
20210330,14:42,477.00,477.95,474.00,474.00,1050,548400
20210330,14:43,477.00,477.00,471.25,471.25,750,548400
20210330,14:44,473.45,476.25,472.75,476.25,2025,548400
20210330,14:45,477.00,481.00,477.00,478.90,1725,546675
20210330,14:46,478.00,478.00,469.85,469.90,1050,546675
20210330,14:47,471.25,471.25,467.70,469.20,2925,546675
20210330,14:48,469.35,471.35,468.15,469.05,4200,544050
20210330,14:49,474.25,474.25,471.75,472.50,2475,544050
20210330,14:50,473.55,474.25,468.75,470.20,3675,544050
20210330,14:51,471.65,477.25,470.15,475.40,2325,543675
20210330,14:52,478.00,488.30,478.00,488.30,3375,543675
20210330,14:53,488.30,491.90,485.50,486.00,1650,543675
20210330,14:54,484.95,485.75,483.55,484.65,450,543525
20210330,14:55,487.40,487.40,485.20,485.20,525,543525
20210330,14:56,485.20,486.75,484.55,486.35,1575,543525
20210330,14:57,485.00,485.60,482.05,482.05,1950,543525
20210330,14:58,483.60,484.55,482.05,482.05,750,542850
20210330,14:59,481.90,482.35,480.25,482.35,1500,542850
20210330,15:00,484.65,485.05,472.45,472.45,6075,540600
20210330,15:01,472.10,472.10,455.70,455.70,7575,540600
20210330,15:02,457.85,468.25,457.85,468.25,2100,540600
20210330,15:03,470.35,477.10,468.40,475.05,1725,540600
20210330,15:04,476.35,478.95,474.00,474.00,1125,541200
20210330,15:05,474.65,475.40,472.20,473.30,1200,541200
20210330,15:06,471.35,474.05,469.50,472.00,825,541200
20210330,15:07,470.75,471.45,463.65,466.55,6675,540525
20210330,15:08,467.00,471.00,467.00,469.50,1500,540525
20210330,15:09,467.95,473.25,467.95,471.55,2100,540525
20210330,15:10,472.15,476.55,470.50,472.00,2775,537225
20210330,15:11,473.00,474.00,472.80,472.80,1275,537225
20210330,15:12,473.05,473.30,470.00,470.00,3075,537225
20210330,15:13,470.80,471.50,469.40,471.40,2400,535350
20210330,15:14,470.50,472.05,470.10,470.40,1800,535350
20210330,15:15,468.85,470.50,466.00,466.00,2325,535350
20210330,15:16,465.00,465.00,461.50,461.50,1200,534525
20210330,15:17,461.55,463.00,460.45,461.75,3375,534525
20210330,15:18,461.75,465.00,460.50,464.40,1125,534525
20210330,15:19,462.10,464.55,462.10,463.50,1050,534750
20210330,15:20,463.45,465.05,462.50,464.90,2100,534750
20210330,15:21,464.65,466.25,463.30,463.80,525,534750
20210330,15:22,462.75,464.55,462.30,463.95,450,534000
20210330,15:23,463.00,463.95,462.50,463.00,1050,534000
20210330,15:24,462.00,463.95,459.50,459.50,6375,534000
20210330,15:25,460.50,461.95,458.50,458.95,4275,528075
20210330,15:26,460.70,463.20,460.70,463.20,2250,528075
20210330,15:27,463.10,463.10,460.65,462.05,1650,528075
20210330,15:28,463.50,465.75,461.05,465.75,2400,525375
20210330,15:29,465.00,467.00,463.00,463.00,1950,525375
20210331,09:15,436.10,436.10,420.95,427.75,5026,524850
20210331,09:16,424.10,426.00,418.00,418.00,6075,524850
20210331,09:17,417.50,420.00,413.55,417.85,7275,525150
20210331,09:18,418.10,421.55,415.15,416.50,8250,525150
20210331,09:19,415.00,415.10,410.45,414.75,1875,525150
20210331,09:20,412.85,413.40,406.00,406.00,8100,520725
20210331,09:21,405.50,411.30,403.80,409.30,6075,520725
20210331,09:22,407.55,407.90,402.60,403.75,6375,520725
20210331,09:23,403.90,408.10,402.50,405.95,6750,521325
20210331,09:24,406.40,411.60,405.65,411.60,4050,521325
20210331,09:25,411.20,413.55,405.00,405.00,3975,521325
20210331,09:26,404.00,404.00,394.70,394.70,5775,523800
20210331,09:27,395.50,399.65,394.20,399.65,2175,523800
20210331,09:28,396.85,396.95,395.00,396.10,2175,523800
20210331,09:29,397.55,398.15,395.95,397.05,900,524775
20210331,09:30,394.65,395.95,391.50,391.50,2325,524775
20210331,09:31,395.00,402.30,395.00,402.15,1050,524775
20210331,09:32,402.35,402.75,400.15,402.00,2475,524925
20210331,09:33,401.60,402.25,400.20,400.95,2175,524925
20210331,09:34,401.00,401.00,397.80,398.30,1650,524925
20210331,09:35,399.00,399.70,395.90,399.70,2400,526950
20210331,09:36,399.15,406.80,399.15,406.80,1800,526950
20210331,09:37,406.80,413.05,406.80,412.30,4800,526950
20210331,09:38,414.60,418.05,412.55,415.00,2850,526725
20210331,09:39,415.70,417.50,415.00,417.50,2850,526725
20210331,09:40,417.00,422.60,417.00,421.00,2100,526725
20210331,09:41,422.60,428.00,420.95,425.80,3375,525675
20210331,09:42,425.10,428.70,423.30,426.50,2625,525675
20210331,09:43,425.20,426.80,423.75,426.80,1950,525675
20210331,09:44,425.90,428.45,422.70,422.70,2625,525675
20210331,09:45,423.40,425.40,422.75,425.40,1350,525675
20210331,09:46,418.20,422.95,418.20,422.95,1500,525675
20210331,09:47,421.90,423.60,419.35,419.35,825,526050
20210331,09:48,420.05,420.05,415.35,415.35,750,526050
20210331,09:49,415.50,415.80,409.15,409.15,1800,526050
20210331,09:50,407.00,408.15,405.00,407.90,3300,525900
20210331,09:51,407.00,407.55,404.80,407.00,2100,525900
20210331,09:52,407.00,411.00,407.00,409.00,900,525900
20210331,09:53,410.45,411.00,407.60,409.95,1875,526275
20210331,09:54,409.35,413.70,407.50,408.00,3300,526275
20210331,09:55,407.00,407.00,403.00,404.00,1125,526275
20210331,09:56,404.65,406.00,403.00,404.40,1425,526350
20210331,09:57,403.60,406.60,403.20,406.60,600,526350
20210331,09:58,408.20,409.60,408.20,409.50,2025,526350
20210331,09:59,410.80,410.80,405.40,407.40,2025,525975
20210331,10:00,404.05,404.05,397.00,397.60,5325,525975
20210331,10:01,398.25,400.00,397.80,397.80,825,525975
20210331,10:02,397.00,400.90,397.00,400.90,1350,527175
20210331,10:03,398.30,398.45,395.20,395.95,3375,527175
20210331,10:04,399.00,400.50,399.00,400.50,1200,527175
20210331,10:05,398.35,408.00,398.35,408.00,2025,526650
20210331,10:06,409.55,409.55,407.85,408.35,1050,526650
20210331,10:07,404.65,405.30,402.90,402.90,900,526650
20210331,10:08,402.90,404.10,400.85,404.10,600,527625
20210331,10:09,402.80,404.20,401.25,402.30,1050,527625
20210331,10:10,401.00,402.30,400.45,401.50,600,527625
20210331,10:11,400.00,401.00,399.50,401.00,1650,528600
20210331,10:12,401.00,401.00,393.50,393.50,1725,528600
20210331,10:13,395.05,398.55,393.95,398.55,975,528600
20210331,10:14,398.00,398.00,397.00,397.00,225,528600
20210331,10:15,402.00,402.00,398.95,398.95,825,528075
20210331,10:16,401.00,403.00,399.90,400.00,825,528075
20210331,10:17,398.95,398.95,388.80,392.45,4950,528300
20210331,10:18,393.20,393.20,382.05,386.75,4500,528300
20210331,10:19,386.75,386.75,381.65,386.00,3075,528300
20210331,10:20,386.40,387.20,383.00,387.20,1650,530175
20210331,10:21,387.20,387.20,379.20,379.20,3450,530175
20210331,10:22,381.50,381.50,378.20,380.85,3225,530175
20210331,10:23,380.30,385.00,379.50,382.55,3525,534825
20210331,10:24,383.20,383.20,380.20,380.90,3300,534825
20210331,10:25,380.95,381.25,376.40,376.40,5550,534825
20210331,10:26,380.00,389.30,380.00,389.30,2025,538425
20210331,10:27,387.15,388.00,384.65,387.30,3150,538425
20210331,10:28,386.20,389.40,386.20,387.65,1050,538425
20210331,10:29,388.30,388.30,385.75,388.05,2700,540975
20210331,10:30,387.85,387.85,382.80,386.00,1800,540975
20210331,10:31,382.60,384.00,382.05,383.15,2025,540975
20210331,10:32,383.50,385.90,383.50,385.60,1425,543075
20210331,10:33,386.40,386.40,383.60,383.65,900,543075
20210331,10:34,387.15,390.00,386.05,387.85,975,543075
20210331,10:35,387.90,387.90,384.10,384.10,2550,543600
20210331,10:36,384.80,384.80,381.60,381.80,3450,543600
20210331,10:37,380.95,380.95,370.00,373.10,7200,543600
20210331,10:38,373.00,377.20,372.70,377.20,750,548850
20210331,10:39,376.05,376.05,373.20,373.95,2100,548850
20210331,10:40,372.50,372.50,364.55,369.85,6450,548850
20210331,10:41,369.65,375.40,369.65,374.00,2250,553425
20210331,10:42,373.40,375.00,371.80,373.35,1125,553425
20210331,10:43,372.95,377.05,372.95,377.05,1125,553425
20210331,10:44,377.40,377.40,374.10,377.20,1125,554100
20210331,10:45,375.35,375.35,372.90,372.90,1275,554100
20210331,10:46,374.75,374.75,371.10,373.95,2625,554100
20210331,10:47,374.15,375.15,372.05,374.90,2925,556950
20210331,10:48,375.00,379.00,375.00,379.00,1875,556950
20210331,10:49,378.75,383.05,378.75,382.75,1275,556950
20210331,10:50,383.20,386.70,382.05,386.70,6600,559650
20210331,10:51,386.30,388.00,382.00,382.00,1500,559650
20210331,10:52,380.00,380.00,377.50,379.85,1050,559650
20210331,10:53,379.00,379.00,376.90,378.10,1350,559050
20210331,10:54,376.80,378.20,373.70,376.10,1125,559050
20210331,10:55,375.90,379.15,375.90,379.15,900,559050
20210331,10:56,378.40,380.65,378.40,380.20,1500,557400
20210331,10:57,379.25,381.80,378.45,378.45,1575,557400
20210331,10:58,378.15,378.15,375.15,377.20,1425,557400
20210331,10:59,376.65,378.60,376.00,378.60,2325,555600
20210331,11:00,379.80,379.80,375.00,376.15,2250,555600
20210331,11:01,374.85,377.50,372.50,377.15,2625,555600
20210331,11:02,377.15,381.35,377.10,381.35,2775,555225
20210331,11:03,381.90,382.50,381.90,382.50,450,555225
20210331,11:04,382.50,385.05,381.70,382.45,3225,555225
20210331,11:05,381.10,385.25,381.10,384.50,3825,555450
20210331,11:06,385.00,388.75,385.00,386.25,1500,555450
20210331,11:07,387.75,387.90,385.50,385.50,375,555450
20210331,11:08,386.10,390.95,386.05,389.40,2925,555450
20210331,11:09,388.60,389.35,385.00,385.00,1125,554250
20210331,11:10,385.00,386.00,382.20,383.05,900,554250
20210331,11:11,382.35,385.00,381.50,383.05,1950,553050
20210331,11:12,385.55,387.25,384.80,385.20,1800,553050
20210331,11:13,387.25,390.00,387.25,390.00,975,553050
20210331,11:14,388.75,388.75,386.25,388.75,825,553050
20210331,11:15,389.20,393.40,388.85,393.00,2700,552900
20210331,11:16,393.00,395.05,391.70,394.00,3300,552900
20210331,11:17,393.00,393.00,390.65,392.00,1200,552900
20210331,11:18,391.15,391.15,387.80,389.25,1275,553725
20210331,11:19,390.35,390.35,388.95,388.95,975,553725
20210331,11:20,386.10,386.50,386.00,386.50,450,553350
20210331,11:21,383.30,384.45,380.00,380.00,900,553350
20210331,11:22,383.00,383.25,382.70,382.75,825,553350
20210331,11:23,384.30,385.00,383.25,383.75,3525,552075
20210331,11:24,383.45,384.60,383.45,384.00,1275,552075
20210331,11:25,382.00,382.00,382.00,382.00,150,552075
20210331,11:26,381.30,383.95,381.30,383.00,600,552075
20210331,11:27,384.05,387.95,384.05,387.05,1425,552300
20210331,11:28,387.05,387.95,387.05,387.05,225,552300
20210331,11:29,383.20,383.20,383.20,383.20,150,552300
20210331,11:30,384.15,384.60,379.50,381.65,1425,552675
20210331,11:31,380.85,381.75,376.90,376.90,2550,552675
20210331,11:32,375.90,376.60,373.70,375.75,2250,552675
20210331,11:33,377.35,377.55,375.20,377.55,825,551175
20210331,11:34,375.25,379.20,375.25,378.15,1500,551175
20210331,11:35,378.65,379.15,376.65,376.90,3000,551175
20210331,11:36,377.40,377.75,376.65,377.75,675,553950
20210331,11:37,377.65,380.40,376.85,380.40,975,553950
20210331,11:38,379.65,380.50,377.00,377.40,1350,553950
20210331,11:39,376.85,376.85,372.70,373.00,4350,555225
20210331,11:40,372.55,374.00,371.05,373.95,2100,555225
20210331,11:41,372.95,376.00,372.95,376.00,1800,555225
20210331,11:42,375.00,377.40,375.00,376.25,1725,560400
20210331,11:43,377.00,383.00,375.95,381.70,1800,560400
20210331,11:44,380.85,382.40,380.70,380.95,1275,560400
20210331,11:45,383.00,384.95,380.70,384.95,2325,562650
20210331,11:46,381.75,383.80,381.00,381.00,825,562650
20210331,11:47,382.00,382.00,380.90,380.90,300,562650
20210331,11:48,381.35,381.35,380.45,380.45,1050,576825
20210331,11:49,380.45,380.45,377.95,377.95,1050,576825
20210331,11:50,377.95,380.20,377.50,380.20,1875,576825
20210331,11:51,380.30,382.80,380.30,382.80,2325,577800
20210331,11:52,380.40,381.90,380.40,381.90,525,577800
20210331,11:53,377.50,380.10,377.50,380.10,150,577800
20210331,11:54,382.00,382.00,379.70,379.70,1500,578325
20210331,11:55,379.00,379.95,377.75,379.60,525,578325
20210331,11:56,377.90,378.55,377.00,377.70,2400,578325
20210331,11:57,376.10,376.50,375.85,376.30,1425,579825
20210331,11:58,376.95,376.95,372.20,375.00,1125,579825
20210331,11:59,375.10,379.00,375.10,379.00,375,579825
20210331,12:00,379.35,379.35,375.90,375.90,525,579525
20210331,12:01,376.15,378.90,376.10,378.40,900,579525
20210331,12:02,378.40,386.40,377.55,386.40,3525,579525
20210331,12:03,383.00,386.80,383.00,386.80,6825,582600
20210331,12:04,384.55,386.00,382.60,384.10,1650,582600
20210331,12:05,383.00,383.95,381.75,383.95,900,582600
20210331,12:06,383.00,383.95,380.35,380.35,1350,581925
20210331,12:07,379.75,380.30,379.75,380.30,600,581925
20210331,12:08,380.15,383.50,380.15,383.50,375,581925
20210331,12:09,381.85,381.85,380.90,380.90,825,582525
20210331,12:10,381.00,382.05,378.40,379.50,3150,582525
20210331,12:11,379.20,380.90,378.60,380.45,1050,582525
20210331,12:12,380.60,382.80,380.60,381.00,750,585825
20210331,12:13,381.00,386.95,380.25,386.95,1275,585825
20210331,12:14,384.05,385.05,383.25,383.70,975,585825
20210331,12:15,382.00,383.30,380.75,381.55,1575,585825
20210331,12:16,381.65,382.85,381.15,382.85,825,585825
20210331,12:17,382.85,384.70,379.55,384.70,2025,585825
20210331,12:18,384.90,389.95,384.90,385.40,3900,587475
20210331,12:19,385.40,389.60,385.40,386.70,3375,587475
20210331,12:20,388.65,390.30,385.85,386.15,1575,587475
20210331,12:21,388.75,389.15,385.55,385.55,900,589800
20210331,12:22,384.20,384.60,383.00,384.60,600,589800
20210331,12:23,384.00,384.90,384.00,384.55,1800,589800
20210331,12:24,386.00,386.00,382.60,383.50,3375,589350
20210331,12:25,383.50,385.10,381.70,385.10,1500,589350
20210331,12:26,384.05,384.85,384.05,384.35,375,589350
20210331,12:27,384.40,384.40,382.80,383.00,2175,590775
20210331,12:28,382.75,382.75,380.20,380.45,1500,590775
20210331,12:29,380.80,380.80,377.00,378.60,2100,590775
20210331,12:30,379.25,380.25,379.25,380.25,300,591975
20210331,12:31,379.50,379.50,379.50,379.50,300,591975
20210331,12:32,379.35,382.45,379.35,382.45,750,591975
20210331,12:33,382.50,384.90,382.50,382.80,750,592800
20210331,12:34,383.75,386.50,382.50,385.50,1125,592800
20210331,12:35,385.70,385.70,382.65,384.45,5250,592800
20210331,12:36,383.40,384.25,381.00,383.10,5550,596400
20210331,12:37,383.20,388.75,383.20,387.85,7275,596400
20210331,12:38,389.45,390.00,386.70,390.00,1425,596400
20210331,12:39,388.45,389.60,387.75,387.75,2175,602025
20210331,12:40,387.90,388.15,386.35,386.35,675,602025
20210331,12:41,388.00,389.00,388.00,389.00,150,602025
20210331,12:42,389.95,390.00,387.80,388.50,900,601575
20210331,12:43,389.10,393.55,389.10,392.00,2100,601575
20210331,12:44,392.15,392.35,390.65,390.65,750,601575
20210331,12:45,391.65,396.25,391.65,393.00,4950,600300
20210331,12:46,391.55,391.95,388.00,388.70,6225,600300
20210331,12:47,388.70,390.00,388.00,390.00,975,600300
20210331,12:48,390.00,391.00,388.05,389.90,1275,598725
20210331,12:49,390.20,390.20,388.95,388.95,675,598725
20210331,12:50,389.50,389.50,385.65,386.20,2550,598725
20210331,12:51,385.80,386.25,385.35,385.35,825,600375
20210331,12:52,384.55,385.15,384.55,385.15,450,600375
20210331,12:53,387.90,387.90,383.40,383.40,1875,600375
20210331,12:54,385.00,386.60,385.00,386.60,675,602550
20210331,12:55,385.50,385.50,384.40,384.40,675,602550
20210331,12:56,382.00,383.30,382.00,383.30,375,602550
20210331,12:57,381.50,383.00,381.35,382.00,1425,601800
20210331,12:58,381.35,384.80,381.35,384.75,525,601800
20210331,12:59,384.70,387.15,384.70,385.75,1200,601800
20210331,13:00,385.00,385.00,381.50,381.50,675,601575
20210331,13:02,385.30,385.30,381.45,381.85,1275,601575
20210331,13:03,381.45,389.25,381.45,388.85,1875,600750
20210331,13:04,389.65,402.75,389.15,401.10,10800,600750
20210331,13:05,401.90,413.40,401.90,403.60,17250,600750
20210331,13:06,404.60,404.60,398.40,398.40,5100,596850
20210331,13:07,399.00,401.15,398.50,398.95,1725,596850
20210331,13:08,398.20,398.40,394.95,394.95,675,596850
20210331,13:10,397.45,397.45,396.55,396.75,975,596925
20210331,13:11,397.00,397.40,392.90,392.90,1050,596925
20210331,13:12,392.80,393.40,389.55,390.95,2475,598425
20210331,13:13,390.65,390.95,388.05,388.05,1800,598425
20210331,13:14,388.00,388.00,385.00,388.00,675,598425
20210331,13:15,388.55,388.55,383.40,383.40,900,600975
20210331,13:16,384.20,385.45,367.00,368.00,9375,600975
20210331,13:17,368.00,373.15,368.00,371.15,3150,600975
20210331,13:18,371.65,372.00,350.05,361.40,9675,607500
20210331,13:19,361.45,362.55,358.50,361.35,2100,607500
20210331,13:20,359.00,360.95,343.50,357.65,16500,607500
20210331,13:21,358.05,362.00,357.55,361.45,4125,609450
20210331,13:22,358.65,365.85,358.10,365.50,5700,609450
20210331,13:23,365.80,366.15,360.80,363.40,2175,609450
20210331,13:24,365.00,367.00,363.90,366.00,3750,611325
20210331,13:25,365.95,369.00,364.90,364.90,2400,611325
20210331,13:26,365.60,368.00,363.90,368.00,1950,611325
20210331,13:27,367.75,371.40,366.95,369.05,3000,612375
20210331,13:28,369.50,369.50,364.00,364.00,1575,612375
20210331,13:29,363.00,363.00,357.95,359.45,4650,612375
20210331,13:30,360.30,365.00,355.90,363.20,3975,617775
20210331,13:31,360.95,362.60,360.95,362.60,525,617775
20210331,13:32,365.00,367.40,364.55,367.15,825,617775
20210331,13:33,367.85,369.85,367.10,369.85,2775,619275
20210331,13:34,370.00,371.90,369.05,371.05,2475,619275
20210331,13:35,372.00,373.35,371.50,371.80,1350,619275
20210331,13:36,373.50,374.15,369.35,369.75,2400,618375
20210331,13:37,369.65,371.20,369.45,371.20,675,618375
20210331,13:38,372.00,372.20,365.40,365.40,6750,618375
20210331,13:39,366.15,369.00,364.75,369.00,1200,618375
20210331,13:40,368.35,371.15,368.35,371.05,2400,614325
20210331,13:41,370.15,372.00,368.65,368.90,1725,614325
20210331,13:42,369.00,369.60,365.00,365.00,1650,614475
20210331,13:43,367.20,372.00,367.20,372.00,525,614475
20210331,13:44,373.05,378.10,373.05,374.50,4125,614475
20210331,13:45,373.80,373.80,368.00,368.00,4725,616725
20210331,13:46,368.50,368.65,362.40,364.85,7125,616725
20210331,13:47,364.95,367.50,362.95,364.05,2250,616725
20210331,13:48,364.10,366.20,363.50,365.90,2775,622575
20210331,13:49,365.90,365.90,360.95,361.35,6675,622575
20210331,13:50,362.55,364.45,362.35,364.20,1425,622575
20210331,13:51,363.05,365.15,362.45,365.05,675,627600
20210331,13:52,364.75,368.45,363.70,367.05,1725,627600
20210331,13:53,367.30,372.85,367.30,372.85,2775,627600
20210331,13:54,372.85,374.95,372.65,374.75,1500,628050
20210331,13:55,375.00,378.00,375.00,375.05,3975,628050
20210331,13:56,375.15,375.15,368.45,368.45,2325,628050
20210331,13:57,369.60,374.00,369.60,373.60,750,624150
20210331,13:58,374.10,375.00,372.90,372.90,1125,624150
20210331,13:59,375.20,378.00,375.20,378.00,1875,624150
20210331,14:00,378.10,379.00,376.00,377.90,1725,623325
20210331,14:01,380.45,381.70,378.35,378.35,2850,623325
20210331,14:02,376.35,377.00,373.20,373.20,1350,623325
20210331,14:03,374.00,378.60,374.00,378.60,1950,621450
20210331,14:04,378.05,378.40,377.65,378.10,825,621450
20210331,14:05,380.00,380.00,374.75,374.75,2025,621450
20210331,14:06,375.00,375.15,373.60,374.25,975,622275
20210331,14:07,374.25,375.00,373.40,374.35,825,622275
20210331,14:08,373.85,373.85,372.10,372.10,1125,622275
20210331,14:09,371.50,382.85,371.50,382.00,2250,622050
20210331,14:10,383.50,387.80,383.00,383.00,5100,622050
20210331,14:11,382.95,383.35,381.05,381.35,1500,622050
20210331,14:12,382.70,385.00,382.50,384.25,3000,620175
20210331,14:13,385.00,385.60,383.50,384.50,1650,620175
20210331,14:14,385.30,387.50,383.85,387.50,1950,620175
20210331,14:15,387.00,392.00,387.00,390.00,2625,618750
20210331,14:16,390.05,394.00,388.90,391.70,1425,618750
20210331,14:17,391.00,391.10,388.70,389.10,1125,618750
20210331,14:18,388.00,388.50,383.55,383.55,2025,619125
20210331,14:19,383.10,383.95,380.50,383.20,1125,619125
20210331,14:20,384.70,385.00,383.20,383.20,375,619125
20210331,14:21,381.00,381.00,377.55,379.15,1125,619050
20210331,14:22,379.95,382.55,379.95,382.55,975,619050
20210331,14:23,381.90,381.90,376.00,377.05,3300,619050
20210331,14:24,374.90,378.25,374.55,378.00,1050,618975
20210331,14:25,378.00,379.35,375.85,377.35,1575,618975
20210331,14:26,377.95,378.50,375.10,375.20,1575,618975
20210331,14:27,375.00,375.50,373.75,374.90,1875,619425
20210331,14:28,374.95,374.95,372.70,374.30,1425,619425
20210331,14:29,373.10,373.10,366.25,368.80,3075,619425
20210331,14:30,366.80,368.25,363.00,367.00,2400,621375
20210331,14:31,366.30,369.45,364.40,365.00,1500,621375
20210331,14:32,365.85,368.45,365.85,368.45,975,621375
20210331,14:33,369.60,371.10,367.90,371.10,1125,622875
20210331,14:34,371.25,374.15,370.00,371.40,3300,622875
20210331,14:35,371.70,376.00,371.40,375.95,1800,622875
20210331,14:36,373.30,375.95,373.00,374.35,1350,625200
20210331,14:37,373.00,373.95,370.70,371.55,1725,625200
20210331,14:38,370.95,371.75,367.80,369.25,2700,625200
20210331,14:39,367.15,367.15,362.90,362.90,3075,627600
20210331,14:40,362.45,369.60,362.45,369.60,2850,627600
20210331,14:41,369.00,372.25,369.00,370.65,1875,627600
20210331,14:42,372.10,372.10,369.85,370.45,2025,627600
20210331,14:43,370.55,370.80,368.00,369.70,2250,629775
20210331,14:44,369.70,373.00,369.70,373.00,1875,629775
20210331,14:45,372.55,373.00,370.85,373.00,1575,629775
20210331,14:46,375.00,378.20,372.80,373.15,2550,630600
20210331,14:47,372.15,374.00,370.15,374.00,900,630600
20210331,14:48,374.80,375.65,373.70,373.70,675,630600
20210331,14:49,373.00,373.20,370.85,372.30,3375,629100
20210331,14:50,373.20,376.50,372.85,376.50,1725,629100
20210331,14:51,375.25,376.70,374.80,376.40,2475,629100
20210331,14:52,377.00,378.40,375.75,377.65,2700,631125
20210331,14:53,378.80,381.40,376.75,378.45,5175,631125
20210331,14:54,379.70,382.80,379.70,380.15,2625,631125
20210331,14:55,379.45,380.00,375.35,375.35,1050,630900
20210331,14:56,376.50,379.35,376.50,378.25,1125,630900
20210331,14:57,378.40,388.00,378.00,387.95,5475,630900
20210331,14:58,386.65,389.00,384.75,384.75,3900,629925
20210331,14:59,386.10,390.30,385.80,389.10,5175,629925
20210331,15:00,386.85,386.85,369.00,369.00,12600,629925
20210331,15:01,370.50,370.50,360.00,362.50,10650,636300
20210331,15:02,363.30,365.25,357.95,364.10,14475,636300
20210331,15:03,365.80,370.40,364.60,366.05,4575,636300
20210331,15:04,365.85,368.25,364.50,367.85,4875,643275
20210331,15:05,366.35,366.50,363.15,365.10,5400,643275
20210331,15:06,365.00,370.00,363.25,370.00,22875,643275
20210331,15:07,370.00,370.75,368.55,370.60,6450,642150
20210331,15:08,369.75,373.55,369.75,371.45,3450,642150
20210331,15:09,369.90,373.00,367.75,373.00,16875,642150
20210331,15:10,370.20,378.00,370.20,372.35,36375,648600
20210331,15:11,372.30,373.50,368.00,368.00,5325,648600
20210331,15:12,368.10,368.45,362.90,366.50,25875,648600
20210331,15:13,367.10,371.00,366.85,370.20,2850,681450
20210331,15:14,370.00,372.60,370.00,371.60,6000,681450
20210331,15:15,371.95,371.95,366.45,368.50,4275,681450
20210331,15:16,369.65,371.50,367.55,371.00,10050,680400
20210331,15:17,371.00,372.70,369.40,370.35,6300,680400
20210331,15:18,370.75,373.00,370.75,371.95,8850,680400
20210331,15:19,371.00,371.05,367.20,368.00,5625,692400
20210331,15:20,368.50,371.35,368.50,370.55,6075,692400
20210331,15:21,370.50,373.50,368.00,369.60,5100,692400
20210331,15:22,370.00,372.70,370.00,370.15,5850,692025
20210331,15:23,370.20,371.30,369.45,370.50,7500,692025
20210331,15:24,369.65,370.30,368.90,368.90,5100,692025
20210331,15:25,368.95,369.95,368.00,368.20,6900,698700
20210331,15:26,368.40,370.00,368.00,370.00,6525,698700
20210331,15:27,369.85,371.00,369.00,371.00,6375,698700
20210331,15:28,369.35,372.65,369.35,372.00,2550,713925
20210331,15:29,372.00,375.00,372.00,375.00,4200,713925
20210401,09:15,401.00,417.80,396.90,404.80,42301,713325
20210401,09:16,404.40,413.00,404.40,413.00,20475,713325
20210401,09:17,412.35,419.90,412.35,415.85,16050,692025
20210401,09:18,416.60,419.35,415.80,419.35,8100,692025
20210401,09:19,420.00,420.85,417.00,417.10,5550,692025
20210401,09:20,418.35,421.05,410.35,411.95,13650,683700
20210401,09:21,411.00,417.95,411.00,416.05,3300,683700
20210401,09:22,420.00,423.00,419.00,421.40,5175,683700
20210401,09:23,420.65,421.55,417.30,417.30,4950,678975
20210401,09:24,419.15,421.45,415.40,418.55,3750,678975
20210401,09:25,419.85,421.65,416.80,419.00,9900,678975
20210401,09:26,418.85,418.85,412.00,413.80,3900,687525
20210401,09:27,412.25,412.25,408.00,408.00,1950,687525
20210401,09:28,409.70,411.70,408.85,408.85,2325,687525
20210401,09:29,406.90,412.05,406.90,412.00,3900,685950
20210401,09:30,413.30,415.20,411.25,411.45,2325,685950
20210401,09:31,412.25,414.05,411.50,411.50,2550,685950
20210401,09:32,411.15,411.40,408.40,410.05,2100,684900
20210401,09:33,411.35,413.20,410.15,413.00,2325,684900
20210401,09:34,413.20,414.65,408.85,410.10,5475,684900
20210401,09:35,410.30,412.60,410.10,410.20,1425,681750
20210401,09:36,409.70,409.70,401.50,401.50,2100,681750
20210401,09:37,402.15,403.70,401.25,403.70,3000,681750
20210401,09:38,404.85,405.20,404.05,404.85,3225,683625
20210401,09:39,404.00,404.00,399.55,402.00,12825,683625
20210401,09:40,400.20,400.75,399.20,400.25,2700,683625
20210401,09:41,400.25,400.25,396.55,398.70,2625,690075
20210401,09:42,396.85,398.40,395.55,396.30,2775,690075
20210401,09:43,398.00,401.50,398.00,401.50,975,690075
20210401,09:44,401.80,403.70,401.05,403.00,1950,690600
20210401,09:45,403.00,404.75,402.55,402.90,4425,690600
20210401,09:46,402.55,405.25,401.30,403.70,4050,690600
20210401,09:47,404.60,404.60,398.00,398.10,2250,688350
20210401,09:48,397.25,398.00,394.70,398.00,1425,688350
20210401,09:49,398.00,404.60,398.00,403.45,1950,688350
20210401,09:50,404.85,408.55,403.70,407.60,3900,687075
20210401,09:51,407.00,408.90,406.00,407.95,2850,687075
20210401,09:52,408.40,408.40,406.05,408.20,1800,687075
20210401,09:53,407.65,407.75,405.05,405.05,600,687450
20210401,09:54,404.00,404.15,397.30,400.50,8250,687450
20210401,09:55,401.80,401.80,401.00,401.65,975,687450
20210401,09:56,402.10,405.35,402.10,405.35,225,685350
20210401,09:57,405.90,407.70,405.80,405.80,675,685350
20210401,09:58,406.75,408.35,405.70,408.35,900,685350
20210401,09:59,407.95,410.90,406.50,409.70,1875,684975
20210401,10:00,408.80,410.45,407.00,409.10,1425,684975
20210401,10:01,410.00,412.00,410.00,412.00,1200,684975
20210401,10:02,411.25,412.55,407.80,408.60,1125,684750
20210401,10:03,407.45,408.60,405.30,406.55,1125,684750
20210401,10:04,406.45,408.40,406.45,408.40,225,684750
20210401,10:05,406.85,406.85,405.55,406.30,600,684525
20210401,10:06,409.90,409.90,408.95,408.95,300,684525
20210401,10:07,407.25,408.70,407.25,408.60,300,684525
20210401,10:08,408.40,408.40,408.40,408.40,75,685050
20210401,10:09,407.60,409.00,407.60,408.30,1050,685050
20210401,10:10,405.15,405.15,404.00,404.85,1275,685050
20210401,10:11,405.85,407.45,405.85,406.55,1800,685575
20210401,10:12,406.30,406.30,405.45,405.45,300,685575
20210401,10:13,405.35,405.35,403.20,403.95,975,685575
20210401,10:14,403.00,403.00,400.60,402.15,1125,685800
20210401,10:15,400.50,404.55,400.50,404.35,1500,685800
20210401,10:16,404.50,404.80,404.00,404.00,975,685800
20210401,10:17,403.30,404.50,402.70,404.10,1575,685125
20210401,10:18,404.10,408.95,404.10,405.35,5550,685125
20210401,10:19,405.45,405.45,401.25,401.85,825,685125
20210401,10:20,400.50,403.00,400.00,400.00,2325,682725
20210401,10:21,400.00,402.25,400.00,400.85,4350,682725
20210401,10:22,398.00,398.00,398.00,398.00,75,682725
20210401,10:23,400.00,401.05,400.00,401.05,450,684075
20210401,10:24,401.05,403.00,399.15,399.15,1875,684075
20210401,10:25,398.55,398.55,397.75,397.75,450,684075
20210401,10:26,394.40,400.20,393.70,399.20,1425,685275
20210401,10:27,399.00,399.75,398.80,399.75,525,685275
20210401,10:28,398.10,398.40,394.15,394.95,1575,685275
20210401,10:29,393.00,393.75,392.40,393.60,2250,685275
20210401,10:30,390.40,390.40,385.90,388.55,4875,685275
20210401,10:31,388.50,390.75,386.75,390.75,1200,685275
20210401,10:32,392.30,392.40,390.55,391.50,1050,685500
20210401,10:33,392.30,393.00,391.70,393.00,450,685500
20210401,10:34,393.75,394.15,391.45,394.15,1725,685500
20210401,10:35,392.10,394.45,392.05,394.00,1050,686100
20210401,10:36,393.05,394.00,388.50,389.50,2100,686100
20210401,10:37,388.00,388.35,386.25,388.20,975,686100
20210401,10:38,389.00,390.90,388.55,390.90,825,686775
20210401,10:39,390.40,390.40,388.70,388.70,675,686775
20210401,10:40,388.10,388.10,382.00,386.60,3225,686775
20210401,10:41,390.20,390.20,389.55,390.00,600,686775
20210401,10:42,387.20,388.25,385.70,387.35,2850,687225
20210401,10:43,387.65,387.65,383.90,383.90,2175,687225
20210401,10:44,384.60,386.25,384.40,385.55,525,689400
20210401,10:45,385.20,385.20,380.50,382.80,2100,689400
20210401,10:46,383.30,383.30,374.00,376.40,4425,689400
20210401,10:47,378.05,380.20,378.05,379.00,1575,690525
20210401,10:48,378.00,378.00,375.50,375.95,2250,690525
20210401,10:49,376.85,377.60,374.25,374.25,750,690525
20210401,10:50,373.20,380.00,373.20,377.65,5175,690375
20210401,10:51,380.00,380.00,377.65,379.00,1350,690375
20210401,10:52,377.75,380.50,377.75,379.35,1950,690375
20210401,10:53,379.45,379.45,374.40,375.75,3150,691725
20210401,10:54,373.40,374.75,369.50,373.55,3075,691725
20210401,10:55,372.05,375.50,369.90,369.90,3450,691725
20210401,10:56,367.80,367.80,361.20,363.00,5850,692850
20210401,10:57,361.75,366.20,360.40,366.20,4500,692850
20210401,10:58,366.50,369.90,366.05,369.90,1875,692850
20210401,10:59,370.65,373.30,368.50,369.10,3150,693825
20210401,11:00,369.60,369.60,365.85,366.00,750,693825
20210401,11:01,365.85,365.85,359.35,361.90,4425,693825
20210401,11:02,363.05,366.00,363.05,366.00,525,693825
20210401,11:03,366.00,369.00,366.00,369.00,1275,694950
20210401,11:04,368.20,371.70,368.00,370.55,900,694950
20210401,11:05,367.75,370.35,367.75,368.10,675,695550
20210401,11:06,368.40,372.50,366.95,372.00,10050,695550
20210401,11:07,372.00,372.75,371.10,372.00,1875,695550
20210401,11:08,371.40,373.90,370.05,373.00,1425,689025
20210401,11:09,370.30,373.30,370.30,372.95,1275,689025
20210401,11:10,372.75,373.45,370.25,370.40,1800,689025
20210401,11:11,373.35,374.25,372.15,374.25,3675,690000
20210401,11:12,372.70,375.95,372.35,375.00,825,690000
20210401,11:13,375.50,379.90,375.50,378.35,1800,690000
20210401,11:14,378.00,380.00,377.20,380.00,1125,690000
20210401,11:15,380.00,382.20,379.30,379.30,1425,690000
20210401,11:16,380.00,380.00,377.20,377.20,900,690000
20210401,11:17,375.05,377.05,375.05,376.30,1800,689625
20210401,11:18,375.65,375.65,373.00,373.00,750,689625
20210401,11:19,375.00,375.00,375.00,375.00,75,689625
20210401,11:20,376.65,376.80,376.65,376.80,375,689625
20210401,11:21,376.80,378.75,375.35,375.35,1500,689250
20210401,11:22,375.00,375.00,370.70,372.55,675,689250
20210401,11:23,373.05,373.05,373.05,373.05,75,689250
20210401,11:24,373.05,374.25,372.90,374.00,600,689175
20210401,11:25,373.40,373.90,372.90,373.45,525,689175
20210401,11:26,372.75,373.60,372.60,372.75,525,689925
20210401,11:27,373.00,373.00,370.25,370.35,6000,689925
20210401,11:28,370.00,370.65,368.75,369.85,1650,689925
20210401,11:29,372.90,372.90,371.40,372.00,675,688650
20210401,11:30,372.60,373.10,370.05,373.10,975,688650
20210401,11:31,375.10,375.10,375.10,375.10,225,688650
20210401,11:32,375.10,375.10,371.60,371.60,1050,688650
20210401,11:33,372.70,372.70,372.70,372.70,75,687900
20210401,11:34,373.25,374.10,373.25,374.10,150,687900
20210401,11:35,371.60,371.60,370.60,370.60,300,687900
20210401,11:36,372.35,374.00,372.35,373.85,675,687825
20210401,11:37,375.75,378.00,375.75,378.00,1725,687825
20210401,11:38,375.30,375.65,373.00,373.00,450,687825
20210401,11:39,373.00,374.95,373.00,374.95,2175,688275
20210401,11:40,375.00,375.30,374.10,375.30,225,688275
20210401,11:41,374.50,376.00,373.45,373.45,750,688275
20210401,11:42,373.45,376.00,372.70,374.00,2325,688575
20210401,11:43,373.25,375.10,373.00,374.30,1500,688575
20210401,11:44,374.85,374.85,374.00,374.00,225,688575
20210401,11:45,375.00,377.00,375.00,377.00,3375,688875
20210401,11:46,374.60,374.60,374.60,374.60,75,688875
20210401,11:47,375.00,376.00,373.50,376.00,3225,688875
20210401,11:48,375.00,375.00,372.50,373.00,1125,686625
20210401,11:49,373.50,374.60,373.50,374.00,1050,686625
20210401,11:50,374.85,375.55,374.50,374.50,2325,686400
20210401,11:51,374.50,374.50,373.55,373.95,2550,686400
20210401,11:52,374.00,387.45,374.00,387.45,22350,686400
20210401,11:53,386.00,386.65,383.50,385.05,3600,694650
20210401,11:54,386.15,386.65,384.70,385.70,1200,694650
20210401,11:55,387.00,390.00,386.30,387.35,5550,694650
20210401,11:56,387.00,387.00,384.20,384.20,1125,692475
20210401,11:57,385.20,385.95,380.15,380.15,825,692475
20210401,11:58,380.00,381.75,379.80,381.40,900,692475
20210401,11:59,382.00,383.00,382.00,383.00,750,692475
20210401,12:00,382.60,384.10,382.60,382.85,1275,691875
20210401,12:01,381.20,381.20,378.75,378.75,3300,691875
20210401,12:02,379.15,385.60,379.15,385.50,2925,692100
20210401,12:03,385.45,385.85,383.05,384.35,8925,692100
20210401,12:04,384.75,385.60,383.15,385.50,3525,692100
20210401,12:05,385.55,387.75,385.55,386.00,6750,701025
20210401,12:06,386.00,387.95,386.00,387.50,1725,701025
20210401,12:07,386.75,388.30,386.00,388.05,1125,701025
20210401,12:08,388.00,393.00,388.00,391.65,3000,701700
20210401,12:09,392.90,393.95,391.65,393.60,2625,701700
20210401,12:10,388.70,391.75,388.70,390.90,1275,701700
20210401,12:11,388.90,390.20,388.90,390.20,525,701700
20210401,12:12,391.00,396.95,391.00,393.50,7350,701625
20210401,12:13,395.55,395.55,391.20,391.20,600,701625
20210401,12:14,391.10,392.10,389.55,390.90,2100,699375
20210401,12:15,391.00,393.10,390.35,390.35,1500,699375
20210401,12:16,392.00,392.10,388.80,389.90,900,699375
20210401,12:17,391.45,392.00,389.70,391.15,825,698250
20210401,12:18,390.75,391.60,390.75,391.60,450,698250
20210401,12:19,392.65,392.65,388.85,388.85,1425,698250
20210401,12:20,388.50,390.00,388.15,389.30,1125,698250
20210401,12:21,388.50,388.50,384.50,384.55,2100,697800
20210401,12:22,382.05,382.05,378.40,378.40,1800,697800
20210401,12:23,379.05,383.65,379.00,383.65,1500,697800
20210401,12:24,381.00,384.00,381.00,383.00,1125,699225
20210401,12:25,383.95,383.95,381.40,381.40,600,699225
20210401,12:26,381.40,381.40,379.00,379.00,675,699225
20210401,12:27,380.00,381.55,379.30,381.55,375,698925
20210401,12:28,385.00,385.50,384.85,385.50,225,698925
20210401,12:29,386.45,387.25,386.00,386.40,825,698925
20210401,12:30,386.00,386.75,384.00,384.90,1650,698850
20210401,12:31,388.20,389.80,386.60,386.60,1350,698850
20210401,12:32,389.90,389.90,387.95,388.25,300,698850
20210401,12:33,387.00,387.00,386.45,386.45,675,697950
20210401,12:34,385.85,391.60,384.35,386.35,2700,697950
20210401,12:35,387.15,388.80,387.00,387.00,300,697950
20210401,12:36,386.95,386.95,385.00,386.05,300,697125
20210401,12:37,384.65,384.70,383.65,383.65,1950,697125
20210401,12:38,385.40,385.95,385.40,385.95,150,697125
20210401,12:39,384.70,387.00,384.70,387.00,750,697050
20210401,12:40,383.00,383.55,382.30,383.55,1125,697050
20210401,12:41,385.05,386.25,385.00,385.00,525,697050
20210401,12:42,384.65,385.45,383.55,385.45,1275,697125
20210401,12:43,386.10,386.10,383.85,384.85,4050,697125
20210401,12:44,386.50,388.65,386.45,388.65,1725,697125
20210401,12:45,389.80,393.10,387.15,387.15,2400,695775
20210401,12:46,384.40,384.40,380.00,384.10,2700,695775
20210401,12:47,381.25,384.00,381.25,383.15,4050,695775
20210401,12:48,383.15,385.55,382.65,385.25,3450,696375
20210401,12:49,384.75,385.05,383.00,384.65,3225,696375
20210401,12:50,386.10,386.35,384.50,385.55,1875,696375
20210401,12:51,388.25,390.10,387.75,389.00,2625,696450
20210401,12:52,388.35,391.50,388.35,389.85,4125,696450
20210401,12:53,390.35,392.80,389.10,392.30,5175,696450
20210401,12:54,391.95,395.70,391.50,395.70,3900,693750
20210401,12:55,396.40,397.75,393.90,396.85,8250,693750
20210401,12:56,396.40,401.95,396.40,400.75,7575,693750
20210401,12:57,402.65,402.65,399.10,400.90,3150,694275
20210401,12:58,401.00,405.40,401.00,403.40,5250,694275
20210401,12:59,403.65,404.20,400.70,401.30,6750,694275
20210401,13:00,400.70,407.95,400.70,404.00,3975,689025
20210401,13:01,404.00,404.95,402.25,402.65,975,689025
20210401,13:02,402.65,403.10,398.60,399.55,4125,689025
20210401,13:03,399.95,400.65,397.45,398.90,5925,685875
20210401,13:04,400.55,405.00,400.55,404.35,2175,685875
20210401,13:05,404.10,406.00,402.35,403.25,4800,685875
20210401,13:06,402.50,402.50,400.90,401.90,900,683100
20210401,13:07,403.05,407.95,402.20,407.95,1650,683100
20210401,13:08,408.50,408.50,405.65,405.65,2475,683100
20210401,13:09,406.05,409.00,405.70,407.55,2400,681525
20210401,13:10,407.55,407.90,407.00,407.90,525,681525
20210401,13:11,407.00,407.05,406.60,406.70,750,681525
20210401,13:12,405.30,409.45,405.30,405.70,2700,680850
20210401,13:13,406.70,406.90,404.15,406.75,2400,680850
20210401,13:14,406.35,422.00,405.90,418.05,14400,680850
20210401,13:15,420.45,435.00,419.90,432.25,19800,678825
20210401,13:16,434.00,437.50,431.50,436.75,15975,678825
20210401,13:17,438.00,439.00,432.00,435.00,2775,678825
20210401,13:18,434.50,436.80,433.00,435.95,3150,671625
20210401,13:19,436.40,439.00,436.40,437.10,2100,671625
20210401,13:20,437.50,437.50,433.80,434.00,2475,671625
20210401,13:21,435.00,437.00,431.50,435.45,3675,668250
20210401,13:22,437.00,444.60,437.00,444.60,3300,668250
20210401,13:23,444.00,446.00,444.00,445.00,3000,668250
20210401,13:24,444.00,446.60,443.20,443.50,3975,667800
20210401,13:25,443.40,450.45,443.40,448.35,4575,667800
20210401,13:26,448.10,449.00,447.10,449.00,5925,667800
20210401,13:27,449.00,452.60,448.35,450.20,7875,663150
20210401,13:28,453.55,453.55,449.00,449.00,1275,663150
20210401,13:29,447.30,448.25,445.15,445.15,3000,663150
20210401,13:30,445.50,445.50,435.40,436.50,4650,659925
20210401,13:31,431.85,434.65,431.85,433.70,1125,659925
20210401,13:32,435.50,438.65,433.85,438.65,600,659925
20210401,13:33,438.90,439.45,435.05,435.05,975,659775
20210401,13:34,436.20,437.20,435.20,435.50,1200,659775
20210401,13:35,435.00,437.20,434.10,436.65,2850,659775
20210401,13:36,436.45,436.60,436.45,436.60,525,659775
20210401,13:37,440.00,442.00,440.00,440.50,1800,659100
20210401,13:38,441.30,442.00,439.65,440.00,2400,659100
20210401,13:39,439.05,440.60,437.55,440.35,2475,657750
20210401,13:40,440.80,450.90,440.80,450.90,1725,657750
20210401,13:41,450.45,451.10,448.50,449.30,1125,657750
20210401,13:42,450.50,450.50,445.00,445.00,375,657450
20210401,13:43,445.05,445.35,444.50,444.50,450,657450
20210401,13:44,445.85,446.00,443.65,443.65,1725,657450
20210401,13:45,443.70,447.05,443.50,446.40,1650,657525
20210401,13:46,446.30,446.30,441.25,442.10,6300,657525
20210401,13:47,444.10,444.65,443.80,444.65,3750,657525
20210401,13:48,443.80,445.95,443.05,445.95,450,656100
20210401,13:49,445.15,447.00,444.40,446.30,1200,656100
20210401,13:50,444.65,444.65,441.20,441.20,975,656100
20210401,13:51,442.00,444.20,440.70,444.20,675,655500
20210401,13:52,442.35,442.35,436.95,437.20,1950,655500
20210401,13:53,435.10,435.60,433.75,433.75,2625,655500
20210401,13:54,434.00,437.00,434.00,437.00,525,654450
20210401,13:55,438.60,440.10,435.60,438.40,5550,654450
20210401,13:56,438.60,439.75,438.60,439.75,150,654450
20210401,13:57,438.60,439.35,438.20,439.35,600,655050
20210401,13:58,438.40,440.00,438.40,439.00,1125,655050
20210401,13:59,439.45,439.45,438.05,438.05,150,655050
20210401,14:00,438.25,440.65,437.80,440.65,1425,654975
20210401,14:01,440.25,443.50,439.35,442.10,2850,654975
20210401,14:02,441.45,442.80,441.45,442.00,825,654975
20210401,14:03,442.50,442.50,441.65,442.35,525,654975
20210401,14:04,443.35,443.70,442.80,443.70,600,655425
20210401,14:05,443.85,447.65,443.85,447.65,4650,655425
20210401,14:06,448.20,450.00,447.30,447.30,1500,655350
20210401,14:07,445.70,445.70,445.70,445.70,225,655350
20210401,14:08,448.10,448.70,448.10,448.10,600,655350
20210401,14:09,448.25,450.40,448.25,449.05,3075,655050
20210401,14:10,453.25,455.00,453.00,454.05,8700,655050
20210401,14:11,454.00,455.00,451.45,452.25,1725,655050
20210401,14:12,448.30,451.00,448.30,451.00,975,651900
20210401,14:13,451.00,452.00,450.70,451.80,750,651900
20210401,14:14,452.50,455.00,452.50,455.00,975,651900
20210401,14:15,455.00,460.00,455.00,456.60,4725,650775
20210401,14:16,456.55,457.65,455.55,457.00,2100,650775
20210401,14:17,459.00,459.80,458.35,459.75,1050,650775
20210401,14:18,458.10,459.50,458.00,458.50,3750,651975
20210401,14:19,459.20,464.70,459.10,464.70,5100,651975
20210401,14:20,464.55,465.00,462.70,462.70,3825,651975
20210401,14:21,462.45,462.60,456.10,456.65,5100,647550
20210401,14:22,456.35,462.30,456.35,461.00,2400,647550
20210401,14:23,462.25,462.50,458.90,458.90,600,647550
20210401,14:24,462.00,467.00,462.00,466.65,10350,644775
20210401,14:25,467.00,467.00,461.65,462.95,2925,644775
20210401,14:26,462.35,462.35,455.65,456.00,2775,644775
20210401,14:27,456.00,462.65,454.85,462.65,1800,642450
20210401,14:28,458.50,463.00,458.50,463.00,675,642450
20210401,14:29,463.00,463.15,461.20,461.20,750,642450
20210401,14:30,461.70,461.70,461.00,461.00,600,641400
20210401,14:31,460.80,461.00,460.80,461.00,150,641400
20210401,14:32,461.50,464.55,461.50,464.55,750,641400
20210401,14:33,462.60,464.85,462.50,464.85,1050,641175
20210401,14:34,463.75,470.00,463.75,468.40,7650,641175
20210401,14:35,469.25,470.00,467.45,468.35,1875,641175
20210401,14:36,468.00,469.30,467.25,467.50,1125,636975
20210401,14:37,469.00,469.00,468.85,469.00,4050,636975
20210401,14:38,469.85,471.20,469.85,469.95,4800,636975
20210401,14:39,470.40,470.50,469.25,470.00,600,631500
20210401,14:40,470.00,471.00,469.85,471.00,4125,631500
20210401,14:41,471.00,472.15,465.05,465.35,8250,631500
20210401,14:42,465.35,465.35,461.00,462.70,2250,620625
20210401,14:43,463.70,465.15,459.30,463.05,2700,620625
20210401,14:44,462.05,463.40,460.85,460.85,1425,620625
20210401,14:45,459.60,459.60,455.15,457.30,450,620025
20210401,14:46,458.50,459.75,458.00,459.70,750,620025
20210401,14:47,459.00,460.00,457.45,459.25,1050,620025
20210401,14:48,459.50,463.60,459.50,463.60,675,620325
20210401,14:49,462.00,466.10,462.00,466.10,525,620325
20210401,14:50,465.50,470.60,465.50,470.60,1875,620325
20210401,14:51,469.95,469.95,468.75,469.40,600,619500
20210401,14:52,467.00,467.25,465.50,465.50,600,619500
20210401,14:53,465.00,465.00,463.95,463.95,225,619500
20210401,14:54,464.00,464.25,462.60,462.60,525,619275
20210401,14:55,460.95,460.95,456.45,456.80,525,619275
20210401,14:56,457.00,461.70,456.60,461.70,1350,619275
20210401,14:57,461.00,463.45,460.00,461.00,9150,615075
20210401,14:58,460.00,461.30,458.45,458.45,375,615075
20210401,14:59,459.35,459.35,457.00,457.00,525,615075
20210401,15:00,458.80,458.80,456.15,457.00,750,614925
20210401,15:01,458.70,461.25,458.45,459.75,1200,614925
20210401,15:02,459.45,460.60,459.30,459.30,450,614925
20210401,15:03,461.65,461.65,457.65,457.65,825,611625
20210401,15:04,460.65,461.60,459.00,459.00,900,611625
20210401,15:05,458.80,460.00,457.45,457.45,2625,611625
20210401,15:06,458.00,459.20,456.85,456.85,975,610200
20210401,15:07,456.00,456.00,455.60,455.60,4575,610200
20210401,15:08,454.50,455.00,453.10,455.00,825,610200
20210401,15:09,452.15,459.65,452.15,459.65,1425,607125
20210401,15:10,456.75,459.75,456.10,459.50,6450,607125
20210401,15:11,459.50,464.50,459.50,461.70,12750,607125
20210401,15:12,462.60,463.00,461.30,462.95,975,598725
20210401,15:13,462.50,464.45,461.65,461.65,3975,598725
20210401,15:14,462.65,462.65,459.80,461.80,1875,598725
20210401,15:15,461.80,464.35,460.80,464.35,2250,596700
20210401,15:16,464.45,464.45,461.60,464.35,2625,596700
20210401,15:17,463.00,463.40,460.80,462.60,1275,596700
20210401,15:18,460.15,460.90,455.80,455.95,3675,593025
20210401,15:19,455.00,455.00,452.00,452.00,1875,593025
20210401,15:20,452.50,453.95,449.90,449.90,4200,593025
20210401,15:21,452.30,454.60,451.00,451.00,2925,590250
20210401,15:22,452.90,453.60,450.35,452.00,2025,590250
20210401,15:23,453.00,453.00,450.00,450.00,1875,590250
20210401,15:24,450.00,450.00,446.50,446.50,5025,590250
20210401,15:25,446.00,446.00,442.45,445.00,5550,590250
20210401,15:26,443.15,445.70,439.15,439.15,6075,590250
20210401,15:27,439.15,440.15,437.30,438.50,5925,587325
20210401,15:28,438.00,439.80,436.45,439.70,2850,587325
20210401,15:29,438.50,443.45,438.00,443.45,3150,587325
20210405,09:15,443.45,443.45,381.35,401.05,8626,586125
20210405,09:16,401.00,401.00,385.70,391.80,8325,586125
20210405,09:17,390.50,394.50,387.00,387.50,6000,584100
20210405,09:18,390.75,392.00,386.50,391.95,4425,584100
20210405,09:19,390.00,395.00,388.90,390.50,6000,584100
20210405,09:20,392.65,394.65,385.05,386.50,10950,585525
20210405,09:21,385.05,394.75,385.05,392.80,8625,585525
20210405,09:22,392.00,397.35,391.00,391.00,3375,585525
20210405,09:23,392.85,395.00,390.80,394.00,2475,585525
20210405,09:24,395.05,396.55,390.00,396.55,5100,585525
20210405,09:25,394.50,394.50,388.70,394.00,7350,585525
20210405,09:26,394.80,395.05,392.05,393.15,1950,587700
20210405,09:27,395.00,400.00,395.00,400.00,2475,587700
20210405,09:28,401.00,402.00,400.00,401.00,3900,587700
20210405,09:29,401.20,401.85,398.00,398.00,2025,590400
20210405,09:30,396.00,396.00,383.40,387.80,3300,590400
20210405,09:31,387.60,393.05,386.50,392.45,2175,590400
20210405,09:32,391.55,400.00,391.55,398.75,1500,590700
20210405,09:33,400.20,401.45,398.00,398.00,1950,590700
20210405,09:34,396.05,396.05,387.70,389.25,1650,590700
20210405,09:35,388.85,390.40,387.15,390.40,1725,590250
20210405,09:36,389.95,393.65,389.95,393.45,525,590250
20210405,09:37,393.00,394.45,390.75,394.00,1350,590250
20210405,09:38,394.05,398.60,393.85,397.00,1275,591375
20210405,09:39,395.10,397.90,385.40,388.00,9075,591375
20210405,09:40,388.00,393.70,388.00,393.70,825,591375
20210405,09:41,393.95,396.20,390.00,396.20,2175,593850
20210405,09:42,397.90,397.90,394.50,394.50,675,593850
20210405,09:43,394.90,398.80,394.90,398.80,2400,593850
20210405,09:44,397.05,397.15,393.90,397.15,825,594375
20210405,09:45,397.60,397.60,392.75,393.85,1050,594375
20210405,09:46,393.10,396.50,393.10,396.50,1050,594375
20210405,09:47,397.00,397.00,390.40,391.60,2925,593850
20210405,09:48,391.60,392.50,389.50,390.05,4125,593850
20210405,09:49,390.05,390.25,387.60,388.50,2700,593850
20210405,09:50,388.55,389.55,386.95,389.55,1875,595875
20210405,09:51,389.55,392.05,389.55,390.95,975,595875
20210405,09:52,393.50,393.50,389.80,389.80,225,595875
20210405,09:53,394.00,394.00,391.00,391.00,450,595725
20210405,09:54,390.00,390.00,371.50,376.45,12750,595725
20210405,09:55,375.85,375.85,365.50,371.05,5400,595725
20210405,09:56,369.50,369.50,362.05,364.25,7125,595650
20210405,09:57,362.75,362.75,345.50,346.35,27225,595650
20210405,09:58,345.00,348.70,345.00,348.70,3975,595650
20210405,09:59,347.50,350.00,334.80,337.45,8325,596100
20210405,10:00,336.15,336.15,301.00,321.40,30750,596100
20210405,10:01,323.75,325.25,317.90,322.00,19800,596100
20210405,10:02,322.10,322.10,297.80,307.20,20175,603375
20210405,10:03,305.55,317.10,303.90,311.30,13500,603375
20210405,10:04,310.75,317.90,310.75,314.40,10875,603375
20210405,10:05,312.05,312.05,306.25,309.75,9525,606150
20210405,10:06,309.65,310.90,304.15,310.90,15150,606150
20210405,10:07,309.65,316.50,309.65,312.00,12675,606150
20210405,10:08,310.80,314.45,310.50,313.00,12675,615075
20210405,10:09,311.65,312.05,306.90,309.05,5100,615075
20210405,10:10,307.90,313.00,306.00,306.00,12450,615075
20210405,10:11,304.80,306.00,295.30,295.30,17925,619950
20210405,10:12,294.05,297.00,284.85,292.00,11325,619950
20210405,10:13,292.00,293.10,285.40,287.05,5175,619950
20210405,10:14,288.00,292.00,287.00,291.40,5475,628125
20210405,10:15,288.40,288.40,272.35,275.35,16425,628125
20210405,10:16,274.00,274.00,269.05,273.15,7725,628125
20210405,10:17,274.00,277.50,262.80,263.75,20475,639975
20210405,10:18,263.15,269.05,263.15,269.05,5850,639975
20210405,10:19,271.25,271.25,257.75,263.30,10800,639975
20210405,10:20,262.55,274.00,262.55,273.10,11925,641700
20210405,10:21,274.00,274.00,266.25,267.05,9150,641700
20210405,10:22,269.50,277.00,267.70,276.70,10800,641700
20210405,10:23,274.85,285.75,274.85,281.05,15600,645675
20210405,10:24,280.65,288.45,280.15,286.00,13050,645675
20210405,10:25,288.00,294.00,285.80,288.35,7950,645675
20210405,10:26,287.70,287.75,277.30,277.70,5775,654150
20210405,10:27,280.00,282.30,278.35,280.90,2925,654150
20210405,10:28,281.35,288.30,279.05,285.75,8025,654150
20210405,10:29,285.25,288.75,283.40,285.75,2700,654525
20210405,10:30,285.30,285.35,275.00,275.60,4875,654525
20210405,10:31,276.60,278.65,273.95,277.20,5250,654525
20210405,10:32,276.05,276.40,271.70,274.55,9150,649725
20210405,10:33,274.50,275.00,271.90,272.10,2700,649725
20210405,10:34,272.10,274.05,270.90,273.45,2400,649725
20210405,10:35,273.45,277.40,271.50,277.35,7800,648150
20210405,10:36,277.35,280.55,277.10,279.15,8550,648150
20210405,10:37,281.55,283.35,279.75,281.65,2100,648150
20210405,10:38,284.00,286.05,281.25,283.00,3075,649800
20210405,10:39,282.00,283.35,276.60,279.00,3300,649800
20210405,10:40,279.05,279.05,271.60,274.65,3150,649800
20210405,10:41,275.00,277.85,274.35,277.10,2400,654675
20210405,10:42,280.00,283.25,275.95,275.95,2700,654675
20210405,10:43,277.45,278.55,277.15,278.55,4425,654675
20210405,10:44,277.05,281.60,276.85,277.15,9150,653925
20210405,10:45,277.30,277.30,274.45,275.40,3750,653925
20210405,10:46,276.75,278.55,274.60,275.00,4350,653925
20210405,10:47,277.50,278.15,276.00,276.85,600,658050
20210405,10:48,275.00,277.95,274.55,276.55,975,658050
20210405,10:49,278.60,280.00,277.95,278.15,1200,658050
20210405,10:50,279.20,279.95,276.60,278.00,3075,661575
20210405,10:51,278.00,278.35,276.75,278.20,1125,661575
20210405,10:52,279.65,281.95,279.00,281.00,3225,661575
20210405,10:53,282.75,283.75,280.50,282.70,2550,672450
20210405,10:54,282.65,284.10,281.25,284.10,2025,672450
20210405,10:55,281.25,281.25,278.25,279.30,3600,672450
20210405,10:56,278.55,280.80,278.55,279.15,825,674925
20210405,10:57,279.00,279.00,278.70,278.70,225,674925
20210405,10:58,277.95,278.20,276.60,277.35,2400,674925
20210405,10:59,277.35,277.35,276.50,277.25,825,674925
20210405,11:00,278.35,278.35,272.55,273.35,2025,673875
20210405,11:01,273.95,273.95,270.50,273.35,2025,673875
20210405,11:02,274.35,274.35,273.30,273.30,1650,673875
20210405,11:03,273.05,273.05,263.00,263.00,6825,673875
20210405,11:04,262.90,269.55,262.90,268.75,6075,673875
20210405,11:05,268.10,270.65,266.70,268.15,3375,680100
20210405,11:06,269.10,269.10,267.00,267.25,1125,680100
20210405,11:07,267.30,273.50,267.30,270.25,2325,680100
20210405,11:08,270.05,270.05,266.35,266.75,1050,680100
20210405,11:09,265.00,267.70,265.00,265.40,2475,680400
20210405,11:10,266.30,267.30,261.00,263.95,5100,680400
20210405,11:11,262.25,262.40,253.00,254.00,11625,681300
20210405,11:12,253.35,255.85,249.35,249.35,14850,681300
20210405,11:13,249.65,258.80,249.65,257.65,11325,681300
20210405,11:14,256.60,257.45,252.00,252.00,61275,713325
20210405,11:15,250.05,256.10,248.60,256.10,3900,713325
20210405,11:16,256.15,256.15,251.10,254.35,2775,713325
20210405,11:17,254.40,259.70,254.40,259.30,2400,712950
20210405,11:18,260.00,262.00,259.00,262.00,7875,712950
20210405,11:19,261.00,264.00,258.60,259.25,4725,712950
20210405,11:20,260.80,263.00,260.45,260.95,2925,717150
20210405,11:21,260.25,265.95,259.00,265.95,3300,717150
20210405,11:22,264.50,268.75,263.75,268.75,2550,717150
20210405,11:23,267.85,267.85,264.80,265.00,1725,715425
20210405,11:24,263.25,265.20,263.05,264.30,1725,715425
20210405,11:25,266.65,266.65,262.40,263.00,2325,715425
20210405,11:26,262.25,262.25,258.10,258.55,5250,718875
20210405,11:27,258.65,260.15,254.60,254.60,1425,718875
20210405,11:28,257.25,258.80,257.25,258.55,450,718875
20210405,11:29,258.20,259.60,256.90,258.00,1575,720150
20210405,11:30,258.40,258.50,253.35,254.65,2400,720150
20210405,11:31,254.15,254.15,244.80,251.40,10800,720150
20210405,11:32,251.00,256.05,251.00,254.90,5475,723825
20210405,11:33,256.05,261.00,256.05,260.80,2475,723825
20210405,11:34,260.95,260.95,253.85,258.90,4125,723825
20210405,11:35,256.75,259.80,256.60,259.80,2850,725700
20210405,11:36,259.80,264.95,259.80,264.95,4050,725700
20210405,11:37,265.05,267.55,263.00,266.50,6900,725700
20210405,11:38,265.35,267.95,264.00,264.00,8400,729750
20210405,11:39,264.00,271.00,264.00,268.80,10875,729750
20210405,11:40,269.05,269.65,265.50,267.35,1500,729750
20210405,11:41,269.15,278.30,269.15,274.80,15000,731175
20210405,11:42,273.95,273.95,269.85,272.95,3000,731175
20210405,11:43,273.05,275.00,270.80,273.00,1575,731175
20210405,11:44,274.65,274.65,270.90,270.90,900,733650
20210405,11:45,272.00,275.30,268.10,268.10,3225,733650
20210405,11:46,268.60,268.60,262.95,263.45,9525,733650
20210405,11:47,264.05,264.05,258.10,262.50,3000,742950
20210405,11:48,263.10,266.00,262.00,264.95,1275,742950
20210405,11:49,265.00,265.40,264.80,265.40,1500,742950
20210405,11:50,265.40,267.80,265.35,267.80,1500,742725
20210405,11:51,267.80,268.00,263.30,263.30,975,742725
20210405,11:52,262.00,268.00,262.00,268.00,2025,742725
20210405,11:53,268.00,268.05,266.05,267.85,600,742725
20210405,11:54,267.00,268.35,265.60,267.00,1950,742950
20210405,11:55,266.75,268.40,266.50,266.50,2400,742950
20210405,11:56,265.00,265.35,262.75,265.35,2400,745500
20210405,11:57,265.65,265.65,263.10,264.05,825,745500
20210405,11:58,262.00,262.15,259.10,260.00,1500,745500
20210405,11:59,262.30,264.75,261.50,264.40,750,745875
20210405,12:00,264.15,264.15,262.00,262.35,300,745875
20210405,12:01,264.80,264.90,264.05,264.05,375,745875
20210405,12:02,263.35,263.35,263.35,263.35,75,745875
20210405,12:03,265.10,267.60,265.10,266.75,1200,746175
20210405,12:04,266.15,268.00,266.15,267.65,1275,746175
20210405,12:05,266.15,267.65,266.15,267.45,1875,746175
20210405,12:06,268.20,269.00,265.00,265.00,600,746625
20210405,12:07,266.85,267.60,266.65,266.65,750,746625
20210405,12:08,266.70,267.25,266.70,267.25,675,746625
20210405,12:09,269.50,273.10,269.50,272.40,4800,747825
20210405,12:10,272.90,274.15,271.00,273.35,2400,747825
20210405,12:11,273.60,273.80,271.30,271.35,2025,747825
20210405,12:12,270.25,271.55,268.85,270.25,1575,751950
20210405,12:13,273.00,274.00,272.10,272.70,3375,751950
20210405,12:14,272.45,272.45,270.10,272.20,675,751950
20210405,12:15,272.85,272.95,269.55,271.70,2100,753750
20210405,12:16,273.00,278.15,273.00,276.45,8100,753750
20210405,12:17,277.20,277.95,276.25,277.05,3825,753750
20210405,12:18,277.65,279.85,276.35,278.95,4200,756075
20210405,12:19,279.40,279.40,275.55,278.00,3150,756075
20210405,12:20,277.70,277.70,271.00,274.05,4500,756075
20210405,12:21,274.05,274.05,274.05,274.05,300,759675
20210405,12:22,272.80,272.80,272.80,272.80,450,759675
20210405,12:23,274.40,275.75,274.40,275.75,750,759675
20210405,12:24,275.70,278.00,275.05,276.45,5175,759900
20210405,12:25,277.85,280.50,276.70,278.00,8400,759900
20210405,12:26,280.05,280.05,276.30,276.30,4200,759900
20210405,12:27,275.65,278.30,272.85,278.30,2625,766275
20210405,12:28,278.00,281.35,278.00,280.60,1800,766275
20210405,12:29,278.05,280.00,278.05,278.35,1125,766275
20210405,12:30,280.00,280.05,277.00,279.60,5550,766500
20210405,12:31,279.95,286.10,279.95,285.65,8925,766500
20210405,12:32,286.70,289.30,284.45,285.00,4125,766500
20210405,12:33,285.05,288.00,283.80,288.00,1425,768375
20210405,12:34,287.30,287.30,285.00,286.80,1725,768375
20210405,12:35,288.00,288.00,282.00,282.00,2025,768375
20210405,12:36,281.00,284.20,280.90,282.10,1275,768150
20210405,12:37,282.05,291.60,282.05,290.70,2550,768150
20210405,12:38,292.55,295.00,290.55,292.80,6150,768150
20210405,12:39,292.30,296.20,292.30,292.75,3075,765450
20210405,12:40,293.35,293.35,286.05,286.70,2475,765450
20210405,12:41,287.10,292.25,287.10,292.25,1275,765450
20210405,12:42,293.00,294.95,290.15,290.15,1425,764325
20210405,12:43,289.00,290.20,289.00,290.20,825,764325
20210405,12:44,290.90,292.15,290.00,290.90,600,764325
20210405,12:45,291.90,292.15,286.80,286.80,1350,765600
20210405,12:46,285.00,285.00,279.25,280.00,5550,765600
20210405,12:47,280.00,286.10,280.00,286.10,5775,765600
20210405,12:48,285.90,287.05,284.00,287.05,900,770400
20210405,12:49,284.55,285.60,283.80,284.00,900,770400
20210405,12:50,282.20,282.20,277.50,281.60,2400,770400
20210405,12:51,280.00,280.75,277.90,280.75,1725,770325
20210405,12:52,280.95,280.95,278.10,278.15,225,770325
20210405,12:53,280.00,282.00,279.70,282.00,600,770325
20210405,12:54,283.00,285.30,283.00,284.05,750,769350
20210405,12:55,285.15,286.00,283.10,286.00,300,769350
20210405,12:56,287.70,287.70,282.40,285.00,1200,769350
20210405,12:57,285.25,285.25,281.85,282.60,1650,769050
20210405,12:59,283.05,286.00,283.05,286.00,225,769050
20210405,13:00,286.00,286.00,282.00,282.00,300,769275
20210405,13:01,281.30,281.30,274.80,275.00,1875,769275
20210405,13:02,274.40,275.30,270.35,270.55,1950,769275
20210405,13:03,270.00,273.20,268.50,268.85,2100,770625
20210405,13:04,271.90,274.00,271.90,272.25,450,770625
20210405,13:05,270.35,275.00,269.75,275.00,1125,770625
20210405,13:06,275.00,277.05,275.00,276.65,1050,770325
20210405,13:07,274.75,277.95,274.75,276.85,525,770325
20210405,13:08,277.20,280.90,277.20,279.50,1500,770325
20210405,13:09,279.25,279.75,276.80,278.45,525,769875
20210405,13:10,276.40,276.40,276.40,276.40,75,769875
20210405,13:11,277.00,278.40,277.00,277.60,525,769875
20210405,13:12,278.95,279.60,278.95,279.60,150,770100
20210405,13:13,279.10,279.25,278.00,279.25,450,770100
20210405,13:14,280.00,283.75,280.00,283.75,1125,770100
20210405,13:15,285.60,288.45,285.55,286.95,2250,768975
20210405,13:16,286.90,286.90,282.40,283.40,1125,768975
20210405,13:17,280.00,280.15,280.00,280.15,225,768975
20210405,13:18,283.00,284.00,282.45,283.45,600,769125
20210405,13:19,285.00,286.00,284.30,286.00,525,769125
20210405,13:20,286.00,286.00,282.80,285.10,900,769125
20210405,13:21,285.75,286.50,284.75,286.05,1500,769050
20210405,13:22,286.00,286.65,286.00,286.45,3900,769050
20210405,13:23,290.00,300.60,289.80,300.50,14850,769050
20210405,13:24,300.30,305.00,299.65,302.05,12825,768600
20210405,13:25,302.60,302.60,298.80,298.80,6150,768600
20210405,13:26,299.05,304.50,299.05,301.10,5925,768600
20210405,13:27,300.00,301.80,296.40,301.80,6600,766275
20210405,13:28,301.20,301.45,299.00,299.00,1575,766275
20210405,13:29,299.20,299.40,296.10,297.15,2925,766275
20210405,13:30,295.50,303.00,295.50,300.00,2025,765600
20210405,13:31,299.60,302.00,299.55,302.00,1575,765600
20210405,13:32,302.85,304.80,301.90,302.80,2775,765600
20210405,13:33,301.90,302.00,291.30,293.10,6375,767925
20210405,13:34,290.10,299.65,290.10,299.65,2250,767925
20210405,13:35,298.00,298.25,296.45,297.10,750,767925
20210405,13:36,297.10,301.70,297.10,301.00,600,769125
20210405,13:37,299.00,301.00,299.00,299.65,1200,769125
20210405,13:38,300.10,303.30,300.10,301.55,2100,769125
20210405,13:39,300.85,303.05,299.00,303.05,1350,770025
20210405,13:40,303.50,318.00,303.50,311.95,27225,770025
20210405,13:41,310.85,315.45,310.00,312.85,4650,770025
20210405,13:42,312.35,315.40,310.95,311.80,8475,767925
20210405,13:43,311.25,313.30,308.60,312.95,7650,767925
20210405,13:44,313.65,313.65,309.95,310.00,3525,767925
20210405,13:45,313.25,313.25,307.70,311.00,2625,773025
20210405,13:46,312.35,316.40,311.10,315.40,2700,773025
20210405,13:47,312.70,315.00,312.70,313.70,1050,773025
20210405,13:48,314.95,315.10,309.45,309.55,1500,774000
20210405,13:49,310.00,311.90,308.00,310.85,5400,774000
20210405,13:50,311.00,314.55,311.00,312.40,2175,774000
20210405,13:51,311.00,311.00,303.80,305.90,2625,774450
20210405,13:52,306.70,308.85,305.60,307.00,1125,774450
20210405,13:53,308.85,312.50,308.85,312.50,2475,774450
20210405,13:54,313.00,317.30,313.00,313.25,7650,776550
20210405,13:55,314.50,315.40,310.80,314.00,2175,776550
20210405,13:56,314.30,315.45,311.40,312.00,1875,776550
20210405,13:57,315.50,315.50,311.40,314.10,750,777150
20210405,13:58,312.90,312.90,307.95,309.70,1425,777150
20210405,13:59,309.70,309.70,300.40,300.40,2550,777150
20210405,14:00,301.25,302.65,290.40,294.85,8700,777975
20210405,14:01,295.90,301.75,295.90,301.75,4950,777975
20210405,14:02,300.35,304.65,299.30,304.20,2850,777975
20210405,14:03,301.55,304.35,301.55,304.35,750,783900
20210405,14:04,309.65,312.05,306.85,310.65,5850,783900
20210405,14:05,310.75,314.10,307.20,307.20,4125,783900
20210405,14:06,308.00,310.65,307.45,310.15,975,783000
20210405,14:07,307.80,308.90,305.85,308.90,1425,783000
20210405,14:08,309.45,310.00,307.25,310.00,1200,783000
20210405,14:09,305.90,306.15,304.45,305.65,1125,783075
20210405,14:10,306.60,308.25,303.00,304.40,750,783075
20210405,14:11,305.45,306.00,302.15,303.05,1200,783075
20210405,14:12,301.60,305.85,301.05,305.85,3150,781500
20210405,14:13,307.00,313.60,307.00,311.55,2250,781500
20210405,14:14,311.90,316.55,311.90,316.55,5550,781500
20210405,14:15,316.95,323.85,312.05,313.85,13800,783600
20210405,14:16,314.20,315.75,309.10,310.55,2100,783600
20210405,14:17,312.00,312.65,310.35,312.55,1350,783600
20210405,14:18,310.00,310.05,307.75,309.75,975,783600
20210405,14:19,310.75,312.90,310.75,311.10,1275,784275
20210405,14:20,310.85,311.55,307.60,307.60,3075,784275
20210405,14:21,307.80,310.55,307.00,307.00,2550,781875
20210405,14:22,306.30,312.00,306.30,311.45,2025,781875
20210405,14:23,311.95,314.90,310.65,312.05,5325,781875
20210405,14:24,311.30,313.70,311.30,311.45,1950,782700
20210405,14:25,311.95,313.95,310.05,313.35,3150,782700
20210405,14:26,313.10,314.35,312.60,313.35,600,782700
20210405,14:27,312.20,312.20,307.90,307.90,2400,783525
20210405,14:28,309.70,314.20,309.70,314.20,1050,783525
20210405,14:29,315.00,322.50,315.00,321.95,7350,783525
20210405,14:30,323.50,333.00,322.60,327.00,12525,781200
20210405,14:31,327.00,327.00,320.25,320.25,3375,781200
20210405,14:32,322.85,325.85,322.15,323.10,3000,781200
20210405,14:33,324.30,327.00,322.45,325.00,3150,781500
20210405,14:34,324.00,328.25,324.00,324.70,2100,781500
20210405,14:35,324.55,328.00,324.50,328.00,2100,781500
20210405,14:36,323.80,324.20,320.05,321.10,3375,782775
20210405,14:37,321.95,325.40,321.35,323.95,1650,782775
20210405,14:38,324.00,324.65,322.40,323.60,750,782775
20210405,14:39,323.00,326.90,323.00,326.25,1800,781725
20210405,14:40,326.00,326.00,317.25,317.25,5325,781725
20210405,14:41,315.05,320.30,314.55,320.30,2625,781725
20210405,14:42,319.10,324.50,319.10,323.50,1875,783825
20210405,14:43,322.20,329.00,322.20,325.15,4200,783825
20210405,14:44,324.95,324.95,320.00,321.85,2775,783825
20210405,14:45,320.80,320.80,311.90,316.35,3000,784575
20210405,14:46,316.70,317.00,313.00,314.60,2625,784575
20210405,14:47,315.85,318.65,315.50,316.90,1350,784575
20210405,14:48,313.85,315.00,309.50,312.65,3750,785700
20210405,14:49,312.90,315.10,312.50,315.10,3525,785700
20210405,14:50,317.00,327.20,315.15,325.20,5925,785700
20210405,14:51,325.90,325.90,322.80,325.75,2700,785925
20210405,14:52,324.05,327.55,321.15,321.15,2775,785925
20210405,14:53,320.00,323.40,318.75,319.75,1500,785925
20210405,14:54,321.30,321.30,318.85,319.60,975,785850
20210405,14:55,319.05,320.00,318.00,318.00,825,785850
20210405,14:56,317.50,317.50,313.10,316.10,1725,785850
20210405,14:57,316.90,325.00,316.90,322.50,1575,785850
20210405,14:58,320.60,321.85,320.00,321.00,675,785850
20210405,14:59,320.35,324.45,318.50,323.95,5550,785850
20210405,15:00,322.80,323.95,315.85,317.85,5325,783750
20210405,15:01,317.85,318.45,315.30,316.00,3975,783750
20210405,15:02,317.80,321.75,317.80,318.05,2100,783750
20210405,15:03,318.00,318.00,313.00,313.00,2400,785100
20210405,15:04,312.35,312.70,306.65,309.85,5250,785100
20210405,15:05,310.55,314.00,308.00,313.30,1875,785100
20210405,15:06,313.85,313.85,308.10,312.40,4275,784800
20210405,15:07,313.40,315.15,312.25,312.25,1875,784800
20210405,15:08,312.05,312.05,309.00,310.65,1200,784800
20210405,15:09,311.10,311.95,310.85,310.85,825,784800
20210405,15:10,310.55,312.45,305.60,305.60,2475,784275
20210405,15:11,305.15,307.20,303.95,307.20,2625,784275
20210405,15:12,307.20,310.00,307.20,310.00,1275,784275
20210405,15:13,308.20,311.90,308.20,310.00,1050,785100
20210405,15:14,310.50,311.00,308.40,310.00,3150,785100
20210405,15:15,307.20,307.20,305.00,305.75,3675,785625
20210405,15:16,306.00,306.95,304.50,304.50,4725,785625
20210405,15:17,304.10,306.00,303.80,304.50,3525,785625
20210405,15:18,306.05,306.60,304.25,306.60,2925,788250
20210405,15:19,307.00,309.80,307.00,309.55,4725,788250
20210405,15:20,309.60,315.00,308.50,312.85,10800,788250
20210405,15:21,312.70,313.85,310.00,311.55,3600,787125
20210405,15:22,313.00,313.00,310.40,311.50,2550,787125
20210405,15:23,310.05,311.40,310.05,310.25,900,787125
20210405,15:24,311.40,313.00,310.75,313.00,2175,786825
20210405,15:25,312.95,314.05,312.60,313.95,7425,786825
20210405,15:26,313.25,315.70,313.25,314.75,2850,786825
20210405,15:27,314.95,316.00,314.30,314.30,5325,781575
20210405,15:28,314.05,315.00,312.85,315.00,4875,781575
20210405,15:29,314.85,316.40,313.05,315.00,6000,781575
20210405,15:30,315.00,315.00,315.00,315.00,150,781575
20210406,09:15,331.75,336.40,310.05,310.05,27601,780750
20210406,09:16,309.55,320.70,306.15,313.00,13875,780750
20210406,09:17,313.10,314.75,303.30,303.30,14100,781350
20210406,09:18,302.00,302.00,290.85,293.05,17625,781350
20210406,09:19,292.00,296.15,290.00,290.00,11325,781350
20210406,09:20,288.05,291.40,281.85,290.55,24600,784425
20210406,09:21,291.60,292.15,282.40,291.00,13125,784425
20210406,09:22,290.15,292.90,287.40,289.95,14700,784425
20210406,09:23,291.50,300.05,290.00,298.65,10200,781875
20210406,09:24,295.70,300.85,295.70,300.00,7500,781875
20210406,09:25,301.35,314.35,300.60,310.00,21225,781875
20210406,09:26,311.00,330.00,309.60,326.40,14625,786450
20210406,09:27,326.15,330.00,319.20,327.00,9525,786450
20210406,09:28,329.50,330.35,320.45,323.20,17175,786450
20210406,09:29,322.45,333.90,321.10,332.35,10350,790200
20210406,09:30,333.20,349.55,332.65,346.70,29100,790200
20210406,09:31,347.15,348.20,340.35,346.15,6975,790200
20210406,09:32,347.30,347.30,333.60,335.80,11550,795675
20210406,09:33,335.65,344.80,335.65,342.40,5400,795675
20210406,09:34,343.00,347.80,341.70,347.40,6825,795675
20210406,09:35,344.10,348.85,343.25,343.95,2775,795450
20210406,09:36,345.85,348.55,342.65,348.55,4800,795450
20210406,09:37,349.00,360.00,349.00,357.00,17700,795450
20210406,09:38,356.00,363.60,355.60,361.65,12075,796125
20210406,09:39,361.55,368.40,360.05,362.40,19200,796125
20210406,09:40,362.60,366.95,358.00,359.05,5175,796125
20210406,09:41,359.30,359.30,351.85,357.05,3675,797175
20210406,09:42,357.05,365.80,357.05,365.00,5250,797175
20210406,09:43,362.85,363.60,360.00,360.00,2025,797175
20210406,09:44,358.05,358.80,348.75,351.55,5175,800475
20210406,09:45,350.30,350.30,340.20,348.85,7875,800475
20210406,09:46,348.55,352.40,345.70,351.45,5100,800475
20210406,09:47,350.90,357.50,350.90,354.00,6450,808500
20210406,09:48,353.40,357.55,353.40,357.00,3300,808500
20210406,09:49,356.30,363.55,356.30,362.00,4800,808500
20210406,09:50,359.65,359.65,353.10,357.40,3225,809325
20210406,09:51,358.30,359.90,355.80,356.90,3150,809325
20210406,09:52,358.65,361.30,357.10,357.20,2250,809325
20210406,09:53,358.55,358.55,355.00,355.00,3075,808350
20210406,09:54,353.65,357.00,353.65,354.15,4125,808350
20210406,09:55,353.45,354.40,349.30,353.55,4875,808350
20210406,09:56,355.05,357.85,354.95,355.75,2250,805875
20210406,09:57,355.20,355.20,350.55,353.25,1500,805875
20210406,09:58,352.55,352.60,349.35,352.60,975,805875
20210406,09:59,354.00,354.00,347.55,347.55,2850,806475
20210406,10:00,347.75,349.40,342.20,349.40,2475,806475
20210406,10:01,351.00,354.30,350.00,350.40,1425,806475
20210406,10:02,347.70,348.15,343.75,344.80,2475,805425
20210406,10:03,344.25,344.25,335.50,340.15,4650,805425
20210406,10:04,338.50,343.50,337.30,343.50,3900,805425
20210406,10:05,345.00,345.00,339.00,341.55,2850,805575
20210406,10:06,342.30,342.95,337.10,341.90,2700,805575
20210406,10:07,342.00,347.55,342.00,346.45,1875,805575
20210406,10:08,345.00,350.65,344.70,346.80,10125,805425
20210406,10:09,347.00,351.30,347.00,349.65,4125,805425
20210406,10:10,349.00,356.90,348.10,356.80,5100,805425
20210406,10:11,356.15,356.60,352.00,352.50,2250,806550
20210406,10:12,353.00,353.00,351.00,352.50,525,806550
20210406,10:13,355.80,355.80,349.00,349.00,2625,806550
20210406,10:14,348.50,351.40,348.05,349.30,825,814275
20210406,10:15,349.35,349.55,342.20,343.85,3975,814275
20210406,10:16,341.60,342.20,330.25,331.30,3750,814275
20210406,10:17,334.25,338.00,325.00,327.15,5850,813750
20210406,10:18,325.70,333.00,322.00,331.40,6450,813750
20210406,10:19,331.95,337.25,331.75,333.90,3450,813750
20210406,10:20,330.25,330.25,322.45,325.95,6000,810450
20210406,10:21,327.30,331.10,327.30,330.55,2025,810450
20210406,10:22,330.75,332.35,327.70,330.10,1275,810450
20210406,10:23,332.80,340.00,332.70,336.00,4725,811050
20210406,10:24,336.00,336.60,332.20,334.00,1950,811050
20210406,10:25,334.65,334.65,328.30,330.40,3225,811050
20210406,10:26,329.15,334.95,328.90,333.95,2625,811725
20210406,10:27,332.25,333.65,331.00,333.65,825,811725
20210406,10:28,333.80,336.50,333.00,335.65,2925,811725
20210406,10:29,334.65,339.90,333.60,337.80,2775,811200
20210406,10:30,337.25,339.00,333.10,339.00,1875,811200
20210406,10:31,340.15,346.80,340.15,343.65,3450,811200
20210406,10:32,341.60,341.75,337.15,338.70,2100,812475
20210406,10:33,341.40,343.80,341.10,341.10,1500,812475
20210406,10:34,341.20,342.80,339.45,342.80,1275,812475
20210406,10:35,340.75,343.15,340.75,340.90,1500,812850
20210406,10:36,341.90,346.00,341.90,344.00,2250,812850
20210406,10:37,343.55,343.55,341.00,342.50,600,812850
20210406,10:38,343.20,345.30,341.75,344.35,3000,813450
20210406,10:39,344.35,346.70,342.55,342.55,5475,813450
20210406,10:40,343.90,351.95,343.90,348.40,7050,813450
20210406,10:41,349.60,350.65,348.25,348.65,2175,814350
20210406,10:42,348.85,352.35,348.85,349.75,2775,814350
20210406,10:43,350.70,356.55,350.70,355.85,2250,814350
20210406,10:44,353.85,357.30,353.50,354.75,2175,815475
20210406,10:45,356.20,356.20,351.25,352.80,1275,815475
20210406,10:46,353.15,353.20,351.40,351.60,1200,815475
20210406,10:47,353.00,353.70,349.25,349.65,3225,815250
20210406,10:48,349.00,351.95,348.90,350.95,1050,815250
20210406,10:49,352.60,355.00,351.00,351.00,5475,815250
20210406,10:50,352.40,353.50,349.10,353.00,2700,817200
20210406,10:51,352.50,355.85,352.50,355.85,2550,817200
20210406,10:52,355.80,355.80,351.00,351.00,1200,817200
20210406,10:53,352.95,354.00,350.90,353.25,675,818400
20210406,10:54,353.05,355.60,352.65,352.70,3900,818400
20210406,10:55,352.60,355.00,351.60,355.00,1875,818400
20210406,10:56,355.00,360.35,355.00,356.05,11625,822375
20210406,10:57,357.25,357.25,354.70,356.45,825,822375
20210406,10:58,357.70,359.05,356.35,358.50,6375,822375
20210406,10:59,358.50,359.15,356.00,356.00,2250,821775
20210406,11:00,354.45,360.40,354.45,356.40,2925,821775
20210406,11:01,357.15,359.40,355.20,358.80,2175,821775
20210406,11:02,361.05,362.45,359.95,362.00,5625,818775
20210406,11:03,361.65,364.00,359.45,360.00,6000,818775
20210406,11:04,359.50,361.45,358.00,359.00,4050,818775
20210406,11:05,360.60,360.60,355.50,358.00,4425,817500
20210406,11:06,357.95,358.00,350.00,351.00,6900,817500
20210406,11:07,352.90,356.60,352.55,355.00,1725,817500
20210406,11:08,356.00,358.00,355.05,356.20,3525,814875
20210406,11:09,358.15,360.80,358.15,359.65,675,814875
20210406,11:10,360.75,372.55,360.75,372.00,20925,814875
20210406,11:11,371.50,371.50,367.45,369.00,3225,813975
20210406,11:12,368.60,376.00,368.60,373.45,6975,813975
20210406,11:13,372.00,372.95,368.00,370.10,5475,813975
20210406,11:14,370.00,371.45,368.00,370.00,1275,815400
20210406,11:15,370.00,373.00,370.00,373.00,2550,815400
20210406,11:16,373.50,379.90,372.85,378.70,10800,815400
20210406,11:17,379.45,381.65,376.45,381.15,13200,812550
20210406,11:18,381.45,384.00,378.00,380.10,9225,812550
20210406,11:19,379.85,382.95,379.75,379.75,6600,812550
20210406,11:20,383.00,383.10,377.45,378.75,6000,806175
20210406,11:21,378.40,381.70,378.40,379.80,4200,806175
20210406,11:22,381.00,383.00,380.00,380.40,3150,806175
20210406,11:23,379.35,381.00,378.55,378.65,1500,805950
20210406,11:24,382.00,385.00,381.90,382.60,2475,805950
20210406,11:25,383.60,388.40,378.95,378.95,2625,805950
20210406,11:26,380.00,382.50,375.00,376.95,3900,805875
20210406,11:27,379.00,379.00,371.60,371.60,1275,805875
20210406,11:28,374.70,376.00,373.90,376.00,300,805875
20210406,11:29,375.35,376.65,373.90,373.90,1200,806775
20210406,11:30,372.40,374.60,370.65,373.45,3825,806775
20210406,11:31,374.40,377.55,374.40,375.00,1125,806775
20210406,11:32,373.50,375.10,372.15,375.10,1050,806775
20210406,11:33,373.60,373.60,368.95,369.40,4950,805950
20210406,11:34,370.50,371.35,367.70,368.75,2475,805950
20210406,11:35,368.55,371.00,368.55,369.70,1575,803400
20210406,11:36,369.60,369.60,360.40,362.80,2250,803400
20210406,11:37,363.95,366.50,363.15,363.15,4875,803400
20210406,11:38,363.20,367.60,362.95,367.20,1575,803400
20210406,11:39,368.25,374.00,368.25,369.70,1875,801450
20210406,11:40,370.80,372.35,367.00,368.40,525,801450
20210406,11:41,367.85,367.85,362.75,364.20,1275,801675
20210406,11:42,364.00,365.30,363.20,364.70,750,801675
20210406,11:43,365.15,365.15,357.20,357.75,4050,801675
20210406,11:44,357.20,360.00,357.20,358.95,2475,799800
20210406,11:45,357.55,363.80,357.55,362.45,4500,799800
20210406,11:46,363.15,364.45,362.45,363.20,975,799800
20210406,11:47,361.55,361.55,351.35,352.05,3900,796350
20210406,11:48,351.45,358.00,351.45,356.95,3075,796350
20210406,11:49,357.00,357.50,352.20,355.10,3375,796350
20210406,11:50,354.85,357.00,353.45,354.00,1725,797325
20210406,11:51,355.20,355.20,345.40,347.05,21075,797325
20210406,11:52,347.00,348.70,345.10,347.25,1800,797325
20210406,11:53,349.45,354.00,347.25,353.00,3450,789000
20210406,11:54,353.25,353.70,351.70,352.10,1275,789000
20210406,11:55,353.40,356.00,353.00,354.00,1125,789000
20210406,11:56,355.00,360.45,354.80,360.45,5025,789075
20210406,11:57,362.45,363.00,358.85,359.20,3150,789075
20210406,11:58,358.00,358.00,356.30,356.90,750,789075
20210406,11:59,356.90,357.85,354.65,354.65,1425,786225
20210406,12:00,355.00,356.35,352.10,352.35,2250,786225
20210406,12:01,351.30,351.30,346.45,346.50,3300,786225
20210406,12:02,347.65,350.85,345.35,350.50,4275,782400
20210406,12:03,350.65,355.00,350.65,352.05,1950,782400
20210406,12:04,352.00,354.60,352.00,354.05,825,782400
20210406,12:05,352.00,352.00,350.00,351.05,5400,782400
20210406,12:06,351.15,353.50,349.90,351.85,1125,785475
20210406,12:07,351.25,352.40,350.05,352.00,1425,785475
20210406,12:08,352.40,357.20,352.40,354.60,1200,785175
20210406,12:09,354.00,356.65,351.30,352.00,1275,785175
20210406,12:10,352.40,352.95,349.80,350.00,1575,785175
20210406,12:11,350.05,353.95,350.05,351.00,1500,784650
20210406,12:12,350.80,354.90,350.80,354.90,1500,784650
20210406,12:13,354.75,356.00,353.60,356.00,525,784650
20210406,12:14,356.00,357.60,355.00,355.40,2325,784650
20210406,12:15,356.15,364.00,356.15,362.00,3075,783750
20210406,12:16,360.55,363.50,360.35,360.90,1875,783750
20210406,12:17,362.00,362.00,360.00,360.00,750,783750
20210406,12:18,360.00,360.25,356.15,358.05,825,785550
20210406,12:19,356.60,357.35,353.00,353.30,7950,785550
20210406,12:20,354.00,354.00,352.60,352.70,600,785550
20210406,12:21,353.15,354.00,353.15,354.00,300,784500
20210406,12:22,353.05,353.05,350.70,352.55,1650,784500
20210406,12:23,351.95,352.35,348.65,350.25,2550,784500
20210406,12:24,351.00,351.30,350.00,351.30,1500,784425
20210406,12:25,348.00,348.85,342.00,343.65,6300,784425
20210406,12:26,342.45,345.60,342.45,345.10,825,784425
20210406,12:27,344.85,345.60,342.50,342.80,1875,786450
20210406,12:28,344.40,346.35,344.40,346.35,975,786450
20210406,12:29,345.05,348.50,345.05,348.30,975,786450
20210406,12:30,347.80,352.80,347.80,350.80,2175,785625
20210406,12:31,351.50,351.50,350.00,350.50,675,785625
20210406,12:32,350.00,350.25,348.40,350.25,450,785625
20210406,12:33,347.20,348.20,338.15,338.35,4875,785400
20210406,12:34,340.00,341.05,332.60,332.60,3450,785400
20210406,12:35,333.65,334.15,328.30,331.90,5250,785400
20210406,12:36,331.80,331.80,321.25,324.10,7200,786525
20210406,12:37,321.95,325.35,318.55,322.70,8325,786525
20210406,12:38,322.45,325.50,322.45,324.60,1800,786525
20210406,12:39,325.65,327.90,321.70,326.90,2250,787650
20210406,12:40,327.20,327.50,322.90,325.50,3225,787650
20210406,12:41,326.70,326.90,321.15,323.30,6825,787650
20210406,12:42,321.80,321.80,311.05,313.05,9075,789000
20210406,12:43,314.30,315.30,310.05,314.15,5325,789000
20210406,12:44,314.55,315.25,303.70,303.70,13500,789000
20210406,12:45,301.75,301.75,292.25,292.25,10125,790800
20210406,12:46,290.45,309.80,290.45,309.35,17475,790800
20210406,12:47,308.35,314.15,306.85,312.00,14100,790800
20210406,12:48,311.60,318.90,311.60,316.00,9975,792150
20210406,12:49,313.00,315.00,310.90,314.70,5100,792150
20210406,12:50,313.90,313.90,305.40,312.00,5850,792150
20210406,12:51,312.15,319.55,309.70,318.25,7650,799425
20210406,12:52,317.35,320.00,315.95,319.95,7125,799425
20210406,12:53,319.45,324.35,317.45,320.35,7800,799425
20210406,12:54,319.95,320.00,315.85,317.00,3825,800175
20210406,12:55,316.65,321.35,314.65,318.55,2100,800175
20210406,12:56,318.05,326.70,318.05,324.00,5775,800175
20210406,12:57,324.00,324.00,321.35,322.75,5775,804375
20210406,12:58,322.00,322.20,316.60,320.35,2175,804375
20210406,12:59,320.60,321.80,316.80,319.85,2625,804375
20210406,13:00,321.00,322.00,311.70,313.00,3900,803100
20210406,13:01,312.75,314.00,308.90,313.05,5100,803100
20210406,13:02,311.00,318.00,311.00,318.00,3300,803100
20210406,13:03,317.20,317.20,313.65,317.00,2550,801375
20210406,13:04,316.55,319.10,316.30,316.95,3375,801375
20210406,13:05,317.95,317.95,312.00,316.50,2475,801375
20210406,13:06,317.00,331.55,316.05,331.55,9600,802650
20210406,13:07,329.10,339.25,329.10,337.20,11850,802650
20210406,13:08,337.00,339.65,333.65,333.65,2775,802650
20210406,13:09,334.10,338.75,334.10,337.40,1575,801225
20210406,13:10,337.35,343.65,335.00,342.15,6525,801225
20210406,13:11,342.35,343.30,338.15,339.85,5625,801225
20210406,13:12,338.00,340.15,335.00,339.00,3975,799800
20210406,13:13,339.00,341.00,337.80,341.00,2325,799800
20210406,13:14,336.70,339.80,334.60,339.80,3075,799800
20210406,13:15,340.80,342.55,336.95,336.95,1875,798225
20210406,13:16,334.05,335.50,331.35,331.95,7200,798225
20210406,13:17,331.00,335.50,328.65,333.65,6450,798225
20210406,13:18,335.25,335.25,328.25,328.95,1650,794775
20210406,13:19,329.10,329.10,324.80,327.35,2025,794775
20210406,13:20,326.80,332.00,324.85,331.10,3900,794775
20210406,13:21,330.00,333.80,325.50,325.50,3075,795675
20210406,13:22,324.20,325.00,323.20,323.35,1875,795675
20210406,13:23,320.50,325.30,318.50,321.00,3450,795675
20210406,13:24,320.75,326.20,320.75,323.20,1125,795750
20210406,13:25,322.00,324.55,321.00,321.05,1500,795750
20210406,13:26,324.45,325.80,315.65,318.00,4650,795750
20210406,13:27,321.00,322.75,319.05,319.60,3000,794175
20210406,13:28,321.70,321.70,318.15,320.45,1125,794175
20210406,13:29,320.90,320.90,314.75,317.85,3750,794175
20210406,13:30,317.70,320.95,310.95,320.95,5025,793200
20210406,13:31,321.55,329.15,320.35,326.65,4950,793200
20210406,13:32,327.35,332.55,326.85,328.00,5475,793200
20210406,13:33,327.50,327.50,323.70,327.45,750,793725
20210406,13:34,324.70,324.70,319.80,323.00,3000,793725
20210406,13:35,324.30,327.00,321.80,324.75,1650,793725
20210406,13:36,324.80,327.60,324.80,327.60,825,792675
20210406,13:37,326.40,330.25,325.60,326.75,675,792675
20210406,13:38,326.65,330.00,324.95,328.90,375,792675
20210406,13:39,327.60,327.60,320.00,320.00,1500,792600
20210406,13:40,319.60,320.20,314.45,315.05,3825,792600
20210406,13:41,313.00,317.05,311.00,312.55,2100,792600
20210406,13:42,313.90,315.00,306.85,314.00,9525,792900
20210406,13:43,314.00,314.25,311.30,312.15,4350,792900
20210406,13:44,312.10,312.25,305.70,312.25,3375,792900
20210406,13:45,308.45,310.55,306.85,307.00,2625,790125
20210406,13:46,306.90,309.10,301.90,307.10,3675,790125
20210406,13:47,305.95,306.70,304.25,304.70,2925,790125
20210406,13:48,304.50,314.00,302.60,314.00,4125,791850
20210406,13:49,317.15,322.35,311.65,319.05,5175,791850
20210406,13:50,319.90,320.85,315.90,317.10,1575,791850
20210406,13:51,320.50,323.45,316.30,318.05,4650,793650
20210406,13:52,316.70,318.10,312.00,312.50,3825,793650
20210406,13:53,312.60,312.60,307.30,310.05,1950,793650
20210406,13:54,311.15,311.15,307.15,310.00,1725,796950
20210406,13:55,309.45,309.45,304.20,306.75,4575,796950
20210406,13:56,307.75,308.45,304.00,304.80,1875,796950
20210406,13:57,304.40,305.00,301.90,305.00,2850,795825
20210406,13:58,304.05,314.65,304.05,310.00,1800,795825
20210406,13:59,310.00,310.10,306.40,308.25,1125,795825
20210406,14:00,307.20,312.50,307.20,309.40,1125,794250
20210406,14:01,309.10,315.70,309.10,315.00,2550,794250
20210406,14:02,314.45,318.45,314.35,318.25,2775,794250
20210406,14:03,315.80,319.50,315.00,315.00,1575,793800
20210406,14:04,313.95,314.90,309.70,314.20,3225,793800
20210406,14:05,313.25,314.70,310.25,314.70,1875,793800
20210406,14:06,315.75,317.25,311.25,316.05,2025,796125
20210406,14:07,314.00,318.00,313.00,318.00,450,796125
20210406,14:08,317.05,317.05,313.00,313.00,1200,796125
20210406,14:09,312.00,315.00,310.35,315.00,375,796275
20210406,14:10,314.50,322.15,314.50,319.10,3150,796275
20210406,14:11,316.00,318.15,315.30,316.10,3000,796275
20210406,14:12,317.80,317.80,314.15,315.00,1500,797925
20210406,14:13,318.05,318.05,311.00,311.00,1200,797925
20210406,14:14,310.00,315.00,309.60,314.75,1350,797925
20210406,14:15,314.25,314.25,308.05,311.00,3450,798600
20210406,14:16,311.35,315.50,311.35,315.05,1425,798600
20210406,14:17,316.00,317.00,316.00,317.00,150,798600
20210406,14:18,320.10,322.40,319.00,319.50,3225,798600
20210406,14:19,319.15,326.00,319.15,322.00,7125,798600
20210406,14:20,321.65,322.00,319.45,321.00,1575,798600
20210406,14:21,321.65,324.30,314.95,316.20,2475,800400
20210406,14:22,317.00,317.75,317.00,317.00,300,800400
20210406,14:23,318.95,318.95,318.95,318.95,75,800400
20210406,14:24,317.65,318.20,316.80,317.55,1125,800625
20210406,14:25,316.65,318.30,312.70,317.00,1575,800625
20210406,14:26,318.05,323.00,318.00,319.00,2400,800625
20210406,14:27,318.80,323.00,318.80,323.00,2025,800625
20210406,14:28,319.45,319.80,315.00,317.00,1800,801975
20210406,14:29,317.00,317.00,312.65,315.65,2325,801975
20210406,14:30,317.95,317.95,308.65,312.00,3150,803850
20210406,14:31,312.00,314.50,311.20,313.85,3450,803850
20210406,14:32,312.45,312.45,309.40,310.20,2250,803850
20210406,14:33,311.65,311.65,307.20,311.40,5775,805200
20210406,14:34,313.00,313.35,311.00,311.00,1650,805200
20210406,14:35,310.50,314.00,310.45,311.75,3150,805200
20210406,14:36,311.00,312.15,308.00,311.50,3150,805050
20210406,14:37,311.50,312.30,302.80,306.65,6300,805050
20210406,14:38,306.40,312.20,306.40,310.00,3975,805050
20210406,14:39,311.60,311.60,309.60,309.70,375,804600
20210406,14:40,309.95,309.95,306.65,309.00,1575,804600
20210406,14:41,310.55,314.20,310.55,312.30,3900,804600
20210406,14:42,310.10,310.25,308.95,309.95,825,803100
20210406,14:43,310.40,312.60,310.40,311.45,1275,803100
20210406,14:44,311.40,311.40,308.80,308.80,900,803100
20210406,14:45,308.80,318.55,308.80,314.80,3300,804000
20210406,14:46,313.00,313.00,310.50,312.75,1125,804000
20210406,14:47,309.75,311.25,308.75,308.75,975,804000
20210406,14:48,310.00,310.45,308.75,310.45,1275,803100
20210406,14:49,308.75,309.50,306.80,309.00,2400,803100
20210406,14:50,310.40,312.85,310.00,312.05,1875,803100
20210406,14:51,311.35,313.00,311.35,312.25,825,801525
20210406,14:52,311.75,315.00,311.75,315.00,1200,801525
20210406,14:53,314.00,325.30,314.00,320.80,10875,801525
20210406,14:54,321.15,321.35,314.40,316.30,3600,798225
20210406,14:55,316.80,317.55,314.85,316.50,1950,798225
20210406,14:56,316.30,316.30,313.75,315.00,675,798225
20210406,14:57,314.45,314.45,312.10,312.70,1275,798000
20210406,14:58,312.35,312.60,310.45,312.20,1575,798000
20210406,14:59,312.55,314.70,311.35,312.15,2850,798000
20210406,15:00,312.65,322.20,312.65,319.95,7275,795150
20210406,15:01,316.55,316.55,312.00,314.80,1500,795150
20210406,15:02,315.55,318.55,315.55,318.55,2025,795150
20210406,15:03,317.90,317.95,316.55,316.65,525,794550
20210406,15:04,317.00,321.00,317.00,320.85,2175,794550
20210406,15:05,322.00,322.00,318.70,321.45,2175,794550
20210406,15:06,322.00,326.85,321.95,326.85,5925,791625
20210406,15:07,329.50,329.50,322.60,326.05,7800,791625
20210406,15:08,325.55,326.00,323.55,326.00,3000,791625
20210406,15:09,325.75,326.00,321.70,323.10,2325,787500
20210406,15:10,322.85,324.45,319.30,320.75,6750,787500
20210406,15:11,322.15,323.45,320.95,320.95,2325,787500
20210406,15:12,320.95,322.40,319.25,320.30,3150,787125
20210406,15:13,320.35,322.95,320.35,321.00,1800,787125
20210406,15:14,321.95,324.25,320.00,323.65,1725,787125
20210406,15:15,324.95,329.40,324.90,328.50,7425,782025
20210406,15:16,328.00,329.60,325.80,329.60,3825,782025
20210406,15:17,328.40,329.55,327.65,329.00,9525,782025
20210406,15:18,329.00,329.75,328.00,328.55,3600,779250
20210406,15:19,328.85,332.70,328.10,330.20,11475,779250
20210406,15:20,330.50,331.10,329.00,329.45,11850,779250
20210406,15:21,330.00,332.65,329.15,331.45,5625,770700
20210406,15:22,331.35,331.95,330.00,330.45,3675,770700
20210406,15:23,330.40,332.95,330.35,331.50,2775,770700
20210406,15:24,331.25,334.25,331.25,333.35,3375,768225
20210406,15:25,334.95,335.35,331.15,331.15,7650,768225
20210406,15:26,331.00,333.10,331.00,333.00,4050,768225
20210406,15:27,333.00,334.00,331.00,331.00,5400,765225
20210406,15:28,333.80,333.95,332.05,333.00,3675,765225
20210406,15:29,333.95,334.90,331.25,334.90,4050,765225
20210407,09:15,329.30,345.00,300.10,345.00,18826,768675
20210407,09:16,337.70,343.00,333.00,338.50,19725,768675
20210407,09:17,338.65,351.95,338.00,345.50,20850,768900
20210407,09:18,348.00,351.00,347.50,348.20,11250,768900
20210407,09:19,346.55,349.80,345.00,349.45,8325,768900
20210407,09:20,352.00,355.00,346.20,349.00,10350,765525
20210407,09:21,350.50,350.60,345.90,347.70,5175,765525
20210407,09:22,348.80,348.80,342.00,345.00,7350,765525
20210407,09:23,343.50,348.00,341.55,346.00,5025,769800
20210407,09:24,346.00,351.35,346.00,350.00,6000,769800
20210407,09:25,350.55,359.55,350.55,356.35,20325,769800
20210407,09:26,356.00,357.55,353.00,354.45,1575,768825
20210407,09:27,355.25,355.25,350.00,350.00,9525,768825
20210407,09:28,351.00,354.80,351.00,353.70,2325,768825
20210407,09:29,355.00,357.55,355.00,357.55,4200,772875
20210407,09:30,356.80,358.70,352.55,357.15,6750,772875
20210407,09:31,358.00,359.55,355.00,357.00,5700,772875
20210407,09:32,356.95,363.95,356.95,358.85,8550,776850
20210407,09:33,359.40,360.75,357.00,358.35,3525,776850
20210407,09:34,357.80,360.00,355.00,355.00,6375,776850
20210407,09:35,354.45,358.95,354.00,355.35,3450,776550
20210407,09:36,355.00,355.00,350.90,355.00,8775,776550
20210407,09:37,357.00,358.00,352.50,356.25,7200,776550
20210407,09:38,357.15,357.70,354.85,355.00,2325,771825
20210407,09:39,354.45,356.15,353.95,353.95,2700,771825
20210407,09:40,355.15,356.70,353.35,356.70,2400,771825
20210407,09:41,354.65,358.20,354.00,355.60,2850,773550
20210407,09:42,355.10,358.00,354.10,357.50,2550,773550
20210407,09:43,357.75,369.15,357.75,368.60,15900,773550
20210407,09:44,369.25,372.60,367.05,371.10,8025,776700
20210407,09:45,372.00,376.50,371.15,373.80,10725,776700
20210407,09:46,371.85,373.05,368.05,371.50,7575,776700
20210407,09:47,371.55,373.00,369.65,369.65,2550,775725
20210407,09:48,372.35,372.80,368.85,371.00,1200,775725
20210407,09:49,369.85,371.00,368.10,368.10,1125,775725
20210407,09:50,369.70,370.90,365.35,367.80,6600,777000
20210407,09:51,366.40,366.40,359.00,360.20,4725,777000
20210407,09:52,360.80,365.10,360.80,363.70,1350,777000
20210407,09:53,365.35,369.60,365.35,369.60,3975,778950
20210407,09:54,369.65,375.00,367.65,372.55,8250,778950
20210407,09:55,372.80,373.90,370.35,371.90,3300,778950
20210407,09:56,371.80,371.80,369.05,370.15,1800,777075
20210407,09:57,369.00,369.50,366.35,366.35,1125,777075
20210407,09:58,367.00,370.00,367.00,370.00,2325,777075
20210407,09:59,369.75,370.00,367.80,368.25,675,781950
20210407,10:00,368.45,369.50,358.30,364.60,3600,781950
20210407,10:01,363.90,368.40,361.90,366.40,1725,781950
20210407,10:02,369.20,390.85,369.20,384.25,22575,779325
20210407,10:03,384.40,384.40,376.00,378.90,6675,779325
20210407,10:04,377.60,382.85,375.50,382.50,6225,779325
20210407,10:05,381.00,384.00,377.70,383.90,6375,777600
20210407,10:06,384.45,385.00,380.35,380.35,4800,777600
20210407,10:07,383.15,384.20,379.65,382.50,5175,777600
20210407,10:08,383.10,385.75,378.95,378.95,3825,776925
20210407,10:09,380.00,385.95,380.00,382.10,4725,776925
20210407,10:10,382.55,385.05,372.50,372.90,3525,776925
20210407,10:11,375.00,379.05,374.50,376.40,3975,776325
20210407,10:12,376.55,377.20,373.35,374.15,5850,776325
20210407,10:13,373.65,373.65,369.05,373.45,4275,776325
20210407,10:14,373.45,381.65,373.45,378.75,2700,776475
20210407,10:15,380.25,381.40,374.20,374.70,2250,776475
20210407,10:16,375.00,375.00,355.10,361.85,7350,776475
20210407,10:17,363.65,367.90,361.85,367.90,1350,778800
20210407,10:18,368.00,370.50,364.60,368.90,3225,778800
20210407,10:19,369.90,372.35,367.75,367.75,1275,778800
20210407,10:20,367.20,367.20,361.65,363.50,4575,777300
20210407,10:21,365.10,369.90,365.10,366.30,1200,777300
20210407,10:22,368.25,368.25,363.75,363.75,1125,777300
20210407,10:23,367.00,372.00,367.00,370.65,5550,776850
20210407,10:24,371.70,374.80,370.00,371.30,2925,776850
20210407,10:25,372.70,375.00,370.85,370.85,600,776850
20210407,10:26,376.25,378.00,374.50,375.20,2775,776850
20210407,10:27,374.10,377.40,373.25,377.35,900,776850
20210407,10:28,375.60,380.00,373.05,380.00,1500,776850
20210407,10:29,379.95,379.95,375.55,375.55,1800,773700
20210407,10:30,375.90,381.90,375.65,376.00,2850,773700
20210407,10:31,377.70,378.00,375.00,376.00,975,773700
20210407,10:32,376.50,376.95,375.55,375.55,825,773475
20210407,10:33,376.10,376.10,365.00,365.00,2175,773475
20210407,10:34,365.00,368.45,364.00,368.45,2550,773475
20210407,10:35,366.00,370.85,363.95,370.85,1425,772800
20210407,10:36,374.05,376.05,372.80,374.35,1800,772800
20210407,10:37,372.35,375.00,372.10,373.70,1125,772800
20210407,10:38,373.95,374.45,372.00,374.45,1500,771825
20210407,10:39,374.55,376.95,371.30,372.25,1800,771825
20210407,10:40,374.00,374.00,368.75,371.70,2550,771825
20210407,10:41,368.85,370.80,367.05,370.80,1275,772050
20210407,10:42,368.90,370.45,368.05,369.45,2250,772050
20210407,10:43,369.00,369.00,366.65,367.50,1575,772050
20210407,10:44,365.00,369.15,364.55,369.15,825,771825
20210407,10:45,364.90,364.90,361.70,362.35,1425,771825
20210407,10:46,365.00,371.70,365.00,370.00,825,771825
20210407,10:47,369.00,369.00,366.15,368.95,975,771900
20210407,10:48,369.00,369.75,367.25,367.25,675,771900
20210407,10:49,365.70,366.90,365.10,365.75,900,771900
20210407,10:50,367.80,367.80,364.35,366.00,1650,771600
20210407,10:51,370.00,370.60,368.15,368.45,450,771600
20210407,10:52,370.40,373.05,370.40,372.00,2250,771600
20210407,10:53,372.00,372.00,370.90,370.90,825,772800
20210407,10:54,372.00,375.65,372.00,375.65,2925,772800
20210407,10:55,378.35,393.85,377.60,391.20,27975,772800
20210407,10:56,390.85,393.55,388.95,392.85,5250,777900
20210407,10:57,392.35,402.90,392.35,398.80,14400,777900
20210407,10:58,397.95,404.95,397.20,401.05,4350,777900
20210407,10:59,404.15,414.30,402.80,411.10,6975,775725
20210407,11:00,409.80,420.35,409.80,419.85,11400,775725
20210407,11:01,419.90,425.00,418.00,418.00,11025,775725
20210407,11:02,418.85,420.55,412.15,414.95,6075,773025
20210407,11:03,416.50,418.95,414.85,416.35,3975,773025
20210407,11:04,416.70,422.05,416.70,418.55,2325,773025
20210407,11:05,418.90,421.85,415.00,415.00,2850,768975
20210407,11:06,415.75,422.55,415.75,422.55,1875,768975
20210407,11:07,422.05,426.55,419.25,423.75,3975,768975
20210407,11:08,425.00,425.00,420.10,424.25,1875,766350
20210407,11:09,421.65,424.55,421.65,423.80,1650,766350
20210407,11:10,425.50,426.00,421.50,421.50,2025,766350
20210407,11:11,421.00,422.25,419.00,420.00,1275,767700
20210407,11:12,420.00,420.65,417.65,418.95,3075,767700
20210407,11:13,420.00,423.30,420.00,423.30,3525,767700
20210407,11:14,423.65,434.95,423.50,430.60,5700,768150
20210407,11:15,434.00,440.00,432.95,438.45,8100,768150
20210407,11:16,436.40,438.00,432.75,436.15,4125,768150
20210407,11:17,437.30,440.95,434.05,435.80,36225,761700
20210407,11:18,436.50,436.50,426.55,427.50,4425,761700
20210407,11:19,427.55,429.70,426.00,426.50,5025,761700
20210407,11:20,427.50,428.90,423.05,423.05,2175,752850
20210407,11:21,424.10,428.45,424.10,424.30,1800,752850
20210407,11:22,424.45,425.35,421.10,425.10,3000,752850
20210407,11:23,422.90,424.00,421.05,422.50,975,752850
20210407,11:24,421.20,424.60,420.00,424.15,2475,752850
20210407,11:25,427.15,429.10,425.95,429.10,1125,752850
20210407,11:26,426.00,426.00,424.20,424.20,150,752850
20210407,11:27,424.50,426.20,423.25,424.40,6525,753750
20210407,11:28,424.50,425.50,422.85,425.50,2250,753750
20210407,11:29,427.00,429.65,426.80,428.60,2400,754275
20210407,11:30,429.50,434.60,429.50,434.60,4500,754275
20210407,11:31,435.00,437.20,434.50,435.00,3450,754275
20210407,11:32,435.05,435.05,431.65,431.65,375,752700
20210407,11:33,430.00,431.70,430.00,431.50,975,752700
20210407,11:34,433.10,435.00,431.00,431.00,1950,752700
20210407,11:35,431.05,433.10,428.00,428.00,1200,752700
20210407,11:36,431.05,432.80,430.50,432.00,1425,753000
20210407,11:37,430.80,431.50,428.40,428.40,750,753000
20210407,11:38,428.95,430.45,428.55,429.30,300,752925
20210407,11:40,425.00,425.00,423.40,423.40,825,752925
20210407,11:41,422.95,424.30,421.40,423.25,1500,752925
20210407,11:43,422.40,426.30,422.40,426.30,300,752775
20210407,11:44,427.40,428.90,427.40,428.90,375,752775
20210407,11:45,426.75,428.10,425.20,425.20,300,752925
20210407,11:46,425.20,426.70,425.15,426.70,525,752925
20210407,11:47,423.70,425.00,423.70,425.00,225,752925
20210407,11:48,423.25,423.25,422.55,422.55,300,753225
20210407,11:49,422.55,422.55,422.55,422.55,600,753225
20210407,11:50,419.90,420.20,419.00,419.85,1800,753225
20210407,11:51,421.70,424.70,421.70,422.60,1200,753075
20210407,11:52,420.75,420.75,419.10,419.10,300,753075
20210407,11:53,416.30,418.45,416.30,418.45,750,753075
20210407,11:54,417.50,417.50,410.00,414.35,1875,752100
20210407,11:55,410.00,410.00,404.95,408.70,3750,752100
20210407,11:56,406.40,414.35,406.40,410.10,1575,752100
20210407,11:57,410.40,415.10,410.40,413.55,450,751200
20210407,11:58,413.55,415.40,413.55,414.00,600,751200
20210407,11:59,413.00,413.00,410.00,410.90,1125,751200
20210407,12:00,410.80,411.70,409.50,409.50,600,751650
20210407,12:01,410.40,410.40,403.95,403.95,2700,751650
20210407,12:02,405.50,406.35,405.15,406.35,4650,751650
20210407,12:03,405.00,405.45,405.00,405.20,825,750150
20210407,12:04,408.60,413.50,408.60,412.45,900,750150
20210407,12:05,414.60,423.10,414.60,423.10,1950,750150
20210407,12:06,425.00,425.60,422.85,424.95,975,750975
20210407,12:07,422.95,423.75,422.00,422.70,1050,750975
20210407,12:08,424.55,424.80,422.55,423.65,975,750975
20210407,12:09,424.80,425.20,421.40,421.40,1350,751275
20210407,12:10,423.50,426.50,423.50,426.50,825,751275
20210407,12:11,423.80,424.70,422.25,422.25,300,751275
20210407,12:12,422.65,425.40,422.65,425.40,300,750600
20210407,12:13,430.70,434.70,429.25,431.50,2100,750600
20210407,12:14,430.80,432.00,430.70,432.00,2325,750600
20210407,12:15,431.95,431.95,428.35,430.00,2250,749475
20210407,12:16,430.10,430.10,425.00,427.90,600,749475
20210407,12:17,426.00,426.30,424.20,426.30,975,749475
20210407,12:18,423.35,425.55,423.35,425.55,300,749700
20210407,12:19,426.05,426.75,426.05,426.75,300,749700
20210407,12:20,422.90,422.90,420.85,421.60,1425,749700
20210407,12:21,424.50,424.50,424.50,424.50,75,749700
20210407,12:22,425.00,425.00,424.75,424.75,225,749775
20210407,12:23,423.35,423.35,422.10,422.10,225,749775
20210407,12:24,421.75,421.75,421.75,421.75,225,749775
20210407,12:25,421.75,421.75,418.80,418.80,150,749550
20210407,12:26,420.10,422.25,420.00,422.25,525,749550
20210407,12:27,420.65,420.65,420.00,420.00,300,750225
20210407,12:28,420.75,422.40,420.10,420.85,525,750225
20210407,12:29,423.80,423.80,422.50,422.50,225,750225
20210407,12:30,425.80,427.35,425.45,427.35,1725,750375
20210407,12:31,425.15,425.15,421.05,421.05,300,750375
20210407,12:32,423.50,423.50,422.65,422.65,225,750375
20210407,12:33,422.90,422.90,422.90,422.90,75,750600
20210407,12:34,420.85,420.85,420.85,420.85,75,750600
20210407,12:35,421.50,421.50,420.00,420.75,225,750600
20210407,12:36,421.80,424.80,421.80,424.80,525,750825
20210407,12:37,425.45,425.85,425.35,425.85,375,750825
20210407,12:38,424.10,424.35,423.20,424.35,450,750825
20210407,12:39,424.90,426.85,424.90,425.00,975,750975
20210407,12:40,428.40,429.00,428.00,428.00,375,750975
20210407,12:41,426.55,426.55,426.55,426.55,75,750975
20210407,12:42,426.60,426.60,424.90,424.90,150,750900
20210407,12:43,425.00,425.00,424.35,424.35,225,750900
20210407,12:44,422.40,424.00,422.20,424.00,750,750900
20210407,12:45,421.20,422.75,420.30,422.75,300,750900
20210407,12:46,420.00,420.00,419.25,419.25,150,750900
20210407,12:47,418.55,419.90,414.45,414.45,2025,750900
20210407,12:48,417.20,417.20,417.20,417.20,75,750750
20210407,12:49,420.70,426.80,420.70,426.80,600,750750
20210407,12:50,427.75,433.10,427.75,431.30,2400,750750
20210407,12:51,432.50,433.35,431.10,431.10,1725,751200
20210407,12:52,430.80,434.00,430.80,434.00,600,751200
20210407,12:53,432.05,438.75,432.05,436.60,3900,751200
20210407,12:54,434.75,436.00,433.80,433.80,1425,750675
20210407,12:55,434.05,434.05,434.05,434.05,75,750675
20210407,12:56,433.95,433.95,431.00,432.30,300,750675
20210407,12:57,427.15,429.00,427.15,429.00,675,750300
20210407,12:58,428.95,429.65,427.65,429.65,900,750300
20210407,12:59,430.90,430.90,430.90,430.90,75,750300
20210407,13:00,431.25,435.00,431.25,434.65,825,749925
20210407,13:01,429.30,429.90,428.75,429.90,450,749925
20210407,13:02,428.45,431.35,427.40,431.35,975,749925
20210407,13:03,431.25,431.65,429.85,429.85,375,749325
20210407,13:04,432.85,434.00,432.85,434.00,225,749325
20210407,13:05,436.00,436.20,433.60,433.60,2100,749325
20210407,13:06,433.00,434.55,432.90,434.15,600,748950
20210407,13:07,435.20,436.10,435.00,436.10,675,748950
20210407,13:08,434.70,434.70,433.00,433.45,300,748950
20210407,13:09,434.00,436.00,434.00,434.30,525,748575
20210407,13:10,436.00,441.85,436.00,440.00,8325,748575
20210407,13:11,442.00,442.50,439.55,440.00,1575,748575
20210407,13:12,440.25,440.25,440.00,440.00,375,743775
20210407,13:13,437.00,438.05,437.00,437.00,900,743775
20210407,13:14,439.00,439.00,436.00,436.00,825,743775
20210407,13:15,435.65,435.65,423.50,423.50,6900,742950
20210407,13:16,423.60,424.65,402.00,408.00,10050,742950
20210407,13:17,407.75,423.30,407.75,423.30,4350,742950
20210407,13:18,423.30,423.30,415.50,418.20,3150,743625
20210407,13:19,418.15,422.40,418.15,420.55,600,743625
20210407,13:20,418.15,420.50,417.40,417.40,1350,743625
20210407,13:21,417.05,418.00,414.90,416.80,1125,742950
20210407,13:22,415.20,417.65,415.00,415.00,675,742950
20210407,13:23,413.90,413.90,406.85,406.85,2250,742950
20210407,13:24,405.80,408.05,404.05,404.70,7500,743100
20210407,13:25,400.00,409.45,398.30,409.45,3525,743100
20210407,13:26,405.95,408.00,405.00,408.00,375,743100
20210407,13:27,408.50,411.10,403.95,410.70,1350,738750
20210407,13:28,414.45,414.70,407.50,408.00,1500,738750
20210407,13:29,404.20,405.30,403.05,404.50,825,738750
20210407,13:30,406.75,409.40,404.60,404.60,1125,738075
20210407,13:31,402.00,403.35,398.00,400.40,3075,738075
20210407,13:32,402.80,410.10,402.80,408.45,1050,738075
20210407,13:33,408.90,408.90,405.50,406.00,225,734700
20210407,13:34,406.00,406.00,405.00,405.75,300,734700
20210407,13:35,404.60,412.05,404.60,412.05,1875,734700
20210407,13:36,413.80,418.25,410.25,410.25,1800,730125
20210407,13:37,410.50,412.20,410.50,411.85,300,730125
20210407,13:38,410.30,410.30,410.20,410.20,150,730125
20210407,13:39,407.15,407.15,406.00,406.00,150,730350
20210407,13:40,406.00,406.00,390.00,391.00,12075,730350
20210407,13:41,386.90,386.90,372.20,373.00,14850,730350
20210407,13:42,377.15,382.50,375.75,379.05,4725,725625
20210407,13:43,378.40,383.65,378.40,383.65,975,725625
20210407,13:44,382.75,382.75,377.15,377.15,3300,725625
20210407,13:45,376.15,382.00,376.00,382.00,1275,727200
20210407,13:46,383.80,385.45,382.55,384.00,3525,727200
20210407,13:47,385.10,391.15,383.70,391.15,3000,727200
20210407,13:48,389.00,393.80,387.85,393.80,3750,728700
20210407,13:49,395.85,399.45,395.00,395.00,2925,728700
20210407,13:50,395.35,409.50,395.35,402.55,3600,728700
20210407,13:51,402.35,402.35,398.10,401.25,2400,725475
20210407,13:52,403.00,403.70,401.00,402.80,1575,725475
20210407,13:53,400.00,400.50,398.10,398.10,750,725475
20210407,13:54,399.00,399.00,395.00,396.30,1125,725475
20210407,13:55,398.30,400.75,398.30,399.90,450,724875
20210407,13:56,398.70,402.00,398.70,400.45,1425,724875
20210407,13:57,403.60,403.60,403.00,403.00,450,724875
20210407,13:58,402.70,406.85,401.75,405.90,1500,723375
20210407,13:59,405.10,410.90,405.10,409.95,1575,723375
20210407,14:00,409.15,409.60,403.55,406.75,1650,724200
20210407,14:01,412.50,415.00,412.50,414.00,2625,724200
20210407,14:02,412.50,413.20,410.00,410.55,2550,724200
20210407,14:03,413.85,415.00,412.15,412.15,1125,723450
20210407,14:04,414.65,414.65,412.70,414.00,675,723450
20210407,14:05,412.10,413.05,410.00,413.05,450,723450
20210407,14:06,409.20,415.00,409.20,414.00,1500,723900
20210407,14:07,412.20,415.00,411.30,415.00,900,723900
20210407,14:08,413.55,413.55,412.10,412.85,375,723900
20210407,14:09,413.00,416.50,413.00,413.50,1950,723675
20210407,14:10,410.50,412.00,409.55,412.00,1725,723675
20210407,14:11,415.85,417.10,415.10,415.10,1425,723675
20210407,14:12,414.10,414.10,414.10,414.10,150,723675
20210407,14:13,416.00,416.00,416.00,416.00,150,722700
20210407,14:14,419.50,419.50,414.90,414.90,1725,722700
20210407,14:15,414.30,414.30,409.35,410.00,1800,722775
20210407,14:16,411.30,411.30,407.75,410.70,1050,722775
20210407,14:17,411.90,415.50,411.90,412.20,975,722775
20210407,14:18,412.25,412.25,410.45,410.45,900,722775
20210407,14:19,414.75,417.50,414.50,417.50,675,723075
20210407,14:20,418.00,422.00,418.00,419.80,3375,723075
20210407,14:21,417.50,419.35,417.50,419.35,900,722850
20210407,14:22,420.10,421.00,418.10,418.10,600,722850
20210407,14:23,416.35,417.05,415.65,416.00,450,722850
20210407,14:24,415.10,416.60,415.10,415.35,525,723075
20210407,14:25,414.00,415.40,411.25,414.50,1125,723075
20210407,14:26,415.00,418.00,415.00,418.00,750,723075
20210407,14:27,415.25,415.50,415.00,415.50,225,722625
20210407,14:28,413.65,415.00,413.65,413.95,825,722625
20210407,14:29,413.80,415.50,412.00,413.95,2025,722625
20210407,14:30,414.75,417.00,413.85,413.85,300,722625
20210407,14:31,412.75,415.00,412.75,415.00,375,722625
20210407,14:32,416.80,417.00,415.00,417.00,600,722625
20210407,14:33,419.00,422.45,417.90,422.20,2475,722400
20210407,14:34,423.15,424.40,422.30,423.90,825,722400
20210407,14:35,424.00,424.75,422.65,424.75,525,722400
20210407,14:36,424.65,424.65,421.05,421.50,750,722250
20210407,14:37,423.05,423.05,419.55,419.55,300,722250
20210407,14:38,421.85,421.85,417.15,417.15,525,722250
20210407,14:39,417.55,420.65,417.10,419.80,900,722850
20210407,14:40,418.40,418.40,414.90,414.90,450,722850
20210407,14:41,412.00,413.30,412.00,413.30,450,722850
20210407,14:42,416.45,416.45,416.45,416.45,75,722850
20210407,14:43,412.95,415.10,412.95,414.30,600,722400
20210407,14:44,409.95,410.85,405.75,405.75,2700,722400
20210407,14:45,405.55,405.55,397.10,398.35,5250,721950
20210407,14:46,400.90,401.40,400.00,400.00,525,721950
20210407,14:47,398.35,398.35,392.50,396.15,1575,721950
20210407,14:48,393.50,397.05,391.75,396.50,1725,721650
20210407,14:49,397.10,401.60,396.05,400.15,3600,721650
20210407,14:50,400.10,400.25,398.80,399.05,1425,721650
20210407,14:51,398.65,404.25,398.65,400.85,2625,719925
20210407,14:52,401.15,402.00,394.30,394.30,1650,719925
20210407,14:53,395.50,398.65,395.50,398.65,525,719925
20210407,14:54,400.75,401.40,398.75,399.10,825,718125
20210407,14:55,397.80,401.65,397.65,400.75,2025,718125
20210407,14:56,401.55,401.90,400.10,401.90,375,718125
20210407,14:57,401.80,402.65,401.45,402.40,675,716175
20210407,14:58,402.00,402.25,402.00,402.25,525,716175
20210407,14:59,402.00,402.00,394.40,394.45,5550,716175
20210407,15:00,395.30,402.95,394.45,402.95,900,716175
20210407,15:01,404.75,410.80,403.00,403.00,1350,716475
20210407,15:02,404.00,404.40,400.00,400.00,1350,716475
20210407,15:03,400.85,402.00,400.60,402.00,1200,716625
20210407,15:04,400.05,400.10,397.35,397.50,675,716625
20210407,15:05,401.00,402.35,401.00,402.35,225,716625
20210407,15:06,402.00,402.00,400.00,400.85,525,716625
20210407,15:07,402.10,403.05,402.00,402.75,900,716250
20210407,15:08,403.95,403.95,401.60,403.55,600,716250
20210407,15:09,402.20,402.20,401.65,401.65,300,716325
20210407,15:10,402.55,402.55,398.00,398.00,1650,716325
20210407,15:11,397.45,398.45,394.80,397.60,1875,716325
20210407,15:12,397.80,400.70,397.80,400.70,450,716325
20210407,15:13,398.00,398.05,397.00,397.00,675,712650
20210407,15:14,397.00,397.45,395.50,396.95,1575,712650
20210407,15:15,396.00,397.30,395.30,396.60,3675,708750
20210407,15:16,397.65,399.55,397.65,399.55,2325,708750
20210407,15:17,397.60,398.35,396.85,398.35,2175,708750
20210407,15:18,397.05,397.55,397.00,397.00,750,708750
20210407,15:19,396.00,397.05,395.00,396.05,1800,706950
20210407,15:20,395.00,395.55,392.20,392.60,5250,706950
20210407,15:21,392.55,393.45,391.65,391.70,1125,706950
20210407,15:22,391.20,391.95,390.00,390.35,1125,704700
20210407,15:23,389.70,390.00,387.15,387.35,1725,704700
20210407,15:24,388.15,388.15,385.00,385.00,900,704700
20210407,15:25,385.10,387.00,384.10,387.00,1725,704325
20210407,15:26,386.90,390.00,386.05,389.05,1875,704325
20210407,15:27,390.00,390.00,389.75,389.75,1575,704325
20210407,15:28,392.05,392.40,389.45,390.05,1125,703050
20210407,15:29,391.85,395.00,389.05,393.80,2400,703050
20210408,09:15,399.25,450.45,399.25,443.75,7726,698925
20210408,09:16,443.60,449.15,438.00,447.20,5400,698925
20210408,09:17,450.20,453.60,446.00,450.00,5775,700575
20210408,09:18,449.75,454.90,449.50,454.90,5175,700575
20210408,09:19,452.05,458.55,452.05,458.55,3150,700575
20210408,09:20,458.85,463.20,455.00,460.00,7050,700725
20210408,09:21,460.75,466.80,460.15,461.65,8025,700725
20210408,09:22,462.00,462.00,456.60,457.05,2550,700725
20210408,09:23,453.20,456.40,452.95,456.40,2925,699450
20210408,09:24,456.20,457.30,456.20,456.95,600,699450
20210408,09:25,454.60,456.10,454.05,454.05,1575,699450
20210408,09:26,453.80,453.80,448.30,449.95,4200,694275
20210408,09:27,449.80,451.85,447.65,449.50,3300,694275
20210408,09:28,451.00,451.85,449.85,449.85,750,694275
20210408,09:29,449.85,457.50,449.85,455.00,2025,693000
20210408,09:30,456.45,461.85,454.50,455.35,3375,693000
20210408,09:31,455.95,456.30,451.90,451.90,1950,693000
20210408,09:32,450.00,450.80,448.50,450.80,1050,691500
20210408,09:33,452.70,456.85,452.70,456.20,825,691500
20210408,09:34,456.20,456.35,452.65,453.00,2100,691500
20210408,09:35,453.75,455.05,451.40,454.90,2475,689400
20210408,09:36,455.05,457.85,454.35,457.85,975,689400
20210408,09:37,455.25,455.60,455.25,455.60,150,689400
20210408,09:38,458.15,458.15,455.50,455.50,525,688275
20210408,09:39,452.40,452.40,450.00,450.00,2175,688275
20210408,09:40,450.75,454.00,450.05,450.05,4875,688275
20210408,09:41,450.45,454.40,450.45,454.40,375,690075
20210408,09:42,456.90,456.90,454.00,454.00,225,690075
20210408,09:43,455.75,456.00,454.05,454.05,675,690075
20210408,09:44,453.80,455.00,451.75,455.00,1275,691725
20210408,09:45,456.10,456.10,450.10,450.10,975,691725
20210408,09:46,451.75,454.50,451.75,454.50,1200,691725
20210408,09:47,452.85,453.50,452.85,453.50,600,690825
20210408,09:48,453.95,455.00,453.65,453.65,1200,690825
20210408,09:49,453.00,453.55,450.80,450.80,300,690825
20210408,09:50,451.00,452.00,448.00,448.00,825,691050
20210408,09:51,443.95,445.00,440.55,444.65,6000,691050
20210408,09:52,446.00,448.30,446.00,447.35,300,691050
20210408,09:53,443.90,446.60,443.90,446.60,450,692925
20210408,09:54,448.35,450.30,445.75,450.00,1875,692925
20210408,09:55,450.70,452.30,450.70,452.30,300,692925
20210408,09:56,453.00,456.00,453.00,456.00,525,691650
20210408,09:57,455.50,455.50,454.50,454.50,825,691650
20210408,09:58,452.30,452.30,452.30,452.30,150,691650
20210408,09:59,455.65,455.65,455.65,455.65,150,691650
20210408,10:00,460.00,468.00,460.00,468.00,4650,690675
20210408,10:01,475.15,475.15,468.45,468.45,1725,690675
20210408,10:02,467.70,469.75,466.75,468.70,1050,690075
20210408,10:03,468.00,468.95,466.00,467.10,675,690075
20210408,10:04,466.50,466.50,465.50,465.50,1125,690075
20210408,10:05,465.50,467.95,465.40,467.40,1275,690075
20210408,10:06,462.75,462.90,459.00,462.85,1875,689475
20210408,10:07,463.40,463.50,460.00,460.00,4725,689475
20210408,10:08,461.05,462.25,459.60,459.60,1800,689550
20210408,10:09,461.30,463.00,461.30,463.00,1125,689550
20210408,10:10,463.40,464.20,462.15,462.15,675,689550
20210408,10:11,463.85,464.50,461.50,462.20,1500,689625
20210408,10:12,461.55,464.25,461.55,464.25,300,689625
20210408,10:13,463.25,463.25,462.80,462.80,450,689625
20210408,10:14,463.45,463.45,461.20,461.20,225,689250
20210408,10:15,463.45,463.45,462.55,462.55,300,689250
20210408,10:16,463.00,463.55,461.30,461.30,1650,689250
20210408,10:17,461.75,463.00,461.65,462.45,1050,688950
20210408,10:18,462.15,462.90,457.95,457.95,900,688950
20210408,10:19,456.80,457.95,456.75,456.80,450,688950
20210408,10:20,458.75,462.35,458.75,461.15,750,688950
20210408,10:21,460.00,460.20,460.00,460.20,300,688950
20210408,10:22,461.40,463.50,461.40,463.50,375,688950
20210408,10:23,461.65,462.15,461.65,462.15,600,688950
20210408,10:24,462.00,464.35,460.30,461.60,1200,688500
20210408,10:25,460.75,462.45,460.75,462.45,525,688500
20210408,10:26,462.50,463.25,462.50,463.00,450,688500
20210408,10:27,463.50,466.00,463.50,466.00,750,688125
20210408,10:28,467.00,467.50,466.15,466.15,900,688125
20210408,10:29,466.60,467.00,466.55,466.55,300,687975
20210408,10:30,466.70,478.95,466.70,477.95,4275,687975
20210408,10:31,476.75,477.00,473.95,473.95,750,687975
20210408,10:32,473.70,473.70,471.20,472.85,675,688425
20210408,10:33,473.00,474.45,473.00,474.45,225,688425
20210408,10:34,474.45,476.85,474.45,476.85,675,688425
20210408,10:35,478.00,483.45,478.00,480.05,2400,687825
20210408,10:36,480.00,480.05,479.10,479.80,1875,687825
20210408,10:37,478.00,478.05,476.50,476.50,2100,687825
20210408,10:38,477.30,478.90,477.00,478.90,600,686025
20210408,10:39,479.00,479.00,479.00,479.00,75,686025
20210408,10:40,479.50,479.50,479.50,479.50,75,686025
20210408,10:41,478.65,480.45,478.65,478.95,750,686025
20210408,10:42,478.70,478.70,477.05,477.05,225,686400
20210408,10:43,478.00,478.00,476.50,476.50,150,686400
20210408,10:44,477.00,477.00,474.15,474.15,450,686475
20210408,10:45,470.60,472.90,469.65,469.65,1200,686475
20210408,10:46,473.00,473.00,470.45,470.45,525,686475
20210408,10:47,473.25,473.25,471.05,472.45,825,686250
20210408,10:48,471.50,472.00,470.40,470.40,375,686250
20210408,10:49,471.85,471.85,470.55,470.55,225,686250
20210408,10:50,468.60,471.00,468.60,471.00,375,685725
20210408,10:51,474.85,476.85,474.85,476.85,225,685725
20210408,10:52,475.30,478.00,475.30,478.00,600,685725
20210408,10:53,474.10,474.10,474.00,474.00,225,685500
20210408,10:54,474.00,474.00,472.80,472.80,150,685500
20210408,10:57,475.80,475.80,474.30,474.30,225,685575
20210408,10:58,476.95,477.75,476.65,476.80,450,685575
20210408,10:59,477.40,477.40,477.40,477.40,75,685575
20210408,11:00,478.00,480.00,478.00,479.50,2475,685275
20210408,11:01,480.95,480.95,480.95,480.95,150,685275
20210408,11:02,481.85,482.35,480.00,481.45,1050,683325
20210408,11:03,480.40,480.40,478.00,478.00,900,683325
20210408,11:04,478.20,480.00,478.20,479.75,375,683325
20210408,11:05,478.55,478.55,475.00,475.00,450,683325
20210408,11:06,476.35,476.35,476.35,476.35,300,683325
20210408,11:07,476.50,476.50,476.50,476.50,75,684000
20210408,11:08,476.05,480.20,476.05,480.20,225,684075
20210408,11:09,479.45,480.60,477.70,477.70,825,684075
20210408,11:10,480.00,483.25,480.00,482.00,1125,684075
20210408,11:11,480.00,480.00,480.00,480.00,75,683550
20210408,11:12,478.05,479.15,477.40,479.15,375,683550
20210408,11:13,477.35,478.50,476.10,476.10,375,683550
20210408,11:15,470.55,474.00,470.55,474.00,150,683850
20210408,11:16,468.00,468.35,468.00,468.15,675,683850
20210408,11:17,466.75,466.75,466.75,466.75,75,683850
20210408,11:18,473.00,474.65,473.00,474.65,150,683850
20210408,11:20,472.65,472.65,472.20,472.20,150,683850
20210408,11:22,478.00,479.70,477.50,479.70,450,683850
20210408,11:23,476.60,476.60,476.00,476.00,225,683850
20210408,11:24,472.30,472.30,472.30,472.30,75,683700
20210408,11:25,475.25,475.25,475.25,475.25,75,683700
20210408,11:26,474.65,474.65,474.65,474.65,75,683700
20210408,11:28,473.25,473.25,473.25,473.25,75,683700
20210408,11:30,475.50,475.50,475.50,475.50,150,683775
20210408,11:32,475.00,478.45,475.00,478.45,150,683775
20210408,11:33,476.00,478.00,476.00,478.00,525,683925
20210408,11:35,478.00,478.00,478.00,478.00,75,683925
20210408,11:36,475.00,475.00,475.00,475.00,150,683400
20210408,11:37,468.00,469.05,466.15,466.60,300,683400
20210408,11:38,470.00,470.00,464.40,464.40,300,683400
20210408,11:39,467.85,468.95,467.85,468.95,225,683475
20210408,11:40,466.30,467.30,465.00,465.00,375,683475
20210408,11:41,458.25,462.75,458.25,461.00,2175,683475
20210408,11:42,462.10,462.10,462.10,462.10,75,683475
20210408,11:43,462.10,462.10,462.10,462.10,75,683100
20210408,11:44,459.00,459.00,453.20,453.40,975,683100
20210408,11:45,452.75,458.20,445.05,445.05,1050,683250
20210408,11:46,446.00,452.90,439.00,452.15,3075,683250
20210408,11:47,452.20,452.20,445.70,449.50,750,683250
20210408,11:48,450.70,453.00,450.65,453.00,450,682125
20210408,11:49,452.00,452.00,452.00,452.00,150,682125
20210408,11:50,458.70,458.70,458.70,458.70,150,682125
20210408,11:51,457.50,460.20,457.50,458.50,900,681825
20210408,11:52,460.65,460.65,460.65,460.65,75,681825
20210408,11:54,459.05,459.05,459.05,459.05,75,681375
20210408,11:55,454.85,454.85,454.85,454.85,75,681375
20210408,11:57,456.45,456.45,455.05,455.05,150,681300
20210408,11:58,456.90,456.90,456.90,456.90,75,681300
20210408,11:59,455.00,457.70,453.35,456.25,525,681300
20210408,12:00,455.00,455.00,455.00,455.00,75,681150
20210408,12:02,453.00,454.00,450.00,454.00,1125,681150
20210408,12:03,453.15,453.15,452.20,452.20,150,680475
20210408,12:05,451.00,451.00,451.00,451.00,225,680475
20210408,12:06,450.80,450.80,446.05,447.30,675,680400
20210408,12:07,447.25,448.50,447.25,448.50,300,680400
20210408,12:08,450.50,450.50,449.10,449.95,825,680400
20210408,12:10,447.00,447.00,442.00,442.00,525,680550
20210408,12:11,445.00,445.60,431.50,431.80,4350,680550
20210408,12:12,433.75,435.15,433.75,435.15,900,680250
20210408,12:13,435.60,435.60,431.30,434.00,600,680250
20210408,12:14,435.00,435.50,433.00,433.00,975,680250
20210408,12:15,431.60,440.75,431.60,437.90,1650,680625
20210408,12:16,440.35,445.55,440.35,445.55,525,680625
20210408,12:17,447.10,447.50,446.05,447.50,300,680625
20210408,12:19,445.25,449.00,445.25,449.00,150,680325
20210408,12:21,451.90,451.90,451.90,451.90,75,680250
20210408,12:22,451.50,451.50,450.00,450.00,525,680250
20210408,12:23,450.00,450.00,448.00,448.75,2475,680250
20210408,12:24,446.05,446.05,445.90,445.90,150,679425
20210408,12:25,448.70,448.70,446.10,448.45,675,679425
20210408,12:26,447.95,447.95,447.95,447.95,150,679425
20210408,12:27,450.00,451.00,450.00,451.00,300,679425
20210408,12:28,451.10,451.10,451.10,451.10,150,679425
20210408,12:29,450.40,452.25,450.40,452.25,225,679425
20210408,12:30,452.10,461.55,452.10,461.55,1050,679575
20210408,12:31,458.90,465.85,458.90,465.00,1575,679575
20210408,12:32,463.35,463.35,461.30,463.00,600,679575
20210408,12:33,464.95,464.95,464.00,464.00,600,679350
20210408,12:34,462.00,462.00,462.00,462.00,150,679350
20210408,12:35,462.90,462.90,462.90,462.90,225,679350
20210408,12:37,459.25,459.25,459.25,459.25,150,679275
20210408,12:38,459.50,461.50,459.50,460.05,525,679275
20210408,12:39,462.90,464.80,462.90,464.80,225,679575
20210408,12:40,464.00,464.00,463.00,463.35,675,679575
20210408,12:41,465.00,465.00,465.00,465.00,450,679575
20210408,12:42,465.00,465.00,462.75,463.55,600,679575
20210408,12:43,465.00,465.00,465.00,465.00,150,679575
20210408,12:44,465.80,471.10,465.80,471.10,1425,679575
20210408,12:45,474.25,474.70,471.30,471.30,750,679050
20210408,12:46,470.45,470.70,470.00,470.45,675,679050
20210408,12:47,467.95,468.10,467.95,468.10,525,679050
20210408,12:48,468.00,468.00,467.50,467.50,150,679050
20210408,12:49,466.50,466.50,465.60,465.95,225,678600
20210408,12:50,465.90,465.90,465.90,465.90,75,678600
20210408,12:51,468.00,468.00,465.00,465.00,150,678525
20210408,12:52,463.00,463.00,463.00,463.00,150,678525
20210408,12:54,465.00,465.00,465.00,465.00,75,678525
20210408,12:55,461.20,464.20,461.20,464.20,150,678600
20210408,12:59,462.30,462.30,462.30,462.30,75,678675
20210408,13:00,461.75,461.75,456.25,457.25,675,678525
20210408,13:01,461.20,461.20,461.20,461.20,75,678525
20210408,13:02,461.00,461.00,460.00,460.00,675,678525
20210408,13:03,461.55,461.55,461.55,461.55,75,678525
20210408,13:05,463.00,463.00,463.00,463.00,225,678525
20210408,13:06,464.20,464.20,464.20,464.20,75,678525
20210408,13:07,464.45,464.45,464.45,464.45,75,678525
20210408,13:08,460.20,460.20,454.45,454.45,375,678525
20210408,13:09,457.00,457.00,456.95,456.95,300,678450
20210408,13:10,457.50,457.50,457.50,457.50,225,678450
20210408,13:11,453.15,453.15,453.15,453.15,75,678450
20210408,13:12,450.00,453.90,450.00,453.90,300,678300
20210408,13:13,458.00,459.00,456.00,456.00,225,678300
20210408,13:15,459.80,471.60,459.80,471.60,3150,678225
20210408,13:16,469.00,469.35,465.45,465.45,1200,678225
20210408,13:18,464.90,464.90,464.90,464.90,150,678225
20210408,13:19,469.50,469.50,468.10,468.10,375,677625
20210408,13:20,471.00,474.50,471.00,472.00,750,677625
20210408,13:21,467.10,467.35,467.10,467.35,750,677325
20210408,13:22,465.55,467.90,465.25,465.25,1575,677325
20210408,13:23,469.45,471.15,469.45,471.15,300,677325
20210408,13:24,470.90,477.50,469.40,477.45,1425,676575
20210408,13:25,477.95,480.00,477.75,478.00,1575,676575
20210408,13:26,474.30,475.00,474.30,475.00,150,676575
20210408,13:27,475.45,475.45,475.45,475.45,150,676575
20210408,13:28,475.50,477.70,475.50,477.70,600,675975
20210408,13:29,475.50,475.50,475.50,475.50,300,675975
20210408,13:30,473.25,473.25,468.60,468.60,300,675975
20210408,13:31,479.55,479.55,478.80,478.80,675,676425
20210408,13:32,478.15,478.90,477.75,477.75,300,676425
20210408,13:33,476.30,476.30,476.30,476.30,75,676425
20210408,13:34,476.15,476.15,476.15,476.15,150,676575
20210408,13:35,478.00,487.05,478.00,487.05,2100,676575
20210408,13:36,486.00,489.75,486.00,487.00,1275,676800
20210408,13:37,484.60,486.90,484.60,486.90,150,676800
20210408,13:38,489.45,489.45,489.45,489.45,375,676800
20210408,13:39,489.80,491.35,487.60,487.60,2475,677250
20210408,13:40,488.80,490.25,488.80,490.25,375,677250
20210408,13:41,490.90,490.90,487.25,489.30,525,677250
20210408,13:42,487.20,487.55,485.65,487.30,375,677250
20210408,13:43,484.50,484.50,484.50,484.50,75,676500
20210408,13:44,487.15,487.15,487.15,487.15,150,676500
20210408,13:45,483.65,484.50,482.65,482.65,825,676275
20210408,13:46,477.00,480.00,477.00,479.00,1125,676275
20210408,13:47,482.00,485.45,482.00,485.45,1725,676275
20210408,13:48,482.90,483.25,482.90,483.25,525,675075
20210408,13:50,482.00,482.00,480.20,482.00,450,675075
20210408,13:51,479.95,485.85,479.95,485.85,525,674550
20210408,13:52,479.70,479.80,477.45,477.45,1425,674550
20210408,13:53,474.85,481.20,474.85,481.20,225,674550
20210408,13:54,478.85,478.85,478.85,478.85,75,673875
20210408,13:56,478.00,478.00,474.65,475.05,525,673875
20210408,13:57,475.20,478.85,475.20,476.20,450,673725
20210408,13:58,475.80,475.80,474.65,474.65,300,673725
20210408,13:59,476.30,476.30,471.30,473.05,1725,673725
20210408,14:00,471.50,480.30,471.50,478.40,675,672975
20210408,14:01,479.00,480.10,477.00,480.10,1050,672975
20210408,14:02,483.10,483.10,476.75,476.85,450,672975
20210408,14:03,478.30,478.30,474.80,474.80,1650,672975
20210408,14:04,472.95,473.35,472.95,473.35,225,671850
20210408,14:05,468.35,468.35,459.40,462.65,3600,671850
20210408,14:06,463.10,468.85,463.10,467.70,1275,670875
20210408,14:07,467.50,467.55,463.90,463.90,1800,670875
20210408,14:08,464.45,469.20,464.45,466.60,450,670875
20210408,14:09,467.25,469.20,466.50,469.20,300,670875
20210408,14:10,474.95,474.95,470.00,470.00,675,669600
20210408,14:11,469.85,474.70,469.85,474.15,525,669600
20210408,14:12,474.05,474.05,470.30,471.90,300,669225
20210408,14:13,471.15,471.65,470.20,471.00,600,669225
20210408,14:14,468.75,473.05,467.10,473.05,1350,669225
20210408,14:15,467.50,467.50,464.55,465.50,300,668175
20210408,14:16,464.55,464.55,464.55,464.55,75,668175
20210408,14:19,456.00,456.00,455.05,455.55,1050,668025
20210408,14:20,464.95,464.95,464.95,464.95,75,668025
20210408,14:21,465.00,465.00,463.50,465.00,300,668025
20210408,14:24,469.25,469.25,465.45,465.75,225,667725
20210408,14:25,465.95,465.95,463.00,463.00,300,667725
20210408,14:26,460.05,465.15,460.05,465.15,1275,667725
20210408,14:27,459.60,459.60,459.60,459.60,150,666675
20210408,14:29,454.50,457.65,454.50,454.90,1500,666675
20210408,14:30,450.55,451.00,440.00,444.10,6375,664425
20210408,14:31,442.10,445.20,438.00,442.90,975,664425
20210408,14:32,440.00,441.50,438.00,438.00,525,664425
20210408,14:33,438.00,438.85,424.95,425.00,8325,662625
20210408,14:34,419.00,425.00,417.20,425.00,11250,662625
20210408,14:35,425.00,425.00,415.25,418.60,2475,662625
20210408,14:36,416.85,418.65,406.05,412.50,14400,656550
20210408,14:37,416.15,423.45,413.95,420.90,1500,656550
20210408,14:38,418.85,421.85,418.10,421.85,675,656550
20210408,14:39,424.15,424.95,422.35,424.00,600,646575
20210408,14:40,425.50,431.10,425.50,431.10,2025,646575
20210408,14:41,428.15,428.15,420.00,420.00,825,646575
20210408,14:42,422.90,423.75,422.90,423.75,150,646575
20210408,14:43,421.05,427.55,421.05,427.55,1125,646575
20210408,14:44,427.50,430.30,427.50,429.00,1725,646575
20210408,14:45,428.00,428.00,421.10,422.40,750,646575
20210408,14:46,421.05,425.00,421.05,423.00,975,644550
20210408,14:47,422.85,422.85,412.70,412.95,2475,644550
20210408,14:48,420.75,420.75,417.60,417.60,675,644550
20210408,14:49,420.00,423.85,420.00,423.85,600,643650
20210408,14:50,423.60,423.60,417.80,417.80,750,643650
20210408,14:51,417.75,417.95,417.75,417.95,225,643650
20210408,14:52,418.00,418.00,413.50,417.90,975,642600
20210408,14:53,419.00,422.50,417.85,419.85,450,642600
20210408,14:54,418.10,418.10,417.65,417.65,225,642600
20210408,14:55,421.50,421.50,417.00,419.80,600,642825
20210408,14:56,418.45,420.30,416.05,416.05,525,642825
20210408,14:57,416.60,416.60,410.20,412.65,750,642525
20210408,14:58,412.00,414.75,410.00,410.00,1800,642525
20210408,14:59,410.60,410.60,393.50,393.50,12225,642525
20210408,15:00,393.50,396.20,384.60,396.20,2925,638025
20210408,15:01,393.25,402.00,392.65,402.00,2475,638025
20210408,15:02,402.85,411.50,402.85,411.50,1575,638025
20210408,15:03,411.95,413.00,410.80,411.65,1350,638025
20210408,15:04,412.05,413.45,410.45,413.05,1950,638475
20210408,15:05,413.00,416.85,412.95,416.85,825,638475
20210408,15:06,418.90,423.00,418.90,420.75,2100,637500
20210408,15:07,421.50,428.05,421.50,427.75,1800,637500
20210408,15:08,426.50,427.50,420.25,420.25,2850,637500
20210408,15:09,420.00,421.70,415.45,416.50,2400,637500
20210408,15:10,412.95,414.30,412.95,414.30,1200,636525
20210408,15:11,411.00,411.70,411.00,411.45,675,636525
20210408,15:12,413.25,413.45,411.85,412.00,900,636525
20210408,15:13,412.95,414.10,412.95,413.70,900,634650
20210408,15:14,413.60,414.00,411.35,411.35,1650,634650
20210408,15:15,410.05,412.55,409.55,412.55,900,632250
20210408,15:16,413.80,420.00,413.80,420.00,2400,632250
20210408,15:17,421.55,427.15,421.55,425.80,1275,632250
20210408,15:18,428.50,428.50,424.20,424.90,3900,632250
20210408,15:19,424.95,425.45,423.45,424.70,1350,630675
20210408,15:20,424.40,427.40,424.40,426.40,1575,630675
20210408,15:21,425.40,426.00,423.65,423.65,975,630675
20210408,15:22,423.80,424.30,422.50,424.30,1875,630525
20210408,15:23,421.60,421.75,419.60,419.60,525,630525
20210408,15:24,421.50,422.20,421.05,422.20,225,630525
20210408,15:25,420.80,422.30,419.75,419.75,1275,629400
20210408,15:26,421.10,423.20,421.10,422.80,1200,629400
20210408,15:27,423.00,423.50,422.00,423.50,1500,629400
20210408,15:28,423.50,423.50,421.00,422.00,1425,628275
20210408,15:29,421.00,424.05,421.00,424.05,1350,628275
20210409,09:15,391.30,394.40,379.55,388.45,5776,624600
20210409,09:16,388.55,395.60,377.05,395.60,3450,624600
20210409,09:17,394.90,420.60,394.90,407.15,11400,624450
20210409,09:18,400.85,405.95,396.90,396.90,3000,624450
20210409,09:19,391.15,397.70,388.40,389.50,1500,624450
20210409,09:20,383.30,390.00,380.75,386.25,1800,621675
20210409,09:21,385.30,385.30,372.50,379.70,5025,621675
20210409,09:22,377.15,382.40,377.15,381.75,3375,621675
20210409,09:23,379.00,387.00,378.85,387.00,1725,623325
20210409,09:24,389.05,394.45,385.80,391.20,750,623325
20210409,09:25,389.50,398.40,384.15,397.80,1800,623325
20210409,09:26,396.05,396.05,392.60,394.50,1350,623250
20210409,09:27,399.10,407.60,399.10,407.10,1425,623250
20210409,09:28,406.35,406.35,400.00,400.50,1200,623250
20210409,09:29,401.00,401.00,398.30,400.00,450,623700
20210409,09:30,391.40,395.40,390.00,395.40,525,623700
20210409,09:31,393.40,401.55,391.50,400.00,7425,623700
20210409,09:32,400.00,400.00,398.05,398.05,150,619800
20210409,09:34,393.00,393.55,393.00,393.55,225,619800
20210409,09:35,393.25,401.50,393.25,396.00,3525,619725
20210409,09:36,399.00,405.05,399.00,403.00,1275,619725
20210409,09:37,403.65,406.15,398.50,404.30,1275,619725
20210409,09:38,404.05,404.35,403.65,404.35,600,619725
20210409,09:39,405.00,405.65,405.00,405.65,150,619725
20210409,09:40,403.00,410.80,403.00,409.80,3225,619725
20210409,09:41,409.15,410.45,407.60,408.45,525,619575
20210409,09:42,408.75,410.25,406.85,406.85,600,619575
20210409,09:43,408.10,421.15,408.10,417.30,2550,619575
20210409,09:44,418.10,420.00,415.00,415.00,1050,619125
20210409,09:45,420.00,423.00,417.70,420.00,1275,619125
20210409,09:46,419.05,419.05,410.00,410.00,975,619125
20210409,09:47,407.00,407.05,400.50,403.00,675,619425
20210409,09:48,399.90,404.20,395.00,395.00,675,619425
20210409,09:49,396.80,396.80,396.80,396.80,225,619425
20210409,09:50,392.40,399.90,392.40,393.85,450,618975
20210409,09:51,393.25,393.25,393.25,393.25,75,618975
20210409,09:52,389.00,394.10,389.00,394.10,675,618975
20210409,09:53,395.00,397.50,394.50,394.50,675,618975
20210409,09:54,393.30,401.85,393.30,401.85,1350,618975
20210409,09:55,397.00,397.00,397.00,397.00,75,618975
20210409,09:56,401.00,402.00,401.00,401.65,300,618600
20210409,09:57,403.80,405.00,403.80,405.00,375,618600
20210409,09:58,401.95,402.65,400.60,402.20,525,618600
20210409,09:59,405.00,405.00,401.30,403.50,1050,618975
20210409,10:00,404.85,408.50,403.65,408.25,1350,618975
20210409,10:01,408.50,408.50,405.10,406.10,825,618975
20210409,10:02,405.60,405.60,401.00,401.00,300,619125
20210409,10:03,406.00,414.00,406.00,414.00,1425,619125
20210409,10:04,413.30,416.75,413.30,414.45,675,619125
20210409,10:05,413.00,419.00,412.45,414.80,1050,619125
20210409,10:06,413.85,413.85,409.75,412.65,1275,619125
20210409,10:07,413.65,417.30,413.65,417.30,300,619125
20210409,10:08,414.95,417.00,414.80,416.05,1200,619200
20210409,10:09,414.40,426.90,414.40,426.90,2850,619200
20210409,10:10,426.00,438.40,425.95,432.25,5400,619200
20210409,10:11,431.50,432.90,427.30,431.00,825,619125
20210409,10:12,430.00,430.00,426.30,428.70,1500,619125
20210409,10:14,427.45,432.15,423.95,432.15,525,618675
20210409,10:15,434.75,436.65,425.00,425.90,1350,618675
20210409,10:16,427.40,429.50,427.40,429.50,300,618675
20210409,10:18,427.00,427.00,427.00,427.00,75,617625
20210409,10:19,423.85,423.85,423.85,423.85,225,617625
20210409,10:20,426.05,426.05,421.60,421.70,600,617850
20210409,10:21,420.00,420.00,418.25,419.95,600,617850
20210409,10:22,419.85,421.10,419.85,421.10,150,617850
20210409,10:23,425.00,426.85,425.00,426.85,300,617850
20210409,10:24,428.20,428.50,427.50,428.50,300,618000
20210409,10:25,429.75,432.00,429.00,432.00,825,618000
20210409,10:26,431.05,432.65,426.75,426.75,300,618600
20210409,10:27,422.00,422.00,422.00,422.00,75,618600
20210409,10:28,419.80,425.05,419.80,425.05,225,618600
20210409,10:29,422.25,422.25,420.05,420.05,600,618525
20210409,10:30,417.45,417.45,417.45,417.45,75,618525
20210409,10:31,417.00,417.00,417.00,417.00,75,618525
20210409,10:32,423.00,423.00,423.00,423.00,75,618525
20210409,10:33,423.80,423.80,423.80,423.80,75,618225
20210409,10:34,428.45,428.45,423.30,428.20,750,618225
20210409,10:35,427.00,427.00,427.00,427.00,300,618375
20210409,10:36,427.00,427.50,424.15,424.15,750,618375
20210409,10:37,423.50,427.50,423.50,426.50,975,618375
20210409,10:38,425.30,425.30,425.30,425.30,75,618375
20210409,10:39,425.85,425.85,425.25,425.25,225,618825
20210409,10:40,422.70,422.70,422.70,422.70,75,618825
20210409,10:41,419.05,420.30,419.05,419.75,975,619200
20210409,10:42,417.20,421.00,416.00,421.00,1875,619200
20210409,10:43,420.55,420.55,417.50,417.50,375,619200
20210409,10:44,416.25,416.25,408.45,408.45,1275,618225
20210409,10:45,407.05,407.20,402.95,407.20,1950,618225
20210409,10:46,406.70,406.70,406.70,406.70,75,618225
20210409,10:47,405.55,410.00,405.25,410.00,825,618600
20210409,10:48,415.85,416.85,410.85,413.00,1275,618600
20210409,10:49,411.60,412.00,409.10,409.10,675,618600
20210409,10:50,409.70,412.50,408.95,412.50,600,619050
20210409,10:51,411.20,411.20,406.30,406.30,225,619050
20210409,10:52,408.55,408.55,408.55,408.55,75,619050
20210409,10:53,403.45,403.45,402.95,402.95,225,619050
20210409,10:54,403.00,403.60,402.50,402.50,450,619500
20210409,10:55,400.00,407.05,398.00,407.05,1050,619500
20210409,10:57,409.55,409.55,407.05,408.75,525,618375
20210409,10:58,407.30,407.30,405.45,405.45,225,618375
20210409,11:00,410.00,410.00,410.00,410.00,75,618450
20210409,11:01,414.65,414.65,414.65,414.65,75,618450
20210409,11:02,405.45,405.45,403.70,403.70,900,618375
20210409,11:03,400.70,404.60,400.35,404.60,750,618375
20210409,11:04,401.05,401.05,395.50,399.65,1125,618375
20210409,11:05,398.05,398.05,396.60,396.60,300,618750
20210409,11:06,398.00,398.00,397.55,397.55,225,618750
20210409,11:07,398.30,400.45,398.30,400.45,150,618750
20210409,11:08,400.10,400.10,400.10,400.10,150,618750
20210409,11:09,400.80,400.80,390.55,390.55,2400,618600
20210409,11:10,394.95,394.95,394.95,394.95,75,618600
20210409,11:11,395.40,395.40,391.15,391.70,675,617475
20210409,11:12,390.50,390.50,386.70,387.50,1425,617475
20210409,11:13,388.25,388.25,384.00,387.40,825,617475
20210409,11:14,392.85,392.85,388.00,388.00,1875,616575
20210409,11:15,385.50,388.30,384.95,388.10,1050,616575
20210409,11:16,388.00,388.80,387.25,388.80,675,616575
20210409,11:17,389.50,393.50,386.05,392.00,3600,618900
20210409,11:18,389.60,390.00,386.65,387.85,2625,618900
20210409,11:19,386.95,387.10,385.00,385.00,1050,618900
20210409,11:20,381.15,386.00,379.65,383.40,3450,621675
20210409,11:21,388.70,393.00,388.70,390.50,1725,621675
20210409,11:22,388.95,396.50,388.10,396.50,1950,621675
20210409,11:23,394.30,395.00,394.30,395.00,750,621675
20210409,11:24,397.00,399.90,395.80,396.10,2100,622950
20210409,11:25,394.80,395.15,390.75,391.80,1950,622950
20210409,11:26,392.50,396.55,392.35,392.35,2250,625950
20210409,11:27,395.85,395.85,395.05,395.05,1050,625950
20210409,11:28,392.75,392.75,388.10,391.65,975,625950
20210409,11:30,387.00,387.00,382.65,382.65,1275,628275
20210409,11:32,390.90,390.90,390.70,390.70,300,628275
20210409,11:33,387.30,387.30,386.20,387.15,375,626775
20210409,11:34,386.15,386.15,386.15,386.15,75,626775
20210409,11:35,386.15,387.00,383.90,387.00,750,626775
20210409,11:36,390.40,394.00,388.90,390.30,1125,626100
20210409,11:37,392.80,397.05,392.80,394.25,825,626100
20210409,11:38,393.00,394.10,392.40,393.60,2250,627975
20210409,11:39,394.85,394.85,391.55,392.85,1425,627975
20210409,11:40,394.70,394.70,392.70,392.70,450,627975
20210409,11:41,396.90,400.00,396.10,396.90,675,627975
20210409,11:42,398.90,398.90,396.50,396.50,375,629325
20210409,11:43,397.25,401.00,397.25,398.75,2100,629325
20210409,11:44,398.30,398.30,394.70,394.70,450,629325
20210409,11:45,405.05,407.60,402.25,404.55,1800,630375
20210409,11:46,403.75,403.75,402.05,402.90,375,630375
20210409,11:47,403.90,403.90,400.00,400.00,975,630375
20210409,11:50,396.00,396.00,396.00,396.00,375,630375
20210409,11:51,396.00,398.00,395.00,397.80,1125,627975
20210409,11:52,397.45,400.00,396.80,400.00,825,627975
20210409,11:53,404.55,404.55,404.55,404.55,225,627975
20210409,11:54,404.55,404.55,402.60,403.70,375,627750
20210409,11:55,404.00,404.45,401.90,404.45,450,627750
20210409,11:56,404.90,404.90,402.70,402.70,150,627750
20210409,11:57,401.05,401.05,400.90,400.90,750,627600
20210409,11:59,402.05,404.00,402.05,404.00,750,627600
20210409,12:00,404.50,404.50,399.80,399.80,225,627000
20210409,12:01,396.25,396.25,394.30,394.30,225,627000
20210409,12:02,395.40,395.40,395.40,395.40,75,627000
20210409,12:03,392.15,392.15,392.00,392.00,150,626850
20210409,12:04,395.20,395.20,395.20,395.20,150,626850
20210409,12:05,391.00,391.00,390.70,390.70,975,626850
20210409,12:06,396.00,396.00,396.00,396.00,75,625875
20210409,12:07,393.15,393.15,393.15,393.15,225,625875
20210409,12:08,391.00,391.00,390.00,390.00,600,625875
20210409,12:09,389.45,389.45,388.95,388.95,300,626325
20210409,12:10,388.35,390.00,387.55,389.00,1200,626325
20210409,12:11,388.60,389.75,388.60,389.75,150,626325
20210409,12:12,389.60,389.60,389.60,389.60,75,626025
20210409,12:14,389.00,390.50,388.95,390.50,300,626025
20210409,12:15,393.80,393.80,393.80,393.80,150,625875
20210409,12:16,395.00,395.00,393.50,393.95,375,625875
20210409,12:17,393.90,393.90,393.90,393.90,225,625875
20210409,12:18,394.00,394.00,394.00,394.00,150,625950
20210409,12:19,395.60,395.60,395.60,395.60,75,625950
20210409,12:20,396.85,400.40,396.50,396.50,2700,625950
20210409,12:21,397.55,397.65,397.55,397.65,375,626925
20210409,12:22,399.00,400.00,398.50,398.50,525,626925
20210409,12:23,397.55,399.60,397.55,399.60,300,626925
20210409,12:24,400.10,400.45,400.10,400.45,150,626925
20210409,12:25,400.40,405.70,399.45,402.55,1875,626925
20210409,12:26,402.20,409.55,402.20,406.35,1200,626925
20210409,12:27,406.30,406.30,406.30,406.30,300,626250
20210409,12:28,405.50,405.65,402.90,403.10,825,626250
20210409,12:29,403.50,403.50,402.90,402.90,225,626250
20210409,12:30,403.00,403.00,399.65,399.65,225,625575
20210409,12:31,399.65,399.65,398.60,398.60,150,625575
20210409,12:32,400.00,401.30,400.00,401.30,225,625575
20210409,12:33,399.80,399.80,399.80,399.80,225,625650
20210409,12:34,404.15,405.20,404.15,405.20,300,625650
20210409,12:35,404.35,404.95,404.35,404.35,300,625650
20210409,12:36,408.15,408.15,406.70,406.70,225,625725
20210409,12:37,406.85,408.00,406.70,407.15,675,625725
20210409,12:38,407.50,409.00,407.45,409.00,600,625725
20210409,12:39,409.00,409.00,407.00,407.00,225,625575
20210409,12:40,405.20,405.90,403.95,405.10,900,625575
20210409,12:41,405.05,405.05,405.05,405.05,75,625575
20210409,12:42,407.60,408.95,406.20,406.20,450,626025
20210409,12:43,403.45,405.85,403.45,405.85,375,626025
20210409,12:44,404.50,406.20,404.50,406.20,150,626025
20210409,12:45,407.00,410.00,406.55,410.00,2700,625650
20210409,12:46,412.30,416.75,412.30,413.85,1875,625650
20210409,12:47,411.90,411.90,409.50,409.50,150,625650
20210409,12:49,399.95,399.95,394.00,395.25,2475,626325
20210409,12:50,395.20,395.20,390.80,390.80,1125,626325
20210409,12:51,398.00,398.00,396.00,396.85,450,626025
20210409,12:52,396.45,397.00,396.35,396.35,300,626025
20210409,12:55,394.25,394.25,393.20,394.00,825,625950
20210409,12:56,401.00,402.45,401.00,402.45,150,625950
20210409,12:57,400.50,400.55,400.50,400.55,150,625650
20210409,12:58,404.65,404.65,399.45,399.45,375,625650
20210409,12:59,400.15,400.15,398.15,398.70,375,625650
20210409,13:00,395.85,397.65,395.85,397.65,150,625950
20210409,13:01,395.20,398.30,395.20,398.05,1275,625950
20210409,13:03,395.15,395.50,392.55,392.55,600,626775
20210409,13:05,392.00,392.00,389.25,389.25,675,626775
20210409,13:06,390.15,395.00,390.15,395.00,150,625875
20210409,13:07,397.05,403.40,397.05,403.05,2250,625875
20210409,13:08,401.20,401.20,399.40,400.00,525,625875
20210409,13:09,399.85,399.90,399.85,399.90,150,626475
20210409,13:10,397.00,397.85,396.00,397.85,300,626475
20210409,13:11,397.15,397.15,397.15,397.15,75,626475
20210409,13:12,395.55,395.55,395.55,395.55,75,626175
20210409,13:13,395.55,396.20,395.55,396.20,150,626175
20210409,13:14,394.00,394.00,393.75,393.75,1125,626175
20210409,13:15,393.75,393.75,393.75,393.75,75,625275
20210409,13:16,390.05,390.05,389.05,389.05,1275,625275
20210409,13:17,392.80,392.80,392.00,392.00,750,625275
20210409,13:18,393.95,397.00,393.95,397.00,450,625125
20210409,13:19,398.50,398.75,398.50,398.75,600,625125
20210409,13:21,398.75,398.75,398.75,398.75,150,625875
20210409,13:22,398.75,400.25,398.50,398.50,750,625875
20210409,13:24,398.50,398.50,398.50,398.50,75,625950
20210409,13:25,400.00,400.00,400.00,400.00,75,625950
20210409,13:26,401.20,401.20,399.80,399.80,225,625950
20210409,13:27,399.15,403.20,399.15,403.20,150,626250
20210409,13:28,400.90,400.90,400.90,400.90,75,626250
20210409,13:33,396.55,396.55,396.55,396.55,225,626625
20210409,13:34,395.10,395.10,395.10,395.10,75,626625
20210409,13:35,392.45,392.70,390.00,390.00,525,626625
20210409,13:36,390.55,390.55,390.00,390.00,450,626250
20210409,13:37,393.30,393.65,392.15,392.15,225,626250
20210409,13:38,393.35,393.35,393.35,393.35,75,626250
20210409,13:39,390.00,390.00,381.40,382.55,7350,626175
20210409,13:40,384.00,384.00,378.00,378.45,2025,626175
20210409,13:41,375.00,378.20,375.00,375.00,2175,626175
20210409,13:42,372.65,375.00,368.25,368.25,1575,628275
20210409,13:43,370.10,372.35,367.90,370.35,1950,628275
20210409,13:44,369.15,369.15,364.95,365.00,1125,628275
20210409,13:45,364.90,364.90,350.75,358.50,8850,628125
20210409,13:46,358.00,366.40,358.00,366.40,1275,628125
20210409,13:47,366.00,370.00,362.95,362.95,1575,628125
20210409,13:48,360.40,360.90,343.70,348.15,6150,629025
20210409,13:49,345.50,354.65,345.35,354.65,1650,629025
20210409,13:50,352.00,358.45,347.25,356.35,2175,629025
20210409,13:51,357.00,357.00,350.00,353.95,2250,630300
20210409,13:52,351.40,356.00,351.40,356.00,3450,630300
20210409,13:53,353.45,358.50,353.45,353.45,2625,630300
20210409,13:54,357.65,362.00,357.65,359.45,975,631950
20210409,13:55,360.60,362.80,358.30,360.70,750,631950
20210409,13:56,361.25,366.00,361.25,361.80,2400,631950
20210409,13:57,355.45,358.00,355.45,358.00,375,630675
20210409,13:58,356.25,357.45,356.25,357.40,675,630675
20210409,13:59,360.00,360.00,355.25,355.25,375,630675
20210409,14:00,355.00,355.00,349.00,349.00,600,630675
20210409,14:01,350.95,350.95,350.95,350.95,300,630675
20210409,14:02,353.50,357.00,353.50,357.00,375,630675
20210409,14:03,359.00,361.45,356.95,357.90,900,629850
20210409,14:04,361.10,363.20,361.00,361.00,750,629850
20210409,14:05,362.00,363.00,358.75,363.00,525,629850
20210409,14:06,365.00,374.45,365.00,367.35,10125,628650
20210409,14:07,370.70,372.65,369.00,370.00,7350,628650
20210409,14:08,368.20,368.20,365.75,368.10,750,628650
20210409,14:09,368.90,368.90,366.70,366.90,375,627075
20210409,14:10,365.00,365.00,363.00,363.00,750,627075
20210409,14:11,369.80,369.80,368.15,368.15,150,627075
20210409,14:12,366.00,366.00,364.50,364.50,900,626025
20210409,14:13,366.00,366.05,365.80,365.80,450,626025
20210409,14:14,367.00,367.65,367.00,367.00,450,626025
20210409,14:15,365.00,371.50,365.00,371.50,675,626175
20210409,14:16,378.40,378.40,375.00,375.00,1575,626175
20210409,14:17,372.00,373.50,372.00,373.50,750,626175
20210409,14:18,374.50,374.50,374.50,374.50,150,626175
20210409,14:19,371.00,381.30,371.00,379.60,1200,622950
20210409,14:20,378.30,378.90,377.65,377.65,1275,622950
20210409,14:21,377.65,377.65,374.85,374.85,300,623250
20210409,14:22,375.00,375.00,372.20,372.50,975,623250
20210409,14:23,374.00,376.35,373.50,373.65,2250,623250
20210409,14:24,373.00,374.95,373.00,374.95,225,621900
20210409,14:25,375.50,376.80,372.95,373.65,600,621900
20210409,14:26,377.00,379.90,377.00,379.70,750,621900
20210409,14:27,382.00,383.35,380.15,380.15,1425,621600
20210409,14:28,378.50,390.05,378.50,390.05,6450,621600
20210409,14:29,395.80,397.00,384.00,384.00,2475,621600
20210409,14:30,384.45,385.00,380.70,382.00,1575,619350
20210409,14:31,378.75,380.10,378.75,380.10,375,619350
20210409,14:32,377.90,377.90,372.10,373.50,1650,619350
20210409,14:33,374.50,374.50,372.50,372.50,225,619575
20210409,14:34,372.75,372.75,369.45,369.45,225,619575
20210409,14:35,369.45,369.45,368.20,368.20,600,619575
20210409,14:36,374.25,374.25,371.90,371.90,225,620100
20210409,14:37,372.25,374.60,372.25,373.55,525,620100
20210409,14:38,376.00,376.00,371.85,372.00,1125,620100
20210409,14:39,375.00,375.00,372.15,372.20,525,620100
20210409,14:40,372.00,374.40,372.00,374.40,375,619725
20210409,14:41,374.65,377.00,374.05,376.05,1275,619725
20210409,14:42,377.80,377.80,376.65,376.65,150,620475
20210409,14:43,376.00,376.00,376.00,376.00,150,620475
20210409,14:44,377.95,383.20,377.95,379.90,1275,620475
20210409,14:45,384.00,384.00,380.60,380.60,225,620325
20210409,14:46,379.55,379.55,377.90,377.90,225,620325
20210409,14:47,374.80,376.10,374.80,376.10,450,620325
20210409,14:48,375.00,375.00,373.15,373.15,750,620325
20210409,14:49,373.75,373.75,373.75,373.75,75,619800
20210409,14:50,374.30,376.00,373.50,376.00,300,619800
20210409,14:51,374.05,377.10,373.55,375.25,750,619650
20210409,14:52,377.55,377.55,375.65,375.65,300,619650
20210409,14:53,376.70,376.70,376.10,376.10,225,619650
20210409,14:54,375.50,378.00,375.25,378.00,525,618825
20210409,14:55,381.50,388.80,381.50,387.00,1275,618825
20210409,14:56,385.50,386.20,384.10,385.90,450,618825
20210409,14:57,382.85,382.85,381.50,381.50,300,617475
20210409,14:58,384.60,385.50,384.60,385.50,375,617475
20210409,14:59,380.70,384.40,380.70,381.00,450,617475
20210409,15:00,383.20,383.20,373.05,375.85,1650,617625
20210409,15:01,375.40,379.25,372.65,379.25,1125,617625
20210409,15:02,377.35,377.35,376.85,376.85,375,617625
20210409,15:03,377.00,377.00,375.00,375.00,675,617625
20210409,15:04,374.00,378.00,372.85,378.00,1725,617925
20210409,15:05,376.40,376.40,375.50,375.50,450,617925
20210409,15:06,372.80,374.35,370.00,370.00,675,616500
20210409,15:07,371.25,371.95,370.75,371.90,975,616500
20210409,15:08,370.05,372.00,369.00,372.00,750,616500
20210409,15:09,372.60,375.45,371.00,375.45,750,615150
20210409,15:10,373.10,373.10,372.80,373.05,450,615150
20210409,15:11,373.05,374.85,372.65,374.85,300,615150
20210409,15:12,375.15,375.15,373.65,373.65,225,615150
20210409,15:14,375.60,377.45,375.60,377.45,375,615075
20210409,15:15,375.00,375.00,375.00,375.00,75,614850
20210409,15:16,376.15,379.20,376.15,378.10,825,614850
20210409,15:17,378.05,383.40,377.60,383.40,1350,614850
20210409,15:18,382.60,382.60,381.10,382.45,375,613800
20210409,15:19,381.80,382.00,381.30,381.80,300,613800
20210409,15:20,381.40,382.25,381.00,382.25,3150,613800
20210409,15:21,381.20,382.55,381.20,382.55,1275,613800
20210409,15:22,380.70,381.85,380.70,381.85,675,612375
20210409,15:23,382.65,382.65,380.10,380.10,1800,612375
20210409,15:24,381.50,381.50,380.90,380.90,225,611175
20210409,15:25,383.00,384.00,383.00,383.20,825,611175
20210409,15:26,383.10,383.10,382.00,382.00,300,611175
20210409,15:27,382.00,382.20,381.05,381.50,600,610950
20210409,15:28,381.10,382.00,380.55,380.95,3675,610950
20210409,15:29,381.30,381.50,380.15,380.25,1800,610950
20210412,09:15,271.25,271.25,230.25,240.95,16127,604275
20210412,09:16,238.10,241.95,238.00,239.55,22425,604275
20210412,09:17,239.45,239.45,229.00,230.00,21600,613200
20210412,09:18,230.00,231.00,225.30,230.20,18375,613200
20210412,09:19,230.75,231.20,220.10,220.95,11925,613200
20210412,09:20,217.85,217.85,205.00,214.75,15450,631125
20210412,09:21,215.00,216.05,208.60,212.00,13800,631125
20210412,09:22,210.90,213.40,209.40,213.40,12000,631125
20210412,09:23,214.90,214.90,208.00,208.00,12975,638925
20210412,09:24,208.15,208.15,193.00,193.70,17775,638925
20210412,09:25,193.20,205.15,192.00,201.35,15000,638925
20210412,09:26,201.55,203.15,199.50,203.15,8325,651975
20210412,09:27,201.65,201.65,196.85,199.55,8550,651975
20210412,09:28,199.00,199.80,190.40,193.20,15450,651975
20210412,09:29,192.40,194.15,188.00,188.80,16275,654525
20210412,09:30,188.90,188.90,180.00,180.90,17925,654525
20210412,09:31,180.85,182.60,175.50,181.95,43425,654525
20210412,09:32,181.15,182.65,177.00,179.50,42225,658125
20210412,09:33,180.60,183.00,179.15,181.35,9750,658125
20210412,09:34,181.95,181.95,172.50,178.20,13875,658125
20210412,09:35,176.85,176.85,170.00,176.05,18075,679725
20210412,09:36,174.45,175.10,173.00,175.05,10800,679725
20210412,09:37,175.00,183.40,173.75,182.00,7650,679725
20210412,09:38,182.00,193.45,180.75,193.45,12225,693975
20210412,09:39,191.90,194.40,184.65,188.75,13500,693975
20210412,09:40,190.00,191.00,185.00,191.00,5100,693975
20210412,09:41,192.00,193.50,189.55,192.90,5250,709200
20210412,09:42,192.45,194.30,188.75,189.50,9825,709200
20210412,09:43,191.70,193.05,189.60,192.15,2925,709200
20210412,09:44,193.20,194.65,191.25,193.70,3375,710100
20210412,09:45,193.25,194.00,190.15,193.45,3825,710100
20210412,09:46,193.45,196.00,186.35,187.70,7725,710100
20210412,09:47,188.25,188.25,183.55,187.75,13125,713925
20210412,09:48,187.95,192.55,187.00,192.00,8550,713925
20210412,09:49,192.00,194.00,185.50,190.00,6525,713925
20210412,09:50,189.35,192.55,187.55,192.55,3525,714450
20210412,09:51,192.70,192.70,190.10,192.00,4575,714450
20210412,09:52,192.70,192.80,190.05,191.70,6675,714450
20210412,09:53,190.60,194.00,190.05,193.00,3075,719325
20210412,09:54,193.60,194.05,187.00,187.00,7125,719325
20210412,09:55,187.05,191.25,185.85,191.25,2250,719325
20210412,09:56,190.95,191.00,189.20,191.00,1200,719700
20210412,09:57,189.60,191.35,187.00,187.05,2325,719700
20210412,09:58,187.55,191.60,186.65,191.60,2175,719700
20210412,09:59,189.70,194.65,188.85,191.60,4875,719775
20210412,10:00,191.00,191.00,187.00,187.90,2850,719775
20210412,10:01,188.00,188.00,184.20,185.95,6225,719775
20210412,10:02,184.00,184.40,180.90,182.60,7425,719550
20210412,10:03,183.50,183.85,182.55,183.00,6300,719550
20210412,10:04,181.45,181.45,177.05,178.85,11550,719550
20210412,10:05,178.75,181.10,177.60,179.50,4500,711750
20210412,10:06,179.70,180.90,179.00,180.85,2400,711750
20210412,10:07,179.10,181.50,178.10,181.20,975,711750
20210412,10:08,182.25,185.00,181.45,184.80,3675,708375
20210412,10:09,185.65,185.95,183.00,183.10,3900,708375
20210412,10:10,183.60,183.60,179.20,179.95,11250,708375
20210412,10:11,179.20,179.20,175.65,178.05,9975,707700
20210412,10:12,178.60,178.70,177.60,177.90,900,707700
20210412,10:13,177.00,178.40,175.90,176.10,2475,707700
20210412,10:14,176.00,176.00,172.50,172.50,5475,707625
20210412,10:15,171.30,171.30,164.15,165.30,14475,707625
20210412,10:16,165.25,168.95,164.60,165.60,9225,707625
20210412,10:17,165.50,166.30,163.10,164.95,6900,703875
20210412,10:18,165.55,169.35,165.55,169.20,4275,703875
20210412,10:19,168.85,169.60,166.60,167.80,4725,703875
20210412,10:20,167.20,170.00,166.50,169.25,2475,702600
20210412,10:21,169.40,171.10,168.10,168.30,1875,702600
20210412,10:22,167.30,168.85,166.20,167.15,2400,702600
20210412,10:23,167.25,169.25,165.00,168.45,4050,706875
20210412,10:24,168.30,168.85,166.10,167.05,4950,706875
20210412,10:25,166.90,167.80,164.75,167.80,3300,706875
20210412,10:26,165.00,165.60,164.80,165.00,2175,709275
20210412,10:27,164.70,169.90,164.30,168.25,5025,709275
20210412,10:28,169.00,170.20,167.20,167.20,2775,709275
20210412,10:29,167.15,168.35,165.80,168.35,3375,708525
20210412,10:30,167.45,167.45,163.75,166.95,9150,708525
20210412,10:31,166.85,170.40,166.10,170.40,2850,708525
20210412,10:32,170.60,171.00,169.00,169.00,4350,713400
20210412,10:33,169.20,169.55,167.65,168.35,2325,713400
20210412,10:34,168.75,169.25,167.35,168.15,2475,713400
20210412,10:35,167.00,167.00,165.00,165.00,7650,713625
20210412,10:36,164.70,165.00,160.55,161.25,5475,713625
20210412,10:37,161.95,162.15,158.35,160.00,6525,713625
20210412,10:38,160.00,160.00,155.40,158.95,9975,715425
20210412,10:39,158.50,158.65,156.00,157.50,7200,715425
20210412,10:40,156.90,157.10,152.65,152.95,7050,715425
20210412,10:41,151.55,156.00,151.15,155.50,8625,714375
20210412,10:42,156.05,161.65,156.05,161.65,3525,714375
20210412,10:43,161.15,162.50,160.60,161.15,2850,714375
20210412,10:44,161.00,162.20,160.00,161.15,5250,717000
20210412,10:45,161.85,165.20,161.85,164.70,8175,717000
20210412,10:46,164.95,167.35,161.90,166.55,11100,717000
20210412,10:47,166.50,167.50,165.00,165.55,4350,726000
20210412,10:48,165.40,169.70,165.40,169.30,3525,726000
20210412,10:49,169.55,172.20,168.50,172.20,15900,726000
20210412,10:50,173.35,174.30,169.90,172.85,5475,737775
20210412,10:51,173.00,173.35,169.70,171.90,21825,737775
20210412,10:52,171.90,171.90,169.90,171.00,5325,737775
20210412,10:53,171.70,172.00,170.00,170.30,975,744000
20210412,10:54,170.00,172.10,168.00,170.05,3675,744000
20210412,10:55,171.10,171.25,167.00,167.00,900,744000
20210412,10:56,167.50,169.70,165.75,169.70,1650,744600
20210412,10:57,169.90,170.95,169.00,169.80,1200,744600
20210412,10:58,170.20,171.90,169.25,171.85,4575,744600
20210412,10:59,171.30,174.10,170.00,174.10,3225,738900
20210412,11:00,175.00,175.00,171.90,171.90,2850,738900
20210412,11:01,172.10,172.25,169.10,169.40,2400,738900
20210412,11:02,170.85,171.85,169.85,171.60,2400,741525
20210412,11:03,170.00,171.60,170.00,170.80,1425,741525
20210412,11:04,170.00,170.80,169.65,170.35,1050,741525
20210412,11:05,170.40,170.40,167.75,168.80,2250,741975
20210412,11:06,168.00,168.20,165.95,166.05,1500,741975
20210412,11:07,166.05,168.30,165.95,168.05,2925,741975
20210412,11:08,168.15,168.35,168.15,168.35,375,741975
20210412,11:09,167.35,167.35,165.70,165.95,2100,740400
20210412,11:10,165.30,166.65,163.00,166.30,5100,740400
20210412,11:11,167.15,167.75,165.00,165.00,2400,742050
20210412,11:12,165.05,165.05,163.65,164.25,900,742050
20210412,11:13,165.00,165.00,163.25,164.15,4500,742050
20210412,11:14,163.00,163.05,160.80,163.05,6675,742050
20210412,11:15,162.10,164.75,162.10,162.95,7050,744600
20210412,11:16,163.15,163.15,161.20,162.30,3000,744600
20210412,11:17,162.00,162.60,161.35,161.55,7875,743325
20210412,11:18,163.00,164.60,160.10,163.60,7275,743325
20210412,11:19,163.55,163.55,161.25,163.25,1425,743325
20210412,11:20,162.00,162.05,160.60,160.60,4950,744600
20210412,11:21,161.50,163.00,160.75,163.00,825,744600
20210412,11:22,162.80,164.10,162.65,163.35,1725,744600
20210412,11:23,163.30,166.40,163.25,165.55,20400,751575
20210412,11:24,163.50,164.00,161.45,163.65,3825,751575
20210412,11:25,164.90,164.90,161.30,161.70,5250,751575
20210412,11:26,162.20,163.15,161.75,162.80,3600,750375
20210412,11:27,162.45,162.45,158.30,160.00,7800,750375
20210412,11:28,160.80,161.00,158.30,158.35,5550,750375
20210412,11:29,159.15,160.10,156.05,156.45,9900,745425
20210412,11:30,156.15,159.20,155.15,159.20,8250,745425
20210412,11:31,159.40,159.40,157.95,159.20,6525,745425
20210412,11:32,158.00,160.50,158.00,158.15,2475,745350
20210412,11:33,158.65,159.55,156.50,157.40,9075,745350
20210412,11:34,156.85,157.20,154.80,154.80,7800,745350
20210412,11:35,154.10,156.30,152.30,153.35,13275,739875
20210412,11:36,153.45,155.35,151.45,155.05,6825,739875
20210412,11:37,155.95,158.15,154.50,157.75,3525,739875
20210412,11:38,157.00,159.65,157.00,158.85,3450,739875
20210412,11:39,159.00,159.35,157.35,157.35,2625,740700
20210412,11:40,157.05,157.05,152.85,153.65,2250,740700
20210412,11:41,154.55,154.95,153.00,153.50,1275,740700
20210412,11:42,153.40,153.40,150.75,151.60,5250,742200
20210412,11:43,151.05,152.40,148.65,150.30,11550,742200
20210412,11:44,150.00,153.75,149.75,153.10,2250,745725
20210412,11:45,152.95,155.00,151.00,154.40,3825,745725
20210412,11:46,153.65,156.35,153.35,156.35,8250,745725
20210412,11:47,156.70,156.80,154.50,155.60,3975,748800
20210412,11:48,155.80,157.85,155.45,157.85,975,748800
20210412,11:49,158.45,158.45,155.45,156.20,1275,748800
20210412,11:50,156.20,156.80,155.00,155.00,1425,748800
20210412,11:51,154.35,156.60,153.05,154.00,2925,746925
20210412,11:52,153.00,153.00,151.30,152.00,2925,746925
20210412,11:53,151.65,154.05,151.55,151.65,3675,746925
20210412,11:54,153.00,153.45,149.10,151.45,33000,749400
20210412,11:55,150.10,150.10,148.50,148.60,3375,749400
20210412,11:56,147.00,151.00,147.00,149.25,6900,749400
20210412,11:57,150.00,151.40,149.95,151.05,5025,756375
20210412,11:58,150.20,150.35,148.00,149.45,3375,756375
20210412,11:59,150.00,150.00,148.35,149.10,5250,756375
20210412,12:00,148.55,149.65,146.05,148.60,3375,754200
20210412,12:01,148.00,148.00,145.85,147.00,6900,754200
20210412,12:02,146.35,146.35,144.80,144.80,5175,754200
20210412,12:03,145.30,148.00,145.30,145.95,7125,749025
20210412,12:04,146.15,147.45,142.80,143.40,6000,749025
20210412,12:05,143.15,145.30,142.00,142.00,8850,749025
20210412,12:06,142.00,142.00,139.00,140.10,8250,749775
20210412,12:07,139.85,143.40,139.85,141.60,4425,749775
20210412,12:08,141.30,143.85,139.20,141.15,6075,749775
20210412,12:09,140.20,141.00,136.10,136.10,6600,753975
20210412,12:10,136.00,139.35,136.00,139.35,9975,753975
20210412,12:11,140.35,140.75,137.05,139.00,5250,753975
20210412,12:12,139.60,140.55,137.65,140.55,8025,748350
20210412,12:13,140.05,144.70,140.05,144.00,4725,748350
20210412,12:14,144.75,146.00,142.70,143.75,7650,748350
20210412,12:15,144.10,146.60,143.35,144.35,15075,757125
20210412,12:16,144.40,148.50,144.40,146.95,5925,757125
20210412,12:17,146.50,149.35,145.85,147.95,9675,757125
20210412,12:18,148.30,148.30,143.40,144.45,4275,769800
20210412,12:19,145.60,146.15,141.80,142.00,7875,769800
20210412,12:20,142.00,142.20,139.05,141.05,7800,769800
20210412,12:21,141.20,144.60,141.20,144.30,3000,773775
20210412,12:22,145.25,148.20,143.80,147.45,4875,773775
20210412,12:23,147.50,148.70,144.70,144.70,1350,773775
20210412,12:24,144.50,147.45,143.90,146.85,3075,765600
20210412,12:25,146.75,147.10,146.40,146.95,900,765600
20210412,12:26,147.50,150.00,146.45,149.10,6600,765600
20210412,12:27,149.20,149.85,146.00,146.15,4875,768975
20210412,12:28,146.40,147.55,145.30,147.05,4875,768975
20210412,12:29,146.10,148.85,146.10,148.50,5325,768975
20210412,12:30,148.20,148.25,145.15,148.05,2325,768000
20210412,12:31,148.00,149.00,144.10,146.00,5625,768000
20210412,12:32,146.10,146.60,143.45,143.60,2475,768000
20210412,12:33,143.35,143.70,141.75,143.50,4950,769125
20210412,12:34,142.70,143.00,140.00,140.80,2850,769125
20210412,12:35,140.80,140.95,138.60,140.95,13050,769125
20210412,12:36,141.30,145.75,141.30,145.50,3225,775125
20210412,12:37,144.90,145.85,144.20,145.10,1950,775125
20210412,12:38,144.95,146.00,144.00,146.00,450,775125
20210412,12:39,146.75,148.50,145.10,147.45,12375,776325
20210412,12:40,149.00,149.25,145.65,147.30,2325,776325
20210412,12:41,146.85,149.25,145.90,147.80,1875,776325
20210412,12:42,149.30,150.55,147.80,149.10,4050,783375
20210412,12:43,150.00,150.50,147.70,149.80,6225,783375
20210412,12:44,151.30,151.30,148.20,149.65,8025,783375
20210412,12:45,150.05,151.95,148.60,148.60,7800,786000
20210412,12:46,148.00,148.30,146.00,146.00,4800,786000
20210412,12:47,146.60,147.25,144.30,144.75,3600,786000
20210412,12:48,145.05,147.55,145.05,147.00,1875,789675
20210412,12:49,147.00,147.25,146.00,146.75,1725,789675
20210412,12:50,146.20,146.20,144.70,145.45,750,789675
20210412,12:51,147.80,147.80,146.15,147.75,2925,787500
20210412,12:52,147.10,147.15,143.40,145.00,8700,787500
20210412,12:53,144.70,144.70,141.45,142.40,8925,787500
20210412,12:54,141.00,142.65,141.00,142.10,600,791100
20210412,12:55,140.85,141.85,140.75,141.50,2025,791100
20210412,12:56,141.00,143.30,140.35,142.65,1875,791100
20210412,12:57,143.05,143.10,141.15,141.15,975,790125
20210412,12:58,141.05,142.00,140.25,140.80,2925,790125
20210412,12:59,141.25,143.45,141.05,141.40,5400,790125
20210412,13:00,140.95,145.60,140.00,145.60,10950,790950
20210412,13:01,145.25,145.85,143.55,145.85,4200,790950
20210412,13:02,145.85,147.65,145.00,147.45,4575,790950
20210412,13:03,146.75,146.75,144.50,144.55,12225,795600
20210412,13:04,144.70,145.00,143.40,145.00,2625,795600
20210412,13:05,143.80,145.25,143.25,145.25,3600,795600
20210412,13:06,145.00,145.60,145.00,145.60,750,795675
20210412,13:07,145.60,145.60,143.05,143.05,600,795675
20210412,13:08,142.00,143.15,142.00,142.70,3225,795675
20210412,13:09,141.80,141.80,140.00,141.05,4575,799725
20210412,13:10,139.25,141.80,138.90,141.75,8100,799725
20210412,13:11,141.15,143.00,141.15,143.00,2775,799725
20210412,13:12,143.15,145.00,142.50,144.65,2175,796950
20210412,13:13,144.60,146.00,143.70,145.70,1200,796950
20210412,13:14,145.25,145.80,142.25,142.25,1500,796950
20210412,13:15,143.00,143.20,140.20,143.20,12300,801075
20210412,13:16,143.10,143.30,141.15,141.55,10575,801075
20210412,13:17,141.00,141.00,139.35,140.70,3600,801075
20210412,13:18,140.70,140.75,138.05,140.75,4800,809550
20210412,13:19,141.20,143.80,141.20,143.80,2700,809550
20210412,13:20,143.40,145.00,142.00,144.30,11400,809550
20210412,13:21,144.30,146.85,144.30,144.90,7350,814875
20210412,13:22,143.75,143.75,141.10,141.10,2850,814875
20210412,13:23,143.45,143.45,140.80,141.10,2400,814875
20210412,13:24,141.00,142.75,141.00,141.40,9375,813225
20210412,13:25,141.20,142.50,140.00,140.60,3675,813225
20210412,13:26,141.35,141.35,137.80,139.20,5250,813225
20210412,13:27,139.00,140.45,136.00,138.25,14400,809775
20210412,13:28,136.90,138.25,136.00,137.50,10200,809775
20210412,13:29,137.10,146.65,137.10,146.65,6600,809775
20210412,13:30,145.40,150.00,145.40,150.00,11400,807300
20210412,13:31,150.00,150.40,147.15,147.50,4125,807300
20210412,13:32,147.00,147.55,145.55,145.55,900,807300
20210412,13:33,144.70,147.30,144.70,146.30,7575,810225
20210412,13:34,146.60,148.50,146.40,146.85,5025,810225
20210412,13:35,146.05,147.55,146.00,147.55,600,810225
20210412,13:36,147.55,148.00,144.25,145.45,10350,817050
20210412,13:37,145.50,145.50,142.00,142.00,3975,817050
20210412,13:38,141.15,143.45,141.15,142.50,4950,817050
20210412,13:39,142.50,145.75,141.50,145.75,3900,813975
20210412,13:40,145.35,147.30,145.10,146.80,1950,813975
20210412,13:41,146.95,147.50,145.95,147.15,1650,813975
20210412,13:42,146.55,146.55,143.00,143.00,2625,812625
20210412,13:43,142.65,142.65,140.10,141.05,3300,812625
20210412,13:44,141.00,141.50,139.40,140.70,4125,812625
20210412,13:45,141.05,141.70,138.80,140.25,6675,812175
20210412,13:46,140.90,142.15,140.00,140.80,9600,812175
20210412,13:47,142.00,142.00,141.05,141.80,1875,812175
20210412,13:48,141.50,141.50,140.00,140.90,3000,811725
20210412,13:49,140.80,141.10,138.30,138.85,5700,811725
20210412,13:50,140.00,140.30,140.00,140.00,900,811725
20210412,13:51,138.95,138.95,137.50,138.55,10725,807225
20210412,13:52,140.00,140.35,138.65,139.40,825,807225
20210412,13:53,139.40,140.00,138.90,140.00,675,807225
20210412,13:54,140.55,141.35,139.00,139.00,1350,805200
20210412,13:55,139.85,139.85,138.00,138.00,2175,805200
20210412,13:56,139.35,140.00,139.35,139.65,1350,805200
20210412,13:57,140.00,140.00,139.85,139.85,300,802500
20210412,13:58,141.00,141.00,139.80,139.80,4050,802500
20210412,13:59,141.00,142.15,140.60,141.35,1950,802500
20210412,14:00,140.50,141.90,139.15,139.50,1800,804675
20210412,14:01,140.00,142.30,140.00,141.65,2775,804675
20210412,14:02,141.00,141.15,139.10,141.15,3975,804675
20210412,14:03,141.50,143.05,141.45,142.50,7050,806475
20210412,14:04,142.65,146.00,142.60,146.00,3150,806475
20210412,14:05,146.95,147.05,143.45,144.55,3075,806475
20210412,14:06,144.20,144.20,141.90,143.20,2100,806775
20210412,14:07,143.45,144.35,143.45,143.55,1200,806775
20210412,14:08,143.95,143.95,143.50,143.55,525,806775
20210412,14:09,144.35,145.00,143.85,143.85,450,808350
20210412,14:10,143.30,145.00,142.60,142.90,2325,808350
20210412,14:11,142.95,142.95,140.00,140.90,7650,808350
20210412,14:12,140.65,141.25,139.30,139.30,6525,803625
20210412,14:13,139.10,140.50,138.75,139.50,6975,803625
20210412,14:14,139.50,140.25,139.50,140.25,1725,803625
20210412,14:15,140.70,142.25,140.70,142.05,3525,800400
20210412,14:16,141.60,145.95,141.60,145.10,3675,800400
20210412,14:17,145.10,145.70,142.85,143.00,2400,800400
20210412,14:18,141.45,142.55,140.35,140.95,5475,800400
20210412,14:19,141.10,142.50,140.00,141.00,1350,800400
20210412,14:20,142.00,143.65,141.00,141.00,4875,800400
20210412,14:21,141.00,143.05,140.80,142.80,4575,804975
20210412,14:22,142.65,142.90,141.25,142.80,450,804975
20210412,14:23,142.00,142.00,142.00,142.00,450,804975
20210412,14:24,141.70,143.90,141.70,142.20,1050,806100
20210412,14:25,143.40,144.90,142.30,142.30,1425,806100
20210412,14:26,141.90,142.50,140.95,141.05,6375,806100
20210412,14:27,141.15,142.65,141.00,142.65,4725,806100
20210412,14:28,142.85,144.60,142.85,143.00,5325,806100
20210412,14:29,142.95,143.95,142.00,143.75,3450,806100
20210412,14:30,144.20,145.25,141.10,141.20,3750,806025
20210412,14:31,140.80,141.95,135.10,135.70,9975,806025
20210412,14:32,135.80,136.25,131.55,135.00,12300,806025
20210412,14:33,135.35,138.65,134.80,135.20,9975,804975
20210412,14:34,135.35,135.65,131.50,134.60,29325,804975
20210412,14:35,134.05,139.20,133.50,137.20,45075,804975
20210412,14:36,137.10,138.15,133.25,134.00,49800,782025
20210412,14:37,135.45,138.10,135.00,135.00,20925,782025
20210412,14:38,134.35,134.70,132.30,133.35,12750,782025
20210412,14:39,134.20,135.75,133.95,134.50,10800,747075
20210412,14:40,135.00,136.90,135.00,136.20,5100,747075
20210412,14:41,136.45,137.80,134.05,134.05,16050,747075
20210412,14:42,133.00,134.65,132.25,133.70,25275,753900
20210412,14:43,132.85,135.45,132.00,135.45,10575,753900
20210412,14:44,135.35,136.60,134.60,135.60,6675,753900
20210412,14:45,136.25,138.45,134.75,135.25,8925,743850
20210412,14:46,135.25,137.30,133.15,137.30,7275,743850
20210412,14:47,136.85,137.55,134.15,135.55,12450,743850
20210412,14:48,136.00,136.00,132.60,133.15,27675,736350
20210412,14:49,133.15,133.15,128.50,128.50,12825,736350
20210412,14:50,128.35,135.00,128.35,134.35,13650,736350
20210412,14:51,134.55,136.85,133.55,133.55,6525,737550
20210412,14:52,133.85,136.75,133.85,134.95,4350,737550
20210412,14:53,131.60,134.75,131.60,134.50,11925,737550
20210412,14:54,134.30,134.70,130.95,132.70,1275,738825
20210412,14:55,132.70,133.95,131.70,133.35,2250,738825
20210412,14:56,134.00,134.00,130.65,130.80,6825,738825
20210412,14:57,130.35,130.65,128.25,128.40,8775,739350
20210412,14:58,128.65,130.00,127.25,130.00,8250,739350
20210412,14:59,129.75,132.50,129.00,130.75,5100,739350
20210412,15:00,131.00,134.85,131.00,134.50,11700,737175
20210412,15:01,133.85,134.50,131.05,134.35,7050,737175
20210412,15:02,134.95,135.10,133.80,135.00,6150,737175
20210412,15:03,135.00,137.55,135.00,135.30,6750,742875
20210412,15:04,135.80,136.85,135.55,136.85,4425,742875
20210412,15:05,138.00,140.75,135.30,135.30,3750,742875
20210412,15:06,135.80,136.30,134.25,134.80,4275,742575
20210412,15:07,134.50,136.40,134.50,135.30,7200,742575
20210412,15:08,135.65,138.80,135.50,135.90,3525,742575
20210412,15:09,136.00,136.35,135.50,135.70,1350,741675
20210412,15:10,135.75,138.15,135.30,135.50,4875,741675
20210412,15:11,135.35,137.80,135.35,136.40,5925,741675
20210412,15:12,136.55,138.15,136.55,136.70,3750,739800
20210412,15:13,137.25,138.90,137.25,138.15,4650,739800
20210412,15:14,138.45,141.55,138.45,139.00,5775,739800
20210412,15:15,139.15,142.15,139.15,141.90,4800,743700
20210412,15:16,142.00,144.65,142.00,144.65,8325,743700
20210412,15:17,143.70,144.00,141.90,144.00,4200,743700
20210412,15:18,144.00,146.60,143.85,144.50,5550,743700
20210412,15:19,145.35,146.70,144.25,144.90,4575,743250
20210412,15:20,144.65,145.00,141.00,141.00,5625,743250
20210412,15:21,140.85,141.00,139.80,139.80,10950,743250
20210412,15:22,140.30,142.20,140.30,142.00,3600,749775
20210412,15:23,142.10,143.00,142.00,142.95,1875,749775
20210412,15:24,142.90,144.55,142.90,144.10,2550,749775
20210412,15:25,144.10,145.00,143.00,143.65,6225,747150
20210412,15:26,144.00,144.80,143.60,144.70,1725,747150
20210412,15:27,145.00,145.00,144.00,144.25,5625,746250
20210412,15:28,144.55,144.90,143.00,143.00,6075,746250
20210412,15:29,143.00,144.00,141.15,143.00,7200,746250
20210413,09:15,143.55,152.40,130.45,150.00,15826,736875
20210413,09:16,149.30,149.60,145.20,149.00,3975,736875
20210413,09:17,148.55,149.50,146.85,147.25,8550,740700
20210413,09:18,146.55,146.70,140.75,141.30,4875,740700
20210413,09:19,140.00,140.00,128.00,130.70,12075,740700
20210413,09:20,128.95,130.65,117.90,122.45,18075,737250
20210413,09:21,122.50,137.50,122.50,136.75,22050,737250
20210413,09:22,137.25,142.55,137.25,139.50,12075,737250
20210413,09:23,139.90,143.25,139.10,143.25,5925,744750
20210413,09:24,143.00,144.25,140.80,142.35,14025,744750
20210413,09:25,142.30,144.60,139.55,142.95,21150,744750
20210413,09:26,143.40,143.40,137.10,137.95,16500,739275
20210413,09:27,137.85,143.05,137.85,142.60,7050,739275
20210413,09:28,142.60,143.35,140.40,143.35,13125,739275
20210413,09:29,143.35,143.40,141.95,143.10,17100,731925
20210413,09:30,143.15,144.50,140.55,141.00,9600,731925
20210413,09:31,141.05,143.45,137.95,138.80,6375,731925
20210413,09:32,138.85,143.70,138.85,141.80,3675,736125
20210413,09:33,140.80,144.10,138.85,141.85,4275,736125
20210413,09:34,144.50,146.25,144.50,146.25,4575,736125
20210413,09:35,146.65,146.70,143.30,143.95,3825,736200
20210413,09:36,145.70,147.90,145.30,145.30,11475,736200
20210413,09:37,146.40,148.70,145.55,146.85,7275,736200
20210413,09:38,146.20,147.45,144.45,144.65,5775,735675
20210413,09:39,143.95,144.50,142.45,144.25,4650,735675
20210413,09:40,145.00,145.60,140.55,141.95,3600,735675
20210413,09:41,142.65,143.05,139.00,140.15,6450,729225
20210413,09:42,140.90,141.00,138.20,140.85,2400,729225
20210413,09:43,140.70,143.15,139.35,139.35,6825,729225
20210413,09:44,140.00,141.55,139.35,140.00,4650,726975
20210413,09:45,140.35,143.25,139.30,140.75,3600,726975
20210413,09:46,139.60,143.00,139.60,140.80,3600,726975
20210413,09:47,139.85,141.30,139.15,140.45,1725,728025
20210413,09:48,139.90,142.00,139.75,142.00,1800,728025
20210413,09:49,142.85,147.20,142.30,146.85,7125,728025
20210413,09:50,147.05,147.40,144.10,147.40,3075,728775
20210413,09:51,147.50,147.50,145.15,145.85,7725,728775
20210413,09:52,146.55,147.75,145.75,146.00,5700,728775
20210413,09:53,146.35,148.00,146.35,147.30,2775,729000
20210413,09:54,148.40,149.80,147.00,147.30,7125,729000
20210413,09:55,146.60,147.30,145.50,145.50,5250,729000
20210413,09:56,146.10,147.00,144.65,144.85,4350,728175
20210413,09:57,144.50,146.25,143.80,145.75,3975,728175
20210413,09:58,145.70,148.15,145.00,146.45,3675,728175
20210413,09:59,145.85,147.15,145.00,145.50,1875,732450
20210413,10:00,146.25,150.00,146.15,148.20,7800,732450
20210413,10:01,148.20,149.25,144.60,144.60,7425,732450
20210413,10:02,145.45,149.35,145.45,148.20,2775,736275
20210413,10:03,148.00,149.10,146.50,146.50,2175,736275
20210413,10:04,147.15,150.00,147.15,147.85,3300,736275
20210413,10:05,148.00,148.00,144.75,145.40,1800,735600
20210413,10:06,144.80,146.25,144.80,145.45,1200,735600
20210413,10:07,145.10,146.50,145.00,146.50,2550,735600
20210413,10:08,146.85,147.55,146.10,146.10,2850,733800
20210413,10:09,146.10,147.55,146.10,147.25,6075,733800
20210413,10:10,147.35,150.05,147.25,150.05,4575,733800
20210413,10:11,150.50,152.00,148.70,149.50,3525,736050
20210413,10:12,149.65,151.35,149.60,150.30,8400,736050
20210413,10:13,150.60,150.90,148.90,149.55,6000,736050
20210413,10:14,149.00,150.00,148.30,149.50,4800,732975
20210413,10:15,149.40,151.00,147.80,147.95,8850,732975
20210413,10:16,148.70,150.30,147.45,147.95,4275,732975
20210413,10:17,148.20,148.90,147.20,147.25,6300,735000
20210413,10:18,147.20,147.20,145.50,145.75,4050,735000
20210413,10:19,146.35,146.35,143.00,143.50,3975,735000
20210413,10:20,143.80,144.65,141.00,141.00,3225,739125
20210413,10:21,142.05,142.40,141.50,141.60,9600,739125
20210413,10:22,140.85,141.60,140.00,140.35,4350,739125
20210413,10:23,140.80,141.40,140.50,141.40,2550,737775
20210413,10:24,141.75,144.10,141.75,144.00,3825,737775
20210413,10:25,144.40,144.45,141.75,142.30,2550,737775
20210413,10:26,142.85,142.85,141.30,141.80,1500,740700
20210413,10:27,141.00,143.00,140.45,143.00,900,740700
20210413,10:28,141.40,141.40,137.70,138.70,5400,740700
20210413,10:29,138.95,139.75,138.70,139.75,4950,743550
20210413,10:30,139.65,139.65,133.40,133.40,7725,743550
20210413,10:31,133.70,136.40,133.15,134.30,7350,743550
20210413,10:32,133.20,135.15,132.05,132.05,3150,743250
20210413,10:33,132.75,134.20,132.00,133.45,5325,743250
20210413,10:34,133.05,133.05,129.90,132.60,3900,743250
20210413,10:35,132.00,135.00,131.45,134.60,1725,744525
20210413,10:36,134.00,136.25,134.00,135.60,1800,744525
20210413,10:37,136.10,137.10,135.35,137.10,2700,744525
20210413,10:38,136.95,136.95,135.00,136.40,1200,747600
20210413,10:39,136.25,136.25,135.40,135.40,675,747600
20210413,10:40,136.10,138.45,136.10,137.65,3450,747600
20210413,10:41,137.60,138.60,137.60,138.00,1125,748650
20210413,10:42,138.50,138.50,134.70,134.70,2250,748650
20210413,10:43,135.35,135.35,134.00,134.35,900,748650
20210413,10:44,134.00,134.00,131.95,131.95,4875,751350
20210413,10:45,131.80,131.80,128.20,130.65,6375,751350
20210413,10:46,132.00,132.75,131.00,132.75,4350,751350
20210413,10:47,134.05,134.05,132.85,132.85,1875,752250
20210413,10:48,132.75,132.75,130.65,131.20,2700,752250
20210413,10:49,131.20,132.25,131.15,132.25,525,752250
20210413,10:50,131.95,132.15,130.85,132.15,1425,754050
20210413,10:51,132.85,133.00,129.95,129.95,1275,754050
20210413,10:52,130.10,130.90,128.95,130.90,1275,754050
20210413,10:53,129.75,129.75,128.90,129.00,2550,757275
20210413,10:54,127.40,129.00,126.55,127.65,4200,757275
20210413,10:55,127.40,128.60,126.35,128.10,2925,757275
20210413,10:56,127.70,127.70,122.25,123.25,9075,756600
20210413,10:57,125.00,125.00,123.75,124.50,4950,756600
20210413,10:58,124.95,128.00,124.95,127.85,1800,756600
20210413,10:59,127.80,127.80,125.85,125.85,900,756600
20210413,11:00,125.40,130.00,125.40,129.70,2475,758475
20210413,11:01,128.70,129.65,127.05,127.05,1575,758475
20210413,11:02,127.20,127.75,127.00,127.75,450,758475
20210413,11:03,127.75,128.20,127.65,127.65,1125,761475
20210413,11:04,128.00,128.00,126.45,127.10,750,761475
20210413,11:05,127.90,128.00,127.90,128.00,375,762825
20210413,11:06,127.85,127.85,126.20,127.75,1650,762825
20210413,11:07,128.15,128.75,127.95,128.45,1275,762825
20210413,11:08,128.00,129.10,127.45,127.45,1800,762525
20210413,11:09,127.25,127.85,126.65,127.05,1350,762525
20210413,11:10,127.90,129.00,127.60,127.60,2175,762525
20210413,11:11,128.40,128.50,127.40,128.00,750,762525
20210413,11:12,127.20,127.20,125.55,126.25,2250,762675
20210413,11:13,126.90,127.00,125.00,125.65,1200,762675
20210413,11:14,125.55,126.40,123.40,123.40,2100,762675
20210413,11:15,123.75,124.40,122.00,122.30,6600,761025
20210413,11:16,121.15,121.20,114.40,114.40,19725,761025
20210413,11:17,114.40,116.35,114.40,116.20,3000,756675
20210413,11:18,116.20,119.80,116.20,119.50,3825,756675
20210413,11:19,119.55,119.80,118.25,118.50,7950,756675
20210413,11:20,117.20,118.35,117.20,118.35,825,754425
20210413,11:21,117.05,118.00,116.60,118.00,900,754425
20210413,11:22,117.95,118.45,117.75,117.75,975,754425
20210413,11:23,118.70,121.35,118.70,121.35,1425,756150
20210413,11:24,122.55,122.55,120.80,121.00,1275,756150
20210413,11:25,121.20,121.20,118.90,118.90,1725,756150
20210413,11:26,119.05,120.50,118.65,119.75,1275,756150
20210413,11:27,119.85,121.55,119.35,121.55,1950,756825
20210413,11:28,120.60,120.60,119.40,119.40,1200,756825
20210413,11:29,119.05,119.40,118.60,118.75,1725,756825
20210413,11:30,118.75,118.75,114.70,114.70,4950,757950
20210413,11:31,115.30,115.55,113.65,113.65,4125,757950
20210413,11:32,114.05,117.10,114.05,117.10,6000,757950
20210413,11:33,117.05,119.10,117.05,117.30,2700,757500
20210413,11:34,117.85,118.75,117.00,118.25,2775,757500
20210413,11:35,118.15,118.30,118.00,118.00,1950,757500
20210413,11:36,117.30,117.35,112.20,112.20,5550,757275
20210413,11:37,111.80,113.30,111.80,112.60,2550,757275
20210413,11:38,112.00,112.40,111.55,111.90,2700,757275
20210413,11:39,111.90,112.60,108.35,109.10,5250,752700
20210413,11:40,108.20,109.40,106.85,106.85,8550,752700
20210413,11:41,106.55,108.60,105.65,108.50,6375,752700
20210413,11:42,107.90,108.70,105.90,106.30,6300,749250
20210413,11:43,105.65,107.25,105.50,107.15,7350,749250
20210413,11:44,107.05,110.55,107.00,110.55,5250,749250
20210413,11:45,110.00,114.00,109.55,112.30,6300,751350
20210413,11:46,112.80,112.80,111.85,111.85,4425,751350
20210413,11:47,111.20,111.85,108.30,108.80,5400,751350
20210413,11:48,109.25,111.00,109.20,110.95,6375,752475
20210413,11:49,111.05,111.65,110.25,111.65,1950,752475
20210413,11:50,110.55,112.25,110.55,112.25,1275,752475
20210413,11:51,111.90,112.20,111.30,112.15,3675,753150
20210413,11:52,111.95,111.95,111.20,111.70,2325,753150
20210413,11:53,111.75,112.65,111.40,112.15,3000,753150
20210413,11:54,112.70,112.70,110.50,110.75,3975,758400
20210413,11:55,111.85,111.85,111.85,111.85,750,758400
20210413,11:56,111.75,114.10,111.20,113.20,2700,758400
20210413,11:57,111.90,112.50,111.40,112.50,2100,757350
20210413,11:58,112.60,113.00,111.90,112.65,2400,757350
20210413,11:59,113.40,114.20,113.00,113.00,1350,757350
20210413,12:00,112.75,113.00,111.40,111.95,2100,756450
20210413,12:01,111.50,113.30,111.50,113.30,1650,756450
20210413,12:02,113.50,114.00,112.90,112.90,1875,756450
20210413,12:03,113.00,113.00,111.25,111.25,2175,756450
20210413,12:04,111.40,112.45,111.25,111.60,825,756450
20210413,12:05,111.65,112.00,111.50,111.50,1125,756450
20210413,12:06,111.35,111.50,108.85,109.35,3375,757875
20210413,12:07,108.05,110.50,108.05,110.35,6225,757875
20210413,12:08,110.25,110.25,108.60,109.50,2625,757875
20210413,12:09,109.50,109.50,107.65,108.60,4125,758925
20210413,12:10,107.75,108.30,106.85,106.85,3375,758925
20210413,12:11,106.85,107.25,105.70,106.70,6150,758925
20210413,12:12,107.15,109.55,106.10,109.35,5400,766200
20210413,12:13,109.45,109.45,107.75,108.75,3300,766200
20210413,12:14,109.50,110.00,109.15,109.70,975,766200
20210413,12:15,109.20,109.40,107.20,107.20,2850,763275
20210413,12:16,107.30,108.25,107.30,107.80,1200,763275
20210413,12:17,108.40,111.55,108.40,110.60,3375,763275
20210413,12:18,111.55,111.55,108.95,108.95,750,763875
20210413,12:19,109.50,110.05,109.10,109.80,1575,763875
20210413,12:20,110.00,110.35,109.55,109.55,2250,763875
20210413,12:21,109.15,109.25,108.50,108.50,2550,764325
20210413,12:22,108.90,109.80,107.50,107.50,1350,764325
20210413,12:23,108.75,110.05,108.75,110.00,6000,764325
20210413,12:24,110.35,110.90,109.95,110.65,1200,761925
20210413,12:25,110.45,110.45,107.85,107.85,39075,761925
20210413,12:26,107.70,108.60,107.55,108.60,14700,761925
20210413,12:27,109.00,109.70,109.00,109.25,900,791250
20210413,12:28,109.45,113.10,109.45,113.10,8625,791250
20210413,12:29,112.30,112.50,110.20,110.45,8850,791250
20210413,12:30,110.75,118.45,110.55,118.00,10425,800625
20210413,12:31,118.25,120.70,118.00,119.45,7050,800625
20210413,12:32,118.85,118.90,117.45,118.50,3225,800625
20210413,12:33,117.25,118.25,117.25,118.15,900,810900
20210413,12:34,118.00,118.30,116.30,118.30,2550,810900
20210413,12:35,118.15,119.60,118.00,118.80,2250,810900
20210413,12:36,119.40,119.40,116.80,117.80,3450,804075
20210413,12:37,117.50,117.50,115.90,115.90,1575,804075
20210413,12:38,116.25,117.00,115.00,116.80,1275,804075
20210413,12:39,116.30,116.50,116.00,116.00,2100,803775
20210413,12:40,116.30,120.00,116.30,119.65,5925,803775
20210413,12:41,119.70,120.25,117.80,118.05,5325,803775
20210413,12:42,119.20,121.00,119.20,120.15,4350,802050
20210413,12:43,121.50,122.95,121.30,122.95,7425,802050
20210413,12:44,123.00,123.60,121.00,121.00,2475,802050
20210413,12:45,120.00,121.00,119.30,120.95,2850,804150
20210413,12:46,121.85,125.90,121.85,125.25,8550,804150
20210413,12:47,125.00,125.55,124.30,124.50,2175,804150
20210413,12:48,124.15,128.20,124.15,126.05,6825,805350
20210413,12:49,125.80,128.85,125.80,126.90,2025,805350
20210413,12:50,127.00,130.25,126.80,126.80,5850,805350
20210413,12:51,127.20,128.40,125.50,128.00,3300,804900
20210413,12:52,127.45,127.95,125.85,125.85,3900,804900
20210413,12:53,125.70,125.80,123.90,123.90,3750,804900
20210413,12:54,123.50,126.20,123.45,123.90,1950,802650
20210413,12:55,123.35,123.85,121.50,122.50,5700,802650
20210413,12:56,121.95,122.10,119.35,119.35,1200,802650
20210413,12:57,120.90,121.00,119.85,120.20,1425,804300
20210413,12:58,119.95,122.20,119.35,122.20,2700,804300
20210413,12:59,123.05,124.90,123.05,124.15,675,804300
20210413,13:00,124.05,124.05,123.05,123.05,1275,805350
20210413,13:01,123.00,123.00,120.60,120.85,975,805350
20210413,13:02,121.20,122.95,121.15,122.00,675,805350
20210413,13:03,121.00,121.00,117.10,117.10,1875,807975
20210413,13:04,118.05,118.50,117.10,117.10,2175,807975
20210413,13:05,117.00,119.00,116.00,118.15,2100,807975
20210413,13:06,117.85,117.85,113.15,113.50,3000,806025
20210413,13:07,113.45,115.00,113.10,113.70,4050,806025
20210413,13:08,113.25,113.40,110.80,113.00,6375,806025
20210413,13:09,113.80,115.45,112.95,115.15,5025,806175
20210413,13:10,115.40,115.40,111.60,112.75,3450,806175
20210413,13:11,113.25,113.60,110.80,110.80,2550,806175
20210413,13:12,108.40,110.65,108.40,110.30,8475,804750
20210413,13:13,110.05,110.05,107.75,109.15,4425,804750
20210413,13:14,108.70,111.00,108.70,111.00,3825,804750
20210413,13:15,110.00,110.00,107.35,107.35,1125,803700
20210413,13:16,107.35,110.95,107.35,110.75,4875,803700
20210413,13:17,110.80,112.00,110.20,111.70,4425,803700
20210413,13:18,111.15,111.15,109.15,110.15,3300,807525
20210413,13:19,111.10,111.10,108.55,108.75,2550,807525
20210413,13:20,109.70,110.90,109.70,110.85,3150,807525
20210413,13:21,109.45,109.60,109.00,109.60,1425,805875
20210413,13:22,109.45,110.60,109.45,110.25,450,805875
20210413,13:23,109.55,110.60,109.50,109.65,2175,805875
20210413,13:24,109.55,109.55,108.50,109.10,675,806250
20210413,13:25,109.00,111.90,109.00,111.45,1050,806250
20210413,13:26,111.20,111.65,111.20,111.65,150,806250
20210413,13:27,111.35,111.55,110.25,110.65,900,807675
20210413,13:28,109.80,109.80,108.90,109.40,3450,807675
20210413,13:29,108.00,108.00,106.20,106.40,3375,807675
20210413,13:30,106.00,110.10,104.30,110.10,7500,807225
20210413,13:31,109.85,110.45,109.60,109.60,1950,807225
20210413,13:32,110.85,110.85,109.00,109.00,1950,807225
20210413,13:33,108.40,111.05,108.00,111.05,750,808725
20210413,13:34,110.80,111.20,110.25,110.70,1050,808725
20210413,13:35,111.50,122.10,111.50,121.55,13950,808725
20210413,13:36,121.05,125.40,118.60,119.35,12750,813150
20210413,13:37,118.90,120.60,118.90,119.20,5775,813150
20210413,13:38,118.45,120.75,117.95,120.00,3000,813150
20210413,13:39,119.85,119.85,118.00,118.35,825,811425
20210413,13:40,118.00,120.65,118.00,119.60,2400,811425
20210413,13:41,119.25,119.25,117.60,118.65,1125,811425
20210413,13:42,119.85,121.55,119.85,120.00,1800,810975
20210413,13:43,120.00,120.00,119.20,119.25,1875,810975
20210413,13:44,119.20,119.55,115.05,115.95,1950,810975
20210413,13:45,115.95,118.30,115.95,118.30,1800,810150
20210413,13:46,120.00,121.60,119.70,119.70,600,810150
20210413,13:47,119.90,120.75,119.90,120.45,1050,810150
20210413,13:48,120.65,126.30,120.65,125.85,6525,809100
20210413,13:49,125.35,126.00,123.60,126.00,2850,809100
20210413,13:50,125.45,126.95,121.35,121.85,4125,809100
20210413,13:51,122.25,124.55,122.15,124.50,2850,810825
20210413,13:52,123.85,127.05,123.85,127.05,2925,810825
20210413,13:53,126.20,126.60,125.20,125.20,1125,810825
20210413,13:54,124.90,127.00,124.90,126.00,2250,810450
20210413,13:55,127.00,133.15,127.00,132.25,7650,810450
20210413,13:56,132.60,136.15,132.30,136.15,10275,810450
20210413,13:57,136.20,138.80,134.85,134.85,8325,812250
20210413,13:58,133.90,138.30,133.90,137.50,7575,812250
20210413,13:59,137.75,140.20,137.20,140.20,11550,812250
20210413,14:00,140.50,143.55,138.85,138.85,13050,808725
20210413,14:01,139.10,141.05,139.10,139.75,5475,808725
20210413,14:02,139.50,140.05,135.70,137.05,4500,808725
20210413,14:03,137.00,137.00,133.25,134.00,5700,804750
20210413,14:04,134.85,136.70,134.00,134.00,3225,804750
20210413,14:05,133.55,136.80,133.55,136.00,7425,804750
20210413,14:06,136.20,136.60,133.50,133.50,4125,806325
20210413,14:07,133.40,137.75,130.95,137.75,16050,806325
20210413,14:08,138.05,146.00,138.05,146.00,24900,806325
20210413,14:09,146.40,147.75,145.20,146.50,14625,807675
20210413,14:10,146.35,156.85,146.35,154.90,24000,807675
20210413,14:11,155.05,159.30,154.95,154.95,15000,807675
20210413,14:12,155.30,157.45,152.05,156.90,5400,816075
20210413,14:13,156.90,157.60,156.50,157.45,8175,816075
20210413,14:14,158.00,158.40,154.30,155.15,4125,816075
20210413,14:15,156.50,161.70,156.50,160.00,12825,819975
20210413,14:16,160.80,160.80,155.55,156.60,2925,819975
20210413,14:17,155.95,155.95,151.30,152.10,13200,819975
20210413,14:18,151.00,156.00,149.35,152.90,6525,820650
20210413,14:19,152.30,155.00,152.30,154.20,1500,820650
20210413,14:20,153.95,158.00,153.55,158.00,2700,820650
20210413,14:21,158.65,158.65,153.65,153.65,7350,834525
20210413,14:22,152.65,152.70,150.15,150.95,1500,834525
20210413,14:23,151.10,156.10,151.00,152.20,2775,834525
20210413,14:24,152.70,154.80,152.35,152.75,2775,833925
20210413,14:25,151.95,153.35,150.50,151.15,3150,833925
20210413,14:26,152.80,152.80,150.90,151.05,13275,833925
20210413,14:27,150.85,152.95,150.85,151.00,5550,836775
20210413,14:28,151.30,151.30,148.30,150.00,1950,836775
20210413,14:29,149.10,152.50,148.20,152.50,1350,836775
20210413,14:30,153.70,159.30,153.70,159.30,16050,837975
20210413,14:31,158.75,160.25,155.65,155.65,27225,837975
20210413,14:32,155.90,156.95,155.10,155.85,4125,837975
20210413,14:33,154.25,155.40,151.60,155.40,5700,834750
20210413,14:34,155.90,156.00,152.70,154.35,2550,834750
20210413,14:35,155.00,157.00,154.15,156.95,8850,834750
20210413,14:36,157.30,157.40,155.25,156.25,6075,837525
20210413,14:37,155.85,155.85,153.95,155.40,3300,837525
20210413,14:38,155.60,163.00,155.60,161.65,13800,837525
20210413,14:39,162.05,166.45,161.00,163.05,20850,839325
20210413,14:40,162.90,169.30,162.90,167.50,14325,839325
20210413,14:41,167.55,167.55,165.00,165.00,5550,839325
20210413,14:42,165.25,165.50,162.45,165.15,19950,837750
20210413,14:43,165.65,168.70,165.60,166.55,4200,837750
20210413,14:44,167.00,167.10,164.65,166.85,8400,837750
20210413,14:45,168.00,169.75,165.10,166.00,8850,843525
20210413,14:46,165.75,166.80,165.30,165.35,6300,843525
20210413,14:47,165.00,166.60,163.35,166.30,9000,843525
20210413,14:48,165.70,169.70,165.70,167.35,9375,847800
20210413,14:49,166.45,167.95,163.00,163.95,2925,847800
20210413,14:50,163.00,163.00,156.70,159.40,6150,847800
20210413,14:51,159.35,160.75,156.00,156.15,7500,852225
20210413,14:52,157.00,157.85,153.20,157.85,7125,852225
20210413,14:53,158.65,158.65,153.50,153.50,3000,852225
20210413,14:54,152.40,156.55,152.40,155.95,1875,848625
20210413,14:55,157.05,160.00,157.05,158.85,6450,848625
20210413,14:56,158.75,159.15,156.35,158.20,2925,848625
20210413,14:57,157.95,159.00,157.65,157.65,1125,843300
20210413,14:58,157.75,158.40,154.05,154.85,3000,843300
20210413,14:59,154.35,157.20,154.35,155.85,4200,843300
20210413,15:00,155.65,159.80,155.65,158.10,3900,845250
20210413,15:01,158.45,158.55,155.40,155.45,3825,845250
20210413,15:02,155.50,155.70,153.00,155.25,5625,845250
20210413,15:03,154.50,155.10,150.75,150.75,4050,843525
20210413,15:04,150.35,151.00,149.00,150.20,4950,843525
20210413,15:05,150.25,152.20,148.65,148.65,7650,843525
20210413,15:06,150.00,154.05,150.00,152.20,15150,839850
20210413,15:07,152.75,156.90,152.50,156.20,8925,839850
20210413,15:08,156.40,158.15,154.00,154.00,6750,839850
20210413,15:09,154.00,160.50,154.00,160.50,4575,840675
20210413,15:10,160.15,160.55,155.65,157.15,3900,840675
20210413,15:11,158.25,161.50,158.15,160.00,3225,840675
20210413,15:12,159.85,160.40,156.65,158.75,2925,837900
20210413,15:13,158.30,162.10,158.30,160.75,4575,837900
20210413,15:14,161.40,161.40,157.10,158.10,5175,837900
20210413,15:15,158.05,160.60,157.25,159.10,8850,835350
20210413,15:16,158.55,160.75,158.30,160.05,8625,835350
20210413,15:17,160.65,161.15,159.30,160.80,6000,835350
20210413,15:18,160.80,160.80,158.65,158.65,7800,833025
20210413,15:19,159.05,160.25,157.90,157.90,16425,833025
20210413,15:20,157.00,158.50,156.60,156.65,8325,833025
20210413,15:21,157.20,158.85,156.90,157.00,10425,833025
20210413,15:22,156.90,160.00,156.90,159.50,7725,828300
20210413,15:23,160.05,161.00,158.85,161.00,9825,828300
20210413,15:24,160.80,163.60,160.00,163.45,12150,828300
20210413,15:25,163.45,163.45,160.90,163.05,5925,828375
20210413,15:26,163.05,164.00,163.00,163.85,4875,828375
20210413,15:27,163.45,165.00,163.35,165.00,13050,828375
20210413,15:28,165.05,166.55,165.00,166.00,3825,823425
20210413,15:29,166.10,166.80,164.05,164.05,11625,823425
20210415,09:15,159.30,173.10,158.00,170.70,41701,823575
20210415,09:16,170.65,187.95,169.45,187.95,43200,823575
20210415,09:17,187.95,197.60,178.35,180.65,40500,820275
20210415,09:18,180.85,190.50,178.90,190.50,30300,820275
20210415,09:19,190.40,193.50,187.30,187.30,17400,820275
20210415,09:20,189.45,191.65,185.80,189.15,26700,832800
20210415,09:21,188.90,191.30,187.05,187.70,25875,832800
20210415,09:22,188.25,188.50,185.00,188.40,19200,832800
20210415,09:23,189.20,189.25,185.60,186.95,14250,835350
20210415,09:24,188.50,191.45,187.95,189.00,10875,835350
20210415,09:25,187.55,188.45,185.05,186.70,7800,835350
20210415,09:26,186.05,190.50,185.90,188.40,11475,829575
20210415,09:27,189.00,189.00,184.40,188.35,5925,829575
20210415,09:28,188.20,190.35,185.80,185.80,9375,829575
20210415,09:29,186.30,186.75,184.05,185.60,3450,828750
20210415,09:30,186.55,189.95,186.55,187.85,14550,828750
20210415,09:31,187.55,188.65,183.55,184.05,4725,828750
20210415,09:32,183.55,184.05,178.00,180.15,11925,831075
20210415,09:33,181.20,182.15,178.20,181.90,7275,831075
20210415,09:34,181.75,183.10,171.00,171.45,9075,831075
20210415,09:35,169.25,170.00,152.25,154.50,41250,832950
20210415,09:36,154.40,154.65,144.30,153.35,24150,832950
20210415,09:37,153.80,154.35,150.00,151.05,8625,832950
20210415,09:38,150.95,154.85,150.40,152.25,8250,838500
20210415,09:39,151.70,151.70,145.60,148.95,12750,838500
20210415,09:40,148.40,148.40,142.55,147.20,11100,838500
20210415,09:41,147.15,154.15,145.80,151.80,7425,836775
20210415,09:42,152.20,153.15,150.75,150.80,9900,836775
20210415,09:43,150.00,153.60,150.00,150.45,2175,836775
20210415,09:44,150.50,153.05,150.00,150.00,4875,836100
20210415,09:45,150.00,153.85,149.60,150.20,5175,836100
20210415,09:46,149.85,149.85,144.85,147.10,6675,836100
20210415,09:47,147.50,147.85,144.75,147.20,3975,833100
20210415,09:48,146.95,149.10,145.35,145.35,5925,833100
20210415,09:49,145.00,145.35,140.05,145.00,8250,833100
20210415,09:50,143.85,143.85,138.00,139.70,11400,834075
20210415,09:51,139.80,139.90,137.05,139.25,5625,834075
20210415,09:52,137.45,140.35,136.35,139.70,4950,834075
20210415,09:53,138.65,140.65,138.25,139.35,3975,832125
20210415,09:54,139.00,139.10,134.00,135.80,10950,832125
20210415,09:55,135.65,142.65,135.00,141.70,16350,832125
20210415,09:56,143.85,146.55,140.80,142.75,12150,832500
20210415,09:57,143.05,148.35,142.35,145.40,7350,832500
20210415,09:58,144.90,146.75,142.80,146.15,4575,832500
20210415,09:59,147.00,148.05,145.65,147.00,6675,831900
20210415,10:00,148.40,153.40,147.20,153.40,9075,831900
20210415,10:01,153.65,153.65,149.70,150.80,11025,831900
20210415,10:02,150.45,157.30,150.40,155.65,11400,831150
20210415,10:03,156.05,156.40,153.00,153.00,5550,831150
20210415,10:04,150.90,152.75,150.00,150.95,2925,831150
20210415,10:05,151.30,153.10,149.75,150.00,6975,829575
20210415,10:06,150.35,151.70,144.95,145.50,5550,829575
20210415,10:07,143.50,146.60,142.25,144.70,6900,829575
20210415,10:08,144.60,148.65,144.60,147.65,3075,826200
20210415,10:09,145.85,145.85,139.55,140.65,12450,826200
20210415,10:10,139.85,140.85,137.60,138.60,12825,826200
20210415,10:11,137.90,143.25,137.40,142.15,7350,826200
20210415,10:12,140.45,142.40,137.70,138.35,8025,826200
20210415,10:13,138.05,140.90,137.40,138.10,5475,826200
20210415,10:14,138.85,140.00,138.45,138.70,4050,825525
20210415,10:15,137.90,141.20,135.60,137.30,19500,825525
20210415,10:16,137.00,138.00,130.85,132.50,20475,825525
20210415,10:17,133.10,134.95,130.75,133.10,8175,822375
20210415,10:18,133.10,135.95,132.65,135.70,11625,822375
20210415,10:19,134.85,135.00,128.55,128.55,7200,822375
20210415,10:20,128.00,130.55,127.00,127.00,10350,819675
20210415,10:21,126.50,129.50,126.25,128.35,10725,819675
20210415,10:22,128.25,131.50,127.10,127.95,15825,819675
20210415,10:23,129.20,130.45,128.60,128.80,3825,821775
20210415,10:24,128.10,129.20,125.45,127.30,7650,821775
20210415,10:25,126.85,129.55,126.70,129.45,5775,821775
20210415,10:26,129.60,130.60,128.45,130.20,4200,824325
20210415,10:27,130.65,130.65,127.15,128.35,3975,824325
20210415,10:28,128.35,129.20,127.55,127.85,2850,824325
20210415,10:29,127.00,127.00,123.00,123.05,15825,823275
20210415,10:30,123.10,123.70,120.80,122.50,8775,823275
20210415,10:31,120.00,125.10,120.00,124.00,8925,823275
20210415,10:32,123.45,124.00,120.10,121.00,7950,821100
20210415,10:33,122.10,122.55,119.00,119.20,10950,821100
20210415,10:34,119.70,122.05,118.80,119.95,12450,821100
20210415,10:35,120.05,125.05,120.05,122.65,10125,821400
20210415,10:36,123.55,125.25,122.25,125.25,6825,821400
20210415,10:37,125.05,126.30,123.75,126.00,14175,821400
20210415,10:38,125.75,126.60,122.65,126.00,15000,826950
20210415,10:39,124.45,125.95,122.90,125.35,4725,826950
20210415,10:40,125.25,125.70,121.10,122.10,6600,826950
20210415,10:41,122.10,124.25,121.50,124.25,3600,830325
20210415,10:42,124.70,126.25,124.45,124.60,5175,830325
20210415,10:43,124.65,128.75,124.65,127.65,4425,830325
20210415,10:44,127.60,129.05,125.65,128.10,8325,832050
20210415,10:45,128.15,129.00,126.10,126.10,8100,832050
20210415,10:46,127.35,129.40,127.35,128.85,2775,832050
20210415,10:47,128.90,132.25,128.65,132.15,14100,837225
20210415,10:48,131.95,133.05,129.50,129.85,7725,837225
20210415,10:49,129.60,130.00,128.15,128.70,5775,837225
20210415,10:50,128.55,128.85,126.40,126.95,6675,839325
20210415,10:51,126.70,129.00,126.70,129.00,2100,839325
20210415,10:52,129.50,129.50,125.85,125.85,6675,839325
20210415,10:53,126.60,127.50,125.95,127.50,1650,840525
20210415,10:54,126.85,127.10,126.35,126.35,750,840525
20210415,10:55,127.45,128.45,126.95,128.45,12525,840525
20210415,10:56,128.35,128.35,125.75,127.00,7425,844575
20210415,10:57,127.60,128.65,126.90,126.90,7650,844575
20210415,10:58,126.90,128.15,126.80,127.50,900,844575
20210415,10:59,128.45,128.45,126.20,126.20,1125,844575
20210415,11:00,126.45,126.45,123.75,124.15,6300,843825
20210415,11:01,124.00,124.20,120.55,120.55,49800,843825
20210415,11:02,121.75,122.50,121.40,122.10,7125,870825
20210415,11:03,122.25,122.60,120.00,120.55,4575,870825
20210415,11:04,119.95,120.90,117.10,120.30,7350,870825
20210415,11:05,120.60,120.90,118.00,118.00,5400,868500
20210415,11:06,118.25,120.90,118.00,120.55,3225,868500
20210415,11:07,120.80,122.50,120.70,120.70,4875,868500
20210415,11:08,121.45,121.50,118.00,118.25,5550,868500
20210415,11:09,118.45,118.45,113.90,115.05,11175,869700
20210415,11:10,115.05,117.40,112.35,116.80,9300,869700
20210415,11:11,116.80,117.75,114.90,114.90,2400,870375
20210415,11:12,114.80,115.75,113.00,113.35,4500,870375
20210415,11:13,113.20,114.00,112.00,112.00,4050,870375
20210415,11:14,112.00,114.60,110.55,113.65,9300,875400
20210415,11:15,112.95,113.20,112.25,112.95,2100,875400
20210415,11:16,113.05,117.30,113.05,116.90,4425,875400
20210415,11:17,116.55,116.55,113.90,114.80,4725,873825
20210415,11:18,115.25,115.75,113.90,114.40,2400,873825
20210415,11:19,114.35,116.15,113.35,116.10,1350,873825
20210415,11:20,116.55,119.45,116.55,118.45,9375,873825
20210415,11:21,117.65,117.65,115.50,117.00,8325,877725
20210415,11:22,117.10,117.30,114.05,115.00,4575,877725
20210415,11:23,114.70,115.65,114.00,114.15,1725,877725
20210415,11:24,113.90,114.70,112.45,114.15,4275,880425
20210415,11:25,114.30,115.95,114.00,114.00,2325,880425
20210415,11:26,113.75,114.50,111.95,114.10,3825,880425
20210415,11:27,114.05,114.25,112.25,112.25,2175,882975
20210415,11:28,112.35,114.05,112.35,114.05,1575,882975
20210415,11:29,114.50,115.00,113.55,114.70,2700,882975
20210415,11:30,115.00,115.50,108.20,111.65,19350,885300
20210415,11:31,111.75,116.35,111.55,116.00,19500,885300
20210415,11:32,116.10,116.70,115.40,116.00,9225,885300
20210415,11:33,117.40,118.05,115.25,115.50,5175,891150
20210415,11:34,115.60,116.30,113.70,116.15,5700,891150
20210415,11:35,116.25,116.80,112.70,113.20,2775,891150
20210415,11:36,112.20,113.00,111.00,112.05,1650,894600
20210415,11:37,112.00,114.35,111.65,113.60,1650,894600
20210415,11:38,113.60,118.00,113.00,117.95,5850,894600
20210415,11:39,117.95,118.90,115.80,118.20,6075,892875
20210415,11:40,118.15,119.05,116.10,116.50,6900,892875
20210415,11:41,116.20,120.00,116.20,119.00,14250,892875
20210415,11:42,119.20,122.25,117.80,122.00,7800,894375
20210415,11:43,122.05,123.50,121.20,122.50,11850,894375
20210415,11:44,122.00,125.30,122.00,123.95,8700,894375
20210415,11:45,123.25,123.80,121.25,123.80,8250,902925
20210415,11:46,123.45,126.45,123.45,126.05,10500,902925
20210415,11:47,126.50,132.95,126.35,130.35,17850,902925
20210415,11:48,130.95,132.10,129.75,130.05,7500,903075
20210415,11:49,130.05,130.05,127.50,128.65,4275,903075
20210415,11:50,128.55,136.30,128.40,135.65,17325,903075
20210415,11:51,135.85,140.00,134.60,134.60,17025,902550
20210415,11:52,135.15,135.15,132.75,132.80,9075,902550
20210415,11:53,132.80,132.80,129.05,129.05,4200,902550
20210415,11:54,129.50,133.00,129.30,130.40,5175,902625
20210415,11:55,132.85,134.50,128.15,129.40,8025,902625
20210415,11:56,129.45,132.25,129.45,129.80,9075,902625
20210415,11:57,128.30,132.70,128.15,132.00,10125,899400
20210415,11:58,130.90,131.25,128.70,128.70,3525,899400
20210415,11:59,128.75,129.15,124.60,125.50,5175,899400
20210415,12:00,124.15,127.05,124.15,124.85,5100,899550
20210415,12:01,124.70,125.70,122.85,125.70,3600,899550
20210415,12:02,125.40,125.45,121.20,121.75,3450,899550
20210415,12:03,121.90,124.15,121.45,124.00,5400,900750
20210415,12:04,125.05,126.70,125.05,126.00,2025,900750
20210415,12:05,125.20,129.95,124.85,128.50,9000,900750
20210415,12:06,128.30,128.65,126.15,128.40,5100,899325
20210415,12:07,128.30,131.45,128.30,130.65,2325,899325
20210415,12:08,131.00,132.40,129.20,129.40,6150,899325
20210415,12:09,128.40,133.00,127.65,133.00,17175,896775
20210415,12:10,134.50,135.85,131.65,133.40,7350,896775
20210415,12:11,132.40,135.30,132.40,134.00,2700,896775
20210415,12:12,133.10,135.65,133.00,134.50,6000,904275
20210415,12:13,134.05,134.05,132.40,133.80,4575,904275
20210415,12:14,133.90,133.90,130.10,130.90,6825,904275
20210415,12:15,131.40,137.65,131.40,135.15,7950,901425
20210415,12:16,135.40,136.35,132.70,133.65,10425,901425
20210415,12:17,132.90,133.45,130.50,130.75,3600,901425
20210415,12:18,130.45,130.45,127.65,129.25,5550,901350
20210415,12:19,128.20,128.20,126.95,127.85,2625,901350
20210415,12:20,127.00,129.85,127.00,128.90,2850,901350
20210415,12:21,128.65,128.65,124.75,127.75,6975,900525
20210415,12:22,127.80,128.30,126.35,126.50,2625,900525
20210415,12:23,125.95,128.55,125.70,126.55,5925,900525
20210415,12:24,125.95,129.00,125.95,128.25,7125,902250
20210415,12:25,127.80,130.65,127.80,130.00,3000,902250
20210415,12:26,130.60,131.85,130.05,131.10,2175,902250
20210415,12:27,131.20,131.65,129.75,130.85,2700,904725
20210415,12:28,129.50,129.60,127.45,127.80,3975,904725
20210415,12:29,127.00,128.35,125.50,128.15,7050,904725
20210415,12:30,128.10,130.10,127.40,130.00,3450,906375
20210415,12:31,129.55,130.95,128.70,129.00,1800,906375
20210415,12:32,128.60,129.00,123.45,126.15,7200,906375
20210415,12:33,125.90,128.90,125.90,128.55,5775,904650
20210415,12:34,129.85,131.05,129.55,131.00,7200,904650
20210415,12:35,131.70,131.70,128.15,131.40,4050,904650
20210415,12:36,131.05,131.80,128.95,130.20,3975,902475
20210415,12:37,130.25,133.70,130.25,131.55,5625,902475
20210415,12:38,131.95,131.95,130.45,131.10,5475,902475
20210415,12:39,131.45,131.45,128.70,129.70,2400,901275
20210415,12:40,130.05,131.90,128.65,128.75,2400,901275
20210415,12:41,128.85,130.80,128.85,129.50,2100,901275
20210415,12:42,130.00,131.70,129.75,131.55,2250,903000
20210415,12:43,130.35,131.55,129.70,131.50,3225,903000
20210415,12:44,131.00,133.60,131.00,131.70,4200,903000
20210415,12:45,131.75,134.45,130.25,132.65,5400,905550
20210415,12:46,133.40,135.60,133.25,134.60,5475,905550
20210415,12:47,134.00,137.00,132.85,136.50,5175,905550
20210415,12:48,135.65,136.65,133.25,134.10,12225,906675
20210415,12:49,133.80,133.80,130.75,130.75,10350,906675
20210415,12:50,131.65,134.60,129.30,129.90,5025,906675
20210415,12:51,129.20,130.35,127.55,127.55,3450,904950
20210415,12:52,127.70,128.30,126.80,128.00,2550,904950
20210415,12:53,128.10,130.45,128.10,129.00,4350,904950
20210415,12:54,129.00,130.10,129.00,130.00,600,905925
20210415,12:55,131.05,133.00,130.60,133.00,3225,905925
20210415,12:56,134.15,135.55,132.30,135.55,6075,905925
20210415,12:57,135.95,136.20,133.00,133.75,6600,906000
20210415,12:58,134.00,134.45,133.95,134.45,2175,906000
20210415,12:59,134.40,134.40,132.75,132.75,1050,906000
20210415,13:00,132.70,139.10,130.00,138.90,17175,905400
20210415,13:01,139.90,140.75,136.95,137.60,12825,905400
20210415,13:02,138.30,138.60,135.95,137.20,6225,905400
20210415,13:03,136.95,138.55,135.50,137.30,9300,899700
20210415,13:04,137.55,137.55,132.30,132.40,3675,899700
20210415,13:05,131.90,132.60,124.60,127.80,8100,899700
20210415,13:06,127.10,129.00,125.75,126.70,2775,894975
20210415,13:07,127.15,129.00,126.70,128.45,3825,894975
20210415,13:08,128.65,130.25,127.25,129.05,6000,894975
20210415,13:09,128.60,128.60,126.00,126.90,11100,901725
20210415,13:10,126.70,130.80,126.35,127.50,6975,901725
20210415,13:11,127.90,130.45,127.75,130.45,5325,901725
20210415,13:12,130.30,130.30,127.90,128.25,3525,899625
20210415,13:13,129.85,130.55,127.80,127.80,4125,899625
20210415,13:14,126.50,128.70,126.30,128.70,3825,899625
20210415,13:15,129.95,134.50,129.95,133.75,3825,901950
20210415,13:16,133.00,133.00,131.20,131.70,10425,901950
20210415,13:17,131.75,131.75,128.30,129.85,5550,901950
20210415,13:18,130.35,130.75,129.45,130.25,1275,902325
20210415,13:19,129.85,131.05,129.35,130.90,1425,902325
20210415,13:20,131.30,132.15,131.00,131.40,1275,902325
20210415,13:21,131.15,133.00,130.75,133.00,2850,900225
20210415,13:22,132.65,134.85,131.85,132.40,4575,900225
20210415,13:23,133.15,133.15,126.55,126.55,3600,900225
20210415,13:24,126.10,126.60,122.15,124.05,8775,901275
20210415,13:25,123.85,128.25,123.85,128.00,4050,901275
20210415,13:26,129.00,131.15,128.75,129.35,2550,901275
20210415,13:27,129.20,129.50,127.60,129.50,2325,899850
20210415,13:28,130.40,131.55,129.55,130.95,1275,899850
20210415,13:29,131.55,132.50,129.80,129.80,2100,899850
20210415,13:30,129.15,130.40,127.80,130.40,3750,900675
20210415,13:31,131.35,133.00,130.05,130.50,7050,900675
20210415,13:32,131.35,132.50,131.35,131.60,1200,900675
20210415,13:33,132.25,134.10,131.90,133.95,2475,899625
20210415,13:34,132.20,132.75,131.10,132.75,1200,899625
20210415,13:35,131.65,132.50,131.10,132.15,1650,899625
20210415,13:36,132.50,137.15,132.50,137.15,5175,900300
20210415,13:37,137.00,139.30,135.50,136.50,11175,900300
20210415,13:38,136.00,136.55,134.95,136.55,2925,900300
20210415,13:39,137.15,142.15,137.15,142.15,10725,903150
20210415,13:40,142.25,147.00,142.25,144.55,18225,903150
20210415,13:41,146.45,147.50,142.10,143.40,5175,903150
20210415,13:42,143.35,148.55,143.35,147.50,6450,895725
20210415,13:43,146.55,148.65,146.00,146.00,8625,895725
20210415,13:44,146.00,146.40,144.15,144.65,9225,895725
20210415,13:45,145.20,151.90,145.20,147.40,21975,897600
20210415,13:46,147.65,147.70,138.80,145.50,17625,897600
20210415,13:47,145.00,145.00,140.80,141.40,13350,897600
20210415,13:48,141.00,145.20,141.00,143.90,4050,894600
20210415,13:49,144.55,144.55,141.70,142.45,5850,894600
20210415,13:50,143.70,147.85,143.35,146.00,3900,894600
20210415,13:51,145.75,145.80,143.30,143.40,5925,892875
20210415,13:52,143.35,146.25,142.25,145.20,2775,892875
20210415,13:53,145.55,146.05,143.20,143.20,1200,892875
20210415,13:54,144.45,150.50,144.45,150.00,15600,889575
20210415,13:55,151.00,153.30,148.50,149.70,11700,889575
20210415,13:56,149.70,150.10,147.25,149.25,3525,889575
20210415,13:57,148.35,148.35,145.40,146.80,4200,884625
20210415,13:58,146.80,147.50,142.00,143.05,2025,884625
20210415,13:59,143.05,144.30,142.70,144.25,2550,884625
20210415,14:00,143.60,148.00,143.60,148.00,6600,884775
20210415,14:01,148.70,150.10,144.00,144.00,5550,884775
20210415,14:02,144.10,148.50,143.10,148.50,4350,884775
20210415,14:03,148.50,151.65,148.50,150.25,5700,885525
20210415,14:04,150.35,153.65,150.10,152.45,8175,885525
20210415,14:05,154.00,159.80,154.00,159.60,26250,885525
20210415,14:06,159.80,160.50,156.60,156.60,7575,883875
20210415,14:07,156.05,163.95,156.05,162.90,13350,883875
20210415,14:08,163.15,165.55,161.95,165.20,14325,883875
20210415,14:09,165.50,165.90,162.55,163.10,6000,876450
20210415,14:10,163.20,163.20,158.60,158.85,6225,876450
20210415,14:11,158.95,158.95,155.00,158.90,8325,876450
20210415,14:12,159.80,161.70,158.80,160.10,4125,877875
20210415,14:13,159.75,162.70,159.70,161.10,2475,877875
20210415,14:14,161.10,167.05,161.10,163.10,6150,877875
20210415,14:15,161.70,164.20,160.90,161.30,2025,878325
20210415,14:16,161.65,162.30,159.50,161.60,8325,878325
20210415,14:17,162.40,165.00,161.45,162.00,5400,878325
20210415,14:18,161.60,162.00,159.90,160.50,1875,876300
20210415,14:19,161.10,165.60,161.10,165.30,5250,876300
20210415,14:20,165.30,167.90,165.00,165.50,9675,876300
20210415,14:21,165.00,165.00,160.45,161.95,5775,876975
20210415,14:22,161.90,161.90,155.80,155.85,3000,876975
20210415,14:23,156.10,156.45,150.85,150.85,7350,876975
20210415,14:24,152.05,152.05,148.00,148.00,4650,867450
20210415,14:25,146.60,151.55,145.35,150.65,6675,867450
20210415,14:26,150.80,154.25,150.15,152.30,4425,867450
20210415,14:27,152.70,152.95,149.00,149.00,3750,862425
20210415,14:28,148.05,151.35,148.05,148.30,3600,862425
20210415,14:29,149.50,153.25,149.50,152.15,3000,862425
20210415,14:30,151.90,157.20,151.30,155.60,8025,864075
20210415,14:31,155.80,159.65,155.00,155.80,5100,864075
20210415,14:32,155.70,158.90,155.70,158.40,4125,864075
20210415,14:33,157.60,158.05,156.80,156.80,1575,862200
20210415,14:34,155.25,159.60,155.25,157.90,3000,862200
20210415,14:35,157.85,158.00,154.90,154.90,1650,862200
20210415,14:36,155.50,157.90,152.55,152.55,37500,881700
20210415,14:37,151.00,152.50,149.75,150.40,3900,881700
20210415,14:38,149.85,149.85,143.75,143.75,8250,881700
20210415,14:39,143.05,146.20,141.90,145.45,4725,882675
20210415,14:40,147.25,148.00,145.70,145.70,4500,882675
20210415,14:41,146.30,149.80,146.30,148.25,3225,882675
20210415,14:42,148.80,152.25,148.80,149.45,3075,881550
20210415,14:43,149.90,150.55,148.90,149.30,2775,881550
20210415,14:44,149.55,150.00,148.45,149.70,2625,881550
20210415,14:45,151.60,156.00,151.25,153.55,5100,879375
20210415,14:46,153.00,153.00,150.60,150.60,2475,879375
20210415,14:47,150.25,151.60,147.60,151.60,5550,879375
20210415,14:48,149.90,151.15,149.45,151.15,1875,876000
20210415,14:49,152.60,152.60,148.00,148.00,5925,876000
20210415,14:50,147.90,150.65,147.00,150.10,4425,876000
20210415,14:51,151.70,153.15,150.70,153.15,7125,873450
20210415,14:52,152.00,152.50,149.80,150.20,5325,873450
20210415,14:53,149.75,153.05,149.45,152.30,5850,873450
20210415,14:54,151.85,153.40,149.40,153.40,5175,875100
20210415,14:55,154.00,154.90,152.55,153.85,6225,875100
20210415,14:56,154.10,157.60,153.85,154.40,13875,875100
20210415,14:57,154.65,157.15,154.65,155.15,4725,871875
20210415,14:58,155.15,156.90,152.50,156.30,65850,871875
20210415,14:59,156.95,165.00,156.95,161.80,15150,871875
20210415,15:00,162.60,167.65,162.60,166.95,10875,843675
20210415,15:01,167.80,169.25,161.20,161.20,10350,843675
20210415,15:02,161.20,166.90,161.20,166.75,8925,843675
20210415,15:03,166.65,168.00,166.00,166.00,6675,843825
20210415,15:04,166.25,170.00,166.00,169.30,4425,843825
20210415,15:05,168.80,168.90,165.00,168.90,10950,843825
20210415,15:06,168.75,171.15,168.75,170.60,9300,846375
20210415,15:07,171.00,176.15,171.00,175.45,24075,846375
20210415,15:08,175.40,175.40,171.55,174.05,6075,846375
20210415,15:09,174.25,179.00,174.20,179.00,20250,846375
20210415,15:10,178.25,178.25,175.50,175.90,8850,829950
20210415,15:11,175.40,179.30,175.25,178.70,9375,829950
20210415,15:12,179.20,179.50,178.30,179.15,6525,830925
20210415,15:13,179.15,179.60,177.00,177.00,4050,830925
20210415,15:14,177.45,179.50,175.25,179.50,10350,830925
20210415,15:15,179.90,181.10,179.25,179.25,13350,816675
20210415,15:16,179.20,179.80,178.95,179.75,4500,816675
20210415,15:17,179.15,179.70,178.40,179.40,3450,816675
20210415,15:18,178.60,179.25,178.25,178.80,3450,813900
20210415,15:19,178.10,178.40,177.20,178.05,6600,813900
20210415,15:20,177.50,178.00,176.85,177.35,2550,813900
20210415,15:21,178.00,178.70,177.00,177.10,4725,812625
20210415,15:22,177.00,178.25,177.00,177.40,5175,812625
20210415,15:23,178.15,178.65,177.75,178.40,3375,812625
20210415,15:24,178.20,179.25,177.45,178.50,6675,811500
20210415,15:25,178.50,180.00,178.50,180.00,8175,811500
20210415,15:26,180.00,180.75,179.65,180.00,5475,811500
20210415,15:27,179.80,180.15,179.20,179.20,3750,811500
20210415,15:28,179.50,180.30,179.25,180.05,3375,800850
20210415,15:29,179.35,180.50,179.00,180.00,4200,800850
20210416,09:15,181.30,202.30,181.00,198.70,31652,796350
20210416,09:16,197.50,199.10,187.90,196.75,14475,796350
20210416,09:17,195.00,195.60,189.35,192.00,19800,797925
20210416,09:18,192.15,194.35,186.60,186.60,4800,797925
20210416,09:19,186.30,192.65,185.85,191.20,7725,797925
20210416,09:20,193.55,203.35,187.00,187.25,38625,802575
20210416,09:21,185.95,187.50,168.55,171.20,23700,802575
20210416,09:22,170.40,175.40,166.60,171.30,17025,802575
20210416,09:23,170.90,177.60,170.40,176.55,9075,810000
20210416,09:24,177.10,182.80,176.20,180.55,11025,810000
20210416,09:25,181.35,185.35,180.25,183.45,6225,810000
20210416,09:26,183.55,187.10,183.50,186.95,7350,814275
20210416,09:27,186.65,191.95,186.00,191.95,11400,814275
20210416,09:28,188.90,190.00,184.05,185.35,6225,814275
20210416,09:29,186.60,189.10,185.50,186.50,12975,808125
20210416,09:30,188.55,195.50,188.20,195.05,27150,808125
20210416,09:31,194.10,198.25,194.10,195.50,7725,808125
20210416,09:32,195.85,201.90,195.55,200.75,18075,815625
20210416,09:33,199.70,205.00,199.05,201.20,16950,815625
20210416,09:34,201.50,203.25,200.00,200.00,14925,815625
20210416,09:35,199.60,203.55,198.25,201.05,6600,814725
20210416,09:36,199.35,200.05,193.65,195.95,8700,814725
20210416,09:37,195.35,200.75,195.35,199.50,6675,814725
20210416,09:38,199.00,200.10,195.95,196.40,4500,818175
20210416,09:39,196.45,196.45,191.00,194.35,7575,818175
20210416,09:40,192.20,194.50,187.90,194.50,5250,818175
20210416,09:41,194.55,198.00,193.00,197.70,5625,818325
20210416,09:42,198.20,200.00,197.00,199.00,6000,818325
20210416,09:43,197.00,203.00,197.00,201.45,9675,818325
20210416,09:44,201.40,202.20,194.10,196.60,12150,818850
20210416,09:45,196.10,209.00,196.10,206.20,18075,818850
20210416,09:46,206.00,206.25,201.25,203.80,8175,818850
20210416,09:47,202.55,204.75,201.75,202.30,6675,815700
20210416,09:48,203.10,205.10,200.90,204.45,3750,815700
20210416,09:49,203.50,205.30,201.75,204.05,6225,815700
20210416,09:50,205.00,209.00,203.90,205.55,7050,815850
20210416,09:51,205.55,207.80,202.25,202.25,7125,815850
20210416,09:52,203.40,208.00,203.40,205.60,5400,815850
20210416,09:53,206.05,208.00,205.75,205.75,5550,816825
20210416,09:54,207.00,211.90,207.00,208.55,17175,816825
20210416,09:55,208.90,211.40,208.30,209.25,6150,816825
20210416,09:56,209.80,210.75,207.15,208.40,7275,817425
20210416,09:57,208.00,209.75,206.20,207.05,4875,817425
20210416,09:58,207.30,208.95,205.45,205.45,9900,817425
20210416,09:59,205.80,208.55,205.75,207.80,6600,823350
20210416,10:00,207.35,213.00,207.35,210.35,11025,823350
20210416,10:01,210.45,210.45,201.75,203.10,8175,823350
20210416,10:02,203.70,205.50,200.10,200.80,11100,823575
20210416,10:03,200.25,201.55,198.15,201.00,5550,823575
20210416,10:04,201.15,201.15,197.55,198.00,5625,823575
20210416,10:05,198.40,201.40,194.25,195.60,13500,824550
20210416,10:06,195.35,202.15,195.35,201.45,5775,824550
20210416,10:07,201.20,205.00,201.20,202.20,5475,824550
20210416,10:08,203.70,207.00,202.50,206.50,3450,824700
20210416,10:09,205.70,208.30,203.55,206.00,7425,824700
20210416,10:10,205.60,208.00,204.25,208.00,2325,824700
20210416,10:11,207.55,208.60,206.00,207.30,2775,826500
20210416,10:12,206.85,206.90,203.50,205.10,5700,826500
20210416,10:13,204.55,206.50,203.75,206.50,2550,826500
20210416,10:14,206.00,206.70,204.00,205.75,3300,828450
20210416,10:15,205.30,209.00,205.30,206.00,17475,828450
20210416,10:16,207.00,208.40,205.40,205.40,5700,828450
20210416,10:17,204.25,209.05,204.25,208.00,3600,831675
20210416,10:18,208.30,210.15,207.20,209.10,3525,831675
20210416,10:19,209.00,209.90,207.50,209.05,5325,831675
20210416,10:20,209.00,209.50,206.75,207.30,2250,831975
20210416,10:21,207.65,207.65,206.30,207.00,1575,831975
20210416,10:22,207.35,209.55,206.85,207.00,9300,831975
20210416,10:23,206.85,209.90,206.10,209.40,6600,828900
20210416,10:24,208.95,215.80,208.95,215.20,30675,828900
20210416,10:25,217.00,217.70,208.75,209.40,19350,828900
20210416,10:26,209.40,211.00,208.25,210.10,8400,836550
20210416,10:27,210.30,212.30,208.60,212.05,4425,836550
20210416,10:28,211.85,212.35,210.00,212.10,5475,836550
20210416,10:29,211.50,214.20,211.50,213.70,6675,836175
20210416,10:30,212.70,219.80,212.15,215.85,17850,836175
20210416,10:31,216.70,219.65,216.70,217.15,22875,836175
20210416,10:32,216.90,223.20,216.50,218.00,15300,851625
20210416,10:33,218.35,221.10,217.85,219.50,7950,851625
20210416,10:34,218.65,221.80,218.60,220.50,8025,851625
20210416,10:35,221.05,224.45,220.10,222.35,7125,855225
20210416,10:36,223.00,226.35,222.55,224.35,18975,855225
20210416,10:37,222.75,223.95,221.65,222.25,7425,855225
20210416,10:38,222.20,224.00,222.20,223.85,4500,866325
20210416,10:39,223.20,224.80,222.05,224.10,6900,866325
20210416,10:40,223.50,226.05,223.50,226.05,6300,866325
20210416,10:41,224.85,225.40,218.05,220.00,11925,868950
20210416,10:42,221.00,223.00,218.00,218.30,6300,868950
20210416,10:43,219.65,220.10,214.25,216.65,9525,868950
20210416,10:44,217.00,218.60,215.35,216.10,4500,867150
20210416,10:45,215.90,218.65,211.00,211.45,6825,867150
20210416,10:46,211.10,211.60,207.75,211.50,7275,867150
20210416,10:47,211.90,219.00,211.40,218.85,7425,866025
20210416,10:48,220.05,220.05,217.55,217.55,5325,866025
20210416,10:49,217.85,219.30,217.15,218.35,6750,866025
20210416,10:50,219.10,221.90,218.85,218.85,10275,865575
20210416,10:51,218.65,222.20,218.25,222.20,5925,865575
20210416,10:52,221.50,223.30,220.50,220.70,8625,865575
20210416,10:53,220.00,221.00,217.65,219.05,6075,865575
20210416,10:54,219.70,219.70,214.30,215.00,8475,864900
20210416,10:55,215.90,217.95,214.80,216.90,4950,864900
20210416,10:56,217.85,219.35,217.20,218.00,5550,872325
20210416,10:57,218.00,218.25,214.10,214.10,2550,872325
20210416,10:58,213.00,213.25,207.00,210.35,10425,872325
20210416,10:59,210.45,213.55,210.45,211.45,3600,873975
20210416,11:00,214.00,215.60,212.30,214.85,3225,873975
20210416,11:01,215.85,216.80,213.70,215.65,8325,873975
20210416,11:02,216.00,216.00,213.65,214.20,1875,874425
20210416,11:03,213.25,213.55,209.55,210.05,3450,874425
20210416,11:04,210.00,210.00,204.35,205.20,12000,874425
20210416,11:05,205.60,208.95,204.35,208.95,5175,875775
20210416,11:06,209.25,213.65,208.65,213.05,6825,875775
20210416,11:07,214.00,215.30,212.65,214.90,3375,875775
20210416,11:08,216.15,218.25,214.40,218.25,5100,874500
20210416,11:09,218.05,219.85,217.25,219.40,6900,874500
20210416,11:10,220.35,221.25,216.55,219.65,8925,874500
20210416,11:11,219.65,221.30,219.65,220.45,2850,870225
20210416,11:12,220.05,220.70,218.30,219.55,5850,870225
20210416,11:13,219.65,220.35,216.00,220.35,4275,870225
20210416,11:14,220.00,222.65,218.45,218.45,8250,870300
20210416,11:15,219.35,221.60,219.35,219.75,3150,870300
20210416,11:16,219.75,219.75,214.50,217.15,4800,870300
20210416,11:17,217.85,220.35,217.20,220.35,2550,871200
20210416,11:18,220.00,221.80,218.50,220.45,5250,871200
20210416,11:19,221.00,222.00,218.00,219.80,5175,871200
20210416,11:20,220.00,227.00,220.00,223.75,16950,870450
20210416,11:21,224.60,225.50,222.00,222.00,4575,870450
20210416,11:22,222.00,225.55,222.00,224.50,6150,870450
20210416,11:23,223.30,225.50,223.30,225.50,4275,871725
20210416,11:24,226.50,229.45,223.60,223.60,9075,871725
20210416,11:25,224.55,226.00,222.45,222.45,2550,871725
20210416,11:26,225.00,226.30,223.00,223.65,1875,871725
20210416,11:27,223.90,225.50,222.55,223.65,1425,870975
20210416,11:28,223.00,224.25,222.45,222.85,1200,870975
20210416,11:29,224.40,226.50,224.15,225.10,3150,871500
20210416,11:30,223.70,227.00,223.70,225.40,7125,871500
20210416,11:31,224.00,224.30,222.15,223.60,1725,871500
20210416,11:32,223.85,223.85,221.00,222.05,2850,874350
20210416,11:33,222.55,223.30,218.70,219.40,5625,874350
20210416,11:34,219.40,221.55,217.40,219.05,3750,874350
20210416,11:35,219.45,220.70,218.05,218.05,3825,873300
20210416,11:36,217.00,219.70,216.75,219.70,2625,873300
20210416,11:37,219.85,221.75,219.35,220.25,5175,873300
20210416,11:38,220.45,223.10,220.45,221.30,8250,877125
20210416,11:39,221.00,222.00,219.00,219.00,1200,877125
20210416,11:40,220.50,221.40,220.15,220.75,2475,877125
20210416,11:41,221.05,221.05,215.95,216.75,1800,877125
20210416,11:42,217.00,218.30,214.40,214.70,3900,877200
20210416,11:43,215.00,217.55,215.00,216.00,2775,877200
20210416,11:44,216.30,216.30,213.45,213.70,4125,877200
20210416,11:45,213.65,213.65,207.35,208.75,10125,876675
20210416,11:46,209.55,212.00,209.55,211.25,2325,876675
20210416,11:47,210.00,213.00,209.25,211.00,3675,876675
20210416,11:48,210.55,210.55,206.65,207.30,6000,877125
20210416,11:49,207.00,207.00,200.10,205.10,19275,877125
20210416,11:50,204.75,211.10,203.10,210.80,6900,877125
20210416,11:51,210.95,214.35,209.85,213.30,6375,876225
20210416,11:52,214.25,215.50,213.55,215.10,6750,876225
20210416,11:53,213.80,217.00,213.40,213.40,3600,876225
20210416,11:54,213.40,213.40,211.50,213.05,1650,878025
20210416,11:55,213.30,216.40,213.25,213.95,3675,878025
20210416,11:56,213.90,215.40,211.95,211.95,1800,878025
20210416,11:57,212.60,212.65,209.40,210.50,3150,878700
20210416,11:58,210.15,212.00,210.15,211.80,2850,878700
20210416,11:59,211.75,211.95,210.00,210.30,5325,878700
20210416,12:00,210.15,211.15,207.60,207.60,4350,881175
20210416,12:01,207.30,207.30,203.75,206.45,3750,881175
20210416,12:02,206.10,206.30,200.00,201.45,8625,881175
20210416,12:03,201.15,203.30,201.00,202.10,6150,884250
20210416,12:04,202.10,202.10,196.00,196.00,11175,884250
20210416,12:05,195.70,202.15,193.55,199.80,16050,884250
20210416,12:06,200.10,203.45,199.00,202.70,9150,881775
20210416,12:07,203.20,205.00,201.00,201.90,7125,881775
20210416,12:08,201.75,202.50,198.15,200.40,3975,881775
20210416,12:09,200.30,202.95,200.30,201.90,6675,886350
20210416,12:10,201.10,201.90,199.80,201.90,3000,886350
20210416,12:11,200.95,202.85,199.85,202.70,2775,886350
20210416,12:12,201.40,202.70,200.15,201.00,1425,886500
20210416,12:13,203.40,203.95,201.10,202.75,2850,886500
20210416,12:14,202.20,208.00,202.20,207.95,7050,886500
20210416,12:15,207.00,207.00,203.95,203.95,4425,884850
20210416,12:16,204.90,204.90,198.10,198.10,7950,884850
20210416,12:17,198.35,200.20,197.15,200.05,3450,884850
20210416,12:18,200.60,202.30,200.60,202.00,675,889275
20210416,12:19,202.00,202.85,200.45,202.50,1650,889275
20210416,12:20,202.40,204.75,201.50,203.35,1125,889275
20210416,12:21,203.00,203.10,199.75,200.60,2550,891225
20210416,12:22,201.15,203.40,201.15,201.90,2175,891225
20210416,12:23,200.00,203.05,200.00,202.05,750,891225
20210416,12:24,201.55,201.95,200.55,201.00,1125,890850
20210416,12:25,200.00,201.35,199.55,200.75,2550,890850
20210416,12:26,201.25,201.60,200.20,200.40,2100,890850
20210416,12:27,200.75,200.75,197.30,197.30,3450,889725
20210416,12:28,197.80,198.95,197.05,198.40,1950,889725
20210416,12:29,199.05,202.50,199.05,202.50,4200,889725
20210416,12:30,203.00,206.00,203.00,203.00,8100,890400
20210416,12:31,202.40,202.95,201.15,201.75,1125,890400
20210416,12:32,201.65,205.10,201.65,204.80,2475,890400
20210416,12:33,204.45,209.20,204.45,206.00,9600,890625
20210416,12:34,206.00,211.25,205.60,209.65,3900,890625
20210416,12:35,210.00,211.75,208.25,211.20,3450,890625
20210416,12:36,210.80,214.95,208.90,209.00,10725,887475
20210416,12:37,209.00,210.30,207.55,209.60,3000,887475
20210416,12:38,209.75,210.45,209.00,209.05,2325,887475
20210416,12:39,210.00,210.30,208.60,208.90,3375,889425
20210416,12:40,209.90,210.50,209.05,209.55,4500,889425
20210416,12:41,209.00,212.00,209.00,211.00,3675,889425
20210416,12:42,209.75,211.40,209.65,209.95,1800,889425
20210416,12:43,210.40,210.40,208.35,209.20,1350,889425
20210416,12:44,209.45,210.25,209.25,209.75,1350,889425
20210416,12:45,211.00,213.60,211.00,213.25,4275,890625
20210416,12:46,213.40,214.20,212.70,213.70,2025,890625
20210416,12:47,212.80,214.05,212.50,213.55,9300,890625
20210416,12:48,212.95,216.35,212.95,215.45,4050,893175
20210416,12:49,214.95,219.60,214.95,218.05,5700,893175
20210416,12:50,217.30,217.50,215.05,216.15,4725,893175
20210416,12:51,215.75,218.00,214.85,217.75,4875,896025
20210416,12:52,218.00,219.40,216.40,218.30,4650,896025
20210416,12:53,217.90,218.30,215.70,215.70,3450,896025
20210416,12:54,216.00,216.15,215.00,215.75,3000,895875
20210416,12:55,216.80,217.30,214.30,214.35,3375,895875
20210416,12:56,214.90,215.95,214.75,215.90,2850,895875
20210416,12:57,215.00,219.00,215.00,219.00,3000,897600
20210416,12:58,217.70,217.70,208.85,210.25,4575,897600
20210416,12:59,210.95,212.10,210.00,210.20,1425,897600
20210416,13:00,212.40,214.50,212.40,214.35,1275,898725
20210416,13:01,215.00,216.80,214.65,216.65,3525,898725
20210416,13:02,217.10,217.50,216.00,216.00,3450,898725
20210416,13:03,215.60,216.00,214.50,214.85,2250,900525
20210416,13:04,214.95,216.25,214.00,214.00,4275,900525
20210416,13:05,212.55,215.00,212.55,215.00,1650,900525
20210416,13:06,215.00,216.25,212.05,212.50,4875,900075
20210416,13:07,212.70,212.70,210.20,210.20,3675,900075
20210416,13:08,210.55,211.55,208.90,209.95,6150,900075
20210416,13:09,209.60,210.00,206.30,207.00,5475,900000
20210416,13:10,206.00,209.05,203.90,207.75,9900,900000
20210416,13:11,208.60,210.45,207.70,210.45,3300,900000
20210416,13:12,210.40,210.40,208.80,209.60,3900,901350
20210416,13:13,209.65,210.35,207.65,207.90,1275,901350
20210416,13:14,209.35,211.00,208.00,208.00,1800,901350
20210416,13:15,209.65,211.70,209.35,210.70,3975,899550
20210416,13:16,210.00,211.00,209.45,211.00,5325,899550
20210416,13:17,210.90,212.00,209.45,210.30,1725,899550
20210416,13:18,209.15,209.15,205.25,205.25,8325,901650
20210416,13:19,206.10,206.10,203.70,204.55,4500,901650
20210416,13:20,205.10,205.10,198.70,199.30,12900,901650
20210416,13:21,199.70,206.00,199.70,206.00,5700,897975
20210416,13:22,206.25,208.40,206.10,206.75,4425,897975
20210416,13:23,207.10,208.25,207.10,208.25,2625,897975
20210416,13:24,208.35,210.00,208.35,208.70,6450,899850
20210416,13:25,210.00,210.50,206.45,206.90,4800,899850
20210416,13:26,205.75,207.35,204.10,205.45,3375,899850
20210416,13:27,205.55,205.55,203.60,204.90,2025,898800
20210416,13:28,205.90,206.00,204.30,205.30,1875,898800
20210416,13:29,205.00,205.00,201.70,203.30,2250,898800
20210416,13:30,204.10,205.55,204.05,204.65,2475,897750
20210416,13:31,205.00,205.80,203.45,203.45,1725,897750
20210416,13:32,202.85,202.85,200.00,201.25,10800,897750
20210416,13:33,201.40,202.50,197.60,202.50,8700,897600
20210416,13:34,202.70,205.45,202.70,203.55,1725,897600
20210416,13:35,204.75,207.40,204.75,207.25,2775,897600
20210416,13:36,207.00,208.60,206.65,208.60,7350,896175
20210416,13:37,207.00,207.00,205.55,206.05,4650,896175
20210416,13:38,206.90,209.00,206.85,208.50,1500,896175
20210416,13:39,208.10,212.20,208.00,210.30,9975,896925
20210416,13:40,210.75,211.05,208.00,208.45,4125,896925
20210416,13:41,209.15,211.05,208.50,211.05,2775,896925
20210416,13:42,210.80,214.70,210.80,212.55,5400,897150
20210416,13:43,213.20,213.65,211.10,212.60,3150,897150
20210416,13:44,210.00,211.60,208.60,209.80,2400,897150
20210416,13:45,210.35,212.90,209.00,212.65,7350,899850
20210416,13:46,211.05,211.05,209.15,209.75,1500,899850
20210416,13:47,210.35,210.35,207.00,209.35,7425,899850
20210416,13:48,210.00,210.65,207.50,208.25,4050,899100
20210416,13:49,208.30,211.45,208.30,211.45,2025,899100
20210416,13:50,211.70,211.70,209.90,209.90,1575,899100
20210416,13:51,209.95,210.00,206.60,207.55,4050,898725
20210416,13:52,208.00,210.45,207.75,210.15,1875,898725
20210416,13:53,211.15,213.90,211.00,212.90,3000,898725
20210416,13:54,213.95,214.00,211.00,212.90,2400,898725
20210416,13:55,211.50,214.00,211.50,213.35,3900,898875
20210416,13:56,212.80,212.95,211.30,211.60,1725,898875
20210416,13:57,213.55,213.55,208.70,211.00,2700,901425
20210416,13:58,208.55,210.20,207.00,209.15,8550,901425
20210416,13:59,208.55,210.60,208.55,209.00,4950,901425
20210416,14:00,210.15,210.25,207.90,209.50,3825,899475
20210416,14:01,209.30,209.30,198.35,201.40,18750,899475
20210416,14:02,201.70,204.65,198.70,204.65,10050,899475
20210416,14:03,204.55,204.95,201.05,204.55,9075,896025
20210416,14:04,206.35,207.00,204.20,204.20,6000,896025
20210416,14:05,204.50,207.45,203.20,207.00,7200,896025
20210416,14:06,206.30,206.30,200.40,201.50,7125,892500
20210416,14:07,201.50,203.95,199.45,201.80,2625,892500
20210416,14:08,201.50,201.50,199.80,199.90,4575,892500
20210416,14:09,200.25,204.75,200.25,203.20,10500,893850
20210416,14:10,203.80,206.30,202.85,205.90,3675,893850
20210416,14:11,205.60,209.25,204.60,207.30,10575,893850
20210416,14:12,206.55,209.75,206.45,206.80,10725,895575
20210416,14:13,206.75,206.75,204.60,204.60,1575,895575
20210416,14:14,204.15,207.60,204.15,206.40,1050,895575
20210416,14:15,207.45,208.50,206.00,206.20,2700,896325
20210416,14:16,205.55,207.35,204.25,207.35,7650,896325
20210416,14:17,207.35,207.35,205.30,205.30,1950,896325
20210416,14:18,206.05,207.00,204.80,206.20,3600,894600
20210416,14:19,206.50,208.60,205.85,206.40,3000,894600
20210416,14:20,205.60,206.10,204.00,205.35,3450,894600
20210416,14:21,205.35,206.05,203.25,206.05,2400,897000
20210416,14:22,205.25,214.45,205.25,213.40,14700,897000
20210416,14:23,214.30,227.00,213.35,224.80,56700,897000
20210416,14:24,224.15,225.80,222.05,224.10,14175,903600
20210416,14:25,225.00,231.80,225.00,230.45,22725,903600
20210416,14:26,230.70,231.00,225.45,225.85,14625,903600
20210416,14:27,224.00,226.25,221.70,225.95,12525,899850
20210416,14:28,226.30,226.90,223.90,225.55,12525,899850
20210416,14:29,227.70,227.80,225.60,226.05,7425,899850
20210416,14:30,226.00,229.00,223.30,225.00,9225,900300
20210416,14:31,224.95,224.95,220.95,222.45,9900,900300
20210416,14:32,222.80,222.80,218.05,218.40,6450,900300
20210416,14:33,218.50,222.40,218.50,220.05,7350,907275
20210416,14:34,219.65,222.15,219.65,221.25,4425,907275
20210416,14:35,221.70,224.55,219.95,220.20,17250,907275
20210416,14:36,221.10,224.00,220.30,223.65,3450,908400
20210416,14:37,223.85,223.85,219.80,220.45,5850,908400
20210416,14:38,222.55,226.55,222.30,225.95,6525,908400
20210416,14:39,224.70,226.00,224.15,224.30,7650,911700
20210416,14:40,226.15,228.70,225.65,227.65,17175,911700
20210416,14:41,227.95,229.00,224.15,224.15,5625,911700
20210416,14:42,224.10,225.25,222.50,223.10,8400,913125
20210416,14:43,223.65,225.00,221.80,223.45,6300,913125
20210416,14:44,223.60,223.95,220.50,221.40,3375,913125
20210416,14:45,222.95,223.70,221.30,222.20,6150,915225
20210416,14:46,223.05,224.00,222.35,223.30,4800,915225
20210416,14:47,223.00,224.00,222.55,223.20,1800,915225
20210416,14:48,223.70,224.80,220.55,220.60,6075,916575
20210416,14:49,220.65,222.50,219.65,220.55,4200,916575
20210416,14:50,218.65,218.65,208.00,209.60,20175,916575
20210416,14:51,208.65,208.65,201.15,207.60,14700,908175
20210416,14:52,208.25,209.45,205.85,207.35,5700,908175
20210416,14:53,208.95,209.95,207.90,208.60,9000,908175
20210416,14:54,208.65,211.40,208.55,210.20,7275,911250
20210416,14:55,211.10,212.15,206.20,206.65,5250,911250
20210416,14:56,206.20,210.10,206.20,210.10,1350,911250
20210416,14:57,210.00,210.10,207.20,207.20,2550,911250
20210416,14:58,205.75,205.75,202.70,204.65,4275,910500
20210416,14:59,205.70,206.50,202.90,204.30,3825,910500
20210416,15:00,203.95,203.95,191.90,191.90,33600,906975
20210416,15:01,192.60,194.25,185.75,194.25,35625,906975
20210416,15:02,193.05,198.90,193.05,196.30,12825,906975
20210416,15:03,196.85,200.80,196.30,198.95,11475,895800
20210416,15:04,199.15,201.60,196.90,199.00,7425,895800
20210416,15:05,198.65,201.00,195.60,195.60,11850,895800
20210416,15:06,195.55,198.70,194.50,195.30,5400,897225
20210416,15:07,195.65,196.05,190.15,190.75,8625,897225
20210416,15:08,191.30,194.00,190.05,191.20,7575,897225
20210416,15:09,191.20,194.00,191.20,192.70,3750,896175
20210416,15:10,191.85,194.20,191.25,191.70,6600,896175
20210416,15:11,191.00,194.10,189.70,192.60,11625,896175
20210416,15:12,191.80,192.15,190.40,191.00,7725,905325
20210416,15:13,191.15,192.00,189.60,190.70,4800,905325
20210416,15:14,190.30,190.45,184.55,184.55,9300,905325
20210416,15:15,184.55,185.90,182.85,184.75,20250,896775
20210416,15:16,184.60,187.05,183.05,187.05,8025,896775
20210416,15:17,187.10,188.30,186.00,187.95,8850,896775
20210416,15:18,188.00,188.40,184.50,186.20,20325,897525
20210416,15:19,185.95,187.50,184.75,185.85,17550,897525
20210416,15:20,186.60,188.30,186.40,186.65,7950,897525
20210416,15:21,187.00,188.00,184.45,185.60,16050,891750
20210416,15:22,184.85,186.00,182.05,182.05,5475,891750
20210416,15:23,181.85,183.90,181.00,182.20,12225,891750
20210416,15:24,181.70,182.70,178.90,179.85,13725,895350
20210416,15:25,179.25,181.05,178.40,178.40,11850,895350
20210416,15:26,178.05,179.20,177.60,177.95,10050,895350
20210416,15:27,177.95,178.45,176.30,176.30,7650,893025
20210416,15:28,176.00,176.45,173.15,174.10,13425,893025
20210416,15:29,174.25,174.25,171.70,173.85,16425,893025
20210419,09:15,58.25,99.80,58.25,74.85,53778,902475
20210419,09:16,76.30,79.15,71.65,77.65,51300,902475
20210419,09:17,77.80,78.70,74.15,74.25,47025,896850
20210419,09:18,74.55,74.55,68.45,69.90,74025,896850
20210419,09:19,69.00,69.05,62.30,67.30,50925,896850
20210419,09:20,66.80,66.80,57.05,60.05,59250,919350
20210419,09:21,60.10,66.65,60.10,66.00,53775,919350
20210419,09:22,65.85,67.40,65.40,66.50,43650,919350
20210419,09:23,66.80,67.35,65.60,66.35,33750,935100
20210419,09:24,65.85,67.20,64.75,66.45,40200,935100
20210419,09:25,65.85,67.65,64.00,65.80,52950,935100
20210419,09:26,66.60,66.60,64.75,65.00,28350,941775
20210419,09:27,65.30,67.15,64.80,67.10,23100,941775
20210419,09:28,66.55,69.60,66.55,69.00,35625,941775
20210419,09:29,68.70,69.55,65.50,66.10,34500,955425
20210419,09:30,65.10,65.45,61.40,62.10,57225,955425
20210419,09:31,61.65,64.35,61.65,62.40,40350,955425
20210419,09:32,62.55,64.40,61.90,62.70,52125,964800
20210419,09:33,62.25,64.25,62.00,63.30,31125,964800
20210419,09:34,63.05,64.30,61.95,63.80,24300,964800
20210419,09:35,64.00,64.10,62.00,63.85,41850,986475
20210419,09:36,64.00,64.00,61.05,62.25,56100,986475
20210419,09:37,62.00,62.75,60.05,62.05,35100,986475
20210419,09:38,62.35,63.70,61.35,63.70,14925,1009050
20210419,09:39,63.30,63.60,61.05,61.15,23400,1009050
20210419,09:40,60.70,60.95,57.75,58.20,45975,1009050
20210419,09:41,57.90,58.20,56.20,58.20,25200,1029450
20210419,09:42,58.00,60.50,58.00,59.95,27075,1029450
20210419,09:43,60.35,60.35,58.70,59.30,29025,1029450
20210419,09:44,59.25,59.85,58.50,59.05,20550,1051875
20210419,09:45,58.40,59.25,56.40,57.70,25725,1051875
20210419,09:46,57.05,60.00,57.00,60.00,24075,1051875
20210419,09:47,59.65,60.15,58.00,60.15,25500,1049475
20210419,09:48,60.40,62.45,59.65,62.45,65475,1049475
20210419,09:49,62.05,62.10,59.80,61.15,18825,1049475
20210419,09:50,61.20,62.55,60.90,61.95,10425,1039275
20210419,09:51,62.20,62.30,60.05,60.55,22950,1039275
20210419,09:52,60.90,62.85,60.85,62.25,9750,1039275
20210419,09:53,61.65,61.65,60.30,60.90,23250,1048875
20210419,09:54,61.25,61.25,59.55,59.55,11550,1048875
20210419,09:55,59.20,60.10,58.95,60.10,10125,1048875
20210419,09:56,60.25,60.50,59.50,59.60,15225,1050825
20210419,09:57,59.95,60.60,59.30,60.50,14700,1050825
20210419,09:58,60.25,61.15,60.10,60.50,31425,1050825
20210419,09:59,60.65,62.00,60.25,61.35,16575,1057500
20210419,10:00,61.60,61.60,58.30,58.90,16650,1057500
20210419,10:01,58.75,60.10,58.55,58.80,23550,1057500
20210419,10:02,58.90,60.65,58.65,59.85,16650,1068150
20210419,10:03,60.05,61.95,59.70,61.60,21825,1068150
20210419,10:04,61.55,62.55,61.00,62.55,15000,1068150
20210419,10:05,62.65,62.65,59.70,59.70,16575,1069500
20210419,10:06,59.30,60.60,59.15,59.85,10950,1069500
20210419,10:07,59.80,60.75,59.40,59.95,14400,1069500
20210419,10:08,60.15,61.70,59.90,61.60,17475,1072875
20210419,10:09,61.60,63.30,61.20,61.95,29100,1072875
20210419,10:10,61.80,63.05,61.25,62.80,9150,1072875
20210419,10:11,62.70,66.60,62.70,65.55,29550,1084500
20210419,10:12,65.40,65.60,63.00,63.55,25800,1084500
20210419,10:13,63.55,64.45,63.00,64.05,37575,1084500
20210419,10:14,64.25,66.50,63.40,65.35,17925,1073700
20210419,10:15,65.25,66.05,64.15,64.85,23100,1073700
20210419,10:16,64.75,64.75,62.35,62.65,22575,1073700
20210419,10:17,62.60,64.15,61.95,62.20,14325,1077750
20210419,10:18,62.35,62.35,60.75,61.15,6750,1077750
20210419,10:19,60.40,61.00,59.45,60.65,12150,1077750
20210419,10:20,60.00,60.85,59.20,60.85,14100,1082400
20210419,10:21,60.85,62.00,60.60,61.80,5025,1082400
20210419,10:22,61.55,62.50,61.30,61.90,5625,1082400
20210419,10:23,62.70,63.50,62.30,63.00,8175,1085700
20210419,10:24,62.50,63.20,61.50,61.90,5775,1085700
20210419,10:25,61.90,63.75,61.90,63.35,12300,1085700
20210419,10:26,63.35,65.05,62.95,64.20,12225,1094100
20210419,10:27,64.00,64.25,62.55,63.10,9750,1094100
20210419,10:28,63.75,65.10,63.40,64.10,8475,1094100
20210419,10:29,64.05,64.70,62.60,62.85,12600,1099050
20210419,10:30,62.95,64.75,61.85,64.75,11700,1099050
20210419,10:31,65.15,65.15,63.40,64.40,10875,1099050
20210419,10:32,64.85,65.55,64.45,64.45,7200,1104000
20210419,10:33,64.30,67.25,64.30,66.50,17025,1104000
20210419,10:34,66.85,68.75,66.85,67.50,15975,1104000
20210419,10:35,67.50,68.75,67.50,68.30,6600,1102275
20210419,10:36,68.95,69.75,68.00,68.30,6900,1102275
20210419,10:37,67.30,67.80,66.05,66.05,6375,1102275
20210419,10:38,66.15,67.55,64.50,67.55,9900,1105425
20210419,10:39,67.75,71.10,67.75,69.85,29850,1105425
20210419,10:40,69.95,70.40,67.95,67.95,11850,1105425
20210419,10:41,67.40,68.10,66.50,67.20,10275,1113075
20210419,10:42,66.85,66.95,65.60,66.40,6075,1113075
20210419,10:43,66.50,67.55,65.45,65.45,9000,1113075
20210419,10:44,65.55,65.55,63.65,64.40,8175,1113675
20210419,10:45,64.50,66.00,64.50,65.60,4350,1113675
20210419,10:46,65.50,65.85,63.65,65.25,8775,1113675
20210419,10:47,65.80,67.15,65.75,66.75,10875,1119000
20210419,10:48,66.10,67.20,65.25,67.00,12000,1119000
20210419,10:49,66.70,66.85,64.80,66.30,8850,1119000
20210419,10:50,66.10,66.90,64.80,66.25,8025,1128675
20210419,10:51,66.00,67.20,64.80,66.05,10350,1128675
20210419,10:52,65.60,67.00,65.60,66.60,7275,1128675
20210419,10:53,67.05,68.35,66.85,68.00,6675,1133025
20210419,10:54,67.95,69.00,67.30,68.30,4875,1133025
20210419,10:55,68.55,68.75,66.35,66.50,7200,1133025
20210419,10:56,66.95,68.20,66.00,67.55,9900,1131525
20210419,10:57,67.65,69.50,67.65,68.85,17475,1131525
20210419,10:58,68.90,68.90,67.80,68.70,9600,1131525
20210419,10:59,68.20,69.50,68.20,68.40,2475,1138650
20210419,11:00,68.00,69.15,66.70,69.15,4500,1138650
20210419,11:01,68.80,69.45,67.40,67.60,6075,1138650
20210419,11:02,67.00,67.30,66.40,66.75,8175,1143300
20210419,11:03,66.95,68.15,66.05,68.00,3750,1143300
20210419,11:04,68.00,68.30,66.85,67.95,4425,1143300
20210419,11:05,68.00,68.10,67.25,67.25,6075,1143375
20210419,11:06,66.65,68.40,66.50,68.10,7425,1143375
20210419,11:07,68.15,69.40,67.50,68.95,7050,1143375
20210419,11:08,68.35,69.55,68.05,69.35,5925,1142700
20210419,11:09,69.35,69.95,68.60,69.80,3900,1142700
20210419,11:10,69.20,69.40,68.05,68.35,4650,1142700
20210419,11:11,68.90,69.10,68.50,69.00,1950,1143150
20210419,11:12,68.70,69.85,68.35,68.70,3450,1143150
20210419,11:13,68.55,69.75,68.55,69.15,2025,1143150
20210419,11:14,69.10,69.30,67.30,67.30,6525,1140975
20210419,11:15,67.30,67.35,65.10,65.20,7575,1140975
20210419,11:16,65.50,65.50,63.50,64.90,18300,1140975
20210419,11:17,64.80,66.25,64.50,65.70,11325,1143075
20210419,11:18,65.50,65.70,64.65,64.70,5100,1143075
20210419,11:19,65.10,65.20,63.70,64.80,7725,1143075
20210419,11:20,64.50,64.60,63.15,64.00,9075,1147050
20210419,11:21,64.10,64.75,63.55,64.30,12750,1147050
20210419,11:22,63.95,64.85,63.95,64.60,3450,1147050
20210419,11:23,64.30,65.30,63.90,64.85,13425,1150425
20210419,11:24,64.95,65.10,63.35,63.80,9900,1150425
20210419,11:25,64.40,65.00,63.85,64.65,5925,1150425
20210419,11:26,64.50,64.60,62.90,64.45,8325,1157400
20210419,11:27,64.70,65.10,64.00,64.00,5400,1157400
20210419,11:28,63.60,65.00,63.60,64.95,4725,1157400
20210419,11:29,65.05,65.15,64.35,64.55,3300,1157400
20210419,11:30,63.65,64.25,63.35,63.35,8925,1156125
20210419,11:31,63.25,63.90,63.00,63.25,3975,1156125
20210419,11:32,62.75,63.70,61.70,62.05,13950,1157100
20210419,11:33,61.35,62.80,61.05,62.80,9375,1157100
20210419,11:34,62.20,62.25,60.70,61.50,8400,1157100
20210419,11:35,61.30,61.75,60.35,60.35,5925,1156950
20210419,11:36,60.05,60.85,59.70,60.75,10875,1156950
20210419,11:37,60.60,61.65,59.90,61.55,8100,1156950
20210419,11:38,62.00,62.30,61.25,61.40,8475,1159725
20210419,11:39,61.30,62.25,60.90,61.70,3525,1159725
20210419,11:40,61.60,62.30,61.05,62.30,4950,1159725
20210419,11:41,61.90,63.30,61.90,62.75,9825,1160775
20210419,11:42,62.75,64.05,62.20,63.20,8850,1160775
20210419,11:43,63.25,64.05,63.15,63.90,3825,1160775
20210419,11:44,63.90,64.30,63.60,63.60,2475,1160775
20210419,11:45,64.30,64.30,62.60,64.05,4200,1157700
20210419,11:46,64.15,64.20,63.30,64.20,2400,1157700
20210419,11:47,63.80,65.50,63.80,64.55,11775,1157700
20210419,11:48,64.15,64.20,63.10,63.40,27525,1157475
20210419,11:49,62.75,63.30,62.60,63.30,13200,1157475
20210419,11:50,63.30,63.80,62.40,63.15,10950,1172550
20210419,11:51,63.10,63.20,62.25,62.90,13425,1172550
20210419,11:52,63.05,63.35,62.80,62.85,3375,1172550
20210419,11:53,62.70,63.50,62.10,63.30,4650,1175175
20210419,11:54,63.20,64.65,63.20,64.15,5475,1175175
20210419,11:55,64.05,64.10,63.50,63.60,4800,1175175
20210419,11:56,63.70,64.50,63.30,64.30,4725,1175175
20210419,11:57,63.75,63.80,63.10,63.70,1800,1182750
20210419,11:58,63.60,63.60,62.25,62.50,975,1182750
20210419,11:59,62.55,63.30,62.50,62.95,2175,1182750
20210419,12:00,62.05,62.35,61.25,61.95,15150,1182525
20210419,12:01,61.55,62.00,61.00,61.15,5100,1182525
20210419,12:02,61.50,62.60,61.40,61.95,4800,1182525
20210419,12:03,62.10,63.00,62.00,62.85,1800,1185075
20210419,12:04,62.80,63.95,62.80,63.05,3900,1185075
20210419,12:05,63.35,64.25,63.35,63.90,2325,1185075
20210419,12:06,63.85,64.50,63.80,63.95,2550,1188750
20210419,12:07,64.20,64.50,63.45,64.00,2175,1188750
20210419,12:08,64.10,64.60,63.80,64.50,7725,1188750
20210419,12:09,64.60,65.75,64.60,65.70,9975,1185225
20210419,12:10,65.25,65.75,64.60,65.10,6750,1185225
20210419,12:11,65.00,65.10,64.05,65.00,4800,1185225
20210419,12:12,64.00,64.15,63.10,63.75,3450,1189800
20210419,12:13,63.95,64.10,63.25,64.10,3375,1189800
20210419,12:14,64.00,64.20,63.35,63.35,3000,1189800
20210419,12:15,63.65,64.10,63.00,63.30,8850,1188000
20210419,12:16,63.35,64.60,63.35,64.50,4425,1188000
20210419,12:17,64.25,64.50,63.60,64.30,3825,1188000
20210419,12:18,64.30,65.05,63.80,64.40,3750,1188150
20210419,12:19,64.30,65.35,64.00,64.80,2550,1188150
20210419,12:20,64.80,65.25,64.75,65.00,2625,1188150
20210419,12:21,64.50,64.70,63.50,63.80,2925,1187700
20210419,12:22,64.25,64.25,63.05,63.25,1575,1187700
20210419,12:23,63.25,64.25,63.25,64.25,1950,1187700
20210419,12:24,63.90,64.60,63.90,64.05,6450,1187325
20210419,12:25,63.85,64.45,63.30,63.40,3075,1187325
20210419,12:26,63.50,63.60,62.40,63.20,13950,1187325
20210419,12:27,63.35,64.55,63.30,64.05,3000,1184325
20210419,12:28,64.20,64.25,63.70,63.70,825,1184325
20210419,12:29,63.70,65.30,63.65,65.30,6975,1184325
20210419,12:30,65.25,65.35,64.25,64.55,4650,1183575
20210419,12:31,65.15,65.15,64.25,64.25,3300,1183575
20210419,12:32,64.45,64.50,63.35,64.35,2325,1183575
20210419,12:33,63.50,64.15,63.45,63.85,1950,1184850
20210419,12:34,64.00,64.85,63.40,63.65,2550,1184850
20210419,12:35,63.50,63.65,62.85,63.65,7125,1184850
20210419,12:36,64.00,64.05,63.15,64.05,3675,1188375
20210419,12:37,64.20,64.20,63.65,63.85,375,1188375
20210419,12:38,64.00,64.40,63.30,63.50,5700,1188375
20210419,12:39,63.10,63.50,62.90,63.25,3600,1190025
20210419,12:40,63.20,63.70,63.20,63.65,2850,1190025
20210419,12:41,63.05,63.35,62.25,62.90,12225,1190025
20210419,12:42,62.85,63.00,61.80,63.00,12750,1190550
20210419,12:43,63.40,64.45,63.25,64.45,5475,1190550
20210419,12:44,64.25,64.25,63.40,64.00,11700,1190550
20210419,12:45,64.10,64.30,63.40,64.00,2925,1197075
20210419,12:46,64.30,64.75,63.65,64.20,5625,1197075
20210419,12:47,64.65,64.65,63.65,63.95,1425,1197075
20210419,12:48,64.05,64.65,63.95,64.35,2625,1197375
20210419,12:49,64.10,64.10,63.05,63.30,14250,1197375
20210419,12:50,63.20,63.65,63.20,63.45,5625,1197375
20210419,12:51,63.45,63.90,62.70,63.55,4575,1193625
20210419,12:52,63.50,64.45,63.50,64.35,5400,1193625
20210419,12:53,64.15,64.95,63.90,64.40,6675,1193625
20210419,12:54,64.75,64.80,63.90,64.10,6525,1189425
20210419,12:55,64.00,64.65,64.00,64.15,1275,1189425
20210419,12:56,64.80,68.60,64.80,67.45,33450,1189425
20210419,12:57,67.15,68.75,66.75,68.10,7875,1186050
20210419,12:58,68.05,68.55,67.80,67.80,6375,1186050
20210419,12:59,67.95,67.95,66.60,66.75,4725,1186050
20210419,13:00,67.10,69.40,67.10,68.40,8100,1186050
20210419,13:01,68.50,69.00,67.40,67.85,5250,1186050
20210419,13:02,67.60,68.40,67.00,68.40,2850,1186050
20210419,13:03,68.15,68.50,67.20,67.20,2475,1185150
20210419,13:04,66.80,68.50,66.80,68.45,3150,1185150
20210419,13:05,68.20,69.00,68.00,68.15,4350,1185150
20210419,13:06,67.40,67.95,66.50,66.60,2925,1184925
20210419,13:07,66.95,67.85,66.85,67.40,3375,1184925
20210419,13:08,67.55,67.60,66.50,67.60,2475,1184925
20210419,13:09,67.15,68.80,67.15,68.80,2250,1184550
20210419,13:10,68.90,69.15,65.55,67.50,7125,1184550
20210419,13:11,67.60,68.65,67.60,68.65,2325,1184550
20210419,13:12,68.85,69.05,67.95,68.70,2475,1183650
20210419,13:13,68.20,70.20,67.85,69.20,9825,1183650
20210419,13:14,69.65,70.05,69.00,69.75,3075,1183650
20210419,13:15,69.70,71.30,69.70,70.80,10950,1179225
20210419,13:16,70.80,70.80,68.50,68.70,11325,1179225
20210419,13:17,68.10,70.35,67.85,70.00,3075,1179225
20210419,13:18,70.00,71.15,69.95,71.15,6600,1175025
20210419,13:19,71.10,72.70,71.10,71.35,14400,1175025
20210419,13:20,72.00,72.55,70.00,72.05,6450,1175025
20210419,13:21,72.40,72.40,70.90,71.75,4350,1170450
20210419,13:22,71.50,74.70,71.50,73.70,33900,1170450
20210419,13:23,73.30,74.25,72.20,74.05,11850,1170450
20210419,13:24,73.80,75.65,73.45,75.65,22725,1155675
20210419,13:25,76.15,76.30,74.10,74.45,25800,1155675
20210419,13:26,74.50,75.20,72.50,74.50,10425,1155675
20210419,13:27,74.70,75.15,73.60,74.30,8025,1147500
20210419,13:28,74.35,74.55,72.50,73.15,9975,1147500
20210419,13:29,73.80,74.05,73.25,73.30,4800,1147500
20210419,13:30,73.55,76.00,73.45,75.75,9900,1149225
20210419,13:31,76.00,76.00,74.55,75.00,7650,1149225
20210419,13:32,75.35,75.35,73.50,74.00,10500,1149225
20210419,13:33,74.00,76.25,74.00,75.60,13125,1142325
20210419,13:34,75.85,77.70,75.10,75.60,16575,1142325
20210419,13:35,75.60,75.70,73.85,74.30,3750,1142325
20210419,13:36,74.35,75.70,74.20,75.00,3300,1141425
20210419,13:37,75.00,75.55,74.25,74.85,4425,1141425
20210419,13:38,75.55,75.55,73.35,73.60,3750,1141425
20210419,13:39,73.35,74.50,72.50,72.50,6300,1140000
20210419,13:40,71.60,71.60,68.35,69.25,13125,1140000
20210419,13:41,68.80,70.00,66.80,69.75,20100,1140000
20210419,13:42,70.00,70.00,68.65,69.60,3675,1139400
20210419,13:43,70.10,70.60,68.90,69.40,2475,1139400
20210419,13:44,69.10,71.20,69.10,70.65,2850,1139400
20210419,13:45,70.30,73.60,70.30,71.95,6975,1143225
20210419,13:46,72.60,74.45,71.75,73.90,6825,1143225
20210419,13:47,73.55,73.55,71.90,72.15,4800,1143225
20210419,13:48,72.35,73.85,72.35,73.50,2250,1145925
20210419,13:49,73.00,74.05,72.60,73.30,1875,1145925
20210419,13:50,73.05,74.75,72.90,74.05,3675,1145925
20210419,13:51,73.30,73.30,72.00,72.70,3375,1144725
20210419,13:52,72.50,73.25,72.35,72.45,5475,1144725
20210419,13:53,73.20,73.20,72.00,72.70,1875,1144725
20210419,13:54,72.75,73.85,72.10,73.85,1800,1145325
20210419,13:55,73.60,73.85,71.50,72.40,6450,1145325
20210419,13:56,71.35,71.35,70.00,70.00,5400,1145325
20210419,13:57,70.70,73.35,70.70,72.10,5100,1145100
20210419,13:58,72.85,80.10,72.85,79.70,41550,1145100
20210419,13:59,81.00,82.15,79.00,79.50,19200,1145100
20210419,14:00,80.30,87.70,80.30,87.15,43500,1146675
20210419,14:01,87.35,89.60,84.45,84.75,28275,1146675
20210419,14:02,84.20,86.35,81.65,81.65,12750,1146675
20210419,14:03,81.75,82.45,79.45,81.05,13125,1138350
20210419,14:04,82.00,83.35,81.05,81.15,9975,1138350
20210419,14:05,81.45,81.45,77.55,79.45,12300,1138350
20210419,14:06,79.65,81.00,78.60,80.60,4125,1130400
20210419,14:07,81.20,82.90,79.55,82.10,7725,1130400
20210419,14:08,81.95,83.15,81.30,82.40,13875,1130400
20210419,14:09,82.15,83.75,81.35,82.00,10350,1123725
20210419,14:10,83.10,85.25,82.55,83.30,24225,1123725
20210419,14:11,83.05,84.10,81.00,81.35,16350,1123725
20210419,14:12,81.80,84.10,81.80,83.55,11850,1124925
20210419,14:13,82.80,83.00,81.85,82.40,4275,1124925
20210419,14:14,82.05,82.35,79.60,79.70,7200,1124925
20210419,14:15,79.90,81.25,77.10,77.10,8100,1122225
20210419,14:16,76.65,76.85,73.70,73.90,22800,1122225
20210419,14:17,73.95,75.45,73.05,75.15,10875,1122225
20210419,14:18,75.60,77.15,73.55,73.90,16500,1113900
20210419,14:19,73.95,75.40,73.90,74.10,4050,1113900
20210419,14:20,73.50,76.20,72.65,76.20,3975,1113900
20210419,14:21,75.60,75.95,73.40,73.40,3975,1113075
20210419,14:22,73.20,75.50,73.20,75.50,4875,1113075
20210419,14:23,75.30,76.80,75.30,76.70,3600,1113075
20210419,14:24,76.70,79.00,76.70,77.75,4650,1115775
20210419,14:25,77.75,80.00,77.75,78.05,7875,1115775
20210419,14:26,77.10,77.35,75.20,76.10,3225,1115775
20210419,14:27,76.20,77.45,76.20,76.95,2025,1115475
20210419,14:28,77.55,77.55,76.40,76.95,1350,1115475
20210419,14:29,77.45,78.20,76.80,77.10,3075,1115475
20210419,14:30,77.30,79.85,75.90,78.95,11775,1115250
20210419,14:31,78.85,79.50,77.75,78.25,3225,1115250
20210419,14:32,78.25,79.40,78.15,78.15,2400,1115250
20210419,14:33,77.25,78.65,77.20,78.25,1950,1114725
20210419,14:34,78.05,78.05,75.65,76.35,3300,1114725
20210419,14:35,76.65,76.65,75.45,76.45,2550,1114725
20210419,14:36,75.80,76.80,74.15,76.25,12675,1119225
20210419,14:37,76.40,76.40,73.60,73.60,8025,1119225
20210419,14:38,74.20,77.05,73.75,77.05,5850,1119225
20210419,14:39,76.75,77.05,74.80,76.30,4275,1116375
20210419,14:40,75.50,75.90,74.25,75.90,1875,1116375
20210419,14:41,75.85,76.95,75.25,75.35,3975,1116375
20210419,14:42,75.25,75.70,74.45,74.80,5625,1118025
20210419,14:43,74.65,74.70,72.65,72.65,12375,1118025
20210419,14:44,72.50,72.85,67.00,68.90,33300,1118025
20210419,14:45,68.85,68.85,65.20,66.90,21600,1128825
20210419,14:46,66.45,67.45,64.80,66.95,18000,1128825
20210419,14:47,67.15,69.65,67.15,67.40,11100,1128825
20210419,14:48,67.70,70.00,67.70,69.65,6750,1131450
20210419,14:49,69.80,70.30,69.05,69.80,3150,1131450
20210419,14:50,69.60,71.20,69.60,70.10,5550,1131450
20210419,14:51,70.60,72.10,70.60,71.15,6675,1137150
20210419,14:52,71.75,72.20,70.05,70.70,5850,1137150
20210419,14:53,70.60,72.85,70.55,71.20,7500,1137150
20210419,14:54,71.55,71.60,70.40,70.75,8700,1138050
20210419,14:55,70.95,72.60,70.45,70.95,15450,1138050
20210419,14:56,70.90,71.65,70.00,70.10,2850,1138050
20210419,14:57,70.20,70.70,68.65,69.75,7650,1140675
20210419,14:58,70.15,72.00,70.15,71.15,3300,1140675
20210419,14:59,70.75,73.55,70.75,72.70,10350,1140675
20210419,15:00,74.45,77.50,73.80,75.25,22125,1145325
20210419,15:01,75.60,79.65,75.60,78.35,21000,1145325
20210419,15:02,78.70,81.30,77.25,77.55,22800,1145325
20210419,15:03,77.10,80.60,77.10,80.60,17850,1138350
20210419,15:04,80.45,81.25,79.30,79.60,18750,1138350
20210419,15:05,80.20,80.70,77.05,77.20,23475,1138350
20210419,15:06,77.35,79.05,77.25,77.75,7875,1137825
20210419,15:07,78.20,78.30,76.25,76.75,9150,1137825
20210419,15:08,76.90,79.10,76.80,78.20,17100,1137825
20210419,15:09,78.15,80.25,78.15,79.45,14025,1138575
20210419,15:10,79.75,80.80,79.45,79.80,8400,1138575
20210419,15:11,79.15,80.00,78.65,78.65,7200,1138575
20210419,15:12,78.25,78.60,77.20,78.25,21300,1133925
20210419,15:13,78.60,80.40,78.60,80.15,13725,1133925
20210419,15:14,80.00,80.35,78.50,78.50,12600,1133925
20210419,15:15,78.80,79.15,77.35,77.35,7650,1134300
20210419,15:16,77.45,77.75,76.25,77.75,6225,1134300
20210419,15:17,77.90,78.55,77.00,78.50,9375,1134300
20210419,15:18,78.45,78.55,76.95,76.95,15825,1137600
20210419,15:19,76.75,78.50,76.40,78.45,17025,1137600
20210419,15:20,78.50,78.90,77.45,77.80,9150,1137600
20210419,15:21,77.90,79.00,77.50,77.95,7425,1137900
20210419,15:22,77.75,79.15,77.70,78.85,18600,1137900
20210419,15:23,78.65,79.70,78.60,79.30,13875,1137900
20210419,15:24,79.65,79.65,78.15,78.20,17100,1120875
20210419,15:25,78.05,79.05,77.95,78.80,12750,1120875
20210419,15:26,78.85,78.95,78.25,78.80,9375,1120875
20210419,15:27,78.40,78.80,78.05,78.05,10125,1116825
20210419,15:28,78.85,79.50,78.15,78.80,12675,1116825
20210419,15:29,78.80,79.60,78.15,79.05,13425,1116825
20210420,09:15,102.80,118.70,97.25,104.05,54302,1105200
20210420,09:16,104.60,108.95,104.20,106.35,63750,1105200
20210420,09:17,107.00,107.55,104.60,106.00,50700,1111200
20210420,09:18,105.75,106.45,100.05,102.60,42075,1111200
20210420,09:19,101.75,102.65,97.10,99.35,41700,1111200
20210420,09:20,99.60,106.60,99.60,104.90,46875,1108200
20210420,09:21,105.30,105.40,102.70,104.00,28425,1108200
20210420,09:22,104.60,105.50,103.00,104.65,22650,1108200
20210420,09:23,104.45,108.00,104.20,108.00,43875,1113000
20210420,09:24,108.40,109.65,107.40,108.75,29925,1113000
20210420,09:25,108.75,109.60,106.00,108.25,21375,1113000
20210420,09:26,108.90,109.85,106.45,109.65,24825,1116300
20210420,09:27,109.15,110.00,107.15,107.65,24975,1116300
20210420,09:28,108.05,108.05,104.05,104.05,13425,1116300
20210420,09:29,104.55,108.65,104.35,105.50,22350,1120500
20210420,09:30,106.05,106.80,104.30,106.10,13275,1120500
20210420,09:31,106.10,106.10,103.10,103.20,20550,1120500
20210420,09:32,103.00,104.00,102.20,102.85,55950,1115850
20210420,09:33,102.60,104.15,102.40,103.00,10425,1115850
20210420,09:34,102.95,102.95,98.85,98.85,17475,1115850
20210420,09:35,98.95,101.35,96.35,97.50,21225,1110975
20210420,09:36,97.20,98.90,95.90,98.00,23175,1110975
20210420,09:37,98.25,98.25,93.50,93.50,12675,1110975
20210420,09:38,94.40,96.00,94.05,95.00,22200,1120050
20210420,09:39,94.90,94.90,90.55,93.65,18600,1120050
20210420,09:40,94.05,95.30,93.10,94.90,11250,1120050
20210420,09:41,94.85,95.30,92.95,94.55,13875,1120725
20210420,09:42,94.15,97.10,94.15,96.75,61875,1120725
20210420,09:43,97.10,98.45,96.55,97.65,11550,1120725
20210420,09:44,97.65,100.20,97.50,100.00,10800,1127100
20210420,09:45,99.45,101.50,99.05,99.30,23775,1127100
20210420,09:46,99.30,99.30,96.95,99.00,8325,1127100
20210420,09:47,99.05,100.30,99.05,99.80,6000,1131225
20210420,09:48,99.75,99.90,95.10,95.10,7275,1131225
20210420,09:49,95.60,96.45,94.65,95.20,21150,1131225
20210420,09:50,96.20,96.35,94.00,96.35,11700,1150800
20210420,09:51,96.20,97.15,95.00,95.15,8400,1150800
20210420,09:52,95.25,95.90,93.85,93.95,16425,1150800
20210420,09:53,93.65,95.95,93.25,95.70,14025,1151100
20210420,09:54,95.40,95.80,93.55,95.40,9825,1151100
20210420,09:55,95.75,96.50,93.65,94.25,11400,1151100
20210420,09:56,94.40,94.50,92.70,93.80,24075,1157925
20210420,09:57,93.45,94.25,92.50,92.85,19500,1157925
20210420,09:58,92.50,94.35,91.75,93.00,20325,1157925
20210420,09:59,92.40,92.85,91.20,92.00,46650,1173300
20210420,10:00,92.05,94.05,92.05,93.35,14250,1173300
20210420,10:01,93.65,94.15,91.00,91.00,6750,1173300
20210420,10:02,91.15,92.10,89.55,91.65,18675,1177125
20210420,10:03,91.45,92.25,90.25,90.85,7125,1177125
20210420,10:04,90.50,92.85,90.00,91.95,11175,1177125
20210420,10:05,92.00,92.00,88.00,88.90,40650,1187925
20210420,10:06,87.90,91.35,87.90,88.75,8250,1187925
20210420,10:07,88.95,90.85,87.50,90.85,11475,1187925
20210420,10:08,90.15,90.95,89.35,89.95,8100,1177575
20210420,10:09,90.20,90.20,88.05,89.60,7950,1177575
20210420,10:10,89.60,89.80,87.80,88.40,7875,1177575
20210420,10:11,88.20,88.50,86.50,88.20,9000,1182000
20210420,10:12,88.40,91.50,87.70,91.45,9075,1182000
20210420,10:13,91.00,92.55,89.70,89.70,9450,1182000
20210420,10:14,89.45,89.75,87.85,88.70,16650,1185750
20210420,10:15,88.90,89.60,85.65,89.20,11775,1185750
20210420,10:16,89.60,90.55,88.00,88.05,10200,1185750
20210420,10:17,88.75,90.60,88.00,90.40,5400,1191000
20210420,10:18,90.25,90.95,89.65,90.15,5550,1191000
20210420,10:19,90.50,91.75,90.10,91.70,9525,1191000
20210420,10:20,91.25,92.30,91.25,91.50,11700,1191600
20210420,10:21,91.75,91.75,89.60,90.40,5025,1191600
20210420,10:22,90.75,92.95,90.60,92.45,7050,1191600
20210420,10:23,92.15,92.55,91.80,92.10,1200,1193700
20210420,10:24,92.50,92.50,91.00,91.00,3375,1193700
20210420,10:25,91.35,91.80,90.00,91.05,9000,1193700
20210420,10:26,91.05,92.65,90.75,91.75,5175,1193025
20210420,10:27,91.70,92.85,91.70,92.15,4275,1193025
20210420,10:28,92.45,92.45,91.65,92.30,1875,1193025
20210420,10:29,92.35,93.35,92.20,92.90,8625,1192575
20210420,10:30,93.00,93.40,91.00,91.00,6675,1192575
20210420,10:31,90.55,92.65,90.55,92.50,4875,1192575
20210420,10:32,92.30,92.75,91.90,92.05,3600,1195875
20210420,10:33,91.90,92.85,91.55,92.20,1725,1195875
20210420,10:34,91.95,92.00,90.40,91.80,3075,1195875
20210420,10:35,92.00,92.50,90.75,90.80,3300,1196475
20210420,10:36,90.80,91.75,90.55,90.70,3750,1196475
20210420,10:37,91.05,92.75,90.80,92.60,2550,1196475
20210420,10:38,92.55,93.50,91.85,93.50,4500,1196475
20210420,10:39,93.35,94.10,92.85,93.00,4275,1196475
20210420,10:40,93.40,94.25,93.10,94.05,7125,1196475
20210420,10:41,94.15,94.15,93.10,93.70,11925,1197825
20210420,10:42,93.70,94.00,92.65,93.60,3225,1197825
20210420,10:43,93.90,93.90,91.75,91.75,2100,1197825
20210420,10:44,92.05,92.45,91.50,92.15,7500,1200675
20210420,10:45,92.35,92.55,91.35,91.35,7875,1200675
20210420,10:46,91.35,91.35,89.45,89.90,13275,1200675
20210420,10:47,89.80,90.40,89.20,89.70,8625,1204725
20210420,10:48,89.90,89.95,88.10,88.70,15075,1204725
20210420,10:49,88.70,88.70,86.40,87.35,9975,1204725
20210420,10:50,87.45,88.60,84.05,85.15,17925,1210725
20210420,10:51,85.30,87.10,85.00,86.35,21900,1210725
20210420,10:52,86.40,87.00,85.50,87.00,11250,1210725
20210420,10:53,86.90,87.55,86.55,87.05,4125,1210200
20210420,10:54,87.00,87.50,86.20,87.10,3825,1210200
20210420,10:55,86.95,87.40,86.00,86.90,3450,1210200
20210420,10:56,87.30,88.15,86.65,87.80,4425,1208250
20210420,10:57,88.05,88.50,86.70,86.70,9000,1208250
20210420,10:58,86.60,87.25,86.05,86.65,4725,1208250
20210420,10:59,86.10,86.75,85.15,86.40,11925,1204575
20210420,11:00,86.55,87.80,86.20,87.80,3900,1204575
20210420,11:01,87.45,88.00,86.25,86.70,2100,1204575
20210420,11:02,86.00,86.30,84.65,86.10,5550,1205025
20210420,11:03,86.00,86.00,84.65,84.90,8100,1205025
20210420,11:04,85.50,86.10,84.90,84.95,5850,1205025
20210420,11:05,85.00,85.50,83.10,85.50,21375,1211925
20210420,11:06,85.35,85.85,81.70,82.55,15300,1211925
20210420,11:07,82.55,83.70,82.00,82.10,9975,1211925
20210420,11:08,82.35,83.70,82.35,82.65,7500,1207800
20210420,11:09,82.45,82.60,80.50,81.85,11475,1207800
20210420,11:10,81.30,82.95,81.30,82.15,6675,1207800
20210420,11:11,82.00,83.05,81.35,82.65,7050,1211100
20210420,11:12,82.65,83.25,82.45,82.90,5925,1211100
20210420,11:13,82.75,83.95,82.15,83.00,3150,1211100
20210420,11:14,83.40,84.30,83.00,83.00,6600,1211400
20210420,11:15,83.00,83.50,81.90,82.10,5550,1211400
20210420,11:16,82.10,82.10,80.95,80.95,3825,1211400
20210420,11:17,81.40,81.80,79.25,80.10,12075,1214775
20210420,11:18,80.20,80.85,79.70,80.50,6450,1214775
20210420,11:19,80.00,80.60,78.85,80.25,10125,1214775
20210420,11:20,80.20,80.70,78.50,78.50,10425,1222875
20210420,11:21,78.15,78.60,76.30,78.20,15450,1222875
20210420,11:22,78.30,78.65,77.50,77.85,6300,1222875
20210420,11:23,77.90,78.60,77.60,78.45,11400,1227750
20210420,11:24,78.00,78.35,75.25,75.45,12300,1227750
20210420,11:25,75.75,76.65,74.05,75.80,17025,1227750
20210420,11:26,75.70,76.60,74.40,76.55,15075,1235175
20210420,11:27,76.40,76.40,75.15,75.15,7500,1235175
20210420,11:28,75.20,76.00,73.80,75.55,11925,1235175
20210420,11:29,75.35,77.40,75.35,75.70,9900,1235175
20210420,11:30,74.75,77.05,74.10,77.05,18900,1232625
20210420,11:31,77.50,79.00,77.50,78.30,9150,1232625
20210420,11:32,78.45,79.00,78.00,78.70,9450,1238700
20210420,11:33,78.25,78.70,77.30,78.35,10275,1238700
20210420,11:34,78.00,78.75,77.30,77.40,4425,1238700
20210420,11:35,77.20,77.85,77.15,77.35,3900,1238700
20210420,11:36,77.35,77.35,74.75,75.55,8850,1240425
20210420,11:37,75.10,76.50,75.00,76.30,3075,1240425
20210420,11:38,76.05,78.00,75.80,77.65,5625,1239375
20210420,11:39,78.00,78.00,77.00,77.35,2250,1239375
20210420,11:40,77.35,78.95,77.10,78.55,4725,1239375
20210420,11:41,78.25,79.05,78.25,78.70,4275,1239600
20210420,11:42,79.10,79.45,78.40,79.15,8175,1239600
20210420,11:43,79.00,79.90,78.45,79.30,14025,1239600
20210420,11:44,78.85,79.40,78.35,78.85,6675,1249950
20210420,11:45,78.90,80.05,78.80,79.65,15525,1249950
20210420,11:46,79.60,79.60,78.65,78.65,2550,1249950
20210420,11:47,78.55,78.55,76.90,77.40,3300,1249950
20210420,11:48,77.40,78.40,77.00,78.10,2400,1248375
20210420,11:49,77.90,78.00,76.20,76.35,8400,1248375
20210420,11:50,76.30,77.80,76.15,77.80,5625,1241475
20210420,11:51,77.75,77.75,76.25,77.10,4575,1241475
20210420,11:52,76.55,77.05,76.05,76.50,2625,1241475
20210420,11:53,76.45,77.20,76.00,76.75,7500,1241475
20210420,11:54,76.30,78.00,76.10,78.00,14400,1245150
20210420,11:55,78.00,78.20,77.00,77.45,1875,1245150
20210420,11:56,76.90,77.35,75.75,76.15,10575,1245150
20210420,11:57,76.15,76.70,75.90,76.40,2550,1253175
20210420,11:58,77.10,78.00,77.05,77.60,2100,1253175
20210420,11:59,77.25,77.60,76.95,77.60,2100,1253175
20210420,12:00,77.40,78.45,77.20,77.20,4275,1254375
20210420,12:01,76.75,77.40,76.25,77.40,2400,1254375
20210420,12:02,77.40,78.05,77.40,77.50,525,1254375
20210420,12:03,77.80,78.30,77.50,77.65,1875,1255275
20210420,12:04,77.15,78.10,76.65,78.05,1950,1255275
20210420,12:05,77.85,78.00,77.45,77.50,825,1255275
20210420,12:06,77.40,77.75,77.35,77.60,2175,1256250
20210420,12:07,77.25,77.40,76.75,76.85,2700,1256250
20210420,12:08,76.85,77.15,75.45,76.60,2850,1256250
20210420,12:09,76.95,76.95,75.60,76.00,4125,1256775
20210420,12:10,76.80,76.80,75.70,76.30,2100,1256775
20210420,12:11,76.60,76.60,76.05,76.25,750,1256775
20210420,12:12,76.60,76.70,75.60,76.55,8625,1256250
20210420,12:13,76.05,77.40,75.95,77.40,4650,1256250
20210420,12:14,76.85,77.00,76.15,76.65,1275,1256250
20210420,12:15,76.55,77.05,76.10,76.50,2175,1259025
20210420,12:16,76.95,78.40,76.95,78.05,6975,1259025
20210420,12:17,78.05,78.10,77.20,77.50,3150,1259025
20210420,12:18,77.20,77.20,68.00,70.15,43200,1261950
20210420,12:19,70.35,72.95,70.25,72.75,40950,1261950
20210420,12:20,72.50,72.70,70.85,72.65,32850,1261950
20210420,12:21,72.20,73.00,68.95,68.95,30675,1271550
20210420,12:22,69.10,70.00,68.20,69.30,29400,1271550
20210420,12:23,69.00,70.30,68.20,69.20,22575,1271550
20210420,12:24,69.00,69.00,66.70,66.70,24000,1274550
20210420,12:25,66.60,69.50,66.60,69.00,16500,1274550
20210420,12:26,69.70,71.50,69.60,71.50,17700,1274550
20210420,12:27,71.75,72.05,70.20,71.65,11400,1273650
20210420,12:28,71.10,71.55,70.75,71.55,7425,1273650
20210420,12:29,71.60,72.30,71.20,71.90,3000,1273650
20210420,12:30,71.15,74.00,70.65,73.35,15450,1274400
20210420,12:31,73.00,73.25,71.75,71.75,4800,1274400
20210420,12:32,72.05,72.05,70.80,71.70,7575,1274400
20210420,12:33,71.75,72.40,71.70,71.80,2625,1279050
20210420,12:34,72.05,72.25,70.80,71.70,3150,1279050
20210420,12:35,71.15,71.95,70.35,71.15,5250,1279050
20210420,12:36,70.35,71.15,69.55,69.95,5775,1283175
20210420,12:37,69.70,71.00,69.35,70.65,26475,1283175
20210420,12:38,70.95,71.45,70.30,71.45,29925,1283175
20210420,12:39,71.20,71.55,70.35,71.10,4350,1270800
20210420,12:40,71.50,72.70,70.00,70.60,7650,1270800
20210420,12:41,70.35,71.20,70.00,70.60,5400,1270800
20210420,12:42,70.70,71.30,70.70,71.25,1575,1267875
20210420,12:43,71.00,71.00,68.60,68.80,15525,1267875
20210420,12:44,68.90,70.00,68.00,69.80,7200,1267875
20210420,12:45,69.35,69.35,67.05,68.10,17850,1266450
20210420,12:46,67.15,67.25,64.95,65.55,17925,1266450
20210420,12:47,65.55,67.65,65.55,67.05,8100,1266450
20210420,12:48,67.00,69.45,66.60,69.40,41250,1269225
20210420,12:49,69.25,70.75,68.50,70.40,21750,1269225
20210420,12:50,70.35,71.95,70.15,71.35,23700,1269225
20210420,12:51,71.05,73.00,71.00,71.00,16725,1253775
20210420,12:52,71.15,72.20,70.25,71.75,14775,1253775
20210420,12:53,72.00,73.85,71.85,73.00,21375,1253775
20210420,12:54,73.15,73.70,72.15,73.15,16125,1237200
20210420,12:55,73.50,75.40,72.55,74.60,14550,1237200
20210420,12:56,74.75,74.75,72.00,72.10,12375,1237200
20210420,12:57,71.95,72.55,70.65,71.00,6075,1238550
20210420,12:58,71.00,72.15,70.35,71.40,6900,1238550
20210420,12:59,71.35,71.35,69.20,70.20,12150,1238550
20210420,13:00,69.75,71.00,69.75,71.00,3450,1242300
20210420,13:01,70.70,70.70,69.20,69.20,7350,1242300
20210420,13:02,69.35,69.35,67.55,69.20,5400,1242300
20210420,13:03,69.10,71.05,68.75,71.05,3000,1242300
20210420,13:04,71.05,72.00,70.35,72.00,6225,1242300
20210420,13:05,71.65,72.70,70.75,72.10,10800,1242300
20210420,13:06,71.80,71.80,70.75,71.00,11325,1243950
20210420,13:07,70.85,72.00,70.80,72.00,3525,1243950
20210420,13:08,71.85,72.85,71.85,72.45,5400,1243950
20210420,13:09,72.20,73.25,71.70,71.95,6900,1247325
20210420,13:10,71.60,71.60,70.45,70.90,3600,1247325
20210420,13:11,71.30,73.40,71.30,72.75,8925,1247325
20210420,13:12,71.50,74.30,71.50,73.95,13575,1250775
20210420,13:13,73.75,73.75,72.65,72.75,3525,1250775
20210420,13:14,72.60,73.50,72.15,73.50,6975,1250775
20210420,13:15,74.00,74.25,72.75,73.60,8250,1253250
20210420,13:16,73.45,73.45,72.65,72.65,1500,1253250
20210420,13:17,73.00,75.20,73.00,74.85,8775,1253250
20210420,13:18,75.10,75.30,74.20,75.30,4575,1255125
20210420,13:19,74.85,75.30,74.35,74.50,4725,1255125
20210420,13:20,74.20,74.20,72.90,73.05,3900,1255125
20210420,13:21,73.05,73.65,72.35,73.65,5025,1258125
20210420,13:22,73.65,74.70,73.05,73.65,5025,1258125
20210420,13:23,73.25,76.20,73.25,75.90,11850,1258125
20210420,13:24,75.50,76.70,75.45,76.45,5400,1258725
20210420,13:25,76.20,76.20,74.50,75.10,4800,1258725
20210420,13:26,74.40,75.15,74.35,74.90,4575,1258725
20210420,13:27,75.45,75.45,74.55,75.10,2250,1259700
20210420,13:28,75.00,75.00,72.50,73.40,4200,1259700
20210420,13:29,72.75,73.05,71.40,72.15,10650,1259700
20210420,13:30,72.10,72.90,70.00,70.05,8850,1258950
20210420,13:31,70.10,71.50,70.10,70.30,4575,1258950
20210420,13:32,70.00,70.00,68.35,69.55,10125,1258950
20210420,13:33,69.25,70.10,69.00,69.70,3825,1257600
20210420,13:34,69.30,72.00,68.80,70.90,4875,1257600
20210420,13:35,70.95,72.05,70.30,71.60,6900,1257600
20210420,13:36,71.20,72.70,71.20,72.00,8175,1259850
20210420,13:37,72.65,73.65,71.95,72.10,5850,1259850
20210420,13:38,72.20,72.75,71.75,72.75,1650,1259850
20210420,13:39,72.80,72.80,68.65,69.95,9600,1264650
20210420,13:40,69.95,71.00,68.35,70.95,10200,1264650
20210420,13:41,71.65,71.85,70.00,71.00,7125,1264650
20210420,13:42,71.85,72.50,70.95,71.65,11100,1264350
20210420,13:43,71.95,72.80,70.80,72.80,7650,1264350
20210420,13:44,72.25,73.25,71.75,72.70,3525,1264350
20210420,13:45,72.70,72.95,71.90,71.90,6300,1263600
20210420,13:46,71.70,73.55,71.70,73.50,6225,1263600
20210420,13:47,74.00,74.00,72.25,72.95,3075,1263600
20210420,13:48,72.00,72.50,71.35,71.95,2700,1265925
20210420,13:49,72.05,72.50,71.75,71.75,3525,1265925
20210420,13:50,71.70,73.50,70.80,73.45,3450,1265925
20210420,13:51,73.95,73.95,72.25,73.00,4575,1264425
20210420,13:52,72.90,73.15,72.30,72.30,2325,1264425
20210420,13:53,71.80,72.30,70.20,71.45,3000,1264425
20210420,13:54,71.45,71.65,69.25,69.65,7275,1263825
20210420,13:55,69.90,70.45,68.55,69.10,2250,1263825
20210420,13:56,68.95,70.15,67.70,69.95,9525,1263825
20210420,13:57,70.00,71.40,69.70,71.00,7275,1266675
20210420,13:58,71.55,71.55,69.85,70.05,3825,1266675
20210420,13:59,70.20,70.60,69.00,69.90,4500,1266675
20210420,14:00,69.10,70.00,68.20,69.75,2325,1267050
20210420,14:01,69.65,70.50,69.00,70.50,1650,1267050
20210420,14:02,70.85,71.65,70.00,70.50,6975,1267050
20210420,14:03,70.15,70.65,69.90,70.50,1425,1268325
20210420,14:04,70.35,71.30,70.30,71.25,3150,1268325
20210420,14:05,71.25,71.80,69.25,69.25,4050,1268325
20210420,14:06,69.10,72.70,69.00,71.50,9525,1267875
20210420,14:07,71.20,71.25,68.95,70.15,8325,1267875
20210420,14:08,69.95,70.20,69.25,69.65,1350,1267875
20210420,14:09,68.70,70.25,68.70,69.95,3750,1268325
20210420,14:10,69.50,70.50,69.40,70.00,8850,1268325
20210420,14:11,70.40,70.65,69.70,70.05,5025,1268325
20210420,14:12,70.30,70.30,69.30,70.00,4875,1276950
20210420,14:13,70.00,70.00,68.60,69.80,4050,1276950
20210420,14:14,70.05,70.20,69.00,69.70,2550,1276950
20210420,14:15,69.15,70.30,68.20,70.30,10575,1275825
20210420,14:16,70.30,71.05,69.55,69.95,10125,1275825
20210420,14:17,70.45,70.95,69.85,70.65,7500,1275825
20210420,14:18,70.75,71.00,70.15,70.30,6075,1269375
20210420,14:19,70.15,71.35,70.15,71.00,1950,1269375
20210420,14:20,70.70,70.70,69.20,69.30,4275,1269375
20210420,14:21,69.70,69.90,64.00,65.25,23175,1269075
20210420,14:22,65.10,65.50,60.00,60.50,49800,1269075
20210420,14:23,60.60,60.85,58.55,60.15,37725,1269075
20210420,14:24,59.90,61.05,58.85,60.90,35475,1271175
20210420,14:25,60.65,60.65,56.95,57.65,39075,1271175
20210420,14:26,57.25,57.35,54.50,55.95,29325,1271175
20210420,14:27,56.10,58.95,55.35,58.35,36825,1273350
20210420,14:28,58.70,59.10,57.75,58.80,20850,1273350
20210420,14:29,59.15,59.15,57.15,57.15,18750,1273350
20210420,14:30,57.00,57.00,54.90,56.60,37800,1269375
20210420,14:31,56.80,58.00,56.40,58.00,15675,1269375
20210420,14:32,57.85,58.25,56.00,56.65,15750,1269375
20210420,14:33,57.05,57.05,54.95,55.75,24450,1277775
20210420,14:34,56.00,56.00,52.80,52.80,42525,1277775
20210420,14:35,52.70,56.00,52.70,55.05,21525,1277775
20210420,14:36,55.10,55.80,54.35,54.50,23550,1282275
20210420,14:37,54.90,54.90,52.05,52.70,32475,1282275
20210420,14:38,53.00,54.35,52.55,53.50,16425,1282275
20210420,14:39,53.20,53.45,52.00,53.15,26700,1298325
20210420,14:40,53.10,53.90,52.05,53.90,25950,1298325
20210420,14:41,53.60,54.30,53.35,53.85,23625,1298325
20210420,14:42,54.30,54.30,52.35,52.35,18375,1301325
20210420,14:43,52.35,53.50,52.20,52.60,7725,1301325
20210420,14:44,52.55,53.65,52.25,53.50,15825,1301325
20210420,14:45,53.55,53.55,51.65,52.05,19575,1308225
20210420,14:46,52.00,53.10,51.50,52.95,9300,1308225
20210420,14:47,52.80,53.15,50.15,50.15,22650,1308225
20210420,14:48,50.15,50.50,48.70,49.85,55425,1319025
20210420,14:49,49.80,50.20,48.25,49.00,44175,1319025
20210420,14:50,49.05,49.45,47.00,47.00,42075,1319025
20210420,14:51,47.30,47.55,45.75,45.85,38025,1328175
20210420,14:52,46.10,47.50,46.10,47.35,29775,1328175
20210420,14:53,47.15,48.15,46.50,46.50,26625,1328175
20210420,14:54,46.40,46.80,45.25,46.20,22200,1331250
20210420,14:55,46.00,46.30,44.30,45.55,65025,1331250
20210420,14:56,45.45,45.70,43.75,45.20,38175,1331250
20210420,14:57,45.05,45.90,44.25,45.90,26775,1329150
20210420,14:58,45.85,47.00,45.55,46.50,23850,1329150
20210420,14:59,46.55,46.60,45.45,46.10,21525,1329150
20210420,15:00,45.75,47.70,45.75,47.00,25950,1330350
20210420,15:01,47.00,49.70,47.00,49.70,26025,1330350
20210420,15:02,49.30,51.30,49.20,50.30,54225,1330350
20210420,15:03,50.70,52.80,49.85,52.05,64350,1330575
20210420,15:04,51.80,53.55,51.25,53.55,38325,1330575
20210420,15:05,53.50,53.55,50.75,51.25,37425,1330575
20210420,15:06,51.25,55.40,51.25,55.40,38250,1333875
20210420,15:07,55.15,56.25,54.60,54.60,56925,1333875
20210420,15:08,54.70,54.80,53.15,53.70,24225,1333875
20210420,15:09,53.70,55.00,52.80,54.75,23025,1332975
20210420,15:10,55.25,55.70,54.35,54.60,23475,1332975
20210420,15:11,54.75,55.80,54.35,55.80,28650,1332975
20210420,15:12,56.00,56.05,54.50,54.50,23775,1336575
20210420,15:13,54.35,54.90,53.30,53.70,21225,1336575
20210420,15:14,53.90,55.45,53.65,55.15,11550,1336575
20210420,15:15,55.35,55.50,54.10,54.35,15375,1354800
20210420,15:16,54.05,54.60,53.95,54.35,8175,1354800
20210420,15:17,54.15,54.40,53.85,54.25,16500,1354800
20210420,15:18,54.25,54.30,53.90,54.20,16275,1341750
20210420,15:19,54.05,54.35,53.45,53.60,13875,1341750
20210420,15:20,53.65,54.00,52.75,52.85,16800,1341750
20210420,15:21,53.00,53.40,51.80,52.00,33225,1335825
20210420,15:22,52.00,52.95,51.45,51.55,18225,1335825
20210420,15:23,51.75,51.80,51.00,51.00,13800,1335825
20210420,15:24,51.05,51.40,51.00,51.10,10650,1340925
20210420,15:25,51.10,51.15,50.10,50.65,21450,1340925
20210420,15:26,50.60,50.75,50.20,50.55,18975,1340925
20210420,15:27,50.30,50.65,50.00,50.05,17625,1350750
20210420,15:28,50.05,50.35,49.55,49.80,33150,1350750
20210420,15:29,49.70,50.50,48.10,48.10,22200,1350750
20210420,15:30,50.50,50.50,50.50,50.50,75,1350750
20210422,09:15,44.40,44.40,26.70,27.90,52353,1379100
20210422,09:16,27.85,28.80,27.40,28.45,63300,1379100
20210422,09:17,28.40,28.60,27.75,28.05,47100,1370250
20210422,09:18,28.30,28.75,27.65,27.75,42750,1370250
20210422,09:19,27.75,29.15,27.50,28.90,45750,1370250
20210422,09:20,29.00,30.00,28.95,29.50,25500,1366050
20210422,09:21,29.50,31.85,29.30,31.70,50925,1366050
20210422,09:22,31.55,32.55,30.60,32.35,46275,1366050
20210422,09:23,32.65,34.30,32.15,34.25,35100,1371000
20210422,09:24,34.15,34.40,32.25,32.40,21975,1371000
20210422,09:25,32.65,32.65,30.70,31.05,33825,1371000
20210422,09:26,31.00,32.70,30.80,32.55,27525,1375725
20210422,09:27,32.60,32.90,31.75,32.15,26925,1375725
20210422,09:28,31.65,32.40,31.50,31.70,17925,1375725
20210422,09:29,31.80,33.15,31.75,33.15,19500,1376925
20210422,09:30,32.95,33.30,32.05,32.55,33150,1376925
20210422,09:31,32.75,33.45,32.75,32.80,17925,1376925
20210422,09:32,33.00,33.10,32.25,32.45,19200,1389450
20210422,09:33,32.60,32.75,31.35,31.65,19200,1389450
20210422,09:34,31.65,32.20,31.30,31.75,19500,1389450
20210422,09:35,32.00,32.65,31.75,32.45,18225,1388850
20210422,09:36,32.60,32.60,31.75,32.20,17175,1388850
20210422,09:37,32.40,32.75,31.50,31.60,37725,1388850
20210422,09:38,31.25,31.40,30.50,30.85,21525,1386525
20210422,09:39,31.00,31.85,30.85,31.85,9825,1386525
20210422,09:40,31.60,35.05,31.20,34.70,38475,1386525
20210422,09:41,34.75,36.00,34.30,35.30,34275,1380825
20210422,09:42,35.25,36.30,35.00,35.40,22875,1380825
20210422,09:43,35.60,36.20,34.80,36.15,24300,1380825
20210422,09:44,36.00,36.20,34.95,35.40,14850,1378125
20210422,09:45,35.30,36.00,34.90,35.30,24300,1378125
20210422,09:46,35.15,35.30,34.15,34.75,41400,1378125
20210422,09:47,34.60,34.60,33.45,34.00,31800,1375425
20210422,09:48,33.90,35.25,33.80,34.75,21825,1375425
20210422,09:49,35.10,35.65,34.65,35.65,19950,1375425
20210422,09:50,35.40,36.70,34.75,34.75,27375,1380375
20210422,09:51,35.00,35.55,34.30,35.35,19050,1380375
20210422,09:52,35.40,36.45,35.30,36.20,9000,1380375
20210422,09:53,36.20,36.75,35.60,36.05,17025,1386000
20210422,09:54,35.90,36.80,35.90,36.80,13800,1386000
20210422,09:55,36.60,37.00,35.60,36.60,18750,1386000
20210422,09:56,36.40,36.70,35.85,36.70,14250,1408950
20210422,09:57,37.25,38.20,36.65,38.10,43275,1408950
20210422,09:58,38.05,38.05,37.10,37.65,8325,1408950
20210422,09:59,37.50,37.55,37.00,37.00,6750,1415250
20210422,10:00,36.85,36.85,35.95,36.30,9000,1415250
20210422,10:01,36.35,37.00,35.80,36.80,16050,1415250
20210422,10:02,36.75,36.80,35.15,35.35,9150,1422375
20210422,10:03,35.05,35.60,34.20,34.90,18375,1422375
20210422,10:04,34.70,35.70,34.10,34.10,6375,1422375
20210422,10:05,34.05,34.55,33.70,34.10,14850,1428000
20210422,10:06,34.25,34.25,32.15,32.20,10050,1428000
20210422,10:07,32.75,34.80,32.30,34.80,20475,1428000
20210422,10:08,34.70,35.65,34.55,34.75,9975,1434375
20210422,10:09,34.80,35.75,34.50,35.25,11925,1434375
20210422,10:10,35.25,35.90,35.10,35.80,5700,1434375
20210422,10:11,35.75,36.95,35.60,36.55,17775,1447125
20210422,10:12,36.65,36.70,35.65,36.20,10650,1447125
20210422,10:13,36.20,36.20,35.20,35.25,8400,1447125
20210422,10:14,35.00,35.75,35.00,35.60,6000,1451175
20210422,10:15,35.65,35.70,35.00,35.00,5175,1451175
20210422,10:16,35.00,35.05,34.45,34.50,13275,1451175
20210422,10:17,34.45,35.55,33.95,35.15,10050,1453350
20210422,10:18,35.10,35.95,35.05,35.35,10950,1453350
20210422,10:19,35.45,36.15,35.10,35.10,13425,1453350
20210422,10:20,35.10,35.40,34.70,35.35,8100,1451625
20210422,10:21,35.40,35.45,34.95,35.45,9375,1451625
20210422,10:22,35.75,35.95,34.60,35.95,8250,1451625
20210422,10:23,35.80,36.00,35.45,35.60,4950,1460850
20210422,10:24,35.70,36.00,35.20,35.70,6675,1460850
20210422,10:25,35.60,36.30,35.45,36.05,7650,1460850
20210422,10:26,36.00,37.35,36.00,37.25,22725,1458075
20210422,10:27,37.20,37.55,36.80,37.00,10800,1458075
20210422,10:28,37.05,38.25,37.05,38.25,10350,1458075
20210422,10:29,38.30,38.60,38.00,38.15,22575,1460925
20210422,10:30,38.25,41.20,38.10,40.85,26325,1460925
20210422,10:31,41.10,41.25,39.10,39.10,17550,1460925
20210422,10:32,39.50,41.40,39.35,41.10,16950,1465950
20210422,10:33,41.10,41.10,40.40,40.85,18675,1465950
20210422,10:34,40.95,43.00,40.90,42.75,28500,1465950
20210422,10:35,42.45,42.70,40.55,41.35,14700,1460025
20210422,10:36,41.55,42.60,41.20,41.25,10950,1460025
20210422,10:37,41.10,41.55,40.40,40.80,15600,1460025
20210422,10:38,40.60,42.00,40.60,41.60,12225,1467375
20210422,10:39,41.80,42.75,41.75,42.65,13950,1467375
20210422,10:40,42.50,42.50,41.60,42.50,10575,1467375
20210422,10:41,42.60,43.80,42.55,42.60,23475,1471350
20210422,10:42,42.60,42.60,40.55,41.00,17700,1471350
20210422,10:43,41.00,41.90,40.70,40.80,10200,1471350
20210422,10:44,40.75,41.70,39.05,41.35,15225,1468125
20210422,10:45,41.35,42.25,40.85,41.50,12225,1468125
20210422,10:46,41.00,41.25,40.50,41.00,7950,1468125
20210422,10:47,40.85,41.15,39.90,40.35,8775,1464975
20210422,10:48,40.30,41.25,40.25,40.95,6225,1464975
20210422,10:49,41.00,41.10,40.35,41.05,7200,1464975
20210422,10:50,41.15,41.25,40.65,40.70,3975,1469400
20210422,10:51,40.65,41.00,40.30,40.65,6750,1469400
20210422,10:52,40.50,41.15,40.50,40.80,2250,1469400
20210422,10:53,40.85,40.85,40.30,40.75,6300,1469400
20210422,10:54,40.75,41.65,40.70,41.50,9225,1472850
20210422,10:55,41.70,41.70,40.85,41.60,4500,1472850
20210422,10:56,41.55,41.55,40.60,41.45,2925,1477950
20210422,10:57,41.35,41.35,40.55,41.00,2850,1477950
20210422,10:58,40.90,40.90,40.30,40.45,8625,1477950
20210422,10:59,40.30,40.60,39.55,39.55,10575,1475400
20210422,11:00,39.75,39.75,38.40,38.75,9975,1475400
20210422,11:01,38.50,38.55,37.50,38.10,10350,1475400
20210422,11:02,37.85,38.55,37.60,38.55,3750,1471875
20210422,11:03,38.30,38.30,37.60,37.60,4200,1471875
20210422,11:04,37.75,37.75,36.35,36.55,9375,1471875
20210422,11:05,36.60,36.60,35.05,35.50,11025,1471875
20210422,11:06,35.30,36.00,35.15,35.60,8925,1471125
20210422,11:07,35.45,36.65,35.00,36.65,12525,1471125
20210422,11:08,36.50,36.65,35.65,36.10,9750,1476000
20210422,11:09,36.15,36.70,36.00,36.70,3600,1476000
20210422,11:10,36.60,37.70,36.00,36.90,16800,1476000
20210422,11:11,37.00,37.75,36.90,37.20,5025,1476000
20210422,11:12,37.10,37.90,36.85,37.55,8025,1475175
20210422,11:13,37.45,38.35,37.15,37.95,6450,1475175
20210422,11:14,37.85,38.60,37.85,38.05,7575,1476600
20210422,11:15,37.65,38.45,37.60,38.10,4500,1476600
20210422,11:16,38.20,38.30,37.85,37.95,11175,1476600
20210422,11:17,38.10,39.00,38.10,38.50,2850,1476600
20210422,11:18,38.65,39.40,38.10,39.05,7050,1478325
20210422,11:19,39.15,39.80,39.00,39.65,3525,1478325
20210422,11:20,39.75,40.30,39.55,39.80,13425,1478325
20210422,11:21,39.65,39.75,38.80,39.25,11325,1477725
20210422,11:22,39.30,39.30,38.20,38.65,4425,1477725
20210422,11:23,38.30,38.75,38.25,38.25,4875,1477725
20210422,11:24,38.35,39.00,38.35,38.70,2775,1480725
20210422,11:25,38.55,39.00,38.45,39.00,2775,1480725
20210422,11:26,39.20,39.95,39.15,39.95,2025,1480725
20210422,11:27,39.95,40.60,39.95,40.40,9825,1482750
20210422,11:28,40.60,41.70,40.25,41.60,12675,1482750
20210422,11:29,41.45,42.50,41.35,42.35,18450,1482750
20210422,11:30,42.75,43.50,42.30,43.30,18750,1488750
20210422,11:31,43.15,44.40,43.15,44.25,13950,1488750
20210422,11:32,44.25,44.25,42.05,42.05,9975,1488750
20210422,11:33,42.50,44.00,42.50,43.90,4500,1478550
20210422,11:34,44.00,45.35,43.90,44.70,19725,1478550
20210422,11:35,44.70,45.15,43.40,43.65,11100,1478550
20210422,11:36,43.50,43.50,41.15,41.35,6675,1477275
20210422,11:37,41.55,42.30,41.55,42.25,8025,1477275
20210422,11:38,42.30,43.00,42.25,42.60,3900,1477275
20210422,11:39,42.60,43.50,42.20,43.50,11250,1478250
20210422,11:40,43.45,44.05,42.65,42.70,8025,1478250
20210422,11:41,42.60,42.60,41.75,42.35,8925,1478250
20210422,11:42,42.40,43.45,42.25,43.45,14925,1478550
20210422,11:43,43.60,45.35,43.45,44.85,15375,1478550
20210422,11:44,45.05,47.50,44.55,47.50,18900,1478550
20210422,11:45,47.65,50.00,47.50,50.00,35175,1475550
20210422,11:46,49.35,49.85,47.70,48.00,18150,1475550
20210422,11:47,47.90,48.50,47.50,48.30,8025,1475550
20210422,11:48,49.00,50.55,48.95,50.40,12975,1475175
20210422,11:49,50.45,54.15,50.20,53.50,51975,1475175
20210422,11:50,53.70,55.60,53.30,54.25,45150,1475175
20210422,11:51,54.35,54.35,51.05,52.05,24600,1495875
20210422,11:52,52.15,52.55,51.60,52.20,6450,1495875
20210422,11:53,52.00,54.55,51.95,54.35,30225,1495875
20210422,11:54,54.65,56.70,54.45,54.50,27075,1478550
20210422,11:55,54.95,55.00,53.75,54.15,13875,1478550
20210422,11:56,54.30,55.35,53.95,55.35,19575,1478550
20210422,11:57,55.20,55.70,52.80,52.80,13125,1492425
20210422,11:58,53.30,53.85,52.50,52.50,13725,1492425
20210422,11:59,52.20,53.70,52.05,53.40,16875,1492425
20210422,12:00,53.40,53.75,50.10,50.10,15975,1501275
20210422,12:01,49.95,51.85,49.45,50.50,17025,1501275
20210422,12:02,51.00,51.00,50.00,50.55,8250,1501275
20210422,12:03,50.30,50.45,47.55,47.70,20100,1508850
20210422,12:04,47.85,48.10,47.00,47.00,10875,1508850
20210422,12:05,47.00,47.00,45.05,45.05,9375,1508850
20210422,12:06,45.35,46.85,45.25,46.85,11400,1507050
20210422,12:07,46.70,46.70,45.25,45.65,9675,1507050
20210422,12:08,45.60,48.20,45.60,47.70,11775,1507050
20210422,12:09,47.65,48.65,47.10,48.45,6450,1510350
20210422,12:10,48.40,49.50,48.40,49.40,10200,1510350
20210422,12:11,49.15,50.35,49.15,49.85,8625,1510350
20210422,12:12,49.75,50.20,49.45,50.20,27150,1511475
20210422,12:13,50.35,51.90,50.20,51.40,17025,1511475
20210422,12:14,51.55,53.75,51.45,53.00,14775,1511475
20210422,12:15,53.15,54.00,52.85,53.00,10050,1533750
20210422,12:16,52.55,52.90,51.30,51.30,9300,1533750
20210422,12:17,51.55,53.90,51.55,53.90,6000,1533750
20210422,12:18,53.65,55.30,53.35,53.35,17700,1531950
20210422,12:19,53.45,54.00,52.65,53.95,7575,1531950
20210422,12:20,54.25,54.25,51.85,52.45,7500,1531950
20210422,12:21,52.10,54.00,52.10,52.85,7425,1530075
20210422,12:22,52.50,53.40,52.40,53.00,3600,1530075
20210422,12:23,53.20,53.35,52.55,53.10,3750,1530075
20210422,12:24,52.55,55.15,52.55,54.45,10650,1535175
20210422,12:25,54.40,54.75,53.75,54.00,12900,1535175
20210422,12:26,54.30,54.45,53.30,53.45,11475,1535175
20210422,12:27,53.55,53.75,51.00,51.00,10200,1535925
20210422,12:28,51.00,51.70,50.25,50.75,5325,1535925
20210422,12:29,50.60,50.70,49.35,50.15,9000,1535925
20210422,12:30,49.80,49.90,46.55,46.55,13875,1533900
20210422,12:31,46.65,47.50,45.95,46.10,13500,1533900
20210422,12:32,46.25,48.70,46.05,48.40,15600,1533900
20210422,12:33,48.55,51.00,48.25,51.00,18600,1538025
20210422,12:34,51.00,51.50,50.40,50.75,12750,1538025
20210422,12:35,50.75,51.45,50.30,51.45,4350,1538025
20210422,12:36,51.40,52.05,51.10,51.60,9900,1536225
20210422,12:37,50.90,51.30,50.60,50.60,4725,1536225
20210422,12:38,50.50,50.65,49.15,50.30,6375,1536225
20210422,12:39,50.40,50.40,48.55,49.00,4500,1536300
20210422,12:40,48.85,50.45,48.75,50.30,9525,1536300
20210422,12:41,50.35,50.65,49.45,50.50,9375,1536300
20210422,12:42,50.50,50.55,49.75,49.90,2775,1537050
20210422,12:43,49.90,49.90,49.00,49.35,6825,1537050
20210422,12:44,49.30,49.70,48.60,48.60,12825,1537050
20210422,12:45,48.85,50.20,48.85,49.90,10425,1542900
20210422,12:46,49.65,51.00,49.65,50.85,10950,1542900
20210422,12:47,51.35,52.45,51.35,51.80,11850,1542900
20210422,12:48,51.75,52.35,50.55,50.75,6525,1544025
20210422,12:49,50.50,52.70,50.50,52.45,7425,1544025
20210422,12:50,52.20,54.45,52.20,54.45,16050,1544025
20210422,12:51,54.20,55.10,52.80,53.85,20850,1545300
20210422,12:52,53.85,55.25,53.85,55.10,13725,1545300
20210422,12:53,55.00,55.10,53.80,53.95,8175,1545300
20210422,12:54,54.00,55.95,53.00,55.90,31275,1546425
20210422,12:55,55.45,55.55,53.40,53.50,14925,1546425
20210422,12:56,53.45,55.60,53.05,55.40,16650,1546425
20210422,12:57,55.50,56.30,54.65,55.15,16050,1550175
20210422,12:58,55.00,55.35,53.75,54.25,10425,1550175
20210422,12:59,54.50,55.90,54.50,55.00,15525,1550175
20210422,13:00,55.20,56.45,55.20,55.95,7875,1545150
20210422,13:01,55.70,57.90,55.65,57.15,23400,1545150
20210422,13:02,57.20,59.50,56.85,59.30,24825,1545150
20210422,13:03,58.40,60.20,58.25,59.65,21975,1542525
20210422,13:04,59.60,59.60,58.20,59.10,10050,1542525
20210422,13:05,59.10,61.50,59.10,60.40,22200,1542525
20210422,13:06,60.15,60.50,57.60,57.70,9225,1534725
20210422,13:07,57.65,57.85,56.00,57.25,11775,1534725
20210422,13:08,57.45,57.45,54.45,54.45,12525,1534725
20210422,13:09,54.35,56.40,54.35,55.80,14475,1535625
20210422,13:10,55.85,57.70,55.70,57.15,7275,1535625
20210422,13:11,57.55,58.70,57.30,57.45,10125,1535625
20210422,13:12,57.55,57.55,55.80,56.95,10725,1540950
20210422,13:13,57.10,57.75,56.85,56.95,5025,1540950
20210422,13:14,56.50,56.60,54.65,54.85,5925,1540950
20210422,13:15,54.75,56.75,54.75,55.50,4575,1540800
20210422,13:16,55.80,56.50,55.60,56.20,2100,1540800
20210422,13:17,56.20,57.00,56.20,56.50,4125,1540800
20210422,13:18,56.80,59.80,56.60,59.75,9075,1541400
20210422,13:19,59.85,60.00,57.85,57.95,11400,1541400
20210422,13:20,57.85,58.70,57.05,58.30,7200,1541400
20210422,13:21,58.35,58.70,56.25,56.85,5475,1543875
20210422,13:22,56.85,58.95,56.80,58.55,8925,1543875
20210422,13:23,58.95,59.05,57.75,58.35,7125,1543875
20210422,13:24,58.40,59.40,58.40,59.20,13800,1545825
20210422,13:25,59.00,59.35,56.05,56.05,11025,1545825
20210422,13:26,56.25,56.65,55.20,55.35,8550,1545825
20210422,13:27,55.25,55.45,54.00,54.90,28200,1540950
20210422,13:28,54.80,55.50,52.55,53.10,11550,1540950
20210422,13:29,53.35,53.95,49.95,50.20,16350,1540950
20210422,13:30,50.20,50.20,46.35,48.50,38700,1545300
20210422,13:31,48.55,51.05,48.45,50.80,30975,1545300
20210422,13:32,50.75,53.15,50.60,51.60,14100,1545300
20210422,13:33,51.45,52.10,50.15,50.95,31650,1555200
20210422,13:34,51.10,52.00,50.00,50.80,14550,1555200
20210422,13:35,51.30,51.30,49.75,51.25,23175,1555200
20210422,13:36,50.95,51.60,50.00,50.55,14925,1540725
20210422,13:37,50.35,51.20,50.15,50.65,7875,1540725
20210422,13:38,50.65,52.90,50.20,52.30,14025,1540725
20210422,13:39,52.65,54.40,52.45,54.40,18075,1558425
20210422,13:40,54.90,55.00,52.40,53.70,10575,1558425
20210422,13:41,54.00,54.55,53.80,54.10,9225,1558425
20210422,13:42,53.85,54.05,53.25,53.85,7200,1561875
20210422,13:43,53.90,54.30,53.15,53.60,7125,1561875
20210422,13:44,53.80,54.45,52.90,54.30,6675,1561875
20210422,13:45,54.50,56.85,54.20,56.85,25350,1571250
20210422,13:46,56.75,60.10,56.10,59.40,45675,1571250
20210422,13:47,59.80,60.00,57.45,58.40,20625,1571250
20210422,13:48,58.00,59.00,56.55,56.90,17025,1551450
20210422,13:49,57.05,59.70,57.05,59.15,17625,1551450
20210422,13:50,59.05,61.65,58.50,61.00,40800,1551450
20210422,13:51,60.60,62.00,59.10,59.65,19125,1557900
20210422,13:52,59.80,60.45,58.05,60.00,11400,1557900
20210422,13:53,59.80,60.55,59.45,60.25,8550,1557900
20210422,13:54,59.90,61.20,58.95,60.45,18675,1559700
20210422,13:55,60.65,61.30,56.95,57.30,21375,1559700
20210422,13:56,57.55,58.75,56.85,57.25,11175,1559700
20210422,13:57,57.25,57.25,55.15,55.95,11625,1554000
20210422,13:58,56.00,58.45,56.00,58.00,9150,1554000
20210422,13:59,58.20,58.20,57.30,58.10,8700,1554000
20210422,14:00,58.90,61.25,58.50,61.00,13800,1560150
20210422,14:01,61.00,63.20,60.90,63.20,37200,1560150
20210422,14:02,62.65,64.00,61.80,62.60,23175,1560150
20210422,14:03,62.15,62.40,60.85,61.85,18075,1552950
20210422,14:04,61.45,61.55,58.85,59.40,9600,1552950
20210422,14:05,59.30,61.05,58.25,58.25,19875,1552950
20210422,14:06,58.45,60.05,58.45,59.90,16125,1553025
20210422,14:07,60.30,61.00,58.80,60.00,12375,1553025
20210422,14:08,60.05,61.55,60.05,61.55,12675,1553025
20210422,14:09,61.30,61.55,59.70,61.25,9300,1544175
20210422,14:10,60.80,61.20,60.00,60.70,6300,1544175
20210422,14:11,61.15,64.60,61.05,63.00,30750,1544175
20210422,14:12,62.65,63.15,61.05,61.85,13425,1547850
20210422,14:13,61.95,63.85,61.95,63.50,9525,1547850
20210422,14:14,63.60,64.35,63.55,64.05,15675,1547850
20210422,14:15,64.10,65.45,62.00,62.65,30075,1544175
20210422,14:16,63.05,63.05,61.45,62.00,12375,1544175
20210422,14:17,62.15,62.15,60.05,62.10,8775,1544175
20210422,14:18,62.05,62.15,60.20,60.25,6975,1541025
20210422,14:19,60.05,60.15,58.85,59.05,14100,1541025
20210422,14:20,59.00,59.55,56.45,58.05,14175,1541025
20210422,14:21,58.30,59.35,57.25,59.25,6975,1541475
20210422,14:22,59.15,59.15,57.85,58.50,15375,1541475
20210422,14:23,58.15,58.40,56.75,57.45,16950,1541475
20210422,14:24,57.35,57.45,55.00,55.65,18750,1542600
20210422,14:25,55.70,55.70,50.55,52.45,29100,1542600
20210422,14:26,52.05,54.00,51.55,54.00,18750,1542600
20210422,14:27,54.00,55.45,53.95,55.30,14250,1541175
20210422,14:28,56.00,57.05,55.45,55.55,17700,1541175
20210422,14:29,56.00,56.90,55.45,56.90,8250,1541175
20210422,14:30,56.60,58.00,54.70,57.80,11775,1539675
20210422,14:31,57.60,59.00,56.65,58.60,16725,1539675
20210422,14:32,58.45,59.50,57.40,57.65,10125,1539675
20210422,14:33,57.75,59.10,57.75,59.10,9150,1539525
20210422,14:34,59.35,63.45,59.20,62.50,28500,1539525
20210422,14:35,62.95,63.05,59.90,61.80,16800,1539525
20210422,14:36,62.05,62.05,60.05,61.45,13050,1545750
20210422,14:37,61.20,62.90,61.20,62.30,21450,1545750
20210422,14:38,62.15,63.00,62.15,62.25,19800,1545750
20210422,14:39,62.05,63.70,61.25,63.20,23025,1548600
20210422,14:40,63.80,64.95,62.30,64.25,23700,1548600
20210422,14:41,64.85,65.30,63.45,63.55,19725,1548600
20210422,14:42,63.60,64.75,63.10,64.15,14325,1544475
20210422,14:43,64.25,64.25,62.40,63.70,9825,1544475
20210422,14:44,63.75,64.00,61.00,61.80,14025,1544475
20210422,14:45,61.70,62.50,60.90,61.00,6675,1542150
20210422,14:46,60.55,64.50,60.20,64.25,15150,1542150
20210422,14:47,64.45,66.20,64.45,66.20,24450,1542150
20210422,14:48,66.30,67.85,64.95,65.25,29250,1548900
20210422,14:49,65.35,66.00,64.45,65.05,22350,1548900
20210422,14:50,64.65,65.55,64.55,64.70,15525,1548900
20210422,14:51,64.60,64.60,62.00,63.00,27225,1545525
20210422,14:52,63.25,64.50,60.80,62.05,15975,1545525
20210422,14:53,61.70,62.85,61.00,61.75,25725,1545525
20210422,14:54,61.70,62.45,61.05,62.10,24600,1539300
20210422,14:55,62.30,64.00,62.30,63.30,34275,1539300
20210422,14:56,63.30,63.30,61.00,61.40,16575,1539300
20210422,14:57,61.50,62.95,60.75,61.05,16275,1539300
20210422,14:58,61.30,61.90,58.45,59.85,25275,1548750
20210422,14:59,59.95,61.85,59.20,59.75,19275,1548750
20210422,15:00,60.10,63.85,59.40,63.75,31950,1553850
20210422,15:01,63.65,66.90,63.50,66.30,36825,1553850
20210422,15:02,66.50,66.70,62.75,64.80,30225,1553850
20210422,15:03,64.80,65.30,63.25,63.30,25050,1553850
20210422,15:04,63.35,63.35,60.40,61.75,29700,1554225
20210422,15:05,61.95,62.10,60.80,61.40,37125,1554225
20210422,15:06,61.40,61.60,59.05,59.40,31500,1554225
20210422,15:07,59.75,63.10,59.75,62.70,40650,1559400
20210422,15:08,62.10,62.70,61.10,62.00,23775,1559400
20210422,15:09,61.80,63.00,61.60,62.70,21600,1559400
20210422,15:10,62.85,64.00,62.60,63.90,32400,1560150
20210422,15:11,63.80,64.60,63.70,64.00,49950,1560150
20210422,15:12,64.10,64.50,63.50,63.60,25950,1560150
20210422,15:13,63.50,63.80,62.20,62.20,32025,1569225
20210422,15:14,62.30,62.55,61.70,61.75,40350,1569225
20210422,15:15,61.75,61.75,61.00,61.55,37200,1569225
20210422,15:16,61.40,61.95,61.25,61.40,52275,1606350
20210422,15:17,61.70,62.30,61.50,62.05,40050,1606350
20210422,15:18,62.00,62.25,61.65,62.05,50325,1606350
20210422,15:19,62.20,62.60,61.95,62.60,64650,1647600
20210422,15:20,62.55,63.00,62.40,62.75,27525,1647600
20210422,15:21,62.85,63.45,62.45,63.45,32325,1647600
20210422,15:22,63.10,63.95,63.10,63.40,33750,1699125
20210422,15:23,63.15,63.80,63.00,63.40,51300,1699125
20210422,15:24,63.10,63.35,61.75,61.80,36975,1699125
20210422,15:25,61.30,61.45,59.35,59.35,50775,1726950
20210422,15:26,59.50,59.70,58.65,59.20,137250,1726950
20210422,15:27,59.25,60.40,59.05,60.00,55200,1726950
20210422,15:28,60.30,62.00,60.30,61.90,56850,1840200
20210422,15:29,61.75,62.00,61.00,61.00,37575,1840200
20210422,15:30,62.00,62.00,62.00,62.00,225,1840200
20210423,09:15,48.35,48.35,39.10,43.90,308028,1865025
20210423,09:16,43.45,44.50,37.50,37.50,202650,1865025
20210423,09:17,38.80,41.20,36.60,41.20,174450,1928550
20210423,09:18,41.65,43.95,41.50,43.50,148425,1928550
20210423,09:19,43.20,45.00,42.35,44.95,144750,1928550
20210423,09:20,45.00,46.90,45.00,46.00,297600,1993800
20210423,09:21,45.85,46.35,44.85,45.60,163800,1993800
20210423,09:22,45.90,47.80,45.65,47.30,145350,1993800
20210423,09:23,47.20,47.60,43.40,44.70,132150,2054400
20210423,09:24,44.40,44.90,42.75,42.75,88050,2054400
20210423,09:25,42.45,43.05,41.35,41.40,105825,2054400
20210423,09:26,41.50,41.95,40.00,40.10,115575,2115825
20210423,09:27,40.30,41.95,39.55,41.80,93075,2115825
20210423,09:28,41.00,41.00,38.70,39.70,103725,2115825
20210423,09:29,39.55,40.20,37.00,37.25,81750,2180925
20210423,09:30,37.15,38.45,35.70,36.85,178950,2180925
20210423,09:31,36.60,36.70,35.30,35.80,102525,2180925
20210423,09:32,35.65,37.55,34.80,37.30,123750,2185800
20210423,09:33,37.20,38.95,37.20,37.90,100275,2185800
20210423,09:34,38.30,38.30,35.75,36.35,63225,2185800
20210423,09:35,36.50,38.70,35.85,37.70,81675,2208000
20210423,09:36,37.85,38.55,37.55,38.10,59325,2208000
20210423,09:37,38.45,38.55,36.50,36.90,50475,2208000
20210423,09:38,36.70,38.60,36.65,38.10,53850,2234625
20210423,09:39,38.10,38.20,35.80,36.30,63375,2234625
20210423,09:40,36.50,37.35,35.70,36.40,69975,2234625
20210423,09:41,36.35,37.20,36.20,36.85,39900,2251875
20210423,09:42,36.85,37.25,35.80,36.45,54225,2251875
20210423,09:43,36.55,37.20,36.10,37.05,47325,2251875
20210423,09:44,37.20,38.15,37.05,37.90,45450,2262675
20210423,09:45,37.80,39.65,36.70,38.75,90150,2262675
20210423,09:46,38.80,38.90,37.85,38.10,36900,2262675
20210423,09:47,38.15,39.35,38.10,38.45,55725,2286900
20210423,09:48,38.50,39.40,38.35,39.25,64050,2286900
20210423,09:49,39.30,39.50,38.20,38.65,40500,2286900
20210423,09:50,38.75,38.75,36.65,36.80,54975,2308200
20210423,09:51,36.95,37.05,35.90,37.00,54975,2308200
20210423,09:52,36.80,37.90,36.65,37.50,30750,2308200
20210423,09:53,37.35,38.25,37.20,37.95,40950,2323350
20210423,09:54,37.80,38.50,36.65,36.80,34650,2323350
20210423,09:55,36.90,37.55,36.10,37.20,34950,2323350
20210423,09:56,37.05,38.50,37.05,38.00,40050,2342325
20210423,09:57,37.95,39.10,37.95,38.10,37950,2342325
20210423,09:58,38.30,39.10,37.75,38.45,32925,2342325
20210423,09:59,38.65,40.60,38.40,40.60,87000,2362650
20210423,10:00,40.05,40.10,38.70,39.75,71250,2362650
20210423,10:01,39.70,41.55,39.65,41.20,73500,2362650
20210423,10:02,41.30,42.20,41.15,42.00,58950,2369250
20210423,10:03,42.05,42.95,41.40,41.75,92775,2369250
20210423,10:04,42.00,42.10,41.20,41.30,70725,2369250
20210423,10:05,41.60,41.80,40.40,40.70,47100,2367225
20210423,10:06,40.65,42.70,40.50,42.70,52575,2367225
20210423,10:07,42.80,42.85,41.90,41.90,45825,2367225
20210423,10:08,41.75,42.50,41.45,41.90,43200,2359200
20210423,10:09,42.00,42.40,41.40,41.70,28725,2359200
20210423,10:10,41.70,43.65,41.65,43.65,110700,2359200
20210423,10:11,43.40,45.05,43.40,44.15,139200,2376225
20210423,10:12,44.35,45.55,44.10,44.95,120750,2376225
20210423,10:13,44.85,46.00,44.60,46.00,104400,2376225
20210423,10:14,46.10,46.15,45.25,45.60,59025,2351550
20210423,10:15,45.70,47.50,45.40,47.10,105675,2351550
20210423,10:16,47.00,50.00,47.00,49.45,149775,2351550
20210423,10:17,49.55,52.60,48.35,50.90,159525,2341800
20210423,10:18,51.05,52.00,50.00,51.50,133050,2341800
20210423,10:19,51.30,51.30,46.65,46.65,129900,2341800
20210423,10:20,46.80,50.05,46.35,50.05,105300,2355975
20210423,10:21,50.20,50.55,48.60,49.35,53250,2355975
20210423,10:22,49.10,49.40,47.40,47.45,44100,2355975
20210423,10:23,47.20,47.95,45.30,46.00,63525,2356275
20210423,10:24,46.00,48.15,46.00,47.35,54525,2356275
20210423,10:25,47.85,49.85,47.75,49.25,82875,2356275
20210423,10:26,49.35,50.75,48.35,50.25,56550,2351925
20210423,10:27,50.15,52.15,50.05,50.60,101625,2351925
20210423,10:28,50.95,52.75,50.70,52.05,75375,2351925
20210423,10:29,51.50,53.65,51.00,53.15,64800,2363475
20210423,10:30,53.75,53.80,52.25,53.40,78600,2363475
20210423,10:31,53.20,53.30,51.15,52.75,85950,2363475
20210423,10:32,52.90,53.20,51.50,51.70,48000,2358975
20210423,10:33,51.95,53.45,51.60,52.50,65850,2358975
20210423,10:34,52.35,53.20,50.85,51.70,53775,2358975
20210423,10:35,51.95,51.95,48.45,48.45,78525,2374875
20210423,10:36,48.45,49.30,47.15,48.50,86250,2374875
20210423,10:37,48.70,48.90,46.75,48.25,62100,2374875
20210423,10:38,48.45,50.95,48.45,50.00,80175,2365725
20210423,10:39,50.10,50.50,48.65,49.50,61350,2365725
20210423,10:40,49.65,50.15,48.60,48.85,42750,2365725
20210423,10:41,48.80,50.80,48.70,50.15,39450,2380875
20210423,10:42,50.30,50.85,49.15,49.35,34800,2380875
20210423,10:43,49.05,50.65,48.00,49.00,39150,2380875
20210423,10:44,49.25,50.15,48.85,48.85,28350,2386200
20210423,10:45,49.00,49.10,46.75,47.00,78525,2386200
20210423,10:46,47.35,50.15,47.00,49.70,99375,2386200
20210423,10:47,50.30,50.70,49.65,49.65,98775,2359050
20210423,10:48,49.65,50.00,48.50,48.85,33000,2359050
20210423,10:49,48.85,50.30,48.70,49.45,39975,2359050
20210423,10:50,49.45,50.00,48.75,50.00,31500,2364300
20210423,10:51,49.75,52.00,49.75,51.85,106950,2364300
20210423,10:52,51.75,52.75,51.75,52.65,85425,2364300
20210423,10:53,52.55,53.25,51.45,51.45,64275,2347650
20210423,10:54,51.40,52.20,50.50,51.75,29325,2347650
20210423,10:55,51.55,51.55,50.30,51.20,27075,2347650
20210423,10:56,51.00,51.00,49.55,50.00,34800,2340225
20210423,10:57,50.10,50.10,48.45,49.30,30375,2340225
20210423,10:58,49.30,49.55,48.60,49.35,22500,2340225
20210423,10:59,49.35,50.20,49.20,49.80,30000,2350125
20210423,11:00,49.80,51.50,49.80,51.30,55200,2350125
20210423,11:01,51.55,52.00,51.00,51.00,29775,2350125
20210423,11:02,51.00,52.30,51.00,51.50,39975,2351100
20210423,11:03,51.65,52.60,51.45,52.15,39600,2351100
20210423,11:04,51.95,53.75,51.70,53.75,55125,2351100
20210423,11:05,53.80,55.75,53.50,53.90,185850,2328600
20210423,11:06,53.95,55.00,53.85,54.50,59100,2328600
20210423,11:07,54.50,54.80,53.05,53.80,45525,2328600
20210423,11:08,54.00,55.35,53.60,54.85,53400,2331375
20210423,11:09,55.05,56.70,55.05,55.45,69825,2331375
20210423,11:10,55.30,57.60,55.30,56.60,80175,2331375
20210423,11:11,56.80,58.65,56.05,57.85,94050,2310300
20210423,11:12,57.80,59.10,56.65,57.00,106725,2310300
20210423,11:13,57.05,58.60,56.75,58.45,62625,2310300
20210423,11:14,58.15,60.40,57.70,60.05,128175,2305350
20210423,11:15,60.40,62.95,60.40,62.95,221250,2305350
20210423,11:16,62.95,65.45,62.30,62.65,203025,2305350
20210423,11:17,62.45,62.80,59.55,62.15,115575,2270400
20210423,11:18,62.20,63.55,61.90,62.75,76725,2270400
20210423,11:19,62.75,63.50,61.60,62.30,60975,2270400
20210423,11:20,62.60,63.55,61.95,63.55,73350,2274075
20210423,11:21,63.35,63.35,61.45,62.15,60750,2274075
20210423,11:22,62.00,62.00,59.75,61.00,66150,2274075
20210423,11:23,60.95,60.95,57.60,58.40,100425,2276550
20210423,11:24,58.55,59.50,57.70,58.80,55725,2276550
20210423,11:25,59.30,61.80,59.30,61.20,69150,2276550
20210423,11:26,61.00,61.70,60.20,60.60,31050,2269200
20210423,11:27,60.45,61.20,59.95,60.70,32025,2269200
20210423,11:28,61.00,61.70,60.25,60.80,26700,2269200
20210423,11:29,60.80,60.80,58.70,59.60,53325,2285775
20210423,11:30,59.65,60.45,57.25,57.25,63225,2285775
20210423,11:31,57.25,61.75,57.25,61.65,92325,2285775
20210423,11:32,61.60,63.15,61.55,62.55,78450,2283075
20210423,11:33,62.35,62.85,60.65,61.45,44700,2283075
20210423,11:34,61.00,62.00,60.70,60.80,36750,2283075
20210423,11:35,60.85,61.80,60.30,60.80,34725,2285925
20210423,11:36,60.75,61.80,60.05,61.25,25125,2285925
20210423,11:37,61.15,61.55,60.10,60.35,21975,2285925
20210423,11:38,60.15,60.30,58.40,58.40,59475,2288700
20210423,11:39,58.35,60.20,58.35,59.50,30075,2288700
20210423,11:40,59.45,59.45,56.90,58.75,64650,2288700
20210423,11:41,58.85,59.15,55.80,56.20,69900,2280825
20210423,11:42,56.25,56.80,53.20,53.20,172425,2280825
20210423,11:43,53.70,56.45,53.70,56.30,66675,2280825
20210423,11:44,56.30,57.35,56.20,57.25,44175,2261925
20210423,11:45,57.25,58.35,57.05,57.70,42300,2261925
20210423,11:46,57.55,58.20,54.85,55.20,68850,2261925
20210423,11:47,55.35,56.60,55.35,56.45,48150,2295600
20210423,11:48,56.25,56.65,55.00,56.65,37125,2295600
20210423,11:49,56.55,57.00,54.90,55.40,49650,2295600
20210423,11:50,55.65,57.75,55.65,57.60,39750,2308875
20210423,11:51,57.65,58.45,57.10,57.55,29925,2308875
20210423,11:52,57.35,58.00,56.60,57.75,44475,2308875
20210423,11:53,57.70,57.70,55.25,55.80,31575,2313075
20210423,11:54,56.15,56.15,54.20,54.80,58125,2313075
20210423,11:55,54.70,54.70,51.90,52.95,105900,2313075
20210423,11:56,52.75,53.35,51.05,52.10,77550,2313075
20210423,11:57,52.10,53.55,52.00,53.00,51450,2324775
20210423,11:58,52.95,53.35,52.00,52.45,33975,2324775
20210423,11:59,52.50,53.25,51.40,53.20,40050,2324775
20210423,12:00,52.95,55.00,52.55,54.60,74025,2337675
20210423,12:01,54.95,56.35,54.25,55.85,69075,2337675
20210423,12:02,55.95,56.85,55.50,56.75,50100,2337675
20210423,12:03,56.50,56.85,55.65,56.35,26325,2343300
20210423,12:04,56.35,57.35,56.00,56.30,35025,2343300
20210423,12:05,56.65,57.55,55.95,56.75,42450,2343300
20210423,12:06,56.80,56.80,55.55,56.00,26700,2353725
20210423,12:07,56.15,56.70,56.00,56.30,18675,2353725
20210423,12:08,56.00,56.15,54.50,55.00,43950,2353725
20210423,12:09,54.70,55.30,54.00,54.35,35625,2349825
20210423,12:10,54.25,55.60,54.00,54.35,25200,2349825
20210423,12:11,54.30,55.40,53.80,54.20,31350,2349825
20210423,12:12,53.80,54.30,53.00,54.15,26850,2358675
20210423,12:13,54.10,55.05,53.85,53.85,32250,2358675
20210423,12:14,53.95,54.80,53.60,53.75,20250,2358675
20210423,12:15,53.75,53.75,48.30,48.30,157800,2358150
20210423,12:16,48.00,49.00,47.00,48.05,132000,2358150
20210423,12:17,48.25,48.25,44.35,46.55,160800,2358150
20210423,12:18,46.00,46.50,45.25,46.30,86250,2387250
20210423,12:19,46.50,47.95,46.30,47.60,69375,2387250
20210423,12:20,47.55,47.55,43.35,44.95,126000,2387250
20210423,12:21,44.75,45.70,44.05,45.00,58575,2414325
20210423,12:22,44.95,45.05,42.80,44.05,78450,2414325
20210423,12:23,43.85,44.50,42.65,42.85,63750,2414325
20210423,12:24,42.80,42.80,41.00,41.80,105300,2417700
20210423,12:25,41.85,43.80,41.70,43.40,104175,2417700
20210423,12:26,43.30,44.65,43.30,43.80,74625,2417700
20210423,12:27,43.95,44.85,43.95,44.65,60000,2415150
20210423,12:28,44.65,45.40,43.80,45.00,54975,2415150
20210423,12:29,44.80,44.85,43.70,43.90,27300,2415150
20210423,12:30,43.90,45.75,43.90,45.20,60975,2428050
20210423,12:31,45.50,46.30,45.10,46.30,42600,2428050
20210423,12:32,46.70,47.20,46.30,46.70,53100,2428050
20210423,12:33,46.50,47.15,45.00,45.30,61650,2440125
20210423,12:34,45.10,45.40,43.60,43.80,54150,2440125
20210423,12:35,44.10,44.70,43.40,43.60,40875,2440125
20210423,12:36,43.60,43.85,42.65,42.95,57000,2447700
20210423,12:37,42.95,44.90,42.50,44.40,40125,2447700
20210423,12:38,44.40,44.65,43.70,44.50,29100,2447700
20210423,12:39,44.30,44.80,42.90,44.00,28125,2459025
20210423,12:40,43.75,44.90,43.70,44.50,29925,2459025
20210423,12:41,44.65,44.80,43.90,44.80,21375,2459025
20210423,12:42,44.55,47.15,44.45,46.90,51975,2470050
20210423,12:43,47.00,50.25,47.00,50.00,152850,2470050
20210423,12:44,50.35,51.05,49.70,50.40,79275,2470050
20210423,12:45,50.40,52.70,50.40,51.10,123450,2475525
20210423,12:46,51.40,52.10,50.30,50.30,80100,2475525
20210423,12:47,50.25,50.50,48.85,50.10,54675,2475525
20210423,12:48,50.15,50.20,48.05,48.05,66375,2479050
20210423,12:49,48.20,48.70,46.85,46.85,53025,2479050
20210423,12:50,46.55,48.45,46.55,47.35,53025,2479050
20210423,12:51,47.45,47.45,44.40,44.95,79575,2467425
20210423,12:52,44.75,45.75,44.15,45.45,44550,2467425
20210423,12:53,45.45,46.70,45.35,46.05,32850,2467425
20210423,12:54,46.20,46.35,43.80,43.80,39675,2466975
20210423,12:55,43.90,45.05,43.50,44.90,48825,2466975
20210423,12:56,44.95,45.60,44.50,45.00,24525,2466975
20210423,12:57,45.20,45.95,44.50,45.85,21150,2488950
20210423,12:58,45.90,46.35,44.85,45.50,29475,2488950
20210423,12:59,45.40,45.40,43.50,43.80,42150,2488950
20210423,13:00,43.70,45.35,43.65,45.05,35925,2496900
20210423,13:01,44.90,45.50,44.30,44.85,32775,2496900
20210423,13:02,44.65,45.15,44.00,44.70,25050,2496900
20210423,13:03,45.00,46.00,45.00,45.95,43950,2507550
20210423,13:04,45.90,46.90,45.80,46.85,54000,2507550
20210423,13:05,47.20,48.30,46.80,46.80,67650,2507550
20210423,13:06,46.80,46.80,45.00,46.05,39975,2504625
20210423,13:07,46.00,46.05,43.85,44.55,32775,2504625
20210423,13:08,44.65,45.30,44.35,45.15,14250,2504625
20210423,13:09,45.10,46.20,45.00,46.00,21975,2502600
20210423,13:10,45.80,46.20,44.85,44.85,33075,2502600
20210423,13:11,45.05,46.85,45.05,46.10,31875,2502600
20210423,13:12,46.00,46.25,44.45,45.05,21000,2508150
20210423,13:13,45.20,45.40,44.00,45.10,22050,2508150
20210423,13:14,44.90,45.20,44.10,44.70,17475,2508150
20210423,13:15,44.00,45.70,44.00,45.70,24825,2510325
20210423,13:16,45.90,46.25,44.15,44.45,24975,2510325
20210423,13:17,44.55,45.70,44.45,45.15,15675,2510325
20210423,13:18,44.90,45.05,44.05,44.25,18000,2515950
20210423,13:19,44.40,47.05,44.40,46.90,74925,2515950
20210423,13:20,46.70,48.45,46.40,46.65,88800,2515950
20210423,13:21,46.50,46.60,44.60,45.40,39600,2505600
20210423,13:22,45.15,46.50,45.15,45.50,20100,2505600
20210423,13:23,45.50,46.40,45.40,45.80,14550,2505600
20210423,13:24,46.00,46.60,45.70,46.55,13350,2501625
20210423,13:25,46.10,47.15,45.10,45.50,27300,2501625
20210423,13:26,45.50,49.75,44.65,49.25,69450,2501625
20210423,13:27,49.30,51.65,49.30,50.60,141000,2504775
20210423,13:28,50.60,51.30,49.45,50.05,68400,2504775
20210423,13:29,49.85,50.90,48.70,50.85,60075,2504775
20210423,13:30,50.70,50.70,47.90,48.10,57750,2500500
20210423,13:31,48.15,49.05,47.70,48.85,50400,2500500
20210423,13:32,49.05,49.30,47.60,48.25,24450,2500500
20210423,13:33,48.45,48.75,47.15,48.00,20925,2502075
20210423,13:34,48.00,48.80,47.50,47.80,31575,2502075
20210423,13:35,47.70,48.50,47.70,48.30,34350,2502075
20210423,13:36,48.35,48.60,42.25,42.25,180075,2495850
20210423,13:37,41.60,41.80,38.60,40.30,276150,2495850
20210423,13:38,40.30,40.30,34.65,37.30,298200,2495850
20210423,13:39,37.40,37.40,34.60,35.80,191025,2459325
20210423,13:40,36.00,38.30,34.55,37.30,187950,2459325
20210423,13:41,37.50,37.50,35.90,37.05,97275,2459325
20210423,13:42,37.00,38.10,37.00,38.05,88350,2419725
20210423,13:43,38.25,38.70,36.80,37.65,109125,2419725
20210423,13:44,37.20,37.95,36.40,37.75,51150,2419725
20210423,13:45,37.65,37.85,35.80,36.30,73425,2438700
20210423,13:46,36.15,37.85,35.75,37.35,70650,2438700
20210423,13:47,37.30,38.80,37.30,38.15,75900,2438700
20210423,13:48,37.85,40.55,37.75,39.35,104100,2449725
20210423,13:49,39.15,41.15,39.00,39.30,90750,2449725
20210423,13:50,39.40,40.50,38.45,38.55,72900,2449725
20210423,13:51,38.50,39.55,38.25,39.20,38100,2474100
20210423,13:52,39.05,39.05,37.35,38.45,49425,2474100
20210423,13:53,38.60,39.05,37.15,37.40,56175,2474100
20210423,13:54,37.40,38.85,37.30,38.85,34050,2480625
20210423,13:55,38.65,38.95,37.25,38.95,37800,2480625
20210423,13:56,39.20,39.85,38.60,39.45,56700,2480625
20210423,13:57,39.60,39.90,38.40,38.45,25725,2468850
20210423,13:58,38.40,38.90,37.55,38.80,29925,2468850
20210423,13:59,38.85,39.50,38.40,39.20,39150,2468850
20210423,14:00,39.05,40.65,38.80,39.00,72075,2472000
20210423,14:01,39.00,39.50,37.95,37.95,50850,2472000
20210423,14:02,38.20,39.60,38.20,38.80,33000,2472000
20210423,14:03,38.70,39.80,38.60,39.35,28425,2469150
20210423,14:04,39.00,39.65,38.95,39.50,18300,2469150
20210423,14:05,39.35,39.40,37.80,38.05,37200,2469150
20210423,14:06,37.90,39.10,37.90,38.25,22650,2479650
20210423,14:07,38.20,38.50,37.55,38.15,24450,2479650
20210423,14:08,38.30,39.20,37.85,38.85,22575,2479650
20210423,14:09,39.05,39.20,36.75,37.15,55950,2474550
20210423,14:10,37.45,37.45,35.25,35.50,73200,2474550
20210423,14:11,35.25,37.10,35.25,35.30,50325,2474550
20210423,14:12,35.55,36.70,35.40,36.15,39075,2466150
20210423,14:13,36.05,36.55,35.30,35.80,41925,2466150
20210423,14:14,35.75,35.80,33.35,34.15,108675,2466150
20210423,14:15,34.15,35.60,33.05,35.45,88425,2484000
20210423,14:16,35.20,36.00,34.90,34.90,68475,2484000
20210423,14:17,35.10,38.30,34.95,37.95,108675,2484000
20210423,14:18,37.80,37.80,35.60,35.75,52725,2492625
20210423,14:19,36.00,36.00,34.75,35.25,59775,2492625
20210423,14:20,35.30,35.90,32.00,32.50,114150,2492625
20210423,14:21,32.40,32.40,30.00,31.90,193500,2466375
20210423,14:22,31.90,32.25,29.00,29.50,184500,2466375
20210423,14:23,29.85,31.00,29.85,30.80,129000,2466375
20210423,14:24,30.75,31.55,30.15,30.30,84825,2432475
20210423,14:25,30.50,31.35,29.80,29.85,74250,2432475
20210423,14:26,29.90,31.15,29.25,31.15,100725,2432475
20210423,14:27,31.05,31.05,29.45,29.90,82800,2453100
20210423,14:28,29.80,29.80,27.70,28.50,139650,2453100
20210423,14:29,28.30,28.55,26.80,27.45,115725,2453100
20210423,14:30,27.55,28.00,26.30,26.45,165900,2440200
20210423,14:31,26.50,27.45,25.05,26.90,187500,2440200
20210423,14:32,26.90,27.40,26.60,27.15,103275,2440200
20210423,14:33,27.10,28.00,27.10,27.95,93375,2465325
20210423,14:34,27.95,28.95,27.85,28.25,119475,2465325
20210423,14:35,28.30,28.40,26.60,26.85,149250,2465325
20210423,14:36,26.70,27.00,26.10,26.90,89850,2465475
20210423,14:37,27.25,28.10,27.00,27.75,64575,2465475
20210423,14:38,27.70,27.80,26.90,27.25,57450,2465475
20210423,14:39,27.25,27.85,26.90,27.10,67950,2470050
20210423,14:40,27.10,27.10,23.65,24.35,172725,2470050
20210423,14:41,24.40,24.55,23.35,24.40,135825,2470050
20210423,14:42,24.00,24.20,23.55,24.10,142050,2462175
20210423,14:43,24.00,24.30,22.80,23.30,149550,2462175
20210423,14:44,23.15,23.70,22.65,23.35,158775,2462175
20210423,14:45,23.20,23.70,21.90,23.55,213000,2517825
20210423,14:46,23.55,24.70,23.45,24.70,210600,2517825
20210423,14:47,24.55,25.55,24.10,25.05,177825,2517825
20210423,14:48,25.05,26.15,24.80,25.80,149025,2556975
20210423,14:49,25.90,26.45,25.55,25.85,160200,2556975
20210423,14:50,25.90,26.15,25.35,25.50,89700,2556975
20210423,14:51,25.60,25.60,24.25,24.90,140325,2567475
20210423,14:52,24.95,25.70,24.95,25.25,68850,2567475
20210423,14:53,25.05,25.60,24.80,25.25,54675,2567475
20210423,14:54,25.25,26.00,25.15,25.90,50250,2565075
20210423,14:55,25.90,26.45,25.30,26.30,87225,2565075
20210423,14:56,26.20,26.40,25.65,26.20,80025,2565075
20210423,14:57,26.15,27.70,26.15,27.55,90975,2545875
20210423,14:58,27.40,27.40,26.50,26.65,88275,2545875
20210423,14:59,26.65,26.75,24.95,25.10,108675,2545875
20210423,15:00,25.00,27.00,25.00,26.50,96375,2526975
20210423,15:01,26.50,26.95,26.00,26.75,54075,2526975
20210423,15:02,26.80,27.30,26.55,27.30,91500,2526975
20210423,15:03,27.15,27.65,26.75,27.30,112350,2533575
20210423,15:04,27.40,29.30,27.35,29.30,144675,2533575
20210423,15:05,29.65,32.35,29.25,31.15,345375,2533575
20210423,15:06,31.05,33.70,30.75,32.55,285000,2523000
20210423,15:07,32.60,33.55,31.65,31.70,167325,2523000
20210423,15:08,31.55,32.80,31.55,32.15,92325,2523000
20210423,15:09,32.35,33.60,32.15,33.00,132075,2499900
20210423,15:10,33.05,33.80,31.80,31.80,130500,2499900
20210423,15:11,31.65,32.80,30.90,32.20,133875,2499900
20210423,15:12,32.25,32.65,31.70,32.35,75300,2489175
20210423,15:13,32.20,32.60,31.25,31.75,71475,2489175
20210423,15:14,31.70,31.70,29.75,29.90,114900,2489175
20210423,15:15,29.90,31.00,29.90,30.50,146775,2519400
20210423,15:16,30.50,30.80,29.50,30.35,111225,2519400
20210423,15:17,30.50,31.00,29.40,29.70,90900,2519400
20210423,15:18,29.85,30.30,29.00,30.00,79125,2515425
20210423,15:19,30.10,30.55,29.90,30.35,69675,2515425
20210423,15:20,30.30,30.65,29.35,29.40,86100,2515425
20210423,15:21,29.50,30.05,29.15,29.85,76050,2498550
20210423,15:22,30.00,30.00,28.80,28.90,113100,2498550
20210423,15:23,28.95,29.65,28.95,29.10,62700,2498550
20210423,15:24,29.25,30.10,28.95,30.10,102900,2449425
20210423,15:25,29.95,30.00,29.00,29.30,123600,2449425
20210423,15:26,29.20,29.60,29.05,29.60,76650,2449425
20210423,15:27,29.65,29.65,29.25,29.40,46650,2433450
20210423,15:28,29.30,29.50,29.15,29.40,113325,2433450
20210423,15:29,29.40,29.50,28.40,28.95,87450,2433450
20210423,15:30,28.95,28.95,28.95,28.95,225,2433450
20210426,09:15,32.65,45.00,32.65,40.90,458102,2442600
20210426,09:16,41.50,42.00,38.30,38.45,281325,2442600
20210426,09:17,38.35,40.50,35.90,39.95,261900,2461200
20210426,09:18,40.15,41.00,38.80,40.70,251700,2461200
20210426,09:19,40.55,44.70,40.50,43.30,288000,2461200
20210426,09:20,44.25,48.65,43.60,47.60,362400,2502225
20210426,09:21,47.20,50.10,47.15,48.00,308175,2502225
20210426,09:22,48.25,48.40,46.25,47.00,204525,2502225
20210426,09:23,47.55,48.65,46.80,48.05,134100,2496375
20210426,09:24,48.00,50.45,47.10,49.60,226425,2496375
20210426,09:25,49.45,52.40,49.00,51.70,238200,2496375
20210426,09:26,51.95,54.00,51.70,53.15,226200,2519775
20210426,09:27,52.90,53.30,50.25,50.80,165075,2519775
20210426,09:28,50.85,50.90,48.20,50.50,180825,2519775
20210426,09:29,51.10,51.80,49.25,49.25,164400,2529075
20210426,09:30,49.20,56.65,49.20,56.65,256650,2529075
20210426,09:31,55.80,61.55,55.80,57.50,338550,2529075
20210426,09:32,58.00,63.80,58.00,61.95,271350,2493825
20210426,09:33,62.05,65.20,60.50,63.00,272475,2493825
20210426,09:34,63.55,65.30,62.35,62.55,176700,2493825
20210426,09:35,62.50,64.85,60.25,61.40,189450,2480925
20210426,09:36,62.00,64.80,62.00,62.25,137100,2480925
20210426,09:37,61.80,65.90,60.75,63.00,201900,2480925
20210426,09:38,63.30,63.70,60.95,61.55,97725,2495700
20210426,09:39,61.90,63.45,60.65,62.45,91500,2495700
20210426,09:40,62.70,62.70,59.10,59.10,138525,2495700
20210426,09:41,59.40,60.70,57.60,59.40,127425,2514975
20210426,09:42,59.60,60.80,59.25,59.80,77850,2514975
20210426,09:43,59.75,61.60,59.70,61.05,84075,2514975
20210426,09:44,60.80,61.30,58.60,58.60,82125,2541750
20210426,09:45,58.50,59.10,56.55,58.05,115950,2541750
20210426,09:46,58.15,58.15,54.65,55.80,150000,2541750
20210426,09:47,55.95,59.35,55.95,58.85,86925,2561700
20210426,09:48,58.90,62.10,58.90,61.20,134250,2561700
20210426,09:49,60.80,61.45,59.05,60.20,74325,2561700
20210426,09:50,60.15,61.40,59.05,61.40,60225,2573100
20210426,09:51,61.10,65.25,61.10,64.85,240825,2573100
20210426,09:52,64.60,64.90,62.50,64.30,135750,2573100
20210426,09:53,64.15,64.50,62.80,63.75,61950,2576025
20210426,09:54,63.85,65.05,63.40,64.70,78750,2576025
20210426,09:55,65.25,67.60,64.55,65.35,183000,2576025
20210426,09:56,65.35,66.65,64.70,64.70,110175,2561100
20210426,09:57,64.95,65.45,62.80,64.80,120375,2561100
20210426,09:58,64.95,67.70,64.65,66.85,111450,2561100
20210426,09:59,67.00,68.75,66.10,66.10,161850,2567700
20210426,10:00,65.95,70.90,65.95,68.75,307500,2567700
20210426,10:01,68.95,70.90,68.05,68.30,147075,2567700
20210426,10:02,68.45,69.00,67.40,69.00,81675,2550375
20210426,10:03,69.25,70.30,67.80,69.70,129525,2550375
20210426,10:04,69.55,71.85,69.05,69.55,126000,2550375
20210426,10:05,69.55,70.35,67.60,67.95,89400,2576625
20210426,10:06,67.80,69.50,66.45,69.50,98250,2576625
20210426,10:07,70.00,70.55,67.70,68.80,121500,2576625
20210426,10:08,68.95,69.30,66.15,66.25,84900,2570400
20210426,10:09,66.75,68.90,66.75,67.70,78450,2570400
20210426,10:10,67.40,69.00,67.40,69.00,61800,2570400
20210426,10:11,69.10,69.35,66.50,66.80,57375,2581275
20210426,10:12,66.85,67.35,65.45,65.90,78825,2581275
20210426,10:13,66.25,66.25,61.85,62.05,148425,2581275
20210426,10:14,61.90,62.95,59.85,61.45,165750,2547900
20210426,10:15,61.30,64.05,60.55,63.10,137625,2547900
20210426,10:16,63.35,64.40,61.25,61.90,86325,2547900
20210426,10:17,62.10,62.95,61.55,62.10,58125,2533875
20210426,10:18,61.85,63.10,61.15,61.15,40275,2533875
20210426,10:19,60.95,61.20,59.30,60.20,114675,2533875
20210426,10:20,59.85,62.55,59.85,60.15,89700,2553075
20210426,10:21,60.00,60.50,58.95,59.85,58200,2553075
20210426,10:22,59.85,61.95,59.45,61.50,72825,2553075
20210426,10:23,61.25,62.50,60.55,62.10,54300,2564625
20210426,10:24,62.00,62.85,61.05,61.75,53175,2564625
20210426,10:25,61.60,63.90,61.60,62.70,92925,2564625
20210426,10:26,63.05,63.75,60.70,61.50,52350,2576925
20210426,10:27,61.50,62.00,59.95,61.15,59175,2576925
20210426,10:28,60.90,62.10,60.30,62.10,40875,2576925
20210426,10:29,61.95,62.40,61.40,62.35,33000,2577225
20210426,10:30,62.20,62.55,60.20,60.95,42675,2577225
20210426,10:31,61.05,62.00,61.00,61.85,25575,2577225
20210426,10:32,62.00,62.55,61.65,62.55,38925,2579700
20210426,10:33,62.40,63.85,62.00,62.85,37875,2579700
20210426,10:34,62.75,62.90,57.80,58.40,132525,2579700
20210426,10:35,58.10,59.60,55.25,55.95,132525,2575875
20210426,10:36,55.50,57.65,55.50,57.40,76950,2575875
20210426,10:37,57.60,58.25,56.70,58.25,81975,2575875
20210426,10:38,58.35,58.35,56.60,58.00,51450,2607525
20210426,10:39,57.90,59.00,57.40,58.85,49950,2607525
20210426,10:40,58.50,58.60,57.45,57.60,34575,2607525
20210426,10:41,57.80,58.65,56.60,58.55,47100,2609475
20210426,10:42,58.70,58.70,57.20,57.75,43800,2609475
20210426,10:43,57.70,59.20,57.55,58.00,43800,2609475
20210426,10:44,58.05,58.15,57.55,57.55,22350,2616075
20210426,10:45,57.45,59.00,57.20,57.40,52350,2616075
20210426,10:46,57.85,58.40,56.65,56.70,50700,2616075
20210426,10:47,56.75,56.95,54.05,54.25,68625,2624100
20210426,10:48,53.35,54.75,52.80,54.55,127875,2624100
20210426,10:49,54.70,55.50,54.55,54.55,51975,2624100
20210426,10:50,54.55,55.85,54.10,55.30,50100,2614650
20210426,10:51,55.00,55.45,53.95,54.60,39375,2614650
20210426,10:52,54.55,54.65,53.35,54.40,58950,2614650
20210426,10:53,54.55,55.50,54.50,54.80,40875,2603100
20210426,10:54,54.70,55.55,54.10,54.45,40275,2603100
20210426,10:55,54.60,55.30,54.25,54.35,27900,2603100
20210426,10:56,54.55,55.00,52.65,53.60,50925,2618775
20210426,10:57,53.45,53.55,50.85,52.00,89850,2618775
20210426,10:58,51.95,53.00,51.05,53.00,64950,2618775
20210426,10:59,53.20,55.15,53.20,54.90,76725,2624100
20210426,11:00,54.65,56.45,54.55,56.45,74850,2624100
20210426,11:01,56.65,59.90,56.30,59.15,121950,2624100
20210426,11:02,59.35,62.65,58.45,61.80,148875,2619075
20210426,11:03,61.60,62.40,60.75,62.20,92100,2619075
20210426,11:04,62.50,63.45,61.30,63.45,135750,2619075
20210426,11:05,63.60,64.80,63.00,63.70,155025,2652525
20210426,11:06,63.55,63.75,61.50,61.60,94275,2652525
20210426,11:07,61.55,62.80,60.60,61.25,71550,2652525
20210426,11:08,61.50,62.15,60.50,61.45,42675,2675025
20210426,11:09,61.45,61.55,60.45,61.30,38700,2675025
20210426,11:10,61.05,62.55,60.95,61.10,61800,2675025
20210426,11:11,61.05,61.35,60.00,60.60,28275,2695650
20210426,11:12,60.65,60.70,59.20,59.40,46650,2695650
20210426,11:13,59.45,61.00,59.45,60.50,43725,2695650
20210426,11:14,60.10,62.30,60.10,61.85,41100,2698800
20210426,11:15,61.70,62.90,61.50,61.85,53250,2698800
20210426,11:16,61.55,62.25,59.65,60.20,62775,2698800
20210426,11:17,60.65,61.60,59.95,61.20,40050,2703225
20210426,11:18,61.05,61.25,59.75,60.00,25050,2703225
20210426,11:19,60.35,61.30,60.30,60.55,29475,2703225
20210426,11:20,60.70,61.75,60.20,60.90,35025,2709900
20210426,11:21,61.10,61.35,58.55,59.35,46950,2709900
20210426,11:22,59.20,59.90,57.60,57.80,51150,2709900
20210426,11:23,57.60,57.75,54.35,55.05,130650,2709000
20210426,11:24,55.15,56.40,54.75,55.50,56175,2709000
20210426,11:25,55.30,56.70,54.90,56.00,49500,2709000
20210426,11:26,55.95,57.80,55.90,57.65,45825,2708025
20210426,11:27,57.75,57.90,55.75,57.00,46575,2708025
20210426,11:28,56.90,57.30,56.00,56.25,24900,2708025
20210426,11:29,56.05,56.05,54.60,55.15,48525,2718600
20210426,11:30,55.00,56.50,54.55,56.35,38325,2718600
20210426,11:31,56.65,57.35,56.25,57.25,34350,2718600
20210426,11:32,57.20,57.45,56.60,57.40,22575,2726850
20210426,11:33,57.15,58.30,56.70,57.35,38550,2726850
20210426,11:34,57.35,57.50,56.25,57.10,19350,2726850
20210426,11:35,57.00,57.05,55.25,55.45,33075,2729700
20210426,11:36,55.40,55.40,53.50,54.65,76050,2729700
20210426,11:37,54.30,54.30,52.55,52.95,77400,2729700
20210426,11:38,53.15,55.40,51.85,55.40,92925,2730150
20210426,11:39,55.65,58.25,55.50,57.45,94950,2730150
20210426,11:40,57.60,58.00,56.70,56.85,53475,2730150
20210426,11:41,56.85,58.05,56.50,57.85,43500,2740650
20210426,11:42,57.60,57.60,56.55,57.45,36450,2740650
20210426,11:43,57.75,58.20,57.10,57.10,32325,2740650
20210426,11:44,57.25,57.80,55.80,55.80,34875,2734500
20210426,11:45,55.70,56.30,54.20,54.40,62025,2734500
20210426,11:46,54.80,56.60,54.75,56.10,30225,2734500
20210426,11:47,56.20,57.40,55.55,57.40,21825,2734500
20210426,11:48,57.30,57.90,56.70,57.05,31275,2732400
20210426,11:49,57.10,57.90,56.15,56.50,18150,2732400
20210426,11:50,56.40,56.55,55.15,55.80,38475,2737575
20210426,11:51,55.60,55.85,54.25,55.75,51750,2737575
20210426,11:52,55.65,56.35,54.30,55.50,35175,2737575
20210426,11:53,55.00,55.00,52.65,54.25,66000,2737575
20210426,11:54,54.10,55.35,54.05,54.90,35400,2726400
20210426,11:55,54.80,56.35,54.50,56.35,30825,2726400
20210426,11:56,56.75,57.10,55.00,55.65,40950,2726400
20210426,11:57,55.80,56.40,55.05,55.20,13650,2733975
20210426,11:58,55.35,56.30,55.30,55.60,11100,2733975
20210426,11:59,55.50,56.00,54.00,55.30,32850,2733975
20210426,12:00,55.35,55.45,54.25,54.35,30450,2737875
20210426,12:01,54.35,55.75,53.50,55.05,45450,2737875
20210426,12:02,55.00,56.30,54.80,55.60,45300,2737875
20210426,12:03,55.75,56.90,55.65,56.70,29700,2743800
20210426,12:04,56.50,56.55,54.90,56.25,43125,2743800
20210426,12:05,56.35,57.15,55.70,55.80,45750,2743800
20210426,12:06,55.90,56.00,54.45,55.15,33450,2739750
20210426,12:07,55.15,56.20,54.25,56.20,19875,2739750
20210426,12:08,56.30,57.45,55.95,55.95,63900,2739750
20210426,12:09,56.00,56.05,53.45,54.25,62250,2759100
20210426,12:10,54.50,55.80,54.05,55.80,33525,2759100
20210426,12:11,55.60,56.20,55.15,55.60,17400,2759100
20210426,12:12,55.70,55.90,54.50,54.90,20100,2757975
20210426,12:13,54.95,56.25,54.95,55.65,19950,2757975
20210426,12:14,55.55,55.55,54.50,54.55,14475,2757975
20210426,12:15,54.60,57.10,53.55,56.00,55875,2756550
20210426,12:16,56.30,58.35,55.75,57.20,112125,2756550
20210426,12:17,57.40,58.20,55.10,55.60,82275,2756550
20210426,12:18,55.50,55.80,53.10,53.50,85800,2755050
20210426,12:19,53.50,54.15,52.15,53.00,93525,2755050
20210426,12:20,52.90,54.20,52.15,53.45,74925,2755050
20210426,12:21,53.30,53.30,47.55,50.25,235575,2755350
20210426,12:22,50.45,51.00,48.55,48.95,92100,2755350
20210426,12:23,49.20,50.80,48.95,50.80,60525,2755350
20210426,12:24,50.55,51.00,49.45,49.95,54600,2742900
20210426,12:25,50.20,50.20,46.10,46.35,113250,2742900
20210426,12:26,46.70,49.25,46.25,48.90,137550,2742900
20210426,12:27,49.05,49.55,48.15,48.65,61575,2722500
20210426,12:28,48.70,49.55,48.25,48.65,38925,2722500
20210426,12:29,48.85,50.50,48.50,48.70,67800,2722500
20210426,12:30,48.30,48.95,47.20,48.20,71700,2739300
20210426,12:31,48.30,48.30,44.75,46.05,157575,2739300
20210426,12:32,46.30,47.55,46.00,47.30,75675,2739300
20210426,12:33,47.10,47.45,45.40,46.40,66300,2755425
20210426,12:34,46.40,47.15,45.70,46.25,86775,2755425
20210426,12:35,46.05,48.30,45.80,47.95,70125,2755425
20210426,12:36,48.00,48.55,47.05,47.60,63000,2735100
20210426,12:37,47.85,48.35,47.00,48.00,35325,2735100
20210426,12:38,47.95,48.60,46.90,48.30,41475,2735100
20210426,12:39,47.95,49.55,47.95,48.90,57675,2753775
20210426,12:40,48.90,50.25,48.90,49.55,87600,2753775
20210426,12:41,49.60,49.70,48.70,49.05,42450,2753775
20210426,12:42,49.05,49.30,48.50,48.70,30975,2784600
20210426,12:43,48.95,49.05,48.15,48.80,23325,2784600
20210426,12:44,49.00,49.85,48.90,49.75,24075,2784600
20210426,12:45,50.10,53.10,50.10,52.00,153000,2787300
20210426,12:46,52.10,52.90,51.75,51.75,71850,2787300
20210426,12:47,52.20,52.55,51.00,51.55,52800,2787300
20210426,12:48,51.75,51.95,49.90,50.15,59550,2794050
20210426,12:49,50.00,50.70,49.70,50.50,47325,2794050
20210426,12:50,50.65,51.85,50.35,51.40,35925,2794050
20210426,12:51,51.30,51.35,48.65,49.00,56250,2800425
20210426,12:52,49.00,49.60,47.35,47.65,59475,2800425
20210426,12:53,47.80,48.75,47.30,48.60,43875,2800425
20210426,12:54,48.70,49.80,48.00,49.35,51375,2774025
20210426,12:55,49.30,50.60,49.30,50.35,51000,2774025
20210426,12:56,50.40,51.40,49.50,51.40,33975,2774025
20210426,12:57,51.25,51.75,50.60,51.45,29250,2775375
20210426,12:58,51.40,52.35,50.75,51.45,41475,2775375
20210426,12:59,51.30,52.15,50.60,51.65,30675,2775375
20210426,13:00,51.55,52.65,51.40,51.85,63000,2779275
20210426,13:01,51.80,52.50,51.50,51.50,34575,2779275
20210426,13:02,51.55,51.70,51.00,51.40,30675,2779275
20210426,13:03,51.50,52.35,51.40,51.60,36750,2790900
20210426,13:04,51.75,52.80,51.05,52.75,47550,2790900
20210426,13:05,52.65,54.60,52.35,53.80,117600,2790900
20210426,13:06,53.90,54.25,52.40,52.40,57825,2784600
20210426,13:07,52.15,52.45,51.00,51.70,63975,2784600
20210426,13:08,51.70,51.95,50.70,51.00,39900,2784600
20210426,13:09,50.95,51.25,48.45,48.70,85350,2785275
20210426,13:10,48.75,49.35,47.50,48.35,108900,2785275
20210426,13:11,48.35,48.40,47.60,48.30,38250,2785275
20210426,13:12,48.10,48.15,46.15,47.40,68850,2788275
20210426,13:13,47.15,48.60,47.15,48.25,48000,2788275
20210426,13:14,48.10,48.80,47.75,48.65,48300,2788275
20210426,13:15,48.65,49.80,47.95,48.00,60600,2783550
20210426,13:16,47.70,47.75,43.60,43.60,154875,2783550
20210426,13:17,43.50,45.10,43.10,44.55,103800,2783550
20210426,13:18,44.75,46.00,43.60,45.20,63075,2764275
20210426,13:19,45.30,45.95,44.50,45.15,60150,2764275
20210426,13:20,44.95,46.40,44.65,46.40,51825,2764275
20210426,13:21,46.50,47.75,46.35,47.20,55275,2765925
20210426,13:22,47.25,47.70,46.55,46.70,29325,2765925
20210426,13:23,46.20,46.60,45.90,46.20,35550,2765925
20210426,13:24,45.85,46.40,45.50,46.05,27525,2777625
20210426,13:25,45.80,47.80,45.80,47.65,35925,2777625
20210426,13:26,47.45,47.45,45.75,46.10,49350,2777625
20210426,13:27,46.10,46.70,45.70,45.80,39675,2784450
20210426,13:28,45.80,47.40,45.80,46.95,35925,2784450
20210426,13:29,47.05,47.75,46.65,47.10,33450,2784450
20210426,13:30,47.15,47.95,45.90,45.90,61950,2788875
20210426,13:31,45.75,45.90,44.25,44.35,72000,2788875
20210426,13:32,44.55,45.00,39.95,40.10,379800,2788875
20210426,13:33,40.15,40.25,38.10,39.85,223275,2792325
20210426,13:34,39.65,41.40,39.15,40.70,109875,2792325
20210426,13:35,40.85,41.50,40.30,41.30,101325,2792325
20210426,13:36,41.05,41.05,39.00,39.40,81900,2792100
20210426,13:37,39.35,39.40,38.50,39.35,93150,2792100
20210426,13:38,39.35,42.60,39.35,42.60,143925,2792100
20210426,13:39,42.50,42.95,41.80,42.25,92400,2783325
20210426,13:40,42.25,43.15,40.35,40.75,88500,2783325
20210426,13:41,40.85,42.30,40.45,41.65,45825,2783325
20210426,13:42,41.40,42.90,41.05,41.45,62325,2778750
20210426,13:43,41.10,41.10,39.35,39.35,82500,2778750
20210426,13:44,39.25,40.35,39.25,40.10,36150,2778750
20210426,13:45,39.80,40.45,38.80,39.30,111450,2790075
20210426,13:46,39.10,39.55,38.60,39.20,66150,2790075
20210426,13:47,39.25,40.40,38.75,40.40,71775,2790075
20210426,13:48,40.45,41.45,40.45,40.60,80025,2802375
20210426,13:49,40.80,41.90,40.80,41.40,50400,2802375
20210426,13:50,41.35,41.40,40.05,40.05,45525,2802375
20210426,13:51,39.90,40.00,37.85,39.00,164325,2811000
20210426,13:52,38.85,43.60,38.45,43.55,141300,2811000
20210426,13:53,43.15,49.65,42.85,46.55,469200,2811000
20210426,13:54,47.00,48.90,47.00,48.65,149550,2801325
20210426,13:55,48.30,48.30,45.60,46.45,118500,2801325
20210426,13:56,46.50,47.75,45.35,46.60,78000,2801325
20210426,13:57,46.65,47.85,46.25,47.85,65475,2816925
20210426,13:58,47.50,47.90,46.25,47.50,80250,2816925
20210426,13:59,47.25,47.40,46.25,46.35,42525,2816925
20210426,14:00,46.50,49.10,46.30,49.05,106050,2828925
20210426,14:01,48.70,51.90,48.70,50.90,199950,2828925
20210426,14:02,51.20,51.45,48.70,48.80,133500,2828925
20210426,14:03,49.00,49.80,48.60,48.65,72000,2805000
20210426,14:04,49.00,49.25,47.85,48.30,67275,2805000
20210426,14:05,48.30,48.35,43.80,43.85,133200,2805000
20210426,14:06,43.80,46.00,43.80,45.80,87525,2811600
20210426,14:07,46.05,46.05,44.10,44.45,56100,2811600
20210426,14:08,43.90,44.00,41.25,41.85,127125,2811600
20210426,14:09,41.90,42.55,40.75,41.35,74775,2799300
20210426,14:10,41.25,42.30,41.25,42.00,59775,2799300
20210426,14:11,41.85,42.10,40.40,40.40,64500,2799300
20210426,14:12,40.35,40.65,39.35,40.65,120600,2821950
20210426,14:13,40.90,40.90,39.50,40.20,57825,2821950
20210426,14:14,40.25,40.90,40.00,40.50,39750,2821950
20210426,14:15,40.60,41.35,39.40,39.65,81150,2835150
20210426,14:16,39.50,40.80,39.10,40.50,83925,2835150
20210426,14:17,39.95,41.10,39.90,40.20,59400,2835150
20210426,14:18,40.00,40.70,39.50,39.50,42750,2848425
20210426,14:19,39.50,40.15,39.20,40.10,41775,2848425
20210426,14:20,40.15,40.15,38.60,39.40,70425,2848425
20210426,14:21,39.30,39.40,37.90,39.35,107550,2848425
20210426,14:22,39.35,40.05,38.70,39.25,63600,2848425
20210426,14:23,39.10,39.70,38.40,39.35,42975,2848425
20210426,14:24,39.40,39.40,38.05,38.05,58125,2846850
20210426,14:25,38.00,38.05,32.45,33.15,400500,2846850
20210426,14:26,33.05,34.85,32.70,34.85,202350,2846850
20210426,14:27,34.80,34.80,33.40,34.30,133650,2833875
20210426,14:28,34.60,35.80,34.45,35.65,116025,2833875
20210426,14:29,35.80,36.25,34.95,35.20,134400,2833875
20210426,14:30,35.30,37.15,35.25,37.10,127950,2859450
20210426,14:31,37.00,38.60,36.75,38.00,114225,2859450
20210426,14:32,37.75,38.10,35.90,35.90,142800,2859450
20210426,14:33,35.60,36.65,35.60,35.65,67275,2847900
20210426,14:34,35.65,36.15,33.70,34.10,127650,2847900
20210426,14:35,34.00,35.50,33.70,34.85,134175,2847900
20210426,14:36,34.85,35.10,34.15,34.65,53325,2855775
20210426,14:37,34.75,35.70,34.70,35.15,59700,2855775
20210426,14:38,35.10,36.00,34.70,36.00,66225,2855775
20210426,14:39,35.90,36.30,34.95,35.45,81975,2862225
20210426,14:40,35.50,36.60,35.10,36.60,95925,2862225
20210426,14:41,36.55,37.30,35.80,36.75,107775,2862225
20210426,14:42,36.75,37.30,36.35,37.25,75900,2851125
20210426,14:43,37.20,38.60,37.15,38.00,177675,2851125
20210426,14:44,37.95,38.00,37.10,37.30,101850,2851125
20210426,14:45,37.45,39.00,37.45,38.70,121950,2791050
20210426,14:46,38.90,42.80,38.90,41.05,273900,2791050
20210426,14:47,41.20,41.70,40.20,40.45,131250,2791050
20210426,14:48,40.85,41.90,40.15,41.20,72525,2796825
20210426,14:49,41.30,41.30,39.90,40.10,93525,2796825
20210426,14:50,40.00,41.25,39.60,40.05,103050,2796825
20210426,14:51,40.00,40.65,38.60,40.00,93825,2787525
20210426,14:52,40.05,40.05,38.05,38.05,94800,2787525
20210426,14:53,38.15,39.90,38.15,39.30,84825,2787525
20210426,14:54,39.55,40.60,38.15,38.15,65100,2797725
20210426,14:55,38.00,38.10,35.55,36.10,165975,2797725
20210426,14:56,36.35,37.00,35.70,36.30,86775,2797725
20210426,14:57,36.40,36.95,35.00,35.80,154050,2761275
20210426,14:58,35.95,36.50,35.25,36.40,97125,2761275
20210426,14:59,35.95,36.30,35.25,35.90,103500,2761275
20210426,15:00,36.20,41.35,36.20,39.65,257100,2742825
20210426,15:01,39.70,41.45,39.70,40.25,128250,2742825
20210426,15:02,40.30,40.65,38.30,39.60,97200,2742825
20210426,15:03,39.70,39.85,38.20,38.75,70275,2754975
20210426,15:04,38.80,39.20,38.45,38.70,55650,2754975
20210426,15:05,38.85,40.00,38.80,39.75,60600,2754975
20210426,15:06,39.95,40.90,39.75,40.70,77025,2747250
20210426,15:07,40.25,40.50,39.45,40.45,78975,2747250
20210426,15:08,40.40,41.70,40.00,41.50,128550,2747250
20210426,15:09,41.30,42.30,41.30,42.15,147450,2715900
20210426,15:10,42.40,42.50,40.30,40.30,158925,2715900
20210426,15:11,40.50,40.55,39.20,39.70,96825,2715900
20210426,15:12,39.80,41.00,39.75,40.95,129375,2666250
20210426,15:13,41.15,41.60,40.05,40.85,98100,2666250
20210426,15:14,40.65,40.80,40.10,40.20,74925,2666250
20210426,15:15,40.40,41.25,40.10,41.20,90450,2663175
20210426,15:16,41.20,41.50,41.00,41.35,74175,2663175
20210426,15:17,41.45,41.80,41.00,41.10,87675,2663175
20210426,15:18,41.00,41.30,40.55,41.10,67800,2650875
20210426,15:19,41.15,41.15,40.25,40.30,67425,2650875
20210426,15:20,40.40,40.85,40.00,40.20,92175,2650875
20210426,15:21,40.10,40.85,39.60,40.50,200775,2591100
20210426,15:22,40.45,41.15,39.70,39.70,123975,2591100
20210426,15:23,39.95,40.00,39.25,39.75,75600,2591100
20210426,15:24,39.70,40.50,39.70,40.50,79200,2553975
20210426,15:25,40.40,40.95,40.25,40.90,145875,2553975
20210426,15:26,40.85,41.00,40.65,40.90,68775,2553975
20210426,15:27,41.00,41.40,40.50,40.60,91125,2496300
20210426,15:28,40.25,40.50,40.00,40.00,75300,2496300
20210426,15:29,40.20,40.20,39.00,39.45,129300,2496300
20210426,15:30,38.40,38.40,38.40,38.40,225,2496300
20210427,09:15,40.45,45.90,32.00,43.65,623401,2437950
20210427,09:16,43.80,48.00,43.20,46.20,354600,2437950
20210427,09:17,46.00,46.20,42.55,43.00,260550,2593425
20210427,09:18,42.95,43.05,40.65,41.85,250200,2593425
20210427,09:19,41.40,42.10,40.30,41.15,216150,2593425
20210427,09:20,41.00,41.00,36.35,36.55,272775,2768250
20210427,09:21,36.60,38.70,34.70,38.10,301275,2768250
20210427,09:22,38.00,40.00,37.25,39.85,147075,2768250
20210427,09:23,39.85,42.05,39.50,41.80,189150,2810625
20210427,09:24,41.55,42.85,41.10,41.45,169350,2810625
20210427,09:25,41.75,41.75,39.95,40.65,109800,2810625
20210427,09:26,40.65,40.65,39.15,39.90,187875,2832750
20210427,09:27,39.85,39.90,37.55,38.55,162675,2832750
20210427,09:28,38.45,38.70,37.40,38.35,126300,2832750
20210427,09:29,38.60,39.80,37.35,37.35,134850,2840250
20210427,09:30,37.20,40.50,35.85,40.50,129900,2840250
20210427,09:31,40.80,42.55,40.00,40.65,176700,2840250
20210427,09:32,40.50,41.15,39.35,40.00,103125,2837100
20210427,09:33,39.95,41.00,39.55,40.05,80100,2837100
20210427,09:34,40.00,40.20,38.10,38.30,91050,2837100
20210427,09:35,38.20,41.00,38.20,40.40,81825,2863275
20210427,09:36,40.20,41.70,40.15,40.90,76950,2863275
20210427,09:37,41.15,42.25,40.80,41.60,103950,2863275
20210427,09:38,41.95,43.35,41.45,43.00,125550,2870850
20210427,09:39,43.05,43.80,42.80,43.40,177075,2870850
20210427,09:40,43.45,44.20,41.75,42.15,175650,2870850
20210427,09:41,42.10,43.15,41.95,42.80,88875,2863425
20210427,09:42,42.70,42.70,41.25,41.70,57450,2863425
20210427,09:43,41.70,42.40,40.75,42.20,85125,2863425
20210427,09:44,42.05,45.55,42.05,45.45,154950,2861025
20210427,09:45,45.60,46.85,43.55,44.80,223425,2861025
20210427,09:46,44.75,45.45,44.00,44.00,79500,2861025
20210427,09:47,43.95,45.55,43.25,44.65,59025,2847525
20210427,09:48,44.80,45.70,44.50,45.55,59325,2847525
20210427,09:49,45.20,45.30,43.80,44.85,81225,2847525
20210427,09:50,44.75,45.30,44.30,44.35,76575,2863050
20210427,09:51,44.55,45.85,43.70,45.50,90450,2863050
20210427,09:52,45.50,45.65,44.20,44.70,78825,2863050
20210427,09:53,44.40,46.40,44.40,46.30,100500,2877900
20210427,09:54,46.15,49.25,46.15,48.55,304125,2877900
20210427,09:55,48.50,52.00,48.45,50.90,256350,2877900
20210427,09:56,50.80,52.40,50.30,51.20,223575,2880300
20210427,09:57,51.20,54.00,51.05,53.25,232575,2880300
20210427,09:58,53.60,53.70,50.35,51.10,184650,2880300
20210427,09:59,51.15,52.15,50.45,51.20,156825,2883150
20210427,10:00,51.15,52.45,51.15,52.05,120600,2883150
20210427,10:01,52.15,53.00,52.05,52.65,130050,2883150
20210427,10:02,52.70,54.30,51.80,52.60,189225,2868975
20210427,10:03,52.75,53.45,51.95,53.15,127725,2868975
20210427,10:04,53.15,53.65,52.35,52.70,83100,2868975
20210427,10:05,52.70,52.70,49.70,50.75,188250,2887200
20210427,10:06,50.60,50.60,48.70,49.30,126300,2887200
20210427,10:07,49.45,50.10,48.30,48.35,98025,2887200
20210427,10:08,48.10,49.25,47.70,48.35,110775,2913225
20210427,10:09,48.60,49.40,47.65,49.20,95625,2913225
20210427,10:10,48.95,49.10,47.20,47.50,99750,2913225
20210427,10:11,47.65,47.90,45.50,46.75,126675,2918025
20210427,10:12,46.70,48.80,46.65,48.75,114975,2918025
20210427,10:13,48.80,50.00,48.40,49.25,101700,2918025
20210427,10:14,49.35,49.35,48.25,48.65,64350,2915625
20210427,10:15,48.45,49.35,48.20,48.70,52500,2915625
20210427,10:16,48.65,49.20,47.85,48.15,67650,2915625
20210427,10:17,48.00,48.85,47.65,48.35,89775,2917500
20210427,10:18,48.50,48.50,45.95,47.00,132975,2917500
20210427,10:19,47.00,47.30,45.65,45.80,58275,2917500
20210427,10:20,45.60,46.60,45.55,46.05,58050,2911725
20210427,10:21,45.80,46.15,44.10,44.10,102225,2911725
20210427,10:22,44.10,44.25,42.40,43.30,180450,2911725
20210427,10:23,43.05,43.60,41.90,43.15,130275,2914050
20210427,10:24,43.15,44.20,43.00,43.55,102675,2914050
20210427,10:25,43.70,44.05,43.15,43.40,52575,2914050
20210427,10:26,43.35,43.95,42.70,43.90,53400,2937525
20210427,10:27,44.05,45.85,44.05,44.75,116025,2937525
20210427,10:28,44.80,45.40,44.00,44.95,44925,2937525
20210427,10:29,45.00,46.30,44.95,46.20,84975,2959275
20210427,10:30,46.50,47.90,46.50,46.50,192525,2959275
20210427,10:31,46.60,46.60,45.55,46.00,63675,2959275
20210427,10:32,46.00,46.10,44.20,44.20,69075,2952225
20210427,10:33,44.10,44.25,43.20,43.60,68775,2952225
20210427,10:34,43.50,45.30,43.50,45.20,39225,2952225
20210427,10:35,45.00,45.80,44.75,45.00,49800,2957700
20210427,10:36,45.00,46.00,44.85,45.15,60375,2957700
20210427,10:37,45.20,45.20,44.10,44.45,27000,2957700
20210427,10:38,44.35,45.85,44.35,45.45,64350,2952600
20210427,10:39,45.45,46.25,45.45,45.95,41925,2952600
20210427,10:40,45.75,46.85,44.60,46.85,69450,2952600
20210427,10:41,46.80,47.00,45.90,46.90,61050,2958750
20210427,10:42,46.65,47.50,46.45,46.45,66750,2958750
20210427,10:43,46.35,46.50,45.60,45.65,52500,2958750
20210427,10:44,45.95,46.70,45.50,46.70,47400,2957100
20210427,10:45,46.65,46.90,45.10,45.10,72900,2957100
20210427,10:46,45.00,45.45,44.10,45.15,64800,2957100
20210427,10:47,45.15,45.90,44.90,45.65,44025,2959125
20210427,10:48,45.65,46.60,45.50,45.65,75300,2959125
20210427,10:49,45.60,46.40,45.35,45.70,45750,2959125
20210427,10:50,45.65,46.75,45.50,46.60,75375,2964750
20210427,10:51,46.80,47.15,45.85,45.95,100125,2964750
20210427,10:52,46.10,46.10,45.35,45.80,63150,2964750
20210427,10:53,45.55,46.45,44.55,46.45,81525,2973825
20210427,10:54,46.40,47.10,46.35,46.80,102450,2973825
20210427,10:55,46.85,46.90,45.90,46.00,57900,2973825
20210427,10:56,45.90,47.85,45.75,47.40,93825,2961300
20210427,10:57,47.30,47.60,47.00,47.60,75225,2961300
20210427,10:58,47.80,48.30,47.00,47.90,84000,2961300
20210427,10:59,47.70,48.45,47.35,47.90,93900,2958225
20210427,11:00,47.95,48.50,47.35,47.40,88275,2958225
20210427,11:01,47.40,47.40,45.70,46.10,90225,2958225
20210427,11:02,46.10,46.60,45.30,46.55,67650,2953200
20210427,11:03,46.25,47.75,46.25,47.15,93225,2953200
20210427,11:04,47.10,48.10,47.00,47.95,47925,2953200
20210427,11:05,47.95,48.10,46.05,46.60,66525,2928750
20210427,11:06,46.60,47.20,46.50,47.10,31950,2928750
20210427,11:07,47.55,47.95,47.35,47.80,62850,2928750
20210427,11:08,47.75,50.55,47.55,50.20,239925,2884875
20210427,11:09,50.30,52.10,50.30,51.95,250875,2884875
20210427,11:10,52.00,52.25,49.95,50.00,216750,2884875
20210427,11:11,50.10,51.50,50.10,51.20,75825,2838975
20210427,11:12,51.35,51.90,51.15,51.55,76650,2838975
20210427,11:13,51.55,52.00,51.00,51.20,107700,2838975
20210427,11:14,51.35,52.15,50.00,51.10,112725,2825475
20210427,11:15,51.00,51.50,49.85,50.65,105675,2825475
20210427,11:16,50.60,50.80,48.15,48.35,96750,2825475
20210427,11:17,48.55,49.35,48.20,48.60,62100,2838225
20210427,11:18,48.75,48.75,47.75,48.20,85125,2838225
20210427,11:19,48.05,48.60,47.20,48.50,59625,2838225
20210427,11:20,48.50,49.55,48.50,49.05,65775,2855775
20210427,11:21,49.05,50.10,49.05,49.70,80400,2855775
20210427,11:22,49.55,50.15,48.95,48.95,66075,2855775
20210427,11:23,49.05,49.05,47.25,47.25,86400,2862750
20210427,11:24,46.95,47.40,46.10,46.25,105150,2862750
20210427,11:25,46.65,46.80,45.80,45.95,81600,2862750
20210427,11:26,46.05,46.45,45.30,45.30,79875,2868675
20210427,11:27,45.25,47.50,45.25,47.50,71850,2868675
20210427,11:28,47.35,48.10,47.25,47.30,60450,2868675
20210427,11:29,47.20,48.25,47.15,48.20,41700,2860800
20210427,11:30,48.00,48.55,47.70,48.00,43200,2860800
20210427,11:31,47.70,47.95,46.85,47.65,48525,2860800
20210427,11:32,47.55,47.90,46.75,46.90,37650,2882475
20210427,11:33,47.00,47.65,46.35,47.45,48000,2882475
20210427,11:34,47.45,48.70,47.45,48.50,58875,2882475
20210427,11:35,48.75,48.75,47.50,48.45,61350,2888025
20210427,11:36,48.35,48.65,47.70,47.85,49650,2888025
20210427,11:37,48.00,48.50,47.25,47.85,50325,2888025
20210427,11:38,47.75,48.00,46.70,47.50,35400,2888025
20210427,11:39,47.55,49.00,47.20,49.00,55875,2894925
20210427,11:40,48.95,49.65,48.75,49.35,72675,2894925
20210427,11:41,49.30,50.00,49.00,49.05,77175,2894925
20210427,11:42,48.95,50.15,48.95,50.05,44325,2892225
20210427,11:43,49.90,51.10,49.75,50.20,106950,2892225
20210427,11:44,50.25,50.60,49.75,49.85,56925,2892225
20210427,11:45,49.95,50.90,49.95,50.60,61125,2895300
20210427,11:46,50.65,50.65,48.10,48.70,86925,2895300
20210427,11:47,48.60,49.55,48.55,49.40,31350,2895300
20210427,11:48,49.25,50.90,49.25,50.60,66825,2884425
20210427,11:49,50.55,51.05,50.40,50.70,72075,2884425
20210427,11:50,50.75,51.90,50.65,51.00,128850,2884425
20210427,11:51,51.05,52.90,51.05,52.10,161325,2865525
20210427,11:52,52.30,52.70,51.85,52.15,105075,2865525
20210427,11:53,52.10,52.20,50.30,51.05,84600,2865525
20210427,11:54,51.00,51.95,50.90,51.85,28800,2861775
20210427,11:55,51.65,53.85,51.65,52.00,179775,2861775
20210427,11:56,52.05,52.45,51.50,52.20,66375,2861775
20210427,11:57,52.45,55.65,52.45,55.20,247725,2860200
20210427,11:58,55.15,56.55,54.50,54.65,242925,2860200
20210427,11:59,54.90,56.95,54.70,55.75,138000,2860200
20210427,12:00,55.80,60.45,55.50,59.00,380100,2810100
20210427,12:01,59.00,61.35,58.60,61.00,253350,2810100
20210427,12:02,60.95,60.95,58.75,60.15,196950,2810100
20210427,12:03,59.95,60.25,58.65,59.45,141675,2794200
20210427,12:04,59.65,59.80,56.50,56.65,109500,2794200
20210427,12:05,56.45,57.10,54.55,56.40,177300,2794200
20210427,12:06,56.25,58.20,55.95,57.00,115500,2788950
20210427,12:07,56.80,58.55,56.80,57.30,87075,2788950
20210427,12:08,56.95,58.50,56.95,58.35,96225,2788950
20210427,12:09,58.30,59.60,57.75,59.10,102450,2812875
20210427,12:10,59.00,60.25,58.90,59.00,152325,2812875
20210427,12:11,59.00,59.00,57.05,57.40,111000,2812875
20210427,12:12,57.20,59.90,57.20,59.45,85275,2841750
20210427,12:13,59.50,61.90,59.40,60.15,217575,2841750
20210427,12:14,60.30,62.40,60.25,61.40,166425,2841750
20210427,12:15,61.55,63.40,61.25,62.55,177675,2796675
20210427,12:16,62.40,63.35,61.50,61.50,205200,2796675
20210427,12:17,61.55,62.50,60.30,60.30,134700,2796675
20210427,12:18,60.30,61.35,59.80,60.15,113700,2792325
20210427,12:19,60.00,61.60,59.70,61.20,57825,2792325
20210427,12:20,61.00,61.00,57.80,58.65,122400,2792325
20210427,12:21,58.75,59.30,58.05,58.15,51150,2790825
20210427,12:22,58.20,58.60,56.50,56.60,104550,2790825
20210427,12:23,56.75,57.90,56.45,57.30,82275,2790825
20210427,12:24,57.55,59.00,57.25,58.00,53775,2800425
20210427,12:25,58.30,59.80,58.15,58.70,108300,2800425
20210427,12:26,58.75,58.75,56.40,56.80,96825,2800425
20210427,12:27,57.00,58.00,56.95,57.50,62550,2828325
20210427,12:28,57.45,57.45,55.20,56.35,124800,2828325
20210427,12:29,56.45,57.50,55.25,57.00,73275,2828325
20210427,12:30,57.25,57.95,55.70,56.65,81900,2825775
20210427,12:31,56.35,56.35,55.00,55.00,114900,2825775
20210427,12:32,54.55,54.95,53.20,54.15,146475,2825775
20210427,12:33,53.85,55.60,53.20,55.25,95100,2844825
20210427,12:34,55.60,56.70,54.55,54.95,73425,2844825
20210427,12:35,54.75,54.85,53.70,54.50,76500,2844825
20210427,12:36,54.60,55.25,53.65,54.50,50025,2874750
20210427,12:37,54.70,58.00,54.60,57.80,99075,2874750
20210427,12:38,57.60,58.30,57.15,57.80,77700,2874750
20210427,12:39,57.65,59.80,57.45,59.00,106200,2880375
20210427,12:40,58.90,59.85,58.05,59.00,86100,2880375
20210427,12:41,58.90,59.40,58.05,58.05,86175,2880375
20210427,12:42,58.25,58.80,57.00,57.75,63150,2884875
20210427,12:43,57.90,58.05,56.60,57.05,34725,2884875
20210427,12:44,56.90,57.15,55.80,56.70,44850,2884875
20210427,12:45,56.55,58.25,56.30,58.25,38175,2883000
20210427,12:46,58.15,58.70,57.90,58.40,32025,2883000
20210427,12:47,58.25,59.25,58.20,58.65,54075,2883000
20210427,12:48,58.65,58.65,57.25,57.25,47775,2877600
20210427,12:49,57.35,58.25,57.00,57.65,44925,2877600
20210427,12:50,57.65,58.75,57.15,58.75,33750,2877600
20210427,12:51,58.75,59.40,58.65,59.00,94650,2884125
20210427,12:52,59.00,59.35,57.60,57.65,56550,2884125
20210427,12:53,57.75,58.40,57.60,57.80,44400,2884125
20210427,12:54,57.80,58.20,57.20,57.35,34650,2898000
20210427,12:55,57.25,57.55,54.70,54.70,151650,2898000
20210427,12:56,54.80,54.90,50.95,51.75,202575,2898000
20210427,12:57,51.65,53.40,51.30,51.30,97275,2917875
20210427,12:58,51.20,52.15,49.75,52.15,224325,2917875
20210427,12:59,52.25,52.90,51.70,51.75,84975,2917875
20210427,13:00,51.75,52.70,51.10,52.65,79350,2932950
20210427,13:01,52.50,52.95,51.60,52.70,63975,2932950
20210427,13:02,52.70,52.70,51.00,51.05,75000,2932950
20210427,13:03,51.10,52.25,51.10,51.90,31875,2920950
20210427,13:04,51.85,53.90,51.50,53.75,112500,2920950
20210427,13:05,53.65,54.10,53.05,54.00,75300,2920950
20210427,13:06,54.30,56.70,53.90,55.80,100800,2919750
20210427,13:07,55.95,57.25,55.50,55.50,92325,2919750
20210427,13:08,55.80,55.95,53.65,53.65,76350,2919750
20210427,13:09,53.75,54.20,52.70,52.70,46575,2948025
20210427,13:10,52.60,52.60,50.85,51.90,103350,2948025
20210427,13:11,51.80,53.95,51.80,53.65,75375,2948025
20210427,13:12,53.55,54.70,53.50,54.00,53850,2960850
20210427,13:13,54.20,54.45,53.45,53.95,42600,2960850
20210427,13:14,54.10,54.60,52.85,52.85,46350,2960850
20210427,13:15,52.65,52.65,51.00,51.35,126075,2985450
20210427,13:16,51.60,54.40,51.60,54.40,92925,2985450
20210427,13:17,54.20,54.65,52.75,53.10,86850,2985450
20210427,13:18,53.10,53.45,51.30,51.50,43500,2990400
20210427,13:19,51.40,54.00,51.40,53.55,47250,2990400
20210427,13:20,53.65,54.75,53.50,53.95,98325,2990400
20210427,13:21,54.25,55.00,53.05,53.15,64200,3002325
20210427,13:22,53.25,53.50,52.10,52.75,46575,3002325
20210427,13:23,52.65,53.30,52.30,52.45,35025,3002325
20210427,13:24,52.35,52.90,51.70,51.90,57675,3016650
20210427,13:25,51.90,52.95,51.90,52.65,24600,3016650
20210427,13:26,52.85,52.85,52.05,52.50,29325,3016650
20210427,13:27,52.20,52.30,50.55,50.75,104400,3033000
20210427,13:28,50.45,50.45,48.55,48.75,188550,3033000
20210427,13:29,48.25,49.25,46.85,49.10,201300,3033000
20210427,13:30,49.15,49.15,46.80,47.90,130125,3015150
20210427,13:31,47.95,50.15,47.95,49.45,118575,3015150
20210427,13:32,49.45,50.35,49.00,50.05,59625,3015150
20210427,13:33,50.20,50.50,48.95,48.95,56775,3013500
20210427,13:34,49.00,49.80,48.60,49.70,33300,3013500
20210427,13:35,49.45,50.40,49.40,49.95,63975,3013500
20210427,13:36,50.15,50.85,49.80,49.80,63525,3000900
20210427,13:37,49.80,50.60,49.55,49.95,36900,3000900
20210427,13:38,49.80,49.80,47.65,48.90,81525,3000900
20210427,13:39,49.00,49.15,48.15,48.60,50175,3008925
20210427,13:40,48.50,48.80,46.75,47.45,111075,3008925
20210427,13:41,47.65,48.45,46.50,48.45,112125,3008925
20210427,13:42,48.70,49.90,48.50,49.50,78675,3032325
20210427,13:43,49.70,49.85,48.50,48.95,54900,3032325
20210427,13:44,48.95,48.95,47.65,48.25,63900,3032325
20210427,13:45,48.45,56.60,48.40,56.10,413250,3051600
20210427,13:46,56.20,61.05,55.95,58.65,493275,3051600
20210427,13:47,58.80,59.30,57.35,58.90,148275,3051600
20210427,13:48,58.75,59.00,57.20,57.95,118725,2930700
20210427,13:49,57.60,59.25,56.85,57.65,107550,2930700
20210427,13:50,57.55,59.00,57.00,57.80,111525,2930700
20210427,13:51,57.55,57.95,56.45,57.10,57525,2933325
20210427,13:52,57.05,57.65,55.15,55.75,76875,2933325
20210427,13:53,55.55,56.50,55.50,56.25,49500,2933325
20210427,13:54,56.45,57.45,56.35,56.85,83925,2938350
20210427,13:55,57.00,57.55,55.40,56.65,76050,2938350
20210427,13:56,56.60,57.00,56.15,56.45,42000,2938350
20210427,13:57,56.65,57.10,55.55,55.95,60000,2933325
20210427,13:58,56.25,57.85,56.25,57.45,81300,2933325
20210427,13:59,57.35,59.80,57.25,59.05,151950,2933325
20210427,14:00,58.85,60.85,57.95,60.75,155475,2934450
20210427,14:01,61.50,63.25,60.70,62.15,379575,2934450
20210427,14:02,62.55,64.65,62.10,63.00,269925,2934450
20210427,14:03,63.00,64.00,62.20,63.00,200400,2923575
20210427,14:04,62.80,62.90,60.80,61.50,148875,2923575
20210427,14:05,61.50,62.15,60.55,61.35,141000,2923575
20210427,14:06,61.00,62.65,60.80,61.05,157875,2911050
20210427,14:07,60.95,61.55,58.90,60.25,159000,2911050
20210427,14:08,60.00,61.00,59.75,60.55,92625,2911050
20210427,14:09,60.50,62.45,60.50,61.30,67650,2926275
20210427,14:10,61.35,63.30,61.30,62.90,189375,2926275
20210427,14:11,63.35,63.55,62.05,62.05,123300,2926275
20210427,14:12,62.25,62.60,59.25,60.00,149250,2867400
20210427,14:13,60.05,61.20,60.05,60.75,73650,2867400
20210427,14:14,60.70,60.90,59.65,60.20,59925,2867400
20210427,14:15,60.15,60.75,56.80,57.50,181125,2816400
20210427,14:16,57.10,59.15,56.60,58.95,124350,2816400
20210427,14:17,58.95,59.55,58.65,59.20,59775,2816400
20210427,14:18,59.05,59.60,58.25,58.80,82800,2817600
20210427,14:19,58.65,60.05,58.15,60.00,101175,2817600
20210427,14:20,60.20,63.25,60.20,62.65,181350,2817600
20210427,14:21,62.75,63.40,61.05,61.05,127425,2804625
20210427,14:22,61.00,61.40,59.45,59.55,88350,2804625
20210427,14:23,60.15,60.40,59.60,59.85,52950,2804625
20210427,14:24,59.95,60.30,58.70,59.70,67800,2806650
20210427,14:25,59.45,60.15,59.00,59.45,52125,2806650
20210427,14:26,59.40,62.15,59.40,61.45,85275,2806650
20210427,14:27,61.55,61.70,60.75,61.25,64350,2807250
20210427,14:28,61.20,62.10,60.90,61.40,76125,2807250
20210427,14:29,61.30,64.15,61.20,64.05,177225,2807250
20210427,14:30,64.20,64.80,62.40,62.40,158325,2812575
20210427,14:31,62.35,62.85,61.55,61.90,100350,2812575
20210427,14:32,61.65,62.40,61.50,61.50,76125,2812575
20210427,14:33,61.80,66.00,61.50,64.45,229050,2809125
20210427,14:34,64.75,66.60,64.75,66.40,291675,2809125
20210427,14:35,66.05,68.65,65.30,67.85,357900,2809125
20210427,14:36,67.65,70.00,66.95,68.70,298575,2741550
20210427,14:37,68.85,70.85,67.70,70.10,244875,2741550
20210427,14:38,69.85,69.85,67.50,68.35,183000,2741550
20210427,14:39,68.65,69.00,67.60,68.25,107400,2726850
20210427,14:40,68.20,70.00,67.80,68.90,171750,2726850
20210427,14:41,69.10,70.55,68.60,69.50,154425,2726850
20210427,14:42,69.90,72.00,69.60,69.95,234450,2707350
20210427,14:43,70.00,70.40,67.00,67.00,189225,2707350
20210427,14:44,66.90,68.15,66.25,66.90,151875,2707350
20210427,14:45,66.75,68.45,66.50,67.70,106125,2696400
20210427,14:46,68.05,69.35,68.00,69.15,126825,2696400
20210427,14:47,68.90,69.50,67.45,67.45,125625,2696400
20210427,14:48,67.55,67.55,65.70,66.15,204225,2686875
20210427,14:49,66.60,66.80,63.50,63.55,202275,2686875
20210427,14:50,63.45,65.95,63.45,65.15,105075,2686875
20210427,14:51,65.25,66.40,64.55,65.00,92250,2655675
20210427,14:52,64.85,65.05,62.55,62.55,120975,2655675
20210427,14:53,62.55,63.50,61.55,61.55,204975,2655675
20210427,14:54,61.60,62.30,60.55,60.95,172350,2668050
20210427,14:55,60.90,64.20,60.90,64.20,132900,2668050
20210427,14:56,64.00,64.65,63.60,64.35,128925,2668050
20210427,14:57,64.40,64.90,62.65,63.00,106800,2682675
20210427,14:58,62.90,63.15,61.10,61.85,131325,2682675
20210427,14:59,62.10,63.15,61.60,62.45,101250,2682675
20210427,15:00,62.10,64.90,60.85,63.40,281550,2654100
20210427,15:01,63.15,63.15,61.45,62.00,158625,2654100
20210427,15:02,61.90,64.00,61.35,63.30,127650,2654100
20210427,15:03,63.10,64.85,62.55,63.85,110550,2661525
20210427,15:04,63.90,64.65,63.50,63.75,56700,2661525
20210427,15:05,63.70,67.00,63.40,66.15,194325,2661525
20210427,15:06,65.90,66.50,65.20,66.05,115875,2600400
20210427,15:07,66.35,66.85,65.75,66.55,144750,2600400
20210427,15:08,66.55,66.75,65.35,65.60,101025,2600400
20210427,15:09,65.90,66.45,65.50,66.10,77100,2576775
20210427,15:10,66.10,66.10,63.90,64.45,157500,2576775
20210427,15:11,64.55,66.15,64.55,65.70,118650,2576775
20210427,15:12,65.40,66.25,65.10,66.05,102375,2584050
20210427,15:13,66.05,67.05,65.95,66.60,128775,2584050
20210427,15:14,66.30,66.70,65.65,66.55,121425,2584050
20210427,15:15,66.80,67.10,65.85,67.05,124725,2544525
20210427,15:16,67.20,69.50,67.00,69.10,179025,2544525
20210427,15:17,68.85,69.60,68.65,69.35,130125,2544525
20210427,15:18,69.55,70.00,68.85,70.00,154575,2520750
20210427,15:19,70.00,70.00,68.70,68.70,224925,2520750
20210427,15:20,68.30,69.10,68.30,68.95,111450,2520750
20210427,15:21,68.95,71.35,68.90,70.85,219600,2469675
20210427,15:22,70.70,70.70,68.45,68.45,203925,2469675
20210427,15:23,68.35,68.55,66.90,67.55,142650,2469675
20210427,15:24,67.30,67.70,66.20,66.85,125850,2469675
20210427,15:25,66.65,66.75,64.10,64.65,264675,2462850
20210427,15:26,64.75,64.80,63.85,64.75,101325,2462850
20210427,15:27,64.85,66.95,64.75,66.35,128475,2381475
20210427,15:28,66.45,66.60,65.75,65.90,111075,2381475
20210427,15:29,65.95,66.30,65.55,65.80,138675,2381475
20210427,15:30,66.00,66.00,66.00,66.00,975,2381475
20210428,09:15,76.00,92.45,73.85,91.40,877578,2327700
20210428,09:16,90.00,100.00,90.00,99.25,782025,2327700
20210428,09:17,99.20,99.20,92.50,97.45,624675,2584950
20210428,09:18,96.90,98.70,94.65,94.65,459825,2584950
20210428,09:19,94.85,98.85,94.85,96.75,476850,2584950
20210428,09:20,96.20,98.00,94.40,97.45,454425,2888700
20210428,09:21,97.10,99.45,96.45,99.05,454950,2888700
20210428,09:22,98.30,104.80,98.30,103.60,605400,2888700
20210428,09:23,103.90,104.95,102.40,104.10,304275,2977350
20210428,09:24,103.60,107.00,101.65,105.35,551175,2977350
20210428,09:25,105.35,105.80,103.05,103.50,244275,2977350
20210428,09:26,102.90,104.30,101.85,102.55,207975,2917050
20210428,09:27,103.15,103.65,100.40,100.40,193050,2917050
20210428,09:28,100.65,103.70,100.55,102.20,209325,2917050
20210428,09:29,103.00,109.80,102.80,109.80,432375,2900550
20210428,09:30,108.85,111.00,105.00,106.05,371550,2900550
20210428,09:31,105.45,106.45,104.15,104.75,216600,2900550
20210428,09:32,104.75,105.65,103.30,103.80,241650,2998425
20210428,09:33,103.85,106.90,102.95,104.95,295650,2998425
20210428,09:34,104.70,106.10,104.05,105.30,128100,2998425
20210428,09:35,104.95,104.95,101.25,101.50,233400,3062325
20210428,09:36,101.60,102.50,99.85,101.70,243675,3062325
20210428,09:37,101.50,104.20,101.50,101.80,150075,3062325
20210428,09:38,101.75,101.75,99.55,100.40,200475,3109950
20210428,09:39,99.95,101.05,98.00,98.35,193425,3109950
20210428,09:40,98.65,101.05,96.70,99.50,295950,3109950
20210428,09:41,99.40,104.30,98.65,104.30,359925,3189075
20210428,09:42,103.95,104.90,102.15,104.45,275775,3189075
20210428,09:43,104.10,104.60,102.35,102.95,321375,3189075
20210428,09:44,102.85,104.55,102.80,103.65,168675,3264000
20210428,09:45,102.60,106.85,102.50,105.75,247500,3264000
20210428,09:46,105.75,107.95,105.75,107.50,212925,3264000
20210428,09:47,107.75,112.65,107.00,110.75,482400,3243375
20210428,09:48,111.30,112.80,110.10,111.60,251025,3243375
20210428,09:49,111.30,112.50,110.00,110.15,202275,3243375
20210428,09:50,110.40,112.05,110.15,111.80,201600,3212550
20210428,09:51,112.00,112.20,110.30,110.50,188550,3212550
20210428,09:52,110.10,111.00,109.75,110.45,138825,3212550
20210428,09:53,110.15,112.00,110.15,112.00,107625,3145500
20210428,09:54,111.75,113.00,110.90,111.00,135675,3145500
20210428,09:55,110.90,110.90,107.15,108.55,206100,3145500
20210428,09:56,108.20,109.10,106.05,106.40,143475,3140400
20210428,09:57,106.20,106.65,103.45,104.40,158475,3140400
20210428,09:58,104.70,105.75,103.00,103.50,142725,3140400
20210428,09:59,103.55,104.00,102.30,103.40,155925,3179850
20210428,10:00,103.15,106.45,103.15,105.85,144825,3179850
20210428,10:01,105.45,106.30,104.45,106.20,90225,3179850
20210428,10:02,105.85,105.85,104.35,105.25,69225,3205275
20210428,10:03,105.25,106.25,104.65,105.15,75825,3205275
20210428,10:04,105.25,105.90,104.10,105.75,53250,3205275
20210428,10:05,106.05,108.80,106.05,108.65,143175,3202725
20210428,10:06,108.90,109.60,107.70,107.90,124125,3202725
20210428,10:07,107.80,108.50,106.90,108.50,73950,3202725
20210428,10:08,107.80,108.40,106.75,107.60,65400,3205500
20210428,10:09,107.80,109.85,107.60,108.60,187650,3205500
20210428,10:10,109.25,111.65,108.50,110.70,127425,3205500
20210428,10:11,110.75,110.85,108.05,109.00,108225,3204150
20210428,10:12,108.80,110.00,108.15,109.60,60000,3204150
20210428,10:13,109.75,110.45,108.15,108.65,74625,3204150
20210428,10:14,109.30,109.30,106.05,106.10,103950,3207600
20210428,10:15,105.95,108.25,105.95,108.25,55950,3207600
20210428,10:16,108.40,109.65,107.65,108.95,75150,3207600
20210428,10:17,108.90,108.90,105.90,107.85,104400,3212100
20210428,10:18,107.75,109.10,107.75,108.65,130425,3212100
20210428,10:19,108.75,108.90,103.65,104.10,230700,3212100
20210428,10:20,103.60,106.15,101.30,106.00,207375,3307875
20210428,10:21,106.00,106.35,103.30,103.95,77400,3307875
20210428,10:22,104.10,104.80,103.10,103.65,45900,3307875
20210428,10:23,103.60,105.30,102.70,104.25,73200,3331275
20210428,10:24,104.00,104.30,100.15,102.00,202950,3331275
20210428,10:25,102.05,103.40,101.60,102.40,71400,3331275
20210428,10:26,102.25,103.75,100.85,101.00,121875,3376575
20210428,10:27,101.00,101.10,96.90,97.65,226350,3376575
20210428,10:28,97.60,100.20,97.60,99.75,142275,3376575
20210428,10:29,99.60,99.85,98.15,99.00,78825,3413325
20210428,10:30,99.10,99.50,96.30,99.30,138825,3413325
20210428,10:31,100.15,103.50,100.15,103.35,188775,3413325
20210428,10:32,103.25,106.80,103.00,105.20,191400,3406125
20210428,10:33,105.50,106.00,103.30,103.85,146025,3406125
20210428,10:34,104.35,106.45,104.00,105.65,95850,3406125
20210428,10:35,105.95,106.40,104.25,104.60,75975,3417000
20210428,10:36,104.50,107.45,104.20,106.90,113325,3417000
20210428,10:37,107.10,108.15,106.05,106.20,156450,3417000
20210428,10:38,106.05,107.95,105.65,107.60,62550,3420225
20210428,10:39,107.80,108.55,106.35,107.00,97050,3420225
20210428,10:40,106.80,108.45,106.40,107.10,79875,3420225
20210428,10:41,107.25,108.25,107.20,107.40,64875,3430275
20210428,10:42,107.15,114.45,107.15,113.30,348300,3430275
20210428,10:43,113.75,116.70,113.15,115.60,380925,3430275
20210428,10:44,115.40,117.50,114.70,116.90,250050,3335550
20210428,10:45,117.80,120.50,117.00,117.35,415800,3335550
20210428,10:46,117.00,117.90,116.50,116.70,115800,3335550
20210428,10:47,117.00,118.20,116.05,118.20,179475,3249150
20210428,10:48,118.10,119.70,118.10,118.75,232650,3249150
20210428,10:49,119.15,121.00,118.35,118.45,179325,3249150
20210428,10:50,118.80,119.40,115.30,115.70,177900,3244500
20210428,10:51,115.35,115.75,114.20,115.50,139950,3244500
20210428,10:52,115.55,117.50,115.50,117.50,104925,3244500
20210428,10:53,117.75,117.90,116.00,117.80,59625,3281250
20210428,10:54,117.80,119.60,117.60,118.65,122100,3281250
20210428,10:55,118.90,119.85,118.25,118.25,95850,3281250
20210428,10:56,118.55,119.15,116.85,117.40,86475,3314550
20210428,10:57,116.80,117.95,116.00,117.20,61650,3314550
20210428,10:58,117.55,118.00,116.60,117.15,51075,3314550
20210428,10:59,117.50,118.40,116.60,117.25,62175,3331650
20210428,11:00,117.00,119.90,116.80,117.10,122175,3331650
20210428,11:01,116.60,117.50,115.40,116.35,103275,3331650
20210428,11:02,116.15,117.85,115.85,115.85,71850,3359550
20210428,11:03,116.50,116.90,114.80,116.35,91575,3359550
20210428,11:04,116.30,117.95,116.20,117.40,77850,3359550
20210428,11:05,117.55,119.00,117.20,118.15,93975,3320100
20210428,11:06,118.40,118.40,116.65,117.75,38925,3320100
20210428,11:07,117.35,121.80,117.35,121.40,224100,3320100
20210428,11:08,121.95,122.80,121.30,121.55,204750,3257700
20210428,11:09,122.00,123.00,120.70,121.00,132075,3257700
20210428,11:10,121.15,122.00,120.00,120.65,92100,3257700
20210428,11:11,120.65,121.00,117.65,118.25,83625,3242775
20210428,11:12,118.30,119.45,118.20,118.60,44400,3242775
20210428,11:13,118.60,118.60,117.20,117.25,68175,3242775
20210428,11:14,117.90,118.15,116.55,116.75,65700,3256875
20210428,11:15,116.90,116.95,114.50,115.15,86850,3256875
20210428,11:16,115.30,116.40,115.00,115.85,51975,3256875
20210428,11:17,115.40,117.10,114.50,116.40,67650,3254925
20210428,11:18,116.80,118.90,116.75,117.40,75600,3254925
20210428,11:19,117.75,119.30,117.65,119.25,60825,3254925
20210428,11:20,119.20,120.90,119.20,119.50,82725,3254925
20210428,11:21,119.85,120.55,118.50,119.40,57225,3282300
20210428,11:22,119.45,120.50,119.25,120.10,45525,3282300
20210428,11:23,119.95,122.00,119.95,120.00,89025,3282300
20210428,11:24,120.15,120.65,117.30,117.45,69150,3268050
20210428,11:25,117.80,117.80,116.05,116.50,66375,3268050
20210428,11:26,116.85,119.75,116.40,119.55,46650,3268050
20210428,11:27,119.55,120.45,118.50,119.50,66300,3261975
20210428,11:28,119.55,119.55,117.50,118.00,28650,3261975
20210428,11:29,118.10,118.10,115.10,115.20,73575,3261975
20210428,11:30,116.10,116.15,114.10,114.60,116475,3253875
20210428,11:31,113.45,115.30,113.40,115.00,86400,3253875
20210428,11:32,114.85,115.95,114.10,115.95,44025,3253875
20210428,11:33,116.20,118.70,116.20,117.40,82425,3259050
20210428,11:34,117.30,118.55,117.00,118.20,35400,3259050
20210428,11:35,118.00,118.20,115.15,115.15,50775,3259050
20210428,11:36,115.40,117.20,114.75,116.65,40425,3263850
20210428,11:37,116.75,117.25,115.60,116.55,26775,3263850
20210428,11:38,116.55,116.70,114.00,114.75,44475,3263850
20210428,11:39,114.75,116.00,114.75,115.90,29625,3266925
20210428,11:40,115.10,115.75,112.75,113.45,102675,3266925
20210428,11:41,113.05,117.60,113.05,117.00,72975,3266925
20210428,11:42,116.85,117.90,116.15,117.00,43725,3268125
20210428,11:43,116.70,117.75,116.20,116.30,70200,3268125
20210428,11:44,116.30,117.20,116.30,116.70,23475,3268125
20210428,11:45,116.60,119.00,116.40,116.95,71100,3250125
20210428,11:46,117.00,118.75,117.00,118.20,41775,3250125
20210428,11:47,118.60,121.45,118.05,121.15,141975,3250125
20210428,11:48,121.30,123.80,121.30,121.70,218625,3203925
20210428,11:49,122.20,123.00,120.50,121.00,94500,3203925
20210428,11:50,120.85,122.40,120.75,120.75,65250,3203925
20210428,11:51,120.65,121.00,119.60,120.45,62550,3191925
20210428,11:52,120.30,121.35,120.10,120.50,62250,3191925
20210428,11:53,120.55,120.90,118.55,119.45,54225,3191925
20210428,11:54,119.30,121.00,119.30,120.90,42675,3182475
20210428,11:55,120.90,122.35,120.80,121.55,89400,3182475
20210428,11:56,121.55,123.45,121.30,122.85,114375,3182475
20210428,11:57,123.10,123.50,121.25,121.25,68700,3172275
20210428,11:58,121.25,122.70,120.70,121.55,43125,3172275
20210428,11:59,121.45,122.60,121.45,122.10,19950,3172275
20210428,12:00,121.90,122.75,121.25,121.25,60975,3160125
20210428,12:01,121.60,122.00,118.70,118.70,51075,3160125
20210428,12:02,118.50,118.80,117.25,118.30,77850,3160125
20210428,12:03,118.50,119.25,117.50,117.50,40500,3157950
20210428,12:04,117.20,119.70,117.20,118.65,53850,3157950
20210428,12:05,118.55,119.90,118.50,119.60,43800,3157950
20210428,12:06,119.50,125.90,119.50,125.05,223275,3157350
20210428,12:07,125.45,127.80,124.00,126.60,197550,3157350
20210428,12:08,126.30,128.00,126.00,127.70,103275,3157350
20210428,12:09,127.90,128.95,126.30,127.20,85875,3036900
20210428,12:10,126.90,129.90,126.90,127.50,160500,3036900
20210428,12:11,127.55,130.00,127.55,128.85,116550,3036900
20210428,12:12,129.00,129.05,127.45,128.70,81000,2960025
20210428,12:13,129.00,132.90,129.00,131.00,253275,2960025
20210428,12:14,131.00,132.00,130.00,130.45,98475,2960025
20210428,12:15,130.35,131.05,126.70,127.15,138975,2888250
20210428,12:16,127.30,128.95,126.15,126.15,67800,2888250
20210428,12:17,125.95,128.80,125.95,128.45,72150,2888250
20210428,12:18,128.70,129.55,127.90,128.60,57375,2843625
20210428,12:19,128.80,136.20,128.80,134.70,224625,2843625
20210428,12:20,134.55,150.70,134.55,145.65,427050,2843625
20210428,12:21,145.00,146.70,143.00,143.85,178125,2708250
20210428,12:22,145.10,146.40,144.05,146.25,116550,2708250
20210428,12:23,146.10,147.30,143.40,146.45,121425,2708250
20210428,12:24,146.60,156.85,146.60,154.65,221550,2608650
20210428,12:25,156.50,162.25,154.75,155.55,230100,2608650
20210428,12:26,155.70,157.60,150.00,150.10,177075,2608650
20210428,12:27,149.95,155.00,149.55,153.60,112725,2561700
20210428,12:28,154.35,154.90,152.00,154.20,68100,2561700
20210428,12:29,154.30,159.35,154.30,157.25,130575,2561700
20210428,12:30,158.50,159.80,156.45,156.50,108600,2530950
20210428,12:31,157.50,159.80,156.55,159.65,83325,2530950
20210428,12:32,160.00,160.80,154.40,156.30,123750,2530950
20210428,12:33,156.95,157.30,155.05,155.85,84900,2493075
20210428,12:34,155.20,156.10,153.40,153.40,65025,2493075
20210428,12:35,152.95,153.20,150.75,153.20,61800,2493075
20210428,12:36,153.70,158.30,153.00,157.90,56325,2480700
20210428,12:37,157.40,158.75,157.25,157.75,53325,2480700
20210428,12:38,158.40,158.60,155.60,155.60,37050,2480700
20210428,12:39,156.00,156.50,154.00,156.15,32175,2470350
20210428,12:40,156.60,162.90,156.60,162.00,142125,2470350
20210428,12:41,161.95,163.80,161.15,162.65,96750,2470350
20210428,12:42,162.80,164.80,162.15,163.30,86850,2453625
20210428,12:43,163.40,167.40,163.40,163.65,149625,2453625
20210428,12:44,163.60,165.55,162.05,163.40,63900,2453625
20210428,12:45,163.50,165.20,162.40,163.95,55800,2436600
20210428,12:46,164.40,164.70,162.00,162.40,62775,2436600
20210428,12:47,162.00,163.70,161.65,161.90,36150,2436600
20210428,12:48,161.85,164.85,160.10,164.85,67500,2425050
20210428,12:49,164.95,168.80,164.60,167.80,111525,2425050
20210428,12:50,168.80,171.15,166.20,167.15,126000,2425050
20210428,12:51,167.50,168.30,164.95,165.00,68625,2385525
20210428,12:52,165.50,166.65,164.05,166.00,65400,2385525
20210428,12:53,166.10,168.20,164.85,167.40,45075,2385525
20210428,12:54,167.55,173.00,166.85,171.90,105450,2367825
20210428,12:55,171.25,171.85,167.40,168.85,75975,2367825
20210428,12:56,169.00,172.80,168.95,170.85,54675,2367825
20210428,12:57,170.70,171.55,169.30,169.95,58725,2367450
20210428,12:58,169.60,171.00,168.45,171.00,39975,2367450
20210428,12:59,170.95,174.55,170.60,171.30,82650,2367450
20210428,13:00,171.65,172.15,167.45,168.50,107550,2365275
20210428,13:01,167.35,167.65,163.85,166.45,102075,2365275
20210428,13:02,166.95,170.95,166.80,167.40,36900,2365275
20210428,13:03,167.95,169.00,165.00,166.20,35025,2329950
20210428,13:04,166.45,169.20,165.50,169.10,24150,2329950
20210428,13:05,168.50,174.10,168.50,173.55,121425,2329950
20210428,13:06,173.80,177.40,173.80,176.00,137025,2295450
20210428,13:07,175.65,176.05,172.35,173.25,40800,2295450
20210428,13:08,173.30,175.20,173.25,174.30,28350,2295450
20210428,13:09,175.35,176.50,174.15,174.60,26400,2279625
20210428,13:10,174.85,176.10,171.50,172.10,62925,2279625
20210428,13:11,172.65,181.00,172.50,180.10,102825,2279625
20210428,13:12,179.00,184.80,179.00,182.35,122550,2259600
20210428,13:13,182.00,188.40,181.80,186.15,67275,2259600
20210428,13:14,186.20,191.00,186.20,189.45,106050,2259600
20210428,13:15,192.00,194.70,189.85,194.70,85125,2231550
20210428,13:16,195.25,195.45,188.40,188.80,93525,2231550
20210428,13:17,189.30,190.55,187.30,187.90,70425,2231550
20210428,13:18,188.15,193.30,188.15,193.25,44550,2203875
20210428,13:19,192.85,192.95,190.05,191.40,48825,2203875
20210428,13:20,190.80,194.25,189.75,189.80,77625,2203875
20210428,13:21,190.30,193.85,190.25,191.75,26250,2189475
20210428,13:22,191.00,192.45,189.20,189.35,45825,2189475
20210428,13:23,189.40,190.05,186.20,188.20,40275,2189475
20210428,13:24,187.45,192.60,187.20,187.20,61800,2186925
20210428,13:25,186.80,187.35,170.00,170.00,170700,2186925
20210428,13:26,171.75,174.40,167.05,169.40,119925,2186925
20210428,13:27,169.35,178.00,169.35,173.95,65400,2153250
20210428,13:28,173.65,181.55,173.65,180.50,46800,2153250
20210428,13:29,180.05,183.85,179.60,180.80,40575,2153250
20210428,13:30,179.95,180.55,175.05,176.25,35550,2149875
20210428,13:31,176.60,183.35,175.65,183.35,41925,2149875
20210428,13:32,184.70,184.90,180.60,181.50,45750,2149875
20210428,13:33,183.00,185.55,181.05,181.50,60225,2156775
20210428,13:34,181.60,183.50,179.35,181.80,50325,2156775
20210428,13:35,182.10,183.50,179.65,180.00,33300,2156775
20210428,13:36,180.25,181.60,174.80,175.00,46125,2157600
20210428,13:37,175.50,177.85,172.95,176.25,46275,2157600
20210428,13:38,176.15,177.00,173.65,174.40,31725,2157600
20210428,13:39,174.60,179.30,174.60,177.40,29550,2163375
20210428,13:40,177.60,179.00,176.00,178.00,18525,2163375
20210428,13:41,177.90,178.20,173.50,174.70,26550,2163375
20210428,13:42,174.90,177.65,174.40,176.00,22200,2158275
20210428,13:43,176.60,176.60,172.65,174.00,24225,2158275
20210428,13:44,174.40,176.10,171.90,174.85,31350,2158275
20210428,13:45,174.20,176.25,169.05,169.05,41550,2159775
20210428,13:46,169.00,171.30,168.00,169.40,64125,2159775
20210428,13:47,168.60,173.70,165.50,172.90,76350,2159775
20210428,13:48,172.05,172.05,167.40,169.20,19575,2144175
20210428,13:49,168.95,169.95,165.60,167.80,36150,2144175
20210428,13:50,166.70,169.45,165.10,169.25,38100,2144175
20210428,13:51,168.90,182.55,168.90,182.55,144600,2154975
20210428,13:52,182.85,185.35,180.40,181.35,115875,2154975
20210428,13:53,181.85,185.55,181.85,184.00,63750,2154975
20210428,13:54,183.85,185.30,182.40,183.60,67200,2145300
20210428,13:55,183.05,184.30,180.85,183.50,46950,2145300
20210428,13:56,184.05,191.30,183.95,189.85,113850,2145300
20210428,13:57,190.00,196.00,188.75,196.00,99675,2112525
20210428,13:58,194.55,194.55,190.60,190.60,46575,2112525
20210428,13:59,190.45,194.80,190.25,193.75,44550,2112525
20210428,14:00,194.35,194.45,191.80,192.45,39525,2110875
20210428,14:01,193.00,193.55,186.15,186.70,45900,2110875
20210428,14:02,185.50,186.40,181.40,183.35,72150,2110875
20210428,14:03,183.65,185.00,180.50,180.60,48600,2103975
20210428,14:04,180.55,187.65,180.55,187.65,36975,2103975
20210428,14:05,187.25,191.50,186.70,190.20,51075,2103975
20210428,14:06,190.10,192.30,187.65,188.00,49425,2103075
20210428,14:07,187.85,190.00,185.95,188.10,18825,2103075
20210428,14:08,188.55,188.55,185.55,187.75,13575,2103075
20210428,14:09,188.25,190.00,186.75,187.20,17475,2086200
20210428,14:10,187.40,191.80,187.15,190.00,33150,2086200
20210428,14:11,190.05,195.60,189.95,194.05,56475,2086200
20210428,14:12,195.00,195.25,192.65,195.20,30000,2066250
20210428,14:13,194.25,194.45,190.60,191.55,32625,2066250
20210428,14:14,192.15,192.30,190.40,192.10,24825,2066250
20210428,14:15,192.00,192.50,187.20,187.20,46725,2066475
20210428,14:16,188.30,202.00,188.30,200.20,113775,2066475
20210428,14:17,199.55,201.25,198.10,199.50,81450,2066475
20210428,14:18,199.50,202.60,198.05,200.85,59325,2040900
20210428,14:19,201.75,202.70,198.80,199.80,50025,2040900
20210428,14:20,199.40,201.60,197.25,201.60,50475,2040900
20210428,14:21,201.25,208.00,200.70,204.00,97125,2012100
20210428,14:22,204.65,205.25,202.15,203.50,37725,2012100
20210428,14:23,203.10,204.00,199.70,201.00,51375,2012100
20210428,14:24,201.40,202.50,198.70,200.85,61575,1990725
20210428,14:25,202.00,204.50,201.10,201.55,32175,1990725
20210428,14:26,200.90,202.90,200.05,201.65,17850,1990725
20210428,14:27,200.90,201.65,198.75,199.70,28350,1972725
20210428,14:28,199.20,199.75,195.30,198.20,39975,1972725
20210428,14:29,198.45,200.10,196.30,199.95,28350,1972725
20210428,14:30,199.85,200.25,195.20,197.15,33000,1964700
20210428,14:31,196.45,197.55,194.45,194.45,35325,1964700
20210428,14:32,194.25,195.35,191.60,194.00,53550,1964700
20210428,14:33,193.70,194.20,188.10,188.80,50325,1939500
20210428,14:34,188.65,194.40,187.00,194.15,36675,1939500
20210428,14:35,194.45,199.95,194.40,198.50,65700,1939500
20210428,14:36,198.40,201.00,198.00,201.00,58650,1920375
20210428,14:37,200.20,201.35,196.20,196.95,55500,1920375
20210428,14:38,196.95,196.95,192.85,194.00,39525,1920375
20210428,14:39,194.00,194.00,191.30,192.00,41550,1877625
20210428,14:40,191.20,192.15,188.05,191.05,31050,1877625
20210428,14:41,190.60,196.15,190.60,192.95,37425,1877625
20210428,14:42,193.50,194.50,188.00,188.60,22125,1865925
20210428,14:43,188.10,193.50,186.60,193.50,44175,1865925
20210428,14:44,193.30,193.50,190.00,192.85,13950,1865925
20210428,14:45,192.25,192.80,188.00,188.00,17775,1851750
20210428,14:46,188.90,193.70,186.90,190.10,47100,1851750
20210428,14:47,190.00,191.15,187.60,188.95,28275,1851750
20210428,14:48,188.90,188.90,182.00,182.75,63750,1837800
20210428,14:49,181.95,187.85,181.95,186.20,41700,1837800
20210428,14:50,186.70,193.55,186.70,192.05,49125,1837800
20210428,14:51,192.00,194.00,190.30,190.75,36525,1829175
20210428,14:52,191.15,191.45,188.55,190.60,25575,1829175
20210428,14:53,189.75,191.30,187.70,190.10,16650,1829175
20210428,14:54,188.95,191.60,188.85,191.15,12225,1828200
20210428,14:55,190.50,193.65,189.55,193.65,31050,1828200
20210428,14:56,193.50,197.10,193.25,196.10,61500,1828200
20210428,14:57,195.15,197.00,194.60,195.35,16125,1805775
20210428,14:58,195.25,196.85,192.80,194.80,39300,1805775
20210428,14:59,194.00,194.00,190.15,191.50,34875,1805775
20210428,15:00,191.00,196.25,189.90,192.05,41175,1803075
20210428,15:01,191.60,191.90,188.35,190.45,48900,1803075
20210428,15:02,190.35,191.05,186.00,190.40,41850,1803075
20210428,15:03,190.15,195.15,189.40,193.35,41475,1778700
20210428,15:04,193.55,196.00,191.45,195.30,43125,1778700
20210428,15:05,195.80,195.80,192.00,193.80,35925,1778700
20210428,15:06,193.45,193.45,189.75,191.75,36675,1760175
20210428,15:07,191.05,192.95,189.75,190.55,32625,1760175
20210428,15:08,191.80,193.15,190.60,192.05,30225,1760175
20210428,15:09,192.05,192.30,189.15,190.25,23325,1757550
20210428,15:10,190.00,190.00,182.95,185.15,111600,1757550
20210428,15:11,184.70,185.60,178.00,178.00,57900,1757550
20210428,15:12,178.50,181.25,176.65,180.70,60375,1757550
20210428,15:13,179.60,183.00,178.65,182.65,33000,1701450
20210428,15:14,182.00,182.15,177.40,178.45,53175,1701450
20210428,15:15,177.90,180.00,176.95,177.35,36675,1701450
20210428,15:16,177.15,178.55,175.35,176.65,35925,1695375
20210428,15:17,177.60,178.20,176.05,176.95,29325,1695375
20210428,15:18,176.90,176.90,172.00,172.15,48675,1695375
20210428,15:19,172.00,179.00,172.00,177.10,24600,1668150
20210428,15:20,178.00,178.40,175.10,175.15,28125,1668150
20210428,15:21,174.45,178.20,174.45,175.95,29550,1668150
20210428,15:22,176.10,176.40,172.65,173.15,37800,1652025
20210428,15:23,173.70,175.50,172.60,174.20,34050,1652025
20210428,15:24,174.00,175.40,173.95,175.10,26700,1652025
20210428,15:25,175.10,177.65,174.80,174.80,60600,1634625
20210428,15:26,175.05,175.10,172.35,172.35,50325,1634625
20210428,15:27,173.15,173.15,172.35,172.75,18375,1634625
20210428,15:28,172.35,172.55,169.10,170.00,77625,1612650
20210428,15:29,169.90,169.90,167.95,169.00,95775,1612650
20210428,15:30,167.40,167.40,167.40,167.40,75,1612650
20210429,09:15,215.00,300.00,215.00,298.25,80852,1481475
20210429,09:16,297.70,318.55,297.70,317.55,107775,1481475
20210429,09:17,317.45,325.95,317.45,324.40,33675,1457625
20210429,09:18,323.00,325.00,317.00,321.65,46575,1457625
20210429,09:19,321.45,330.10,320.65,328.10,25500,1457625
20210429,09:20,330.15,337.50,329.00,334.85,19350,1449675
20210429,09:21,334.80,334.95,328.70,329.75,30150,1449675
20210429,09:22,328.15,335.75,326.30,334.60,19275,1449675
20210429,09:23,335.30,336.00,328.50,333.70,26175,1426500
20210429,09:24,332.00,334.00,330.80,333.70,11325,1426500
20210429,09:25,332.50,333.60,330.50,333.35,10575,1426500
20210429,09:26,331.85,332.35,326.30,326.30,19875,1405275
20210429,09:27,326.40,327.85,318.85,321.00,17475,1405275
20210429,09:28,322.00,323.40,310.85,310.85,27900,1405275
20210429,09:29,311.65,319.10,311.60,316.45,17925,1389525
20210429,09:30,315.10,325.40,315.10,322.55,11850,1389525
20210429,09:31,321.70,324.20,320.00,323.15,8700,1389525
20210429,09:32,322.40,324.30,318.70,321.70,7875,1379025
20210429,09:33,322.00,329.00,321.05,327.05,5925,1379025
20210429,09:34,328.20,328.20,324.00,324.50,4725,1379025
20210429,09:35,322.65,328.00,322.65,326.35,10575,1375200
20210429,09:36,326.35,331.00,326.35,329.95,11025,1375200
20210429,09:37,328.85,331.20,326.60,329.00,9150,1375200
20210429,09:38,329.70,329.70,326.15,328.60,6675,1366950
20210429,09:39,328.15,328.50,325.00,326.60,2550,1366950
20210429,09:40,325.75,327.75,323.15,327.35,4050,1366950
20210429,09:41,327.60,329.00,323.10,325.85,2175,1368600
20210429,09:42,324.70,324.75,314.05,317.55,12750,1368600
20210429,09:43,317.70,317.70,312.20,313.35,7125,1368600
20210429,09:44,313.60,316.85,310.10,310.10,4050,1358175
20210429,09:45,309.80,317.50,307.00,315.70,5850,1358175
20210429,09:46,315.30,315.30,294.70,296.00,19875,1358175
20210429,09:47,295.20,295.20,265.05,265.05,27600,1354275
20210429,09:48,263.65,279.25,256.05,265.05,27075,1354275
20210429,09:49,265.30,265.80,253.70,263.15,22950,1354275
20210429,09:50,263.90,271.70,254.00,255.90,15300,1355325
20210429,09:51,255.00,264.00,253.85,259.50,13800,1355325
20210429,09:52,260.90,269.65,260.05,264.00,18600,1355325
20210429,09:53,263.00,266.85,258.40,264.55,14700,1361925
20210429,09:54,264.20,264.20,250.60,253.80,11700,1361925
20210429,09:55,253.50,253.50,231.15,231.15,81975,1361925
20210429,09:56,231.50,240.60,224.70,224.70,54525,1352625
20210429,09:57,221.10,230.85,220.25,227.00,53250,1352625
20210429,09:58,226.00,230.45,221.90,224.50,39975,1352625
20210429,09:59,224.80,233.45,219.55,231.55,17250,1343925
20210429,10:00,233.60,233.60,212.40,222.35,49050,1343925
20210429,10:01,222.70,230.05,216.10,218.15,19650,1343925
20210429,10:02,218.30,221.55,214.65,219.50,28725,1343175
20210429,10:03,219.05,225.90,217.50,225.90,17775,1343175
20210429,10:04,223.75,247.50,221.20,247.50,40950,1343175
20210429,10:05,247.15,250.60,240.00,250.20,65475,1332000
20210429,10:06,252.60,253.90,246.30,247.30,22950,1332000
20210429,10:07,247.65,250.30,243.95,249.75,6075,1332000
20210429,10:08,251.40,251.40,243.40,243.40,9000,1317150
20210429,10:09,243.85,243.85,219.60,220.65,25350,1317150
20210429,10:10,219.55,228.15,217.95,223.40,16050,1317150
20210429,10:11,223.15,231.35,222.40,225.70,9075,1315275
20210429,10:12,223.95,227.80,223.30,227.00,6600,1315275
20210429,10:13,226.45,237.10,226.45,230.00,15750,1315275
20210429,10:14,228.00,228.80,224.75,228.55,4125,1316625
20210429,10:15,229.00,230.15,217.20,220.95,17025,1316625
20210429,10:16,219.00,228.40,219.00,224.00,7275,1316625
20210429,10:17,224.35,230.90,221.65,221.65,11100,1332150
20210429,10:18,223.75,229.55,223.40,227.00,2025,1332150
20210429,10:19,225.70,226.15,220.00,224.50,3225,1332150
20210429,10:20,226.40,240.70,226.40,235.80,15975,1334700
20210429,10:21,236.60,236.60,228.45,229.50,4500,1334700
20210429,10:22,228.50,232.85,222.90,223.15,7200,1334700
20210429,10:23,223.40,230.80,223.40,227.80,6450,1332300
20210429,10:24,227.95,231.55,226.45,231.55,1500,1332300
20210429,10:25,230.65,234.55,227.25,233.50,6600,1332300
20210429,10:26,230.10,234.15,222.45,226.00,13875,1321950
20210429,10:27,225.50,227.10,223.40,225.00,3750,1321950
20210429,10:28,224.60,225.00,222.75,225.00,1575,1321950
20210429,10:29,225.00,226.00,219.80,221.00,6525,1304325
20210429,10:30,219.25,223.15,216.10,223.15,10950,1304325
20210429,10:31,222.50,228.85,222.00,223.80,5325,1304325
20210429,10:32,223.05,228.00,221.05,228.00,3675,1266900
20210429,10:33,228.05,228.05,222.00,225.00,5700,1266900
20210429,10:34,223.20,225.25,221.05,223.60,10800,1266900
20210429,10:35,223.45,226.00,223.10,223.20,26850,1267050
20210429,10:36,222.30,222.30,195.00,195.75,87450,1267050
20210429,10:37,195.55,202.20,190.90,190.90,27750,1267050
20210429,10:38,190.40,195.35,187.65,194.40,18825,1265775
20210429,10:39,193.15,194.80,182.85,185.90,26325,1265775
20210429,10:40,181.65,181.65,170.00,176.15,38925,1265775
20210429,10:41,175.95,188.25,175.60,186.00,33450,1265100
20210429,10:42,185.45,190.90,184.30,184.30,21975,1265100
20210429,10:43,184.05,186.45,178.55,182.95,10350,1265100
20210429,10:44,183.30,183.30,177.65,177.65,14175,1270200
20210429,10:45,178.55,178.60,169.50,178.60,20625,1270200
20210429,10:46,179.05,182.45,179.05,181.85,12525,1270200
20210429,10:47,182.15,182.15,174.25,176.00,6600,1283850
20210429,10:48,175.70,175.70,161.20,164.95,32250,1283850
20210429,10:49,165.00,168.70,155.00,156.95,48975,1283850
20210429,10:50,156.75,156.80,147.15,148.00,43050,1294350
20210429,10:51,146.65,155.30,145.45,153.40,37800,1294350
20210429,10:52,152.95,152.95,143.65,146.00,33975,1294350
20210429,10:53,146.70,148.15,134.00,135.55,42225,1302600
20210429,10:54,135.90,144.25,134.15,143.15,57675,1302600
20210429,10:55,144.00,156.75,143.80,156.70,71925,1302600
20210429,10:56,156.00,163.70,155.10,158.90,61875,1220925
20210429,10:57,157.10,157.25,146.75,152.75,33225,1220925
20210429,10:58,151.65,159.65,151.65,158.20,30450,1220925
20210429,10:59,158.30,158.70,150.35,152.00,19425,1220925
20210429,11:00,152.10,158.60,150.90,158.60,10050,1220775
20210429,11:01,157.60,162.60,156.75,156.75,18750,1220775
20210429,11:02,155.75,162.25,155.20,162.25,12600,1220775
20210429,11:03,162.50,162.50,145.80,145.80,29625,1220775
20210429,11:04,147.30,147.30,137.15,140.00,40200,1220775
20210429,11:05,138.75,145.65,137.95,142.45,39525,1220775
20210429,11:06,142.80,146.30,138.70,141.05,20775,1231650
20210429,11:07,141.00,146.10,141.00,141.75,14925,1231650
20210429,11:08,142.05,146.60,140.85,143.00,11625,1231650
20210429,11:09,143.15,143.15,138.30,142.05,25275,1235850
20210429,11:10,142.40,154.55,142.40,154.55,55125,1235850
20210429,11:11,154.55,156.00,147.45,150.75,26775,1235850
20210429,11:12,151.55,152.25,145.00,151.25,24975,1237950
20210429,11:13,151.10,151.10,146.00,151.00,8925,1237950
20210429,11:14,151.40,155.50,148.55,153.05,22350,1237950
20210429,11:15,152.30,158.25,149.35,154.25,32175,1224150
20210429,11:16,154.40,171.45,154.40,171.20,46125,1224150
20210429,11:17,170.25,182.15,169.30,175.25,57825,1224150
20210429,11:18,175.35,185.00,173.35,181.75,44025,1215075
20210429,11:19,183.20,185.00,176.55,184.95,26625,1215075
20210429,11:20,184.75,186.60,176.50,178.70,28050,1215075
20210429,11:21,178.55,199.70,178.55,197.50,49500,1210650
20210429,11:22,196.95,205.15,196.95,199.30,41700,1210650
20210429,11:23,198.10,202.50,194.75,196.75,40725,1210650
20210429,11:24,197.40,208.75,197.40,203.00,16725,1212450
20210429,11:25,202.35,204.00,195.30,200.00,14400,1212450
20210429,11:26,199.10,213.30,198.00,212.20,21825,1212450
20210429,11:27,213.00,233.10,213.00,219.60,94575,1211700
20210429,11:28,219.45,219.45,207.00,207.00,93375,1211700
20210429,11:29,205.70,206.55,197.00,197.00,66525,1211700
20210429,11:30,196.35,196.35,171.70,179.05,51000,1217625
20210429,11:31,178.50,189.95,177.85,188.80,43350,1217625
20210429,11:32,189.00,195.55,187.10,187.10,18975,1217625
20210429,11:33,186.85,193.75,186.15,192.35,15450,1216500
20210429,11:34,192.50,192.50,186.40,191.00,12525,1216500
20210429,11:35,191.00,205.85,190.05,192.00,31725,1216500
20210429,11:36,191.95,199.90,191.95,193.35,12450,1200975
20210429,11:37,194.35,194.90,177.90,181.65,25875,1200975
20210429,11:38,181.60,188.60,179.80,185.55,11775,1200975
20210429,11:39,186.50,188.60,181.15,182.00,8700,1201575
20210429,11:40,181.20,192.00,177.15,189.55,30975,1201575
20210429,11:41,188.80,188.85,181.00,185.50,15150,1201575
20210429,11:42,183.35,190.90,182.50,186.25,14700,1184700
20210429,11:43,188.00,193.65,188.00,193.00,17700,1184700
20210429,11:44,192.85,196.75,187.70,196.75,12450,1184700
20210429,11:45,195.75,199.50,195.00,199.50,34650,1192800
20210429,11:46,200.00,206.70,198.80,199.20,16425,1192800
20210429,11:47,197.70,198.35,192.60,194.10,13200,1192800
20210429,11:48,194.00,201.25,190.25,199.15,7725,1177800
20210429,11:49,199.80,202.00,198.00,200.05,10275,1177800
20210429,11:50,199.75,206.95,198.80,206.95,22725,1177800
20210429,11:51,208.00,213.50,205.65,213.50,27825,1098825
20210429,11:52,217.15,217.15,206.90,206.90,24300,1098825
20210429,11:53,208.10,216.00,205.95,214.85,10050,1098825
20210429,11:54,213.75,214.60,206.60,208.95,10050,1075800
20210429,11:55,208.75,215.45,208.00,208.85,5700,1075800
20210429,11:56,210.10,211.00,206.35,207.60,7875,1075800
20210429,11:57,209.75,209.75,193.00,196.95,32700,1076250
20210429,11:58,195.50,200.25,195.40,197.00,12900,1076250
20210429,11:59,196.75,197.55,179.75,186.05,25200,1076250
20210429,12:00,184.50,191.40,179.50,181.65,15750,1067175
20210429,12:01,182.20,191.20,177.95,191.20,20325,1067175
20210429,12:02,191.20,197.35,190.80,192.25,21675,1067175
20210429,12:03,193.00,197.45,192.50,193.75,6750,1068825
20210429,12:04,194.25,194.25,190.60,194.25,5025,1068825
20210429,12:05,196.85,207.00,196.00,207.00,15150,1068825
20210429,12:06,207.40,207.40,199.75,200.20,12375,1066275
20210429,12:07,202.80,207.65,202.80,206.00,9900,1066275
20210429,12:08,205.10,205.70,200.50,203.10,5700,1066275
20210429,12:09,202.95,204.20,198.00,203.75,15150,1055025
20210429,12:10,203.75,205.00,194.05,197.75,15675,1055025
20210429,12:11,198.10,200.50,197.15,199.70,4650,1055025
20210429,12:12,199.20,201.05,192.00,192.05,16500,1049100
20210429,12:13,193.20,196.60,192.75,192.75,16800,1049100
20210429,12:14,193.75,210.00,193.75,208.45,26250,1049100
20210429,12:15,209.75,215.00,199.75,200.00,22650,1042650
20210429,12:16,200.55,208.25,200.55,204.00,5925,1042650
20210429,12:17,204.60,207.00,201.30,201.30,6600,1042650
20210429,12:18,201.65,202.30,197.45,202.30,5775,1038225
20210429,12:19,202.75,202.75,198.75,198.75,5625,1038225
20210429,12:20,200.00,206.90,200.00,206.90,4500,1038225
20210429,12:21,206.25,206.25,199.65,201.50,5475,1037550
20210429,12:22,198.55,199.00,189.90,194.50,21000,1037550
20210429,12:23,195.65,200.75,195.65,199.25,9825,1037550
20210429,12:24,200.00,203.95,197.95,199.70,7725,1037250
20210429,12:25,201.75,201.75,196.00,198.00,19425,1037250
20210429,12:26,200.20,206.25,200.20,206.25,17925,1037250
20210429,12:27,205.00,211.00,204.00,210.15,13200,1032075
20210429,12:28,209.85,209.85,201.65,201.65,6975,1032075
20210429,12:29,201.00,213.75,201.00,212.65,9375,1032075
20210429,12:30,214.20,214.60,205.30,210.35,15375,1032750
20210429,12:31,211.75,211.75,207.05,211.50,13500,1032750
20210429,12:32,211.85,219.65,197.75,200.75,26250,1032750
20210429,12:33,201.40,209.75,201.40,208.00,11625,1017975
20210429,12:34,210.00,218.50,209.90,215.10,24450,1017975
20210429,12:35,212.40,213.05,207.45,211.50,8625,1017975
20210429,12:36,210.55,215.00,208.30,210.30,7275,1016925
20210429,12:37,209.10,210.00,205.95,207.00,9300,1016925
20210429,12:38,205.20,209.00,203.55,203.55,13500,1016925
20210429,12:39,202.40,206.00,200.10,200.85,13350,1017000
20210429,12:40,199.45,206.65,199.45,204.50,11775,1017000
20210429,12:41,207.00,210.00,205.00,210.00,5925,1017000
20210429,12:42,210.00,210.00,206.40,208.00,7125,1013700
20210429,12:43,208.75,209.30,206.00,208.80,4200,1013700
20210429,12:44,208.35,210.85,206.00,206.00,4575,1013700
20210429,12:45,206.10,215.55,203.30,211.25,21000,1006500
20210429,12:46,211.05,212.25,206.30,206.30,11625,1006500
20210429,12:47,205.00,206.30,199.50,205.15,10725,1006500
20210429,12:48,205.75,212.20,203.85,208.75,8100,1001850
20210429,12:49,210.00,214.05,208.75,212.00,9300,1001850
20210429,12:50,213.50,217.00,210.95,210.95,16500,1001850
20210429,12:51,213.15,241.90,213.15,241.90,43200,996975
20210429,12:52,241.65,241.75,233.00,237.05,18975,996975
20210429,12:53,238.05,240.40,233.70,238.15,19425,996975
20210429,12:54,238.20,243.50,236.60,241.25,19350,998400
20210429,12:55,241.60,241.75,229.40,231.00,14100,998400
20210429,12:56,232.25,237.85,232.25,235.00,5700,998400
20210429,12:57,234.90,235.55,231.40,235.55,6150,997575
20210429,12:58,236.05,238.85,233.55,233.70,9000,997575
20210429,12:59,233.70,236.25,233.00,235.25,5475,997575
20210429,13:00,235.00,241.00,234.20,237.90,11475,989025
20210429,13:01,239.35,242.45,237.90,241.00,8550,989025
20210429,13:02,241.25,241.25,236.75,237.40,6300,989025
20210429,13:03,238.20,242.20,237.70,240.50,6225,978450
20210429,13:04,240.50,247.95,240.25,244.60,15225,978450
20210429,13:05,244.70,254.95,244.70,253.70,25725,978450
20210429,13:06,252.60,253.25,245.80,247.25,19650,979350
20210429,13:07,246.70,252.60,246.70,250.05,9000,979350
20210429,13:08,251.00,253.00,248.25,252.50,7200,979350
20210429,13:09,252.55,255.00,249.00,249.25,6825,976350
20210429,13:10,248.00,248.00,234.10,237.50,17925,976350
20210429,13:11,236.05,236.90,203.45,203.85,27375,976350
20210429,13:12,202.00,217.35,201.30,216.00,20250,974700
20210429,13:13,216.00,226.00,216.00,220.45,13200,974700
20210429,13:14,219.00,219.00,205.15,213.00,17625,974700
20210429,13:15,213.50,222.00,212.10,219.30,8625,970500
20210429,13:16,219.60,222.50,216.70,218.05,5025,970500
20210429,13:17,220.00,226.90,219.70,222.05,8850,970500
20210429,13:18,223.80,228.00,220.85,226.95,5475,957600
20210429,13:19,226.30,232.50,226.30,231.40,18000,957600
20210429,13:20,230.00,245.65,226.50,245.00,24150,957600
20210429,13:21,243.00,249.75,240.75,242.15,11175,956700
20210429,13:22,244.10,245.10,240.10,244.05,6675,956700
20210429,13:23,244.00,245.00,232.25,239.65,15225,956700
20210429,13:24,237.85,238.55,229.00,234.00,9675,955725
20210429,13:25,235.50,241.85,234.05,237.50,4500,955725
20210429,13:26,237.75,241.00,233.50,238.75,4200,955725
20210429,13:27,240.05,241.00,234.75,235.75,5250,949725
20210429,13:28,235.85,240.60,235.00,239.00,3000,949725
20210429,13:29,239.15,239.15,236.10,238.35,5625,949725
20210429,13:30,237.20,242.75,231.30,242.05,15975,964725
20210429,13:31,242.80,249.00,241.00,241.00,9450,964725
20210429,13:32,242.10,243.30,231.70,238.00,5625,964725
20210429,13:33,240.25,245.35,240.00,241.00,3675,963300
20210429,13:34,242.25,243.75,237.85,238.20,6600,963300
20210429,13:35,240.00,240.55,236.00,239.65,4350,963300
20210429,13:36,240.40,241.50,236.50,237.90,1800,957375
20210429,13:37,237.50,242.10,233.65,242.10,4500,957375
20210429,13:38,241.15,243.20,240.00,240.35,2250,957375
20210429,13:39,238.90,241.05,238.80,239.30,3450,954150
20210429,13:40,239.00,248.35,237.55,246.35,9300,954150
20210429,13:41,247.55,247.55,239.45,240.30,6750,954150
20210429,13:42,240.90,255.75,240.90,255.60,13575,954675
20210429,13:43,256.55,261.75,250.00,252.45,16425,954675
20210429,13:44,252.45,252.45,246.00,246.00,5250,954675
20210429,13:45,241.00,241.00,214.95,237.65,45675,952200
20210429,13:46,235.40,242.10,225.00,228.40,11100,952200
20210429,13:47,227.75,232.10,220.35,224.05,10050,952200
20210429,13:48,224.80,232.00,220.80,229.60,3375,950025
20210429,13:49,230.20,232.05,226.60,226.60,12675,950025
20210429,13:50,227.60,232.20,222.00,229.40,4350,950025
20210429,13:51,229.75,230.25,226.30,226.30,1350,945300
20210429,13:52,228.00,236.00,228.00,230.75,3750,945300
20210429,13:53,232.90,233.00,228.00,232.50,4875,945300
20210429,13:54,233.00,233.00,226.15,226.65,3375,939975
20210429,13:55,225.15,225.80,219.90,224.20,6075,939975
20210429,13:56,222.00,222.00,201.25,208.15,16800,939975
20210429,13:57,209.45,215.00,195.25,196.60,19800,942150
20210429,13:58,197.95,209.70,196.70,207.00,7050,942150
20210429,13:59,207.15,207.15,186.80,193.65,19125,942150
20210429,14:00,189.80,197.75,189.00,195.45,14550,939450
20210429,14:01,196.95,203.95,181.90,182.95,44175,939450
20210429,14:02,182.30,188.45,181.35,184.55,19125,939450
20210429,14:03,185.00,195.15,183.85,183.85,29325,938625
20210429,14:04,182.05,184.30,177.70,182.85,25500,938625
20210429,14:05,182.70,191.20,178.90,182.20,19950,938625
20210429,14:06,181.25,190.40,179.25,186.10,30000,942075
20210429,14:07,186.20,186.20,172.40,179.60,20475,942075
20210429,14:08,178.80,186.75,178.80,186.30,14700,942075
20210429,14:09,185.15,188.10,184.40,187.35,5400,937875
20210429,14:10,186.00,216.30,181.00,216.30,25650,937875
20210429,14:11,213.85,219.30,204.65,209.50,15150,937875
20210429,14:12,208.85,211.45,203.45,206.05,7800,940800
20210429,14:13,206.60,207.45,203.15,207.40,6600,940800
20210429,14:14,207.50,210.00,202.00,202.20,5325,940800
20210429,14:15,202.70,202.70,193.45,196.05,6225,934350
20210429,14:16,194.90,196.55,182.30,193.05,8850,934350
20210429,14:17,193.40,202.00,191.60,195.15,5325,934350
20210429,14:18,198.10,207.80,198.00,204.55,11400,941850
20210429,14:19,205.80,210.60,204.80,207.75,5700,941850
20210429,14:20,208.90,213.30,208.00,208.00,7575,941850
20210429,14:21,207.75,207.75,194.70,198.05,9225,944025
20210429,14:22,198.05,205.85,196.40,202.65,8475,944025
20210429,14:23,201.75,206.90,201.75,205.90,11475,944025
20210429,14:24,204.20,209.15,204.20,208.15,6375,938250
20210429,14:25,206.15,217.50,206.15,211.00,27075,938250
20210429,14:26,212.30,216.10,206.15,206.15,11925,938250
20210429,14:27,202.40,205.00,201.00,203.90,2625,938550
20210429,14:28,204.60,216.30,204.60,214.50,5925,938550
20210429,14:29,213.00,213.35,205.50,207.35,4050,938550
20210429,14:30,208.20,209.80,201.10,204.25,3150,938550
20210429,14:31,202.90,208.00,202.00,207.00,4350,933000
20210429,14:32,207.60,207.60,191.70,199.75,9000,933000
20210429,14:33,199.60,199.60,194.00,194.00,5250,929475
20210429,14:34,195.45,204.20,195.45,202.35,6450,929475
20210429,14:35,203.15,207.00,202.35,204.25,7350,929475
20210429,14:36,203.10,221.85,203.10,221.85,19350,926775
20210429,14:37,219.75,226.55,215.85,226.55,14175,926775
20210429,14:38,224.50,224.50,216.00,219.50,26025,926775
20210429,14:39,220.40,222.30,216.00,218.60,7800,932400
20210429,14:40,217.10,221.55,214.55,215.00,4425,932400
20210429,14:41,212.50,213.75,203.10,213.75,16200,932400
20210429,14:42,212.30,214.55,207.85,213.05,4350,932400
20210429,14:43,211.70,214.20,208.00,208.60,3825,932400
20210429,14:44,211.00,211.35,206.45,209.15,5025,932400
20210429,14:45,206.15,207.15,196.30,199.00,9000,927000
20210429,14:46,201.35,215.65,201.35,215.15,9675,927000
20210429,14:47,215.10,216.00,208.00,208.00,4425,927000
20210429,14:48,206.60,212.90,203.75,211.60,6375,923775
20210429,14:49,211.85,219.35,211.65,217.00,13050,923775
20210429,14:50,219.00,219.00,211.55,216.00,10650,923775
20210429,14:51,215.15,218.00,212.00,212.70,7575,917700
20210429,14:52,212.00,215.05,212.00,214.35,3450,917700
20210429,14:53,213.00,217.10,208.00,214.00,9150,917700
20210429,14:54,214.50,215.20,210.55,215.20,6150,906600
20210429,14:55,216.05,216.05,200.10,200.10,13500,906600
20210429,14:56,200.00,204.05,177.50,199.30,58275,906600
20210429,14:57,198.00,205.85,196.10,204.15,17775,906600
20210429,14:58,205.00,206.65,199.10,204.15,11775,901575
20210429,14:59,203.50,215.00,203.50,208.00,11625,901575
20210429,15:00,203.85,210.40,193.35,210.15,23850,901575
20210429,15:01,208.00,211.80,201.90,206.00,21675,899025
20210429,15:02,208.50,213.00,206.35,209.45,23400,899025
20210429,15:03,208.70,218.10,208.70,217.95,22050,899025
20210429,15:04,218.00,225.35,214.95,216.00,45750,897300
20210429,15:05,215.95,215.95,203.90,207.00,20775,897300
20210429,15:06,206.85,207.00,200.40,202.55,23625,897300
20210429,15:07,202.80,208.15,202.80,205.65,11325,890775
20210429,15:08,205.65,207.55,203.60,203.85,11475,890775
20210429,15:09,205.00,205.50,200.00,200.40,22200,890775
20210429,15:10,201.25,205.10,197.60,199.05,21000,880425
20210429,15:11,199.50,200.90,195.30,200.15,19575,880425
20210429,15:12,200.95,201.95,196.45,196.75,25575,880425
20210429,15:13,197.30,197.85,195.65,196.00,9525,873825
20210429,15:14,196.00,198.90,195.65,197.05,6900,873825
20210429,15:15,197.70,199.75,196.15,196.60,22350,873825
20210429,15:16,196.45,197.70,195.25,196.40,16275,871275
20210429,15:17,196.30,196.30,192.70,193.80,31425,871275
20210429,15:18,194.85,196.35,193.60,195.00,10950,871275
20210429,15:19,195.15,196.40,194.80,195.80,9900,858300
20210429,15:20,195.20,196.15,194.30,194.80,15675,858300
20210429,15:21,194.60,195.35,192.45,192.45,30075,858300
20210429,15:22,192.75,194.00,191.90,194.00,14100,830025
20210429,15:23,194.00,194.75,193.35,194.00,10350,830025
20210429,15:24,193.60,194.65,193.60,194.65,3900,830025
20210429,15:25,194.30,195.20,193.95,195.20,22950,811575
20210429,15:26,195.15,195.20,194.50,194.50,7800,811575
20210429,15:27,194.80,194.80,194.00,194.70,6750,811575
20210429,15:28,194.50,194.80,194.20,194.80,14775,789900
20210429,15:29,194.55,195.25,194.55,195.25,12525,789900
