20211117,09:20,1683.05,1683.05,1683.05,1683.05,26,25
20211118,10:13,1630.95,1630.95,1630.95,1630.95,26,25
20211118,10:36,1556.05,1556.05,1556.05,1556.05,25,25
20211118,10:53,1541.45,1541.45,1541.45,1541.45,25,25
20211118,11:47,1519.40,1519.40,1519.40,1519.40,25,50
20211118,12:20,1517.15,1517.15,1517.15,1517.15,25,75
20211118,12:24,1505.75,1505.75,1505.75,1505.75,50,75
20211118,12:34,1513.95,1513.95,1513.95,1513.95,25,100
20211118,12:39,1518.85,1518.85,1518.85,1518.85,25,125
20211118,13:00,1515.50,1515.50,1515.50,1515.50,25,150
20211118,13:07,1549.55,1549.55,1549.55,1549.55,25,175
20211118,13:26,1611.25,1611.25,1611.25,1611.25,25,150
20211118,14:56,1616.20,1616.20,1616.20,1616.20,25,175
20211122,09:28,1421.65,1421.65,1421.65,1421.65,26,175
20211122,09:39,1403.75,1403.75,1403.75,1403.75,25,175
20211122,09:57,1403.75,1504.40,1403.75,1504.40,200,175
20211122,09:58,1329.65,1329.65,1329.65,1329.65,25,175
20211122,10:21,1356.80,1356.80,1356.80,1356.80,50,225
20211122,10:30,1286.50,1286.50,1286.50,1286.50,25,225
20211122,10:36,1264.25,1264.25,1264.25,1264.25,25,225
20211122,11:11,1227.25,1227.25,1227.25,1227.25,25,250
20211122,11:12,1183.00,1183.00,1183.00,1183.00,25,275
20211122,11:18,1183.00,1183.00,1183.00,1183.00,25,275
20211122,11:25,1183.00,1183.00,1183.00,1183.00,25,275
20211122,11:26,1195.40,1195.40,1195.40,1195.40,25,275
20211122,11:28,1180.90,1180.90,1180.90,1180.90,25,300
20211122,11:31,1180.90,1180.90,1180.90,1180.90,25,350
20211122,11:35,1166.05,1166.05,1166.05,1166.05,25,375
20211122,12:05,1098.35,1098.35,1098.35,1098.35,25,375
20211122,12:08,1058.00,1058.00,1058.00,1058.00,25,400
20211122,12:09,1036.95,1036.95,1036.95,1036.95,25,400
20211122,12:10,1012.05,1060.00,1012.05,1054.65,150,425
20211122,12:11,1052.00,1052.00,1052.00,1052.00,25,425
20211122,12:13,1060.00,1060.00,1047.05,1047.05,75,550
20211122,12:16,1050.00,1062.00,1050.00,1062.00,100,575
20211122,12:17,1045.05,1045.05,1045.05,1045.05,50,575
20211122,12:19,1045.05,1045.05,1032.20,1033.05,125,675
20211122,12:20,1025.00,1025.00,1025.00,1025.00,25,675
20211122,12:21,1028.45,1028.45,1028.45,1028.45,50,675
20211122,12:22,1059.60,1059.60,1050.05,1050.05,50,825
20211122,12:23,1054.95,1054.95,1042.15,1042.15,50,825
20211122,12:24,1048.05,1048.05,1048.05,1048.05,50,875
20211122,12:25,1049.00,1049.00,1049.00,1049.00,25,875
20211122,12:26,1036.05,1051.20,1036.05,1051.20,50,875
20211122,12:27,1062.80,1062.80,1046.05,1046.05,100,900
20211122,12:30,1058.90,1069.00,1058.90,1069.00,150,950
20211122,12:32,1069.00,1069.00,1069.00,1069.00,125,950
20211122,12:33,1059.95,1059.95,1047.50,1047.50,50,1100
20211122,12:35,1057.95,1057.95,1045.00,1045.00,275,1100
20211122,12:36,1045.00,1045.00,1045.00,1045.00,50,1100
20211122,12:37,1054.95,1054.95,1054.95,1054.95,25,1225
20211122,12:38,1048.95,1048.95,1048.95,1048.95,25,1225
20211122,12:39,1048.95,1048.95,1048.95,1048.95,150,1225
20211122,12:40,1063.90,1063.90,1063.90,1063.90,25,1275
20211122,12:41,1077.05,1087.00,1072.50,1087.00,175,1275
20211122,12:45,1075.40,1075.40,1075.40,1075.40,50,1225
20211122,12:46,1062.25,1062.25,1060.00,1060.00,50,1175
20211122,12:51,1090.00,1090.00,1090.00,1090.00,25,1175
20211122,12:53,1083.90,1083.90,1083.90,1083.90,50,1175
20211122,12:55,1060.00,1060.00,1060.00,1060.00,50,1200
20211122,12:57,1065.80,1065.80,1065.80,1065.80,25,1225
20211122,13:00,1073.65,1074.65,1073.65,1074.65,150,1250
20211122,13:01,1081.75,1085.55,1081.75,1085.55,75,1250
20211122,13:03,1097.75,1097.75,1097.75,1097.75,50,1275
20211122,13:04,1105.00,1105.00,1105.00,1105.00,50,1275
20211122,13:06,1089.85,1089.85,1089.85,1089.85,50,1275
20211122,13:11,1083.10,1083.10,1083.10,1083.10,50,1200
20211122,13:13,1090.00,1090.00,1090.00,1090.00,25,1225
20211122,13:16,1052.75,1052.75,1052.75,1052.75,125,1225
20211122,13:18,1036.95,1036.95,1036.95,1036.95,25,1225
20211122,13:20,1036.20,1036.20,1036.20,1036.20,25,1350
20211122,13:23,1021.00,1021.00,1021.00,1021.00,25,1350
20211122,13:25,1000.00,1000.00,1000.00,1000.00,50,1375
20211122,13:26,1015.00,1015.00,1005.45,1005.45,75,1375
20211122,13:27,1006.00,1010.55,1006.00,1010.55,50,1475
20211122,13:28,1015.95,1015.95,1015.95,1015.95,25,1475
20211122,13:29,1010.00,1010.00,1003.90,1003.90,50,1475
20211122,13:30,990.00,990.00,990.00,990.00,50,1500
20211122,13:32,970.00,1004.20,970.00,1004.20,100,1500
20211122,13:33,999.70,999.70,999.70,999.70,25,1500
20211122,13:39,999.70,999.70,997.90,997.90,50,1600
20211122,13:40,1008.00,1011.30,1008.00,1011.30,50,1600
20211122,13:41,1017.30,1017.30,1012.00,1012.00,75,1600
20211122,13:42,1007.00,1007.00,995.90,995.90,50,1600
20211122,13:43,995.90,995.90,995.90,995.90,25,1775
20211122,13:46,998.00,998.00,998.00,998.00,25,1800
20211122,13:48,1022.80,1022.80,1010.95,1010.95,50,1800
20211122,13:50,1023.20,1023.20,1022.60,1022.60,50,1850
20211122,13:51,1006.65,1006.65,1004.30,1004.30,50,1850
20211122,13:53,1002.65,1002.65,1002.65,1002.65,25,1850
20211122,13:55,1010.00,1010.00,1010.00,1010.00,25,1850
20211122,13:56,1014.45,1014.45,1000.00,1000.00,50,1850
20211122,14:01,1028.00,1028.00,1005.70,1005.70,50,1900
20211122,14:03,1003.25,1004.20,1003.25,1004.20,50,1900
20211122,14:06,987.55,987.55,987.55,987.55,50,1900
20211122,14:09,1014.95,1014.95,1014.95,1014.95,25,1900
20211122,14:10,1005.85,1005.85,1005.85,1005.85,75,1900
20211122,14:11,997.10,997.10,997.10,997.10,125,1900
20211122,14:13,988.00,990.00,988.00,990.00,75,1975
20211122,14:16,960.05,960.05,960.05,960.05,50,2000
20211122,14:17,942.00,942.00,942.00,942.00,25,2000
20211122,14:18,930.00,930.00,930.00,930.00,75,2050
20211122,14:19,924.85,924.85,908.15,908.15,125,2050
20211122,14:20,900.00,900.00,900.00,900.00,75,2050
20211122,14:22,900.00,900.00,900.00,900.00,25,2050
20211122,14:23,919.15,919.15,918.75,918.75,100,1975
20211122,14:24,924.00,927.30,924.00,927.30,50,2025
20211122,14:25,909.70,909.70,900.00,900.00,50,2025
20211122,14:27,887.00,887.00,887.00,887.00,25,2025
20211122,14:28,887.00,887.00,887.00,887.00,25,2025
20211122,14:29,888.90,888.90,870.30,870.30,225,2025
20211122,14:30,870.30,870.30,870.00,870.00,50,2025
20211122,14:31,850.55,850.55,850.00,850.00,50,1925
20211122,14:32,841.10,841.10,828.85,837.10,100,1925
20211122,14:34,858.85,858.85,858.85,858.85,25,1800
20211122,14:35,873.75,873.75,870.75,870.75,150,1800
20211122,14:36,870.75,870.75,870.75,870.75,25,1800
20211122,14:37,875.00,875.95,875.00,875.95,50,1825
20211122,14:38,868.95,868.95,868.95,868.95,25,1825
20211122,14:40,944.10,944.10,944.10,944.10,1225,1900
20211122,14:41,977.70,977.70,914.50,916.00,2725,1900
20211122,14:42,906.05,936.00,906.05,932.80,75,5250
20211122,14:43,928.30,928.30,920.60,920.60,525,5250
20211122,14:44,927.15,942.25,927.15,934.55,175,5250
20211122,14:45,929.30,929.30,917.65,921.65,225,5250
20211122,14:46,933.25,933.25,928.40,928.40,125,5250
20211122,14:47,936.80,936.80,926.00,926.00,75,5250
20211122,14:48,926.10,932.90,925.45,932.90,75,5300
20211122,14:49,930.10,950.00,922.70,944.35,400,5300
20211122,14:50,936.20,936.20,934.60,934.60,50,5300
20211122,14:51,918.70,925.50,908.60,908.60,475,5225
20211122,14:52,908.00,908.00,890.80,899.00,1275,5225
20211122,14:53,895.95,907.05,895.95,905.10,275,5225
20211122,14:54,906.85,914.50,902.95,902.95,250,6300
20211122,14:55,911.35,911.35,908.65,908.65,50,6300
20211122,14:56,925.85,925.85,925.85,925.85,25,6300
20211122,14:58,917.05,917.05,911.60,911.60,2350,6325
20211122,14:59,929.90,929.90,928.25,928.25,100,6325
20211122,15:00,934.55,937.00,924.95,936.60,925,6325
20211122,15:01,970.05,975.15,970.05,975.15,700,7975
20211122,15:02,975.20,975.20,961.25,967.05,300,7975
20211122,15:03,961.25,961.25,945.50,945.50,325,7975
20211122,15:05,971.90,971.90,971.90,971.90,25,8550
20211122,15:06,984.75,984.75,981.70,981.70,125,8550
20211122,15:08,988.55,989.25,981.85,981.85,150,8600
20211122,15:09,996.25,1005.00,996.25,1005.00,175,8600
20211122,15:11,1013.50,1034.90,1013.50,1034.90,200,8550
20211122,15:12,1029.20,1029.20,1029.20,1029.20,50,8550
20211122,15:13,1032.60,1032.60,1025.85,1025.85,125,8550
20211122,15:14,1000.80,1000.80,1000.80,1000.80,25,8550
20211122,15:15,1025.40,1040.00,1025.40,1040.00,175,8550
20211122,15:16,1040.00,1061.35,1040.00,1047.70,125,8475
20211122,15:17,1050.40,1060.00,1044.05,1044.05,150,8475
20211122,15:18,1042.10,1043.65,1042.10,1043.65,50,8475
20211122,15:19,1035.00,1043.00,1035.00,1043.00,75,8250
20211122,15:24,1066.55,1074.00,1066.55,1074.00,225,8200
20211122,15:25,1084.00,1084.00,1084.00,1084.00,50,8300
20211122,15:26,1081.25,1087.45,1081.25,1087.45,100,8300
20211122,15:27,1069.80,1069.80,1069.80,1069.80,25,8300
20211122,15:29,1069.95,1085.05,1059.40,1059.40,475,8275
20211123,09:15,948.35,948.35,863.75,863.75,252,8325
20211123,09:16,885.60,885.60,885.60,885.60,125,8325
20211123,09:17,948.70,948.70,948.70,948.70,100,8375
20211123,09:18,881.05,881.05,874.95,874.95,75,8375
20211123,09:19,871.05,871.05,871.05,871.05,50,8375
20211123,09:20,867.60,881.50,867.60,881.50,125,8400
20211123,09:21,865.30,865.30,852.60,852.60,125,8400
20211123,09:23,826.95,836.95,826.95,836.95,100,8375
20211123,09:24,879.20,879.20,879.20,879.20,25,8375
20211123,09:25,894.50,894.50,894.50,894.50,25,8375
20211123,09:26,882.85,905.90,877.95,905.90,75,8325
20211123,09:27,914.45,919.00,914.45,919.00,75,8325
20211123,09:28,916.10,984.10,916.10,984.10,175,8325
20211123,09:29,998.15,1010.65,967.45,979.00,625,8350
20211123,09:30,1006.05,1016.35,994.00,1016.35,1425,8350
20211123,09:31,1016.35,1016.35,986.80,994.30,150,8350
20211123,09:32,1004.80,1024.05,1004.80,1010.75,875,6750
20211123,09:33,1006.85,1006.85,984.40,984.40,375,6750
20211123,09:34,981.00,1001.75,968.20,1001.75,225,6750
20211123,09:35,1015.40,1024.50,1015.40,1024.50,150,6775
20211123,09:36,1023.25,1030.20,1023.25,1029.60,475,6775
20211123,09:40,1028.00,1042.80,1026.65,1026.65,150,6775
20211123,09:41,1030.00,1030.00,1030.00,1030.00,25,6775
20211123,09:42,1050.00,1050.00,1050.00,1050.00,200,6775
20211123,09:43,1042.70,1042.70,1027.60,1036.15,100,6775
20211123,09:44,1028.15,1034.90,1028.00,1028.00,225,6575
20211123,09:45,1036.20,1047.95,1036.20,1047.95,150,6575
20211123,09:46,1043.95,1043.95,1043.95,1043.95,25,6575
20211123,09:47,1028.00,1032.85,1028.00,1032.85,200,6325
20211123,09:48,1022.80,1022.80,1022.80,1022.80,25,6325
20211123,09:50,1022.35,1022.35,1010.70,1010.70,125,6300
20211123,09:51,1012.25,1012.25,1012.25,1012.25,25,6300
20211123,09:52,1028.70,1060.05,1028.70,1060.05,75,6300
20211123,09:53,1060.05,1060.05,1060.05,1060.05,25,6300
20211123,09:54,1042.25,1042.25,1042.25,1042.25,25,6300
20211123,09:55,1059.35,1063.45,1059.35,1063.45,175,6300
20211123,09:56,1053.00,1053.00,1053.00,1053.00,50,6325
20211123,09:57,1060.95,1060.95,1053.00,1053.00,50,6325
20211123,10:00,1053.00,1053.00,1053.00,1053.00,25,6300
20211123,10:02,1066.10,1070.00,1066.10,1070.00,125,6300
20211123,10:03,1070.00,1070.00,1050.70,1050.70,50,6300
20211123,10:06,1050.70,1055.00,1044.90,1044.90,100,6225
20211123,10:07,1052.15,1052.15,1049.70,1049.70,75,6225
20211123,10:09,1042.15,1042.15,1042.15,1042.15,50,6225
20211123,10:10,1010.70,1023.25,1007.55,1023.25,75,6225
20211123,10:12,990.00,990.00,986.00,986.00,75,6225
20211123,10:13,972.90,979.00,972.90,979.00,50,6225
20211123,10:15,995.00,995.00,972.00,975.40,75,6275
20211123,10:16,994.95,994.95,994.95,994.95,25,6275
20211123,10:17,995.00,1009.45,995.00,1000.45,75,6300
20211123,10:18,1001.50,1001.50,1001.50,1001.50,25,6300
20211123,10:19,976.40,976.40,976.40,976.40,25,6300
20211123,10:20,984.75,984.75,984.75,984.75,50,6300
20211123,10:23,1014.00,1014.00,1014.00,1014.00,500,6325
20211123,10:24,1009.50,1013.65,1009.50,1013.65,525,6325
20211123,10:25,1011.65,1011.65,1011.65,1011.65,75,6325
20211123,10:29,1024.75,1024.75,1024.75,1024.75,150,6400
20211123,10:30,1033.55,1033.55,1033.55,1033.55,25,6500
20211123,10:31,1040.70,1041.95,1040.70,1041.95,50,6500
20211123,10:33,1037.65,1037.65,1037.65,1037.65,50,6475
20211123,10:41,1037.60,1037.60,1037.60,1037.60,25,6500
20211123,10:42,1021.90,1026.05,1021.90,1026.05,50,6525
20211123,10:46,1002.35,1002.35,1002.35,1002.35,50,6500
20211123,10:47,986.15,986.15,986.15,986.15,75,6500
20211123,10:48,962.80,962.80,944.15,944.15,150,6525
20211123,10:49,955.00,955.00,955.00,955.00,25,6525
20211123,10:50,950.00,950.00,950.00,950.00,25,6525
20211123,10:54,950.00,950.00,950.00,950.00,25,6450
20211123,10:55,954.70,954.70,954.70,954.70,25,6450
20211123,10:57,968.25,968.25,966.00,966.00,50,6475
20211123,10:58,937.00,937.00,937.00,937.00,50,6475
20211123,10:59,928.35,933.80,928.35,933.80,75,6475
20211123,11:00,936.60,936.60,928.10,928.10,50,6575
20211123,11:08,964.00,964.00,964.00,964.00,300,6575
20211123,11:10,958.20,958.20,944.80,944.80,175,6475
20211123,11:11,947.10,947.10,947.10,947.10,25,6475
20211123,11:15,935.00,935.00,935.00,935.00,25,6525
20211123,11:17,938.50,938.50,938.50,938.50,25,6525
20211123,11:20,950.00,950.00,950.00,950.00,25,6575
20211123,11:25,932.00,932.00,932.00,932.00,25,6600
20211123,11:28,955.00,999.00,955.00,999.00,175,6625
20211123,11:29,1024.45,1024.45,1024.45,1024.45,50,6625
20211123,11:30,1028.25,1028.25,1006.45,1012.65,1350,6625
20211123,11:31,1022.85,1029.60,1020.10,1020.10,175,6625
20211123,11:32,1028.20,1033.40,1025.90,1033.40,1400,6625
20211123,11:33,1033.45,1044.65,1027.45,1044.65,275,6675
20211123,11:34,1055.00,1055.00,1051.40,1051.40,50,6675
20211123,11:36,1031.60,1031.60,1031.60,1031.60,25,6475
20211123,11:37,1031.60,1031.60,1031.60,1031.60,25,6475
20211123,11:38,1024.85,1024.85,1024.85,1024.85,50,6475
20211123,11:42,1024.85,1024.85,1024.85,1024.85,50,6475
20211123,11:44,1022.40,1022.40,1022.40,1022.40,25,6575
20211123,11:45,1027.15,1032.30,1027.15,1032.30,150,6450
20211123,11:53,1006.50,1006.50,1006.50,1006.50,50,6550
20211123,11:57,1025.95,1029.95,1025.95,1029.95,75,6550
20211123,12:03,1043.75,1043.75,1043.75,1043.75,25,6575
20211123,12:05,1050.00,1050.00,1050.00,1050.00,50,6575
20211123,12:06,1050.00,1050.00,1050.00,1050.00,1150,6575
20211123,12:07,1070.00,1070.00,1070.00,1070.00,1300,6425
20211123,12:09,1080.00,1080.00,1080.00,1080.00,1025,6100
20211123,12:10,1085.00,1088.35,1085.00,1088.35,375,6100
20211123,12:18,1046.65,1046.65,1046.65,1046.65,25,3275
20211123,12:19,1044.50,1044.50,1044.50,1044.50,25,3275
20211123,12:22,1015.75,1015.75,1015.75,1015.75,25,3300
20211123,12:23,993.30,993.30,990.95,990.95,50,3300
20211123,12:24,985.00,985.00,985.00,985.00,25,3325
20211123,12:26,998.95,998.95,998.95,998.95,25,3325
20211123,12:27,1007.10,1007.10,1007.10,1007.10,25,3375
20211123,12:30,975.00,975.00,975.00,975.00,25,3375
20211123,12:31,1012.30,1012.30,1009.05,1009.05,50,3350
20211123,12:36,982.00,982.00,982.00,982.00,25,3350
20211123,12:38,992.75,992.75,992.75,992.75,25,3350
20211123,12:43,979.20,979.20,979.20,979.20,25,3350
20211123,12:45,980.00,980.00,980.00,980.00,25,3350
20211123,12:50,969.05,976.20,967.10,976.20,225,3400
20211123,12:51,967.00,980.00,967.00,980.00,100,3600
20211123,12:52,987.10,987.10,980.85,980.85,225,3600
20211123,12:53,983.70,989.70,979.00,979.00,300,3600
20211123,12:54,988.00,988.00,973.70,978.00,325,3850
20211123,12:55,977.55,983.90,974.60,976.60,225,3850
20211123,12:56,982.50,982.50,973.55,973.65,200,3850
20211123,12:57,984.00,994.60,984.00,994.60,125,4050
20211123,12:58,989.80,993.10,989.80,993.10,100,4050
20211123,12:59,989.00,1004.45,989.00,1004.45,75,4050
20211123,13:00,993.15,1007.90,993.15,1007.90,75,4050
20211123,13:01,990.00,990.00,990.00,990.00,25,4300
20211123,13:02,975.05,975.05,973.15,973.15,150,4300
20211123,13:03,971.85,973.00,967.30,973.00,225,4425
20211123,13:04,962.15,970.00,962.15,970.00,50,4425
20211123,13:06,960.00,960.00,960.00,960.00,25,4475
20211123,13:07,960.00,962.85,960.00,962.85,75,4475
20211123,13:08,960.00,960.00,955.60,955.60,50,4475
20211123,13:09,947.20,955.00,947.20,955.00,50,4450
20211123,13:10,951.75,951.75,940.05,940.05,100,4450
20211123,13:11,955.50,955.50,955.50,955.50,25,4450
20211123,13:13,956.00,956.45,954.65,954.65,100,4475
20211123,13:14,959.80,959.80,959.35,959.35,50,4475
20211123,13:15,961.00,961.00,961.00,961.00,25,4550
20211123,13:16,959.35,959.85,959.35,959.85,75,4550
20211123,13:18,952.00,955.00,952.00,955.00,300,4650
20211123,13:21,943.55,987.00,943.55,987.00,100,4650
20211123,13:22,999.95,1003.60,995.00,995.25,150,4650
20211123,13:23,993.05,993.05,993.05,993.05,100,4650
20211123,13:24,1000.70,1000.70,997.95,997.95,75,4650
20211123,13:25,996.95,996.95,996.95,996.95,25,4700
20211123,13:26,1012.50,1012.50,1012.50,1012.50,25,4700
20211123,13:27,999.85,999.85,999.85,999.85,25,4700
20211123,13:28,1010.00,1010.00,1010.00,1010.00,50,4850
20211123,13:30,1026.10,1026.10,1013.75,1013.75,125,4850
20211123,13:32,1023.10,1023.10,1023.10,1023.10,50,4850
20211123,13:34,1023.10,1023.10,1023.10,1023.10,25,4750
20211123,13:35,1025.10,1025.10,1025.10,1025.10,50,4750
20211123,13:37,1024.00,1024.00,1024.00,1024.00,25,4775
20211123,13:40,1050.05,1050.05,1050.05,1050.05,25,4725
20211123,13:41,1050.00,1050.00,1050.00,1050.00,50,4725
20211123,13:42,1050.00,1050.00,1045.15,1045.15,50,4725
20211123,13:43,1029.25,1029.25,1029.25,1029.25,100,4725
20211123,13:44,1036.60,1036.60,1036.60,1036.60,25,4725
20211123,13:45,1038.35,1038.35,1038.35,1038.35,25,4725
20211123,13:47,1033.15,1033.15,1033.15,1033.15,25,4700
20211123,13:48,1046.25,1046.25,1046.25,1046.25,25,4700
20211123,13:53,1098.00,1098.00,1098.00,1098.00,50,4675
20211123,13:54,1098.00,1098.00,1098.00,1098.00,25,4675
20211123,13:56,1077.95,1077.95,1077.95,1077.95,50,4600
20211123,13:57,1057.30,1057.30,1057.30,1057.30,25,4550
20211123,13:58,1034.05,1036.55,1034.05,1036.55,50,4550
20211123,13:59,1036.55,1036.55,1036.55,1036.55,25,4550
20211123,14:00,1007.95,1007.95,1007.95,1007.95,25,4550
20211123,14:01,1016.65,1018.75,1016.65,1018.75,50,4525
20211123,14:04,1028.35,1028.35,1028.35,1028.35,25,4575
20211123,14:10,1070.95,1070.95,1070.95,1070.95,50,4575
20211123,14:11,1071.00,1080.00,1071.00,1080.00,75,4575
20211123,14:14,1094.40,1094.40,1094.40,1094.40,25,4625
20211123,14:15,1083.40,1083.40,1082.40,1082.40,50,4650
20211123,14:16,1092.00,1092.00,1092.00,1092.00,100,4650
20211123,14:17,1074.80,1122.00,1074.80,1122.00,150,4650
20211123,14:18,1130.00,1130.00,1130.00,1130.00,25,4650
20211123,14:19,1130.00,1136.00,1130.00,1136.00,50,4700
20211123,14:21,1143.30,1152.00,1143.30,1152.00,125,4600
20211123,14:22,1152.00,1152.00,1150.00,1150.00,125,4600
20211123,14:23,1136.05,1136.05,1136.05,1136.05,50,4600
20211123,14:24,1117.00,1117.00,1117.00,1117.00,25,4600
20211123,14:25,1107.00,1107.00,1107.00,1107.00,125,4575
20211123,14:27,1100.00,1100.00,1100.00,1100.00,50,4575
20211123,14:28,1077.00,1077.00,1077.00,1077.00,100,4575
20211123,14:37,1098.15,1098.15,1091.00,1091.00,50,4575
20211123,14:38,1090.00,1090.00,1090.00,1090.00,100,4575
20211123,14:40,1091.65,1091.65,1091.65,1091.65,25,4525
20211123,14:41,1063.85,1064.25,1063.85,1064.25,50,4525
20211123,14:45,1089.50,1089.50,1089.50,1089.50,25,4550
20211123,14:53,1116.15,1116.15,1116.15,1116.15,25,4575
20211123,14:55,1095.30,1095.30,1095.30,1095.30,25,4575
20211123,14:59,1074.00,1074.00,1074.00,1074.00,25,4575
20211123,15:00,1052.00,1052.00,1041.05,1041.05,75,4575
20211123,15:01,1041.05,1041.05,1041.05,1041.05,25,4625
20211123,15:02,1043.65,1043.65,1043.65,1043.65,25,4625
20211123,15:03,1039.45,1039.45,1039.45,1039.45,25,4625
20211123,15:07,1067.60,1067.60,1060.85,1060.85,50,4575
20211123,15:09,1060.85,1060.85,1060.85,1060.85,25,4575
20211123,15:12,1060.00,1060.00,1047.60,1047.60,100,4625
20211123,15:15,1059.00,1059.00,1059.00,1059.00,25,4625
20211123,15:17,1049.15,1049.15,1049.15,1049.15,50,4550
20211123,15:19,1053.00,1053.00,1053.00,1053.00,25,4525
20211123,15:20,1044.25,1044.25,1041.15,1041.15,50,4525
20211123,15:21,1041.20,1043.05,1041.20,1043.05,50,4525
20211123,15:22,1035.95,1035.95,1035.95,1035.95,50,4525
20211123,15:24,1038.30,1038.30,1038.30,1038.30,25,4525
20211123,15:25,1056.65,1062.25,1047.85,1050.85,4800,4500
20211123,15:26,1058.65,1058.65,1036.55,1036.55,2025,4500
20211123,15:28,1039.50,1039.50,1039.50,1039.50,200,7475
20211123,15:29,1045.95,1045.95,1045.95,1045.95,50,7475
20211124,09:16,1092.10,1092.10,1091.25,1091.30,128,7425
20211124,09:17,1091.00,1091.00,1091.00,1091.00,25,7425
20211124,09:18,1090.00,1090.00,1090.00,1090.00,150,7400
20211124,09:19,1102.30,1102.30,1102.30,1102.30,50,7400
20211124,09:20,1049.95,1049.95,1049.95,1049.95,50,7400
20211124,09:21,1101.50,1113.20,1101.50,1113.20,75,7400
20211124,09:24,1126.20,1126.20,1126.20,1126.20,25,7350
20211124,09:25,1126.20,1126.20,1126.20,1126.20,25,7350
20211124,09:26,1120.25,1120.25,1120.25,1120.25,25,7350
20211124,09:30,1149.95,1149.95,1149.95,1149.95,75,7275
20211124,09:31,1150.00,1150.00,1150.00,1150.00,25,7275
20211124,09:32,1162.00,1162.00,1162.00,1162.00,25,7275
20211124,09:33,1162.00,1162.00,1162.00,1162.00,50,7175
20211124,09:34,1162.00,1162.00,1150.00,1150.00,50,7175
20211124,09:35,1144.10,1144.10,1144.10,1144.10,25,7175
20211124,09:37,1145.65,1145.65,1145.65,1145.65,25,7225
20211124,09:38,1130.00,1130.00,1130.00,1130.00,50,7225
20211124,09:41,1130.00,1130.00,1130.00,1130.00,25,7175
20211124,09:44,1129.90,1129.90,1129.90,1129.90,50,7150
20211124,09:59,1150.70,1162.00,1150.70,1162.00,150,7100
20211124,10:00,1150.00,1150.00,1150.00,1150.00,25,7025
20211124,10:03,1137.70,1137.70,1137.70,1137.70,25,7025
20211124,10:11,1101.05,1101.05,1101.05,1101.05,25,7000
20211124,10:12,1105.00,1105.00,1105.00,1105.00,25,6975
20211124,10:13,1120.00,1120.00,1120.00,1120.00,3700,6975
20211124,10:14,1130.10,1130.10,1130.10,1130.10,75,6975
20211124,10:16,1135.80,1135.80,1135.80,1135.80,50,6800
20211124,10:17,1134.35,1134.35,1134.35,1134.35,25,6800
20211124,10:18,1139.90,1139.90,1139.90,1139.90,25,6750
20211124,10:20,1143.40,1143.40,1143.40,1143.40,25,6750
20211124,10:21,1148.15,1148.15,1148.15,1148.15,25,6775
20211124,10:22,1194.85,1194.85,1194.85,1194.85,75,6775
20211124,10:23,1198.20,1198.20,1198.20,1198.20,25,6775
20211124,10:24,1200.00,1200.00,1200.00,1200.00,25,4775
20211124,10:26,1213.90,1213.90,1213.90,1213.90,25,4775
20211124,10:29,1248.75,1248.75,1248.75,1248.75,25,4775
20211124,10:31,1249.85,1249.85,1249.85,1249.85,100,4800
20211124,10:32,1257.25,1263.85,1257.25,1263.85,150,4800
20211124,10:34,1279.35,1279.35,1279.35,1279.35,50,4750
20211124,10:35,1279.35,1279.35,1279.35,1279.35,50,4750
20211124,10:37,1260.70,1260.70,1257.00,1257.00,75,4675
20211124,10:39,1257.00,1257.00,1257.00,1257.00,50,4625
20211124,10:41,1263.35,1263.35,1263.35,1263.35,50,4625
20211124,10:42,1271.00,1271.00,1271.00,1271.00,50,4600
20211124,10:43,1280.05,1280.05,1280.05,1280.05,25,4600
20211124,10:52,1280.05,1280.05,1280.05,1280.05,125,4575
20211124,10:53,1280.05,1280.05,1280.05,1280.05,25,4575
20211124,10:54,1299.95,1299.95,1299.95,1299.95,25,4600
20211124,10:55,1309.50,1309.50,1309.50,1309.50,850,4600
20211124,11:02,1290.00,1290.00,1290.00,1290.00,25,4525
20211124,11:03,1308.20,1308.20,1308.20,1308.20,100,4500
20211124,11:04,1308.20,1308.20,1308.20,1308.20,25,4500
20211124,11:15,1335.25,1335.25,1335.25,1335.25,175,4425
20211124,11:16,1296.60,1296.60,1296.60,1296.60,25,4425
20211124,11:19,1307.45,1307.45,1307.45,1307.45,25,4400
20211124,11:30,1289.95,1289.95,1289.95,1289.95,25,4375
20211124,11:33,1263.35,1263.35,1263.35,1263.35,25,4375
20211124,11:34,1260.30,1260.30,1260.30,1260.30,50,4400
20211124,11:35,1265.95,1265.95,1265.95,1265.95,50,4400
20211124,11:39,1244.35,1244.35,1244.35,1244.35,25,4375
20211124,11:40,1240.10,1240.10,1240.10,1240.10,25,4375
20211124,11:45,1276.20,1276.20,1276.20,1276.20,50,4375
20211124,12:08,1318.05,1318.05,1318.05,1318.05,50,4350
20211124,12:17,1340.25,1340.25,1340.25,1340.25,25,4375
20211124,12:20,1340.25,1340.25,1340.25,1340.25,75,4350
20211124,12:27,1344.00,1344.00,1344.00,1344.00,50,4350
20211124,12:40,1345.15,1345.15,1345.15,1345.15,25,4325
20211124,12:47,1370.00,1370.00,1370.00,1370.00,300,4300
20211124,12:53,1385.00,1385.00,1385.00,1385.00,25,4350
20211124,12:55,1385.00,1385.00,1385.00,1385.00,25,4350
20211124,12:59,1356.00,1356.00,1356.00,1356.00,25,4350
20211124,13:11,1350.00,1350.00,1350.00,1350.00,125,4350
20211124,13:13,1350.50,1350.50,1350.50,1350.50,50,4300
20211124,13:16,1350.50,1350.50,1350.50,1350.50,25,4300
20211124,13:33,1363.35,1363.35,1363.35,1363.35,300,4275
20211124,13:35,1350.90,1350.90,1350.90,1350.90,50,4150
20211124,13:37,1334.00,1334.00,1334.00,1334.00,25,4100
20211124,13:38,1327.00,1327.00,1327.00,1327.00,25,4100
20211124,13:40,1327.00,1327.00,1327.00,1327.00,300,4075
20211124,14:00,1276.20,1276.20,1276.20,1276.20,50,4050
20211124,14:01,1252.60,1252.60,1252.60,1252.60,125,4100
20211124,14:03,1241.90,1241.90,1241.90,1241.90,25,4100
20211124,14:06,1297.05,1297.05,1297.05,1297.05,25,4200
20211124,14:18,1214.05,1214.05,1214.05,1214.05,100,4050
20211124,14:21,1249.35,1249.35,1249.35,1249.35,50,4050
20211124,14:26,1227.05,1227.05,1227.05,1227.05,25,4050
20211124,14:46,1155.90,1155.90,1155.90,1155.90,75,4075
20211124,14:47,1163.00,1163.00,1163.00,1163.00,25,4150
20211124,14:49,1158.70,1158.70,1158.70,1158.70,25,4150
20211124,14:51,1136.00,1136.00,1136.00,1136.00,100,4150
20211124,14:56,1171.90,1171.90,1171.90,1171.90,50,4125
20211124,15:01,1175.95,1175.95,1175.95,1175.95,25,4075
20211124,15:05,1160.00,1160.00,1160.00,1160.00,25,4050
20211124,15:09,1144.95,1144.95,1144.95,1144.95,25,4050
20211124,15:11,1120.25,1157.00,1120.25,1157.00,50,4075
20211124,15:17,1132.05,1132.05,1132.05,1132.05,25,4075
20211124,15:19,1126.55,1126.55,1126.55,1126.55,25,4100
20211124,15:20,1122.85,1122.85,1122.85,1122.85,25,4100
20211124,15:22,1130.05,1130.05,1130.05,1130.05,25,4125
20211124,15:24,1111.55,1111.55,1111.55,1111.55,25,4125
20211124,15:25,1106.50,1106.55,1106.50,1106.55,50,4175
20211124,15:26,1100.00,1100.00,1100.00,1100.00,1225,4175
20211124,15:27,1090.00,1090.00,1090.00,1090.00,1200,4175
20211124,15:28,1096.05,1096.05,1083.50,1083.50,2375,7375
20211124,15:29,1083.50,1083.50,1083.50,1083.50,1375,7375
20211124,15:30,1083.50,1083.50,1083.50,1083.50,25,7375
20211125,09:15,1018.45,1018.45,1018.45,1018.45,26,6250
20211125,09:17,1016.40,1016.40,1016.40,1016.40,100,6250
20211125,09:18,993.90,993.90,993.90,993.90,350,6250
20211125,09:20,1013.00,1054.55,1013.00,1034.95,425,6250
20211125,09:22,1002.10,1002.10,998.35,999.00,100,6400
20211125,09:23,999.00,999.00,999.00,999.00,25,6400
20211125,09:24,1011.25,1011.25,1011.25,1011.25,25,6425
20211125,09:26,990.00,990.00,990.00,990.00,25,6425
20211125,09:27,975.15,975.15,975.15,975.15,25,6450
20211125,09:30,975.15,1018.25,975.15,1018.10,250,6450
20211125,09:31,1057.20,1073.00,1056.80,1073.00,100,6450
20211125,09:32,1073.00,1073.00,1073.00,1073.00,25,6450
20211125,09:33,1028.35,1028.35,1028.35,1028.35,25,6475
20211125,09:37,1032.00,1032.00,1032.00,1032.00,125,6575
20211125,09:38,1043.60,1043.60,1043.60,1043.60,25,6575
20211125,09:41,1025.85,1025.85,1025.85,1025.85,75,6650
20211125,09:42,1044.30,1044.30,1034.10,1034.10,100,6650
20211125,09:43,1028.00,1028.00,1016.00,1021.10,125,6650
20211125,09:45,987.15,1004.85,987.15,1004.85,300,6700
20211125,09:47,994.10,994.10,994.10,994.10,25,6700
20211125,09:48,994.00,994.00,994.00,994.00,25,6425
20211125,09:50,994.30,994.30,990.00,990.00,125,6425
20211125,09:53,980.00,980.00,980.00,980.00,25,6525
20211125,09:55,967.65,967.65,967.65,967.65,25,6525
20211125,09:58,967.65,967.65,967.65,967.65,25,6525
20211125,10:01,984.95,984.95,976.05,976.05,75,6450
20211125,10:03,975.00,978.45,975.00,978.45,100,6425
20211125,10:04,978.60,978.60,978.60,978.60,25,6425
20211125,10:06,985.45,986.05,985.45,986.05,75,6525
20211125,10:07,981.55,981.55,981.00,981.00,75,6525
20211125,10:09,968.95,968.95,968.95,968.95,75,6525
20211125,10:10,984.00,987.95,984.00,987.95,75,6525
20211125,10:12,984.30,986.95,984.30,986.95,100,6600
20211125,10:13,982.95,982.95,982.95,982.95,25,6600
20211125,10:16,981.80,981.80,975.00,977.75,125,6550
20211125,10:17,968.95,968.95,959.35,959.35,100,6550
20211125,10:20,950.00,950.00,949.95,949.95,50,6625
20211125,10:21,949.95,960.95,949.95,960.95,75,6625
20211125,10:22,959.35,959.35,959.35,959.35,50,6625
20211125,10:28,964.95,964.95,964.95,964.95,25,6650
20211125,10:32,963.95,963.95,963.95,963.95,25,6650
20211125,10:34,974.95,974.95,974.95,974.95,25,6675
20211125,10:35,981.90,981.90,981.90,981.90,125,6675
20211125,10:36,1006.35,1006.35,1006.35,1006.35,75,6800
20211125,10:37,992.70,992.70,992.70,992.70,25,6800
20211125,10:46,980.00,980.00,980.00,980.00,25,6800
20211125,10:47,980.00,980.00,980.00,980.00,375,6800
20211125,10:56,1005.00,1005.00,1005.00,1005.00,100,6800
20211125,10:58,1012.00,1012.00,1012.00,1012.00,50,7300
20211125,11:00,1018.00,1037.00,1018.00,1037.00,250,7125
20211125,11:04,1031.95,1031.95,1031.95,1031.95,100,7250
20211125,11:05,1050.00,1050.00,1050.00,1050.00,100,7250
20211125,11:08,1046.45,1051.00,1046.45,1051.00,100,7050
20211125,11:14,1065.05,1070.00,1065.05,1070.00,50,6975
20211125,11:15,1100.00,1100.00,1096.00,1096.00,425,6950
20211125,11:16,1080.55,1084.00,1080.55,1084.00,450,6950
20211125,11:17,1090.75,1090.75,1090.75,1090.75,25,6950
20211125,11:18,1103.05,1103.05,1103.05,1103.05,125,7075
20211125,11:19,1110.05,1110.05,1110.05,1110.05,25,7075
20211125,11:20,1116.25,1136.10,1116.25,1136.10,100,7075
20211125,11:28,1100.65,1100.65,1100.65,1100.65,25,7075
20211125,11:34,1118.60,1118.60,1118.60,1118.60,50,7050
20211125,11:39,1103.00,1103.00,1083.80,1083.80,50,7050
20211125,11:40,1064.05,1072.10,1064.05,1072.10,75,7050
20211125,11:51,1099.95,1099.95,1099.95,1099.95,25,7025
20211125,12:04,1071.05,1071.05,1071.05,1071.05,25,6950
20211125,12:20,1081.70,1081.70,1081.70,1081.70,25,6950
20211125,12:25,1119.95,1119.95,1119.95,1119.95,50,6975
20211125,12:26,1068.45,1068.45,1068.45,1068.45,25,6975
20211125,12:31,1045.05,1047.70,1045.05,1047.70,75,6925
20211125,12:39,1048.25,1048.25,1048.25,1048.25,25,6975
20211125,12:52,1001.05,1001.05,996.70,996.70,50,7000
20211125,12:54,996.70,996.70,996.70,996.70,25,7000
20211125,12:55,995.50,995.50,994.55,994.55,75,7050
20211125,12:57,992.75,992.75,992.75,992.75,50,7050
20211125,12:59,1000.80,1000.80,1000.80,1000.80,25,7075
20211125,13:00,996.65,996.65,996.65,996.65,25,7075
20211125,13:02,1015.00,1015.00,1015.00,1015.00,25,7100
20211125,13:03,1035.90,1036.15,1035.90,1036.15,50,7100
20211125,13:08,1066.00,1066.00,1066.00,1066.00,25,7050
20211125,13:13,1054.90,1054.90,1054.90,1054.90,25,7075
20211125,13:16,1045.00,1045.00,1045.00,1045.00,25,7100
20211125,13:18,1051.00,1051.00,1051.00,1051.00,25,7100
20211125,13:29,1040.00,1040.00,1040.00,1040.00,50,7100
20211125,13:59,1034.10,1034.10,1034.10,1034.10,25,7075
20211125,14:00,1069.00,1069.00,1069.00,1069.00,75,7100
20211125,14:05,1040.85,1040.85,1040.85,1040.85,25,7150
20211125,14:13,1043.75,1069.00,1043.75,1069.00,125,7150
20211125,14:15,1054.15,1054.15,1054.15,1054.15,25,7150
20211125,14:25,1101.95,1120.00,1101.95,1120.00,225,7150
20211125,14:26,1130.00,1130.00,1130.00,1130.00,75,7150
20211125,14:28,1089.30,1089.30,1089.30,1089.30,25,7200
20211125,14:29,1065.00,1074.00,1065.00,1074.00,100,7200
20211125,14:30,1099.00,1108.00,1099.00,1108.00,175,7200
20211125,14:34,1068.85,1068.85,1068.85,1068.85,100,7275
20211125,14:39,1071.50,1071.50,1071.50,1071.50,50,7150
20211125,14:40,1109.90,1109.90,1109.90,1109.90,50,7150
20211125,14:41,1087.65,1087.65,1087.65,1087.65,25,7150
20211125,14:43,1072.35,1072.35,1072.35,1072.35,25,7150
20211125,14:44,1071.50,1071.50,1071.50,1071.50,25,7150
20211125,14:45,1110.00,1110.00,1110.00,1110.00,75,7150
20211125,14:49,1114.15,1114.15,1114.15,1114.15,25,7150
20211125,14:51,1139.95,1141.95,1139.95,1141.95,75,7150
20211125,14:52,1125.60,1131.85,1125.60,1131.85,175,7100
20211125,14:54,1133.85,1133.85,1133.85,1133.85,50,7100
20211125,14:57,1135.00,1135.00,1135.00,1135.00,75,7100
20211125,15:02,1068.50,1068.50,1068.50,1068.50,50,7075
20211125,15:05,1083.25,1083.25,1083.25,1083.25,50,7075
20211125,15:06,1061.00,1061.00,1061.00,1061.00,50,7075
20211125,15:08,1050.45,1050.45,1050.45,1050.45,50,7125
20211125,15:09,1032.70,1032.70,1032.70,1032.70,50,7125
20211125,15:18,1028.35,1028.35,1028.35,1028.35,25,7200
20211125,15:20,1037.95,1037.95,1037.95,1037.95,50,7200
20211125,15:21,1037.95,1037.95,1037.95,1037.95,50,7200
20211125,15:22,1042.00,1042.00,1042.00,1042.00,25,7200
20211125,15:23,1034.70,1034.70,1034.70,1034.70,125,7200
20211125,15:25,1065.95,1065.95,1065.95,1065.95,25,7275
20211125,15:27,1039.55,1039.55,1039.55,1039.55,50,7275
20211125,15:28,1041.35,1041.35,1041.35,1041.35,25,7275
20211126,09:15,830.05,830.05,776.10,808.90,303,7300
20211126,09:16,805.90,805.90,775.35,775.35,1025,7300
20211126,09:17,773.05,773.05,773.05,773.05,225,7450
20211126,09:18,800.35,808.80,800.35,808.80,500,7450
20211126,09:19,801.95,801.95,789.35,789.35,225,7450
20211126,09:20,795.55,795.55,795.55,795.55,25,7575
20211126,09:21,799.80,799.80,790.85,790.85,125,7575
20211126,09:22,776.35,776.35,752.50,752.50,500,7575
20211126,09:23,752.50,752.50,746.40,748.20,225,7575
20211126,09:24,760.15,769.55,760.15,769.55,100,7575
20211126,09:25,764.45,764.45,744.00,744.00,250,7575
20211126,09:26,744.00,745.70,717.75,733.75,1350,8150
20211126,09:27,749.45,749.45,742.25,747.60,175,8150
20211126,09:28,748.25,758.85,748.25,753.90,200,8150
20211126,09:29,755.00,755.00,740.00,740.00,200,8375
20211126,09:30,741.45,750.00,731.95,750.00,175,8375
20211126,09:31,754.80,759.90,754.40,759.90,150,8375
20211126,09:32,759.90,759.90,759.90,759.90,100,8375
20211126,09:33,756.70,768.05,756.70,767.95,225,8475
20211126,09:34,770.95,770.95,746.65,753.05,75,8475
20211126,09:35,740.50,749.75,740.50,749.75,50,8500
20211126,09:36,756.70,756.70,749.85,749.85,75,8500
20211126,09:37,750.90,750.90,748.60,748.60,75,8500
20211126,09:38,755.30,755.30,754.85,754.85,100,8400
20211126,09:39,766.70,766.70,766.70,766.70,75,8400
20211126,09:40,758.25,760.00,756.50,760.00,250,8400
20211126,09:41,766.30,766.30,766.30,766.30,25,8300
20211126,09:42,766.80,776.95,759.80,759.80,450,8300
20211126,09:43,753.75,753.75,753.75,753.75,25,8300
20211126,09:44,752.85,752.85,746.35,746.35,150,8425
20211126,09:49,722.35,722.35,722.35,722.35,25,8450
20211126,09:50,710.60,717.05,710.60,716.35,175,8500
20211126,09:51,698.50,698.50,680.00,690.00,325,8500
20211126,09:52,681.85,687.60,678.80,678.80,100,8500
20211126,09:55,660.40,671.75,660.40,671.75,100,8625
20211126,09:56,662.20,662.20,650.00,650.00,125,8625
20211126,09:57,645.10,645.10,645.10,645.10,200,8625
20211126,09:58,656.05,659.45,656.05,659.45,75,8625
20211126,09:59,662.45,662.45,662.45,662.45,50,8625
20211126,10:00,656.10,656.50,653.20,656.50,175,8800
20211126,10:01,659.70,660.85,659.70,660.65,125,8800
20211126,10:02,673.40,673.40,673.40,673.40,50,8925
20211126,10:03,674.50,674.50,674.50,674.50,25,8925
20211126,10:05,666.15,666.15,658.55,665.00,100,9025
20211126,10:06,681.15,681.15,681.15,681.15,25,9025
20211126,10:09,666.45,666.45,666.45,666.45,25,9025
20211126,10:11,667.60,667.60,667.60,667.60,50,9025
20211126,10:15,650.00,650.00,649.95,649.95,125,9000
20211126,10:16,653.50,653.50,653.50,653.50,25,9000
20211126,10:18,645.10,645.10,645.10,645.10,75,9100
20211126,10:19,645.00,645.00,645.00,645.00,25,9100
20211126,10:20,635.25,635.25,625.10,625.10,75,9125
20211126,10:22,621.75,621.75,611.20,611.20,275,9125
20211126,10:23,611.20,611.20,611.20,611.20,25,9100
20211126,10:24,599.35,599.35,599.35,599.35,50,9100
20211126,10:25,608.95,614.90,607.75,614.90,125,9100
20211126,10:26,613.10,613.10,613.10,613.10,25,9100
20211126,10:28,611.05,614.05,611.05,614.05,50,9175
20211126,10:29,617.55,617.55,611.35,611.35,50,9225
20211126,10:31,600.00,600.00,597.00,597.00,75,9225
20211126,10:32,590.95,593.70,590.95,593.70,75,9100
20211126,10:33,600.00,601.75,598.40,598.40,100,9100
20211126,10:36,609.90,609.90,609.90,609.90,25,9175
20211126,10:37,616.05,616.05,616.05,616.05,25,9175
20211126,10:39,580.20,580.20,580.20,580.20,125,9175
20211126,10:40,580.20,589.40,580.20,586.20,200,9200
20211126,10:41,590.50,600.20,590.50,598.40,75,9200
20211126,10:42,594.40,594.40,594.40,594.40,225,9100
20211126,10:43,590.00,590.00,590.00,590.00,25,9100
20211126,10:44,590.85,592.15,590.85,592.15,125,8950
20211126,10:45,595.65,595.65,595.65,595.65,75,8950
20211126,10:47,590.85,590.85,590.85,590.85,25,8925
20211126,10:48,580.05,580.05,580.05,580.05,300,8925
20211126,10:49,589.95,589.95,589.95,589.95,25,8925
20211126,10:51,596.00,596.00,588.20,588.20,125,8775
20211126,10:52,595.15,595.85,595.15,595.85,75,8775
20211126,10:53,588.95,588.95,588.95,588.95,25,8775
20211126,10:54,580.00,580.00,580.00,580.00,25,8750
20211126,10:55,577.80,577.80,566.00,566.00,400,8750
20211126,10:56,566.00,566.00,566.00,566.00,25,9025
20211126,10:58,584.00,584.00,584.00,584.00,25,9025
20211126,10:59,582.00,582.00,582.00,582.00,25,9025
20211126,11:00,579.70,589.85,579.70,587.45,150,9075
20211126,11:01,590.35,590.35,590.35,590.35,25,9075
20211126,11:02,610.30,610.30,610.30,610.30,100,9100
20211126,11:03,604.20,604.20,604.20,604.20,25,9100
20211126,11:04,604.85,604.85,604.85,604.85,50,9100
20211126,11:05,604.05,604.05,604.05,604.05,25,9100
20211126,11:07,597.40,602.00,597.40,602.00,125,9150
20211126,11:08,608.70,608.70,603.85,603.85,50,9225
20211126,11:14,621.30,621.30,621.30,621.30,50,9225
20211126,11:15,612.95,612.95,612.95,612.95,50,9225
20211126,11:16,616.80,616.80,616.80,616.80,125,9225
20211126,11:17,617.05,617.05,617.05,617.05,25,9150
20211126,11:20,609.10,609.10,609.10,609.10,25,9150
20211126,11:21,599.40,599.40,599.40,599.40,25,9175
20211126,11:22,589.20,589.20,589.20,589.20,100,9175
20211126,11:24,600.55,600.55,600.55,600.55,25,9075
20211126,11:25,610.05,610.05,610.05,610.05,25,9075
20211126,11:28,622.30,622.30,622.30,622.30,50,9075
20211126,11:37,628.85,628.85,628.85,628.85,25,9025
20211126,11:43,624.95,624.95,624.95,624.95,25,9000
20211126,11:44,623.95,623.95,623.95,623.95,25,9000
20211126,11:46,616.30,616.30,616.30,616.30,400,8975
20211126,11:50,601.50,601.50,601.50,601.50,50,9200
20211126,11:51,604.35,604.35,604.35,604.35,25,9200
20211126,11:52,611.50,617.45,611.50,617.45,50,9200
20211126,11:53,613.10,613.10,613.10,613.10,25,9200
20211126,11:54,610.05,610.05,610.05,610.05,25,9150
20211126,11:55,615.00,615.00,613.25,613.25,75,9150
20211126,11:56,599.85,599.85,594.35,595.20,150,9150
20211126,11:57,602.40,602.40,599.60,601.65,125,9225
20211126,11:58,608.80,609.95,607.50,607.50,125,9225
20211126,11:59,606.00,606.00,602.30,602.30,100,9225
20211126,12:00,599.85,599.85,599.85,599.85,25,9200
20211126,12:02,599.90,599.90,599.90,599.90,50,9200
20211126,12:13,595.00,595.00,594.65,594.65,75,9200
20211126,12:14,595.20,595.20,595.20,595.20,25,9200
20211126,12:19,582.20,582.20,582.20,582.20,25,9200
20211126,12:22,580.90,580.90,573.00,573.00,50,9200
20211126,12:23,580.70,580.70,580.70,580.70,25,9200
20211126,12:27,603.85,603.85,603.85,603.85,25,9250
20211126,12:28,576.15,576.15,561.10,561.10,125,9250
20211126,12:29,570.90,570.90,570.90,570.90,25,9250
20211126,12:30,571.65,571.65,571.65,571.65,50,9275
20211126,12:32,575.50,575.50,575.50,575.50,50,9275
20211126,12:33,576.65,576.65,572.35,572.35,100,9325
20211126,12:37,584.55,584.55,576.35,576.35,125,9300
20211126,12:40,572.20,576.35,572.20,576.35,125,9350
20211126,12:44,578.30,590.25,578.30,590.25,425,9350
20211126,12:45,591.15,591.15,587.85,587.85,75,9250
20211126,12:46,600.00,600.00,594.15,594.15,50,9250
20211126,12:48,596.05,596.05,596.05,596.05,25,9175
20211126,12:49,596.00,596.05,596.00,596.05,75,9175
20211126,12:50,596.60,596.60,596.60,596.60,25,9175
20211126,12:51,595.85,595.85,595.85,595.85,25,9225
20211126,12:53,594.00,594.00,594.00,594.00,50,9225
20211126,12:54,603.25,603.25,603.25,603.25,50,9200
20211126,12:59,577.90,577.90,577.90,577.90,25,8950
20211126,13:02,608.05,608.05,608.05,608.05,75,8950
20211126,13:05,603.00,603.00,603.00,603.00,25,8900
20211126,13:12,588.85,588.85,587.80,587.80,50,8900
20211126,13:25,594.00,594.00,594.00,594.00,25,8900
20211126,13:30,578.50,578.50,578.50,578.50,25,8900
20211126,13:32,571.65,571.65,571.65,571.65,50,8900
20211126,13:35,567.25,567.25,567.25,567.25,50,8875
20211126,13:36,565.00,572.45,555.00,555.00,75,8900
20211126,13:37,545.90,545.90,545.90,545.90,100,8900
20211126,13:38,546.85,546.85,546.00,546.00,50,8900
20211126,13:39,540.00,540.00,540.00,540.00,100,9000
20211126,13:41,548.30,552.10,546.70,552.10,100,9000
20211126,13:43,545.75,545.75,545.75,545.75,25,9000
20211126,13:44,546.80,546.80,546.80,546.80,25,9000
20211126,13:45,543.05,543.05,543.05,543.05,25,9000
20211126,13:46,538.45,539.80,538.45,539.80,175,9000
20211126,13:50,536.80,536.80,535.40,535.40,50,8975
20211126,13:51,535.40,535.40,530.30,530.30,150,9025
20211126,13:52,533.50,543.90,533.50,534.80,225,9025
20211126,13:53,536.70,536.70,535.35,536.30,150,9025
20211126,13:54,536.30,542.45,536.30,542.45,450,9025
20211126,13:55,542.45,542.45,542.45,542.45,75,9550
20211126,13:57,525.00,525.00,525.00,525.00,75,9575
20211126,13:59,537.05,537.05,534.50,534.50,50,9575
20211126,14:00,540.00,540.00,540.00,540.00,50,9525
20211126,14:09,546.80,555.00,546.80,555.00,50,9125
20211126,14:10,560.80,560.80,560.80,560.80,25,9125
20211126,14:11,545.70,545.70,545.70,545.70,25,9125
20211126,14:12,551.55,551.55,551.55,551.55,25,9125
20211126,14:18,553.05,553.05,553.05,553.05,25,9125
20211126,14:19,553.20,555.15,553.00,553.00,75,9125
20211126,14:22,564.35,564.35,556.25,556.25,50,9225
20211126,14:23,554.30,557.00,550.15,557.00,100,9225
20211126,14:27,568.55,568.55,568.55,568.55,25,9350
20211126,14:28,556.70,566.85,556.70,566.85,150,9375
20211126,14:30,561.80,561.80,561.80,561.80,25,9275
20211126,14:32,551.95,551.95,551.95,551.95,25,9275
20211126,14:35,545.00,545.00,543.00,543.00,250,9300
20211126,14:36,544.60,544.60,539.10,539.10,150,9500
20211126,14:39,539.10,539.10,539.10,539.10,375,9500
20211126,14:42,536.50,536.50,536.50,536.50,25,9525
20211126,14:45,529.75,529.75,529.75,529.75,50,9575
20211126,14:49,536.55,536.55,536.55,536.55,75,9550
20211126,14:50,535.65,535.65,535.65,535.65,300,9550
20211126,14:52,529.45,529.45,529.45,529.45,25,9525
20211126,14:53,527.35,527.35,527.35,527.35,25,9525
20211126,14:54,528.70,531.95,528.70,531.95,75,9525
20211126,14:55,530.80,530.80,530.80,530.80,25,9550
20211126,14:59,523.15,523.15,523.15,523.15,25,9575
20211126,15:00,523.15,523.15,523.15,523.15,25,9575
20211126,15:02,510.00,510.00,503.15,503.15,175,9575
20211126,15:03,508.05,509.70,508.05,508.85,125,9575
20211126,15:04,508.00,513.40,498.25,498.25,300,9725
20211126,15:05,498.25,499.75,498.25,499.75,75,9725
20211126,15:06,501.00,501.00,500.00,500.00,100,9600
20211126,15:07,498.10,498.10,498.10,498.10,100,9600
20211126,15:08,498.55,504.45,498.30,502.05,775,9600
20211126,15:09,503.60,503.60,494.80,494.80,300,9550
20211126,15:10,493.70,508.45,493.70,508.45,225,9550
20211126,15:11,514.60,517.60,510.25,512.35,750,9550
20211126,15:12,511.35,525.45,511.35,523.75,400,9700
20211126,15:13,530.00,530.00,521.65,521.65,150,9700
20211126,15:14,522.80,525.00,522.10,524.10,275,9700
20211126,15:15,523.85,538.55,523.85,537.10,250,9875
20211126,15:16,533.85,536.45,530.25,530.25,150,9875
20211126,15:17,534.10,534.10,527.70,527.70,100,9875
20211126,15:18,527.10,531.70,524.40,524.40,350,9875
20211126,15:19,528.20,528.35,524.35,524.35,125,9950
20211126,15:20,519.30,519.30,519.30,519.30,50,9950
20211126,15:21,524.65,524.65,523.80,523.80,75,9900
20211126,15:22,521.50,521.50,516.05,516.05,475,9900
20211126,15:23,513.75,513.75,510.05,510.05,75,9900
20211126,15:24,515.40,523.80,515.40,523.80,175,9900
20211126,15:25,523.80,523.80,500.00,503.70,175,9900
20211126,15:26,499.30,499.30,499.30,499.30,25,9900
20211126,15:27,495.40,495.60,491.90,491.90,100,9875
20211126,15:28,491.90,491.90,490.00,490.00,50,9875
20211126,15:29,490.00,490.00,487.85,487.85,50,9875
20211129,09:15,517.00,517.00,517.00,517.00,51,9850
20211129,09:17,452.75,452.75,452.75,452.75,50,9850
20211129,09:18,439.65,439.65,439.65,439.65,25,9900
20211129,09:19,439.65,439.65,439.65,439.65,25,9900
20211129,09:20,430.50,430.50,430.50,430.50,150,9900
20211129,09:21,425.25,435.55,425.25,435.55,175,9950
20211129,09:22,392.85,392.85,392.85,392.85,225,9950
20211129,09:23,397.10,463.15,397.10,463.15,175,10100
20211129,09:24,414.25,438.75,414.25,438.75,75,10100
20211129,09:25,438.25,456.45,426.55,426.55,150,10100
20211129,09:26,414.50,432.95,414.50,432.95,50,10100
20211129,09:27,435.00,435.00,423.10,424.05,125,10100
20211129,09:28,423.10,423.65,423.10,423.65,125,10100
20211129,09:29,452.30,452.30,433.30,433.30,100,10100
20211129,09:30,454.30,454.50,432.85,454.50,325,10025
20211129,09:31,440.75,448.75,440.75,448.75,175,10025
20211129,09:32,454.25,492.05,454.25,492.05,125,10100
20211129,09:33,492.00,492.00,477.55,477.55,375,10100
20211129,09:34,477.25,477.25,469.00,469.00,150,10100
20211129,09:35,470.95,500.00,470.95,493.10,400,10175
20211129,09:36,498.40,498.40,465.95,469.85,425,10175
20211129,09:37,475.95,477.25,456.10,475.00,300,10175
20211129,09:38,458.90,465.00,458.90,464.80,125,10150
20211129,09:39,464.25,485.00,463.95,485.00,100,10150
20211129,09:41,462.85,470.15,462.85,470.15,50,10125
20211129,09:44,466.55,466.55,466.55,466.55,100,10125
20211129,09:45,449.95,462.75,449.95,462.75,125,10150
20211129,09:46,469.80,469.80,469.80,469.80,50,10150
20211129,09:52,498.00,499.30,498.00,499.30,75,9975
20211129,09:53,501.75,501.75,501.75,501.75,100,9950
20211129,09:56,471.90,471.90,471.90,471.90,75,9925
20211129,09:57,466.35,466.35,466.35,466.35,75,9925
20211129,09:59,483.40,483.40,483.40,483.40,25,9925
20211129,10:01,491.00,491.00,471.90,471.90,75,10000
20211129,10:02,489.15,496.90,487.55,496.90,125,10050
20211129,10:03,511.00,511.00,511.00,511.00,25,10050
20211129,10:04,512.95,534.30,512.95,534.30,75,10050
20211129,10:05,529.00,529.00,525.00,525.00,175,10050
20211129,10:06,517.25,517.25,507.25,507.25,100,9875
20211129,10:07,519.20,519.20,519.20,519.20,25,9875
20211129,10:08,524.70,524.70,524.70,524.70,25,9875
20211129,10:09,530.85,530.85,530.85,530.85,25,9875
20211129,10:11,537.25,537.25,537.25,537.25,200,9850
20211129,10:12,527.25,527.25,523.00,523.00,75,9850
20211129,10:13,507.35,519.00,507.35,519.00,150,9850
20211129,10:14,519.75,519.75,519.75,519.75,25,9850
20211129,10:15,530.55,530.55,530.55,530.55,25,9900
20211129,10:16,517.90,518.35,517.90,518.35,100,9900
20211129,10:17,520.70,520.70,520.70,520.70,50,9900
20211129,10:18,501.20,501.20,501.20,501.20,25,9900
20211129,10:19,486.35,486.35,486.35,486.35,25,9900
20211129,10:20,480.25,480.25,480.25,480.25,125,9900
20211129,10:21,468.55,468.55,457.75,459.70,125,9925
20211129,10:23,459.70,459.70,453.90,453.90,50,9950
20211129,10:24,467.95,467.95,467.95,467.95,50,9950
20211129,10:26,467.55,467.55,467.55,467.55,25,9925
20211129,10:27,475.00,475.00,475.00,475.00,100,9925
20211129,10:28,473.45,473.45,473.45,473.45,75,9925
20211129,10:29,472.65,473.85,472.65,473.85,75,9925
20211129,10:30,482.05,482.05,482.05,482.05,25,9925
20211129,10:31,482.30,482.30,482.30,482.30,25,9925
20211129,10:32,482.30,482.30,482.30,482.30,25,9925
20211129,10:33,480.60,480.60,472.60,472.60,125,9900
20211129,10:35,460.50,467.85,460.50,467.85,50,9925
20211129,10:38,468.10,468.70,468.10,468.70,50,9925
20211129,10:39,464.80,464.80,464.80,464.80,50,9875
20211129,10:40,466.95,467.75,466.95,467.75,75,9875
20211129,10:42,464.60,464.60,464.60,464.60,25,9875
20211129,10:44,457.20,457.20,457.20,457.20,150,9875
20211129,10:45,457.90,457.90,457.90,457.90,50,9900
20211129,10:46,449.80,449.80,449.80,449.80,25,9900
20211129,10:47,456.60,456.60,456.60,456.60,50,9900
20211129,10:48,459.00,464.90,459.00,464.90,75,9875
20211129,10:49,446.90,446.90,446.90,446.90,25,9875
20211129,10:51,456.25,456.25,456.25,456.25,100,9900
20211129,10:52,444.35,444.35,444.35,444.35,150,9900
20211129,10:53,448.65,451.60,448.65,451.60,75,9900
20211129,10:54,467.15,467.15,467.15,467.15,25,10000
20211129,10:55,475.55,475.55,475.55,475.55,100,10000
20211129,10:56,477.60,477.60,477.60,477.60,25,10000
20211129,10:59,482.15,482.15,482.15,482.15,25,10000
20211129,11:00,475.95,475.95,475.95,475.95,25,9975
20211129,11:01,490.00,490.00,490.00,490.00,75,9975
20211129,11:03,481.00,485.20,481.00,485.20,100,10000
20211129,11:04,488.95,488.95,485.35,485.35,50,10000
20211129,11:05,488.65,488.65,488.65,488.65,25,10000
20211129,11:06,494.65,494.65,494.65,494.65,25,10025
20211129,11:07,485.85,485.85,485.85,485.85,25,10025
20211129,11:10,487.00,487.00,487.00,487.00,25,10000
20211129,11:12,490.65,490.65,490.65,490.65,50,9975
20211129,11:13,498.90,504.10,498.90,504.10,150,9975
20211129,11:14,506.35,506.35,506.35,506.35,25,9975
20211129,11:17,492.35,504.45,492.35,504.45,50,9900
20211129,11:18,525.00,525.00,525.00,525.00,25,9875
20211129,11:19,531.65,531.65,531.65,531.65,25,9875
20211129,11:20,530.85,530.85,530.85,530.85,25,9875
20211129,11:22,512.05,514.15,512.05,514.15,75,9850
20211129,11:23,518.15,518.15,518.15,518.15,25,9850
20211129,11:25,511.05,511.05,511.05,511.05,50,9875
20211129,11:27,520.40,520.40,520.40,520.40,50,9850
20211129,11:28,520.65,520.65,520.65,520.65,25,9850
20211129,11:29,525.55,525.55,525.55,525.55,25,9850
20211129,11:30,529.55,529.55,529.20,529.20,75,9875
20211129,11:31,535.55,535.55,535.55,535.55,25,9875
20211129,11:33,526.10,526.10,526.10,526.10,275,9900
20211129,11:34,523.10,523.10,523.10,523.10,50,9900
20211129,11:35,528.55,529.60,528.55,529.60,50,9900
20211129,11:36,527.90,527.90,527.90,527.90,25,9900
20211129,11:38,544.80,544.80,544.80,544.80,75,10050
20211129,11:39,544.80,544.80,544.80,544.80,50,10025
20211129,11:41,525.00,525.00,525.00,525.00,25,10025
20211129,11:42,528.05,528.05,528.05,528.05,25,10025
20211129,11:46,545.05,545.05,545.05,545.05,25,9975
20211129,11:48,545.05,545.05,545.05,545.05,25,9975
20211129,11:52,520.45,520.45,520.45,520.45,25,9950
20211129,11:53,495.60,510.25,495.60,510.25,175,9950
20211129,11:57,513.80,513.80,513.80,513.80,25,9950
20211129,12:01,523.00,523.00,523.00,523.00,25,9925
20211129,12:07,503.65,503.65,503.65,503.65,25,9925
20211129,12:08,520.25,527.95,520.25,527.95,75,9925
20211129,12:09,535.35,539.10,535.35,539.10,50,9950
20211129,12:10,542.30,542.30,542.30,542.30,75,9950
20211129,12:11,530.20,530.20,530.20,530.20,25,9950
20211129,12:13,531.75,531.75,531.75,531.75,25,9925
20211129,12:15,534.90,534.90,534.90,534.90,75,9925
20211129,12:19,531.15,531.15,531.15,531.15,50,9950
20211129,12:21,518.85,518.85,518.85,518.85,25,9975
20211129,12:26,541.45,541.45,541.45,541.45,50,9975
20211129,12:31,516.20,516.20,516.20,516.20,25,9875
20211129,12:32,503.35,503.35,503.35,503.35,100,9875
20211129,12:34,513.20,513.20,513.20,513.20,25,9925
20211129,12:35,515.00,515.00,515.00,515.00,25,9925
20211129,12:36,521.75,521.75,521.75,521.75,25,9925
20211129,12:37,523.40,523.40,523.40,523.40,50,9925
20211129,12:41,531.85,531.85,524.10,524.10,75,9900
20211129,12:43,514.80,514.80,514.80,514.80,25,9925
20211129,12:47,500.15,505.00,500.15,505.00,50,9925
20211129,12:50,516.40,516.40,516.40,516.40,50,9950
20211129,12:51,499.05,501.35,499.05,501.35,50,9975
20211129,12:52,510.45,515.35,510.45,515.35,125,9975
20211129,12:56,531.15,532.30,531.15,532.30,50,10025
20211129,12:57,500.70,500.70,500.70,500.70,100,10025
20211129,12:58,493.20,493.20,484.05,484.05,350,10025
20211129,12:59,483.85,485.00,483.85,485.00,200,10025
20211129,13:00,474.05,476.35,474.05,476.35,75,10175
20211129,13:01,471.65,496.45,471.65,496.45,75,10175
20211129,13:03,487.20,494.55,487.20,494.55,50,10150
20211129,13:04,496.65,496.65,496.65,496.65,50,10150
20211129,13:11,491.25,491.25,491.25,491.25,25,10150
20211129,13:13,485.75,485.75,485.75,485.75,25,10175
20211129,13:14,491.70,491.70,484.55,484.55,75,10175
20211129,13:15,483.90,483.90,483.90,483.90,25,10175
20211129,13:16,499.15,499.15,499.15,499.15,125,10200
20211129,13:19,512.20,512.20,512.20,512.20,25,10225
20211129,13:20,519.15,519.70,519.15,519.70,100,10225
20211129,13:22,514.55,514.55,514.55,514.55,100,10200
20211129,13:23,520.95,520.95,520.95,520.95,25,10200
20211129,13:26,506.00,506.00,506.00,506.00,25,10100
20211129,13:27,505.65,506.55,505.65,506.55,50,10100
20211129,13:31,507.80,507.80,507.80,507.80,50,10075
20211129,13:32,487.55,495.60,487.55,495.60,75,10075
20211129,13:34,496.45,496.45,496.45,496.45,25,10125
20211129,13:42,541.95,541.95,541.95,541.95,375,10150
20211129,13:43,545.00,545.00,545.00,545.00,25,10150
20211129,13:46,550.75,550.75,550.75,550.75,50,10175
20211129,13:50,555.35,555.35,555.35,555.35,25,10175
20211129,13:55,558.20,558.20,558.20,558.20,50,10000
20211129,13:56,558.20,558.20,558.20,558.20,25,10000
20211129,14:00,545.65,550.00,545.65,550.00,50,10025
20211129,14:01,572.65,572.65,572.65,572.65,125,10025
20211129,14:08,558.55,558.55,558.00,558.00,50,10000
20211129,14:12,544.75,544.75,544.75,544.75,25,9950
20211129,14:13,541.35,541.35,541.35,541.35,25,9925
20211129,14:14,554.30,554.30,554.30,554.30,50,9925
20211129,14:15,552.80,552.80,552.80,552.80,50,9925
20211129,14:20,524.15,524.15,524.15,524.15,25,9925
20211129,14:21,512.80,512.80,507.05,507.05,75,9950
20211129,14:22,507.10,507.10,507.10,507.10,50,9950
20211129,14:23,521.25,521.25,521.25,521.25,150,9950
20211129,14:26,514.00,514.00,499.80,499.80,150,10050
20211129,14:27,495.05,503.60,495.05,503.60,125,10100
20211129,14:28,488.00,488.00,488.00,488.00,25,10100
20211129,14:30,486.30,486.30,472.85,472.85,75,10100
20211129,14:31,496.15,496.15,496.15,496.15,50,10100
20211129,14:32,488.20,488.20,488.20,488.20,50,10100
20211129,14:33,487.75,493.30,487.75,492.45,100,10100
20211129,14:35,505.30,505.30,505.30,505.30,25,10150
20211129,14:36,505.45,505.45,505.45,505.45,25,10150
20211129,14:40,505.40,505.40,505.40,505.40,25,10150
20211129,14:50,491.00,491.00,491.00,491.00,25,10150
20211129,14:53,496.55,496.55,496.55,496.55,25,10175
20211129,14:56,488.45,488.45,488.45,488.45,25,10150
20211129,14:57,489.35,489.35,489.35,489.35,25,10150
20211129,15:00,479.45,479.45,479.45,479.45,75,10200
20211129,15:01,478.05,478.05,478.05,478.05,25,10225
20211129,15:02,472.90,472.90,472.90,472.90,25,10225
20211129,15:03,477.20,477.20,477.20,477.20,50,10225
20211129,15:07,460.75,460.75,460.75,460.75,50,10225
20211129,15:12,480.00,480.00,470.65,470.65,75,10225
20211129,15:13,471.85,471.85,471.85,471.85,50,10275
20211129,15:16,477.35,477.35,477.35,477.35,25,10300
20211129,15:17,476.85,476.85,476.85,476.85,25,10300
20211129,15:20,464.45,464.45,463.65,463.65,850,10300
20211129,15:21,467.05,467.05,465.50,465.50,50,10300
20211129,15:22,467.85,467.85,467.85,467.85,25,11025
20211129,15:24,465.30,465.30,465.30,465.30,50,11025
20211129,15:25,465.50,465.50,465.50,465.50,50,11075
20211129,15:26,471.25,471.25,471.25,471.25,25,11075
20211130,09:15,500.95,501.00,500.95,501.00,152,10775
20211130,09:17,511.90,511.90,511.90,511.90,150,10825
20211130,09:18,528.30,528.30,500.00,520.55,375,10825
20211130,09:19,526.80,526.80,526.80,526.80,25,10825
20211130,09:20,527.25,527.25,526.10,526.10,125,10825
20211130,09:21,534.70,534.70,534.70,534.70,25,10775
20211130,09:22,534.70,534.70,534.70,534.70,25,10775
20211130,09:30,542.30,542.30,542.30,542.30,25,10750
20211130,09:31,547.25,547.25,547.25,547.25,25,10750
20211130,09:32,558.25,558.25,558.25,558.25,25,10650
20211130,09:33,559.65,563.00,559.65,563.00,75,10650
20211130,09:34,570.90,591.50,570.90,589.20,150,10650
20211130,09:35,574.70,574.70,570.85,570.85,150,10700
20211130,09:36,560.25,560.25,560.25,560.25,25,10700
20211130,09:42,563.85,563.85,563.85,563.85,25,10700
20211130,09:44,566.70,570.25,566.70,570.25,400,10700
20211130,09:45,579.60,579.60,579.60,579.60,50,10700
20211130,09:48,588.15,588.15,588.15,588.15,75,11025
20211130,09:51,569.40,569.40,569.40,569.40,25,11100
20211130,09:52,574.60,575.60,574.60,575.60,100,11100
20211130,09:55,580.55,580.55,580.55,580.55,50,11175
20211130,09:57,593.60,597.50,593.60,597.50,100,11200
20211130,10:00,609.40,614.85,609.40,614.85,150,10875
20211130,10:01,615.75,624.55,615.75,624.55,125,10875
20211130,10:02,625.25,633.80,625.25,633.80,50,10875
20211130,10:03,646.70,646.70,646.70,646.70,25,10875
20211130,10:04,648.55,650.65,646.90,650.65,1100,10875
20211130,10:06,642.45,645.40,642.45,645.40,75,10775
20211130,10:08,652.70,652.70,652.70,652.70,25,10800
20211130,10:09,652.70,652.70,652.70,652.70,125,10800
20211130,10:11,651.30,651.30,651.30,651.30,25,10800
20211130,10:12,645.00,645.00,645.00,645.00,25,10850
20211130,10:13,631.30,631.30,631.30,631.30,50,10850
20211130,10:14,640.15,640.15,640.15,640.15,25,10850
20211130,10:15,645.50,647.00,645.50,647.00,75,10700
20211130,10:21,641.55,652.50,641.55,652.50,475,10700
20211130,10:22,662.65,665.40,662.65,665.40,175,10700
20211130,10:23,665.75,676.50,665.75,676.50,125,10975
20211130,10:24,676.50,676.50,674.70,676.50,100,10975
20211130,10:28,673.90,673.90,673.90,673.90,50,11000
20211130,10:30,673.90,673.90,670.60,670.60,50,11000
20211130,10:31,683.45,683.45,683.45,683.45,150,11000
20211130,10:32,693.55,693.55,693.55,693.55,25,11000
20211130,10:33,693.55,693.55,693.55,693.55,25,10850
20211130,10:34,688.80,688.80,688.80,688.80,25,10850
20211130,10:38,682.55,682.55,682.55,682.55,25,10800
20211130,10:39,676.20,676.20,674.05,674.05,75,10800
20211130,10:40,679.35,679.35,679.35,679.35,25,10800
20211130,10:41,681.00,687.80,681.00,681.90,100,10800
20211130,10:48,650.00,650.00,650.00,650.00,25,10700
20211130,10:49,657.85,657.85,643.05,643.05,125,10700
20211130,10:50,638.15,640.00,638.15,640.00,50,10700
20211130,10:51,633.15,639.40,633.15,638.05,75,10750
20211130,10:52,635.00,635.00,635.00,635.00,25,10750
20211130,10:54,634.05,634.05,631.75,632.85,125,10725
20211130,10:55,623.45,623.45,623.45,623.45,25,10725
20211130,10:56,613.45,613.45,613.45,613.45,50,10725
20211130,10:58,602.35,603.50,600.00,603.50,100,10650
20211130,11:04,595.10,595.10,595.10,595.10,50,10650
20211130,11:05,595.00,595.00,595.00,595.00,200,10650
20211130,11:07,572.45,572.45,572.45,572.45,25,10825
20211130,11:09,553.20,553.20,553.20,553.20,50,10850
20211130,11:10,540.00,540.00,540.00,540.00,200,10850
20211130,11:12,542.40,542.40,542.40,542.40,25,11050
20211130,11:15,523.30,523.30,523.30,523.30,25,11075
20211130,11:16,523.50,523.50,519.55,519.55,150,11075
20211130,11:18,527.95,527.95,525.50,525.50,125,11125
20211130,11:19,520.75,520.75,520.75,520.75,200,11125
20211130,11:24,501.00,501.00,487.70,487.70,250,11150
20211130,11:25,482.45,482.45,482.45,482.45,25,11150
20211130,11:26,482.45,482.45,482.45,482.45,25,11150
20211130,11:29,496.35,496.35,496.35,496.35,25,11250
20211130,11:30,489.65,489.65,489.65,489.65,25,11275
20211130,11:31,478.00,478.00,478.00,478.00,25,11275
20211130,11:32,470.00,470.00,470.00,470.00,200,11275
20211130,11:33,466.75,466.75,466.75,466.75,25,11325
20211130,11:34,466.75,466.75,464.70,464.70,100,11325
20211130,11:35,456.00,456.00,451.40,451.40,75,11325
20211130,11:37,451.40,458.50,451.40,458.50,850,11500
20211130,11:38,438.30,438.30,437.95,437.95,100,11500
20211130,11:39,434.30,452.10,434.30,452.10,100,11925
20211130,11:41,459.65,459.65,457.65,457.65,50,11925
20211130,11:42,461.40,461.40,460.25,460.25,50,12000
20211130,11:43,472.70,472.70,465.85,465.85,100,12000
20211130,11:44,457.40,464.45,457.40,464.45,50,12000
20211130,11:45,477.95,477.95,477.95,477.95,50,12025
20211130,11:46,473.75,473.75,473.75,473.75,25,12025
20211130,11:48,452.25,452.25,452.25,452.25,75,12025
20211130,11:49,472.80,474.90,472.80,474.90,50,12025
20211130,11:50,474.95,487.10,474.95,487.10,250,12025
20211130,11:51,485.45,485.45,485.45,485.45,75,12000
20211130,11:52,497.20,497.20,497.20,497.20,50,12000
20211130,11:53,493.60,493.60,493.60,493.60,75,12000
20211130,11:54,490.30,490.30,490.30,490.30,25,12025
20211130,11:56,485.00,485.00,485.00,485.00,150,12025
20211130,11:57,485.00,485.00,485.00,485.00,25,12025
20211130,11:58,480.60,480.60,480.60,480.60,25,11850
20211130,11:59,488.75,488.75,488.75,488.75,25,11850
20211130,12:00,488.95,488.95,488.95,488.95,25,11850
20211130,12:01,487.75,487.75,460.85,460.85,125,11850
20211130,12:03,475.00,475.00,475.00,475.00,25,11900
20211130,12:08,464.15,464.15,464.15,464.15,25,11900
20211130,12:14,477.50,477.50,477.50,477.50,25,11900
20211130,12:16,470.00,470.00,470.00,470.00,25,11900
20211130,12:18,477.35,477.35,477.35,477.35,50,11900
20211130,12:21,492.80,492.80,492.80,492.80,50,11900
20211130,12:22,491.75,491.75,491.75,491.75,50,11875
20211130,12:23,490.95,490.95,490.95,490.95,50,11875
20211130,12:24,490.00,490.00,490.00,490.00,25,11875
20211130,12:25,484.10,484.10,484.10,484.10,25,11925
20211130,12:29,476.55,476.55,476.55,476.55,25,11950
20211130,12:33,469.00,469.00,467.65,467.65,425,11850
20211130,12:34,470.45,470.45,470.45,470.45,25,11850
20211130,12:40,487.10,487.10,487.10,487.10,25,11850
20211130,12:41,489.25,490.05,484.70,484.70,125,11850
20211130,12:43,478.45,484.75,478.45,484.75,75,11900
20211130,12:47,490.05,490.05,490.05,490.05,25,11850
20211130,12:52,505.15,514.95,505.15,514.95,75,11875
20211130,12:53,519.15,519.15,519.15,519.15,25,11875
20211130,12:54,512.30,512.30,512.30,512.30,25,11875
20211130,12:56,508.25,508.25,508.25,508.25,50,11875
20211130,13:00,466.50,466.50,466.50,466.50,25,11800
20211130,13:01,470.00,470.00,470.00,470.00,100,11800
20211130,13:04,461.60,461.60,461.60,461.60,25,11875
20211130,13:05,464.90,464.90,464.90,464.90,175,11875
20211130,13:07,464.40,464.40,460.65,460.65,50,11800
20211130,13:08,452.35,452.35,452.35,452.35,25,11800
20211130,13:10,465.50,465.50,465.50,465.50,50,11825
20211130,13:11,460.00,460.00,457.95,457.95,75,11825
20211130,13:16,455.90,455.90,455.90,455.90,75,11900
20211130,13:17,457.70,457.70,457.70,457.70,25,11900
20211130,13:18,461.45,461.45,461.45,461.45,25,11900
20211130,13:19,460.00,460.00,460.00,460.00,100,11925
20211130,13:20,461.65,461.65,461.65,461.65,25,11925
20211130,13:21,469.95,469.95,469.95,469.95,25,11925
20211130,13:23,459.95,459.95,459.95,459.95,25,11975
20211130,13:33,463.45,463.45,463.45,463.45,25,11950
20211130,13:34,464.10,464.10,464.10,464.10,50,11950
20211130,13:38,471.10,471.10,471.10,471.10,25,11925
20211130,13:42,471.10,471.10,471.10,471.10,25,11950
20211130,13:43,466.00,467.45,466.00,467.45,100,11975
20211130,13:45,454.05,454.05,454.05,454.05,50,11975
20211130,13:46,447.60,447.60,447.60,447.60,25,11950
20211130,13:47,450.40,459.25,450.40,459.25,75,11950
20211130,13:48,461.90,461.90,461.90,461.90,25,11950
20211130,13:49,461.00,461.00,461.00,461.00,25,11850
20211130,13:51,469.30,469.30,469.30,469.30,25,11850
20211130,13:54,463.10,463.10,463.10,463.10,25,11900
20211130,13:56,467.35,475.85,467.35,475.85,50,11900
20211130,13:59,475.85,475.85,475.85,475.85,25,11825
20211130,14:00,484.10,484.10,484.10,484.10,75,11825
20211130,14:03,474.70,474.70,474.70,474.70,25,11825
20211130,14:06,463.90,463.90,463.90,463.90,25,11800
20211130,14:10,464.20,464.20,464.20,464.20,25,11775
20211130,14:11,457.20,457.20,457.20,457.20,25,11775
20211130,14:12,465.05,465.05,465.05,465.05,25,11775
20211130,14:13,467.30,467.30,467.30,467.30,25,11675
20211130,14:14,467.80,467.80,467.80,467.80,25,11675
20211130,14:19,457.20,457.20,457.20,457.20,25,11675
20211130,14:21,458.00,458.00,458.00,458.00,125,11675
20211130,14:22,460.00,460.00,450.00,450.00,100,11675
20211130,14:23,455.05,455.05,455.05,455.05,25,11675
20211130,14:24,465.00,465.25,465.00,465.25,175,11675
20211130,14:29,472.50,472.50,472.50,472.50,50,11525
20211130,14:30,472.55,472.55,472.55,472.55,25,11525
20211130,14:31,461.50,461.50,461.50,461.50,25,11475
20211130,14:33,462.65,462.65,462.65,462.65,25,11475
20211130,14:34,456.65,456.65,456.65,456.65,50,11500
20211130,14:37,447.95,447.95,447.95,447.95,25,11500
20211130,14:38,453.00,453.00,453.00,453.00,25,11500
20211130,14:39,432.65,432.65,432.65,432.65,50,11475
20211130,14:40,430.00,430.00,430.00,430.00,575,11475
20211130,14:41,428.60,428.60,428.60,428.60,275,11475
20211130,14:42,428.20,428.20,428.20,428.20,75,11475
20211130,14:43,441.20,441.20,441.20,441.20,25,12050
20211130,14:44,432.20,432.20,432.20,432.20,25,12050
20211130,14:45,436.75,436.75,436.75,436.75,75,12050
20211130,14:47,435.75,435.75,435.75,435.75,100,12100
20211130,14:48,441.50,441.50,441.50,441.50,50,12100
20211130,14:50,436.00,436.00,436.00,436.00,25,12100
20211130,14:53,418.25,418.25,418.25,418.25,50,12125
20211130,14:57,415.15,415.15,415.15,415.15,250,12100
20211130,14:58,417.10,417.10,417.10,417.10,125,12025
20211130,15:01,424.05,424.05,408.85,408.85,75,12025
20211130,15:02,400.00,400.00,400.00,400.00,50,12025
20211130,15:03,398.40,398.40,398.40,398.40,25,12025
20211130,15:05,398.00,398.00,392.05,392.05,75,12025
20211130,15:06,392.05,392.05,392.05,392.05,25,12025
20211130,15:07,392.05,392.05,392.05,392.05,25,12050
20211130,15:08,386.90,386.90,386.90,386.90,50,12050
20211130,15:09,390.20,390.20,390.20,390.20,25,12050
20211130,15:11,393.70,393.70,393.70,393.70,50,12100
20211130,15:13,400.00,400.00,395.00,395.00,225,12050
20211130,15:15,385.15,385.15,385.15,385.15,25,12050
20211130,15:16,385.15,385.15,385.15,385.15,750,12200
20211130,15:17,385.00,385.00,385.00,385.00,25,12200
20211130,15:20,381.35,381.35,378.60,378.60,50,12200
20211130,15:21,358.05,358.05,358.05,358.05,225,12200
20211130,15:22,375.00,375.00,375.00,375.00,175,12400
20211130,15:23,368.00,368.00,368.00,368.00,75,12400
20211130,15:24,360.50,360.50,360.50,360.50,200,12400
20211130,15:25,362.40,362.40,362.40,362.40,50,12450
20211130,15:26,360.00,360.00,360.00,360.00,25,12450
20211130,15:28,360.15,368.15,360.15,368.15,325,12475
20211130,15:29,356.30,356.30,356.30,356.30,225,12475
20211130,15:30,354.55,354.55,354.55,354.55,75,12475
20211201,09:15,437.55,437.55,437.55,437.55,151,12625
20211201,09:16,435.00,435.00,435.00,435.00,225,12625
20211201,09:17,465.95,465.95,465.80,465.80,200,12625
20211201,09:18,465.80,465.80,454.25,454.25,50,12700
20211201,09:19,450.00,466.75,450.00,466.75,125,12700
20211201,09:20,466.75,466.75,466.75,466.75,525,12675
20211201,09:21,470.30,470.30,470.30,470.30,50,12675
20211201,09:23,470.30,470.30,470.30,470.30,50,12675
20211201,09:24,470.30,470.30,433.25,463.35,625,12650
20211201,09:25,459.25,459.25,453.90,454.70,200,12650
20211201,09:27,449.90,449.90,449.90,449.90,200,12650
20211201,09:28,458.70,458.70,458.70,458.70,50,12650
20211201,09:29,468.35,473.25,468.35,473.25,50,12375
20211201,09:30,473.25,477.35,473.25,477.35,75,12375
20211201,09:31,478.40,478.40,478.40,478.40,25,12375
20211201,09:32,478.40,478.40,478.40,478.40,25,12300
20211201,09:33,463.25,463.25,463.25,463.25,25,12300
20211201,09:34,470.95,470.95,470.95,470.95,50,12300
20211201,09:37,475.45,475.45,475.45,475.45,100,11875
20211201,09:38,472.30,472.30,472.30,472.30,50,11925
20211201,09:39,471.40,471.40,471.40,471.40,75,11925
20211201,09:40,444.50,444.50,444.50,444.50,50,11925
20211201,09:41,448.70,448.70,448.70,448.70,25,11925
20211201,09:42,455.75,455.75,455.75,455.75,100,11850
20211201,09:43,445.85,448.80,445.85,448.80,200,11850
20211201,09:44,446.75,446.75,446.75,446.75,100,11850
20211201,09:45,440.85,440.85,429.55,429.55,50,11750
20211201,09:46,429.55,429.55,429.55,429.55,25,11750
20211201,09:47,442.40,442.40,441.35,441.35,50,11775
20211201,09:48,429.90,436.40,429.90,436.40,125,11775
20211201,09:49,434.80,434.80,434.80,434.80,75,11775
20211201,09:51,442.40,444.70,442.40,444.70,75,11625
20211201,09:52,452.20,452.20,452.20,452.20,25,11625
20211201,09:53,445.90,445.90,445.90,445.90,25,11625
20211201,09:54,439.25,439.25,439.25,439.25,100,11625
20211201,09:56,425.90,425.90,425.90,425.90,75,11625
20211201,10:00,427.10,427.10,427.10,427.10,25,11625
20211201,10:01,423.85,430.60,423.85,430.60,150,11625
20211201,10:03,433.05,433.05,433.05,433.05,150,11650
20211201,10:06,447.95,447.95,447.95,447.95,25,11700
20211201,10:07,433.90,433.90,433.90,433.90,25,11700
20211201,10:10,435.70,435.70,435.70,435.70,50,11650
20211201,10:12,436.15,436.15,436.15,436.15,50,11625
20211201,10:13,426.60,426.60,420.85,420.85,100,11625
20211201,10:14,420.85,420.85,420.85,420.85,25,11625
20211201,10:15,422.40,422.40,422.40,422.40,25,11625
20211201,10:18,425.60,425.60,422.90,422.90,50,11600
20211201,10:19,419.30,419.30,419.30,419.30,25,11600
20211201,10:21,412.35,412.35,412.35,412.35,50,11625
20211201,10:23,418.35,418.35,418.25,418.25,50,11625
20211201,10:24,426.35,426.35,426.35,426.35,25,11550
20211201,10:25,426.60,426.60,426.60,426.60,25,11550
20211201,10:27,431.55,431.55,431.55,431.55,25,11550
20211201,10:28,432.60,432.60,432.60,432.60,25,11550
20211201,10:32,438.55,438.55,438.55,438.55,25,11600
20211201,10:37,474.05,474.05,474.05,474.05,75,11625
20211201,10:39,474.00,474.00,474.00,474.00,100,11650
20211201,10:41,482.25,482.25,482.25,482.25,200,11650
20211201,10:42,476.95,479.95,476.95,479.95,75,11600
20211201,10:43,481.45,481.45,481.45,481.45,25,11600
20211201,10:45,480.00,480.00,480.00,480.00,125,11525
20211201,10:46,477.05,477.05,477.05,477.05,25,11525
20211201,10:48,471.25,471.25,471.25,471.25,25,11525
20211201,10:50,480.45,480.45,480.45,480.45,500,11525
20211201,10:52,481.75,481.75,481.75,481.75,50,11875
20211201,10:56,475.55,475.55,475.55,475.55,25,11875
20211201,10:58,482.10,482.10,482.10,482.10,25,11900
20211201,10:59,484.90,484.90,484.90,484.90,25,11900
20211201,11:00,484.90,484.90,484.90,484.90,100,11900
20211201,11:05,486.80,486.80,486.80,486.80,100,11975
20211201,11:06,486.80,486.80,486.80,486.80,100,12025
20211201,11:10,499.95,500.60,499.95,500.60,100,12000
20211201,11:13,525.50,525.50,525.50,525.50,100,12000
20211201,11:14,532.75,532.75,532.75,532.75,25,12000
20211201,11:15,532.75,532.75,532.75,532.75,50,12000
20211201,11:16,521.30,521.30,521.30,521.30,25,12000
20211201,11:19,528.25,528.25,528.25,528.25,25,12000
20211201,11:27,547.80,547.80,547.80,547.80,25,12000
20211201,11:28,547.80,547.80,547.80,547.80,25,12000
20211201,11:31,538.25,538.25,524.80,524.80,50,11950
20211201,11:32,515.10,515.10,515.10,515.10,100,11950
20211201,11:33,516.45,516.45,516.45,516.45,50,11975
20211201,11:34,513.55,513.55,513.55,513.55,25,11975
20211201,11:40,535.45,535.45,535.45,535.45,25,11975
20211201,11:41,546.45,546.45,546.45,546.45,75,11975
20211201,11:43,543.75,543.75,543.75,543.75,25,12025
20211201,11:45,537.40,537.40,537.40,537.40,150,12000
20211201,11:46,544.90,544.90,544.90,544.90,25,12000
20211201,11:51,528.30,528.30,528.30,528.30,25,12000
20211201,11:59,560.00,560.00,560.00,560.00,100,11925
20211201,12:02,572.45,572.45,572.45,572.45,75,11950
20211201,12:03,572.45,572.45,572.45,572.45,25,11950
20211201,12:05,565.80,565.80,554.40,554.40,75,11950
20211201,12:07,547.00,547.00,546.95,546.95,75,11950
20211201,12:08,546.95,546.95,546.95,546.95,25,11950
20211201,12:09,554.00,554.00,554.00,554.00,25,11925
20211201,12:14,519.00,519.00,519.00,519.00,75,11950
20211201,12:16,513.45,513.45,513.45,513.45,50,11975
20211201,12:17,512.00,512.00,512.00,512.00,25,11975
20211201,12:18,512.00,512.00,512.00,512.00,25,11975
20211201,12:20,500.25,500.25,500.25,500.25,25,11975
20211201,12:22,519.95,519.95,513.60,513.60,100,12000
20211201,12:23,516.95,516.95,516.95,516.95,25,12000
20211201,12:25,516.80,516.80,516.80,516.80,50,11975
20211201,12:26,511.25,511.25,511.25,511.25,25,11975
20211201,12:28,516.50,516.50,516.50,516.50,25,12000
20211201,12:29,512.55,512.55,512.55,512.55,25,12000
20211201,12:32,528.30,528.30,528.30,528.30,25,11975
20211201,12:33,508.35,508.35,508.35,508.35,50,11950
20211201,12:34,492.30,492.30,492.30,492.30,100,11950
20211201,12:35,481.10,481.10,481.10,481.10,25,11950
20211201,12:37,492.30,492.30,492.30,492.30,100,12000
20211201,12:40,489.20,489.20,489.20,489.20,75,12000
20211201,12:41,497.20,497.20,497.20,497.20,25,12000
20211201,12:43,507.00,507.00,507.00,507.00,25,12000
20211201,12:46,514.45,514.45,510.40,510.40,50,12025
20211201,12:52,512.55,512.55,512.55,512.55,25,12025
20211201,12:54,530.35,530.35,530.35,530.35,25,12025
20211201,12:56,537.80,537.80,537.80,537.80,25,11975
20211201,12:57,534.70,540.70,534.70,540.70,75,12025
20211201,12:58,539.35,539.35,539.35,539.35,25,12025
20211201,13:00,538.50,538.50,538.50,538.50,50,12025
20211201,13:02,536.80,536.80,536.80,536.80,25,11975
20211201,13:07,520.80,520.80,520.80,520.80,25,11975
20211201,13:09,513.45,513.45,513.45,513.45,25,11975
20211201,13:10,502.75,502.75,502.75,502.75,25,11975
20211201,13:11,513.00,513.00,513.00,513.00,25,11975
20211201,13:14,526.85,526.85,526.85,526.85,25,11975
20211201,13:17,512.95,512.95,512.95,512.95,25,12000
20211201,13:18,511.30,511.30,511.30,511.30,25,12000
20211201,13:25,509.75,509.75,509.75,509.75,25,11975
20211201,13:28,509.75,509.75,499.30,499.30,50,11975
20211201,13:29,499.85,499.85,499.85,499.85,25,11975
20211201,13:31,537.25,537.25,480.00,481.65,350,12000
20211201,13:32,485.95,490.20,485.95,490.20,50,12000
20211201,13:33,504.80,504.80,504.80,504.80,25,12000
20211201,13:35,517.20,517.20,508.60,508.60,75,12050
20211201,13:36,508.50,508.50,508.50,508.50,50,12100
20211201,13:37,514.80,514.80,514.80,514.80,25,12100
20211201,13:40,506.45,506.45,506.45,506.45,25,12075
20211201,13:41,508.00,508.00,508.00,508.00,25,12075
20211201,13:44,501.60,501.60,501.60,501.60,25,12100
20211201,13:45,499.30,499.30,499.30,499.30,25,12075
20211201,13:48,498.55,498.55,498.55,498.55,25,12075
20211201,13:53,490.55,490.55,483.35,483.35,100,12075
20211201,13:54,485.35,485.35,483.45,483.45,50,12075
20211201,13:55,496.25,496.25,496.25,496.25,25,12075
20211201,13:56,493.35,493.35,493.35,493.35,25,12075
20211201,14:00,512.85,512.85,512.85,512.85,50,12075
20211201,14:01,488.75,488.75,488.75,488.75,25,12100
20211201,14:02,501.00,501.00,501.00,501.00,25,12100
20211201,14:06,499.55,499.55,499.55,499.55,50,12075
20211201,14:14,487.80,487.80,475.25,475.25,75,12100
20211201,14:15,476.65,476.65,476.65,476.65,25,12100
20211201,14:16,469.10,469.10,458.20,458.20,150,12075
20211201,14:17,450.05,460.20,450.05,460.20,50,12075
20211201,14:18,454.90,454.90,454.90,454.90,50,12075
20211201,14:19,464.75,464.75,464.75,464.75,50,12125
20211201,14:21,493.10,493.10,484.45,484.45,75,12125
20211201,14:22,487.50,487.50,487.50,487.50,25,12100
20211201,14:23,485.90,493.05,485.90,493.05,75,12100
20211201,14:24,494.05,494.05,494.05,494.05,25,12100
20211201,14:25,502.30,502.30,502.30,502.30,25,12125
20211201,14:28,513.55,513.55,513.55,513.55,25,12125
20211201,14:30,534.50,534.50,534.50,534.50,50,12125
20211201,14:33,532.15,532.15,532.15,532.15,25,12100
20211201,14:36,531.30,531.30,531.30,531.30,25,12050
20211201,14:38,532.00,532.00,532.00,532.00,25,12050
20211201,14:40,535.00,535.00,535.00,535.00,25,12075
20211201,14:43,549.00,549.00,549.00,549.00,25,12075
20211201,14:44,549.35,549.35,549.35,549.35,100,12075
20211201,14:47,559.65,563.55,559.65,563.55,75,12150
20211201,14:48,564.00,564.00,564.00,564.00,25,12150
20211201,14:49,575.00,580.75,575.00,580.75,150,12150
20211201,14:50,581.65,581.65,581.65,581.65,25,12150
20211201,14:51,588.30,588.30,580.00,580.00,250,12150
20211201,14:53,567.10,573.85,567.10,573.85,50,12100
20211201,14:58,574.75,574.75,574.75,574.75,25,12025
20211201,14:59,574.80,574.80,574.80,574.80,25,12025
20211201,15:00,565.65,566.00,565.65,566.00,50,12025
20211201,15:04,566.00,566.00,566.00,566.00,25,11875
20211201,15:06,556.60,556.60,556.60,556.60,75,11875
20211201,15:09,571.45,571.45,571.45,571.45,25,11875
20211201,15:10,577.60,577.60,577.60,577.60,50,11875
20211201,15:11,579.35,579.35,579.35,579.35,100,11875
20211201,15:16,557.00,557.00,553.25,553.25,200,11975
20211201,15:21,553.25,560.00,553.25,560.00,50,11875
20211201,15:27,559.85,560.05,559.85,560.05,100,11850
20211201,15:28,555.20,560.85,555.20,560.85,50,11850
20211202,09:15,504.05,504.05,504.05,504.05,26,11825
20211202,09:16,513.35,513.35,513.35,513.35,75,11825
20211202,09:19,550.15,550.15,550.15,550.15,25,11825
20211202,09:20,563.35,563.35,550.15,553.10,225,11900
20211202,09:25,505.00,505.00,505.00,505.00,100,11925
20211202,09:32,566.95,566.95,566.95,566.95,25,11925
20211202,09:33,566.95,566.95,545.00,545.00,950,11950
20211202,09:41,550.15,550.15,550.15,550.15,25,12700
20211202,09:42,563.35,563.35,563.35,563.35,150,12700
20211202,09:44,563.95,563.95,557.00,557.00,50,12700
20211202,09:45,545.00,545.00,545.00,545.00,25,12725
20211202,09:46,542.75,542.75,542.75,542.75,25,12725
20211202,09:53,567.35,567.35,567.35,567.35,100,12725
20211202,09:54,567.35,567.35,567.35,567.35,25,12750
20211202,09:55,562.75,563.00,562.75,563.00,825,12750
20211202,09:58,561.00,561.00,561.00,561.00,25,12425
20211202,10:00,548.30,548.30,548.30,548.30,200,12425
20211202,10:01,535.70,535.70,535.70,535.70,75,12425
20211202,10:03,535.05,535.05,535.05,535.05,100,12525
20211202,10:04,538.85,538.85,538.85,538.85,25,12525
20211202,10:07,546.15,546.15,546.15,546.15,25,12675
20211202,10:09,540.00,540.00,540.00,540.00,25,12675
20211202,10:12,553.35,553.35,553.35,553.35,50,12650
20211202,10:15,562.15,562.15,562.15,562.15,25,12650
20211202,10:16,569.90,569.95,569.90,569.95,50,12650
20211202,10:17,569.95,569.95,569.95,569.95,25,12650
20211202,10:19,551.95,551.95,551.95,551.95,25,12550
20211202,10:20,547.90,547.90,547.90,547.90,25,12550
20211202,10:21,558.70,558.70,558.70,558.70,75,12575
20211202,10:22,551.60,551.60,551.60,551.60,50,12575
20211202,10:25,549.75,549.75,549.75,549.75,25,12600
20211202,10:26,554.90,554.90,554.90,554.90,25,12600
20211202,10:27,562.50,562.50,562.50,562.50,25,12600
20211202,10:28,562.35,562.35,562.35,562.35,25,12600
20211202,10:29,560.45,560.45,560.45,560.45,25,12600
20211202,10:32,592.30,592.30,570.75,570.75,100,12575
20211202,10:48,582.00,582.00,582.00,582.00,25,12550
20211202,10:49,580.00,580.00,580.00,580.00,25,12550
20211202,10:52,548.80,548.80,546.30,546.30,150,12575
20211202,10:57,544.00,544.00,544.00,544.00,400,12525
20211202,11:05,551.40,551.40,551.40,551.40,25,12375
20211202,11:18,564.75,564.75,564.75,564.75,25,12350
20211202,11:21,589.00,589.00,589.00,589.00,25,12350
20211202,11:29,588.15,588.15,588.15,588.15,25,12350
20211202,11:30,600.00,600.00,600.00,600.00,50,12350
20211202,11:31,600.00,600.00,600.00,600.00,25,12350
20211202,11:38,590.40,590.65,587.80,590.65,225,12325
20211202,11:41,591.50,591.50,591.50,591.50,25,12325
20211202,11:44,577.00,577.00,577.00,577.00,25,12300
20211202,11:45,569.25,569.25,567.05,567.05,75,12325
20211202,11:46,572.20,572.20,572.20,572.20,25,12325
20211202,11:49,560.95,560.95,560.95,560.95,25,12325
20211202,11:50,559.40,559.40,559.40,559.40,25,12325
20211202,11:55,541.70,541.70,541.70,541.70,50,12300
20211202,11:56,542.85,545.45,542.85,545.45,75,12300
20211202,11:57,544.85,544.85,544.85,544.85,50,12325
20211202,12:01,547.10,547.10,547.10,547.10,25,12275
20211202,12:03,550.00,550.00,550.00,550.00,50,12275
20211202,12:04,548.00,548.00,548.00,548.00,25,12250
20211202,12:08,542.85,542.85,542.85,542.85,25,12275
20211202,12:10,553.85,553.85,546.05,546.05,50,12275
20211202,12:11,548.20,548.20,548.20,548.20,25,12275
20211202,12:12,539.60,539.60,539.60,539.60,25,12275
20211202,12:13,539.05,539.05,539.05,539.05,25,12275
20211202,12:14,537.15,537.15,530.75,530.75,50,12275
20211202,12:21,520.00,520.00,520.00,520.00,25,12300
20211202,12:23,520.00,520.00,520.00,520.00,25,12275
20211202,12:24,530.00,530.00,530.00,530.00,25,12275
20211202,12:29,524.05,524.05,524.05,524.05,25,12275
20211202,12:31,529.95,529.95,529.95,529.95,75,12250
20211202,12:40,514.10,514.10,508.25,508.25,50,12300
20211202,12:42,514.35,514.35,514.35,514.35,50,12200
20211202,12:43,523.65,523.65,523.65,523.65,50,12200
20211202,12:46,526.45,526.45,526.45,526.45,25,12175
20211202,12:47,516.10,516.10,516.10,516.10,75,12175
20211202,12:49,520.05,520.05,520.05,520.05,50,12200
20211202,12:50,532.05,532.05,532.05,532.05,50,12200
20211202,12:54,527.00,527.00,527.00,527.00,25,12225
20211202,12:57,539.00,539.00,539.00,539.00,75,12175
20211202,12:58,539.00,539.00,539.00,539.00,100,12175
20211202,13:11,531.95,531.95,531.95,531.95,25,12125
20211202,13:12,523.25,523.25,523.25,523.25,25,12125
20211202,13:13,512.75,512.75,512.75,512.75,75,12125
20211202,13:14,496.15,509.40,496.15,509.40,75,12125
20211202,13:15,519.00,519.00,519.00,519.00,25,12125
20211202,13:19,521.20,521.20,521.20,521.20,25,12025
20211202,13:22,521.60,521.60,521.60,521.60,25,12025
20211202,13:28,522.65,522.65,522.65,522.65,50,12000
20211202,13:32,533.85,533.85,533.85,533.85,25,11950
20211202,13:33,531.65,531.65,531.65,531.65,25,11950
20211202,13:34,524.90,524.90,524.90,524.90,50,11975
20211202,13:45,544.00,544.00,544.00,544.00,275,11900
20211202,13:46,545.85,545.85,545.85,545.85,75,12075
20211202,13:48,545.30,545.30,545.30,545.30,50,12075
20211202,13:57,528.30,528.30,528.30,528.30,25,11900
20211202,14:00,530.55,530.55,530.55,530.55,25,11825
20211202,14:03,512.05,512.05,512.05,512.05,50,11825
20211202,14:07,515.85,522.20,515.85,522.20,50,11825
20211202,14:08,518.35,518.35,518.35,518.35,25,11825
20211202,14:12,516.55,516.55,516.55,516.55,25,11825
20211202,14:20,522.45,522.45,522.45,522.45,100,11800
20211202,14:24,528.80,528.80,528.80,528.80,50,11725
20211202,14:26,533.50,533.50,533.50,533.50,25,11750
20211202,14:30,545.10,545.10,545.10,545.10,25,11750
20211202,14:36,539.75,539.75,539.75,539.75,50,11750
20211202,14:39,549.45,549.45,549.45,549.45,25,11750
20211202,14:41,555.00,555.00,553.70,553.70,50,11775
20211202,14:42,559.80,559.80,559.80,559.80,25,11775
20211202,14:44,540.40,540.40,540.40,540.40,25,11825
20211202,14:48,550.00,550.00,550.00,550.00,25,11800
20211202,14:51,535.95,535.95,535.95,535.95,25,11825
20211202,14:52,535.95,539.00,535.95,539.00,75,11825
20211202,14:54,548.25,548.25,548.25,548.25,50,11825
20211202,14:57,553.40,553.40,552.20,552.20,100,11850
20211202,14:58,547.35,547.35,547.35,547.35,25,11925
20211202,15:01,555.95,560.85,555.95,560.85,50,11900
20211202,15:02,555.00,555.00,555.00,555.00,25,11900
20211202,15:04,566.10,566.10,557.20,565.00,250,11900
20211202,15:05,560.20,560.20,560.20,560.20,25,11900
20211202,15:06,567.45,567.45,561.85,561.85,50,11900
20211202,15:07,552.80,552.80,552.80,552.80,25,11800
20211202,15:08,550.55,550.55,550.55,550.55,50,11800
20211202,15:10,553.75,555.90,553.75,555.90,50,11750
20211202,15:16,560.00,562.05,560.00,562.05,50,11775
20211202,15:17,558.50,563.85,558.50,563.85,50,11775
20211202,15:18,563.95,572.95,563.95,572.95,225,11775
20211202,15:19,573.05,580.90,573.05,580.90,50,11700
20211202,15:20,582.35,587.85,582.35,587.85,75,11700
20211202,15:21,591.70,591.70,583.20,583.20,225,11700
20211202,15:22,579.50,579.50,579.50,579.50,25,11675
20211202,15:23,574.95,580.85,574.95,580.85,75,11675
20211202,15:24,586.95,586.95,583.65,583.65,50,11700
20211202,15:25,586.50,586.55,577.25,577.25,125,11700
20211202,15:28,580.00,586.95,580.00,586.95,75,11675
20211202,15:29,590.00,590.00,590.00,590.00,275,11675
20211203,09:15,574.95,616.80,574.95,604.85,378,11875
20211203,09:16,630.00,630.00,630.00,630.00,225,11875
20211203,09:17,649.95,649.95,631.45,631.45,150,11875
20211203,09:18,631.50,631.50,631.50,631.50,425,11875
20211203,09:19,650.00,662.85,650.00,660.50,175,11875
20211203,09:20,660.50,664.70,660.50,664.70,75,11875
20211203,09:21,664.70,683.90,664.00,683.90,275,11750
20211203,09:22,687.15,692.10,679.35,679.35,275,11750
20211203,09:23,690.00,690.00,683.75,683.75,100,11850
20211203,09:24,683.75,683.75,672.60,672.60,50,11850
20211203,09:25,662.85,662.85,662.85,662.85,25,11850
20211203,09:26,695.00,695.00,695.00,695.00,25,11850
20211203,09:28,695.00,695.00,695.00,695.00,25,11850
20211203,09:29,693.20,693.20,693.20,693.20,100,11625
20211203,09:30,685.10,685.10,683.05,683.05,100,11625
20211203,09:31,677.10,677.10,677.10,677.10,25,11625
20211203,09:32,675.00,675.00,675.00,675.00,25,11625
20211203,09:33,700.00,714.25,700.00,714.25,125,11650
20211203,09:34,714.25,714.25,710.80,710.80,50,11650
20211203,09:36,696.75,696.75,696.75,696.75,25,11700
20211203,09:39,694.10,694.10,694.10,694.10,25,11675
20211203,09:41,670.00,678.00,670.00,678.00,75,11600
20211203,09:42,661.65,661.65,638.45,638.45,200,11600
20211203,09:43,648.00,648.00,643.65,643.65,50,11600
20211203,09:46,646.85,646.85,646.85,646.85,75,11550
20211203,09:48,652.70,652.70,652.70,652.70,25,11500
20211203,09:49,657.05,657.05,657.05,657.05,50,11500
20211203,09:50,658.05,658.05,658.05,658.05,25,11500
20211203,09:51,650.00,650.00,650.00,650.00,25,11475
20211203,09:52,634.40,634.40,634.40,634.40,25,11475
20211203,09:53,628.90,628.90,628.90,628.90,25,11500
20211203,09:54,611.15,612.45,598.50,598.50,150,11500
20211203,09:55,604.00,609.45,595.55,609.45,75,11500
20211203,09:57,609.45,609.45,609.45,609.45,25,11475
20211203,10:01,594.50,594.50,594.50,594.50,50,11475
20211203,10:02,614.00,614.00,614.00,614.00,100,11475
20211203,10:03,600.00,600.00,596.85,596.85,125,11475
20211203,10:04,596.85,596.85,596.85,596.85,100,11475
20211203,10:05,609.00,609.00,609.00,609.00,25,11475
20211203,10:06,624.80,624.80,624.80,624.80,25,11425
20211203,10:07,617.90,617.90,617.90,617.90,25,11425
20211203,10:08,617.90,617.90,617.90,617.90,25,11425
20211203,10:09,606.10,606.10,600.00,600.00,75,11450
20211203,10:10,591.45,591.45,591.45,591.45,25,11450
20211203,10:11,585.35,585.35,585.35,585.35,25,11450
20211203,10:14,604.60,604.60,604.60,604.60,25,11525
20211203,10:15,592.00,592.00,592.00,592.00,25,11525
20211203,10:18,580.35,580.35,570.00,574.15,250,11525
20211203,10:27,592.40,592.40,592.40,592.40,100,11600
20211203,10:29,593.55,593.55,593.55,593.55,100,11600
20211203,10:34,594.80,594.80,594.80,594.80,50,11425
20211203,10:40,600.55,600.55,600.55,600.55,25,11475
20211203,10:42,597.75,597.75,597.75,597.75,25,11475
20211203,10:47,612.30,612.30,610.25,610.25,75,11475
20211203,10:50,613.35,613.35,613.35,613.35,50,11475
20211203,10:51,629.10,629.10,629.10,629.10,25,11400
20211203,10:52,621.25,621.25,621.25,621.25,50,11400
20211203,10:53,620.00,620.00,620.00,620.00,25,11400
20211203,10:55,612.90,612.90,612.90,612.90,25,11400
20211203,10:59,615.00,615.00,615.00,615.00,25,11400
20211203,11:09,620.50,628.20,620.50,628.20,150,11400
20211203,11:10,630.00,630.00,630.00,630.00,50,11400
20211203,11:15,645.60,645.60,645.60,645.60,50,11350
20211203,11:18,633.85,633.85,633.85,633.85,25,11400
20211203,11:19,625.00,625.00,625.00,625.00,50,11400
20211203,11:31,614.00,614.00,614.00,614.00,25,11425
20211203,11:32,618.65,618.65,618.65,618.65,50,11425
20211203,11:35,618.15,618.15,618.15,618.15,25,11400
20211203,11:37,614.85,614.85,614.85,614.85,25,11400
20211203,11:44,623.90,623.90,623.90,623.90,50,11400
20211203,11:46,623.90,623.90,623.90,623.90,25,11400
20211203,11:47,624.75,624.75,624.75,624.75,25,11400
20211203,11:52,614.25,614.25,614.25,614.25,25,11425
20211203,11:56,620.45,620.45,620.45,620.45,150,11400
20211203,11:57,605.30,605.30,600.95,600.95,50,11550
20211203,11:58,606.50,606.50,606.50,606.50,50,11550
20211203,11:59,602.50,602.50,602.50,602.50,25,11550
20211203,12:01,597.65,597.65,597.65,597.65,25,11500
20211203,12:03,599.40,599.40,599.40,599.40,25,11500
20211203,12:08,587.70,587.70,587.70,587.70,25,11500
20211203,12:20,590.60,590.60,590.60,590.60,50,11500
20211203,12:25,573.35,573.40,571.40,571.40,125,11450
20211203,12:32,550.00,550.00,542.75,542.75,75,11475
20211203,12:33,536.60,536.60,536.60,536.60,25,11500
20211203,12:38,536.60,536.60,536.60,536.60,25,11500
20211203,12:41,548.15,548.15,539.85,539.85,50,11500
20211203,12:43,525.20,525.20,525.20,525.20,25,11450
20211203,12:44,520.75,520.75,507.05,507.05,75,11450
20211203,12:45,504.40,504.40,500.50,500.50,75,11525
20211203,12:48,500.50,500.50,500.00,500.00,150,11575
20211203,12:51,500.00,500.00,500.00,500.00,100,11575
20211203,12:52,506.90,506.90,506.90,506.90,25,11575
20211203,12:53,506.90,506.90,506.90,506.90,25,11575
20211203,12:54,498.40,498.75,498.40,498.75,150,11550
20211203,12:56,515.35,516.35,515.35,516.35,100,11550
20211203,12:57,513.20,513.20,513.20,513.20,25,11550
20211203,12:58,500.00,500.00,500.00,500.00,25,11550
20211203,13:00,509.70,509.70,509.70,509.70,275,11550
20211203,13:10,499.95,499.95,499.95,499.95,100,11625
20211203,13:15,501.20,501.20,501.20,501.20,25,11550
20211203,13:16,508.80,508.80,508.80,508.80,100,11550
20211203,13:25,500.00,500.00,500.00,500.00,25,11375
20211203,13:26,498.70,498.70,498.70,498.70,50,11375
20211203,13:34,483.05,483.05,482.30,482.30,225,11400
20211203,13:36,482.30,482.30,482.30,482.30,75,11400
20211203,13:37,484.60,484.60,484.60,484.60,150,11525
20211203,13:40,488.30,492.00,488.30,492.00,50,11600
20211203,13:44,474.00,474.00,474.00,474.00,325,11625
20211203,13:45,479.75,479.75,479.75,479.75,25,11850
20211203,13:49,493.00,493.00,493.00,493.00,25,11825
20211203,13:50,493.00,493.00,493.00,493.00,25,11825
20211203,13:54,501.00,501.15,501.00,501.15,75,11775
20211203,13:55,498.70,498.80,498.70,498.80,75,11775
20211203,13:57,495.00,495.00,495.00,495.00,100,11700
20211203,13:58,497.00,502.25,497.00,502.25,50,11700
20211203,14:01,477.95,477.95,477.95,477.95,25,11725
20211203,14:04,491.20,491.20,491.20,491.20,25,11700
20211203,14:09,484.00,484.00,484.00,484.00,175,11700
20211203,14:13,470.20,470.20,470.20,470.20,25,11750
20211203,14:14,470.20,470.20,470.00,470.00,150,11750
20211203,14:15,460.00,460.00,460.00,460.00,150,11750
20211203,14:18,452.65,452.65,452.65,452.65,50,11675
20211203,14:19,450.25,450.25,450.25,450.25,100,11700
20211203,14:22,458.45,458.45,458.45,458.45,50,11625
20211203,14:24,451.65,454.80,451.65,454.80,50,11625
20211203,14:29,444.25,444.25,441.55,441.55,50,11625
20211203,14:32,430.85,430.85,430.85,430.85,75,11600
20211203,14:34,440.30,440.30,440.30,440.30,25,11650
20211203,14:35,442.30,442.30,442.30,442.30,25,11650
20211203,14:38,440.00,440.25,440.00,440.25,400,11650
20211203,14:39,435.00,435.00,435.00,435.00,100,11650
20211203,14:41,431.00,431.00,429.05,429.05,75,12100
20211203,14:42,421.55,421.55,421.55,421.55,100,12100
20211203,14:43,417.65,417.65,417.65,417.65,50,12175
20211203,14:44,426.05,426.05,426.05,426.05,75,12175
20211203,14:45,426.55,426.55,426.55,426.55,25,12175
20211203,14:46,427.85,427.85,424.90,424.90,50,12175
20211203,14:47,420.00,421.75,419.20,419.20,100,12175
20211203,14:49,431.20,431.20,431.20,431.20,25,12200
20211203,14:51,435.50,435.50,435.10,435.10,50,11950
20211203,14:53,437.00,437.00,437.00,437.00,50,11950
20211203,14:54,444.75,444.75,444.75,444.75,25,11950
20211203,14:57,439.25,439.25,439.25,439.25,25,11950
20211203,15:00,456.65,456.65,432.00,432.00,75,11725
20211203,15:01,438.00,438.00,438.00,438.00,125,11725
20211203,15:02,436.45,436.45,436.45,436.45,25,11725
20211203,15:04,436.45,436.45,430.85,430.85,75,11850
20211203,15:05,433.50,433.50,430.95,432.85,175,11850
20211203,15:06,432.85,436.35,430.95,430.95,175,11850
20211203,15:07,432.85,433.55,432.85,433.55,250,12000
20211203,15:08,438.75,438.75,436.15,436.15,150,12000
20211203,15:09,433.30,433.30,433.30,433.30,25,12000
20211203,15:10,440.45,444.65,440.45,444.65,100,12150
20211203,15:11,440.10,440.10,440.10,440.10,75,12150
20211203,15:12,436.80,454.55,436.80,454.55,75,12050
20211203,15:13,452.65,452.65,450.15,451.40,350,12050
20211203,15:14,449.70,453.70,449.70,453.70,125,12050
20211203,15:15,456.00,464.00,456.00,464.00,200,12050
20211203,15:18,463.90,463.90,463.90,463.90,275,11925
20211203,15:19,459.95,461.60,459.95,461.60,100,11900
20211203,15:20,454.85,454.85,454.85,454.85,50,11900
20211203,15:21,470.80,471.65,470.80,471.65,50,11900
20211203,15:24,483.45,483.45,478.85,478.85,100,12000
20211203,15:25,476.55,476.55,476.55,476.55,25,12000
20211203,15:27,450.35,453.90,450.35,451.65,175,12000
20211203,15:28,452.00,452.00,452.00,452.00,25,11925
20211203,15:29,450.70,450.70,450.70,450.70,25,11925
20211206,09:17,408.45,408.45,408.45,408.45,26,11950
20211206,09:19,397.25,397.25,397.25,397.25,150,11975
20211206,09:20,397.25,420.85,397.25,420.85,75,12000
20211206,09:21,420.85,420.85,420.85,420.85,25,12000
20211206,09:22,407.30,432.30,407.30,432.30,75,12000
20211206,09:23,432.30,432.30,419.20,419.20,100,12025
20211206,09:25,414.90,414.90,414.90,414.90,25,12025
20211206,09:26,416.25,416.25,416.25,416.25,25,12025
20211206,09:28,407.55,407.55,407.55,407.55,25,12050
20211206,09:29,392.50,392.50,392.50,392.50,100,12075
20211206,09:30,390.15,390.15,390.15,390.15,50,12075
20211206,09:31,390.15,390.15,390.15,390.15,50,12075
20211206,09:32,382.25,382.25,382.25,382.25,50,12025
20211206,09:33,371.65,371.65,367.50,367.50,50,12025
20211206,09:34,367.50,377.65,367.50,377.65,75,12025
20211206,09:35,367.40,367.40,367.40,367.40,50,12025
20211206,09:36,367.40,367.40,365.90,365.90,250,12050
20211206,09:37,362.65,362.65,362.65,362.65,25,12050
20211206,09:45,362.65,419.35,362.65,419.35,75,11950
20211206,09:47,433.00,433.00,433.00,433.00,75,11850
20211206,09:48,433.65,433.65,433.65,433.65,75,11850
20211206,09:49,435.30,435.80,435.30,435.80,350,11850
20211206,09:50,425.25,428.90,425.25,428.90,150,12250
20211206,09:51,425.00,436.35,425.00,436.35,75,12250
20211206,09:52,436.35,436.35,436.35,436.35,25,12250
20211206,09:53,421.10,421.10,421.10,421.10,75,12250
20211206,09:54,424.25,427.60,424.25,426.65,150,12250
20211206,09:55,420.10,420.10,420.10,420.10,50,12250
20211206,09:58,429.00,429.00,429.00,429.00,50,12225
20211206,10:00,436.50,436.50,436.50,436.50,25,12225
20211206,10:01,436.50,436.50,436.50,436.50,25,12225
20211206,10:04,435.35,435.35,426.05,426.05,150,12250
20211206,10:06,453.90,474.05,453.90,474.05,225,12350
20211206,10:07,488.50,488.50,488.50,488.50,425,12350
20211206,10:08,488.95,488.95,488.95,488.95,50,12200
20211206,10:09,485.20,489.05,485.20,489.05,225,12200
20211206,10:10,489.05,489.05,489.05,489.05,25,12200
20211206,10:11,489.05,489.05,478.00,478.00,75,12225
20211206,10:12,463.70,463.70,463.70,463.70,50,12225
20211206,10:13,463.75,463.75,456.75,456.75,50,12225
20211206,10:14,456.65,456.65,456.65,456.65,25,12225
20211206,10:16,447.85,455.00,447.85,455.00,50,12125
20211206,10:17,452.15,452.15,452.15,452.15,50,12125
20211206,10:18,445.05,445.05,445.05,445.05,50,11975
20211206,10:19,445.70,446.20,445.70,446.20,100,11975
20211206,10:30,478.55,478.55,478.55,478.55,25,12050
20211206,10:33,463.00,463.00,463.00,463.00,25,12025
20211206,10:34,468.30,468.30,468.30,468.30,25,12025
20211206,10:37,479.40,479.40,479.40,479.40,50,12075
20211206,10:38,472.30,472.30,472.30,472.30,25,12075
20211206,10:40,484.80,495.00,484.80,495.00,100,12100
20211206,10:41,495.00,495.00,495.00,495.00,25,12100
20211206,10:42,495.55,495.55,495.55,495.55,50,12125
20211206,10:45,499.10,499.10,499.10,499.10,25,12150
20211206,10:47,499.10,499.10,499.10,499.10,250,12150
20211206,10:49,470.45,470.45,465.20,465.20,50,12300
20211206,10:50,465.30,465.30,456.30,456.30,400,12300
20211206,10:52,468.30,468.30,468.30,468.30,25,12475
20211206,10:53,466.15,466.15,465.75,465.75,75,12475
20211206,10:54,468.70,468.70,468.70,468.70,25,12525
20211206,10:55,463.95,463.95,463.95,463.95,50,12525
20211206,10:56,456.55,456.55,456.55,456.55,150,12525
20211206,10:57,452.85,452.85,452.85,452.85,25,12400
20211206,10:58,460.40,460.40,460.40,460.40,25,12400
20211206,10:59,458.25,458.25,458.25,458.25,25,12400
20211206,11:00,449.90,449.90,445.45,445.45,325,12375
20211206,11:01,440.80,440.80,440.80,440.80,75,12375
20211206,11:02,438.40,438.40,438.40,438.40,25,12375
20211206,11:03,434.40,434.40,434.40,434.40,25,12475
20211206,11:08,438.70,438.70,438.70,438.70,25,12400
20211206,11:11,440.20,440.20,440.20,440.20,25,12425
20211206,11:13,443.20,443.20,443.20,443.20,75,12325
20211206,11:25,428.95,428.95,428.95,428.95,25,12400
20211206,11:26,419.00,419.00,419.00,419.00,25,12400
20211206,11:28,418.95,418.95,415.00,415.00,50,12400
20211206,11:29,415.00,418.65,415.00,418.65,50,12400
20211206,11:31,416.70,418.60,416.70,418.60,50,12425
20211206,11:34,427.50,427.50,427.50,427.50,25,12450
20211206,11:35,432.85,432.85,432.85,432.85,50,12450
20211206,11:37,432.85,432.85,432.85,432.85,25,12500
20211206,11:38,427.00,427.00,427.00,427.00,25,12500
20211206,11:40,425.05,425.05,425.05,425.05,25,12475
20211206,11:44,410.45,410.45,410.20,410.20,50,12500
20211206,11:47,418.55,419.30,418.55,419.30,50,12525
20211206,11:49,422.90,422.90,422.90,422.90,25,12525
20211206,11:51,418.75,418.75,418.75,418.75,25,12500
20211206,11:53,428.90,428.90,428.90,428.90,100,12500
20211206,11:58,419.05,419.05,419.05,419.05,100,12550
20211206,11:59,432.20,435.80,432.20,435.80,50,12550
20211206,12:00,427.75,427.75,427.75,427.75,25,12550
20211206,12:02,441.95,441.95,441.95,441.95,100,12625
20211206,12:06,438.25,442.25,438.25,442.25,50,12575
20211206,12:09,430.20,430.20,430.20,430.20,150,12600
20211206,12:10,431.05,431.05,431.05,431.05,50,12600
20211206,12:12,434.20,434.20,428.55,428.55,225,12650
20211206,12:13,426.35,430.45,426.35,430.45,375,12650
20211206,12:14,430.75,430.75,430.75,430.75,100,12650
20211206,12:18,420.60,420.60,420.60,420.60,25,12850
20211206,12:19,419.25,419.25,419.25,419.25,25,12850
20211206,12:21,408.30,408.30,396.90,396.90,50,12825
20211206,12:22,403.00,403.00,403.00,403.00,25,12825
20211206,12:23,401.90,401.90,401.90,401.90,50,12825
20211206,12:26,402.30,402.30,402.30,402.30,300,12900
20211206,12:27,400.05,400.05,400.05,400.05,125,13100
20211206,12:29,410.00,410.00,410.00,410.00,25,13100
20211206,12:30,410.00,410.00,410.00,410.00,25,13100
20211206,12:34,409.95,409.95,409.95,409.95,25,13025
20211206,12:39,423.75,423.75,423.75,423.75,25,12775
20211206,12:40,422.75,422.75,422.75,422.75,25,12750
20211206,12:45,437.80,437.80,437.80,437.80,25,12750
20211206,12:47,433.10,433.10,432.60,432.60,100,12750
20211206,12:50,434.45,438.80,434.45,438.80,50,12825
20211206,12:51,438.70,438.70,438.70,438.70,50,12825
20211206,12:52,424.60,424.60,424.60,424.60,25,12775
20211206,12:53,428.05,428.05,428.05,428.05,25,12775
20211206,12:56,439.65,439.65,439.65,439.65,25,12800
20211206,12:57,452.80,452.80,452.80,452.80,50,12800
20211206,13:07,445.25,445.25,445.25,445.25,25,12775
20211206,13:10,434.90,434.90,434.90,434.90,25,12775
20211206,13:15,423.85,423.85,416.80,416.80,100,12800
20211206,13:16,420.20,420.20,420.20,420.20,50,12800
20211206,13:18,426.40,426.40,426.40,426.40,50,12800
20211206,13:20,433.50,433.50,433.50,433.50,25,12850
20211206,13:23,430.40,430.40,430.40,430.40,75,12875
20211206,13:27,430.00,430.00,430.00,430.00,25,12850
20211206,13:28,441.55,441.55,441.55,441.55,350,12850
20211206,13:29,431.25,431.25,431.25,431.25,25,12850
20211206,13:32,441.70,441.70,441.70,441.70,25,12550
20211206,13:33,424.75,424.75,424.75,424.75,25,12550
20211206,13:36,410.80,410.80,410.80,410.80,25,12550
20211206,13:41,414.80,414.80,414.80,414.80,25,12550
20211206,13:43,414.80,414.80,414.80,414.80,125,12550
20211206,13:44,410.25,410.25,410.25,410.25,25,12550
20211206,13:46,413.40,413.40,413.40,413.40,50,12450
20211206,13:48,411.45,411.45,411.45,411.45,25,12475
20211206,13:51,414.00,414.00,414.00,414.00,25,12475
20211206,13:53,405.85,405.85,405.85,405.85,25,12475
20211206,13:54,426.25,426.25,426.25,426.25,50,12475
20211206,14:02,415.00,415.00,415.00,415.00,25,12400
20211206,14:03,413.80,413.80,413.80,413.80,50,12400
20211206,14:04,412.35,412.35,412.35,412.35,50,12425
20211206,14:05,399.55,399.55,399.55,399.55,100,12425
20211206,14:07,393.00,393.00,391.25,391.25,75,12450
20211206,14:08,387.20,387.20,387.20,387.20,25,12450
20211206,14:09,392.70,392.70,392.70,392.70,75,12450
20211206,14:10,388.85,388.85,388.85,388.85,50,12425
20211206,14:14,381.55,381.55,381.55,381.55,50,12425
20211206,14:16,376.85,376.85,376.85,376.85,25,12425
20211206,14:17,375.00,375.00,375.00,375.00,25,12425
20211206,14:19,369.90,380.05,369.90,380.05,100,12450
20211206,14:20,380.05,381.00,380.05,381.00,75,12450
20211206,14:22,381.00,381.00,381.00,381.00,800,12475
20211206,14:23,381.00,381.00,381.00,381.00,75,12475
20211206,14:24,381.00,381.00,381.00,381.00,50,12475
20211206,14:27,377.30,377.30,377.30,377.30,25,12125
20211206,14:28,362.65,362.65,362.65,362.65,50,12100
20211206,14:30,360.00,360.00,346.95,346.95,175,12100
20211206,14:31,346.95,361.65,346.95,361.65,50,12275
20211206,14:32,358.85,359.20,358.85,359.20,75,12275
20211206,14:34,351.65,351.65,351.65,351.65,175,12350
20211206,14:35,350.95,350.95,349.15,349.15,275,12350
20211206,14:36,350.25,350.25,350.25,350.25,50,12350
20211206,14:37,348.95,349.00,348.95,349.00,125,12575
20211206,14:38,340.35,340.35,338.90,338.90,275,12575
20211206,14:39,334.45,334.45,334.00,334.00,200,12725
20211206,14:40,340.10,340.10,327.95,327.95,75,12725
20211206,14:41,325.10,325.10,325.10,325.10,100,12725
20211206,14:42,320.40,320.40,320.40,320.40,25,12725
20211206,14:43,320.40,332.35,320.40,332.35,1825,12900
20211206,14:47,334.60,334.60,334.60,334.60,25,13125
20211206,14:49,334.60,334.60,334.60,334.60,250,13375
20211206,14:50,338.45,338.45,338.45,338.45,25,13375
20211206,14:53,338.35,338.35,338.35,338.35,500,13250
20211206,14:56,351.00,351.00,351.00,351.00,100,13700
20211206,14:59,340.55,344.85,340.55,344.85,75,13600
20211206,15:02,333.00,335.05,333.00,335.05,225,13500
20211206,15:03,326.55,326.55,326.55,326.55,100,13500
20211206,15:05,346.25,346.25,346.25,346.25,100,13300
20211206,15:07,335.50,335.50,335.50,335.50,500,13375
20211206,15:08,340.30,340.30,340.30,340.30,175,13375
20211206,15:09,331.40,331.40,331.40,331.40,100,13375
20211206,15:14,327.35,327.35,327.35,327.35,25,13325
20211206,15:15,340.00,340.00,340.00,340.00,50,13325
20211206,15:16,338.60,338.60,338.60,338.60,25,13300
20211206,15:18,332.50,332.50,332.50,332.50,100,13300
20211206,15:19,330.50,330.50,330.50,330.50,25,13125
20211206,15:22,332.00,336.45,332.00,336.45,150,13100
20211206,15:23,335.10,335.10,335.10,335.10,100,13100
20211206,15:24,331.45,331.45,331.45,331.45,25,13100
20211206,15:28,330.75,330.75,330.75,330.75,50,13175
20211206,15:29,330.55,330.55,330.55,330.55,25,13175
20211207,09:15,413.10,413.10,413.10,413.10,26,13150
20211207,09:16,378.10,378.10,378.10,378.10,100,13150
20211207,09:17,410.70,416.65,410.70,416.65,150,13250
20211207,09:19,416.65,416.65,416.65,416.65,50,13250
20211207,09:20,420.90,426.60,420.90,426.60,100,13275
20211207,09:21,426.60,426.60,426.60,426.60,125,13275
20211207,09:22,421.00,426.60,421.00,426.60,150,13275
20211207,09:23,419.95,419.95,419.50,419.50,50,13375
20211207,09:24,406.60,406.60,406.60,406.60,25,13375
20211207,09:26,411.55,411.55,411.55,411.55,25,13375
20211207,09:27,413.35,413.35,413.35,413.35,25,13350
20211207,09:29,406.50,406.50,406.50,406.50,25,13350
20211207,09:31,429.00,429.00,429.00,429.00,25,13350
20211207,09:42,439.00,439.00,439.00,439.00,50,13350
20211207,09:43,450.00,450.00,450.00,450.00,75,13350
20211207,09:44,453.00,453.00,453.00,453.00,25,13350
20211207,09:45,461.00,461.00,461.00,461.00,25,13375
20211207,09:51,464.90,472.20,464.90,472.20,75,13350
20211207,09:52,475.55,475.55,475.55,475.55,450,13350
20211207,09:53,464.45,464.45,464.45,464.45,25,13350
20211207,09:54,466.95,469.45,466.95,469.45,125,13675
20211207,09:57,482.15,482.15,482.15,482.15,25,13625
20211207,10:00,482.15,482.15,482.15,482.15,100,13625
20211207,10:02,492.85,492.85,492.85,492.85,25,13625
20211207,10:04,492.85,492.85,492.85,492.85,50,13675
20211207,10:12,478.30,478.30,478.30,478.30,25,13500
20211207,10:20,478.30,478.30,478.30,478.30,75,13500
20211207,10:24,487.05,487.05,487.05,487.05,50,13575
20211207,10:26,484.20,484.20,484.20,484.20,50,13575
20211207,10:30,490.15,490.15,490.15,490.15,25,13600
20211207,10:31,498.80,498.80,498.80,498.80,250,13600
20211207,10:33,489.65,489.65,489.65,489.65,25,13625
20211207,10:38,507.70,507.70,507.70,507.70,100,13625
20211207,10:40,507.70,507.70,507.70,507.70,50,13700
20211207,10:43,509.15,509.15,509.15,509.15,75,13750
20211207,10:44,506.55,506.55,506.55,506.55,75,13750
20211207,10:46,504.15,505.85,504.15,505.85,75,13750
20211207,10:49,522.35,522.35,522.35,522.35,50,13775
20211207,10:50,517.90,517.90,514.00,514.00,75,13775
20211207,10:51,518.00,518.00,518.00,518.00,100,13800
20211207,10:52,519.10,519.10,519.10,519.10,50,13800
20211207,10:54,522.15,522.15,522.15,522.15,25,13900
20211207,10:55,518.10,520.50,518.10,520.50,200,13900
20211207,10:56,513.65,513.65,507.85,507.85,50,13900
20211207,11:00,512.35,512.35,512.35,512.35,50,13950
20211207,11:04,500.35,500.85,500.35,500.85,200,13900
20211207,11:06,504.85,504.85,504.85,504.85,25,13900
20211207,11:11,522.00,523.15,522.00,523.15,150,13900
20211207,11:13,535.00,535.00,535.00,535.00,100,13850
20211207,11:14,548.50,555.35,548.50,555.35,125,13850
20211207,11:15,559.80,559.80,559.80,559.80,75,13725
20211207,11:16,554.90,554.90,554.90,554.90,25,13725
20211207,11:17,556.70,560.00,556.70,560.00,125,13725
20211207,11:18,564.65,564.65,564.65,564.65,50,13800
20211207,11:19,571.05,571.05,571.05,571.05,75,13800
20211207,11:20,576.85,580.05,575.00,580.05,625,13800
20211207,11:21,580.05,580.05,580.05,580.05,75,14075
20211207,11:24,595.45,603.00,595.45,603.00,175,14075
20211207,11:25,603.00,603.00,597.70,597.70,50,14075
20211207,11:27,592.15,592.15,589.30,589.30,125,14100
20211207,11:28,589.85,600.00,589.85,600.00,75,14100
20211207,11:30,613.65,618.40,613.65,618.40,75,14025
20211207,11:31,618.40,618.40,606.10,606.10,125,14025
20211207,11:32,602.15,602.15,602.15,602.15,50,14025
20211207,11:33,594.45,595.55,594.45,595.55,50,14000
20211207,11:34,602.15,602.15,602.15,602.15,125,14000
20211207,11:35,587.35,587.35,583.25,583.25,100,14175
20211207,11:36,581.70,584.95,576.95,584.85,275,14175
20211207,11:37,582.65,582.65,582.65,582.65,50,14175
20211207,11:38,577.20,585.90,577.20,585.90,75,14175
20211207,11:39,593.50,593.50,593.50,593.50,25,14350
20211207,11:42,620.00,620.00,620.00,620.00,50,14350
20211207,11:43,620.00,620.00,616.05,616.05,50,14350
20211207,11:44,609.00,609.05,609.00,609.05,350,14350
20211207,11:45,610.80,610.80,603.60,603.60,475,14675
20211207,11:46,603.15,603.15,596.90,596.90,225,14675
20211207,11:50,595.75,595.75,595.05,595.05,50,15125
20211207,11:51,593.00,594.55,593.00,594.55,125,15125
20211207,11:53,580.30,581.40,580.30,581.35,150,15125
20211207,11:55,575.00,576.10,575.00,576.10,50,15125
20211207,11:56,572.45,572.90,572.45,572.90,75,15125
20211207,11:57,582.05,582.05,582.05,582.05,50,15175
20211207,11:58,591.60,591.60,591.60,591.60,25,15175
20211207,12:01,600.35,600.35,600.35,600.35,25,15200
20211207,12:02,599.90,600.10,599.90,600.10,75,15200
20211207,12:06,597.10,597.10,597.10,597.10,25,15250
20211207,12:07,592.50,592.50,592.50,592.50,25,15250
20211207,12:08,602.10,602.10,602.10,602.10,25,15250
20211207,12:11,601.20,601.20,600.40,600.55,300,15250
20211207,12:15,618.80,618.80,609.20,609.20,250,15050
20211207,12:16,611.50,611.50,611.50,611.50,50,15050
20211207,12:17,614.15,614.15,609.80,609.80,100,15050
20211207,12:18,615.55,616.40,615.55,616.40,50,15300
20211207,12:19,615.65,615.65,613.75,614.80,75,15300
20211207,12:20,621.00,621.00,621.00,621.00,25,15300
20211207,12:22,621.05,627.95,621.05,624.25,250,15400
20211207,12:23,622.55,623.90,622.55,623.90,50,15400
20211207,12:25,609.80,609.80,609.80,609.80,25,15525
20211207,12:26,599.00,599.00,591.35,591.35,50,15525
20211207,12:32,580.00,580.00,580.00,580.00,25,15525
20211207,12:33,584.45,584.45,584.45,584.45,25,15525
20211207,12:34,590.00,590.75,590.00,590.75,50,15550
20211207,12:45,577.00,577.00,577.00,577.00,25,15500
20211207,12:46,582.55,582.55,582.55,582.55,25,15500
20211207,12:47,582.55,582.55,582.55,582.55,50,15500
20211207,12:48,567.00,567.00,567.00,567.00,25,15525
20211207,12:50,560.00,560.00,555.95,555.95,75,15525
20211207,12:53,540.45,540.45,540.45,540.45,25,15575
20211207,13:05,575.95,575.95,575.95,575.95,100,15600
20211207,13:07,572.25,572.25,572.25,572.25,25,15525
20211207,13:09,563.90,563.90,563.90,563.90,50,15525
20211207,13:10,573.00,573.00,573.00,573.00,25,15525
20211207,13:11,579.75,583.95,577.15,583.95,100,15525
20211207,13:12,588.45,598.50,587.95,598.50,150,15400
20211207,13:13,607.00,607.00,605.40,605.40,75,15400
20211207,13:15,609.85,609.85,609.85,609.85,25,15325
20211207,13:17,614.95,616.50,610.70,614.95,200,15325
20211207,13:18,614.65,614.65,613.65,613.65,75,15175
20211207,13:19,623.00,623.00,623.00,623.00,25,15175
20211207,13:20,625.45,625.45,616.30,616.30,425,15175
20211207,13:24,616.30,616.30,616.30,616.30,25,15275
20211207,13:27,630.15,637.00,630.15,637.00,300,15250
20211207,13:30,637.00,637.00,637.00,637.00,425,15400
20211207,13:35,636.40,636.40,636.40,636.40,25,15800
20211207,13:36,633.80,645.10,632.90,640.50,600,15725
20211207,13:40,643.10,644.15,643.10,644.15,50,15525
20211207,13:41,647.80,648.40,647.80,648.40,50,15525
20211207,13:42,648.40,648.40,648.40,648.40,25,15450
20211207,13:43,643.80,643.80,643.80,643.80,25,15450
20211207,13:45,633.45,633.45,633.45,633.45,25,15475
20211207,13:46,633.80,633.80,628.00,628.00,75,15475
20211207,13:48,636.80,636.80,636.80,636.80,150,15425
20211207,13:49,631.10,631.10,631.10,631.10,25,15425
20211207,13:51,640.30,640.30,640.30,640.30,25,15425
20211207,13:54,633.25,633.25,633.25,633.25,25,15425
20211207,13:55,626.95,626.95,620.20,620.20,150,15475
20211207,13:56,636.50,636.50,633.05,633.05,50,15475
20211207,13:57,639.00,639.00,639.00,639.00,50,15550
20211207,13:58,639.30,639.30,639.30,639.30,25,15550
20211207,14:02,626.50,626.50,626.50,626.50,25,15600
20211207,14:12,623.40,623.40,623.40,623.40,25,15575
20211207,14:16,650.00,655.30,650.00,655.30,75,15575
20211207,14:17,668.00,668.00,668.00,668.00,75,15575
20211207,14:18,663.00,663.00,661.10,661.10,75,15575
20211207,14:20,670.15,673.00,670.15,673.00,125,15550
20211207,14:21,673.00,673.00,668.00,668.00,75,15550
20211207,14:22,667.20,667.20,667.20,667.20,25,15600
20211207,14:23,671.50,671.50,666.40,666.40,75,15600
20211207,14:24,670.20,670.20,670.20,670.20,75,15600
20211207,14:28,667.65,667.65,667.65,667.65,25,15525
20211207,14:30,684.05,684.05,684.05,684.05,25,15550
20211207,14:31,684.30,684.30,684.30,684.30,100,15550
20211207,14:32,662.10,662.10,662.10,662.10,25,15550
20211207,14:33,662.00,662.00,662.00,662.00,25,15550
20211207,14:35,670.00,670.00,670.00,670.00,25,15550
20211207,14:36,670.00,670.00,670.00,670.00,375,15550
20211207,14:37,672.60,672.60,672.60,672.60,25,15325
20211207,14:38,676.45,676.45,676.45,676.45,25,15325
20211207,14:39,662.00,668.10,662.00,668.10,200,15325
20211207,14:44,655.00,655.00,655.00,655.00,25,15425
20211207,14:46,662.30,662.30,662.30,662.30,25,15225
20211207,14:50,656.30,656.30,656.30,656.30,50,15225
20211207,14:51,662.45,662.45,662.45,662.45,25,15225
20211207,14:56,665.40,665.40,665.40,665.40,25,15250
20211207,14:58,642.85,642.85,637.60,637.60,125,15250
20211207,15:02,605.90,615.40,605.90,615.40,50,15325
20211207,15:03,603.90,603.90,593.65,596.40,100,15325
20211207,15:04,600.40,600.40,593.70,597.45,125,15300
20211207,15:05,602.90,602.90,602.90,602.90,25,15300
20211207,15:08,586.85,586.85,586.85,586.85,50,15400
20211207,15:09,579.00,579.65,579.00,579.65,50,15400
20211207,15:10,569.60,584.15,569.60,584.15,75,15425
20211207,15:11,582.75,585.95,582.75,583.70,100,15425
20211207,15:12,590.05,590.05,590.05,590.05,50,15425
20211207,15:13,593.00,593.00,583.25,583.25,275,15475
20211207,15:15,574.25,574.25,568.90,571.55,200,15475
20211207,15:16,576.85,576.85,574.70,574.70,150,15725
20211207,15:18,581.30,582.30,577.80,577.80,100,15725
20211207,15:19,581.00,581.00,581.00,581.00,25,15800
20211207,15:20,581.10,581.10,578.50,578.50,100,15800
20211207,15:21,580.45,580.45,572.45,572.45,100,15800
20211207,15:22,577.80,577.85,577.80,577.85,400,15725
20211207,15:25,576.75,578.10,576.75,578.10,100,15675
20211207,15:27,574.70,579.70,574.70,579.70,75,15675
20211208,09:15,763.30,763.30,717.05,735.05,578,15300
20211208,09:16,781.00,781.00,781.00,781.00,1400,15300
20211208,09:17,774.60,782.95,765.90,767.80,1075,16050
20211208,09:18,772.15,776.70,757.90,757.90,1350,16050
20211208,09:19,769.55,773.80,760.20,760.20,950,16050
20211208,09:20,768.40,785.85,763.55,774.05,1975,17200
20211208,09:21,772.60,778.75,767.30,776.20,525,17200
20211208,09:22,781.10,781.10,775.30,775.30,425,17200
20211208,09:23,770.95,777.65,766.00,771.60,1225,18075
20211208,09:24,775.10,776.35,770.85,776.35,400,18075
20211208,09:25,770.75,779.75,770.75,779.75,275,18075
20211208,09:26,778.40,779.55,751.70,751.95,1175,18225
20211208,09:27,750.05,768.55,749.70,768.55,450,18225
20211208,09:28,762.60,767.00,754.20,754.20,1575,18225
20211208,09:29,749.25,763.35,749.25,763.35,575,19675
20211208,09:30,765.00,766.20,743.55,743.55,650,19675
20211208,09:31,738.30,753.95,734.80,753.95,675,19675
20211208,09:32,758.20,763.15,753.95,760.00,300,20175
20211208,09:33,763.00,763.00,747.35,750.00,950,20175
20211208,09:34,746.10,750.80,744.35,750.60,1400,20175
20211208,09:35,748.40,750.00,743.15,750.00,1125,20525
20211208,09:36,755.30,755.50,751.05,754.00,325,20525
20211208,09:37,756.45,772.25,756.45,763.20,1950,20525
20211208,09:38,762.50,762.50,754.50,761.70,250,19525
20211208,09:39,759.15,760.05,757.10,759.80,250,19525
20211208,09:40,764.95,770.00,763.50,763.50,950,19525
20211208,09:41,769.85,775.00,769.85,775.00,275,19600
20211208,09:42,780.00,790.00,780.00,790.00,525,19600
20211208,09:43,798.50,817.90,793.20,817.90,1575,19600
20211208,09:44,819.40,820.00,811.25,817.45,500,19975
20211208,09:45,814.95,828.30,812.35,828.30,1900,19975
20211208,09:46,827.55,831.55,820.65,820.65,750,19975
20211208,09:47,824.80,829.75,817.40,817.40,1250,20050
20211208,09:48,823.50,824.35,804.85,817.75,1075,20050
20211208,09:49,817.55,817.55,814.15,815.15,150,20050
20211208,09:50,817.60,825.00,814.85,814.85,350,20000
20211208,09:51,820.15,820.55,820.00,820.00,175,20000
20211208,09:52,820.00,821.25,816.05,820.00,150,20000
20211208,09:53,821.00,824.60,817.20,817.20,75,20000
20211208,09:54,816.50,819.65,804.85,804.85,350,20025
20211208,09:55,806.20,806.20,773.95,785.00,1050,20025
20211208,09:56,783.70,783.70,761.30,770.00,275,19250
20211208,09:57,774.55,808.80,774.55,808.80,275,19250
20211208,09:58,813.65,814.65,798.25,798.80,300,19250
20211208,09:59,790.75,791.55,790.75,791.55,50,19250
20211208,10:00,770.00,797.45,765.00,797.45,175,19450
20211208,10:01,793.25,793.25,777.05,778.95,150,19450
20211208,10:02,780.00,782.45,775.85,781.55,225,19500
20211208,10:03,784.85,792.05,778.15,792.05,375,19500
20211208,10:04,775.00,807.70,775.00,802.95,425,19500
20211208,10:05,810.00,836.60,810.00,833.60,1650,19525
20211208,10:06,830.00,830.00,811.35,817.85,700,19525
20211208,10:07,825.00,836.85,822.40,831.95,1225,19525
20211208,10:08,829.45,833.85,820.00,828.00,575,20875
20211208,10:09,830.95,830.95,813.05,828.00,375,20875
20211208,10:10,822.30,828.10,812.45,813.80,625,20875
20211208,10:11,820.30,821.60,812.50,816.50,125,20975
20211208,10:12,815.55,815.55,808.30,810.05,225,20975
20211208,10:13,811.70,812.20,806.85,810.95,225,20975
20211208,10:14,805.25,811.30,801.45,811.15,325,20975
20211208,10:15,809.05,822.00,809.05,813.30,500,20975
20211208,10:16,796.00,802.75,789.65,789.65,475,20975
20211208,10:17,789.20,800.10,789.20,800.10,100,20975
20211208,10:18,796.00,796.00,782.95,782.95,350,20600
20211208,10:19,783.40,783.40,728.15,740.55,2600,20600
20211208,10:20,730.00,730.00,677.60,696.60,975,21500
20211208,10:21,710.65,729.55,709.20,720.20,575,21500
20211208,10:22,729.00,763.00,729.00,752.80,500,21500
20211208,10:23,747.45,747.45,735.30,745.00,150,21775
20211208,10:24,747.90,759.75,747.90,758.80,350,21775
20211208,10:25,757.05,760.90,756.15,757.75,275,21775
20211208,10:26,760.20,764.30,750.15,754.25,400,21875
20211208,10:27,742.80,745.45,740.00,741.80,425,21875
20211208,10:28,743.80,753.20,743.80,748.60,100,21875
20211208,10:29,748.60,765.35,748.60,765.35,350,21650
20211208,10:30,757.00,757.00,749.85,753.25,125,21650
20211208,10:31,751.00,751.00,751.00,751.00,25,21650
20211208,10:32,755.00,756.60,752.20,755.00,125,21525
20211208,10:33,750.00,769.20,750.00,769.20,125,21525
20211208,10:34,775.00,791.95,775.00,787.70,1925,21525
20211208,10:35,785.00,812.00,785.00,812.00,475,21525
20211208,10:36,821.75,824.35,805.50,809.00,700,21550
20211208,10:37,813.00,813.00,803.60,803.60,100,21550
20211208,10:38,804.80,804.80,800.00,800.00,175,21550
20211208,10:39,800.00,804.95,797.35,797.35,300,21725
20211208,10:40,792.90,792.90,770.60,775.00,275,21725
20211208,10:41,773.50,773.50,750.00,756.65,475,21725
20211208,10:42,754.30,773.80,754.30,773.80,800,21750
20211208,10:43,775.15,778.55,775.15,778.55,125,21750
20211208,10:44,776.90,785.35,774.20,785.35,375,22175
20211208,10:45,786.70,788.25,780.70,780.70,700,22175
20211208,10:46,780.70,782.90,774.35,777.65,200,22175
20211208,10:47,773.35,773.35,773.35,773.35,75,22175
20211208,10:48,778.05,787.00,769.30,769.30,150,21475
20211208,10:49,769.00,790.00,769.00,790.00,475,21475
20211208,10:50,783.85,783.85,774.80,774.80,100,21600
20211208,10:51,778.90,786.20,778.90,786.20,300,21600
20211208,10:52,775.10,775.10,768.75,768.75,225,21600
20211208,10:53,776.15,780.50,776.15,780.50,175,21800
20211208,10:54,780.00,780.50,775.20,775.65,400,21800
20211208,10:55,776.50,781.50,775.70,775.95,200,21800
20211208,10:56,776.20,781.00,773.65,781.00,100,21800
20211208,10:57,779.30,787.00,779.30,781.50,250,22100
20211208,10:58,788.30,790.65,784.40,786.15,625,22100
20211208,10:59,784.90,795.50,783.50,795.05,250,22150
20211208,11:00,796.60,803.90,792.10,798.65,1125,22150
20211208,11:01,795.90,805.00,795.90,802.35,300,22150
20211208,11:02,804.60,810.00,801.95,810.00,450,21600
20211208,11:03,811.55,815.30,810.00,814.00,300,21600
20211208,11:04,820.00,832.05,820.00,830.55,850,21600
20211208,11:05,834.15,838.15,814.00,814.00,700,20975
20211208,11:06,812.80,819.15,810.00,811.00,275,20975
20211208,11:07,810.05,819.00,810.05,819.00,150,20975
20211208,11:08,820.60,822.05,820.20,820.20,650,20975
20211208,11:09,820.20,820.20,813.75,816.00,250,20850
20211208,11:10,810.05,810.05,803.90,806.25,350,20850
20211208,11:11,802.70,805.00,802.70,805.00,75,20850
20211208,11:12,807.65,807.65,805.05,805.05,225,20725
20211208,11:13,805.85,805.85,805.85,805.85,175,20725
20211208,11:14,805.05,805.05,793.20,793.20,250,20725
20211208,11:15,793.20,804.20,793.20,804.20,500,20650
20211208,11:16,804.20,815.00,804.20,815.00,425,20650
20211208,11:17,818.10,820.00,818.10,820.00,125,20650
20211208,11:18,830.00,846.20,830.00,846.20,1275,21150
20211208,11:19,829.00,833.25,829.00,833.25,250,21150
20211208,11:20,836.25,840.25,833.00,833.00,175,21150
20211208,11:21,839.05,839.95,830.00,830.00,425,21250
20211208,11:22,827.50,835.95,827.50,835.95,100,21250
20211208,11:23,838.20,838.20,838.20,838.20,25,21250
20211208,11:24,828.00,838.00,825.00,832.35,200,21175
20211208,11:25,837.45,837.45,837.45,837.45,50,21175
20211208,11:26,838.20,839.25,835.00,839.25,175,21175
20211208,11:27,838.45,838.45,836.80,837.00,225,21225
20211208,11:28,834.00,835.20,833.00,835.20,475,21225
20211208,11:29,836.05,847.00,836.05,844.65,300,21225
20211208,11:30,848.60,850.00,843.00,844.65,975,21000
20211208,11:31,844.65,844.65,841.00,841.00,50,21000
20211208,11:32,841.00,841.00,841.00,841.00,25,21000
20211208,11:33,830.05,830.05,830.05,830.05,250,20525
20211208,11:34,828.00,829.50,823.85,829.50,275,20525
20211208,11:35,829.25,830.00,825.00,825.00,125,20525
20211208,11:36,820.00,820.00,815.10,820.00,225,20650
20211208,11:38,820.25,822.70,819.95,819.95,75,20650
20211208,11:39,823.35,829.25,823.35,829.25,75,20525
20211208,11:40,827.40,827.40,827.40,827.40,25,20525
20211208,11:41,822.05,822.10,822.05,822.10,75,20525
20211208,11:42,820.95,821.25,817.65,821.25,200,20525
20211208,11:43,813.65,813.65,800.05,800.05,300,20525
20211208,11:44,795.00,795.00,765.00,774.95,1000,20525
20211208,11:45,785.75,792.65,774.95,792.65,300,20325
20211208,11:46,793.40,800.90,791.00,800.90,325,20325
20211208,11:47,799.00,799.00,799.00,799.00,50,20325
20211208,11:48,792.90,792.90,792.40,792.40,75,20400
20211208,11:49,798.00,801.95,798.00,801.95,175,20400
20211208,11:50,805.00,808.75,801.55,801.55,275,20400
20211208,11:51,800.00,802.65,792.15,802.65,200,20525
20211208,11:53,805.60,805.60,792.00,792.00,100,20525
20211208,11:54,792.10,792.10,788.60,788.60,75,20600
20211208,11:56,790.15,794.40,790.15,794.40,75,20600
20211208,11:57,796.55,796.55,796.55,796.55,25,20525
20211208,11:58,805.00,808.65,805.00,808.65,175,20525
20211208,11:59,814.60,814.60,810.05,810.05,50,20525
20211208,12:00,804.65,804.65,804.65,804.65,25,20525
20211208,12:01,809.40,809.40,809.40,809.40,25,20525
20211208,12:02,809.40,809.40,809.40,809.40,75,20525
20211208,12:03,809.00,809.00,804.85,804.85,75,20575
20211208,12:04,804.85,804.85,804.85,804.85,25,20575
20211208,12:05,796.50,796.50,793.05,793.05,50,20575
20211208,12:07,801.55,801.55,801.55,801.55,25,20550
20211208,12:08,809.50,809.50,809.50,809.50,25,20550
20211208,12:09,809.95,809.95,809.95,809.95,250,20550
20211208,12:12,810.80,810.85,810.80,810.85,50,20825
20211208,12:14,813.00,813.00,810.85,810.85,425,20825
20211208,12:15,806.30,810.60,803.35,803.35,325,21125
20211208,12:18,810.00,810.00,810.00,810.00,25,21125
20211208,12:19,808.30,813.00,808.30,813.00,75,20950
20211208,12:20,795.00,798.00,795.00,798.00,225,20950
20211208,12:21,797.05,807.85,795.75,807.85,125,21050
20211208,12:22,802.60,805.70,802.60,805.70,50,21050
20211208,12:23,802.30,805.70,802.30,805.70,100,21050
20211208,12:26,795.00,795.00,795.00,795.00,50,20950
20211208,12:27,803.35,803.35,800.00,800.00,50,21000
20211208,12:28,805.00,805.00,800.65,800.65,325,21000
20211208,12:29,796.75,796.75,791.55,794.50,300,21000
20211208,12:30,797.15,800.80,796.00,800.80,250,21325
20211208,12:31,794.60,820.00,794.60,810.60,600,21325
20211208,12:32,811.35,815.10,811.35,815.10,75,21325
20211208,12:34,820.00,823.85,820.00,823.85,125,21500
20211208,12:35,823.30,823.30,823.30,823.30,25,21500
20211208,12:36,819.55,822.00,815.35,816.00,200,21400
20211208,12:37,815.00,815.00,815.00,815.00,25,21400
20211208,12:38,805.20,805.20,805.20,805.20,200,21400
20211208,12:39,805.00,805.00,805.00,805.00,25,21400
20211208,12:40,799.50,799.50,797.10,797.10,300,21425
20211208,12:42,803.30,803.30,797.10,797.10,275,21425
20211208,12:43,792.00,792.00,792.00,792.00,250,21500
20211208,12:44,797.95,797.95,786.85,789.00,175,21500
20211208,12:45,792.00,797.30,790.00,790.00,375,21350
20211208,12:46,780.00,780.00,780.00,780.00,300,21350
20211208,12:47,780.00,782.30,775.00,775.00,450,21350
20211208,12:48,775.00,779.50,775.00,775.95,1425,22550
20211208,12:49,775.00,775.00,769.00,775.00,725,22550
20211208,12:50,775.00,775.00,774.00,774.10,150,22550
20211208,12:51,777.60,789.70,777.60,789.70,225,22400
20211208,12:52,787.20,787.20,787.20,787.20,75,22400
20211208,12:53,788.15,794.45,788.15,794.45,625,22400
20211208,12:54,782.90,782.95,782.85,782.85,100,22950
20211208,12:55,789.80,789.80,789.80,789.80,250,22950
20211208,12:57,786.70,786.70,786.70,786.70,25,22950
20211208,12:58,781.75,796.00,781.75,796.00,175,23225
20211208,12:59,795.00,798.50,794.00,794.00,125,23225
20211208,13:01,800.00,805.00,800.00,804.60,250,23200
20211208,13:02,804.95,804.95,800.00,803.90,75,23200
20211208,13:03,806.00,806.00,806.00,806.00,50,23200
20211208,13:04,796.50,796.50,796.50,796.50,25,23425
20211208,13:05,795.55,795.55,788.40,788.40,100,23425
20211208,13:07,804.75,809.00,804.25,809.00,200,23400
20211208,13:08,809.00,809.00,809.00,809.00,25,23400
20211208,13:09,810.00,810.00,810.00,810.00,150,23400
20211208,13:10,810.15,812.60,810.00,812.60,1075,23250
20211208,13:11,811.25,811.25,805.45,805.45,125,23250
20211208,13:12,802.50,802.50,801.80,801.80,50,22750
20211208,13:13,806.95,806.95,806.95,806.95,25,22750
20211208,13:15,807.20,811.40,803.15,811.40,225,22700
20211208,13:16,812.15,813.60,806.60,806.60,725,22700
20211208,13:17,810.95,810.95,800.00,800.00,325,22700
20211208,13:18,815.00,815.00,815.00,815.00,50,22600
20211208,13:20,814.80,824.95,814.80,824.95,450,22600
20211208,13:21,830.00,834.00,828.00,830.00,225,22750
20211208,13:22,828.60,828.60,816.45,820.00,150,22750
20211208,13:23,830.00,848.00,830.00,848.00,525,22750
20211208,13:24,851.15,853.00,844.90,847.80,1225,22925
20211208,13:25,847.00,847.00,844.00,845.20,400,22925
20211208,13:26,843.75,853.00,843.75,853.00,225,22925
20211208,13:27,855.00,863.15,854.05,854.05,975,22400
20211208,13:28,861.05,861.05,861.05,861.05,25,22400
20211208,13:29,861.05,863.55,861.05,863.55,50,22400
20211208,13:30,863.65,863.65,858.00,858.00,275,22375
20211208,13:31,858.00,858.00,849.40,850.00,350,22375
20211208,13:32,855.00,870.00,855.00,870.00,325,22375
20211208,13:33,870.00,870.00,863.00,864.05,600,22775
20211208,13:34,858.55,858.55,858.15,858.15,50,22775
20211208,13:35,860.00,860.00,860.00,860.00,25,22775
20211208,13:36,859.10,862.35,858.45,862.35,100,22750
20211208,13:37,866.15,870.00,866.15,869.55,125,22750
20211208,13:38,875.00,888.85,875.00,883.00,225,22750
20211208,13:39,882.05,882.90,882.05,882.90,50,22750
20211208,13:40,884.30,919.55,884.30,919.55,425,22075
20211208,13:41,919.55,919.55,908.05,908.05,50,22075
20211208,13:42,912.75,912.75,897.20,897.20,275,21950
20211208,13:43,902.60,902.60,902.60,902.60,50,21950
20211208,13:44,910.15,910.80,902.70,902.70,75,21950
20211208,13:45,904.10,906.80,903.20,906.80,350,21800
20211208,13:46,897.05,897.05,897.05,897.05,25,21800
20211208,13:47,898.40,906.80,898.40,906.80,300,21800
20211208,13:48,915.10,916.35,913.05,913.05,100,21775
20211208,13:49,913.85,913.85,892.85,892.85,850,21775
20211208,13:50,886.10,887.45,872.20,878.30,300,21775
20211208,13:51,879.30,889.35,879.30,885.00,475,21325
20211208,13:52,890.40,900.05,890.40,895.75,350,21325
20211208,13:53,892.00,893.65,889.70,893.65,175,21325
20211208,13:54,893.65,893.65,893.65,893.65,50,21050
20211208,13:55,895.70,895.70,888.30,888.30,375,21050
20211208,13:56,888.30,888.30,888.30,888.30,100,21050
20211208,13:57,886.90,897.10,886.90,897.10,200,21200
20211208,13:58,897.10,903.05,897.10,901.80,250,21200
20211208,13:59,901.80,906.30,901.80,906.30,400,21200
20211208,14:00,910.00,910.00,903.45,903.45,375,20800
20211208,14:02,891.05,891.95,887.05,887.90,150,20800
20211208,14:03,891.90,892.20,891.90,892.20,50,20800
20211208,14:04,886.90,889.25,884.35,889.25,225,20675
20211208,14:05,892.00,894.00,889.25,891.00,125,20675
20211208,14:06,893.30,894.25,885.05,885.05,100,20675
20211208,14:07,880.00,880.00,880.00,880.00,25,20350
20211208,14:08,875.00,875.00,875.00,875.00,50,20350
20211208,14:09,875.00,875.00,871.80,871.80,200,20275
20211208,14:10,877.50,881.90,877.10,881.90,175,20275
20211208,14:11,876.10,876.10,858.00,858.00,75,20275
20211208,14:12,864.20,869.15,864.20,866.70,75,19900
20211208,14:13,876.10,883.45,876.10,883.45,125,19900
20211208,14:14,879.30,881.15,879.30,880.20,325,19900
20211208,14:15,888.20,888.20,880.20,880.20,150,19900
20211208,14:16,885.45,885.45,880.00,880.00,625,19825
20211208,14:17,876.40,881.30,876.40,878.80,150,19825
20211208,14:18,880.25,880.25,875.15,875.15,75,19825
20211208,14:19,876.20,876.20,860.00,860.00,225,19800
20211208,14:20,852.00,852.00,838.50,847.55,150,19800
20211208,14:22,860.80,860.80,860.80,860.80,25,19825
20211208,14:24,865.55,865.55,865.55,865.55,25,19825
20211208,14:25,865.50,870.00,865.50,870.00,175,19750
20211208,14:26,870.00,870.00,870.00,870.00,25,19750
20211208,14:27,867.00,867.00,852.60,852.60,75,19750
20211208,14:28,849.65,851.60,847.65,851.15,125,19675
20211208,14:29,850.25,850.25,850.25,850.25,25,19675
20211208,14:30,860.00,860.00,860.00,860.00,50,19675
20211208,14:31,850.00,850.00,850.00,850.00,50,19675
20211208,14:32,845.00,845.00,833.35,834.25,175,19675
20211208,14:33,839.65,851.40,837.45,850.80,250,19600
20211208,14:34,864.35,864.35,864.35,864.35,125,19600
20211208,14:35,860.00,868.00,859.05,868.00,300,19600
20211208,14:36,883.25,883.25,883.25,883.25,25,19800
20211208,14:37,885.55,889.00,885.55,889.00,75,19800
20211208,14:38,884.60,884.60,881.80,881.80,50,19800
20211208,14:39,887.10,887.10,887.10,887.10,25,19800
20211208,14:40,880.95,880.95,880.95,880.95,25,19850
20211208,14:41,876.85,876.85,872.90,872.90,75,19850
20211208,14:42,879.00,879.00,872.25,872.25,100,19850
20211208,14:43,872.20,872.20,861.95,868.35,300,19750
20211208,14:44,861.95,861.95,861.95,861.95,225,19750
20211208,14:45,860.05,866.00,860.05,866.00,75,19650
20211208,14:46,866.55,866.55,866.55,866.55,50,19650
20211208,14:47,866.55,866.55,856.65,856.65,325,19650
20211208,14:48,861.95,865.00,861.95,865.00,50,19650
20211208,14:49,865.00,865.00,865.00,865.00,25,19725
20211208,14:50,858.70,870.65,858.70,870.65,700,19725
20211208,14:51,876.00,876.00,872.00,874.60,325,19625
20211208,14:52,876.35,876.35,872.05,872.05,125,19625
20211208,14:53,872.05,872.05,871.00,871.00,175,19625
20211208,14:55,879.00,879.00,879.00,879.00,50,19875
20211208,14:58,871.00,871.00,862.05,862.05,100,19875
20211208,14:59,862.10,862.10,862.10,862.10,50,19875
20211208,15:00,863.85,888.00,863.85,888.00,125,19875
20211208,15:01,906.50,906.50,889.00,899.35,400,19600
20211208,15:06,885.00,885.00,885.00,885.00,25,19550
20211208,15:08,888.25,888.25,880.50,880.50,250,19575
20211208,15:09,888.10,888.20,888.10,888.20,150,19575
20211208,15:10,878.80,891.65,878.80,891.65,300,19400
20211208,15:11,893.80,893.80,885.00,885.00,50,19400
20211208,15:12,885.00,885.00,880.00,880.00,50,19200
20211208,15:13,875.60,875.60,875.00,875.00,75,19200
20211208,15:14,870.50,870.50,870.50,870.50,25,19200
20211208,15:15,872.95,873.60,868.25,868.25,325,19200
20211208,15:16,864.75,864.75,852.70,855.95,100,19050
20211208,15:17,859.40,864.80,859.40,864.80,100,19050
20211208,15:18,857.45,865.85,857.45,865.85,200,19050
20211208,15:19,860.15,860.15,860.15,860.15,25,19050
20211208,15:20,861.95,863.65,861.95,863.65,125,19050
20211208,15:21,865.00,871.25,865.00,871.20,225,19050
20211208,15:22,864.95,870.80,864.95,870.80,150,18875
20211208,15:23,865.90,865.90,865.90,865.90,100,18875
20211208,15:25,863.95,863.95,856.20,859.60,350,18825
20211208,15:26,857.95,857.95,857.95,857.95,75,18825
20211208,15:27,862.70,865.00,862.70,865.00,175,18825
20211208,15:28,865.70,865.70,860.25,860.60,275,18800
20211208,15:29,866.00,866.00,865.25,865.25,75,18800
20211209,09:15,902.70,909.85,900.10,909.85,327,18575
20211209,09:16,871.65,871.65,871.65,871.65,450,18575
20211209,09:17,885.45,885.45,885.45,885.45,100,18575
20211209,09:18,885.90,885.90,879.10,880.90,225,18675
20211209,09:19,873.25,873.25,843.95,843.95,450,18675
20211209,09:20,840.00,840.00,816.00,829.20,550,18825
20211209,09:21,830.65,830.65,816.70,824.10,75,18825
20211209,09:22,825.00,825.00,811.30,811.30,100,18825
20211209,09:23,811.20,811.20,806.60,806.60,100,18825
20211209,09:24,801.75,801.75,798.45,798.90,150,18825
20211209,09:25,781.25,781.25,749.05,749.05,800,18825
20211209,09:26,766.95,773.60,758.00,771.60,375,19125
20211209,09:27,762.00,770.90,762.00,770.90,75,19125
20211209,09:28,762.95,768.05,762.95,766.35,175,19125
20211209,09:29,751.05,751.05,740.00,749.95,550,19050
20211209,09:30,745.15,754.45,728.60,754.45,400,19050
20211209,09:31,759.55,759.55,744.20,751.00,175,19050
20211209,09:32,769.30,769.30,765.00,765.00,150,18850
20211209,09:33,767.35,767.35,756.80,756.80,925,18850
20211209,09:34,756.80,758.25,749.00,754.00,525,18850
20211209,09:35,752.10,772.00,752.10,772.00,75,19350
20211209,09:36,767.00,767.00,767.00,767.00,300,19350
20211209,09:37,762.00,780.95,762.00,770.70,625,19350
20211209,09:38,785.00,790.50,783.75,783.75,725,19200
20211209,09:39,774.25,783.55,774.25,779.20,575,19200
20211209,09:40,772.85,772.85,762.75,762.75,150,19200
20211209,09:41,769.50,769.50,745.00,745.00,200,19375
20211209,09:42,747.70,747.70,728.05,728.05,375,19375
20211209,09:43,728.05,748.00,725.30,737.30,1425,19375
20211209,09:44,735.90,747.95,735.90,743.65,75,20125
20211209,09:45,742.60,744.30,735.90,737.05,1400,20125
20211209,09:46,748.00,757.95,742.80,742.80,275,20125
20211209,09:47,742.05,742.05,737.00,737.00,100,20125
20211209,09:48,738.45,738.45,725.10,737.05,3400,20575
20211209,09:49,730.95,735.65,728.70,729.80,500,20575
20211209,09:50,733.40,738.05,733.25,735.00,425,21150
20211209,09:51,730.20,736.40,730.20,732.40,225,21150
20211209,09:52,736.65,744.15,736.40,736.40,875,21150
20211209,09:53,743.35,745.00,737.00,737.00,275,21550
20211209,09:54,736.40,736.40,718.45,718.45,425,21550
20211209,09:55,715.35,717.45,708.90,717.45,325,21550
20211209,09:56,721.50,723.30,716.10,720.55,1550,23025
20211209,09:57,721.75,724.55,720.00,724.55,675,23025
20211209,09:58,721.95,721.95,718.25,719.55,625,23025
20211209,09:59,715.85,715.85,703.15,703.15,300,23300
20211209,10:00,713.10,713.10,700.00,707.85,475,23300
20211209,10:01,711.10,716.50,710.50,710.50,300,23300
20211209,10:02,714.80,716.85,710.50,716.85,725,23300
20211209,10:03,724.50,730.25,723.80,723.80,175,23125
20211209,10:04,721.95,723.50,721.45,723.50,275,23125
20211209,10:05,715.00,715.00,714.75,715.00,75,23125
20211209,10:06,716.40,732.95,716.40,725.00,200,23125
20211209,10:07,721.30,721.30,716.25,718.95,75,23125
20211209,10:08,720.15,722.90,715.00,722.90,550,23550
20211209,10:09,719.25,719.25,713.25,717.05,525,23550
20211209,10:10,716.30,716.30,707.50,710.40,875,23550
20211209,10:11,710.00,714.90,708.70,708.70,150,23550
20211209,10:12,708.70,708.70,685.05,685.05,575,24475
20211209,10:13,685.00,690.00,685.00,689.45,1250,24475
20211209,10:14,688.70,688.70,685.00,686.35,450,25400
20211209,10:15,681.30,684.10,675.35,684.10,425,25400
20211209,10:16,680.40,687.00,677.30,685.35,775,25400
20211209,10:17,683.40,686.35,683.40,684.00,475,25175
20211209,10:18,684.00,684.00,658.05,658.05,1225,25175
20211209,10:19,654.10,663.45,649.15,649.15,900,25175
20211209,10:20,649.15,664.25,644.25,664.25,2975,27850
20211209,10:21,659.75,663.60,655.75,659.65,600,27850
20211209,10:22,665.55,668.00,663.60,663.60,375,27850
20211209,10:23,668.25,669.60,664.80,664.80,300,27900
20211209,10:24,665.60,665.60,660.40,660.40,175,27900
20211209,10:25,666.95,668.05,660.85,668.05,250,27900
20211209,10:26,668.05,670.25,666.95,670.25,200,28175
20211209,10:27,665.65,665.65,660.00,660.00,50,28175
20211209,10:28,667.80,667.80,658.45,661.90,200,28175
20211209,10:29,659.75,659.75,659.75,659.75,50,28175
20211209,10:30,651.45,660.95,651.45,660.95,125,28275
20211209,10:31,668.50,668.50,658.35,658.35,175,28275
20211209,10:32,651.30,662.50,651.30,662.50,300,28275
20211209,10:34,659.05,659.05,659.05,659.05,125,28325
20211209,10:35,667.50,673.70,667.50,673.70,400,28325
20211209,10:36,670.70,675.85,670.05,672.70,1125,28550
20211209,10:37,676.10,676.10,669.95,669.95,175,28550
20211209,10:39,661.00,661.00,661.00,661.00,275,28650
20211209,10:40,668.45,668.45,668.45,668.45,50,28650
20211209,10:41,672.65,676.10,672.65,676.10,300,28650
20211209,10:42,680.40,682.65,680.40,682.65,150,28500
20211209,10:43,691.90,694.00,691.90,694.00,2775,28500
20211209,10:44,685.65,689.00,685.65,688.00,425,28500
20211209,10:45,695.00,695.00,688.15,688.15,375,27050
20211209,10:46,688.00,705.00,688.00,703.40,200,27050
20211209,10:47,706.75,710.50,705.20,708.00,350,27050
20211209,10:48,713.85,719.95,708.00,708.00,950,27325
20211209,10:49,705.00,705.00,700.50,704.95,325,27325
20211209,10:50,705.00,705.00,694.05,705.00,875,26850
20211209,10:51,704.20,709.45,703.75,709.45,100,26850
20211209,10:52,715.00,720.70,714.50,715.30,1775,26850
20211209,10:53,717.95,720.55,715.00,717.30,300,26575
20211209,10:54,711.50,716.00,711.50,715.95,625,26575
20211209,10:55,714.00,714.00,712.95,713.95,125,26575
20211209,10:56,706.20,709.00,703.60,708.45,475,26575
20211209,10:57,708.00,712.10,708.00,712.10,575,26850
20211209,10:58,712.10,712.10,712.10,712.10,125,26850
20211209,10:59,710.00,714.95,707.00,714.95,125,27100
20211209,11:00,713.05,713.05,706.10,709.30,350,27100
20211209,11:01,704.85,718.05,704.50,718.05,450,27100
20211209,11:02,715.05,715.05,713.05,713.05,50,27100
20211209,11:03,723.60,723.60,723.60,723.60,125,27550
20211209,11:04,721.95,734.10,721.95,730.10,1900,27550
20211209,11:05,733.70,733.70,723.65,723.65,575,27550
20211209,11:06,721.95,721.95,718.20,718.20,75,26725
20211209,11:07,711.20,722.20,711.20,722.20,150,26725
20211209,11:08,720.00,722.15,720.00,720.00,450,26725
20211209,11:09,716.25,716.25,712.95,712.95,50,26825
20211209,11:10,720.00,722.15,716.75,720.50,150,26825
20211209,11:11,720.00,723.45,720.00,723.45,75,26850
20211209,11:12,720.20,723.00,710.00,710.00,575,26850
20211209,11:14,707.15,707.15,706.25,706.25,125,26850
20211209,11:15,700.00,700.00,682.80,690.00,675,27175
20211209,11:16,689.20,689.20,687.25,687.25,100,27175
20211209,11:17,680.00,685.00,680.00,685.00,175,27175
20211209,11:18,683.40,689.00,683.40,689.00,100,27475
20211209,11:19,685.90,694.75,685.90,694.75,100,27475
20211209,11:20,698.30,698.30,690.30,690.30,250,27475
20211209,11:21,693.55,693.55,690.65,690.65,225,27325
20211209,11:22,687.00,687.00,687.00,687.00,25,27325
20211209,11:23,695.35,695.35,695.35,695.35,100,27325
20211209,11:24,694.05,699.95,694.05,699.95,175,27450
20211209,11:25,706.80,711.00,706.80,711.00,250,27450
20211209,11:26,711.00,711.00,705.00,705.00,175,27450
20211209,11:27,699.00,704.80,699.00,704.15,100,27450
20211209,11:28,704.15,704.15,700.65,700.65,1075,27450
20211209,11:29,701.55,701.55,701.55,701.55,25,27450
20211209,11:30,705.30,705.30,700.00,700.00,150,28400
20211209,11:31,695.00,695.00,687.15,687.15,50,28400
20211209,11:32,682.10,683.20,680.60,683.20,275,28400
20211209,11:33,690.00,690.00,690.00,690.00,75,28500
20211209,11:34,699.00,699.00,699.00,699.00,50,28500
20211209,11:35,698.65,698.65,698.65,698.65,200,28500
20211209,11:36,698.65,698.65,690.00,690.00,350,28550
20211209,11:37,690.00,690.00,685.00,685.00,775,28550
20211209,11:38,685.00,685.00,679.35,679.35,150,28550
20211209,11:39,687.75,687.75,680.00,680.65,225,29425
20211209,11:40,681.50,681.50,678.50,678.50,125,29425
20211209,11:41,680.75,680.75,677.25,678.00,150,29425
20211209,11:42,675.00,675.00,669.40,671.30,1175,29625
20211209,11:43,670.00,677.10,670.00,672.05,3850,29625
20211209,11:44,678.30,683.85,675.65,675.65,200,29625
20211209,11:45,685.80,685.80,685.80,685.80,25,27750
20211209,11:46,683.30,685.60,683.30,685.60,150,27750
20211209,11:47,678.60,678.60,678.50,678.50,50,27750
20211209,11:48,679.50,679.90,679.45,679.45,75,27825
20211209,11:49,673.65,679.55,673.65,679.55,125,27825
20211209,11:50,684.05,684.05,673.05,673.05,175,27825
20211209,11:51,672.90,672.90,661.20,665.65,325,27150
20211209,11:52,671.20,672.50,671.20,672.50,50,27150
20211209,11:53,681.20,682.50,680.65,680.65,300,27150
20211209,11:54,680.00,680.00,680.00,680.00,50,27000
20211209,11:55,680.00,680.00,680.00,680.00,100,27000
20211209,11:56,685.20,685.20,680.00,680.00,150,27000
20211209,11:58,680.00,680.00,680.00,680.00,25,27150
20211209,11:59,683.50,686.55,683.50,686.55,175,27150
20211209,12:00,691.50,694.80,685.65,694.05,675,27150
20211209,12:01,691.80,700.00,691.05,700.00,375,27150
20211209,12:02,700.00,705.00,700.00,705.00,225,27150
20211209,12:03,705.00,706.85,702.40,706.85,150,27850
20211209,12:04,700.00,700.00,699.00,699.00,75,27850
20211209,12:05,697.60,700.80,695.00,695.00,625,27850
20211209,12:07,690.50,695.00,690.50,693.20,125,28125
20211209,12:08,702.10,710.95,702.10,710.95,200,28125
20211209,12:09,711.00,713.00,709.45,710.60,300,28075
20211209,12:10,705.00,705.00,705.00,705.00,100,28075
20211209,12:11,711.65,715.55,708.05,715.55,300,28075
20211209,12:12,716.05,716.05,716.05,716.05,50,27975
20211209,12:13,716.05,719.55,716.05,719.55,350,27975
20211209,12:14,722.00,729.10,722.00,727.80,1825,27975
20211209,12:15,729.85,744.65,729.85,739.20,900,27600
20211209,12:16,743.70,744.00,740.00,740.00,575,27600
20211209,12:17,737.50,744.45,737.50,741.30,1175,27600
20211209,12:18,740.00,753.30,739.80,753.30,1100,26800
20211209,12:19,751.80,755.05,748.75,748.75,425,26800
20211209,12:20,745.15,756.45,743.50,754.25,1125,26800
20211209,12:21,754.50,754.50,744.85,744.85,175,26425
20211209,12:22,742.95,746.05,740.30,741.45,425,26425
20211209,12:23,733.30,739.10,733.30,739.10,50,26425
20211209,12:24,729.30,729.30,721.55,724.90,425,26175
20211209,12:25,727.35,727.35,727.35,727.35,25,26175
20211209,12:26,733.20,733.20,729.10,732.80,375,26175
20211209,12:27,735.95,735.95,735.95,735.95,50,26075
20211209,12:28,734.10,734.10,733.40,733.40,50,26075
20211209,12:29,735.65,743.30,735.65,743.30,175,26075
20211209,12:30,750.80,750.80,750.80,750.80,25,26175
20211209,12:31,755.00,760.95,754.90,760.95,325,26175
20211209,12:32,763.65,769.35,762.60,768.65,1025,26175
20211209,12:33,769.40,770.00,764.70,764.80,575,25675
20211209,12:34,769.95,777.55,766.95,767.40,1150,25675
20211209,12:35,769.85,788.60,769.85,782.55,975,25675
20211209,12:36,786.90,788.00,782.10,783.70,325,25300
20211209,12:37,786.90,794.70,786.90,790.40,575,25300
20211209,12:38,787.10,789.55,785.45,788.00,350,25300
20211209,12:39,786.20,786.20,779.95,780.00,625,25450
20211209,12:40,786.10,787.95,770.90,775.65,325,25450
20211209,12:41,766.45,775.00,766.45,772.75,125,25450
20211209,12:42,767.85,775.20,767.35,775.20,200,25050
20211209,12:43,775.00,779.95,775.00,778.00,400,25050
20211209,12:44,778.00,778.50,774.35,778.50,525,25050
20211209,12:45,784.75,784.75,784.75,784.75,75,25050
20211209,12:46,785.00,787.40,784.95,784.95,225,25250
20211209,12:47,784.05,784.05,780.85,780.85,75,25250
20211209,12:48,780.05,781.60,777.00,781.60,500,25075
20211209,12:49,788.00,792.05,788.00,790.25,500,25075
20211209,12:50,794.00,798.55,793.25,797.65,200,25075
20211209,12:51,793.00,797.65,793.00,793.00,250,25125
20211209,12:52,790.60,790.60,785.35,789.05,575,25125
20211209,12:53,788.30,788.30,788.30,788.30,25,25125
20211209,12:55,789.90,789.90,787.20,787.20,175,24900
20211209,12:56,781.00,791.00,778.95,791.00,475,24900
20211209,12:57,791.95,811.45,791.95,806.20,1100,24775
20211209,12:58,819.65,820.45,819.65,820.45,1225,24775
20211209,12:59,821.15,821.15,814.00,818.70,625,24775
20211209,13:00,830.00,834.30,826.55,826.55,450,25050
20211209,13:01,824.05,828.00,819.95,819.95,250,25050
20211209,13:02,812.55,823.40,812.55,823.40,375,25050
20211209,13:03,831.00,833.00,831.00,833.00,1950,24600
20211209,13:04,833.85,833.85,825.05,825.05,100,24600
20211209,13:05,812.50,812.50,810.25,810.25,225,24600
20211209,13:06,805.00,808.10,805.00,806.75,275,24450
20211209,13:07,805.55,806.35,805.55,806.35,75,24450
20211209,13:08,794.25,800.00,794.25,800.00,150,24450
20211209,13:09,800.00,802.00,800.00,802.00,50,24375
20211209,13:10,804.75,815.30,804.75,815.30,250,24375
20211209,13:11,820.95,827.15,820.95,827.15,200,24375
20211209,13:12,829.95,844.75,829.95,840.25,425,23675
20211209,13:13,842.45,842.45,837.10,837.10,375,23675
20211209,13:14,840.00,840.00,839.10,839.10,150,23675
20211209,13:15,843.00,843.00,838.30,838.30,325,23950
20211209,13:16,835.45,835.45,825.65,825.65,150,23950
20211209,13:17,831.10,831.10,831.10,831.10,25,23950
20211209,13:18,828.75,832.40,826.10,826.10,125,23900
20211209,13:19,826.10,826.10,826.10,826.10,25,23900
20211209,13:21,819.60,819.60,819.60,819.60,225,23950
20211209,13:22,806.30,806.30,804.00,804.00,150,23950
20211209,13:23,804.60,804.60,804.60,804.60,25,23950
20211209,13:24,800.75,800.75,800.75,800.75,75,23925
20211209,13:25,791.40,791.40,773.50,783.35,1275,23925
20211209,13:26,782.90,807.75,782.90,807.75,75,23925
20211209,13:27,802.00,814.15,802.00,814.15,50,23925
20211209,13:28,814.15,821.10,814.15,815.00,75,23925
20211209,13:29,821.10,832.85,819.65,832.85,100,23925
20211209,13:31,813.05,813.05,813.05,813.05,100,23850
20211209,13:32,817.55,817.55,813.05,813.05,50,23850
20211209,13:33,809.15,809.15,809.15,809.15,75,23850
20211209,13:35,796.90,796.90,796.90,796.90,100,23775
20211209,13:36,786.50,791.55,786.50,791.55,50,23775
20211209,13:37,783.45,783.45,783.45,783.45,25,23750
20211209,13:38,788.00,788.00,777.25,777.25,100,23750
20211209,13:39,778.40,778.40,766.00,766.00,375,23725
20211209,13:40,761.00,761.00,749.30,751.20,325,23725
20211209,13:41,751.45,759.25,750.00,754.95,1700,23725
20211209,13:42,750.30,759.25,750.30,757.80,700,24050
20211209,13:43,750.00,750.00,735.10,735.10,125,24050
20211209,13:44,735.00,735.00,735.00,735.00,25,24050
20211209,13:45,735.45,744.85,727.00,727.00,575,24000
20211209,13:46,721.35,733.65,721.35,733.65,500,24000
20211209,13:47,740.00,750.80,740.00,750.80,250,24000
20211209,13:48,750.80,757.60,750.80,752.00,100,23675
20211209,13:49,752.00,759.25,752.00,758.00,250,23675
20211209,13:50,748.70,748.70,730.15,730.15,550,23675
20211209,13:51,730.55,732.10,730.55,732.10,50,23675
20211209,13:52,746.95,748.00,746.95,746.95,150,23700
20211209,13:53,748.00,752.75,748.00,749.00,150,23700
20211209,13:54,748.00,748.00,738.30,738.30,250,23700
20211209,13:55,733.00,740.15,733.00,740.15,75,22325
20211209,13:56,749.05,756.00,749.05,756.00,225,22325
20211209,13:57,759.70,759.70,756.00,756.00,175,22325
20211209,13:58,760.00,770.40,760.00,763.00,225,22325
20211209,13:59,769.40,769.40,761.85,761.85,350,22325
20211209,14:00,753.30,753.30,751.40,753.30,175,22325
20211209,14:01,753.30,753.30,741.85,748.25,200,22550
20211209,14:02,747.90,753.20,747.90,753.20,575,22550
20211209,14:03,751.65,760.90,746.90,758.75,225,22625
20211209,14:04,760.00,760.00,760.00,760.00,50,22625
20211209,14:05,754.50,754.50,754.25,754.25,50,22625
20211209,14:06,753.00,754.85,753.00,753.00,150,22625
20211209,14:07,757.65,757.65,752.05,752.05,100,22725
20211209,14:08,752.00,752.00,745.00,745.00,400,22725
20211209,14:09,750.00,756.00,750.00,756.00,50,22850
20211209,14:10,750.40,750.40,740.00,740.00,175,22850
20211209,14:11,730.80,733.90,720.75,726.85,450,22850
20211209,14:12,725.95,745.00,725.95,745.00,200,23000
20211209,14:13,745.65,746.35,745.65,746.35,100,23000
20211209,14:14,730.05,731.05,729.35,729.35,100,23000
20211209,14:15,722.05,722.05,715.50,721.45,850,23100
20211209,14:16,733.00,733.00,732.00,732.00,50,23100
20211209,14:17,730.75,730.75,720.00,720.00,250,23100
20211209,14:18,720.00,720.00,710.65,710.65,100,22900
20211209,14:19,710.30,719.40,709.00,709.00,475,22900
20211209,14:20,707.30,709.45,706.00,709.25,700,22900
20211209,14:21,713.60,713.60,713.60,713.60,25,22900
20211209,14:22,716.10,716.10,716.10,716.10,25,23050
20211209,14:23,705.00,708.80,705.00,708.80,75,23050
20211209,14:24,700.00,700.70,696.15,697.35,1175,23500
20211209,14:25,694.45,694.70,690.20,690.90,675,23500
20211209,14:26,692.40,692.40,676.25,676.85,525,23500
20211209,14:27,677.10,677.10,670.05,674.15,825,24400
20211209,14:28,685.00,685.00,682.80,682.80,150,24400
20211209,14:29,693.35,693.35,683.00,683.00,175,24400
20211209,14:30,680.60,680.60,678.65,678.65,75,24400
20211209,14:32,690.00,700.10,690.00,700.00,150,24550
20211209,14:33,697.55,709.55,697.55,701.40,925,24875
20211209,14:34,705.35,705.35,701.95,701.95,150,24875
20211209,14:35,699.25,712.50,699.25,712.50,1050,24875
20211209,14:36,711.75,711.75,707.15,707.15,50,24875
20211209,14:37,702.00,702.00,702.00,702.00,25,25600
20211209,14:38,702.45,706.90,702.45,706.90,100,25600
20211209,14:39,702.00,702.00,685.45,685.45,250,25675
20211209,14:40,684.75,691.65,680.55,690.05,150,25675
20211209,14:41,694.40,694.40,694.40,694.40,175,25675
20211209,14:42,694.00,694.00,687.45,687.45,150,25675
20211209,14:43,690.90,698.00,690.90,698.00,200,25300
20211209,14:44,693.00,693.20,690.00,693.20,175,25300
20211209,14:45,688.15,688.15,688.15,688.15,25,25300
20211209,14:46,696.45,696.45,688.00,688.00,50,25175
20211209,14:47,689.70,689.70,684.95,684.95,375,25175
20211209,14:50,700.00,720.00,700.00,714.60,400,25275
20211209,14:51,712.15,721.05,708.30,721.05,425,25200
20211209,14:52,720.70,721.05,714.35,718.25,575,25200
20211209,14:53,714.75,714.75,707.30,708.00,150,25200
20211209,14:54,712.20,722.00,712.20,722.00,100,25325
20211209,14:55,717.50,722.00,716.00,722.00,250,25325
20211209,14:56,724.15,730.00,724.15,725.00,125,25325
20211209,14:57,725.00,725.00,725.00,725.00,100,25325
20211209,14:58,734.65,734.65,725.00,725.00,125,25275
20211209,14:59,733.25,733.25,726.40,732.25,150,25275
20211209,15:00,730.80,747.85,730.80,743.15,1300,25275
20211209,15:01,736.80,741.55,735.15,737.55,600,25250
20211209,15:02,742.65,748.50,742.65,748.50,325,25250
20211209,15:03,749.00,750.00,741.00,741.00,475,25525
20211209,15:04,745.00,752.15,744.10,746.75,225,25525
20211209,15:05,751.00,753.00,740.70,740.70,675,25525
20211209,15:06,750.40,750.40,744.80,744.80,625,25525
20211209,15:07,748.00,748.00,741.20,745.10,125,25350
20211209,15:08,750.00,750.00,739.00,743.15,375,25350
20211209,15:09,738.45,738.45,732.35,732.80,650,25350
20211209,15:10,732.80,733.95,724.90,725.65,750,24900
20211209,15:11,714.85,720.50,714.85,720.50,150,24900
20211209,15:12,716.20,724.50,715.40,724.50,550,24900
20211209,15:13,720.00,723.60,720.00,723.60,50,24900
20211209,15:14,719.40,723.00,718.50,723.00,100,24900
20211209,15:15,723.00,725.00,722.00,722.00,700,24775
20211209,15:16,725.00,725.00,723.85,723.85,175,24775
20211209,15:17,723.65,723.65,723.65,723.65,50,24775
20211209,15:18,722.50,722.50,722.50,722.50,325,24775
20211209,15:19,720.85,721.35,716.55,718.00,375,25000
20211209,15:20,719.00,723.95,719.00,723.95,325,25000
20211209,15:21,725.75,727.05,723.00,727.05,575,25000
20211209,15:22,725.05,725.05,725.00,725.00,400,25250
20211209,15:23,725.00,725.00,725.00,725.00,200,25250
20211209,15:24,725.50,725.50,725.00,725.15,125,25250
20211209,15:25,723.50,729.00,723.50,729.00,1050,25350
20211209,15:26,717.55,725.00,717.55,725.00,475,25350
20211209,15:27,723.45,723.45,716.50,716.50,425,25350
20211209,15:28,718.35,719.35,716.65,719.35,200,26000
20211209,15:29,715.00,725.90,715.00,725.90,800,26000
20211210,09:15,700.00,700.00,584.00,628.25,1726,25600
20211210,09:16,634.50,647.70,628.10,630.00,575,25600
20211210,09:17,627.75,648.00,609.90,640.95,475,26525
20211210,09:18,632.75,635.15,631.05,635.00,300,26525
20211210,09:19,635.15,679.70,635.15,670.40,550,26525
20211210,09:20,668.50,672.60,651.40,665.65,950,27250
20211210,09:21,668.45,672.15,658.35,669.80,625,27250
20211210,09:22,669.65,694.70,669.65,686.15,325,27250
20211210,09:23,692.15,748.45,692.15,748.45,1225,27725
20211210,09:24,748.85,749.65,726.45,731.25,1350,27725
20211210,09:25,734.05,736.05,710.00,710.00,975,27725
20211210,09:26,715.35,715.35,688.85,705.00,500,28825
20211210,09:27,706.20,714.10,706.20,708.10,275,28825
20211210,09:28,712.25,718.85,712.25,718.85,100,28825
20211210,09:29,734.00,740.00,734.00,737.00,275,28900
20211210,09:30,745.00,746.65,713.45,713.45,500,28900
20211210,09:31,721.85,727.55,703.00,703.00,350,28900
20211210,09:32,707.00,715.65,707.00,707.95,175,29050
20211210,09:33,708.00,711.35,697.60,698.80,500,29050
20211210,09:34,698.80,698.80,691.05,691.05,200,29050
20211210,09:35,692.05,692.05,663.20,676.80,1025,29750
20211210,09:36,676.30,680.00,673.10,680.00,175,29750
20211210,09:37,680.00,680.00,677.45,677.45,325,29750
20211210,09:38,676.25,676.25,661.50,661.50,1250,29800
20211210,09:39,648.00,661.50,648.00,661.50,250,29800
20211210,09:40,667.25,667.25,658.55,658.55,375,29800
20211210,09:41,655.00,665.75,652.50,665.75,1300,30650
20211210,09:42,668.25,670.90,666.65,670.90,350,30650
20211210,09:43,661.60,665.25,661.60,665.25,125,30650
20211210,09:44,665.25,666.25,660.00,660.00,150,31775
20211210,09:45,656.05,656.05,639.25,640.30,250,31775
20211210,09:46,641.05,652.00,641.05,645.20,300,31775
20211210,09:47,651.55,651.55,643.30,643.30,200,31775
20211210,09:48,658.15,662.20,658.15,662.20,100,31775
20211210,09:49,665.90,674.70,662.35,662.35,225,31775
20211210,09:50,660.00,660.00,647.00,654.80,250,31925
20211210,09:51,665.40,665.40,658.35,658.35,50,31925
20211210,09:52,666.00,680.00,666.00,673.70,300,31925
20211210,09:53,675.90,680.00,670.30,670.30,525,32100
20211210,09:54,677.00,677.00,671.35,676.95,425,32100
20211210,09:55,675.55,687.95,672.85,685.05,900,32100
20211210,09:56,674.15,674.15,657.65,657.65,200,32100
20211210,09:57,661.30,661.30,649.05,649.05,100,33250
20211210,09:58,651.00,651.00,650.05,650.05,50,33250
20211210,09:59,645.00,645.00,637.25,637.55,225,33325
20211210,10:00,636.70,636.70,629.20,632.20,750,33325
20211210,10:01,635.00,635.00,630.00,630.00,150,33325
20211210,10:02,634.05,640.90,632.85,635.65,325,33575
20211210,10:03,635.75,638.95,633.05,633.05,600,33575
20211210,10:04,632.45,635.75,632.45,635.75,275,33575
20211210,10:05,630.00,630.00,622.35,623.25,425,33325
20211210,10:06,633.00,633.00,628.00,628.00,75,33325
20211210,10:07,632.85,639.40,632.85,639.40,50,33325
20211210,10:08,641.50,650.00,641.50,642.15,1325,33425
20211210,10:09,640.40,640.40,628.55,630.85,1975,33425
20211210,10:10,624.30,624.30,618.75,619.50,1550,33425
20211210,10:11,619.45,619.45,611.80,614.55,1750,35500
20211210,10:12,614.65,615.70,610.00,615.70,1175,35500
20211210,10:13,617.70,635.15,617.70,632.70,650,35500
20211210,10:14,628.55,628.55,628.55,628.55,100,35500
20211210,10:15,610.00,610.00,601.75,601.75,500,37725
20211210,10:16,622.00,622.20,621.70,622.20,125,37725
20211210,10:17,626.75,626.75,624.95,626.50,125,37275
20211210,10:18,630.80,630.80,630.80,630.80,100,37275
20211210,10:19,632.85,640.00,632.85,640.00,225,37275
20211210,10:20,640.65,641.90,636.00,641.90,200,37250
20211210,10:21,629.80,629.80,629.80,629.80,25,37250
20211210,10:22,639.15,639.15,638.45,638.45,75,37250
20211210,10:23,638.45,640.80,638.45,640.80,75,36725
20211210,10:24,639.15,639.15,639.15,639.15,75,36725
20211210,10:25,640.00,647.50,640.00,647.50,200,36725
20211210,10:26,642.20,644.75,642.20,644.75,75,36725
20211210,10:27,636.00,639.50,636.00,639.50,125,36750
20211210,10:28,640.05,640.05,633.40,633.40,350,36750
20211210,10:29,634.00,634.00,628.00,630.70,475,36800
20211210,10:30,629.00,644.00,629.00,644.00,175,36800
20211210,10:31,650.00,660.00,649.90,660.00,700,36800
20211210,10:32,653.70,653.70,651.95,652.05,225,37025
20211210,10:33,653.65,655.85,653.65,655.85,125,37025
20211210,10:34,655.85,665.00,655.85,664.75,125,37025
20211210,10:35,664.75,664.90,659.95,660.85,300,36975
20211210,10:37,652.35,652.60,650.20,652.60,250,36975
20211210,10:38,652.00,658.70,652.00,655.60,225,37025
20211210,10:39,659.25,659.25,657.85,657.85,75,37025
20211210,10:40,655.20,655.20,651.90,651.90,200,37025
20211210,10:41,650.20,651.00,650.20,651.00,75,37025
20211210,10:42,645.00,645.00,645.00,645.00,50,36900
20211210,10:44,651.95,653.80,651.95,653.80,75,36900
20211210,10:46,653.80,653.80,653.80,653.80,50,36925
20211210,10:47,650.75,650.75,650.00,650.00,50,36925
20211210,10:48,640.00,640.00,632.60,640.00,300,36775
20211210,10:49,643.35,643.35,637.05,637.95,150,36775
20211210,10:50,636.40,636.40,636.40,636.40,25,36775
20211210,10:51,636.45,636.45,636.45,636.45,50,36850
20211210,10:52,628.80,634.55,628.80,634.55,225,36850
20211210,10:53,632.20,644.80,632.20,644.80,175,36900
20211210,10:54,651.50,673.60,651.50,671.05,375,36900
20211210,10:55,665.95,677.55,665.95,667.50,625,36900
20211210,10:56,677.30,677.30,668.45,669.90,200,37125
20211210,10:57,670.60,670.60,669.00,670.00,200,37125
20211210,10:58,669.60,670.00,663.75,670.00,375,37125
20211210,10:59,668.95,668.95,655.65,655.65,50,37250
20211210,11:00,662.80,662.80,658.30,658.60,100,37250
20211210,11:01,661.30,661.30,642.90,647.75,225,37250
20211210,11:02,636.35,636.35,636.35,636.35,75,37125
20211210,11:03,644.70,648.15,644.70,644.70,100,37125
20211210,11:04,645.95,648.50,645.95,648.50,125,37125
20211210,11:05,645.95,652.95,645.95,652.95,450,37125
20211210,11:06,639.95,640.00,639.95,640.00,125,37500
20211210,11:07,641.00,643.95,641.00,643.95,50,37500
20211210,11:08,637.00,637.00,637.00,637.00,25,37500
20211210,11:09,635.50,636.20,635.50,636.20,100,37500
20211210,11:10,635.25,639.95,634.05,634.05,125,37500
20211210,11:13,633.35,633.35,633.35,633.35,25,37500
20211210,11:14,633.35,633.35,628.90,628.90,175,37550
20211210,11:15,638.15,638.15,638.15,638.15,25,37550
20211210,11:17,644.00,644.70,644.00,644.70,50,37550
20211210,11:18,649.65,650.50,649.65,650.50,100,37550
20211210,11:19,650.50,650.50,650.50,650.50,100,37550
20211210,11:21,650.50,650.50,650.50,650.50,25,37575
20211210,11:22,649.65,649.95,646.10,646.10,275,37575
20211210,11:23,644.90,644.90,644.90,644.90,75,37575
20211210,11:24,642.60,642.60,633.05,633.05,175,37650
20211210,11:25,635.75,635.75,635.75,635.75,25,37650
20211210,11:26,644.05,644.05,644.05,644.05,25,37650
20211210,11:28,631.35,631.35,631.35,631.35,25,37600
20211210,11:29,630.30,630.30,625.95,626.10,125,37600
20211210,11:30,623.35,625.15,623.35,623.95,300,37525
20211210,11:31,630.00,633.60,630.00,633.60,575,37525
20211210,11:32,644.20,655.00,644.20,655.00,200,37725
20211210,11:33,649.10,649.10,630.00,630.00,600,37725
20211210,11:34,625.00,631.15,625.00,629.25,225,37725
20211210,11:35,625.00,634.15,625.00,634.15,50,37850
20211210,11:36,631.30,632.45,627.00,627.00,300,37850
20211210,11:37,627.35,629.20,625.30,629.20,200,37850
20211210,11:38,635.00,635.00,635.00,635.00,25,37850
20211210,11:39,636.60,636.60,636.60,636.60,25,37575
20211210,11:40,636.60,637.70,636.60,637.70,425,37575
20211210,11:41,643.60,643.60,640.00,640.00,125,37575
20211210,11:42,643.25,643.25,643.25,643.25,75,37600
20211210,11:43,644.70,644.70,644.70,644.70,50,37600
20211210,11:44,635.00,635.00,634.60,634.60,150,37600
20211210,11:45,632.00,635.00,632.00,635.00,200,37650
20211210,11:46,644.05,644.05,644.05,644.05,25,37650
20211210,11:47,646.25,646.25,646.25,646.25,25,37625
20211210,11:48,648.90,651.85,646.25,646.25,125,37625
20211210,11:49,648.05,648.05,644.55,644.55,200,37625
20211210,11:50,644.00,644.00,644.00,644.00,50,37625
20211210,11:51,655.00,655.00,651.00,651.00,100,37600
20211210,11:52,651.95,651.95,651.95,651.95,50,37600
20211210,11:53,660.00,660.00,660.00,660.00,75,37600
20211210,11:54,660.00,660.80,659.25,660.80,525,37600
20211210,11:55,662.95,663.25,658.35,663.25,175,37600
20211210,11:56,660.00,660.00,655.00,655.00,100,37600
20211210,11:59,651.00,651.00,648.00,650.00,100,37675
20211210,12:00,638.00,643.50,638.00,642.00,325,37675
20211210,12:01,642.70,646.55,642.70,646.55,100,37675
20211210,12:02,646.00,646.00,646.00,646.00,100,37675
20211210,12:03,643.55,643.55,643.55,643.55,25,37750
20211210,12:05,630.85,633.05,630.00,632.00,300,37750
20211210,12:06,632.00,636.00,632.00,635.65,175,37600
20211210,12:07,632.00,633.05,632.00,633.05,225,37600
20211210,12:08,634.05,634.90,633.05,633.05,75,37600
20211210,12:09,635.65,635.65,628.90,628.90,625,37600
20211210,12:10,629.85,632.20,629.85,632.20,125,37600
20211210,12:11,632.85,632.85,618.10,618.10,300,37825
20211210,12:12,621.00,621.00,618.55,618.55,50,37825
20211210,12:15,630.25,630.25,629.85,629.85,275,37750
20211210,12:16,629.40,629.40,620.55,622.45,100,37750
20211210,12:17,634.05,634.05,634.05,634.05,25,37750
20211210,12:18,620.00,620.00,613.75,615.45,1275,37850
20211210,12:19,616.40,616.40,606.35,609.95,950,37850
20211210,12:20,615.80,615.80,615.80,615.80,25,37850
20211210,12:21,610.00,610.00,610.00,610.00,50,37400
20211210,12:23,612.00,613.10,611.00,611.00,125,37400
20211210,12:24,613.35,613.35,610.00,610.00,275,37300
20211210,12:25,611.05,615.45,609.80,615.45,550,37300
20211210,12:26,623.20,623.20,620.00,620.00,125,37300
20211210,12:28,620.95,620.95,619.65,620.20,325,36850
20211210,12:29,620.25,621.00,615.00,615.00,300,36850
20211210,12:30,614.85,614.85,614.85,614.85,50,36850
20211210,12:31,620.90,620.90,620.90,620.90,150,36750
20211210,12:33,619.00,619.00,619.00,619.00,50,36675
20211210,12:35,620.00,620.00,620.00,620.00,25,36675
20211210,12:36,612.75,612.75,594.80,596.80,1850,36650
20211210,12:37,598.90,598.90,585.00,585.00,900,36650
20211210,12:38,585.35,588.50,584.95,584.95,1275,36650
20211210,12:39,586.70,590.35,586.70,590.35,150,36600
20211210,12:40,588.00,588.00,581.05,581.05,1250,36600
20211210,12:41,584.00,588.00,584.00,585.55,150,36600
20211210,12:42,584.10,584.10,584.00,584.00,100,37300
20211210,12:43,584.00,584.00,584.00,584.00,25,37300
20211210,12:44,585.55,585.55,584.00,584.00,50,37300
20211210,12:45,576.00,577.15,575.00,577.15,1150,37325
20211210,12:46,574.50,574.50,566.45,573.65,700,37325
20211210,12:47,578.10,578.10,574.50,574.50,1000,37325
20211210,12:48,575.40,575.40,575.40,575.40,25,37075
20211210,12:49,578.75,583.40,578.75,580.35,350,37075
20211210,12:50,581.85,589.05,581.35,584.00,1450,37075
20211210,12:51,585.95,591.05,585.15,591.05,125,37300
20211210,12:52,592.75,594.35,592.75,593.00,500,37300
20211210,12:53,591.05,593.00,587.95,587.95,750,37300
20211210,12:54,586.10,586.10,583.90,583.90,225,37825
20211210,12:55,585.55,585.55,585.55,585.55,900,37825
20211210,12:56,589.90,595.90,587.45,593.00,350,37825
20211210,12:57,593.50,593.50,589.20,589.20,75,37450
20211210,12:58,595.20,595.20,595.20,595.20,25,37450
20211210,12:59,594.85,594.85,594.85,594.85,25,37450
20211210,13:00,594.70,595.90,589.75,590.75,375,37225
20211210,13:01,585.90,588.00,585.00,585.00,375,37225
20211210,13:02,590.00,595.55,590.00,595.55,275,37225
20211210,13:03,589.55,591.30,589.55,591.30,75,37325
20211210,13:04,585.00,585.00,580.00,580.25,425,37325
20211210,13:05,575.60,575.60,575.60,575.60,25,37325
20211210,13:06,575.60,575.60,571.10,575.55,525,37575
20211210,13:07,580.00,580.00,578.00,578.00,100,37575
20211210,13:08,579.15,579.15,579.15,579.15,25,37575
20211210,13:09,576.15,576.15,571.60,571.60,100,37275
20211210,13:10,573.25,579.55,573.25,579.55,250,37275
20211210,13:11,580.25,582.90,578.70,580.00,100,37275
20211210,13:12,581.00,581.00,580.00,580.00,50,37075
20211210,13:13,579.00,579.00,579.00,579.00,200,37075
20211210,13:14,577.15,586.60,577.15,586.60,150,37075
20211210,13:15,585.25,587.35,585.25,587.35,150,36875
20211210,13:16,587.00,587.00,587.00,587.00,50,36875
20211210,13:17,585.00,586.45,585.00,586.45,1100,36875
20211210,13:18,585.90,588.00,584.65,588.00,4500,36375
20211210,13:19,583.05,583.05,580.20,580.20,275,36375
20211210,13:20,576.80,576.80,572.65,573.85,100,36375
20211210,13:21,581.05,581.05,570.00,570.00,300,36075
20211210,13:22,569.10,574.45,569.10,574.45,100,36075
20211210,13:23,571.30,577.75,571.30,577.75,125,36075
20211210,13:24,576.85,576.85,576.85,576.85,25,36075
20211210,13:26,584.25,584.25,581.85,581.85,100,36300
20211210,13:27,579.55,579.55,575.75,575.75,75,36300
20211210,13:28,577.45,577.45,577.45,577.45,25,36250
20211210,13:29,583.40,583.40,583.40,583.40,25,36250
20211210,13:30,576.80,576.85,576.80,576.85,50,36275
20211210,13:31,582.75,583.75,582.75,583.75,150,36275
20211210,13:32,585.00,588.00,585.00,588.00,75,36275
20211210,13:33,596.65,608.80,591.15,608.45,1225,36175
20211210,13:34,603.10,603.70,598.40,598.40,1075,36175
20211210,13:35,604.80,604.80,600.85,600.85,250,36175
20211210,13:36,605.00,606.00,605.00,605.00,150,37600
20211210,13:37,606.75,609.85,605.70,609.85,150,37600
20211210,13:38,612.25,612.25,603.15,603.75,1000,37600
20211210,13:39,606.65,610.25,606.65,610.25,200,37200
20211210,13:40,609.80,609.80,604.20,604.20,450,37200
20211210,13:42,601.30,602.05,601.30,602.05,75,37325
20211210,13:43,603.00,603.85,601.80,603.70,425,37325
20211210,13:45,597.10,597.10,589.95,592.40,75,37250
20211210,13:46,584.80,584.80,581.55,581.55,75,37250
20211210,13:47,588.65,593.10,588.65,593.10,150,37250
20211210,13:48,592.75,592.75,588.65,588.65,50,37250
20211210,13:49,584.00,584.50,584.00,584.50,50,37200
20211210,13:50,584.65,584.65,584.60,584.60,200,37200
20211210,13:51,597.10,597.10,597.05,597.05,50,37100
20211210,13:52,593.00,593.00,593.00,593.00,275,37100
20211210,13:53,593.60,600.30,593.60,600.30,150,37100
20211210,13:56,599.25,604.60,599.25,604.60,50,37225
20211210,13:57,610.00,610.00,605.10,605.10,75,37150
20211210,13:58,604.30,604.30,600.75,600.75,150,37150
20211210,13:59,600.00,603.85,600.00,603.85,50,37150
20211210,14:02,607.20,607.20,600.00,600.00,50,37250
20211210,14:03,597.85,597.85,597.85,597.85,25,37250
20211210,14:04,615.35,622.40,615.35,616.15,425,37250
20211210,14:05,618.25,620.65,614.55,614.55,225,37250
20211210,14:06,617.10,623.70,617.10,623.35,300,37075
20211210,14:07,620.65,628.00,620.65,626.00,1225,37075
20211210,14:08,623.20,623.20,615.70,615.70,300,37075
20211210,14:09,616.65,617.00,616.45,616.45,300,37350
20211210,14:10,618.10,618.10,611.55,611.55,450,37350
20211210,14:11,620.00,620.00,620.00,620.00,25,37350
20211210,14:12,626.00,626.00,622.05,622.05,100,37475
20211210,14:13,612.00,612.00,607.40,609.00,150,37475
20211210,14:14,615.10,621.70,615.10,621.70,50,37475
20211210,14:15,617.45,617.45,617.45,617.45,50,37425
20211210,14:16,612.90,616.40,612.90,616.40,150,37425
20211210,14:17,610.00,611.20,610.00,611.20,175,37425
20211210,14:18,612.50,612.50,612.50,612.50,50,37500
20211210,14:19,611.50,611.50,610.00,610.00,275,37500
20211210,14:20,610.00,610.00,602.90,602.90,250,37500
20211210,14:21,600.75,600.75,596.00,600.00,225,37675
20211210,14:22,608.70,610.85,605.30,610.85,350,37675
20211210,14:24,614.10,614.10,612.75,612.75,75,37400
20211210,14:25,610.00,616.40,606.20,616.40,125,37400
20211210,14:26,612.30,612.30,608.05,608.05,75,37400
20211210,14:27,615.50,615.50,615.50,615.50,25,37475
20211210,14:28,620.50,625.50,620.50,624.25,425,37475
20211210,14:29,624.00,624.00,624.00,624.00,25,37475
20211210,14:30,625.30,625.30,616.40,616.40,350,37625
20211210,14:31,620.00,620.00,611.30,611.30,175,37625
20211210,14:32,609.20,618.40,609.20,618.40,225,37625
20211210,14:33,619.25,635.00,619.25,628.65,775,37600
20211210,14:34,635.00,650.00,634.10,650.00,1750,37600
20211210,14:35,648.00,653.30,642.45,647.20,425,37600
20211210,14:36,650.00,655.65,650.00,650.00,775,36775
20211210,14:37,644.05,648.95,644.05,645.55,350,36775
20211210,14:38,646.85,646.85,635.75,643.95,525,36775
20211210,14:39,646.00,655.50,646.00,652.20,225,36925
20211210,14:40,649.90,680.00,649.90,680.00,1525,36925
20211210,14:41,677.25,677.25,669.15,669.55,1325,36925
20211210,14:42,670.00,682.05,670.00,679.30,575,37275
20211210,14:43,672.15,675.90,669.40,675.90,200,37275
20211210,14:44,677.10,678.45,677.10,678.45,75,37275
20211210,14:45,690.00,706.40,690.00,705.95,1575,36875
20211210,14:46,703.25,724.40,702.40,724.40,2125,36875
20211210,14:47,716.45,722.70,711.70,713.05,925,36875
20211210,14:48,713.05,713.65,709.10,709.10,725,36225
20211210,14:49,712.30,712.30,706.10,709.50,1250,36225
20211210,14:50,711.50,728.00,711.50,725.00,1250,36225
20211210,14:51,723.55,723.55,716.90,720.00,250,35500
20211210,14:52,723.70,723.70,703.85,703.85,925,35500
20211210,14:53,705.95,706.30,695.00,698.00,875,35500
20211210,14:54,695.45,700.30,695.45,698.35,550,35250
20211210,14:55,701.35,701.35,687.40,687.40,375,35250
20211210,14:56,686.10,687.95,685.00,687.95,375,35250
20211210,14:57,685.10,690.70,681.25,690.70,325,35050
20211210,14:58,685.00,685.05,685.00,685.05,300,35050
20211210,14:59,687.00,687.00,675.00,682.90,450,35050
20211210,15:00,688.00,702.10,688.00,702.10,550,35125
20211210,15:01,700.65,702.85,696.20,702.85,1325,35125
20211210,15:02,710.00,715.25,710.00,711.30,600,35125
20211210,15:03,714.65,714.65,710.00,710.00,325,35050
20211210,15:04,714.65,714.65,707.95,707.95,75,35050
20211210,15:05,712.80,714.10,704.85,708.95,250,35050
20211210,15:06,710.85,711.00,704.40,704.40,150,35025
20211210,15:07,706.80,706.80,696.60,705.15,250,35025
20211210,15:08,701.15,712.85,700.65,710.00,525,35025
20211210,15:09,711.05,715.55,711.05,715.55,50,35025
20211210,15:10,710.05,718.30,708.60,718.30,550,34550
20211210,15:11,715.00,716.00,715.00,715.85,275,34550
20211210,15:12,711.00,715.85,711.00,715.85,150,34600
20211210,15:13,712.60,715.00,712.50,713.55,100,34600
20211210,15:14,713.10,727.05,713.10,727.05,1100,34600
20211210,15:15,729.00,743.00,726.00,743.00,1600,34225
20211210,15:16,742.85,746.70,738.35,739.95,625,34225
20211210,15:17,734.65,738.90,734.65,735.40,1300,34225
20211210,15:18,739.95,739.95,728.15,728.15,700,34050
20211210,15:19,737.15,737.15,730.80,732.35,575,34050
20211210,15:20,730.30,730.30,718.05,720.00,800,34050
20211210,15:21,727.45,727.45,713.55,716.05,825,33225
20211210,15:22,704.70,708.30,704.00,704.35,200,33225
20211210,15:23,703.25,703.25,700.00,701.80,250,33225
20211210,15:24,707.70,707.80,705.90,707.70,525,33300
20211210,15:25,708.35,711.00,706.40,706.40,850,33300
20211210,15:26,708.75,709.60,707.40,707.40,500,33300
20211210,15:27,710.00,711.00,707.80,711.00,400,33150
20211210,15:28,712.00,712.00,707.75,707.75,575,33150
20211210,15:29,713.25,715.00,707.75,715.00,400,33150
20211213,09:15,788.10,895.00,788.10,860.00,1851,32625
20211213,09:16,860.00,880.50,850.00,854.65,2000,32625
20211213,09:17,854.00,862.80,852.65,852.65,225,32050
20211213,09:18,850.40,860.00,839.00,844.40,1025,32050
20211213,09:19,850.00,891.25,850.00,883.30,600,32050
20211213,09:20,895.00,908.20,887.95,908.20,1700,31850
20211213,09:21,908.75,908.75,895.95,901.00,825,31850
20211213,09:22,895.00,904.15,895.00,897.00,250,31850
20211213,09:23,903.30,904.40,888.10,895.65,400,31925
20211213,09:24,896.70,896.70,885.00,892.35,275,31925
20211213,09:25,892.80,892.80,867.55,876.40,675,31925
20211213,09:26,876.20,900.00,876.20,895.05,575,31650
20211213,09:27,900.00,901.00,897.05,900.00,625,31650
20211213,09:28,914.10,926.60,914.10,924.50,1500,31650
20211213,09:29,919.60,934.40,918.00,934.40,525,31275
20211213,09:30,930.05,933.05,922.65,928.00,850,31275
20211213,09:31,926.40,926.40,920.00,921.35,250,31275
20211213,09:32,920.50,924.20,915.90,916.75,325,29150
20211213,09:33,920.00,924.25,920.00,920.00,550,29150
20211213,09:34,924.70,924.70,906.65,907.80,225,29150
20211213,09:35,928.30,928.30,911.95,911.95,75,28950
20211213,09:36,905.80,924.80,905.80,906.55,225,28950
20211213,09:37,907.40,911.35,907.40,911.35,75,28950
20211213,09:38,909.35,909.35,908.30,908.30,75,27575
20211213,09:39,903.55,923.00,903.55,923.00,75,27575
20211213,09:40,919.90,919.90,913.00,913.00,50,27575
20211213,09:41,918.35,923.15,918.35,923.15,50,27500
20211213,09:42,920.70,920.70,916.40,916.40,50,27500
20211213,09:43,912.05,943.30,912.05,943.30,575,27500
20211213,09:44,943.30,949.80,941.45,943.95,325,27325
20211213,09:45,950.00,956.45,950.00,956.45,500,27325
20211213,09:46,950.10,950.10,945.05,947.00,350,27325
20211213,09:47,950.00,950.00,942.90,944.90,150,26475
20211213,09:48,950.00,950.00,940.00,942.95,175,26475
20211213,09:49,946.40,946.40,940.60,940.60,50,26475
20211213,09:50,933.25,933.25,933.25,933.25,250,26400
20211213,09:51,925.00,930.00,923.85,930.00,100,26400
20211213,09:52,942.00,960.15,942.00,960.15,325,26400
20211213,09:53,969.45,970.00,957.40,957.40,250,26075
20211213,09:54,967.30,972.35,962.60,966.95,125,26075
20211213,09:55,963.10,964.05,954.75,954.75,350,26075
20211213,09:56,959.60,960.00,957.25,957.25,75,25800
20211213,09:57,957.60,959.20,957.60,959.20,50,25800
20211213,09:58,958.15,958.15,954.00,954.00,50,25800
20211213,09:59,952.20,952.20,952.00,952.00,275,25625
20211213,10:01,955.80,955.80,955.80,955.80,50,25625
20211213,10:02,950.00,950.00,941.15,941.30,150,25625
20211213,10:04,944.15,944.15,944.15,944.15,50,25375
20211213,10:07,956.95,956.95,939.05,947.60,225,25250
20211213,10:08,945.00,945.00,945.00,945.00,50,25250
20211213,10:10,945.00,947.40,941.85,941.85,100,25100
20211213,10:11,944.30,944.30,944.30,944.30,25,25050
20211213,10:13,935.00,935.00,935.00,935.00,25,25050
20211213,10:14,926.10,926.10,926.10,926.10,50,25050
20211213,10:15,926.10,926.10,911.00,912.00,100,25000
20211213,10:16,912.00,912.00,912.00,912.00,50,25000
20211213,10:17,893.35,893.35,893.35,893.35,25,24950
20211213,10:18,883.55,883.55,883.05,883.05,125,24950
20211213,10:19,881.00,881.00,857.75,857.75,425,24950
20211213,10:20,863.10,882.00,858.80,871.80,450,25000
20211213,10:23,873.05,873.10,873.05,873.10,250,25000
20211213,10:24,862.05,862.05,860.35,860.35,125,24950
20211213,10:25,861.35,861.35,861.35,861.35,25,24950
20211213,10:26,881.75,881.75,881.75,881.75,25,24850
20211213,10:27,893.55,894.15,888.25,894.15,75,24850
20211213,10:28,899.65,901.80,899.65,901.80,125,24850
20211213,10:29,912.00,912.00,906.10,910.00,200,24825
20211213,10:30,915.00,915.00,908.00,908.00,200,24825
20211213,10:32,903.30,907.00,902.80,907.00,550,24825
20211213,10:33,917.95,923.10,917.95,919.40,175,24525
20211213,10:34,929.85,929.85,929.35,929.35,50,24525
20211213,10:36,923.00,924.95,923.00,923.00,175,24400
20211213,10:38,914.25,918.40,909.05,909.05,125,24375
20211213,10:39,911.60,911.60,905.60,905.80,150,24375
20211213,10:41,908.90,908.90,908.90,908.90,25,24375
20211213,10:42,887.35,887.35,887.35,887.35,25,24275
20211213,10:43,894.00,894.00,894.00,894.00,75,24275
20211213,10:44,900.00,900.00,900.00,900.00,50,24275
20211213,10:51,919.15,919.15,919.15,919.15,25,24275
20211213,10:52,920.95,920.95,911.75,914.05,125,24275
20211213,10:54,920.70,920.70,920.70,920.70,25,24025
20211213,10:56,924.65,929.35,924.65,929.35,75,24000
20211213,10:58,921.40,921.40,921.40,921.40,25,24000
20211213,11:00,900.00,901.15,900.00,901.15,50,24025
20211213,11:04,912.00,912.00,912.00,912.00,50,24075
20211213,11:05,912.00,912.00,912.00,912.00,25,24075
20211213,11:07,916.60,928.95,916.60,923.05,150,24050
20211213,11:09,928.95,928.95,928.95,928.95,25,24075
20211213,11:10,920.45,920.45,920.10,920.10,50,24075
20211213,11:12,920.00,920.00,910.00,910.00,150,24075
20211213,11:13,912.00,912.00,910.00,910.00,50,24075
20211213,11:14,901.65,901.65,901.65,901.65,25,24075
20211213,11:15,891.95,891.95,891.00,891.00,175,24050
20211213,11:17,900.40,900.40,900.40,900.40,25,24050
20211213,11:18,891.00,891.00,880.55,880.55,100,24000
20211213,11:21,896.30,896.30,896.30,896.30,50,24000
20211213,11:22,904.35,904.80,904.35,904.80,425,24000
20211213,11:24,910.00,910.00,910.00,910.00,25,24175
20211213,11:25,916.00,916.00,907.50,907.50,450,24175
20211213,11:26,909.95,909.95,909.95,909.95,25,24175
20211213,11:29,906.70,906.70,906.70,906.70,25,23950
20211213,11:30,906.70,906.70,906.70,906.70,25,23925
20211213,11:32,896.50,896.50,896.50,896.50,100,23925
20211213,11:33,900.15,906.00,900.15,906.00,75,23850
20211213,11:34,903.60,903.60,899.00,899.00,50,23850
20211213,11:35,898.35,898.35,895.00,896.75,700,23850
20211213,11:36,894.70,894.70,890.65,890.65,125,23425
20211213,11:37,887.30,887.30,887.30,887.30,50,23425
20211213,11:38,889.30,889.30,889.30,889.30,25,23425
20211213,11:40,883.05,891.90,883.05,891.90,50,23475
20211213,11:43,897.10,900.00,897.10,900.00,50,23450
20211213,11:46,900.00,907.85,900.00,907.85,75,23450
20211213,11:47,910.15,910.15,903.75,903.75,150,23450
20211213,11:51,891.90,891.90,891.90,891.90,50,23500
20211213,11:52,885.50,885.50,885.00,885.00,75,23500
20211213,11:54,885.00,889.00,885.00,889.00,75,23525
20211213,11:57,881.05,881.05,880.00,880.00,75,23525
20211213,12:00,883.40,883.40,883.40,883.40,25,23550
20211213,12:01,889.00,889.00,889.00,889.00,25,23550
20211213,12:03,884.45,884.45,884.45,884.45,25,23500
20211213,12:05,897.85,897.85,897.85,897.85,25,23500
20211213,12:07,898.00,898.00,898.00,898.00,25,23475
20211213,12:09,894.00,894.00,894.00,894.00,25,23475
20211213,12:11,894.00,894.00,894.00,894.00,25,23475
20211213,12:12,895.50,895.50,895.00,895.00,75,23475
20211213,12:14,900.00,900.00,900.00,900.00,50,23475
20211213,12:15,901.70,901.70,901.70,901.70,25,23425
20211213,12:16,909.30,909.30,909.30,909.30,25,23425
20211213,12:18,902.00,902.00,902.00,902.00,25,23400
20211213,12:19,893.40,897.40,893.40,897.40,50,23400
20211213,12:20,884.40,884.40,884.40,884.40,25,23400
20211213,12:21,865.00,865.00,810.35,816.35,1800,23425
20211213,12:22,798.00,799.95,786.05,799.95,225,23425
20211213,12:23,799.95,802.30,785.35,785.35,200,23425
20211213,12:24,757.50,779.60,757.50,776.30,950,23825
20211213,12:25,777.55,777.55,766.85,766.85,50,23825
20211213,12:26,783.25,794.60,783.25,792.70,125,23825
20211213,12:27,783.25,783.25,781.35,781.35,125,23925
20211213,12:28,757.75,759.95,750.00,758.35,1050,23925
20211213,12:29,748.30,748.30,745.00,745.00,100,23925
20211213,12:30,745.00,753.50,731.05,751.10,175,24400
20211213,12:31,745.00,770.10,745.00,770.10,1625,24400
20211213,12:32,764.75,766.15,755.00,755.00,200,24400
20211213,12:33,741.70,757.70,738.60,757.70,825,24275
20211213,12:34,756.05,756.05,756.05,756.05,100,24275
20211213,12:35,756.05,771.50,756.05,771.50,775,24275
20211213,12:36,771.50,771.75,770.80,770.80,675,24050
20211213,12:37,776.15,777.70,769.55,777.70,175,24050
20211213,12:38,763.10,766.05,761.70,766.05,75,24050
20211213,12:39,754.40,754.40,747.75,747.80,100,24500
20211213,12:40,747.80,750.80,747.80,750.80,250,24500
20211213,12:41,760.00,765.00,760.00,760.00,100,24500
20211213,12:42,762.15,763.05,762.15,763.05,75,24650
20211213,12:44,758.70,758.70,758.70,758.70,25,24650
20211213,12:45,765.00,765.00,758.00,758.00,125,24625
20211213,12:46,747.00,747.00,725.00,725.00,925,24625
20211213,12:47,725.00,729.30,725.00,729.30,100,24625
20211213,12:48,726.35,737.65,718.00,718.00,850,25275
20211213,12:49,718.00,718.00,710.00,710.00,300,25275
20211213,12:50,715.95,715.95,715.95,715.95,525,25275
20211213,12:51,711.05,724.50,711.05,724.50,175,26475
20211213,12:52,715.95,715.95,705.00,705.00,600,26475
20211213,12:53,705.00,707.70,690.00,700.00,1250,26475
20211213,12:54,700.95,705.60,692.90,702.10,575,27750
20211213,12:55,703.50,710.00,703.50,709.35,1225,27750
20211213,12:56,711.95,711.95,709.35,709.35,150,27750
20211213,12:57,709.65,709.65,695.95,698.10,375,28300
20211213,12:58,704.10,704.10,696.45,696.45,50,28300
20211213,12:59,686.70,687.85,673.40,682.45,1500,28300
20211213,13:00,674.40,675.85,659.95,668.00,1775,29375
20211213,13:01,668.90,680.00,666.35,677.20,1475,29375
20211213,13:02,677.00,685.70,675.30,676.40,975,29375
20211213,13:03,682.25,686.45,673.10,673.10,700,30700
20211213,13:04,672.00,672.00,660.00,671.00,1225,30700
20211213,13:05,670.00,676.40,670.00,676.40,225,30700
20211213,13:06,676.00,692.85,676.00,690.50,500,31725
20211213,13:07,692.70,692.70,683.10,689.80,400,31725
20211213,13:08,677.70,678.55,673.00,673.00,125,31725
20211213,13:09,677.50,683.55,675.40,683.55,275,32225
20211213,13:10,686.65,689.80,683.55,683.55,275,32225
20211213,13:11,682.60,691.00,682.60,691.00,175,32225
20211213,13:12,693.10,699.10,693.00,696.15,525,32450
20211213,13:13,687.00,687.00,681.00,681.00,125,32450
20211213,13:14,676.80,679.20,672.55,677.35,100,32450
20211213,13:15,672.55,693.00,666.80,691.95,1500,33600
20211213,13:16,688.20,702.40,688.20,700.70,400,33600
20211213,13:17,698.75,703.45,698.75,703.45,525,33600
20211213,13:18,709.05,711.65,706.20,706.30,850,34250
20211213,13:19,702.45,714.95,702.45,709.20,200,34250
20211213,13:20,706.25,718.75,706.25,716.00,125,34250
20211213,13:21,717.85,718.25,712.35,712.35,175,34000
20211213,13:22,710.65,710.65,702.30,706.55,175,34000
20211213,13:23,706.05,710.00,700.00,700.00,200,34000
20211213,13:24,698.45,698.45,686.00,686.00,100,34225
20211213,13:25,685.40,692.00,685.40,686.00,250,34225
20211213,13:26,686.00,698.90,683.15,698.90,350,34225
20211213,13:27,696.15,704.45,694.70,701.70,350,34400
20211213,13:28,704.20,704.25,701.00,701.00,425,34400
20211213,13:29,701.95,702.60,699.25,700.75,350,34400
20211213,13:30,696.10,699.30,696.10,699.30,125,34600
20211213,13:31,696.65,700.40,695.65,700.40,150,34600
20211213,13:32,699.25,699.25,699.25,699.25,25,34600
20211213,13:33,703.80,707.00,703.80,707.00,50,34575
20211213,13:34,707.05,721.00,707.00,719.40,525,34575
20211213,13:35,721.55,725.00,720.00,725.00,175,34575
20211213,13:36,726.00,727.00,725.00,727.00,150,34450
20211213,13:37,727.50,727.50,712.85,713.00,300,34450
20211213,13:38,710.00,710.00,690.10,695.20,600,34450
20211213,13:39,695.25,709.00,695.25,709.00,250,34400
20211213,13:40,725.30,733.90,725.30,726.45,550,34400
20211213,13:41,730.00,748.95,730.00,742.00,350,34400
20211213,13:42,732.20,732.30,717.15,717.15,200,34575
20211213,13:43,717.60,721.05,717.60,721.05,100,34575
20211213,13:44,720.00,720.00,714.75,718.70,150,34575
20211213,13:45,718.70,719.65,710.30,710.30,350,34425
20211213,13:46,700.00,713.00,697.80,713.00,475,34425
20211213,13:47,715.75,715.75,713.20,713.20,250,34425
20211213,13:48,710.50,710.50,707.30,707.30,100,34600
20211213,13:49,713.95,722.30,713.95,722.30,75,34600
20211213,13:50,707.60,708.25,695.70,697.50,250,34600
20211213,13:51,695.20,695.20,691.55,692.40,100,34525
20211213,13:52,690.00,690.00,680.00,680.00,175,34525
20211213,13:53,680.00,680.00,680.00,680.00,75,34525
20211213,13:54,680.00,680.00,672.20,680.00,1050,34550
20211213,13:55,678.00,682.00,675.30,682.00,1475,34550
20211213,13:56,682.00,685.75,669.65,669.65,125,34550
20211213,13:57,674.05,674.05,665.00,665.00,175,35550
20211213,13:58,664.25,665.80,612.00,617.45,27300,35550
20211213,13:59,617.45,629.00,617.45,621.35,650,35550
20211213,14:00,618.50,619.05,604.25,604.25,775,58450
20211213,14:01,603.75,615.25,600.00,611.50,2350,58450
20211213,14:02,617.20,623.15,609.90,619.00,2050,58450
20211213,14:03,624.15,629.70,621.05,626.50,600,60300
20211213,14:04,627.45,627.45,614.95,626.20,400,60300
20211213,14:05,626.20,642.00,626.20,636.00,425,60300
20211213,14:06,634.25,635.65,626.50,626.50,225,59600
20211213,14:07,636.85,636.85,634.45,634.45,100,59600
20211213,14:08,625.00,632.60,620.70,625.45,250,59600
20211213,14:09,621.00,622.60,621.00,622.60,125,51575
20211213,14:10,624.10,624.10,615.00,615.00,100,51575
20211213,14:11,619.85,620.05,617.10,618.25,1325,51575
20211213,14:12,620.90,620.90,607.65,607.65,1150,51425
20211213,14:13,607.90,620.25,607.90,620.00,175,51425
20211213,14:14,615.60,615.60,612.00,612.00,175,51425
20211213,14:15,610.00,610.00,593.15,603.00,1650,51525
20211213,14:16,622.00,626.40,619.00,619.40,225,51525
20211213,14:17,618.30,626.40,617.90,617.90,175,51525
20211213,14:18,614.60,625.00,614.60,622.50,600,51625
20211213,14:19,628.00,629.05,620.20,622.50,375,51625
20211213,14:20,627.70,629.95,626.70,626.70,100,51625
20211213,14:21,622.00,622.00,622.00,622.00,25,51625
20211213,14:22,635.00,635.00,615.10,615.10,100,51700
20211213,14:23,616.20,617.95,616.20,617.95,50,51700
20211213,14:24,611.45,614.65,608.35,614.20,200,51600
20211213,14:25,614.55,620.45,614.55,620.45,100,51600
20211213,14:26,626.55,626.55,626.55,626.55,100,51600
20211213,14:27,620.30,620.30,620.30,620.30,100,51600
20211213,14:28,620.00,630.85,620.00,629.25,225,51650
20211213,14:29,634.65,634.65,631.80,634.05,175,51650
20211213,14:30,631.20,631.20,626.25,626.25,125,51250
20211213,14:31,632.80,652.65,632.80,652.65,575,51250
20211213,14:32,649.65,649.65,638.95,645.45,450,51250
20211213,14:33,649.95,649.95,648.10,648.10,75,51250
20211213,14:34,649.20,660.25,649.20,659.70,1275,51200
20211213,14:35,661.85,661.90,657.30,659.05,375,51200
20211213,14:36,655.00,655.00,643.50,644.55,225,51200
20211213,14:37,659.00,659.00,650.75,650.75,50,50775
20211213,14:38,649.15,649.15,645.45,645.45,150,50775
20211213,14:39,645.45,645.45,636.65,636.65,1250,50575
20211213,14:40,634.45,636.00,629.10,630.95,1150,50575
20211213,14:41,628.00,630.55,620.00,629.80,350,50575
20211213,14:42,635.55,654.35,635.55,647.80,250,50700
20211213,14:43,655.00,655.00,650.00,650.00,175,50700
20211213,14:44,652.20,654.00,652.20,653.15,375,50700
20211213,14:45,654.00,655.00,650.00,650.00,200,50950
20211213,14:46,645.60,668.85,645.60,661.90,1400,50950
20211213,14:47,661.40,666.15,657.60,666.15,450,50950
20211213,14:48,672.00,676.05,667.05,667.05,2050,50450
20211213,14:49,665.50,665.50,657.50,663.45,775,50450
20211213,14:50,665.50,669.50,660.00,669.50,550,50450
20211213,14:51,672.50,673.70,661.60,661.60,600,50325
20211213,14:52,665.80,669.00,665.80,667.75,275,50325
20211213,14:53,662.50,664.00,660.00,660.00,500,50325
20211213,14:54,658.65,660.70,651.50,651.50,225,49400
20211213,14:55,650.15,650.15,630.00,630.00,3700,49400
20211213,14:56,637.50,642.50,637.00,637.00,625,49400
20211213,14:57,640.75,643.05,635.00,635.00,600,49675
20211213,14:58,632.20,637.50,632.20,637.50,150,49675
20211213,14:59,632.80,632.80,630.10,630.50,1375,49675
20211213,15:00,632.50,632.50,620.50,623.40,825,49725
20211213,15:01,620.00,623.50,618.30,623.50,375,49725
20211213,15:02,611.55,615.75,610.00,615.75,950,49725
20211213,15:03,618.95,618.95,613.40,616.45,1000,50750
20211213,15:04,612.00,616.50,604.00,604.00,1175,50750
20211213,15:05,611.35,627.20,606.00,625.40,900,50750
20211213,15:06,622.00,638.00,622.00,634.50,1975,50700
20211213,15:07,628.00,628.00,618.25,618.25,500,50700
20211213,15:08,618.30,629.60,618.30,629.60,825,50700
20211213,15:09,628.50,631.20,624.50,625.70,950,50575
20211213,15:10,626.25,629.50,623.50,623.50,1125,50575
20211213,15:11,625.35,631.45,625.35,628.55,725,50575
20211213,15:12,628.55,628.55,620.55,620.55,300,50575
20211213,15:13,620.55,628.45,620.55,628.25,200,50200
20211213,15:14,628.60,633.00,628.60,631.25,300,50200
20211213,15:15,634.65,644.95,634.65,641.30,375,50200
20211213,15:16,636.80,636.80,630.95,630.95,250,49975
20211213,15:17,632.95,635.00,632.95,634.90,100,49975
20211213,15:18,640.00,641.80,636.35,637.00,775,49975
20211213,15:19,637.65,641.40,637.65,641.35,100,49900
20211213,15:20,641.40,655.00,641.40,655.00,2325,49900
20211213,15:21,659.95,665.00,655.40,659.45,2825,49900
20211213,15:22,663.45,667.15,661.55,664.30,250,50050
20211213,15:23,667.00,670.00,666.85,670.00,275,50050
20211213,15:24,669.95,670.00,666.00,669.60,800,50000
20211213,15:25,668.70,672.80,652.25,657.70,350,50000
20211213,15:26,657.70,662.00,654.95,662.00,1275,50000
20211213,15:27,663.60,663.60,661.05,662.45,1200,48350
20211213,15:28,661.35,661.35,654.30,654.30,100,48350
20211213,15:29,660.80,660.80,655.00,655.00,300,48350
20211214,09:15,600.00,600.00,473.40,477.50,1652,47575
20211214,09:16,482.40,483.25,461.85,477.80,800,47575
20211214,09:17,475.00,486.35,475.00,480.30,125,47925
20211214,09:18,480.30,483.95,470.25,483.95,575,47925
20211214,09:19,478.75,478.75,470.50,471.80,350,47925
20211214,09:20,476.35,483.55,476.35,483.55,150,48200
20211214,09:21,483.90,483.90,465.25,466.20,425,48200
20211214,09:22,465.00,465.00,450.00,455.95,1100,48200
20211214,09:23,459.60,465.50,455.35,460.70,225,48275
20211214,09:24,453.70,457.45,453.70,457.45,75,48275
20211214,09:25,457.45,498.00,457.45,498.00,700,48275
20211214,09:26,497.75,497.75,483.75,489.40,500,48425
20211214,09:27,493.10,496.90,485.75,490.00,375,48425
20211214,09:28,499.45,508.65,496.45,508.65,300,48425
20211214,09:29,507.45,512.75,506.50,506.50,175,48475
20211214,09:30,510.65,529.55,510.65,521.60,5650,48475
20211214,09:31,540.95,540.95,524.85,524.85,150,48475
20211214,09:32,537.05,542.00,537.05,541.20,700,46025
20211214,09:33,538.80,552.00,538.80,542.40,1500,46025
20211214,09:34,551.15,553.05,548.95,548.95,5400,46025
20211214,09:35,552.35,552.35,526.35,526.40,925,43300
20211214,09:36,525.60,525.60,517.20,518.20,200,43300
20211214,09:37,519.90,522.00,513.50,513.50,3100,43300
20211214,09:38,516.70,516.70,506.70,506.70,150,42925
20211214,09:39,507.60,514.10,507.60,513.00,175,42925
20211214,09:40,508.95,508.95,505.00,507.90,125,42925
20211214,09:42,510.00,512.40,510.00,512.40,75,42975
20211214,09:43,508.20,508.20,508.20,508.20,25,42975
20211214,09:44,508.55,508.55,508.55,508.55,2500,42975
20211214,09:45,499.40,506.00,498.00,506.00,275,42250
20211214,09:47,513.90,525.60,513.90,525.60,75,41350
20211214,09:48,522.85,522.85,522.85,522.85,25,41350
20211214,09:49,523.15,523.15,518.05,518.05,100,41350
20211214,09:51,523.85,526.25,521.10,521.10,75,41075
20211214,09:52,523.30,525.00,523.30,523.55,150,41075
20211214,09:53,524.70,536.05,524.70,528.20,250,40125
20211214,09:54,528.05,528.05,522.80,522.80,1625,40125
20211214,09:55,523.75,525.50,514.55,515.15,525,40125
20211214,09:56,515.20,516.25,507.35,509.05,425,40950
20211214,09:57,508.40,508.40,508.40,508.40,75,40950
20211214,09:58,513.30,527.95,513.30,527.95,125,40950
20211214,09:59,516.30,516.30,511.45,511.45,75,40950
20211214,10:00,505.00,507.25,499.75,500.35,975,40850
20211214,10:01,504.25,504.25,504.25,504.25,25,40850
20211214,10:02,501.05,503.55,500.95,500.95,325,40850
20211214,10:03,508.00,512.80,508.00,512.00,800,40975
20211214,10:04,512.00,512.00,508.15,509.15,4750,40975
20211214,10:05,503.30,503.30,495.00,495.00,300,40475
20211214,10:06,494.85,495.85,490.60,495.85,200,40475
20211214,10:07,490.25,490.25,484.00,484.00,650,40475
20211214,10:09,485.90,485.90,482.25,483.00,75,40375
20211214,10:10,487.20,487.20,487.20,487.20,25,40375
20211214,10:11,483.60,483.60,483.60,483.60,50,40425
20211214,10:12,484.45,484.45,478.75,479.20,2275,40425
20211214,10:13,479.15,483.05,479.15,482.65,325,40425
20211214,10:14,480.00,491.75,478.05,491.75,375,40300
20211214,10:15,485.60,485.60,462.05,462.05,4675,40300
20211214,10:16,465.25,466.20,464.05,465.75,225,40300
20211214,10:17,466.50,471.70,464.95,467.30,300,40375
20211214,10:18,468.30,468.30,464.55,464.55,925,40375
20211214,10:19,467.60,467.60,464.55,464.55,50,40375
20211214,10:20,448.40,457.80,448.40,457.80,3525,40725
20211214,10:21,459.30,459.30,456.00,458.80,250,40725
20211214,10:22,452.00,455.80,452.00,455.80,100,40725
20211214,10:23,455.00,455.00,455.00,455.00,25,41025
20211214,10:24,455.55,458.90,455.00,458.90,100,41025
20211214,10:25,457.15,470.65,457.15,470.65,725,41025
20211214,10:26,470.00,470.00,467.05,467.05,3150,41025
20211214,10:27,464.50,464.55,462.10,462.10,300,40850
20211214,10:28,467.50,467.50,467.50,467.50,25,40850
20211214,10:29,465.65,467.80,465.65,466.80,225,40850
20211214,10:31,461.70,461.70,461.70,461.70,50,40425
20211214,10:33,458.65,458.65,458.05,458.05,75,40425
20211214,10:35,452.75,456.45,452.75,456.45,200,40425
20211214,10:37,454.05,457.40,453.55,457.40,175,40375
20211214,10:38,460.20,460.80,457.05,458.45,275,40350
20211214,10:39,452.65,452.65,452.65,452.65,125,40350
20211214,10:40,451.05,459.25,451.05,459.25,250,40350
20211214,10:41,457.40,465.15,457.40,464.05,1125,39750
20211214,10:42,465.05,465.05,455.10,455.10,225,39750
20211214,10:43,456.60,457.45,451.40,451.40,75,39750
20211214,10:44,452.85,452.85,448.30,448.30,75,39750
20211214,10:45,448.30,456.80,448.30,456.80,50,39900
20211214,10:46,447.80,447.80,446.20,446.20,200,39900
20211214,10:47,454.55,454.55,453.60,453.60,275,39800
20211214,10:48,454.95,454.95,454.05,454.30,250,39800
20211214,10:49,453.30,458.50,453.30,458.50,175,39800
20211214,10:50,456.40,456.40,450.50,451.55,300,39800
20211214,10:51,459.55,459.55,457.70,457.70,175,39700
20211214,10:52,465.45,465.45,462.15,462.15,300,39700
20211214,10:54,453.40,453.40,453.40,453.40,50,39700
20211214,10:56,461.90,461.90,461.90,461.90,25,39700
20211214,10:57,461.00,461.00,461.00,461.00,50,39725
20211214,10:58,470.00,472.60,470.00,472.60,100,39725
20211214,10:59,473.45,473.75,473.45,473.75,50,39725
20211214,11:00,470.00,479.95,470.00,473.30,900,39775
20211214,11:01,472.55,472.55,471.45,472.55,100,39775
20211214,11:02,460.00,461.60,460.00,460.10,100,39900
20211214,11:05,462.40,462.40,462.40,462.40,100,39900
20211214,11:06,463.60,467.20,463.60,467.20,125,40000
20211214,11:07,461.80,461.80,461.80,461.80,25,40000
20211214,11:08,464.80,464.80,464.80,464.80,25,40000
20211214,11:09,458.55,458.55,458.55,458.55,50,40025
20211214,11:10,462.85,462.85,462.80,462.80,75,40025
20211214,11:12,470.00,475.00,470.00,475.00,50,40025
20211214,11:14,476.80,483.40,476.80,483.40,50,40025
20211214,11:15,484.00,484.80,474.90,475.50,550,40000
20211214,11:16,471.60,475.00,471.60,475.00,150,40000
20211214,11:19,472.95,472.95,472.95,472.95,50,40300
20211214,11:20,472.45,472.45,472.45,472.45,200,40300
20211214,11:21,489.00,489.00,489.00,489.00,100,40200
20211214,11:22,489.00,489.00,489.00,489.00,25,40200
20211214,11:24,488.00,491.05,488.00,491.05,75,40100
20211214,11:25,484.00,489.75,484.00,489.75,100,40100
20211214,11:27,492.85,499.95,492.85,499.95,225,40150
20211214,11:28,495.85,495.85,495.85,495.85,50,40150
20211214,11:29,502.20,502.20,502.20,502.20,25,40200
20211214,11:30,503.10,503.10,503.10,503.10,75,40200
20211214,11:31,504.00,504.95,503.70,503.70,100,40200
20211214,11:32,502.70,502.70,502.70,502.70,50,40200
20211214,11:33,504.00,504.00,504.00,504.00,50,40300
20211214,11:34,498.95,498.95,498.95,498.95,150,40300
20211214,11:36,498.00,498.95,492.85,492.85,225,40400
20211214,11:37,495.05,497.00,495.05,497.00,75,40400
20211214,11:38,495.70,495.75,490.15,495.75,275,40400
20211214,11:39,489.80,494.95,489.80,494.95,75,40125
20211214,11:40,491.50,491.50,488.25,488.25,75,40125
20211214,11:42,479.00,479.00,479.00,479.00,25,40225
20211214,11:44,472.45,472.45,472.45,472.45,25,40225
20211214,11:45,477.00,477.20,477.00,477.20,225,40175
20211214,11:46,485.95,485.95,485.95,485.95,75,40175
20211214,11:47,487.05,494.95,487.05,494.95,100,40175
20211214,11:48,497.35,503.10,497.35,503.10,300,40150
20211214,11:49,503.10,505.75,503.10,505.75,75,40150
20211214,11:50,504.85,509.00,504.85,509.00,125,40150
20211214,11:52,515.00,524.95,515.00,524.95,200,40250
20211214,11:53,527.35,527.35,523.15,523.15,100,40250
20211214,11:54,525.00,545.55,525.00,545.55,275,40050
20211214,11:55,560.15,562.45,559.10,562.10,375,40050
20211214,11:56,559.25,559.25,553.25,554.05,250,40050
20211214,11:57,566.25,572.50,566.25,572.50,50,40350
20211214,11:58,564.40,564.40,564.40,564.40,50,40350
20211214,11:59,565.65,570.00,565.10,567.05,300,40350
20211214,12:00,576.65,602.50,576.65,602.50,625,40375
20211214,12:01,609.75,624.35,609.75,624.35,975,40375
20211214,12:02,633.55,633.55,609.05,609.05,300,40375
20211214,12:03,606.35,606.35,598.90,600.05,325,40075
20211214,12:04,604.00,604.00,601.00,602.25,75,40075
20211214,12:05,595.50,614.10,595.50,610.00,1675,40075
20211214,12:06,600.00,600.00,586.80,598.10,200,38800
20211214,12:07,588.75,589.70,582.85,586.60,150,38800
20211214,12:08,590.00,590.00,590.00,590.00,25,38800
20211214,12:09,608.95,616.00,605.05,605.05,775,38675
20211214,12:10,605.00,606.50,601.35,601.35,275,38675
20211214,12:11,603.50,605.00,603.50,605.00,125,38675
20211214,12:12,600.05,600.05,594.35,594.35,250,38850
20211214,12:13,595.00,614.40,595.00,609.00,275,38850
20211214,12:14,610.45,613.15,607.75,607.75,250,38850
20211214,12:15,617.20,617.20,598.55,598.55,200,38875
20211214,12:16,594.10,594.10,594.10,594.10,25,38875
20211214,12:17,604.20,604.20,595.20,595.20,75,38875
20211214,12:18,603.40,603.40,584.15,585.90,150,38950
20211214,12:19,598.35,598.35,580.00,580.00,125,38950
20211214,12:20,582.65,582.65,574.15,574.15,150,38950
20211214,12:21,584.40,595.20,582.15,592.95,275,39100
20211214,12:22,596.00,596.00,592.00,592.00,50,39100
20211214,12:23,576.35,582.30,576.35,582.30,200,39100
20211214,12:24,585.25,585.25,579.70,581.70,175,39075
20211214,12:25,589.30,599.85,589.30,593.50,225,39075
20211214,12:26,589.85,589.85,575.00,575.00,150,39075
20211214,12:27,572.00,572.65,568.70,568.70,375,39225
20211214,12:28,565.00,565.00,562.25,564.95,125,39225
20211214,12:29,564.35,564.35,564.35,564.35,100,39225
20211214,12:30,579.90,579.90,575.00,575.00,75,39275
20211214,12:31,579.90,579.90,577.80,577.80,100,39275
20211214,12:32,565.25,570.00,565.25,570.00,75,39275
20211214,12:33,576.60,582.25,576.60,582.25,75,39325
20211214,12:34,590.00,600.00,590.00,600.00,350,39325
20211214,12:35,585.60,585.60,585.60,585.60,25,39325
20211214,12:36,585.40,587.45,576.85,579.45,175,39375
20211214,12:37,592.30,594.10,592.30,594.10,75,39375
20211214,12:38,594.10,594.10,594.10,594.10,50,39375
20211214,12:39,594.10,594.10,583.70,583.70,100,39500
20211214,12:40,581.45,581.45,578.90,579.65,175,39500
20211214,12:41,581.85,589.00,579.65,589.00,75,39500
20211214,12:43,586.95,586.95,578.15,583.00,75,39525
20211214,12:44,582.70,582.70,582.70,582.70,25,39525
20211214,12:45,594.00,594.00,594.00,594.00,50,39475
20211214,12:46,603.85,606.10,581.00,590.00,250,39475
20211214,12:47,592.40,614.40,592.40,612.60,275,39475
20211214,12:48,598.75,598.75,580.00,581.95,200,39350
20211214,12:49,582.00,587.40,582.00,587.40,75,39350
20211214,12:50,581.00,581.00,579.55,579.55,100,39350
20211214,12:51,597.20,597.20,597.20,597.20,25,39375
20211214,12:52,595.00,595.00,595.00,595.00,100,39375
20211214,12:55,586.00,586.00,584.00,584.00,75,39475
20211214,12:56,579.55,584.00,577.55,577.55,175,39475
20211214,12:59,587.55,590.55,587.55,590.55,150,39475
20211214,13:00,586.05,586.05,586.05,586.05,25,39425
20211214,13:02,591.60,591.60,584.40,584.40,75,39425
20211214,13:03,595.00,603.15,593.10,593.10,150,39475
20211214,13:05,603.05,603.05,592.45,593.50,375,39475
20211214,13:06,592.45,592.45,592.00,592.00,125,39475
20211214,13:07,602.00,607.00,601.00,601.00,150,39225
20211214,13:09,610.00,620.00,609.50,609.50,150,39125
20211214,13:10,608.95,608.95,606.50,607.65,150,39125
20211214,13:11,609.65,609.65,607.60,607.60,100,39125
20211214,13:12,614.55,614.55,609.10,612.70,100,39200
20211214,13:13,612.30,612.30,594.20,594.20,300,39200
20211214,13:14,599.55,599.55,590.45,593.45,225,39200
20211214,13:15,605.00,605.00,603.15,603.15,50,39275
20211214,13:16,593.45,593.45,580.20,580.20,375,39275
20211214,13:17,580.25,580.25,562.00,565.50,375,39275
20211214,13:18,565.00,571.35,563.20,571.35,150,39750
20211214,13:19,571.35,571.35,571.35,571.35,50,39750
20211214,13:21,563.25,563.25,560.00,560.00,125,39750
20211214,13:22,551.20,551.45,551.20,551.45,275,39750
20211214,13:23,560.65,564.20,555.00,564.20,250,39750
20211214,13:24,564.00,565.30,564.00,565.30,75,39750
20211214,13:25,572.65,573.85,565.30,565.30,125,39800
20211214,13:27,580.00,580.00,580.00,580.00,75,39900
20211214,13:29,580.55,581.95,580.55,581.95,275,39900
20211214,13:30,582.65,593.10,582.65,588.00,300,39775
20211214,13:31,590.00,600.00,590.00,600.00,200,39775
20211214,13:32,605.25,605.25,600.75,603.95,200,39775
20211214,13:33,610.00,613.35,607.20,607.20,250,39650
20211214,13:34,605.00,640.45,605.00,637.80,2100,39650
20211214,13:35,640.00,662.60,640.00,650.45,2100,39650
20211214,13:36,647.85,651.50,643.00,644.90,925,39250
20211214,13:37,639.30,639.30,634.25,635.40,325,39250
20211214,13:38,637.75,643.05,637.75,643.05,50,39250
20211214,13:39,650.00,653.00,642.05,646.25,350,39400
20211214,13:40,646.50,652.95,640.00,643.40,250,39400
20211214,13:41,635.10,639.95,634.25,639.05,375,39400
20211214,13:42,639.00,640.00,630.00,640.00,425,39425
20211214,13:43,640.00,640.20,638.60,638.60,75,39425
20211214,13:44,638.60,646.45,632.90,646.45,150,39425
20211214,13:45,650.60,652.60,646.15,646.15,575,37400
20211214,13:46,642.40,642.40,639.95,640.70,75,37400
20211214,13:47,641.30,641.30,636.95,636.95,125,37400
20211214,13:48,638.75,638.75,632.55,635.20,275,37375
20211214,13:49,635.00,635.40,635.00,635.40,75,37375
20211214,13:50,638.50,638.50,625.00,625.00,500,37375
20211214,13:51,624.20,625.00,615.00,625.00,150,37375
20211214,13:53,608.05,608.05,600.60,600.60,225,37250
20211214,13:54,602.55,604.65,591.20,591.20,450,37275
20211214,13:55,600.05,600.05,559.90,560.20,550,37275
20211214,13:56,565.75,567.80,565.75,566.80,600,37275
20211214,13:57,566.80,568.45,560.00,560.00,325,37725
20211214,13:58,557.95,567.40,557.95,564.10,225,37725
20211214,13:59,565.45,565.45,565.45,565.45,25,37725
20211214,14:00,572.80,575.00,566.15,575.00,650,37725
20211214,14:01,585.80,585.80,585.80,585.80,25,37825
20211214,14:02,575.80,575.80,575.00,575.00,75,37825
20211214,14:03,579.75,582.00,578.45,578.45,100,37875
20211214,14:04,575.00,575.00,568.00,568.00,125,37875
20211214,14:05,564.20,572.15,559.85,572.15,1375,37875
20211214,14:07,568.00,568.00,563.55,566.30,125,38475
20211214,14:08,566.30,566.30,552.45,552.45,75,38475
20211214,14:09,550.00,552.75,550.00,552.75,125,38475
20211214,14:10,583.10,583.10,576.75,576.75,75,38575
20211214,14:11,573.75,573.75,570.00,570.00,50,38575
20211214,14:12,567.80,570.00,567.80,570.00,50,38675
20211214,14:13,574.70,578.70,573.30,573.30,375,38675
20211214,14:14,578.25,578.25,578.25,578.25,50,38675
20211214,14:15,566.20,566.20,566.20,566.20,25,38675
20211214,14:16,561.00,561.00,561.00,561.00,25,38775
20211214,14:17,561.00,561.00,560.00,560.00,75,38775
20211214,14:18,560.00,560.00,560.00,560.00,25,38775
20211214,14:19,570.10,574.95,570.10,573.30,125,38875
20211214,14:20,565.10,567.35,565.10,567.35,100,38875
20211214,14:21,565.45,565.45,552.75,552.75,125,39000
20211214,14:22,553.30,559.70,552.40,559.70,225,39000
20211214,14:23,550.00,550.00,546.65,546.65,225,39000
20211214,14:24,539.70,542.00,539.35,539.35,75,39375
20211214,14:25,535.55,544.45,534.15,544.45,275,39375
20211214,14:26,540.00,540.00,540.00,540.00,150,39375
20211214,14:27,540.00,540.00,528.75,531.35,175,39600
20211214,14:28,535.25,535.25,535.25,535.25,25,39600
20211214,14:29,528.75,528.75,528.75,528.75,50,39600
20211214,14:31,526.00,543.65,525.80,543.65,100,39525
20211214,14:32,538.95,538.95,538.95,538.95,25,39525
20211214,14:34,543.00,543.00,543.00,543.00,25,39525
20211214,14:35,554.70,555.00,554.70,555.00,150,39525
20211214,14:36,552.80,552.80,540.45,540.45,325,39525
20211214,14:38,565.00,565.00,565.00,565.00,100,39675
20211214,14:39,560.00,560.00,560.00,560.00,25,39675
20211214,14:40,560.00,561.75,553.50,553.50,175,39525
20211214,14:41,544.75,544.75,544.75,544.75,100,39525
20211214,14:45,535.00,535.00,535.00,535.00,50,39500
20211214,14:46,535.00,538.50,535.00,538.50,125,39550
20211214,14:47,557.30,571.00,557.30,561.10,150,39550
20211214,14:48,563.30,563.30,563.30,563.30,50,39450
20211214,14:49,560.00,580.00,560.00,575.55,500,39450
20211214,14:50,566.05,566.05,564.90,564.90,125,39450
20211214,14:51,562.45,562.45,562.45,562.45,25,39450
20211214,14:52,552.55,552.55,552.55,552.55,50,39725
20211214,14:54,562.00,562.00,560.00,560.00,50,39725
20211214,14:57,566.00,567.85,566.00,567.85,50,39750
20211214,14:58,563.85,563.85,563.85,563.85,25,39750
20211214,14:59,566.95,566.95,560.00,560.00,200,39750
20211214,15:00,563.00,589.85,563.00,578.80,475,39675
20211214,15:01,584.80,589.45,583.50,584.40,525,39675
20211214,15:02,580.00,580.00,578.75,578.75,125,39675
20211214,15:03,571.70,571.70,571.70,571.70,25,39675
20211214,15:04,579.65,585.00,579.65,583.65,300,39825
20211214,15:05,587.25,589.95,583.75,586.10,350,39825
20211214,15:06,585.85,588.85,585.85,588.85,150,39825
20211214,15:07,585.05,586.00,580.05,580.05,100,39950
20211214,15:08,590.00,590.00,588.65,589.10,1350,39950
20211214,15:09,581.20,582.80,581.20,582.80,175,39125
20211214,15:10,580.05,580.05,580.05,580.05,500,39125
20211214,15:11,585.00,590.80,584.50,590.70,300,39125
20211214,15:12,588.00,590.70,588.00,588.50,225,39125
20211214,15:13,586.80,586.80,585.00,585.00,625,39600
20211214,15:14,580.00,580.00,580.00,580.00,75,39600
20211214,15:15,580.50,582.70,580.50,582.70,275,38925
20211214,15:16,585.00,585.00,577.30,577.30,550,38925
20211214,15:17,576.85,584.00,576.85,584.00,150,38925
20211214,15:18,586.75,586.75,580.00,585.00,275,38925
20211214,15:19,584.30,586.50,584.30,586.00,175,39200
20211214,15:20,589.95,594.90,587.30,594.90,300,39200
20211214,15:21,596.00,596.15,590.90,593.75,125,39200
20211214,15:22,595.75,596.00,595.75,595.95,175,38925
20211214,15:23,596.00,596.00,596.00,596.00,50,38925
20211214,15:24,595.95,595.95,591.15,591.15,150,38925
20211214,15:25,590.00,590.00,582.40,582.65,525,38725
20211214,15:26,585.90,585.90,583.85,583.85,300,38725
20211214,15:27,584.40,584.40,579.05,579.05,425,38575
20211214,15:28,575.60,575.60,575.60,575.60,25,38575
20211214,15:29,575.65,580.00,575.65,579.40,175,38575
20211215,09:15,599.25,617.65,585.65,613.30,2177,38400
20211215,09:16,608.05,629.90,607.85,629.90,1475,38400
20211215,09:17,630.00,655.00,630.00,641.70,1425,38975
20211215,09:18,645.60,650.00,630.10,632.55,1750,38975
20211215,09:19,628.55,635.35,610.00,610.10,1150,38975
20211215,09:20,612.55,624.45,601.50,615.55,1000,39075
20211215,09:21,606.40,607.95,600.40,607.15,475,39075
20211215,09:22,611.15,615.45,610.20,610.30,275,39075
20211215,09:23,611.00,626.70,607.90,617.75,775,39450
20211215,09:24,610.10,610.60,598.90,603.60,375,39450
20211215,09:25,604.35,605.70,600.00,605.70,200,39450
20211215,09:26,594.30,594.30,587.65,587.65,425,39350
20211215,09:27,587.15,591.75,582.10,591.75,200,39350
20211215,09:28,591.75,593.95,588.35,593.95,550,39350
20211215,09:29,593.95,597.50,586.40,591.40,2375,41225
20211215,09:30,590.85,598.90,586.00,586.00,775,41225
20211215,09:31,579.65,579.65,570.00,571.50,725,41225
20211215,09:32,582.45,582.45,571.05,571.05,125,41075
20211215,09:33,573.65,599.50,572.10,599.50,225,41075
20211215,09:34,591.95,593.15,587.40,587.40,200,41075
20211215,09:35,585.10,596.60,585.10,594.85,200,41125
20211215,09:36,594.85,595.55,594.85,595.55,425,41125
20211215,09:37,600.65,604.75,600.65,603.85,450,41125
20211215,09:38,600.65,600.65,590.70,590.70,325,41875
20211215,09:39,581.80,588.95,581.80,588.95,100,41875
20211215,09:40,590.00,590.00,585.95,588.55,100,41875
20211215,09:41,588.00,589.25,580.00,580.00,925,42425
20211215,09:42,580.00,580.00,574.35,575.15,425,42425
20211215,09:43,574.35,579.15,570.65,576.00,325,42425
20211215,09:44,578.15,578.15,578.15,578.15,125,42425
20211215,09:45,566.10,567.40,553.05,562.35,1775,42375
20211215,09:46,562.80,562.80,562.80,562.80,150,42375
20211215,09:47,563.15,566.70,563.15,566.70,50,42125
20211215,09:48,566.50,566.50,560.00,560.00,200,42125
20211215,09:49,558.30,566.15,556.20,560.00,500,42125
20211215,09:50,561.40,574.00,558.50,565.30,975,42725
20211215,09:51,567.35,571.90,567.35,568.60,225,42725
20211215,09:52,567.00,567.00,567.00,567.00,700,42725
20211215,09:53,583.40,590.50,583.40,590.35,500,42475
20211215,09:54,588.70,588.70,583.05,583.05,300,42475
20211215,09:55,585.40,593.15,585.40,593.15,150,42475
20211215,09:56,594.85,594.85,583.00,587.70,625,42950
20211215,09:57,590.00,594.15,590.00,592.00,175,42950
20211215,09:58,592.00,592.00,591.20,591.20,325,42950
20211215,09:59,583.00,583.00,580.00,580.00,125,42950
20211215,10:00,580.00,580.00,572.35,572.65,425,42725
20211215,10:01,576.05,576.05,569.10,569.10,50,42725
20211215,10:02,565.50,565.50,564.00,564.00,75,42725
20211215,10:03,564.00,574.80,564.00,574.80,125,42450
20211215,10:04,576.10,576.10,575.00,575.00,50,42450
20211215,10:05,572.60,572.60,569.80,569.80,200,42175
20211215,10:06,566.40,570.60,563.20,567.15,200,42175
20211215,10:07,572.85,572.85,572.85,572.85,25,42175
20211215,10:08,570.60,574.35,570.60,574.35,100,42175
20211215,10:09,571.00,571.00,571.00,571.00,25,42175
20211215,10:10,569.20,574.85,569.20,574.85,75,42200
20211215,10:11,585.85,590.20,585.35,588.65,250,42375
20211215,10:12,593.95,593.95,593.95,593.95,25,42375
20211215,10:13,588.55,596.75,588.55,595.00,75,42375
20211215,10:14,593.00,600.00,593.00,600.00,125,42450
20211215,10:15,600.00,601.25,596.95,600.00,750,42450
20211215,10:16,602.25,602.55,600.00,600.00,300,42450
20211215,10:17,597.85,604.10,596.70,604.10,800,43725
20211215,10:18,603.30,604.10,599.95,604.10,650,43725
20211215,10:19,603.30,611.35,603.30,610.00,250,43725
20211215,10:20,603.30,603.30,596.70,596.70,600,43725
20211215,10:21,590.25,590.25,590.25,590.25,25,43500
20211215,10:22,606.70,606.70,606.70,606.70,25,43500
20211215,10:23,601.30,605.00,601.30,603.30,300,43500
20211215,10:24,603.30,603.30,600.55,600.55,75,43350
20211215,10:25,597.65,597.65,586.05,586.05,75,43350
20211215,10:26,591.85,591.85,591.85,591.85,25,43350
20211215,10:27,594.00,594.00,594.00,594.00,25,43375
20211215,10:29,594.00,594.00,593.70,593.70,225,43375
20211215,10:30,595.90,595.90,590.00,590.00,375,43150
20211215,10:31,584.20,584.20,561.85,561.85,725,43150
20211215,10:32,560.00,561.05,554.45,561.05,250,43275
20211215,10:33,562.70,564.70,562.70,564.70,275,43275
20211215,10:34,565.00,567.95,565.00,565.00,450,43275
20211215,10:35,561.90,561.90,561.90,561.90,25,43275
20211215,10:36,568.00,572.35,568.00,572.35,50,43250
20211215,10:38,572.35,574.95,572.35,574.95,275,43500
20211215,10:39,568.50,568.50,555.50,556.45,325,43500
20211215,10:40,547.40,548.95,540.00,547.00,700,43500
20211215,10:41,544.55,551.20,544.55,550.00,650,43500
20211215,10:42,561.65,561.65,561.65,561.65,25,43075
20211215,10:43,560.90,560.90,557.05,559.35,100,43075
20211215,10:44,559.35,562.50,559.35,562.50,75,43150
20211215,10:45,559.35,569.35,559.35,569.35,300,43150
20211215,10:46,566.90,566.90,566.80,566.80,125,43150
20211215,10:47,566.80,573.95,566.80,571.50,250,43150
20211215,10:48,575.00,577.95,570.00,570.00,175,43250
20211215,10:49,564.75,571.20,564.75,571.20,125,43250
20211215,10:50,574.75,588.30,574.75,588.30,125,43250
20211215,10:51,581.20,581.20,570.60,570.60,175,43300
20211215,10:52,570.00,570.90,570.00,570.90,175,43300
20211215,10:53,580.00,582.25,580.00,580.00,225,43300
20211215,10:54,573.35,575.95,573.35,575.95,50,43400
20211215,10:55,578.75,583.95,578.75,583.95,150,43400
20211215,10:56,575.05,576.25,575.05,576.25,125,43400
20211215,10:57,576.50,578.35,576.50,578.35,50,43425
20211215,10:58,577.85,577.85,577.85,577.85,25,43425
20211215,10:59,571.85,577.00,571.85,577.00,125,43425
20211215,11:00,572.15,572.15,570.00,570.00,350,43400
20211215,11:01,568.35,568.35,568.35,568.35,75,43400
20211215,11:02,586.00,595.00,586.00,590.55,400,43025
20211215,11:03,598.85,598.85,594.85,595.00,125,43025
20211215,11:04,590.45,592.30,590.45,592.30,250,43025
20211215,11:05,592.25,592.25,590.55,590.55,50,43025
20211215,11:06,586.00,599.95,586.00,599.95,225,42975
20211215,11:07,600.00,600.10,595.25,598.15,700,42975
20211215,11:08,597.20,598.15,595.40,595.40,100,42975
20211215,11:09,602.25,602.25,590.95,590.95,375,42475
20211215,11:10,591.50,591.50,586.85,586.85,100,42475
20211215,11:11,591.60,591.60,589.00,589.00,50,42475
20211215,11:12,593.10,593.10,589.85,589.85,75,42550
20211215,11:13,594.55,594.55,590.55,590.55,50,42550
20211215,11:14,590.55,590.55,584.85,589.70,225,42550
20211215,11:15,586.00,596.30,584.60,596.30,325,42625
20211215,11:16,595.65,600.00,594.05,600.00,75,42625
20211215,11:17,600.00,600.00,597.00,598.00,100,42625
20211215,11:18,598.95,599.10,598.95,599.10,50,42850
20211215,11:19,601.90,605.00,600.00,605.00,725,42850
20211215,11:20,610.00,610.00,605.00,605.00,325,42850
20211215,11:21,600.00,602.80,599.70,602.80,75,43150
20211215,11:22,607.90,607.90,599.70,599.70,75,43150
20211215,11:23,600.90,604.05,600.90,603.20,175,43150
20211215,11:24,604.05,604.85,602.15,604.85,225,43225
20211215,11:25,603.25,603.25,594.30,594.30,275,43225
20211215,11:26,592.85,592.85,592.85,592.85,25,43225
20211215,11:27,590.00,590.00,590.00,590.00,25,43225
20211215,11:28,590.00,591.40,590.00,591.40,300,43175
20211215,11:29,601.05,667.00,601.05,640.95,3850,43175
20211215,11:30,650.00,671.65,634.15,634.15,1200,42500
20211215,11:31,629.45,638.95,625.70,625.70,625,42500
20211215,11:32,628.95,638.95,628.35,637.45,550,42500
20211215,11:33,634.30,634.30,628.60,628.60,225,42725
20211215,11:34,631.90,636.50,631.90,634.05,325,42725
20211215,11:35,634.05,634.05,630.00,630.00,275,42725
20211215,11:36,630.00,630.00,625.00,625.00,150,42900
20211215,11:37,628.90,628.90,627.75,627.75,50,42900
20211215,11:38,636.70,636.70,631.30,631.30,50,42900
20211215,11:39,635.50,638.65,635.10,638.65,75,42900
20211215,11:40,635.25,637.20,630.00,630.00,725,42900
20211215,11:41,631.90,646.00,631.90,644.70,525,42900
20211215,11:42,636.30,640.00,632.75,635.00,125,41025
20211215,11:43,638.75,640.35,638.75,640.35,150,41025
20211215,11:44,637.50,637.50,633.65,633.65,275,41025
20211215,11:45,631.00,631.00,629.00,630.60,100,41400
20211215,11:46,639.00,640.00,639.00,640.00,75,41400
20211215,11:47,638.85,638.85,635.70,635.70,425,41400
20211215,11:48,635.70,637.10,633.35,633.35,575,41350
20211215,11:49,635.70,641.75,635.70,638.85,3075,41350
20211215,11:50,633.80,633.80,631.50,631.50,175,41350
20211215,11:51,630.10,630.95,630.10,630.95,50,40525
20211215,11:52,627.05,633.95,627.05,633.95,75,40525
20211215,11:53,633.45,639.80,633.45,636.00,175,40525
20211215,11:54,633.00,635.45,587.00,598.75,975,40550
20211215,11:55,598.10,602.90,593.70,602.90,400,40550
20211215,11:56,607.15,607.95,606.80,606.80,550,40550
20211215,11:57,605.00,605.00,605.00,605.00,25,39225
20211215,11:58,595.00,600.00,595.00,600.00,650,39225
20211215,11:59,597.00,598.95,597.00,598.95,50,39225
20211215,12:00,600.20,600.20,597.65,597.65,100,38875
20211215,12:01,599.20,599.20,597.10,597.10,350,38875
20211215,12:02,594.75,597.25,594.75,597.25,150,38875
20211215,12:03,599.15,599.15,595.00,595.00,450,38750
20211215,12:04,594.95,594.95,587.25,587.25,50,38750
20211215,12:05,584.40,586.70,575.50,580.60,475,38750
20211215,12:06,588.90,588.90,585.60,588.75,100,38500
20211215,12:07,584.85,586.25,584.85,586.25,75,38500
20211215,12:08,588.00,588.00,588.00,588.00,25,38500
20211215,12:09,587.70,598.30,587.70,591.05,75,38600
20211215,12:10,587.25,591.00,587.25,591.00,200,38600
20211215,12:11,600.55,600.70,600.55,600.70,125,38600
20211215,12:12,600.90,600.90,600.90,600.90,25,38450
20211215,12:13,602.45,606.75,602.00,603.70,150,38450
20211215,12:14,601.95,601.95,599.45,599.45,225,38450
20211215,12:15,600.70,600.70,595.00,595.00,850,38625
20211215,12:17,597.45,597.45,597.00,597.00,75,38625
20211215,12:18,595.00,595.00,592.35,592.35,125,38725
20211215,12:21,600.00,605.00,600.00,605.00,175,38425
20211215,12:22,605.10,605.90,602.40,603.45,375,38425
20211215,12:23,602.70,615.00,602.70,615.00,200,38425
20211215,12:24,615.65,615.65,607.90,607.90,300,38600
20211215,12:25,607.90,613.00,605.30,613.00,725,38600
20211215,12:26,605.40,606.30,600.00,600.00,75,38600
20211215,12:27,600.00,600.00,592.00,592.00,1100,39700
20211215,12:28,592.05,592.05,592.00,592.00,50,39700
20211215,12:29,593.80,593.80,591.20,591.20,100,39700
20211215,12:30,593.00,598.80,593.00,593.80,175,39700
20211215,12:31,590.00,590.00,590.00,590.00,250,39700
20211215,12:32,590.00,591.35,589.60,589.60,75,39700
20211215,12:33,588.85,588.85,588.85,588.85,25,39900
20211215,12:34,587.50,587.70,587.50,587.70,50,39900
20211215,12:35,589.55,595.55,589.55,590.10,150,39900
20211215,12:36,594.35,594.35,590.00,590.00,125,39875
20211215,12:37,593.40,593.40,593.40,593.40,25,39875
20211215,12:38,590.25,590.25,585.00,585.00,325,39875
20211215,12:39,580.00,585.05,580.00,585.00,150,40150
20211215,12:40,580.05,580.05,576.20,576.20,475,40150
20211215,12:41,586.45,588.65,580.80,588.65,150,40150
20211215,12:42,593.35,593.35,588.65,588.65,75,39900
20211215,12:43,584.85,584.85,584.85,584.85,250,39900
20211215,12:44,586.60,588.40,586.60,588.40,75,39900
20211215,12:45,587.30,589.95,580.00,584.20,2550,40275
20211215,12:46,589.05,589.05,585.50,588.40,100,40275
20211215,12:47,584.50,584.50,584.50,584.50,25,40275
20211215,12:48,573.10,573.10,560.00,560.00,525,42500
20211215,12:49,564.25,564.25,561.00,561.00,50,42500
20211215,12:50,566.15,566.15,566.15,566.15,75,42500
20211215,12:51,567.75,579.00,567.75,579.00,175,42625
20211215,12:52,576.70,576.70,575.30,575.30,100,42625
20211215,12:53,572.00,572.00,571.70,571.70,100,42625
20211215,12:54,574.10,575.30,574.10,575.30,50,42625
20211215,12:55,577.15,577.15,577.15,577.15,75,42625
20211215,12:56,578.00,578.00,575.00,575.00,125,42625
20211215,12:57,582.20,584.75,580.45,580.45,200,42800
20211215,12:59,578.70,578.70,575.00,575.00,150,42800
20211215,13:01,566.60,566.60,563.00,563.00,325,43075
20211215,13:02,566.95,566.95,566.95,566.95,25,43075
20211215,13:03,565.50,565.50,565.50,565.50,75,43425
20211215,13:04,575.00,575.00,574.10,574.10,75,43425
20211215,13:05,567.30,567.30,564.30,565.45,1225,43425
20211215,13:06,579.00,584.70,577.90,577.90,225,43700
20211215,13:07,578.25,583.05,578.25,583.00,200,43700
20211215,13:08,587.00,587.00,587.00,587.00,25,43700
20211215,13:09,586.45,586.45,581.35,581.90,100,43775
20211215,13:10,581.90,581.90,581.90,581.90,25,43775
20211215,13:11,587.00,593.55,587.00,592.00,250,43775
20211215,13:12,585.00,585.00,581.55,581.55,75,44000
20211215,13:13,580.00,580.00,579.15,579.15,75,44000
20211215,13:14,584.90,585.00,584.90,585.00,275,44000
20211215,13:15,583.10,583.10,575.55,575.55,150,43700
20211215,13:16,578.60,584.15,578.60,584.15,350,43700
20211215,13:17,595.00,600.00,592.55,592.55,400,43700
20211215,13:18,600.55,600.55,598.60,598.60,250,43875
20211215,13:19,592.80,592.80,592.80,592.80,25,43875
20211215,13:20,594.15,598.40,589.15,589.15,200,43875
20211215,13:21,596.05,596.05,595.75,595.75,50,43850
20211215,13:22,593.00,593.00,592.50,592.50,775,43850
20211215,13:23,592.60,596.00,592.60,596.00,50,43850
20211215,13:24,599.70,599.70,595.65,595.65,125,43850
20211215,13:25,591.90,592.90,591.90,592.90,50,44475
20211215,13:26,595.65,599.95,594.25,595.50,850,44475
20211215,13:27,595.50,595.50,592.15,592.15,250,44125
20211215,13:28,592.15,605.00,592.15,604.95,450,44125
20211215,13:29,600.90,600.90,600.90,600.90,25,44125
20211215,13:30,604.00,606.75,591.30,591.30,1000,44025
20211215,13:31,590.00,607.95,590.00,607.95,150,44025
20211215,13:32,610.30,610.30,604.15,605.40,350,44025
20211215,13:34,601.00,601.00,599.85,599.85,100,43700
20211215,13:35,597.10,597.10,597.10,597.10,25,43700
20211215,13:36,600.75,600.75,592.30,592.30,775,43725
20211215,13:38,605.00,605.00,605.00,605.00,100,43725
20211215,13:39,608.65,611.35,603.35,603.35,350,43350
20211215,13:40,605.00,606.25,605.00,606.25,125,43350
20211215,13:41,602.60,602.60,602.60,602.60,25,43350
20211215,13:42,602.25,602.25,595.00,595.00,250,43375
20211215,13:43,597.00,597.00,597.00,597.00,25,43375
20211215,13:44,605.00,605.00,605.00,605.00,125,43375
20211215,13:45,601.45,612.60,601.15,612.60,125,43175
20211215,13:46,612.15,617.60,608.25,608.25,1425,43175
20211215,13:47,610.10,610.10,605.00,605.00,100,43175
20211215,13:49,613.75,613.75,608.00,612.40,175,43275
20211215,13:50,612.40,619.35,612.40,615.30,250,43275
20211215,13:51,611.75,611.75,607.25,607.25,200,43225
20211215,13:52,608.35,625.00,608.35,625.00,250,43225
20211215,13:53,625.00,625.00,618.65,621.90,400,43225
20211215,13:54,618.00,618.00,615.50,615.85,200,43225
20211215,13:55,614.45,615.00,609.45,609.45,225,42400
20211215,13:56,608.00,608.05,608.00,608.05,50,42400
20211215,13:57,603.60,608.90,603.60,606.15,325,42325
20211215,13:58,608.80,608.80,588.65,588.65,450,42325
20211215,13:59,595.00,595.45,593.25,593.25,250,42325
20211215,14:00,585.95,590.30,585.95,590.30,100,42350
20211215,14:01,587.65,599.25,587.65,598.90,375,42350
20211215,14:02,606.40,606.40,606.40,606.40,25,42350
20211215,14:03,600.70,600.70,600.20,600.20,75,42350
20211215,14:04,604.25,608.90,604.25,608.90,125,42275
20211215,14:05,610.50,616.60,610.50,610.70,300,42275
20211215,14:06,617.10,617.10,607.65,607.65,125,42125
20211215,14:07,603.45,603.45,603.45,603.45,25,42125
20211215,14:08,605.55,611.15,605.55,611.15,100,42125
20211215,14:09,616.50,623.10,616.50,623.10,50,42125
20211215,14:10,618.10,625.00,614.65,624.20,700,42125
20211215,14:11,621.85,625.05,621.85,622.90,650,42125
20211215,14:12,620.00,620.00,620.00,620.00,25,42125
20211215,14:13,618.05,618.80,618.05,618.80,75,42525
20211215,14:14,618.35,618.35,618.35,618.35,25,42525
20211215,14:15,618.35,620.00,618.35,620.00,225,42525
20211215,14:16,615.95,616.00,615.95,616.00,1225,42275
20211215,14:17,613.00,613.00,606.65,606.65,625,42275
20211215,14:18,606.40,607.50,606.40,607.00,75,42275
20211215,14:19,600.70,606.50,600.70,606.50,100,41625
20211215,14:20,609.50,609.50,595.75,599.95,150,41625
20211215,14:21,609.35,609.35,605.85,605.85,100,41625
20211215,14:22,600.00,600.20,600.00,600.20,50,41725
20211215,14:23,600.00,602.65,600.00,602.65,225,41725
20211215,14:24,605.00,612.10,605.00,608.95,300,41675
20211215,14:25,608.55,608.55,608.55,608.55,25,41675
20211215,14:26,606.80,610.00,606.00,606.00,800,41675
20211215,14:27,606.10,606.10,600.75,600.75,250,41675
20211215,14:28,604.95,613.00,604.95,613.00,600,41650
20211215,14:29,613.80,613.80,603.95,604.60,500,41650
20211215,14:30,597.75,602.25,597.75,602.25,50,41850
20211215,14:32,602.25,602.25,602.25,602.25,50,41850
20211215,14:33,608.85,615.00,608.85,615.00,250,41700
20211215,14:34,617.80,617.80,611.85,611.85,100,41700
20211215,14:35,612.00,612.00,612.00,612.00,400,41700
20211215,14:36,612.70,630.00,612.70,627.00,1050,41625
20211215,14:37,627.50,627.50,620.00,620.00,775,41625
20211215,14:38,620.70,621.70,620.70,621.70,225,41625
20211215,14:40,622.60,622.60,620.10,620.10,450,41925
20211215,14:41,621.25,623.30,615.80,615.80,550,41925
20211215,14:42,611.25,611.25,610.05,610.05,100,41925
20211215,14:43,609.75,612.90,609.75,612.90,1125,41925
20211215,14:45,609.70,609.70,604.80,609.35,500,41925
20211215,14:46,601.60,601.60,598.00,600.85,200,42475
20211215,14:47,592.50,592.50,590.00,590.00,125,42475
20211215,14:48,596.75,604.55,596.50,604.55,625,42325
20211215,14:49,604.55,605.95,603.05,603.05,200,42325
20211215,14:50,604.20,605.00,600.05,600.05,300,42325
20211215,14:51,600.00,604.85,598.95,603.85,250,42825
20211215,14:52,602.40,602.40,602.15,602.15,200,42825
20211215,14:53,599.60,599.65,590.00,591.35,1700,42825
20211215,14:54,593.85,593.95,593.45,593.95,75,43875
20211215,14:55,590.15,594.25,590.00,594.25,100,43875
20211215,14:56,582.05,587.35,581.10,581.10,200,43875
20211215,14:57,578.75,582.95,578.05,578.05,275,43675
20211215,14:58,580.85,580.85,567.90,567.90,850,43675
20211215,14:59,570.30,573.10,568.35,570.00,675,43675
20211215,15:00,568.35,580.80,564.45,574.45,1050,43675
20211215,15:01,560.00,560.00,550.00,552.45,3000,43500
20211215,15:02,548.05,551.20,542.00,542.00,550,43500
20211215,15:03,545.20,557.15,538.90,552.35,825,45100
20211215,15:04,555.60,555.60,548.50,548.50,375,45100
20211215,15:05,555.85,557.15,555.05,555.30,500,45100
20211215,15:06,555.35,555.35,548.70,554.60,75,45025
20211215,15:07,551.25,551.25,547.85,547.85,125,45025
20211215,15:08,547.85,550.35,540.80,550.35,425,45025
20211215,15:09,550.00,554.80,549.15,549.15,150,45025
20211215,15:10,545.80,545.80,543.95,545.80,125,44875
20211215,15:11,546.00,547.15,545.00,547.15,200,44875
20211215,15:12,546.00,546.00,538.05,538.05,225,44875
20211215,15:13,538.05,545.95,538.05,545.95,75,44900
20211215,15:14,546.00,546.00,545.00,545.00,50,44900
20211215,15:15,541.00,541.00,536.30,536.30,250,44900
20211215,15:16,537.00,540.55,532.75,540.55,1825,44925
20211215,15:18,540.00,540.00,535.00,538.40,850,44925
20211215,15:19,535.80,537.75,535.80,537.75,75,45075
20211215,15:20,541.60,544.00,541.60,544.00,425,45075
20211215,15:21,548.75,549.15,548.75,548.95,325,45075
20211215,15:22,550.00,550.00,550.00,550.00,75,45050
20211215,15:23,549.80,554.00,549.80,554.00,175,45050
20211215,15:24,551.10,553.30,551.00,551.00,350,45050
20211215,15:25,549.15,553.90,540.20,540.20,425,45150
20211215,15:26,539.85,544.45,539.85,543.15,725,45150
20211215,15:27,540.75,542.05,540.00,542.05,1550,45150
20211215,15:28,537.50,538.75,534.50,538.75,225,46650
20211215,15:29,535.75,535.75,527.05,527.05,550,46650
20211216,09:15,615.00,698.65,606.85,644.85,4526,46275
20211216,09:16,634.25,662.95,634.25,641.65,2150,46275
20211216,09:17,637.00,642.90,631.80,632.00,2475,46450
20211216,09:18,630.00,630.00,606.25,607.40,2300,46450
20211216,09:19,611.95,618.75,600.00,610.50,1200,46450
20211216,09:20,605.80,614.15,603.00,609.30,400,46800
20211216,09:21,611.40,611.75,597.00,605.10,500,46800
20211216,09:22,598.75,608.70,594.05,594.05,375,46800
20211216,09:23,591.90,591.90,575.00,582.30,1350,47450
20211216,09:24,578.30,584.60,564.80,584.60,1300,47450
20211216,09:25,584.55,589.15,578.50,578.50,850,47450
20211216,09:26,578.30,583.55,578.30,583.55,400,47450
20211216,09:27,581.95,581.95,569.05,571.15,325,47950
20211216,09:28,571.00,575.00,570.00,575.00,225,47950
20211216,09:29,576.55,585.00,568.70,585.00,275,48000
20211216,09:30,584.95,588.10,555.10,564.00,5050,48000
20211216,09:31,565.95,572.65,565.95,567.10,650,48000
20211216,09:32,566.80,568.55,564.40,565.55,375,48000
20211216,09:33,567.70,567.70,563.00,563.00,350,49075
20211216,09:34,553.20,571.95,553.20,570.20,225,49075
20211216,09:35,564.75,564.75,562.95,564.75,175,49075
20211216,09:36,569.65,574.25,568.20,572.70,300,49650
20211216,09:37,571.70,573.60,570.30,573.60,425,49650
20211216,09:38,570.00,576.85,568.80,576.85,300,49650
20211216,09:39,576.45,578.40,570.00,572.90,575,50050
20211216,09:40,570.90,576.00,570.90,576.00,250,50050
20211216,09:41,573.30,582.25,573.30,582.25,200,50050
20211216,09:42,577.10,577.10,572.00,572.05,1550,50050
20211216,09:43,578.05,578.05,578.05,578.05,25,50050
20211216,09:44,572.00,577.70,572.00,574.40,950,52150
20211216,09:45,573.00,575.90,570.20,575.90,900,52150
20211216,09:46,575.35,577.25,575.35,577.25,100,52150
20211216,09:47,574.55,577.80,574.45,577.80,125,52150
20211216,09:48,575.00,575.00,572.00,572.00,200,52875
20211216,09:49,570.00,570.00,560.00,560.00,375,52875
20211216,09:50,560.05,560.05,535.50,545.60,1250,52875
20211216,09:51,545.00,546.80,540.00,544.45,1350,53375
20211216,09:52,540.75,540.75,537.35,537.35,100,53375
20211216,09:53,541.40,545.35,541.15,544.05,700,55125
20211216,09:54,540.00,543.15,538.75,543.15,675,55125
20211216,09:55,538.65,543.15,538.65,542.80,150,55125
20211216,09:56,548.75,548.75,523.00,523.00,1275,55375
20211216,09:57,526.95,526.95,515.80,515.80,600,55375
20211216,09:58,515.80,523.50,514.20,523.50,350,55375
20211216,09:59,526.75,531.30,526.75,528.60,700,55600
20211216,10:00,525.55,530.05,523.35,528.90,1625,55600
20211216,10:01,527.00,531.00,527.00,527.00,500,55600
20211216,10:02,527.20,527.20,513.30,521.45,1625,56025
20211216,10:03,521.45,521.45,517.65,517.65,75,56025
20211216,10:04,517.80,523.75,515.00,520.00,1600,56025
20211216,10:05,515.60,516.60,510.40,516.60,525,56600
20211216,10:06,519.80,522.00,519.80,520.00,1525,56600
20211216,10:07,523.65,529.45,523.60,523.60,425,56600
20211216,10:08,530.00,530.00,528.00,528.00,425,57700
20211216,10:09,525.75,525.75,517.80,519.05,675,57700
20211216,10:10,519.20,524.25,519.20,524.25,150,57700
20211216,10:11,531.90,534.35,528.70,530.50,975,58575
20211216,10:12,528.55,528.55,520.70,520.80,1050,58575
20211216,10:13,519.35,524.20,519.35,521.70,625,58575
20211216,10:14,524.60,526.00,523.50,523.75,675,59075
20211216,10:15,526.90,528.00,526.90,528.00,175,59075
20211216,10:16,531.75,538.65,531.75,535.05,700,59075
20211216,10:17,530.00,530.00,525.85,525.85,75,59625
20211216,10:18,526.95,528.60,524.05,527.80,175,59625
20211216,10:19,527.00,527.00,510.00,510.00,1050,59625
20211216,10:20,516.20,516.20,510.00,512.20,225,59625
20211216,10:21,514.75,520.00,514.75,520.00,375,59750
20211216,10:22,523.70,524.30,517.65,517.65,100,59750
20211216,10:23,525.95,525.95,522.95,522.95,325,59750
20211216,10:24,526.45,526.45,521.20,521.20,300,59825
20211216,10:25,521.65,521.65,500.95,500.95,925,59825
20211216,10:26,508.20,511.00,508.20,509.40,150,59825
20211216,10:27,509.40,509.40,509.40,509.40,25,60425
20211216,10:28,517.55,517.55,517.55,517.55,25,60425
20211216,10:29,513.60,513.60,513.60,513.60,25,60425
20211216,10:30,509.40,509.40,499.90,499.90,450,60400
20211216,10:31,498.65,498.65,498.65,498.65,75,60400
20211216,10:32,514.20,514.20,510.05,510.05,175,60475
20211216,10:34,514.90,514.90,512.85,512.85,125,60475
20211216,10:35,520.35,520.35,515.10,515.10,75,60475
20211216,10:37,519.05,525.00,519.05,524.05,550,60375
20211216,10:39,515.10,515.10,510.00,510.00,100,60350
20211216,10:40,510.00,510.55,510.00,510.55,50,60350
20211216,10:41,518.35,518.35,516.10,516.10,125,60350
20211216,10:42,520.00,520.00,520.00,520.00,25,60350
20211216,10:43,523.45,523.45,523.45,523.45,25,60575
20211216,10:44,520.00,524.95,518.15,524.95,625,60575
20211216,10:45,523.00,524.25,522.60,524.25,425,60800
20211216,10:46,524.00,531.00,524.00,529.00,400,60800
20211216,10:47,530.80,533.00,529.30,530.45,300,60850
20211216,10:48,529.00,530.50,527.15,530.50,325,60850
20211216,10:49,533.00,535.00,533.00,534.00,450,60850
20211216,10:50,534.50,535.35,532.75,532.75,200,60850
20211216,10:51,532.00,546.65,532.00,539.00,1000,61075
20211216,10:52,536.85,536.95,533.50,533.50,75,61075
20211216,10:53,534.00,535.05,534.00,535.00,425,61075
20211216,10:54,535.10,542.55,535.10,542.55,900,61550
20211216,10:55,538.00,538.00,534.00,534.00,225,61550
20211216,10:56,533.85,533.85,533.85,533.85,25,61550
20211216,10:57,530.00,533.00,530.00,533.00,75,61900
20211216,10:58,531.75,539.45,531.75,539.45,1225,61900
20211216,10:59,535.80,535.80,533.30,534.95,200,62800
20211216,11:00,536.00,540.00,532.00,539.35,300,62800
20211216,11:01,539.80,539.80,536.25,536.25,300,62800
20211216,11:02,539.25,539.45,536.70,539.25,1800,62800
20211216,11:03,540.65,540.65,535.50,540.50,100,61800
20211216,11:04,537.30,537.30,533.75,533.80,275,61800
20211216,11:05,537.85,537.85,533.80,536.00,100,61800
20211216,11:06,536.00,536.20,535.55,535.55,125,61900
20211216,11:07,532.15,533.00,527.55,527.55,875,61900
20211216,11:08,527.15,527.15,525.05,525.05,175,61900
20211216,11:09,525.00,525.00,511.20,517.45,750,62000
20211216,11:10,513.50,513.50,510.15,510.15,50,62000
20211216,11:11,510.00,510.00,504.05,504.05,150,62000
20211216,11:12,506.15,506.15,505.60,505.85,175,62350
20211216,11:13,507.25,509.25,507.25,508.00,650,62350
20211216,11:14,507.95,507.95,505.65,507.00,425,62350
20211216,11:15,509.25,509.25,506.35,507.65,225,63025
20211216,11:16,505.00,513.40,505.00,510.00,150,63025
20211216,11:17,513.10,513.20,511.20,513.00,375,63025
20211216,11:18,513.65,513.65,502.60,502.60,450,63400
20211216,11:19,502.65,502.65,485.35,490.60,975,63400
20211216,11:20,482.40,482.40,469.25,470.60,1750,63400
20211216,11:21,470.70,470.70,451.20,456.45,2175,64075
20211216,11:22,450.80,459.15,450.80,454.30,650,64075
20211216,11:23,450.00,450.30,445.40,450.00,1000,64075
20211216,11:24,445.60,448.75,433.60,433.60,1175,65075
20211216,11:25,431.90,443.00,431.90,443.00,1300,65075
20211216,11:26,445.95,449.50,445.95,449.50,125,65075
20211216,11:27,445.90,451.20,444.85,446.65,875,64975
20211216,11:28,447.70,449.30,447.70,449.30,100,64975
20211216,11:29,448.55,448.55,440.00,440.00,475,64975
20211216,11:30,439.00,440.25,429.00,435.75,1800,65425
20211216,11:31,438.20,447.20,438.20,447.20,450,65425
20211216,11:32,445.95,449.55,445.95,447.75,250,65425
20211216,11:33,447.50,448.30,447.35,447.35,125,65475
20211216,11:34,446.00,446.00,430.15,430.15,850,65475
20211216,11:35,429.30,433.30,425.85,430.45,2125,65475
20211216,11:36,431.20,434.05,430.00,431.20,500,65950
20211216,11:37,433.10,434.25,431.75,434.25,300,65950
20211216,11:38,434.25,434.25,430.00,430.00,1575,65950
20211216,11:39,431.80,431.80,427.25,427.25,175,66325
20211216,11:40,429.50,434.20,427.80,434.20,250,66325
20211216,11:41,437.75,437.75,430.00,430.00,50,66325
20211216,11:42,437.55,437.55,437.20,437.20,250,66375
20211216,11:43,437.30,442.30,437.30,442.30,325,66375
20211216,11:44,443.85,446.00,440.85,442.85,1725,66375
20211216,11:45,443.00,448.60,439.65,448.60,175,66150
20211216,11:46,441.65,442.65,436.85,440.90,150,66150
20211216,11:47,443.00,443.15,441.05,441.05,350,66150
20211216,11:48,448.75,448.75,442.90,442.90,825,66125
20211216,11:49,445.00,445.00,440.35,443.70,400,66125
20211216,11:50,443.40,443.40,443.40,443.40,50,66125
20211216,11:51,445.25,447.15,442.40,447.15,250,66575
20211216,11:52,448.10,448.10,445.00,447.00,225,66575
20211216,11:53,445.70,447.70,443.55,443.55,425,66575
20211216,11:54,444.10,444.75,444.10,444.75,50,66775
20211216,11:55,443.00,443.00,443.00,443.00,50,66775
20211216,11:56,442.05,443.10,438.20,438.25,350,66775
20211216,11:57,438.70,438.70,436.55,436.55,250,66850
20211216,11:58,436.00,436.00,428.80,429.50,2000,66850
20211216,11:59,426.45,426.45,425.00,425.00,100,66850
20211216,12:00,419.30,419.30,414.30,415.80,1075,67850
20211216,12:01,411.00,411.00,404.70,404.70,475,67850
20211216,12:02,404.70,406.05,402.75,402.75,425,67850
20211216,12:03,403.60,408.70,403.60,405.45,100,68050
20211216,12:04,404.75,407.15,404.75,407.15,100,68050
20211216,12:05,406.25,410.55,406.15,410.55,125,68050
20211216,12:06,413.50,413.50,410.50,410.50,175,68150
20211216,12:07,403.00,404.55,402.85,404.50,725,68150
20211216,12:08,405.00,406.85,404.35,404.55,250,68150
20211216,12:09,404.00,404.00,396.85,396.85,700,68900
20211216,12:10,396.85,406.75,396.85,406.75,950,68900
20211216,12:11,408.35,409.05,407.95,408.40,200,68900
20211216,12:12,408.40,409.00,408.40,409.00,650,68975
20211216,12:13,407.30,410.25,407.30,410.25,150,68975
20211216,12:14,411.80,415.85,411.80,415.35,250,68975
20211216,12:15,415.60,427.70,413.55,427.70,450,68950
20211216,12:16,424.00,432.25,424.00,432.25,75,68950
20211216,12:17,431.10,431.45,431.10,431.45,375,68950
20211216,12:18,433.45,434.55,433.45,433.55,175,69050
20211216,12:19,433.55,434.60,432.10,434.60,325,69050
20211216,12:20,430.90,430.90,430.90,430.90,25,69050
20211216,12:21,430.85,430.90,430.85,430.90,200,69200
20211216,12:22,430.55,431.20,428.05,431.20,375,69200
20211216,12:23,431.25,431.85,431.25,431.85,50,69200
20211216,12:25,430.90,430.90,426.65,426.65,50,68650
20211216,12:26,417.70,417.70,409.20,409.20,275,68650
20211216,12:27,405.10,407.65,405.10,407.65,525,68650
20211216,12:28,405.10,405.10,405.10,405.10,125,68650
20211216,12:29,400.00,402.05,395.20,395.20,300,68650
20211216,12:30,396.10,398.15,396.10,397.05,200,68425
20211216,12:31,398.85,398.85,391.65,396.35,1350,68425
20211216,12:32,394.25,395.55,394.25,395.55,75,68425
20211216,12:33,415.20,415.20,413.75,413.75,150,69575
20211216,12:34,420.45,420.65,419.05,420.65,75,69575
20211216,12:35,434.20,434.20,423.75,423.75,650,69575
20211216,12:37,423.75,423.75,421.20,421.20,50,69950
20211216,12:38,413.75,417.40,412.65,417.40,225,69950
20211216,12:42,426.90,426.90,426.90,426.90,200,69650
20211216,12:43,429.10,429.10,426.10,426.10,75,69775
20211216,12:47,426.00,426.00,424.00,424.00,50,69075
20211216,12:49,428.85,428.85,428.85,428.85,25,69075
20211216,12:50,435.00,436.65,435.00,436.65,175,69075
20211216,12:51,436.85,443.50,436.85,441.05,675,68875
20211216,12:52,438.40,438.40,438.40,438.40,75,68875
20211216,12:53,441.90,441.90,441.90,441.90,25,68875
20211216,12:54,450.00,453.65,449.05,449.05,475,68850
20211216,12:55,449.45,449.45,443.50,443.50,100,68850
20211216,12:56,445.00,445.00,441.05,441.05,75,68850
20211216,12:57,442.45,442.45,437.55,437.55,325,68900
20211216,12:58,441.40,441.40,441.40,441.40,50,68900
20211216,12:59,458.55,462.15,458.55,462.15,50,68900
20211216,13:00,462.00,462.00,453.20,453.20,525,68700
20211216,13:01,450.65,454.65,448.75,454.65,425,68700
20211216,13:02,451.40,451.40,451.40,451.40,25,68700
20211216,13:03,445.00,445.00,445.00,445.00,425,68350
20211216,13:04,445.00,449.95,445.00,449.95,175,68350
20211216,13:05,443.10,443.10,432.40,437.45,125,68350
20211216,13:08,443.20,443.20,442.65,442.65,150,68800
20211216,13:09,440.10,440.10,432.70,432.70,150,68750
20211216,13:10,432.50,435.00,432.50,435.00,100,68750
20211216,13:11,433.70,433.70,425.80,425.80,200,68750
20211216,13:12,424.85,424.85,424.85,424.85,25,68750
20211216,13:13,432.70,432.70,432.70,432.70,25,68775
20211216,13:14,435.15,435.15,430.30,430.35,675,68775
20211216,13:15,430.15,430.15,424.85,424.85,50,68550
20211216,13:16,425.00,425.00,425.00,425.00,25,68550
20211216,13:18,423.50,423.50,420.00,421.30,175,68550
20211216,13:19,430.75,443.75,430.75,443.75,600,68600
20211216,13:20,442.00,442.00,442.00,442.00,50,68600
20211216,13:22,442.00,442.00,442.00,442.00,75,68850
20211216,13:23,438.95,438.95,438.95,438.95,50,68850
20211216,13:24,435.00,435.00,435.00,435.00,25,68725
20211216,13:25,436.55,437.00,436.55,437.00,50,68725
20211216,13:27,450.00,450.00,449.90,449.90,50,68625
20211216,13:29,445.00,445.00,434.70,434.70,550,68625
20211216,13:30,434.70,434.70,434.70,434.70,25,68750
20211216,13:31,434.70,434.70,434.70,434.70,25,68750
20211216,13:32,445.00,445.90,445.00,445.90,75,68750
20211216,13:33,444.60,444.60,444.60,444.60,175,68750
20211216,13:34,445.55,445.55,445.55,445.55,25,68750
20211216,13:35,446.90,446.90,446.90,446.90,25,68750
20211216,13:38,450.00,456.00,450.00,456.00,1825,68550
20211216,13:39,450.85,450.85,450.85,450.85,75,68025
20211216,13:40,450.25,450.25,445.60,445.60,100,68025
20211216,13:42,445.60,445.60,445.60,445.60,75,67925
20211216,13:44,440.50,440.50,434.40,434.40,200,67925
20211216,13:47,434.40,434.70,429.90,431.10,2275,67975
20211216,13:48,433.50,435.10,433.50,435.10,100,68475
20211216,13:49,437.95,438.90,436.85,436.85,150,68475
20211216,13:50,440.00,441.40,440.00,441.40,225,68475
20211216,13:51,441.40,441.60,437.00,437.00,150,68550
20211216,13:52,430.60,431.10,430.60,431.10,550,68550
20211216,13:53,436.15,442.75,436.15,442.75,225,68550
20211216,13:54,438.35,439.15,438.35,439.15,50,68350
20211216,13:55,439.10,439.10,437.40,437.40,1425,68350
20211216,13:56,440.95,440.95,440.95,440.95,50,68350
20211216,13:57,439.90,439.90,439.90,439.90,100,68350
20211216,13:59,428.00,428.00,422.30,422.30,1000,67750
20211216,14:00,424.25,424.70,424.25,424.70,100,67750
20211216,14:02,424.70,424.70,416.65,416.65,325,68625
20211216,14:03,416.25,416.35,412.00,412.00,200,68625
20211216,14:05,419.85,419.85,412.00,413.70,375,68600
20211216,14:06,420.15,420.15,415.80,415.80,50,68600
20211216,14:07,412.10,412.20,411.45,411.45,100,68850
20211216,14:08,410.90,410.90,409.05,409.05,75,68850
20211216,14:09,409.00,410.95,409.00,409.00,1400,68850
20211216,14:10,404.95,404.95,403.15,403.15,150,68950
20211216,14:11,407.55,408.45,407.55,408.45,50,68950
20211216,14:12,405.00,405.00,399.95,400.00,550,69175
20211216,14:13,395.00,395.00,392.00,394.45,375,69175
20211216,14:14,393.00,400.00,393.00,397.35,325,69175
20211216,14:15,395.00,400.95,395.00,399.80,625,69650
20211216,14:16,398.65,400.75,398.65,400.75,50,69650
20211216,14:17,399.25,400.70,399.25,400.50,100,69650
20211216,14:18,404.50,404.50,404.50,404.50,25,69725
20211216,14:19,404.50,406.70,404.50,406.70,50,69725
20211216,14:20,408.95,420.60,405.70,420.60,150,69725
20211216,14:21,416.90,418.75,416.90,418.75,175,69725
20211216,14:23,405.00,409.00,405.00,408.05,175,69800
20211216,14:24,405.60,405.60,405.60,405.60,50,69750
20211216,14:25,400.00,400.00,400.00,400.00,25,69750
20211216,14:26,396.80,400.00,396.80,400.00,125,69750
20211216,14:27,400.40,405.55,400.40,405.55,100,69725
20211216,14:28,399.05,399.05,399.05,399.05,100,69725
20211216,14:29,399.95,399.95,399.55,399.55,50,69725
20211216,14:31,404.80,404.80,404.80,404.80,25,69675
20211216,14:32,403.55,403.55,396.00,396.00,250,69675
20211216,14:33,391.20,391.20,379.25,379.25,875,70025
20211216,14:34,379.25,379.25,377.80,377.80,475,70025
20211216,14:35,375.00,379.95,366.75,366.75,550,70025
20211216,14:36,367.60,368.15,363.00,363.00,475,70125
20211216,14:37,363.00,363.00,360.00,360.00,100,70125
20211216,14:38,362.90,363.95,362.00,362.00,125,70125
20211216,14:39,360.00,361.15,360.00,360.00,1150,70125
20211216,14:40,361.15,367.45,359.95,364.45,325,70175
20211216,14:41,366.90,367.05,364.70,366.80,850,70175
20211216,14:42,365.00,365.00,355.85,357.65,325,70075
20211216,14:43,352.25,352.25,350.00,350.00,350,70075
20211216,14:44,350.40,354.55,350.40,352.15,375,70075
20211216,14:45,350.00,350.35,342.70,347.00,525,70075
20211216,14:46,354.10,355.70,351.00,351.90,175,69825
20211216,14:47,346.80,354.20,346.80,354.20,325,69825
20211216,14:49,354.05,356.80,354.05,355.20,100,69625
20211216,14:50,357.15,366.55,354.35,365.00,775,69625
20211216,14:51,360.80,370.30,360.10,370.15,550,69025
20211216,14:53,371.30,371.30,365.10,367.95,375,69025
20211216,14:54,365.00,365.00,354.40,358.05,450,68800
20211216,14:55,358.40,358.75,357.45,358.75,175,68800
20211216,14:56,365.00,374.95,363.10,374.95,1400,68800
20211216,14:57,375.00,378.40,368.70,375.00,600,68425
20211216,14:58,372.55,372.55,367.25,367.80,375,68425
20211216,14:59,373.25,374.00,370.95,372.00,625,68425
20211216,15:00,374.40,380.75,374.40,380.00,700,68425
20211216,15:01,374.65,374.65,374.65,374.65,25,68350
20211216,15:02,376.20,381.45,376.05,376.05,150,68350
20211216,15:03,378.00,378.00,377.20,377.20,50,68350
20211216,15:04,377.65,377.65,377.65,377.65,50,67850
20211216,15:05,380.40,380.40,376.20,376.20,225,67850
20211216,15:06,375.00,375.00,368.45,368.45,550,67850
20211216,15:07,366.30,368.50,366.30,368.50,350,67500
20211216,15:08,359.10,359.10,359.10,359.10,25,67500
20211216,15:09,361.40,365.35,361.40,364.65,250,67500
20211216,15:10,361.90,373.05,361.90,369.65,1025,67250
20211216,15:11,376.20,383.25,376.20,383.25,250,67250
20211216,15:12,382.40,383.85,378.75,378.75,425,67250
20211216,15:13,377.05,377.05,377.05,377.05,25,67100
20211216,15:14,377.65,381.55,377.65,380.75,125,67100
20211216,15:15,380.10,385.85,380.10,384.00,825,66850
20211216,15:16,387.65,390.55,387.65,390.55,275,66850
20211216,15:17,389.20,389.20,388.40,389.20,875,66850
20211216,15:18,389.20,389.20,384.65,384.65,225,66850
20211216,15:19,385.85,385.85,385.25,385.70,125,66575
20211216,15:20,386.00,388.00,383.25,383.30,575,66575
20211216,15:21,384.55,384.55,381.10,381.60,600,66575
20211216,15:22,379.55,386.65,379.55,386.65,550,66475
20211216,15:23,389.00,390.00,389.00,390.00,75,66475
20211216,15:24,393.05,396.05,393.05,396.05,175,66475
20211216,15:25,400.00,400.00,388.85,388.85,1525,65975
20211216,15:26,389.50,389.50,387.80,388.80,200,65975
20211216,15:27,386.05,386.30,384.55,386.30,225,65975
20211216,15:28,385.15,385.15,385.15,385.15,25,65700
20211216,15:29,387.95,395.35,387.95,395.35,175,65700
20211217,09:15,324.35,324.35,287.90,295.55,1226,65250
20211217,09:16,287.30,287.30,275.00,278.75,950,65250
20211217,09:17,272.85,277.25,272.85,277.10,325,65600
20211217,09:18,276.85,276.85,264.15,264.15,2125,65600
20211217,09:19,264.05,269.30,264.05,266.15,650,65600
20211217,09:20,260.00,263.55,256.80,258.25,975,67025
20211217,09:21,256.80,256.80,251.35,255.90,1000,67025
20211217,09:22,252.20,252.20,248.05,251.35,1650,67025
20211217,09:23,250.00,260.65,250.00,260.65,700,67350
20211217,09:24,259.25,259.25,244.00,244.00,1425,67350
20211217,09:25,242.00,242.05,236.65,239.55,1925,67350
20211217,09:26,239.55,245.20,239.55,244.35,1125,67875
20211217,09:27,244.35,246.80,233.65,233.65,950,67875
20211217,09:28,238.05,238.05,230.00,233.15,1225,67875
20211217,09:29,235.80,242.20,235.50,239.35,1100,67800
20211217,09:30,236.30,237.15,233.35,234.30,725,67800
20211217,09:31,235.00,242.60,235.00,241.65,1500,67800
20211217,09:32,241.00,245.45,239.00,245.05,825,67775
20211217,09:33,242.65,244.75,240.95,242.50,625,67775
20211217,09:34,244.80,248.35,240.00,244.00,1200,67775
20211217,09:35,245.00,246.90,244.85,244.85,600,68075
20211217,09:36,243.35,244.65,240.65,240.65,850,68075
20211217,09:37,240.05,240.05,235.70,236.00,425,68075
20211217,09:38,236.60,237.95,235.00,235.00,225,68750
20211217,09:39,232.60,232.60,222.60,224.75,1850,68750
20211217,09:40,224.40,224.40,218.20,221.25,600,68750
20211217,09:41,220.15,226.05,217.40,226.05,950,68425
20211217,09:42,226.10,228.20,226.10,228.00,300,68425
20211217,09:43,230.00,230.00,227.95,227.95,300,68425
20211217,09:44,226.25,228.55,222.15,222.15,300,68500
20211217,09:45,224.90,224.90,217.00,224.20,875,68500
20211217,09:46,225.95,228.00,224.75,227.10,375,68500
20211217,09:47,228.45,229.55,226.15,226.55,300,68775
20211217,09:48,228.75,228.75,222.15,226.25,175,68775
20211217,09:49,222.75,224.50,221.95,224.50,425,68775
20211217,09:50,221.15,222.70,218.35,220.05,1775,68975
20211217,09:51,219.95,220.70,213.20,216.05,725,68975
20211217,09:52,211.60,218.00,211.60,214.95,1525,68975
20211217,09:53,215.35,217.00,214.10,214.10,400,69500
20211217,09:54,213.50,213.50,205.30,209.60,950,69500
20211217,09:55,209.85,212.00,209.85,211.00,925,69500
20211217,09:56,209.65,211.05,198.10,198.10,4775,69600
20211217,09:57,198.10,198.35,190.00,192.70,2025,69600
20211217,09:58,193.25,199.90,190.65,197.50,4500,69600
20211217,09:59,194.35,196.20,192.35,193.35,625,68800
20211217,10:00,194.70,200.00,194.70,199.60,250,68800
20211217,10:01,200.15,201.60,196.25,201.00,900,68800
20211217,10:02,198.25,203.70,198.25,198.35,975,68950
20211217,10:03,199.45,200.10,193.00,193.65,725,68950
20211217,10:04,194.20,194.90,192.10,194.90,350,68950
20211217,10:05,194.35,200.00,194.35,199.45,275,68625
20211217,10:06,200.05,206.80,200.05,203.90,700,68625
20211217,10:07,203.90,203.90,203.90,203.90,25,68625
20211217,10:08,203.60,207.50,201.80,201.80,525,68425
20211217,10:09,202.05,202.05,194.00,195.30,325,68425
20211217,10:10,195.65,195.65,195.65,195.65,50,68425
20211217,10:11,193.60,202.70,193.60,202.20,275,67625
20211217,10:12,201.00,202.40,200.75,201.15,325,67625
20211217,10:13,197.45,197.65,196.85,197.20,150,67625
20211217,10:14,197.45,202.70,197.45,198.50,200,67450
20211217,10:15,196.80,199.25,195.50,195.50,375,67450
20211217,10:16,193.85,194.40,188.10,189.00,1525,67450
20211217,10:17,189.85,190.30,184.70,188.00,1425,68000
20211217,10:18,188.00,188.00,181.30,181.30,325,68000
20211217,10:19,182.70,182.70,177.35,178.50,875,68000
20211217,10:20,178.70,181.15,178.70,180.00,550,67200
20211217,10:21,177.00,179.75,177.00,179.75,400,67200
20211217,10:22,179.40,182.30,179.40,182.30,150,67200
20211217,10:23,183.55,186.85,183.55,186.85,125,67175
20211217,10:24,186.80,186.80,179.50,185.90,600,67175
20211217,10:25,185.90,189.95,185.90,188.55,250,67175
20211217,10:26,186.85,186.85,186.85,186.85,25,67650
20211217,10:27,186.90,186.90,183.75,183.75,575,67650
20211217,10:28,181.90,183.45,181.90,183.45,125,67650
20211217,10:29,182.95,193.60,182.95,193.60,200,68025
20211217,10:30,191.55,191.55,188.65,189.15,375,68025
20211217,10:31,189.45,189.45,185.00,185.00,650,68025
20211217,10:32,187.50,187.50,184.55,185.20,850,68025
20211217,10:33,185.50,188.35,185.50,188.35,2350,68600
20211217,10:34,185.65,185.75,181.65,182.55,550,68600
20211217,10:35,182.45,182.45,178.00,178.00,450,68400
20211217,10:36,180.70,184.60,180.70,183.35,675,68400
20211217,10:37,183.00,186.60,182.45,186.60,800,68400
20211217,10:38,187.80,187.80,183.85,185.15,500,69025
20211217,10:39,181.35,181.35,173.65,174.25,900,69025
20211217,10:40,178.45,184.20,178.45,181.00,500,69025
20211217,10:41,180.40,180.40,177.80,178.45,825,69075
20211217,10:42,179.35,180.15,178.45,179.90,400,69075
20211217,10:43,182.30,183.55,180.90,180.90,75,69075
20211217,10:44,182.30,189.00,182.30,185.80,1225,68750
20211217,10:45,181.45,187.75,181.45,187.75,250,68750
20211217,10:47,183.00,183.00,182.50,182.85,500,68850
20211217,10:48,182.30,184.00,179.00,179.95,625,68850
20211217,10:49,179.45,181.00,175.85,176.00,350,68850
20211217,10:50,176.70,177.45,174.25,176.25,300,68525
20211217,10:51,179.00,179.15,179.00,179.15,75,68525
20211217,10:52,177.45,180.00,173.70,180.00,400,68525
20211217,10:53,180.00,180.00,178.90,178.90,175,68450
20211217,10:54,176.40,176.75,174.80,176.75,575,68450
20211217,10:55,176.70,178.50,175.90,178.50,825,68450
20211217,10:56,177.50,177.50,174.30,174.30,625,68450
20211217,10:57,174.90,176.50,174.90,176.50,275,68250
20211217,10:58,175.80,177.20,175.80,177.20,75,68250
20211217,10:59,183.20,183.20,183.20,183.20,75,68250
20211217,11:00,182.80,182.80,179.00,179.90,175,68200
20211217,11:01,178.20,178.95,177.00,177.30,800,68200
20211217,11:02,177.20,177.45,175.40,175.40,4075,71575
20211217,11:03,175.45,176.70,174.65,174.75,7950,71575
20211217,11:04,175.75,177.00,169.40,172.15,3925,71575
20211217,11:05,171.65,173.90,170.15,173.90,350,71575
20211217,11:06,174.05,175.40,174.05,175.05,175,77425
20211217,11:07,176.70,177.15,175.75,177.15,125,77425
20211217,11:08,176.90,177.90,175.65,176.80,325,77200
20211217,11:09,175.05,177.15,171.55,172.55,475,77200
20211217,11:10,172.50,174.45,172.10,172.10,725,77200
20211217,11:11,171.15,172.30,168.60,168.75,275,76050
20211217,11:12,171.00,171.00,170.40,170.40,150,76050
20211217,11:13,170.00,170.00,170.00,170.00,25,76050
20211217,11:14,172.75,172.75,172.75,172.75,25,73900
20211217,11:15,172.50,173.80,172.50,172.85,75,73900
20211217,11:16,171.15,175.95,171.15,175.95,50,73900
20211217,11:17,178.35,178.35,177.70,177.70,75,73925
20211217,11:18,177.00,177.00,173.95,173.95,450,73925
20211217,11:19,171.70,171.70,171.70,171.70,25,73925
20211217,11:20,171.05,171.05,171.05,171.05,25,73925
20211217,11:21,174.20,174.20,172.55,172.55,100,73925
20211217,11:22,171.65,172.80,171.65,172.80,100,73925
20211217,11:23,170.00,170.00,163.10,166.00,1475,73925
20211217,11:24,164.35,168.70,164.15,168.70,275,72200
20211217,11:25,172.55,172.55,169.65,172.50,375,72200
20211217,11:26,173.65,173.65,173.65,173.65,50,72200
20211217,11:27,176.40,176.40,174.00,174.00,125,72100
20211217,11:28,174.00,174.00,174.00,174.00,175,72100
20211217,11:29,172.60,173.20,170.75,170.75,300,72100
20211217,11:30,173.35,177.45,169.85,169.85,450,72075
20211217,11:31,171.70,171.70,166.55,166.95,375,72075
20211217,11:32,167.40,167.40,166.00,166.00,100,72075
20211217,11:33,165.80,166.15,163.55,166.15,300,72075
20211217,11:34,166.35,166.55,165.95,166.15,275,72075
20211217,11:35,164.75,167.60,164.70,167.60,825,71875
20211217,11:36,167.90,168.95,167.90,168.95,125,71875
20211217,11:37,169.25,170.70,169.25,170.70,100,71875
20211217,11:38,166.70,167.95,166.15,166.55,325,71875
20211217,11:39,166.20,166.20,160.00,160.35,825,71875
20211217,11:40,159.50,160.60,155.80,160.60,750,71875
20211217,11:41,160.95,160.95,157.40,159.20,125,71875
20211217,11:42,158.80,162.00,158.80,162.00,325,71825
20211217,11:43,161.75,162.25,160.00,162.25,175,71825
20211217,11:44,161.75,162.70,161.75,162.70,50,71825
20211217,11:45,162.15,162.45,161.25,162.45,225,71700
20211217,11:46,161.40,161.40,158.80,158.80,75,71700
20211217,11:47,156.25,158.10,155.00,155.45,950,71700
20211217,11:48,153.30,153.30,153.20,153.20,125,71325
20211217,11:49,157.65,157.65,157.65,157.65,25,71325
20211217,11:50,159.50,159.50,158.75,158.75,1725,71325
20211217,11:51,159.40,161.25,159.40,161.25,50,72525
20211217,11:52,161.25,161.25,160.00,161.05,100,72525
20211217,11:53,160.35,160.50,160.35,160.50,50,72525
20211217,11:54,160.45,160.45,159.00,159.00,150,72550
20211217,11:55,157.50,157.50,155.00,155.95,150,72550
20211217,11:56,157.30,160.30,157.30,160.30,175,72650
20211217,11:57,161.60,161.60,155.90,160.85,825,72650
20211217,11:58,159.00,159.00,159.00,159.00,125,72650
20211217,11:59,159.45,159.45,159.45,159.45,25,72650
20211217,12:00,155.05,155.05,155.05,155.05,50,73325
20211217,12:01,154.75,154.75,151.95,152.90,200,73325
20211217,12:03,152.95,154.50,152.95,154.50,75,73375
20211217,12:04,153.00,153.00,148.85,148.85,475,73375
20211217,12:05,151.00,151.90,151.00,151.00,100,73375
20211217,12:06,155.00,155.60,153.10,153.10,225,73350
20211217,12:07,155.60,156.05,155.60,156.05,125,73350
20211217,12:08,154.25,154.25,154.25,154.25,25,73350
20211217,12:09,150.50,151.70,145.30,145.30,225,72675
20211217,12:10,145.30,153.50,145.30,153.50,675,72675
20211217,12:11,152.75,157.05,152.75,157.05,175,72675
20211217,12:12,154.90,154.90,152.15,152.15,50,72650
20211217,12:13,150.95,152.55,150.95,152.55,50,72650
20211217,12:14,153.75,154.80,153.10,153.90,175,72650
20211217,12:16,155.00,155.00,150.90,151.65,350,72675
20211217,12:17,152.85,153.65,152.85,153.00,75,72675
20211217,12:18,152.25,153.70,152.25,153.15,100,72775
20211217,12:19,154.30,157.70,154.30,156.50,850,72775
20211217,12:20,157.40,157.80,156.60,156.60,150,72775
20211217,12:21,154.15,156.45,154.15,156.45,75,72075
20211217,12:22,155.45,155.45,154.25,154.95,200,72075
20211217,12:23,153.10,153.10,151.00,152.95,800,72075
20211217,12:24,151.45,154.95,151.45,153.70,1075,72300
20211217,12:25,153.50,154.85,151.60,154.85,100,72300
20211217,12:26,155.00,155.00,155.00,155.00,25,72300
20211217,12:27,155.50,156.45,154.05,156.45,125,72525
20211217,12:28,156.85,156.85,154.05,154.05,75,72525
20211217,12:29,156.05,156.05,154.95,155.05,825,72525
20211217,12:30,157.35,160.00,157.35,160.00,125,73100
20211217,12:31,155.05,158.50,155.05,158.50,75,73100
20211217,12:32,157.90,157.90,157.90,157.90,25,73100
20211217,12:34,154.95,154.95,153.25,154.00,225,73000
20211217,12:35,154.00,154.00,153.45,153.65,425,73000
20211217,12:36,154.00,154.00,154.00,154.00,125,72275
20211217,12:37,157.75,157.75,157.75,157.75,75,72275
20211217,12:38,156.50,156.50,156.50,156.50,25,72275
20211217,12:39,150.00,150.00,146.40,146.80,525,72175
20211217,12:40,147.05,151.35,146.15,151.10,750,72175
20211217,12:41,150.00,150.00,143.80,143.80,575,72175
20211217,12:42,148.40,149.75,148.00,148.80,1300,72200
20211217,12:43,148.60,148.60,147.40,148.55,475,72200
20211217,12:44,148.50,148.50,145.30,145.85,850,72200
20211217,12:45,147.05,147.05,144.20,145.75,575,71875
20211217,12:46,149.65,151.15,149.65,151.15,75,71875
20211217,12:47,152.25,153.00,150.40,150.85,350,71875
20211217,12:48,151.40,151.55,151.40,151.55,50,71875
20211217,12:50,152.65,154.60,152.65,154.60,200,71900
20211217,12:51,155.95,157.75,155.95,157.75,150,71675
20211217,12:52,156.35,159.00,156.35,159.00,425,71675
20211217,12:53,159.75,159.75,158.00,158.15,100,71675
20211217,12:54,159.25,160.50,157.90,157.90,225,71575
20211217,12:55,164.40,164.40,160.95,162.30,275,71575
20211217,12:56,162.85,164.70,162.00,162.00,150,71575
20211217,12:57,160.00,160.00,160.00,160.00,25,71575
20211217,12:59,163.65,163.65,163.65,163.65,25,71250
20211217,13:00,165.00,165.25,162.75,162.75,125,71225
20211217,13:01,159.95,159.95,157.00,157.00,200,71225
20211217,13:02,159.10,159.10,158.70,158.70,75,71225
20211217,13:03,162.20,170.00,162.20,170.00,500,71350
20211217,13:04,167.20,167.20,162.40,163.35,1450,71350
20211217,13:05,163.30,164.15,159.85,159.85,300,71350
20211217,13:06,158.95,163.05,158.95,163.05,225,70625
20211217,13:07,162.95,162.95,159.30,159.30,75,70625
20211217,13:08,159.00,159.00,159.00,159.00,50,70625
20211217,13:09,161.75,161.75,159.05,160.75,150,70525
20211217,13:11,159.45,159.45,159.45,159.45,50,70525
20211217,13:12,161.15,161.15,161.15,161.15,25,70525
20211217,13:15,159.40,162.10,159.40,160.55,75,70375
20211217,13:17,160.95,160.95,160.95,160.95,25,70375
20211217,13:19,163.65,163.65,163.65,163.65,25,70375
20211217,13:20,162.90,162.90,162.90,162.90,50,70375
20211217,13:21,162.30,165.20,162.30,165.20,125,70475
20211217,13:22,163.50,163.50,163.50,163.50,25,70475
20211217,13:23,163.50,163.50,163.50,163.50,25,70475
20211217,13:24,162.25,162.25,162.25,162.25,25,70475
20211217,13:25,160.50,160.50,160.50,160.50,25,70450
20211217,13:26,164.90,164.90,164.90,164.90,200,70450
20211217,13:27,166.95,167.15,166.20,167.05,100,70325
20211217,13:29,165.70,170.65,165.70,170.65,200,70325
20211217,13:30,169.85,169.85,166.20,167.90,250,70375
20211217,13:31,166.65,170.10,166.65,170.10,300,70375
20211217,13:32,170.15,175.75,170.15,172.90,300,70375
20211217,13:33,167.40,167.40,159.90,159.90,100,70525
20211217,13:34,161.90,163.10,161.90,163.10,75,70525
20211217,13:36,163.75,163.75,163.75,163.75,50,70525
20211217,13:37,165.30,165.30,163.80,164.45,300,70525
20211217,13:38,162.80,162.80,162.80,162.80,250,70525
20211217,13:40,163.45,167.45,163.45,167.45,100,70675
20211217,13:41,166.00,166.00,161.90,162.65,425,70675
20211217,13:42,161.55,161.55,158.10,158.10,225,70775
20211217,13:44,159.25,159.60,158.65,159.60,300,70775
20211217,13:45,157.35,157.35,156.05,156.05,300,70825
20211217,13:47,158.05,159.00,157.00,159.00,375,70825
20211217,13:48,165.00,165.20,164.00,164.25,450,71050
20211217,13:49,163.05,163.30,162.45,162.45,125,71050
20211217,13:50,162.55,166.15,162.55,166.15,50,71050
20211217,13:51,166.05,166.05,164.65,164.65,50,71025
20211217,13:52,166.00,167.05,166.00,167.05,75,71025
20211217,13:53,166.00,167.60,166.00,167.60,250,71025
20211217,13:54,169.65,169.65,166.15,166.15,50,70975
20211217,13:55,165.00,170.00,165.00,170.00,75,70975
20211217,13:57,167.25,167.25,167.00,167.00,75,71000
20211217,13:58,166.30,166.30,166.30,166.30,100,71000
20211217,13:59,167.15,171.40,167.15,170.30,375,71000
20211217,14:00,166.05,166.30,166.05,166.30,225,71025
20211217,14:01,166.10,168.35,165.35,168.35,200,71025
20211217,14:02,170.95,170.95,170.95,170.95,175,71025
20211217,14:03,169.75,169.75,169.30,169.30,250,71025
20211217,14:04,168.00,168.00,155.15,155.15,450,71025
20211217,14:05,167.15,167.15,167.15,167.15,50,71025
20211217,14:07,163.75,163.75,163.00,163.00,925,70925
20211217,14:08,156.55,156.55,156.55,156.55,25,70925
20211217,14:09,162.70,162.70,156.05,156.05,50,71550
20211217,14:10,156.95,157.50,156.40,156.40,125,71550
20211217,14:12,158.70,159.00,158.70,159.00,325,71500
20211217,14:14,153.00,156.45,153.00,156.45,75,71500
20211217,14:15,157.05,157.05,150.00,150.05,200,71650
20211217,14:16,151.30,153.15,149.00,149.00,275,71650
20211217,14:17,146.85,146.85,145.80,145.80,200,71650
20211217,14:18,146.15,146.45,142.05,144.65,625,71325
20211217,14:19,144.70,144.95,142.50,143.40,450,71325
20211217,14:20,143.40,143.40,140.70,140.70,225,71325
20211217,14:21,142.10,143.50,141.85,143.50,150,71400
20211217,14:22,143.00,144.45,143.00,144.45,100,71400
20211217,14:23,142.75,142.75,140.80,141.90,350,71400
20211217,14:24,140.00,140.00,140.00,140.00,100,71375
20211217,14:25,138.85,138.85,134.50,136.40,1475,71375
20211217,14:26,135.95,142.75,135.95,139.45,250,71375
20211217,14:27,142.75,142.90,142.75,142.90,50,70725
20211217,14:28,142.20,142.20,141.15,141.15,100,70725
20211217,14:29,142.00,142.00,140.90,140.90,275,70725
20211217,14:30,141.80,144.00,141.80,144.00,100,71050
20211217,14:31,143.00,143.00,141.80,141.95,125,71050
20211217,14:32,141.95,141.95,138.95,141.00,475,71050
20211217,14:33,138.55,139.25,137.45,139.00,275,71300
20211217,14:34,138.40,138.40,137.20,137.20,125,71300
20211217,14:35,137.50,138.90,137.00,138.50,450,71300
20211217,14:36,140.00,140.00,140.00,140.00,125,71325
20211217,14:37,140.50,140.50,138.50,138.70,600,71325
20211217,14:38,137.25,137.25,133.00,134.45,2425,71325
20211217,14:39,135.00,135.00,132.00,133.05,1050,70600
20211217,14:40,132.50,133.75,131.00,132.85,1400,70600
20211217,14:41,132.00,132.00,130.00,130.80,1175,70600
20211217,14:42,132.05,132.05,129.00,129.90,1900,70175
20211217,14:43,129.05,130.15,129.05,129.40,175,70175
20211217,14:44,129.45,131.05,128.00,128.00,175,70175
20211217,14:45,126.30,128.10,124.50,126.00,725,70200
20211217,14:46,125.40,126.40,125.25,125.25,375,70200
20211217,14:47,125.75,126.40,124.65,126.40,1025,70200
20211217,14:48,126.20,127.60,125.20,126.80,675,70500
20211217,14:49,127.00,127.55,126.45,127.35,275,70500
20211217,14:50,127.75,128.10,127.40,127.40,125,70500
20211217,14:51,127.85,129.00,127.85,128.55,650,70250
20211217,14:52,127.75,127.75,127.40,127.40,50,70250
20211217,14:53,125.30,125.30,123.45,123.45,125,70250
20211217,14:54,122.95,124.45,122.95,123.35,400,70250
20211217,14:55,124.85,126.45,123.40,124.20,225,70125
20211217,14:56,126.05,126.45,124.70,125.25,375,70125
20211217,14:57,124.75,124.75,124.00,124.60,925,70650
20211217,14:58,127.00,127.00,125.60,125.60,250,70650
20211217,14:59,126.95,128.70,126.40,127.70,700,70650
20211217,15:00,127.50,133.25,127.50,131.25,1125,70800
20211217,15:01,130.30,130.30,127.95,127.95,500,70800
20211217,15:02,125.90,125.90,123.45,125.70,200,70800
20211217,15:03,124.20,125.70,124.20,124.60,750,71025
20211217,15:04,122.95,127.85,122.95,127.85,1200,71025
20211217,15:05,127.15,127.65,124.00,124.00,475,71025
20211217,15:06,125.45,126.75,124.50,126.75,300,70275
20211217,15:07,124.45,126.65,124.45,126.00,325,70275
20211217,15:08,125.70,126.20,124.00,124.00,1750,70275
20211217,15:09,126.15,126.30,124.35,124.85,225,70275
20211217,15:10,127.60,128.15,127.50,127.50,1450,71150
20211217,15:11,128.75,128.75,126.80,128.00,150,71150
20211217,15:12,127.90,129.35,127.25,127.25,175,71150
20211217,15:13,128.85,129.00,128.85,129.00,50,71125
20211217,15:14,129.00,129.00,128.10,128.10,500,71125
20211217,15:15,128.80,128.80,127.95,127.95,500,70600
20211217,15:16,128.20,128.20,125.80,126.10,825,70600
20211217,15:17,125.90,126.70,124.60,125.75,625,70600
20211217,15:18,125.00,126.00,125.00,125.85,1600,70450
20211217,15:19,125.20,125.20,124.35,124.35,750,70450
20211217,15:20,126.50,133.15,126.50,133.15,625,70450
20211217,15:21,132.40,132.45,130.90,132.15,350,70450
20211217,15:22,132.05,132.10,131.15,131.50,150,70450
20211217,15:23,132.85,133.05,132.85,133.05,100,70450
20211217,15:24,134.00,134.90,133.05,133.05,275,70400
20211217,15:25,133.95,133.95,124.00,124.00,500,70400
20211217,15:26,125.10,128.25,125.10,128.25,450,70400
20211217,15:27,129.00,132.95,128.65,131.45,825,70000
20211217,15:28,131.95,132.00,131.20,131.20,450,70000
20211217,15:29,129.45,130.00,128.00,130.00,625,70000
20211220,09:15,66.60,74.30,48.60,64.80,3052,70325
20211220,09:16,62.95,63.00,59.00,60.95,4225,70325
20211220,09:17,61.55,62.95,60.35,62.15,2900,69300
20211220,09:18,60.15,60.80,59.00,59.55,1250,69300
20211220,09:19,58.10,60.05,58.10,59.95,1450,69300
20211220,09:20,58.90,62.15,58.90,59.90,1650,69650
20211220,09:21,60.25,61.65,57.95,59.15,1750,69650
20211220,09:22,58.60,59.00,58.00,58.00,925,69650
20211220,09:23,58.00,58.90,55.85,58.35,2750,70750
20211220,09:24,59.15,61.55,57.80,61.55,2025,70750
20211220,09:25,62.60,63.25,60.75,63.15,2325,70750
20211220,09:26,63.00,63.95,62.50,63.70,1175,70825
20211220,09:27,63.75,65.90,63.75,65.60,2100,70825
20211220,09:28,67.05,67.10,64.55,64.90,650,70825
20211220,09:29,64.85,65.55,59.75,61.85,1850,70275
20211220,09:30,62.00,64.45,61.60,64.45,900,70275
20211220,09:31,64.70,68.35,63.90,68.35,1725,70275
20211220,09:32,68.25,73.60,68.25,73.60,575,70175
20211220,09:33,74.10,76.05,74.00,76.05,625,70175
20211220,09:34,76.50,77.00,72.00,72.50,1050,70175
20211220,09:35,72.75,72.75,68.85,69.05,450,70075
20211220,09:36,70.30,71.45,69.30,69.30,725,70075
20211220,09:37,69.30,69.40,68.35,68.60,300,70075
20211220,09:38,68.20,68.60,64.55,64.65,1175,70125
20211220,09:39,64.85,64.85,63.00,63.75,1125,70125
20211220,09:40,62.95,64.70,62.55,63.55,1000,70125
20211220,09:41,64.35,66.80,64.35,66.80,1375,70625
20211220,09:42,66.20,66.20,63.55,63.55,500,70625
20211220,09:43,62.80,63.50,62.40,63.25,1550,70625
20211220,09:44,63.55,66.10,63.35,65.75,850,69675
20211220,09:45,64.80,65.15,64.00,64.00,475,69675
20211220,09:46,63.90,65.75,63.05,65.75,800,69675
20211220,09:47,65.75,66.65,65.20,66.65,400,70100
20211220,09:48,66.25,66.25,64.95,65.10,925,70100
20211220,09:49,63.80,64.15,63.55,63.60,600,70100
20211220,09:50,63.30,63.40,62.35,62.35,400,70200
20211220,09:51,61.75,64.40,61.10,64.40,4500,70200
20211220,09:52,64.10,65.00,64.10,64.80,500,70200
20211220,09:53,64.75,65.40,64.50,64.50,250,70275
20211220,09:54,64.85,64.85,64.45,64.80,375,70275
20211220,09:55,64.90,64.95,63.75,64.60,400,70275
20211220,09:56,63.50,63.50,63.50,63.50,25,70525
20211220,09:57,63.30,64.10,63.30,64.10,300,70525
20211220,09:58,62.35,63.15,62.35,63.15,375,70525
20211220,09:59,63.95,63.95,63.00,63.00,450,69775
20211220,10:00,61.35,62.40,61.35,62.40,150,69775
20211220,10:01,61.45,61.45,59.15,59.15,1725,69775
20211220,10:02,59.00,60.70,59.00,60.70,325,69775
20211220,10:03,60.90,60.90,59.45,59.45,50,69475
20211220,10:04,59.70,60.75,59.70,60.75,175,69475
20211220,10:05,60.15,61.50,60.15,61.35,675,69300
20211220,10:06,60.30,60.30,60.05,60.05,975,69300
20211220,10:07,60.80,61.10,60.55,60.95,225,69300
20211220,10:08,60.80,61.75,59.75,59.75,1700,70200
20211220,10:09,60.05,60.05,58.85,58.90,2225,70200
20211220,10:10,59.00,59.20,57.90,58.45,725,70200
20211220,10:11,57.90,57.90,56.90,56.90,875,70675
20211220,10:12,56.65,56.90,55.45,55.90,1725,70675
20211220,10:13,55.00,56.45,54.65,56.15,1375,70675
20211220,10:14,56.15,57.20,55.65,56.40,5175,69300
20211220,10:15,56.75,57.70,56.00,57.70,650,69300
20211220,10:16,58.75,60.10,58.65,59.75,825,69300
20211220,10:17,59.10,59.10,59.10,59.10,25,69300
20211220,10:18,58.70,58.80,58.20,58.20,375,67575
20211220,10:19,58.20,58.65,58.20,58.65,175,67575
20211220,10:20,58.05,58.05,57.75,58.00,175,67200
20211220,10:21,58.60,58.90,58.05,58.90,300,67200
20211220,10:22,59.00,59.70,59.00,59.65,125,67200
20211220,10:23,60.20,60.20,58.75,59.00,475,68175
20211220,10:24,58.35,59.15,58.35,58.75,1225,68175
20211220,10:25,58.90,60.45,58.90,60.45,200,68175
20211220,10:26,60.30,60.35,59.60,59.60,200,67925
20211220,10:27,60.55,60.85,60.10,60.45,200,67925
20211220,10:28,60.45,60.45,59.85,60.30,275,67925
20211220,10:29,60.90,60.90,60.35,60.75,600,66200
20211220,10:30,60.50,62.40,60.10,62.40,200,66200
20211220,10:31,62.25,62.40,61.05,61.35,350,66200
20211220,10:32,62.35,62.90,61.40,61.40,1675,66175
20211220,10:33,61.25,61.25,60.70,60.70,125,66175
20211220,10:34,59.65,59.65,59.65,59.65,250,66175
20211220,10:35,60.65,61.65,60.55,61.30,100,66175
20211220,10:36,60.75,61.90,60.45,61.90,3525,66400
20211220,10:37,61.80,63.70,61.80,63.35,350,66400
20211220,10:38,63.50,63.50,63.50,63.50,25,66400
20211220,10:39,61.15,61.15,60.90,60.90,100,65700
20211220,10:40,60.40,60.40,59.80,60.10,375,65700
20211220,10:41,59.30,59.65,59.30,59.65,150,65550
20211220,10:42,58.90,58.90,57.35,57.85,425,65550
20211220,10:43,57.70,58.25,57.70,58.25,400,65550
20211220,10:44,57.25,57.25,56.60,57.00,150,65550
20211220,10:45,57.20,57.20,56.00,56.00,125,65250
20211220,10:46,56.00,56.40,55.70,55.85,775,65250
20211220,10:47,56.35,56.35,55.85,56.20,125,65550
20211220,10:48,54.85,54.95,53.65,53.70,1550,65550
20211220,10:49,53.65,53.80,53.10,53.60,900,65550
20211220,10:50,53.55,53.55,52.70,53.35,425,64125
20211220,10:51,52.95,53.05,52.95,53.00,150,64125
20211220,10:52,53.05,53.05,50.70,51.45,675,64125
20211220,10:53,51.40,51.60,51.10,51.10,600,64125
20211220,10:54,50.40,50.55,49.60,49.60,100,64075
20211220,10:55,49.85,49.90,49.25,49.25,875,64075
20211220,10:56,49.25,49.50,49.25,49.50,75,64000
20211220,10:57,49.90,49.90,49.80,49.85,175,64000
20211220,10:58,50.15,50.15,49.75,49.95,225,64000
20211220,10:59,49.90,49.90,49.60,49.60,875,64000
20211220,11:00,49.50,50.15,49.50,49.65,525,63300
20211220,11:01,49.40,49.65,49.00,49.65,750,63300
20211220,11:02,49.65,50.00,49.65,50.00,100,63300
20211220,11:03,50.40,50.45,50.40,50.45,75,63200
20211220,11:04,50.45,50.45,50.40,50.40,50,63200
20211220,11:05,50.70,50.95,50.40,50.95,100,63200
20211220,11:06,51.50,51.50,50.55,50.55,175,63300
20211220,11:07,50.00,50.65,50.00,50.65,450,63300
20211220,11:08,50.60,51.00,49.90,50.10,525,63000
20211220,11:09,50.50,50.50,49.50,49.50,75,63000
20211220,11:10,49.40,50.95,48.65,50.95,500,63000
20211220,11:11,51.00,51.00,50.90,51.00,150,62975
20211220,11:13,51.00,51.00,50.70,50.70,125,62975
20211220,11:14,50.30,51.20,50.30,50.70,125,62950
20211220,11:15,50.80,50.80,50.80,50.80,50,62950
20211220,11:16,50.30,50.30,50.10,50.10,100,62950
20211220,11:17,50.55,51.05,50.55,51.05,1975,62950
20211220,11:18,51.30,52.50,51.30,52.40,550,62450
20211220,11:19,52.20,52.20,52.20,52.20,50,62450
20211220,11:20,51.00,51.00,51.00,51.00,25,62450
20211220,11:21,49.35,49.35,49.35,49.35,75,62675
20211220,11:24,49.90,50.65,49.90,50.65,275,62600
20211220,11:25,51.00,51.00,51.00,51.00,25,62600
20211220,11:26,50.40,50.40,50.40,50.40,100,62600
20211220,11:27,50.10,50.10,49.55,49.55,50,62500
20211220,11:28,50.00,50.05,49.70,50.05,450,62500
20211220,11:29,50.50,50.50,50.30,50.30,50,62500
20211220,11:30,50.60,50.60,49.70,49.70,100,62700
20211220,11:31,49.40,49.40,49.40,49.40,50,62700
20211220,11:32,50.20,50.20,49.50,49.50,50,62700
20211220,11:33,48.60,49.00,47.85,49.00,450,62800
20211220,11:34,49.55,49.95,49.40,49.60,450,62800
20211220,11:35,49.70,50.20,49.65,49.65,200,62800
20211220,11:36,50.65,50.65,50.65,50.65,50,62725
20211220,11:38,49.05,49.05,49.05,49.05,25,62725
20211220,11:40,49.80,49.80,49.80,49.80,50,62625
20211220,11:41,50.05,50.05,49.70,49.70,50,62625
20211220,11:44,49.75,50.30,49.75,50.30,425,62600
20211220,11:45,49.70,49.95,49.70,49.95,75,62600
20211220,11:46,49.45,49.45,49.20,49.20,150,62600
20211220,11:47,49.10,49.10,49.10,49.10,125,62600
20211220,11:48,48.90,49.25,48.90,49.25,200,62850
20211220,11:49,49.50,49.50,49.50,49.50,25,62850
20211220,11:50,48.40,48.65,48.40,48.65,500,62850
20211220,11:51,48.35,48.35,48.00,48.00,400,63125
20211220,11:52,48.20,49.15,48.20,49.05,275,63125
20211220,11:54,48.45,48.45,48.40,48.40,150,63075
20211220,11:55,49.10,50.55,48.90,49.60,1500,63075
20211220,11:56,49.80,52.20,49.80,51.20,4575,63075
20211220,11:57,50.05,50.55,50.05,50.45,550,62400
20211220,11:59,50.20,50.45,48.85,48.85,150,62400
20211220,12:00,48.65,50.15,48.60,49.75,250,62800
20211220,12:01,48.65,50.40,48.65,50.15,775,62800
20211220,12:02,49.55,49.55,48.85,48.85,375,62800
20211220,12:03,48.65,49.00,48.30,49.00,275,62975
20211220,12:04,48.95,49.35,48.35,48.55,400,62975
20211220,12:05,49.25,49.25,48.95,48.95,50,62975
20211220,12:06,49.05,49.60,48.85,48.85,400,62750
20211220,12:07,48.85,49.05,48.65,48.85,275,62750
20211220,12:08,48.80,48.80,48.25,48.25,1425,62750
20211220,12:09,47.90,47.90,47.15,47.35,575,63700
20211220,12:10,48.15,48.15,47.60,47.60,500,63700
20211220,12:11,47.85,48.45,47.65,48.45,350,63700
20211220,12:12,48.85,48.85,48.55,48.65,150,63425
20211220,12:13,48.75,49.50,48.75,49.30,100,63425
20211220,12:14,48.80,48.80,48.00,48.00,300,63425
20211220,12:15,48.10,48.20,48.10,48.20,100,63600
20211220,12:16,48.50,48.60,47.10,47.10,400,63600
20211220,12:17,47.10,47.30,46.45,47.30,450,63600
20211220,12:18,47.20,48.35,47.20,48.35,175,63325
20211220,12:19,47.95,48.45,47.95,48.45,250,63325
20211220,12:20,48.00,48.40,47.20,48.40,100,63325
20211220,12:21,48.10,48.10,48.10,48.10,25,63350
20211220,12:22,47.85,48.20,47.65,48.20,100,63350
20211220,12:23,48.05,48.55,48.05,48.55,50,63350
20211220,12:24,48.25,48.25,47.65,47.65,100,63100
20211220,12:25,47.50,47.75,46.90,47.60,375,63100
20211220,12:26,46.90,47.25,46.90,47.15,1100,63100
20211220,12:27,47.60,47.60,47.25,47.25,650,63100
20211220,12:28,47.40,47.90,47.40,47.90,100,64000
20211220,12:29,47.65,47.65,47.65,47.65,275,64000
20211220,12:30,47.40,48.05,47.05,48.05,525,64175
20211220,12:31,47.95,48.15,47.85,47.85,150,64175
20211220,12:32,47.55,47.55,47.55,47.55,50,64175
20211220,12:33,47.80,48.15,47.80,48.15,50,64100
20211220,12:34,47.55,47.60,47.55,47.60,225,64100
20211220,12:35,47.60,47.65,47.50,47.50,450,64100
20211220,12:36,48.05,48.05,48.05,48.05,50,64100
20211220,12:37,48.45,48.45,48.00,48.00,350,64050
20211220,12:38,47.70,47.70,47.70,47.70,100,64050
20211220,12:39,48.20,48.20,48.20,48.20,25,64225
20211220,12:40,48.50,49.15,48.40,48.40,500,64225
20211220,12:41,48.60,48.60,48.60,48.60,50,64225
20211220,12:43,49.25,49.25,48.75,49.00,75,64050
20211220,12:45,49.00,49.65,49.00,49.65,75,64150
20211220,12:46,49.25,49.25,49.25,49.25,50,64150
20211220,12:47,49.20,49.20,48.75,48.75,225,64150
20211220,12:48,48.70,48.70,48.70,48.70,50,64150
20211220,12:49,47.50,48.10,47.50,48.10,50,64225
20211220,12:50,47.10,47.40,47.10,47.40,150,64225
20211220,12:51,47.15,47.75,47.15,47.65,200,64175
20211220,12:52,47.00,47.85,47.00,47.85,100,64175
20211220,12:53,48.00,48.45,48.00,48.45,200,64175
20211220,12:54,47.95,48.05,47.95,48.05,150,64025
20211220,12:55,49.35,49.35,49.20,49.20,625,64025
20211220,12:56,49.20,49.20,48.05,48.05,425,64025
20211220,12:57,48.25,48.25,48.25,48.25,125,64025
20211220,12:58,49.50,50.30,49.50,50.30,75,64850
20211220,12:59,49.35,50.00,49.35,50.00,175,64850
20211220,13:00,50.95,51.10,50.60,50.60,525,64925
20211220,13:01,50.10,50.10,50.10,50.10,25,64925
20211220,13:02,49.65,50.00,49.65,49.80,75,64925
20211220,13:04,49.05,49.10,48.15,48.15,300,65150
20211220,13:05,48.05,48.65,48.05,48.65,300,65150
20211220,13:06,47.95,48.55,47.95,48.50,75,65475
20211220,13:07,48.50,48.55,48.50,48.55,150,65475
20211220,13:09,49.00,49.00,47.60,47.60,100,65725
20211220,13:10,47.90,48.35,47.90,48.35,75,65725
20211220,13:12,47.40,47.40,47.40,47.40,25,65750
20211220,13:13,48.10,48.10,48.10,48.10,400,65750
20211220,13:14,48.35,48.35,48.10,48.15,500,65750
20211220,13:15,48.00,48.00,47.85,47.85,100,65400
20211220,13:16,47.90,47.90,47.60,47.60,375,65400
20211220,13:17,47.75,48.00,47.75,47.95,550,65400
20211220,13:18,47.70,48.20,47.70,48.20,425,65400
20211220,13:19,48.05,48.50,48.05,48.50,150,65400
20211220,13:20,47.80,47.80,47.80,47.80,50,65400
20211220,13:21,47.45,48.25,47.45,48.25,225,65200
20211220,13:22,48.70,48.75,48.60,48.60,75,65200
20211220,13:24,48.70,48.70,48.70,48.70,50,65225
20211220,13:25,48.90,48.90,48.90,48.90,50,65225
20211220,13:26,49.05,49.05,48.00,48.00,250,65225
20211220,13:27,48.05,48.05,47.55,47.55,350,65500
20211220,13:28,47.75,48.25,47.75,48.25,175,65500
20211220,13:29,48.40,48.75,48.40,48.65,200,65500
20211220,13:30,48.90,49.50,48.90,49.50,125,65200
20211220,13:31,48.65,49.20,48.65,49.10,400,65200
20211220,13:33,48.75,48.75,48.75,48.75,50,65200
20211220,13:36,49.00,49.75,49.00,49.75,50,65500
20211220,13:37,49.90,50.25,49.70,50.25,150,65500
20211220,13:38,49.50,49.50,48.80,48.80,550,65500
20211220,13:39,48.70,48.70,48.70,48.70,125,65150
20211220,13:40,47.50,47.90,47.50,47.90,200,65150
20211220,13:44,48.45,48.45,47.55,47.55,175,65100
20211220,13:46,49.10,49.65,49.10,49.65,50,64775
20211220,13:47,50.10,50.25,49.90,49.90,100,64775
20211220,13:48,50.55,50.80,50.55,50.80,75,64650
20211220,13:49,49.90,49.90,49.75,49.85,150,64650
20211220,13:50,50.60,50.75,50.30,50.30,175,64650
20211220,13:52,50.25,50.25,49.00,49.00,300,64750
20211220,13:53,49.45,49.45,48.90,48.90,75,64750
20211220,13:54,49.15,49.15,49.05,49.05,50,64750
20211220,13:55,49.55,51.55,49.55,51.55,75,64625
20211220,13:56,50.75,50.75,50.75,50.75,25,64625
20211220,13:57,50.40,50.40,50.00,50.00,225,64625
20211220,13:58,50.00,50.00,50.00,50.00,50,64700
20211220,14:00,50.80,50.80,50.80,50.80,50,64525
20211220,14:01,50.80,50.80,49.75,49.75,50,64525
20211220,14:02,49.10,49.60,49.10,49.60,50,64525
20211220,14:03,50.40,50.40,49.20,49.20,75,64550
20211220,14:04,49.10,49.10,49.10,49.10,25,64550
20211220,14:05,49.25,49.25,48.00,48.00,150,64550
20211220,14:06,47.95,48.25,47.95,48.20,125,64625
20211220,14:07,47.45,47.65,47.20,47.65,300,64625
20211220,14:08,47.45,47.55,46.80,47.30,450,64625
20211220,14:09,47.80,48.70,47.80,48.50,450,64625
20211220,14:10,49.40,49.40,48.60,48.60,125,64825
20211220,14:11,48.85,49.30,48.10,48.10,575,64825
20211220,14:12,46.70,47.50,46.70,47.50,75,65125
20211220,14:13,47.60,48.10,47.60,48.00,350,65125
20211220,14:14,48.25,49.30,48.25,49.30,975,65125
20211220,14:15,50.05,50.35,50.05,50.35,850,65125
20211220,14:16,50.40,51.05,49.75,49.75,875,65175
20211220,14:17,49.75,49.75,49.45,49.45,150,65175
20211220,14:18,50.10,50.55,50.10,50.55,500,65575
20211220,14:19,50.45,50.45,49.95,50.05,125,65575
20211220,14:20,50.45,50.45,49.75,49.75,100,65575
20211220,14:21,50.65,51.55,50.65,51.05,100,65250
20211220,14:22,51.45,52.05,51.45,52.05,175,65250
20211220,14:23,49.90,49.90,49.90,49.90,75,65250
20211220,14:24,50.75,51.10,50.75,51.10,75,65250
20211220,14:26,51.35,51.35,49.35,49.35,150,65200
20211220,14:27,50.05,50.05,50.05,50.05,25,65200
20211220,14:28,48.50,50.00,48.50,50.00,125,65200
20211220,14:30,51.05,51.05,50.80,50.80,75,65275
20211220,14:31,51.25,51.65,51.15,51.40,250,65275
20211220,14:32,49.85,49.85,49.85,49.85,75,65275
20211220,14:33,49.90,49.90,49.05,49.65,550,65075
20211220,14:34,51.00,51.00,51.00,51.00,275,65075
20211220,14:35,51.05,51.05,49.25,49.25,125,65075
20211220,14:36,49.10,49.40,49.10,49.40,175,65300
20211220,14:37,48.25,48.25,48.15,48.15,50,65300
20211220,14:38,48.20,48.20,47.15,47.15,150,65300
20211220,14:39,47.75,48.25,46.65,46.65,1025,65225
20211220,14:40,48.00,48.00,46.15,47.00,1225,65225
20211220,14:41,47.10,48.25,47.05,48.25,750,65225
20211220,14:42,48.10,48.60,47.80,48.50,750,65625
20211220,14:43,48.65,48.65,47.90,47.90,525,65625
20211220,14:44,47.20,47.20,46.50,46.85,125,65625
20211220,14:45,46.85,46.85,46.60,46.60,50,65625
20211220,14:46,46.50,47.60,46.50,47.60,200,65925
20211220,14:47,47.60,49.45,47.40,49.45,275,65925
20211220,14:48,50.20,50.20,50.05,50.05,375,65925
20211220,14:49,49.90,49.90,49.10,49.10,75,66100
20211220,14:50,48.00,48.35,47.65,48.35,150,66100
20211220,14:51,48.30,48.30,48.30,48.30,25,66100
20211220,14:54,48.00,48.00,47.95,47.95,75,65000
20211220,14:55,47.80,48.10,47.80,48.10,100,65000
20211220,14:56,46.90,47.80,46.90,47.80,50,65000
20211220,14:58,47.15,47.55,46.95,47.55,200,65050
20211220,14:59,48.40,48.40,47.10,47.10,50,65050
20211220,15:00,47.05,50.50,47.05,49.60,325,65025
20211220,15:01,50.30,50.30,50.30,50.30,50,65025
20211220,15:02,48.25,48.70,48.25,48.45,75,65025
20211220,15:03,48.50,48.65,48.50,48.65,75,64975
20211220,15:04,48.40,49.00,48.15,48.65,325,64975
20211220,15:05,48.65,48.65,47.45,47.45,275,64975
20211220,15:06,47.95,48.65,47.35,47.35,350,64975
20211220,15:07,48.00,48.00,47.80,47.80,50,64900
20211220,15:08,48.00,48.00,45.55,45.55,450,64900
20211220,15:09,45.50,46.45,44.55,45.90,525,64900
20211220,15:10,45.95,46.45,45.75,45.75,850,64750
20211220,15:11,45.90,46.15,45.15,46.15,575,64750
20211220,15:12,45.90,45.90,45.65,45.65,225,64750
20211220,15:13,45.50,45.50,45.25,45.25,200,65575
20211220,15:14,45.80,46.10,45.70,46.10,175,65575
20211220,15:15,46.70,47.35,46.65,47.35,250,65575
20211220,15:16,47.10,47.40,47.10,47.40,775,65375
20211220,15:17,47.00,47.00,46.65,46.65,150,65375
20211220,15:18,46.75,46.75,46.50,46.50,50,65375
20211220,15:19,47.15,47.25,47.15,47.25,525,65325
20211220,15:20,47.95,47.95,47.90,47.95,100,65325
20211220,15:21,47.85,48.15,46.80,47.25,2325,65325
20211220,15:22,46.65,47.65,46.50,46.50,300,65700
20211220,15:23,46.85,46.85,45.50,45.60,450,65700
20211220,15:24,45.60,46.15,45.60,45.70,125,65700
20211220,15:25,45.00,45.00,43.70,43.70,400,65125
20211220,15:26,43.70,43.70,43.05,43.05,600,65125
20211220,15:27,43.40,43.40,43.00,43.00,650,65125
20211220,15:28,43.00,43.50,42.45,42.60,925,64975
20211220,15:29,42.20,42.20,42.10,42.10,150,64975
20211221,09:16,47.50,55.55,47.10,55.55,2477,63925
20211221,09:17,55.70,59.55,55.70,58.20,2375,64950
20211221,09:18,58.75,62.05,58.75,61.60,2925,64950
20211221,09:19,61.40,61.60,59.20,59.20,3150,64950
20211221,09:20,58.85,59.20,56.25,56.25,1850,68325
20211221,09:21,56.25,56.25,53.00,53.00,675,68325
20211221,09:22,52.70,52.70,51.60,51.60,2300,68325
20211221,09:23,51.80,53.30,51.75,53.00,1650,68675
20211221,09:24,53.80,55.80,53.80,55.80,325,68675
20211221,09:25,56.15,57.75,56.15,57.65,825,68675
20211221,09:26,58.10,58.10,55.00,55.00,1675,68475
20211221,09:27,55.65,55.65,54.45,54.50,950,68475
20211221,09:28,54.60,55.55,52.00,52.00,875,68475
20211221,09:29,52.10,52.10,48.50,49.35,1925,68400
20211221,09:30,49.45,50.85,48.00,48.25,1750,68400
20211221,09:31,48.00,48.55,45.90,46.30,1475,68400
20211221,09:32,45.95,46.70,45.45,46.20,650,67975
20211221,09:33,46.00,46.00,43.65,45.00,1450,67975
20211221,09:34,45.00,46.30,45.00,46.30,1300,67975
20211221,09:35,45.40,46.65,45.40,46.60,600,66850
20211221,09:36,46.90,47.25,46.15,46.80,400,66850
20211221,09:37,47.00,47.00,46.50,46.50,75,66850
20211221,09:38,45.80,45.80,45.40,45.40,175,66625
20211221,09:39,45.00,45.00,43.65,44.40,875,66625
20211221,09:40,44.50,44.70,44.30,44.60,2025,66625
20211221,09:41,43.70,44.25,43.70,43.70,350,67825
20211221,09:42,44.10,45.00,44.10,44.35,575,67825
20211221,09:43,45.00,46.75,45.00,46.70,2025,67825
20211221,09:44,46.25,47.35,45.65,47.30,550,66750
20211221,09:45,46.75,47.50,46.35,47.35,500,66750
20211221,09:46,47.20,48.30,47.20,47.20,850,66750
20211221,09:47,47.05,47.05,46.10,46.10,400,66250
20211221,09:48,46.10,46.10,45.25,45.35,125,66250
20211221,09:49,46.80,47.25,46.70,47.25,275,66250
20211221,09:50,47.50,47.75,46.75,47.75,500,66125
20211221,09:51,48.15,48.55,48.15,48.55,150,66125
20211221,09:52,47.90,47.90,47.80,47.80,200,66125
20211221,09:53,47.70,47.70,46.70,47.05,400,67075
20211221,09:54,46.40,46.70,46.35,46.35,200,67075
20211221,09:55,46.55,46.70,46.35,46.70,250,67075
20211221,09:56,47.10,47.30,46.15,47.30,575,66575
20211221,09:57,47.05,47.05,46.75,47.00,500,66575
20211221,09:58,47.30,47.80,46.85,47.60,650,66575
20211221,09:59,46.80,46.80,46.80,46.80,25,65775
20211221,10:00,46.60,46.60,46.00,46.00,75,65775
20211221,10:01,45.60,45.60,44.70,44.70,325,65775
20211221,10:02,45.60,45.90,45.50,45.65,225,65650
20211221,10:03,46.25,46.25,45.70,45.70,75,65650
20211221,10:04,45.80,46.10,45.80,46.10,125,65650
20211221,10:05,45.45,45.60,45.10,45.10,150,65575
20211221,10:06,45.25,45.25,45.25,45.25,25,65575
20211221,10:07,44.45,44.45,44.45,44.45,50,65575
20211221,10:08,44.70,44.70,44.45,44.45,225,65625
20211221,10:09,44.40,44.40,43.25,44.30,225,65625
20211221,10:10,43.80,44.30,43.70,43.75,1750,65625
20211221,10:11,43.85,44.50,43.85,44.05,100,66075
20211221,10:12,43.85,43.85,43.85,43.85,25,66075
20211221,10:13,44.35,44.35,44.15,44.15,50,66075
20211221,10:14,44.15,44.15,42.85,42.85,325,66075
20211221,10:15,41.80,41.80,41.80,41.80,300,66075
20211221,10:16,42.55,43.10,42.55,43.10,150,66075
20211221,10:17,43.80,44.15,43.45,43.90,450,65675
20211221,10:18,43.80,44.60,43.80,43.90,250,65675
20211221,10:19,44.00,44.80,44.00,44.80,100,65675
20211221,10:20,45.00,45.00,44.25,44.25,1000,65650
20211221,10:21,44.40,45.00,44.15,45.00,725,65650
20211221,10:22,44.95,45.50,44.80,45.30,4250,65650
20211221,10:23,44.85,44.90,44.85,44.90,50,65650
20211221,10:24,45.25,45.55,45.25,45.55,75,63375
20211221,10:25,45.75,45.85,45.60,45.60,100,63375
20211221,10:26,45.65,45.70,45.30,45.30,125,63375
20211221,10:27,44.40,44.40,44.30,44.30,50,63225
20211221,10:28,44.20,45.55,44.20,45.55,350,63225
20211221,10:29,45.60,46.00,45.60,46.00,1675,62600
20211221,10:30,46.00,46.85,45.50,46.65,4700,62600
20211221,10:31,47.05,47.05,46.60,46.60,325,62600
20211221,10:32,46.55,46.95,46.55,46.95,300,58400
20211221,10:33,44.95,44.95,44.95,44.95,25,58400
20211221,10:34,45.40,45.60,45.35,45.35,125,58400
20211221,10:35,45.40,45.40,44.60,44.60,425,58475
20211221,10:36,44.25,45.25,43.90,45.25,400,58475
20211221,10:37,45.40,46.65,45.40,46.40,350,58475
20211221,10:38,46.95,46.95,46.35,46.35,325,58600
20211221,10:39,45.95,47.25,45.95,47.10,500,58600
20211221,10:40,46.50,46.50,46.20,46.20,150,58600
20211221,10:41,46.20,46.20,44.20,44.25,375,58600
20211221,10:42,44.85,44.85,44.85,44.85,25,57725
20211221,10:43,45.00,45.55,45.00,45.55,75,57725
20211221,10:44,46.60,46.60,46.30,46.30,125,57725
20211221,10:45,46.35,46.35,46.15,46.15,100,57750
20211221,10:46,45.75,45.75,45.55,45.55,100,57750
20211221,10:47,44.85,45.15,44.75,45.15,100,57750
20211221,10:48,44.90,44.90,44.85,44.85,75,57775
20211221,10:49,45.00,45.00,44.15,44.15,125,57775
20211221,10:50,44.75,44.90,44.45,44.65,550,57500
20211221,10:51,44.35,44.75,44.35,44.75,150,57500
20211221,10:52,45.00,45.00,45.00,45.00,25,57500
20211221,10:53,45.25,45.25,45.25,45.25,25,57600
20211221,10:54,45.55,45.55,45.55,45.55,50,57600
20211221,10:55,45.65,45.65,45.25,45.35,200,57600
20211221,10:56,45.60,45.60,45.55,45.55,375,57600
20211221,10:57,45.60,46.20,45.35,45.50,275,57300
20211221,10:58,45.55,45.55,45.55,45.55,25,57300
20211221,10:59,46.30,46.75,46.10,46.35,375,57375
20211221,11:00,46.35,47.85,46.35,47.85,300,57375
20211221,11:01,48.25,48.35,47.95,47.95,475,57375
20211221,11:02,48.10,48.10,47.35,47.60,425,56325
20211221,11:03,48.00,48.30,48.00,48.30,350,56325
20211221,11:04,47.80,47.80,46.45,46.45,200,56325
20211221,11:05,46.65,46.85,45.55,45.55,425,56275
20211221,11:06,45.55,45.55,44.80,44.80,175,56275
20211221,11:07,44.80,45.10,44.25,44.25,300,56275
20211221,11:08,43.65,43.65,43.35,43.35,125,56275
20211221,11:09,46.00,46.35,45.95,46.35,325,56275
20211221,11:10,46.25,46.30,45.70,45.70,1225,56275
20211221,11:11,44.95,44.95,44.55,44.55,100,56275
20211221,11:12,45.15,45.15,44.80,44.90,200,55775
20211221,11:13,44.65,44.80,44.65,44.65,75,55775
20211221,11:14,44.65,44.65,44.30,44.30,50,55775
20211221,11:15,44.45,44.65,44.15,44.15,125,55850
20211221,11:16,43.95,43.95,43.00,43.15,175,55850
20211221,11:17,42.85,42.85,42.15,42.35,175,55850
20211221,11:18,41.95,43.55,41.95,43.55,175,56000
20211221,11:19,43.00,43.00,43.00,43.00,25,56000
20211221,11:20,43.05,43.20,42.60,42.60,200,56000
20211221,11:21,42.95,42.95,42.60,42.60,100,55975
20211221,11:22,43.95,43.95,43.05,43.05,125,55975
20211221,11:23,43.00,43.15,42.60,43.15,150,55975
20211221,11:24,43.05,43.05,43.00,43.00,50,55650
20211221,11:26,44.00,44.00,43.35,43.65,375,55650
20211221,11:27,43.75,43.75,42.30,42.30,900,55800
20211221,11:28,42.20,42.55,42.00,42.55,500,55800
20211221,11:29,42.90,42.90,41.40,41.50,925,55800
20211221,11:30,41.55,42.20,41.55,42.20,250,56825
20211221,11:31,41.50,41.85,41.50,41.85,275,56825
20211221,11:32,41.75,42.75,41.75,42.35,425,56825
20211221,11:33,41.95,42.25,41.95,42.25,225,56525
20211221,11:35,43.00,43.75,43.00,43.75,200,56525
20211221,11:36,43.00,43.70,43.00,43.10,225,56450
20211221,11:37,43.65,43.65,43.65,43.65,50,56450
20211221,11:38,42.95,43.25,42.95,43.25,50,56450
20211221,11:39,43.05,43.05,43.05,43.05,125,56350
20211221,11:41,43.65,43.65,43.65,43.65,25,56350
20211221,11:42,43.65,44.10,43.65,44.05,175,55375
20211221,11:43,43.50,43.85,43.45,43.85,100,55375
20211221,11:44,43.90,44.30,43.70,44.25,150,55375
20211221,11:45,43.90,44.30,43.90,44.30,300,55350
20211221,11:46,45.40,45.40,45.35,45.35,50,55350
20211221,11:47,45.05,45.05,45.05,45.05,775,55350
20211221,11:48,45.35,46.30,45.35,46.10,1275,55225
20211221,11:49,46.00,46.50,46.00,46.20,250,55225
20211221,11:50,45.60,47.55,45.60,47.55,6550,55225
20211221,11:51,47.25,47.60,47.25,47.60,200,54600
20211221,11:52,46.30,47.00,45.90,47.00,600,54600
20211221,11:53,47.35,47.60,46.65,46.65,200,54600
20211221,11:54,46.55,46.55,46.50,46.50,350,54550
20211221,11:55,47.20,47.20,45.90,46.20,575,54550
20211221,11:56,46.10,46.10,43.20,43.20,325,54550
20211221,11:57,42.85,43.30,42.85,43.30,125,54550
20211221,11:58,44.80,45.15,44.45,44.45,300,54550
20211221,11:59,45.15,45.30,45.15,45.30,50,54550
20211221,12:00,45.65,45.65,45.65,45.65,25,54600
20211221,12:01,44.35,44.50,43.15,43.15,175,54600
20211221,12:02,43.85,43.85,43.85,43.85,50,54600
20211221,12:03,45.55,45.80,45.45,45.80,100,54625
20211221,12:04,45.80,46.35,45.55,45.75,975,54625
20211221,12:05,45.70,45.70,44.65,45.10,250,54625
20211221,12:06,44.55,46.30,44.55,46.25,450,54175
20211221,12:07,45.85,46.40,45.85,46.30,575,54175
20211221,12:08,45.70,45.70,44.75,44.85,225,54175
20211221,12:09,45.00,45.20,44.95,45.00,1025,53900
20211221,12:10,45.45,45.45,43.95,45.10,350,53900
20211221,12:11,44.90,45.45,44.90,45.45,425,53900
20211221,12:12,45.80,45.80,45.80,45.80,100,53900
20211221,12:13,45.35,45.35,45.35,45.35,50,53600
20211221,12:15,44.70,44.70,43.65,43.65,200,53625
20211221,12:16,44.00,44.00,44.00,44.00,25,53625
20211221,12:17,45.65,45.65,44.65,44.75,100,53625
20211221,12:18,45.00,45.00,45.00,45.00,25,53625
20211221,12:20,44.55,44.55,43.90,43.90,50,53700
20211221,12:21,43.65,43.65,42.85,43.65,275,53700
20211221,12:23,43.00,43.00,43.00,43.00,50,53700
20211221,12:24,43.65,43.65,43.65,43.65,75,53650
20211221,12:25,43.30,43.60,42.65,43.50,300,53650
20211221,12:26,42.95,42.95,42.95,42.95,100,53650
20211221,12:27,43.25,44.00,43.25,44.00,425,53400
20211221,12:28,43.95,44.55,43.95,44.55,275,53400
20211221,12:29,44.60,44.60,43.65,43.65,125,53400
20211221,12:30,43.70,43.80,43.55,43.80,675,53025
20211221,12:31,43.95,44.30,43.95,44.30,75,53025
20211221,12:32,43.85,44.00,43.85,43.85,100,53025
20211221,12:33,43.20,43.20,43.20,43.20,25,53025
20211221,12:34,43.35,43.35,43.35,43.35,200,53200
20211221,12:35,44.10,44.85,44.10,44.85,475,53200
20211221,12:37,43.60,43.60,43.60,43.60,50,52975
20211221,12:38,43.60,43.60,43.00,43.05,125,52975
20211221,12:39,42.45,42.45,42.45,42.45,25,52600
20211221,12:40,41.65,43.20,41.65,42.95,175,52600
20211221,12:41,43.15,44.85,43.15,44.30,375,52600
20211221,12:42,43.80,44.05,43.70,44.05,100,52575
20211221,12:43,44.30,44.85,44.30,44.40,275,52575
20211221,12:44,44.45,44.45,44.45,44.45,25,52575
20211221,12:45,45.05,45.05,44.55,44.70,200,52650
20211221,12:46,44.00,44.00,42.85,42.85,725,52650
20211221,12:47,43.50,45.00,43.50,44.30,300,52650
20211221,12:48,44.10,44.10,43.60,43.80,250,52500
20211221,12:49,44.00,44.00,43.60,43.60,150,52500
20211221,12:51,43.30,43.90,43.00,43.90,375,52375
20211221,12:52,43.50,44.00,43.50,43.60,375,52375
20211221,12:53,43.20,43.20,43.20,43.20,75,52375
20211221,12:54,42.90,42.90,41.85,41.85,200,52450
20211221,12:55,42.10,42.60,41.55,41.80,250,52450
20211221,12:56,41.90,43.00,41.90,42.20,550,52450
20211221,12:57,42.30,42.30,42.30,42.30,25,52450
20211221,12:58,42.30,42.30,42.30,42.30,25,52350
20211221,12:59,42.70,42.75,42.70,42.75,50,52350
20211221,13:00,43.15,43.15,42.90,42.90,100,52350
20211221,13:01,42.40,42.80,42.30,42.80,125,52350
20211221,13:03,42.10,42.10,42.10,42.10,25,52350
20211221,13:04,42.20,42.20,42.20,42.20,25,52350
20211221,13:05,41.70,41.70,41.70,41.70,75,52350
20211221,13:06,42.65,42.65,42.65,42.65,100,52350
20211221,13:07,41.00,41.00,39.85,39.85,550,52475
20211221,13:08,40.15,40.65,40.15,40.50,475,52475
20211221,13:09,40.60,40.85,40.60,40.85,75,52475
20211221,13:10,40.00,40.00,39.90,39.90,275,52350
20211221,13:11,40.45,40.45,39.50,39.50,200,52350
20211221,13:12,39.80,39.80,39.45,39.45,75,52350
20211221,13:13,39.90,39.90,39.60,39.60,100,52275
20211221,13:15,39.60,40.10,39.60,40.10,175,52275
20211221,13:16,40.00,40.00,39.20,39.20,100,52275
20211221,13:17,39.20,39.60,39.20,39.25,175,52275
20211221,13:18,39.30,39.55,39.30,39.55,50,52375
20211221,13:19,40.00,40.75,39.80,40.75,200,52375
20211221,13:20,40.50,40.85,40.40,40.40,225,52375
20211221,13:21,40.65,40.70,39.95,39.95,150,52600
20211221,13:22,39.70,40.10,39.50,40.10,100,52600
20211221,13:23,39.45,39.70,39.30,39.30,125,52600
20211221,13:24,39.70,40.55,39.70,40.00,275,52550
20211221,13:25,40.00,40.00,39.25,39.30,350,52550
20211221,13:26,40.50,40.50,40.50,40.50,25,52550
20211221,13:27,39.45,40.05,39.45,39.65,125,52700
20211221,13:28,40.10,40.10,40.10,40.10,25,52700
20211221,13:30,40.35,40.35,40.35,40.35,25,52750
20211221,13:31,39.55,39.85,39.50,39.85,100,52750
20211221,13:33,39.60,39.60,39.10,39.10,100,52750
20211221,13:35,40.35,40.80,40.35,40.50,150,52675
20211221,13:36,40.35,40.50,40.35,40.50,75,52675
20211221,13:37,40.00,40.00,40.00,40.00,50,52650
20211221,13:38,39.65,39.65,39.65,39.65,25,52650
20211221,13:39,39.50,39.80,39.40,39.40,725,52700
20211221,13:40,40.00,40.00,39.35,39.45,1875,52700
20211221,13:41,39.40,40.00,39.20,40.00,825,52700
20211221,13:42,39.20,39.20,39.20,39.20,100,50900
20211221,13:43,39.50,39.80,39.40,39.40,425,50900
20211221,13:44,39.25,39.25,38.00,39.05,950,50900
20211221,13:45,39.00,39.00,37.85,37.85,125,50375
20211221,13:46,39.30,39.30,39.00,39.00,300,50375
20211221,13:47,38.70,38.70,38.60,38.60,1325,50375
20211221,13:48,38.50,38.70,38.30,38.70,950,49050
20211221,13:49,38.95,39.45,38.75,39.45,225,49050
20211221,13:50,39.45,39.45,39.45,39.45,50,49050
20211221,13:51,38.90,38.90,38.55,38.55,75,49400
20211221,13:52,39.00,39.70,39.00,39.70,800,49400
20211221,13:53,39.10,39.10,39.10,39.10,25,49400
20211221,13:54,39.00,39.00,39.00,39.00,75,49400
20211221,13:55,38.65,38.65,38.10,38.15,125,48900
20211221,13:56,38.55,38.55,38.55,38.55,100,48900
20211221,13:57,38.00,38.15,37.70,38.15,375,48900
20211221,13:58,37.75,38.30,37.75,38.30,100,48900
20211221,13:59,39.00,39.10,38.20,38.20,100,48900
20211221,14:00,37.30,37.30,36.60,36.60,100,48775
20211221,14:01,36.80,37.20,35.70,35.70,125,48775
20211221,14:02,35.30,35.30,33.95,34.35,500,48775
20211221,14:03,34.20,34.40,34.00,34.00,525,47550
20211221,14:04,34.15,34.60,33.75,33.75,725,47550
20211221,14:05,34.30,34.40,34.00,34.20,750,47550
20211221,14:06,33.50,33.50,33.45,33.45,125,47350
20211221,14:07,33.30,33.30,31.65,31.65,1875,47350
20211221,14:08,31.65,32.50,31.20,31.35,575,47350
20211221,14:09,31.60,31.60,30.45,30.45,375,47050
20211221,14:10,31.00,31.40,30.85,31.20,225,47050
20211221,14:11,31.35,31.70,31.10,31.10,250,47050
20211221,14:12,31.35,31.45,31.35,31.45,100,47050
20211221,14:13,31.45,31.70,31.15,31.70,400,47325
20211221,14:14,31.55,31.55,30.55,30.55,475,47325
20211221,14:15,30.25,31.20,30.00,30.35,750,47175
20211221,14:16,30.30,30.30,29.70,29.70,800,47175
20211221,14:17,29.95,30.60,29.95,30.15,450,47175
20211221,14:18,29.80,30.10,29.70,30.10,1950,46675
20211221,14:19,30.05,30.05,29.25,29.25,625,46675
20211221,14:20,29.30,29.45,28.90,28.95,875,46675
20211221,14:21,28.70,28.75,28.25,28.55,475,47225
20211221,14:22,28.20,28.30,27.95,27.95,275,47225
20211221,14:23,27.40,27.95,27.40,27.95,375,47225
20211221,14:24,27.70,27.70,27.35,27.35,125,47075
20211221,14:25,27.20,27.20,27.15,27.15,125,47075
20211221,14:26,27.50,27.50,27.15,27.15,650,47075
20211221,14:28,27.80,28.00,27.75,27.75,175,47375
20211221,14:29,27.25,27.70,27.20,27.20,175,47375
20211221,14:30,26.90,27.70,26.80,26.80,300,47375
20211221,14:31,26.65,26.70,26.25,26.70,900,47425
20211221,14:32,26.60,26.65,26.15,26.15,725,47425
20211221,14:33,25.90,26.20,25.55,26.20,600,47425
20211221,14:34,25.25,25.80,25.05,25.05,450,46675
20211221,14:35,25.65,26.35,25.65,26.30,425,46675
20211221,14:36,26.30,26.75,26.30,26.50,275,46675
20211221,14:37,26.40,26.45,26.35,26.40,350,46525
20211221,14:38,26.15,26.30,25.85,26.30,675,46525
20211221,14:39,26.20,26.95,26.20,26.75,725,45025
20211221,14:40,26.95,27.45,26.95,27.45,475,45025
20211221,14:41,27.35,27.40,27.00,27.40,150,45025
20211221,14:42,27.25,27.25,27.20,27.20,325,45025
20211221,14:43,27.85,27.90,26.85,26.85,75,44900
20211221,14:44,26.65,26.65,26.40,26.40,125,44900
20211221,14:45,26.35,27.10,26.35,27.10,150,44825
20211221,14:46,27.15,27.15,26.65,26.65,100,44825
20211221,14:47,27.50,27.50,27.45,27.45,75,44825
20211221,14:48,26.85,27.55,26.85,27.55,550,44625
20211221,14:49,27.20,27.25,27.15,27.15,125,44625
20211221,14:50,27.40,27.40,26.70,26.70,225,44625
20211221,14:51,26.90,26.90,26.15,26.65,275,44450
20211221,14:52,26.65,26.65,26.65,26.65,25,44450
20211221,14:53,27.85,27.85,27.85,27.85,50,44450
20211221,14:54,28.00,28.00,27.65,27.65,150,44350
20211221,14:55,27.55,27.55,27.05,27.10,300,44350
20211221,14:56,27.75,27.75,27.75,27.75,125,44350
20211221,14:57,26.90,26.90,26.90,26.90,50,44350
20211221,14:58,26.05,26.05,25.95,25.95,50,44400
20211221,14:59,27.50,28.15,27.50,28.15,150,44400
20211221,15:00,27.80,27.80,26.90,26.90,100,44400
20211221,15:01,26.70,26.90,26.70,26.90,400,44375
20211221,15:02,27.25,27.25,26.20,26.20,375,44375
20211221,15:03,26.40,26.75,26.00,26.00,300,44375
20211221,15:04,26.15,26.15,25.70,25.70,100,44375
20211221,15:05,25.55,25.55,25.55,25.55,75,44375
20211221,15:06,25.65,25.65,25.65,25.65,125,44375
20211221,15:07,25.90,25.90,25.90,25.90,25,44550
20211221,15:08,25.70,25.75,25.70,25.75,75,44550
20211221,15:09,25.70,26.00,25.65,26.00,150,44550
20211221,15:10,26.00,26.00,25.60,25.95,150,44600
20211221,15:11,25.65,25.65,25.20,25.20,50,44600
20211221,15:12,25.60,25.90,25.60,25.80,200,44600
20211221,15:13,25.90,25.90,25.90,25.90,25,44475
20211221,15:14,25.80,25.80,25.80,25.80,25,44475
20211221,15:15,25.55,25.65,25.55,25.65,100,44475
20211221,15:16,25.75,25.75,25.60,25.60,225,44450
20211221,15:17,26.00,26.25,25.80,26.25,675,44450
20211221,15:18,25.65,25.90,25.40,25.90,250,44450
20211221,15:19,25.85,26.15,25.85,26.15,75,44525
20211221,15:21,25.75,25.75,25.75,25.75,25,44525
20211221,15:22,26.20,26.20,25.95,25.95,150,44525
20211221,15:23,27.15,27.60,27.15,27.60,250,44525
20211221,15:24,27.65,27.65,27.65,27.65,75,44525
20211221,15:25,27.55,27.70,26.60,26.60,800,44675
20211221,15:26,26.60,26.95,26.60,26.95,275,44675
20211221,15:27,27.30,28.00,27.30,28.00,400,44675
20211221,15:28,28.00,28.00,27.80,27.80,125,45150
20211221,15:29,27.55,27.75,27.45,27.75,75,45150
20211222,09:15,27.75,76.50,27.75,33.45,1001,44950
20211222,09:16,34.20,34.35,33.55,34.25,900,44950
20211222,09:17,34.20,34.20,33.00,33.75,1325,45275
20211222,09:18,33.70,33.90,33.20,33.70,500,45275
20211222,09:19,33.70,34.20,33.60,33.95,675,45275
20211222,09:20,34.15,34.25,33.90,34.20,550,45275
20211222,09:21,33.80,33.80,32.30,32.30,325,45275
20211222,09:22,30.80,31.30,30.75,30.75,1025,45275
20211222,09:23,30.00,30.00,28.30,28.45,675,45525
20211222,09:24,28.30,29.65,26.60,29.65,1200,45525
20211222,09:25,30.20,31.05,30.20,31.05,175,45525
20211222,09:26,32.60,33.30,31.65,31.65,325,45650
20211222,09:27,31.10,31.85,31.10,31.35,350,45650
20211222,09:28,31.35,31.35,28.35,28.95,850,45650
20211222,09:29,29.25,30.30,29.25,29.95,1250,45975
20211222,09:30,29.65,29.65,29.00,29.00,350,45975
20211222,09:31,28.05,28.80,28.05,28.80,200,45975
20211222,09:32,29.10,30.90,29.10,30.50,175,45975
20211222,09:33,30.00,30.55,30.00,30.35,300,46275
20211222,09:34,30.35,31.25,30.35,31.25,50,46275
20211222,09:35,30.85,30.90,30.85,30.90,50,46275
20211222,09:36,30.85,31.00,30.85,31.00,50,46325
20211222,09:37,31.00,31.30,30.75,30.75,125,46325
20211222,09:38,30.50,30.55,30.00,30.15,200,46400
20211222,09:39,30.70,30.70,29.85,29.90,900,46400
20211222,09:40,30.30,30.90,29.90,30.90,1175,46400
20211222,09:41,31.20,31.20,30.15,30.35,575,47275
20211222,09:42,30.85,30.85,29.95,29.95,200,47275
20211222,09:43,30.25,30.70,30.25,30.70,275,47275
20211222,09:44,31.05,31.30,30.55,30.60,1475,47225
20211222,09:45,30.70,31.35,30.45,30.65,525,47225
20211222,09:46,30.50,30.80,29.90,30.80,400,47225
20211222,09:47,30.80,30.80,30.80,30.80,100,47225
20211222,09:48,30.85,30.85,30.25,30.45,400,48600
20211222,09:49,30.45,30.45,30.30,30.30,150,48600
20211222,09:50,30.65,30.65,30.30,30.50,300,48600
20211222,09:51,30.50,30.50,30.00,30.00,325,48475
20211222,09:52,30.20,30.60,29.90,30.60,650,48475
20211222,09:53,30.20,30.20,29.70,30.05,275,48675
20211222,09:54,30.35,30.35,29.80,29.80,275,48675
20211222,09:55,29.50,30.95,29.50,30.95,650,48675
20211222,09:56,30.65,30.65,30.20,30.55,225,48975
20211222,09:57,30.55,31.30,30.25,31.30,775,48975
20211222,09:58,30.25,30.25,30.25,30.25,100,48975
20211222,09:59,29.05,29.05,28.75,28.90,150,49450
20211222,10:00,29.45,30.70,29.45,30.65,400,49450
20211222,10:01,29.95,29.95,29.95,29.95,75,49450
20211222,10:02,29.95,30.00,29.35,30.00,1050,50050
20211222,10:03,30.70,30.70,30.00,30.00,125,50050
20211222,10:04,30.20,30.20,29.85,30.00,175,50050
20211222,10:05,29.60,29.60,29.40,29.55,325,50050
20211222,10:06,29.40,29.40,28.85,28.85,800,50125
20211222,10:07,28.55,29.30,28.50,29.30,1100,50125
20211222,10:08,29.25,29.25,29.25,29.25,25,50125
20211222,10:09,28.25,28.25,28.20,28.20,250,49325
20211222,10:10,28.35,28.60,28.35,28.60,350,49325
20211222,10:11,28.35,28.35,27.95,27.95,400,49700
20211222,10:12,27.95,28.50,27.95,28.05,100,49700
20211222,10:13,27.95,28.15,27.65,28.15,575,49700
20211222,10:14,28.25,28.25,27.50,27.50,725,49400
20211222,10:15,27.45,27.65,27.35,27.65,425,49400
20211222,10:16,27.60,28.10,27.60,27.80,250,49400
20211222,10:17,27.85,27.95,27.85,27.95,50,49400
20211222,10:18,28.20,28.30,27.45,27.45,475,49350
20211222,10:19,27.55,27.70,27.55,27.70,200,49350
20211222,10:20,27.00,27.00,26.95,26.95,175,49225
20211222,10:21,26.80,26.80,26.80,26.80,25,49225
20211222,10:22,26.80,27.20,26.70,26.70,825,49225
20211222,10:23,27.25,27.60,27.15,27.15,575,49225
20211222,10:24,26.70,26.70,26.30,26.30,550,48750
20211222,10:25,26.30,26.30,25.80,26.05,1000,48750
20211222,10:26,26.30,26.40,26.25,26.40,100,48750
20211222,10:27,26.45,26.45,26.05,26.05,175,47550
20211222,10:28,25.95,25.95,25.95,25.95,25,47550
20211222,10:29,25.95,25.95,25.95,25.95,25,47550
20211222,10:30,25.05,25.05,25.05,25.05,50,47650
20211222,10:31,26.50,26.50,26.20,26.20,150,47650
20211222,10:32,26.75,26.75,26.75,26.75,100,47650
20211222,10:33,26.35,26.75,25.80,25.95,325,47750
20211222,10:35,26.35,26.35,26.15,26.15,75,47900
20211222,10:36,25.90,25.90,25.40,25.75,300,47900
20211222,10:37,25.75,25.75,25.75,25.75,25,47900
20211222,10:38,25.50,25.90,25.50,25.65,425,47900
20211222,10:39,25.35,25.35,24.60,24.60,125,47900
20211222,10:40,24.60,24.60,24.60,24.60,50,47900
20211222,10:42,25.25,25.45,25.25,25.45,75,47975
20211222,10:43,25.15,25.55,25.15,25.55,175,47975
20211222,10:44,25.40,25.55,25.00,25.00,100,47975
20211222,10:45,25.95,25.95,25.95,25.95,25,48100
20211222,10:46,25.80,26.10,25.55,25.85,200,48100
20211222,10:47,25.55,25.65,25.40,25.65,700,48075
20211222,10:48,25.50,25.50,24.95,24.95,225,48075
20211222,10:49,25.25,25.30,24.95,25.20,150,48075
20211222,10:50,25.45,26.20,25.45,26.20,75,48075
20211222,10:51,26.20,27.00,26.20,26.55,300,48125
20211222,10:52,26.40,26.60,26.30,26.30,300,48125
20211222,10:53,26.30,26.40,26.00,26.30,650,48125
20211222,10:54,26.90,27.00,26.90,27.00,1150,48125
20211222,10:55,26.75,26.85,26.30,26.55,575,48125
20211222,10:56,26.05,26.05,26.05,26.05,25,48125
20211222,10:57,26.20,26.80,26.20,26.80,250,49000
20211222,10:58,26.30,26.30,26.30,26.30,75,49000
20211222,10:59,26.25,26.60,26.15,26.55,400,49000
20211222,11:00,26.90,27.15,26.80,26.80,275,48800
20211222,11:01,26.60,26.60,26.60,26.60,25,48800
20211222,11:03,26.40,27.10,26.40,26.90,1350,48950
20211222,11:04,27.10,27.15,26.80,26.80,175,48950
20211222,11:05,27.10,27.35,27.10,27.15,375,48950
20211222,11:06,27.05,27.05,26.95,26.95,250,48650
20211222,11:07,27.00,27.35,27.00,27.35,250,48650
20211222,11:08,26.90,27.10,26.90,27.10,200,48650
20211222,11:09,26.90,27.20,26.80,26.80,250,48650
20211222,11:10,26.90,27.20,26.85,27.20,325,48650
20211222,11:12,27.20,27.20,26.95,26.95,75,48625
20211222,11:13,27.00,27.00,26.80,26.90,125,48625
20211222,11:14,26.85,26.85,26.60,26.70,225,48625
20211222,11:15,26.50,26.50,26.05,26.05,175,48550
20211222,11:16,26.40,26.40,26.40,26.40,25,48550
20211222,11:17,26.05,26.35,26.05,26.05,150,48550
20211222,11:18,25.80,25.80,25.75,25.75,100,48575
20211222,11:19,25.65,26.35,25.10,26.35,225,48575
20211222,11:20,26.70,26.70,26.70,26.70,25,48575
20211222,11:21,26.50,26.70,26.45,26.50,300,48350
20211222,11:22,26.60,26.60,26.60,26.60,50,48350
20211222,11:23,26.25,26.25,25.65,25.95,625,48350
20211222,11:24,25.65,25.90,25.65,25.90,450,48750
20211222,11:25,25.90,25.90,25.90,25.90,75,48750
20211222,11:26,26.20,26.40,26.20,26.25,300,48750
20211222,11:27,26.60,26.60,26.35,26.35,225,49075
20211222,11:29,26.35,26.40,26.35,26.40,225,49075
20211222,11:30,27.05,27.05,26.55,26.55,300,48975
20211222,11:31,26.05,26.20,25.70,25.70,2050,48975
20211222,11:32,26.10,26.10,25.45,25.65,2625,48975
20211222,11:33,25.60,25.60,25.30,25.40,400,51600
20211222,11:34,25.30,25.65,25.25,25.65,575,51600
20211222,11:35,25.85,25.90,25.85,25.90,625,51600
20211222,11:36,26.80,26.80,26.50,26.65,350,51875
20211222,11:37,26.80,26.80,25.65,25.65,425,51875
20211222,11:39,26.00,26.00,25.60,25.70,200,52175
20211222,11:40,25.65,25.65,25.25,25.25,150,52175
20211222,11:41,25.60,25.90,25.10,25.90,475,52175
20211222,11:42,25.00,25.55,25.00,25.55,175,52050
20211222,11:43,25.45,25.45,25.35,25.35,75,52050
20211222,11:44,25.35,25.35,25.20,25.25,275,52050
20211222,11:45,25.15,25.45,25.00,25.45,275,52000
20211222,11:46,25.55,25.75,25.35,25.35,250,52000
20211222,11:47,25.35,25.65,25.10,25.65,350,52000
20211222,11:48,25.75,25.80,25.30,25.30,325,52400
20211222,11:49,25.35,25.95,25.30,25.95,400,52400
20211222,11:51,25.40,25.75,25.40,25.75,75,52700
20211222,11:52,24.55,24.55,24.35,24.35,4275,52700
20211222,11:53,24.35,24.40,23.60,23.60,750,52700
20211222,11:54,23.60,23.65,23.25,23.65,1750,56075
20211222,11:55,23.65,23.65,23.45,23.55,325,56075
20211222,11:56,24.45,24.45,24.10,24.10,75,56075
20211222,11:57,23.95,24.35,23.90,24.35,275,56625
20211222,11:58,24.30,24.60,24.30,24.45,425,56625
20211222,11:59,24.20,24.20,24.20,24.20,100,56625
20211222,12:00,24.90,24.90,23.80,24.10,1175,56925
20211222,12:01,24.55,25.00,24.55,25.00,50,56925
20211222,12:02,25.25,26.05,25.25,25.70,575,56925
20211222,12:03,25.90,25.95,25.65,25.65,225,57100
20211222,12:04,25.55,25.55,24.95,25.05,275,57100
20211222,12:05,25.15,25.15,24.25,24.25,375,57100
20211222,12:06,24.45,25.25,24.35,25.25,750,56900
20211222,12:07,24.90,24.90,24.70,24.70,650,56900
20211222,12:08,24.35,24.60,24.00,24.60,1175,56900
20211222,12:09,24.75,25.05,24.75,24.80,300,54025
20211222,12:10,24.75,24.85,24.75,24.85,100,54025
20211222,12:11,24.95,24.95,24.80,24.80,400,54025
20211222,12:12,25.05,25.35,24.85,24.85,850,54100
20211222,12:13,24.90,25.50,24.90,25.05,250,54100
20211222,12:14,23.85,23.85,22.90,23.35,700,54100
20211222,12:15,22.85,23.65,22.65,23.65,2900,54800
20211222,12:16,23.40,24.05,23.40,24.05,225,54800
20211222,12:17,24.10,24.25,24.10,24.25,75,54800
20211222,12:18,24.15,24.15,24.05,24.10,250,55200
20211222,12:19,24.10,24.10,23.55,23.55,225,55200
20211222,12:20,23.50,23.50,23.00,23.00,275,55200
20211222,12:21,23.00,23.15,22.80,23.05,375,55075
20211222,12:22,23.10,23.40,23.10,23.15,175,55075
20211222,12:23,23.00,23.10,23.00,23.10,200,55075
20211222,12:24,22.50,22.85,22.50,22.85,75,55225
20211222,12:25,22.95,22.95,22.15,22.15,425,55225
20211222,12:26,22.15,22.15,22.15,22.15,100,55225
20211222,12:27,23.00,23.65,23.00,23.65,50,55425
20211222,12:28,23.70,23.70,23.40,23.40,300,55425
20211222,12:29,23.45,23.45,23.00,23.45,300,55425
20211222,12:30,23.40,23.50,23.00,23.00,575,55100
20211222,12:31,23.10,23.25,22.90,23.25,125,55100
20211222,12:32,23.05,23.15,23.05,23.05,325,55100
20211222,12:33,22.90,23.25,22.90,23.25,125,55400
20211222,12:34,22.85,22.90,22.50,22.90,200,55400
20211222,12:35,23.25,23.30,23.25,23.25,125,55400
20211222,12:36,23.80,23.80,23.65,23.65,200,55450
20211222,12:37,23.15,23.15,23.15,23.15,25,55450
20211222,12:38,23.35,23.35,23.25,23.25,125,55450
20211222,12:39,23.60,23.60,23.60,23.60,50,55450
20211222,12:40,23.35,23.35,23.35,23.35,75,55400
20211222,12:41,23.50,23.50,23.15,23.15,50,55400
20211222,12:43,23.75,23.85,23.55,23.85,275,55450
20211222,12:44,23.85,24.15,23.85,24.15,200,55450
20211222,12:45,24.95,24.95,24.00,24.55,175,55325
20211222,12:46,24.50,24.60,24.45,24.45,475,55325
20211222,12:47,24.50,24.95,24.50,24.95,200,55325
20211222,12:48,24.65,24.65,24.50,24.50,75,55275
20211222,12:49,23.95,23.95,23.95,23.95,25,55275
20211222,12:50,24.45,24.65,24.40,24.40,425,55275
20211222,12:51,24.05,24.25,24.05,24.25,50,55275
20211222,12:54,24.05,24.25,24.05,24.25,50,55200
20211222,12:55,24.25,24.25,24.25,24.25,25,55200
20211222,12:56,24.30,24.50,24.30,24.50,325,55200
20211222,12:57,24.45,24.90,24.45,24.90,75,55025
20211222,12:58,24.90,24.90,24.50,24.80,125,55025
20211222,12:59,25.00,25.00,24.85,24.85,175,55025
20211222,13:00,24.95,24.95,24.95,24.95,50,54825
20211222,13:03,24.85,24.85,24.85,24.85,25,54800
20211222,13:06,25.05,25.70,25.05,25.65,325,54850
20211222,13:07,25.70,25.85,25.70,25.85,50,54850
20211222,13:08,25.10,25.10,25.10,25.10,25,54850
20211222,13:09,26.00,26.00,25.25,25.25,500,55025
20211222,13:10,24.70,24.70,24.65,24.65,50,55025
20211222,13:11,25.15,25.15,24.60,24.60,150,55025
20211222,13:12,24.00,24.00,22.50,23.15,650,54950
20211222,13:13,23.35,23.85,23.35,23.60,175,54950
20211222,13:14,23.10,23.10,22.70,23.00,625,54950
20211222,13:15,22.60,22.60,21.85,22.35,850,55325
20211222,13:16,22.40,22.40,22.35,22.35,300,55325
20211222,13:17,22.50,22.70,22.50,22.70,175,55325
20211222,13:18,23.05,23.20,23.05,23.20,125,55625
20211222,13:20,23.45,23.85,23.30,23.30,125,55625
20211222,13:21,23.00,24.40,23.00,24.40,300,55975
20211222,13:22,23.65,23.65,23.30,23.45,575,55975
20211222,13:23,23.65,23.65,23.30,23.30,500,55975
20211222,13:24,23.75,23.75,23.50,23.50,125,55975
20211222,13:25,23.50,23.80,23.50,23.80,75,55225
20211222,13:30,22.85,22.85,22.70,22.70,225,55225
20211222,13:32,23.40,23.40,23.40,23.40,275,55100
20211222,13:33,22.80,22.80,22.80,22.80,25,55100
20211222,13:34,23.20,23.30,23.10,23.30,125,54850
20211222,13:35,23.10,23.40,23.05,23.40,125,54850
20211222,13:36,23.30,23.30,23.30,23.30,25,54875
20211222,13:37,23.05,23.80,23.05,23.80,100,54875
20211222,13:38,23.60,23.60,23.60,23.60,25,54875
20211222,13:39,22.75,23.30,22.45,23.30,325,54850
20211222,13:40,22.85,23.35,22.85,23.35,75,54850
20211222,13:41,23.35,23.60,22.80,22.80,1375,54850
20211222,13:42,23.00,23.00,22.20,22.20,725,55575
20211222,13:43,22.55,23.05,22.55,23.05,475,55575
20211222,13:44,22.35,22.35,22.35,22.35,25,55575
20211222,13:45,22.35,22.40,22.35,22.40,125,55475
20211222,13:47,22.35,22.35,22.30,22.30,125,55475
20211222,13:48,22.20,22.25,22.20,22.20,125,55625
20211222,13:49,22.50,22.60,22.50,22.60,225,55625
20211222,13:50,22.60,22.60,22.40,22.40,200,55625
20211222,13:51,22.40,22.40,21.95,22.00,300,55700
20211222,13:52,22.35,22.35,22.35,22.35,25,55700
20211222,13:55,22.20,22.20,22.20,22.20,50,55675
20211222,13:56,21.90,21.90,21.90,21.90,25,55675
20211222,13:57,22.00,22.00,22.00,22.00,175,55675
20211222,13:59,22.25,22.30,22.25,22.30,200,55550
20211222,14:00,22.40,22.40,22.40,22.40,150,55550
20211222,14:01,21.40,22.00,21.25,22.00,1725,55425
20211222,14:02,21.55,22.00,21.55,22.00,75,55425
20211222,14:03,22.00,22.00,22.00,22.00,25,55425
20211222,14:04,22.75,22.75,22.75,22.75,250,54250
20211222,14:05,21.40,21.40,21.40,21.40,50,54250
20211222,14:06,23.05,23.05,23.05,23.05,150,54250
20211222,14:08,22.00,22.20,22.00,22.20,325,54075
20211222,14:09,22.05,22.05,21.95,21.95,75,54075
20211222,14:10,21.65,21.65,21.65,21.65,25,53700
20211222,14:11,21.85,21.85,21.85,21.85,25,53700
20211222,14:15,23.05,23.05,22.45,22.45,100,53700
20211222,14:19,22.75,22.75,22.75,22.75,475,53575
20211222,14:21,23.20,23.20,22.60,22.60,125,53575
20211222,14:24,22.05,22.05,22.05,22.05,25,53575
20211222,14:26,22.60,22.60,22.60,22.60,50,53575
20211222,14:27,21.90,21.95,21.85,21.95,200,53525
20211222,14:29,22.15,23.35,22.15,23.35,375,53525
20211222,14:30,23.40,23.40,23.05,23.05,125,53525
20211222,14:31,23.45,23.60,22.90,22.90,450,53475
20211222,14:32,22.05,22.35,21.60,22.35,500,53475
20211222,14:33,22.70,23.00,22.45,23.00,300,53250
20211222,14:34,22.75,22.75,21.85,21.85,275,53250
20211222,14:35,21.75,21.90,21.20,21.50,475,53250
20211222,14:36,22.15,22.70,22.15,22.70,50,53250
20211222,14:39,22.15,22.25,21.90,22.25,75,52975
20211222,14:40,21.65,22.00,21.65,22.00,125,52975
20211222,14:41,22.40,22.45,22.20,22.20,100,52975
20211222,14:42,21.55,21.55,21.55,21.55,50,52975
20211222,14:44,21.85,21.85,21.85,21.85,100,52875
20211222,14:45,22.20,22.20,22.20,22.20,25,53075
20211222,14:46,22.25,22.50,22.25,22.50,125,53075
20211222,14:47,22.30,22.30,22.30,22.30,25,53075
20211222,14:48,22.00,22.00,21.95,21.95,50,53075
20211222,14:49,22.30,22.30,22.30,22.30,25,53175
20211222,14:50,22.15,22.15,21.85,21.85,500,53175
20211222,14:51,21.80,21.80,21.55,21.55,275,53175
20211222,14:52,21.40,21.85,21.35,21.85,225,53600
20211222,14:53,21.50,21.50,21.45,21.45,50,53600
20211222,14:54,21.45,22.45,21.45,22.45,275,53600
20211222,14:55,22.35,23.70,22.35,23.70,975,53475
20211222,14:56,23.80,25.00,23.80,24.35,2900,53475
20211222,14:57,24.60,24.60,24.10,24.10,350,53025
20211222,14:58,24.25,24.35,24.25,24.35,50,53025
20211222,14:59,25.15,25.70,24.95,25.45,625,53025
20211222,15:00,26.15,28.40,26.15,27.80,1275,52900
20211222,15:01,27.55,27.55,25.90,26.95,800,52900
20211222,15:02,26.90,28.50,26.90,28.35,1725,52900
20211222,15:03,28.60,29.10,28.40,28.80,1100,52900
20211222,15:04,28.40,28.45,27.55,27.55,1625,52700
20211222,15:05,27.25,27.30,25.80,26.40,400,52700
20211222,15:06,26.85,27.90,26.85,27.70,325,52700
20211222,15:07,27.70,27.75,27.70,27.75,100,54525
20211222,15:08,26.95,27.45,26.95,27.45,75,54525
20211222,15:09,27.65,27.90,27.45,27.70,1500,54525
20211222,15:10,27.45,27.75,27.15,27.15,400,54850
20211222,15:11,26.75,26.75,26.15,26.15,575,54850
20211222,15:12,26.30,26.50,25.85,25.85,200,54850
20211222,15:13,26.55,26.70,26.20,26.20,100,55275
20211222,15:15,26.85,27.00,26.55,26.55,150,55275
20211222,15:16,26.60,26.60,26.40,26.40,600,55325
20211222,15:17,26.50,27.45,26.50,27.30,1200,55325
20211222,15:18,27.15,27.75,27.15,27.65,1075,55325
20211222,15:19,27.70,27.70,27.35,27.40,475,56925
20211222,15:20,27.45,27.50,26.85,27.50,750,56925
20211222,15:21,27.55,27.80,27.55,27.75,125,56925
20211222,15:22,27.65,28.00,27.45,27.80,475,57475
20211222,15:23,27.35,27.60,27.35,27.60,225,57475
20211222,15:24,27.90,28.10,27.90,28.10,50,57475
20211222,15:25,28.00,28.60,27.95,28.60,500,57550
20211222,15:26,28.55,28.90,28.45,28.90,325,57550
20211222,15:27,28.95,29.00,28.70,28.75,575,57550
20211222,15:28,29.00,30.20,29.00,29.95,450,57525
20211222,15:29,30.00,30.15,29.60,29.90,2300,57525
20211222,15:30,29.90,29.90,29.90,29.90,75,57525
20211223,09:15,36.40,38.85,32.05,32.70,1652,56000
20211223,09:16,32.05,32.10,30.75,31.25,1825,56000
20211223,09:17,30.90,30.90,28.00,29.45,1700,57350
20211223,09:18,29.50,31.70,29.50,30.95,2250,57350
20211223,09:19,30.75,31.15,29.70,30.00,350,57350
20211223,09:20,30.10,32.60,30.10,32.35,1100,56425
20211223,09:21,32.35,32.80,31.30,31.30,975,56425
20211223,09:22,30.90,30.90,29.10,29.10,700,56425
20211223,09:23,29.30,29.70,28.90,29.70,2100,56650
20211223,09:24,29.60,31.40,29.60,31.40,850,56650
20211223,09:25,30.65,31.40,30.20,30.20,1325,56650
20211223,09:26,30.00,30.35,29.80,30.00,575,57350
20211223,09:27,29.75,29.75,29.15,29.40,175,57350
20211223,09:28,29.50,29.50,29.10,29.40,500,57350
20211223,09:29,29.40,29.40,27.70,28.30,525,57550
20211223,09:30,28.35,29.65,28.35,29.40,900,57550
20211223,09:31,29.45,29.65,29.45,29.65,250,57550
20211223,09:32,29.65,29.65,28.45,28.45,1100,57550
20211223,09:33,28.50,28.65,28.50,28.50,125,57925
20211223,09:34,28.70,28.70,27.65,27.65,475,57925
20211223,09:35,27.25,27.55,27.25,27.55,1525,57925
20211223,09:36,27.55,28.80,27.55,28.15,1375,58475
20211223,09:37,28.30,28.50,28.20,28.30,450,58475
20211223,09:38,28.00,28.25,27.45,28.20,675,59125
20211223,09:39,28.10,28.10,27.45,27.55,1950,59125
20211223,09:40,27.35,27.95,27.20,27.95,425,59125
20211223,09:41,28.20,28.35,27.80,28.00,300,59150
20211223,09:42,28.00,28.40,28.00,28.40,2075,59150
20211223,09:43,28.30,28.40,27.55,27.70,4300,59150
20211223,09:44,27.35,27.35,27.05,27.05,175,63275
20211223,09:45,27.05,27.05,27.05,27.05,25,63275
20211223,09:46,27.05,27.40,27.05,27.40,225,63275
20211223,09:47,26.70,26.70,26.10,26.10,650,63025
20211223,09:48,26.00,26.50,26.00,26.50,575,63025
20211223,09:49,27.20,28.25,27.20,28.25,875,63025
20211223,09:50,28.05,28.30,27.20,27.25,1675,63400
20211223,09:51,27.05,27.40,26.90,27.30,900,63400
20211223,09:52,27.15,28.15,27.15,27.70,500,63400
20211223,09:53,27.55,28.50,27.55,28.30,350,61725
20211223,09:54,28.70,28.70,28.50,28.50,325,61725
20211223,09:55,28.35,28.35,28.10,28.15,675,61725
20211223,09:56,28.25,28.30,28.00,28.30,1425,60500
20211223,09:57,27.55,28.00,27.35,27.75,2600,60500
20211223,09:58,27.90,28.40,26.95,28.40,1625,60500
20211223,09:59,28.45,28.45,27.35,27.35,425,59750
20211223,10:00,26.75,27.70,26.75,27.70,2050,59750
20211223,10:01,27.80,27.95,27.80,27.80,175,59750
20211223,10:02,28.10,28.10,28.10,28.10,150,59600
20211223,10:03,27.85,27.85,27.40,27.50,150,59600
20211223,10:04,27.70,27.85,27.70,27.75,200,59600
20211223,10:05,27.65,27.65,27.35,27.35,450,59600
20211223,10:06,27.00,27.00,27.00,27.00,50,59800
20211223,10:07,26.30,27.00,26.25,27.00,700,59800
20211223,10:08,27.20,27.20,26.65,26.65,450,59550
20211223,10:09,26.80,26.80,26.00,26.35,125,59550
20211223,10:10,26.95,27.10,24.50,26.10,1250,59550
20211223,10:11,26.10,26.85,26.10,26.15,525,59550
20211223,10:12,26.15,26.15,25.45,25.45,75,59550
20211223,10:13,25.95,26.05,25.10,25.10,1100,59550
20211223,10:14,25.00,25.45,24.90,25.15,1800,60575
20211223,10:15,25.10,25.55,24.80,25.55,625,60575
20211223,10:16,25.50,25.65,24.95,25.05,650,60575
20211223,10:17,25.20,25.50,25.20,25.50,900,61125
20211223,10:18,25.00,25.10,24.85,25.10,250,61125
20211223,10:19,25.35,25.60,24.75,24.85,725,61125
20211223,10:20,25.25,25.25,24.60,25.10,875,61800
20211223,10:21,25.25,25.25,24.15,25.00,825,61800
20211223,10:22,24.65,25.00,24.65,25.00,75,61800
20211223,10:23,24.95,24.95,24.50,24.50,1125,61800
20211223,10:24,23.95,24.15,23.85,23.95,975,62900
20211223,10:25,23.85,24.00,23.40,23.55,775,62900
20211223,10:26,23.55,23.55,23.15,23.20,650,62900
20211223,10:27,23.30,23.65,23.00,23.65,525,63500
20211223,10:28,23.50,23.75,23.50,23.50,2100,63500
20211223,10:29,23.45,23.70,23.20,23.20,200,63500
20211223,10:30,23.05,23.05,22.10,22.10,625,64275
20211223,10:31,22.10,22.10,22.10,22.10,100,64275
20211223,10:32,22.50,23.15,22.50,23.15,175,64275
20211223,10:33,23.35,24.15,23.35,24.10,650,64425
20211223,10:34,23.60,24.30,23.35,24.30,1250,64425
20211223,10:35,23.25,23.25,23.25,23.25,50,64725
20211223,10:36,23.50,23.60,23.40,23.40,1400,64725
20211223,10:37,23.60,23.60,23.15,23.15,1700,64725
20211223,10:38,23.10,23.60,23.10,23.60,1300,64725
20211223,10:39,23.10,23.15,22.90,22.90,850,65300
20211223,10:40,22.85,22.90,22.55,22.55,825,65300
20211223,10:41,22.80,22.80,22.20,22.70,725,65300
20211223,10:42,22.80,22.80,22.55,22.55,550,66725
20211223,10:43,22.45,22.55,22.30,22.55,1500,66725
20211223,10:44,22.55,22.55,22.00,22.00,500,66725
20211223,10:45,21.90,22.10,21.90,21.90,275,67400
20211223,10:46,22.60,22.60,22.60,22.60,1225,67400
20211223,10:47,22.65,22.65,22.35,22.35,2525,67400
20211223,10:48,23.00,23.15,22.80,23.15,1625,65475
20211223,10:49,22.85,23.00,22.75,23.00,1300,65475
20211223,10:50,23.00,23.20,23.00,23.05,1500,65475
20211223,10:51,23.10,23.10,23.10,23.10,150,66025
20211223,10:52,23.00,23.20,23.00,23.20,225,66025
20211223,10:53,23.35,23.35,23.05,23.05,100,66025
20211223,10:54,23.10,23.10,23.10,23.10,50,66375
20211223,10:55,23.10,23.35,23.10,23.35,225,66375
20211223,10:56,23.20,23.20,22.95,22.95,700,66375
20211223,10:57,23.25,23.30,23.05,23.10,1025,66750
20211223,10:58,23.00,23.00,22.65,22.95,1100,66750
20211223,10:59,22.85,22.95,22.65,22.95,825,66750
20211223,11:00,23.05,23.05,22.70,22.80,375,66025
20211223,11:01,22.90,23.35,22.90,23.25,1575,66025
20211223,11:02,23.20,23.40,23.15,23.15,775,66025
20211223,11:03,23.10,23.25,23.10,23.25,1650,66600
20211223,11:04,23.00,23.35,22.85,23.05,975,66600
20211223,11:05,23.20,23.30,23.20,23.30,125,66600
20211223,11:06,22.90,22.95,22.90,22.95,50,66750
20211223,11:07,23.25,23.40,23.25,23.30,550,66750
20211223,11:08,23.20,23.40,23.20,23.40,350,66750
20211223,11:09,23.40,23.40,23.10,23.35,625,66900
20211223,11:10,22.85,22.85,22.85,22.85,275,66900
20211223,11:11,23.20,23.35,23.20,23.20,1275,66900
20211223,11:12,23.20,23.60,23.05,23.35,3350,67625
20211223,11:13,22.95,22.95,22.65,22.80,500,67625
20211223,11:14,23.00,23.05,22.75,23.05,175,67625
20211223,11:15,23.15,23.20,23.05,23.20,800,69000
20211223,11:16,22.55,22.55,22.20,22.35,1350,69000
20211223,11:17,22.65,22.95,22.50,22.95,600,69000
20211223,11:18,22.70,22.85,22.50,22.85,425,70100
20211223,11:19,23.05,23.05,22.65,23.00,800,70100
20211223,11:20,22.95,23.50,22.95,23.50,800,70100
20211223,11:21,23.50,23.55,23.00,23.35,4225,69275
20211223,11:22,22.90,22.90,22.30,22.40,2100,69275
20211223,11:23,22.35,22.45,22.25,22.45,225,69275
20211223,11:24,22.30,22.40,22.15,22.15,300,67200
20211223,11:25,22.35,22.40,22.10,22.25,675,67200
20211223,11:26,22.20,22.25,22.00,22.00,75,67200
20211223,11:27,22.25,22.25,21.80,21.80,1200,66750
20211223,11:28,22.15,22.15,21.70,22.15,3450,66750
20211223,11:29,22.05,22.10,21.75,21.85,450,66750
20211223,11:30,21.80,21.90,21.80,21.90,425,64475
20211223,11:31,22.10,22.10,22.10,22.10,50,64475
20211223,11:32,22.00,22.00,22.00,22.00,50,64475
20211223,11:33,22.30,22.30,22.15,22.15,150,64175
20211223,11:34,22.30,22.65,21.95,22.65,225,64175
20211223,11:35,22.40,22.40,21.90,22.05,1250,64175
20211223,11:36,22.45,22.75,22.25,22.75,575,63850
20211223,11:37,22.30,23.00,22.30,22.60,425,63850
20211223,11:38,22.50,22.50,22.50,22.50,25,63850
20211223,11:39,22.55,22.55,22.40,22.40,250,64675
20211223,11:40,22.65,23.10,22.65,23.10,675,64675
20211223,11:41,23.10,23.10,22.80,22.80,125,64675
20211223,11:42,22.80,22.80,22.80,22.80,50,63200
20211223,11:43,23.10,23.10,22.70,22.80,100,63200
20211223,11:44,23.10,23.10,23.10,23.10,25,63200
20211223,11:45,23.70,23.85,23.20,23.55,2600,63250
20211223,11:46,23.80,23.90,23.10,23.70,700,63250
20211223,11:47,23.70,24.00,23.55,23.80,400,63250
20211223,11:48,23.90,23.90,22.80,22.80,1050,62950
20211223,11:49,22.90,23.50,22.90,23.50,800,62950
20211223,11:50,23.55,23.60,23.35,23.55,300,62950
20211223,11:51,23.65,24.10,23.55,23.65,950,62900
20211223,11:52,23.80,23.90,23.45,23.90,350,62900
20211223,11:53,23.85,24.00,23.70,23.75,350,62900
20211223,11:54,23.50,23.55,23.50,23.50,250,63175
20211223,11:55,23.80,24.00,23.40,23.80,1575,63175
20211223,11:56,23.75,24.20,23.75,24.10,725,63175
20211223,11:57,23.95,24.15,23.85,24.15,625,63800
20211223,11:58,24.05,24.20,23.90,23.90,475,63800
20211223,11:59,24.05,24.15,23.55,23.75,875,63800
20211223,12:00,24.00,24.45,23.75,23.80,1425,64100
20211223,12:01,24.20,24.70,24.20,24.30,575,64100
20211223,12:02,24.55,24.95,24.55,24.95,950,64100
20211223,12:03,24.85,25.20,24.85,25.10,450,64750
20211223,12:04,24.95,25.25,24.80,24.95,775,64750
20211223,12:05,25.10,25.45,25.10,25.40,150,64750
20211223,12:06,25.20,25.20,25.20,25.20,200,65225
20211223,12:07,25.30,25.30,24.50,24.50,350,65225
20211223,12:08,24.60,24.85,24.60,24.85,150,65225
20211223,12:09,25.20,25.65,25.20,25.25,650,65150
20211223,12:10,24.95,25.55,24.95,25.40,300,65150
20211223,12:11,25.60,25.75,25.55,25.75,325,65150
20211223,12:12,25.75,25.85,25.70,25.70,775,65500
20211223,12:13,26.00,26.00,25.60,25.65,450,65500
20211223,12:15,25.80,25.80,25.60,25.60,150,65175
20211223,12:16,25.80,26.00,25.80,26.00,275,65175
20211223,12:17,25.95,26.75,25.95,26.70,2550,65175
20211223,12:18,26.65,27.35,26.65,27.00,600,65700
20211223,12:19,27.00,27.00,26.85,26.85,450,65700
20211223,12:20,26.60,26.75,24.45,25.00,2450,65700
20211223,12:21,25.00,26.10,25.00,26.10,325,65775
20211223,12:22,26.35,26.35,25.80,25.80,350,65775
20211223,12:23,26.05,26.50,26.05,26.50,100,65775
20211223,12:24,26.85,28.55,26.80,28.55,1150,65650
20211223,12:25,28.75,31.20,28.55,30.75,1825,65650
20211223,12:26,30.35,30.45,30.20,30.35,150,65650
20211223,12:27,30.00,30.00,29.35,29.90,1000,65525
20211223,12:28,29.55,29.55,29.45,29.55,75,65525
20211223,12:29,29.35,30.50,29.20,30.50,975,65525
20211223,12:30,31.10,31.70,30.95,31.40,575,66225
20211223,12:31,31.90,32.05,31.65,31.80,2875,66225
20211223,12:32,31.85,32.45,31.85,32.05,1500,66225
20211223,12:33,32.30,32.30,30.80,31.20,1500,66700
20211223,12:34,31.10,32.20,31.10,31.85,700,66700
20211223,12:35,31.90,32.00,31.90,32.00,825,66700
20211223,12:36,31.45,31.60,31.35,31.35,175,65725
20211223,12:37,31.05,31.05,28.90,29.55,1200,65725
20211223,12:38,29.30,30.00,28.85,28.95,400,65725
20211223,12:39,29.10,31.35,29.10,31.30,1000,65725
20211223,12:40,31.45,31.45,31.05,31.05,350,65725
20211223,12:41,30.95,32.10,30.95,31.90,1400,65725
20211223,12:42,31.95,32.15,31.75,31.90,1625,64925
20211223,12:43,32.25,32.60,32.25,32.55,325,64925
20211223,12:44,32.40,32.40,32.35,32.35,775,64925
20211223,12:45,32.25,33.05,32.05,32.05,2175,64800
20211223,12:46,32.95,32.95,32.20,32.20,1400,64800
20211223,12:47,32.25,32.25,32.05,32.25,125,64800
20211223,12:48,32.25,32.25,30.90,30.95,350,64975
20211223,12:49,30.45,30.45,28.85,28.85,500,64975
20211223,12:50,29.40,29.40,28.85,28.85,175,64975
20211223,12:51,28.95,29.05,27.85,27.85,575,64400
20211223,12:52,27.65,27.65,26.95,26.95,275,64400
20211223,12:53,27.40,29.45,27.40,29.40,1075,64400
20211223,12:54,29.50,29.80,29.00,29.60,325,64675
20211223,12:55,29.15,29.35,29.00,29.35,950,64675
20211223,12:56,29.35,29.35,28.55,29.00,1175,64675
20211223,12:57,28.85,28.90,28.75,28.90,225,64675
20211223,12:58,28.35,28.35,28.15,28.15,125,63825
20211223,12:59,28.60,28.60,28.60,28.60,300,63825
20211223,13:00,28.55,28.65,28.20,28.60,375,64150
20211223,13:01,29.00,29.40,29.00,29.40,450,64150
20211223,13:02,29.50,29.60,29.40,29.60,950,64150
20211223,13:03,29.80,29.80,29.20,29.20,225,64450
20211223,13:04,28.80,29.00,28.70,29.00,575,64450
20211223,13:05,29.70,29.70,29.00,29.00,400,64450
20211223,13:06,28.60,28.60,28.60,28.60,25,64450
20211223,13:07,28.10,28.30,27.90,27.95,625,64725
20211223,13:08,28.10,29.00,28.10,29.00,150,64725
20211223,13:09,28.45,28.95,28.45,28.95,75,64725
20211223,13:10,29.10,29.10,28.45,28.50,350,64925
20211223,13:11,28.25,28.25,28.25,28.25,275,64925
20211223,13:12,28.25,28.70,28.25,28.45,975,65600
20211223,13:13,28.25,28.45,28.05,28.45,225,65600
20211223,13:14,28.45,28.45,28.45,28.45,150,65600
20211223,13:15,28.60,29.80,28.60,29.65,1275,65000
20211223,13:16,29.25,29.65,29.25,29.65,50,65000
20211223,13:17,29.80,30.80,29.80,30.45,625,65000
20211223,13:18,30.45,31.80,30.45,31.70,3525,65450
20211223,13:19,32.50,32.55,31.45,31.45,1150,65450
20211223,13:20,31.95,31.95,31.25,31.50,2250,65450
20211223,13:21,31.70,31.95,29.90,30.30,1675,65850
20211223,13:22,30.65,31.45,30.65,31.45,1300,65850
20211223,13:23,31.50,31.50,31.20,31.35,425,65850
20211223,13:24,31.10,32.20,31.10,32.20,625,66200
20211223,13:25,32.25,32.55,32.20,32.25,625,66200
20211223,13:26,32.45,32.45,31.95,32.05,550,66200
20211223,13:27,32.00,32.00,30.40,30.95,1075,67250
20211223,13:28,30.95,31.45,30.95,31.45,125,67250
20211223,13:29,31.45,31.45,30.55,30.55,850,67250
20211223,13:30,29.85,30.00,28.35,28.35,950,66675
20211223,13:31,29.35,30.35,29.35,30.35,450,66675
20211223,13:32,30.85,31.40,30.30,30.60,375,66675
20211223,13:33,30.90,30.90,30.20,30.50,500,66675
20211223,13:34,30.25,30.40,30.00,30.00,200,66675
20211223,13:35,29.55,29.95,29.55,29.95,825,66675
20211223,13:36,30.00,30.00,29.55,29.55,225,66675
20211223,13:37,29.45,29.45,27.80,28.75,1925,67000
20211223,13:38,28.75,29.15,26.60,27.10,3000,67000
20211223,13:39,27.00,27.90,27.00,27.90,575,66700
20211223,13:40,27.40,27.60,25.60,25.60,1275,66700
20211223,13:41,25.50,26.00,25.15,26.00,1250,66700
20211223,13:42,26.30,26.95,26.25,26.70,6125,68600
20211223,13:43,26.60,26.70,26.30,26.45,300,68600
20211223,13:44,26.20,26.85,26.20,26.85,750,68600
20211223,13:45,26.70,27.00,26.35,26.35,475,68600
20211223,13:46,27.00,27.95,27.00,27.95,425,69400
20211223,13:47,27.60,27.60,27.55,27.55,325,69400
20211223,13:48,26.50,26.50,25.40,26.30,875,69975
20211223,13:49,26.25,26.50,25.60,25.70,875,69975
20211223,13:50,25.60,26.00,24.80,26.00,2650,69975
20211223,13:51,26.00,27.15,26.00,27.15,625,69300
20211223,13:52,26.95,27.30,26.95,27.30,525,69300
20211223,13:53,27.35,27.45,27.35,27.45,125,69300
20211223,13:54,26.80,26.80,25.60,26.20,2100,69600
20211223,13:55,26.10,27.25,26.10,27.20,1700,69600
20211223,13:56,26.50,26.70,26.35,26.45,225,69600
20211223,13:57,26.55,26.85,26.55,26.85,175,70050
20211223,13:58,26.90,26.95,26.45,26.85,2050,70050
20211223,13:59,26.85,27.05,26.55,26.55,425,70050
20211223,14:00,26.15,27.15,26.15,27.15,250,71125
20211223,14:01,26.70,26.70,26.30,26.50,1050,71125
20211223,14:02,26.25,27.00,25.80,27.00,1650,71125
20211223,14:03,27.20,27.20,26.45,26.45,450,71625
20211223,14:04,26.50,26.50,26.20,26.30,1325,71625
20211223,14:05,26.20,26.20,25.60,26.00,775,71625
20211223,14:06,26.05,26.25,25.05,25.05,775,72050
20211223,14:07,24.70,25.70,24.70,25.55,825,72050
20211223,14:08,25.60,25.60,25.55,25.55,375,72050
20211223,14:09,25.40,25.40,25.20,25.20,275,72050
20211223,14:10,25.10,25.10,25.05,25.05,325,71725
20211223,14:11,25.35,25.45,25.35,25.45,1075,71725
20211223,14:12,25.25,25.25,24.65,25.10,1225,72275
20211223,14:13,25.15,25.30,24.75,25.15,1250,72275
20211223,14:14,24.90,24.95,24.15,24.45,200,72275
20211223,14:15,23.85,24.25,23.75,24.05,600,72275
20211223,14:16,24.35,24.35,24.00,24.00,550,72875
20211223,14:17,23.30,23.85,23.00,23.70,2475,72875
20211223,14:18,23.45,23.80,23.10,23.55,2125,73950
20211223,14:19,23.55,23.85,23.20,23.40,1950,73950
20211223,14:20,23.25,23.25,22.30,22.55,1475,73950
20211223,14:21,22.40,23.00,22.15,22.75,1375,74275
20211223,14:22,22.90,23.40,22.65,23.15,3775,74275
20211223,14:23,22.90,23.95,22.90,23.95,1675,74275
20211223,14:24,23.85,23.85,23.30,23.30,550,73625
20211223,14:25,23.30,23.60,23.30,23.40,1050,73625
20211223,14:26,23.20,23.20,23.15,23.15,75,73625
20211223,14:27,22.65,23.30,22.65,23.30,425,73625
20211223,14:28,23.00,23.30,22.70,23.15,375,74525
20211223,14:29,23.15,23.60,23.15,23.60,625,74525
20211223,14:30,23.50,24.10,23.50,23.85,1200,74550
20211223,14:31,23.60,23.90,23.30,23.30,850,74550
20211223,14:32,23.30,23.70,23.30,23.40,1475,74550
20211223,14:33,23.65,23.75,23.25,23.25,575,75625
20211223,14:34,22.95,23.20,22.65,23.20,875,75625
20211223,14:35,23.50,24.10,23.50,23.75,2300,75625
20211223,14:36,24.10,24.10,23.75,23.80,1250,74775
20211223,14:37,23.80,23.95,23.60,23.65,2175,74775
20211223,14:38,23.60,23.80,22.90,22.90,1500,74775
20211223,14:39,22.90,23.60,22.85,23.00,2625,75100
20211223,14:40,23.05,23.05,21.15,21.35,2950,75100
20211223,14:41,21.20,21.50,20.55,20.95,3100,75100
20211223,14:42,21.00,21.20,20.80,21.05,1700,75100
20211223,14:43,20.80,21.35,20.80,21.20,950,73625
20211223,14:44,20.85,21.20,20.45,21.20,3275,73625
20211223,14:45,21.15,21.90,20.80,21.70,2375,73950
20211223,14:46,21.65,22.05,21.65,22.00,750,73950
20211223,14:47,21.85,21.85,20.35,20.35,2300,73950
20211223,14:48,20.30,21.40,20.30,21.40,3475,74575
20211223,14:49,21.50,21.60,21.10,21.50,1175,74575
20211223,14:50,21.45,21.95,21.45,21.45,4325,74575
20211223,14:51,21.65,21.65,21.10,21.45,875,74575
20211223,14:52,21.55,21.55,20.75,20.75,600,75250
20211223,14:53,20.90,21.30,20.90,21.30,875,75250
20211223,14:54,21.25,21.50,20.90,21.20,875,75250
20211223,14:55,21.55,21.65,21.05,21.05,1525,75225
20211223,14:56,21.10,21.30,20.95,21.15,875,75225
20211223,14:57,20.95,21.25,20.55,20.55,1325,75225
20211223,14:58,20.55,20.90,20.55,20.80,1500,76575
20211223,14:59,21.00,21.00,20.35,20.35,800,76575
20211223,15:00,20.60,20.80,20.20,20.45,4075,76575
20211223,15:01,20.40,20.45,20.20,20.45,875,76300
20211223,15:02,20.20,20.60,20.00,20.30,2275,76300
20211223,15:03,20.55,20.95,20.40,20.50,5075,76300
20211223,15:04,20.40,20.60,20.30,20.45,2025,76800
20211223,15:05,20.40,20.50,20.25,20.45,950,76800
20211223,15:06,20.30,20.30,20.10,20.10,1375,76800
20211223,15:07,20.50,21.35,20.40,21.35,1625,78000
20211223,15:08,21.65,21.65,20.50,20.95,2625,78000
20211223,15:09,20.75,20.95,20.50,20.50,875,78000
20211223,15:10,20.45,20.45,19.75,19.75,4150,78150
20211223,15:11,19.65,19.75,19.45,19.45,2925,78150
20211223,15:12,19.35,19.85,19.35,19.85,4475,78150
20211223,15:13,19.30,19.60,19.30,19.50,5250,79225
20211223,15:14,19.40,20.00,19.40,19.90,3475,79225
20211223,15:15,20.00,20.20,19.95,20.00,1600,79225
20211223,15:16,20.00,20.25,20.00,20.25,1700,81400
20211223,15:17,20.00,20.10,19.45,19.45,1825,81400
20211223,15:18,19.30,19.30,18.75,18.75,2350,81400
20211223,15:19,18.55,18.55,17.90,17.90,4175,82075
20211223,15:20,18.30,18.60,18.20,18.35,7275,82075
20211223,15:21,18.15,18.35,17.40,17.40,6850,82075
20211223,15:22,17.70,17.85,17.20,17.20,2850,86150
20211223,15:23,17.40,17.50,16.75,17.00,5075,86150
20211223,15:24,16.25,17.25,16.25,17.20,9325,86150
20211223,15:25,17.30,17.90,17.15,17.75,9125,86475
20211223,15:26,17.85,18.35,17.65,17.90,7950,86475
20211223,15:27,17.55,17.55,16.65,16.65,6000,86475
20211223,15:28,16.20,16.40,15.50,15.50,8075,89475
20211223,15:29,15.65,17.20,15.65,16.20,9150,89475
20211224,09:15,21.80,22.00,16.40,16.65,18227,86775
20211224,09:16,16.60,16.90,16.10,16.85,11275,86775
20211224,09:17,16.80,18.45,16.65,17.90,14225,94425
20211224,09:18,17.75,17.90,16.80,16.95,10175,94425
20211224,09:19,16.90,16.90,16.15,16.25,5075,94425
20211224,09:20,16.35,16.80,16.10,16.10,10925,105425
20211224,09:21,16.25,16.75,16.15,16.15,7225,105425
20211224,09:22,16.35,16.60,16.15,16.25,7300,105425
20211224,09:23,16.40,16.90,16.05,16.40,6350,111100
20211224,09:24,16.50,17.20,16.50,16.65,6950,111100
20211224,09:25,16.75,17.40,16.00,17.25,15500,111100
20211224,09:26,17.00,17.30,16.15,16.15,8500,115550
20211224,09:27,16.05,16.20,14.75,15.25,8225,115550
20211224,09:28,15.05,15.40,14.90,15.15,4350,115550
20211224,09:29,15.15,15.15,14.50,14.65,7075,118600
20211224,09:30,14.65,14.65,14.10,14.35,14300,118600
20211224,09:31,14.35,14.35,13.85,14.00,5850,118600
20211224,09:32,14.10,14.50,14.00,14.15,6825,122550
20211224,09:33,14.15,14.20,13.65,14.00,4300,122550
20211224,09:34,14.20,14.50,13.90,14.35,3650,122550
20211224,09:35,14.25,14.95,14.15,14.80,10750,124150
20211224,09:36,14.70,15.05,14.35,14.65,9725,124150
20211224,09:37,14.65,14.70,14.25,14.35,3025,124150
20211224,09:38,14.40,14.60,14.25,14.30,4400,122925
20211224,09:39,14.20,14.35,13.90,14.00,9300,122925
20211224,09:40,14.15,14.20,13.80,13.90,5250,122925
20211224,09:41,13.95,14.00,13.60,13.75,6750,120750
20211224,09:42,13.70,13.70,13.35,13.45,3950,120750
20211224,09:43,13.40,13.50,13.20,13.30,6650,120750
20211224,09:44,13.25,13.30,13.15,13.30,1150,117000
20211224,09:45,13.30,13.60,13.10,13.55,5825,117000
20211224,09:46,13.45,13.85,13.45,13.65,4600,117000
20211224,09:47,13.75,13.90,13.60,13.70,3875,113250
20211224,09:48,13.60,13.70,13.20,13.25,8150,113250
20211224,09:49,13.20,13.30,13.10,13.30,5925,113250
20211224,09:50,13.20,13.70,13.10,13.25,15725,106800
20211224,09:51,13.35,13.35,13.00,13.25,8625,106800
20211224,09:52,13.20,13.35,13.10,13.30,5050,106800
20211224,09:53,13.25,13.40,13.10,13.20,6500,111650
20211224,09:54,13.25,13.45,13.20,13.40,4125,111650
20211224,09:55,13.30,13.65,13.25,13.50,4975,111650
20211224,09:56,13.55,13.65,13.30,13.45,3075,115800
20211224,09:57,13.40,13.45,13.20,13.40,4175,115800
20211224,09:58,13.35,13.40,13.20,13.20,1450,115800
20211224,09:59,13.20,13.35,13.20,13.25,4450,115250
20211224,10:00,13.25,13.50,13.20,13.20,2375,115250
20211224,10:01,13.20,13.25,13.00,13.15,4350,115250
20211224,10:02,13.15,13.20,12.25,12.55,13575,118125
20211224,10:03,12.55,12.80,12.40,12.65,9575,118125
20211224,10:04,12.70,13.00,12.70,12.90,2475,118125
20211224,10:05,12.80,12.90,12.65,12.75,4300,114775
20211224,10:06,12.85,13.00,12.75,12.80,9050,114775
20211224,10:07,12.95,13.00,12.75,12.80,1700,114775
20211224,10:08,12.85,12.85,12.50,12.50,3500,111600
20211224,10:09,12.45,12.45,11.75,12.05,6050,111600
20211224,10:10,12.15,12.20,11.85,12.00,11325,111600
20211224,10:11,12.05,12.25,11.95,12.05,5550,109975
20211224,10:12,12.05,12.05,11.60,11.85,4850,109975
20211224,10:13,11.80,11.85,11.70,11.70,4300,109975
20211224,10:14,11.70,11.90,11.55,11.55,5975,110200
20211224,10:15,11.60,11.65,11.45,11.60,3225,110200
20211224,10:16,11.65,11.70,11.50,11.50,3325,110200
20211224,10:17,11.45,11.55,11.30,11.35,2150,110375
20211224,10:18,11.30,11.35,11.15,11.20,1050,110375
20211224,10:19,11.35,11.35,11.00,11.00,1775,110375
20211224,10:20,11.00,11.05,10.85,10.95,6850,111275
20211224,10:21,10.85,11.00,10.80,10.85,3625,111275
20211224,10:22,10.90,10.95,10.80,10.90,3300,111275
20211224,10:23,10.90,11.10,10.85,11.10,2350,110975
20211224,10:24,11.05,11.20,11.00,11.10,1750,110975
20211224,10:25,11.05,11.30,11.00,11.10,2850,110975
20211224,10:26,11.10,11.15,11.00,11.10,2125,110050
20211224,10:27,11.10,11.20,11.00,11.15,2250,110050
20211224,10:28,11.25,11.25,11.15,11.25,675,110050
20211224,10:29,11.30,11.30,11.10,11.10,2500,110150
20211224,10:30,11.10,11.30,11.10,11.20,2450,110150
20211224,10:31,11.10,11.15,11.00,11.05,1450,110150
20211224,10:32,11.15,11.25,11.10,11.15,1200,110625
20211224,10:33,11.20,11.25,11.15,11.15,1225,110625
20211224,10:34,11.15,11.20,11.15,11.20,900,110625
20211224,10:35,11.05,11.20,11.05,11.05,3775,111550
20211224,10:36,11.05,11.15,11.05,11.05,2575,111550
20211224,10:37,11.05,11.20,11.05,11.20,4225,111550
20211224,10:38,11.15,11.20,11.10,11.20,1050,111250
20211224,10:39,11.20,11.25,11.10,11.15,3850,111250
20211224,10:40,11.15,11.15,10.90,10.90,3050,111250
20211224,10:41,10.95,11.05,10.90,10.90,1200,110575
20211224,10:42,10.95,11.10,10.95,11.05,2700,110575
20211224,10:43,11.10,11.15,11.10,11.10,575,110575
20211224,10:44,11.10,11.10,11.00,11.00,1250,112225
20211224,10:45,11.00,11.10,11.00,11.10,750,112225
20211224,10:46,11.05,11.10,10.85,11.00,1075,112225
20211224,10:47,11.00,11.00,10.85,11.00,1400,110675
20211224,10:48,11.00,11.10,10.95,11.10,775,110675
20211224,10:49,11.05,11.10,10.95,11.10,1325,110675
20211224,10:50,11.10,11.10,10.95,10.95,975,110675
20211224,10:51,11.00,11.00,10.95,11.00,275,110350
20211224,10:52,11.00,11.15,11.00,11.00,850,110350
20211224,10:53,11.10,11.15,10.95,11.05,350,110350
20211224,10:54,11.00,11.30,11.00,11.20,1300,109800
20211224,10:55,11.25,11.40,11.20,11.40,2075,109800
20211224,10:56,11.30,11.40,11.30,11.35,300,109800
20211224,10:57,11.30,11.40,11.30,11.40,225,108800
20211224,10:58,11.40,11.40,11.30,11.35,750,108800
20211224,10:59,11.30,11.35,11.25,11.25,625,108300
20211224,11:00,11.25,11.25,10.75,11.15,4075,108300
20211224,11:01,11.10,11.30,10.95,11.05,2550,108300
20211224,11:02,10.95,11.10,10.95,11.00,550,108300
20211224,11:03,11.05,11.20,11.05,11.10,500,107700
20211224,11:04,11.00,11.15,11.00,11.15,400,107700
20211224,11:05,11.10,11.30,11.10,11.30,1175,108075
20211224,11:06,11.30,11.35,11.20,11.20,2750,108075
20211224,11:07,11.30,11.40,11.20,11.40,1400,108075
20211224,11:08,11.45,11.50,11.35,11.40,1625,108950
20211224,11:09,11.50,11.55,11.40,11.55,1625,108950
20211224,11:10,11.55,11.60,11.35,11.35,3700,108950
20211224,11:11,11.45,11.70,11.35,11.60,1775,109750
20211224,11:12,11.60,11.70,11.35,11.40,2650,109750
20211224,11:13,11.50,11.55,11.30,11.45,4250,109750
20211224,11:14,11.55,11.65,11.45,11.60,3025,109750
20211224,11:15,11.55,11.80,11.55,11.80,5375,113650
20211224,11:16,11.95,11.95,11.65,11.65,4925,113650
20211224,11:17,11.60,11.80,11.50,11.75,3150,119100
20211224,11:18,11.75,11.85,11.60,11.70,2600,119100
20211224,11:19,11.60,11.60,11.25,11.30,7750,119100
20211224,11:20,11.15,11.25,10.95,11.15,1700,119100
20211224,11:21,11.15,11.25,11.10,11.15,4300,117650
20211224,11:22,11.15,11.20,11.10,11.10,750,117650
20211224,11:23,11.05,11.05,11.05,11.05,350,117650
20211224,11:24,11.10,11.20,11.05,11.20,2300,116500
20211224,11:25,11.05,11.15,11.00,11.15,800,116500
20211224,11:26,11.00,11.10,11.00,11.00,525,116500
20211224,11:27,11.00,11.00,10.95,10.95,625,115925
20211224,11:28,10.95,11.05,10.90,10.90,1475,115925
20211224,11:29,10.90,11.00,10.85,10.90,3025,115925
20211224,11:30,10.90,10.90,10.75,10.85,3600,117775
20211224,11:31,10.85,10.85,10.80,10.85,725,117775
20211224,11:32,10.80,10.85,10.80,10.80,1525,116025
20211224,11:33,10.75,10.95,10.75,10.90,950,116025
20211224,11:34,10.85,11.00,10.70,10.95,3700,116025
20211224,11:35,10.95,11.00,10.90,10.90,225,116025
20211224,11:36,10.90,10.90,10.80,10.85,150,115925
20211224,11:37,10.80,10.90,10.80,10.90,400,115925
20211224,11:38,10.90,10.95,10.85,10.95,375,115925
20211224,11:39,10.95,10.95,10.85,10.85,550,115725
20211224,11:40,10.85,10.85,10.75,10.80,125,115725
20211224,11:41,10.75,10.90,10.75,10.90,475,115525
20211224,11:42,10.80,10.80,10.80,10.80,125,115525
20211224,11:43,10.80,10.90,10.75,10.90,175,115525
20211224,11:44,10.80,10.85,10.80,10.85,400,115525
20211224,11:45,10.85,10.95,10.80,10.80,475,115750
20211224,11:46,10.90,10.90,10.80,10.80,350,115750
20211224,11:47,10.85,10.85,10.80,10.80,875,115750
20211224,11:48,10.85,10.85,10.75,10.85,475,116050
20211224,11:49,10.80,10.90,10.75,10.75,775,116050
20211224,11:50,10.70,10.75,10.60,10.75,3325,116050
20211224,11:51,10.75,10.75,10.60,10.60,1150,116875
20211224,11:52,10.60,10.70,10.55,10.70,1475,116875
20211224,11:53,10.75,10.75,10.65,10.75,500,116875
20211224,11:54,10.70,10.80,10.65,10.75,725,116925
20211224,11:55,10.65,10.70,10.60,10.70,775,116925
20211224,11:56,10.70,10.70,10.60,10.65,700,116925
20211224,11:57,10.65,10.85,10.55,10.85,925,118700
20211224,11:58,10.75,10.75,10.65,10.65,825,118700
20211224,11:59,10.65,10.70,10.65,10.65,1100,118700
20211224,12:00,10.70,10.75,10.65,10.65,1575,119600
20211224,12:01,10.65,10.65,10.60,10.65,1950,119600
20211224,12:02,10.70,10.80,10.70,10.75,550,119600
20211224,12:03,10.70,10.70,10.65,10.70,250,119225
20211224,12:04,10.75,10.75,10.65,10.65,250,119225
20211224,12:05,10.65,10.65,10.55,10.65,275,119225
20211224,12:06,10.65,10.65,10.55,10.60,950,119625
20211224,12:07,10.55,10.55,10.40,10.40,1725,119625
20211224,12:08,10.45,10.60,10.40,10.50,800,119625
20211224,12:09,10.50,10.60,10.50,10.55,675,119225
20211224,12:10,10.55,10.60,10.55,10.60,1325,119225
20211224,12:11,10.60,10.65,10.50,10.55,4650,119225
20211224,12:12,10.50,10.50,10.35,10.40,1050,121275
20211224,12:13,10.40,10.40,10.20,10.30,6225,121275
20211224,12:14,10.25,10.40,10.25,10.30,2125,121275
20211224,12:15,10.35,10.35,10.25,10.35,1050,121575
20211224,12:16,10.40,10.45,10.35,10.45,275,121575
20211224,12:17,10.40,10.50,10.30,10.50,1725,121575
20211224,12:18,10.50,10.50,10.50,10.50,275,121375
20211224,12:19,10.50,10.60,10.45,10.50,550,121375
20211224,12:20,10.50,10.55,10.35,10.45,975,121375
20211224,12:21,10.45,10.50,10.35,10.50,675,121125
20211224,12:22,10.45,10.60,10.45,10.45,675,121125
20211224,12:23,10.50,10.60,10.50,10.50,350,121125
20211224,12:24,10.50,10.55,10.45,10.55,500,120850
20211224,12:25,10.45,10.45,10.40,10.40,300,120850
20211224,12:26,10.40,10.40,10.30,10.40,775,120850
20211224,12:27,10.40,10.45,10.35,10.35,575,120450
20211224,12:28,10.35,10.45,10.35,10.35,825,120450
20211224,12:29,10.35,10.45,10.35,10.40,175,120450
20211224,12:30,10.55,10.55,10.55,10.55,50,120750
20211224,12:31,10.50,10.50,10.45,10.45,50,120750
20211224,12:32,10.55,10.60,10.45,10.55,1225,120750
20211224,12:33,10.55,10.55,10.30,10.35,1500,120850
20211224,12:34,10.25,10.45,10.25,10.45,3925,120850
20211224,12:35,10.40,10.45,10.30,10.35,1625,120850
20211224,12:36,10.30,10.30,10.05,10.15,3825,120050
20211224,12:37,10.10,10.35,10.10,10.30,1075,120050
20211224,12:38,10.25,10.40,10.20,10.35,2650,120050
20211224,12:39,10.30,10.35,10.20,10.30,2450,119825
20211224,12:40,10.20,10.30,10.15,10.25,1400,119825
20211224,12:41,10.20,10.20,10.10,10.15,1325,119825
20211224,12:42,10.15,10.20,10.10,10.15,575,119675
20211224,12:43,10.10,10.30,10.10,10.25,2300,119675
20211224,12:44,10.25,10.35,10.25,10.25,150,119675
20211224,12:45,10.25,10.35,10.25,10.25,650,120325
20211224,12:46,10.25,10.30,10.15,10.20,325,120325
20211224,12:47,10.20,10.25,10.15,10.15,475,120325
20211224,12:48,10.10,10.15,9.95,9.95,1100,120375
20211224,12:49,9.95,9.95,9.85,9.90,1275,120375
20211224,12:50,9.90,9.90,9.90,9.90,50,120375
20211224,12:51,9.90,10.00,9.80,9.80,1025,120575
20211224,12:52,9.80,9.90,9.80,9.85,600,120575
20211224,12:53,9.95,9.95,9.85,9.90,600,120575
20211224,12:54,9.85,9.95,9.85,9.95,900,120500
20211224,12:55,9.85,9.95,9.85,9.95,1025,120500
20211224,12:56,10.00,10.05,9.90,10.05,1700,120500
20211224,12:57,10.00,10.00,9.95,9.95,1075,119125
20211224,12:58,9.95,9.95,9.95,9.95,300,119125
20211224,12:59,9.90,10.00,9.90,9.95,200,119125
20211224,13:00,9.90,10.00,9.90,10.00,275,118125
20211224,13:01,10.00,10.00,10.00,10.00,25,118125
20211224,13:02,9.90,10.05,9.90,10.05,450,118125
20211224,13:03,9.95,10.05,9.95,9.95,625,117825
20211224,13:04,10.10,10.10,10.00,10.05,800,117825
20211224,13:05,10.00,10.00,9.95,9.95,475,117825
20211224,13:06,10.10,10.10,10.00,10.10,475,117375
20211224,13:07,10.10,10.10,10.10,10.10,75,117375
20211224,13:08,10.10,10.20,10.10,10.20,100,117375
20211224,13:09,10.10,10.10,10.10,10.10,25,117375
20211224,13:10,10.10,10.10,10.00,10.05,400,117275
20211224,13:11,10.05,10.05,9.95,9.95,500,117275
20211224,13:12,9.95,9.95,9.90,9.95,400,116950
20211224,13:13,9.90,9.90,9.85,9.85,175,116950
20211224,13:14,9.80,9.95,9.80,9.85,375,116950
20211224,13:15,9.85,9.90,9.85,9.90,150,116850
20211224,13:16,9.85,9.95,9.85,9.90,625,116850
20211224,13:18,9.90,9.90,9.85,9.85,150,117100
20211224,13:19,9.85,10.00,9.85,10.00,800,117100
20211224,13:20,10.05,10.15,9.85,10.00,1450,117100
20211224,13:21,10.00,10.00,10.00,10.00,50,116700
20211224,13:22,9.90,10.00,9.90,9.90,225,116700
20211224,13:23,9.85,9.90,9.80,9.90,225,116700
20211224,13:24,10.00,10.00,9.90,10.00,5200,117225
20211224,13:25,10.00,10.05,9.90,10.00,875,117225
20211224,13:26,10.10,10.35,10.10,10.35,2850,117225
20211224,13:27,10.30,10.45,10.30,10.45,1975,116425
20211224,13:28,10.35,10.45,10.35,10.45,150,116425
20211224,13:29,10.45,11.05,10.45,10.95,5550,116425
20211224,13:30,11.15,12.25,10.40,10.50,19275,116900
20211224,13:31,10.50,10.80,10.40,10.70,7525,116900
20211224,13:32,10.60,10.80,10.25,10.40,7400,116900
20211224,13:33,10.55,10.70,10.45,10.70,3500,113500
20211224,13:34,10.75,10.75,10.35,10.55,3200,113500
20211224,13:35,10.60,10.80,10.35,10.80,3125,113500
20211224,13:36,10.80,11.00,10.70,11.00,3350,115900
20211224,13:37,10.95,11.00,10.95,10.95,375,115900
20211224,13:38,10.95,10.95,10.55,10.70,900,115900
20211224,13:39,10.85,11.05,10.85,11.05,325,116725
20211224,13:40,11.40,11.40,10.80,11.00,2200,116725
20211224,13:41,11.00,11.15,10.90,11.00,1025,116725
20211224,13:42,10.95,11.05,10.90,11.05,425,118725
20211224,13:43,11.15,11.35,11.00,11.05,2325,118725
20211224,13:44,11.10,11.20,10.95,11.00,1950,118725
20211224,13:45,11.15,11.35,11.10,11.30,1150,117875
20211224,13:46,11.20,11.30,11.10,11.20,1500,117875
20211224,13:47,11.25,11.30,11.10,11.30,950,117875
20211224,13:48,11.30,11.30,11.00,11.10,1200,116275
20211224,13:49,11.05,11.30,11.05,11.25,350,116275
20211224,13:50,11.25,11.25,11.05,11.15,1325,116275
20211224,13:51,11.10,11.15,10.85,10.85,1950,115425
20211224,13:52,10.90,11.00,10.75,11.00,1100,115425
20211224,13:53,11.00,11.10,10.95,11.05,250,115425
20211224,13:54,11.40,12.05,11.40,11.80,2100,114300
20211224,13:55,11.90,12.35,11.80,12.35,2675,114300
20211224,13:56,12.40,12.40,11.75,11.75,2450,114300
20211224,13:57,11.55,11.80,11.35,11.55,3125,116200
20211224,13:58,11.65,11.95,11.55,11.55,2150,116200
20211224,13:59,11.45,11.90,11.35,11.80,1250,116200
20211224,14:00,11.85,12.25,11.85,12.10,1550,114650
20211224,14:01,12.05,12.05,11.80,11.85,2725,114650
20211224,14:02,11.95,11.95,11.20,11.30,2250,114650
20211224,14:03,11.30,11.40,11.10,11.40,2825,114175
20211224,14:04,11.45,11.45,11.00,11.00,1650,114175
20211224,14:05,11.00,11.00,10.90,11.00,550,114175
20211224,14:06,11.00,11.20,10.90,11.15,2475,115475
20211224,14:07,11.10,11.65,11.10,11.65,1325,115475
20211224,14:08,11.60,11.65,11.45,11.65,1475,115475
20211224,14:09,11.65,13.00,11.55,13.00,3075,115100
20211224,14:10,12.90,12.90,12.25,12.30,2600,115100
20211224,14:11,12.25,12.60,12.15,12.60,3650,115100
20211224,14:12,12.65,13.45,12.65,13.40,3025,112875
20211224,14:13,13.35,13.40,13.00,13.00,1850,112875
20211224,14:14,13.20,13.20,12.65,12.85,3350,112875
20211224,14:15,12.95,14.00,12.95,13.65,10600,115150
20211224,14:16,13.65,13.80,13.40,13.40,2825,115150
20211224,14:17,13.35,13.60,13.20,13.60,3575,115150
20211224,14:18,13.70,13.75,13.40,13.55,1450,118175
20211224,14:19,13.55,13.65,13.25,13.40,2950,118175
20211224,14:20,13.40,13.85,13.35,13.35,1500,118175
20211224,14:21,13.25,13.45,12.85,12.85,3175,117750
20211224,14:22,12.75,12.85,11.50,11.55,4725,117750
20211224,14:23,11.60,12.40,11.50,12.15,7050,117750
20211224,14:24,12.15,13.15,12.10,12.95,2375,118350
20211224,14:25,12.95,12.95,12.30,12.30,4050,118350
20211224,14:26,12.15,12.15,11.20,11.20,10075,118350
20211224,14:27,11.20,11.70,11.15,11.60,4425,114575
20211224,14:28,11.50,12.15,11.40,12.00,3150,114575
20211224,14:29,12.05,12.50,12.00,12.50,2575,114575
20211224,14:30,12.50,12.85,12.25,12.25,3425,116200
20211224,14:31,12.25,12.25,11.55,11.60,4475,116200
20211224,14:32,11.50,11.55,11.30,11.55,2375,116200
20211224,14:33,11.55,11.70,11.35,11.60,300,117575
20211224,14:34,11.90,11.90,11.75,11.80,625,117575
20211224,14:35,11.75,12.40,11.55,12.30,1475,117575
20211224,14:36,12.35,12.50,12.00,12.10,2575,117025
20211224,14:37,12.05,12.20,11.25,11.25,3625,117025
20211224,14:38,11.40,11.85,11.40,11.65,2575,117025
20211224,14:39,11.65,11.90,11.60,11.60,850,115600
20211224,14:40,11.65,11.85,11.55,11.55,725,115600
20211224,14:41,11.65,11.90,11.65,11.70,975,115600
20211224,14:42,11.70,11.85,11.70,11.80,800,115000
20211224,14:43,11.60,12.30,11.60,12.25,2925,115000
20211224,14:44,12.20,12.50,12.10,12.40,2150,115000
20211224,14:45,12.50,12.55,12.10,12.30,1725,116175
20211224,14:46,12.40,12.40,12.25,12.25,1050,116175
20211224,14:47,12.55,13.35,12.55,13.15,1300,116175
20211224,14:48,13.30,13.40,13.20,13.25,350,116075
20211224,14:49,13.35,13.45,12.95,12.95,1375,116075
20211224,14:50,12.95,12.95,12.45,12.55,6475,116075
20211224,14:51,12.35,12.40,11.90,12.05,1900,113450
20211224,14:52,12.15,12.25,12.00,12.05,1475,113450
20211224,14:53,11.95,12.25,11.75,11.75,3425,113450
20211224,14:54,11.80,11.80,11.65,11.75,6000,112900
20211224,14:55,11.75,11.80,11.55,11.80,1725,112900
20211224,14:56,11.75,11.85,11.10,11.30,3250,112900
20211224,14:57,11.05,11.30,10.05,10.20,13425,112925
20211224,14:58,10.10,10.45,10.05,10.35,3875,112925
20211224,14:59,10.25,10.25,10.00,10.25,2575,112925
20211224,15:00,10.20,10.60,10.20,10.50,1075,111625
20211224,15:01,10.45,10.55,10.10,10.25,1475,111625
20211224,15:02,10.15,10.20,9.95,10.15,3000,111625
20211224,15:03,10.15,10.15,9.75,9.75,7625,110075
20211224,15:04,9.80,10.05,9.60,9.75,19575,110075
20211224,15:05,9.75,10.45,9.65,10.20,16600,110075
20211224,15:06,10.20,10.55,9.95,10.15,4175,122450
20211224,15:07,10.15,10.30,10.00,10.05,14925,122450
20211224,15:08,10.10,10.25,10.10,10.20,3150,122450
20211224,15:09,10.15,10.35,10.05,10.20,16400,129725
20211224,15:10,10.15,10.25,10.05,10.15,8925,129725
20211224,15:11,10.05,10.20,9.90,10.15,7700,129725
20211224,15:12,10.25,10.40,10.20,10.35,4850,126400
20211224,15:13,10.35,10.45,10.30,10.35,1700,126400
20211224,15:14,10.45,10.50,10.30,10.30,3800,126400
20211224,15:15,10.20,10.35,10.10,10.20,7250,126125
20211224,15:16,10.25,10.45,10.05,10.20,5525,126125
20211224,15:17,10.20,10.30,10.05,10.25,5900,126125
20211224,15:18,10.15,10.25,9.95,10.10,4625,124775
20211224,15:19,10.05,10.10,9.95,9.95,1775,124775
20211224,15:20,9.90,10.10,9.90,10.05,1875,124775
20211224,15:21,10.05,10.10,9.80,10.00,6150,126650
20211224,15:22,10.05,10.05,9.70,9.70,8550,126650
20211224,15:23,9.75,9.85,9.55,9.70,8975,126650
20211224,15:24,9.70,9.80,9.45,9.55,4100,124850
20211224,15:25,9.60,9.70,9.40,9.55,5625,124850
20211224,15:26,9.60,9.75,9.45,9.60,5050,124850
20211224,15:27,9.55,9.55,9.00,9.40,6375,120550
20211224,15:28,9.40,9.65,9.40,9.50,8575,120550
20211224,15:29,9.50,9.70,9.00,9.40,6075,120550
20211227,09:15,8.00,8.80,5.55,7.20,8551,121400
20211227,09:16,7.15,7.40,5.45,7.40,15475,121400
20211227,09:17,7.35,7.65,7.25,7.25,8925,122550
20211227,09:18,7.35,7.70,7.30,7.40,5225,122550
20211227,09:19,7.35,7.50,7.25,7.40,8275,122550
20211227,09:20,7.35,7.45,7.20,7.20,5625,119950
20211227,09:21,7.20,7.30,6.95,7.05,4675,119950
20211227,09:22,7.10,7.20,6.90,6.90,1725,119950
20211227,09:23,6.90,7.05,6.90,7.05,650,119475
20211227,09:24,7.10,7.10,6.90,6.95,7650,119475
20211227,09:25,6.90,7.30,6.85,7.10,8100,119475
20211227,09:26,7.25,7.35,6.75,6.80,7150,115875
20211227,09:27,6.85,7.10,6.70,6.90,7950,115875
20211227,09:28,7.00,7.25,6.80,7.25,6375,115875
20211227,09:29,7.10,7.50,7.05,7.10,5800,118875
20211227,09:30,7.05,7.35,6.85,7.00,6575,118875
20211227,09:31,7.00,7.35,6.90,7.35,5550,118875
20211227,09:32,7.30,7.30,7.00,7.05,5450,119925
20211227,09:33,7.00,7.30,6.95,7.00,2600,119925
20211227,09:34,6.95,6.95,6.60,6.75,3400,119925
20211227,09:35,6.70,6.70,6.55,6.65,3325,119250
20211227,09:36,6.75,6.80,6.60,6.65,2875,119250
20211227,09:37,6.65,6.70,6.55,6.60,1100,119250
20211227,09:38,6.65,6.70,6.55,6.55,1750,119250
20211227,09:39,6.60,6.70,6.50,6.60,5650,119250
20211227,09:40,6.55,6.65,6.50,6.50,1700,119250
20211227,09:41,6.55,6.60,6.45,6.55,1175,118800
20211227,09:42,6.50,6.60,6.45,6.50,1475,118800
20211227,09:43,6.50,6.65,6.45,6.65,1000,118800
20211227,09:44,6.60,6.75,6.55,6.55,1300,119175
20211227,09:45,6.65,6.90,6.60,6.85,1625,119175
20211227,09:46,6.80,7.05,6.70,6.70,4875,119175
20211227,09:47,6.65,6.85,6.60,6.75,8125,114175
20211227,09:48,6.85,6.85,6.60,6.70,6750,114175
20211227,09:49,6.80,7.25,6.65,7.05,4100,114175
20211227,09:50,7.10,7.40,7.10,7.20,7400,111875
20211227,09:51,7.15,7.25,6.70,6.85,14175,111875
20211227,09:52,6.95,7.05,6.75,6.75,2000,111875
20211227,09:53,6.75,6.75,6.55,6.60,1050,108400
20211227,09:54,6.55,6.70,6.55,6.70,2250,108400
20211227,09:55,6.60,6.60,6.50,6.60,200,108400
20211227,09:56,6.55,6.65,6.50,6.60,1175,109475
20211227,09:57,6.50,6.70,6.50,6.60,2950,109475
20211227,09:58,6.70,6.70,6.55,6.55,2025,109475
20211227,09:59,6.60,6.80,6.55,6.70,3275,110025
20211227,10:00,6.80,6.80,6.65,6.75,1975,110025
20211227,10:01,6.80,7.00,6.80,6.80,5150,110025
20211227,10:02,6.90,6.90,6.50,6.50,1825,109275
20211227,10:03,6.50,6.70,6.45,6.60,4150,109275
20211227,10:04,6.60,6.80,6.60,6.75,1175,109275
20211227,10:05,6.75,7.05,6.75,7.00,2425,109775
20211227,10:06,7.15,7.15,6.80,6.80,4125,109775
20211227,10:07,6.75,6.90,6.75,6.85,2250,109775
20211227,10:08,6.80,7.05,6.75,7.05,3875,108475
20211227,10:09,7.05,7.05,6.80,6.90,2200,108475
20211227,10:10,6.80,7.00,6.75,6.95,3100,108475
20211227,10:11,6.85,6.85,6.70,6.75,1050,108375
20211227,10:12,6.80,6.90,6.70,6.85,2050,108375
20211227,10:13,6.70,7.05,6.70,7.00,4500,108375
20211227,10:14,7.00,7.00,6.70,6.95,6325,109675
20211227,10:15,6.95,7.00,6.75,6.90,1825,109675
20211227,10:16,6.85,6.90,6.40,6.60,3425,109675
20211227,10:17,6.55,6.55,6.35,6.35,1050,109625
20211227,10:18,6.45,6.55,6.40,6.55,1375,109625
20211227,10:19,6.55,6.70,6.50,6.60,2025,109625
20211227,10:20,6.65,6.70,6.60,6.70,1300,108400
20211227,10:21,6.60,6.85,6.60,6.85,1175,108400
20211227,10:22,6.75,6.85,6.75,6.80,1100,108400
20211227,10:23,6.90,6.90,6.70,6.80,550,109775
20211227,10:24,6.75,6.80,6.70,6.75,700,109775
20211227,10:25,6.70,6.70,6.65,6.70,1050,109775
20211227,10:26,6.75,6.75,6.65,6.70,625,109375
20211227,10:27,6.75,6.80,6.75,6.80,75,109375
20211227,10:28,6.80,6.85,6.65,6.65,1050,109375
20211227,10:29,6.60,6.60,6.50,6.50,1525,109850
20211227,10:30,6.60,6.65,6.60,6.65,975,109850
20211227,10:31,6.60,6.60,6.45,6.60,1600,109850
20211227,10:32,6.55,6.55,6.40,6.45,325,109850
20211227,10:33,6.60,6.65,6.60,6.65,475,109825
20211227,10:34,6.60,6.60,6.40,6.50,950,109825
20211227,10:35,6.60,6.70,6.45,6.70,575,109950
20211227,10:36,6.60,6.60,6.50,6.50,750,109950
20211227,10:37,6.55,6.60,6.55,6.55,275,109950
20211227,10:38,6.60,6.60,6.45,6.45,1475,110150
20211227,10:39,6.50,6.65,6.50,6.60,875,110150
20211227,10:40,6.65,6.65,6.55,6.55,675,110150
20211227,10:41,6.60,6.65,6.60,6.60,1025,110250
20211227,10:42,6.65,6.65,6.55,6.60,425,110250
20211227,10:43,6.65,6.75,6.65,6.65,2000,110250
20211227,10:44,6.60,6.75,6.60,6.65,600,110250
20211227,10:45,6.70,6.90,6.70,6.90,3050,109675
20211227,10:46,6.90,7.15,6.75,6.75,2075,109675
20211227,10:47,6.70,7.10,6.70,6.95,1900,110625
20211227,10:48,6.90,7.00,6.80,6.95,1900,110625
20211227,10:49,6.90,6.95,6.85,6.95,975,110625
20211227,10:50,6.85,6.90,6.70,6.80,3525,111450
20211227,10:51,6.55,6.55,6.30,6.30,3875,111450
20211227,10:52,6.25,6.50,6.25,6.45,875,111450
20211227,10:53,6.50,6.65,6.45,6.60,675,109650
20211227,10:54,6.70,6.70,6.45,6.45,625,109650
20211227,10:55,6.45,6.55,6.30,6.30,1825,109650
20211227,10:56,6.40,6.50,6.35,6.50,1400,109100
20211227,10:57,6.45,6.50,6.30,6.50,2925,109100
20211227,10:58,6.40,6.60,6.40,6.60,1325,109100
20211227,10:59,6.60,6.60,6.30,6.45,1925,109450
20211227,11:00,6.35,6.55,6.35,6.45,1325,109450
20211227,11:01,6.35,6.40,6.30,6.30,1800,109450
20211227,11:02,6.40,6.50,6.35,6.40,875,110700
20211227,11:03,6.45,6.55,6.40,6.50,725,110700
20211227,11:04,6.50,6.55,6.50,6.50,900,110700
20211227,11:05,6.50,6.60,6.50,6.55,325,110700
20211227,11:06,6.60,6.75,6.55,6.70,1100,111500
20211227,11:07,6.70,6.75,6.65,6.70,550,111500
20211227,11:08,6.75,6.75,6.65,6.70,725,111500
20211227,11:09,6.70,6.70,6.70,6.70,150,111875
20211227,11:10,6.70,6.70,6.60,6.60,875,111875
20211227,11:11,6.60,6.65,6.55,6.65,150,111875
20211227,11:12,6.60,6.60,6.55,6.55,175,112050
20211227,11:13,6.60,6.60,6.60,6.60,50,112050
20211227,11:14,6.50,6.65,6.50,6.65,1125,112650
20211227,11:15,6.50,6.65,6.50,6.50,525,112650
20211227,11:16,6.45,6.55,6.40,6.55,450,112650
20211227,11:17,6.55,6.55,6.50,6.50,900,112650
20211227,11:18,6.65,6.65,6.50,6.50,1275,111650
20211227,11:19,6.60,6.60,6.55,6.55,575,111650
20211227,11:20,6.50,6.65,6.40,6.40,925,111175
20211227,11:21,6.45,6.50,6.45,6.50,725,111175
20211227,11:22,6.50,6.60,6.50,6.55,375,111175
20211227,11:23,6.50,6.50,6.50,6.50,275,111175
20211227,11:24,6.50,6.55,6.40,6.50,975,110675
20211227,11:25,6.60,6.60,6.45,6.55,325,110675
20211227,11:26,6.55,6.55,6.55,6.55,175,110675
20211227,11:27,6.40,6.45,6.40,6.40,600,111150
20211227,11:28,6.45,6.50,6.35,6.35,850,111150
20211227,11:29,6.35,6.35,6.35,6.35,25,111150
20211227,11:30,6.40,6.50,6.40,6.50,275,110500
20211227,11:32,6.45,6.50,6.35,6.40,350,110625
20211227,11:33,6.40,6.50,6.40,6.50,250,110625
20211227,11:34,6.55,6.65,6.55,6.60,1050,110625
20211227,11:35,6.60,6.65,6.60,6.60,425,110625
20211227,11:36,6.55,6.65,6.55,6.65,1200,110225
20211227,11:37,6.50,6.85,6.50,6.85,1475,110225
20211227,11:38,6.75,6.85,6.75,6.75,3475,110225
20211227,11:39,6.75,6.80,6.70,6.70,375,110000
20211227,11:40,6.75,6.80,6.70,6.80,375,110000
20211227,11:41,6.90,6.90,6.75,6.80,2300,110000
20211227,11:42,6.80,6.90,6.80,6.85,2500,110450
20211227,11:43,6.85,7.00,6.85,6.90,2550,110450
20211227,11:44,6.95,7.10,6.95,7.05,1225,110450
20211227,11:45,7.05,7.20,6.85,6.85,6800,111325
20211227,11:46,6.85,6.90,6.75,6.75,1250,111325
20211227,11:47,6.70,6.90,6.60,6.60,3775,111325
20211227,11:48,6.60,6.60,6.40,6.55,3950,112525
20211227,11:49,6.65,6.80,6.60,6.75,1725,112525
20211227,11:50,6.70,6.85,6.60,6.70,1525,112525
20211227,11:51,6.75,6.75,6.65,6.75,1975,111725
20211227,11:52,6.70,6.80,6.50,6.50,4325,111725
20211227,11:53,6.50,6.70,6.50,6.65,850,111725
20211227,11:54,6.75,6.75,6.65,6.65,550,112200
20211227,11:55,6.70,6.70,6.50,6.65,550,112200
20211227,11:56,6.65,6.70,6.55,6.55,1000,112200
20211227,11:57,6.50,6.60,6.50,6.60,1025,112050
20211227,11:58,6.60,6.60,6.60,6.60,675,112050
20211227,11:59,6.55,6.60,6.55,6.55,425,112050
20211227,12:00,6.55,6.60,6.20,6.20,1975,111900
20211227,12:01,6.35,6.40,6.35,6.35,525,111900
20211227,12:02,6.35,6.45,6.35,6.45,375,111900
20211227,12:03,6.45,6.50,6.45,6.50,300,111675
20211227,12:04,6.55,6.60,6.55,6.60,175,111675
20211227,12:05,6.60,6.60,6.60,6.60,125,111675
20211227,12:06,6.55,6.55,6.55,6.55,25,111675
20211227,12:07,6.55,6.55,6.55,6.55,150,111700
20211227,12:08,6.65,6.70,6.60,6.60,750,111700
20211227,12:09,6.60,6.60,6.60,6.60,75,112250
20211227,12:10,6.60,6.60,6.60,6.60,100,112250
20211227,12:11,6.65,6.65,6.55,6.60,425,112250
20211227,12:12,6.55,6.55,6.50,6.50,150,112350
20211227,12:14,6.50,6.55,6.50,6.50,75,112350
20211227,12:16,6.55,6.60,6.55,6.60,125,112450
20211227,12:17,6.70,6.70,6.70,6.70,150,112450
20211227,12:18,6.70,6.70,6.70,6.70,25,112225
20211227,12:19,6.70,6.85,6.65,6.85,2075,112225
20211227,12:20,6.90,6.90,6.65,6.75,2775,112225
20211227,12:21,6.75,6.80,6.45,6.55,2475,113050
20211227,12:22,6.55,6.65,6.45,6.60,1500,113050
20211227,12:23,6.70,6.70,6.60,6.60,725,113050
20211227,12:24,6.75,6.85,6.75,6.85,250,112650
20211227,12:25,6.75,6.75,6.60,6.65,275,112650
20211227,12:26,6.65,6.65,6.50,6.50,1850,112650
20211227,12:27,6.60,6.65,6.40,6.55,5200,112325
20211227,12:28,6.55,6.80,6.55,6.75,2225,112325
20211227,12:29,6.80,6.80,6.60,6.70,325,112325
20211227,12:30,6.70,6.80,6.60,6.60,1500,112050
20211227,12:31,6.75,6.90,6.70,6.70,2250,112050
20211227,12:32,6.75,6.80,6.65,6.80,275,112050
20211227,12:33,6.75,6.85,6.65,6.85,1650,111225
20211227,12:34,6.75,6.80,6.60,6.60,350,111225
20211227,12:35,6.75,6.75,6.60,6.65,650,111225
20211227,12:36,6.70,6.70,6.50,6.50,650,110725
20211227,12:37,6.60,6.65,6.60,6.65,325,110725
20211227,12:38,6.70,6.70,6.70,6.70,50,110725
20211227,12:39,6.70,6.80,6.60,6.70,825,110850
20211227,12:40,6.80,6.80,6.70,6.75,925,110850
20211227,12:41,6.75,7.05,6.70,7.05,2800,110850
20211227,12:42,7.05,7.75,7.00,7.70,6250,110625
20211227,12:43,7.60,7.70,7.35,7.40,4000,110625
20211227,12:44,7.55,7.55,7.35,7.50,2550,110625
20211227,12:45,7.50,7.50,7.20,7.35,6850,111575
20211227,12:46,7.25,7.35,7.20,7.35,300,111575
20211227,12:47,7.30,7.40,7.30,7.40,2200,111575
20211227,12:48,7.45,7.75,7.35,7.75,3250,112375
20211227,12:49,7.85,8.25,7.70,7.85,8725,112375
20211227,12:50,7.90,8.10,7.80,7.95,1525,112375
20211227,12:51,7.90,8.05,7.75,7.85,1600,110925
20211227,12:52,7.80,8.10,7.65,7.80,3025,110925
20211227,12:53,7.75,8.05,7.70,8.05,5100,110925
20211227,12:54,8.15,8.25,8.05,8.10,3250,112375
20211227,12:55,8.10,8.25,7.95,7.95,2075,112375
20211227,12:56,8.00,8.00,7.85,7.85,2325,112375
20211227,12:57,7.85,7.85,7.55,7.70,1550,112675
20211227,12:58,7.65,7.85,7.50,7.80,2600,112675
20211227,12:59,7.75,8.10,7.75,8.10,3450,112675
20211227,13:00,8.10,8.20,7.80,7.85,3750,113850
20211227,13:01,7.85,7.95,7.60,7.60,2900,113850
20211227,13:02,7.65,7.65,7.55,7.65,1475,113850
20211227,13:03,7.60,7.90,7.40,7.65,3325,113550
20211227,13:04,7.70,7.85,7.60,7.60,4625,113550
20211227,13:05,7.55,7.75,7.45,7.75,2025,113550
20211227,13:06,7.60,7.60,7.35,7.40,2575,115375
20211227,13:07,7.50,7.50,7.15,7.20,1975,115375
20211227,13:08,7.35,7.65,7.30,7.65,3850,115375
20211227,13:09,7.65,7.90,7.65,7.70,2300,116250
20211227,13:10,7.65,7.75,7.55,7.75,1150,116250
20211227,13:11,7.65,7.65,7.55,7.55,400,116250
20211227,13:12,7.55,7.70,7.15,7.20,2600,116400
20211227,13:13,7.30,7.30,7.15,7.20,2575,116400
20211227,13:14,7.25,7.30,7.20,7.25,1775,116400
20211227,13:15,7.20,7.25,7.20,7.20,200,113925
20211227,13:16,7.15,7.15,7.00,7.15,875,113925
20211227,13:17,7.15,7.30,7.10,7.15,300,113925
20211227,13:18,7.25,7.35,7.20,7.35,450,113675
20211227,13:19,7.30,7.55,7.20,7.55,3900,113675
20211227,13:20,7.55,7.55,7.35,7.40,550,113675
20211227,13:21,7.45,7.55,7.40,7.50,2275,114225
20211227,13:22,7.50,7.60,7.50,7.60,150,114225
20211227,13:23,7.40,7.45,7.40,7.45,475,114225
20211227,13:24,7.40,7.50,7.40,7.45,175,113750
20211227,13:25,7.45,7.45,7.35,7.40,600,113750
20211227,13:26,7.40,7.85,7.40,7.75,4050,113750
20211227,13:27,7.75,7.85,7.65,7.70,425,113975
20211227,13:28,7.70,7.70,7.60,7.65,450,113975
20211227,13:29,7.65,7.65,7.50,7.60,575,113975
20211227,13:30,7.50,7.50,7.30,7.45,1700,113125
20211227,13:31,7.50,7.50,7.05,7.15,1600,113125
20211227,13:32,7.35,7.35,7.25,7.30,600,113125
20211227,13:33,7.30,7.90,7.30,7.75,9350,112800
20211227,13:34,7.75,8.15,7.55,7.95,7025,112800
20211227,13:35,8.25,8.40,7.90,8.10,8700,112800
20211227,13:36,8.20,8.50,8.20,8.25,3125,112725
20211227,13:37,8.20,8.35,8.05,8.30,3900,112725
20211227,13:38,8.20,8.55,8.15,8.15,2275,112725
20211227,13:39,8.25,8.45,8.25,8.40,725,115925
20211227,13:40,8.50,8.60,8.35,8.40,4350,115925
20211227,13:41,8.40,8.50,8.25,8.40,3750,115925
20211227,13:42,8.40,8.50,7.95,8.05,10575,121450
20211227,13:43,8.05,8.30,8.05,8.15,5000,121450
20211227,13:44,8.30,8.50,8.25,8.40,2425,121450
20211227,13:45,8.45,8.75,8.40,8.70,4275,125650
20211227,13:46,8.65,8.80,8.65,8.80,350,125650
20211227,13:47,8.65,8.65,8.55,8.65,375,125650
20211227,13:48,8.60,8.60,8.40,8.40,1650,125775
20211227,13:49,8.25,8.35,8.20,8.30,1275,125775
20211227,13:50,8.35,8.55,8.30,8.35,2325,125775
20211227,13:51,8.25,8.35,8.05,8.20,2250,126400
20211227,13:52,8.15,8.40,8.15,8.20,2900,126400
20211227,13:53,8.25,8.45,8.20,8.25,1975,126400
20211227,13:54,8.30,8.50,8.00,8.00,6225,126950
20211227,13:55,7.90,8.40,7.90,8.25,2275,126950
20211227,13:56,8.15,8.25,8.15,8.25,1150,126950
20211227,13:57,8.25,8.35,8.15,8.30,475,126925
20211227,13:58,8.20,8.25,7.90,7.90,3525,126925
20211227,13:59,8.00,8.00,7.75,7.85,1275,126925
20211227,14:00,7.95,7.95,7.60,7.80,725,126925
20211227,14:01,7.80,7.85,7.60,7.75,2875,128375
20211227,14:02,7.75,7.75,7.35,7.60,2600,128375
20211227,14:03,7.45,7.70,7.35,7.45,4575,129375
20211227,14:04,7.45,7.65,7.35,7.55,6350,129375
20211227,14:05,7.60,7.65,7.50,7.60,2025,129375
20211227,14:06,7.55,7.60,7.45,7.60,2200,126500
20211227,14:07,7.65,7.75,7.60,7.60,425,126500
20211227,14:08,7.55,7.70,7.50,7.50,1825,126500
20211227,14:09,7.50,7.50,7.45,7.50,325,127050
20211227,14:10,7.50,7.55,7.40,7.55,1425,127050
20211227,14:11,7.55,7.55,7.45,7.50,575,127050
20211227,14:12,7.60,7.80,7.60,7.80,850,127550
20211227,14:13,7.75,7.75,7.50,7.55,1700,127550
20211227,14:14,7.55,7.80,7.50,7.80,625,127550
20211227,14:15,7.75,7.80,7.50,7.50,2350,128400
20211227,14:16,7.50,7.55,7.20,7.40,3550,128400
20211227,14:17,7.45,7.50,7.10,7.10,2025,128400
20211227,14:18,7.00,7.25,7.00,7.15,2475,128525
20211227,14:19,7.10,7.20,7.00,7.00,2725,128525
20211227,14:20,7.00,7.20,7.00,7.20,900,128525
20211227,14:21,7.25,7.25,7.00,7.05,3600,128250
20211227,14:22,7.10,7.15,6.90,7.00,2450,128250
20211227,14:23,7.00,7.00,6.90,6.90,2275,128250
20211227,14:24,6.90,7.10,6.80,7.10,1800,127650
20211227,14:25,7.10,7.10,7.00,7.00,2575,127650
20211227,14:26,6.85,7.05,6.80,6.80,1400,127650
20211227,14:27,6.90,6.90,6.90,6.90,150,127650
20211227,14:28,7.00,7.00,6.90,6.95,450,126450
20211227,14:29,7.00,7.40,7.00,7.35,3900,126450
20211227,14:30,7.45,7.50,7.20,7.25,1825,126450
20211227,14:31,7.30,7.65,7.30,7.35,3600,125000
20211227,14:32,7.40,7.45,7.25,7.40,1250,125000
20211227,14:33,7.30,7.40,7.25,7.25,2325,126000
20211227,14:34,7.25,7.35,7.05,7.15,1900,126000
20211227,14:35,7.10,7.35,7.10,7.25,3100,126000
20211227,14:36,7.25,7.40,7.20,7.40,2025,124975
20211227,14:37,7.50,7.75,7.40,7.70,3300,124975
20211227,14:38,7.65,7.75,7.60,7.65,2125,124975
20211227,14:39,7.70,7.70,7.50,7.50,675,124600
20211227,14:40,7.55,7.60,7.45,7.50,700,124600
20211227,14:41,7.45,7.60,7.45,7.60,2175,124600
20211227,14:42,7.65,7.65,7.50,7.50,775,124925
20211227,14:43,7.50,7.50,7.35,7.50,1500,124925
20211227,14:44,7.45,7.50,7.35,7.35,1600,124925
20211227,14:45,7.45,7.55,7.35,7.55,1375,125400
20211227,14:46,7.50,7.60,7.40,7.55,1050,125400
20211227,14:47,7.55,7.60,7.40,7.50,1800,125400
20211227,14:48,7.50,7.55,7.40,7.55,250,125800
20211227,14:49,7.55,7.60,7.50,7.50,3225,125800
20211227,14:50,7.55,7.60,7.50,7.60,3775,125800
20211227,14:51,7.55,7.85,7.55,7.65,2200,126025
20211227,14:52,7.70,7.90,7.70,7.85,4650,126025
20211227,14:53,7.90,7.95,7.85,7.85,3125,126025
20211227,14:54,7.80,8.00,7.80,7.95,5375,124075
20211227,14:55,7.90,7.95,7.70,7.70,2900,124075
20211227,14:56,7.70,7.75,7.50,7.55,6675,124075
20211227,14:57,7.45,7.55,7.25,7.35,2825,124075
20211227,14:58,7.35,7.40,7.15,7.40,1975,122575
20211227,14:59,7.40,7.40,7.20,7.35,1700,122575
20211227,15:00,7.50,7.50,6.95,7.05,5800,123200
20211227,15:01,7.00,7.05,6.85,6.95,2825,123200
20211227,15:02,6.95,6.95,6.75,6.80,1800,123200
20211227,15:03,6.80,7.05,6.75,6.95,3775,124200
20211227,15:04,7.00,7.25,6.90,7.20,3325,124200
20211227,15:05,7.15,7.25,7.10,7.15,1975,124200
20211227,15:06,7.15,7.55,7.15,7.45,3300,122675
20211227,15:07,7.50,7.60,7.40,7.55,2550,122675
20211227,15:08,7.50,7.50,7.25,7.35,2875,122675
20211227,15:09,7.35,7.35,7.00,7.05,3075,124225
20211227,15:10,7.00,7.10,6.85,6.95,700,124225
20211227,15:11,6.90,7.15,6.90,7.15,1475,124225
20211227,15:12,7.15,7.25,7.15,7.25,850,124150
20211227,15:13,7.20,7.25,7.00,7.00,1050,124150
20211227,15:14,7.05,7.15,7.05,7.05,1700,124150
20211227,15:15,7.05,7.20,6.95,7.10,4150,124150
20211227,15:16,7.10,7.10,6.95,7.05,4125,124100
20211227,15:17,7.05,7.10,6.85,6.85,8200,124100
20211227,15:18,6.85,7.25,6.80,7.25,3750,121025
20211227,15:19,7.15,7.25,7.10,7.20,4425,121025
20211227,15:20,7.05,7.25,6.90,6.95,6650,121025
20211227,15:21,7.00,7.10,6.80,6.90,2525,121025
20211227,15:22,6.95,7.05,6.80,6.80,2100,122675
20211227,15:23,6.85,6.95,6.85,6.95,2000,122675
20211227,15:24,6.95,7.10,6.95,7.05,3175,121900
20211227,15:25,6.95,7.10,6.75,6.85,6750,121900
20211227,15:26,6.95,7.20,6.95,7.05,6175,121900
20211227,15:27,7.05,7.05,6.65,6.70,5200,116550
20211227,15:28,6.60,7.45,6.60,7.45,10000,116550
20211227,15:29,7.50,7.60,6.55,6.55,3750,116550
20211228,09:15,9.25,9.25,7.55,8.20,10701,114325
20211228,09:16,7.95,8.30,7.65,8.25,11575,114325
20211228,09:17,8.25,8.75,7.70,8.20,7800,124700
20211228,09:18,8.25,8.85,7.95,8.05,9900,124700
20211228,09:19,8.25,8.55,8.15,8.35,11850,124700
20211228,09:20,8.35,8.45,7.70,7.80,8025,128325
20211228,09:21,7.80,8.10,7.80,7.95,2700,128325
20211228,09:22,7.90,8.00,7.65,7.65,4125,128325
20211228,09:23,7.65,7.65,7.30,7.35,2300,130275
20211228,09:24,7.40,7.60,7.35,7.50,7625,130275
20211228,09:25,7.45,7.90,7.35,7.75,6750,130275
20211228,09:26,7.75,7.80,7.45,7.70,9125,137050
20211228,09:27,7.70,7.75,7.45,7.45,20350,137050
20211228,09:28,7.50,7.60,7.30,7.45,5100,137050
20211228,09:29,7.40,7.45,7.20,7.20,5275,152050
20211228,09:30,7.20,7.20,6.90,7.15,9550,152050
20211228,09:31,7.05,7.50,7.00,7.45,3875,152050
20211228,09:32,7.50,7.50,7.25,7.30,3650,157500
20211228,09:33,7.30,7.50,7.30,7.35,2350,157500
20211228,09:34,7.35,7.50,7.30,7.40,5675,157500
20211228,09:35,7.45,7.50,7.35,7.35,3200,159400
20211228,09:36,7.45,7.55,7.25,7.55,2200,159400
20211228,09:37,7.45,7.60,7.30,7.45,6250,159400
20211228,09:38,7.40,7.55,7.35,7.45,4325,159550
20211228,09:39,7.45,7.45,7.15,7.40,8675,159550
20211228,09:40,7.45,7.55,7.30,7.50,2700,159550
20211228,09:41,7.45,7.50,7.15,7.15,3375,163950
20211228,09:42,7.10,7.40,7.05,7.35,2175,163950
20211228,09:43,7.35,7.35,7.15,7.25,1950,163950
20211228,09:44,7.25,7.40,7.20,7.20,9350,164025
20211228,09:45,7.20,7.70,7.15,7.60,5875,164025
20211228,09:46,7.65,7.65,7.30,7.35,1025,164025
20211228,09:47,7.30,7.35,7.15,7.35,3925,163900
20211228,09:48,7.30,7.45,7.20,7.30,2800,163900
20211228,09:49,7.40,7.40,7.25,7.35,5200,163900
20211228,09:50,7.40,7.45,7.30,7.30,3150,165900
20211228,09:51,7.40,7.40,7.25,7.40,3900,165900
20211228,09:52,7.35,7.45,7.30,7.35,2525,165900
20211228,09:53,7.35,7.40,7.25,7.25,7050,166350
20211228,09:54,7.30,7.30,7.20,7.25,8550,166350
20211228,09:55,7.20,7.50,7.10,7.30,13325,166350
20211228,09:56,7.25,7.40,7.25,7.30,4925,161775
20211228,09:57,7.25,7.35,7.15,7.15,3775,161775
20211228,09:58,7.15,7.20,7.10,7.10,2325,161775
20211228,09:59,7.15,7.15,7.00,7.05,2625,163550
20211228,10:00,7.15,7.15,7.00,7.05,2150,163550
20211228,10:01,7.10,7.15,7.00,7.00,2075,163550
20211228,10:02,7.05,7.20,7.05,7.15,1725,166325
20211228,10:03,7.15,7.20,7.10,7.15,625,166325
20211228,10:04,7.10,7.10,7.00,7.10,750,166325
20211228,10:05,7.05,7.15,6.95,7.05,2800,167325
20211228,10:06,7.10,7.10,6.90,6.95,2475,167325
20211228,10:07,6.90,7.05,6.90,7.05,1575,167325
20211228,10:08,7.05,7.15,6.95,7.00,1525,169950
20211228,10:09,7.00,7.05,6.85,6.85,1725,169950
20211228,10:10,6.90,7.20,6.90,7.10,725,169950
20211228,10:11,7.10,7.25,7.10,7.15,1750,170550
20211228,10:12,7.10,7.15,7.05,7.10,375,170550
20211228,10:13,7.15,7.15,7.05,7.15,300,170550
20211228,10:14,7.10,7.20,7.05,7.15,1300,170550
20211228,10:15,7.15,7.25,7.10,7.15,1325,170725
20211228,10:16,7.15,7.25,7.10,7.10,1550,170725
20211228,10:17,7.10,7.15,7.05,7.05,800,171225
20211228,10:18,7.10,7.10,6.95,6.95,1050,171225
20211228,10:19,6.95,7.00,6.90,6.90,1650,171225
20211228,10:20,6.95,7.05,6.90,6.90,825,170925
20211228,10:21,6.90,7.15,6.90,7.10,4750,170925
20211228,10:22,7.00,7.05,6.90,6.95,2900,170925
20211228,10:23,6.95,6.95,6.95,6.95,175,170925
20211228,10:24,7.05,7.05,6.95,6.95,675,172625
20211228,10:25,6.90,7.35,6.60,6.95,25950,172625
20211228,10:26,6.95,7.05,6.50,6.60,7625,175225
20211228,10:27,6.65,6.70,6.40,6.50,4625,175225
20211228,10:28,6.55,6.55,6.30,6.50,8400,175225
20211228,10:29,6.40,6.55,6.30,6.45,7350,179250
20211228,10:30,6.40,6.65,6.40,6.55,3475,179250
20211228,10:31,6.55,6.80,6.45,6.65,11875,179250
20211228,10:32,6.75,6.90,6.70,6.80,4825,185425
20211228,10:33,6.75,6.95,6.75,6.85,3650,185425
20211228,10:34,6.80,6.85,6.65,6.80,2225,185425
20211228,10:35,6.90,7.00,6.80,6.80,3225,184350
20211228,10:36,6.90,6.90,6.75,6.90,2150,184350
20211228,10:37,7.00,7.00,6.85,6.90,3050,184350
20211228,10:38,6.95,7.05,6.85,6.90,3800,184125
20211228,10:39,6.85,6.95,6.80,6.90,975,184125
20211228,10:40,6.85,6.90,6.70,6.90,1725,184125
20211228,10:41,6.90,6.90,6.75,6.90,600,184800
20211228,10:42,6.95,7.00,6.75,6.75,2400,184800
20211228,10:43,6.85,6.90,6.75,6.75,975,184800
20211228,10:44,6.80,6.85,6.70,6.85,925,185500
20211228,10:45,6.85,6.90,6.70,6.75,2800,185500
20211228,10:46,6.80,6.80,6.70,6.80,525,185500
20211228,10:47,6.85,6.85,6.70,6.70,275,186725
20211228,10:48,6.75,6.75,6.50,6.55,2125,186725
20211228,10:49,6.65,6.65,6.55,6.60,875,186725
20211228,10:50,6.65,6.70,6.55,6.65,2000,188400
20211228,10:51,6.65,6.70,6.60,6.65,2125,188400
20211228,10:52,6.70,6.75,6.65,6.65,2550,188400
20211228,10:53,6.65,6.75,6.55,6.60,5450,186025
20211228,10:54,6.60,6.70,6.40,6.60,4600,186025
20211228,10:55,6.60,6.75,6.60,6.60,1325,186025
20211228,10:56,6.70,6.70,6.60,6.70,450,186025
20211228,10:57,6.60,6.75,6.60,6.65,725,186150
20211228,10:58,6.70,6.80,6.65,6.75,2175,186150
20211228,10:59,6.75,6.75,6.65,6.65,1875,186150
20211228,11:00,6.80,6.85,6.70,6.70,4200,186800
20211228,11:01,6.75,6.90,6.75,6.75,1975,186800
20211228,11:02,6.80,6.85,6.75,6.75,300,186800
20211228,11:03,6.85,6.85,6.70,6.75,1175,187150
20211228,11:04,6.85,6.90,6.75,6.80,925,187150
20211228,11:05,6.80,6.90,6.70,6.70,3350,188450
20211228,11:06,6.65,6.70,6.60,6.60,750,188450
20211228,11:07,6.70,6.80,6.60,6.80,700,188450
20211228,11:08,6.80,6.90,6.80,6.90,1300,188450
20211228,11:09,6.90,6.90,6.80,6.85,1625,188175
20211228,11:10,6.80,6.95,6.80,6.95,725,188175
20211228,11:11,6.85,7.00,6.85,6.90,875,188175
20211228,11:12,6.90,6.95,6.90,6.90,1000,187500
20211228,11:13,6.95,6.95,6.90,6.90,450,187500
20211228,11:14,6.95,7.00,6.90,6.95,450,187500
20211228,11:15,6.95,7.00,6.95,7.00,800,187100
20211228,11:16,7.00,7.10,6.90,7.10,2250,187100
20211228,11:17,7.00,7.05,7.00,7.05,575,187100
20211228,11:18,7.00,7.10,6.95,7.10,700,186700
20211228,11:19,7.10,7.20,7.05,7.20,1000,186700
20211228,11:20,7.20,7.20,6.80,6.85,8900,186700
20211228,11:21,6.85,6.85,6.60,6.65,3350,185550
20211228,11:22,6.70,6.75,6.65,6.75,600,185550
20211228,11:23,6.75,6.75,6.65,6.65,1125,185550
20211228,11:24,6.65,6.75,6.60,6.60,1575,186000
20211228,11:25,6.70,6.70,6.35,6.45,4325,186000
20211228,11:26,6.45,6.45,6.35,6.35,750,186000
20211228,11:27,6.35,6.40,6.25,6.35,3425,183825
20211228,11:28,6.40,6.45,6.25,6.45,3800,183825
20211228,11:29,6.50,6.55,6.45,6.55,300,183825
20211228,11:30,6.60,6.60,6.45,6.45,975,183075
20211228,11:31,6.55,6.60,6.50,6.50,1225,183075
20211228,11:32,6.45,6.75,6.45,6.60,3375,183075
20211228,11:33,6.40,6.40,6.25,6.40,1750,182250
20211228,11:34,6.30,6.35,6.30,6.30,250,182250
20211228,11:35,6.35,6.50,6.30,6.50,575,182250
20211228,11:36,6.45,6.45,6.40,6.40,1125,182075
20211228,11:37,6.45,6.45,6.45,6.45,400,182075
20211228,11:38,6.45,6.50,6.40,6.45,925,182075
20211228,11:39,6.40,6.45,6.40,6.45,175,181550
20211228,11:40,6.45,6.45,6.35,6.35,750,181550
20211228,11:41,6.35,6.45,6.30,6.30,2025,181550
20211228,11:42,6.25,6.30,6.05,6.05,3300,182300
20211228,11:43,6.05,6.15,6.05,6.10,1575,182300
20211228,11:44,6.15,6.15,6.05,6.15,2000,182300
20211228,11:45,6.15,6.15,6.05,6.15,1750,180800
20211228,11:46,6.15,6.15,6.00,6.10,725,180800
20211228,11:47,6.05,6.15,6.05,6.15,300,180800
20211228,11:48,6.15,6.20,6.05,6.05,525,180500
20211228,11:49,6.05,6.10,6.05,6.10,2100,180500
20211228,11:50,6.05,6.15,6.05,6.15,750,180500
20211228,11:51,6.10,6.20,6.05,6.05,750,181450
20211228,11:52,6.00,6.10,6.00,6.05,1650,181450
20211228,11:53,6.00,6.05,5.95,5.95,375,181450
20211228,11:54,5.90,5.90,5.85,5.85,1075,179850
20211228,11:55,5.85,5.90,5.75,5.85,3975,179850
20211228,11:56,5.95,6.00,5.90,6.00,4500,179850
20211228,11:57,6.05,6.05,5.90,5.95,4375,177875
20211228,11:58,6.00,6.00,5.85,5.90,7000,177875
20211228,11:59,5.90,5.95,5.90,5.95,300,177875
20211228,12:00,5.95,6.00,5.90,6.00,2400,175800
20211228,12:01,6.00,6.00,5.90,6.00,5725,175800
20211228,12:02,5.90,6.00,5.90,6.00,5425,175800
20211228,12:03,6.05,6.05,5.80,5.80,4775,176975
20211228,12:04,5.80,5.90,5.80,5.80,2025,176975
20211228,12:05,5.85,5.85,5.80,5.80,2150,176975
20211228,12:06,5.90,5.95,5.85,5.85,750,175425
20211228,12:07,5.95,5.95,5.80,5.80,850,175425
20211228,12:08,5.85,5.95,5.80,5.85,3425,175425
20211228,12:09,5.95,6.00,5.90,5.95,775,177250
20211228,12:10,5.90,6.00,5.90,5.95,1600,177250
20211228,12:11,5.90,5.90,5.85,5.90,1775,177250
20211228,12:12,5.95,6.00,5.80,5.85,1675,177050
20211228,12:13,5.80,5.95,5.80,5.90,1250,177050
20211228,12:14,5.90,6.05,5.85,6.05,975,177050
20211228,12:15,6.00,6.05,5.75,5.75,3275,176150
20211228,12:16,5.75,6.10,5.75,6.05,4200,176150
20211228,12:17,6.05,6.05,6.00,6.05,1800,176150
20211228,12:18,6.00,6.05,5.95,5.95,1325,176575
20211228,12:19,6.00,6.05,5.85,5.95,2200,176575
20211228,12:20,5.95,5.95,5.90,5.90,275,176575
20211228,12:21,5.95,5.95,5.85,5.85,825,176950
20211228,12:22,5.95,5.95,5.85,5.90,2100,176950
20211228,12:23,5.95,5.95,5.80,5.85,625,176950
20211228,12:24,5.95,5.95,5.90,5.90,1300,177950
20211228,12:25,6.00,6.00,5.95,5.95,675,177950
20211228,12:26,5.90,5.95,5.85,5.95,4525,177950
20211228,12:27,5.90,5.95,5.90,5.95,1550,174225
20211228,12:28,5.95,6.00,5.95,6.00,700,174225
20211228,12:29,6.00,6.00,5.90,6.00,2225,174225
20211228,12:30,6.00,6.00,5.85,5.90,2975,172900
20211228,12:31,5.85,5.95,5.80,5.95,3450,172900
20211228,12:32,5.85,5.95,5.85,5.90,250,172900
20211228,12:33,5.90,5.90,5.90,5.90,25,172900
20211228,12:34,5.95,5.95,5.95,5.95,450,173900
20211228,12:35,5.90,5.95,5.90,5.95,350,173900
20211228,12:36,6.00,6.00,5.95,5.95,250,173750
20211228,12:37,5.95,6.05,5.95,5.95,1850,173750
20211228,12:38,6.05,6.05,6.00,6.05,1050,173750
20211228,12:39,6.00,6.20,5.85,5.85,6775,172400
20211228,12:40,5.90,5.90,5.80,5.85,5350,172400
20211228,12:41,5.80,6.00,5.80,6.00,425,172400
20211228,12:42,5.95,6.10,5.95,6.10,100,166450
20211228,12:43,6.15,6.20,6.00,6.05,4025,166450
20211228,12:44,6.00,6.00,5.95,5.95,800,166450
20211228,12:45,6.05,6.05,5.95,6.00,850,164525
20211228,12:46,6.00,6.00,6.00,6.00,400,164525
20211228,12:47,6.00,6.10,6.00,6.10,2000,164525
20211228,12:48,6.10,6.10,6.00,6.00,350,163625
20211228,12:49,6.10,6.15,6.00,6.15,1625,163625
20211228,12:50,6.15,6.15,6.00,6.10,2300,163625
20211228,12:51,6.05,6.05,5.95,6.00,750,161675
20211228,12:52,6.00,6.00,5.80,5.80,2650,161675
20211228,12:53,5.85,5.90,5.75,5.85,2600,161675
20211228,12:54,5.80,5.85,5.75,5.75,3700,158450
20211228,12:55,5.75,5.95,5.70,5.85,1275,158450
20211228,12:56,5.85,6.05,5.85,6.00,1075,158450
20211228,12:57,5.95,6.00,5.90,6.00,1325,158225
20211228,12:58,6.00,6.05,5.95,6.05,825,158225
20211228,12:59,6.05,6.05,6.05,6.05,250,158225
20211228,13:00,6.05,6.15,6.00,6.05,2575,157875
20211228,13:01,6.15,6.15,6.00,6.15,2375,157875
20211228,13:02,6.15,6.15,6.05,6.05,400,157875
20211228,13:03,6.15,6.15,5.60,5.85,6750,156175
20211228,13:04,5.70,5.85,5.65,5.80,1525,156175
20211228,13:05,5.75,5.85,5.75,5.85,4500,156175
20211228,13:06,5.90,5.95,5.75,5.85,6925,154775
20211228,13:07,5.90,6.00,5.80,5.80,1225,154775
20211228,13:08,5.85,5.85,5.80,5.85,2100,154775
20211228,13:09,5.85,5.90,5.70,5.75,4300,158175
20211228,13:10,5.80,5.80,5.65,5.70,500,158175
20211228,13:11,5.65,5.80,5.60,5.75,1275,158175
20211228,13:12,5.85,5.85,5.75,5.80,1175,159550
20211228,13:13,5.80,5.80,5.75,5.75,4975,159550
20211228,13:14,5.85,5.95,5.80,5.85,2050,159550
20211228,13:15,5.85,5.95,5.75,5.95,2100,165450
20211228,13:16,5.90,5.95,5.90,5.90,1375,165450
20211228,13:17,5.90,5.90,5.70,5.80,1350,165450
20211228,13:18,5.80,5.85,5.65,5.65,1975,164775
20211228,13:19,5.70,5.85,5.70,5.85,625,164775
20211228,13:20,5.85,5.85,5.85,5.85,75,164775
20211228,13:21,5.85,5.90,5.70,5.75,2500,163975
20211228,13:22,5.75,5.80,5.75,5.80,250,163975
20211228,13:23,5.85,5.85,5.75,5.80,1250,163975
20211228,13:24,5.80,6.10,5.80,6.05,5425,163225
20211228,13:25,6.15,6.15,5.90,6.00,1950,163225
20211228,13:26,6.00,6.10,6.00,6.10,450,163225
20211228,13:27,6.05,6.05,5.95,6.00,575,164200
20211228,13:28,5.95,6.05,5.85,5.85,900,164200
20211228,13:29,5.90,6.05,5.90,6.00,1125,164200
20211228,13:30,6.05,6.05,5.90,6.00,1750,163725
20211228,13:31,6.00,6.05,5.95,5.95,225,163725
20211228,13:32,6.05,6.05,5.95,5.95,2650,163725
20211228,13:33,5.95,6.00,5.85,5.85,3500,163425
20211228,13:34,5.95,6.05,5.95,6.05,1275,163425
20211228,13:35,6.00,6.00,5.90,5.95,725,163425
20211228,13:36,5.95,5.95,5.85,5.85,375,165300
20211228,13:37,5.95,5.95,5.90,5.90,675,165300
20211228,13:38,5.95,5.95,5.85,5.85,425,165300
20211228,13:39,5.95,5.95,5.85,5.85,200,165050
20211228,13:40,5.90,5.95,5.90,5.95,275,165050
20211228,13:41,5.90,5.95,5.75,5.75,2800,165050
20211228,13:42,5.75,5.75,5.75,5.75,525,163025
20211228,13:43,5.75,5.75,5.75,5.75,75,163025
20211228,13:44,5.80,5.85,5.80,5.85,325,163025
20211228,13:45,5.75,5.80,5.75,5.80,225,163025
20211228,13:46,5.80,5.90,5.80,5.80,1400,163100
20211228,13:47,5.85,5.85,5.80,5.85,650,163100
20211228,13:48,5.80,5.90,5.80,5.85,1750,163125
20211228,13:49,5.85,5.85,5.80,5.80,3900,163125
20211228,13:50,5.75,5.90,5.75,5.85,1000,163125
20211228,13:51,5.90,5.90,5.80,5.90,1950,166625
20211228,13:52,5.85,5.90,5.80,5.80,5025,166625
20211228,13:53,5.85,5.85,5.80,5.80,875,166625
20211228,13:54,5.80,5.80,5.75,5.75,875,168075
20211228,13:55,5.85,5.85,5.80,5.80,75,168075
20211228,13:56,5.85,5.85,5.85,5.85,50,168075
20211228,13:57,5.90,5.90,5.90,5.90,675,168050
20211228,13:58,5.90,5.95,5.85,5.90,1250,168050
20211228,13:59,5.90,6.00,5.85,5.90,1050,168050
20211228,14:00,5.90,6.15,5.85,6.00,1100,167500
20211228,14:01,6.05,6.05,5.85,5.85,1475,167500
20211228,14:02,5.90,5.90,5.80,5.80,2625,167500
20211228,14:03,5.75,5.90,5.65,5.75,3575,168200
20211228,14:04,5.80,5.85,5.75,5.75,725,168200
20211228,14:05,5.70,5.75,5.65,5.75,1025,168200
20211228,14:06,5.70,5.80,5.70,5.75,700,167200
20211228,14:07,5.70,5.70,5.70,5.70,125,167200
20211228,14:08,5.70,5.80,5.70,5.80,200,167200
20211228,14:09,5.80,5.80,5.75,5.80,650,166875
20211228,14:10,5.90,5.95,5.80,5.85,7175,166875
20211228,14:11,5.85,5.90,5.75,5.75,1825,166875
20211228,14:12,5.75,5.80,5.75,5.75,325,165475
20211228,14:13,5.70,5.75,5.70,5.70,550,165475
20211228,14:14,5.80,5.80,5.70,5.70,150,165475
20211228,14:15,5.70,5.75,5.65,5.70,275,165275
20211228,14:16,5.70,5.80,5.70,5.75,600,165275
20211228,14:17,5.75,5.80,5.70,5.70,375,165275
20211228,14:18,5.75,5.75,5.70,5.70,225,164975
20211228,14:19,5.80,5.85,5.70,5.70,600,164975
20211228,14:20,5.75,5.90,5.75,5.80,3425,164975
20211228,14:21,5.80,5.85,5.75,5.85,1350,164500
20211228,14:22,5.80,5.85,5.80,5.85,225,164500
20211228,14:23,5.85,5.85,5.45,5.65,6375,164500
20211228,14:24,5.70,5.70,5.60,5.60,1250,163475
20211228,14:25,5.65,5.65,5.60,5.65,850,163475
20211228,14:26,5.60,5.65,5.55,5.55,5050,163475
20211228,14:27,5.55,5.70,5.55,5.70,1750,163475
20211228,14:28,5.70,5.70,5.60,5.60,475,162550
20211228,14:29,5.60,5.65,5.60,5.65,175,162550
20211228,14:30,5.55,5.70,5.55,5.70,1300,162125
20211228,14:31,5.70,5.75,5.55,5.65,12425,162125
20211228,14:32,5.65,5.75,5.65,5.75,4625,162125
20211228,14:33,5.75,5.75,5.70,5.75,600,156375
20211228,14:34,5.65,5.70,5.60,5.65,950,156375
20211228,14:35,5.60,5.65,5.40,5.55,1350,156375
20211228,14:36,5.55,5.65,5.50,5.60,1250,155750
20211228,14:37,5.60,5.60,5.45,5.55,3075,155750
20211228,14:38,5.45,5.65,5.40,5.60,2900,155750
20211228,14:39,5.55,5.75,5.55,5.60,1950,156725
20211228,14:40,5.65,5.65,5.50,5.60,3425,156725
20211228,14:41,5.55,5.65,5.35,5.60,7725,156725
20211228,14:42,5.60,5.60,5.40,5.45,3075,158375
20211228,14:43,5.45,5.50,5.40,5.45,5000,158375
20211228,14:44,5.40,5.50,5.40,5.50,3350,158375
20211228,14:45,5.50,5.50,5.40,5.45,2075,156175
20211228,14:46,5.50,5.65,5.45,5.45,1525,156175
20211228,14:47,5.45,5.60,5.35,5.40,1675,156175
20211228,14:48,5.35,5.40,5.25,5.30,2375,156250
20211228,14:49,5.30,5.60,5.30,5.45,6450,156250
20211228,14:50,5.40,5.60,5.40,5.45,3600,156250
20211228,14:51,5.45,5.45,5.30,5.35,2825,154875
20211228,14:52,5.35,5.35,5.25,5.35,1375,154875
20211228,14:53,5.40,5.40,5.20,5.20,2350,154875
20211228,14:54,5.25,5.25,5.15,5.20,1550,154525
20211228,14:55,5.20,5.25,5.10,5.10,2100,154525
20211228,14:56,5.10,5.25,5.10,5.15,2150,154525
20211228,14:57,5.15,5.15,5.05,5.10,3625,153250
20211228,14:58,5.10,5.10,5.05,5.10,1425,153250
20211228,14:59,5.15,5.15,5.05,5.05,2325,153250
20211228,15:00,5.10,5.20,5.00,5.05,20100,145750
20211228,15:01,5.05,5.10,4.80,4.95,15075,145750
20211228,15:02,4.90,4.95,4.80,4.95,4800,145750
20211228,15:03,4.90,5.00,4.85,4.95,2200,145750
20211228,15:04,5.00,5.00,4.90,4.95,1525,140750
20211228,15:05,5.00,5.05,4.95,4.95,2050,140750
20211228,15:06,4.95,4.95,4.80,4.85,825,141300
20211228,15:07,4.90,4.95,4.85,4.90,3900,141300
20211228,15:08,4.95,4.95,4.85,4.90,2425,141300
20211228,15:09,4.90,4.95,4.90,4.90,4700,141075
20211228,15:10,4.95,4.95,4.80,4.85,3675,141075
20211228,15:11,4.85,5.15,4.85,5.00,10250,141075
20211228,15:12,5.10,5.15,4.95,4.95,2000,146100
20211228,15:13,5.00,5.15,4.90,5.15,3700,146100
20211228,15:14,5.15,5.30,5.10,5.20,3525,146100
20211228,15:15,5.15,5.50,5.15,5.45,5775,147000
20211228,15:16,5.40,5.60,5.20,5.35,8700,147000
20211228,15:17,5.40,5.60,5.40,5.60,3775,147000
20211228,15:18,5.50,5.70,5.45,5.45,2400,148350
20211228,15:19,5.50,5.50,5.30,5.40,4325,148350
20211228,15:20,5.40,5.50,5.00,5.05,8850,148350
20211228,15:21,5.10,5.10,4.90,5.05,9850,148350
20211228,15:22,5.00,5.00,4.75,4.80,3100,141575
20211228,15:23,4.75,4.90,4.70,4.80,3150,141575
20211228,15:24,4.80,4.90,4.80,4.85,950,141575
20211228,15:25,4.80,4.80,4.55,4.80,17950,141450
20211228,15:26,4.85,4.95,4.70,4.80,5175,141450
20211228,15:27,4.75,4.85,4.60,4.60,8425,139100
20211228,15:28,4.65,4.85,4.60,4.80,5375,139100
20211228,15:29,4.70,4.80,4.45,4.45,7475,139100
20211229,09:15,4.45,4.45,3.00,4.15,17901,138350
20211229,09:16,4.05,4.30,4.00,4.05,7600,138350
20211229,09:17,4.05,4.75,4.00,4.40,14000,145225
20211229,09:18,4.40,4.55,4.25,4.25,14850,145225
20211229,09:19,4.25,4.50,4.20,4.35,10150,145225
20211229,09:20,4.40,4.45,4.20,4.25,10550,145125
20211229,09:21,4.30,4.40,4.20,4.25,11200,145125
20211229,09:22,4.20,4.25,4.05,4.15,5075,145125
20211229,09:23,4.10,4.30,4.05,4.05,4400,145925
20211229,09:24,4.05,4.15,4.00,4.00,3625,145925
20211229,09:25,4.05,4.10,3.95,4.00,4425,145925
20211229,09:26,4.05,4.05,3.95,4.05,6325,149675
20211229,09:27,4.00,4.05,3.95,3.95,6375,149675
20211229,09:28,4.00,4.00,3.65,3.65,5575,149675
20211229,09:29,3.70,3.80,3.60,3.70,4775,152275
20211229,09:30,3.70,3.90,3.70,3.80,4100,152275
20211229,09:31,3.90,3.90,3.80,3.80,2150,152275
20211229,09:32,3.85,3.90,3.75,3.75,5500,149825
20211229,09:33,3.80,3.85,3.70,3.70,3775,149825
20211229,09:34,3.70,3.75,3.60,3.60,6525,149825
20211229,09:35,3.60,3.80,3.60,3.75,4850,152200
20211229,09:36,3.70,3.80,3.65,3.65,3675,152200
20211229,09:37,3.65,3.70,3.60,3.70,2450,152200
20211229,09:38,3.70,3.70,3.65,3.70,600,151275
20211229,09:39,3.70,3.75,3.70,3.75,1250,151275
20211229,09:40,3.75,3.80,3.65,3.70,1675,151275
20211229,09:41,3.70,3.80,3.65,3.70,5050,152100
20211229,09:42,3.75,3.80,3.70,3.75,2125,152100
20211229,09:43,3.70,3.80,3.65,3.80,3975,152100
20211229,09:44,3.85,3.95,3.80,3.80,5800,154950
20211229,09:45,3.80,3.90,3.80,3.85,3550,154950
20211229,09:46,3.85,3.90,3.80,3.85,5325,154950
20211229,09:47,3.85,3.85,3.75,3.75,4800,153950
20211229,09:48,3.70,3.75,3.60,3.75,5600,153950
20211229,09:49,3.80,3.85,3.75,3.85,10450,153950
20211229,09:50,3.85,3.90,3.75,3.75,2650,153950
20211229,09:51,3.75,3.75,3.70,3.70,1250,158050
20211229,09:52,3.75,3.75,3.70,3.70,300,158050
20211229,09:53,3.75,3.80,3.75,3.80,775,158050
20211229,09:54,3.70,3.80,3.65,3.65,1375,158675
20211229,09:55,3.70,3.70,3.55,3.60,3175,158675
20211229,09:56,3.55,3.60,3.50,3.55,6150,155550
20211229,09:57,3.50,3.55,3.50,3.55,850,155550
20211229,09:58,3.50,3.65,3.50,3.60,275,155550
20211229,09:59,3.55,3.60,3.50,3.50,1375,155800
20211229,10:00,3.55,3.60,3.50,3.50,3000,155800
20211229,10:01,3.55,3.65,3.45,3.55,5075,155800
20211229,10:02,3.55,3.65,3.50,3.60,2725,160550
20211229,10:03,3.55,3.55,3.50,3.50,1625,160550
20211229,10:04,3.55,3.55,3.50,3.50,1275,160550
20211229,10:05,3.50,3.60,3.50,3.60,1200,162125
20211229,10:06,3.60,3.65,3.40,3.40,4975,162125
20211229,10:07,3.50,3.55,3.45,3.45,4050,162125
20211229,10:08,3.45,3.50,3.45,3.50,475,162125
20211229,10:09,3.45,3.45,3.35,3.40,1200,163250
20211229,10:10,3.45,3.45,3.30,3.30,2575,163250
20211229,10:11,3.35,3.35,3.35,3.35,1375,163800
20211229,10:12,3.30,3.40,3.25,3.25,1675,163800
20211229,10:13,3.30,3.40,3.25,3.35,1400,163800
20211229,10:14,3.35,3.40,3.35,3.35,1350,163800
20211229,10:15,3.40,3.65,3.40,3.60,10975,164175
20211229,10:16,3.60,3.65,3.45,3.50,2650,164175
20211229,10:17,3.50,3.55,3.45,3.55,3125,167175
20211229,10:18,3.55,3.60,3.45,3.50,4175,167175
20211229,10:19,3.50,3.50,3.40,3.45,1775,167175
20211229,10:20,3.55,3.55,3.40,3.40,3225,168775
20211229,10:21,3.50,3.65,3.50,3.65,3000,168775
20211229,10:22,3.70,3.70,3.60,3.60,1300,168775
20211229,10:23,3.60,3.70,3.60,3.60,3175,171275
20211229,10:24,3.65,3.70,3.60,3.60,1025,171275
20211229,10:25,3.70,3.75,3.60,3.65,1825,171275
20211229,10:26,3.70,3.80,3.65,3.70,7300,172375
20211229,10:27,3.70,3.70,3.60,3.65,1225,172375
20211229,10:28,3.60,3.75,3.60,3.60,2075,172375
20211229,10:29,3.70,3.70,3.60,3.65,1750,172250
20211229,10:30,3.70,3.90,3.70,3.90,7575,172250
20211229,10:31,3.85,3.95,3.85,3.95,2625,172250
20211229,10:32,3.90,3.90,3.85,3.85,3975,173575
20211229,10:33,3.90,3.90,3.75,3.75,2000,173575
20211229,10:34,3.80,3.80,3.75,3.75,1225,173575
20211229,10:35,3.75,3.95,3.75,3.90,5475,175525
20211229,10:36,3.85,3.90,3.75,3.80,2650,175525
20211229,10:37,3.90,3.95,3.80,3.95,1025,175525
20211229,10:38,3.85,3.95,3.80,3.85,1825,176175
20211229,10:39,3.90,3.95,3.85,3.85,2700,176175
20211229,10:40,3.90,4.05,3.85,3.90,12650,176175
20211229,10:41,3.95,3.95,3.85,3.90,1400,176175
20211229,10:42,3.90,3.95,3.90,3.90,2275,183175
20211229,10:43,3.90,3.95,3.80,3.85,4275,183175
20211229,10:44,3.85,3.90,3.70,3.75,3625,184600
20211229,10:45,3.75,3.85,3.70,3.80,1275,184600
20211229,10:46,3.85,3.85,3.70,3.70,1975,184600
20211229,10:47,3.70,3.75,3.65,3.70,1075,184600
20211229,10:48,3.70,3.75,3.70,3.75,100,184600
20211229,10:49,3.70,3.75,3.65,3.65,4225,184600
20211229,10:50,3.65,3.70,3.65,3.65,725,184600
20211229,10:51,3.70,3.70,3.65,3.70,575,183150
20211229,10:52,3.70,3.70,3.70,3.70,100,183150
20211229,10:53,3.70,3.70,3.70,3.70,125,183150
20211229,10:54,3.65,3.75,3.65,3.75,350,183825
20211229,10:55,3.70,3.75,3.70,3.70,1225,183825
20211229,10:56,3.65,3.75,3.65,3.70,375,183825
20211229,10:57,3.70,3.70,3.65,3.70,325,184400
20211229,10:58,3.70,3.70,3.55,3.65,1075,184400
20211229,10:59,3.60,3.65,3.55,3.65,1500,184400
20211229,11:00,3.60,3.70,3.50,3.60,5300,184750
20211229,11:01,3.65,3.75,3.60,3.70,1400,184750
20211229,11:02,3.70,3.75,3.65,3.70,2650,184750
20211229,11:03,3.70,3.75,3.65,3.75,1325,184050
20211229,11:04,3.70,3.80,3.65,3.70,1775,184050
20211229,11:05,3.80,3.80,3.65,3.75,925,184050
20211229,11:06,3.75,3.75,3.65,3.75,1825,184500
20211229,11:07,3.75,3.85,3.65,3.70,3875,184500
20211229,11:08,3.65,3.75,3.65,3.70,2750,184500
20211229,11:09,3.70,3.75,3.70,3.70,375,183675
20211229,11:10,3.70,3.85,3.70,3.80,1050,183675
20211229,11:11,3.85,3.90,3.75,3.85,2025,183675
20211229,11:12,3.85,3.85,3.75,3.80,1050,182625
20211229,11:13,3.75,3.80,3.70,3.70,700,182625
20211229,11:14,3.70,3.75,3.65,3.65,1925,182625
20211229,11:15,3.65,3.70,3.55,3.55,1750,181050
20211229,11:16,3.65,3.70,3.65,3.65,1025,181050
20211229,11:17,3.65,3.80,3.60,3.60,2250,181050
20211229,11:18,3.60,3.65,3.50,3.55,1475,180175
20211229,11:19,3.50,3.65,3.50,3.65,1625,180175
20211229,11:20,3.60,3.60,3.55,3.55,325,180175
20211229,11:21,3.55,3.60,3.55,3.60,675,179250
20211229,11:22,3.55,3.60,3.55,3.60,150,179250
20211229,11:23,3.60,3.65,3.60,3.65,1350,179250
20211229,11:24,3.65,3.70,3.55,3.55,800,179400
20211229,11:25,3.60,3.60,3.55,3.55,650,179400
20211229,11:26,3.55,3.55,3.50,3.55,1775,179400
20211229,11:27,3.50,3.55,3.50,3.55,500,179400
20211229,11:28,3.50,3.60,3.45,3.45,1775,179850
20211229,11:29,3.45,3.50,3.45,3.50,250,179850
20211229,11:30,3.50,3.55,3.45,3.50,4750,179825
20211229,11:31,3.55,3.55,3.50,3.50,1125,179825
20211229,11:32,3.65,3.65,3.55,3.60,1100,179825
20211229,11:33,3.60,3.65,3.60,3.60,75,181125
20211229,11:34,3.65,3.65,3.60,3.60,250,181125
20211229,11:35,3.65,3.70,3.65,3.70,625,181125
20211229,11:36,3.70,3.70,3.55,3.55,2475,181350
20211229,11:37,3.60,3.70,3.55,3.60,1125,181350
20211229,11:38,3.65,3.65,3.65,3.65,225,181350
20211229,11:39,3.70,3.80,3.70,3.80,400,183025
20211229,11:40,3.80,3.85,3.80,3.85,1250,183025
20211229,11:41,3.85,3.90,3.80,3.80,950,183025
20211229,11:42,3.80,3.80,3.65,3.70,3275,183075
20211229,11:43,3.70,3.80,3.70,3.70,900,183075
20211229,11:44,3.70,3.80,3.65,3.65,2125,183075
20211229,11:45,3.70,3.70,3.65,3.70,1650,184975
20211229,11:46,3.75,3.75,3.70,3.70,525,184975
20211229,11:47,3.75,3.80,3.70,3.80,2150,184975
20211229,11:48,3.80,3.85,3.70,3.80,1350,184450
20211229,11:49,3.80,3.80,3.80,3.80,200,184450
20211229,11:50,3.80,3.80,3.80,3.80,150,184450
20211229,11:51,3.85,3.90,3.85,3.90,525,184550
20211229,11:52,3.90,4.00,3.85,3.90,1325,184550
20211229,11:53,3.85,3.90,3.75,3.75,225,184550
20211229,11:54,3.85,3.85,3.80,3.80,525,183875
20211229,11:55,3.80,3.90,3.80,3.90,275,183875
20211229,11:56,3.85,3.85,3.85,3.85,100,183875
20211229,11:57,3.85,3.85,3.85,3.85,325,183550
20211229,11:59,3.85,3.85,3.85,3.85,150,183550
20211229,12:00,3.80,3.95,3.80,3.85,1575,183675
20211229,12:01,3.80,3.90,3.80,3.90,1000,183675
20211229,12:02,3.90,3.95,3.90,3.95,1550,183675
20211229,12:03,3.95,3.95,3.85,3.90,1250,184800
20211229,12:04,3.85,3.85,3.80,3.85,625,184800
20211229,12:05,3.90,3.95,3.90,3.95,275,184800
20211229,12:06,3.95,3.95,3.75,3.85,875,185000
20211229,12:07,3.90,3.90,3.85,3.90,350,185000
20211229,12:08,3.85,3.85,3.85,3.85,1550,185000
20211229,12:09,3.90,3.95,3.90,3.90,1675,184875
20211229,12:10,3.90,3.90,3.85,3.85,325,184875
20211229,12:11,3.95,3.95,3.90,3.90,900,184875
20211229,12:12,3.90,3.90,3.85,3.85,600,184175
20211229,12:13,3.85,3.85,3.80,3.80,2400,184175
20211229,12:14,3.80,3.80,3.75,3.75,1350,184175
20211229,12:15,3.75,3.80,3.75,3.75,3225,184250
20211229,12:16,3.80,3.80,3.75,3.75,1000,184250
20211229,12:18,3.75,3.80,3.75,3.80,100,184700
20211229,12:19,3.75,3.75,3.75,3.75,25,184700
20211229,12:20,3.75,3.75,3.75,3.75,25,184700
20211229,12:21,3.80,3.80,3.80,3.80,50,184575
20211229,12:22,3.85,3.90,3.85,3.90,425,184575
20211229,12:23,3.85,3.85,3.85,3.85,375,184575
20211229,12:24,3.80,3.80,3.80,3.80,25,184575
20211229,12:25,3.85,3.95,3.85,3.90,575,184650
20211229,12:26,3.90,3.95,3.90,3.90,1250,184650
20211229,12:27,3.85,3.90,3.85,3.90,975,184100
20211229,12:28,3.85,3.85,3.85,3.85,500,184100
20211229,12:29,3.85,3.85,3.80,3.85,800,184100
20211229,12:30,3.85,3.85,3.75,3.80,3000,183100
20211229,12:31,3.80,3.85,3.75,3.80,250,183100
20211229,12:32,3.80,3.80,3.70,3.70,450,183100
20211229,12:33,3.70,3.70,3.65,3.65,375,183050
20211229,12:34,3.70,3.70,3.45,3.60,4425,183050
20211229,12:35,3.60,3.65,3.60,3.65,1500,183050
20211229,12:36,3.70,3.75,3.65,3.75,375,183050
20211229,12:37,3.65,3.65,3.60,3.60,800,182650
20211229,12:38,3.60,3.65,3.60,3.65,500,182650
20211229,12:39,3.60,3.65,3.60,3.60,225,183025
20211229,12:40,3.65,3.70,3.65,3.65,625,183025
20211229,12:41,3.60,3.60,3.60,3.60,25,183025
20211229,12:42,3.60,3.65,3.60,3.65,125,183300
20211229,12:43,3.60,3.60,3.60,3.60,125,183300
20211229,12:45,3.60,3.60,3.60,3.60,200,183375
20211229,12:46,3.50,3.55,3.50,3.55,475,183375
20211229,12:47,3.55,3.60,3.55,3.55,2150,183375
20211229,12:48,3.55,3.60,3.55,3.60,1300,182675
20211229,12:49,3.55,3.55,3.50,3.50,575,182675
20211229,12:50,3.50,3.55,3.50,3.50,1450,182675
20211229,12:51,3.50,3.60,3.50,3.50,1200,182125
20211229,12:52,3.55,3.55,3.50,3.50,1775,182125
20211229,12:53,3.50,3.50,3.40,3.40,1925,182125
20211229,12:54,3.40,3.45,3.40,3.45,1200,178350
20211229,12:55,3.40,3.40,3.35,3.40,850,178350
20211229,12:56,3.40,3.50,3.35,3.50,6825,178350
20211229,12:57,3.45,3.50,3.35,3.40,15375,184825
20211229,12:58,3.40,3.50,3.40,3.50,3000,184825
20211229,12:59,3.40,3.50,3.40,3.50,1700,184825
20211229,13:00,3.55,3.55,3.40,3.45,5350,188250
20211229,13:01,3.50,3.50,3.40,3.45,5575,188250
20211229,13:02,3.45,3.50,3.35,3.35,3550,188250
20211229,13:03,3.30,3.35,3.25,3.30,3375,188950
20211229,13:04,3.35,3.35,3.25,3.25,4875,188950
20211229,13:05,3.40,3.45,3.35,3.40,4500,188950
20211229,13:06,3.40,3.40,3.35,3.40,2700,187675
20211229,13:07,3.35,3.45,3.35,3.45,625,187675
20211229,13:08,3.40,3.45,3.35,3.35,1475,187675
20211229,13:09,3.30,3.30,3.25,3.30,750,189150
20211229,13:10,3.20,3.30,3.20,3.30,900,189150
20211229,13:11,3.30,3.30,3.20,3.25,875,189150
20211229,13:12,3.20,3.25,3.20,3.25,775,188625
20211229,13:13,3.20,3.20,3.15,3.15,175,188625
20211229,13:14,3.20,3.20,3.15,3.15,225,188625
20211229,13:15,3.20,3.25,3.20,3.25,700,188575
20211229,13:16,3.25,3.30,3.25,3.25,1675,188575
20211229,13:17,3.25,3.30,3.25,3.30,50,188575
20211229,13:18,3.30,3.35,3.20,3.20,3325,189850
20211229,13:19,3.25,3.25,3.20,3.25,550,189850
20211229,13:20,3.25,3.30,3.20,3.25,1500,189850
20211229,13:21,3.25,3.30,3.25,3.30,325,189525
20211229,13:22,3.30,3.35,3.25,3.35,1075,189525
20211229,13:23,3.35,3.35,3.30,3.30,300,189525
20211229,13:24,3.35,3.35,3.25,3.30,600,189525
20211229,13:25,3.35,3.35,3.30,3.30,425,189825
20211229,13:26,3.35,3.35,3.30,3.35,225,189825
20211229,13:27,3.40,3.40,3.30,3.30,600,190025
20211229,13:28,3.30,3.30,3.30,3.30,775,190025
20211229,13:29,3.30,3.35,3.25,3.25,250,190025
20211229,13:30,3.25,3.30,3.20,3.25,425,190150
20211229,13:31,3.30,3.30,3.30,3.30,425,190150
20211229,13:32,3.35,3.35,3.30,3.30,325,190150
20211229,13:33,3.30,3.35,3.30,3.35,350,190375
20211229,13:34,3.40,3.45,3.40,3.45,375,190375
20211229,13:35,3.40,3.40,3.35,3.40,450,190375
20211229,13:36,3.35,3.35,3.35,3.35,225,190250
20211229,13:37,3.40,3.45,3.40,3.45,475,190250
20211229,13:38,3.45,3.45,3.40,3.40,625,190250
20211229,13:39,3.45,3.45,3.40,3.40,1100,190625
20211229,13:40,3.40,3.40,3.40,3.40,250,190625
20211229,13:41,3.45,3.45,3.40,3.40,125,190625
20211229,13:42,3.40,3.40,3.40,3.40,225,190625
20211229,13:43,3.35,3.40,3.35,3.40,75,190425
20211229,13:44,3.35,3.40,3.35,3.35,600,190425
20211229,13:45,3.40,3.40,3.35,3.35,50,190425
20211229,13:46,3.40,3.40,3.40,3.40,200,190675
20211229,13:48,3.35,3.35,3.35,3.35,400,190675
20211229,13:49,3.40,3.40,3.35,3.40,550,190675
20211229,13:50,3.40,3.40,3.35,3.35,875,190675
20211229,13:51,3.35,3.35,3.30,3.35,500,190375
20211229,13:52,3.35,3.45,3.35,3.40,925,190375
20211229,13:53,3.45,3.45,3.35,3.35,325,190375
20211229,13:54,3.40,3.40,3.40,3.40,50,190375
20211229,13:55,3.40,3.40,3.35,3.35,300,190775
20211229,13:56,3.35,3.35,3.35,3.35,300,190775
20211229,13:57,3.40,3.50,3.40,3.45,1750,190650
20211229,13:58,3.45,3.45,3.40,3.40,1275,190650
20211229,13:59,3.45,3.45,3.45,3.45,50,190650
20211229,14:00,3.45,3.45,3.20,3.30,6325,189775
20211229,14:01,3.35,3.50,3.30,3.40,6200,189775
20211229,14:02,3.45,3.45,3.30,3.30,1975,189775
20211229,14:03,3.30,3.40,3.30,3.35,1500,189450
20211229,14:04,3.40,3.55,3.30,3.55,3425,189450
20211229,14:05,3.60,3.60,3.45,3.50,2700,189450
20211229,14:06,3.50,3.50,3.45,3.45,1350,190100
20211229,14:07,3.50,3.50,3.40,3.40,2025,190100
20211229,14:08,3.45,3.45,3.40,3.40,1300,190100
20211229,14:09,3.40,3.45,3.40,3.40,2600,189625
20211229,14:10,3.40,3.45,3.35,3.40,1600,189625
20211229,14:11,3.35,3.45,3.30,3.30,3625,189625
20211229,14:12,3.35,3.40,3.30,3.35,300,190050
20211229,14:13,3.35,3.35,3.25,3.25,2450,190050
20211229,14:14,3.30,3.35,3.30,3.30,800,190050
20211229,14:15,3.40,3.40,3.30,3.30,1525,189825
20211229,14:16,3.30,3.55,3.30,3.55,6300,189825
20211229,14:17,3.55,3.60,3.50,3.50,1500,189825
20211229,14:18,3.50,3.55,3.40,3.45,1775,187925
20211229,14:19,3.50,3.50,3.50,3.50,1550,187925
20211229,14:20,3.50,3.50,3.35,3.35,3825,187925
20211229,14:21,3.35,3.45,3.25,3.45,4275,188775
20211229,14:22,3.35,3.45,3.35,3.45,700,188775
20211229,14:23,3.45,3.50,3.45,3.50,250,188775
20211229,14:24,3.40,3.55,3.40,3.45,1625,190075
20211229,14:25,3.50,3.55,3.45,3.50,1025,190075
20211229,14:26,3.50,3.50,3.40,3.40,1075,190075
20211229,14:27,3.45,3.50,3.40,3.40,2475,191800
20211229,14:28,3.40,3.45,3.40,3.40,875,191800
20211229,14:29,3.40,3.45,3.30,3.35,4025,191800
20211229,14:30,3.30,3.40,3.30,3.40,875,191800
20211229,14:31,3.40,3.50,3.35,3.40,1825,190875
20211229,14:32,3.40,3.40,3.35,3.35,2900,190875
20211229,14:33,3.35,3.35,3.30,3.35,1250,190650
20211229,14:34,3.35,3.35,3.30,3.30,4100,190650
20211229,14:35,3.30,3.30,3.25,3.25,2650,190650
20211229,14:36,3.25,3.30,3.25,3.25,1775,190650
20211229,14:37,3.25,3.25,3.20,3.25,2450,189575
20211229,14:38,3.30,3.45,3.25,3.45,7050,189575
20211229,14:39,3.40,3.50,3.35,3.35,4075,190050
20211229,14:40,3.40,3.40,3.25,3.30,2550,190050
20211229,14:41,3.30,3.30,3.25,3.25,800,190050
20211229,14:42,3.25,3.30,3.25,3.25,975,190050
20211229,14:43,3.25,3.30,3.25,3.25,2450,188975
20211229,14:44,3.25,3.30,3.25,3.25,1175,188975
20211229,14:45,3.25,3.25,3.20,3.20,775,188900
20211229,14:46,3.25,3.25,3.20,3.20,825,188900
20211229,14:47,3.30,3.30,3.15,3.15,3300,188900
20211229,14:48,3.15,3.20,3.10,3.10,2975,188900
20211229,14:49,3.10,3.15,3.00,3.05,6900,186525
20211229,14:50,3.05,3.15,3.05,3.10,3950,186525
20211229,14:51,3.10,3.10,3.05,3.10,675,186525
20211229,14:52,3.05,3.10,3.05,3.10,1525,186750
20211229,14:53,3.05,3.05,3.05,3.05,325,186750
20211229,14:54,3.05,3.05,3.00,3.00,725,186750
20211229,14:55,3.00,3.05,2.95,2.95,4100,186625
20211229,14:56,2.95,3.00,2.90,3.00,925,186625
20211229,14:57,2.95,3.00,2.80,2.80,15500,183250
20211229,14:58,2.85,2.85,2.70,2.75,20700,183250
20211229,14:59,2.75,2.80,2.65,2.75,9250,183250
20211229,15:00,2.75,2.90,2.65,2.65,7550,180825
20211229,15:01,2.60,2.70,2.55,2.65,10650,180825
20211229,15:02,2.70,2.70,2.60,2.70,6750,180825
20211229,15:03,2.70,2.90,2.70,2.90,4725,177125
20211229,15:04,3.00,3.40,2.90,3.40,14475,177125
20211229,15:05,3.35,3.40,3.25,3.30,17425,177125
20211229,15:06,3.30,3.35,3.20,3.35,5375,175350
20211229,15:07,3.40,3.55,3.35,3.55,18050,175350
20211229,15:08,3.55,3.70,3.50,3.50,6375,175350
20211229,15:09,3.55,3.55,3.35,3.45,4500,175350
20211229,15:10,3.40,3.55,3.40,3.40,5925,172725
20211229,15:11,3.40,3.50,3.15,3.25,7675,172725
20211229,15:12,3.30,3.50,3.25,3.45,17075,172725
20211229,15:13,3.45,3.60,3.35,3.40,9900,171500
20211229,15:14,3.40,3.45,3.30,3.35,4250,171500
20211229,15:15,3.30,3.65,3.25,3.60,10475,171500
20211229,15:16,3.60,3.90,3.60,3.80,11300,171325
20211229,15:17,3.75,4.25,3.75,4.15,11075,171325
20211229,15:18,4.15,4.20,3.80,3.80,4625,171325
20211229,15:19,3.80,4.00,3.70,3.90,6800,172350
20211229,15:20,3.85,4.05,3.75,4.00,12750,172350
20211229,15:21,3.95,4.35,3.95,4.20,23275,172350
20211229,15:22,4.20,4.35,4.05,4.15,9425,167775
20211229,15:23,4.00,4.10,3.90,4.00,8700,167775
20211229,15:24,3.95,3.95,3.80,3.80,5075,167775
20211229,15:25,3.75,3.75,3.50,3.50,23325,167450
20211229,15:26,3.50,3.55,3.35,3.50,14175,167450
20211229,15:27,3.55,3.85,3.50,3.75,4650,167450
20211229,15:28,3.70,3.85,3.65,3.65,4050,161600
20211229,15:29,3.80,3.80,2.80,3.60,8725,161600
20211230,09:15,2.85,2.95,1.45,2.35,12476,156075
20211230,09:16,2.30,2.45,2.25,2.30,16100,156075
20211230,09:17,2.25,2.35,2.10,2.25,8900,154775
20211230,09:18,2.25,2.30,2.15,2.15,6750,154775
20211230,09:19,2.20,2.20,2.10,2.15,8150,154775
20211230,09:20,2.20,2.20,1.95,2.15,13175,152375
20211230,09:21,2.10,2.15,2.00,2.05,6125,152375
20211230,09:22,2.05,2.05,1.95,1.95,3200,152375
20211230,09:23,1.95,1.95,1.85,1.90,3175,152625
20211230,09:24,1.95,2.00,1.85,1.90,9000,152625
20211230,09:25,1.85,2.10,1.85,1.95,6900,152625
20211230,09:26,2.00,2.00,1.95,2.00,4650,146750
20211230,09:27,2.00,2.00,1.90,1.90,2425,146750
20211230,09:28,1.95,2.00,1.90,1.90,2000,146750
20211230,09:29,1.90,1.90,1.75,1.75,3400,145850
20211230,09:30,1.80,1.90,1.80,1.90,1900,145850
20211230,09:31,1.85,1.85,1.80,1.80,3075,145850
20211230,09:32,1.75,1.80,1.70,1.80,850,144725
20211230,09:33,1.85,1.85,1.70,1.80,1900,144725
20211230,09:34,1.80,1.90,1.75,1.80,6275,144725
20211230,09:35,1.80,1.90,1.80,1.80,2425,146325
20211230,09:36,1.80,1.85,1.75,1.80,1600,146325
20211230,09:37,1.80,1.95,1.80,1.85,1400,146325
20211230,09:38,1.90,1.90,1.80,1.80,1525,145275
20211230,09:39,1.85,1.95,1.85,1.95,2950,145275
20211230,09:40,1.90,1.95,1.90,1.95,3250,145275
20211230,09:41,1.90,1.95,1.90,1.90,3550,145275
20211230,09:42,1.85,1.90,1.85,1.90,6100,140700
20211230,09:43,1.85,1.85,1.80,1.85,3150,140700
20211230,09:44,1.80,1.95,1.80,1.85,11550,142725
20211230,09:45,1.80,1.85,1.75,1.80,4150,142725
20211230,09:46,1.80,1.85,1.75,1.75,2025,142725
20211230,09:47,1.75,1.80,1.70,1.70,5775,143700
20211230,09:48,1.70,1.70,1.65,1.65,6700,143700
20211230,09:49,1.65,1.75,1.60,1.65,8550,143700
20211230,09:50,1.60,1.70,1.60,1.65,5975,146900
20211230,09:51,1.70,1.70,1.65,1.70,325,146900
20211230,09:52,1.65,1.75,1.65,1.70,3850,146900
20211230,09:53,1.70,1.70,1.65,1.65,3100,144000
20211230,09:54,1.70,1.70,1.65,1.70,3050,144000
20211230,09:55,1.75,1.75,1.70,1.70,1925,144000
20211230,09:56,1.70,1.70,1.70,1.70,175,143275
20211230,09:57,1.65,1.75,1.65,1.70,1475,143275
20211230,09:58,1.70,1.75,1.70,1.70,525,143275
20211230,09:59,1.70,1.70,1.70,1.70,1175,139475
20211230,10:00,1.70,1.75,1.40,1.40,8175,139475
20211230,10:01,1.50,1.50,1.30,1.30,3325,139475
20211230,10:02,1.45,1.45,1.40,1.40,5025,139475
20211230,10:03,1.40,1.45,1.40,1.45,2150,132650
20211230,10:04,1.40,1.45,1.40,1.45,650,132650
20211230,10:05,1.45,1.45,1.35,1.45,3750,131350
20211230,10:06,1.40,1.45,1.25,1.30,6325,131350
20211230,10:07,1.30,1.35,1.25,1.25,3300,131350
20211230,10:08,1.25,1.30,1.25,1.25,1425,126625
20211230,10:09,1.25,1.30,1.25,1.25,1475,126625
20211230,10:10,1.25,1.35,1.25,1.30,2925,126625
20211230,10:11,1.30,1.35,1.30,1.30,1550,126300
20211230,10:12,1.30,1.35,1.30,1.35,2700,126300
20211230,10:13,1.35,1.40,1.30,1.40,3250,126300
20211230,10:14,1.40,1.45,1.35,1.35,9875,123025
20211230,10:15,1.35,1.45,1.30,1.45,8875,123025
20211230,10:16,1.40,1.50,1.40,1.50,4775,123025
20211230,10:17,1.50,1.55,1.50,1.50,4850,123025
20211230,10:18,1.50,1.55,1.45,1.45,1000,115750
20211230,10:19,1.50,1.50,1.40,1.40,450,115750
20211230,10:20,1.45,1.50,1.40,1.40,4450,115800
20211230,10:21,1.45,1.45,1.40,1.45,2625,115800
20211230,10:22,1.50,1.50,1.50,1.50,1800,115800
20211230,10:23,1.45,1.50,1.45,1.50,625,115800
20211230,10:24,1.45,1.45,1.45,1.45,75,116650
20211230,10:25,1.40,1.45,1.40,1.45,1800,116650
20211230,10:26,1.45,1.45,1.30,1.30,7200,116650
20211230,10:27,1.25,1.30,1.25,1.25,1950,116150
20211230,10:28,1.30,1.30,1.20,1.25,1475,116150
20211230,10:29,1.25,1.30,1.20,1.30,4175,115400
20211230,10:30,1.25,1.30,1.20,1.20,1200,115400
20211230,10:31,1.20,1.25,1.20,1.25,1225,115400
20211230,10:32,1.25,1.30,1.25,1.25,850,117000
20211230,10:33,1.25,1.25,1.25,1.25,225,117000
20211230,10:34,1.20,1.25,1.20,1.25,475,117000
20211230,10:35,1.20,1.20,1.15,1.20,3200,115625
20211230,10:36,1.20,1.20,1.15,1.15,600,115625
20211230,10:37,1.20,1.20,1.20,1.20,250,115625
20211230,10:38,1.15,1.15,1.15,1.15,650,115625
20211230,10:39,1.15,1.15,0.95,0.95,6875,115775
20211230,10:40,0.95,1.05,0.90,1.00,3725,115775
20211230,10:41,0.95,0.95,0.85,0.95,1550,115775
20211230,10:42,0.95,0.95,0.80,0.80,5875,117350
20211230,10:43,0.85,0.85,0.75,0.75,2025,117350
20211230,10:44,0.70,0.75,0.65,0.70,7100,116975
20211230,10:45,0.65,0.75,0.65,0.75,2650,116975
20211230,10:46,0.75,0.75,0.70,0.70,350,116975
20211230,10:47,0.75,0.75,0.70,0.75,725,116975
20211230,10:48,0.70,0.70,0.70,0.70,675,117850
20211230,10:50,0.70,0.70,0.65,0.65,250,117850
20211230,10:51,0.70,0.70,0.65,0.70,650,118200
20211230,10:52,0.65,0.70,0.60,0.65,2675,118200
20211230,10:53,0.65,0.65,0.60,0.65,1125,118200
20211230,10:54,0.65,0.65,0.65,0.65,125,118850
20211230,10:55,0.65,0.70,0.65,0.70,825,118850
20211230,10:56,0.65,0.65,0.65,0.65,100,118850
20211230,10:57,0.70,0.70,0.65,0.65,2925,118950
20211230,10:58,0.60,0.60,0.55,0.55,7625,118950
20211230,10:59,0.55,0.55,0.55,0.55,50,118950
20211230,11:00,0.55,0.55,0.50,0.55,1175,123875
20211230,11:01,0.55,0.55,0.50,0.50,1900,123875
20211230,11:02,0.50,0.55,0.50,0.55,75,123875
20211230,11:03,0.55,0.55,0.50,0.50,1550,124500
20211230,11:04,0.55,0.60,0.55,0.55,1875,124500
20211230,11:05,0.55,0.60,0.55,0.55,1175,124500
20211230,11:06,0.60,0.60,0.60,0.60,50,123650
20211230,11:07,0.55,0.55,0.55,0.55,200,123650
20211230,11:08,0.60,0.60,0.55,0.55,75,123650
20211230,11:09,0.60,0.60,0.55,0.55,350,123500
20211230,11:10,0.60,0.60,0.55,0.55,450,123500
20211230,11:11,0.55,0.55,0.55,0.55,75,123500
20211230,11:12,0.65,0.65,0.60,0.60,2700,123250
20211230,11:13,0.50,0.60,0.50,0.55,1725,123250
20211230,11:14,0.55,0.60,0.55,0.60,1400,123250
20211230,11:15,0.55,0.60,0.55,0.60,950,119425
20211230,11:16,0.60,0.60,0.55,0.55,550,119425
20211230,11:17,0.65,0.65,0.60,0.60,700,119425
20211230,11:18,0.60,0.60,0.60,0.60,125,118375
20211230,11:19,0.65,0.65,0.65,0.65,100,118375
20211230,11:20,0.65,0.75,0.65,0.75,8200,118375
20211230,11:21,0.70,0.70,0.70,0.70,1275,120150
20211230,11:22,0.65,0.70,0.65,0.65,600,120150
20211230,11:23,0.65,0.70,0.65,0.65,1200,120150
20211230,11:24,0.60,0.60,0.60,0.60,75,119450
20211230,11:25,0.60,0.70,0.60,0.65,950,119450
20211230,11:26,0.65,0.65,0.60,0.65,1225,119450
20211230,11:27,0.65,0.70,0.60,0.60,1050,119125
20211230,11:28,0.60,0.60,0.60,0.60,25,119125
20211230,11:29,0.60,0.60,0.60,0.60,625,119125
20211230,11:30,0.60,0.65,0.60,0.60,1425,118150
20211230,11:31,0.60,0.60,0.60,0.60,1175,118150
20211230,11:32,0.60,0.65,0.60,0.60,375,118150
20211230,11:33,0.60,0.60,0.60,0.60,125,117600
20211230,11:34,0.65,0.65,0.65,0.65,425,117600
20211230,11:35,0.65,0.65,0.60,0.60,125,117600
20211230,11:36,0.70,0.70,0.70,0.70,425,117325
20211230,11:37,0.70,0.70,0.65,0.65,400,117325
20211230,11:38,0.70,0.70,0.70,0.70,275,117325
20211230,11:39,0.70,0.70,0.65,0.70,400,117175
20211230,11:40,0.75,0.75,0.65,0.70,425,117175
20211230,11:41,0.70,0.75,0.70,0.70,1250,117175
20211230,11:42,0.70,0.70,0.65,0.65,1075,116650
20211230,11:43,0.65,0.70,0.65,0.70,825,116650
20211230,11:44,0.65,0.65,0.65,0.65,825,116650
20211230,11:45,0.65,0.65,0.60,0.60,300,116200
20211230,11:46,0.60,0.70,0.60,0.65,875,116200
20211230,11:47,0.65,0.70,0.60,0.65,2350,116200
20211230,11:48,0.65,0.65,0.65,0.65,2425,115200
20211230,11:49,0.60,0.70,0.60,0.70,300,115200
20211230,11:50,0.65,0.65,0.60,0.60,425,115200
20211230,11:51,0.60,0.65,0.60,0.65,175,114300
20211230,11:52,0.65,0.65,0.65,0.65,1525,114300
20211230,11:53,0.65,0.65,0.55,0.55,1825,114300
20211230,11:54,0.60,0.60,0.60,0.60,75,114300
20211230,11:55,0.60,0.60,0.60,0.60,350,114625
20211230,11:56,0.60,0.60,0.60,0.60,250,114625
20211230,11:57,0.55,0.60,0.55,0.60,350,114850
20211230,11:58,0.60,0.60,0.60,0.60,25,114850
20211230,11:59,0.60,0.60,0.60,0.60,525,114850
20211230,12:00,0.55,0.55,0.55,0.55,50,114550
20211230,12:01,0.55,0.55,0.55,0.55,375,114550
20211230,12:02,0.50,0.55,0.50,0.55,675,114550
20211230,12:03,0.60,0.60,0.55,0.55,725,114375
20211230,12:04,0.55,0.60,0.50,0.50,750,114375
20211230,12:05,0.55,0.60,0.50,0.55,500,114375
20211230,12:06,0.55,0.55,0.50,0.55,1200,114375
20211230,12:07,0.55,0.60,0.55,0.60,625,114075
20211230,12:08,0.60,0.60,0.50,0.60,1075,114075
20211230,12:09,0.55,0.60,0.50,0.60,400,112675
20211230,12:10,0.50,0.60,0.50,0.55,775,112675
20211230,12:11,0.60,0.60,0.60,0.60,825,112675
20211230,12:12,0.55,0.55,0.55,0.55,100,111375
20211230,12:13,0.55,0.55,0.55,0.55,1025,111375
20211230,12:17,0.60,0.60,0.60,0.60,50,110775
20211230,12:18,0.55,0.60,0.55,0.60,1400,110700
20211230,12:19,0.55,0.60,0.55,0.55,3025,110700
20211230,12:20,0.55,0.55,0.55,0.55,1075,110700
20211230,12:21,0.55,0.60,0.55,0.60,825,108125
20211230,12:22,0.55,0.60,0.55,0.60,175,108125
20211230,12:23,0.60,0.60,0.60,0.60,225,108125
20211230,12:24,0.55,0.55,0.55,0.55,625,107625
20211230,12:25,0.60,0.65,0.55,0.55,5275,107625
20211230,12:26,0.55,0.55,0.55,0.55,50,107625
20211230,12:27,0.55,0.55,0.50,0.50,525,105200
20211230,12:28,0.60,0.60,0.55,0.60,925,105200
20211230,12:29,0.55,0.55,0.50,0.55,2300,105200
20211230,12:30,0.55,0.55,0.55,0.55,475,103475
20211230,12:31,0.55,0.60,0.50,0.50,575,103475
20211230,12:33,0.50,0.50,0.50,0.50,75,103600
20211230,12:34,0.50,0.60,0.50,0.55,1050,103600
20211230,12:35,0.50,0.55,0.50,0.55,350,103600
20211230,12:36,0.55,0.55,0.45,0.50,1025,103600
20211230,12:37,0.50,0.50,0.40,0.45,2850,102200
20211230,12:38,0.45,0.55,0.45,0.55,600,102200
20211230,12:40,0.45,0.45,0.40,0.40,475,100425
20211230,12:41,0.45,0.45,0.40,0.40,850,100425
20211230,12:42,0.40,0.50,0.40,0.40,800,99450
20211230,12:43,0.40,0.45,0.40,0.45,525,99450
20211230,12:44,0.40,0.45,0.40,0.45,400,99450
20211230,12:45,0.45,0.45,0.35,0.45,750,99100
20211230,12:46,0.40,0.45,0.35,0.35,425,99100
20211230,12:47,0.35,0.45,0.35,0.35,625,99100
20211230,12:48,0.40,0.40,0.40,0.40,175,99100
20211230,12:49,0.45,0.45,0.40,0.40,675,98625
20211230,12:50,0.40,0.40,0.35,0.40,200,98625
20211230,12:51,0.40,0.40,0.35,0.40,375,98500
20211230,12:52,0.40,0.45,0.40,0.45,1675,98500
20211230,12:53,0.45,0.45,0.45,0.45,25,98500
20211230,12:54,0.40,0.40,0.35,0.40,1800,95425
20211230,12:55,0.40,0.45,0.40,0.45,1850,95425
20211230,12:56,0.40,0.45,0.30,0.30,2325,95425
20211230,12:57,0.40,0.40,0.25,0.30,2025,92525
20211230,12:58,0.25,0.40,0.25,0.40,1925,92525
20211230,12:59,0.35,0.35,0.35,0.35,25,92525
20211230,13:00,0.35,0.35,0.25,0.30,775,92425
20211230,13:01,0.30,0.40,0.25,0.40,1950,92425
20211230,13:02,0.30,0.35,0.30,0.35,375,92425
20211230,13:03,0.30,0.35,0.30,0.35,2000,92425
20211230,13:04,0.25,0.30,0.25,0.30,1925,92650
20211230,13:05,0.35,0.35,0.35,0.35,650,92650
20211230,13:06,0.35,0.35,0.20,0.20,1875,93325
20211230,13:07,0.30,0.30,0.25,0.25,200,93325
20211230,13:08,0.25,0.30,0.20,0.20,1450,93325
20211230,13:09,0.25,0.30,0.25,0.30,1000,93325
20211230,13:10,0.20,0.20,0.20,0.20,225,92175
20211230,13:11,0.25,0.35,0.25,0.30,775,92175
20211230,13:12,0.25,0.25,0.25,0.25,25,92175
20211230,13:14,0.30,0.30,0.30,0.30,1975,91725
20211230,13:15,0.30,0.30,0.30,0.30,100,91725
20211230,13:16,0.30,0.35,0.30,0.35,2025,92450
20211230,13:17,0.30,0.35,0.30,0.35,625,92450
20211230,13:18,0.30,0.35,0.30,0.35,1500,92825
20211230,13:19,0.30,0.30,0.30,0.30,1700,92825
20211230,13:20,0.30,0.35,0.25,0.35,1350,92825
20211230,13:21,0.35,0.35,0.30,0.30,125,92825
20211230,13:22,0.40,0.40,0.40,0.40,500,92800
20211230,13:23,0.35,0.35,0.30,0.35,775,92800
20211230,13:24,0.30,0.35,0.30,0.35,500,92800
20211230,13:25,0.30,0.45,0.30,0.35,1975,92750
20211230,13:26,0.35,0.35,0.30,0.30,925,92750
20211230,13:27,0.35,0.35,0.30,0.30,175,92750
20211230,13:28,0.35,0.35,0.30,0.30,800,91975
20211230,13:29,0.35,0.35,0.35,0.35,500,91975
20211230,13:30,0.35,0.40,0.30,0.35,3475,91550
20211230,13:31,0.30,0.40,0.20,0.40,2500,91550
20211230,13:32,0.30,0.35,0.30,0.35,350,91550
20211230,13:33,0.45,0.45,0.45,0.45,250,91550
20211230,13:34,0.35,0.35,0.35,0.35,325,91050
20211230,13:35,0.35,0.35,0.30,0.30,425,91050
20211230,13:36,0.35,0.35,0.30,0.30,225,91050
20211230,13:37,0.30,0.40,0.30,0.40,550,91000
20211230,13:38,0.35,0.40,0.35,0.35,925,91000
20211230,13:39,0.40,0.40,0.35,0.35,850,90525
20211230,13:40,0.35,0.35,0.25,0.25,1150,90525
20211230,13:41,0.25,0.30,0.25,0.25,225,90525
20211230,13:42,0.30,0.35,0.30,0.35,300,90175
20211230,13:43,0.30,0.35,0.30,0.35,400,90175
20211230,13:44,0.30,0.35,0.30,0.30,125,90175
20211230,13:45,0.30,0.30,0.25,0.25,150,90000
20211230,13:46,0.25,0.25,0.25,0.25,50,90000
20211230,13:47,0.30,0.30,0.25,0.30,200,90000
20211230,13:48,0.30,0.30,0.30,0.30,225,90000
20211230,13:49,0.30,0.35,0.30,0.30,375,89975
20211230,13:50,0.25,0.30,0.20,0.20,900,89975
20211230,13:51,0.25,0.25,0.25,0.25,75,89550
20211230,13:52,0.25,0.25,0.25,0.25,875,89550
20211230,13:53,0.25,0.30,0.25,0.30,325,89550
20211230,13:54,0.25,0.35,0.25,0.35,75,89550
20211230,13:55,0.35,0.35,0.25,0.30,1050,89600
20211230,13:56,0.30,0.35,0.20,0.35,250,89600
20211230,13:57,0.35,0.35,0.25,0.30,650,89375
20211230,13:58,0.30,0.35,0.30,0.35,125,89375
20211230,13:59,0.25,0.25,0.25,0.25,50,89375
20211230,14:00,0.35,0.35,0.30,0.30,275,88900
20211230,14:01,0.30,0.30,0.30,0.30,125,88900
20211230,14:02,0.35,0.35,0.30,0.30,425,88900
20211230,14:04,0.35,0.35,0.35,0.35,1225,88625
20211230,14:05,0.25,0.25,0.25,0.25,300,88625
20211230,14:06,0.25,0.25,0.25,0.25,375,88625
20211230,14:07,0.25,0.30,0.25,0.30,725,87150
20211230,14:08,0.25,0.30,0.25,0.30,150,87150
20211230,14:09,0.25,0.25,0.25,0.25,150,87150
20211230,14:10,0.25,0.25,0.25,0.25,250,87075
20211230,14:11,0.20,0.30,0.20,0.25,300,87075
20211230,14:12,0.30,0.30,0.25,0.30,325,86750
20211230,14:13,0.35,0.35,0.30,0.30,325,86750
20211230,14:14,0.30,0.30,0.25,0.25,300,86750
20211230,14:15,0.25,0.30,0.20,0.20,700,86750
20211230,14:16,0.25,0.30,0.10,0.30,1900,86050
20211230,14:17,0.30,0.30,0.10,0.30,950,86050
20211230,14:18,0.30,0.30,0.25,0.30,700,84375
20211230,14:19,0.30,0.35,0.10,0.10,350,84375
20211230,14:20,0.25,0.25,0.25,0.25,100,84375
20211230,14:21,0.25,0.25,0.25,0.25,50,84375
20211230,14:22,0.35,0.35,0.35,0.35,100,84675
20211230,14:23,0.35,0.35,0.20,0.20,425,84675
20211230,14:24,0.20,0.35,0.20,0.30,600,85125
20211230,14:25,0.25,0.35,0.25,0.25,325,85125
20211230,14:26,0.30,0.30,0.25,0.30,400,85125
20211230,14:27,0.30,0.30,0.30,0.30,25,85125
20211230,14:28,0.30,0.30,0.25,0.25,425,84850
20211230,14:29,0.20,0.20,0.15,0.15,375,84850
20211230,14:30,0.15,0.25,0.15,0.25,1025,84550
20211230,14:31,0.25,0.30,0.20,0.25,600,84550
20211230,14:32,0.25,0.30,0.25,0.25,225,84550
20211230,14:33,0.20,0.20,0.20,0.20,450,84550
20211230,14:35,0.10,0.20,0.10,0.15,275,84400
20211230,14:36,0.20,0.30,0.20,0.30,950,84400
20211230,14:37,0.15,0.35,0.10,0.35,1800,84425
20211230,14:38,0.30,0.35,0.20,0.20,825,84425
20211230,14:39,0.20,0.30,0.20,0.30,325,84425
20211230,14:40,0.15,0.25,0.15,0.15,375,84550
20211230,14:41,0.15,0.25,0.15,0.25,125,84550
20211230,14:42,0.15,0.15,0.15,0.15,25,84550
20211230,14:43,0.15,0.25,0.15,0.20,350,84300
20211230,14:44,0.15,0.15,0.10,0.10,325,84300
20211230,14:45,0.20,0.20,0.10,0.10,375,84300
20211230,14:46,0.10,0.20,0.10,0.15,75,84625
20211230,14:47,0.15,0.20,0.10,0.10,1150,84625
20211230,14:48,0.10,0.10,0.10,0.10,300,84625
20211230,14:49,0.15,0.15,0.10,0.15,375,84975
20211230,14:50,0.10,0.10,0.10,0.10,225,84975
20211230,14:51,0.10,0.15,0.10,0.10,1275,84975
20211230,14:53,0.10,0.10,0.10,0.10,175,84900
20211230,14:54,0.20,0.25,0.20,0.25,400,84900
20211230,14:55,0.05,0.05,0.05,0.05,1450,85250
20211230,14:56,0.10,0.20,0.10,0.20,400,85250
20211230,14:59,0.15,0.15,0.15,0.15,25,84125
20211230,15:00,0.05,0.10,0.05,0.10,125,84125
20211230,15:01,0.15,0.20,0.15,0.20,525,84225
20211230,15:02,0.05,0.05,0.05,0.05,225,84225
20211230,15:03,0.05,0.05,0.05,0.05,225,84225
20211230,15:04,0.05,0.05,0.05,0.05,150,84375
20211230,15:05,0.05,0.05,0.05,0.05,275,84375
20211230,15:06,0.05,0.05,0.05,0.05,500,84375
20211230,15:07,0.05,0.05,0.05,0.05,2400,84300
20211230,15:09,0.05,0.05,0.05,0.05,375,84300
20211230,15:10,0.05,0.05,0.05,0.05,400,84025
20211230,15:13,0.05,0.05,0.05,0.05,700,83900
20211230,15:14,0.05,0.05,0.05,0.05,25,83900
20211230,15:16,0.05,0.05,0.05,0.05,50,83200
20211230,15:19,0.05,0.05,0.05,0.05,1000,83150
20211230,15:20,0.05,0.05,0.05,0.05,50,83150
20211230,15:21,0.05,0.05,0.05,0.05,150,83150
