20210503,09:22,235.20,235.20,229.85,229.85,51,75
20210503,09:23,214.20,214.20,214.20,214.20,25,75
20210503,09:26,201.05,201.05,201.05,201.05,25,75
20210503,09:28,196.85,196.85,196.85,196.85,50,75
20210503,09:29,191.45,191.45,191.45,191.45,25,150
20210503,09:41,190.20,190.20,190.20,190.20,25,175
20210503,09:42,187.25,187.25,187.25,187.25,25,150
20210503,10:21,187.25,187.25,187.25,187.25,25,175
20210503,10:38,178.25,178.25,178.25,178.25,25,200
20210503,10:42,114.25,114.25,114.25,114.25,800,225
20210503,10:43,114.25,114.25,114.25,114.25,800,225
20210503,10:47,150.25,150.25,150.25,150.25,25,450
20210503,11:03,169.90,169.90,169.90,169.90,25,475
20210503,11:29,166.10,166.10,166.10,166.10,50,450
20210503,11:31,170.80,170.80,170.80,170.80,50,450
20210503,11:35,175.95,175.95,175.95,175.95,50,450
20210503,11:38,174.10,174.10,174.10,174.10,100,450
20210503,11:53,178.00,178.00,178.00,178.00,100,350
20210503,11:55,185.00,185.00,185.00,185.00,25,325
20210503,12:24,186.45,186.45,186.45,186.45,25,275
20210503,12:34,183.05,183.05,183.05,183.05,25,275
20210503,12:36,194.35,194.35,194.35,194.35,125,300
20210503,12:37,193.75,193.75,193.75,193.75,75,300
20210503,12:39,190.00,190.00,190.00,190.00,50,350
20210503,12:40,198.95,198.95,198.95,198.95,50,350
20210503,12:43,195.65,195.65,195.65,195.65,25,375
20210503,12:51,192.05,192.05,192.05,192.05,25,375
20210503,12:54,186.65,186.65,186.65,186.65,25,375
20210503,12:55,184.25,184.25,184.25,184.25,25,375
20210503,12:56,178.75,178.75,178.75,178.75,275,375
20210503,12:58,174.50,174.50,174.50,174.50,25,375
20210503,12:59,177.20,177.20,177.20,177.20,25,375
20210503,13:00,174.15,174.15,174.15,174.15,25,350
20210503,13:04,179.45,179.45,179.45,179.45,25,325
20210503,13:06,183.05,183.05,179.50,179.50,75,325
20210503,13:08,184.45,184.45,184.40,184.40,50,325
20210503,13:11,177.65,177.65,177.65,177.65,75,325
20210503,13:16,168.00,168.00,168.00,168.00,50,300
20210503,13:18,180.35,180.35,180.35,180.35,50,300
20210503,13:19,187.65,187.65,187.65,187.65,275,300
20210503,13:21,203.00,203.00,203.00,203.00,900,300
20210503,13:22,217.40,217.40,217.40,217.40,100,1200
20210503,13:25,206.75,206.75,206.75,206.75,75,1275
20210503,13:26,203.80,203.80,203.80,203.80,75,1275
20210503,13:28,203.45,203.45,203.45,203.45,25,1075
20210503,13:31,212.95,212.95,212.95,212.95,25,1100
20210503,13:32,213.85,213.85,213.85,213.85,25,1100
20210503,13:35,202.30,202.30,202.30,202.30,75,1200
20210503,13:44,208.80,208.80,208.80,208.80,125,1050
20210503,13:46,214.55,214.55,214.55,214.55,25,1050
20210503,13:50,219.30,219.30,219.30,219.30,25,1050
20210503,13:51,211.70,211.70,211.70,211.70,50,1075
20210503,13:52,208.15,208.15,208.15,208.15,75,1075
20210503,13:54,202.00,202.00,202.00,202.00,325,1075
20210503,13:55,205.15,205.15,205.15,205.15,75,1200
20210503,13:56,192.15,192.15,192.15,192.15,125,1200
20210503,13:57,195.35,195.35,195.35,195.35,100,1200
20210503,13:58,198.00,198.00,198.00,198.00,100,1375
20210503,14:06,198.50,198.50,198.50,198.50,25,1425
20210503,14:08,198.45,198.45,198.45,198.45,25,1425
20210503,14:10,197.80,197.80,197.80,197.80,25,1425
20210503,14:11,204.45,204.45,204.45,204.45,25,1425
20210503,14:12,203.80,203.80,203.80,203.80,75,1425
20210503,14:13,200.45,200.45,200.45,200.45,175,1475
20210503,14:15,201.00,201.00,201.00,201.00,100,1475
20210503,14:16,188.60,188.60,188.60,188.60,150,1600
20210503,14:17,188.30,188.30,188.30,188.30,100,1600
20210503,14:18,186.20,186.20,186.20,186.20,50,1600
20210503,14:22,175.65,175.65,175.65,175.65,25,1775
20210503,14:27,159.60,159.60,159.60,159.60,100,1750
20210503,14:29,160.15,160.15,160.15,160.15,25,1750
20210503,14:30,156.50,156.50,156.50,156.50,100,1750
20210503,14:32,145.75,145.75,145.75,145.75,25,1750
20210503,14:33,143.40,143.40,143.40,143.40,50,1750
20210503,14:34,143.60,143.60,143.60,143.60,25,1750
20210503,14:35,148.75,148.75,148.75,148.75,50,1750
20210503,14:36,146.85,146.85,146.85,146.85,75,1750
20210503,14:45,140.35,140.35,140.35,140.35,50,1725
20210503,14:46,134.65,134.65,134.65,134.65,25,1725
20210503,14:48,138.60,138.60,138.60,138.60,25,1725
20210503,14:54,146.65,146.65,146.65,146.65,75,1750
20210503,14:56,138.90,138.90,138.90,138.90,25,1800
20210503,14:58,142.95,142.95,142.95,142.95,25,1800
20210503,15:02,143.55,143.55,143.55,143.55,25,1750
20210503,15:04,143.25,143.25,137.35,137.35,75,1800
20210503,15:27,137.60,137.60,137.40,137.40,75,1725
20210503,15:30,137.05,137.05,137.05,137.05,25,1675
20210504,09:18,92.90,92.95,92.90,92.95,52,1700
20210504,09:20,100.00,100.00,100.00,100.00,25,1700
20210504,09:22,100.00,100.00,100.00,100.00,100,1700
20210504,09:33,85.00,85.00,85.00,85.00,50,1675
20210504,09:37,83.90,83.90,83.90,83.90,25,1675
20210504,09:38,81.40,81.40,81.40,81.40,25,1675
20210504,09:48,81.40,81.40,81.40,81.40,25,1675
20210504,09:49,100.60,100.60,100.60,100.60,125,1675
20210504,09:51,87.25,87.25,87.25,87.25,50,1675
20210504,09:53,92.10,92.10,92.10,92.10,25,1675
20210504,09:55,94.00,94.00,94.00,94.00,25,1675
20210504,09:58,83.00,83.00,83.00,83.00,50,1675
20210504,10:00,81.75,81.75,81.75,81.75,25,1675
20210504,10:05,83.95,83.95,83.95,83.95,50,1675
20210504,10:10,80.05,80.05,80.05,80.05,25,1675
20210504,10:22,77.65,77.65,77.65,77.65,200,1675
20210504,10:23,77.65,77.65,77.65,77.65,25,1675
20210504,10:24,80.25,80.25,80.25,80.25,150,1675
20210504,10:27,80.25,80.25,80.25,80.25,50,1675
20210504,10:31,80.25,80.25,80.25,80.25,50,1675
20210504,10:36,74.25,74.25,74.25,74.25,25,1675
20210504,11:06,74.25,74.25,74.25,74.25,25,1775
20210504,11:07,74.25,74.25,74.25,74.25,25,1775
20210504,11:15,67.40,67.40,67.40,67.40,25,1800
20210504,11:22,67.40,67.40,67.40,67.40,25,1800
20210504,11:28,69.80,69.80,69.80,69.80,25,1800
20210504,11:29,69.45,69.45,69.45,69.45,25,1800
20210504,11:37,66.80,66.80,66.80,66.80,25,1850
20210504,11:50,66.80,66.80,66.80,66.80,25,1825
20210504,12:07,72.65,72.65,72.65,72.65,25,1825
20210504,12:50,65.80,65.80,65.80,65.80,50,1825
20210504,13:05,65.80,65.80,65.80,65.80,25,1850
20210504,13:11,82.40,82.40,82.40,82.40,25,1850
20210504,13:14,88.40,88.40,88.40,88.40,25,1875
20210504,13:16,99.90,99.90,99.90,99.90,25,1875
20210504,13:37,89.20,89.20,89.20,89.20,25,1875
20210504,13:45,89.20,89.20,89.20,89.20,25,1875
20210504,13:52,87.40,87.40,87.40,87.40,25,1875
20210504,13:54,85.05,85.05,85.05,85.05,50,1875
20210504,14:19,86.20,86.20,86.20,86.20,25,1875
20210504,14:31,85.75,85.75,85.75,85.75,25,1875
20210504,14:33,94.70,94.70,94.70,94.70,25,1875
20210504,14:34,96.80,96.80,96.80,96.80,25,1875
20210504,14:35,99.90,99.90,99.90,99.90,25,1900
20210504,14:40,112.10,112.10,112.10,112.10,50,1900
20210504,14:41,110.55,110.55,110.55,110.55,50,1875
20210504,14:42,117.55,117.55,117.55,117.55,25,1875
20210504,14:44,119.00,119.00,119.00,119.00,50,1875
20210504,14:48,119.00,119.00,119.00,119.00,25,1875
20210504,14:51,118.25,118.25,118.25,118.25,25,1875
20210504,14:53,124.20,124.20,124.20,124.20,25,1875
20210504,15:00,131.80,131.80,131.80,131.80,25,1875
20210504,15:01,131.80,131.80,131.80,131.80,50,1875
20210504,15:10,119.00,119.00,119.00,119.00,25,1875
20210504,15:15,113.80,113.80,113.80,113.80,100,1900
20210504,15:26,120.90,120.90,120.90,120.90,25,1925
20210505,09:19,109.70,109.70,109.70,109.70,26,1950
20210505,09:23,102.65,102.65,102.65,102.65,50,1975
20210505,09:27,102.65,102.65,102.65,102.65,50,1975
20210505,09:30,96.00,96.00,96.00,96.00,75,2025
20210505,09:32,97.45,97.45,97.45,97.45,50,2025
20210505,09:33,96.50,96.50,96.50,96.50,25,2050
20210505,09:37,99.85,99.85,99.85,99.85,50,2075
20210505,09:39,99.85,99.85,99.85,99.85,25,1975
20210505,09:40,102.65,102.65,102.65,102.65,25,1975
20210505,09:58,106.25,106.25,106.25,106.25,25,1925
20210505,10:05,120.00,120.00,120.00,120.00,75,1925
20210505,10:07,110.60,110.60,110.60,110.60,50,1925
20210505,10:09,114.35,114.35,114.35,114.35,100,1925
20210505,10:10,113.10,113.10,113.10,113.10,25,1975
20210505,10:11,107.90,107.90,107.90,107.90,25,1975
20210505,10:13,103.05,103.05,103.05,103.05,100,2050
20210505,10:14,103.85,103.85,103.85,103.85,50,2050
20210505,10:17,105.40,105.40,105.40,105.40,25,2150
20210505,10:18,108.70,108.70,108.70,108.70,75,2125
20210505,10:19,106.40,106.40,106.40,106.40,50,2125
20210505,10:20,105.80,105.80,105.80,105.80,75,2125
20210505,10:27,101.70,101.70,101.70,101.70,25,1950
20210505,10:29,96.85,96.85,96.85,96.85,50,1950
20210505,10:30,91.25,91.25,91.25,91.25,50,1925
20210505,10:32,88.10,88.10,88.10,88.10,125,1925
20210505,10:33,89.00,89.00,89.00,89.00,50,2000
20210505,10:36,80.45,80.45,80.45,80.45,50,2050
20210505,10:37,80.45,80.45,80.45,80.45,25,2050
20210505,10:39,89.80,89.80,89.80,89.80,25,2025
20210505,10:41,85.05,85.05,85.05,85.05,50,2025
20210505,10:43,81.65,81.65,81.65,81.65,50,2025
20210505,10:44,80.50,80.50,80.50,80.50,75,2025
20210505,10:47,78.95,78.95,78.95,78.95,50,1975
20210505,10:48,78.90,78.90,78.90,78.90,25,1975
20210505,10:52,78.90,78.90,78.90,78.90,125,1975
20210505,11:12,81.20,81.20,81.20,81.20,50,1975
20210505,11:13,81.25,81.25,81.25,81.25,25,1975
20210505,11:21,90.75,90.75,90.75,90.75,50,2025
20210505,11:22,93.95,93.95,93.95,93.95,175,2025
20210505,11:32,78.90,78.90,78.90,78.90,50,2000
20210505,11:43,88.30,88.30,88.30,88.30,25,2025
20210505,11:44,85.40,85.40,85.40,85.40,200,2025
20210505,11:49,83.65,83.65,83.65,83.65,50,2050
20210505,11:50,85.10,85.10,85.10,85.10,50,2050
20210505,11:51,85.20,85.20,85.20,85.20,25,2050
20210505,11:54,81.30,81.30,81.30,81.30,125,2075
20210505,11:55,80.80,80.80,80.80,80.80,75,2075
20210505,11:57,81.35,81.35,81.35,81.35,75,2175
20210505,11:58,80.70,80.70,80.70,80.70,25,2175
20210505,12:00,82.30,82.30,82.30,82.30,25,2100
20210505,12:02,75.15,75.15,75.15,75.15,75,2100
20210505,12:04,75.15,75.15,75.15,75.15,25,2150
20210505,12:06,78.55,78.55,78.55,78.55,25,2150
20210505,12:07,79.45,79.45,79.45,79.45,25,2150
20210505,12:09,79.25,79.25,79.25,79.25,25,2125
20210505,12:12,79.30,79.30,79.30,79.30,25,2125
20210505,12:31,80.80,80.80,80.80,80.80,25,2125
20210505,12:32,81.80,81.80,81.80,81.80,25,2125
20210505,12:35,80.40,80.40,80.40,80.40,50,2100
20210505,12:36,82.70,82.70,82.70,82.70,50,2100
20210505,12:37,83.50,83.50,83.50,83.50,100,2100
20210505,12:40,85.85,85.85,85.85,85.85,25,2100
20210505,12:43,84.60,84.60,84.60,84.60,25,2100
20210505,12:54,72.75,72.75,72.75,72.75,125,2150
20210505,12:56,68.65,68.65,68.65,68.65,200,2150
20210505,12:57,68.65,68.65,68.65,68.65,175,2150
20210505,12:59,73.85,73.85,73.85,73.85,100,2425
20210505,13:01,70.75,70.75,70.75,70.75,50,2425
20210505,13:02,69.10,69.10,69.10,69.10,50,2475
20210505,13:08,68.15,68.15,68.15,68.15,100,2500
20210505,13:14,68.15,68.15,68.15,68.15,25,2325
20210505,13:18,65.35,65.35,65.35,65.35,25,2250
20210505,13:19,65.35,65.35,65.35,65.35,25,2250
20210505,13:20,68.85,68.85,68.85,68.85,25,2250
20210505,13:22,70.40,70.40,70.40,70.40,50,2225
20210505,13:24,70.70,70.70,70.70,70.70,25,2200
20210505,13:29,72.00,72.00,72.00,72.00,50,2150
20210505,13:32,72.00,72.00,72.00,72.00,25,2150
20210505,13:58,70.40,70.40,70.40,70.40,25,2125
20210505,13:59,69.45,69.45,69.45,69.45,25,2125
20210505,14:01,69.45,69.45,69.45,69.45,25,2125
20210505,14:02,69.20,69.20,69.20,69.20,25,2125
20210505,14:03,69.15,69.15,69.15,69.15,50,2125
20210505,14:04,69.55,69.55,69.55,69.55,25,2225
20210505,14:05,69.40,69.40,69.40,69.40,50,2225
20210505,14:10,72.35,72.35,72.35,72.35,25,2200
20210505,14:11,80.00,80.00,80.00,80.00,50,2200
20210505,14:13,75.90,75.90,75.90,75.90,125,2200
20210505,14:14,77.50,77.50,77.50,77.50,150,2200
20210505,14:15,76.15,76.15,76.15,76.15,25,2200
20210505,14:16,79.00,79.00,79.00,79.00,25,2150
20210505,14:18,74.95,74.95,74.95,74.95,125,2150
20210505,14:19,75.65,75.65,75.65,75.65,75,2175
20210505,14:21,74.30,74.30,74.30,74.30,100,2175
20210505,14:30,65.15,65.15,65.15,65.15,50,2100
20210505,14:42,71.35,71.35,71.35,71.35,25,2100
20210505,14:43,71.10,71.10,71.10,71.10,25,2100
20210505,14:48,69.30,69.30,69.30,69.30,25,2100
20210505,14:49,68.35,68.35,68.35,68.35,50,2100
20210505,14:50,68.35,68.35,68.35,68.35,50,2125
20210505,14:52,69.70,69.70,69.70,69.70,50,2150
20210505,14:53,69.70,69.70,69.70,69.70,25,2150
20210505,14:55,67.90,67.90,67.90,67.90,75,2200
20210505,15:01,70.80,70.80,70.80,70.80,100,2200
20210505,15:02,70.00,70.00,70.00,70.00,25,2200
20210505,15:04,66.65,66.65,66.65,66.65,100,2200
20210505,15:12,60.70,60.70,60.70,60.70,125,2300
20210505,15:15,61.25,61.25,61.25,61.25,25,2225
20210505,15:17,62.90,62.90,62.90,62.90,25,2225
20210505,15:18,60.30,60.30,60.30,60.30,200,2225
20210505,15:20,58.60,58.60,58.60,58.60,150,2250
20210505,15:21,58.50,58.50,58.50,58.50,100,2250
20210505,15:22,58.80,58.80,58.80,58.80,75,2250
20210505,15:24,58.80,58.80,58.80,58.80,25,2250
20210505,15:27,52.45,52.45,52.45,52.45,150,2200
20210505,15:29,52.00,52.00,52.00,52.00,25,2200
20210506,09:15,52.00,52.00,52.00,52.00,101,2200
20210506,09:17,41.00,41.00,41.00,41.00,700,2200
20210506,09:18,49.25,49.25,49.25,49.25,150,2200
20210506,09:19,51.65,51.65,51.65,51.65,100,2200
20210506,09:21,55.40,55.40,55.40,55.40,125,2200
20210506,09:22,55.40,55.40,55.40,55.40,175,2200
20210506,09:23,52.40,52.40,52.40,52.40,125,2200
20210506,09:25,52.75,52.75,52.75,52.75,125,2200
20210506,09:26,56.05,56.05,56.05,56.05,400,2200
20210506,09:27,55.85,55.85,55.85,55.85,25,2200
20210506,09:28,53.40,53.40,53.40,53.40,50,2200
20210506,09:29,54.00,54.00,54.00,54.00,25,2200
20210506,09:32,52.20,52.20,52.20,52.20,125,2200
20210506,09:33,48.75,48.75,48.75,48.75,50,2200
20210506,09:34,48.75,48.75,48.75,48.75,50,2200
20210506,09:37,48.05,48.05,48.05,48.05,125,2200
20210506,09:38,47.50,47.50,47.50,47.50,100,2200
20210506,09:39,46.20,46.20,46.20,46.20,25,2200
20210506,09:40,46.20,46.20,46.20,46.20,25,2200
20210506,09:41,46.20,46.20,46.20,46.20,150,2200
20210506,09:42,47.85,47.85,47.85,47.85,75,2200
20210506,09:46,50.05,50.05,50.05,50.05,300,2200
20210506,09:47,48.05,48.05,48.05,48.05,25,2200
20210506,09:52,49.30,49.30,49.30,49.30,325,2200
20210506,09:53,50.85,50.85,50.85,50.85,75,2200
20210506,09:55,49.80,49.80,49.80,49.80,75,2900
20210506,09:56,48.85,48.85,48.85,48.85,25,2900
20210506,09:58,51.20,51.20,51.20,51.20,25,2950
20210506,09:59,51.05,51.05,51.05,51.05,75,2950
20210506,10:01,51.35,51.35,51.35,51.35,25,3025
20210506,10:03,50.40,50.40,50.40,50.40,25,3025
20210506,10:05,50.10,50.10,50.10,50.10,25,3025
20210506,10:06,50.65,50.65,50.65,50.65,75,3025
20210506,10:09,51.75,51.75,51.75,51.75,75,3075
20210506,10:10,53.70,53.70,53.70,53.70,75,3075
20210506,10:11,51.15,51.15,51.15,51.15,175,3075
20210506,10:12,53.00,53.00,53.00,53.00,25,3175
20210506,10:13,52.95,52.95,52.95,52.95,25,3175
20210506,10:15,51.50,51.50,51.50,51.50,100,3175
20210506,10:16,53.10,53.10,53.10,53.10,25,3175
20210506,10:17,56.95,56.95,56.95,56.95,175,3175
20210506,10:22,57.20,57.20,57.20,57.20,150,3225
20210506,10:23,57.80,57.80,57.80,57.80,125,3225
20210506,10:25,57.40,57.40,57.40,57.40,100,3275
20210506,10:27,53.85,53.85,53.85,53.85,625,3250
20210506,10:29,51.75,51.75,51.75,51.75,250,3250
20210506,10:30,53.85,53.85,53.85,53.85,50,3250
20210506,10:33,54.00,54.00,54.00,54.00,25,3875
20210506,10:34,54.00,54.00,54.00,54.00,100,3875
20210506,10:35,55.00,55.00,55.00,55.00,75,3875
20210506,10:36,55.75,55.75,55.75,55.75,25,3825
20210506,10:37,52.35,52.35,52.35,52.35,25,3825
20210506,10:38,51.40,51.40,51.40,51.40,100,3825
20210506,10:44,52.70,52.70,52.70,52.70,150,3825
20210506,10:45,52.90,52.90,52.90,52.90,25,3825
20210506,10:47,52.70,52.70,52.70,52.70,50,3900
20210506,10:58,54.10,54.10,54.10,54.10,25,3850
20210506,11:00,53.90,53.90,53.90,53.90,75,3850
20210506,11:02,53.70,53.70,53.70,53.70,25,3925
20210506,11:08,54.15,54.15,54.15,54.15,50,3925
20210506,11:13,57.95,57.95,57.95,57.95,25,3900
20210506,11:14,58.00,58.00,58.00,58.00,200,3900
20210506,11:15,57.65,57.65,57.65,57.65,25,3900
20210506,11:16,57.20,57.20,57.20,57.20,25,3900
20210506,11:18,58.20,58.20,58.20,58.20,125,3825
20210506,11:21,57.50,57.50,57.50,57.50,175,3725
20210506,11:22,57.95,57.95,57.95,57.95,25,3725
20210506,11:23,59.30,59.30,59.30,59.30,25,3725
20210506,11:24,60.65,60.65,60.65,60.65,125,3725
20210506,11:26,58.35,58.35,58.35,58.35,100,3725
20210506,11:29,57.65,57.65,57.65,57.65,50,3700
20210506,11:31,58.00,58.00,58.00,58.00,50,3650
20210506,11:32,55.25,55.25,55.25,55.25,50,3650
20210506,11:37,56.25,56.25,56.25,56.25,25,3700
20210506,11:43,57.25,57.25,57.25,57.25,25,3700
20210506,11:50,55.90,55.90,55.90,55.90,25,3725
20210506,11:52,55.05,55.05,55.05,55.05,25,3725
20210506,12:02,52.15,52.15,52.15,52.15,50,3725
20210506,12:03,49.80,49.80,49.80,49.80,50,3725
20210506,12:10,53.25,53.25,53.25,53.25,25,3700
20210506,12:11,51.85,51.85,51.85,51.85,50,3700
20210506,12:12,51.85,51.85,51.85,51.85,50,3725
20210506,12:17,51.40,51.40,51.40,51.40,25,3725
20210506,12:18,46.80,46.80,46.80,46.80,50,3725
20210506,12:20,46.45,46.45,46.45,46.45,75,3725
20210506,12:21,46.65,46.65,46.65,46.65,400,3725
20210506,12:22,48.00,48.00,48.00,48.00,75,3900
20210506,12:26,49.10,49.10,49.10,49.10,25,3900
20210506,12:30,46.25,46.25,46.25,46.25,25,3925
20210506,12:47,47.00,47.00,47.00,47.00,25,3900
20210506,12:50,47.00,47.00,47.00,47.00,225,3925
20210506,12:54,44.65,44.65,44.65,44.65,25,3925
20210506,12:57,45.30,45.30,45.30,45.30,25,3925
20210506,12:58,44.55,44.55,44.55,44.55,100,3925
20210506,12:59,45.30,45.30,45.30,45.30,100,3925
20210506,13:01,45.20,45.20,45.20,45.20,25,4050
20210506,13:02,45.30,45.30,45.30,45.30,75,4050
20210506,13:03,43.85,43.85,43.85,43.85,50,4050
20210506,13:05,45.25,45.25,45.25,45.25,300,4150
20210506,13:09,43.35,43.35,43.35,43.35,225,4250
20210506,13:11,43.15,43.15,43.15,43.15,50,4250
20210506,13:12,43.20,43.20,43.20,43.20,25,4250
20210506,13:14,45.00,45.00,45.00,45.00,250,4300
20210506,13:23,46.95,46.95,46.95,46.95,25,4375
20210506,13:24,49.35,49.35,49.35,49.35,300,4375
20210506,13:26,46.75,46.75,46.75,46.75,50,4400
20210506,13:28,43.80,43.80,43.80,43.80,125,4400
20210506,13:29,46.30,46.30,46.30,46.30,25,4400
20210506,13:30,46.40,46.40,46.40,46.40,25,4475
20210506,13:33,44.50,44.50,44.50,44.50,25,4475
20210506,13:35,48.90,48.90,48.90,48.90,25,4525
20210506,13:36,46.95,46.95,46.95,46.95,50,4525
20210506,13:38,45.00,45.00,45.00,45.00,1050,4450
20210506,13:39,46.50,46.50,46.50,46.50,250,4450
20210506,13:40,45.15,45.15,45.15,45.15,25,5025
20210506,13:41,44.00,44.00,44.00,44.00,200,5025
20210506,13:42,44.30,44.30,44.30,44.30,150,5025
20210506,13:43,44.80,44.80,44.80,44.80,100,5200
20210506,13:44,43.15,43.15,43.15,43.15,50,5200
20210506,13:47,44.00,44.00,44.00,44.00,125,5175
20210506,13:48,42.95,42.95,42.95,42.95,50,5175
20210506,13:49,42.05,42.05,42.05,42.05,25,5250
20210506,13:51,43.65,43.65,43.65,43.65,50,5250
20210506,13:52,43.55,43.55,43.55,43.55,75,5200
20210506,13:53,43.15,43.15,43.15,43.15,25,5200
20210506,13:54,44.30,44.30,44.30,44.30,100,5200
20210506,13:55,43.20,43.20,43.20,43.20,100,5150
20210506,13:56,45.25,45.25,45.25,45.25,250,5150
20210506,13:57,44.00,44.00,44.00,44.00,25,5150
20210506,14:01,41.70,41.70,41.70,41.70,150,5025
20210506,14:02,39.90,39.90,39.90,39.90,150,5025
20210506,14:04,41.30,41.30,41.30,41.30,25,4925
20210506,14:06,43.40,43.40,43.40,43.40,25,4925
20210506,14:08,42.45,42.45,42.45,42.45,100,4950
20210506,14:10,41.15,41.15,41.15,41.15,50,4950
20210506,14:12,41.45,41.45,41.45,41.45,50,4950
20210506,14:13,40.80,40.80,40.80,40.80,25,4950
20210506,14:15,40.85,40.85,40.85,40.85,50,4950
20210506,14:16,39.60,39.60,39.60,39.60,25,4950
20210506,14:17,39.60,39.60,39.60,39.60,25,4950
20210506,14:20,42.00,42.00,42.00,42.00,75,4950
20210506,14:21,43.90,43.90,43.90,43.90,275,4950
20210506,14:25,41.85,41.85,41.85,41.85,125,5000
20210506,14:26,42.00,42.00,42.00,42.00,25,5075
20210506,14:27,42.70,42.70,42.70,42.70,25,5075
20210506,14:28,44.60,44.60,44.60,44.60,50,5100
20210506,14:29,43.00,43.00,43.00,43.00,150,5100
20210506,14:32,43.60,43.60,43.60,43.60,225,5100
20210506,14:33,41.00,41.00,41.00,41.00,125,5100
20210506,14:35,41.00,41.00,41.00,41.00,75,5275
20210506,14:36,40.75,40.75,40.75,40.75,125,5275
20210506,14:37,39.05,39.05,39.05,39.05,50,5175
20210506,14:40,40.85,40.85,40.85,40.85,100,5125
20210506,14:41,40.45,40.45,40.45,40.45,125,5125
20210506,14:42,39.55,39.55,39.55,39.55,25,5125
20210506,14:43,39.85,39.85,39.85,39.85,25,5250
20210506,14:44,39.70,39.70,39.70,39.70,1325,5250
20210506,14:46,39.40,39.40,39.40,39.40,200,5625
20210506,14:47,39.40,39.40,39.40,39.40,75,5625
20210506,14:48,38.95,38.95,38.95,38.95,100,5625
20210506,14:49,39.30,39.30,39.30,39.30,25,5600
20210506,14:50,39.90,39.90,39.90,39.90,150,5600
20210506,14:52,37.10,37.10,37.10,37.10,125,5600
20210506,14:56,38.70,38.70,38.70,38.70,25,5675
20210506,14:57,38.00,38.00,38.00,38.00,50,5675
20210506,14:58,38.20,38.20,38.20,38.20,50,5725
20210506,15:00,38.05,38.05,38.05,38.05,25,5725
20210506,15:01,37.45,37.45,37.45,37.45,275,5725
20210506,15:02,37.40,37.40,37.40,37.40,325,5725
20210506,15:04,38.65,38.65,38.65,38.65,2000,5725
20210506,15:05,38.25,38.25,38.25,38.25,250,6550
20210506,15:06,38.20,38.20,38.20,38.20,925,6550
20210506,15:07,38.20,38.20,38.20,38.20,75,6975
20210506,15:08,38.40,38.40,38.40,38.40,25,6975
20210506,15:09,38.20,38.20,38.20,38.20,150,6975
20210506,15:10,37.80,37.80,37.80,37.80,425,6850
20210506,15:11,37.65,37.65,37.65,37.65,175,6850
20210506,15:12,36.75,36.75,36.75,36.75,300,6850
20210506,15:13,37.00,37.00,37.00,37.00,650,7075
20210506,15:14,36.80,36.80,36.80,36.80,1325,7075
20210506,15:15,36.00,36.00,36.00,36.00,375,7075
20210506,15:16,36.00,36.00,36.00,36.00,25,5925
20210506,15:17,35.60,35.60,35.60,35.60,150,5925
20210506,15:18,36.45,36.45,36.45,36.45,225,5925
20210506,15:19,36.40,36.40,36.40,36.40,100,5850
20210506,15:20,36.80,36.80,36.80,36.80,100,5850
20210506,15:21,36.45,36.45,36.45,36.45,75,5850
20210506,15:22,35.50,35.50,35.50,35.50,1450,5725
20210506,15:24,36.55,36.55,36.55,36.55,850,5725
20210506,15:25,35.00,35.00,35.00,35.00,4375,8175
20210506,15:26,36.45,36.45,36.45,36.45,850,8175
20210506,15:27,36.40,36.40,36.40,36.40,550,8175
20210506,15:28,36.00,36.00,36.00,36.00,1275,9950
20210506,15:29,34.55,34.55,34.55,34.55,800,9950
20210506,15:30,33.20,33.20,33.20,33.20,150,9950
20210507,09:15,27.50,27.50,19.00,21.35,3126,10800
20210507,09:16,21.45,21.45,20.45,21.00,2075,10800
20210507,09:17,20.90,22.75,20.85,22.40,2750,12800
20210507,09:18,22.60,22.60,21.95,21.95,1475,12800
20210507,09:19,21.75,21.80,20.55,20.55,1475,12800
20210507,09:20,20.20,20.60,20.05,20.55,3475,13650
20210507,09:21,20.30,20.40,19.65,19.85,1575,13650
20210507,09:22,19.80,20.80,19.80,20.45,3225,13650
20210507,09:23,20.55,20.55,20.10,20.30,1825,12450
20210507,09:24,20.40,20.40,20.10,20.25,400,12450
20210507,09:25,20.10,20.70,19.85,20.70,850,12450
20210507,09:26,20.60,20.60,20.00,20.00,2900,13000
20210507,09:27,19.85,20.05,19.30,19.95,4075,13000
20210507,09:28,20.00,20.05,19.65,19.80,875,13000
20210507,09:29,19.45,19.45,19.00,19.05,350,13425
20210507,09:30,19.00,19.00,18.20,18.20,2625,13425
20210507,09:31,18.20,18.45,18.00,18.10,1550,13425
20210507,09:32,18.15,18.15,18.10,18.10,75,13425
20210507,09:33,18.25,18.45,18.20,18.40,350,15200
20210507,09:34,18.35,18.40,18.00,18.05,325,15200
20210507,09:35,17.90,18.25,17.80,18.25,300,14925
20210507,09:36,18.30,18.60,18.30,18.60,500,14925
20210507,09:37,18.55,18.85,18.55,18.85,150,14925
20210507,09:38,19.25,19.40,19.10,19.15,350,14650
20210507,09:39,19.50,19.50,18.70,18.80,875,14650
20210507,09:40,19.10,19.10,19.00,19.00,50,14650
20210507,09:41,18.85,19.10,18.60,18.95,700,14900
20210507,09:42,19.15,19.15,18.75,18.75,200,14900
20210507,09:43,19.00,19.00,18.65,18.65,850,14900
20210507,09:44,18.65,18.80,18.60,18.75,775,15400
20210507,09:45,18.70,18.80,18.70,18.80,50,15400
20210507,09:46,18.70,18.70,18.35,18.35,150,15400
20210507,09:47,18.35,18.65,18.35,18.65,75,15425
20210507,09:48,18.95,19.15,18.95,19.10,250,15425
20210507,09:49,19.30,19.45,19.00,19.20,1500,15425
20210507,09:50,19.00,19.00,18.75,18.75,675,15975
20210507,09:51,18.70,18.75,18.30,18.55,675,15975
20210507,09:52,18.90,19.10,18.65,19.05,350,15975
20210507,09:53,18.95,19.10,18.90,18.90,300,15675
20210507,09:54,19.00,19.00,18.75,18.75,375,15675
20210507,09:55,18.90,18.90,18.40,18.40,300,15675
20210507,09:56,18.40,18.55,18.35,18.55,350,15525
20210507,09:57,18.35,18.45,18.35,18.45,50,15525
20210507,09:58,18.30,18.75,18.30,18.75,200,15525
20210507,09:59,18.80,18.80,18.70,18.70,275,15700
20210507,10:00,18.80,18.80,18.65,18.65,150,15700
20210507,10:01,18.70,18.75,18.60,18.70,250,15700
20210507,10:02,18.70,18.75,18.50,18.70,1125,15550
20210507,10:03,18.80,19.05,18.80,19.05,200,15550
20210507,10:04,19.10,19.65,19.10,19.30,250,15550
20210507,10:05,19.15,19.15,19.05,19.05,375,15025
20210507,10:06,19.05,19.10,18.75,18.95,1975,15025
20210507,10:07,19.05,19.05,18.90,18.90,600,15025
20210507,10:08,18.90,19.05,18.90,19.05,150,15650
20210507,10:09,19.00,19.00,18.95,18.95,325,15650
20210507,10:10,18.90,18.90,18.90,18.90,25,15650
20210507,10:12,18.90,18.90,18.90,18.90,50,15650
20210507,10:13,18.90,19.10,18.60,19.05,1000,15775
20210507,10:14,18.85,18.85,18.60,18.60,800,16400
20210507,10:15,18.60,18.60,18.45,18.50,275,16400
20210507,10:16,18.55,19.35,18.55,18.90,500,16400
20210507,10:17,19.15,19.15,18.95,19.15,475,15900
20210507,10:18,19.15,19.15,18.55,18.55,550,15900
20210507,10:19,18.65,18.80,18.65,18.80,75,15900
20210507,10:20,18.60,18.60,18.15,18.40,800,16425
20210507,10:21,18.25,18.40,18.15,18.30,600,16425
20210507,10:22,18.30,18.40,18.10,18.10,175,16425
20210507,10:23,18.05,18.10,18.00,18.05,225,16625
20210507,10:24,18.10,18.30,18.10,18.25,150,16625
20210507,10:25,18.30,18.30,18.30,18.30,25,16625
20210507,10:26,18.05,18.05,18.05,18.05,75,16625
20210507,10:27,17.65,17.85,17.65,17.75,725,16850
20210507,10:28,17.80,18.05,17.80,17.90,350,16850
20210507,10:29,18.00,18.50,18.00,18.40,2025,16675
20210507,10:30,18.45,18.45,18.20,18.20,400,16675
20210507,10:31,18.25,18.25,18.20,18.20,75,16675
20210507,10:32,17.95,18.00,17.85,17.90,225,17175
20210507,10:33,17.90,17.90,17.80,17.90,250,17175
20210507,10:35,17.95,17.95,17.60,17.60,50,17275
20210507,10:36,17.60,18.25,17.60,18.00,425,17275
20210507,10:37,18.00,18.40,17.80,18.15,1125,17275
20210507,10:38,18.10,18.20,18.05,18.05,400,17000
20210507,10:39,18.10,18.10,17.75,18.00,200,17000
20210507,10:40,18.00,18.00,17.75,17.80,650,17000
20210507,10:41,17.75,17.80,17.60,17.60,300,16800
20210507,10:42,17.75,17.75,17.75,17.75,50,16800
20210507,10:43,18.10,18.90,18.10,18.80,1850,16800
20210507,10:44,18.70,19.35,18.60,19.30,1325,16375
20210507,10:45,19.60,20.45,19.35,20.25,2150,16375
20210507,10:46,20.15,20.50,19.95,19.95,750,16375
20210507,10:47,19.55,19.55,19.30,19.55,250,16175
20210507,10:48,20.25,20.25,19.65,19.90,575,16175
20210507,10:49,20.05,20.05,19.65,19.65,425,16175
20210507,10:50,19.65,19.65,19.15,19.25,250,16425
20210507,10:51,18.85,18.85,18.85,18.85,50,16425
20210507,10:52,19.30,19.55,19.30,19.50,175,16425
20210507,10:55,18.85,19.05,18.65,18.70,600,16400
20210507,10:56,18.70,18.90,18.70,18.75,475,16425
20210507,10:57,18.60,18.60,18.45,18.45,375,16425
20210507,10:58,18.15,18.30,18.15,18.30,350,16425
20210507,10:59,18.45,18.45,18.10,18.10,175,16125
20210507,11:00,18.40,18.45,18.10,18.10,400,16125
20210507,11:02,18.25,18.55,18.20,18.45,575,16250
20210507,11:03,18.55,18.55,18.55,18.55,50,16250
20210507,11:04,18.35,18.35,18.35,18.35,100,16250
20210507,11:05,18.65,18.85,18.65,18.85,275,16200
20210507,11:06,18.65,18.85,18.50,18.70,375,16200
20210507,11:07,18.85,18.85,18.60,18.60,125,16200
20210507,11:08,18.65,18.75,18.65,18.75,100,16300
20210507,11:09,18.70,18.85,18.60,18.65,225,16300
20210507,11:11,19.00,19.35,18.90,19.30,575,16200
20210507,11:12,19.55,19.70,19.30,19.70,200,16200
20210507,11:13,19.65,20.00,19.50,19.70,750,16200
20210507,11:14,19.85,20.20,19.70,19.85,900,16525
20210507,11:15,19.80,20.25,19.75,19.85,500,16525
20210507,11:16,19.95,20.25,19.95,20.10,700,16525
20210507,11:17,19.95,20.15,19.95,20.15,125,16375
20210507,11:18,20.05,20.05,19.80,19.80,2075,16375
20210507,11:19,19.55,19.55,19.30,19.45,125,16375
20210507,11:20,19.50,19.50,18.70,19.00,500,16375
20210507,11:21,19.10,19.10,19.10,19.10,50,17650
20210507,11:22,19.15,19.40,19.15,19.40,225,17650
20210507,11:23,19.40,19.40,19.35,19.35,300,17650
20210507,11:24,19.50,19.50,19.35,19.35,100,17500
20210507,11:25,19.35,19.35,19.15,19.20,350,17500
20210507,11:26,19.40,19.40,19.40,19.40,125,17725
20210507,11:27,19.10,19.10,18.00,18.10,750,17725
20210507,11:28,18.10,18.10,18.00,18.00,375,17725
20210507,11:29,18.00,18.00,17.60,17.80,675,18375
20210507,11:30,17.80,17.80,17.80,17.80,50,18375
20210507,11:31,17.65,17.75,17.65,17.75,75,18375
20210507,11:33,17.70,17.70,17.70,17.70,50,18350
20210507,11:34,17.55,17.55,17.45,17.45,150,18350
20210507,11:35,17.50,17.65,17.35,17.65,575,18525
20210507,11:36,17.50,17.50,17.25,17.25,425,18525
20210507,11:37,17.30,17.30,16.75,17.15,3475,18525
20210507,11:38,16.90,17.10,16.90,17.05,575,18525
20210507,11:39,17.05,17.05,17.00,17.05,75,17025
20210507,11:40,16.90,16.90,16.45,16.80,675,17025
20210507,11:41,16.75,16.90,16.70,16.80,350,17175
20210507,11:42,16.75,16.80,16.60,16.65,225,17175
20210507,11:43,16.70,16.85,16.60,16.80,1000,17175
20210507,11:44,17.00,17.00,16.90,16.95,300,17550
20210507,11:45,17.05,17.05,17.05,17.05,25,17550
20210507,11:46,17.15,17.40,17.15,17.40,100,17550
20210507,11:47,17.50,17.70,17.45,17.50,775,17450
20210507,11:48,17.65,17.65,17.45,17.45,150,17450
20210507,11:49,17.40,17.70,17.40,17.70,200,17450
20210507,11:50,17.40,17.60,17.25,17.25,600,17475
20210507,11:51,18.10,18.10,17.65,17.65,400,17475
20210507,11:52,17.95,18.00,17.75,17.75,850,17475
20210507,11:53,17.60,17.70,17.40,17.45,475,18025
20210507,11:54,17.45,17.50,17.45,17.50,100,18025
20210507,11:55,17.35,17.35,17.25,17.25,75,18025
20210507,11:56,17.25,17.30,17.25,17.30,600,18025
20210507,11:57,17.20,17.35,17.20,17.35,150,17775
20210507,11:58,17.40,17.40,17.25,17.30,350,17775
20210507,11:59,17.45,17.45,17.45,17.45,100,17775
20210507,12:01,17.45,17.45,17.45,17.45,25,17625
20210507,12:02,17.35,17.60,17.35,17.60,300,17700
20210507,12:03,17.40,17.45,17.40,17.40,200,17700
20210507,12:04,17.35,17.35,17.35,17.35,50,17700
20210507,12:05,17.35,18.05,17.35,17.80,325,17700
20210507,12:06,17.70,17.70,17.45,17.45,200,17750
20210507,12:08,17.35,17.50,17.35,17.50,175,17825
20210507,12:09,17.50,17.95,17.50,17.95,275,17825
20210507,12:10,18.60,22.55,18.60,20.55,3900,17825
20210507,12:11,20.00,21.20,20.00,20.05,2450,16875
20210507,12:12,20.55,21.60,20.55,21.50,1100,16875
20210507,12:13,21.35,21.95,21.00,21.35,5575,16875
20210507,12:14,21.70,21.70,21.10,21.40,1700,19750
20210507,12:15,21.55,21.60,21.10,21.10,875,19750
20210507,12:16,20.95,23.35,20.75,23.35,3400,19750
20210507,12:17,22.80,23.05,22.00,22.00,2425,19750
20210507,12:18,22.00,22.20,21.70,22.20,800,20175
20210507,12:19,22.00,22.20,21.95,22.20,750,20175
20210507,12:20,22.30,23.30,22.25,22.35,825,20025
20210507,12:21,22.20,22.40,22.00,22.40,925,20025
20210507,12:22,21.95,22.40,21.35,21.45,1100,20025
20210507,12:23,21.65,22.00,21.60,21.60,675,20025
20210507,12:24,21.60,25.45,21.55,25.30,5300,20975
20210507,12:25,25.40,26.00,23.90,24.10,3500,20975
20210507,12:26,24.25,24.25,23.10,23.10,625,20975
20210507,12:27,23.05,23.10,22.20,22.45,1300,19775
20210507,12:28,22.30,22.30,21.80,22.00,1000,19775
20210507,12:29,21.75,22.20,21.60,21.65,1525,19775
20210507,12:30,21.60,22.40,21.60,22.30,425,19500
20210507,12:31,22.05,22.25,22.00,22.15,2275,19500
20210507,12:32,21.70,22.50,21.65,22.50,850,19500
20210507,12:33,22.40,22.45,21.85,22.30,650,20575
20210507,12:34,22.50,22.50,21.80,21.80,150,20575
20210507,12:35,21.70,22.05,21.70,21.90,550,20575
20210507,12:36,22.30,23.15,22.30,23.10,725,20750
20210507,12:37,22.95,22.95,22.15,22.40,1125,20750
20210507,12:38,22.35,22.45,21.85,22.25,725,20750
20210507,12:39,22.10,22.10,21.85,21.90,175,20475
20210507,12:40,21.90,22.50,21.60,22.45,1200,20475
20210507,12:41,22.35,22.35,22.00,22.00,325,20475
20210507,12:42,21.80,21.80,20.60,21.00,1925,20675
20210507,12:43,20.70,20.70,20.30,20.65,1975,20675
20210507,12:44,20.60,20.80,20.30,20.40,1250,20675
20210507,12:45,20.40,20.55,20.35,20.35,375,19950
20210507,12:46,20.35,20.60,20.35,20.50,400,19950
20210507,12:47,21.20,21.20,20.95,21.10,175,19950
20210507,12:48,20.80,20.80,20.65,20.65,200,20200
20210507,12:49,20.60,20.85,20.50,20.70,650,20200
20210507,12:50,20.90,20.90,20.35,20.35,125,20200
20210507,12:51,20.50,21.20,20.50,21.20,225,19875
20210507,12:52,21.10,21.35,21.10,21.20,2750,19875
20210507,12:53,20.90,21.00,20.60,20.75,150,19875
20210507,12:54,20.70,20.70,20.55,20.55,50,22000
20210507,12:55,20.45,20.45,19.60,19.85,525,22000
20210507,12:56,19.90,20.05,19.40,19.40,675,22000
20210507,12:57,19.40,19.70,19.35,19.50,375,21875
20210507,12:58,19.65,19.65,19.65,19.65,25,21875
20210507,12:59,19.75,20.75,19.75,20.75,925,21875
20210507,13:00,20.90,21.35,20.55,20.65,850,21700
20210507,13:01,20.50,20.55,20.45,20.55,175,21700
20210507,13:02,20.75,21.40,20.75,21.25,375,21700
20210507,13:03,21.25,21.40,21.00,21.15,425,21800
20210507,13:04,21.05,21.75,21.05,21.65,225,21800
20210507,13:05,21.80,21.80,21.45,21.45,200,21800
20210507,13:06,21.80,21.95,21.55,21.75,500,21550
20210507,13:07,21.70,21.80,21.40,21.80,425,21550
20210507,13:08,21.80,22.00,21.40,21.45,475,21550
20210507,13:09,21.40,22.25,21.05,22.05,750,21100
20210507,13:10,21.95,22.25,21.70,21.75,400,21100
20210507,13:11,21.95,21.95,21.60,21.65,700,21100
20210507,13:12,21.75,22.05,21.75,21.75,300,21600
20210507,13:13,21.80,22.40,21.80,22.10,200,21600
20210507,13:14,22.20,23.25,22.10,23.25,325,21600
20210507,13:15,23.10,23.65,22.55,23.50,2075,21500
20210507,13:16,23.40,24.45,23.20,23.20,1225,21500
20210507,13:17,23.15,23.20,22.45,23.10,450,21500
20210507,13:18,22.95,22.95,21.75,22.05,600,22650
20210507,13:19,22.00,22.00,21.40,21.80,200,22650
20210507,13:20,21.20,21.65,20.75,20.75,675,22650
20210507,13:21,21.85,21.85,21.65,21.65,225,22675
20210507,13:22,21.60,22.05,21.60,21.65,275,22675
20210507,13:23,21.70,21.85,21.70,21.85,50,22675
20210507,13:24,21.75,21.75,21.70,21.75,75,22300
20210507,13:25,21.60,21.70,21.60,21.70,75,22300
20210507,13:26,21.50,21.95,21.50,21.95,50,22300
20210507,13:27,21.80,21.80,21.80,21.80,50,22300
20210507,13:28,22.35,22.35,22.35,22.35,100,21975
20210507,13:29,22.60,22.60,22.45,22.45,50,21975
20210507,13:30,22.75,23.15,22.60,22.70,750,21975
20210507,13:31,22.70,22.95,22.70,22.85,275,21975
20210507,13:32,22.65,22.65,22.05,22.05,475,21975
20210507,13:33,21.85,22.25,21.85,22.10,425,21675
20210507,13:34,22.30,22.30,21.90,21.90,350,21675
20210507,13:35,21.85,21.85,21.55,21.80,450,21675
20210507,13:36,22.40,22.40,21.70,21.70,100,22125
20210507,13:37,21.60,21.60,21.05,21.55,325,22125
20210507,13:38,21.30,21.30,20.10,20.55,550,22125
20210507,13:39,20.55,21.00,20.40,20.80,375,22300
20210507,13:40,20.65,20.65,19.85,20.55,800,22300
20210507,13:41,20.65,21.45,20.65,21.45,125,22300
20210507,13:42,21.30,21.30,20.80,20.80,150,22275
20210507,13:43,20.95,21.30,20.90,21.15,250,22275
20210507,13:44,21.00,21.00,20.75,21.00,175,22275
20210507,13:45,20.85,20.95,20.45,20.90,500,22475
20210507,13:46,20.75,20.75,19.50,19.50,1500,22475
20210507,13:47,19.35,19.85,19.05,19.70,4125,22475
20210507,13:48,19.25,19.90,19.25,19.85,350,21625
20210507,13:49,19.35,19.40,18.85,19.00,1650,21625
20210507,13:50,18.20,18.75,18.20,18.75,4050,21625
20210507,13:51,18.45,18.60,17.70,17.90,2675,21275
20210507,13:52,17.85,18.50,17.85,18.20,325,21275
20210507,13:53,18.20,18.35,17.85,17.85,350,21275
20210507,13:54,18.10,18.10,17.85,18.10,225,21625
20210507,13:55,18.30,18.30,17.95,17.95,50,21625
20210507,13:56,18.10,18.20,18.10,18.15,75,21625
20210507,13:57,18.20,18.40,18.15,18.25,250,21625
20210507,13:58,18.30,18.30,18.10,18.15,125,21625
20210507,13:59,18.10,18.15,18.10,18.10,1900,21625
20210507,14:00,18.10,18.10,17.15,17.40,1625,22625
20210507,14:01,17.40,18.25,17.40,18.25,800,22625
20210507,14:02,18.40,18.50,17.85,18.50,1000,22625
20210507,14:03,18.50,19.05,18.50,18.70,1875,21975
20210507,14:04,19.00,19.45,19.00,19.30,475,21975
20210507,14:05,19.00,19.60,19.00,19.30,3800,21975
20210507,14:06,19.30,19.30,18.75,18.75,250,22950
20210507,14:07,18.95,18.95,18.55,18.55,325,22950
20210507,14:08,18.35,18.40,18.30,18.30,100,22950
20210507,14:09,18.40,18.40,18.05,18.05,125,22975
20210507,14:10,18.05,18.05,17.50,17.50,350,22975
20210507,14:11,17.70,18.00,17.70,17.75,225,22975
20210507,14:12,17.80,17.85,17.80,17.85,275,22875
20210507,14:13,17.70,17.75,17.50,17.50,500,22875
20210507,14:14,17.85,17.85,17.70,17.70,350,22875
20210507,14:15,17.65,17.65,17.30,17.30,725,22775
20210507,14:16,17.25,17.30,17.00,17.15,1575,22775
20210507,14:17,17.15,17.35,17.00,17.35,2575,22775
20210507,14:18,17.60,17.65,17.25,17.30,1125,21500
20210507,14:19,17.10,17.20,16.90,16.90,375,21500
20210507,14:20,17.30,17.30,17.00,17.00,225,21500
20210507,14:21,17.10,17.20,17.10,17.20,50,21825
20210507,14:22,17.45,17.45,17.10,17.40,675,21825
20210507,14:23,17.30,17.30,17.25,17.25,75,21825
20210507,14:24,17.55,17.80,17.55,17.80,125,21675
20210507,14:25,17.80,17.80,17.35,17.55,175,21675
20210507,14:26,17.60,17.90,17.40,17.50,975,21675
20210507,14:27,17.45,17.70,17.45,17.50,225,21275
20210507,14:28,17.65,17.75,17.45,17.45,125,21275
20210507,14:29,17.35,17.45,17.35,17.45,75,21275
20210507,14:30,17.35,17.80,17.30,17.30,325,21275
20210507,14:31,17.60,17.60,17.00,17.00,750,21375
20210507,14:32,17.10,17.50,17.10,17.40,525,21375
20210507,14:33,17.30,17.30,17.15,17.20,150,20675
20210507,14:34,17.00,17.05,16.85,16.90,1875,20675
20210507,14:35,17.05,17.20,17.00,17.20,600,20675
20210507,14:36,17.25,17.50,17.20,17.50,375,22425
20210507,14:37,17.25,17.45,17.25,17.40,725,22425
20210507,14:38,17.35,17.45,17.20,17.25,275,22425
20210507,14:39,17.25,18.30,17.25,17.85,3450,21675
20210507,14:40,17.45,17.50,17.00,17.10,2075,21675
20210507,14:41,16.85,16.85,16.85,16.85,75,21675
20210507,14:42,16.85,16.90,16.85,16.90,150,20675
20210507,14:43,16.85,16.90,16.45,16.45,1625,20675
20210507,14:44,16.45,16.50,15.65,15.80,3125,20675
20210507,14:45,15.55,15.75,15.15,15.25,850,19300
20210507,14:46,15.55,15.60,15.45,15.50,425,19300
20210507,14:47,15.55,15.90,15.40,15.70,450,19300
20210507,14:48,15.85,16.15,15.70,16.10,1350,18975
20210507,14:49,16.25,16.35,15.95,16.10,375,18975
20210507,14:50,15.95,16.05,15.90,16.05,950,18975
20210507,14:51,16.25,16.25,15.95,16.25,450,19350
20210507,14:52,16.15,16.20,16.00,16.05,150,19350
20210507,14:53,16.05,16.25,15.80,16.10,1375,19350
20210507,14:54,16.30,16.65,16.15,16.25,1050,20900
20210507,14:55,16.40,17.00,16.30,16.90,2300,20900
20210507,14:56,17.00,17.00,16.80,16.80,275,20900
20210507,14:57,16.90,16.90,16.55,16.75,400,19325
20210507,14:58,16.70,16.90,16.65,16.75,575,19325
20210507,14:59,16.80,17.35,16.80,17.35,875,19325
20210507,15:00,17.35,17.50,17.10,17.50,2425,18525
20210507,15:01,17.55,17.80,17.15,17.20,1600,18525
20210507,15:02,16.90,17.20,16.85,17.20,225,18525
20210507,15:03,17.10,17.10,16.85,16.90,125,17725
20210507,15:04,16.95,17.25,16.80,17.10,150,17725
20210507,15:05,16.90,17.05,16.85,16.95,175,17725
20210507,15:06,16.90,17.10,16.75,17.10,500,17825
20210507,15:07,17.10,17.55,17.10,17.35,1275,17825
20210507,15:08,17.35,17.50,17.25,17.50,1350,17825
20210507,15:09,17.60,17.70,17.30,17.45,1925,18125
20210507,15:10,17.30,17.30,16.85,17.30,2000,18125
20210507,15:11,17.30,17.30,16.90,17.00,525,18125
20210507,15:12,17.10,17.35,17.10,17.30,525,17650
20210507,15:13,17.30,17.50,17.20,17.50,1200,17650
20210507,15:14,17.45,17.80,17.35,17.80,1125,17650
20210507,15:15,17.80,18.35,17.80,18.10,950,19350
20210507,15:16,18.25,18.50,18.15,18.30,450,19350
20210507,15:17,18.30,18.35,17.90,18.25,4375,19350
20210507,15:18,18.10,18.35,18.05,18.25,1425,18500
20210507,15:19,18.25,18.30,18.20,18.30,125,18500
20210507,15:20,18.15,18.25,17.10,18.10,2025,18500
20210507,15:21,18.15,18.25,17.70,18.25,850,18650
20210507,15:22,18.30,18.30,18.10,18.30,950,18650
20210507,15:23,18.30,19.00,18.10,19.00,2775,18650
20210507,15:24,19.00,21.75,19.00,21.75,2500,19825
20210507,15:25,21.75,22.20,19.60,19.85,8825,19825
20210507,15:26,19.75,21.10,19.75,21.10,2475,19825
20210507,15:27,21.10,21.20,19.85,19.90,800,22525
20210507,15:28,19.65,19.65,19.10,19.60,4400,22525
20210507,15:29,19.55,20.40,19.55,20.15,2675,22525
20210510,09:15,12.00,12.00,8.30,9.20,4551,16950
20210510,09:16,8.75,8.85,8.00,8.35,6775,16950
20210510,09:17,8.30,8.70,8.25,8.50,2500,20825
20210510,09:18,8.65,9.00,8.50,8.80,4450,20825
20210510,09:19,8.65,8.75,8.35,8.65,4525,20825
20210510,09:20,8.70,8.90,8.60,8.80,4700,23725
20210510,09:21,8.70,8.70,8.40,8.45,1475,23725
20210510,09:22,8.40,9.85,8.35,9.45,3050,23725
20210510,09:23,9.45,9.50,8.90,9.10,2600,24625
20210510,09:24,8.95,8.95,8.65,8.65,1750,24625
20210510,09:25,8.65,8.95,8.60,8.85,1575,24625
20210510,09:26,8.70,8.70,7.85,7.85,4175,23575
20210510,09:27,7.75,7.85,7.35,7.35,2250,23575
20210510,09:28,7.35,7.80,7.35,7.75,3225,23575
20210510,09:29,7.60,7.90,7.55,7.90,850,22975
20210510,09:30,7.85,8.60,7.85,8.55,3300,22975
20210510,09:31,8.50,8.80,8.35,8.35,3975,22975
20210510,09:32,8.40,8.75,8.40,8.55,275,22475
20210510,09:33,8.60,9.65,8.45,9.65,3500,22475
20210510,09:34,9.65,9.65,8.50,8.60,2450,22475
20210510,09:35,8.50,8.50,7.85,7.90,2825,20650
20210510,09:36,7.95,8.05,7.65,7.65,700,20650
20210510,09:37,7.75,7.75,7.40,7.50,250,20650
20210510,09:38,7.50,7.55,7.50,7.55,100,20700
20210510,09:39,7.50,7.70,7.50,7.70,1000,20700
20210510,09:40,7.60,7.60,7.60,7.60,100,20700
20210510,09:41,7.65,7.65,7.55,7.65,375,21250
20210510,09:42,7.55,7.55,7.55,7.55,25,21250
20210510,09:43,7.80,7.80,7.65,7.70,225,21250
20210510,09:44,7.75,7.80,7.70,7.80,1025,21450
20210510,09:45,7.80,7.85,7.60,7.85,525,21450
20210510,09:46,7.65,7.70,7.50,7.60,1125,21450
20210510,09:47,7.60,7.60,7.50,7.50,200,21250
20210510,09:48,7.55,7.65,7.55,7.65,50,21250
20210510,09:49,7.75,7.75,7.55,7.55,1300,21250
20210510,09:50,7.60,7.60,7.60,7.60,50,22200
20210510,09:51,7.65,7.75,7.65,7.70,475,22200
20210510,09:52,7.65,7.70,7.60,7.60,2675,22200
20210510,09:53,7.55,7.60,7.50,7.60,325,24450
20210510,09:54,7.55,7.70,7.40,7.60,850,24450
20210510,09:55,7.55,7.55,7.45,7.55,650,24450
20210510,09:56,7.60,7.85,7.60,7.70,3075,25075
20210510,09:57,7.70,7.85,7.70,7.85,1650,25075
20210510,09:58,7.75,7.95,7.75,7.90,700,25075
20210510,09:59,7.90,7.90,7.70,7.70,700,25925
20210510,10:00,7.70,7.75,7.65,7.75,2300,25925
20210510,10:02,7.75,7.75,7.50,7.55,2425,26000
20210510,10:03,7.50,7.50,7.45,7.50,400,26000
20210510,10:04,7.45,7.45,7.45,7.45,25,26000
20210510,10:05,7.50,7.80,7.50,7.65,2175,26025
20210510,10:06,7.65,7.70,7.50,7.50,275,26025
20210510,10:07,7.55,7.55,7.35,7.35,650,26025
20210510,10:08,7.30,7.30,7.30,7.30,50,26025
20210510,10:09,7.20,7.20,7.20,7.20,50,26550
20210510,10:10,7.20,7.20,7.20,7.20,25,26550
20210510,10:11,7.30,7.30,7.20,7.30,425,26525
20210510,10:12,7.25,7.30,7.20,7.25,825,26525
20210510,10:14,7.05,7.45,7.05,7.45,1325,26525
20210510,10:15,7.25,7.25,7.25,7.25,25,26525
20210510,10:16,7.45,7.50,7.35,7.50,225,26525
20210510,10:17,7.35,7.40,7.25,7.25,650,26700
20210510,10:18,7.35,7.60,7.30,7.30,1700,26700
20210510,10:19,7.10,7.40,7.10,7.40,925,26700
20210510,10:20,7.40,7.55,7.40,7.50,625,26050
20210510,10:21,7.50,7.50,7.40,7.45,625,26050
20210510,10:22,7.35,7.45,7.35,7.45,325,26050
20210510,10:23,7.35,7.40,7.25,7.25,350,26175
20210510,10:24,7.35,7.35,7.25,7.30,325,26175
20210510,10:25,7.30,7.30,7.30,7.30,175,26175
20210510,10:26,7.35,7.35,7.25,7.25,175,26100
20210510,10:27,7.30,7.55,7.20,7.55,475,26100
20210510,10:28,7.60,7.70,7.40,7.45,2550,26100
20210510,10:29,7.55,7.55,7.35,7.35,150,26100
20210510,10:30,7.40,7.45,7.35,7.35,350,27250
20210510,10:31,7.45,7.45,7.45,7.45,25,27250
20210510,10:33,7.25,7.30,7.20,7.30,275,27125
20210510,10:34,7.40,7.40,7.10,7.20,250,27125
20210510,10:35,7.15,7.25,6.95,7.20,2225,26775
20210510,10:36,7.20,7.20,7.15,7.15,75,26775
20210510,10:37,7.15,7.15,7.15,7.15,850,26775
20210510,10:38,7.15,7.15,7.10,7.15,250,26175
20210510,10:39,7.20,7.45,7.15,7.45,600,26175
20210510,10:40,7.40,7.50,7.40,7.45,125,26175
20210510,10:41,7.45,7.45,7.35,7.35,275,25650
20210510,10:42,7.35,7.35,7.25,7.30,825,25650
20210510,10:43,7.30,7.35,7.15,7.15,1250,25650
20210510,10:44,7.30,7.30,7.15,7.25,1275,25625
20210510,10:45,7.30,7.55,7.25,7.50,2650,25625
20210510,10:46,7.50,7.60,7.45,7.45,1475,25625
20210510,10:47,7.35,7.45,7.35,7.45,100,26875
20210510,10:48,7.35,7.45,7.35,7.45,150,26875
20210510,10:49,7.50,7.50,7.40,7.40,100,26875
20210510,10:50,7.35,7.45,7.30,7.45,375,26775
20210510,10:51,7.45,7.50,7.40,7.40,150,26775
20210510,10:52,7.40,7.50,7.35,7.45,250,26775
20210510,10:53,7.45,7.45,7.45,7.45,200,26850
20210510,10:54,7.45,7.45,7.35,7.35,200,26850
20210510,10:55,7.25,7.35,7.25,7.35,125,26850
20210510,10:56,7.30,7.35,7.30,7.30,300,26375
20210510,10:57,7.30,7.30,7.25,7.25,175,26375
20210510,10:58,7.25,7.25,7.20,7.20,50,26375
20210510,10:59,7.30,7.35,7.25,7.30,575,26375
20210510,11:00,7.25,7.40,7.25,7.40,225,26000
20210510,11:01,7.35,7.35,7.35,7.35,150,26000
20210510,11:02,7.40,7.40,7.35,7.35,100,25925
20210510,11:03,7.35,7.35,7.25,7.30,325,25925
20210510,11:05,7.35,7.45,7.35,7.35,200,25825
20210510,11:06,7.40,7.40,7.25,7.25,100,25825
20210510,11:08,7.30,7.35,7.30,7.35,325,25750
20210510,11:09,7.35,7.35,7.35,7.35,25,25750
20210510,11:10,7.10,7.10,7.10,7.10,75,25750
20210510,11:11,7.25,7.25,7.25,7.25,75,25825
20210510,11:12,7.25,7.30,7.25,7.30,1200,25825
20210510,11:13,7.40,7.40,7.35,7.35,100,25825
20210510,11:14,7.35,7.75,7.35,7.65,825,26500
20210510,11:15,7.60,7.60,7.45,7.45,225,26500
20210510,11:16,7.40,7.40,7.40,7.40,100,26500
20210510,11:17,7.30,7.35,7.30,7.30,250,26375
20210510,11:18,7.35,7.35,7.30,7.30,1425,26375
20210510,11:19,7.20,7.25,7.15,7.20,325,26375
20210510,11:20,7.10,7.10,7.10,7.10,25,26375
20210510,11:21,7.20,7.25,7.10,7.10,100,26650
20210510,11:22,7.10,7.15,7.00,7.15,325,26650
20210510,11:23,7.10,7.20,7.10,7.20,100,26650
20210510,11:24,7.30,7.30,7.20,7.20,1075,26550
20210510,11:25,7.25,7.25,7.15,7.20,175,26550
20210510,11:26,7.05,7.10,7.05,7.10,175,26875
20210510,11:27,7.05,7.10,7.05,7.10,300,26875
20210510,11:28,7.10,7.10,6.90,7.00,200,26875
20210510,11:29,7.15,7.45,7.10,7.25,1875,27925
20210510,11:30,7.30,7.30,7.10,7.15,125,27925
20210510,11:32,7.15,7.15,7.15,7.15,100,27925
20210510,11:33,7.15,7.15,7.15,7.15,25,28000
20210510,11:34,7.05,7.15,6.95,7.15,350,28000
20210510,11:38,7.05,7.05,7.05,7.05,175,27775
20210510,11:39,7.00,7.00,6.90,6.90,175,27775
20210510,11:40,6.90,6.90,6.80,6.85,325,27775
20210510,11:41,6.90,6.90,6.80,6.85,2250,27775
20210510,11:42,6.90,6.90,6.85,6.85,75,26800
20210510,11:45,6.85,7.05,6.65,6.90,2050,26800
20210510,11:46,6.90,6.90,6.75,6.75,825,26800
20210510,11:47,6.70,6.80,6.70,6.75,375,26800
20210510,11:48,6.70,6.85,6.70,6.85,375,25775
20210510,11:49,6.80,6.85,6.75,6.85,825,25775
20210510,11:50,6.85,6.95,6.75,6.95,1000,24925
20210510,11:51,7.00,7.00,6.95,7.00,625,24925
20210510,11:52,6.90,7.00,6.85,6.85,700,24925
20210510,11:53,6.80,6.85,6.80,6.85,125,24925
20210510,11:54,6.90,6.90,6.85,6.85,225,24000
20210510,11:57,6.85,6.95,6.85,6.95,175,23950
20210510,11:58,6.90,6.95,6.90,6.95,100,23950
20210510,11:59,6.75,6.75,6.75,6.75,25,23950
20210510,12:01,6.75,6.85,6.75,6.85,75,23925
20210510,12:02,6.75,6.75,6.75,6.75,100,23925
20210510,12:03,6.70,6.75,6.70,6.75,250,23925
20210510,12:05,6.75,6.85,6.75,6.85,125,23925
20210510,12:06,6.85,6.95,6.85,6.95,200,24050
20210510,12:07,7.00,7.00,6.90,6.95,125,24050
20210510,12:08,6.90,6.90,6.90,6.90,25,24050
20210510,12:10,6.95,7.05,6.85,6.95,275,24025
20210510,12:11,7.10,7.10,7.10,7.10,75,24025
20210510,12:12,7.15,7.15,7.10,7.10,100,23925
20210510,12:13,7.05,7.05,7.05,7.05,150,23925
20210510,12:14,7.05,7.10,7.05,7.10,175,23925
20210510,12:15,6.95,7.00,6.95,7.00,100,23950
20210510,12:17,7.05,7.05,7.05,7.05,25,23950
20210510,12:22,7.00,7.00,7.00,7.00,25,23950
20210510,12:23,6.95,6.95,6.90,6.90,400,23950
20210510,12:26,6.90,6.95,6.85,6.95,125,23675
20210510,12:28,6.85,6.85,6.85,6.85,50,23675
20210510,12:30,6.75,6.80,6.75,6.80,300,23800
20210510,12:33,6.70,6.70,6.60,6.65,525,23700
20210510,12:36,6.70,6.70,6.70,6.70,25,23825
20210510,12:37,6.65,6.65,6.65,6.65,50,23825
20210510,12:38,6.65,6.70,6.65,6.70,400,23825
20210510,12:39,6.70,6.70,6.45,6.45,575,23475
20210510,12:40,6.55,6.55,6.55,6.55,100,23475
20210510,12:41,6.55,6.55,6.55,6.55,200,23475
20210510,12:46,6.65,6.65,6.60,6.65,200,23375
20210510,12:47,6.55,6.55,6.50,6.55,350,23375
20210510,12:48,6.60,6.60,6.50,6.50,275,23525
20210510,12:49,6.55,6.55,6.55,6.55,125,23525
20210510,12:50,6.55,6.60,6.40,6.60,300,23525
20210510,12:51,6.50,6.50,6.40,6.45,275,23575
20210510,12:52,6.40,6.45,6.40,6.40,100,23575
20210510,12:53,6.45,6.45,6.45,6.45,25,23575
20210510,12:54,6.40,6.40,6.40,6.40,50,23575
20210510,12:55,6.45,6.50,6.40,6.40,350,23525
20210510,12:56,6.55,6.55,6.45,6.45,75,23525
20210510,12:59,6.50,6.50,6.50,6.50,25,23525
20210510,13:00,6.50,6.55,6.30,6.30,725,23700
20210510,13:01,6.30,6.35,6.25,6.25,625,23700
20210510,13:02,6.30,6.30,6.15,6.15,450,23700
20210510,13:03,6.15,6.15,6.00,6.10,325,24025
20210510,13:04,6.15,6.15,6.10,6.10,125,24025
20210510,13:05,6.10,6.20,6.10,6.10,300,24025
20210510,13:06,6.20,6.20,6.20,6.20,100,23975
20210510,13:07,6.10,6.20,6.10,6.20,225,23975
20210510,13:08,6.20,6.30,6.10,6.10,250,23975
20210510,13:09,6.00,6.05,5.95,5.95,300,24200
20210510,13:11,5.95,6.10,5.95,6.00,300,24200
20210510,13:12,6.05,6.20,6.05,6.15,250,24100
20210510,13:13,6.20,6.25,6.20,6.25,100,24100
20210510,13:14,6.20,6.25,6.20,6.25,225,24100
20210510,13:15,6.40,6.45,6.20,6.35,175,24300
20210510,13:16,6.25,6.25,6.25,6.25,150,24300
20210510,13:17,6.20,6.25,6.15,6.25,550,24300
20210510,13:18,6.15,6.30,6.15,6.30,1125,24100
20210510,13:19,6.25,6.25,6.25,6.25,575,24100
20210510,13:20,6.20,6.25,6.15,6.20,225,24100
20210510,13:21,6.20,6.25,6.20,6.25,125,23725
20210510,13:22,6.20,6.20,6.20,6.20,25,23725
20210510,13:23,6.20,6.20,6.15,6.15,275,23725
20210510,13:24,6.15,6.25,6.15,6.25,125,23750
20210510,13:25,6.20,6.20,6.20,6.20,25,23750
20210510,13:27,6.15,6.15,6.05,6.05,250,23950
20210510,13:28,6.05,6.05,6.05,6.05,125,23950
20210510,13:29,5.85,5.85,5.85,5.85,1525,23950
20210510,13:30,5.85,6.05,5.85,6.05,75,23275
20210510,13:31,5.80,5.85,5.80,5.80,275,23275
20210510,13:32,5.75,5.75,5.70,5.70,150,23275
20210510,13:33,5.95,5.95,5.90,5.90,50,23175
20210510,13:34,5.85,5.85,5.85,5.85,25,23175
20210510,13:35,5.85,5.85,5.85,5.85,75,23175
20210510,13:36,5.80,5.80,5.75,5.75,50,23175
20210510,13:37,5.80,5.80,5.80,5.80,25,23175
20210510,13:38,5.70,5.70,5.65,5.65,325,23075
20210510,13:41,5.65,5.65,5.60,5.65,125,23025
20210510,13:42,5.65,5.65,5.65,5.65,375,23050
20210510,13:46,5.75,5.75,5.75,5.75,100,22825
20210510,13:47,5.55,5.70,5.55,5.70,525,22825
20210510,13:48,5.65,5.65,5.65,5.65,50,22650
20210510,13:49,5.65,5.70,5.65,5.65,350,22650
20210510,13:50,5.60,5.60,5.60,5.60,25,22650
20210510,13:51,5.65,5.65,5.65,5.65,50,22650
20210510,13:52,5.55,5.55,5.50,5.50,325,22750
20210510,13:53,5.50,5.50,5.50,5.50,100,22750
20210510,13:54,5.60,5.75,5.60,5.75,250,22525
20210510,13:55,5.75,5.75,5.75,5.75,150,22525
20210510,13:57,5.70,5.70,5.70,5.70,150,22450
20210510,13:58,5.75,5.75,5.60,5.70,650,22450
20210510,13:59,5.65,5.80,5.65,5.80,350,22450
20210510,14:00,5.60,5.60,5.60,5.60,100,22450
20210510,14:01,5.60,5.60,5.60,5.60,25,22450
20210510,14:03,5.65,5.65,5.60,5.65,375,22475
20210510,14:04,5.60,5.60,5.50,5.50,100,22475
20210510,14:05,5.55,5.55,5.55,5.55,100,22475
20210510,14:06,5.40,5.40,5.40,5.40,350,22450
20210510,14:07,5.40,5.55,5.40,5.50,125,22450
20210510,14:10,5.55,5.55,5.50,5.55,525,22400
20210510,14:11,5.60,5.60,5.60,5.60,75,22400
20210510,14:12,5.55,5.65,5.55,5.65,350,22275
20210510,14:13,5.55,5.70,5.55,5.70,175,22275
20210510,14:14,5.70,5.70,5.70,5.70,50,22275
20210510,14:15,5.65,5.75,5.60,5.60,675,22350
20210510,14:16,5.65,5.75,5.50,5.65,1325,22350
20210510,14:17,5.55,5.60,5.40,5.45,1200,22350
20210510,14:18,5.45,5.45,5.25,5.40,450,22350
20210510,14:19,5.40,5.40,5.40,5.40,25,22350
20210510,14:20,5.50,5.50,5.35,5.40,225,23625
20210510,14:21,5.55,5.55,5.45,5.45,125,23625
20210510,14:22,5.40,5.55,5.40,5.50,375,23625
20210510,14:23,5.60,5.65,5.45,5.45,175,23625
20210510,14:24,5.65,5.65,5.55,5.60,350,23375
20210510,14:25,5.60,5.70,5.55,5.60,2000,23375
20210510,14:26,5.60,5.75,5.50,5.75,1800,23375
20210510,14:27,5.70,5.80,5.70,5.80,125,23375
20210510,14:28,5.75,5.75,5.70,5.75,550,23475
20210510,14:29,5.75,5.85,5.70,5.70,375,23475
20210510,14:30,5.85,5.85,5.75,5.75,250,23375
20210510,14:31,5.45,5.70,5.45,5.60,425,23375
20210510,14:32,5.70,5.70,5.65,5.65,75,23375
20210510,14:33,5.70,5.70,5.65,5.70,225,23375
20210510,14:34,5.70,5.75,5.65,5.65,425,23550
20210510,14:35,5.60,5.60,5.50,5.50,150,23550
20210510,14:36,5.50,5.50,5.50,5.50,150,23525
20210510,14:37,5.50,5.55,5.45,5.55,250,23525
20210510,14:39,5.60,5.60,5.60,5.60,100,23525
20210510,14:40,5.50,5.50,5.35,5.45,350,23300
20210510,14:41,5.40,5.40,5.30,5.30,375,23300
20210510,14:42,5.35,5.40,5.25,5.40,3100,23300
20210510,14:43,5.40,5.40,5.35,5.35,175,21925
20210510,14:44,5.30,5.40,5.30,5.40,475,21925
20210510,14:45,5.35,5.40,5.25,5.35,800,21525
20210510,14:46,5.25,5.40,5.25,5.30,275,21525
20210510,14:47,5.25,5.35,5.25,5.35,100,21525
20210510,14:48,5.35,5.35,5.35,5.35,50,21525
20210510,14:49,5.45,5.45,5.30,5.30,450,21200
20210510,14:50,5.30,5.35,5.25,5.35,100,21200
20210510,14:51,5.35,5.50,5.30,5.50,1750,21075
20210510,14:52,5.40,5.50,5.35,5.50,325,21075
20210510,14:53,5.35,5.40,5.25,5.35,650,21075
20210510,14:54,5.35,5.40,5.30,5.30,250,21725
20210510,14:55,5.35,5.35,5.05,5.15,2450,21725
20210510,14:56,5.25,5.25,5.15,5.25,525,21725
20210510,14:57,5.05,5.25,5.00,5.25,900,20275
20210510,14:58,5.35,5.35,5.20,5.20,1675,20275
20210510,14:59,5.20,5.20,5.05,5.20,1100,20275
20210510,15:00,5.20,5.20,5.15,5.20,550,19700
20210510,15:01,5.15,5.15,5.15,5.15,250,19700
20210510,15:02,5.15,5.20,5.15,5.20,1050,19700
20210510,15:03,5.20,5.25,5.15,5.25,375,19700
20210510,15:04,5.20,5.20,5.10,5.20,675,19475
20210510,15:05,5.05,5.20,5.05,5.20,525,19475
20210510,15:06,5.15,5.20,5.15,5.15,400,19475
20210510,15:07,5.15,5.20,5.10,5.10,825,19375
20210510,15:08,5.20,5.20,5.20,5.20,500,19375
20210510,15:09,5.05,5.20,5.05,5.20,75,18775
20210510,15:10,5.20,5.25,5.10,5.15,1700,18775
20210510,15:11,5.20,5.20,5.20,5.20,25,18775
20210510,15:12,5.20,5.20,5.10,5.10,775,18550
20210510,15:13,5.00,5.00,4.95,4.95,75,18550
20210510,15:14,4.95,4.95,4.75,4.90,2400,18550
20210510,15:15,4.95,4.95,4.70,4.70,825,17050
20210510,15:16,4.65,4.70,4.55,4.65,1500,17050
20210510,15:18,4.60,4.60,4.50,4.50,675,17050
20210510,15:19,4.50,4.50,4.45,4.45,550,16225
20210510,15:20,4.45,4.45,4.25,4.25,375,16225
20210510,15:21,4.35,4.40,4.00,4.25,5025,14125
20210510,15:22,4.25,4.40,4.25,4.40,825,14125
20210510,15:23,4.40,4.40,4.40,4.40,525,14125
20210510,15:24,4.35,4.55,4.35,4.55,400,12850
20210510,15:25,4.50,4.55,4.40,4.55,2250,12850
20210510,15:26,4.65,4.70,4.50,4.65,1300,12850
20210510,15:27,4.45,4.65,4.45,4.60,1200,11075
20210510,15:28,4.25,4.45,3.45,4.25,2050,11075
20210510,15:29,4.10,4.20,3.45,3.45,275,11075
20210511,09:15,7.65,7.70,4.35,5.30,3351,10225
20210511,09:16,4.70,4.85,4.20,4.35,2425,10225
20210511,09:17,4.35,4.70,4.30,4.50,4350,12575
20210511,09:18,4.45,4.55,4.10,4.20,1250,12575
20210511,09:19,4.20,4.45,4.20,4.30,1100,12575
20210511,09:20,4.15,4.25,4.10,4.10,700,13775
20210511,09:21,4.10,4.30,4.10,4.25,2375,13775
20210511,09:22,4.25,4.25,4.15,4.20,225,13775
20210511,09:23,4.20,4.20,3.85,3.90,900,14775
20210511,09:24,3.90,4.50,3.75,4.40,2800,14775
20210511,09:25,4.35,4.50,4.30,4.30,975,14775
20210511,09:26,4.25,4.40,4.15,4.35,3100,15275
20210511,09:27,4.40,4.50,4.20,4.20,775,15275
20210511,09:28,4.40,4.40,4.05,4.05,600,15275
20210511,09:29,4.20,4.20,3.90,3.90,1725,15975
20210511,09:30,4.05,4.10,3.85,4.10,1175,15975
20210511,09:31,4.10,4.10,3.90,3.90,175,15975
20210511,09:32,3.90,4.00,3.90,3.95,400,16000
20210511,09:33,3.90,4.00,3.90,4.00,100,16000
20210511,09:34,4.00,4.00,3.90,4.00,600,16000
20210511,09:35,4.15,4.50,4.15,4.45,1800,16650
20210511,09:36,4.40,4.80,4.40,4.80,725,16650
20210511,09:37,4.80,4.80,4.20,4.20,1750,16650
20210511,09:38,4.15,4.30,4.10,4.30,900,17250
20210511,09:39,4.30,4.55,4.30,4.35,250,17250
20210511,09:40,4.15,4.25,4.15,4.25,425,17250
20210511,09:41,4.15,4.15,4.00,4.00,175,16850
20210511,09:42,4.00,4.20,4.00,4.15,650,16850
20210511,09:43,4.10,4.10,4.10,4.10,2375,16850
20210511,09:44,4.05,4.05,4.05,4.05,400,16850
20210511,09:45,4.05,4.15,4.05,4.05,100,18750
20210511,09:48,4.05,4.20,4.00,4.20,500,18775
20210511,09:49,4.20,4.30,4.10,4.10,275,18775
20210511,09:50,4.05,4.20,4.05,4.20,175,18400
20210511,09:51,4.25,4.25,4.25,4.25,250,18400
20210511,09:52,4.30,4.30,4.20,4.30,350,18400
20210511,09:53,4.20,4.25,4.10,4.25,575,18225
20210511,09:54,4.25,4.25,4.20,4.20,50,18225
20210511,09:55,4.15,4.25,4.15,4.20,250,18225
20210511,09:56,4.05,4.05,4.00,4.00,100,18375
20210511,09:57,4.05,4.05,3.95,3.95,175,18375
20210511,09:58,4.00,4.00,3.95,3.95,75,18375
20210511,09:59,3.95,3.95,3.85,3.90,1775,18525
20210511,10:00,3.85,4.05,3.85,4.05,2150,18525
20210511,10:01,4.05,4.05,4.05,4.05,475,18525
20210511,10:02,4.20,4.20,4.20,4.20,25,18525
20210511,10:03,4.15,4.15,4.15,4.15,25,18900
20210511,10:05,4.10,4.10,4.10,4.10,400,18850
20210511,10:06,4.05,4.05,4.05,4.05,325,18850
20210511,10:07,3.95,4.00,3.95,4.00,275,18850
20210511,10:09,4.05,4.05,4.05,4.05,175,18425
20210511,10:10,4.10,4.55,4.10,4.55,1975,18425
20210511,10:11,4.35,4.35,4.10,4.10,200,18300
20210511,10:12,4.10,4.10,4.05,4.05,275,18300
20210511,10:13,4.05,4.05,4.05,4.05,25,18300
20210511,10:14,3.95,3.95,3.85,3.90,1050,18375
20210511,10:15,3.95,4.05,3.90,4.00,1000,18375
20210511,10:16,4.10,4.15,4.10,4.15,100,18375
20210511,10:17,4.25,4.25,4.25,4.25,650,18175
20210511,10:18,4.20,4.35,4.20,4.35,75,18175
20210511,10:19,4.20,4.20,4.00,4.10,350,18175
20210511,10:20,4.10,4.10,4.10,4.10,125,18025
20210511,10:21,4.10,4.10,4.10,4.10,125,18025
20210511,10:22,4.00,4.00,3.95,3.95,300,18025
20210511,10:23,3.95,4.05,3.95,3.95,1100,18000
20210511,10:24,3.95,4.05,3.90,3.95,850,18000
20210511,10:25,3.90,4.00,3.85,3.90,1050,18000
20210511,10:26,3.85,3.95,3.70,3.85,675,17425
20210511,10:27,3.80,3.90,3.75,3.85,1100,17425
20210511,10:28,3.75,3.75,3.30,3.50,1025,17425
20210511,10:29,3.50,3.65,3.50,3.65,525,17125
20210511,10:30,3.75,3.75,3.50,3.50,425,17125
20210511,10:31,3.55,3.55,3.35,3.55,600,17125
20210511,10:33,3.50,3.50,3.50,3.50,150,17650
20210511,10:34,3.45,3.45,3.35,3.35,75,17650
20210511,10:35,3.60,3.75,3.60,3.75,175,17600
20210511,10:36,3.70,3.70,3.70,3.70,25,17600
20210511,10:37,3.65,3.70,3.65,3.70,325,17600
20210511,10:38,3.70,3.85,3.70,3.85,250,17150
20210511,10:39,3.85,3.90,3.70,3.70,375,17150
20210511,10:40,3.65,3.65,3.65,3.65,150,17150
20210511,10:41,3.75,3.75,3.75,3.75,150,17150
20210511,10:42,3.75,3.75,3.75,3.75,150,17150
20210511,10:45,3.75,3.75,3.75,3.75,50,17125
20210511,10:47,3.80,3.80,3.80,3.80,25,17125
20210511,10:49,3.80,3.85,3.80,3.85,175,17150
20210511,10:50,3.80,3.80,3.70,3.70,75,17150
20210511,10:53,3.60,3.60,3.60,3.60,25,17175
20210511,10:54,3.50,3.50,3.50,3.50,50,17200
20210511,10:55,3.50,3.50,3.50,3.50,25,17200
20210511,10:56,3.55,3.55,3.55,3.55,25,17200
20210511,10:57,3.50,3.50,3.50,3.50,250,17275
20210511,10:58,3.45,3.45,3.45,3.45,25,17275
20210511,10:59,3.45,3.70,3.45,3.70,375,16975
20210511,11:00,3.85,3.85,3.85,3.85,25,16975
20210511,11:01,3.75,3.80,3.70,3.70,225,16975
20210511,11:02,3.85,3.90,3.85,3.90,925,17175
20210511,11:03,3.90,4.00,3.90,4.00,400,17175
20210511,11:04,4.00,4.00,3.90,3.95,375,17175
20210511,11:05,4.15,4.15,3.85,3.90,350,17175
20210511,11:06,4.00,4.00,4.00,4.00,150,17350
20210511,11:07,3.95,3.95,3.95,3.95,150,17350
20210511,11:10,3.90,3.90,3.90,3.90,50,17125
20210511,11:11,3.85,3.85,3.85,3.85,100,17125
20210511,11:12,3.95,3.95,3.90,3.90,75,17100
20210511,11:14,3.95,3.95,3.90,3.90,100,17100
20210511,11:15,3.80,4.05,3.80,4.05,200,17100
20210511,11:16,3.90,4.05,3.85,4.00,450,17100
20210511,11:17,3.85,3.90,3.85,3.90,100,17100
20210511,11:18,3.85,3.85,3.85,3.85,50,17250
20210511,11:19,3.60,3.60,3.60,3.60,1500,17250
20210511,11:20,3.70,3.80,3.70,3.70,450,17250
20210511,11:21,3.80,3.95,3.80,3.95,150,16850
20210511,11:23,3.85,3.85,3.80,3.80,100,16850
20210511,11:24,3.80,3.80,3.80,3.80,25,16850
20210511,11:26,3.80,3.80,3.70,3.75,75,16850
20210511,11:27,3.75,3.85,3.70,3.80,375,16800
20210511,11:28,3.95,4.00,3.90,3.95,1275,16800
20210511,11:29,4.00,4.00,4.00,4.00,25,16800
20210511,11:30,3.95,3.95,3.85,3.85,150,15650
20210511,11:31,3.90,3.90,3.85,3.85,50,15650
20210511,11:32,3.70,3.90,3.70,3.90,700,15650
20210511,11:33,3.85,3.95,3.75,3.90,1575,15650
20210511,11:34,3.70,3.85,3.70,3.75,925,15650
20210511,11:35,3.85,3.90,3.75,3.75,300,15650
20210511,11:36,3.80,3.95,3.80,3.95,125,15400
20210511,11:37,3.95,3.95,3.80,3.85,200,15400
20210511,11:38,3.85,3.95,3.85,3.95,600,15400
20210511,11:39,4.00,4.05,3.95,4.05,250,15400
20210511,11:40,4.00,4.00,4.00,4.00,50,15400
20210511,11:41,4.05,4.05,3.95,3.95,1400,15400
20210511,11:42,4.00,4.00,4.00,4.00,50,16775
20210511,11:43,4.05,4.05,4.05,4.05,25,16775
20210511,11:44,4.05,4.05,4.05,4.05,225,16775
20210511,11:45,4.10,4.15,4.05,4.15,350,16800
20210511,11:46,4.10,4.25,4.10,4.25,750,16800
20210511,11:47,4.25,4.40,4.20,4.20,1525,15600
20210511,11:48,4.20,4.20,4.05,4.05,775,15600
20210511,11:49,4.10,4.15,4.10,4.15,150,15600
20210511,11:50,4.10,4.10,4.10,4.10,75,15600
20210511,11:51,4.30,4.30,4.30,4.30,150,15550
20210511,11:52,4.30,4.45,4.30,4.30,250,15550
20210511,11:53,4.35,4.35,4.30,4.30,200,15575
20210511,11:54,4.35,4.35,4.05,4.05,675,15575
20210511,11:55,4.00,4.10,4.00,4.10,375,15575
20210511,11:56,4.05,4.10,3.95,4.00,250,15575
20210511,11:57,4.05,4.05,4.05,4.05,25,15425
20210511,11:58,4.00,4.00,4.00,4.00,75,15425
20210511,11:59,3.95,3.95,3.95,3.95,25,15425
20210511,12:00,3.90,3.95,3.85,3.95,225,15400
20210511,12:01,3.95,3.95,3.95,3.95,50,15400
20210511,12:02,4.00,4.00,4.00,4.00,50,15400
20210511,12:03,4.05,4.05,3.95,4.00,150,15475
20210511,12:04,4.00,4.15,4.00,4.15,500,15475
20210511,12:05,4.10,4.15,4.10,4.15,125,15475
20210511,12:07,4.25,4.25,4.25,4.25,25,15200
20210511,12:08,4.30,4.30,4.20,4.20,400,15200
20210511,12:09,4.15,4.25,4.15,4.20,375,15275
20210511,12:10,4.10,4.10,4.05,4.10,225,15275
20210511,12:11,4.10,4.15,3.95,3.95,475,15275
20210511,12:12,4.05,4.05,4.00,4.00,125,15050
20210511,12:13,4.00,4.00,4.00,4.00,75,15050
20210511,12:14,4.00,4.00,3.90,4.00,275,15050
20210511,12:15,4.05,4.05,3.95,3.95,175,14975
20210511,12:16,3.90,3.95,3.90,3.95,125,14975
20210511,12:17,3.85,3.85,3.85,3.85,100,14975
20210511,12:18,3.90,3.90,3.85,3.85,400,14850
20210511,12:19,3.80,3.90,3.80,3.85,375,14850
20210511,12:20,3.85,3.85,3.85,3.85,200,14850
20210511,12:21,3.85,3.85,3.80,3.85,200,14675
20210511,12:22,3.80,3.90,3.80,3.90,475,14675
20210511,12:23,4.30,4.30,4.05,4.10,1175,14675
20210511,12:24,4.10,4.10,4.10,4.10,125,14650
20210511,12:25,4.10,4.10,4.10,4.10,25,14650
20210511,12:26,4.10,4.10,4.10,4.10,175,14650
20210511,12:27,4.10,4.20,3.95,4.10,1575,14425
20210511,12:28,4.00,4.10,4.00,4.10,275,14425
20210511,12:29,4.20,4.20,4.20,4.20,75,14425
20210511,12:30,4.10,4.10,4.05,4.05,75,14300
20210511,12:31,4.05,4.05,4.05,4.05,150,14300
20210511,12:32,4.00,4.00,4.00,4.00,200,14300
20210511,12:33,4.00,4.10,4.00,4.10,450,14250
20210511,12:35,4.10,4.10,4.10,4.10,50,14250
20210511,12:36,4.20,4.35,4.20,4.35,525,14325
20210511,12:37,4.30,4.30,4.15,4.15,300,14325
20210511,12:38,4.20,4.20,4.15,4.15,50,14325
20210511,12:39,4.15,4.15,4.05,4.05,450,14350
20210511,12:40,4.00,4.10,3.70,3.85,700,14350
20210511,12:41,3.80,3.90,3.80,3.90,75,14350
20210511,12:42,3.90,3.90,3.85,3.85,150,14425
20210511,12:43,4.10,4.10,3.90,3.90,350,14425
20210511,12:45,3.85,3.95,3.85,3.95,175,14625
20210511,12:46,4.00,4.05,4.00,4.05,75,14625
20210511,12:47,4.15,4.15,4.10,4.10,75,14625
20210511,12:48,4.05,4.15,4.05,4.05,975,14575
20210511,12:49,4.00,4.05,3.95,3.95,525,14575
20210511,12:50,3.95,3.95,3.95,3.95,175,14575
20210511,12:51,3.95,3.95,3.90,3.90,325,14675
20210511,12:52,4.00,4.05,3.95,4.00,375,14675
20210511,12:54,4.00,4.00,4.00,4.00,25,14775
20210511,12:55,4.05,4.10,4.05,4.10,225,14775
20210511,12:57,4.05,4.05,3.95,4.00,600,14225
20210511,12:58,3.95,3.95,3.80,3.80,225,14225
20210511,12:59,3.75,3.85,3.75,3.80,225,14225
20210511,13:00,3.80,3.80,3.55,3.60,925,13925
20210511,13:01,3.70,3.70,3.70,3.70,50,13925
20210511,13:03,3.65,3.65,3.65,3.65,50,13950
20210511,13:04,3.65,3.75,3.60,3.60,925,13950
20210511,13:05,3.75,3.75,3.55,3.55,700,13950
20210511,13:06,3.60,3.60,3.50,3.50,450,13525
20210511,13:07,3.45,3.50,3.35,3.35,250,13525
20210511,13:08,3.45,3.45,3.40,3.40,325,13525
20210511,13:09,3.40,3.40,3.30,3.35,250,13150
20210511,13:10,3.30,3.45,3.30,3.45,500,13150
20210511,13:11,3.40,3.55,3.40,3.45,525,13150
20210511,13:12,3.45,3.50,3.45,3.50,225,12525
20210511,13:13,3.45,3.45,3.45,3.45,475,12525
20210511,13:14,3.45,3.50,3.45,3.50,50,12525
20210511,13:15,3.55,3.55,3.50,3.50,75,12425
20210511,13:16,3.50,3.50,3.40,3.45,625,12425
20210511,13:17,3.50,3.50,3.30,3.30,1275,12425
20210511,13:18,3.20,3.20,3.20,3.20,250,13300
20210511,13:19,3.25,3.30,3.15,3.25,500,13300
20210511,13:20,3.20,3.25,3.20,3.25,250,13300
20210511,13:21,3.15,3.25,3.15,3.20,425,12900
20210511,13:22,3.20,3.20,3.10,3.20,600,12900
20210511,13:23,3.20,3.20,3.15,3.20,275,12900
20210511,13:24,3.05,3.15,3.05,3.10,225,12675
20210511,13:25,3.20,3.45,3.15,3.30,800,12675
20210511,13:26,3.40,3.40,3.25,3.30,625,12675
20210511,13:27,3.35,3.35,3.25,3.25,475,12850
20210511,13:28,3.25,3.40,3.25,3.25,675,12850
20210511,13:29,3.15,3.25,3.15,3.25,525,12850
20210511,13:30,3.25,3.25,3.20,3.25,100,12850
20210511,13:31,3.30,3.45,3.30,3.30,275,13325
20210511,13:32,3.40,3.50,3.40,3.50,1050,13325
20210511,13:33,3.50,3.55,3.35,3.35,725,13125
20210511,13:34,3.45,3.45,3.45,3.45,75,13125
20210511,13:35,3.40,3.85,3.40,3.55,1575,13125
20210511,13:36,3.55,3.55,3.50,3.55,475,13125
20210511,13:37,3.55,3.55,3.40,3.55,375,13125
20210511,13:38,3.35,3.35,3.35,3.35,250,13125
20210511,13:39,3.35,3.50,3.35,3.45,350,13100
20210511,13:41,3.55,3.60,3.55,3.60,200,13100
20210511,13:42,3.70,3.70,3.65,3.65,250,12950
20210511,13:43,3.65,3.65,3.55,3.55,175,12950
20210511,13:44,3.85,3.85,3.80,3.80,175,12950
20210511,13:45,3.80,3.80,3.65,3.75,475,12825
20210511,13:46,3.75,3.75,3.50,3.60,425,12825
20210511,13:47,3.55,3.60,3.55,3.60,50,12825
20210511,13:48,3.60,3.60,3.60,3.60,100,12825
20210511,13:49,3.55,3.55,3.55,3.55,325,12825
20210511,13:50,3.55,3.55,3.55,3.55,25,12825
20210511,13:51,3.45,3.45,3.45,3.45,250,12550
20210511,13:52,3.50,3.70,3.35,3.70,450,12550
20210511,13:53,3.70,3.70,3.70,3.70,50,12550
20210511,13:54,3.75,3.80,3.75,3.80,200,12200
20210511,13:55,3.70,3.70,3.70,3.70,125,12200
20210511,13:58,3.55,3.55,3.55,3.55,25,12250
20210511,13:59,3.50,3.55,3.50,3.55,125,12250
20210511,14:00,3.60,3.70,3.60,3.70,150,12300
20210511,14:02,3.70,3.70,3.70,3.70,200,12300
20210511,14:03,3.60,3.65,3.60,3.65,100,12300
20210511,14:04,3.50,3.50,3.45,3.45,100,12300
20210511,14:05,3.50,3.55,3.50,3.55,75,12300
20210511,14:06,3.70,3.85,3.65,3.85,10000,12250
20210511,14:07,3.70,3.75,3.65,3.70,450,12250
20210511,14:08,3.70,3.75,3.65,3.65,300,12250
20210511,14:09,3.65,3.75,3.65,3.75,1150,19625
20210511,14:10,3.65,3.70,3.65,3.65,525,19625
20210511,14:11,3.65,3.65,3.55,3.55,700,19625
20210511,14:12,3.55,3.55,3.50,3.50,125,19575
20210511,14:13,3.45,3.50,3.45,3.50,350,19575
20210511,14:14,3.50,3.50,3.40,3.40,300,19575
20210511,14:15,3.40,3.40,3.40,3.40,25,19575
20210511,14:17,3.55,3.55,3.35,3.35,675,19675
20210511,14:19,3.35,3.35,3.25,3.25,150,19400
20210511,14:20,3.25,3.40,3.25,3.40,450,19400
20210511,14:21,3.40,3.40,3.40,3.40,50,19400
20210511,14:23,3.35,3.35,3.30,3.30,275,19300
20210511,14:24,3.35,3.35,3.25,3.30,250,19225
20210511,14:25,3.35,3.40,3.30,3.35,300,19225
20210511,14:26,3.35,3.35,3.35,3.35,50,19225
20210511,14:27,3.30,3.30,3.25,3.30,300,19225
20210511,14:28,3.25,3.35,3.25,3.35,175,19100
20210511,14:29,3.40,3.40,3.25,3.25,250,19100
20210511,14:30,3.30,3.40,3.20,3.40,975,19350
20210511,14:31,3.45,3.45,3.40,3.40,225,19350
20210511,14:32,3.35,3.35,3.35,3.35,100,19350
20210511,14:33,3.35,3.35,3.25,3.25,225,19150
20210511,14:34,3.25,3.25,3.20,3.20,300,19150
20210511,14:35,3.20,3.20,3.15,3.15,100,19150
20210511,14:36,3.10,3.15,3.05,3.15,250,19125
20210511,14:37,3.10,3.10,3.10,3.10,50,19125
20210511,14:38,3.10,3.10,3.10,3.10,150,19125
20210511,14:39,3.05,3.10,3.05,3.10,500,18975
20210511,14:40,3.05,3.05,3.05,3.05,100,18975
20210511,14:41,2.95,2.95,2.95,2.95,50,18975
20210511,14:42,2.95,3.10,2.95,3.05,100,18975
20210511,14:43,3.00,3.00,2.95,2.95,175,18975
20210511,14:44,3.00,3.05,3.00,3.00,1325,18975
20210511,14:45,3.05,3.05,3.00,3.00,200,18975
20210511,14:46,3.00,3.00,2.90,2.90,900,18825
20210511,14:47,2.85,2.95,2.85,2.90,525,18825
20210511,14:48,2.85,2.90,2.85,2.90,125,18600
20210511,14:49,2.75,2.90,2.70,2.70,800,18600
20210511,14:50,2.80,2.85,2.75,2.85,350,18600
20210511,14:51,2.85,2.95,2.85,2.85,1450,18450
20210511,14:52,2.90,2.95,2.85,2.90,1300,18450
20210511,14:53,2.90,2.90,2.75,2.80,925,18450
20210511,14:54,2.80,2.80,2.75,2.75,425,18725
20210511,14:55,2.80,2.90,2.75,2.80,1600,18725
20210511,14:56,2.75,2.75,2.75,2.75,325,18725
20210511,14:57,2.80,2.80,2.80,2.80,725,18550
20210511,14:58,2.80,2.80,2.65,2.65,600,18550
20210511,14:59,2.65,2.70,2.65,2.70,300,18550
20210511,15:00,2.65,2.75,2.65,2.70,375,18525
20210511,15:01,2.70,2.70,2.65,2.65,300,18525
20210511,15:02,2.65,2.65,2.60,2.60,100,18525
20210511,15:03,2.60,2.65,2.60,2.65,325,18525
20210511,15:04,2.75,2.75,2.65,2.65,200,18150
20210511,15:05,2.70,2.70,2.65,2.65,100,18150
20210511,15:06,2.60,2.60,2.60,2.60,75,18150
20210511,15:07,2.60,2.65,2.50,2.65,475,17950
20210511,15:08,2.50,2.55,2.50,2.55,175,17950
20210511,15:09,2.45,2.45,2.45,2.45,50,17950
20210511,15:10,2.45,2.45,2.35,2.35,775,17800
20210511,15:11,2.35,2.40,2.30,2.35,775,17800
20210511,15:12,2.35,2.45,2.35,2.45,1125,17800
20210511,15:13,2.45,2.50,2.20,2.20,925,17500
20210511,15:14,2.15,2.15,1.95,1.95,2925,17500
20210511,15:15,2.15,2.15,2.05,2.05,100,17500
20210511,15:16,2.10,2.25,2.10,2.25,125,17175
20210511,15:17,2.15,2.20,2.05,2.05,1025,17175
20210511,15:18,2.10,2.20,2.10,2.20,350,17175
20210511,15:19,2.20,2.40,2.20,2.40,225,17175
20210511,15:20,2.40,2.40,2.40,2.40,50,17175
20210511,15:21,2.40,2.55,2.40,2.40,500,17175
20210511,15:22,2.45,2.50,2.20,2.30,825,17200
20210511,15:23,2.30,2.30,1.65,1.75,10425,17200
20210511,15:24,1.75,1.75,1.65,1.65,175,17200
20210511,15:25,1.70,1.70,1.40,1.40,1475,13125
20210511,15:26,1.40,1.75,1.40,1.75,1175,13125
20210511,15:27,1.70,1.70,1.35,1.70,3825,13125
20210511,15:28,1.45,2.00,1.45,1.50,1425,9325
20210511,15:29,1.40,1.40,1.40,1.40,200,9325
20210512,09:15,1.65,2.30,1.20,1.85,877,8100
20210512,09:16,1.50,1.70,1.40,1.55,2300,8100
20210512,09:17,1.55,1.70,1.40,1.45,1925,8350
20210512,09:18,1.40,1.50,1.35,1.50,1200,8350
20210512,09:19,1.35,1.55,1.35,1.45,375,8350
20210512,09:20,1.40,1.55,1.30,1.45,1700,8400
20210512,09:21,1.45,1.55,1.30,1.35,1250,8400
20210512,09:22,1.45,1.45,1.30,1.40,850,8400
20210512,09:23,1.35,1.40,1.30,1.35,1300,8025
20210512,09:24,1.30,1.50,1.30,1.50,900,8025
20210512,09:25,1.40,1.50,1.35,1.45,1400,8025
20210512,09:26,1.40,1.55,1.25,1.45,2150,7250
20210512,09:27,1.45,1.55,1.35,1.50,2150,7250
20210512,09:28,1.55,1.65,1.40,1.55,1275,7250
20210512,09:29,1.50,2.15,1.45,1.50,3050,7800
20210512,09:30,1.50,1.65,1.45,1.45,3000,7800
20210512,09:31,1.50,1.65,1.45,1.55,1375,7800
20210512,09:32,1.60,2.50,1.45,1.55,2525,8575
20210512,09:33,1.60,1.65,1.45,1.45,1800,8575
20210512,09:34,1.45,2.00,1.45,1.55,1475,8575
20210512,09:35,1.50,1.60,1.45,1.45,1450,9100
20210512,09:36,1.50,1.65,1.45,1.55,2000,9100
20210512,09:37,1.60,1.70,1.45,1.45,2275,9100
20210512,09:38,1.45,2.10,1.40,1.40,2025,9900
20210512,09:39,1.50,1.55,1.40,1.50,1625,9900
20210512,09:40,1.45,1.55,1.35,1.45,1575,9900
20210512,09:41,1.45,1.55,1.35,1.45,2425,9375
20210512,09:42,1.45,1.50,1.40,1.50,775,9375
20210512,09:43,1.45,1.50,1.30,1.40,1475,9375
20210512,09:44,1.40,1.40,1.35,1.40,950,8925
20210512,09:45,1.40,1.40,1.35,1.40,325,8925
20210512,09:46,1.35,1.45,1.35,1.45,125,8925
20210512,09:47,1.45,1.45,1.40,1.40,425,8950
20210512,09:48,1.40,1.45,1.40,1.40,325,8950
20210512,09:49,1.45,1.50,1.40,1.40,850,8950
20210512,09:50,1.45,1.45,1.35,1.40,975,9225
20210512,09:51,1.40,1.45,1.35,1.45,300,9225
20210512,09:52,1.35,1.55,1.35,1.55,275,9225
20210512,09:53,1.50,1.50,1.45,1.50,1800,9500
20210512,09:54,1.45,1.50,1.45,1.50,300,9500
20210512,09:55,1.40,1.50,1.40,1.50,400,9500
20210512,09:56,1.50,1.55,1.50,1.50,475,9225
20210512,09:57,1.60,1.65,1.55,1.65,475,9225
20210512,09:58,1.65,1.65,1.55,1.55,275,9225
20210512,09:59,1.50,1.50,1.50,1.50,175,8925
20210512,10:00,1.55,1.55,1.50,1.55,325,8925
20210512,10:01,1.50,1.55,1.50,1.55,725,8925
20210512,10:02,1.50,1.50,1.45,1.45,450,9275
20210512,10:03,1.60,1.60,1.45,1.50,1300,9275
20210512,10:04,1.40,1.45,1.35,1.35,2250,9275
20210512,10:05,1.40,1.45,1.40,1.40,825,9525
20210512,10:06,1.30,1.35,1.30,1.35,1000,9525
20210512,10:07,1.35,1.35,1.20,1.35,650,9525
20210512,10:08,1.35,1.40,1.30,1.40,300,9525
20210512,10:09,1.35,1.35,1.35,1.35,350,9875
20210512,10:10,1.35,1.40,1.30,1.40,1650,9875
20210512,10:11,1.45,1.45,1.25,1.30,1700,9475
20210512,10:12,1.35,1.45,1.30,1.40,2500,9475
20210512,10:13,1.40,1.45,1.35,1.35,2900,9475
20210512,10:14,1.35,1.35,1.25,1.25,925,9200
20210512,10:15,1.35,1.40,1.25,1.40,1625,9200
20210512,10:16,1.35,1.40,1.25,1.35,1225,9200
20210512,10:17,1.35,1.40,1.30,1.30,300,9325
20210512,10:18,1.30,1.35,1.15,1.15,1375,9325
20210512,10:19,1.25,1.30,1.15,1.20,1975,9325
20210512,10:20,1.25,1.25,1.20,1.25,675,9050
20210512,10:21,1.25,1.25,1.20,1.25,475,9050
20210512,10:22,1.35,1.45,1.20,1.45,1150,9050
20210512,10:23,1.30,1.35,1.30,1.30,350,9050
20210512,10:24,1.30,1.35,1.30,1.35,150,8900
20210512,10:25,1.30,1.35,1.30,1.30,175,8900
20210512,10:26,1.35,1.45,1.30,1.40,1025,8875
20210512,10:27,1.35,1.35,1.30,1.35,500,8875
20210512,10:28,1.35,1.35,1.35,1.35,150,8875
20210512,10:29,1.30,1.30,1.30,1.30,50,8875
20210512,10:30,1.40,1.45,1.35,1.40,875,8475
20210512,10:31,1.40,1.40,1.30,1.35,300,8475
20210512,10:32,1.40,1.55,1.40,1.55,325,8725
20210512,10:33,1.45,1.55,1.40,1.45,425,8725
20210512,10:34,1.45,1.50,1.45,1.50,175,8725
20210512,10:35,1.50,1.65,1.50,1.55,2175,9025
20210512,10:36,1.65,1.70,1.45,1.50,1025,9025
20210512,10:37,1.50,1.55,1.45,1.45,700,9025
20210512,10:38,1.45,1.45,1.45,1.45,125,9025
20210512,10:39,1.45,1.55,1.45,1.45,500,8875
20210512,10:40,1.45,1.60,1.45,1.50,300,8875
20210512,10:41,1.50,1.50,1.45,1.50,1000,8700
20210512,10:42,1.50,1.55,1.45,1.55,1100,8700
20210512,10:43,1.55,1.55,1.50,1.50,725,8700
20210512,10:44,1.55,1.60,1.50,1.60,850,9100
20210512,10:45,1.70,1.70,1.55,1.55,1125,9100
20210512,10:46,1.55,1.60,1.50,1.60,525,9100
20210512,10:47,1.60,1.65,1.50,1.65,1075,9750
20210512,10:48,1.65,1.65,1.50,1.60,900,9750
20210512,10:49,1.55,1.60,1.45,1.45,650,9750
20210512,10:51,1.60,1.70,1.55,1.55,325,9675
20210512,10:52,1.55,1.90,1.55,1.80,825,9675
20210512,10:53,1.70,1.70,1.65,1.65,575,9450
20210512,10:54,1.65,1.70,1.60,1.70,250,9450
20210512,10:55,1.70,1.70,1.60,1.65,1175,9450
20210512,10:56,1.55,1.60,1.55,1.60,275,9450
20210512,10:57,1.65,1.70,1.65,1.70,750,9225
20210512,10:58,1.70,1.70,1.55,1.60,550,9225
20210512,10:59,1.65,1.80,1.65,1.70,900,9300
20210512,11:00,1.70,1.85,1.70,1.75,900,9300
20210512,11:01,1.85,1.95,1.85,1.90,325,9300
20210512,11:02,1.90,1.90,1.85,1.90,450,8700
20210512,11:03,1.85,1.85,1.80,1.80,200,8700
20210512,11:04,1.90,1.90,1.80,1.80,375,8700
20210512,11:05,1.90,1.90,1.75,1.75,175,8700
20210512,11:06,1.80,1.95,1.80,1.95,300,8675
20210512,11:07,1.85,2.00,1.85,1.95,1375,8675
20210512,11:08,1.90,1.95,1.80,1.90,900,9350
20210512,11:09,2.00,2.00,1.80,1.85,3625,9350
20210512,11:10,1.95,2.10,1.85,2.00,5175,9350
20210512,11:11,2.00,2.00,1.80,1.80,2450,10150
20210512,11:12,1.85,1.85,1.60,1.60,1800,10150
20210512,11:13,1.60,2.00,1.60,1.90,1250,10150
20210512,11:14,1.95,2.00,1.70,1.75,1650,9700
20210512,11:15,1.75,1.80,1.70,1.80,625,9700
20210512,11:16,1.75,1.80,1.70,1.80,275,9700
20210512,11:17,1.90,1.95,1.75,1.80,2825,9500
20210512,11:18,1.95,1.95,1.80,1.80,650,9500
20210512,11:19,1.90,1.95,1.75,1.80,1025,9500
20210512,11:20,1.80,2.25,1.80,2.15,5200,9500
20210512,11:21,2.10,2.20,1.95,2.15,4675,10075
20210512,11:22,2.10,2.35,2.10,2.15,2675,10075
20210512,11:23,2.20,2.20,2.10,2.15,1525,9400
20210512,11:24,2.15,2.30,2.10,2.10,1850,9400
20210512,11:25,2.10,2.45,2.10,2.15,6050,9400
20210512,11:26,2.20,2.20,1.95,2.10,6275,11025
20210512,11:27,2.15,2.30,2.00,2.20,2550,11025
20210512,11:28,2.15,2.35,2.10,2.30,2375,11025
20210512,11:29,2.30,2.40,2.25,2.30,1150,11075
20210512,11:30,2.25,2.30,2.15,2.15,1850,11075
20210512,11:31,2.15,2.25,2.10,2.15,1000,11075
20210512,11:32,2.15,2.15,2.15,2.15,875,10925
20210512,11:33,2.15,2.15,2.00,2.05,2825,10925
20210512,11:34,2.10,2.20,2.05,2.10,3200,10925
20210512,11:35,2.20,2.20,2.00,2.00,2675,10900
20210512,11:36,2.10,2.10,2.00,2.00,1575,10900
20210512,11:37,2.00,2.10,1.90,2.00,1600,10900
20210512,11:38,2.00,2.20,1.95,2.00,1450,10900
20210512,11:39,2.05,2.05,1.90,1.95,575,11000
20210512,11:40,2.00,2.00,1.95,1.95,125,11000
20210512,11:41,1.95,1.95,1.95,1.95,75,11125
20210512,11:42,1.90,1.95,1.90,1.95,775,11125
20210512,11:44,1.95,1.95,1.95,1.95,50,11125
20210512,11:45,1.95,1.95,1.90,1.95,200,11100
20210512,11:46,1.90,1.90,1.75,1.80,1750,11100
20210512,11:47,1.85,1.95,1.80,1.90,400,11100
20210512,11:48,1.95,2.10,1.95,2.05,375,11300
20210512,11:49,2.10,2.25,1.95,1.95,3725,11300
20210512,11:50,2.00,2.15,2.00,2.05,3650,11300
20210512,11:51,2.10,2.10,2.05,2.10,1050,12425
20210512,11:52,2.10,2.35,2.05,2.30,1650,12425
20210512,11:53,2.30,2.40,2.30,2.35,475,12425
20210512,11:54,2.35,2.45,2.30,2.40,3125,12275
20210512,11:55,2.40,2.45,2.25,2.25,2200,12275
20210512,11:56,2.25,2.25,2.15,2.15,550,12275
20210512,11:57,2.10,2.10,2.00,2.00,450,10175
20210512,11:58,2.00,2.05,2.00,2.05,525,10175
20210512,11:59,2.10,2.20,2.10,2.10,450,10175
20210512,12:00,2.10,2.15,2.10,2.15,100,10125
20210512,12:01,2.10,2.20,2.10,2.10,1650,10125
20210512,12:02,2.10,2.10,2.10,2.10,400,10125
20210512,12:03,2.10,2.10,2.00,2.05,2150,10250
20210512,12:04,2.05,2.05,2.05,2.05,500,10250
20210512,12:06,2.05,2.05,1.85,1.85,675,9150
20210512,12:07,1.80,1.80,1.35,1.40,1650,9150
20210512,12:08,1.35,1.45,1.25,1.35,1125,9150
20210512,12:09,1.30,1.30,1.30,1.30,25,9400
20210512,12:10,1.30,1.30,1.20,1.20,725,9400
20210512,12:11,1.25,1.25,1.25,1.25,200,9400
20210512,12:12,1.25,1.35,1.25,1.35,525,9950
20210512,12:13,1.35,1.40,1.30,1.30,350,9950
20210512,12:14,1.40,1.40,1.40,1.40,25,9950
20210512,12:15,1.30,1.55,1.30,1.50,1350,9900
20210512,12:16,1.45,1.50,1.40,1.40,475,9900
20210512,12:17,1.50,1.55,1.40,1.55,775,9900
20210512,12:18,1.35,1.45,1.35,1.35,750,9500
20210512,12:19,1.40,1.55,1.40,1.55,425,9500
20210512,12:20,1.55,1.65,1.50,1.65,500,9500
20210512,12:21,1.70,1.70,1.60,1.60,775,9525
20210512,12:22,1.55,1.60,1.45,1.45,725,9525
20210512,12:24,1.50,1.50,1.50,1.50,50,9525
20210512,12:25,1.55,1.60,1.45,1.45,975,10100
20210512,12:26,1.40,1.50,1.40,1.40,975,10100
20210512,12:27,1.35,1.45,1.25,1.25,650,9900
20210512,12:28,1.25,1.30,1.25,1.25,625,9900
20210512,12:29,1.25,1.25,1.20,1.20,875,9900
20210512,12:30,1.20,1.25,1.10,1.10,325,9950
20210512,12:31,1.10,1.10,1.10,1.10,175,9950
20210512,12:32,1.20,1.25,1.20,1.20,400,9950
20210512,12:33,1.20,1.20,1.10,1.10,1875,11275
20210512,12:34,1.20,1.25,1.10,1.10,950,11275
20210512,12:35,1.15,1.20,1.05,1.05,975,11275
20210512,12:36,1.10,1.20,1.10,1.15,425,10850
20210512,12:37,1.20,1.25,1.20,1.25,225,10850
20210512,12:38,1.20,1.20,1.15,1.15,150,10850
20210512,12:39,1.15,1.15,1.10,1.15,225,10850
20210512,12:40,1.10,1.15,1.10,1.15,225,10850
20210512,12:41,1.20,1.20,1.10,1.20,150,10850
20210512,12:42,1.15,1.25,1.10,1.20,750,10825
20210512,12:43,1.10,1.20,1.10,1.10,875,10825
20210512,12:44,1.20,1.25,1.15,1.25,450,10825
20210512,12:45,1.20,1.30,1.20,1.20,675,10625
20210512,12:46,1.25,1.25,1.20,1.25,175,10625
20210512,12:47,1.15,1.35,1.15,1.20,1300,10625
20210512,12:48,1.20,1.30,1.15,1.20,775,10675
20210512,12:49,1.25,1.30,1.25,1.30,150,10675
20210512,12:50,1.30,1.30,1.25,1.25,100,10675
20210512,12:51,1.35,1.35,1.30,1.30,400,10575
20210512,12:52,1.25,1.30,1.20,1.25,950,10575
20210512,12:53,1.30,1.30,1.20,1.20,1100,10575
20210512,12:54,1.20,1.30,1.15,1.20,2650,10275
20210512,12:55,1.15,1.20,1.15,1.20,525,10275
20210512,12:56,1.20,1.25,1.15,1.25,525,10275
20210512,12:57,1.20,1.20,1.10,1.15,1650,10000
20210512,12:58,1.15,1.15,0.95,0.95,975,10000
20210512,12:59,1.05,1.05,0.95,1.05,475,10000
20210512,13:00,1.10,1.10,1.00,1.05,725,9450
20210512,13:01,1.00,1.05,1.00,1.05,200,9450
20210512,13:02,0.95,1.00,0.95,0.95,300,9450
20210512,13:04,0.95,1.00,0.95,0.95,425,9650
20210512,13:05,0.95,1.00,0.95,1.00,1075,9650
20210512,13:06,1.00,1.00,0.90,0.90,725,9650
20210512,13:07,0.90,0.90,0.90,0.90,25,9650
20210512,13:08,0.90,0.95,0.90,0.95,325,9650
20210512,13:09,0.95,0.95,0.85,0.90,550,9525
20210512,13:10,0.90,0.95,0.90,0.90,850,9525
20210512,13:11,0.90,0.95,0.90,0.90,650,9525
20210512,13:12,0.90,0.90,0.90,0.90,300,10250
20210512,13:13,0.85,0.85,0.85,0.85,150,10250
20210512,13:14,0.85,0.85,0.85,0.85,25,10250
20210512,13:15,0.85,0.85,0.80,0.80,475,10075
20210512,13:16,0.70,0.85,0.70,0.85,800,10075
20210512,13:17,0.75,0.80,0.75,0.80,250,10075
20210512,13:18,0.80,0.80,0.80,0.80,100,10125
20210512,13:19,0.85,0.85,0.80,0.80,225,10125
20210512,13:20,0.80,0.80,0.65,0.65,775,10125
20210512,13:21,0.65,0.75,0.65,0.75,675,9875
20210512,13:22,0.75,0.80,0.70,0.80,500,9875
20210512,13:23,0.80,0.80,0.80,0.80,25,9875
20210512,13:24,0.80,0.80,0.75,0.80,575,9225
20210512,13:26,0.75,0.85,0.75,0.75,1050,9225
20210512,13:27,0.80,0.80,0.75,0.75,600,9175
20210512,13:28,0.80,0.80,0.75,0.75,300,9175
20210512,13:29,0.75,0.80,0.70,0.70,250,9175
20210512,13:32,0.70,0.70,0.70,0.70,25,9175
20210512,13:33,0.70,0.70,0.70,0.70,50,9375
20210512,13:35,0.70,0.70,0.70,0.70,50,9375
20210512,13:36,0.70,0.80,0.65,0.70,1300,9375
20210512,13:37,0.70,0.85,0.70,0.85,2500,9375
20210512,13:38,0.85,1.00,0.80,0.85,2025,9375
20210512,13:39,0.90,1.00,0.85,0.90,750,8725
20210512,13:40,0.90,0.90,0.75,0.85,1175,8725
20210512,13:41,0.80,0.85,0.70,0.75,1250,8725
20210512,13:42,0.75,0.75,0.55,0.70,1200,8375
20210512,13:43,0.75,0.75,0.70,0.75,525,8375
20210512,13:44,0.80,0.80,0.65,0.65,500,8375
20210512,13:45,0.70,0.85,0.65,0.80,425,8950
20210512,13:46,0.75,0.75,0.65,0.75,375,8950
20210512,13:47,0.75,0.90,0.65,0.65,1550,8950
20210512,13:48,0.80,0.80,0.70,0.75,1200,8950
20210512,13:49,0.65,0.75,0.65,0.70,700,8600
20210512,13:50,0.75,0.80,0.70,0.75,475,8600
20210512,13:51,0.70,0.75,0.65,0.75,200,8600
20210512,13:52,0.65,0.75,0.60,0.70,1150,8775
20210512,13:53,0.80,1.00,0.75,0.95,4400,8775
20210512,13:54,0.85,0.90,0.80,0.80,1400,9025
20210512,13:55,0.75,0.80,0.75,0.75,1025,9025
20210512,13:56,0.70,0.75,0.70,0.75,225,9025
20210512,13:58,0.75,0.80,0.70,0.70,675,8250
20210512,13:59,0.65,0.75,0.65,0.75,1050,8250
20210512,14:00,0.70,0.80,0.60,0.75,2075,8400
20210512,14:01,0.75,0.75,0.65,0.65,1125,8400
20210512,14:02,0.65,0.65,0.65,0.65,475,8400
20210512,14:03,0.65,0.75,0.60,0.60,650,9200
20210512,14:04,0.65,0.70,0.65,0.70,325,9200
20210512,14:05,0.70,0.75,0.70,0.75,300,9200
20210512,14:06,0.75,0.75,0.75,0.75,75,9200
20210512,14:07,0.70,0.75,0.70,0.75,575,9200
20210512,14:08,0.70,0.80,0.70,0.75,1150,9200
20210512,14:09,0.80,0.80,0.65,0.65,350,9200
20210512,14:10,0.65,0.65,0.65,0.65,175,9025
20210512,14:11,0.75,0.80,0.70,0.80,875,9025
20210512,14:12,0.70,0.70,0.70,0.70,375,9350
20210512,14:13,0.70,0.70,0.65,0.65,475,9350
20210512,14:14,0.65,0.70,0.60,0.70,1550,9350
20210512,14:15,0.65,0.65,0.60,0.60,775,9350
20210512,14:16,0.60,0.65,0.55,0.65,275,10575
20210512,14:17,0.65,0.65,0.55,0.60,500,10575
20210512,14:18,0.55,0.60,0.55,0.55,525,10575
20210512,14:19,0.55,0.60,0.55,0.55,350,10625
20210512,14:20,0.50,0.55,0.45,0.55,500,10625
20210512,14:21,0.50,0.55,0.50,0.55,625,10550
20210512,14:22,0.50,0.50,0.45,0.50,450,10550
20210512,14:23,0.45,0.45,0.40,0.40,300,10550
20210512,14:24,0.40,0.50,0.40,0.45,325,10900
20210512,14:25,0.40,0.40,0.40,0.40,225,10900
20210512,14:26,0.45,0.45,0.40,0.40,375,10900
20210512,14:27,0.45,0.45,0.40,0.45,425,10900
20210512,14:28,0.40,0.40,0.40,0.40,50,11075
20210512,14:29,0.40,0.50,0.35,0.35,600,11075
20210512,14:30,0.35,0.45,0.35,0.45,875,11075
20210512,14:31,0.45,0.45,0.35,0.35,400,10800
20210512,14:32,0.35,0.40,0.35,0.35,350,10800
20210512,14:33,0.35,0.40,0.35,0.40,150,10800
20210512,14:34,0.40,0.40,0.40,0.40,100,10525
20210512,14:35,0.35,0.40,0.35,0.40,50,10525
20210512,14:36,0.40,0.40,0.35,0.35,225,10525
20210512,14:37,0.35,0.35,0.35,0.35,650,10700
20210512,14:38,0.30,0.30,0.30,0.30,50,10700
20210512,14:40,0.30,0.40,0.30,0.30,250,10650
20210512,14:41,0.35,0.35,0.35,0.35,175,10650
20210512,14:42,0.35,0.35,0.35,0.35,325,10475
20210512,14:43,0.35,0.35,0.30,0.35,750,10475
20210512,14:44,0.35,0.35,0.30,0.30,75,10475
20210512,14:47,0.30,0.30,0.20,0.20,775,10000
20210512,14:50,0.20,0.20,0.20,0.20,25,10250
20210512,14:52,0.20,0.25,0.20,0.25,275,10250
20210512,14:53,0.35,0.35,0.35,0.35,125,10250
20210512,14:58,0.20,0.25,0.20,0.25,225,10100
20210512,14:59,0.30,0.30,0.25,0.25,725,10100
20210512,15:01,0.45,0.45,0.45,0.45,500,9525
20210512,15:02,0.20,0.20,0.20,0.20,25,9525
20210512,15:03,0.20,0.20,0.20,0.20,200,9525
20210512,15:04,0.20,0.20,0.20,0.20,150,9675
20210512,15:05,0.10,0.10,0.10,0.10,250,9675
20210512,15:08,0.15,0.15,0.15,0.15,25,9900
20210512,15:11,0.05,0.10,0.05,0.10,2750,9800
20210512,15:15,0.10,0.10,0.10,0.10,400,9325
20210512,15:17,0.10,0.10,0.05,0.05,1350,9125
20210512,15:19,0.05,0.05,0.05,0.05,150,7775
20210512,15:25,0.25,0.25,0.25,0.25,50,7775
