20210205,09:31,604.05,652.65,604.05,652.65,51,50
20210205,09:36,653.70,653.70,653.70,653.70,25,50
20210205,09:56,653.70,653.70,653.70,653.70,25,75
20210205,10:12,712.05,712.05,712.05,712.05,25,100
20210205,10:15,712.05,712.05,712.05,712.05,50,125
20210205,10:25,587.05,587.05,587.05,587.05,25,150
20210205,10:28,537.30,537.30,537.30,537.30,25,175
20210205,10:55,510.45,510.45,510.45,510.45,25,150
20210205,11:00,510.45,510.45,510.45,510.45,25,175
20210205,11:01,510.45,510.45,510.45,510.45,25,175
20210205,11:04,530.00,530.00,530.00,530.00,25,150
20210205,11:07,540.50,540.50,540.50,540.50,25,175
20210205,11:19,564.30,564.30,564.30,564.30,25,150
20210205,11:30,539.30,539.30,539.30,539.30,25,150
20210205,11:31,607.20,607.20,607.20,607.20,25,150
20210205,12:58,422.80,422.80,422.80,422.80,25,150
20210205,12:59,422.80,422.80,422.80,422.80,25,150
20210205,14:23,418.30,418.30,418.30,418.30,25,125
20210205,14:28,375.45,375.45,375.45,375.45,25,150
20210205,14:32,375.45,375.45,375.45,375.45,25,125
20210205,15:07,332.90,332.90,332.90,332.90,25,100
20210205,15:16,299.45,299.45,299.45,299.45,25,75
20210208,09:17,512.95,515.95,512.95,515.95,226,50
20210208,09:20,552.85,552.85,552.85,552.85,100,275
20210208,09:21,557.90,557.90,557.90,557.90,125,275
20210208,09:22,538.85,538.85,538.85,538.85,25,275
20210208,09:26,562.80,562.80,562.80,562.80,25,275
20210208,09:27,562.80,562.80,562.80,562.80,25,275
20210208,09:31,556.00,556.00,556.00,556.00,25,300
20210208,09:32,537.60,537.60,537.60,537.60,50,275
20210208,09:33,522.05,522.05,500.00,500.00,50,275
20210208,09:37,483.25,483.25,483.25,483.25,25,300
20210208,09:38,483.25,483.25,483.25,483.25,25,400
20210208,10:14,483.25,483.25,483.25,483.25,25,400
20210208,10:18,507.55,507.55,507.55,507.55,25,400
20210208,10:26,499.20,499.20,499.20,499.20,25,425
20210208,11:13,469.00,469.00,469.00,469.00,25,450
20210208,11:14,468.75,468.75,468.75,468.75,100,425
20210208,11:15,455.50,455.50,455.50,455.50,50,425
20210208,11:17,455.50,455.50,455.50,455.50,25,425
20210208,11:18,461.65,461.65,461.65,461.65,25,500
20210208,11:42,425.70,425.70,425.70,425.70,25,475
20210208,11:43,425.70,425.70,425.70,425.70,25,475
20210208,11:45,424.05,424.05,424.05,424.05,200,475
20210208,11:55,444.55,444.55,444.55,444.55,25,500
20210208,12:09,397.70,397.70,397.70,397.70,50,525
20210208,12:10,375.50,380.60,372.70,372.70,200,525
20210208,12:11,372.70,372.70,372.70,372.70,25,525
20210208,12:12,373.25,375.75,373.25,375.75,75,650
20210208,12:13,372.90,372.90,372.90,372.90,25,650
20210208,12:20,365.50,365.50,365.50,365.50,25,675
20210208,12:25,344.10,344.10,341.45,341.45,100,700
20210208,12:29,337.30,337.30,337.30,337.30,100,675
20210208,12:30,337.30,337.30,337.30,337.30,25,750
20210208,12:32,370.40,370.40,370.40,370.40,50,750
20210208,12:36,370.40,370.40,370.40,370.40,50,675
20210208,12:37,384.45,390.40,384.45,390.40,50,675
20210208,12:38,369.00,391.50,369.00,391.50,75,675
20210208,12:47,383.90,383.90,383.90,383.90,25,675
20210208,12:50,386.30,386.30,386.30,386.30,25,675
20210208,13:03,373.30,373.30,373.30,373.30,25,650
20210208,13:04,373.30,373.30,373.30,373.30,25,650
20210208,13:06,375.65,375.65,375.65,375.65,25,650
20210208,13:14,386.95,386.95,386.95,386.95,25,650
20210208,13:17,400.50,400.50,400.50,400.50,25,650
20210208,13:19,384.15,384.15,384.15,384.15,50,650
20210208,13:21,382.10,382.10,382.10,382.10,25,675
20210208,13:25,385.65,385.65,385.65,385.65,50,650
20210208,13:41,375.00,375.00,375.00,375.00,50,625
20210208,13:42,370.85,375.50,370.85,375.20,75,625
20210208,13:43,378.85,378.85,378.85,378.85,25,625
20210208,13:44,363.70,363.70,363.70,363.70,50,625
20210208,13:45,365.75,365.75,365.75,365.75,25,650
20210208,13:52,389.85,389.85,389.85,389.85,25,650
20210208,13:54,379.15,379.15,379.15,379.15,25,650
20210208,13:55,363.00,363.00,363.00,363.00,25,650
20210208,13:56,377.95,377.95,377.95,377.95,25,650
20210208,13:57,400.75,400.75,400.00,400.00,50,650
20210208,13:58,407.70,407.70,407.70,407.70,25,650
20210208,14:00,402.80,425.65,402.80,425.65,50,700
20210208,14:01,411.60,424.25,411.60,424.25,75,700
20210208,14:04,406.00,406.00,405.90,405.90,50,650
20210208,14:05,396.50,396.50,396.50,396.50,50,650
20210208,14:06,403.25,413.55,403.25,408.00,75,675
20210208,14:07,392.35,392.35,392.35,392.35,25,675
20210208,14:08,388.00,388.00,388.00,388.00,25,675
20210208,14:14,375.35,375.35,375.35,375.35,25,625
20210208,14:24,370.05,370.05,370.05,370.05,25,625
20210208,14:29,372.45,372.45,372.45,372.45,25,625
20210208,14:30,376.60,376.60,376.60,376.60,25,625
20210208,14:31,350.00,350.00,350.00,350.00,25,625
20210208,14:35,362.30,362.30,362.30,362.30,25,675
20210208,14:38,355.00,355.00,355.00,355.00,25,700
20210208,14:39,350.65,350.65,350.65,350.65,25,725
20210208,14:43,350.65,350.65,350.65,350.65,25,750
20210208,14:44,350.25,350.25,346.85,346.85,50,750
20210208,14:48,352.80,352.80,352.80,352.80,25,675
20210208,14:49,351.75,351.75,343.95,343.95,75,675
20210208,14:50,340.00,340.00,340.00,340.00,25,675
20210208,14:53,340.80,340.80,340.80,340.80,50,725
20210208,14:55,330.00,330.00,330.00,330.00,75,775
20210208,15:03,330.00,330.00,330.00,330.00,25,825
20210208,15:04,332.80,332.80,332.80,332.80,25,825
20210208,15:05,342.35,342.35,337.70,337.70,50,825
20210208,15:07,330.45,339.55,330.45,339.55,100,800
20210208,15:09,345.00,345.00,345.00,345.00,100,800
20210208,15:12,359.20,359.20,359.20,359.20,25,875
20210208,15:14,359.00,359.00,359.00,359.00,25,825
20210208,15:15,356.20,356.20,356.20,356.20,25,825
20210208,15:16,360.20,360.20,360.20,360.20,25,825
20210208,15:18,354.35,354.35,354.35,354.35,25,700
20210208,15:19,350.05,350.05,350.00,350.00,50,700
20210208,15:20,345.15,345.15,345.15,345.15,50,700
20210208,15:22,350.50,350.50,345.15,345.15,125,725
20210208,15:24,347.20,347.20,346.05,346.05,100,725
20210208,15:26,352.80,352.80,352.80,352.80,25,750
20210208,15:28,352.60,354.15,352.60,354.15,50,825
20210209,09:15,295.35,295.35,214.15,214.15,51,700
20210209,09:16,214.15,315.45,214.15,315.45,175,700
20210209,09:17,324.60,324.60,324.60,324.60,25,700
20210209,09:18,324.60,324.60,324.60,324.60,25,700
20210209,09:19,291.90,291.90,287.35,287.35,75,700
20210209,09:21,264.20,264.20,264.20,264.20,25,700
20210209,09:22,262.70,262.70,252.65,252.65,75,700
20210209,09:24,252.35,252.35,252.00,252.00,50,675
20210209,09:25,244.00,244.00,244.00,244.00,75,675
20210209,09:27,250.00,250.00,250.00,250.00,25,725
20210209,09:29,248.00,248.00,248.00,248.00,25,750
20210209,09:30,240.00,240.00,240.00,240.00,50,750
20210209,09:31,247.70,256.90,247.70,256.90,50,750
20210209,09:32,256.40,256.40,251.15,251.15,50,800
20210209,09:33,252.70,252.70,252.70,252.70,25,800
20210209,09:34,243.60,243.60,243.60,243.60,25,800
20210209,09:35,235.90,235.90,235.90,235.90,25,925
20210209,09:36,229.45,229.45,229.45,229.45,25,925
20210209,09:37,227.55,227.55,227.55,227.55,25,925
20210209,09:38,228.30,228.30,228.30,228.30,25,925
20210209,09:39,217.35,217.35,217.35,217.35,25,925
20210209,09:40,214.00,214.00,214.00,214.00,25,925
20210209,09:42,214.00,214.00,214.00,214.00,50,900
20210209,09:43,214.25,214.25,214.20,214.20,100,900
20210209,09:44,208.55,208.55,208.55,208.55,25,900
20210209,09:47,206.65,206.65,206.65,206.65,50,1000
20210209,09:49,208.00,208.00,200.85,200.85,50,1000
20210209,09:51,200.85,200.85,200.85,200.85,25,1050
20210209,09:52,215.55,215.55,207.65,207.65,100,1050
20210209,09:55,201.40,201.40,195.50,195.50,550,1075
20210209,09:58,195.50,195.50,195.50,195.50,200,1175
20210209,10:10,225.00,225.00,225.00,225.00,200,1800
20210209,10:11,226.75,226.75,226.75,226.75,25,1800
20210209,10:15,219.05,219.05,217.00,217.10,100,1625
20210209,10:16,211.20,211.20,211.20,211.20,50,1625
20210209,10:19,223.30,223.30,223.30,223.30,25,1825
20210209,10:20,224.25,224.25,224.25,224.25,50,1875
20210209,10:22,228.70,228.70,228.70,228.70,25,1875
20210209,10:23,229.25,229.25,229.25,229.25,25,1875
20210209,10:27,249.70,249.70,249.70,249.70,25,1875
20210209,10:28,257.10,257.10,252.55,252.55,75,1575
20210209,10:29,287.15,287.15,287.15,287.15,25,1600
20210209,10:30,294.05,294.05,294.05,294.05,25,1600
20210209,10:31,299.65,299.65,291.10,291.10,75,1600
20210209,10:32,290.35,290.35,290.35,290.35,25,1600
20210209,10:35,312.70,318.90,312.70,318.90,250,1675
20210209,10:36,321.90,321.90,321.90,321.90,25,1675
20210209,10:37,328.05,328.05,328.05,328.05,25,1675
20210209,10:38,328.05,328.05,326.15,326.15,50,1750
20210209,10:42,303.40,303.40,303.40,303.40,25,1750
20210209,10:43,310.00,310.00,303.50,303.50,75,1750
20210209,10:47,343.10,343.10,343.10,343.10,50,1750
20210209,10:48,343.10,343.10,343.10,343.10,25,1850
20210209,10:49,342.95,343.00,342.95,343.00,50,1850
20210209,10:50,356.40,356.40,356.40,356.40,75,1850
20210209,10:52,356.40,356.40,356.40,356.40,25,1850
20210209,10:53,345.50,345.50,345.50,345.50,50,1850
20210209,10:54,342.20,342.20,342.20,342.20,25,1800
20210209,10:55,349.55,349.55,349.55,349.55,25,1800
20210209,10:59,348.15,348.15,348.15,348.15,50,1750
20210209,11:00,356.40,360.75,356.40,360.75,125,1750
20210209,11:01,363.70,363.70,363.70,363.70,25,1750
20210209,11:02,363.70,363.70,360.00,360.00,125,1700
20210209,11:03,366.90,368.95,366.90,368.95,100,1700
20210209,11:04,368.95,368.95,368.95,368.95,25,1700
20210209,11:05,358.35,358.35,358.35,358.35,50,1700
20210209,11:06,354.70,354.70,354.70,354.70,25,1775
20210209,11:10,350.00,350.00,350.00,350.00,50,1775
20210209,11:11,344.25,360.00,344.25,360.00,50,1825
20210209,11:13,368.15,368.15,365.15,365.15,50,1825
20210209,11:16,379.80,390.85,379.80,385.25,150,1825
20210209,11:17,389.00,389.00,383.45,384.00,200,1850
20210209,11:18,386.35,386.35,385.45,385.45,50,1850
20210209,11:19,395.40,395.40,395.40,395.40,25,1850
20210209,11:20,395.40,395.40,395.40,395.40,25,1850
20210209,11:24,388.40,388.40,388.40,388.40,25,1925
20210209,11:25,385.60,390.50,385.60,390.50,50,1925
20210209,11:27,386.35,386.35,386.35,386.35,25,2000
20210209,11:28,385.35,392.70,385.35,392.70,50,2000
20210209,11:31,392.75,392.75,392.75,392.75,25,2000
20210209,11:32,392.70,392.70,392.00,392.15,75,2025
20210209,11:38,392.00,392.00,392.00,392.00,125,2125
20210209,11:39,391.00,391.00,391.00,391.00,25,2225
20210209,11:41,389.00,389.00,389.00,389.00,25,2225
20210209,11:42,389.00,389.00,389.00,389.00,25,2225
20210209,11:43,378.10,378.10,378.10,378.10,25,2225
20210209,11:44,372.95,378.20,372.95,378.20,100,2225
20210209,11:48,395.60,395.60,395.60,395.60,25,2300
20210209,11:49,395.60,395.60,392.15,392.15,50,2300
20210209,11:55,389.85,389.85,389.85,389.85,25,2300
20210209,11:56,391.40,391.40,391.40,391.40,25,2300
20210209,11:57,393.65,393.65,393.65,393.65,25,2300
20210209,11:58,397.45,405.35,397.45,405.35,150,2300
20210209,12:05,405.35,405.35,405.35,405.35,25,2300
20210209,12:08,370.20,370.20,370.20,370.20,25,2325
20210209,12:11,375.50,377.05,375.50,376.05,75,2325
20210209,12:12,378.25,378.25,378.25,378.25,25,2325
20210209,12:13,378.00,379.45,378.00,379.45,100,2325
20210209,12:19,369.55,369.55,365.50,365.50,50,2450
20210209,12:20,361.85,361.85,361.85,361.85,25,2450
20210209,12:21,356.85,356.85,356.85,356.85,25,2450
20210209,12:22,360.00,360.00,360.00,360.00,25,2450
20210209,12:23,355.10,355.10,355.10,355.10,25,2450
20210209,12:24,343.60,343.60,343.60,343.60,25,2450
20210209,12:26,360.00,360.00,360.00,360.00,25,2450
20210209,12:32,377.15,378.60,377.15,378.60,100,2450
20210209,12:39,383.70,383.70,383.70,383.70,25,2550
20210209,12:40,385.35,385.35,380.00,380.00,375,2550
20210209,12:45,381.50,381.50,381.50,381.50,50,2900
20210209,12:46,373.30,373.30,368.85,368.85,50,2900
20210209,12:49,369.85,369.85,369.85,369.85,25,2575
20210209,12:50,369.10,369.10,369.10,369.10,25,2575
20210209,12:54,375.15,375.15,375.15,375.15,25,2600
20210209,12:58,375.10,375.55,375.10,375.55,50,2575
20210209,13:10,385.00,390.00,385.00,390.00,50,2625
20210209,13:12,404.35,404.35,390.05,390.05,125,2625
20210209,13:16,374.80,374.80,374.80,374.80,25,2575
20210209,13:17,378.80,378.80,378.80,378.80,25,2575
20210209,13:18,382.00,382.00,382.00,382.00,25,2575
20210209,13:27,370.00,370.00,370.00,370.00,100,2600
20210209,13:31,375.30,375.30,375.30,375.30,50,2700
20210209,13:32,369.35,369.35,369.35,369.35,50,2700
20210209,13:35,360.15,360.15,360.15,360.15,25,2700
20210209,13:39,380.55,390.70,380.55,390.70,50,2625
20210209,13:42,397.65,397.65,397.65,397.65,25,2650
20210209,13:43,400.00,400.00,389.05,389.05,50,2650
20210209,13:44,378.20,378.20,378.20,378.20,50,2650
20210209,13:45,375.00,375.00,375.00,375.00,50,2650
20210209,13:49,370.00,370.00,370.00,370.00,25,2700
20210209,13:51,372.00,372.00,372.00,372.00,50,2700
20210209,13:52,365.55,365.55,365.55,365.55,25,2700
20210209,13:54,369.95,369.95,369.95,369.95,25,2700
20210209,13:55,366.40,366.40,366.40,366.40,25,2700
20210209,14:00,371.55,371.55,355.55,355.55,50,2650
20210209,14:01,355.10,355.10,353.85,353.85,50,2650
20210209,14:02,365.80,365.80,364.85,364.85,50,2650
20210209,14:03,363.00,363.00,363.00,363.00,25,2650
20210209,14:07,379.20,379.20,379.00,379.00,50,2650
20210209,14:08,374.50,374.50,374.50,374.50,25,2650
20210209,14:09,375.65,378.00,375.65,378.00,50,2650
20210209,14:10,377.90,383.90,377.90,383.90,175,2600
20210209,14:11,376.85,379.55,376.85,379.55,100,2600
20210209,14:15,385.40,385.40,385.40,385.40,50,2700
20210209,14:16,386.20,386.20,386.20,386.20,25,2700
20210209,14:18,392.00,415.00,392.00,415.00,75,2700
20210209,14:21,415.00,415.00,415.00,415.00,25,2750
20210209,14:22,399.65,399.65,399.65,399.65,25,2750
20210209,14:25,394.35,399.65,394.35,399.65,50,2750
20210209,14:27,390.60,390.60,390.60,390.60,25,2750
20210209,14:28,376.95,380.40,370.85,380.40,300,2775
20210209,14:29,378.75,378.75,378.75,378.75,25,2775
20210209,14:30,379.00,382.10,379.00,382.10,100,2775
20210209,14:31,381.10,381.10,381.10,381.10,25,2800
20210209,14:33,370.00,370.00,370.00,370.00,25,3025
20210209,14:34,366.85,366.85,363.30,363.30,50,3025
20210209,14:35,360.80,360.80,358.00,358.00,50,3025
20210209,14:36,367.25,367.25,367.25,367.25,25,3100
20210209,14:37,357.05,357.05,357.00,357.00,50,3100
20210209,14:38,361.95,362.00,361.95,362.00,125,3100
20210209,14:39,340.65,340.65,340.65,340.65,25,3125
20210209,14:43,354.30,360.50,354.30,360.50,75,3150
20210209,14:44,356.45,356.45,356.45,356.45,50,3150
20210209,14:45,340.65,340.65,340.65,340.65,100,3150
20210209,14:46,333.25,333.25,325.65,325.65,150,3175
20210209,14:47,325.65,325.65,325.65,325.65,25,3175
20210209,14:48,316.10,316.10,316.10,316.10,25,3225
20210209,14:49,300.00,301.20,300.00,301.20,275,3225
20210209,14:50,315.75,315.75,315.75,315.75,25,3225
20210209,14:53,313.40,313.40,313.40,313.40,25,3250
20210209,14:54,315.00,315.00,315.00,315.00,25,3250
20210209,14:55,315.00,315.00,315.00,315.00,25,3250
20210209,14:56,324.00,324.00,324.00,324.00,25,3250
20210209,15:00,301.05,301.05,301.00,301.00,75,3225
20210209,15:01,294.05,294.05,285.00,285.00,75,3225
20210209,15:02,282.05,282.05,271.70,281.45,200,3225
20210209,15:03,276.25,276.25,260.00,267.15,125,3225
20210209,15:04,271.55,272.00,271.55,272.00,150,3275
20210209,15:05,256.10,256.10,256.10,256.10,25,3275
20210209,15:06,245.00,254.00,245.00,254.00,250,3275
20210209,15:07,267.35,270.60,267.35,270.15,350,3275
20210209,15:08,292.05,292.05,277.60,277.60,75,3275
20210209,15:09,265.65,265.65,265.65,265.65,250,3275
20210209,15:10,271.20,271.20,271.20,271.20,50,3300
20210209,15:11,271.20,277.80,270.00,277.80,200,3300
20210209,15:12,275.85,293.90,275.85,293.90,75,3325
20210209,15:13,300.35,300.35,295.05,295.05,50,3325
20210209,15:16,280.00,280.00,280.00,280.00,125,3325
20210209,15:20,291.70,291.70,291.70,291.70,25,3325
20210209,15:21,285.00,285.00,285.00,285.00,50,3350
20210209,15:22,284.40,284.40,284.15,284.15,100,3350
20210209,15:23,285.90,285.90,278.75,279.60,150,3350
20210209,15:24,280.90,280.90,280.90,280.90,75,3350
20210209,15:25,274.10,274.10,269.00,269.00,175,3250
20210209,15:26,273.45,273.45,273.45,273.45,50,3250
20210209,15:27,265.00,265.00,258.80,258.80,75,3250
20210209,15:28,261.00,265.00,253.85,265.00,250,3250
20210209,15:29,262.40,262.40,250.00,250.00,650,3250
20210210,09:15,217.55,287.40,217.55,280.70,351,4000
20210210,09:16,298.00,303.45,298.00,303.45,125,4000
20210210,09:17,295.20,295.20,287.95,293.60,475,4000
20210210,09:18,284.25,284.25,282.15,282.15,125,4000
20210210,09:19,286.05,286.05,286.05,286.05,100,4000
20210210,09:20,283.20,283.20,258.65,260.20,100,3925
20210210,09:21,248.95,253.05,237.90,237.90,125,3925
20210210,09:22,239.75,239.75,239.75,239.75,25,3925
20210210,09:23,240.00,240.00,221.25,221.25,250,3950
20210210,09:24,220.70,220.70,219.15,219.15,325,3950
20210210,09:25,204.35,204.35,204.35,204.35,25,3950
20210210,09:26,204.35,220.20,204.35,220.20,50,3875
20210210,09:27,214.60,214.60,208.85,208.85,100,3875
20210210,09:28,214.55,214.60,210.00,210.00,150,3875
20210210,09:29,215.20,215.20,200.00,200.00,175,3850
20210210,09:30,200.00,208.80,200.00,207.25,250,3850
20210210,09:31,213.60,215.00,211.45,215.00,400,3850
20210210,09:33,223.25,223.25,223.25,223.25,25,4100
20210210,09:36,242.40,242.40,242.35,242.35,75,4075
20210210,09:37,250.70,250.70,250.70,250.70,25,4075
20210210,09:38,246.15,246.15,245.00,245.00,50,4075
20210210,09:42,226.05,230.30,226.05,230.30,125,4050
20210210,09:44,225.00,225.00,224.00,224.00,50,4050
20210210,09:47,233.00,233.00,233.00,233.00,50,3825
20210210,09:48,230.00,230.00,230.00,230.00,25,3825
20210210,09:49,236.50,236.50,236.50,236.50,50,3825
20210210,09:50,246.90,246.90,246.90,246.90,25,3825
20210210,09:51,230.40,230.40,230.40,230.40,25,3825
20210210,09:53,243.15,243.15,243.15,243.15,25,3825
20210210,09:54,240.00,240.00,240.00,240.00,25,3850
20210210,09:55,247.00,247.00,247.00,247.00,50,3850
20210210,09:56,240.00,240.00,233.45,233.45,75,3900
20210210,09:57,226.25,226.25,226.25,226.25,25,3900
20210210,09:59,219.15,219.15,219.15,219.15,25,3900
20210210,10:01,218.95,218.95,218.95,218.95,25,3875
20210210,10:02,214.25,214.25,214.25,214.25,25,3875
20210210,10:03,224.85,224.85,224.85,224.85,50,3900
20210210,10:06,216.05,216.05,216.05,216.05,25,3900
20210210,10:09,216.00,216.00,216.00,216.00,700,3925
20210210,10:14,205.55,205.55,205.55,205.55,50,3925
20210210,10:15,200.00,200.00,195.00,195.00,125,3925
20210210,10:16,196.00,196.00,196.00,196.00,25,3925
20210210,10:17,193.25,193.25,190.00,190.00,100,3925
20210210,10:18,185.00,185.00,185.00,185.00,50,3925
20210210,10:19,188.25,190.55,188.25,190.55,100,3925
20210210,10:20,189.85,189.85,189.85,189.85,50,3925
20210210,10:21,188.40,188.40,188.40,188.40,75,3925
20210210,10:23,190.00,194.20,190.00,194.20,100,3975
20210210,10:24,194.40,194.40,194.40,194.40,25,3975
20210210,10:25,200.85,200.85,200.85,200.85,25,3975
20210210,10:26,204.20,204.20,200.00,200.00,50,3825
20210210,10:27,200.45,200.45,200.45,200.45,50,3825
20210210,10:31,197.00,197.00,197.00,197.00,25,3850
20210210,10:32,197.00,197.00,194.20,194.20,75,3850
20210210,10:35,192.50,192.50,192.50,192.50,25,3850
20210210,10:36,194.25,194.25,194.25,194.25,25,3925
20210210,10:38,190.00,190.00,190.00,190.00,25,3925
20210210,10:43,192.20,192.20,192.20,192.20,25,3900
20210210,10:44,188.15,188.15,188.15,188.15,25,3900
20210210,10:46,196.05,196.05,196.05,196.05,100,3925
20210210,10:47,198.70,198.70,198.70,198.70,25,3925
20210210,10:48,199.90,199.90,199.90,199.90,25,3925
20210210,10:49,203.40,203.40,203.40,203.40,25,3925
20210210,10:51,199.00,199.00,197.30,197.30,75,3925
20210210,10:55,208.80,208.80,208.80,208.80,25,3925
20210210,10:56,207.30,207.85,207.30,207.85,50,3925
20210210,10:57,213.75,213.75,213.75,213.75,25,3925
20210210,10:58,217.10,217.10,217.10,217.10,25,3925
20210210,10:59,214.85,214.85,209.25,212.65,100,3925
20210210,11:00,214.80,222.55,214.80,222.55,50,3925
20210210,11:01,219.60,219.60,219.60,219.60,25,3925
20210210,11:03,209.90,209.90,209.90,209.90,50,3925
20210210,11:05,214.45,214.45,214.45,214.45,25,3925
20210210,11:06,217.00,217.00,217.00,217.00,25,4050
20210210,11:10,200.90,200.90,200.90,200.90,50,4075
20210210,11:14,206.35,210.00,206.35,210.00,125,4100
20210210,11:16,213.40,213.40,213.40,213.40,25,4075
20210210,11:19,219.00,219.00,219.00,219.00,25,4100
20210210,11:20,218.35,218.35,213.80,213.80,125,4100
20210210,11:21,230.60,230.60,230.60,230.60,25,4050
20210210,11:22,235.20,235.20,235.20,235.20,25,4050
20210210,11:24,237.20,237.20,237.20,237.20,25,4050
20210210,11:30,228.35,228.35,228.35,228.35,25,4050
20210210,11:33,216.80,216.80,216.80,216.80,25,4025
20210210,11:36,230.75,230.75,230.75,230.75,25,3975
20210210,11:40,227.25,227.25,227.25,227.25,25,3975
20210210,11:44,236.10,236.10,235.75,235.75,50,3975
20210210,11:45,229.55,232.15,229.55,232.15,150,4000
20210210,11:46,239.05,239.05,239.05,239.05,25,4000
20210210,11:47,247.00,247.00,244.40,244.40,150,4000
20210210,11:50,237.05,237.05,237.05,237.05,75,3975
20210210,11:51,234.80,235.00,234.80,235.00,100,3975
20210210,12:00,244.00,244.00,244.00,244.00,125,3725
20210210,12:02,228.00,228.00,220.00,220.30,225,3725
20210210,12:07,220.30,220.30,220.30,220.30,50,3775
20210210,12:15,212.15,212.15,212.15,212.15,25,3750
20210210,12:16,200.00,200.00,200.00,200.00,175,3750
20210210,12:33,218.50,218.70,218.50,218.70,50,3950
20210210,12:34,214.85,214.85,214.85,214.85,25,3950
20210210,12:35,221.45,221.45,221.45,221.45,25,3950
20210210,12:38,204.50,209.40,204.50,208.90,75,3950
20210210,12:39,211.90,211.90,211.90,211.90,25,3950
20210210,12:40,214.40,214.40,214.40,214.40,25,3950
20210210,12:41,214.40,214.40,214.40,214.40,25,3950
20210210,12:44,206.10,207.10,206.10,207.10,75,3950
20210210,12:45,205.10,205.10,205.10,205.10,50,3950
20210210,12:49,214.45,214.45,214.45,214.45,25,4075
20210210,12:52,220.40,220.40,220.40,220.40,25,4075
20210210,13:01,204.65,204.65,204.65,204.65,25,4100
20210210,13:02,204.05,204.05,204.05,204.05,25,4100
20210210,13:03,200.05,200.05,200.05,200.05,25,4100
20210210,13:06,199.95,199.95,199.95,199.95,50,4100
20210210,13:09,198.45,198.45,198.45,198.45,25,4100
20210210,13:13,199.85,199.85,199.85,199.85,25,4100
20210210,13:14,199.00,200.45,199.00,200.45,50,4100
20210210,13:20,201.55,201.55,201.55,201.55,25,4100
20210210,13:22,203.30,203.30,202.15,202.15,100,4125
20210210,13:24,202.25,202.25,202.25,202.25,50,4125
20210210,13:25,202.00,202.00,202.00,202.00,50,4125
20210210,13:26,203.00,203.00,203.00,203.00,150,4125
20210210,13:28,192.55,193.55,192.55,193.55,50,4075
20210210,13:29,183.90,183.90,183.90,183.90,50,4075
20210210,13:30,183.90,183.90,183.90,183.90,25,4125
20210210,13:31,183.20,183.20,180.00,180.00,50,4125
20210210,13:33,175.00,175.00,175.00,175.00,25,4125
20210210,13:35,175.00,175.00,175.00,175.00,25,4125
20210210,13:36,177.50,177.50,166.20,166.20,325,4175
20210210,13:37,172.30,172.30,172.30,172.30,25,4175
20210210,13:38,173.40,173.40,173.40,173.40,100,4175
20210210,13:39,172.45,172.45,168.00,168.00,75,4175
20210210,13:41,169.15,169.15,169.15,169.15,25,4175
20210210,13:42,165.60,165.60,165.60,165.60,50,4175
20210210,13:43,162.00,162.00,160.00,160.00,350,4075
20210210,13:44,156.05,160.15,156.05,160.15,75,4075
20210210,13:45,150.00,150.00,146.70,146.70,150,4075
20210210,13:46,146.70,150.90,146.70,150.90,75,4075
20210210,13:47,159.05,160.05,159.05,160.05,50,4075
20210210,13:49,160.00,160.00,160.00,160.00,25,4075
20210210,13:52,157.20,157.20,157.20,157.20,50,4100
20210210,13:54,157.20,157.20,157.20,157.20,25,4100
20210210,13:55,160.80,160.80,160.80,160.80,200,4100
20210210,13:56,161.00,161.00,152.95,152.95,250,4100
20210210,13:58,152.15,152.15,152.15,152.15,25,4175
20210210,13:59,159.60,165.45,159.60,165.45,50,4175
20210210,14:00,165.50,166.80,165.50,166.80,50,4150
20210210,14:01,156.85,156.85,154.80,154.80,125,4150
20210210,14:05,149.35,149.35,149.35,149.35,25,4150
20210210,14:08,141.65,141.65,141.65,141.65,25,4150
20210210,14:11,141.65,141.65,141.65,141.65,75,4125
20210210,14:14,154.45,154.45,154.45,154.45,25,4125
20210210,14:16,148.30,148.30,148.30,148.30,25,4125
20210210,14:20,156.55,156.55,155.00,155.00,125,4050
20210210,14:22,157.00,157.00,157.00,157.00,75,4075
20210210,14:23,157.00,157.00,157.00,157.00,25,4075
20210210,14:25,147.50,147.50,144.00,144.00,125,4075
20210210,14:26,144.95,144.95,144.95,144.95,25,4075
20210210,14:29,149.00,149.00,149.00,149.00,25,4075
20210210,14:30,151.70,156.60,151.70,156.60,125,4075
20210210,14:31,155.70,163.00,155.70,163.00,75,4075
20210210,14:33,164.70,164.70,164.70,164.70,25,4075
20210210,14:35,168.75,172.15,168.75,172.15,50,4075
20210210,14:37,161.95,161.95,160.10,160.15,225,4075
20210210,14:38,160.65,160.65,160.65,160.65,25,4075
20210210,14:40,161.80,161.80,161.80,161.80,25,4075
20210210,14:42,161.80,161.80,160.65,160.65,375,4075
20210210,14:45,159.35,159.35,159.35,159.35,25,4075
20210210,14:46,161.40,161.40,161.40,161.40,25,4075
20210210,14:47,155.00,155.00,140.25,140.25,325,4075
20210210,14:48,136.65,136.65,124.35,124.35,950,4125
20210210,14:49,118.00,130.00,118.00,130.00,750,4125
20210210,14:50,132.30,132.40,132.30,132.40,50,4125
20210210,14:51,134.75,135.55,134.75,135.55,50,4125
20210210,14:52,132.55,132.55,132.55,132.55,50,4150
20210210,14:54,136.00,136.00,136.00,136.00,100,4150
20210210,14:56,132.80,132.80,132.80,132.80,25,4175
20210210,14:57,131.45,131.45,131.45,131.45,100,4150
20210210,14:59,137.85,138.70,137.85,138.70,650,4150
20210210,15:00,138.90,143.40,138.90,142.35,1375,4150
20210210,15:01,153.35,158.25,153.35,156.35,175,4125
20210210,15:02,157.25,157.25,155.95,155.95,50,4125
20210210,15:03,158.75,158.75,158.75,158.75,25,4125
20210210,15:04,155.00,155.00,153.60,153.60,50,4225
20210210,15:05,158.40,162.55,157.20,157.20,150,4225
20210210,15:06,153.60,155.55,153.60,155.55,225,4225
20210210,15:07,160.55,160.55,160.55,160.55,50,4225
20210210,15:09,159.65,159.65,159.65,159.65,25,4225
20210210,15:10,158.20,158.20,154.05,154.05,75,4250
20210210,15:11,156.75,161.15,156.75,161.15,50,4250
20210210,15:12,160.40,160.40,155.85,155.85,75,4250
20210210,15:13,160.50,160.50,160.50,160.50,25,4250
20210210,15:14,158.95,161.00,158.95,161.00,50,4250
20210210,15:16,166.75,166.75,166.75,166.75,25,4200
20210210,15:17,163.75,167.35,163.75,167.35,375,4200
20210210,15:18,163.25,169.20,163.25,168.30,275,4200
20210210,15:19,168.90,169.25,165.65,166.55,250,4200
20210210,15:20,164.20,170.20,164.20,167.20,100,4200
20210210,15:21,170.20,174.60,169.30,174.60,600,4200
20210210,15:22,175.15,178.05,174.55,178.00,850,4200
20210210,15:23,177.95,184.65,177.95,184.65,225,4200
20210210,15:24,185.00,185.00,184.65,184.65,150,4200
20210210,15:25,181.30,181.30,180.00,180.00,700,4200
20210210,15:26,180.50,181.90,180.50,181.90,325,4200
20210210,15:27,182.75,182.75,182.75,182.75,50,4200
20210210,15:28,183.50,183.50,183.50,183.50,25,4250
20210210,15:29,186.00,186.00,181.45,181.45,75,4250
20210211,09:16,129.00,129.00,112.90,121.95,551,5475
20210211,09:17,123.10,125.00,122.50,125.00,375,5850
20210211,09:18,117.95,124.25,117.95,124.25,50,5850
20210211,09:19,121.10,121.10,120.30,120.30,50,5850
20210211,09:20,135.00,141.05,135.00,141.05,350,5925
20210211,09:21,145.20,145.20,134.65,134.65,200,5925
20210211,09:22,143.60,145.25,143.60,145.25,50,5925
20210211,09:23,145.25,145.25,145.25,145.25,25,5925
20210211,09:24,145.20,145.20,138.40,138.40,75,5925
20210211,09:26,135.15,137.70,135.15,137.70,50,5950
20210211,09:27,139.65,143.70,139.65,140.00,250,5950
20210211,09:28,140.00,144.10,140.00,144.10,275,5950
20210211,09:29,141.20,141.20,141.20,141.20,100,6325
20210211,09:30,140.25,142.60,135.00,135.00,375,6325
20210211,09:31,133.85,133.85,126.00,126.00,350,6325
20210211,09:32,127.20,127.45,127.20,127.45,50,6475
20210211,09:33,130.05,131.95,130.05,131.95,50,6475
20210211,09:34,132.95,132.95,132.95,132.95,25,6475
20210211,09:35,132.55,132.55,132.55,132.55,75,6475
20210211,09:36,135.30,142.40,135.30,142.40,100,6400
20210211,09:37,139.25,141.60,139.25,140.65,100,6400
20210211,09:38,141.75,149.45,141.75,149.45,100,6525
20210211,09:39,152.15,153.05,152.15,153.05,75,6525
20210211,09:40,154.35,154.70,154.35,154.70,75,6525
20210211,09:41,146.45,146.45,146.45,146.45,75,6575
20210211,09:42,153.30,157.60,153.30,157.60,75,6575
20210211,09:43,160.15,160.15,160.15,160.15,25,6575
20210211,09:44,160.15,160.15,157.75,157.75,350,6750
20210211,09:45,155.45,163.30,155.45,163.30,50,6750
20210211,09:46,164.00,165.35,156.40,156.40,225,6750
20210211,09:47,157.65,158.60,156.40,158.60,100,6600
20210211,09:48,171.05,173.50,169.70,169.70,150,6600
20210211,09:49,168.90,169.55,168.00,168.00,275,6600
20210211,09:50,171.80,175.00,170.45,170.45,275,6575
20210211,09:51,177.25,177.25,174.65,175.30,175,6575
20210211,09:52,173.00,173.85,172.60,172.60,200,6575
20210211,09:53,172.55,173.20,171.45,171.45,250,6975
20210211,09:54,167.50,167.50,167.50,167.50,25,6975
20210211,09:55,158.05,158.05,156.05,156.05,50,6975
20210211,09:57,157.40,157.40,155.60,156.95,100,7125
20210211,09:58,155.15,155.15,155.15,155.15,25,7125
20210211,09:59,159.90,159.90,159.90,159.90,25,7125
20210211,10:00,166.80,166.80,160.95,160.95,125,7125
20210211,10:01,160.95,161.00,160.95,161.00,50,7125
20210211,10:02,161.90,161.90,161.90,161.90,25,7125
20210211,10:03,158.55,158.55,152.35,152.35,100,7050
20210211,10:04,157.45,157.45,156.60,156.60,50,7050
20210211,10:06,156.60,156.60,156.60,156.60,25,7075
20210211,10:08,155.65,156.10,155.30,156.10,450,7100
20210211,10:09,157.15,157.95,152.75,154.30,625,7100
20210211,10:10,152.00,153.80,149.65,153.80,200,7100
20210211,10:11,153.65,153.65,153.65,153.65,25,7100
20210211,10:14,151.90,151.90,151.00,151.00,150,8050
20210211,10:15,148.00,150.30,146.65,146.65,125,8050
20210211,10:16,147.05,147.05,147.05,147.05,50,8050
20210211,10:17,147.50,147.50,147.50,147.50,25,7775
20210211,10:18,147.00,147.45,147.00,147.35,125,7775
20210211,10:19,147.35,149.15,147.35,148.55,150,7775
20210211,10:20,149.45,149.45,147.70,147.70,50,7775
20210211,10:21,151.05,155.00,151.05,155.00,200,7750
20210211,10:22,154.45,155.50,154.45,155.50,75,7750
20210211,10:23,152.60,152.60,151.45,151.90,200,7750
20210211,10:24,148.30,148.30,148.30,148.30,25,7725
20210211,10:25,145.35,145.35,145.00,145.00,475,7725
20210211,10:26,145.00,145.00,144.05,144.05,375,7725
20210211,10:27,145.40,145.40,145.40,145.40,25,8000
20210211,10:29,144.20,144.20,143.90,143.90,100,8000
20210211,10:30,141.55,141.55,137.15,137.30,425,8000
20210211,10:31,138.00,138.00,135.00,135.05,150,8000
20210211,10:32,131.00,134.20,131.00,133.30,400,8525
20210211,10:33,135.00,136.50,134.20,136.50,950,8525
20210211,10:36,143.05,145.50,141.85,145.50,225,8025
20210211,10:37,145.30,145.30,145.30,145.30,150,8025
20210211,10:38,142.95,144.45,142.30,142.30,150,8100
20210211,10:39,139.50,140.95,139.50,140.95,100,8100
20210211,10:40,141.30,141.30,140.95,141.15,150,8100
20210211,10:41,140.70,140.70,138.35,139.45,200,8250
20210211,10:42,140.00,140.45,139.65,139.65,150,8250
20210211,10:44,146.50,146.50,146.50,146.50,25,8250
20210211,10:45,144.60,144.65,144.60,144.65,75,8350
20210211,10:47,138.85,140.80,138.85,140.20,825,8550
20210211,10:48,140.75,140.75,136.55,136.55,100,8550
20210211,10:49,137.50,137.50,136.85,136.90,175,8550
20210211,10:50,136.65,137.00,136.30,137.00,325,8550
20210211,10:51,136.20,136.80,133.35,133.35,775,9025
20210211,10:52,135.75,137.80,135.75,137.80,50,9025
20210211,10:53,138.40,138.40,136.35,136.35,75,9025
20210211,10:54,137.55,138.40,137.55,138.40,75,8750
20210211,10:55,137.35,138.50,137.10,137.90,850,8750
20210211,10:56,137.10,137.10,135.40,135.40,150,8375
20210211,10:57,136.20,137.70,136.20,137.70,75,8375
20210211,11:00,136.15,136.15,128.00,129.80,1025,8275
20210211,11:01,130.25,130.50,130.25,130.50,50,8275
20210211,11:02,130.50,130.50,128.55,128.55,100,8275
20210211,11:03,129.05,129.15,128.20,128.20,100,8025
20210211,11:05,128.25,128.25,128.25,128.25,25,8025
20210211,11:06,123.95,123.95,120.00,120.00,250,8100
20210211,11:08,129.15,129.15,128.95,128.95,75,8100
20210211,11:09,127.95,127.95,127.95,127.95,25,8100
20210211,11:11,122.00,122.00,122.00,122.00,25,8100
20210211,11:12,122.45,122.45,121.75,121.75,50,8150
20210211,11:13,118.55,118.55,118.35,118.35,150,8150
20210211,11:14,117.65,118.00,117.65,118.00,125,8150
20210211,11:15,117.00,121.05,116.45,121.05,375,8025
20210211,11:16,125.40,125.40,125.40,125.40,50,8025
20210211,11:17,125.45,127.60,125.45,127.60,200,8025
20210211,11:18,127.30,127.30,127.30,127.30,25,8025
20210211,11:21,122.85,122.85,121.00,121.00,250,7825
20210211,11:22,121.80,121.80,121.00,121.00,50,7825
20210211,11:23,121.15,121.15,120.50,120.50,175,7925
20210211,11:24,120.40,123.80,120.40,123.80,125,7925
20210211,11:25,121.45,121.75,120.00,120.00,75,7925
20210211,11:29,124.40,124.40,121.65,121.65,50,8100
20210211,11:30,123.00,123.00,123.00,123.00,25,8075
20210211,11:31,124.40,124.40,124.40,124.40,75,8075
20210211,11:32,124.85,124.85,123.30,123.55,125,8075
20210211,11:33,122.20,122.20,122.20,122.20,25,8050
20210211,11:34,121.20,121.20,121.20,121.20,50,8050
20210211,11:36,122.40,124.35,122.40,124.35,75,8075
20210211,11:37,124.35,124.35,124.35,124.35,25,8075
20210211,11:38,124.15,126.80,124.15,126.80,75,8075
20210211,11:39,126.60,126.60,126.10,126.10,50,8075
20210211,11:40,124.40,124.40,124.40,124.40,25,8075
20210211,11:41,123.35,123.35,121.30,121.30,100,8075
20210211,11:42,123.40,123.40,121.70,121.70,75,8075
20210211,11:43,121.85,121.85,121.85,121.85,25,8075
20210211,11:44,122.25,123.40,122.25,123.40,50,8075
20210211,11:46,130.55,130.55,126.05,126.05,800,8075
20210211,11:47,127.60,127.60,124.45,124.45,325,8500
20210211,11:48,124.40,124.40,116.40,116.45,350,8500
20210211,11:49,120.10,120.10,116.40,118.10,225,8500
20210211,11:50,114.05,114.05,114.05,114.05,25,8500
20210211,11:51,116.55,116.55,116.55,116.55,25,8575
20210211,11:52,117.90,117.90,116.05,116.05,50,8575
20210211,11:53,116.95,116.95,115.35,115.85,350,8575
20210211,11:54,112.45,112.45,112.45,112.45,150,8800
20210211,11:55,115.05,115.85,109.00,109.00,650,8800
20210211,11:56,109.00,111.50,109.00,111.50,175,8800
20210211,11:57,112.80,112.80,110.45,110.45,100,9125
20210211,11:58,112.00,112.60,111.90,112.60,150,9125
20210211,12:00,109.25,110.10,106.60,110.00,1775,9150
20210211,12:01,108.25,108.25,108.25,108.25,25,9150
20210211,12:02,106.90,106.90,106.90,106.90,25,9150
20210211,12:03,106.55,106.55,106.55,106.55,200,8875
20210211,12:04,106.55,108.40,106.55,107.20,200,8875
20210211,12:05,108.95,108.95,108.95,108.95,50,8875
20210211,12:06,112.10,112.10,112.10,112.10,25,9050
20210211,12:07,110.80,110.80,110.80,110.80,25,9050
20210211,12:08,112.30,112.30,111.65,111.65,50,9050
20210211,12:09,111.25,111.25,109.75,109.75,100,9025
20210211,12:10,107.00,107.65,106.85,107.65,125,9025
20210211,12:11,107.95,107.95,105.70,105.70,50,9025
20210211,12:12,104.25,104.40,102.55,102.55,175,8950
20210211,12:13,102.45,102.45,102.45,102.45,25,8950
20210211,12:14,102.45,108.60,102.45,108.35,800,8950
20210211,12:17,109.85,109.85,109.85,109.85,25,8800
20210211,12:19,108.05,108.05,108.05,108.05,50,8800
20210211,12:21,106.70,106.70,106.70,106.70,25,8825
20210211,12:22,107.95,107.95,106.90,106.90,100,8825
20210211,12:24,109.30,109.30,107.90,107.90,50,8600
20210211,12:25,108.00,108.00,108.00,108.00,50,8600
20210211,12:28,113.60,114.85,112.30,113.65,150,8625
20210211,12:29,113.00,124.00,113.00,124.00,150,8625
20210211,12:30,121.50,135.00,121.50,125.00,525,8675
20210211,12:31,127.45,129.45,127.45,129.45,100,8675
20210211,12:32,127.30,129.00,127.30,128.20,525,8675
20210211,12:33,131.00,131.85,129.00,131.45,525,8650
20210211,12:34,131.75,132.30,130.25,130.25,75,8650
20210211,12:35,128.10,131.75,128.10,131.75,200,8650
20210211,12:36,128.20,128.20,127.55,127.55,75,8775
20210211,12:37,125.00,125.05,122.75,122.75,75,8775
20210211,12:38,123.20,123.55,122.25,123.45,350,8775
20210211,12:39,123.05,123.05,121.90,122.35,425,8775
20210211,12:41,123.05,123.05,123.00,123.00,75,8775
20210211,12:42,122.85,122.85,122.85,122.85,200,8825
20210211,12:43,124.25,124.25,122.05,122.05,375,8825
20210211,12:44,124.95,124.95,124.95,124.95,25,8825
20210211,12:45,121.30,121.30,119.55,120.50,200,8775
20210211,12:47,128.10,128.20,127.30,127.30,200,8775
20210211,12:48,125.35,125.35,124.50,124.50,50,8850
20210211,12:49,123.80,123.80,122.85,122.85,100,8850
20210211,12:50,121.85,122.70,121.55,122.70,400,8850
20210211,12:51,120.00,120.00,115.30,117.15,200,8850
20210211,12:52,115.90,115.90,115.90,115.90,250,8850
20210211,12:53,113.40,113.85,112.15,113.85,75,8850
20210211,12:54,111.90,112.05,108.30,108.30,325,8975
20210211,12:55,107.70,107.70,104.20,105.85,575,8975
20210211,12:56,103.65,104.20,100.00,100.00,500,8975
20210211,12:57,105.05,108.20,104.85,108.20,200,9200
20210211,12:58,107.25,109.25,106.80,109.25,125,9200
20210211,12:59,108.70,109.65,108.70,109.65,75,9200
20210211,13:00,107.95,109.65,106.65,109.40,1550,9675
20210211,13:02,105.95,105.95,99.00,99.00,225,9675
20210211,13:03,99.00,103.00,99.00,102.10,750,8900
20210211,13:04,102.95,102.95,100.45,101.90,400,8900
20210211,13:05,101.45,102.35,100.00,102.35,225,8900
20210211,13:06,104.25,105.05,101.60,102.40,500,8975
20210211,13:07,103.70,103.70,103.70,103.70,50,8975
20210211,13:08,103.60,105.75,103.60,105.75,75,8975
20210211,13:09,105.90,106.50,105.60,106.50,150,9500
20210211,13:10,103.05,104.00,103.05,103.20,200,9500
20210211,13:11,101.50,103.45,101.50,102.80,325,9500
20210211,13:12,102.35,103.95,102.35,103.95,100,9425
20210211,13:13,104.30,104.30,103.55,103.85,175,9425
20210211,13:14,108.65,108.65,108.65,108.65,25,9425
20210211,13:15,107.20,107.20,107.20,107.20,25,9775
20210211,13:16,107.45,107.45,107.45,107.45,50,9775
20210211,13:17,108.80,108.80,108.80,108.80,25,9775
20210211,13:18,102.20,102.20,100.60,100.60,50,9750
20210211,13:19,100.10,100.10,94.60,96.25,375,9750
20210211,13:20,92.65,96.55,90.75,95.90,450,9750
20210211,13:21,98.35,98.80,98.35,98.80,75,9725
20210211,13:22,95.85,97.55,95.85,97.55,225,9725
20210211,13:23,96.45,97.60,96.00,96.00,375,9725
20210211,13:24,98.35,98.60,96.50,98.30,525,9650
20210211,13:25,97.20,101.10,97.20,101.10,575,9650
20210211,13:26,98.70,98.70,98.70,98.70,25,9650
20210211,13:27,97.80,98.85,97.80,98.85,150,10125
20210211,13:28,98.90,101.00,98.30,99.65,275,10125
20210211,13:29,100.70,100.70,100.00,100.00,75,10125
20210211,13:30,100.00,102.05,100.00,100.35,750,9975
20210211,13:31,99.45,99.45,99.45,99.45,100,9975
20210211,13:32,101.65,101.80,101.65,101.80,100,9975
20210211,13:33,103.75,103.75,101.95,101.95,50,10125
20210211,13:34,103.80,103.85,103.80,103.85,75,10125
20210211,13:35,103.85,103.85,103.85,103.85,25,10125
20210211,13:36,102.25,102.25,102.25,102.25,25,10125
20210211,13:37,103.20,104.00,103.20,104.00,75,10450
20210211,13:38,102.95,103.05,102.95,103.05,50,10450
20210211,13:39,104.30,104.30,102.65,102.65,125,10450
20210211,13:40,105.15,105.15,105.15,105.15,75,10325
20210211,13:41,99.10,99.10,96.90,96.90,125,10325
20210211,13:42,101.95,101.95,101.85,101.95,75,10350
20210211,13:43,98.95,99.85,98.95,99.85,75,10350
20210211,13:44,100.25,101.95,99.60,99.60,1275,10350
20210211,13:45,99.25,101.90,99.25,101.90,200,10950
20210211,13:46,103.05,104.75,103.05,104.75,100,10950
20210211,13:47,105.40,106.00,105.40,106.00,100,10950
20210211,13:48,106.30,108.20,104.90,108.05,225,10825
20210211,13:49,109.20,110.05,109.20,110.05,150,10825
20210211,13:50,104.80,104.80,104.80,104.80,25,10825
20210211,13:51,102.85,104.85,102.85,104.85,125,10825
20210211,13:52,103.35,104.00,103.35,104.00,75,10825
20210211,13:54,105.85,106.05,105.35,105.35,175,10800
20210211,13:55,110.00,110.00,110.00,110.00,25,10800
20210211,13:56,107.00,109.25,107.00,109.25,600,10800
20210211,13:57,110.00,111.90,110.00,110.40,175,10775
20210211,13:58,109.35,110.70,107.35,110.70,600,10775
20210211,13:59,111.00,115.50,111.00,114.85,300,10775
20210211,14:00,117.80,120.60,117.45,117.70,400,10900
20210211,14:01,118.70,118.70,114.05,114.05,250,10900
20210211,14:02,111.65,111.65,107.15,107.20,775,10900
20210211,14:03,102.65,106.35,102.55,104.25,275,11500
20210211,14:05,105.00,105.00,104.15,104.15,375,11500
20210211,14:06,103.05,104.50,103.00,103.00,150,11375
20210211,14:07,105.50,105.85,105.50,105.85,75,11375
20210211,14:08,105.85,105.85,105.85,105.85,25,11375
20210211,14:09,105.25,105.25,104.65,104.65,50,11500
20210211,14:10,106.95,106.95,106.00,106.00,150,11500
20210211,14:11,105.75,106.80,105.75,106.00,350,11500
20210211,14:12,105.95,106.00,104.65,104.65,275,11500
20210211,14:13,103.85,103.85,102.80,103.35,275,11500
20210211,14:14,105.65,109.10,105.65,109.10,300,11500
20210211,14:15,110.00,110.00,110.00,110.00,175,11625
20210211,14:16,109.50,109.50,109.50,109.50,25,11625
20210211,14:17,108.35,108.45,107.75,107.75,150,11625
20210211,14:18,112.30,112.30,112.30,112.30,25,11625
20210211,14:19,110.35,110.35,107.80,108.70,100,11525
20210211,14:20,107.35,108.45,107.35,108.45,50,11525
20210211,14:21,106.85,107.95,105.95,107.95,100,11600
20210211,14:23,111.60,111.60,111.60,111.60,50,11600
20210211,14:24,116.70,118.80,114.95,118.80,300,11525
20210211,14:25,118.80,125.45,115.65,117.00,700,11525
20210211,14:26,119.55,122.00,119.55,120.00,250,11525
20210211,14:27,122.10,122.25,122.10,122.25,50,11525
20210211,14:28,119.65,119.65,113.80,115.00,1100,11250
20210211,14:29,112.15,113.40,112.15,113.40,75,11250
20210211,14:30,119.70,119.70,118.90,118.90,50,11175
20210211,14:31,116.95,116.95,107.50,107.50,275,11175
20210211,14:32,110.40,111.55,107.85,110.45,225,11175
20210211,14:33,110.45,115.60,110.05,115.60,325,10875
20210211,14:34,109.00,112.00,109.00,111.40,125,10875
20210211,14:35,114.10,114.10,112.35,112.35,425,10875
20210211,14:36,112.05,112.05,112.00,112.00,75,10925
20210211,14:37,110.35,110.35,110.35,110.35,25,10925
20210211,14:38,112.80,113.40,112.80,113.40,50,10925
20210211,14:39,113.20,116.00,112.90,116.00,150,11025
20210211,14:40,115.95,115.95,115.30,115.30,100,11025
20210211,14:42,120.00,126.00,120.00,121.50,1300,11050
20210211,14:43,120.10,120.10,119.00,119.00,300,11050
20210211,14:44,117.70,118.00,117.70,118.00,125,11050
20210211,14:45,114.90,116.35,114.90,115.55,150,11950
20210211,14:46,115.05,115.50,113.90,115.50,200,11950
20210211,14:47,114.45,115.35,112.55,115.10,200,11950
20210211,14:48,117.95,117.95,117.55,117.75,200,11950
20210211,14:49,118.35,118.35,118.35,118.35,25,11950
20210211,14:51,113.55,113.85,113.55,113.85,75,11900
20210211,14:52,112.95,117.60,112.95,117.60,225,11900
20210211,14:53,118.25,118.25,116.10,116.10,100,11900
20210211,14:54,113.80,117.70,113.80,117.70,250,11850
20210211,14:55,116.20,116.35,115.00,115.75,325,11850
20210211,14:56,115.40,115.40,110.70,110.70,300,11850
20210211,14:57,111.75,114.00,111.55,112.10,900,12025
20210211,14:58,112.00,112.00,107.80,107.85,525,12025
20210211,14:59,110.35,110.35,103.00,103.00,200,12025
20210211,15:00,102.75,103.85,102.20,102.80,1225,12525
20210211,15:01,101.75,106.15,100.00,106.15,450,12525
20210211,15:02,109.65,112.15,109.65,109.95,475,12525
20210211,15:03,112.40,115.30,112.40,115.00,775,11775
20210211,15:04,116.10,116.20,112.30,113.90,1350,11775
20210211,15:05,113.70,113.70,112.00,112.00,125,11775
20210211,15:06,112.10,116.00,111.80,116.00,300,13025
20210211,15:07,114.95,114.95,113.20,113.20,200,13025
20210211,15:08,114.10,114.10,113.90,113.90,75,13025
20210211,15:09,113.20,114.65,112.95,114.65,125,13225
20210211,15:10,114.35,114.35,112.50,112.50,425,13225
20210211,15:11,112.20,112.20,110.25,110.60,300,13225
20210211,15:12,111.55,111.75,111.00,111.75,250,13225
20210211,15:13,111.95,112.70,111.75,112.00,1025,13225
20210211,15:14,112.00,113.20,111.55,113.10,300,13225
20210211,15:15,112.95,114.05,112.10,113.10,400,13000
20210211,15:16,113.55,113.65,112.45,113.20,575,13000
20210211,15:17,112.95,114.25,112.80,114.15,1050,13000
20210211,15:18,114.30,114.30,112.90,112.90,800,13375
20210211,15:19,113.95,114.20,113.05,114.20,225,13375
20210211,15:20,114.00,116.00,113.70,116.00,800,13375
20210211,15:21,116.80,118.75,115.95,118.75,1000,13125
20210211,15:22,119.45,119.45,116.20,117.15,975,13125
20210211,15:23,117.00,118.70,116.60,117.70,975,13125
20210211,15:24,118.70,120.70,118.25,120.70,1450,13275
20210211,15:25,121.00,122.55,120.00,120.00,1350,13275
20210211,15:26,119.00,119.00,116.25,117.95,1700,13275
20210211,15:27,116.65,119.00,116.65,119.00,400,13925
20210211,15:28,119.00,119.95,118.15,118.90,1025,13925
20210211,15:29,117.85,118.45,116.55,118.45,450,13925
20210212,09:15,95.05,129.75,95.00,125.00,5402,13425
20210212,09:16,125.00,126.65,120.05,123.15,2475,13425
20210212,09:17,123.15,124.10,117.40,120.35,2850,16475
20210212,09:18,121.70,121.70,115.65,118.20,3350,16475
20210212,09:19,120.30,123.85,120.25,121.75,3750,16475
20210212,09:20,121.20,121.20,113.95,117.50,4800,18850
20210212,09:21,114.60,114.90,109.60,113.25,6100,18850
20210212,09:22,113.60,114.10,104.70,108.95,4525,18850
20210212,09:23,108.10,111.65,105.05,106.60,2975,20025
20210212,09:24,107.95,108.55,98.70,99.20,8400,20025
20210212,09:25,99.00,100.00,94.20,99.60,7500,20025
20210212,09:26,99.00,104.55,98.75,101.75,4525,22300
20210212,09:27,100.95,102.40,95.45,99.50,5925,22300
20210212,09:28,98.25,101.45,97.60,100.50,5700,22300
20210212,09:29,100.45,100.70,94.00,94.60,3750,24050
20210212,09:30,92.40,96.80,89.10,89.40,7575,24050
20210212,09:31,89.70,94.10,89.60,93.90,3900,24050
20210212,09:32,94.25,96.25,91.80,95.45,2325,32775
20210212,09:33,95.50,97.10,93.25,94.15,2625,32775
20210212,09:34,93.70,96.80,93.70,95.35,3800,32775
20210212,09:35,95.50,95.50,91.55,92.20,3500,32650
20210212,09:36,92.05,92.50,87.60,89.10,5725,32650
20210212,09:37,88.80,90.95,88.45,90.20,4125,32650
20210212,09:38,89.60,90.65,86.40,88.25,4250,39300
20210212,09:39,88.20,89.00,84.30,84.30,3750,39300
20210212,09:40,84.40,85.45,83.40,85.20,4625,39300
20210212,09:41,85.60,89.00,85.25,87.90,5150,39125
20210212,09:42,88.95,91.30,88.45,91.15,4600,39125
20210212,09:43,90.85,93.35,88.90,90.35,3125,39125
20210212,09:44,90.00,91.80,89.15,90.50,4350,42600
20210212,09:45,90.50,90.85,87.55,89.30,2450,42600
20210212,09:46,89.35,89.65,87.35,88.75,1525,42600
20210212,09:47,88.55,93.45,88.55,92.40,3225,43575
20210212,09:48,93.60,97.30,92.70,96.60,4175,43575
20210212,09:49,96.55,96.80,93.30,95.80,3150,43575
20210212,09:50,96.15,100.10,95.50,95.50,5200,43375
20210212,09:51,95.85,95.85,89.50,91.35,5400,43375
20210212,09:52,91.45,93.15,90.55,91.20,3300,43375
20210212,09:53,90.15,91.60,89.60,89.75,1175,43725
20210212,09:54,89.80,91.20,89.40,90.20,4975,43725
20210212,09:55,90.40,91.60,89.05,90.30,1300,43725
20210212,09:56,90.20,91.45,89.45,89.45,1450,46925
20210212,09:57,89.45,90.85,87.65,88.70,3950,46925
20210212,09:58,88.15,90.70,87.70,89.65,1925,46925
20210212,09:59,88.95,89.30,86.90,86.90,5750,48100
20210212,10:00,86.00,86.00,81.50,81.50,6225,48100
20210212,10:01,81.60,88.40,81.10,88.40,3625,48100
20210212,10:02,86.25,89.40,86.20,87.45,5525,48500
20210212,10:03,87.30,87.55,85.55,87.15,800,48500
20210212,10:04,87.80,88.15,84.55,85.85,2975,48500
20210212,10:05,86.35,87.40,84.65,85.80,2275,49775
20210212,10:06,86.15,87.60,85.85,86.15,1200,49775
20210212,10:07,85.00,87.00,84.60,86.10,5350,49775
20210212,10:08,86.05,88.00,85.85,87.20,800,52825
20210212,10:09,87.40,88.95,87.00,87.90,6375,52825
20210212,10:10,87.95,89.85,87.00,89.10,2000,52825
20210212,10:11,89.25,92.85,89.25,91.40,4975,52525
20210212,10:12,90.00,92.00,88.70,88.70,3875,52525
20210212,10:13,88.25,90.00,88.25,89.40,900,52525
20210212,10:14,89.05,89.05,86.55,88.20,1125,53175
20210212,10:15,88.00,90.55,87.15,87.85,3825,53175
20210212,10:16,87.15,87.35,85.25,85.25,1075,53175
20210212,10:17,85.00,85.35,83.20,84.60,2450,53575
20210212,10:18,83.80,85.30,80.80,83.85,2675,53575
20210212,10:19,84.20,84.85,83.75,84.25,2000,53575
20210212,10:20,84.45,84.75,82.95,83.30,1750,56325
20210212,10:21,83.65,83.95,82.25,82.85,575,56325
20210212,10:22,82.80,83.95,82.05,83.50,1000,56325
20210212,10:23,84.30,86.30,84.05,84.05,1700,56175
20210212,10:24,84.35,84.45,83.50,83.85,650,56175
20210212,10:25,83.00,84.55,81.95,84.50,1850,56175
20210212,10:26,84.25,85.75,84.10,85.70,825,55850
20210212,10:27,85.50,85.80,84.45,85.65,1050,55850
20210212,10:28,83.90,85.30,83.50,84.80,1275,55850
20210212,10:29,84.35,86.50,84.35,86.50,1750,55275
20210212,10:30,86.40,91.10,85.40,89.10,6950,55275
20210212,10:31,89.40,89.40,87.00,87.00,1275,55275
20210212,10:32,86.95,92.85,86.15,91.50,11125,54250
20210212,10:33,91.30,93.10,89.35,92.55,5200,54250
20210212,10:34,92.70,92.70,89.80,90.75,2025,54250
20210212,10:35,91.35,94.00,91.00,91.95,5350,58950
20210212,10:36,92.45,93.65,91.65,91.65,3100,58950
20210212,10:37,91.80,101.50,91.80,98.75,8575,58950
20210212,10:38,99.50,103.50,98.00,101.00,9100,59325
20210212,10:39,101.45,103.75,99.50,102.85,7650,59325
20210212,10:40,103.10,116.65,103.10,113.85,14750,59325
20210212,10:41,113.10,121.45,111.60,117.15,19875,57400
20210212,10:42,116.20,118.85,112.80,114.15,10275,57400
20210212,10:43,113.00,114.00,110.60,113.55,7850,57400
20210212,10:44,113.05,114.95,109.10,114.95,4700,60750
20210212,10:45,113.05,133.15,113.05,128.55,29475,60750
20210212,10:46,128.75,129.05,123.50,125.35,7500,60750
20210212,10:47,125.15,125.15,119.80,123.70,6275,59950
20210212,10:48,122.70,125.00,120.35,125.00,2025,59950
20210212,10:49,124.20,128.00,123.35,127.60,4775,59950
20210212,10:50,127.50,132.50,124.00,124.20,9175,59975
20210212,10:51,123.65,123.80,120.00,122.95,4675,59975
20210212,10:52,122.95,126.10,121.90,122.40,6625,59975
20210212,10:53,122.30,122.30,120.00,121.60,1975,61525
20210212,10:54,121.55,124.55,120.70,124.25,2200,61525
20210212,10:55,124.30,131.85,124.10,130.30,8600,61525
20210212,10:56,129.45,136.30,127.80,135.90,14150,56375
20210212,10:57,137.45,145.75,135.90,143.10,26775,56375
20210212,10:58,143.25,145.00,140.30,140.30,10775,56375
20210212,10:59,139.65,152.85,139.60,150.90,11400,64700
20210212,11:00,153.40,172.55,153.40,163.50,24475,64700
20210212,11:01,162.50,167.00,159.50,160.75,6975,64700
20210212,11:02,160.80,162.40,154.55,154.55,7350,63575
20210212,11:03,154.20,156.00,150.90,156.00,8750,63575
20210212,11:04,156.00,157.65,151.40,157.65,5775,63575
20210212,11:05,157.55,157.55,151.55,155.70,2025,65100
20210212,11:06,156.10,156.10,146.60,150.00,4775,65100
20210212,11:07,150.45,152.20,149.00,151.85,9350,65100
20210212,11:08,150.00,151.40,147.90,149.90,3775,68425
20210212,11:09,149.05,154.00,149.05,152.25,6450,68425
20210212,11:10,153.00,153.00,148.60,152.50,3575,68425
20210212,11:11,151.85,159.85,151.80,159.60,4225,69000
20210212,11:12,159.45,164.00,159.45,161.25,5300,69000
20210212,11:13,160.70,169.05,160.70,166.00,13175,69000
20210212,11:14,165.80,165.80,161.65,163.00,6175,68875
20210212,11:15,163.20,168.70,163.20,165.65,4400,68875
20210212,11:16,164.55,165.20,156.20,157.85,5775,68875
20210212,11:17,157.95,158.45,153.60,155.15,3375,67875
20210212,11:18,155.10,155.10,149.00,151.85,5975,67875
20210212,11:19,152.10,158.35,152.10,156.75,3150,67875
20210212,11:20,156.25,157.80,155.45,155.45,1500,67900
20210212,11:21,155.00,158.60,153.00,158.60,3375,67900
20210212,11:22,159.40,160.50,155.55,156.50,1400,67900
20210212,11:23,157.85,157.90,156.00,157.00,1050,67225
20210212,11:24,156.75,163.65,153.75,162.90,4675,67225
20210212,11:25,162.95,184.65,162.95,180.00,17975,67225
20210212,11:26,180.75,192.55,180.75,184.75,11600,63625
20210212,11:27,183.25,187.00,181.05,186.15,5325,63625
20210212,11:28,185.05,185.35,171.25,173.95,10775,63625
20210212,11:29,176.65,176.65,171.00,171.00,5275,64125
20210212,11:30,171.00,174.75,167.20,174.75,7950,64125
20210212,11:31,173.75,175.90,171.00,173.10,4575,64125
20210212,11:32,173.10,175.00,171.65,174.40,1375,64775
20210212,11:33,173.05,173.05,169.20,170.15,2350,64775
20210212,11:34,169.80,170.60,164.30,170.05,2800,64775
20210212,11:35,170.20,177.45,169.75,176.10,7200,65525
20210212,11:36,175.80,175.80,169.25,170.65,5350,65525
20210212,11:37,170.20,170.20,164.85,166.95,3125,65525
20210212,11:38,166.15,167.00,160.70,163.00,9825,69625
20210212,11:39,163.05,163.05,154.30,155.35,10775,69625
20210212,11:40,155.00,160.75,155.00,159.50,4450,69625
20210212,11:41,159.10,160.05,157.60,157.60,3350,67700
20210212,11:42,157.50,158.45,155.30,157.55,1200,67700
20210212,11:43,158.45,162.00,158.25,160.15,2700,67700
20210212,11:44,159.90,160.45,155.00,155.40,2725,68000
20210212,11:45,154.55,159.25,153.60,159.25,2925,68000
20210212,11:46,159.55,160.85,156.85,160.60,1400,68000
20210212,11:47,161.80,164.85,160.80,162.70,6700,67825
20210212,11:48,164.00,164.00,160.45,161.85,2175,67825
20210212,11:49,161.65,161.80,155.75,156.65,3325,67825
20210212,11:50,157.80,157.80,154.00,154.20,1350,69600
20210212,11:51,154.45,156.00,153.35,154.50,3700,69600
20210212,11:52,152.35,152.50,150.00,151.90,4250,69600
20210212,11:53,152.05,152.05,145.00,147.00,4575,71250
20210212,11:54,147.95,150.45,147.25,149.05,2650,71250
20210212,11:55,150.70,153.90,150.70,151.05,2725,71250
20210212,11:56,151.15,153.45,150.00,153.40,2750,69800
20210212,11:57,152.50,152.50,147.05,147.35,7375,69800
20210212,11:58,146.70,147.70,143.00,145.20,2900,69800
20210212,11:59,145.35,146.65,141.10,143.55,4075,68100
20210212,12:00,142.80,147.35,142.65,145.15,5100,68100
20210212,12:01,146.30,150.00,146.30,148.65,3375,68100
20210212,12:02,148.60,148.60,145.70,147.45,3975,68925
20210212,12:03,147.60,150.50,147.60,148.25,2950,68925
20210212,12:04,147.50,147.50,144.35,145.30,1500,68925
20210212,12:05,145.60,147.50,143.60,145.20,3525,68925
20210212,12:06,143.55,146.15,143.55,144.25,675,71175
20210212,12:07,143.65,144.45,142.85,144.45,1100,71175
20210212,12:08,144.90,146.65,142.65,146.65,2275,71050
20210212,12:09,146.70,148.55,144.40,146.90,4125,71050
20210212,12:10,147.00,147.00,130.35,132.35,13175,71050
20210212,12:11,132.40,134.35,128.60,133.20,10125,66775
20210212,12:12,133.80,135.50,132.05,134.75,4875,66775
20210212,12:13,135.30,135.30,129.10,131.20,2250,66775
20210212,12:14,131.65,133.10,128.40,133.10,3750,66775
20210212,12:15,132.55,137.10,132.10,136.40,3650,66850
20210212,12:16,136.00,138.25,135.25,138.00,3225,66850
20210212,12:17,138.00,140.20,137.50,139.10,3025,66850
20210212,12:18,139.65,141.25,136.80,136.80,1850,64475
20210212,12:19,136.75,138.55,134.70,137.00,3375,64475
20210212,12:20,137.00,138.35,136.60,137.80,375,64475
20210212,12:21,137.50,137.70,134.35,134.80,1175,65225
20210212,12:22,134.80,135.45,131.65,132.40,675,65225
20210212,12:23,132.95,136.35,131.00,135.50,2550,65225
20210212,12:24,135.95,140.15,135.90,138.45,2775,65650
20210212,12:25,139.10,142.00,138.95,140.30,2550,65650
20210212,12:26,138.75,140.35,137.35,139.60,3450,65650
20210212,12:27,139.80,139.80,136.95,137.60,2250,66875
20210212,12:28,138.35,141.85,135.30,141.50,3150,66875
20210212,12:29,141.15,145.55,141.15,142.90,3475,66875
20210212,12:30,143.80,144.40,142.60,142.70,1100,66525
20210212,12:31,143.10,143.10,142.00,143.05,625,66525
20210212,12:32,143.55,144.00,142.55,144.00,575,66525
20210212,12:33,143.75,144.05,139.00,139.00,2700,67250
20210212,12:34,139.40,141.45,139.00,139.00,800,67250
20210212,12:35,139.50,139.50,136.00,138.00,675,67250
20210212,12:36,137.25,139.80,137.25,139.70,1275,69275
20210212,12:37,139.45,145.00,139.45,145.00,3450,69275
20210212,12:38,145.75,153.40,145.70,151.10,6450,69275
20210212,12:39,150.85,153.40,149.40,150.45,6500,69525
20210212,12:40,150.00,152.10,149.60,149.80,4850,69525
20210212,12:41,149.60,150.70,147.80,150.00,1900,69525
20210212,12:42,150.00,150.00,142.00,142.00,3525,69925
20210212,12:43,140.55,143.70,140.35,142.95,1975,69925
20210212,12:44,143.10,143.10,140.00,141.05,3900,69925
20210212,12:45,140.55,144.30,139.65,143.30,3825,74525
20210212,12:46,141.95,146.25,141.95,145.25,1350,74525
20210212,12:47,143.65,146.40,142.55,145.50,2550,74525
20210212,12:48,145.75,149.95,145.75,149.15,6500,71975
20210212,12:49,149.15,150.00,147.80,148.40,2725,71975
20210212,12:50,148.70,151.85,147.55,149.40,1725,71975
20210212,12:51,149.45,152.50,148.30,152.50,1875,70525
20210212,12:52,152.10,152.35,148.50,151.65,1600,70525
20210212,12:53,151.50,156.75,151.45,154.60,3375,70525
20210212,12:54,154.65,157.85,153.50,156.90,4700,70525
20210212,12:55,158.00,158.30,153.55,154.45,4825,70525
20210212,12:56,154.80,163.70,153.90,162.10,9400,70525
20210212,12:57,162.95,169.55,162.95,166.00,10000,73050
20210212,12:58,166.30,170.40,164.00,168.05,5250,73050
20210212,12:59,168.20,170.95,164.75,170.80,3475,73050
20210212,13:00,171.20,177.40,171.15,175.00,7525,71875
20210212,13:01,174.30,175.00,165.90,167.50,5000,71875
20210212,13:02,167.50,170.00,165.50,170.00,4725,71875
20210212,13:03,169.10,169.10,163.70,165.95,2275,71650
20210212,13:04,167.60,174.75,166.95,172.30,5375,71650
20210212,13:05,173.90,177.50,169.20,169.20,8575,71650
20210212,13:06,167.60,171.10,165.05,167.00,6075,73750
20210212,13:07,165.90,167.65,161.00,164.10,3950,73750
20210212,13:08,165.80,168.90,162.60,168.90,2550,73750
20210212,13:09,168.05,176.80,167.65,174.30,7075,72625
20210212,13:10,174.75,178.70,171.05,171.35,4850,72625
20210212,13:11,170.50,174.90,169.70,173.70,5150,72625
20210212,13:12,173.20,173.20,165.50,165.90,3625,73975
20210212,13:13,165.60,169.65,164.05,165.05,4050,73975
20210212,13:14,165.55,171.00,165.15,169.45,3375,73975
20210212,13:15,169.75,169.75,162.00,162.65,3700,73525
20210212,13:16,162.85,169.00,161.00,169.00,6150,73525
20210212,13:17,169.00,170.60,165.80,165.80,2200,73525
20210212,13:18,165.00,170.90,163.00,169.00,3900,75175
20210212,13:19,168.10,174.35,167.90,174.35,3750,75175
20210212,13:20,173.50,173.50,164.70,166.00,4000,75175
20210212,13:21,165.60,166.05,161.95,165.25,2650,75500
20210212,13:22,165.50,165.55,161.85,162.80,4175,75500
20210212,13:23,162.55,165.20,162.55,163.70,2850,75500
20210212,13:24,164.25,169.55,164.25,167.45,3425,74175
20210212,13:25,167.80,167.80,162.45,164.70,2225,74175
20210212,13:26,166.00,166.00,156.00,156.00,5225,74175
20210212,13:27,156.00,158.45,152.80,157.00,8800,74150
20210212,13:28,157.90,160.60,157.40,159.05,3275,74150
20210212,13:29,158.70,158.80,155.75,157.50,2725,74150
20210212,13:30,156.30,159.40,153.45,159.40,1875,73700
20210212,13:31,159.45,161.80,157.70,157.70,3200,73700
20210212,13:32,158.30,158.30,155.00,155.55,1450,73700
20210212,13:33,155.90,156.50,148.30,149.05,6775,74775
20210212,13:34,150.00,154.05,150.00,154.05,2700,74775
20210212,13:35,155.20,156.50,152.95,152.95,1850,74775
20210212,13:36,151.95,155.00,150.20,155.00,2850,76250
20210212,13:37,155.75,158.00,154.35,155.70,1475,76250
20210212,13:38,154.30,154.30,147.85,147.85,1600,76250
20210212,13:39,147.50,147.60,142.00,142.85,10300,75900
20210212,13:40,142.95,143.50,132.70,132.70,16050,75900
20210212,13:41,131.95,135.90,126.40,129.10,12525,75900
20210212,13:42,128.20,132.65,127.50,132.50,7625,73425
20210212,13:43,132.45,139.60,132.35,138.10,5750,73425
20210212,13:44,138.30,138.55,133.65,137.15,4075,73425
20210212,13:45,138.05,145.00,137.65,143.60,5450,73100
20210212,13:46,144.05,145.90,140.00,142.95,5500,73100
20210212,13:47,143.15,143.15,139.80,142.50,1925,73100
20210212,13:48,140.60,142.10,136.35,139.25,5625,74275
20210212,13:49,139.35,139.35,131.95,133.65,3675,74275
20210212,13:50,132.70,132.70,122.75,123.90,13900,74275
20210212,13:51,123.70,126.80,119.25,126.40,17675,76875
20210212,13:52,126.10,130.75,125.30,129.45,5275,76875
20210212,13:53,129.25,133.90,124.20,124.20,5575,76875
20210212,13:54,123.45,125.65,119.00,121.80,7475,77625
20210212,13:55,121.10,126.75,117.15,126.10,13100,77625
20210212,13:56,124.70,126.80,117.20,118.10,9350,77625
20210212,13:57,119.05,127.25,117.75,123.80,16150,80550
20210212,13:58,124.25,129.70,123.65,129.65,4225,80550
20210212,13:59,129.55,131.65,119.00,123.95,15675,80550
20210212,14:00,120.50,120.50,100.75,104.25,37175,88050
20210212,14:01,103.45,110.75,101.75,110.60,16675,88050
20210212,14:02,111.05,112.00,104.60,107.45,11325,88050
20210212,14:03,107.15,108.85,100.80,103.75,7100,82325
20210212,14:04,103.75,104.20,97.85,104.00,18000,82325
20210212,14:05,105.00,113.45,104.85,112.60,17450,82325
20210212,14:06,112.55,112.55,106.55,111.75,8500,90400
20210212,14:07,111.45,117.50,109.30,117.15,6800,90400
20210212,14:08,117.40,122.50,116.00,120.90,7000,90400
20210212,14:09,121.00,122.25,116.45,116.60,21150,92250
20210212,14:10,115.30,125.20,115.30,124.35,14225,92250
20210212,14:11,124.60,124.60,120.45,123.30,7300,92250
20210212,14:12,123.15,123.15,113.65,113.65,5925,94825
20210212,14:13,114.35,115.00,107.75,108.35,6050,94825
20210212,14:14,106.55,112.50,106.00,110.50,6675,94825
20210212,14:15,109.80,115.85,106.40,115.85,5250,103625
20210212,14:16,117.10,117.75,112.60,114.05,5550,103625
20210212,14:17,112.75,113.75,108.65,111.90,3575,103625
20210212,14:18,112.85,115.65,112.00,114.30,2350,104850
20210212,14:19,112.30,114.50,110.60,111.10,3875,104850
20210212,14:20,111.00,114.20,110.00,113.45,3650,104850
20210212,14:21,113.35,114.15,110.10,113.50,3025,103825
20210212,14:22,112.50,121.30,112.50,120.25,8600,103825
20210212,14:23,118.70,124.10,118.70,122.85,6250,103825
20210212,14:24,125.30,125.30,117.90,120.55,6550,104475
20210212,14:25,119.95,121.65,118.00,119.65,3100,104475
20210212,14:26,119.45,127.65,117.95,127.65,9300,104475
20210212,14:27,126.55,126.55,122.40,125.10,7100,104450
20210212,14:28,123.95,126.00,122.00,123.10,2950,104450
20210212,14:29,122.55,124.40,115.75,115.75,5600,104450
20210212,14:30,114.35,120.05,112.40,115.75,4825,103825
20210212,14:31,115.40,125.55,114.95,122.95,5750,103825
20210212,14:32,123.80,125.00,121.40,123.00,5200,103825
20210212,14:33,122.30,125.35,121.00,121.45,4700,107525
20210212,14:34,122.20,126.50,121.85,121.85,2475,107525
20210212,14:35,123.05,127.25,122.85,127.15,4025,107525
20210212,14:36,126.40,127.60,123.45,126.45,1625,107175
20210212,14:37,126.75,127.10,119.80,120.95,4100,107175
20210212,14:38,121.50,121.65,119.25,119.90,3975,107175
20210212,14:39,119.30,120.10,113.20,118.20,11475,106375
20210212,14:40,116.75,121.05,116.75,118.10,3925,106375
20210212,14:41,117.80,119.15,113.35,114.10,4800,106375
20210212,14:42,114.25,114.25,111.35,112.00,7825,108075
20210212,14:43,112.50,118.05,112.20,115.60,7275,108075
20210212,14:44,116.80,116.85,113.70,113.70,3925,108075
20210212,14:45,116.45,116.45,109.10,111.10,6600,105400
20210212,14:46,110.50,114.95,110.40,114.85,2200,105400
20210212,14:47,115.45,117.05,113.05,115.10,3350,105400
20210212,14:48,115.05,116.25,110.95,116.25,7300,108975
20210212,14:49,116.95,116.95,111.90,113.00,2375,108975
20210212,14:50,112.05,115.10,111.00,112.80,4350,108975
20210212,14:51,112.80,116.95,112.25,115.50,5500,107750
20210212,14:52,114.40,116.00,113.70,113.70,825,107750
20210212,14:53,115.50,116.05,113.40,115.25,825,107750
20210212,14:54,115.90,117.50,115.25,116.35,1500,108400
20210212,14:55,117.00,119.25,116.90,117.90,6550,108400
20210212,14:56,118.20,118.20,112.20,113.90,4650,108400
20210212,14:57,113.70,113.70,110.50,112.55,6525,109375
20210212,14:58,112.55,113.85,111.55,112.85,3150,109375
20210212,14:59,114.50,114.60,109.00,109.95,3125,109375
20210212,15:00,109.55,112.25,106.95,111.30,6950,107625
20210212,15:01,112.10,113.65,110.00,111.30,6800,107625
20210212,15:02,112.00,112.00,110.00,111.00,2350,107625
20210212,15:03,111.00,112.60,110.70,111.90,4175,109650
20210212,15:04,111.35,113.15,110.65,113.15,2775,109650
20210212,15:05,113.45,114.45,112.40,113.35,4225,109650
20210212,15:06,113.70,116.50,113.25,116.50,2600,106225
20210212,15:07,116.95,116.95,110.15,110.15,4925,106225
20210212,15:08,109.50,112.30,109.10,112.30,3600,106225
20210212,15:09,111.30,113.15,111.15,111.45,2050,106900
20210212,15:10,112.95,113.75,111.00,112.50,2600,106900
20210212,15:11,112.95,113.10,111.40,111.65,4225,106900
20210212,15:12,111.55,113.20,111.10,113.20,4150,107525
20210212,15:13,115.00,115.00,112.40,113.90,10450,107525
20210212,15:14,113.35,114.95,112.15,113.55,3600,107525
20210212,15:15,113.05,117.20,113.05,117.20,5025,106375
20210212,15:16,116.25,118.95,116.25,118.95,5225,106375
20210212,15:17,119.50,121.00,118.70,120.75,4550,106375
20210212,15:18,120.75,124.85,120.75,122.45,5000,103775
20210212,15:19,121.75,123.70,120.80,123.20,2575,103775
20210212,15:20,123.10,123.10,117.65,117.80,5275,103775
20210212,15:21,117.80,119.55,115.55,117.15,9000,102100
20210212,15:22,116.80,118.50,113.00,114.40,17000,102100
20210212,15:23,113.90,114.15,110.45,111.00,4500,102100
20210212,15:24,110.30,113.80,110.30,110.90,8175,96200
20210212,15:25,111.65,114.30,110.20,110.30,6125,96200
20210212,15:26,111.05,111.35,109.05,109.05,4175,96200
20210212,15:27,108.80,110.65,108.50,110.20,5225,97500
20210212,15:28,110.35,112.50,110.25,111.25,3000,97500
20210212,15:29,111.90,112.50,106.50,110.65,5350,97500
20210212,15:30,109.70,109.70,109.70,109.70,25,97500
20210215,09:15,151.70,213.10,137.50,213.10,52452,92150
20210215,09:16,213.40,213.40,190.00,191.40,31225,92150
20210215,09:17,194.85,202.65,190.25,196.80,23675,97600
20210215,09:18,195.85,196.00,187.80,188.55,35275,97600
20210215,09:19,188.00,207.75,187.20,206.40,21600,97600
20210215,09:20,206.05,231.90,204.95,227.45,60275,100350
20210215,09:21,225.90,256.95,222.00,254.70,53550,100350
20210215,09:22,255.25,263.05,244.20,254.00,50875,100350
20210215,09:23,253.90,264.00,251.15,264.00,25975,99000
20210215,09:24,262.80,277.95,255.00,275.10,38100,99000
20210215,09:25,278.45,300.00,278.00,278.00,58675,99000
20210215,09:26,277.45,285.20,269.70,273.00,36725,99325
20210215,09:27,273.55,274.55,265.60,270.25,31550,99325
20210215,09:28,269.55,283.95,263.15,283.95,26900,99325
20210215,09:29,283.10,298.05,275.00,295.50,36100,98825
20210215,09:30,294.50,306.80,281.40,293.35,61225,98825
20210215,09:31,293.10,299.15,283.05,288.05,32950,98825
20210215,09:32,286.95,286.95,270.75,274.60,25100,102125
20210215,09:33,272.80,283.45,271.55,274.75,13550,102125
20210215,09:34,275.05,275.80,260.55,261.45,23800,102125
20210215,09:35,259.60,265.80,252.20,265.80,26600,104675
20210215,09:36,262.85,272.00,262.85,267.90,14400,104675
20210215,09:37,267.50,268.75,250.25,254.10,13150,104675
20210215,09:38,253.50,265.00,252.05,258.55,10125,107400
20210215,09:39,258.85,263.25,257.70,263.25,6175,107400
20210215,09:40,260.45,265.65,254.80,263.95,7750,107400
20210215,09:41,263.80,274.55,263.25,264.90,9750,103700
20210215,09:42,264.00,269.75,256.95,266.00,7850,103700
20210215,09:43,263.80,266.20,253.10,261.45,8875,103700
20210215,09:44,260.70,260.70,248.85,253.90,10525,103950
20210215,09:45,254.10,258.35,242.75,244.75,13025,103950
20210215,09:46,244.00,251.25,240.65,245.65,12650,103950
20210215,09:47,244.30,244.30,235.10,241.45,19100,105425
20210215,09:48,242.65,247.65,240.40,243.35,14050,105425
20210215,09:49,243.55,245.30,234.15,234.15,10650,105425
20210215,09:50,231.05,247.85,231.05,247.20,13350,103525
20210215,09:51,245.00,251.35,243.80,250.00,7425,103525
20210215,09:52,249.70,255.45,242.85,252.80,13525,103525
20210215,09:53,251.40,252.85,245.55,248.70,13000,101325
20210215,09:54,251.55,252.45,245.35,245.95,4950,101325
20210215,09:55,243.00,248.35,237.30,237.40,8350,101325
20210215,09:56,239.20,248.00,239.15,247.60,7100,101550
20210215,09:57,248.00,249.10,243.50,245.35,7700,101550
20210215,09:58,243.95,247.15,241.00,245.05,5800,101550
20210215,09:59,244.85,247.00,236.95,237.75,9775,106500
20210215,10:00,240.65,243.65,233.40,233.75,10150,106500
20210215,10:01,233.45,237.95,230.00,237.50,8925,106500
20210215,10:02,236.05,236.25,227.20,233.45,6375,110650
20210215,10:03,232.60,234.40,224.55,226.85,6575,110650
20210215,10:04,226.30,234.75,226.15,234.75,5625,110650
20210215,10:05,234.55,234.55,225.30,229.95,7175,118475
20210215,10:06,229.95,229.95,222.20,223.80,6125,118475
20210215,10:07,223.00,223.05,214.95,222.65,24175,118475
20210215,10:08,223.30,228.20,222.35,222.35,7900,121050
20210215,10:09,222.30,224.05,214.95,219.25,8900,121050
20210215,10:10,219.65,228.15,217.10,228.15,9975,121050
20210215,10:11,228.15,230.00,223.45,230.00,9350,125475
20210215,10:12,230.25,233.60,227.80,233.30,10050,125475
20210215,10:13,233.60,240.75,231.90,238.80,8150,125475
20210215,10:14,238.60,245.00,237.05,239.55,10325,129950
20210215,10:15,240.40,248.80,238.40,241.80,17475,129950
20210215,10:16,242.70,244.80,239.65,239.65,8900,129950
20210215,10:17,239.65,242.70,239.00,242.00,7175,133975
20210215,10:18,240.75,243.55,237.55,238.00,7250,133975
20210215,10:19,237.30,240.10,231.80,235.55,6950,133975
20210215,10:20,236.15,237.45,228.25,231.00,10200,135125
20210215,10:21,230.40,235.55,228.65,232.55,9800,135125
20210215,10:22,233.65,238.55,229.55,238.55,6000,135125
20210215,10:23,236.80,239.00,236.35,238.00,4550,131600
20210215,10:24,237.75,239.75,234.65,238.60,4125,131600
20210215,10:25,238.30,238.30,232.15,237.60,2925,131600
20210215,10:26,236.90,240.00,235.00,239.00,5800,129450
20210215,10:27,239.15,240.90,235.45,236.70,3700,129450
20210215,10:28,237.15,237.40,233.20,233.25,3550,129450
20210215,10:29,232.00,232.70,229.00,229.75,3775,131925
20210215,10:30,229.60,229.60,223.40,225.40,6450,131925
20210215,10:31,226.00,232.65,224.85,231.65,4225,131925
20210215,10:32,231.20,232.80,228.20,229.05,2325,131725
20210215,10:33,227.95,233.00,227.00,232.60,4225,131725
20210215,10:34,231.90,237.45,230.40,237.45,5250,131725
20210215,10:35,236.05,239.40,234.35,238.95,7000,133475
20210215,10:36,238.50,239.55,231.00,231.00,4800,133475
20210215,10:37,231.45,237.95,230.00,236.80,4125,133475
20210215,10:38,237.50,240.50,236.75,238.80,10325,132825
20210215,10:39,240.10,240.10,233.90,235.90,6075,132825
20210215,10:40,236.45,240.65,234.80,239.40,4525,132825
20210215,10:41,239.50,239.50,232.50,235.30,5975,129150
20210215,10:42,235.05,240.60,235.00,237.20,10600,129150
20210215,10:43,238.45,239.80,236.25,236.25,2075,129150
20210215,10:44,237.45,239.25,235.75,239.25,5525,133450
20210215,10:45,238.20,239.25,233.75,234.90,3850,133450
20210215,10:46,234.00,238.10,233.40,234.70,2925,133450
20210215,10:47,233.70,234.50,230.70,230.85,4300,133300
20210215,10:48,229.85,239.00,229.00,238.40,4525,133300
20210215,10:49,238.05,255.45,238.05,253.05,28100,133300
20210215,10:50,252.15,260.15,251.25,255.20,24900,131500
20210215,10:51,255.45,263.40,255.05,256.10,18700,131500
20210215,10:52,255.95,258.95,250.00,250.85,11375,131500
20210215,10:53,250.50,253.90,248.65,251.05,8675,138100
20210215,10:54,249.65,253.95,249.50,251.15,7600,138100
20210215,10:55,251.10,253.50,250.05,252.90,5000,138100
20210215,10:56,251.85,252.75,243.05,245.05,11350,140550
20210215,10:57,244.50,246.55,244.00,246.00,6850,140550
20210215,10:58,246.00,252.70,246.00,248.45,4200,140550
20210215,10:59,246.85,251.70,246.85,251.50,3250,140100
20210215,11:00,250.00,253.45,245.45,246.50,6700,140100
20210215,11:01,247.40,247.60,241.10,246.65,6575,140100
20210215,11:02,247.45,248.00,243.20,245.05,10225,141800
20210215,11:03,245.00,246.05,242.85,245.95,5950,141800
20210215,11:04,244.80,245.65,238.35,243.05,7600,141800
20210215,11:05,243.45,245.40,240.00,242.30,7475,144050
20210215,11:06,242.45,249.20,242.45,247.05,9375,144050
20210215,11:07,248.15,249.40,246.90,246.90,2175,144050
20210215,11:08,247.10,249.00,246.05,248.55,3950,144050
20210215,11:09,250.00,251.15,247.40,249.70,3300,144050
20210215,11:10,249.60,251.00,247.30,249.30,5600,144050
20210215,11:11,249.85,259.65,249.70,259.60,12625,141150
20210215,11:12,259.25,270.00,255.65,267.20,27025,141150
20210215,11:13,268.55,269.95,262.60,268.80,17300,141150
20210215,11:14,267.50,278.90,266.35,276.95,34525,137000
20210215,11:15,276.15,279.55,262.30,267.75,31700,137000
20210215,11:16,267.00,267.95,263.30,265.00,6725,137000
20210215,11:17,265.60,268.60,260.60,260.60,9800,130275
20210215,11:18,260.00,262.30,256.00,257.80,21850,130275
20210215,11:19,257.70,263.65,257.50,263.25,5000,130275
20210215,11:20,265.00,267.65,259.10,260.95,10100,133125
20210215,11:21,260.80,261.00,252.85,258.80,12850,133125
20210215,11:22,258.10,259.60,251.00,253.45,5625,133125
20210215,11:23,252.85,259.35,252.85,255.70,3000,136000
20210215,11:24,255.00,260.90,253.90,260.90,5750,136000
20210215,11:25,260.55,262.40,255.35,260.45,6100,136000
20210215,11:26,258.75,260.60,257.60,260.40,3650,139900
20210215,11:27,259.85,265.95,258.75,264.65,13225,139900
20210215,11:28,263.05,269.40,262.20,267.60,5675,139900
20210215,11:29,266.40,268.40,263.10,267.00,5350,136200
20210215,11:30,267.00,279.25,264.00,274.50,25625,136200
20210215,11:31,273.70,280.00,273.70,273.85,11125,136200
20210215,11:32,274.50,275.05,268.35,274.25,6875,132450
20210215,11:33,273.10,290.75,273.05,287.00,32325,132450
20210215,11:34,287.40,289.65,280.00,280.80,19775,132450
20210215,11:35,280.35,287.65,275.20,278.75,17925,134275
20210215,11:36,280.00,285.90,278.80,280.75,13350,134275
20210215,11:37,281.15,281.35,276.70,277.25,7875,134275
20210215,11:38,278.50,278.50,270.00,274.80,10250,138325
20210215,11:39,273.30,275.90,271.95,275.90,6000,138325
20210215,11:40,274.80,280.00,274.80,275.10,5575,138325
20210215,11:41,275.60,283.70,275.25,277.25,7950,133550
20210215,11:42,276.10,278.30,273.00,273.80,2675,133550
20210215,11:43,272.25,274.20,270.70,273.45,4300,133550
20210215,11:44,273.95,274.90,271.00,271.55,1975,131125
20210215,11:45,270.70,270.70,258.40,258.40,25275,131125
20210215,11:46,260.10,268.60,258.40,264.35,6750,131125
20210215,11:47,264.80,267.80,263.40,264.80,2550,134375
20210215,11:48,264.85,268.00,262.70,264.20,5000,134375
20210215,11:49,264.95,265.00,262.05,263.05,5575,134375
20210215,11:50,260.45,260.45,248.30,249.95,20725,132575
20210215,11:51,249.30,254.75,247.40,254.20,5150,132575
20210215,11:52,253.40,259.15,253.40,258.20,3875,132575
20210215,11:53,256.80,258.00,251.10,255.00,5125,132025
20210215,11:54,254.10,259.00,254.00,257.70,2675,132025
20210215,11:55,256.00,257.00,251.25,255.00,2750,132025
20210215,11:56,254.70,264.80,254.50,262.90,6150,131750
20210215,11:57,262.50,263.50,260.15,260.40,3650,131750
20210215,11:58,260.45,266.15,259.00,261.10,8800,131750
20210215,11:59,261.70,265.05,259.35,262.50,4050,131750
20210215,12:00,260.80,265.55,259.00,260.30,5250,132725
20210215,12:01,261.45,261.45,250.10,250.10,6750,132725
20210215,12:02,251.00,254.40,248.10,252.05,9050,132725
20210215,12:03,252.05,253.00,243.10,248.05,11950,134500
20210215,12:04,249.10,249.65,245.40,245.55,4825,134500
20210215,12:05,246.05,251.40,243.70,249.85,9875,134500
20210215,12:06,251.50,251.95,247.90,248.70,8475,136450
20210215,12:07,250.00,254.20,247.80,248.90,4900,136450
20210215,12:08,249.35,249.45,244.55,245.45,4750,136450
20210215,12:09,244.55,248.65,244.55,248.00,4450,137100
20210215,12:10,248.10,253.00,248.10,250.80,5650,137100
20210215,12:11,249.65,252.80,248.20,249.95,2500,137100
20210215,12:12,250.25,252.70,247.75,251.30,2800,138000
20210215,12:13,251.00,255.90,251.00,255.90,9100,138000
20210215,12:14,256.00,260.00,254.70,258.35,8025,138000
20210215,12:15,257.95,262.00,256.55,259.20,7725,134850
20210215,12:16,259.70,259.70,250.00,250.35,6225,134850
20210215,12:17,251.30,254.00,249.55,252.05,3225,134850
20210215,12:18,251.45,253.50,248.30,252.45,5350,137300
20210215,12:19,252.40,252.40,246.30,246.50,3675,137300
20210215,12:20,246.70,253.60,246.15,249.85,6225,137300
20210215,12:21,249.45,255.65,249.35,253.50,5300,139100
20210215,12:22,252.65,255.30,252.65,253.35,1750,139100
20210215,12:23,253.95,258.00,252.00,254.70,4800,139100
20210215,12:24,253.70,258.90,252.95,258.25,4425,136675
20210215,12:25,256.80,262.00,255.95,261.55,7100,136675
20210215,12:26,261.50,273.50,261.00,270.60,21325,136675
20210215,12:27,271.05,279.00,269.95,273.45,25250,136750
20210215,12:28,274.95,290.95,274.95,290.95,23675,136750
20210215,12:29,291.85,292.65,286.70,291.00,24800,136750
20210215,12:30,292.65,293.15,280.85,284.30,22175,130675
20210215,12:31,283.50,288.90,283.50,286.70,11850,130675
20210215,12:32,285.50,291.35,283.00,291.05,8750,130675
20210215,12:33,292.00,297.75,288.65,294.75,18925,126600
20210215,12:34,293.40,313.15,293.40,310.90,52500,126600
20210215,12:35,309.15,309.15,297.45,298.60,27300,126600
20210215,12:36,298.20,300.95,292.90,292.90,17125,119625
20210215,12:37,293.05,304.80,292.85,304.80,14650,119625
20210215,12:38,305.00,305.95,302.00,303.75,13650,119625
20210215,12:39,303.80,331.60,303.40,331.60,52500,119350
20210215,12:40,325.90,350.00,325.90,343.65,59875,119350
20210215,12:41,344.95,348.55,335.00,340.00,27100,119350
20210215,12:42,339.80,343.75,325.55,338.80,24875,104050
20210215,12:43,338.65,343.65,336.05,341.35,13725,104050
20210215,12:44,342.10,345.85,332.35,332.55,13775,104050
20210215,12:45,333.80,344.05,333.80,340.35,11175,106975
20210215,12:46,340.65,346.00,330.00,336.95,17325,106975
20210215,12:47,336.00,336.15,326.95,332.60,8875,106975
20210215,12:48,331.40,334.65,325.70,330.10,7200,108800
20210215,12:49,328.85,329.50,318.50,325.60,19275,108800
20210215,12:50,326.30,327.25,315.00,321.40,11750,108800
20210215,12:51,321.05,332.55,320.00,332.00,10025,108025
20210215,12:52,332.00,333.00,326.70,327.75,9275,108025
20210215,12:53,329.05,332.00,326.15,326.15,6350,108025
20210215,12:54,327.75,330.00,323.30,328.55,6475,107325
20210215,12:55,329.60,332.70,326.55,329.50,6975,107325
20210215,12:56,327.95,330.50,324.55,330.50,7375,107325
20210215,12:57,329.45,342.95,329.45,337.50,17250,105175
20210215,12:58,338.25,342.65,336.80,339.90,6950,105175
20210215,12:59,340.00,340.00,330.00,335.95,10400,105175
20210215,13:00,335.30,364.00,335.30,364.00,25525,107050
20210215,13:01,361.10,381.10,356.05,368.85,49625,107050
20210215,13:02,368.55,377.40,366.90,368.00,18725,107050
20210215,13:03,368.00,387.35,368.00,383.65,24775,99575
20210215,13:04,384.75,384.90,368.85,369.70,22075,99575
20210215,13:05,370.10,378.90,367.45,374.35,19200,99575
20210215,13:06,372.00,379.20,368.00,369.50,13100,109775
20210215,13:07,368.50,383.60,368.15,383.60,14400,109775
20210215,13:08,376.85,393.80,376.45,378.00,32550,109775
20210215,13:09,378.75,387.80,378.35,382.45,13125,121000
20210215,13:10,382.30,384.90,379.05,380.75,13925,121000
20210215,13:11,379.95,381.65,370.00,380.20,21800,121000
20210215,13:12,380.25,384.65,363.95,363.95,15950,127575
20210215,13:13,367.15,373.65,365.55,370.55,7925,127575
20210215,13:14,370.50,377.00,370.00,372.65,6125,127575
20210215,13:15,371.00,371.30,355.75,359.65,25850,132275
20210215,13:16,360.65,366.80,356.85,361.55,9650,132275
20210215,13:17,361.40,366.80,361.40,365.00,4500,132275
20210215,13:18,364.55,370.95,361.00,361.30,8400,133200
20210215,13:19,361.95,370.45,359.90,359.90,8500,133200
20210215,13:20,357.55,365.15,357.55,364.40,5950,133200
20210215,13:21,365.00,370.00,364.00,365.00,4975,137125
20210215,13:22,366.55,371.70,363.95,364.40,10525,137125
20210215,13:23,366.50,366.50,355.00,355.10,9450,137125
20210215,13:24,355.80,361.15,352.85,354.65,6075,139225
20210215,13:25,355.55,363.60,355.10,363.45,7000,139225
20210215,13:26,365.00,368.05,359.25,359.25,4925,139225
20210215,13:27,355.75,357.50,334.55,335.85,27275,137850
20210215,13:28,337.25,347.20,335.70,343.60,17950,137850
20210215,13:29,343.95,345.85,334.55,339.70,12125,137850
20210215,13:30,339.10,345.00,323.70,325.40,31025,142175
20210215,13:31,327.65,335.00,327.65,333.70,16075,142175
20210215,13:32,334.80,337.70,324.35,328.75,7525,142175
20210215,13:33,328.00,333.60,318.60,332.05,14025,148425
20210215,13:34,330.75,347.35,330.35,344.35,9975,148425
20210215,13:35,345.50,394.80,344.00,394.80,61875,148425
20210215,13:36,386.35,396.55,381.10,384.20,39125,146875
20210215,13:37,383.55,383.90,376.00,379.30,20925,146875
20210215,13:38,379.55,380.30,372.55,380.30,12325,146875
20210215,13:39,380.50,382.50,373.15,373.50,10950,161850
20210215,13:40,373.95,373.95,356.20,360.50,22275,161850
20210215,13:41,362.00,367.45,359.75,366.10,6650,161850
20210215,13:42,366.45,366.45,352.25,362.40,14300,159350
20210215,13:43,361.60,369.00,357.20,360.80,14075,159350
20210215,13:44,362.20,362.20,350.70,353.75,12425,159350
20210215,13:45,356.10,361.15,345.65,359.55,10600,162375
20210215,13:46,358.00,367.00,357.05,366.25,9725,162375
20210215,13:47,366.95,377.90,365.80,365.80,17125,162375
20210215,13:48,365.45,367.35,357.75,360.90,11275,167575
20210215,13:49,363.10,368.80,359.40,367.80,4850,167575
20210215,13:50,366.95,375.70,363.90,375.70,8775,167575
20210215,13:51,374.60,376.85,366.00,366.00,13900,166500
20210215,13:52,365.75,377.40,365.75,372.05,8650,166500
20210215,13:53,375.75,378.20,368.05,368.05,11475,166500
20210215,13:54,364.25,366.25,353.75,365.00,19600,174525
20210215,13:55,366.00,374.00,366.00,371.90,13575,174525
20210215,13:56,372.00,382.00,362.65,362.65,25850,174525
20210215,13:57,360.00,366.55,359.60,362.00,11400,175825
20210215,13:58,361.75,364.50,355.00,363.30,8525,175825
20210215,13:59,364.40,369.75,363.80,367.40,8825,175825
20210215,14:00,367.90,372.55,362.15,364.30,10125,174125
20210215,14:01,361.05,364.60,357.60,362.65,8725,174125
20210215,14:02,362.50,371.15,362.50,368.00,12900,174125
20210215,14:03,366.65,369.45,362.25,363.40,5650,173400
20210215,14:04,366.10,368.95,363.00,368.00,7625,173400
20210215,14:05,368.00,370.20,357.90,362.25,12825,173400
20210215,14:06,364.15,377.95,363.80,374.85,14300,172775
20210215,14:07,375.00,413.95,375.00,410.95,92725,172775
20210215,14:08,411.35,411.35,402.25,409.10,40850,172775
20210215,14:09,410.70,441.65,410.70,430.35,85775,163525
20210215,14:10,434.75,438.90,420.70,435.95,59075,163525
20210215,14:11,435.60,456.30,432.75,437.75,53175,163525
20210215,14:12,436.00,443.90,420.00,421.75,32700,154200
20210215,14:13,422.95,427.65,408.20,411.35,31650,154200
20210215,14:14,409.40,426.00,408.60,424.65,23025,154200
20210215,14:15,424.50,425.70,395.25,395.95,30825,155375
20210215,14:16,394.70,396.65,378.50,395.00,40625,155375
20210215,14:17,396.65,399.00,380.05,385.50,23750,155375
20210215,14:18,387.25,402.45,385.75,394.50,29650,166050
20210215,14:19,394.50,395.00,382.15,391.00,12150,166050
20210215,14:20,392.85,395.00,377.50,381.75,18325,166050
20210215,14:21,382.85,423.05,372.95,421.90,53675,174350
20210215,14:22,417.90,437.35,417.50,426.60,60025,174350
20210215,14:23,425.75,426.05,414.45,423.65,26550,174350
20210215,14:24,425.00,428.95,417.05,420.40,19225,174400
20210215,14:25,420.15,424.25,404.70,411.05,24775,174400
20210215,14:26,410.95,411.00,399.00,399.25,22750,174400
20210215,14:27,400.45,409.95,398.75,407.75,15225,179950
20210215,14:28,408.75,418.80,408.15,411.05,18125,179950
20210215,14:29,412.20,412.20,401.50,408.35,15775,179950
20210215,14:30,407.50,407.65,398.00,399.50,14725,184175
20210215,14:31,400.00,410.00,400.00,401.45,8900,184175
20210215,14:32,401.35,408.00,396.50,406.60,17300,184175
20210215,14:33,406.10,426.40,406.10,423.40,39350,193975
20210215,14:34,422.75,423.80,410.55,413.45,19450,193975
20210215,14:35,413.80,418.95,406.85,410.45,16450,193975
20210215,14:36,411.45,421.70,410.85,419.30,16750,188525
20210215,14:37,413.95,421.55,413.95,413.95,13275,188525
20210215,14:38,412.40,418.00,409.10,418.00,7600,188525
20210215,14:39,417.70,425.40,415.00,418.05,20925,196600
20210215,14:40,419.00,442.45,418.85,442.20,41600,196600
20210215,14:41,442.45,448.95,433.00,434.80,41700,196600
20210215,14:42,435.55,468.80,429.55,468.80,59625,186800
20210215,14:43,466.60,479.00,463.90,476.90,58700,186800
20210215,14:44,477.55,489.45,468.80,486.60,34875,186800
20210215,14:45,485.95,485.95,459.80,460.40,40075,173825
20210215,14:46,462.15,466.70,450.75,462.00,23100,173825
20210215,14:47,459.85,460.35,437.85,445.95,25000,173825
20210215,14:48,444.75,451.15,440.10,445.20,16325,169300
20210215,14:49,446.30,461.75,446.30,461.00,21500,169300
20210215,14:50,460.95,466.35,460.00,463.40,19350,169300
20210215,14:51,462.00,462.15,455.80,455.80,10700,165375
20210215,14:52,458.40,464.40,450.05,450.05,13125,165375
20210215,14:53,450.35,457.15,448.35,451.60,8900,165375
20210215,14:54,452.85,497.15,452.50,488.00,51575,163300
20210215,14:55,486.30,488.00,470.05,471.00,18550,163300
20210215,14:56,472.40,482.15,467.30,476.50,13600,163300
20210215,14:57,475.95,485.00,474.30,477.65,18175,156175
20210215,14:58,476.25,483.70,474.00,480.50,13725,156175
20210215,14:59,481.45,482.80,468.65,468.65,8625,156175
20210215,15:00,470.05,482.40,462.60,480.05,22500,156175
20210215,15:01,481.55,484.15,477.00,477.00,9125,156175
20210215,15:02,474.70,478.40,465.85,466.65,15850,156175
20210215,15:03,468.90,468.90,450.35,462.95,20075,155750
20210215,15:04,465.10,477.55,463.70,477.55,12175,155750
20210215,15:05,478.30,498.00,473.45,489.05,45675,155750
20210215,15:06,489.05,496.75,481.60,496.75,20825,155350
20210215,15:07,497.00,515.00,493.30,508.40,39725,155350
20210215,15:08,509.40,509.40,493.30,498.05,24075,155350
20210215,15:09,496.35,517.05,496.35,507.00,22425,146375
20210215,15:10,507.40,536.65,507.40,533.50,30225,146375
20210215,15:11,536.60,553.90,528.85,551.30,26300,146375
20210215,15:12,549.40,576.00,549.40,557.90,37325,125825
20210215,15:13,557.20,562.15,547.80,560.80,14400,125825
20210215,15:14,561.75,576.90,561.60,573.40,21275,125825
20210215,15:15,572.25,572.25,558.35,560.25,11175,122125
20210215,15:16,557.85,559.30,550.05,550.15,8125,122125
20210215,15:17,552.35,583.95,550.45,579.30,13050,122125
20210215,15:18,582.00,607.70,581.30,598.15,16100,113725
20210215,15:19,597.40,638.75,597.40,638.75,15250,113725
20210215,15:20,640.00,668.35,639.35,646.50,20025,113725
20210215,15:21,643.45,678.50,641.65,652.40,18550,106625
20210215,15:22,654.50,668.05,649.55,666.45,18450,106625
20210215,15:23,669.05,676.90,661.15,676.90,15625,106625
20210215,15:24,675.00,675.65,653.15,654.65,9350,100175
20210215,15:25,651.25,689.10,647.15,678.60,24875,100175
20210215,15:26,680.30,682.65,678.05,678.80,8575,100175
20210215,15:27,681.45,693.10,680.80,693.10,9200,95400
20210215,15:28,693.35,695.45,681.70,685.90,24600,95400
20210215,15:29,688.50,710.00,685.45,704.05,14200,95400
20210215,15:30,714.95,714.95,714.95,714.95,25,95400
20210216,09:15,711.80,853.65,711.80,766.55,33276,93750
20210216,09:16,754.25,829.95,754.25,819.95,20075,93750
20210216,09:17,820.00,834.70,801.30,801.30,15475,96825
20210216,09:18,798.15,820.00,788.20,810.00,11575,96825
20210216,09:19,812.05,830.90,811.40,818.00,5225,96825
20210216,09:20,817.65,829.95,811.15,822.60,5900,92675
20210216,09:21,822.60,826.00,798.70,801.00,4700,92675
20210216,09:22,790.00,792.90,742.70,779.50,10150,92675
20210216,09:23,769.55,795.05,768.00,789.70,6500,89350
20210216,09:24,785.05,814.20,777.90,814.20,1850,89350
20210216,09:25,815.65,826.75,797.15,803.65,6075,89350
20210216,09:26,787.00,797.30,775.00,795.80,3750,88950
20210216,09:27,799.75,826.20,793.05,826.20,1550,88950
20210216,09:28,820.00,837.50,816.15,820.50,5300,88950
20210216,09:29,818.90,831.00,805.50,817.60,2750,87150
20210216,09:30,814.00,820.00,791.95,798.75,4700,87150
20210216,09:31,790.00,812.40,790.00,797.45,1450,87150
20210216,09:32,810.00,825.00,803.15,817.60,1400,88775
20210216,09:33,810.00,811.80,795.25,810.00,975,88775
20210216,09:34,800.00,803.30,790.00,794.00,1000,88775
20210216,09:35,789.75,800.00,776.50,800.00,1600,86950
20210216,09:36,801.40,808.75,790.00,790.00,850,86950
20210216,09:37,788.40,801.95,788.40,801.95,550,86950
20210216,09:38,796.80,796.80,782.55,790.00,1050,87150
20210216,09:39,785.30,785.30,770.70,771.75,775,87150
20210216,09:40,771.80,791.00,771.80,780.00,775,87150
20210216,09:41,783.30,797.95,780.00,797.95,975,86875
20210216,09:42,794.25,794.25,785.40,785.40,250,86875
20210216,09:43,780.30,784.15,775.15,775.15,325,86875
20210216,09:44,783.05,790.30,770.00,777.00,1625,86375
20210216,09:45,779.05,779.05,751.40,761.00,1600,86375
20210216,09:46,765.25,792.75,765.25,782.40,1325,86375
20210216,09:47,782.90,784.35,774.00,774.00,3175,86575
20210216,09:48,768.05,769.55,754.00,754.00,950,86575
20210216,09:49,751.20,754.95,705.00,705.00,4150,86575
20210216,09:50,705.00,705.00,666.95,684.30,3450,86425
20210216,09:51,680.05,680.05,617.10,638.60,8025,86425
20210216,09:52,639.30,646.90,578.20,614.25,11825,86425
20210216,09:53,608.70,611.75,577.25,602.65,4400,85850
20210216,09:54,591.10,591.10,540.00,548.25,8475,85850
20210216,09:55,562.75,617.30,558.75,609.10,6400,85850
20210216,09:56,600.00,621.70,595.95,606.80,4675,84925
20210216,09:57,610.55,620.00,609.95,614.65,3300,84925
20210216,09:58,618.90,618.90,590.80,592.55,3075,84925
20210216,09:59,595.50,595.50,558.70,558.70,2350,86225
20210216,10:00,555.65,557.75,505.50,557.75,20675,86225
20210216,10:01,560.00,561.70,523.60,524.70,6725,86225
20210216,10:02,532.00,545.30,518.00,541.75,4250,86075
20210216,10:03,535.75,547.80,523.15,547.80,3425,86075
20210216,10:04,544.25,564.25,539.85,564.25,3825,86075
20210216,10:05,561.85,612.80,557.80,606.85,4900,84525
20210216,10:06,599.35,603.60,561.45,562.95,3675,84525
20210216,10:07,560.00,575.80,555.10,566.70,750,84525
20210216,10:08,567.45,579.95,563.40,565.00,1225,83225
20210216,10:09,560.00,570.00,560.00,570.00,325,83225
20210216,10:10,571.20,588.25,565.70,580.00,675,83225
20210216,10:11,584.65,586.65,564.65,567.80,1875,86075
20210216,10:12,566.45,575.50,543.55,544.85,1875,86075
20210216,10:13,537.25,545.00,525.70,543.30,3025,86075
20210216,10:14,545.00,557.00,545.00,557.00,1200,81850
20210216,10:15,555.00,556.05,542.45,554.20,1900,81850
20210216,10:16,552.95,569.85,551.00,554.30,3475,81850
20210216,10:17,555.55,561.95,542.85,549.10,1825,82900
20210216,10:18,552.85,560.00,545.00,548.90,1325,82900
20210216,10:19,547.80,547.80,522.40,526.20,4275,82900
20210216,10:20,527.90,545.00,519.05,545.00,3425,83350
20210216,10:21,551.10,552.25,523.00,528.00,1850,83350
20210216,10:22,527.80,540.75,524.65,534.40,1550,83350
20210216,10:23,529.95,529.95,519.90,529.00,3900,83275
20210216,10:24,531.10,545.00,526.50,545.00,2550,83275
20210216,10:25,535.45,550.00,535.25,540.00,1675,83275
20210216,10:26,540.00,553.60,534.60,552.95,1725,83450
20210216,10:27,546.90,559.00,544.80,557.15,2825,83450
20210216,10:28,558.70,558.70,543.00,547.00,900,83450
20210216,10:29,547.40,555.70,545.00,545.95,1450,83350
20210216,10:30,545.00,566.80,539.75,561.80,1650,83350
20210216,10:31,563.75,568.15,530.20,531.00,3775,83350
20210216,10:32,534.75,539.65,531.70,531.70,775,81925
20210216,10:33,531.15,542.60,531.15,538.70,700,81925
20210216,10:34,542.65,550.00,540.60,550.00,3250,81925
20210216,10:35,552.00,554.10,543.20,548.65,925,82100
20210216,10:36,548.75,566.80,545.45,564.50,2700,82100
20210216,10:37,565.05,607.10,565.05,599.90,7975,82100
20210216,10:38,602.45,643.45,597.65,618.25,8525,82975
20210216,10:39,622.00,628.15,607.55,628.15,4700,82975
20210216,10:40,625.00,635.00,613.90,613.90,7125,82975
20210216,10:41,614.30,616.05,593.00,608.85,2300,82275
20210216,10:42,605.65,619.00,597.65,601.60,1850,82275
20210216,10:43,603.10,604.50,596.00,600.00,1025,82275
20210216,10:44,600.00,620.00,600.00,620.00,2025,82975
20210216,10:45,621.60,653.70,621.60,643.70,2950,82975
20210216,10:46,640.25,644.90,625.30,640.35,1650,82975
20210216,10:47,634.50,637.90,620.65,620.65,925,83000
20210216,10:48,616.40,625.30,612.50,624.60,2350,83000
20210216,10:49,620.00,625.00,616.45,625.00,625,83000
20210216,10:50,621.20,625.70,616.00,625.70,800,83250
20210216,10:51,628.00,628.00,597.85,600.00,3950,83250
20210216,10:52,601.55,601.55,556.85,556.85,4600,83250
20210216,10:53,564.70,580.80,563.45,580.80,1250,86575
20210216,10:54,580.95,581.00,544.45,550.00,2350,86575
20210216,10:55,549.95,562.65,530.00,538.35,7150,86575
20210216,10:56,526.80,538.35,504.35,504.35,7950,85650
20210216,10:57,500.70,528.45,500.00,528.45,4250,85650
20210216,10:58,528.75,545.15,521.20,544.00,1850,85650
20210216,10:59,541.85,554.25,539.50,544.85,5650,85300
20210216,11:00,545.55,553.00,537.60,541.00,1925,85300
20210216,11:01,536.00,542.85,536.00,537.30,1800,85300
20210216,11:02,537.85,560.55,537.85,560.15,1450,88600
20210216,11:03,561.90,575.00,556.45,560.20,8375,88600
20210216,11:04,551.00,553.30,540.00,542.95,1150,88600
20210216,11:05,545.65,566.10,545.65,563.85,1175,89775
20210216,11:06,559.20,564.95,538.05,538.05,1925,89775
20210216,11:07,543.80,546.30,538.00,539.65,950,89775
20210216,11:08,542.00,550.00,533.95,544.90,1350,92350
20210216,11:09,542.95,551.25,538.00,547.35,1375,92350
20210216,11:10,538.00,540.70,530.00,533.55,1100,92350
20210216,11:11,536.20,547.85,536.20,547.00,1925,92475
20210216,11:12,550.00,550.00,530.65,533.75,325,92475
20210216,11:13,534.60,534.60,517.00,525.70,3075,92475
20210216,11:14,526.50,531.90,524.85,531.90,950,90875
20210216,11:15,520.60,520.60,495.00,508.95,5575,90875
20210216,11:16,511.00,520.90,499.25,505.10,1950,90875
20210216,11:17,507.00,529.40,507.00,520.60,2950,91425
20210216,11:18,526.15,543.75,526.15,533.80,2200,91425
20210216,11:19,526.25,526.25,503.50,503.50,1000,91425
20210216,11:20,508.35,518.70,493.35,513.25,3250,93200
20210216,11:21,510.00,510.00,474.00,492.65,13150,93200
20210216,11:22,487.10,500.00,480.00,490.00,6450,93200
20210216,11:23,488.75,491.35,478.55,487.20,9925,92275
20210216,11:24,482.90,496.55,480.55,495.45,10125,92275
20210216,11:25,495.50,500.60,472.55,472.55,5825,92275
20210216,11:26,471.00,478.95,450.20,458.70,15100,89975
20210216,11:27,459.45,463.95,438.05,461.20,13575,89975
20210216,11:28,463.75,471.45,457.50,464.60,6225,89975
20210216,11:29,459.70,463.90,455.30,460.40,4000,90850
20210216,11:30,460.40,460.40,427.85,444.55,18350,90850
20210216,11:31,443.65,463.00,441.25,462.75,13275,90850
20210216,11:32,462.60,491.00,462.60,488.90,18150,97325
20210216,11:33,490.95,508.20,488.45,493.70,20725,97325
20210216,11:34,495.00,501.00,476.05,483.80,11850,97325
20210216,11:35,485.00,490.00,464.00,469.20,8525,99775
20210216,11:36,467.45,476.95,459.10,465.00,17150,99775
20210216,11:37,465.65,485.45,465.35,485.45,6725,99775
20210216,11:38,482.60,498.50,480.20,488.20,12575,103575
20210216,11:39,485.15,499.00,479.90,480.35,8025,103575
20210216,11:40,478.70,495.95,478.70,491.55,5300,103575
20210216,11:41,491.85,491.85,476.20,489.15,4300,109200
20210216,11:42,492.45,496.75,479.75,486.60,3300,109200
20210216,11:43,489.40,500.05,488.00,500.05,3900,109200
20210216,11:44,498.60,507.20,491.10,492.30,6250,108350
20210216,11:45,498.25,522.30,495.65,497.70,12625,108350
20210216,11:46,500.10,506.40,498.05,505.00,3675,108350
20210216,11:47,504.55,507.00,490.00,490.75,4100,109725
20210216,11:48,487.10,490.90,468.05,469.60,8550,109725
20210216,11:49,467.50,470.00,459.15,462.95,4775,109725
20210216,11:50,458.80,465.15,450.00,456.35,6275,106325
20210216,11:51,456.10,463.80,450.35,453.75,6300,106325
20210216,11:52,451.85,462.45,449.00,462.45,6675,106325
20210216,11:53,461.55,465.40,451.60,454.95,4800,106325
20210216,11:54,458.85,458.85,435.25,435.25,12775,108600
20210216,11:55,438.70,448.70,427.60,448.70,18025,108600
20210216,11:56,448.05,457.80,444.20,451.90,14650,118725
20210216,11:57,453.60,458.35,448.65,453.35,8275,118725
20210216,11:58,452.70,455.15,432.50,441.75,9450,118725
20210216,11:59,442.15,467.00,440.10,463.40,15025,122175
20210216,12:00,462.20,476.75,461.40,476.75,12325,122175
20210216,12:01,475.60,475.60,465.85,467.35,8725,122175
20210216,12:02,463.00,469.75,461.95,467.95,7500,122700
20210216,12:03,468.00,480.00,464.80,474.30,13350,122700
20210216,12:04,475.05,481.05,469.50,480.70,4500,122700
20210216,12:05,476.35,489.10,474.90,481.50,9700,120925
20210216,12:06,482.85,482.85,460.00,470.40,7050,120925
20210216,12:07,472.00,479.70,464.30,466.45,5550,120925
20210216,12:08,464.70,467.40,453.10,459.20,7275,121125
20210216,12:09,458.75,464.00,454.15,464.00,4625,121125
20210216,12:10,463.50,467.55,444.80,452.25,7800,121125
20210216,12:11,450.00,462.30,447.50,462.05,4150,122475
20210216,12:12,462.10,468.55,457.75,457.75,6100,122475
20210216,12:13,460.00,460.75,450.50,457.85,3850,122475
20210216,12:14,457.45,461.00,451.00,451.00,2275,122475
20210216,12:15,453.65,460.40,440.50,442.00,7500,122025
20210216,12:16,441.85,448.45,433.50,444.55,6775,122025
20210216,12:17,445.80,452.45,443.20,450.00,7350,122025
20210216,12:18,451.95,473.00,451.95,472.50,32875,128025
20210216,12:19,471.65,477.55,468.30,471.00,10500,128025
20210216,12:20,470.00,472.15,461.60,472.15,9925,128025
20210216,12:21,470.00,477.85,468.70,468.70,8175,137250
20210216,12:22,470.00,470.00,449.70,453.50,6150,137250
20210216,12:23,452.05,455.75,439.25,448.00,40675,137250
20210216,12:24,449.75,457.05,443.20,454.20,9850,128875
20210216,12:25,449.00,454.00,440.00,448.15,7425,128875
20210216,12:26,448.10,457.95,448.10,452.85,5550,128875
20210216,12:27,453.75,453.75,441.65,450.65,5200,131575
20210216,12:28,450.05,454.00,442.70,452.35,4375,131575
20210216,12:29,450.95,460.20,450.00,458.60,5275,131575
20210216,12:30,465.00,511.00,462.75,493.10,61250,131600
20210216,12:31,494.65,502.50,481.05,500.70,14025,131600
20210216,12:32,501.00,514.60,496.95,502.50,24575,131600
20210216,12:33,502.20,505.30,490.00,494.80,13475,142500
20210216,12:34,494.95,498.35,488.85,491.00,4525,142500
20210216,12:35,492.75,494.15,443.05,443.05,29450,142500
20210216,12:36,442.05,442.95,370.15,393.10,81125,141075
20210216,12:37,391.55,405.65,388.80,397.00,25475,141075
20210216,12:38,398.10,411.00,398.00,411.00,21500,141075
20210216,12:39,412.65,415.05,396.00,396.00,22875,130900
20210216,12:40,397.00,407.00,396.65,399.25,15400,130900
20210216,12:41,399.20,411.00,396.45,402.80,14750,130900
20210216,12:42,403.60,419.85,403.20,414.05,14325,135400
20210216,12:43,411.15,414.65,403.10,408.30,13375,135400
20210216,12:44,408.55,408.55,384.00,393.45,32900,135400
20210216,12:45,393.50,405.55,380.15,405.55,36500,144500
20210216,12:46,399.50,411.90,397.35,407.15,29125,144500
20210216,12:47,409.15,409.80,394.45,397.85,15125,144500
20210216,12:48,399.10,418.95,398.10,413.45,14100,148750
20210216,12:49,412.50,420.10,412.50,417.30,16550,148750
20210216,12:50,416.45,430.15,410.50,410.50,28150,148750
20210216,12:51,409.75,410.95,391.25,401.60,20575,151300
20210216,12:52,402.60,405.70,396.00,401.40,6500,151300
20210216,12:53,400.75,402.55,394.00,402.55,7600,151300
20210216,12:54,401.30,409.00,396.95,401.95,10025,159075
20210216,12:55,403.45,406.35,397.00,403.75,7250,159075
20210216,12:56,403.15,412.45,398.00,404.00,7575,159075
20210216,12:57,400.00,420.95,394.00,412.55,22425,161125
20210216,12:58,414.00,421.90,412.25,419.35,11150,161125
20210216,12:59,418.55,419.60,407.65,412.35,10975,161125
20210216,13:00,412.55,413.65,361.85,376.90,45600,162425
20210216,13:01,378.55,386.95,374.45,379.30,16650,162425
20210216,13:02,382.30,399.95,381.75,381.95,18600,162425
20210216,13:03,384.25,384.75,374.90,383.80,19975,164075
20210216,13:04,383.10,392.50,360.05,370.00,31675,164075
20210216,13:05,366.05,368.25,342.50,359.00,51225,164075
20210216,13:06,358.40,362.95,340.30,350.95,38825,167325
20210216,13:07,351.30,367.05,351.30,360.00,18625,167325
20210216,13:08,362.45,373.55,360.75,373.55,22625,167325
20210216,13:09,373.30,373.30,345.10,353.95,23800,168275
20210216,13:10,357.00,357.00,322.65,327.35,51675,168275
20210216,13:11,326.70,332.15,316.00,321.90,45200,168275
20210216,13:12,318.25,322.05,296.10,313.90,56750,173825
20210216,13:13,314.30,325.00,311.65,314.70,27400,173825
20210216,13:14,316.10,326.25,316.10,324.20,16475,173825
20210216,13:15,322.70,322.70,304.40,311.00,32600,177000
20210216,13:16,312.15,318.20,307.50,309.55,16825,177000
20210216,13:17,306.70,322.05,306.25,311.60,20025,177000
20210216,13:18,310.65,325.65,310.65,325.55,17600,172750
20210216,13:19,324.05,334.30,319.85,330.00,30100,172750
20210216,13:20,331.20,343.00,329.30,329.60,34350,172750
20210216,13:21,326.85,331.95,321.00,331.65,19100,179650
20210216,13:22,333.15,342.70,332.50,341.65,21200,179650
20210216,13:23,342.35,344.55,328.95,333.85,20300,179650
20210216,13:24,335.40,353.60,335.40,342.45,17925,179350
20210216,13:25,343.60,346.80,325.65,328.60,16175,179350
20210216,13:26,327.45,335.10,320.00,334.25,14925,179350
20210216,13:27,334.00,339.30,331.75,337.30,7850,180100
20210216,13:28,337.30,345.00,332.05,345.00,11825,180100
20210216,13:29,343.50,356.30,337.10,344.35,19150,180100
20210216,13:30,340.80,365.55,340.80,365.55,32400,181975
20210216,13:31,365.55,367.70,355.40,366.30,26550,181975
20210216,13:32,368.25,373.55,353.70,358.45,26125,181975
20210216,13:33,354.75,359.15,346.00,350.70,18075,187125
20210216,13:34,350.05,367.55,350.05,367.55,15625,187125
20210216,13:35,365.45,390.80,365.45,387.05,37325,187125
20210216,13:36,383.15,389.40,365.00,368.65,24325,187650
20210216,13:37,371.10,372.35,337.50,341.25,32425,187650
20210216,13:38,339.60,343.90,327.00,330.55,31750,187650
20210216,13:39,327.80,327.80,312.50,318.00,38025,185675
20210216,13:40,317.05,330.75,312.05,327.35,20050,185675
20210216,13:41,328.00,337.25,318.80,330.45,16250,185675
20210216,13:42,330.30,331.30,317.00,328.90,25575,184400
20210216,13:43,328.00,337.95,325.00,333.15,11600,184400
20210216,13:44,334.35,341.65,328.90,334.85,9400,184400
20210216,13:45,336.15,337.05,318.60,322.45,11200,184725
20210216,13:46,322.15,330.40,322.15,330.40,5525,184725
20210216,13:47,332.30,337.80,328.55,328.55,9550,184725
20210216,13:48,326.05,338.65,324.80,331.80,10700,189725
20210216,13:49,330.15,344.85,328.55,329.25,20375,189725
20210216,13:50,329.90,329.90,307.65,313.15,27750,189725
20210216,13:51,310.05,311.60,281.15,292.70,47625,189050
20210216,13:52,290.70,301.90,290.70,300.00,17775,189050
20210216,13:53,302.90,303.05,293.75,297.75,15950,189050
20210216,13:54,296.35,301.75,287.55,291.75,16350,187100
20210216,13:55,293.35,298.00,289.50,292.60,21825,187100
20210216,13:56,294.15,294.15,260.70,260.70,45375,187100
20210216,13:57,264.80,264.80,250.65,261.35,40375,188725
20210216,13:58,256.55,262.65,250.00,253.75,41800,188725
20210216,13:59,253.40,256.50,244.60,254.75,27500,188725
20210216,14:00,254.25,264.50,252.35,260.50,31150,188575
20210216,14:01,261.95,261.95,248.10,253.05,23075,188575
20210216,14:02,254.35,265.10,253.95,264.70,21325,188575
20210216,14:03,264.15,270.95,255.80,269.75,28900,193925
20210216,14:04,271.20,271.20,261.55,270.75,27400,193925
20210216,14:05,272.70,294.60,272.70,288.45,53225,193925
20210216,14:06,286.30,295.75,277.90,279.55,28700,203800
20210216,14:07,276.10,278.60,269.20,276.90,22800,203800
20210216,14:08,276.75,285.55,276.75,279.25,16125,203800
20210216,14:09,279.20,279.20,269.70,273.35,18275,204250
20210216,14:10,274.30,281.50,274.30,280.35,19650,204250
20210216,14:11,282.25,295.05,282.25,287.75,31275,204250
20210216,14:12,288.40,298.50,285.20,290.05,25250,207750
20210216,14:13,289.45,296.30,285.80,295.60,14725,207750
20210216,14:14,293.05,299.00,283.15,290.00,12200,207750
20210216,14:15,289.40,293.15,273.05,275.00,15450,203725
20210216,14:16,278.80,310.00,275.00,304.05,25425,203725
20210216,14:17,307.70,342.85,307.70,327.00,55350,203725
20210216,14:18,328.30,345.75,325.15,332.05,25250,205425
20210216,14:19,330.55,332.00,311.20,315.20,26700,205425
20210216,14:20,317.90,332.60,317.75,332.60,18100,205425
20210216,14:21,332.25,338.30,329.25,335.00,18775,214725
20210216,14:22,333.20,342.55,321.50,327.35,16025,214725
20210216,14:23,328.05,328.05,298.25,305.65,24850,214725
20210216,14:24,307.85,310.35,290.00,299.30,22475,205075
20210216,14:25,299.15,300.50,281.20,287.15,16600,205075
20210216,14:26,287.10,305.00,287.10,301.90,9275,205075
20210216,14:27,300.95,311.70,294.05,308.65,15400,202775
20210216,14:28,306.65,318.70,305.00,317.50,16400,202775
20210216,14:29,317.55,328.50,317.55,328.50,15500,202775
20210216,14:30,330.00,371.60,330.00,358.35,51550,204375
20210216,14:31,360.20,388.30,360.20,381.05,65550,204375
20210216,14:32,376.85,386.85,366.35,372.45,41875,204375
20210216,14:33,374.45,384.60,357.00,383.85,25600,205725
20210216,14:34,385.30,419.95,385.30,411.45,98050,205725
20210216,14:35,411.45,419.65,378.10,385.00,73450,205725
20210216,14:36,384.35,413.55,384.35,399.25,49450,206475
20210216,14:37,399.80,407.10,387.65,387.65,29775,206475
20210216,14:38,386.95,396.00,365.10,365.10,25425,206475
20210216,14:39,362.95,388.50,358.75,384.10,33150,195950
20210216,14:40,385.30,385.30,361.65,364.00,29750,195950
20210216,14:41,364.45,366.00,348.30,364.65,43500,195950
20210216,14:42,365.00,387.65,362.60,387.30,29850,199000
20210216,14:43,384.65,387.00,372.05,372.05,29450,199000
20210216,14:44,371.00,379.60,365.50,370.00,14800,199000
20210216,14:45,365.05,385.00,365.05,380.30,25500,197925
20210216,14:46,378.25,382.25,366.00,369.30,25100,197925
20210216,14:47,368.15,370.00,348.80,358.90,37175,197925
20210216,14:48,361.35,361.35,335.35,345.20,35350,208775
20210216,14:49,344.25,371.50,337.90,370.75,37375,208775
20210216,14:50,370.55,410.55,366.80,382.70,98400,208775
20210216,14:51,383.20,388.05,367.10,385.00,33975,223300
20210216,14:52,387.75,399.00,385.00,387.10,25700,223300
20210216,14:53,386.50,394.95,376.60,394.95,23175,223300
20210216,14:54,392.85,396.00,381.00,384.15,27175,224500
20210216,14:55,384.55,388.95,371.10,373.10,25700,224500
20210216,14:56,374.45,394.60,374.45,384.15,21125,224500
20210216,14:57,386.75,397.55,378.95,397.55,20175,221500
20210216,14:58,397.90,415.55,390.50,390.50,52100,221500
20210216,14:59,387.50,410.00,387.50,399.55,34625,221500
20210216,15:00,398.45,423.65,397.65,410.20,53175,224925
20210216,15:01,413.35,414.55,391.40,393.05,38675,224925
20210216,15:02,393.25,406.00,390.00,399.60,23725,224925
20210216,15:03,401.20,418.25,399.05,403.10,28350,233375
20210216,15:04,398.90,402.05,388.35,391.70,22175,233375
20210216,15:05,392.10,396.25,374.55,381.50,28625,233375
20210216,15:06,382.75,384.85,350.00,350.55,47550,229150
20210216,15:07,349.85,366.60,343.45,356.00,53025,229150
20210216,15:08,354.40,382.05,350.00,382.05,64250,229150
20210216,15:09,382.25,382.80,371.20,382.80,36425,229800
20210216,15:10,384.70,394.35,382.85,383.45,54200,229800
20210216,15:11,382.60,389.30,380.60,387.05,23975,229800
20210216,15:12,387.35,399.10,387.35,397.00,28575,234275
20210216,15:13,395.85,400.70,386.00,391.20,32125,234275
20210216,15:14,392.45,398.20,387.00,395.50,25550,234275
20210216,15:15,395.60,404.65,394.65,401.90,31225,250350
20210216,15:16,404.35,404.35,386.15,387.35,26375,250350
20210216,15:17,390.05,397.25,375.00,380.70,23450,250350
20210216,15:18,380.95,398.40,380.00,394.20,17600,251525
20210216,15:19,395.00,396.20,388.00,388.00,13450,251525
20210216,15:20,387.00,409.90,387.00,399.85,47325,251525
20210216,15:21,401.25,415.20,398.70,410.00,33475,233225
20210216,15:22,409.00,411.00,402.00,404.25,27275,233225
20210216,15:23,403.90,416.85,403.90,411.80,20350,233225
20210216,15:24,412.15,416.00,406.10,413.85,13800,222425
20210216,15:25,417.30,420.00,408.65,413.30,32525,222425
20210216,15:26,412.85,417.45,410.85,412.30,18375,222425
20210216,15:27,411.75,415.95,411.75,412.60,16700,202325
20210216,15:28,412.75,413.30,404.90,406.15,16575,202325
20210216,15:29,406.10,407.60,396.50,407.60,20800,202325
20210217,09:15,349.85,349.85,217.15,226.05,64477,179725
20210217,09:16,228.70,242.05,224.95,235.60,41150,179725
20210217,09:17,231.05,244.80,220.00,244.80,48175,185925
20210217,09:18,247.30,267.30,243.85,243.85,51300,185925
20210217,09:19,243.10,258.60,238.45,245.15,42300,185925
20210217,09:20,250.90,250.90,229.45,240.45,61975,188700
20210217,09:21,242.60,251.75,232.20,242.90,57825,188700
20210217,09:22,245.50,248.50,232.00,243.60,47900,188700
20210217,09:23,242.95,243.45,220.85,230.55,43150,191225
20210217,09:24,227.95,260.75,222.55,254.10,48000,191225
20210217,09:25,257.00,257.40,241.55,255.55,40275,191225
20210217,09:26,255.50,331.45,253.25,307.90,115375,208275
20210217,09:27,306.30,306.30,291.15,291.70,76550,208275
20210217,09:28,294.10,295.95,277.80,278.75,68600,208275
20210217,09:29,280.60,290.05,277.85,281.60,70300,224500
20210217,09:30,282.90,285.90,256.30,258.45,77925,224500
20210217,09:31,256.50,258.65,230.45,237.25,91625,224500
20210217,09:32,234.75,238.25,225.00,234.60,28425,221800
20210217,09:33,234.50,234.50,220.00,228.15,41675,221800
20210217,09:34,228.75,236.65,213.70,221.90,52150,221800
20210217,09:35,219.25,235.80,208.00,229.50,53675,254075
20210217,09:36,233.15,233.15,212.50,212.50,37225,254075
20210217,09:37,215.25,220.15,201.25,217.20,55025,254075
20210217,09:38,217.60,225.10,214.10,221.35,30925,277475
20210217,09:39,222.00,227.75,210.30,211.00,35150,277475
20210217,09:40,210.00,217.95,202.60,217.95,56250,277475
20210217,09:41,217.60,222.65,212.95,222.20,32900,290275
20210217,09:42,222.15,227.25,219.65,219.80,32125,290275
20210217,09:43,220.70,230.80,219.05,224.95,33225,290275
20210217,09:44,224.20,227.45,217.90,222.35,21075,299800
20210217,09:45,222.45,227.65,212.60,227.65,24000,299800
20210217,09:46,227.45,231.75,223.55,227.00,33725,299800
20210217,09:47,226.80,230.00,215.90,227.10,23375,307300
20210217,09:48,225.15,225.35,209.95,215.55,36925,307300
20210217,09:49,214.30,215.20,209.25,214.35,18275,307300
20210217,09:50,213.35,219.30,209.20,211.00,21600,317100
20210217,09:51,209.70,219.20,197.00,219.20,48225,317100
20210217,09:52,217.85,222.90,211.80,217.60,20200,317100
20210217,09:53,217.80,218.50,206.80,212.15,16375,320025
20210217,09:54,213.45,213.80,205.35,206.00,15600,320025
20210217,09:55,205.65,212.95,205.35,209.30,15600,320025
20210217,09:56,206.60,207.55,201.25,206.00,14925,328275
20210217,09:57,205.20,216.60,204.30,215.00,24275,328275
20210217,09:58,215.05,218.05,211.90,214.65,12725,328275
20210217,09:59,212.80,217.00,206.75,206.85,14150,326675
20210217,10:00,206.75,206.75,189.55,194.25,54775,326675
20210217,10:01,195.35,196.45,181.25,184.35,55825,326675
20210217,10:02,183.05,193.25,175.60,191.85,53575,340650
20210217,10:03,191.20,193.40,185.65,193.40,20650,340650
20210217,10:04,194.00,194.50,187.45,190.75,34975,340650
20210217,10:05,189.45,192.35,186.45,188.35,21625,342975
20210217,10:06,187.35,194.45,180.50,193.00,39175,342975
20210217,10:07,193.00,198.75,190.70,192.00,28600,342975
20210217,10:08,192.80,201.70,192.80,196.90,25500,350575
20210217,10:09,197.60,207.50,196.35,202.40,22175,350575
20210217,10:10,202.35,216.80,201.15,214.55,61950,350575
20210217,10:11,215.35,227.30,215.35,222.15,62075,354350
20210217,10:12,223.35,233.00,222.95,232.55,53600,354350
20210217,10:13,232.00,239.60,225.00,232.00,68350,354350
20210217,10:14,231.70,232.75,222.55,232.00,27550,358000
20210217,10:15,228.85,230.00,218.55,221.85,23800,358000
20210217,10:16,223.00,246.65,222.35,242.50,51500,358000
20210217,10:17,245.80,289.05,245.00,286.05,134200,350200
20210217,10:18,285.95,304.00,280.00,280.75,125225,350200
20210217,10:19,281.25,296.95,277.40,293.25,75800,350200
20210217,10:20,299.00,322.60,297.85,309.20,172850,353025
20210217,10:21,310.85,314.85,298.70,314.85,87825,353025
20210217,10:22,314.45,314.45,298.00,300.00,46925,353025
20210217,10:23,301.80,308.85,286.55,290.25,52175,343200
20210217,10:24,290.90,292.55,276.25,276.25,56950,343200
20210217,10:25,277.20,292.80,276.90,281.30,40450,343200
20210217,10:26,280.75,293.00,279.75,282.65,39475,371800
20210217,10:27,281.40,287.80,279.75,280.10,23875,371800
20210217,10:28,280.20,290.10,280.20,286.35,26625,371800
20210217,10:29,286.80,286.80,258.75,273.30,77075,381800
20210217,10:30,272.20,280.10,269.85,280.00,36925,381800
20210217,10:31,281.15,285.00,272.95,283.20,28425,381800
20210217,10:32,283.20,283.90,275.00,283.90,19775,388000
20210217,10:33,282.55,283.05,264.20,269.15,26825,388000
20210217,10:34,270.30,270.30,258.15,263.20,37675,388000
20210217,10:35,263.75,283.80,263.10,281.00,32975,378050
20210217,10:36,281.10,292.60,275.00,292.60,36000,378050
20210217,10:37,291.60,299.75,285.10,293.40,53750,378050
20210217,10:38,292.85,296.00,278.00,278.00,27300,389375
20210217,10:39,280.15,292.50,280.15,288.10,15950,389375
20210217,10:40,287.05,294.80,287.00,294.15,19625,389375
20210217,10:41,295.55,295.55,287.65,290.65,17550,392450
20210217,10:42,290.80,305.00,288.05,303.45,43450,392450
20210217,10:43,307.75,335.60,306.35,320.00,114425,392450
20210217,10:44,321.80,338.70,315.00,337.55,72000,382350
20210217,10:45,340.70,353.60,330.70,331.00,118675,382350
20210217,10:46,331.05,339.40,308.00,315.25,81325,382350
20210217,10:47,313.55,328.65,311.00,325.45,59650,382375
20210217,10:48,327.00,330.00,322.15,322.15,43550,382375
20210217,10:49,322.70,350.85,321.15,350.85,82975,382375
20210217,10:50,355.00,370.70,341.45,361.30,147750,379350
20210217,10:51,361.55,362.90,329.70,335.05,68700,379350
20210217,10:52,335.00,342.00,329.35,329.35,33875,379350
20210217,10:53,329.05,342.10,329.05,338.85,30475,378025
20210217,10:54,340.00,340.70,329.00,335.25,24900,378025
20210217,10:55,336.90,338.70,326.35,326.55,34075,378025
20210217,10:56,327.00,333.80,319.95,333.80,39750,382625
20210217,10:57,333.10,334.00,323.20,328.10,25525,382625
20210217,10:58,327.00,328.50,321.00,328.05,21950,382625
20210217,10:59,330.00,350.20,329.40,349.65,62100,387000
20210217,11:00,352.80,397.30,352.80,383.40,161700,387000
20210217,11:01,385.20,387.30,369.30,373.25,70275,387000
20210217,11:02,370.45,399.70,368.00,399.70,49700,349975
20210217,11:03,409.00,411.80,388.45,404.10,83075,349975
20210217,11:04,400.65,422.45,399.35,417.20,66675,349975
20210217,11:05,418.65,440.00,412.40,415.25,96275,321225
20210217,11:06,417.85,417.85,402.70,406.05,45900,321225
20210217,11:07,408.15,435.10,408.15,422.95,41350,321225
20210217,11:08,423.30,442.75,422.80,439.25,38625,310000
20210217,11:09,441.20,445.00,420.00,428.95,33025,310000
20210217,11:10,427.05,458.55,427.05,435.20,58125,310000
20210217,11:11,437.65,443.60,420.10,424.65,24900,291050
20210217,11:12,425.60,427.50,412.85,424.10,22300,291050
20210217,11:13,421.30,424.40,408.80,413.90,14950,291050
20210217,11:14,413.45,422.00,411.05,414.90,16725,283975
20210217,11:15,416.05,430.45,415.15,425.00,22525,283975
20210217,11:16,424.60,426.70,398.10,398.10,33475,283975
20210217,11:17,399.10,408.30,395.20,399.10,19825,280975
20210217,11:18,402.05,402.05,386.50,392.95,19500,280975
20210217,11:19,390.85,406.95,390.00,405.40,15375,280975
20210217,11:20,407.00,418.00,407.00,417.00,17100,277150
20210217,11:21,417.05,429.80,417.05,426.30,23850,277150
20210217,11:22,428.75,435.70,421.95,428.30,27450,277150
20210217,11:23,425.45,425.90,414.50,416.95,11725,273750
20210217,11:24,418.05,423.80,408.10,414.75,12675,273750
20210217,11:25,415.10,424.40,408.90,419.25,13025,273750
20210217,11:26,415.50,424.35,412.20,416.65,12025,269625
20210217,11:27,411.85,414.60,402.60,404.40,13575,269625
20210217,11:28,406.25,408.30,398.50,405.20,11600,269625
20210217,11:29,406.55,406.55,390.00,397.00,15700,276650
20210217,11:30,396.50,397.70,375.50,385.90,35150,276650
20210217,11:31,387.65,389.10,375.00,377.35,12550,276650
20210217,11:32,378.05,379.45,358.75,358.75,32825,276125
20210217,11:33,357.10,375.45,357.10,368.45,22550,276125
20210217,11:34,369.80,374.00,355.50,355.55,22475,276125
20210217,11:35,358.20,391.75,357.40,391.60,30725,275925
20210217,11:36,393.55,396.10,387.20,395.35,19800,275925
20210217,11:37,396.00,405.50,390.30,390.30,22075,275925
20210217,11:38,390.10,400.05,390.00,390.00,17025,276625
20210217,11:39,391.05,401.65,391.05,396.25,8875,276625
20210217,11:40,395.00,409.45,394.45,401.75,15900,276625
20210217,11:41,401.40,409.00,398.45,403.00,8900,274575
20210217,11:42,405.65,412.60,403.00,411.95,14100,274575
20210217,11:43,408.90,416.95,408.15,408.35,11250,274575
20210217,11:44,409.60,409.90,380.75,380.75,21650,275100
20210217,11:45,380.25,400.50,380.25,390.35,16650,275100
20210217,11:46,391.50,396.95,387.85,394.15,8325,275100
20210217,11:47,393.70,396.45,384.90,384.90,9450,274575
20210217,11:48,388.35,401.90,388.35,400.35,10275,274575
20210217,11:49,399.30,404.30,396.75,402.45,11800,274575
20210217,11:50,403.40,416.15,403.00,414.60,22250,269400
20210217,11:51,414.00,414.45,404.15,408.50,8975,269400
20210217,11:52,409.00,409.00,400.00,402.10,14700,269400
20210217,11:53,401.50,401.50,384.65,393.45,19575,270150
20210217,11:54,394.00,394.00,368.25,368.25,13900,270150
20210217,11:55,369.65,377.00,360.30,368.40,28600,270150
20210217,11:56,371.85,389.80,371.85,382.85,18050,277275
20210217,11:57,385.65,399.00,385.65,393.05,14000,277275
20210217,11:58,394.00,397.20,384.05,396.45,9400,277275
20210217,11:59,396.10,400.00,392.00,393.55,10675,275850
20210217,12:00,393.30,395.00,382.00,382.45,7300,275850
20210217,12:01,380.45,384.15,376.45,384.15,6000,275850
20210217,12:02,382.95,390.00,377.05,379.80,7300,275125
20210217,12:03,383.75,391.25,380.95,383.95,8075,275125
20210217,12:04,383.60,385.00,371.85,372.75,7750,275125
20210217,12:05,374.95,380.05,369.55,373.20,8775,278075
20210217,12:06,374.50,386.35,374.50,383.25,7950,278075
20210217,12:07,385.05,393.95,378.80,383.75,16050,278075
20210217,12:08,382.45,382.45,328.65,336.10,49425,278475
20210217,12:09,334.20,353.70,334.20,352.10,37875,278475
20210217,12:10,351.85,361.60,345.95,346.55,21525,278475
20210217,12:11,347.40,349.55,337.50,344.45,19650,267750
20210217,12:12,346.50,353.10,337.55,345.45,9450,267750
20210217,12:13,345.15,345.45,326.45,339.80,28525,267750
20210217,12:14,340.00,356.00,340.00,349.45,18900,270925
20210217,12:15,351.45,352.70,335.15,335.15,17250,270925
20210217,12:16,334.10,335.90,323.05,331.55,20700,270925
20210217,12:17,331.65,336.90,322.90,335.60,15375,276775
20210217,12:18,335.15,355.95,330.00,355.95,24125,276775
20210217,12:19,355.00,355.00,344.80,350.00,10575,276775
20210217,12:20,350.05,353.30,343.15,349.10,7225,268450
20210217,12:21,350.00,357.00,341.70,342.00,15175,268450
20210217,12:22,341.90,392.25,341.90,390.75,45800,268450
20210217,12:23,390.75,411.30,380.30,405.25,49150,271100
20210217,12:24,403.60,403.80,392.30,395.30,19375,271100
20210217,12:25,396.60,403.45,383.45,391.05,14200,271100
20210217,12:26,392.35,393.75,378.90,385.90,16525,268350
20210217,12:27,382.65,400.00,381.20,400.00,14300,268350
20210217,12:28,399.65,403.25,389.00,389.50,11875,268350
20210217,12:29,388.40,405.60,388.40,405.60,15225,266475
20210217,12:30,405.95,416.40,392.75,394.30,30475,266475
20210217,12:31,394.15,418.90,390.45,410.10,37650,266475
20210217,12:32,409.75,413.70,396.85,402.80,16675,254975
20210217,12:33,401.35,417.15,401.35,413.55,13500,254975
20210217,12:34,415.00,426.70,407.30,414.60,39175,254975
20210217,12:35,411.40,418.10,403.30,403.95,17425,256000
20210217,12:36,405.65,422.65,403.90,417.50,23475,256000
20210217,12:37,418.20,425.00,415.60,422.00,18375,256000
20210217,12:38,420.45,421.85,405.75,414.55,17025,249575
20210217,12:39,413.25,414.25,408.80,409.95,7025,249575
20210217,12:40,409.10,416.15,374.45,380.25,27125,249575
20210217,12:41,379.00,389.20,369.95,375.80,15325,250575
20210217,12:42,374.70,387.35,371.10,379.65,10425,250575
20210217,12:43,376.85,380.65,357.70,363.40,27450,250575
20210217,12:44,364.75,373.75,346.15,354.70,29600,252625
20210217,12:45,354.25,366.90,344.70,363.20,20375,252625
20210217,12:46,363.40,370.00,360.00,366.95,12425,252625
20210217,12:47,367.65,367.65,350.15,352.95,10800,258675
20210217,12:48,354.10,357.30,340.30,345.85,12550,258675
20210217,12:49,347.45,347.95,328.00,336.40,19900,258675
20210217,12:50,337.45,345.85,331.60,343.60,15075,258675
20210217,12:51,343.90,344.70,310.30,320.35,44325,262400
20210217,12:52,319.90,325.35,308.15,324.60,25275,262400
20210217,12:53,318.40,319.10,290.10,297.70,75600,262400
20210217,12:54,299.90,301.50,278.20,278.40,51575,276675
20210217,12:55,277.05,282.95,268.00,271.25,52450,276675
20210217,12:56,269.95,277.60,254.50,277.60,96150,276675
20210217,12:57,275.60,280.90,270.85,278.05,55525,295275
20210217,12:58,277.80,291.90,275.45,287.90,66025,295275
20210217,12:59,285.25,286.75,257.65,258.45,65975,295275
20210217,13:00,254.35,254.35,223.45,224.05,167650,337600
20210217,13:01,226.15,233.80,218.80,223.60,74825,337600
20210217,13:02,224.95,235.00,217.90,223.50,72925,337600
20210217,13:03,226.40,240.00,220.50,237.65,58375,365575
20210217,13:04,235.05,237.85,207.70,210.90,74675,365575
20210217,13:05,208.20,221.50,195.90,218.05,113525,365575
20210217,13:06,218.15,228.05,216.25,225.80,53050,382325
20210217,13:07,224.00,224.00,208.00,211.10,75950,382325
20210217,13:08,212.35,229.45,208.50,227.70,46100,382325
20210217,13:09,228.60,230.60,220.55,227.65,41650,393600
20210217,13:10,227.65,243.85,227.15,234.45,79300,393600
20210217,13:11,234.95,234.95,211.80,213.20,41225,393600
20210217,13:12,211.75,228.90,210.70,228.90,28600,401850
20210217,13:13,230.20,233.30,225.45,225.45,31150,401850
20210217,13:14,225.05,232.05,220.55,225.05,25375,401850
20210217,13:15,224.75,224.75,207.35,211.35,37025,401925
20210217,13:16,214.10,229.05,214.10,229.05,31650,401925
20210217,13:17,229.00,237.70,221.90,233.25,33325,401925
20210217,13:18,233.45,238.25,230.00,230.90,31425,410350
20210217,13:19,231.95,253.25,229.80,251.50,67800,410350
20210217,13:20,252.40,253.50,222.70,228.60,63150,410350
20210217,13:21,230.05,230.05,212.95,217.45,40750,435925
20210217,13:22,219.50,233.00,219.50,223.85,29175,435925
20210217,13:23,223.00,226.95,220.00,224.30,19125,435925
20210217,13:24,226.25,230.10,219.00,223.25,18125,445900
20210217,13:25,222.95,229.45,220.25,222.80,13925,445900
20210217,13:26,224.80,229.95,218.05,225.00,18350,445900
20210217,13:27,224.35,226.00,219.50,222.25,17475,443500
20210217,13:28,222.10,223.95,208.85,214.40,30900,443500
20210217,13:29,211.60,220.50,197.20,202.55,50550,443500
20210217,13:30,203.80,214.15,192.85,209.00,67500,449150
20210217,13:31,210.00,215.75,206.15,206.15,21625,449150
20210217,13:32,205.65,216.75,205.50,212.25,16100,449150
20210217,13:33,212.95,220.00,210.00,210.00,20925,451675
20210217,13:34,211.45,215.00,172.20,178.55,97000,451675
20210217,13:35,177.60,179.70,158.80,168.90,109350,451675
20210217,13:36,165.60,171.20,161.95,168.55,88100,464800
20210217,13:37,170.00,178.45,169.30,175.85,45975,464800
20210217,13:38,174.45,175.55,164.25,167.90,50700,464800
20210217,13:39,167.90,176.00,155.00,167.05,88650,454450
20210217,13:40,163.10,171.15,156.55,169.30,73275,454450
20210217,13:41,169.30,178.85,166.95,173.60,62450,454450
20210217,13:42,174.30,175.40,164.85,168.50,30100,457725
20210217,13:43,168.15,179.30,167.90,175.15,37900,457725
20210217,13:44,176.65,183.75,173.55,175.85,41300,457725
20210217,13:45,174.90,191.50,173.15,189.30,53950,466200
20210217,13:46,187.60,188.90,166.25,166.25,44725,466200
20210217,13:47,168.15,177.65,165.60,171.80,41550,466200
20210217,13:48,173.00,184.45,172.40,182.20,24875,469125
20210217,13:49,182.85,189.65,182.85,185.35,37750,469125
20210217,13:50,185.50,185.50,173.10,180.45,25050,469125
20210217,13:51,183.60,203.40,182.60,198.55,74950,474150
20210217,13:52,199.80,202.20,189.65,199.30,42525,474150
20210217,13:53,198.20,205.80,197.05,203.00,47150,474150
20210217,13:54,202.60,206.80,195.45,199.35,29425,471025
20210217,13:55,197.05,225.70,187.65,222.15,65175,471025
20210217,13:56,223.00,235.20,223.00,228.60,106900,471025
20210217,13:57,230.90,237.70,224.50,228.95,57175,464575
20210217,13:58,230.75,240.60,225.95,231.95,61775,464575
20210217,13:59,232.95,232.95,210.20,210.20,50000,464575
20210217,14:00,212.15,216.30,199.05,209.45,60525,459700
20210217,14:01,208.90,217.65,202.70,213.70,33375,459700
20210217,14:02,215.35,227.90,213.85,219.95,44425,459700
20210217,14:03,222.30,222.30,206.00,208.65,31850,461375
20210217,14:04,208.00,210.80,192.80,195.00,37575,461375
20210217,14:05,196.00,202.60,191.35,200.65,28475,461375
20210217,14:06,200.20,208.75,200.20,201.85,23050,472125
20210217,14:07,204.05,210.55,201.80,202.75,32450,472125
20210217,14:08,204.35,207.30,190.70,190.70,25775,472125
20210217,14:09,191.35,196.60,190.65,192.95,16875,473050
20210217,14:10,193.70,214.85,193.00,211.65,37050,473050
20210217,14:11,212.15,214.85,207.35,208.00,27350,473050
20210217,14:12,207.35,212.90,202.55,209.50,23675,472750
20210217,14:13,211.30,229.50,210.55,221.55,60275,472750
20210217,14:14,220.80,225.00,215.15,221.30,39700,472750
20210217,14:15,222.25,245.90,220.75,237.70,78050,468275
20210217,14:16,237.10,237.10,224.85,230.65,27200,468275
20210217,14:17,230.80,230.80,211.80,215.40,38500,468275
20210217,14:18,213.95,216.45,205.80,212.20,28275,469850
20210217,14:19,213.55,215.80,191.65,197.35,58150,469850
20210217,14:20,195.65,195.65,175.40,185.35,77475,469850
20210217,14:21,185.75,190.15,181.70,185.00,34625,457050
20210217,14:22,183.90,187.00,176.00,181.60,38550,457050
20210217,14:23,181.50,190.50,181.50,185.55,36050,457050
20210217,14:24,185.00,209.20,185.00,206.90,62800,462150
20210217,14:25,207.80,212.95,204.85,208.90,41800,462150
20210217,14:26,210.00,224.75,207.50,223.00,52275,462150
20210217,14:27,223.50,225.95,213.50,222.65,37550,456100
20210217,14:28,223.30,225.00,217.20,218.80,33700,456100
20210217,14:29,219.10,219.65,194.45,197.25,47150,456100
20210217,14:30,196.25,207.85,185.90,186.35,51150,457600
20210217,14:31,185.85,201.00,185.50,199.10,32450,457600
20210217,14:32,202.20,220.90,201.80,220.00,42250,457600
20210217,14:33,219.90,226.10,213.25,226.10,51950,461425
20210217,14:34,224.80,227.20,214.75,221.25,41800,461425
20210217,14:35,220.35,222.95,195.30,197.35,55975,461425
20210217,14:36,202.25,239.85,202.25,236.80,86325,467750
20210217,14:37,234.20,237.50,219.40,227.20,62900,467750
20210217,14:38,225.85,225.85,213.55,221.20,51925,467750
20210217,14:39,220.95,220.95,205.05,210.85,39150,478400
20210217,14:40,208.55,219.10,202.35,218.35,38850,478400
20210217,14:41,215.50,215.95,188.25,198.30,82525,478400
20210217,14:42,200.20,204.55,195.50,199.20,27750,479225
20210217,14:43,201.05,206.05,187.10,191.50,45950,479225
20210217,14:44,190.00,193.45,177.30,178.35,63350,479225
20210217,14:45,180.55,193.50,177.50,192.65,48525,481825
20210217,14:46,191.80,192.60,180.15,191.55,41000,481825
20210217,14:47,193.70,198.35,191.15,196.10,49800,481825
20210217,14:48,199.00,201.80,188.30,194.95,34450,479250
20210217,14:49,197.60,205.55,195.70,199.40,34825,479250
20210217,14:50,200.85,210.30,200.85,209.45,50950,479250
20210217,14:51,209.80,216.75,205.85,206.00,47075,471600
20210217,14:52,206.00,214.90,204.60,209.40,32650,471600
20210217,14:53,209.45,211.50,190.80,195.15,42100,471600
20210217,14:54,194.55,205.95,192.70,198.35,28200,473325
20210217,14:55,199.15,207.15,192.40,205.10,40125,473325
20210217,14:56,202.80,204.10,190.00,195.00,24550,473325
20210217,14:57,193.55,200.00,191.40,193.60,22825,474325
20210217,14:58,193.15,198.00,191.00,196.90,24525,474325
20210217,14:59,197.30,202.25,193.05,196.00,18050,474325
20210217,15:00,195.95,211.60,195.50,208.20,41350,474100
20210217,15:01,209.60,210.45,194.45,195.30,37225,474100
20210217,15:02,195.25,197.25,179.10,182.35,59150,474100
20210217,15:03,185.20,196.05,184.20,191.60,31925,471075
20210217,15:04,191.95,194.45,186.40,194.45,19825,471075
20210217,15:05,194.60,194.60,180.65,181.00,28875,471075
20210217,15:06,180.90,190.20,180.90,185.90,39275,477225
20210217,15:07,184.30,187.70,173.45,175.60,34950,477225
20210217,15:08,176.10,176.10,166.30,168.00,52550,477225
20210217,15:09,168.30,170.45,163.05,165.50,34775,472000
20210217,15:10,165.35,165.60,156.85,157.95,80425,472000
20210217,15:11,159.05,159.85,147.95,153.10,87875,472000
20210217,15:12,154.20,169.10,154.20,166.60,65550,448250
20210217,15:13,165.95,172.20,165.35,170.40,44975,448250
20210217,15:14,169.65,169.65,161.50,161.50,34900,448250
20210217,15:15,160.70,169.85,160.60,164.05,26400,446800
20210217,15:16,164.95,164.95,150.95,152.60,50675,446800
20210217,15:17,154.20,160.05,148.75,152.25,47500,446800
20210217,15:18,151.85,161.35,151.50,154.15,28275,427000
20210217,15:19,155.60,160.00,152.20,153.90,29625,427000
20210217,15:20,152.25,152.25,135.50,144.95,76625,427000
20210217,15:21,143.70,143.75,133.90,135.50,45675,417075
20210217,15:22,136.40,142.35,131.55,132.50,46500,417075
20210217,15:23,132.95,139.90,132.95,138.75,24600,417075
20210217,15:24,138.90,139.60,135.65,137.05,28350,403975
20210217,15:25,137.40,145.45,136.00,136.75,46350,403975
20210217,15:26,137.40,140.95,134.10,135.90,34050,403975
20210217,15:27,136.35,138.45,131.80,131.80,39050,386725
20210217,15:28,132.20,133.80,123.90,124.70,50075,386725
20210217,15:29,124.35,126.50,124.35,125.95,27450,386725
20210217,15:30,128.25,128.25,128.25,128.25,25,386725
20210218,09:15,177.40,177.40,108.95,130.15,238328,354275
20210218,09:16,129.30,135.70,118.65,124.95,155075,354275
20210218,09:17,124.00,124.00,111.90,120.45,124225,402900
20210218,09:18,121.70,132.05,119.50,119.50,127750,402900
20210218,09:19,120.95,130.40,115.85,125.95,98975,402900
20210218,09:20,126.95,134.50,124.60,124.60,172400,426450
20210218,09:21,126.15,131.60,115.00,115.00,135000,426450
20210218,09:22,113.25,114.85,105.75,108.70,158000,426450
20210218,09:23,111.25,112.85,99.80,102.05,109075,456150
20210218,09:24,101.20,105.85,98.45,102.25,98950,456150
20210218,09:25,101.05,101.85,90.90,91.00,138275,456150
20210218,09:26,85.95,89.70,81.40,87.15,169500,489075
20210218,09:27,87.15,88.45,81.75,83.40,72775,489075
20210218,09:28,83.95,88.85,82.70,87.90,91850,489075
20210218,09:29,86.95,88.70,82.80,84.55,79675,516375
20210218,09:30,83.10,83.10,72.55,76.50,199600,516375
20210218,09:31,75.05,75.65,65.50,71.45,239700,516375
20210218,09:32,71.75,80.05,70.65,70.65,144825,526050
20210218,09:33,70.50,75.20,64.25,73.60,155100,526050
20210218,09:34,72.30,82.50,72.30,80.30,129525,526050
20210218,09:35,81.40,81.40,75.05,80.80,98900,517950
20210218,09:36,81.80,89.40,78.50,86.55,146125,517950
20210218,09:37,86.00,88.00,77.00,77.00,85675,517950
20210218,09:38,78.85,78.85,68.50,71.05,83750,533350
20210218,09:39,70.20,74.05,69.10,71.25,85925,533350
20210218,09:40,71.00,74.00,67.65,69.60,120700,533350
20210218,09:41,70.45,81.70,69.10,81.45,124725,557475
20210218,09:42,82.80,86.45,80.15,83.40,110550,557475
20210218,09:43,82.95,82.95,74.25,78.90,66600,557475
20210218,09:44,78.85,80.20,69.95,71.35,70475,575575
20210218,09:45,71.50,77.50,68.85,77.50,90025,575575
20210218,09:46,77.00,84.45,73.95,73.95,82600,575575
20210218,09:47,73.20,73.20,68.15,71.75,104600,578875
20210218,09:48,71.45,73.00,65.45,66.85,81825,578875
20210218,09:49,66.80,69.05,62.00,67.75,104700,578875
20210218,09:50,67.75,75.95,67.30,75.55,75650,595325
20210218,09:51,74.90,77.50,66.90,67.60,95500,595325
20210218,09:52,67.50,71.45,65.10,70.85,106200,595325
20210218,09:53,70.90,72.90,67.60,72.90,72375,615800
20210218,09:54,72.25,73.05,67.05,68.35,68075,615800
20210218,09:55,68.75,71.65,67.70,71.15,55250,615800
20210218,09:56,70.55,71.20,65.95,68.80,47775,635750
20210218,09:57,69.50,73.35,69.15,72.05,70525,635750
20210218,09:58,71.90,75.75,68.40,75.75,49950,635750
20210218,09:59,76.35,90.75,73.25,87.90,238775,634050
20210218,10:00,87.05,98.00,85.80,92.45,193625,634050
20210218,10:01,93.05,94.25,86.50,90.65,133050,634050
20210218,10:02,89.30,89.70,84.85,85.30,85700,637850
20210218,10:03,85.05,90.00,74.55,77.05,104525,637850
20210218,10:04,78.00,78.00,69.75,75.85,89275,637850
20210218,10:05,75.10,75.50,65.60,69.85,109175,667525
20210218,10:06,69.25,70.65,65.40,66.25,72500,667525
20210218,10:07,67.45,69.15,64.80,65.50,59000,667525
20210218,10:08,65.45,68.30,64.80,67.80,43275,698725
20210218,10:09,67.70,68.00,63.85,66.55,51625,698725
20210218,10:10,66.90,68.00,63.60,65.00,43200,698725
20210218,10:11,65.65,66.25,56.40,60.10,121300,724475
20210218,10:12,58.60,59.95,55.00,58.90,92225,724475
20210218,10:13,57.80,62.85,56.20,62.25,79250,724475
20210218,10:14,61.95,68.10,61.45,66.90,61500,751625
20210218,10:15,66.90,66.90,62.15,62.80,43700,751625
20210218,10:16,62.30,63.75,58.00,58.25,55725,751625
20210218,10:17,57.80,60.45,52.00,59.55,100850,728400
20210218,10:18,59.50,61.85,58.60,60.50,70150,728400
20210218,10:19,61.00,64.80,60.55,61.70,46325,728400
20210218,10:20,60.75,64.30,60.45,62.20,53100,730900
20210218,10:21,62.25,71.25,61.90,69.30,86275,730900
20210218,10:22,68.45,69.80,65.70,67.65,63825,730900
20210218,10:23,67.80,69.00,64.10,68.35,41225,730825
20210218,10:24,68.15,77.50,68.15,70.75,116125,730825
20210218,10:25,71.55,73.95,69.25,69.25,50975,730825
20210218,10:26,68.70,68.70,62.30,64.75,61900,758875
20210218,10:27,64.65,69.60,64.55,69.60,45475,758875
20210218,10:28,68.30,75.25,68.30,75.25,78400,758875
20210218,10:29,75.00,85.70,75.00,79.45,215250,781125
20210218,10:30,79.50,84.35,68.60,73.00,102825,781125
20210218,10:31,72.90,79.95,69.65,76.70,88425,781125
20210218,10:32,76.70,81.15,75.40,79.50,69400,799850
20210218,10:33,78.75,83.95,76.25,81.20,72925,799850
20210218,10:34,81.85,86.00,77.00,85.10,99375,799850
20210218,10:35,85.60,91.50,78.35,78.50,165325,808025
20210218,10:36,77.90,78.90,71.45,75.15,105925,808025
20210218,10:37,75.30,78.90,74.90,77.35,53400,808025
20210218,10:38,77.40,78.65,73.80,77.00,35750,818175
20210218,10:39,76.85,81.40,76.25,78.00,69600,818175
20210218,10:40,77.85,84.90,74.50,83.80,73000,818175
20210218,10:41,83.20,87.30,80.40,80.75,73025,822550
20210218,10:42,81.00,87.15,79.50,80.65,69975,822550
20210218,10:43,79.55,81.55,77.00,77.75,52325,822550
20210218,10:44,78.60,81.50,75.70,80.65,47700,834600
20210218,10:45,80.75,86.00,75.60,75.60,86150,834600
20210218,10:46,75.10,77.60,71.90,76.10,91075,834600
20210218,10:47,76.30,86.60,72.95,86.60,75075,834700
20210218,10:48,86.10,92.80,82.60,82.60,194200,834700
20210218,10:49,84.25,84.25,74.65,76.40,88750,834700
20210218,10:50,77.70,81.80,74.75,79.75,51850,834300
20210218,10:51,79.95,79.95,74.90,78.25,46850,834300
20210218,10:52,78.00,78.00,68.30,73.45,102100,834300
20210218,10:53,73.25,73.25,66.45,68.85,97050,814550
20210218,10:54,69.00,72.30,68.00,68.55,47325,814550
20210218,10:55,68.50,70.75,66.30,69.95,71350,814550
20210218,10:56,69.70,76.40,69.70,76.40,69100,812175
20210218,10:57,75.40,75.50,68.00,68.10,41025,812175
20210218,10:58,69.05,72.30,68.30,70.05,28525,812175
20210218,10:59,71.40,72.70,68.40,71.65,48200,801075
20210218,11:00,71.00,72.10,67.55,68.60,46575,801075
20210218,11:01,69.75,73.40,68.75,70.80,47425,801075
20210218,11:02,70.65,72.30,69.75,71.55,25275,807175
20210218,11:03,71.65,78.25,71.10,73.00,82025,807175
20210218,11:04,73.05,74.00,68.50,70.15,43900,807175
20210218,11:05,70.75,72.05,68.00,68.00,42375,793375
20210218,11:06,68.05,69.20,64.85,67.70,81925,793375
20210218,11:07,67.10,70.00,65.50,69.70,53900,793375
20210218,11:08,69.60,71.55,67.20,69.55,29225,797200
20210218,11:09,69.05,69.25,66.20,67.65,39025,797200
20210218,11:10,67.50,68.85,58.10,65.00,127800,797200
20210218,11:11,65.40,68.95,63.10,66.60,45100,813875
20210218,11:12,67.10,68.45,64.85,66.70,37575,813875
20210218,11:13,65.80,68.70,64.00,64.45,30075,813875
20210218,11:14,65.30,66.10,62.30,62.55,46275,813575
20210218,11:15,63.10,66.70,61.90,62.55,45350,813575
20210218,11:16,63.70,65.95,59.40,65.55,82100,813575
20210218,11:17,64.50,64.65,57.40,61.80,84250,825075
20210218,11:18,59.90,61.10,57.10,57.50,103475,825075
20210218,11:19,57.85,58.85,52.75,52.75,117375,825075
20210218,11:20,53.80,58.70,52.40,54.85,64500,832775
20210218,11:21,55.40,60.00,50.10,58.50,113775,832775
20210218,11:22,58.55,59.65,55.95,55.95,52525,832775
20210218,11:23,55.80,57.50,53.15,56.90,66575,837325
20210218,11:24,56.55,58.75,53.80,54.40,62375,837325
20210218,11:25,54.50,56.75,52.45,56.20,86250,837325
20210218,11:26,56.00,57.40,54.00,55.30,40725,841275
20210218,11:27,54.00,60.85,51.20,58.60,100375,841275
20210218,11:28,57.60,58.75,55.60,56.10,33675,841275
20210218,11:29,55.60,55.60,47.00,49.50,137700,846200
20210218,11:30,49.60,51.55,46.10,48.65,92925,846200
20210218,11:31,50.15,53.25,48.95,51.60,91925,846200
20210218,11:32,51.45,53.45,50.45,52.65,67525,862450
20210218,11:33,52.40,52.40,46.00,47.00,74625,862450
20210218,11:34,48.20,48.20,42.75,44.35,120950,862450
20210218,11:35,44.45,44.45,37.30,39.60,287650,873600
20210218,11:36,39.90,39.90,35.00,39.25,217300,873600
20210218,11:37,39.00,42.35,38.25,40.15,137525,873600
20210218,11:38,40.00,42.05,39.35,40.80,125250,882275
20210218,11:39,40.75,42.25,39.45,39.45,98225,882275
20210218,11:40,40.45,40.45,34.45,36.15,95800,882275
20210218,11:41,35.75,36.95,34.40,35.65,120075,898025
20210218,11:42,34.90,36.25,31.00,36.00,231900,898025
20210218,11:43,35.70,36.80,33.80,35.10,113875,898025
20210218,11:44,34.55,35.80,32.10,33.20,113750,926750
20210218,11:45,32.75,34.25,30.00,33.50,249725,926750
20210218,11:46,33.45,34.00,29.40,32.00,167650,926750
20210218,11:47,31.45,32.20,30.20,32.05,121250,937050
20210218,11:48,32.00,34.25,31.40,31.50,127025,937050
20210218,11:49,31.45,34.40,31.10,33.70,89250,937050
20210218,11:50,33.40,37.20,33.15,35.80,113225,937975
20210218,11:51,35.20,36.45,34.15,35.35,103075,937975
20210218,11:52,35.30,35.65,32.40,33.20,52175,937975
20210218,11:53,33.20,34.25,32.35,33.30,59950,918300
20210218,11:54,33.60,35.55,33.15,34.05,90850,918300
20210218,11:55,34.30,36.70,34.30,35.60,63800,918300
20210218,11:56,35.50,35.90,33.15,35.90,94800,929500
20210218,11:57,36.00,37.30,32.75,32.75,79875,929500
20210218,11:58,32.95,38.15,32.95,38.15,66350,929500
20210218,11:59,38.25,38.25,34.95,37.50,68700,962800
20210218,12:00,36.95,37.60,34.95,35.00,70725,962800
20210218,12:01,35.10,37.70,34.25,36.00,87625,962800
20210218,12:02,36.20,37.55,35.10,35.10,56000,980400
20210218,12:03,35.30,37.50,35.05,36.20,52125,980400
20210218,12:04,35.80,35.95,33.80,34.85,83550,980400
20210218,12:05,35.10,35.65,31.85,32.55,70850,980400
20210218,12:06,32.35,33.30,30.50,30.50,79925,1026875
20210218,12:07,30.50,32.15,30.30,31.45,84550,1026875
20210218,12:08,31.55,31.55,28.90,29.75,82400,1026875
20210218,12:09,30.00,30.00,22.35,23.05,216600,1050400
20210218,12:10,23.05,24.05,22.15,22.60,206800,1050400
20210218,12:11,22.70,25.75,22.70,25.75,122750,1050400
20210218,12:12,25.60,25.65,23.30,23.30,77375,1055225
20210218,12:13,23.40,24.20,23.25,23.55,69900,1055225
20210218,12:14,23.35,23.85,21.00,21.90,124850,1055225
20210218,12:15,22.30,22.60,16.50,17.95,383150,1057150
20210218,12:16,18.35,18.90,16.80,18.20,197600,1057150
20210218,12:17,18.05,18.10,16.40,17.50,225850,1057150
20210218,12:18,17.30,17.50,15.25,16.15,248975,1060800
20210218,12:19,16.05,16.60,14.85,14.85,170325,1060800
20210218,12:20,14.80,16.30,14.70,14.95,159950,1060800
20210218,12:21,15.35,15.65,14.45,15.15,93325,1071225
20210218,12:22,15.10,16.05,14.95,15.45,110025,1071225
20210218,12:23,15.25,15.90,14.70,15.65,123150,1071225
20210218,12:24,15.55,16.25,14.85,15.40,143450,1070100
20210218,12:25,15.10,15.60,14.35,14.70,152750,1070100
20210218,12:26,14.75,15.60,14.70,15.20,100175,1070100
20210218,12:27,15.30,16.00,15.15,15.70,114150,1061850
20210218,12:28,15.85,17.05,15.55,17.00,128800,1061850
20210218,12:29,16.40,17.80,16.05,16.75,125900,1061850
20210218,12:30,16.90,18.55,16.20,18.55,126325,1075900
20210218,12:31,18.60,18.60,16.70,17.90,57550,1075900
20210218,12:32,17.70,18.00,17.00,17.30,42100,1075900
20210218,12:33,17.10,18.05,16.80,18.00,69700,1079425
20210218,12:34,18.05,18.05,16.70,17.00,62900,1079425
20210218,12:35,17.05,17.70,16.00,16.55,78125,1079425
20210218,12:36,16.55,16.80,15.40,16.65,54200,1052200
20210218,12:37,16.40,16.75,13.40,14.65,105675,1052200
20210218,12:38,14.60,15.25,14.10,14.50,67950,1052200
20210218,12:39,14.65,15.10,14.15,14.35,94975,1085650
20210218,12:40,14.35,14.35,13.15,13.70,137425,1085650
20210218,12:41,13.95,14.15,12.75,13.95,95975,1085650
20210218,12:42,14.30,15.10,13.75,14.95,100350,1087350
20210218,12:43,14.90,14.95,14.10,14.60,57850,1087350
20210218,12:44,14.65,14.65,13.35,13.80,124825,1087350
20210218,12:45,13.90,14.10,12.90,13.20,131725,1068875
20210218,12:46,13.50,14.05,13.35,13.90,58975,1068875
20210218,12:47,13.55,14.20,13.45,13.80,98775,1068875
20210218,12:48,13.75,14.70,13.35,14.55,127800,1112000
20210218,12:49,14.50,15.00,13.70,14.45,89375,1112000
20210218,12:50,14.60,17.25,14.60,16.40,164025,1112000
20210218,12:51,16.55,17.50,16.10,16.80,108350,1133350
20210218,12:52,16.75,18.70,16.35,18.35,134175,1133350
20210218,12:53,18.00,18.65,16.50,17.80,105225,1133350
20210218,12:54,18.30,18.75,16.65,17.55,108150,1145775
20210218,12:55,17.30,18.00,16.05,16.35,72225,1145775
20210218,12:56,16.35,16.50,14.65,14.80,69250,1145775
20210218,12:57,14.70,15.50,14.45,15.30,63425,1190200
20210218,12:58,15.05,15.80,14.95,15.80,52000,1190200
20210218,12:59,15.90,17.35,15.65,16.85,71500,1190200
20210218,13:00,16.80,18.45,15.85,15.85,92275,1186775
20210218,13:01,16.00,16.05,14.60,14.70,82025,1186775
20210218,13:02,14.45,14.85,11.70,11.95,124025,1186775
20210218,13:03,11.85,12.95,11.05,12.55,121125,1138900
20210218,13:04,12.40,13.25,12.15,12.75,77225,1138900
20210218,13:05,12.50,13.65,12.45,12.90,66450,1138900
20210218,13:06,12.95,13.75,12.85,13.15,62400,1129125
20210218,13:07,13.25,14.00,13.00,13.00,56375,1129125
20210218,13:08,13.05,13.75,12.85,13.65,43825,1129125
20210218,13:09,13.75,13.95,12.75,12.85,50525,1084200
20210218,13:10,12.90,13.70,12.80,13.00,49650,1084200
20210218,13:11,13.05,13.65,12.80,13.05,43700,1084200
20210218,13:12,13.25,13.40,12.65,12.70,50650,1059900
20210218,13:13,12.70,13.45,12.35,12.35,59150,1059900
20210218,13:14,12.45,13.00,12.25,12.40,54500,1059900
20210218,13:15,12.55,12.90,12.20,12.80,37525,1058675
20210218,13:16,12.75,12.90,12.25,12.30,50575,1058675
20210218,13:17,12.25,13.30,12.10,12.20,90350,1058675
20210218,13:18,12.25,12.40,7.65,8.20,295275,1074700
20210218,13:19,8.15,8.50,7.55,7.65,176275,1074700
20210218,13:20,7.60,9.10,7.50,8.25,152300,1074700
20210218,13:21,8.20,8.50,8.15,8.35,118900,1068525
20210218,13:22,8.35,8.90,8.20,8.75,86525,1068525
20210218,13:23,8.75,8.90,8.15,8.65,78425,1068525
20210218,13:24,8.35,8.65,8.00,8.20,85625,1081575
20210218,13:25,8.20,8.50,7.90,8.00,85375,1081575
20210218,13:26,8.10,8.15,7.80,8.05,61175,1081575
20210218,13:27,8.20,8.20,7.65,7.90,60350,1071350
20210218,13:28,7.80,8.00,7.20,7.30,51800,1071350
20210218,13:29,7.30,7.30,5.00,5.20,183200,1071350
20210218,13:30,5.25,5.50,5.00,5.25,176225,1071225
20210218,13:31,5.20,5.95,4.90,5.90,199775,1071225
20210218,13:32,5.95,6.50,5.95,6.30,102100,1071225
20210218,13:33,6.25,6.75,6.20,6.35,92600,1071175
20210218,13:34,6.45,6.75,6.20,6.75,101975,1071175
20210218,13:35,6.60,7.20,6.60,7.15,110875,1071175
20210218,13:36,7.10,7.40,6.60,7.05,113200,1066975
20210218,13:37,7.20,7.20,6.60,6.75,85875,1066975
20210218,13:38,6.85,7.10,6.45,6.50,88000,1066975
20210218,13:39,6.55,6.75,6.15,6.45,98550,1068125
20210218,13:40,6.65,6.75,5.40,5.55,139625,1068125
20210218,13:41,5.60,6.35,5.60,6.05,79950,1068125
20210218,13:42,5.95,6.25,5.85,6.05,67300,1076600
20210218,13:43,6.10,6.45,6.10,6.30,56050,1076600
20210218,13:44,6.25,6.70,6.15,6.50,55275,1076600
20210218,13:45,6.35,6.35,5.85,6.00,67950,1004725
20210218,13:46,6.00,6.15,5.35,5.55,73375,1004725
20210218,13:47,5.45,5.70,5.25,5.65,75725,1004725
20210218,13:48,5.65,5.95,5.25,5.35,63400,989525
20210218,13:49,5.25,5.65,5.25,5.45,80575,989525
20210218,13:50,5.55,5.75,5.10,5.65,93350,989525
20210218,13:51,5.75,5.95,5.20,5.35,82125,1009350
20210218,13:52,5.25,5.40,4.80,5.40,88350,1009350
20210218,13:53,5.30,5.80,5.15,5.70,82650,1009350
20210218,13:54,5.60,6.30,5.50,6.10,82550,1022575
20210218,13:55,6.15,7.65,6.05,7.60,117325,1022575
20210218,13:56,7.20,8.10,6.45,6.60,136200,1022575
20210218,13:57,6.45,7.45,6.45,6.60,65875,1028225
20210218,13:58,6.60,7.40,6.10,6.10,80675,1028225
20210218,13:59,6.20,6.20,3.00,4.40,174525,1028225
20210218,14:00,4.20,4.90,4.05,4.80,129050,969675
20210218,14:01,4.85,5.65,4.85,5.25,138750,969675
20210218,14:02,5.10,5.50,4.85,5.00,111275,969675
20210218,14:03,5.00,5.15,4.50,4.55,140200,945850
20210218,14:04,4.50,4.95,4.50,4.60,88650,945850
20210218,14:05,4.70,5.25,4.65,4.95,115200,945850
20210218,14:06,5.00,5.15,4.30,4.35,119900,937900
20210218,14:07,4.25,5.55,4.20,5.00,160575,937900
20210218,14:08,5.00,5.35,4.45,5.35,105625,937900
20210218,14:09,5.35,6.10,4.75,6.10,155975,932500
20210218,14:10,6.10,6.95,5.25,6.45,167450,932500
20210218,14:11,6.05,6.15,4.65,5.15,86375,932500
20210218,14:12,5.00,6.65,4.90,6.10,105025,930900
20210218,14:13,6.00,6.50,5.45,6.30,79625,930900
20210218,14:14,6.45,7.95,6.10,7.80,176625,930900
20210218,14:15,7.90,9.80,6.90,6.90,252750,925675
20210218,14:16,6.90,7.95,5.80,6.05,154700,925675
20210218,14:17,5.75,6.80,5.30,6.55,90550,925675
20210218,14:18,6.35,6.55,5.60,5.65,69800,918350
20210218,14:19,5.50,6.25,5.25,5.25,79025,918350
20210218,14:20,5.15,7.55,5.15,6.80,137175,918350
20210218,14:21,6.65,7.60,5.95,6.35,120925,903075
20210218,14:22,6.40,7.00,5.00,5.15,120275,903075
20210218,14:23,5.25,5.90,4.95,5.40,141875,903075
20210218,14:24,5.70,6.20,4.95,5.10,88500,909100
20210218,14:25,5.15,5.15,3.70,3.70,164150,909100
20210218,14:26,3.60,3.60,2.80,3.30,192400,909100
20210218,14:27,3.35,3.60,3.25,3.25,110250,907275
20210218,14:28,3.30,3.55,3.05,3.10,76275,907275
20210218,14:29,3.10,3.10,2.80,2.80,96350,907275
20210218,14:30,2.85,3.25,2.75,2.80,95600,908950
20210218,14:31,2.65,2.90,2.60,2.65,102300,908950
20210218,14:32,2.65,2.70,2.20,2.20,80775,908950
20210218,14:33,2.25,2.25,1.70,1.70,118800,887275
20210218,14:34,1.80,1.90,1.35,1.55,79025,887275
20210218,14:35,1.45,1.65,1.45,1.50,73550,887275
20210218,14:36,1.55,1.75,1.50,1.70,59850,865075
20210218,14:37,1.70,2.60,1.70,2.60,133650,865075
20210218,14:38,2.70,2.70,1.95,2.05,106650,865075
20210218,14:39,2.00,2.10,1.65,1.90,84200,853225
20210218,14:40,1.90,2.70,1.90,2.25,148850,853225
20210218,14:41,2.15,2.25,1.80,2.15,94250,853225
20210218,14:42,2.25,2.30,2.00,2.05,84825,858750
20210218,14:43,2.15,2.30,2.00,2.00,73900,858750
20210218,14:44,2.05,2.90,2.05,2.55,143500,858750
20210218,14:45,2.50,2.55,2.10,2.30,101500,843325
20210218,14:46,2.30,2.30,1.65,1.90,72000,843325
20210218,14:47,1.90,2.00,1.55,1.55,69525,843325
20210218,14:48,1.60,1.75,1.40,1.70,70225,823475
20210218,14:49,1.75,1.75,1.55,1.55,39050,823475
20210218,14:50,1.60,1.60,1.40,1.50,91675,823475
20210218,14:51,1.55,1.55,1.05,1.10,84300,827000
20210218,14:52,1.00,1.25,1.00,1.10,100825,827000
20210218,14:53,1.05,1.15,1.00,1.15,71575,827000
20210218,14:54,1.10,1.20,1.10,1.20,67200,812600
20210218,14:55,1.15,1.25,1.10,1.15,72150,812600
20210218,14:56,1.15,1.15,0.90,0.95,86500,812600
20210218,14:57,0.95,1.05,0.85,0.90,85875,812050
20210218,14:58,0.90,0.95,0.75,0.80,35150,812050
20210218,14:59,0.80,0.85,0.75,0.80,30650,812050
20210218,15:00,0.80,0.80,0.70,0.75,52100,827325
20210218,15:01,0.80,0.85,0.75,0.75,51525,827325
20210218,15:02,0.75,0.80,0.70,0.70,42450,827325
20210218,15:03,0.75,0.80,0.70,0.70,42675,863525
20210218,15:04,0.70,0.75,0.55,0.55,34950,863525
20210218,15:05,0.55,0.70,0.50,0.50,63775,863525
20210218,15:06,0.50,0.55,0.40,0.50,37925,900125
20210218,15:07,0.45,0.50,0.30,0.30,42475,900125
20210218,15:08,0.35,0.40,0.30,0.30,22800,900125
20210218,15:09,0.35,0.40,0.30,0.35,39000,872650
20210218,15:10,0.45,0.45,0.30,0.35,32175,872650
20210218,15:11,0.35,0.35,0.30,0.30,35700,872650
20210218,15:12,0.30,0.40,0.30,0.30,34425,868875
20210218,15:13,0.30,0.35,0.30,0.30,23500,868875
20210218,15:14,0.35,0.35,0.30,0.35,43050,868875
20210218,15:15,0.35,0.35,0.25,0.25,41125,856200
20210218,15:16,0.25,0.30,0.20,0.25,28400,856200
20210218,15:17,0.25,0.25,0.20,0.25,33100,856200
20210218,15:18,0.20,0.30,0.20,0.25,44400,819550
20210218,15:19,0.25,0.25,0.15,0.15,34050,819550
20210218,15:20,0.20,0.25,0.15,0.15,31925,819550
20210218,15:21,0.15,0.20,0.15,0.15,8825,840100
20210218,15:22,0.20,0.20,0.15,0.15,29950,840100
20210218,15:23,0.15,0.20,0.15,0.20,25550,840100
20210218,15:24,0.15,0.20,0.15,0.20,22275,835675
20210218,15:25,0.15,0.20,0.10,0.10,59750,835675
20210218,15:26,0.10,0.20,0.10,0.15,16025,835675
20210218,15:27,0.10,0.15,0.10,0.10,8750,815850
20210218,15:28,0.10,0.15,0.05,0.05,18725,815850
20210218,15:29,0.05,0.15,0.05,0.10,11700,815850
