20210125,11:16,78.00,78.00,78.00,78.00,26,25
20210125,14:08,100.00,100.00,100.00,100.00,25,25
20210125,15:06,125.50,125.50,125.50,125.50,25,50
20210125,15:07,125.50,125.50,125.50,125.50,25,75
20210127,09:43,107.75,107.75,107.75,107.75,26,100
20210127,09:49,107.75,107.75,107.75,107.75,100,125
20210127,10:02,143.95,143.95,143.95,143.95,25,200
20210127,10:39,143.95,143.95,143.95,143.95,25,225
20210127,11:14,92.90,92.90,92.90,92.90,25,225
20210127,11:15,90.00,90.00,90.00,90.00,75,200
20210127,11:37,90.00,90.00,90.00,90.00,25,175
20210127,11:46,129.95,129.95,129.95,129.95,50,150
20210127,11:53,114.90,114.90,114.90,114.90,25,200
20210127,11:58,139.60,139.60,139.60,139.60,25,200
20210127,11:59,115.70,115.70,115.70,115.70,50,200
20210127,12:00,118.60,118.60,118.60,118.60,25,175
20210127,12:07,115.50,115.50,115.50,115.50,50,200
20210127,12:11,116.00,117.00,116.00,117.00,75,225
20210127,12:12,117.00,117.00,117.00,117.00,75,300
20210127,12:13,117.00,117.00,117.00,117.00,50,300
20210127,12:15,117.00,117.00,117.00,117.00,50,425
20210127,12:18,118.00,118.00,118.00,118.00,150,475
20210127,12:23,117.00,117.00,117.00,117.00,25,625
20210127,12:41,136.05,136.05,136.05,136.05,25,600
20210127,12:58,133.50,133.50,133.50,133.50,25,600
20210127,13:00,114.50,114.50,114.50,114.50,25,600
20210127,13:16,116.00,116.00,116.00,116.00,50,625
20210127,13:31,143.00,145.00,143.00,145.00,50,675
20210127,13:32,171.65,171.65,171.65,171.65,25,675
20210127,13:33,171.65,171.65,171.65,171.65,25,675
20210127,13:35,167.95,167.95,167.95,167.95,25,675
20210127,13:41,152.75,152.75,152.75,152.75,25,675
20210127,13:43,178.00,178.00,178.00,178.00,25,675
20210127,13:45,178.00,178.00,178.00,178.00,25,675
20210127,13:51,116.40,116.40,116.40,116.40,25,600
20210127,14:01,178.00,178.00,178.00,178.00,25,600
20210127,14:03,178.00,178.00,178.00,178.00,25,600
20210127,14:05,178.60,178.60,178.60,178.60,50,600
20210127,14:06,179.70,179.70,179.70,179.70,25,600
20210127,14:07,179.70,179.70,179.70,179.70,75,600
20210127,14:10,190.00,190.00,190.00,190.00,25,600
20210127,14:15,214.35,214.35,214.35,214.35,25,625
20210127,14:19,214.35,214.35,214.35,214.35,25,600
20210127,14:20,202.00,202.00,190.00,190.00,75,600
20210127,14:23,223.40,223.40,223.40,223.40,25,700
20210127,14:26,223.40,223.40,182.00,182.00,50,700
20210127,14:33,216.60,216.60,216.60,216.60,25,725
20210127,14:34,188.90,188.90,188.90,188.90,25,725
20210127,14:35,238.30,238.30,238.30,238.30,50,725
20210127,14:41,244.25,244.25,244.25,244.25,200,800
20210127,14:47,195.20,195.20,195.20,195.20,25,900
20210127,14:48,172.00,172.00,172.00,172.00,150,900
20210127,14:49,186.85,186.85,184.90,184.90,50,925
20210127,14:51,183.70,183.70,183.70,183.70,25,925
20210127,14:52,179.75,179.75,179.75,179.75,25,925
20210127,14:53,191.55,191.55,188.30,188.30,50,925
20210127,14:56,176.40,176.40,173.00,173.00,50,1000
20210127,14:57,190.65,190.65,188.05,188.05,150,1050
20210127,14:59,195.00,195.00,192.15,192.15,50,1050
20210127,15:00,197.70,197.70,197.70,197.70,50,1075
20210127,15:01,198.25,198.25,198.25,198.25,50,1075
20210127,15:04,206.70,206.70,206.70,206.70,25,1050
20210127,15:06,191.15,191.15,191.15,191.15,25,1050
20210127,15:07,182.90,182.90,182.90,182.90,25,1075
20210127,15:09,179.95,179.95,178.15,178.15,50,1075
20210127,15:10,176.90,176.90,173.90,173.90,150,1075
20210127,15:11,176.15,178.40,176.15,178.40,250,1075
20210127,15:12,174.35,174.35,174.35,174.35,25,1075
20210127,15:13,177.35,180.25,177.35,180.25,50,1225
20210127,15:15,179.70,179.70,176.00,176.00,200,1225
20210127,15:16,179.65,179.65,179.65,179.65,25,1225
20210127,15:19,175.40,175.40,175.40,175.40,150,1300
20210127,15:20,178.00,178.00,178.00,178.00,25,1300
20210127,15:24,188.25,188.25,188.25,188.25,25,1450
20210127,15:28,187.65,187.65,182.80,182.80,200,1175
20210127,15:29,185.20,185.20,185.20,185.20,25,1175
20210128,09:15,223.90,294.95,223.90,294.95,76,1300
20210128,09:16,294.95,294.95,234.80,252.85,200,1300
20210128,09:17,250.00,290.95,250.00,290.95,225,1375
20210128,09:18,273.65,283.75,273.65,283.75,100,1375
20210128,09:19,282.95,282.95,274.95,274.95,75,1375
20210128,09:20,283.95,293.25,279.70,293.25,325,1450
20210128,09:21,305.80,314.70,302.70,306.20,175,1450
20210128,09:22,311.60,323.10,310.45,323.10,200,1450
20210128,09:23,325.00,333.95,325.00,326.30,1150,1650
20210128,09:24,330.00,330.00,320.70,320.70,250,1650
20210128,09:25,315.90,321.65,300.50,300.50,525,1650
20210128,09:26,304.65,304.90,295.45,295.45,375,2450
20210128,09:27,293.20,293.20,273.90,275.05,475,2450
20210128,09:28,264.15,264.15,248.00,248.00,100,2450
20210128,09:29,243.10,247.90,236.00,236.00,275,2775
20210128,09:30,245.70,249.10,245.70,249.10,225,2775
20210128,09:31,243.20,250.25,243.20,250.00,400,2775
20210128,09:32,245.95,252.90,245.95,252.90,200,2775
20210128,09:33,245.85,248.30,245.00,245.00,225,2750
20210128,09:34,246.30,249.05,233.95,233.95,450,2750
20210128,09:35,235.45,235.45,220.00,220.00,300,2975
20210128,09:36,208.40,208.40,194.35,194.35,1450,2975
20210128,09:37,189.00,189.00,180.00,185.30,500,2975
20210128,09:38,185.90,185.90,179.85,183.00,100,2950
20210128,09:39,200.40,200.40,195.85,195.85,150,2950
20210128,09:40,198.00,201.00,198.00,201.00,50,2950
20210128,09:41,211.30,213.00,211.30,213.00,50,2950
20210128,09:42,201.00,208.40,201.00,208.40,50,3125
20210128,09:43,205.00,205.00,203.05,203.05,150,3125
20210128,09:44,206.15,206.15,194.60,194.60,850,3350
20210128,09:45,196.90,198.85,196.85,198.85,125,3350
20210128,09:46,194.00,194.55,191.90,192.00,200,3350
20210128,09:47,194.00,194.00,190.75,193.15,600,3825
20210128,09:48,193.35,193.35,193.35,193.35,50,3825
20210128,09:49,196.05,197.20,196.05,197.00,250,3825
20210128,09:50,197.00,198.65,194.05,194.05,350,4325
20210128,09:53,196.30,196.65,196.30,196.65,75,4325
20210128,09:54,200.80,202.50,200.10,202.50,225,4675
20210128,09:55,212.65,212.65,210.85,210.85,175,4675
20210128,09:56,210.85,210.85,209.45,209.45,225,4725
20210128,09:57,205.85,210.40,205.85,209.00,100,4725
20210128,09:58,212.00,212.00,212.00,212.00,25,4725
20210128,09:59,212.70,213.25,208.90,208.90,150,4525
20210128,10:00,211.10,211.10,202.95,202.95,75,4525
20210128,10:01,203.05,205.55,203.05,204.30,125,4525
20210128,10:02,203.75,203.75,199.05,199.05,175,4475
20210128,10:03,199.00,199.00,193.85,193.85,375,4475
20210128,10:04,193.00,197.85,193.00,197.85,425,4475
20210128,10:05,197.00,197.00,197.00,197.00,50,5000
20210128,10:06,197.95,198.00,196.60,196.60,100,5000
20210128,10:07,194.25,194.25,194.25,194.25,25,5000
20210128,10:08,199.30,199.30,199.30,199.30,25,5025
20210128,10:09,199.90,199.90,199.90,199.90,125,5025
20210128,10:10,197.65,197.65,192.50,196.00,250,5025
20210128,10:11,193.00,193.00,193.00,193.00,200,4975
20210128,10:12,195.00,195.00,192.15,195.00,825,4975
20210128,10:13,188.75,189.90,188.75,189.90,75,4975
20210128,10:14,190.00,190.00,185.20,185.20,375,5825
20210128,10:15,184.35,184.35,182.25,182.50,200,5825
20210128,10:16,170.55,170.55,162.00,166.90,300,5825
20210128,10:17,166.85,166.85,166.80,166.80,50,5825
20210128,10:18,163.10,163.80,162.45,162.45,200,5975
20210128,10:19,162.65,162.65,161.00,161.00,50,5975
20210128,10:20,158.95,158.95,153.50,154.95,225,6000
20210128,10:21,155.00,160.00,155.00,160.00,500,6000
20210128,10:22,161.45,162.00,161.45,162.00,75,6000
20210128,10:23,163.00,163.00,163.00,163.00,25,6000
20210128,10:24,162.00,163.00,162.00,163.00,100,6100
20210128,10:25,165.00,166.60,165.00,166.60,75,6100
20210128,10:27,177.60,177.60,177.60,177.60,125,6050
20210128,10:28,191.55,194.70,191.55,194.70,150,6050
20210128,10:29,198.25,198.25,197.95,197.95,125,6100
20210128,10:30,198.45,198.45,198.45,198.45,25,6100
20210128,10:32,207.80,207.80,207.00,207.00,50,6100
20210128,10:33,199.85,199.85,193.20,193.20,225,5975
20210128,10:34,192.40,193.10,192.40,193.10,150,5975
20210128,10:35,198.10,198.10,198.10,198.10,25,5825
20210128,10:36,207.70,207.70,207.70,207.70,25,5825
20210128,10:39,206.00,206.00,206.00,206.00,25,5975
20210128,10:40,207.70,208.85,207.70,208.85,50,5975
20210128,10:41,204.95,204.95,204.95,204.95,200,5975
20210128,10:42,206.80,206.80,206.80,206.80,25,5950
20210128,10:43,206.80,213.85,205.70,210.85,525,5950
20210128,10:44,208.30,208.30,208.30,208.30,100,5900
20210128,10:45,210.75,210.75,208.85,209.05,75,5900
20210128,10:46,202.20,202.20,199.10,199.10,75,5900
20210128,10:47,198.85,198.85,198.85,198.85,25,5900
20210128,10:50,205.90,205.90,205.90,205.90,25,6025
20210128,10:51,200.80,200.80,200.80,200.80,25,6025
20210128,10:52,202.25,202.60,200.00,200.00,175,6025
20210128,10:53,198.10,198.10,188.00,189.50,150,6175
20210128,10:54,189.80,192.30,189.80,192.30,225,6175
20210128,10:55,192.00,192.00,188.00,189.30,275,6175
20210128,10:57,186.20,186.20,181.00,181.00,300,6175
20210128,10:58,177.95,179.00,177.95,179.00,250,6175
20210128,10:59,180.05,180.05,180.05,180.05,100,6175
20210128,11:01,185.55,185.55,184.70,184.70,75,6150
20210128,11:03,186.75,186.75,186.75,186.75,25,6175
20210128,11:04,186.00,186.00,184.65,184.65,100,6175
20210128,11:05,182.00,182.00,176.95,176.95,150,6175
20210128,11:09,178.75,178.75,177.00,177.00,500,6250
20210128,11:10,177.95,177.95,177.95,177.95,50,6250
20210128,11:11,181.45,181.45,181.45,181.45,25,6250
20210128,11:15,186.55,186.55,186.55,186.55,200,6400
20210128,11:16,182.70,220.60,182.70,220.60,625,6400
20210128,11:17,188.35,189.50,188.35,189.50,250,6400
20210128,11:18,187.15,189.25,186.65,188.50,200,7200
20210128,11:19,188.10,188.10,187.00,187.00,100,7200
20210128,11:20,190.30,190.70,188.20,188.20,100,7200
20210128,11:22,187.90,187.90,187.90,187.90,25,7125
20210128,11:23,184.00,184.00,184.00,184.00,25,7125
20210128,11:24,185.55,185.55,185.55,185.55,50,7125
20210128,11:25,182.00,182.00,179.85,179.85,150,7100
20210128,11:26,183.60,183.60,182.65,183.35,675,7475
20210128,11:27,182.50,182.50,178.20,178.20,575,7475
20210128,11:29,181.75,181.75,180.15,180.15,100,7475
20210128,11:30,181.70,186.15,181.70,186.15,50,7950
20210128,11:31,186.65,186.65,186.40,186.40,75,7950
20210128,11:32,186.50,186.50,186.50,186.50,25,7950
20210128,11:35,193.55,193.55,193.55,193.55,50,7950
20210128,11:36,194.60,194.60,194.60,194.60,50,7950
20210128,11:37,194.60,194.60,192.45,192.55,100,7950
20210128,11:38,194.50,194.50,194.50,194.50,25,7950
20210128,11:39,189.00,189.00,189.00,189.00,25,7925
20210128,11:40,188.75,188.75,188.75,188.75,50,7925
20210128,11:41,192.65,192.65,191.35,191.35,175,7925
20210128,11:42,189.30,190.60,189.30,190.60,125,7925
20210128,11:43,190.55,190.55,187.35,187.35,75,7925
20210128,11:44,188.50,188.50,188.50,188.50,25,7950
20210128,11:45,189.40,189.40,189.40,189.40,125,7950
20210128,11:46,187.05,187.05,186.15,186.15,50,7950
20210128,11:47,187.10,187.10,183.65,183.65,625,7950
20210128,11:48,187.75,191.10,187.75,191.10,150,8175
20210128,11:49,188.20,188.20,188.20,188.20,50,8175
20210128,11:52,190.55,190.55,187.95,187.95,675,8050
20210128,11:53,187.85,190.60,187.85,190.60,275,8050
20210128,11:55,192.95,194.35,190.45,190.45,175,8100
20210128,11:56,193.60,193.60,193.60,193.60,25,8100
20210128,11:57,192.45,192.45,192.45,192.45,25,8125
20210128,12:00,189.15,189.15,186.15,186.15,75,8125
20210128,12:01,181.65,183.85,181.65,183.25,175,8125
20210128,12:02,185.45,188.00,185.45,188.00,100,8125
20210128,12:03,189.90,189.90,189.90,189.90,25,8125
20210128,12:05,187.45,187.45,187.45,187.45,50,8125
20210128,12:06,193.65,193.65,193.65,193.65,150,8075
20210128,12:07,192.50,192.50,189.95,189.95,100,8075
20210128,12:08,194.25,194.25,188.00,188.00,50,8075
20210128,12:09,188.85,188.85,188.85,188.85,25,8075
20210128,12:10,186.00,186.00,184.35,185.25,100,8175
20210128,12:11,184.85,185.15,183.00,183.00,125,8175
20210128,12:12,183.55,183.55,182.25,182.25,50,8175
20210128,12:13,183.80,183.80,182.75,182.75,50,8175
20210128,12:14,186.30,186.30,184.85,184.85,150,8175
20210128,12:15,182.10,182.10,178.50,180.25,500,8200
20210128,12:16,134.00,172.15,134.00,165.25,925,8200
20210128,12:17,164.35,168.45,164.35,168.45,100,8200
20210128,12:18,169.40,174.85,169.40,174.85,200,8175
20210128,12:19,174.45,175.05,174.45,175.05,50,8175
20210128,12:20,176.65,176.65,176.65,176.65,25,8175
20210128,12:21,176.65,176.65,171.55,172.55,125,8250
20210128,12:22,164.50,172.10,164.50,171.00,375,8250
20210128,12:23,172.20,172.20,169.90,169.90,225,8250
20210128,12:24,175.60,177.90,175.60,176.05,100,8425
20210128,12:26,183.75,183.75,180.00,180.00,1250,8425
20210128,12:27,183.90,192.95,183.90,192.95,325,8950
20210128,12:28,193.15,219.90,193.00,202.60,525,8950
20210128,12:29,202.60,202.60,202.60,202.60,50,8950
20210128,12:30,207.05,207.05,207.05,207.05,25,8925
20210128,12:31,202.55,204.40,202.55,204.40,75,8925
20210128,12:32,206.70,207.25,205.25,207.00,250,8925
20210128,12:33,206.40,209.85,206.40,209.85,150,8900
20210128,12:34,210.00,211.35,210.00,211.35,75,8900
20210128,12:35,211.15,214.80,211.15,214.80,175,8900
20210128,12:36,220.50,229.40,220.50,226.75,525,9075
20210128,12:37,229.80,229.80,229.80,229.80,25,9075
20210128,12:38,229.85,230.20,229.70,230.20,100,9075
20210128,12:39,239.50,239.50,236.45,238.00,475,8975
20210128,12:40,236.15,236.15,223.85,223.85,975,8975
20210128,12:41,220.45,225.90,220.45,225.90,50,8975
20210128,12:42,232.85,233.60,232.85,233.60,50,8975
20210128,12:43,231.85,231.85,231.85,231.85,200,8975
20210128,12:44,230.00,230.00,230.00,230.00,25,8975
20210128,12:45,232.50,234.05,232.50,234.05,75,8975
20210128,12:46,239.25,239.25,238.05,238.05,100,9100
20210128,12:48,243.05,243.05,243.05,243.05,25,9125
20210128,12:49,243.05,246.70,243.05,246.70,275,9125
20210128,12:50,239.65,239.65,239.65,239.65,225,9125
20210128,12:52,239.00,239.00,239.00,239.00,125,9050
20210128,12:53,240.80,240.80,240.80,240.80,25,9050
20210128,12:54,238.90,240.05,238.90,240.00,675,8750
20210128,12:55,240.55,240.85,235.00,235.00,325,8750
20210128,12:56,230.00,231.55,229.65,231.55,175,8750
20210128,12:57,230.40,231.50,230.40,231.50,250,8750
20210128,12:58,235.00,235.00,234.10,234.10,350,8750
20210128,13:00,239.55,239.55,238.00,238.00,300,9250
20210128,13:01,239.05,239.20,239.05,239.20,50,9250
20210128,13:02,239.20,247.35,239.20,247.35,425,9250
20210128,13:03,246.60,250.15,246.60,250.00,575,9125
20210128,13:04,251.05,255.00,249.70,255.00,150,9125
20210128,13:05,259.70,260.10,258.90,259.60,150,9125
20210128,13:06,266.10,266.10,262.40,262.40,175,8850
20210128,13:07,259.10,260.15,257.00,257.00,300,8850
20210128,13:08,247.40,251.40,247.40,251.40,275,8850
20210128,13:09,250.00,250.00,245.05,247.35,175,8975
20210128,13:10,249.70,249.70,249.70,249.70,25,8975
20210128,13:11,258.00,258.00,254.10,254.15,550,8975
20210128,13:12,254.00,255.85,253.80,253.80,200,9275
20210128,13:13,253.35,253.35,253.35,253.35,50,9275
20210128,13:14,251.75,252.75,251.75,252.75,100,9275
20210128,13:15,245.00,245.00,230.00,230.00,600,9575
20210128,13:16,225.40,225.40,215.00,217.00,1650,9575
20210128,13:17,217.85,217.85,210.00,210.00,375,9575
20210128,13:18,212.00,212.00,211.10,211.10,75,9575
20210128,13:19,211.00,218.90,211.00,218.90,525,9625
20210128,13:20,219.10,221.00,218.10,219.10,475,9625
20210128,13:21,219.30,219.30,207.20,207.20,175,9725
20210128,13:22,201.80,202.10,201.80,202.10,250,9725
20210128,13:23,207.65,207.65,202.40,207.05,150,9725
20210128,13:24,206.20,206.20,206.20,206.20,25,10025
20210128,13:25,201.55,201.55,201.55,201.55,25,10025
20210128,13:26,197.90,197.90,190.55,190.55,425,10025
20210128,13:27,192.85,192.85,185.55,185.55,125,9700
20210128,13:28,184.85,184.85,171.05,171.50,475,9700
20210128,13:29,167.20,171.95,167.00,171.95,200,9700
20210128,13:30,166.10,166.10,159.05,162.95,375,9725
20210128,13:31,168.20,180.75,168.20,179.45,625,9725
20210128,13:32,186.85,193.65,186.30,193.65,275,9725
20210128,13:33,191.30,193.20,190.00,190.55,300,9725
20210128,13:34,191.00,191.55,189.80,189.80,400,9725
20210128,13:35,190.45,193.15,185.40,185.40,175,9725
20210128,13:36,183.40,183.40,179.75,179.75,200,9900
20210128,13:37,179.75,184.40,178.95,184.40,175,9900
20210128,13:38,188.00,190.55,188.00,190.55,75,9900
20210128,13:39,188.55,188.55,184.75,186.95,225,9900
20210128,13:40,181.55,181.55,181.55,181.55,25,9900
20210128,13:41,176.80,176.80,173.40,173.40,575,9900
20210128,13:42,173.40,179.05,173.40,179.05,125,10125
20210128,13:43,180.95,180.95,180.95,180.95,25,10125
20210128,13:44,176.05,176.05,174.40,174.40,225,10125
20210128,13:45,168.25,168.25,165.00,165.50,250,10125
20210128,13:46,118.00,161.05,118.00,161.05,900,10125
20210128,13:47,165.90,165.90,165.90,165.90,25,10125
20210128,13:48,168.05,179.75,168.05,177.25,150,10150
20210128,13:49,181.00,185.20,181.00,183.50,225,10150
20210128,13:50,181.75,181.75,176.65,176.65,50,10150
20210128,13:51,177.90,177.90,177.90,177.90,25,10175
20210128,13:53,180.00,180.55,180.00,180.55,350,10175
20210128,13:54,177.90,183.50,177.90,183.30,500,10225
20210128,13:55,194.55,205.35,194.55,205.35,375,10225
20210128,13:56,204.95,212.70,204.95,212.70,400,10225
20210128,13:57,211.90,212.00,211.90,212.00,50,10225
20210128,13:58,207.25,207.25,204.90,205.50,200,10375
20210128,13:59,203.95,203.95,203.95,203.95,25,10375
20210128,14:00,207.00,216.00,206.55,216.00,375,10400
20210128,14:01,212.25,218.50,210.90,210.90,350,10400
20210128,14:02,210.00,210.15,210.00,210.00,125,10400
20210128,14:03,208.45,208.45,206.60,206.60,125,10675
20210128,14:05,202.80,202.80,180.05,180.55,925,10675
20210128,14:06,182.20,191.30,182.20,191.30,450,10750
20210128,14:07,191.35,192.30,191.30,192.00,275,10750
20210128,14:08,190.20,199.00,189.80,190.55,1025,10750
20210128,14:09,193.95,195.30,193.95,195.30,50,10600
20210128,14:10,195.45,196.00,190.50,190.50,700,10600
20210128,14:11,191.90,191.90,183.30,183.30,250,10600
20210128,14:12,186.90,186.90,186.90,186.90,125,10600
20210128,14:13,189.70,193.00,189.70,191.80,425,10400
20210128,14:14,191.30,191.30,191.30,191.30,200,10400
20210128,14:15,193.50,193.50,190.95,190.95,200,10400
20210128,14:16,190.05,202.40,190.05,193.05,300,10425
20210128,14:17,190.35,193.95,190.35,193.95,75,10425
20210128,14:18,192.70,192.70,180.55,181.75,325,10575
20210128,14:19,184.55,188.90,184.55,188.90,150,10575
20210128,14:20,189.60,191.55,189.55,191.30,200,10575
20210128,14:21,188.10,188.10,188.10,188.10,25,10575
20210128,14:22,178.75,180.90,175.60,175.60,325,11025
20210128,14:23,178.30,178.30,166.90,166.90,525,11025
20210128,14:24,165.40,166.00,163.15,166.00,475,10725
20210128,14:25,168.95,174.10,168.95,174.10,100,10725
20210128,14:26,181.00,182.65,181.00,182.65,200,10725
20210128,14:27,181.55,187.80,181.55,187.80,275,11150
20210128,14:28,185.85,188.45,183.85,185.90,575,11150
20210128,14:29,186.25,192.55,186.25,188.20,450,11150
20210128,14:30,188.20,195.00,184.05,192.00,550,11275
20210128,14:31,184.05,188.40,184.05,185.90,150,11275
20210128,14:32,192.60,192.60,186.30,186.30,225,11275
20210128,14:33,188.35,189.60,188.35,189.60,100,11250
20210128,14:34,189.35,189.35,180.65,180.65,575,11250
20210128,14:35,181.00,182.75,172.35,179.05,225,11250
20210128,14:36,179.00,179.00,179.00,179.00,25,11250
20210128,14:37,179.45,179.50,179.00,179.50,200,11150
20210128,14:38,181.45,185.45,179.95,185.45,150,11150
20210128,14:39,187.45,188.70,185.25,188.70,625,11300
20210128,14:40,182.15,184.65,180.45,184.65,100,11300
20210128,14:41,182.70,182.95,182.20,182.20,250,11300
20210128,14:42,181.40,181.40,178.30,179.55,125,11300
20210128,14:43,181.70,184.45,179.35,184.40,275,11275
20210128,14:44,184.85,186.35,183.15,183.15,150,11275
20210128,14:45,185.50,185.50,179.00,179.00,225,11275
20210128,14:46,179.40,179.40,179.40,179.40,25,11375
20210128,14:47,174.75,180.05,173.55,173.55,200,11375
20210128,14:48,177.80,177.80,177.80,177.80,50,11375
20210128,14:49,181.00,186.00,181.00,186.00,175,11850
20210128,14:50,186.75,193.50,186.75,188.35,150,11850
20210128,14:51,188.10,188.10,188.10,188.10,50,12000
20210128,14:52,182.90,183.55,182.55,182.60,125,12000
20210128,14:53,183.35,183.35,183.35,183.35,50,12000
20210128,14:54,185.55,188.00,185.55,188.00,325,12000
20210128,14:55,190.00,190.15,188.45,188.45,150,12075
20210128,14:56,188.95,188.95,184.35,184.35,200,12075
20210128,14:57,183.35,183.35,183.35,183.35,25,12075
20210128,14:58,180.25,180.25,179.50,180.10,75,11950
20210128,14:59,180.25,180.25,171.95,171.95,550,11950
20210128,15:00,165.60,165.60,150.10,160.80,500,12075
20210128,15:01,158.60,158.60,136.00,143.85,1300,12075
20210128,15:02,142.70,143.20,140.85,143.15,1050,12075
20210128,15:03,144.80,147.00,144.80,146.60,1425,12225
20210128,15:04,148.75,155.00,148.55,150.20,1575,12225
20210128,15:05,150.15,150.15,140.10,140.10,750,12225
20210128,15:06,141.80,142.00,141.80,142.00,325,12225
20210128,15:07,136.45,136.45,134.65,135.05,500,12275
20210128,15:08,134.00,135.40,128.10,130.00,1300,12275
20210128,15:09,132.60,135.65,132.60,135.65,300,12275
20210128,15:10,140.00,143.10,140.00,143.10,400,12700
20210128,15:11,144.30,146.60,144.30,146.60,50,12700
20210128,15:12,147.00,151.35,147.00,151.35,125,12750
20210128,15:13,149.25,151.20,149.25,151.20,100,12750
20210128,15:14,151.20,151.20,150.10,150.55,200,12750
20210128,15:15,147.00,148.10,145.35,147.25,925,12875
20210128,15:16,145.25,150.85,145.25,150.85,225,12875
20210128,15:17,153.30,154.15,151.95,153.75,750,12875
20210128,15:18,152.05,152.05,150.05,150.05,350,12875
20210128,15:19,150.00,150.00,147.35,147.35,700,13250
20210128,15:20,149.20,149.40,144.15,147.10,725,13250
20210128,15:21,147.00,147.95,146.00,147.95,425,13250
20210128,15:22,147.95,147.95,145.50,147.35,200,14975
20210128,15:23,149.50,149.50,147.00,148.30,300,14975
20210128,15:24,147.00,149.65,147.00,149.65,1400,15325
20210128,15:25,150.30,150.50,147.95,150.00,300,15325
20210128,15:26,150.00,150.05,147.85,147.85,425,15325
20210128,15:27,150.90,150.90,146.80,147.85,1825,15325
20210128,15:28,144.55,144.55,141.40,141.50,1200,15300
20210128,15:29,142.25,154.85,140.25,154.85,925,15300
20210128,15:30,157.90,157.90,157.90,157.90,100,15300
20210129,09:15,94.35,138.05,94.20,115.95,1227,12175
20210129,09:16,111.60,128.50,111.60,120.45,4800,12175
20210129,09:17,119.55,124.85,117.55,120.30,2100,12175
20210129,09:18,120.05,122.35,118.15,122.30,1675,12175
20210129,09:19,122.85,130.15,122.30,122.50,2475,12175
20210129,09:20,121.50,121.50,112.25,118.25,4700,14000
20210129,09:21,118.85,121.85,115.50,118.90,2675,14000
20210129,09:22,117.45,123.90,117.45,122.90,1325,14000
20210129,09:23,122.65,125.95,120.65,124.55,2100,14700
20210129,09:24,125.80,125.95,121.20,123.00,1250,14700
20210129,09:25,124.00,133.95,124.00,133.95,2500,14700
20210129,09:26,131.65,136.10,125.55,127.50,2975,15125
20210129,09:27,129.30,132.20,128.35,129.95,2125,15125
20210129,09:28,130.40,134.45,127.85,131.10,1350,15125
20210129,09:29,131.40,139.25,131.40,137.75,2975,17500
20210129,09:30,136.30,136.30,130.65,131.40,2200,17500
20210129,09:31,135.25,142.25,135.25,139.00,2700,17500
20210129,09:32,138.80,143.45,136.95,138.95,2025,18175
20210129,09:33,137.70,138.30,132.00,135.85,2350,18175
20210129,09:34,136.20,141.00,134.10,141.00,1400,18175
20210129,09:35,142.25,142.25,134.05,141.05,2325,18650
20210129,09:36,140.25,141.25,132.00,133.60,1425,18650
20210129,09:37,136.00,136.55,132.00,134.20,700,18650
20210129,09:38,133.95,136.05,130.00,134.00,1625,18450
20210129,09:39,134.00,142.15,134.00,142.15,1550,18450
20210129,09:40,142.20,143.25,136.85,141.40,1500,18450
20210129,09:41,141.30,147.60,138.65,140.25,3825,18850
20210129,09:42,140.15,146.50,140.15,144.15,475,18850
20210129,09:43,143.70,144.15,141.40,142.90,475,18850
20210129,09:44,142.60,148.00,142.60,145.05,850,19375
20210129,09:45,146.55,146.55,140.45,140.45,1200,19375
20210129,09:46,141.00,144.25,139.45,139.60,425,19375
20210129,09:47,141.00,145.05,141.00,141.35,725,19450
20210129,09:48,143.00,151.75,143.00,144.75,2050,19450
20210129,09:49,149.45,149.45,143.35,145.25,1375,19450
20210129,09:50,139.65,144.70,132.70,132.70,3550,19200
20210129,09:51,131.15,135.80,130.10,135.55,2650,19200
20210129,09:52,135.10,136.15,131.30,134.05,525,19200
20210129,09:53,135.40,135.40,129.10,129.10,1950,18900
20210129,09:54,129.10,132.60,129.10,131.50,2475,18900
20210129,09:55,131.10,138.00,131.10,138.00,1075,18900
20210129,09:56,138.65,140.65,135.00,135.00,1250,18525
20210129,09:57,135.80,139.95,132.25,138.55,1800,18525
20210129,09:58,137.55,141.40,137.45,140.05,700,18525
20210129,09:59,139.70,141.85,137.15,139.80,1100,18100
20210129,10:00,140.35,146.95,138.20,138.45,2675,18100
20210129,10:01,140.30,142.05,138.55,142.05,1000,18100
20210129,10:02,142.80,143.60,139.65,139.65,1225,18500
20210129,10:03,139.90,142.95,138.75,138.75,1850,18500
20210129,10:04,138.00,138.00,132.50,136.70,1900,18500
20210129,10:05,136.60,141.50,136.60,136.95,1575,18725
20210129,10:06,136.95,136.95,130.35,133.40,1525,18725
20210129,10:07,135.10,135.65,131.50,131.50,750,18725
20210129,10:08,130.75,135.60,130.75,133.00,1225,19350
20210129,10:09,133.50,134.20,132.40,132.40,750,19350
20210129,10:10,132.10,132.10,126.95,131.00,2700,19350
20210129,10:11,131.30,132.70,129.25,132.10,825,18925
20210129,10:12,131.65,136.80,131.65,136.15,850,18925
20210129,10:13,134.60,137.50,134.60,136.65,400,18925
20210129,10:14,137.35,140.55,136.25,137.25,1550,18525
20210129,10:15,138.35,139.00,130.20,130.20,1425,18525
20210129,10:16,130.90,133.25,130.55,132.70,500,18525
20210129,10:17,133.45,133.45,128.85,130.55,1075,19325
20210129,10:18,131.80,136.00,131.80,135.00,825,19325
20210129,10:19,132.00,132.75,131.05,131.75,325,19325
20210129,10:20,132.95,137.50,132.95,137.50,450,19000
20210129,10:21,141.60,141.60,137.00,140.90,1475,19000
20210129,10:22,140.45,146.05,138.80,146.05,1300,19000
20210129,10:23,148.05,154.70,148.05,150.00,5725,18950
20210129,10:24,150.75,155.60,150.00,152.25,3900,18950
20210129,10:25,153.95,162.35,153.95,162.15,5800,18950
20210129,10:26,165.60,170.00,160.10,165.90,4700,19100
20210129,10:27,167.15,167.15,151.70,155.60,4175,19100
20210129,10:28,157.10,165.60,156.85,164.70,2175,19100
20210129,10:29,164.70,180.75,164.60,172.85,9025,20750
20210129,10:30,171.75,190.20,171.75,182.20,6375,20750
20210129,10:31,182.55,186.00,179.35,179.35,1300,20750
20210129,10:32,179.60,183.00,170.55,173.10,1225,19475
20210129,10:33,174.55,176.65,161.30,164.50,4625,19475
20210129,10:34,166.20,167.30,161.25,162.80,3075,19475
20210129,10:35,163.35,163.50,156.10,160.90,3775,21475
20210129,10:36,162.10,165.90,158.95,163.95,2125,21475
20210129,10:37,163.55,167.30,159.45,159.75,2700,21475
20210129,10:38,160.85,166.35,160.85,165.90,1800,21250
20210129,10:39,166.00,177.85,166.00,171.35,4875,21250
20210129,10:40,172.20,178.15,168.95,174.95,3325,21250
20210129,10:41,174.25,174.25,169.25,171.55,1925,20800
20210129,10:42,171.80,178.70,171.80,178.70,2600,20800
20210129,10:43,177.90,181.70,174.75,181.70,2425,20800
20210129,10:44,180.30,182.60,176.15,176.15,2100,20675
20210129,10:45,173.95,181.10,173.95,178.30,1675,20675
20210129,10:46,179.95,184.85,177.05,182.05,1000,20675
20210129,10:47,181.15,183.25,171.35,176.70,4550,21575
20210129,10:48,177.20,180.20,170.55,178.65,4000,21575
20210129,10:49,179.00,180.15,166.55,167.80,5225,21575
20210129,10:50,171.80,171.80,163.95,165.70,4800,24025
20210129,10:51,165.05,166.75,160.65,166.75,2900,24025
20210129,10:52,166.30,166.30,157.70,162.60,2325,24025
20210129,10:53,161.65,167.95,161.65,165.00,1525,24650
20210129,10:54,169.40,170.35,164.00,166.80,825,24650
20210129,10:55,166.20,167.25,163.35,164.10,975,24650
20210129,10:56,164.25,169.40,160.60,166.00,2525,24725
20210129,10:57,166.85,171.70,166.85,171.70,1350,24725
20210129,10:58,173.55,173.55,167.70,171.00,3275,24725
20210129,10:59,170.70,173.00,167.30,169.40,850,25200
20210129,11:00,169.45,171.15,159.60,161.15,3150,25200
20210129,11:01,161.50,166.70,161.50,164.95,1775,25200
20210129,11:02,164.95,168.25,164.90,167.65,2325,26850
20210129,11:03,164.90,164.90,162.50,163.25,700,26850
20210129,11:04,164.00,165.80,156.20,159.75,3050,26850
20210129,11:05,158.85,164.15,156.65,160.05,5675,27025
20210129,11:06,161.90,165.90,161.90,165.70,2575,27025
20210129,11:07,166.40,168.30,163.95,167.40,2775,27025
20210129,11:08,166.35,170.10,162.60,162.60,775,27975
20210129,11:09,163.55,164.50,162.55,164.35,1250,27975
20210129,11:10,164.00,164.70,160.00,160.90,1900,27975
20210129,11:11,162.95,170.00,162.90,167.95,2850,28700
20210129,11:12,168.30,171.75,167.15,169.40,1050,28700
20210129,11:13,168.20,168.50,163.00,163.90,3625,28700
20210129,11:14,164.75,166.30,158.55,159.90,2850,30100
20210129,11:15,160.55,166.10,160.35,166.10,2325,30100
20210129,11:16,166.25,169.80,165.35,165.70,950,30100
20210129,11:17,165.45,167.20,164.00,167.20,350,29550
20210129,11:18,166.80,172.25,165.25,169.85,2025,29550
20210129,11:19,167.35,169.90,166.60,167.00,1750,29550
20210129,11:20,169.00,173.60,167.65,169.35,1925,29450
20210129,11:21,172.15,172.15,168.45,170.00,175,29450
20210129,11:22,170.00,170.00,166.50,168.30,725,29450
20210129,11:23,166.65,168.80,164.85,168.30,650,29925
20210129,11:24,168.05,168.60,167.25,167.25,175,29925
20210129,11:25,168.35,169.65,162.50,163.00,2275,29925
20210129,11:26,164.65,167.15,162.00,162.00,1200,30025
20210129,11:27,160.95,165.50,160.95,164.75,250,30025
20210129,11:28,163.00,167.00,163.00,167.00,550,30025
20210129,11:29,167.00,170.25,167.00,170.25,1600,30000
20210129,11:30,168.70,172.95,168.70,170.85,1975,30000
20210129,11:31,171.25,172.70,166.75,166.75,2500,30000
20210129,11:32,166.75,168.90,165.15,166.85,1175,31450
20210129,11:33,166.80,169.85,166.00,168.00,1625,31450
20210129,11:34,168.80,175.30,168.50,168.50,3275,31450
20210129,11:35,168.90,178.95,168.30,172.95,2275,32250
20210129,11:36,172.55,172.70,169.00,170.75,1175,32250
20210129,11:37,170.80,172.00,168.00,171.95,950,32250
20210129,11:38,168.70,169.55,168.00,169.55,375,32250
20210129,11:39,164.30,170.20,162.30,169.65,1825,32375
20210129,11:40,169.70,174.30,169.70,171.60,1125,32375
20210129,11:41,172.00,175.25,171.30,175.25,200,32725
20210129,11:42,175.00,177.85,173.00,175.85,950,32725
20210129,11:43,174.60,178.55,172.55,172.55,850,32725
20210129,11:44,173.25,175.00,172.55,175.00,1650,33800
20210129,11:45,173.70,180.35,173.70,176.95,1525,33800
20210129,11:46,174.55,179.00,172.85,179.00,1550,33800
20210129,11:47,180.00,180.45,173.55,175.00,1175,33425
20210129,11:48,174.70,176.35,168.00,170.95,1725,33425
20210129,11:49,172.00,172.00,167.15,168.40,575,33425
20210129,11:50,167.65,168.00,157.00,166.55,7475,35275
20210129,11:51,167.40,172.10,167.40,170.30,2775,35275
20210129,11:52,172.60,174.50,169.75,169.75,825,35275
20210129,11:53,170.35,172.00,169.95,170.05,500,35275
20210129,11:54,170.05,173.00,166.40,173.00,725,34600
20210129,11:55,173.55,178.05,166.65,167.10,3375,34600
20210129,11:56,166.50,173.80,166.50,170.25,550,35475
20210129,11:57,170.85,171.60,166.90,170.30,2175,35475
20210129,11:58,172.25,174.85,170.00,170.10,550,35475
20210129,11:59,173.60,174.70,172.85,174.40,800,36350
20210129,12:00,172.10,172.10,169.20,171.95,1325,36350
20210129,12:01,171.60,173.45,171.05,171.70,825,36350
20210129,12:02,172.65,174.00,172.00,172.00,400,37275
20210129,12:03,172.70,173.50,170.00,173.50,425,37275
20210129,12:04,171.60,173.50,170.00,173.50,250,37275
20210129,12:05,173.50,180.60,173.50,180.60,2300,36375
20210129,12:06,179.40,181.30,176.00,177.50,3175,36375
20210129,12:07,178.20,180.00,174.30,176.00,2200,36375
20210129,12:08,174.60,174.60,167.20,167.75,2675,33950
20210129,12:09,169.30,174.65,167.60,174.65,3000,33950
20210129,12:10,173.00,178.20,172.55,178.20,1400,33950
20210129,12:11,178.20,178.85,175.60,177.90,1200,33950
20210129,12:12,180.00,182.00,178.70,180.35,2125,34125
20210129,12:13,180.50,180.50,175.00,178.10,925,34125
20210129,12:14,179.55,180.05,176.55,178.75,425,33175
20210129,12:15,177.85,180.95,176.70,176.70,475,33175
20210129,12:16,174.00,177.70,174.00,175.50,1575,33175
20210129,12:17,173.25,175.20,169.00,171.75,1825,33175
20210129,12:18,172.25,176.20,171.75,174.75,1075,35225
20210129,12:19,175.35,176.80,172.20,172.35,525,35225
20210129,12:20,173.65,175.05,169.00,169.30,850,35625
20210129,12:21,166.40,171.70,164.60,167.25,2700,35625
20210129,12:22,168.55,171.60,167.05,170.50,975,35625
20210129,12:23,168.45,172.50,168.35,169.60,775,36800
20210129,12:24,169.75,170.00,166.40,168.55,350,36800
20210129,12:25,170.10,170.10,163.00,167.45,800,36800
20210129,12:26,165.85,167.30,155.95,159.50,5625,37325
20210129,12:27,158.95,158.95,151.70,157.90,6775,37325
20210129,12:28,156.60,161.00,156.60,161.00,850,37325
20210129,12:29,160.00,162.10,158.65,161.85,800,36525
20210129,12:30,159.55,160.50,157.95,157.95,900,36525
20210129,12:31,158.00,158.00,152.85,155.90,1400,36525
20210129,12:32,155.70,159.40,152.80,159.05,3075,36525
20210129,12:33,159.45,168.95,159.45,166.30,5250,36125
20210129,12:34,165.20,166.00,157.15,159.00,2625,36125
20210129,12:35,158.75,164.00,157.30,164.00,1775,36125
20210129,12:36,162.35,163.85,161.55,161.55,1475,36900
20210129,12:37,163.55,168.45,163.55,165.60,1150,36900
20210129,12:38,167.35,167.35,162.40,166.00,925,36900
20210129,12:39,166.60,168.00,166.60,167.30,425,36700
20210129,12:40,166.25,167.65,162.20,162.20,525,36700
20210129,12:41,163.30,163.30,159.00,161.75,975,36700
20210129,12:42,163.70,166.00,163.45,163.50,775,36250
20210129,12:43,164.30,166.40,162.00,162.00,500,36250
20210129,12:44,164.00,166.00,164.00,166.00,75,36250
20210129,12:45,165.55,165.70,162.00,162.05,300,35875
20210129,12:46,160.40,163.60,160.40,163.60,500,35875
20210129,12:47,162.70,162.70,154.05,159.45,4275,35875
20210129,12:48,160.10,162.60,159.10,161.55,425,37425
20210129,12:49,160.20,163.90,160.20,163.30,1700,37425
20210129,12:50,161.40,165.45,161.05,163.45,650,37425
20210129,12:51,163.55,163.90,160.00,162.80,475,38125
20210129,12:52,163.30,167.40,162.90,164.90,1500,38125
20210129,12:53,164.90,166.00,161.50,161.50,400,38125
20210129,12:54,161.50,161.50,159.55,160.95,375,38050
20210129,12:55,159.25,162.40,158.60,162.40,450,38050
20210129,12:56,162.65,165.35,162.10,164.10,300,38050
20210129,12:57,164.00,164.00,160.40,160.40,425,38150
20210129,12:58,161.75,163.05,161.75,162.45,100,38150
20210129,12:59,165.00,166.60,165.00,165.35,775,38150
20210129,13:00,164.00,165.35,160.00,165.35,700,38125
20210129,13:01,165.80,172.20,165.25,168.90,1900,38125
20210129,13:02,168.30,168.30,163.30,167.50,975,38125
20210129,13:03,166.05,171.50,165.95,168.55,850,38325
20210129,13:04,169.75,177.10,169.75,176.10,3750,38325
20210129,13:05,177.30,180.10,169.85,172.65,3075,38325
20210129,13:06,175.15,175.40,170.35,171.25,575,39125
20210129,13:07,172.05,173.00,167.80,170.60,1775,39125
20210129,13:08,172.00,174.00,170.35,170.35,725,39125
20210129,13:09,169.65,173.05,169.65,172.70,275,38325
20210129,13:10,172.40,176.95,172.40,175.95,1450,38325
20210129,13:11,177.00,178.50,169.90,172.05,2425,38325
20210129,13:12,173.75,177.25,173.00,176.95,1200,38325
20210129,13:13,175.30,175.30,170.55,171.05,2100,38325
20210129,13:14,171.55,172.85,167.20,172.85,1725,38325
20210129,13:15,173.00,173.00,169.90,171.00,800,36050
20210129,13:16,170.55,175.00,170.55,174.95,450,36050
20210129,13:17,174.50,176.70,171.45,173.00,750,36050
20210129,13:18,173.00,173.75,158.90,158.90,3575,35675
20210129,13:19,158.75,167.25,158.65,166.70,1425,35675
20210129,13:20,165.25,165.65,162.40,165.65,775,35675
20210129,13:21,167.00,167.00,165.15,165.20,1375,36400
20210129,13:22,165.20,166.20,163.75,163.75,550,36400
20210129,13:23,164.00,164.00,157.25,161.10,1275,36400
20210129,13:24,160.45,160.85,156.65,158.85,900,36800
20210129,13:25,158.80,165.05,158.80,162.65,750,36800
20210129,13:26,163.00,165.05,163.00,164.00,1025,36800
20210129,13:27,161.90,168.90,161.90,167.40,1375,36000
20210129,13:28,166.40,166.55,162.75,163.40,425,36000
20210129,13:29,164.00,168.65,164.00,168.65,225,36000
20210129,13:30,169.40,173.05,165.70,168.20,2000,35625
20210129,13:31,168.80,168.80,164.30,164.60,475,35625
20210129,13:32,167.00,171.00,167.00,170.00,575,35625
20210129,13:33,170.45,172.45,170.40,172.30,375,35925
20210129,13:34,172.05,173.55,166.10,166.60,525,35925
20210129,13:35,166.10,170.40,166.10,169.35,600,35925
20210129,13:36,170.20,172.50,168.75,172.10,1525,35975
20210129,13:37,173.10,176.00,171.90,172.80,1700,35975
20210129,13:38,174.05,179.00,173.80,179.00,2100,35975
20210129,13:39,178.25,185.70,177.00,185.70,4225,34950
20210129,13:40,184.70,185.20,176.90,178.10,1550,34950
20210129,13:41,177.60,179.60,171.80,177.05,1600,34950
20210129,13:42,175.25,175.75,173.45,173.45,325,35225
20210129,13:43,177.55,177.55,171.60,174.70,1050,35225
20210129,13:44,175.90,182.95,174.70,182.00,1300,35225
20210129,13:45,182.65,191.15,177.95,177.95,4600,35275
20210129,13:46,179.50,180.00,175.00,177.00,1875,35275
20210129,13:47,175.75,175.75,168.00,171.55,4525,35275
20210129,13:48,171.35,173.15,166.80,173.15,1800,36525
20210129,13:49,172.65,174.60,171.75,173.35,850,36525
20210129,13:50,173.50,177.45,172.55,172.55,1550,36525
20210129,13:51,170.80,174.40,168.55,173.75,1125,36650
20210129,13:52,172.90,173.75,167.00,167.00,675,36650
20210129,13:53,166.95,170.40,166.95,169.05,925,36650
20210129,13:54,170.75,172.15,169.85,171.20,725,37125
20210129,13:55,172.00,175.10,168.70,174.90,775,37125
20210129,13:56,174.95,177.20,170.05,170.80,775,37125
20210129,13:57,171.10,171.10,168.40,171.10,1525,36900
20210129,13:58,171.05,171.45,159.60,159.60,3050,36900
20210129,13:59,163.10,166.10,159.05,166.10,3375,36900
20210129,14:00,165.05,168.15,161.40,167.50,1300,35775
20210129,14:01,168.80,171.00,168.35,170.00,1700,35775
20210129,14:02,168.60,171.90,167.20,167.20,1400,35775
20210129,14:03,170.75,173.75,170.00,172.20,1200,35325
20210129,14:04,171.75,177.40,171.75,174.35,1150,35325
20210129,14:05,174.05,176.00,167.95,168.35,1150,35325
20210129,14:06,170.50,173.00,169.30,169.30,625,36300
20210129,14:07,169.20,170.40,166.05,168.85,1050,36300
20210129,14:08,168.30,170.40,166.65,166.65,600,36300
20210129,14:09,168.10,168.10,162.40,165.10,3925,35275
20210129,14:10,163.20,163.20,151.60,153.85,4075,35275
20210129,14:11,153.75,153.90,143.55,149.20,4525,35275
20210129,14:12,147.55,147.80,132.35,134.50,4875,34325
20210129,14:13,133.30,133.30,126.15,132.45,3175,34325
20210129,14:14,132.00,135.60,128.35,128.35,2875,34325
20210129,14:15,128.25,130.25,115.80,120.00,9900,33500
20210129,14:16,120.20,124.30,114.90,123.60,2825,33500
20210129,14:17,122.75,125.50,121.65,125.00,1525,33500
20210129,14:18,125.65,126.35,120.00,125.35,1075,32900
20210129,14:19,124.35,125.25,119.85,121.90,1625,32900
20210129,14:20,122.00,125.00,118.35,123.30,2175,32900
20210129,14:21,123.20,124.45,121.30,124.45,2550,32575
20210129,14:22,123.20,126.00,123.00,123.80,2575,32575
20210129,14:23,123.75,123.75,115.55,117.80,1875,32575
20210129,14:24,116.80,121.25,111.30,112.30,1850,32475
20210129,14:25,113.25,119.00,113.20,116.85,2125,32475
20210129,14:26,115.80,115.80,109.20,109.50,3800,32475
20210129,14:27,109.30,109.30,97.30,99.75,8025,32125
20210129,14:28,100.10,106.40,99.90,105.60,4300,32125
20210129,14:29,105.70,105.70,103.00,103.55,1475,32125
20210129,14:30,105.40,110.30,105.40,109.80,2500,31850
20210129,14:31,108.45,108.45,101.45,103.55,2100,31850
20210129,14:32,104.00,106.25,103.45,104.00,975,31850
20210129,14:33,102.00,102.00,91.70,94.95,4800,32450
20210129,14:34,95.00,95.95,92.80,95.30,3400,32450
20210129,14:35,97.10,97.80,95.80,97.75,875,32450
20210129,14:36,97.30,97.30,84.20,84.35,5175,32400
20210129,14:37,84.75,84.90,71.80,76.15,13850,32400
20210129,14:38,76.10,76.95,68.75,73.95,12700,32400
20210129,14:39,73.05,79.65,71.30,77.05,9650,31925
20210129,14:40,79.20,82.25,77.25,78.90,4050,31925
20210129,14:41,78.70,87.30,78.65,87.30,4400,31925
20210129,14:42,87.70,89.75,85.25,87.20,3825,32550
20210129,14:43,85.90,87.45,83.95,86.45,1525,32550
20210129,14:44,86.00,96.65,86.00,96.50,5550,32550
20210129,14:45,99.00,100.25,91.10,96.65,8700,33300
20210129,14:46,97.90,101.15,96.45,101.15,4375,33300
20210129,14:47,101.15,105.50,98.00,100.80,5025,33300
20210129,14:48,98.05,99.40,94.05,98.25,2575,35925
20210129,14:49,99.30,102.50,96.95,102.50,5500,35925
20210129,14:50,101.00,106.50,97.95,101.00,3300,35925
20210129,14:51,100.75,100.75,92.65,94.05,5575,38225
20210129,14:52,94.05,98.00,93.15,96.55,4650,38225
20210129,14:53,95.70,96.60,92.95,94.30,1775,38225
20210129,14:54,94.50,95.60,92.00,93.05,1225,38650
20210129,14:55,93.60,99.75,93.60,99.75,2500,38650
20210129,14:56,100.00,100.40,96.45,97.05,2725,38650
20210129,14:57,96.05,99.25,93.00,96.50,3725,38950
20210129,14:58,97.45,98.75,96.00,97.00,2850,38950
20210129,14:59,96.75,96.75,92.30,93.60,3625,38950
20210129,15:00,95.95,102.85,95.65,102.35,8500,38350
20210129,15:01,102.75,117.10,100.25,108.55,8500,38350
20210129,15:02,110.05,128.45,109.05,122.05,13300,38350
20210129,15:03,122.35,138.20,120.05,138.20,20275,35775
20210129,15:04,138.85,139.00,124.10,129.40,9675,35775
20210129,15:05,128.00,128.70,110.00,117.80,7150,35775
20210129,15:06,115.65,132.40,115.65,125.65,12350,38850
20210129,15:07,126.05,128.65,122.60,123.05,6025,38850
20210129,15:08,121.55,127.50,116.80,123.30,3125,38850
20210129,15:09,123.00,125.00,120.80,123.80,2700,39450
20210129,15:10,124.05,130.50,124.05,125.45,6100,39450
20210129,15:11,123.95,123.95,108.65,108.65,4525,39450
20210129,15:12,108.95,122.00,108.95,122.00,3525,38500
20210129,15:13,124.00,125.65,113.50,113.55,5125,38500
20210129,15:14,114.95,119.35,114.00,117.15,2175,38500
20210129,15:15,119.10,120.90,117.75,120.90,1625,35075
20210129,15:16,122.75,124.75,120.30,122.25,2175,35075
20210129,15:17,121.95,127.05,121.95,122.00,2875,35075
20210129,15:18,118.70,119.70,113.00,115.40,2750,34850
20210129,15:19,114.70,114.70,112.00,113.15,1500,34850
20210129,15:20,113.40,113.40,106.25,106.25,2025,34850
20210129,15:21,106.45,106.45,98.45,104.30,3375,33950
20210129,15:22,105.05,107.60,102.25,107.45,2825,33950
20210129,15:23,108.80,118.00,108.45,118.00,4275,33950
20210129,15:24,118.40,122.10,118.00,118.10,2150,32650
20210129,15:25,116.65,117.25,106.30,108.25,2025,32650
20210129,15:26,107.75,109.65,106.30,106.30,2650,32650
20210129,15:27,106.20,108.00,101.25,104.40,2725,27950
20210129,15:28,110.35,110.35,105.70,105.70,2800,27950
20210129,15:29,105.85,107.80,105.85,107.00,2325,27950
20210201,09:15,96.30,104.90,66.15,104.90,13452,26375
20210201,09:16,100.45,110.15,99.50,101.70,23525,26375
20210201,09:17,101.45,105.75,98.45,99.50,53300,29850
20210201,09:18,98.30,98.30,94.85,97.15,58550,29850
20210201,09:19,96.70,98.35,94.35,98.25,25725,29850
20210201,09:20,98.15,103.55,97.85,101.10,33850,80600
20210201,09:21,101.95,104.30,100.00,102.00,12550,80600
20210201,09:22,100.00,102.25,96.50,98.15,13800,80600
20210201,09:23,98.75,99.70,90.85,93.55,12050,114725
20210201,09:24,92.35,95.25,89.40,93.70,8425,114725
20210201,09:25,93.65,96.60,91.60,95.15,4950,114725
20210201,09:26,95.20,95.70,92.00,94.20,3800,114500
20210201,09:27,94.45,94.90,92.95,93.50,3000,114500
20210201,09:28,93.80,95.45,92.80,93.90,5975,114500
20210201,09:29,94.60,97.90,93.25,97.90,5500,119175
20210201,09:30,98.10,102.80,95.25,101.35,4725,119175
20210201,09:31,101.85,111.65,101.85,110.20,10425,119175
20210201,09:32,110.00,116.50,108.50,113.20,7800,121100
20210201,09:33,112.95,116.55,111.65,113.70,5575,121100
20210201,09:34,113.85,113.85,108.80,109.75,4975,121100
20210201,09:35,111.00,112.00,109.00,110.90,2550,125050
20210201,09:36,110.15,110.35,105.00,108.75,4625,125050
20210201,09:37,110.00,113.20,109.10,113.00,4750,125050
20210201,09:38,113.00,114.00,111.30,112.10,2375,132000
20210201,09:39,114.30,116.45,112.00,113.05,6625,132000
20210201,09:40,114.00,114.10,109.25,109.25,2825,132000
20210201,09:41,109.05,112.40,108.15,111.40,5150,138100
20210201,09:42,110.95,112.70,108.00,109.00,4025,138100
20210201,09:43,110.10,111.80,108.50,110.45,2750,138100
20210201,09:44,110.95,114.05,110.95,112.65,4250,141475
20210201,09:45,112.25,118.45,112.25,117.35,4725,141475
20210201,09:46,116.70,117.40,114.60,116.00,4675,141475
20210201,09:47,116.00,120.70,116.00,119.45,3675,144550
20210201,09:48,119.40,120.15,114.00,117.50,4850,144550
20210201,09:49,117.40,117.40,111.50,112.00,1450,144550
20210201,09:50,112.25,112.25,104.25,106.10,3950,147575
20210201,09:51,106.95,107.05,104.60,105.40,3200,147575
20210201,09:52,105.00,107.60,104.50,105.50,1425,147575
20210201,09:53,105.55,106.15,101.65,105.30,1975,152975
20210201,09:54,105.30,105.95,100.75,102.85,1575,152975
20210201,09:55,100.65,103.55,100.65,103.55,3775,152975
20210201,09:56,103.70,107.40,103.70,106.65,4100,155650
20210201,09:57,106.70,107.85,103.15,104.65,2425,155650
20210201,09:58,103.40,105.35,103.40,104.75,1300,155650
20210201,09:59,105.55,106.75,104.15,105.20,1500,157425
20210201,10:00,103.30,104.00,102.00,104.00,1500,157425
20210201,10:01,103.05,106.15,103.05,104.00,5050,157425
20210201,10:02,104.00,105.10,103.15,103.15,3625,160175
20210201,10:03,104.80,104.80,102.00,102.75,3500,160175
20210201,10:04,102.30,102.30,96.00,100.00,5750,160175
20210201,10:05,98.25,99.65,97.00,99.45,4950,164400
20210201,10:06,99.95,102.10,99.05,101.90,1500,164400
20210201,10:07,102.00,102.05,98.10,99.90,4450,164400
20210201,10:08,98.10,98.40,95.00,97.30,4900,166050
20210201,10:09,98.10,98.75,95.90,97.20,1575,166050
20210201,10:10,97.30,100.05,97.00,97.10,3650,166050
20210201,10:11,96.00,97.10,92.80,96.80,7825,171575
20210201,10:12,96.30,100.25,96.30,99.25,1450,171575
20210201,10:13,100.10,102.00,100.10,102.00,1400,171575
20210201,10:14,100.80,101.50,98.10,98.10,2125,170600
20210201,10:15,97.10,99.00,95.25,99.00,4000,170600
20210201,10:16,99.00,101.00,98.35,99.90,3025,170600
20210201,10:17,100.35,101.00,98.70,100.00,1825,171975
20210201,10:18,99.25,101.05,99.25,100.15,1600,171975
20210201,10:19,100.00,100.65,99.45,99.85,1825,171975
20210201,10:20,99.55,103.10,98.95,102.00,4050,172575
20210201,10:21,101.55,102.15,100.00,100.70,1550,172575
20210201,10:22,101.00,101.15,100.00,100.00,1925,172575
20210201,10:23,99.65,99.65,96.85,98.20,1000,174100
20210201,10:24,98.25,100.00,96.80,96.80,3425,174100
20210201,10:25,97.70,98.40,96.00,98.00,4850,174100
20210201,10:26,97.25,99.55,94.35,94.35,5600,174350
20210201,10:27,93.95,95.60,90.00,92.85,13925,174350
20210201,10:28,92.90,95.85,92.85,95.85,1500,174350
20210201,10:29,96.00,98.35,93.30,97.55,4650,177025
20210201,10:30,96.60,100.75,96.00,99.40,2125,177025
20210201,10:31,99.05,99.05,95.65,95.65,1250,177025
20210201,10:32,95.80,96.70,95.00,96.30,975,176925
20210201,10:33,96.30,98.70,96.30,97.80,1200,176925
20210201,10:34,97.70,99.25,95.45,96.85,2850,176925
20210201,10:35,96.75,98.40,95.90,96.40,925,175825
20210201,10:36,96.80,98.20,94.75,96.15,1575,175825
20210201,10:37,96.45,97.10,95.45,97.10,725,175825
20210201,10:38,96.25,96.25,94.85,95.00,1200,176125
20210201,10:39,95.65,95.65,90.85,93.95,850,176125
20210201,10:40,94.00,94.00,86.70,88.70,3500,176125
20210201,10:41,89.00,91.60,89.00,91.25,4475,177975
20210201,10:42,91.30,91.40,88.80,88.80,6275,177975
20210201,10:43,89.50,90.70,88.45,90.25,1500,177975
20210201,10:44,89.05,90.10,86.95,87.30,2475,179500
20210201,10:45,88.10,89.05,87.40,88.05,2775,179500
20210201,10:46,88.10,88.90,86.95,88.90,1425,179500
20210201,10:47,89.30,89.85,87.95,89.85,725,179250
20210201,10:48,89.85,89.85,87.20,88.75,675,179250
20210201,10:49,88.65,91.90,88.65,91.90,1350,179250
20210201,10:50,91.90,91.90,90.10,91.15,1225,179300
20210201,10:51,90.45,92.40,90.45,90.90,1075,179300
20210201,10:52,90.90,91.25,89.60,89.60,700,179300
20210201,10:53,89.90,90.50,89.55,89.55,1075,179600
20210201,10:54,89.00,89.00,86.40,88.35,3200,179600
20210201,10:55,88.10,88.50,80.20,80.20,7175,179600
20210201,10:56,80.80,80.80,73.30,77.55,15850,183200
20210201,10:57,77.05,80.15,77.05,77.85,7850,183200
20210201,10:58,78.10,81.40,78.10,80.75,26325,183200
20210201,10:59,81.25,81.30,78.60,79.40,18125,165625
20210201,11:00,79.35,80.15,74.65,77.00,37225,165625
20210201,11:01,76.75,76.75,72.55,76.35,38950,165625
20210201,11:02,76.60,84.40,74.85,83.00,44500,123950
20210201,11:03,82.55,84.70,80.75,84.70,6150,123950
20210201,11:04,85.45,89.60,84.35,86.15,7900,123950
20210201,11:05,85.55,87.90,83.20,84.20,4375,125750
20210201,11:06,84.20,84.80,78.35,78.85,2775,125750
20210201,11:07,79.45,81.70,75.25,78.70,4575,125750
20210201,11:08,78.20,80.85,77.75,80.85,2325,126050
20210201,11:09,80.85,82.20,79.00,79.90,2775,126050
20210201,11:10,80.40,81.50,78.60,81.00,2000,126050
20210201,11:11,80.85,81.65,77.80,77.80,2075,126425
20210201,11:12,80.45,81.45,79.60,80.10,1025,126425
20210201,11:13,81.00,81.10,79.60,80.15,3300,126425
20210201,11:14,79.45,81.95,79.40,81.75,4675,128475
20210201,11:15,81.40,81.45,79.00,81.35,2300,128475
20210201,11:16,80.90,80.90,79.25,80.10,2100,128475
20210201,11:17,80.10,84.85,80.00,84.20,2825,129500
20210201,11:18,84.05,84.50,82.85,83.65,3700,129500
20210201,11:19,83.25,83.40,79.55,80.85,3150,129500
20210201,11:20,80.80,81.25,71.70,71.70,5925,131950
20210201,11:21,69.40,74.25,64.10,73.30,11575,131950
20210201,11:22,72.95,74.25,71.50,72.00,3500,131950
20210201,11:23,72.15,74.10,72.15,73.75,2175,133775
20210201,11:24,72.85,72.85,68.00,68.40,6050,133775
20210201,11:25,68.80,68.80,61.05,66.95,11000,133775
20210201,11:26,66.40,68.00,65.40,66.10,4550,135750
20210201,11:27,66.55,67.40,64.30,64.35,4025,135750
20210201,11:28,64.25,64.90,58.00,60.05,7675,135750
20210201,11:29,59.95,61.05,55.50,56.60,6275,135775
20210201,11:30,57.25,59.00,52.45,58.05,5500,135775
20210201,11:31,58.00,62.15,57.50,61.65,2200,135775
20210201,11:32,60.95,62.90,58.65,62.30,2325,135450
20210201,11:33,62.80,65.00,61.60,63.50,2000,135450
20210201,11:34,63.25,63.25,60.10,61.60,1750,135450
20210201,11:35,61.55,61.55,59.70,60.75,3625,133800
20210201,11:36,61.30,62.00,60.20,61.50,1250,133800
20210201,11:37,61.75,62.70,61.10,61.85,3075,133800
20210201,11:38,61.40,65.40,61.40,65.40,3700,134525
20210201,11:39,65.35,67.35,63.90,64.70,5325,134525
20210201,11:40,64.80,66.00,64.50,65.20,1900,134525
20210201,11:41,65.65,69.45,64.55,68.00,6325,133275
20210201,11:42,67.40,70.60,67.40,68.35,2275,133275
20210201,11:43,68.15,68.70,65.10,65.85,5150,133275
20210201,11:44,65.20,67.75,64.60,66.70,1825,135050
20210201,11:45,65.90,65.90,62.35,63.50,2875,135050
20210201,11:46,63.40,64.50,58.00,61.10,3425,135050
20210201,11:47,61.25,62.65,59.65,61.90,2875,134600
20210201,11:48,61.30,61.85,58.50,60.85,5025,134600
20210201,11:49,61.20,61.25,55.25,56.55,7625,134600
20210201,11:50,56.45,59.95,55.45,58.75,7825,134575
20210201,11:51,58.50,61.05,57.70,60.15,6950,134575
20210201,11:52,59.80,59.90,57.05,58.80,4950,134575
20210201,11:53,58.90,58.90,56.70,58.20,2950,131100
20210201,11:54,58.00,59.30,56.35,56.75,3450,131100
20210201,11:55,57.10,61.90,53.55,60.20,5600,131100
20210201,11:56,60.00,62.85,58.85,62.35,3050,132125
20210201,11:57,62.40,63.30,61.40,62.60,3300,132125
20210201,11:58,62.50,62.50,58.70,61.50,2525,132125
20210201,11:59,60.60,62.80,60.00,61.00,1300,130250
20210201,12:00,60.50,61.15,58.50,60.20,1200,130250
20210201,12:01,59.35,59.85,56.95,58.05,1650,130250
20210201,12:02,58.35,59.20,57.00,58.50,2925,130250
20210201,12:03,57.75,58.35,55.70,55.70,300,131375
20210201,12:04,56.75,58.75,56.75,57.45,3750,131375
20210201,12:05,58.65,61.95,58.65,60.80,2825,130850
20210201,12:06,60.40,61.50,59.05,59.15,725,130850
20210201,12:07,59.15,60.30,58.90,59.60,1250,130850
20210201,12:08,59.50,59.75,58.20,58.70,1025,130850
20210201,12:09,59.15,59.15,56.45,57.10,1450,130850
20210201,12:10,57.20,59.50,56.90,59.10,900,130850
20210201,12:11,59.25,60.90,59.00,59.70,775,130750
20210201,12:12,59.65,59.70,58.35,58.55,625,130750
20210201,12:13,59.35,61.50,58.50,61.50,1525,130750
20210201,12:14,62.20,80.25,61.60,79.55,13375,129775
20210201,12:15,83.85,88.00,73.35,76.75,24725,129775
20210201,12:16,77.20,77.20,67.60,76.00,8850,129775
20210201,12:17,75.60,76.70,71.50,73.00,4475,129775
20210201,12:18,74.10,78.45,73.65,74.55,3375,131300
20210201,12:19,74.05,74.05,70.00,72.30,3150,131300
20210201,12:20,72.20,72.95,65.90,67.60,3775,131225
20210201,12:21,68.45,70.05,64.30,64.30,4750,131225
20210201,12:22,63.55,66.00,61.80,63.55,2975,131225
20210201,12:23,62.85,66.35,62.80,63.10,3425,131225
20210201,12:24,63.55,67.65,63.55,66.95,2475,130675
20210201,12:25,67.40,67.90,63.20,63.75,925,130675
20210201,12:26,64.15,64.15,58.00,62.25,6375,130675
20210201,12:27,62.30,67.95,61.00,65.30,4950,129700
20210201,12:28,65.35,67.95,65.35,66.75,2300,129700
20210201,12:29,67.20,67.20,61.95,64.00,3000,129700
20210201,12:30,65.10,65.10,60.55,63.50,1925,127800
20210201,12:31,63.75,63.75,62.00,63.50,2125,127800
20210201,12:32,63.55,66.25,62.00,65.60,3275,127800
20210201,12:33,65.65,68.00,65.05,65.05,1875,127325
20210201,12:34,65.20,65.20,61.90,62.75,1950,127325
20210201,12:35,63.10,64.80,61.55,63.90,2175,127325
20210201,12:36,63.80,65.40,63.05,64.90,1425,127125
20210201,12:37,65.00,69.15,64.45,68.00,2125,127125
20210201,12:38,67.40,67.40,64.50,65.25,2625,127125
20210201,12:39,65.55,71.55,65.55,70.15,3325,126825
20210201,12:40,69.50,69.65,66.35,69.65,2275,126825
20210201,12:41,69.85,69.90,68.00,69.35,2950,126825
20210201,12:42,67.00,71.00,67.00,71.00,3225,127575
20210201,12:43,71.15,71.15,66.75,67.40,1575,127575
20210201,12:44,66.45,69.35,65.75,68.55,1150,127575
20210201,12:45,69.10,69.60,66.65,67.95,1250,127200
20210201,12:46,69.70,70.95,65.95,65.95,2925,127200
20210201,12:47,64.70,66.10,63.45,65.65,1900,127200
20210201,12:48,64.70,64.70,61.30,61.65,1350,127725
20210201,12:49,61.95,63.30,58.15,58.20,3750,127725
20210201,12:50,58.35,61.15,45.00,46.20,11150,127725
20210201,12:51,46.10,48.45,40.30,40.75,30050,129325
20210201,12:52,41.15,41.90,36.00,36.00,24200,129325
20210201,12:53,35.80,37.85,33.15,35.15,12175,129325
20210201,12:54,35.30,39.25,34.85,38.50,11650,131575
20210201,12:55,39.10,39.25,35.95,36.65,8775,131575
20210201,12:56,37.65,39.85,35.75,39.30,9000,131575
20210201,12:57,39.00,39.35,37.10,37.55,4625,133850
20210201,12:58,37.85,38.75,35.15,35.15,10350,133850
20210201,12:59,35.15,37.15,32.90,33.75,16700,133850
20210201,13:00,32.70,40.85,31.75,37.60,17400,129475
20210201,13:01,37.50,41.50,35.95,36.25,6500,129475
20210201,13:02,36.50,41.00,36.50,39.80,7200,129475
20210201,13:03,40.25,42.20,38.30,39.35,4875,127625
20210201,13:04,38.95,39.85,37.00,37.20,4625,127625
20210201,13:05,37.40,39.45,36.60,38.60,2225,127625
20210201,13:06,38.30,38.65,36.95,37.40,1525,126475
20210201,13:07,37.15,39.55,37.00,37.10,4400,126475
20210201,13:08,38.05,38.25,36.30,36.70,2475,126475
20210201,13:09,36.45,37.70,36.05,36.65,3225,124750
20210201,13:10,37.15,38.00,36.50,37.75,2275,124750
20210201,13:11,37.15,38.65,36.80,37.85,6850,124750
20210201,13:12,38.40,40.00,37.10,38.85,4800,123850
20210201,13:13,37.15,38.95,36.80,38.05,3475,123850
20210201,13:14,38.50,38.60,35.00,35.60,5025,123850
20210201,13:15,35.05,36.90,27.80,29.10,11550,122200
20210201,13:16,30.10,31.05,28.30,28.55,8050,122200
20210201,13:17,29.10,29.75,26.45,26.90,6900,122200
20210201,13:18,26.25,26.25,23.85,25.45,5750,122550
20210201,13:19,25.05,26.65,24.70,26.00,2775,122550
20210201,13:20,26.40,28.55,25.20,27.45,6075,122550
20210201,13:21,27.55,28.75,26.45,28.35,2375,122175
20210201,13:22,27.95,28.10,26.65,27.25,2825,122175
20210201,13:23,27.05,28.80,27.00,28.80,3175,122175
20210201,13:24,28.15,28.45,26.70,27.30,3025,121375
20210201,13:25,27.75,29.00,27.45,29.00,3375,121375
20210201,13:26,28.40,29.00,27.60,27.60,1550,121375
20210201,13:27,27.70,27.80,26.25,27.65,7975,121800
20210201,13:28,27.35,27.70,25.05,25.55,2825,121800
20210201,13:29,25.35,26.15,24.70,25.35,3600,121800
20210201,13:30,25.90,26.70,25.10,25.65,2750,122900
20210201,13:31,25.90,27.05,25.85,26.60,3200,122900
20210201,13:32,26.75,30.15,26.60,29.95,2875,122900
20210201,13:33,30.35,30.60,26.65,27.55,2150,124150
20210201,13:34,27.20,28.00,26.70,27.55,2550,124150
20210201,13:35,27.50,28.75,27.50,28.35,1950,124150
20210201,13:36,28.20,29.15,27.65,28.45,1875,123650
20210201,13:37,28.15,28.80,27.55,27.65,2800,123650
20210201,13:38,27.65,28.30,27.65,28.25,1725,123650
20210201,13:39,28.15,28.65,28.10,28.20,250,123425
20210201,13:40,28.20,28.20,26.25,26.50,3625,123425
20210201,13:41,26.40,27.15,25.80,26.60,3675,123425
20210201,13:42,26.20,27.10,26.20,26.55,975,121950
20210201,13:43,26.55,26.95,25.95,26.95,900,121950
20210201,13:44,27.35,27.95,26.90,27.05,1150,121950
20210201,13:45,27.40,27.85,26.75,27.50,2150,122375
20210201,13:46,27.95,28.30,27.15,27.85,2700,122375
20210201,13:47,28.00,28.80,27.20,27.65,2725,122375
20210201,13:48,27.80,27.85,26.80,26.95,1925,121550
20210201,13:49,26.95,27.10,26.50,26.70,1775,121550
20210201,13:50,26.70,27.50,26.65,27.05,2850,121550
20210201,13:51,27.40,27.65,26.75,27.55,1600,120775
20210201,13:52,27.30,28.40,27.05,27.95,5000,120775
20210201,13:53,27.70,28.60,27.55,28.45,3700,120775
20210201,13:54,28.40,29.15,27.95,27.95,3400,121100
20210201,13:55,28.15,28.30,27.20,27.75,2900,121100
20210201,13:56,28.15,28.95,27.30,27.45,3275,121100
20210201,13:57,27.60,28.55,27.10,28.45,5675,120475
20210201,13:58,28.25,28.75,26.45,27.15,2250,120475
20210201,13:59,27.05,27.60,26.70,27.10,1100,120475
20210201,14:00,26.65,27.70,26.50,27.35,2900,118600
20210201,14:01,27.00,27.00,25.15,25.45,3825,118600
20210201,14:02,25.50,26.35,24.40,24.40,2675,118600
20210201,14:03,24.40,24.40,22.75,23.05,3525,118375
20210201,14:04,22.85,22.95,21.50,21.75,3550,118375
20210201,14:05,21.75,25.00,21.70,25.00,4825,118375
20210201,14:06,25.00,25.45,23.75,24.85,2250,118025
20210201,14:07,25.20,26.10,24.85,25.80,2575,118025
20210201,14:08,25.75,26.10,24.95,25.15,2000,118025
20210201,14:09,25.75,25.75,22.70,22.70,2950,117300
20210201,14:10,22.80,24.00,22.80,23.50,2100,117300
20210201,14:11,23.80,24.65,23.50,23.70,3050,117300
20210201,14:12,23.55,23.55,22.15,22.55,1275,116625
20210201,14:13,22.75,23.05,22.00,22.30,1250,116625
20210201,14:14,22.00,22.00,20.95,21.20,3775,116625
20210201,14:15,21.25,22.35,20.95,22.35,2750,117150
20210201,14:16,22.25,22.35,20.90,20.90,2200,117150
20210201,14:17,20.70,20.90,16.20,16.60,8375,117150
20210201,14:18,16.60,16.70,14.80,16.45,4075,116150
20210201,14:19,16.40,17.90,16.10,17.75,1350,116150
20210201,14:20,17.50,18.25,17.50,18.25,4000,116150
20210201,14:21,17.90,17.95,16.60,17.50,2500,115625
20210201,14:22,17.55,17.70,16.80,17.20,2250,115625
20210201,14:23,17.25,17.65,16.30,16.30,1125,115625
20210201,14:24,16.75,16.95,16.55,16.85,750,114075
20210201,14:25,16.60,16.75,15.70,16.00,2600,114075
20210201,14:26,16.30,16.30,15.45,15.50,1425,114075
20210201,14:27,15.50,16.00,15.50,15.55,1625,112775
20210201,14:28,15.60,15.80,15.30,15.70,1225,112775
20210201,14:29,15.95,15.95,15.35,15.35,1100,112775
20210201,14:30,15.60,15.60,13.65,13.95,2425,111150
20210201,14:31,14.15,14.15,13.45,13.95,4400,111150
20210201,14:32,14.05,14.15,13.75,13.80,4400,111150
20210201,14:33,14.00,14.00,12.70,13.10,1700,109825
20210201,14:34,13.25,13.25,12.00,12.00,1200,109825
20210201,14:35,12.65,13.20,12.65,13.20,2850,109825
20210201,14:36,13.65,13.65,13.05,13.40,2700,108500
20210201,14:37,13.45,13.50,12.85,13.10,3100,108500
20210201,14:38,13.00,13.25,12.70,13.20,2725,108500
20210201,14:39,13.00,13.20,12.60,12.90,1275,107525
20210201,14:40,12.65,12.65,11.55,11.95,3000,107525
20210201,14:41,11.95,12.05,11.30,11.40,2200,107525
20210201,14:42,11.50,12.25,11.50,12.25,700,107550
20210201,14:43,12.00,12.65,11.80,12.55,1750,107550
20210201,14:44,12.50,12.50,11.80,11.80,1725,107550
20210201,14:45,11.95,12.50,11.80,12.45,1250,107275
20210201,14:46,12.35,13.20,12.35,12.65,1600,107275
20210201,14:47,12.55,12.75,12.50,12.70,550,107275
20210201,14:48,12.60,13.30,12.60,13.25,1325,106225
20210201,14:49,13.20,14.40,13.20,13.95,2025,106225
20210201,14:50,13.65,14.05,13.55,14.05,1775,106225
20210201,14:51,13.65,13.80,12.65,12.65,6275,105625
20210201,14:52,12.65,13.05,12.45,12.85,3100,105625
20210201,14:53,12.85,13.25,12.85,13.25,1100,105625
20210201,14:54,13.20,13.40,13.05,13.05,475,105200
20210201,14:55,13.10,14.15,12.90,14.15,1300,105200
20210201,14:56,14.20,16.00,14.20,15.95,2225,105200
20210201,14:57,15.90,16.15,15.10,15.10,3800,104200
20210201,14:58,15.00,16.50,14.80,16.20,2400,104200
20210201,14:59,16.05,16.20,15.55,16.00,1825,104200
20210201,15:00,15.80,15.80,14.65,14.95,1375,104375
20210201,15:01,14.95,14.95,14.30,14.60,2150,104375
20210201,15:02,14.55,14.55,13.35,13.75,5200,104375
20210201,15:03,13.65,13.70,13.10,13.20,1950,105225
20210201,15:04,13.10,13.20,12.45,12.55,1775,105225
20210201,15:05,12.65,12.75,12.30,12.30,3175,105225
20210201,15:06,12.35,12.60,12.25,12.45,1150,103550
20210201,15:07,12.45,12.60,12.30,12.60,800,103550
20210201,15:08,12.85,13.25,12.70,13.25,1250,103550
20210201,15:09,13.25,13.45,13.15,13.35,1500,102025
20210201,15:10,13.50,14.00,13.45,14.00,3525,102025
20210201,15:11,13.85,14.00,13.00,13.20,2600,102025
20210201,15:12,13.10,13.65,13.05,13.65,675,101350
20210201,15:13,13.75,14.05,13.55,13.90,1550,101350
20210201,15:14,14.00,14.65,13.90,14.50,2225,101350
20210201,15:15,14.70,15.95,14.70,15.95,4675,101150
20210201,15:16,15.85,15.85,14.40,14.50,4550,101150
20210201,15:17,14.20,14.30,13.75,13.80,2850,101150
20210201,15:18,13.65,13.85,13.10,13.10,5500,100325
20210201,15:19,13.05,13.40,13.00,13.00,3550,100325
20210201,15:20,13.00,13.35,12.90,13.05,2650,100325
20210201,15:21,13.10,13.65,13.10,13.45,3300,98700
20210201,15:22,13.70,13.90,13.35,13.50,10025,98700
20210201,15:23,13.50,14.25,13.50,14.25,5675,98700
20210201,15:24,14.35,14.45,14.25,14.45,4075,97850
20210201,15:25,14.25,15.90,14.25,14.80,18400,97850
20210201,15:26,15.00,15.10,14.75,14.75,3000,97850
20210201,15:27,14.75,15.80,14.65,15.65,12050,98450
20210201,15:28,15.65,16.40,15.65,16.00,13625,98450
20210201,15:29,16.00,16.00,13.10,13.10,8525,98450
20210202,09:15,11.60,11.60,10.60,10.60,576,57225
20210202,09:16,10.00,10.00,9.00,9.00,125,57225
20210202,09:18,8.25,8.25,1.50,8.05,600,57200
20210202,09:19,7.20,8.05,2.55,8.00,2250,57200
20210202,09:20,8.00,9.00,8.00,9.00,1075,57200
20210202,09:21,9.00,10.00,9.00,9.95,500,57200
20210202,09:22,10.55,10.70,8.00,10.50,425,57200
20210202,09:23,8.65,11.55,8.65,9.55,575,55925
20210202,09:24,9.30,10.45,8.65,9.95,200,55925
20210202,09:25,10.55,10.55,10.25,10.40,350,55925
20210202,09:26,10.40,10.55,10.00,10.00,375,55050
20210202,09:27,8.65,10.15,8.65,10.15,350,55050
20210202,09:28,10.25,10.45,9.70,9.70,75,55050
20210202,09:29,10.45,10.75,9.35,10.35,1350,54575
20210202,09:30,10.40,11.50,10.40,11.50,1525,54575
20210202,09:31,11.00,13.10,11.00,12.55,2225,54575
20210202,09:32,12.50,14.95,12.00,14.95,475,53925
20210202,09:33,12.70,12.90,12.70,12.90,100,53925
20210202,09:34,12.15,12.15,10.20,10.20,1025,53925
20210202,09:35,10.80,13.35,9.80,9.80,2550,53775
20210202,09:36,10.00,11.60,9.20,11.50,800,53775
20210202,09:37,12.50,13.30,8.50,10.10,500,53775
20210202,09:38,13.95,13.95,11.45,11.45,200,53800
20210202,09:39,11.45,12.95,11.45,12.15,225,53800
20210202,09:40,12.20,12.20,11.00,11.05,775,53800
20210202,09:41,12.30,12.30,11.65,11.65,150,52000
20210202,09:42,11.25,11.95,11.05,11.95,450,52000
20210202,09:43,11.40,12.10,11.40,12.10,800,52000
20210202,09:44,11.20,11.85,10.55,10.55,1150,51650
20210202,09:45,10.55,11.95,10.45,11.95,850,51650
20210202,09:46,11.35,11.95,11.25,11.25,625,51650
20210202,09:47,11.95,11.95,11.50,11.55,350,52050
20210202,09:48,11.50,11.50,11.40,11.40,100,52050
20210202,09:49,11.40,11.40,11.00,11.00,400,52050
20210202,09:50,11.30,11.30,11.30,11.30,25,51700
20210202,09:51,11.15,11.15,11.00,11.00,175,51700
20210202,09:52,11.25,11.25,10.75,11.20,550,51700
20210202,09:53,11.20,11.30,11.20,11.30,300,51550
20210202,09:54,11.00,11.00,11.00,11.00,25,51550
20210202,09:55,10.85,11.55,10.75,11.50,1200,51550
20210202,09:56,10.55,10.55,10.00,10.00,325,50975
20210202,09:57,10.00,10.00,9.30,9.30,175,50975
20210202,09:58,9.50,9.50,9.30,9.30,75,50975
20210202,09:59,9.30,9.30,9.30,9.30,325,50525
20210202,10:00,9.00,9.00,8.65,8.65,75,50525
20210202,10:01,9.70,10.05,9.35,10.00,175,50525
20210202,10:02,9.55,9.55,8.70,8.70,475,49525
20210202,10:03,9.00,9.00,9.00,9.00,25,49525
20210202,10:04,8.80,8.80,8.80,8.80,200,49525
20210202,10:05,10.00,10.00,9.60,9.60,75,49050
20210202,10:06,8.05,8.05,8.05,8.05,600,49050
20210202,10:07,8.70,9.70,8.70,9.70,500,49050
20210202,10:08,9.70,10.70,9.70,10.50,125,49300
20210202,10:09,8.90,9.90,8.90,9.80,250,49300
20210202,10:10,9.75,9.95,9.75,9.95,75,49300
20210202,10:11,9.95,10.65,9.95,10.65,125,49300
20210202,10:12,9.25,10.50,9.25,10.50,275,49000
20210202,10:13,10.05,10.50,10.00,10.30,175,49000
20210202,10:14,10.25,10.25,10.25,10.25,50,48450
20210202,10:15,10.35,10.35,10.35,10.35,25,48450
20210202,10:16,10.35,10.35,10.25,10.25,275,48450
20210202,10:18,9.55,10.00,8.35,10.00,675,48475
20210202,10:19,9.75,10.00,9.60,9.60,75,48475
20210202,10:20,9.95,10.00,9.80,9.80,375,48400
20210202,10:21,9.95,9.95,9.75,9.75,150,48400
20210202,10:22,9.65,9.65,9.65,9.65,25,48400
20210202,10:23,9.65,9.65,9.00,9.05,300,48400
20210202,10:24,10.20,10.20,10.20,10.20,50,47950
20210202,10:25,10.20,10.30,10.20,10.30,175,47950
20210202,10:26,10.60,10.60,10.50,10.60,225,47600
20210202,10:27,10.95,11.00,10.90,11.00,425,47600
20210202,10:28,10.75,11.95,10.70,11.65,250,47600
20210202,10:29,10.60,10.60,10.60,10.60,150,47225
20210202,10:30,10.30,10.30,9.05,9.05,125,47225
20210202,10:31,9.55,9.55,9.55,9.55,25,47225
20210202,10:32,9.55,10.70,9.55,10.70,100,47075
20210202,10:33,10.15,11.20,10.10,10.10,375,47075
20210202,10:35,10.55,10.55,10.55,10.55,50,47275
20210202,10:36,10.40,10.60,10.40,10.55,400,47275
20210202,10:37,10.50,10.50,10.40,10.45,225,47275
20210202,10:38,10.45,10.45,9.55,10.30,325,47300
20210202,10:39,10.45,10.45,10.10,10.10,50,47300
20210202,10:40,10.50,10.60,10.50,10.60,625,47300
20210202,10:41,10.60,11.00,10.45,11.00,250,47150
20210202,10:42,11.50,11.50,11.50,11.50,25,47150
20210202,10:43,10.75,10.75,10.75,10.75,200,47150
20210202,10:45,11.20,11.80,11.20,11.80,300,46425
20210202,10:46,11.85,11.85,11.85,11.85,25,46425
20210202,10:47,10.80,11.00,10.50,10.50,450,46425
20210202,10:49,10.90,10.90,10.90,10.90,25,46425
20210202,10:50,10.90,10.90,10.90,10.90,250,46425
20210202,10:51,11.45,11.45,11.45,11.45,25,46225
20210202,10:53,11.00,11.00,10.90,10.90,50,46225
20210202,10:54,10.60,10.80,10.55,10.55,275,46175
20210202,10:55,10.00,10.40,9.95,10.40,625,46175
20210202,10:57,10.30,10.35,9.80,9.80,275,46150
20210202,10:58,9.80,9.95,9.15,9.15,575,46150
20210202,10:59,9.25,10.25,9.25,10.25,1300,46175
20210202,11:00,9.75,9.80,9.35,9.35,250,46175
20210202,11:01,9.60,9.60,9.45,9.55,125,46175
20210202,11:03,9.95,10.15,9.55,10.15,675,46200
20210202,11:05,9.55,9.55,9.55,9.55,25,46200
20210202,11:06,9.60,9.60,9.60,9.60,50,46225
20210202,11:08,10.30,10.30,10.30,10.30,25,46225
20210202,11:10,9.70,9.70,9.70,9.70,200,46225
20210202,11:12,10.25,10.25,10.25,10.25,25,46100
20210202,11:13,10.50,10.50,10.50,10.50,1100,46100
20210202,11:14,10.05,10.50,10.05,10.50,150,46100
20210202,11:15,10.45,10.60,10.45,10.60,50,46100
20210202,11:19,10.75,10.75,10.75,10.75,75,45700
20210202,11:21,10.70,10.70,10.70,10.70,25,45650
20210202,11:22,10.65,10.65,10.65,10.65,25,45650
20210202,11:23,10.65,10.65,10.65,10.65,100,45525
20210202,11:24,10.85,10.85,10.50,10.50,125,45525
20210202,11:25,10.65,11.00,10.45,11.00,325,45525
20210202,11:29,10.50,10.50,10.50,10.50,25,45650
20210202,11:30,10.75,11.00,10.75,11.00,50,45775
20210202,11:31,10.80,10.95,10.80,10.95,100,45775
20210202,11:33,10.30,10.30,10.30,10.30,75,45825
20210202,11:34,10.45,10.45,10.45,10.45,50,45825
20210202,11:37,10.50,10.50,10.50,10.50,25,46150
20210202,11:38,10.50,10.50,10.30,10.30,275,46150
20210202,11:39,10.45,10.70,10.10,10.10,925,45900
20210202,11:40,10.45,10.45,10.15,10.15,300,45900
20210202,11:41,10.85,11.30,10.55,11.30,150,45400
20210202,11:42,11.00,11.00,11.00,11.00,75,45400
20210202,11:43,11.10,11.15,11.10,11.15,100,45400
20210202,11:44,11.10,11.10,11.10,11.10,25,45400
20210202,11:45,10.70,11.30,10.70,11.30,150,45700
20210202,11:46,11.05,11.05,11.05,11.05,50,45700
20210202,11:48,11.25,11.45,11.25,11.45,75,45700
20210202,11:49,11.35,11.85,11.35,11.80,275,45700
20210202,11:50,11.45,11.80,11.45,11.60,1075,45700
20210202,11:51,12.15,12.50,12.10,12.10,550,45675
20210202,11:52,12.55,12.55,12.40,12.40,125,45675
20210202,11:53,11.55,11.55,11.55,11.55,125,45675
20210202,11:54,11.75,11.75,11.55,11.55,75,45500
20210202,11:56,12.10,12.10,12.00,12.00,50,45500
20210202,11:57,12.20,12.20,12.20,12.20,50,46100
20210202,11:58,11.90,12.10,11.90,12.05,125,46100
20210202,11:59,11.75,11.75,11.75,11.75,50,46100
20210202,12:00,11.95,11.95,11.60,11.60,200,46025
20210202,12:01,11.75,11.90,11.70,11.90,325,46025
20210202,12:02,11.95,11.95,11.95,11.95,25,46025
20210202,12:03,11.50,11.50,11.10,11.10,100,45925
20210202,12:04,11.10,11.10,10.80,10.80,150,45925
20210202,12:06,11.30,11.35,11.30,11.35,175,45750
20210202,12:08,11.05,11.05,11.05,11.05,300,45750
20210202,12:09,10.30,10.50,10.30,10.50,250,45650
20210202,12:10,10.60,10.60,10.60,10.60,50,45650
20210202,12:11,10.45,10.45,10.45,10.45,125,45650
20210202,12:12,10.45,10.45,10.45,10.45,50,45575
20210202,12:13,9.95,9.95,9.95,9.95,25,45575
20210202,12:14,10.35,10.35,10.35,10.35,25,45575
20210202,12:15,10.60,10.60,10.60,10.60,25,45850
20210202,12:19,10.35,10.35,10.35,10.35,25,46400
20210202,12:21,10.35,10.35,10.35,10.35,50,46350
20210202,12:24,10.95,11.10,10.45,10.50,475,46325
20210202,12:25,11.00,11.00,11.00,11.00,50,46325
20210202,12:27,10.55,10.90,10.55,10.90,100,46650
20210202,12:28,10.35,10.35,10.35,10.35,550,46650
20210202,12:32,10.75,11.10,10.75,11.10,125,46675
20210202,12:40,11.25,11.25,11.25,11.25,100,47075
20210202,12:47,11.05,11.05,11.05,11.05,25,47325
20210202,12:51,10.45,10.45,10.45,10.45,400,47275
20210202,12:52,10.50,10.50,10.45,10.45,125,47275
20210202,12:53,10.00,10.00,10.00,10.00,25,47275
20210202,12:54,9.95,9.95,9.95,9.95,25,47275
20210202,12:55,10.05,10.05,10.05,10.05,25,47225
20210202,12:56,10.45,10.50,10.45,10.50,200,47225
20210202,12:59,10.15,10.45,10.15,10.45,175,47275
20210202,13:00,10.50,10.50,10.50,10.50,25,46825
20210202,13:01,11.25,11.25,10.85,11.05,125,46825
20210202,13:02,11.00,11.00,11.00,11.00,25,46825
20210202,13:04,11.30,11.30,11.30,11.30,25,46725
20210202,13:06,10.95,10.95,10.75,10.75,150,46700
20210202,13:07,10.15,12.45,10.15,10.30,650,46700
20210202,13:08,10.35,10.35,10.35,10.35,50,46700
20210202,13:09,10.50,10.65,10.50,10.65,75,46700
20210202,13:11,10.25,10.25,9.75,9.75,925,46700
20210202,13:12,8.35,9.00,7.75,7.80,600,46725
20210202,13:13,8.95,9.85,8.95,9.85,100,46725
20210202,13:14,9.80,9.80,9.80,9.80,50,46725
20210202,13:15,9.75,9.75,9.75,9.75,100,46725
20210202,13:16,10.15,10.15,10.15,10.15,100,46550
20210202,13:17,10.05,10.05,10.05,10.05,25,46550
20210202,13:18,10.00,10.00,10.00,10.00,250,46575
20210202,13:19,9.40,9.40,9.40,9.40,75,46575
20210202,13:20,9.35,9.35,9.35,9.35,25,46575
20210202,13:22,9.95,9.95,9.95,9.95,25,46575
20210202,13:23,9.50,9.50,9.50,9.50,25,46575
20210202,13:24,9.50,9.70,9.50,9.70,125,46575
20210202,13:25,9.70,9.70,9.70,9.70,100,46575
20210202,13:26,9.70,9.70,9.70,9.70,50,46575
20210202,13:28,9.65,9.65,9.65,9.65,25,46425
20210202,13:29,9.85,9.85,9.85,9.85,25,46425
20210202,13:30,9.65,9.65,9.65,9.65,25,46600
20210202,13:36,10.15,10.15,10.15,10.15,25,46725
20210202,13:37,9.65,9.65,9.65,9.65,150,46775
20210202,13:38,9.60,9.70,9.60,9.60,700,46775
20210202,13:42,8.95,9.85,8.95,9.85,125,46825
20210202,13:43,9.00,9.50,9.00,9.50,175,46825
20210202,13:45,8.95,8.95,8.95,8.95,25,46800
20210202,13:53,9.85,9.85,9.85,9.85,25,46725
20210202,13:54,8.50,8.50,8.50,8.50,25,46375
20210202,13:56,10.70,11.10,10.70,11.10,650,46375
20210202,13:57,11.05,11.10,10.85,11.10,175,46325
20210202,13:58,10.90,10.90,10.45,10.75,400,46325
20210202,13:59,9.90,9.90,9.90,9.90,25,46325
20210202,14:00,9.90,9.90,9.55,9.70,1000,46325
20210202,14:04,9.00,9.45,8.85,9.05,900,46325
20210202,14:05,9.20,9.20,9.20,9.20,250,46325
20210202,14:06,9.20,9.20,9.20,9.20,200,46325
20210202,14:07,9.05,9.05,9.05,9.05,175,46325
20210202,14:08,8.75,8.75,8.75,8.75,125,46325
20210202,14:11,9.25,9.25,9.20,9.20,75,46325
20210202,14:12,9.20,9.20,9.20,9.20,50,45925
20210202,14:13,8.60,8.60,8.60,8.60,75,45925
20210202,14:14,9.20,9.25,8.85,8.85,300,45925
20210202,14:15,8.85,9.25,8.70,8.85,475,45000
20210202,14:17,9.00,9.00,9.00,9.00,25,45000
20210202,14:18,9.05,10.00,9.05,9.10,775,45000
20210202,14:20,9.25,9.25,9.25,9.25,25,45000
20210202,14:21,8.85,8.85,8.80,8.80,275,45075
20210202,14:24,9.15,9.20,9.15,9.20,75,44975
20210202,14:26,9.20,9.30,9.20,9.30,575,44975
20210202,14:27,9.30,9.30,8.60,8.60,150,44900
20210202,14:28,9.45,9.55,9.10,9.55,225,44900
20210202,14:29,9.10,9.10,9.10,9.10,50,44900
20210202,14:31,8.95,10.45,8.50,8.50,575,44650
20210202,14:36,8.50,8.75,8.50,8.60,325,44450
20210202,14:37,8.70,8.75,8.50,8.75,525,44450
20210202,14:38,8.75,8.75,8.55,8.75,200,44450
20210202,14:39,8.50,8.70,8.50,8.70,275,44400
20210202,14:41,8.50,8.50,8.50,8.50,200,44400
20210202,14:42,8.50,8.50,8.50,8.50,100,44050
20210202,14:43,8.50,8.80,8.50,8.50,650,44050
20210202,14:44,8.75,8.80,8.75,8.75,700,44050
20210202,14:45,8.35,9.30,8.35,9.30,100,43650
20210202,14:46,8.85,9.20,8.60,9.20,275,43650
20210202,14:47,8.50,8.60,8.50,8.60,275,43650
20210202,14:49,9.05,9.05,8.40,8.90,500,43650
20210202,14:50,8.75,8.75,8.60,8.60,100,43650
20210202,14:51,8.70,8.75,8.55,8.75,300,43725
20210202,14:52,8.95,8.95,8.95,8.95,50,43725
20210202,14:53,8.55,8.55,8.55,8.55,25,43725
20210202,14:54,8.95,8.95,8.75,8.75,100,43725
20210202,14:55,8.80,9.00,8.55,8.55,250,43975
20210202,14:57,8.75,9.00,8.75,9.00,150,45100
20210202,14:58,9.00,9.00,8.85,8.85,350,45100
20210202,15:00,8.25,8.25,8.25,8.25,75,45200
20210202,15:01,8.25,9.00,8.25,9.00,475,45200
20210202,15:02,9.00,10.30,9.00,9.50,625,45200
20210202,15:03,10.00,10.00,10.00,10.00,50,45200
20210202,15:04,9.00,9.65,9.00,9.40,650,45050
20210202,15:05,9.95,10.00,9.95,10.00,275,45050
20210202,15:06,9.40,9.55,9.40,9.55,525,44875
20210202,15:07,9.60,9.60,9.45,9.45,525,44875
20210202,15:08,9.55,9.95,8.20,9.10,2125,44875
20210202,15:09,9.85,10.10,9.00,9.85,1625,44775
20210202,15:10,9.00,9.50,9.00,9.20,750,44775
20210202,15:11,9.00,9.85,9.00,9.45,125,44775
20210202,15:13,9.00,9.10,9.00,9.10,150,44775
20210202,15:14,9.00,9.85,9.00,9.80,250,44775
20210202,15:15,9.85,9.85,8.65,8.65,450,44775
20210202,15:16,9.30,9.55,8.50,9.40,200,44600
20210202,15:17,9.00,9.20,8.95,9.20,425,44600
20210202,15:18,9.20,9.20,8.55,8.55,300,44600
20210202,15:19,8.00,8.30,7.20,8.30,475,44575
20210202,15:20,8.15,8.15,7.30,7.30,375,44575
20210202,15:21,7.45,8.05,7.20,8.00,450,44575
20210202,15:22,7.20,7.75,6.85,6.85,1000,42825
20210202,15:23,7.20,7.20,7.20,7.20,50,42825
20210202,15:24,7.15,7.20,6.90,7.20,850,42750
20210202,15:25,7.20,7.20,7.00,7.20,2925,42750
20210202,15:26,7.00,7.20,6.40,6.40,475,42750
20210202,15:27,7.20,7.20,6.55,7.00,925,42475
20210202,15:28,7.20,7.20,7.20,7.20,1225,42475
20210202,15:29,8.20,8.20,7.20,7.25,225,42475
20210203,09:15,8.00,10.70,6.70,6.70,2676,42150
20210203,09:16,5.95,5.95,5.85,5.85,350,42150
20210203,09:17,6.00,6.00,6.00,6.00,1275,44775
20210203,09:18,6.00,7.00,6.00,7.00,1500,44775
20210203,09:19,7.00,7.00,7.00,7.00,1725,44775
20210203,09:20,6.00,10.00,6.00,10.00,300,45000
20210203,09:21,7.35,9.75,7.35,9.00,350,45000
20210203,09:22,9.10,9.10,7.20,7.20,125,45000
20210203,09:24,7.55,8.50,7.55,8.50,100,45350
20210203,09:25,8.50,8.50,8.50,8.50,25,45350
20210203,09:26,7.55,8.50,7.50,8.50,425,45650
20210203,09:27,8.50,8.50,8.35,8.35,550,45650
20210203,09:28,8.50,8.50,8.00,8.30,775,45650
20210203,09:29,8.00,8.60,8.00,8.50,600,45675
20210203,09:30,8.35,8.35,7.95,7.95,175,45675
20210203,09:31,7.80,7.80,7.65,7.65,250,45675
20210203,09:32,7.70,7.95,7.70,7.95,325,45625
20210203,09:33,7.95,8.05,7.95,8.00,450,45625
20210203,09:34,7.95,8.10,7.90,8.10,400,45625
20210203,09:35,8.30,8.50,8.30,8.50,425,45650
20210203,09:36,8.90,9.50,8.35,9.50,525,45650
20210203,09:38,8.20,8.20,8.20,8.20,25,45725
20210203,09:39,8.10,8.10,8.00,8.05,475,45725
20210203,09:40,8.50,8.50,7.90,8.45,275,45725
20210203,09:41,8.50,8.50,8.05,8.05,250,45175
20210203,09:42,8.65,8.85,8.00,8.00,400,45175
20210203,09:43,8.75,8.75,8.45,8.45,225,45175
20210203,09:44,8.30,8.50,8.30,8.50,50,45175
20210203,09:45,8.50,8.50,8.50,8.50,25,45525
20210203,09:46,8.90,8.90,8.90,8.90,25,45525
20210203,09:47,8.50,8.50,8.50,8.50,250,45525
20210203,09:48,8.00,8.00,7.95,7.95,500,45400
20210203,09:49,7.55,8.00,7.55,8.00,150,45400
20210203,09:54,7.45,7.45,7.30,7.30,225,44525
20210203,09:55,7.25,7.30,7.25,7.30,1600,44525
20210203,09:56,7.05,7.05,7.00,7.00,125,44525
20210203,09:58,6.20,6.90,6.20,6.30,675,44650
20210203,10:02,6.30,6.30,6.30,6.30,50,44525
20210203,10:04,6.20,6.20,6.20,6.20,25,44525
20210203,10:06,6.85,6.85,6.85,6.85,50,44475
20210203,10:07,7.00,7.00,7.00,7.00,175,44475
20210203,10:08,7.25,7.25,6.90,6.90,75,44650
20210203,10:10,6.60,6.60,6.60,6.60,25,44650
20210203,10:12,6.80,6.80,6.80,6.80,25,44650
20210203,10:13,6.95,6.95,6.95,6.95,50,44725
20210203,10:14,6.95,6.95,6.95,6.95,50,44725
20210203,10:15,7.00,7.00,6.60,6.60,125,45075
20210203,10:16,7.00,7.00,7.00,7.00,25,45075
20210203,10:17,6.80,7.00,6.80,7.00,375,44700
20210203,10:18,7.00,7.00,7.00,7.00,125,44700
20210203,10:19,7.00,7.00,6.75,6.75,175,44700
20210203,10:24,7.00,7.00,6.75,6.75,75,44650
20210203,10:25,6.75,6.75,6.75,6.75,25,44650
20210203,10:27,6.75,6.75,6.75,6.75,25,44650
20210203,10:28,6.60,7.20,6.60,7.05,375,44650
20210203,10:30,7.30,7.30,7.15,7.15,225,44500
20210203,10:33,7.05,7.05,7.00,7.00,50,44475
20210203,10:35,7.00,7.00,7.00,7.00,550,44400
20210203,10:36,7.00,7.35,7.00,7.00,150,44400
20210203,10:43,7.00,7.00,7.00,7.00,400,44400
20210203,10:44,7.00,7.00,7.00,7.00,300,43950
20210203,10:45,6.65,6.65,6.65,6.65,375,43950
20210203,10:46,6.85,6.90,6.85,6.90,200,43950
20210203,10:48,7.00,7.00,6.90,6.90,100,43900
20210203,10:49,6.55,7.00,6.55,7.00,575,43900
20210203,10:50,6.55,6.55,6.55,6.55,125,43900
20210203,10:54,6.55,6.70,6.55,6.70,125,43475
20210203,10:55,6.50,6.50,6.50,6.50,25,43475
20210203,10:56,6.35,6.35,6.35,6.35,800,43475
20210203,10:58,6.45,6.45,6.45,6.45,25,43375
20210203,11:01,6.30,6.30,6.30,6.30,50,43400
20210203,11:03,6.25,6.25,6.25,6.25,25,43800
20210203,11:06,6.25,6.30,6.25,6.30,250,43350
20210203,11:08,6.15,6.15,6.15,6.15,25,43350
20210203,11:09,6.15,6.25,6.15,6.15,100,43375
20210203,11:10,6.15,6.15,6.15,6.15,125,43375
20210203,11:11,6.10,6.40,6.10,6.10,1225,43375
20210203,11:12,6.10,6.30,6.00,6.00,700,43300
20210203,11:13,6.20,6.20,6.20,6.20,150,43300
20210203,11:14,6.05,6.05,6.05,6.05,25,43300
20210203,11:15,6.25,6.25,6.25,6.25,50,43275
20210203,11:16,6.25,6.65,6.25,6.65,250,43275
20210203,11:17,6.80,6.80,6.75,6.75,50,43275
20210203,11:19,6.90,6.90,6.90,6.90,200,43250
20210203,11:21,6.90,6.90,6.90,6.90,50,43200
20210203,11:24,6.50,6.50,6.50,6.50,275,43125
20210203,11:25,6.55,6.55,6.55,6.55,25,43125
20210203,11:28,6.65,6.65,6.65,6.65,25,42825
20210203,11:33,6.40,6.40,6.40,6.40,50,42625
20210203,11:34,6.70,6.70,6.70,6.70,250,42625
20210203,11:41,6.85,6.85,6.75,6.75,50,42550
20210203,11:42,6.85,6.85,6.85,6.85,25,42425
20210203,11:44,7.00,7.00,7.00,7.00,25,42425
20210203,11:47,6.70,6.70,6.70,6.70,25,42425
20210203,11:50,6.90,6.90,6.90,6.90,50,42350
20210203,11:53,7.05,7.10,7.05,7.05,325,42350
20210203,11:54,6.90,7.00,6.90,7.00,50,42500
20210203,11:56,7.00,7.00,7.00,7.00,50,42500
20210203,11:59,7.00,7.00,7.00,7.00,25,42500
20210203,12:00,6.80,7.00,6.65,7.00,225,42550
20210203,12:02,7.00,7.00,7.00,7.00,100,42550
20210203,12:03,7.05,7.05,7.05,7.05,75,42475
20210203,12:04,7.00,7.10,6.95,6.95,550,42475
20210203,12:06,6.90,6.90,6.90,6.90,375,42625
20210203,12:15,6.95,7.00,6.95,7.00,200,42600
20210203,12:17,6.70,6.70,6.70,6.70,150,42600
20210203,12:18,7.05,7.05,7.05,7.05,50,42400
20210203,12:21,6.80,6.80,6.80,6.80,50,42400
20210203,12:24,6.55,6.55,6.55,6.55,25,42350
20210203,12:25,6.70,6.70,6.70,6.70,50,42350
20210203,12:27,6.70,6.70,6.70,6.70,75,42350
20210203,12:30,6.75,6.75,6.75,6.75,100,42300
20210203,12:31,6.70,6.70,6.70,6.70,1825,42300
20210203,12:32,6.75,6.75,6.75,6.75,175,42300
20210203,12:33,6.70,6.70,6.70,6.70,25,42300
20210203,12:34,6.60,6.60,6.55,6.55,300,42275
20210203,12:35,6.65,6.65,6.50,6.50,275,42275
20210203,12:36,6.50,6.50,6.50,6.50,400,42250
20210203,12:37,6.40,6.40,6.40,6.40,175,42250
20210203,12:38,6.40,6.45,6.40,6.45,50,42250
20210203,12:39,6.10,6.10,6.10,6.10,75,42175
20210203,12:40,6.00,6.05,6.00,6.00,300,42175
20210203,12:41,6.20,6.20,6.00,6.00,475,42175
20210203,12:43,5.95,5.95,5.95,5.95,75,42175
20210203,12:44,6.00,6.10,6.00,6.10,1375,41375
20210203,12:45,5.75,5.75,5.75,5.75,75,41375
20210203,12:46,5.75,6.00,5.75,6.00,125,40650
20210203,12:49,6.05,6.05,6.05,6.05,75,40575
20210203,12:50,5.95,5.95,5.95,5.95,75,40575
20210203,12:51,5.90,5.90,5.90,5.90,25,40575
20210203,12:52,5.75,5.75,5.70,5.70,150,40500
20210203,12:53,5.70,5.70,5.65,5.65,375,40500
20210203,12:54,5.70,5.70,5.70,5.70,225,39950
20210203,12:56,5.70,5.70,5.70,5.70,125,39950
20210203,12:57,5.70,5.70,5.70,5.70,225,39600
20210203,12:58,5.90,5.90,5.65,5.65,1350,39600
20210203,13:00,5.85,5.85,5.75,5.75,225,38325
20210203,13:02,5.95,6.00,5.60,6.00,950,38325
20210203,13:03,6.00,6.00,5.95,5.95,450,38075
20210203,13:04,6.00,6.10,6.00,6.05,1075,38075
20210203,13:05,5.75,5.75,5.75,5.75,25,38075
20210203,13:06,5.85,5.85,5.85,5.85,25,37000
20210203,13:07,6.30,6.30,6.30,6.30,75,37000
20210203,13:09,5.90,6.10,5.90,6.10,100,37025
20210203,13:11,5.95,5.95,5.95,5.95,50,37025
20210203,13:13,5.85,5.95,5.85,5.95,425,37000
20210203,13:14,5.95,5.95,5.95,5.95,525,37000
20210203,13:15,5.95,5.95,5.95,5.95,1200,35625
20210203,13:16,5.95,5.95,5.90,5.90,325,35625
20210203,13:18,6.05,6.20,6.05,6.20,125,34800
20210203,13:24,6.05,6.05,6.05,6.05,100,34750
20210203,13:28,5.85,5.85,5.85,5.85,200,34800
20210203,13:31,6.05,6.10,6.05,6.10,75,34750
20210203,13:32,6.05,6.10,6.05,6.10,125,34750
20210203,13:33,6.10,6.15,6.10,6.15,100,34750
20210203,13:36,6.05,6.05,6.05,6.05,200,34725
20210203,13:37,6.10,6.30,6.05,6.30,400,34725
20210203,13:38,6.25,6.25,6.25,6.25,525,34725
20210203,13:41,5.65,5.75,5.65,5.75,50,34400
20210203,13:44,6.05,6.20,6.05,6.20,75,34400
20210203,13:45,6.30,6.35,6.30,6.35,150,34400
20210203,13:48,6.50,6.50,6.50,6.50,25,34325
20210203,13:51,6.70,6.70,6.70,6.70,25,34325
20210203,13:53,6.65,6.70,6.65,6.70,575,34300
20210203,13:54,6.80,6.80,6.75,6.80,75,33800
20210203,13:55,6.75,6.90,6.75,6.90,225,33800
20210203,13:57,6.45,6.45,6.45,6.45,100,33800
20210203,13:59,6.30,6.30,6.30,6.30,50,33800
20210203,14:10,6.15,6.15,6.10,6.10,125,33800
20210203,14:13,6.25,6.85,6.25,6.85,325,33825
20210203,14:14,6.60,6.60,6.60,6.60,150,33825
20210203,14:16,7.05,7.10,6.50,6.50,525,33800
20210203,14:17,6.45,6.45,6.45,6.45,50,33800
20210203,14:19,6.65,6.65,6.65,6.65,50,33750
20210203,14:20,6.55,6.55,6.55,6.55,75,33750
20210203,14:22,6.10,6.10,6.10,6.10,200,33650
20210203,14:25,6.25,6.25,6.25,6.25,75,33650
20210203,14:26,6.10,6.15,6.05,6.05,225,33650
20210203,14:27,6.00,6.00,6.00,6.00,325,33650
20210203,14:28,6.25,6.25,6.25,6.25,25,33750
20210203,14:30,6.25,6.25,6.25,6.25,350,33750
20210203,14:31,6.25,6.25,6.25,6.25,500,33350
20210203,14:32,6.25,6.25,6.25,6.25,50,33350
20210203,14:33,6.25,6.25,6.00,6.00,3100,32875
20210203,14:34,6.10,6.10,6.10,6.10,375,32875
20210203,14:38,5.85,6.00,5.85,6.00,425,29050
20210203,14:39,6.00,6.00,6.00,6.00,50,29050
20210203,14:40,5.70,5.70,5.70,5.70,75,29050
20210203,14:41,5.55,5.55,5.55,5.55,25,29050
20210203,14:43,5.50,5.50,5.50,5.50,125,29050
20210203,14:44,5.50,5.50,5.30,5.30,200,29050
20210203,14:45,5.30,5.60,5.30,5.60,300,29250
20210203,14:46,5.65,5.65,5.65,5.65,100,29250
20210203,14:47,5.70,5.70,5.70,5.70,325,29250
20210203,14:48,5.60,5.60,5.45,5.45,100,29250
20210203,14:49,5.45,5.45,5.30,5.30,50,29125
20210203,14:50,5.30,5.30,5.30,5.30,25,29125
20210203,14:51,5.45,5.45,5.45,5.45,100,29000
20210203,14:54,5.65,5.85,5.65,5.70,925,29000
20210203,14:55,5.65,5.65,5.55,5.55,100,28900
20210203,14:56,5.65,5.65,5.65,5.65,25,28900
20210203,14:57,5.45,5.45,5.45,5.45,75,28900
20210203,14:58,5.45,5.45,5.45,5.45,25,28675
20210203,14:59,5.55,5.55,5.55,5.55,75,28675
20210203,15:00,5.40,5.40,5.40,5.40,50,28675
20210203,15:01,5.55,5.55,5.55,5.55,25,28625
20210203,15:02,5.55,5.55,5.55,5.55,50,28625
20210203,15:03,5.40,5.40,5.40,5.40,25,28525
20210203,15:04,5.40,5.40,5.40,5.40,750,28525
20210203,15:05,5.40,5.40,5.40,5.40,100,28525
20210203,15:06,5.40,5.40,5.40,5.40,650,28525
20210203,15:07,5.50,5.55,5.50,5.50,175,28525
20210203,15:09,5.40,5.40,5.40,5.40,250,27800
20210203,15:10,5.40,5.40,5.40,5.40,675,27800
20210203,15:11,5.40,5.65,5.40,5.65,400,27800
20210203,15:12,5.95,5.95,5.70,5.70,275,27800
20210203,15:13,5.50,5.50,5.40,5.40,675,27800
20210203,15:14,5.40,5.40,5.40,5.40,600,27800
20210203,15:15,5.40,5.40,5.40,5.40,1250,27750
20210203,15:16,5.40,5.40,5.40,5.40,575,27750
20210203,15:17,5.25,5.25,5.10,5.10,175,27750
20210203,15:18,5.00,5.00,5.00,5.00,50,27750
20210203,15:19,5.30,5.40,5.30,5.40,150,27775
20210203,15:20,5.70,5.70,5.05,5.05,50,27775
20210203,15:21,5.25,5.25,5.10,5.10,850,27775
20210203,15:23,4.65,4.65,4.60,4.60,50,27650
20210203,15:25,4.60,5.10,4.60,5.10,900,27575
20210203,15:27,5.10,5.10,5.10,5.10,25,27575
20210204,09:15,2.40,2.40,2.40,2.40,276,27575
20210204,09:17,2.30,2.30,2.30,2.30,25,27625
20210204,09:18,2.25,2.25,2.25,2.25,25,27625
20210204,09:19,2.00,2.00,2.00,2.00,25,27625
20210204,09:20,2.00,2.00,2.00,2.00,50,27650
20210204,09:21,1.40,1.40,1.40,1.40,325,27650
20210204,09:22,1.65,2.00,1.65,1.70,775,27650
20210204,09:23,1.00,1.00,1.00,1.00,25,27650
20210204,09:24,1.00,1.40,1.00,1.40,575,27650
20210204,09:26,1.80,1.80,1.50,1.80,725,27675
20210204,09:27,1.85,1.85,1.85,1.85,25,27675
20210204,09:28,1.15,1.60,0.65,0.65,2550,27675
20210204,09:29,0.65,1.70,0.65,1.70,5025,27675
20210204,09:30,1.70,1.75,1.70,1.75,850,27675
20210204,09:31,1.75,1.80,1.75,1.80,475,27675
20210204,09:32,1.80,1.80,1.80,1.80,50,27675
20210204,09:34,1.80,1.80,1.35,1.35,250,27650
20210204,09:35,1.40,1.70,1.40,1.70,100,27900
20210204,09:37,1.70,1.70,1.70,1.70,25,27900
20210204,09:39,1.95,1.95,1.95,1.95,100,27600
20210204,09:40,1.50,1.50,1.50,1.50,100,27600
20210204,09:47,1.95,1.95,1.95,1.95,450,21400
20210204,09:48,1.50,1.50,1.50,1.50,25,21400
20210204,09:49,1.50,1.50,1.50,1.50,225,21400
20210204,09:51,1.40,1.65,1.40,1.65,175,21575
20210204,09:54,1.75,1.75,1.75,1.75,25,21425
20210204,09:55,1.40,1.40,1.15,1.15,125,21425
20210204,09:56,1.65,1.65,1.20,1.65,225,21400
20210204,09:57,1.60,1.60,1.60,1.60,25,21400
20210204,10:00,1.30,1.30,1.30,1.30,25,21400
20210204,10:03,1.35,1.35,1.35,1.35,25,21450
20210204,10:04,1.30,1.30,1.30,1.30,25,21350
20210204,10:05,1.35,1.70,1.35,1.70,150,21350
20210204,10:07,1.70,1.70,1.65,1.65,300,21350
20210204,10:10,1.30,1.30,1.30,1.30,50,21350
20210204,10:11,1.25,1.25,1.25,1.25,500,21350
20210204,10:13,1.50,1.50,1.25,1.50,75,21050
20210204,10:14,1.50,1.50,1.40,1.40,325,21050
20210204,10:15,1.35,1.40,1.35,1.40,275,21050
20210204,10:16,1.40,1.40,1.30,1.30,325,21050
20210204,10:17,1.40,1.40,1.40,1.40,150,20800
20210204,10:18,1.35,1.35,1.30,1.30,200,20800
20210204,10:19,1.40,1.40,1.20,1.20,75,20800
20210204,10:21,1.55,1.55,1.55,1.55,300,20800
20210204,10:22,1.55,1.55,1.55,1.55,25,20800
20210204,10:26,1.30,1.30,1.30,1.30,150,20800
20210204,10:27,1.55,1.60,1.50,1.50,200,20725
20210204,10:31,1.25,1.25,1.25,1.25,600,21150
20210204,10:32,1.45,1.45,1.45,1.45,25,21150
20210204,10:34,1.35,1.40,1.35,1.40,50,20475
20210204,10:36,1.30,1.30,1.20,1.20,1050,19775
20210204,10:38,1.20,1.20,1.20,1.20,75,19550
20210204,10:39,1.20,1.20,1.20,1.20,75,19550
20210204,10:40,1.25,1.25,1.25,1.25,25,19550
20210204,10:43,1.40,1.40,1.40,1.40,100,19550
20210204,10:44,1.15,1.15,1.15,1.15,50,19650
20210204,10:45,1.30,1.40,1.30,1.40,50,19425
20210204,10:47,1.30,1.30,1.30,1.30,25,19425
20210204,10:48,1.15,1.15,1.15,1.15,75,18525
20210204,10:50,1.20,1.20,1.20,1.20,275,18500
20210204,10:51,1.20,1.20,1.20,1.20,25,18500
20210204,10:52,1.20,1.20,1.15,1.20,75,18500
20210204,10:55,1.25,1.25,1.25,1.25,25,18425
20210204,10:56,1.10,1.10,1.05,1.05,225,18425
20210204,10:57,1.00,1.00,1.00,1.00,50,18500
20210204,10:58,0.90,0.90,0.90,0.90,50,18500
20210204,11:01,1.00,1.00,1.00,1.00,50,18525
20210204,11:02,1.25,1.25,0.90,0.90,325,18525
20210204,11:03,0.90,1.20,0.90,1.20,125,18225
20210204,11:04,1.20,1.20,1.00,1.00,50,18225
20210204,11:06,1.35,1.35,1.35,1.35,25,18225
20210204,11:08,0.95,0.95,0.95,0.95,25,18225
20210204,11:10,0.70,0.70,0.70,0.70,25,18150
20210204,11:11,0.70,0.70,0.70,0.70,100,18150
20210204,11:12,0.90,0.90,0.90,0.90,50,18075
20210204,11:14,0.75,0.75,0.75,0.75,50,18050
20210204,11:16,0.70,1.00,0.70,0.75,275,18050
20210204,11:17,0.80,0.80,0.80,0.80,25,18050
20210204,11:18,0.80,0.80,0.80,0.80,25,18025
20210204,11:19,0.80,0.80,0.80,0.80,25,18025
20210204,11:20,0.80,0.95,0.80,0.95,75,18025
20210204,11:21,1.00,1.00,0.80,0.80,225,17975
20210204,11:22,0.75,0.75,0.75,0.75,100,17975
20210204,11:24,0.80,0.90,0.80,0.90,50,17875
20210204,11:26,0.95,0.95,0.90,0.90,100,17875
20210204,11:28,0.95,0.95,0.95,0.95,25,17850
20210204,11:29,1.00,1.00,0.90,0.90,75,17575
20210204,11:32,1.00,1.00,0.95,0.95,125,17575
20210204,11:35,1.10,1.10,1.10,1.10,25,17575
20210204,11:36,0.75,0.75,0.75,0.75,325,17400
20210204,11:37,0.95,0.95,0.95,0.95,25,17400
20210204,11:39,1.05,1.10,1.00,1.00,75,17300
20210204,11:40,1.05,1.05,1.05,1.05,25,17300
20210204,11:43,0.95,0.95,0.95,0.95,25,17275
20210204,11:44,1.30,1.30,1.30,1.30,50,17125
20210204,11:46,0.80,1.30,0.80,1.30,175,17125
20210204,11:47,1.30,1.30,1.30,1.30,200,17125
20210204,11:48,1.50,1.50,1.50,1.50,25,17100
20210204,11:50,1.40,1.40,1.40,1.40,425,17100
20210204,11:53,1.15,1.15,1.15,1.15,25,17100
20210204,11:54,1.40,1.45,1.15,1.15,150,16800
20210204,11:55,1.15,1.15,1.15,1.15,50,16800
20210204,11:56,1.15,1.15,1.15,1.15,50,16800
20210204,12:02,1.25,1.25,1.25,1.25,200,16575
20210204,12:03,1.25,1.25,1.25,1.25,50,16475
20210204,12:04,1.25,1.25,1.20,1.20,125,16475
20210204,12:06,0.85,1.05,0.85,1.05,100,16475
20210204,12:07,1.20,1.20,1.00,1.00,75,16475
20210204,12:13,1.00,1.00,1.00,1.00,75,16650
20210204,12:15,0.95,0.95,0.95,0.95,50,16650
20210204,12:21,1.05,1.05,1.05,1.05,75,16650
20210204,12:34,0.75,0.75,0.75,0.75,25,16650
20210204,12:38,0.70,0.70,0.70,0.70,75,16650
20210204,12:39,0.70,0.90,0.40,0.80,4325,16625
20210204,12:41,0.60,0.60,0.60,0.60,25,16625
20210204,12:46,0.55,0.55,0.55,0.55,50,16625
20210204,12:48,0.65,0.65,0.65,0.65,25,14550
20210204,12:50,0.90,0.90,0.90,0.90,50,14550
20210204,12:54,0.85,0.85,0.85,0.85,25,14475
20210204,13:03,1.00,1.00,1.00,1.00,100,14475
20210204,13:05,0.70,0.70,0.70,0.70,2675,14475
20210204,13:06,1.00,1.00,1.00,1.00,150,14175
20210204,13:07,1.00,1.00,0.75,0.75,200,14175
20210204,13:10,0.75,0.75,0.75,0.75,25,14175
20210204,13:16,0.95,0.95,0.95,0.95,50,12450
20210204,13:25,0.75,0.75,0.75,0.75,25,12450
20210204,13:29,0.75,0.80,0.75,0.75,100,12425
20210204,13:30,0.75,0.75,0.75,0.75,525,12425
20210204,13:31,0.65,0.65,0.65,0.65,75,12425
20210204,13:34,0.65,0.75,0.65,0.70,375,12750
20210204,13:37,0.70,0.70,0.70,0.70,75,12750
20210204,13:38,0.60,0.70,0.60,0.70,50,12725
20210204,13:44,0.65,0.65,0.65,0.65,75,12725
20210204,13:50,0.60,0.60,0.60,0.60,25,12700
20210204,13:54,0.50,0.50,0.50,0.50,1325,12700
20210204,13:57,0.50,0.65,0.50,0.65,475,13625
20210204,13:59,0.65,0.65,0.65,0.65,300,13625
20210204,14:04,0.50,0.70,0.50,0.70,775,13425
20210204,14:06,0.45,0.45,0.45,0.45,1250,13375
20210204,14:08,0.40,0.40,0.40,0.40,875,13375
20210204,14:10,0.35,0.35,0.35,0.35,1000,12725
20210204,14:15,0.30,0.30,0.30,0.30,25,11275
20210204,14:21,0.30,0.30,0.30,0.30,25,11275
20210204,14:22,0.30,0.30,0.30,0.30,400,11275
20210204,14:23,0.20,0.20,0.20,0.20,25,11275
20210204,14:25,0.20,0.20,0.20,0.20,50,11275
20210204,14:26,0.25,0.25,0.25,0.25,25,11275
20210204,14:27,0.25,0.25,0.25,0.25,125,11275
20210204,14:29,0.25,0.30,0.25,0.30,75,11525
20210204,14:30,0.25,0.25,0.25,0.25,25,11525
20210204,14:33,0.25,0.25,0.25,0.25,25,11475
20210204,14:35,0.25,0.50,0.25,0.50,100,11475
20210204,14:38,0.75,0.75,0.75,0.75,25,11500
20210204,14:40,0.25,0.40,0.25,0.40,300,11500
20210204,14:46,0.60,0.60,0.60,0.60,25,11425
20210204,14:47,0.40,0.40,0.40,0.40,25,11425
20210204,14:49,0.40,0.40,0.40,0.40,25,11425
20210204,14:50,0.40,0.40,0.40,0.40,400,11425
20210204,14:51,0.50,0.55,0.40,0.55,100,11375
20210204,14:54,0.20,0.20,0.20,0.20,25,11375
20210204,14:55,0.20,0.20,0.20,0.20,25,11375
20210204,14:57,0.20,0.20,0.20,0.20,50,11375
20210204,15:02,0.10,0.10,0.10,0.10,700,11375
20210204,15:04,0.10,0.10,0.10,0.10,75,11800
20210204,15:05,0.10,0.25,0.10,0.10,200,11800
20210204,15:06,0.15,0.15,0.15,0.15,50,11800
20210204,15:08,0.10,0.10,0.10,0.10,675,11825
20210204,15:09,0.10,0.10,0.10,0.10,125,11825
20210204,15:10,0.10,0.10,0.10,0.10,100,11825
20210204,15:11,0.10,0.10,0.10,0.10,125,11825
20210204,15:12,0.10,0.10,0.10,0.10,175,11825
20210204,15:13,0.10,0.10,0.10,0.10,250,11825
20210204,15:14,0.10,0.15,0.10,0.15,475,11775
20210204,15:15,0.10,0.10,0.10,0.10,250,11775
20210204,15:20,0.05,0.05,0.05,0.05,25,11775
20210204,15:21,0.05,0.05,0.05,0.05,100,12500
20210204,15:22,0.05,0.05,0.05,0.05,75,12500
20210204,15:23,0.05,0.05,0.05,0.05,600,12500
