20211118,09:19,30.00,30.00,25.70,25.90,178,175
20211118,09:22,25.65,25.65,25.40,25.40,100,175
20211118,09:23,25.35,25.35,25.35,25.35,125,175
20211118,09:24,25.30,25.30,25.30,25.30,25,400
20211118,09:38,25.25,25.25,25.25,25.25,25,425
20211118,09:49,24.45,24.45,24.45,24.45,50,450
20211118,09:53,26.20,26.20,26.20,26.20,25,500
20211118,10:08,25.35,25.35,25.35,25.35,25,525
20211118,10:11,25.35,25.35,25.35,25.35,25,550
20211118,10:19,25.00,25.00,25.00,25.00,25,575
20211118,10:20,25.00,25.00,25.00,25.00,25,575
20211118,10:37,25.80,25.80,25.80,25.80,25,575
20211118,11:09,26.55,26.55,26.55,26.55,25,600
20211118,11:10,23.45,23.45,23.45,23.45,100,600
20211118,11:13,25.55,25.55,25.55,25.55,25,500
20211118,11:26,24.65,24.65,24.65,24.65,25,500
20211118,11:35,24.50,24.50,24.45,24.45,50,525
20211118,11:37,24.45,24.45,24.45,24.45,25,475
20211118,11:45,24.45,24.45,24.45,24.45,25,450
20211118,11:47,24.90,24.90,24.90,24.90,25,475
20211118,11:48,25.00,25.00,25.00,25.00,25,425
20211118,11:49,25.00,25.00,25.00,25.00,25,425
20211118,11:56,24.95,24.95,24.95,24.95,25,425
20211118,11:57,24.90,24.90,24.90,24.90,25,400
20211118,11:58,25.00,25.00,25.00,25.00,50,400
20211118,13:05,26.05,26.05,26.05,26.05,25,350
20211118,13:22,27.85,27.85,27.85,27.85,25,325
20211118,13:27,24.95,24.95,24.95,24.95,75,350
20211118,13:30,23.35,23.35,23.35,23.35,25,350
20211118,13:51,23.35,23.35,23.35,23.35,50,350
20211118,13:54,27.90,27.90,27.90,27.90,25,350
20211118,14:01,24.15,24.15,24.15,24.15,25,400
20211118,14:08,22.80,22.80,22.80,22.80,25,375
20211118,14:21,22.80,22.80,22.80,22.80,25,350
20211118,14:44,23.55,23.55,23.55,23.55,25,325
20211118,14:59,22.90,22.90,22.00,22.00,150,350
20211118,15:07,20.95,20.95,20.95,20.95,25,400
20211118,15:08,20.95,20.95,20.95,20.95,25,400
20211118,15:09,21.00,21.00,21.00,21.00,50,400
20211118,15:10,20.95,20.95,20.85,20.85,100,500
20211118,15:11,20.85,20.85,20.85,20.85,50,500
20211118,15:12,20.50,20.50,20.50,20.50,75,500
20211118,15:13,17.85,17.85,17.85,17.85,125,725
20211118,15:14,20.50,20.50,20.50,20.50,50,725
20211118,15:16,20.30,20.30,20.30,20.30,25,900
20211118,15:21,20.45,20.45,20.45,20.45,25,925
20211118,15:22,20.80,20.80,20.80,20.80,50,925
20211118,15:24,40.75,40.75,21.90,21.90,650,975
20211118,15:25,22.00,22.00,20.65,21.45,250,1550
20211118,15:26,21.70,21.70,21.30,21.30,250,1550
20211118,15:27,21.45,21.45,21.45,21.45,75,1550
20211118,15:29,21.95,21.95,21.95,21.95,25,1675
20211122,09:15,26.50,26.50,26.45,26.45,77,1650
20211122,09:16,35.45,35.45,35.45,35.45,25,1650
20211122,09:17,35.45,35.45,35.45,35.45,50,1650
20211122,09:18,18.00,18.00,18.00,18.00,125,1775
20211122,09:19,18.00,18.05,18.00,18.05,225,1775
20211122,09:20,18.05,18.05,18.05,18.05,25,1775
20211122,09:24,18.05,18.05,15.00,15.00,75,1800
20211122,09:25,15.00,16.00,15.00,16.00,525,1800
20211122,09:27,19.85,19.90,19.85,19.90,50,2350
20211122,09:38,18.20,18.20,18.20,18.20,25,2375
20211122,09:41,17.45,17.45,17.05,17.05,50,2375
20211122,09:42,17.00,17.00,17.00,17.00,25,2375
20211122,09:43,17.05,17.05,17.05,17.05,25,2375
20211122,09:45,18.10,18.10,17.00,17.85,75,2450
20211122,09:46,17.00,17.70,16.75,17.70,200,2450
20211122,09:47,16.95,16.95,16.95,16.95,25,2625
20211122,09:48,16.60,18.00,16.60,17.05,150,2625
20211122,09:51,17.90,17.90,17.90,17.90,100,2700
20211122,09:54,18.15,18.15,17.50,17.50,100,2800
20211122,09:56,17.00,17.00,17.00,17.00,100,2800
20211122,09:59,17.50,17.50,17.50,17.50,25,2950
20211122,10:00,17.00,17.00,17.00,17.00,50,2975
20211122,10:01,17.00,17.00,17.00,17.00,25,2975
20211122,10:02,16.50,16.50,15.00,15.00,125,3025
20211122,10:05,16.00,16.00,16.00,16.00,25,3025
20211122,10:06,16.50,16.50,16.50,16.50,25,3125
20211122,10:07,15.00,15.95,15.00,15.95,200,3125
20211122,10:08,15.95,16.00,15.95,16.00,75,3125
20211122,10:09,17.00,17.00,17.00,17.00,50,3275
20211122,10:16,17.50,17.50,17.50,17.50,250,3275
20211122,10:21,16.80,16.85,16.80,16.85,50,3475
20211122,10:22,16.95,16.95,16.95,16.95,50,3475
20211122,10:24,16.70,16.75,16.70,16.75,50,3425
20211122,10:25,15.80,16.45,15.80,16.45,100,3425
20211122,10:26,15.70,15.70,15.65,15.65,75,3425
20211122,10:27,15.15,15.70,15.15,15.60,175,3425
20211122,10:28,15.30,15.90,15.15,15.75,125,3425
20211122,10:29,15.75,16.80,15.20,16.80,325,3350
20211122,10:30,15.20,15.80,15.20,15.80,100,3350
20211122,10:31,15.35,15.35,15.35,15.35,25,3350
20211122,10:32,15.90,15.90,15.55,15.55,325,3350
20211122,10:33,15.55,15.55,15.55,15.55,50,3450
20211122,10:35,15.45,15.45,15.40,15.40,75,3400
20211122,10:36,15.40,15.40,15.40,15.40,25,3400
20211122,10:37,15.35,15.35,15.35,15.35,25,3400
20211122,10:38,15.05,15.05,15.05,15.05,25,3400
20211122,10:39,15.05,15.05,15.05,15.05,50,3400
20211122,10:40,15.00,15.00,15.00,15.00,100,3400
20211122,10:41,15.45,15.45,15.45,15.45,100,3400
20211122,10:42,15.30,15.30,15.20,15.20,100,3150
20211122,10:43,15.10,15.50,15.10,15.45,200,3150
20211122,10:45,16.00,16.00,15.90,15.90,50,3150
20211122,10:46,15.85,15.85,15.60,15.85,125,3150
20211122,10:49,15.80,15.80,15.70,15.70,125,3225
20211122,10:54,15.50,15.60,15.50,15.60,225,3100
20211122,10:55,15.35,15.50,15.35,15.45,75,3100
20211122,10:56,15.00,15.50,15.00,15.45,400,3225
20211122,10:57,15.50,15.50,15.10,15.10,250,3225
20211122,10:58,15.15,15.15,14.65,14.65,100,3225
20211122,10:59,14.60,14.60,14.60,14.60,25,3225
20211122,11:00,14.60,14.60,14.60,14.60,25,3400
20211122,11:01,14.70,14.70,14.70,14.70,125,3400
20211122,11:04,14.75,14.80,14.75,14.80,100,3525
20211122,11:06,14.65,14.65,14.65,14.65,100,3550
20211122,11:07,14.60,14.75,14.60,14.60,225,3550
20211122,11:08,14.60,14.60,14.60,14.60,50,3550
20211122,11:09,14.60,14.60,14.60,14.60,50,3725
20211122,11:10,14.80,14.80,14.80,14.80,25,3725
20211122,11:13,14.75,14.75,14.75,14.75,75,3750
20211122,11:19,15.35,15.35,15.35,15.35,25,3800
20211122,11:20,15.35,15.35,15.35,15.35,50,3800
20211122,11:21,15.10,15.10,15.10,15.10,25,3725
20211122,11:25,15.50,15.50,15.45,15.45,275,3725
20211122,11:27,15.50,15.50,15.50,15.50,25,3550
20211122,11:29,15.50,15.50,15.50,15.50,25,3550
20211122,11:30,15.05,15.50,15.05,15.50,50,3550
20211122,11:31,15.10,15.10,15.10,15.10,25,3550
20211122,11:32,15.05,15.05,15.05,15.05,25,3550
20211122,11:35,15.20,15.20,15.20,15.20,400,3475
20211122,11:41,15.95,15.95,15.95,15.95,25,3475
20211122,11:42,15.95,15.95,15.95,15.95,25,3475
20211122,11:46,16.00,16.00,16.00,16.00,75,3475
20211122,11:47,16.00,16.00,15.95,15.95,50,3475
20211122,11:50,15.80,15.80,15.75,15.75,50,3525
20211122,12:01,16.20,16.20,16.20,16.20,25,3525
20211122,12:07,15.00,15.25,15.00,15.25,125,3550
20211122,12:10,15.30,15.30,15.30,15.30,25,3525
20211122,12:11,16.40,16.40,16.40,16.40,25,3525
20211122,12:14,17.15,17.15,17.15,17.15,25,3525
20211122,12:15,14.55,16.10,14.55,16.10,450,3550
20211122,12:16,16.05,16.10,16.05,16.10,50,3550
20211122,12:17,16.90,16.90,15.95,15.95,225,3550
20211122,12:18,16.80,16.80,16.00,16.00,50,3475
20211122,12:19,16.00,16.00,16.00,16.00,25,3475
20211122,12:20,15.75,15.75,15.40,15.40,75,3475
20211122,12:21,15.75,15.75,15.75,15.75,100,3500
20211122,12:28,15.95,15.95,15.80,15.90,150,3500
20211122,12:29,16.15,16.15,16.15,16.15,150,3500
20211122,12:30,16.00,16.00,15.85,15.85,100,3700
20211122,12:31,14.60,14.60,14.60,14.60,175,3700
20211122,12:32,15.90,15.95,15.80,15.95,75,3700
20211122,12:35,17.30,17.30,17.30,17.30,50,3925
20211122,12:39,16.40,17.40,16.10,17.40,150,4050
20211122,12:41,17.20,17.20,17.10,17.10,100,4050
20211122,12:46,15.85,15.85,15.85,15.85,25,4050
20211122,12:48,15.80,15.80,15.80,15.80,25,4050
20211122,12:53,15.25,15.25,15.25,15.25,25,4025
20211122,12:54,16.10,16.15,15.95,16.10,250,4025
20211122,12:55,16.10,16.10,16.10,16.10,50,4025
20211122,12:57,16.10,16.10,15.05,15.05,200,3950
20211122,12:59,16.20,16.20,16.20,16.20,50,3950
20211122,13:02,16.10,16.10,16.10,16.10,25,3950
20211122,13:12,15.25,15.25,15.25,15.25,25,3950
20211122,13:20,15.15,15.20,15.15,15.20,50,3975
20211122,13:21,15.25,15.25,15.25,15.25,25,3975
20211122,13:23,15.50,15.50,15.50,15.50,25,4025
20211122,13:24,16.50,16.50,16.05,16.05,300,4025
20211122,13:25,16.00,16.00,16.00,16.00,25,4025
20211122,13:26,15.50,15.90,15.50,15.90,150,4025
20211122,13:27,15.75,15.75,15.75,15.75,75,4025
20211122,13:29,15.85,15.85,15.60,15.60,350,4175
20211122,13:30,16.05,16.05,15.85,15.85,275,4500
20211122,13:31,15.70,16.00,15.60,15.60,75,4500
20211122,13:32,15.30,15.30,15.30,15.30,100,4500
20211122,13:36,16.00,16.15,16.00,16.15,325,4725
20211122,13:38,15.80,15.80,15.60,15.70,225,4725
20211122,13:40,16.60,16.60,16.60,16.60,25,5000
20211122,13:47,16.05,16.65,16.05,16.65,50,5025
20211122,13:49,16.70,16.70,16.70,16.70,150,5025
20211122,13:50,17.50,17.50,17.50,17.50,100,5025
20211122,13:51,17.50,17.50,17.50,17.50,50,5025
20211122,13:52,15.45,15.45,15.45,15.45,100,5200
20211122,13:56,17.35,17.35,17.10,17.10,75,5250
20211122,14:08,17.35,17.35,17.25,17.25,50,5250
20211122,14:10,16.65,16.65,16.35,16.35,100,5225
20211122,14:11,16.40,16.40,16.40,16.40,25,5225
20211122,14:16,16.40,16.40,16.40,16.40,25,5225
20211122,14:17,16.40,16.40,16.00,16.40,175,5225
20211122,14:19,16.40,16.40,16.40,16.40,25,5225
20211122,14:22,16.60,16.60,16.60,16.60,50,5275
20211122,14:26,16.30,16.30,16.30,16.30,25,5225
20211122,14:31,16.90,17.40,16.90,17.40,150,5200
20211122,14:33,16.10,16.25,16.10,16.25,125,5200
20211122,14:34,16.35,16.35,16.35,16.35,50,5200
20211122,14:35,15.90,15.90,15.05,15.65,100,5200
20211122,14:36,15.75,16.10,15.30,15.60,275,5125
20211122,14:37,15.60,15.60,15.60,15.60,50,5125
20211122,14:38,16.55,16.55,16.55,16.55,50,5125
20211122,14:39,16.45,16.45,16.45,16.45,50,5125
20211122,14:43,16.50,16.50,16.50,16.50,25,5050
20211122,14:45,15.55,15.55,15.55,15.55,25,5050
20211122,14:46,16.00,16.00,16.00,16.00,50,5050
20211122,14:48,15.85,16.10,15.85,16.10,100,5050
20211122,14:50,15.80,15.80,15.80,15.80,25,5025
20211122,14:52,15.00,15.35,15.00,15.35,50,5025
20211122,14:54,14.90,15.10,14.60,14.65,775,5025
20211122,14:55,14.70,14.70,14.40,14.40,375,4625
20211122,14:56,14.65,15.50,14.65,15.50,225,4625
20211122,14:59,14.60,14.60,14.60,14.60,50,4925
20211122,15:00,15.30,16.55,15.30,16.55,75,4925
20211122,15:01,14.90,14.90,14.85,14.85,50,4850
20211122,15:03,16.55,16.55,14.70,14.70,75,4825
20211122,15:04,14.55,14.55,14.55,14.55,125,4825
20211122,15:06,14.95,14.95,14.95,14.95,25,4825
20211122,15:09,15.00,15.20,15.00,15.20,400,4850
20211122,15:10,15.10,15.25,15.10,15.10,225,4975
20211122,15:11,15.00,15.35,14.25,14.25,825,4975
20211122,15:12,14.25,14.85,14.25,14.25,125,4975
20211122,15:13,14.50,15.35,13.70,13.70,275,5150
20211122,15:14,13.55,14.25,13.55,14.25,800,5150
20211122,15:16,14.95,14.95,14.95,14.95,25,5125
20211122,15:18,14.70,14.70,14.70,14.70,50,5125
20211122,15:21,14.90,14.95,14.90,14.95,50,5175
20211122,15:22,14.75,14.75,14.75,14.75,25,5125
20211122,15:23,14.80,14.90,14.70,14.70,175,5125
20211122,15:24,14.60,14.60,14.60,14.60,25,5125
20211122,15:25,14.20,14.20,14.00,14.00,225,5025
20211122,15:26,13.50,14.95,13.50,14.00,575,5025
20211122,15:28,16.50,16.50,16.50,16.50,725,4375
20211122,15:29,13.50,13.70,13.40,13.70,1275,4375
20211122,15:30,13.55,13.55,13.55,13.55,25,4375
20211123,09:15,13.45,13.50,13.45,13.50,77,5225
20211123,09:16,14.10,14.10,14.10,14.10,75,5225
20211123,09:22,14.10,14.10,14.10,14.10,75,5325
20211123,09:23,12.85,12.85,12.85,12.85,25,5325
20211123,09:26,13.90,13.90,13.90,13.90,100,5250
20211123,09:28,13.50,13.50,13.50,13.50,50,5250
20211123,09:31,13.45,13.45,13.45,13.45,375,5225
20211123,09:32,15.20,15.20,10.00,10.00,175,5225
20211123,09:33,10.00,10.00,10.00,10.00,25,5175
20211123,09:34,13.20,13.30,13.20,13.30,150,5175
20211123,09:36,13.35,13.45,13.35,13.35,675,5200
20211123,09:37,13.35,14.95,13.35,14.95,250,5200
20211123,09:38,7.85,7.85,7.85,7.85,125,5200
20211123,09:40,7.85,7.85,7.85,7.85,150,5275
20211123,09:43,13.50,13.70,13.50,13.70,250,5125
20211123,09:44,13.55,15.25,13.55,13.80,475,4725
20211123,09:45,13.95,13.95,13.95,13.95,200,4725
20211123,09:49,13.85,14.75,13.85,14.75,300,4650
20211123,09:55,15.25,15.55,15.25,15.55,200,4500
20211123,09:56,15.65,15.65,15.65,15.65,25,4500
20211123,09:57,16.00,16.00,15.00,15.65,325,4425
20211123,09:58,15.75,15.80,15.65,15.80,275,4425
20211123,09:59,15.40,15.40,15.35,15.40,150,3975
20211123,10:00,15.50,15.65,14.80,15.65,225,3975
20211123,10:01,15.70,15.70,15.70,15.70,50,3975
20211123,10:02,15.60,15.95,15.60,15.95,125,4000
20211123,10:03,15.15,15.55,14.45,14.45,125,4000
20211123,10:04,15.50,15.50,15.50,15.50,25,4000
20211123,10:05,15.50,15.50,15.35,15.35,100,3975
20211123,10:06,15.05,15.05,15.05,15.05,75,3975
20211123,10:07,15.70,15.70,15.70,15.70,50,3975
20211123,10:10,13.15,13.25,13.15,13.25,175,4125
20211123,10:11,13.05,13.05,13.05,13.05,125,4125
20211123,10:12,13.20,13.20,13.20,13.20,50,4350
20211123,10:13,13.10,13.10,13.10,13.10,50,4350
20211123,10:14,14.65,14.65,14.65,14.65,25,4350
20211123,10:20,14.65,14.65,14.65,14.65,75,4375
20211123,10:21,15.30,15.30,15.30,15.30,25,4350
20211123,10:22,14.15,14.15,13.25,13.25,100,4350
20211123,10:25,15.50,15.50,14.90,14.90,375,4325
20211123,10:26,14.40,14.75,14.40,14.45,400,4325
20211123,10:28,14.45,14.50,14.45,14.50,100,3825
20211123,10:29,14.65,14.65,14.65,14.65,25,3750
20211123,10:30,14.60,14.85,14.60,14.85,100,3750
20211123,10:31,15.60,15.60,15.15,15.15,100,3750
20211123,10:34,14.85,14.85,14.85,14.85,50,3750
20211123,10:35,14.40,14.40,14.40,14.40,25,3725
20211123,10:36,14.95,14.95,14.95,14.95,25,3725
20211123,10:37,14.60,14.60,14.60,14.60,25,3725
20211123,10:38,14.45,14.45,14.45,14.45,25,3725
20211123,10:39,14.40,14.40,13.35,13.35,50,3700
20211123,10:40,12.20,12.20,12.20,12.20,50,3700
20211123,10:41,13.35,13.35,13.35,13.35,25,3700
20211123,10:42,13.45,13.45,13.45,13.45,50,3700
20211123,10:45,13.00,13.00,13.00,13.00,600,3750
20211123,10:46,12.90,12.90,12.85,12.85,225,3750
20211123,10:47,12.75,12.90,12.75,12.85,250,4300
20211123,10:48,12.95,12.95,12.80,12.80,225,4300
20211123,10:49,12.75,12.80,12.75,12.80,75,4300
20211123,10:50,12.70,12.70,12.70,12.70,75,4300
20211123,10:51,13.15,13.15,13.15,13.15,25,4375
20211123,10:53,13.25,13.25,13.25,13.25,100,4375
20211123,10:54,12.80,13.30,12.80,13.30,175,4375
20211123,10:55,13.15,14.05,13.15,14.05,275,4375
20211123,10:56,13.90,13.90,13.90,13.90,100,4375
20211123,10:57,14.25,14.25,13.40,13.40,100,4600
20211123,10:58,13.25,13.25,12.25,12.25,250,4600
20211123,10:59,12.15,12.15,12.15,12.15,225,4600
20211123,11:00,12.65,12.65,12.65,12.65,25,4375
20211123,11:01,12.60,12.75,12.60,12.75,75,4375
20211123,11:07,12.85,12.90,12.85,12.90,125,4350
20211123,11:13,13.15,13.15,13.15,13.15,75,4250
20211123,11:14,13.55,13.55,13.55,13.55,25,4250
20211123,11:15,13.25,13.25,13.25,13.25,75,4325
20211123,11:16,13.25,13.60,13.25,13.60,50,4325
20211123,11:18,13.55,13.55,13.55,13.55,150,4450
20211123,11:20,13.40,13.40,13.40,13.40,125,4450
20211123,11:22,13.35,13.95,13.35,13.95,50,4525
20211123,11:25,13.40,13.40,12.65,12.80,1025,4500
20211123,11:26,13.50,13.50,13.00,13.00,200,4500
20211123,11:27,12.50,12.50,12.50,12.50,25,4500
20211123,11:28,13.40,13.40,13.40,13.40,100,4800
20211123,11:29,13.55,14.60,13.10,14.60,125,4800
20211123,11:30,13.95,13.95,13.95,13.95,25,4800
20211123,11:31,13.65,13.65,12.45,12.45,50,4800
20211123,11:32,13.20,13.20,13.20,13.20,75,4800
20211123,11:33,13.20,13.20,13.20,13.20,25,4675
20211123,11:34,13.55,13.85,13.55,13.85,150,4675
20211123,11:35,13.55,13.55,13.55,13.55,50,4675
20211123,11:36,13.20,13.20,13.20,13.20,50,4700
20211123,11:37,12.75,12.75,12.75,12.75,150,4700
20211123,11:39,13.30,13.40,13.30,13.40,75,4825
20211123,11:40,13.30,13.30,13.00,13.00,150,4825
20211123,11:41,12.90,13.05,12.90,13.05,125,4825
20211123,11:45,12.95,13.30,12.95,13.25,150,4650
20211123,11:46,13.05,13.20,13.05,13.20,150,4650
20211123,11:47,13.00,13.00,13.00,13.00,75,4650
20211123,11:49,13.70,13.70,13.70,13.70,25,4575
20211123,11:50,13.70,13.70,13.70,13.70,100,4575
20211123,11:51,13.50,13.50,13.35,13.35,50,4475
20211123,11:52,13.30,14.00,13.30,14.00,425,4475
20211123,11:57,13.85,13.85,13.85,13.85,150,4475
20211123,11:59,13.85,13.85,13.85,13.85,50,4475
20211123,12:00,13.75,13.85,13.75,13.80,300,4500
20211123,12:03,13.75,13.75,13.75,13.75,25,4500
20211123,12:04,14.60,14.60,14.60,14.60,50,4425
20211123,12:06,13.00,13.00,13.00,13.00,275,4475
20211123,12:07,13.15,13.15,13.15,13.15,75,4475
20211123,12:09,13.95,13.95,13.95,13.95,125,4350
20211123,12:11,13.20,13.45,13.20,13.45,200,4350
20211123,12:12,12.90,12.90,12.90,12.90,125,4300
20211123,12:13,13.00,13.00,13.00,13.00,75,4300
20211123,12:14,13.10,13.10,13.10,13.10,150,4300
20211123,12:17,13.70,13.70,13.70,13.70,50,4400
20211123,12:18,13.55,13.55,13.55,13.55,50,4400
20211123,12:20,13.30,13.30,13.30,13.30,125,4400
20211123,12:21,13.20,13.20,13.20,13.20,25,4325
20211123,12:22,13.05,13.05,13.05,13.05,50,4325
20211123,12:23,13.10,13.10,12.25,12.25,450,4325
20211123,12:24,12.25,12.60,12.05,12.50,550,4650
20211123,12:25,13.00,13.00,13.00,13.00,50,4650
20211123,12:27,12.85,12.85,12.85,12.85,125,4725
20211123,12:28,12.20,12.20,11.80,11.80,500,4725
20211123,12:29,12.30,12.30,12.30,12.30,25,4725
20211123,12:32,12.50,12.50,12.50,12.50,25,4975
20211123,12:33,12.55,12.55,12.55,12.55,75,4925
20211123,12:34,12.20,12.20,11.55,11.55,100,4925
20211123,12:35,12.20,12.20,12.20,12.20,25,4925
20211123,12:38,12.25,12.25,12.25,12.25,25,5025
20211123,12:39,12.30,12.40,12.30,12.40,125,5075
20211123,12:41,12.00,12.00,12.00,12.00,25,5075
20211123,12:45,12.10,12.15,12.10,12.15,50,5050
20211123,12:46,12.15,12.15,12.15,12.15,25,5050
20211123,12:47,12.25,12.25,11.95,11.95,425,5050
20211123,12:48,12.35,12.40,12.35,12.35,275,5050
20211123,12:50,12.55,12.55,12.55,12.55,125,4850
20211123,12:51,12.75,12.75,12.75,12.75,50,4800
20211123,12:53,12.60,12.60,12.60,12.60,125,4800
20211123,12:56,12.70,12.70,12.20,12.20,50,4800
20211123,12:57,13.05,13.05,13.05,13.05,25,4800
20211123,12:58,12.95,12.95,12.50,12.50,50,4800
20211123,13:01,12.60,12.60,12.15,12.15,75,4775
20211123,13:02,12.65,12.65,12.65,12.65,25,4775
20211123,13:03,12.50,12.50,12.20,12.20,250,4775
20211123,13:04,12.50,12.50,12.50,12.50,25,4775
20211123,13:07,12.50,12.50,12.50,12.50,25,4775
20211123,13:09,11.90,11.90,11.90,11.90,25,4775
20211123,13:18,12.50,12.50,12.50,12.50,25,4800
20211123,13:22,12.15,12.15,12.15,12.15,25,4775
20211123,13:23,12.35,12.35,12.35,12.35,25,4775
20211123,13:25,12.55,12.55,12.55,12.55,25,4725
20211123,13:26,12.55,12.55,12.55,12.55,25,4725
20211123,13:29,12.60,12.60,12.60,12.60,25,4700
20211123,13:34,12.65,12.65,12.60,12.60,425,4700
20211123,13:35,12.25,12.25,12.25,12.25,50,4700
20211123,13:37,12.75,12.75,12.75,12.75,25,4825
20211123,13:41,11.80,11.85,11.80,11.85,50,4850
20211123,13:42,12.00,12.00,12.00,12.00,25,4825
20211123,13:43,11.90,11.90,11.90,11.90,50,4825
20211123,13:51,13.05,13.60,12.75,12.75,300,4925
20211123,13:52,12.75,12.75,12.75,12.75,25,4925
20211123,13:53,13.15,13.15,13.15,13.15,150,4925
20211123,13:54,12.65,12.85,12.65,12.85,75,4850
20211123,13:56,11.90,11.90,11.90,11.90,25,4850
20211123,13:57,11.85,11.85,11.85,11.85,50,4900
20211123,13:58,11.95,11.95,11.95,11.95,25,4900
20211123,14:00,12.20,13.00,12.20,13.00,175,4925
20211123,14:08,12.25,13.00,12.25,13.00,200,4925
20211123,14:09,13.00,13.00,13.00,13.00,100,4925
20211123,14:10,12.85,12.85,12.85,12.85,25,5075
20211123,14:11,13.00,13.00,13.00,13.00,25,5075
20211123,14:16,12.35,12.35,12.30,12.30,75,5075
20211123,14:17,12.20,12.20,12.20,12.20,75,5075
20211123,14:19,13.00,13.20,12.60,13.05,475,5050
20211123,14:20,11.45,13.00,11.45,13.00,400,5050
20211123,14:21,13.05,13.05,13.05,13.05,25,5100
20211123,14:22,13.05,13.05,13.05,13.05,25,5100
20211123,14:23,13.00,13.00,12.75,12.75,200,5100
20211123,14:24,12.65,13.10,12.65,13.10,250,5075
20211123,14:25,12.80,12.80,12.80,12.80,150,5075
20211123,14:26,12.90,12.90,12.90,12.90,75,5075
20211123,14:27,13.15,13.15,13.15,13.15,25,5075
20211123,14:28,13.35,13.35,13.35,13.35,50,5125
20211123,14:33,12.65,12.65,12.65,12.65,50,5125
20211123,14:38,12.20,12.20,12.20,12.20,75,5100
20211123,14:41,12.85,12.85,12.85,12.85,125,5025
20211123,14:43,11.85,11.85,11.85,11.85,25,5000
20211123,14:45,11.95,11.95,11.95,11.95,25,5025
20211123,14:46,11.95,12.00,11.95,12.00,275,5025
20211123,14:47,11.95,11.95,11.95,11.95,50,5025
20211123,14:48,11.50,11.85,11.45,11.80,325,4975
20211123,14:49,11.50,11.50,11.50,11.50,75,4975
20211123,14:50,12.20,12.35,12.20,12.35,150,4975
20211123,14:52,12.00,12.00,12.00,12.00,25,5025
20211123,14:53,11.65,12.45,11.65,12.45,325,5025
20211123,14:56,11.75,11.75,11.60,11.60,100,4875
20211123,14:57,11.50,11.50,11.50,11.50,50,4875
20211123,14:58,11.25,11.50,11.25,11.45,175,4800
20211123,14:59,11.50,12.15,11.50,12.15,250,4800
20211123,15:00,12.15,12.20,12.00,12.15,350,4800
20211123,15:05,11.55,11.55,11.55,11.55,25,4650
20211123,15:06,12.20,12.20,12.20,12.20,25,4650
20211123,15:12,10.70,10.70,10.70,10.70,50,4675
20211123,15:15,10.90,11.50,10.90,11.50,275,4675
20211123,15:17,10.75,10.75,10.75,10.75,75,4475
20211123,15:19,10.75,10.75,10.75,10.75,100,4450
20211123,15:20,10.80,12.20,10.75,10.75,450,4450
20211123,15:21,11.90,11.90,11.15,11.15,75,4450
20211123,15:22,10.70,11.30,10.70,10.95,475,4400
20211123,15:23,11.20,11.25,10.30,10.30,150,4400
20211123,15:25,11.35,11.35,10.25,10.25,300,4550
20211123,15:26,10.10,10.10,10.10,10.10,125,4550
20211123,15:27,10.10,10.10,10.10,10.10,275,4550
20211123,15:28,10.10,11.65,10.10,10.95,300,4925
20211123,15:29,10.50,10.50,10.00,10.00,350,4925
20211124,09:16,11.00,11.05,11.00,11.05,102,4650
20211124,09:18,9.20,9.20,9.20,9.20,100,4750
20211124,09:20,11.30,11.30,10.15,10.15,50,4750
20211124,09:21,11.00,11.00,11.00,11.00,25,4775
20211124,09:22,11.75,11.80,11.75,11.80,50,4775
20211124,09:23,11.80,11.80,11.80,11.80,50,4775
20211124,09:24,11.55,11.55,11.55,11.55,25,4750
20211124,09:25,11.45,11.50,11.45,11.50,175,4750
20211124,09:28,11.85,11.85,11.85,11.85,25,4750
20211124,09:31,11.85,11.85,11.85,11.85,75,4750
20211124,09:33,9.85,9.85,9.85,9.85,25,4700
20211124,09:34,9.80,9.80,9.80,9.80,25,4700
20211124,09:36,10.70,10.70,10.20,10.25,125,4675
20211124,09:37,10.25,10.25,10.25,10.25,75,4675
20211124,09:39,10.35,10.35,10.20,10.30,175,4775
20211124,09:40,10.30,10.30,10.30,10.30,50,4775
20211124,09:41,10.40,10.40,10.40,10.40,125,4775
20211124,09:43,10.70,10.70,10.70,10.70,125,4775
20211124,09:45,11.00,11.00,11.00,11.00,25,4750
20211124,09:46,10.10,10.10,10.10,10.10,25,4750
20211124,09:55,10.15,10.15,10.15,10.15,25,4725
20211124,10:00,11.00,11.00,9.85,9.85,50,4725
20211124,10:01,9.90,9.90,9.90,9.90,25,4725
20211124,10:02,9.80,9.80,9.80,9.80,50,4775
20211124,10:10,9.80,9.80,9.80,9.80,25,4775
20211124,10:12,9.80,9.80,9.80,9.80,100,4800
20211124,10:13,9.60,9.60,9.55,9.55,175,4800
20211124,10:18,9.20,9.20,9.20,9.20,100,4825
20211124,10:20,9.25,9.25,9.25,9.25,25,4825
20211124,10:21,9.85,10.40,9.85,10.40,125,4825
20211124,10:23,10.00,10.50,10.00,10.50,175,4825
20211124,10:24,10.55,10.55,10.55,10.55,50,4750
20211124,10:25,9.80,9.80,9.80,9.80,100,4750
20211124,10:26,10.55,10.55,10.50,10.50,225,4950
20211124,10:27,10.00,10.35,9.95,10.35,100,4950
20211124,10:29,10.70,10.70,10.70,10.70,75,4950
20211124,10:31,10.30,10.30,10.30,10.30,50,5000
20211124,10:32,10.30,10.30,10.30,10.30,100,5000
20211124,10:33,10.55,10.55,10.55,10.55,100,5050
20211124,10:35,10.00,10.00,10.00,10.00,125,5050
20211124,10:41,10.00,10.00,10.00,10.00,50,5150
20211124,10:42,10.00,10.00,9.85,9.85,200,5200
20211124,10:43,10.00,10.00,10.00,10.00,25,5200
20211124,10:46,9.80,9.85,9.65,9.85,225,5325
20211124,10:47,9.70,9.70,9.70,9.70,50,5325
20211124,10:48,9.90,9.90,9.75,9.75,150,5300
20211124,10:51,9.80,9.85,9.65,9.65,100,5300
20211124,10:52,9.70,9.85,9.70,9.85,225,5300
20211124,10:54,9.80,9.80,9.65,9.65,100,5325
20211124,10:58,9.70,9.70,9.65,9.70,200,5350
20211124,10:59,9.85,9.85,9.85,9.85,50,5350
20211124,11:00,9.70,9.70,9.70,9.70,25,5350
20211124,11:01,9.65,9.85,9.65,9.85,100,5350
20211124,11:02,9.65,9.65,9.65,9.65,25,5350
20211124,11:03,9.80,9.80,9.80,9.80,100,5325
20211124,11:04,10.00,10.00,10.00,10.00,300,5325
20211124,11:06,9.90,9.90,9.60,9.60,100,5275
20211124,11:07,9.40,9.40,9.40,9.40,50,5275
20211124,11:11,9.65,9.65,9.45,9.45,50,5225
20211124,11:12,9.20,9.20,9.20,9.20,25,5250
20211124,11:13,9.15,9.15,9.10,9.10,300,5250
20211124,11:14,9.10,9.70,8.60,9.70,1625,5250
20211124,11:16,9.40,9.40,9.40,9.40,125,6225
20211124,11:18,9.30,9.30,9.30,9.30,25,6325
20211124,11:21,8.95,9.00,8.90,8.95,200,6350
20211124,11:22,9.00,9.00,8.90,8.90,75,6350
20211124,11:24,8.95,8.95,8.90,8.95,125,6250
20211124,11:25,8.90,8.90,8.90,8.90,125,6250
20211124,11:26,9.20,9.20,9.00,9.00,50,6250
20211124,11:27,9.25,9.25,9.05,9.05,225,6350
20211124,11:28,9.00,9.35,9.00,9.35,500,6350
20211124,11:29,9.35,9.35,9.05,9.05,150,6350
20211124,11:31,9.45,9.45,9.45,9.45,50,6175
20211124,11:32,9.30,9.45,9.30,9.45,200,6175
20211124,11:33,9.50,9.50,9.05,9.05,225,6350
20211124,11:34,9.20,9.20,9.20,9.20,50,6350
20211124,11:35,9.05,9.05,8.90,8.90,225,6350
20211124,11:36,9.05,9.05,8.95,9.05,425,6850
20211124,11:37,9.05,9.05,9.05,9.05,75,6850
20211124,11:38,8.65,8.65,8.65,8.65,150,6850
20211124,11:39,8.80,8.80,8.35,8.35,475,7225
20211124,11:40,8.35,8.50,8.35,8.50,100,7225
20211124,11:41,8.45,9.00,8.45,9.00,250,7225
20211124,11:43,8.35,8.35,8.35,8.35,50,7600
20211124,11:44,8.50,8.50,8.50,8.50,75,7600
20211124,11:45,8.70,8.70,8.70,8.70,50,7625
20211124,11:47,9.00,9.00,9.00,9.00,125,7625
20211124,11:52,9.00,9.20,9.00,9.20,50,7500
20211124,12:00,9.15,9.15,8.50,8.50,100,7500
20211124,12:01,8.05,8.05,8.05,8.05,50,7500
20211124,12:02,8.05,8.05,8.05,8.05,25,7500
20211124,12:04,8.50,8.50,8.50,8.50,100,7575
20211124,12:05,8.55,8.55,8.55,8.55,25,7575
20211124,12:09,8.50,8.50,8.30,8.30,150,7700
20211124,12:11,8.25,8.50,8.25,8.50,125,7700
20211124,12:14,8.50,8.50,8.50,8.50,50,7800
20211124,12:15,8.50,8.50,8.50,8.50,100,7800
20211124,12:17,8.45,8.45,8.45,8.45,25,7800
20211124,12:18,8.45,8.45,8.45,8.45,75,7700
20211124,12:19,8.50,8.50,8.25,8.25,925,7700
20211124,12:21,8.25,8.25,8.25,8.25,50,7050
20211124,12:23,8.65,8.65,8.65,8.65,100,7050
20211124,12:24,8.20,8.20,8.20,8.20,25,7050
20211124,12:25,8.65,8.65,8.65,8.65,50,7125
20211124,12:26,8.70,8.70,8.70,8.70,50,7125
20211124,12:27,8.80,8.90,8.80,8.90,200,7125
20211124,12:28,8.90,8.90,8.90,8.90,225,7300
20211124,12:29,9.00,9.00,8.90,9.00,475,7300
20211124,12:30,8.95,9.05,8.90,9.05,325,7300
20211124,12:31,8.95,8.95,8.95,8.95,50,8050
20211124,12:32,9.00,9.00,8.90,8.90,150,8050
20211124,12:33,8.90,9.05,8.90,8.95,325,8100
20211124,12:34,8.90,8.90,8.90,8.90,150,8100
20211124,12:35,8.90,8.90,8.85,8.85,125,8100
20211124,12:36,8.80,8.95,8.80,8.95,100,8075
20211124,12:37,9.00,9.00,9.00,9.00,50,8075
20211124,12:38,8.80,9.00,8.80,8.80,825,8075
20211124,12:39,8.80,9.00,8.80,9.00,75,8725
20211124,12:40,9.00,9.00,9.00,9.00,50,8725
20211124,12:43,8.90,8.90,8.90,8.90,25,8725
20211124,12:46,9.00,9.00,9.00,9.00,75,8750
20211124,12:47,9.05,9.10,9.00,9.00,200,8750
20211124,12:51,9.00,9.00,9.00,9.00,50,8975
20211124,12:52,8.85,8.85,8.85,8.85,25,8975
20211124,12:53,8.95,9.05,8.95,9.00,275,8975
20211124,12:54,8.85,8.85,8.85,8.85,25,8975
20211124,12:55,8.80,8.80,8.80,8.80,50,9175
20211124,12:58,7.05,8.10,7.05,8.10,950,9225
20211124,12:59,8.15,8.15,8.15,8.15,375,9225
20211124,13:06,8.15,8.15,8.15,8.15,25,8950
20211124,13:07,8.45,8.45,8.45,8.45,25,8925
20211124,13:08,8.70,8.70,8.15,8.15,125,8925
20211124,13:09,8.30,8.30,8.30,8.30,150,8975
20211124,13:14,8.85,8.85,8.85,8.85,50,8950
20211124,13:15,8.75,8.75,8.75,8.75,50,8950
20211124,13:16,9.00,9.00,9.00,9.00,200,8950
20211124,13:17,8.75,8.80,8.75,8.80,125,8950
20211124,13:18,8.75,8.75,8.75,8.75,25,8950
20211124,13:26,8.40,8.40,8.40,8.40,25,9175
20211124,13:30,8.50,8.50,8.50,8.50,100,9175
20211124,13:34,8.45,8.45,8.45,8.45,25,9075
20211124,13:36,8.40,8.40,8.40,8.40,25,9075
20211124,13:39,8.30,8.30,8.30,8.30,100,9025
20211124,13:40,8.30,8.30,8.30,8.30,50,9025
20211124,13:41,8.30,8.30,8.30,8.30,25,9025
20211124,13:42,8.00,8.05,7.90,8.05,275,8900
20211124,13:43,8.05,8.05,8.05,8.05,25,8900
20211124,13:44,8.00,8.00,8.00,8.00,25,8900
20211124,13:45,8.05,8.05,8.05,8.05,25,8900
20211124,13:46,7.95,7.95,7.95,7.95,100,8875
20211124,13:48,8.05,8.05,7.90,7.90,125,8875
20211124,13:49,7.75,7.75,7.75,7.75,25,8875
20211124,13:51,8.15,8.15,8.00,8.00,275,8875
20211124,13:53,7.95,8.05,7.95,8.05,100,8875
20211124,13:54,7.95,7.95,7.95,7.95,25,8925
20211124,13:55,7.95,8.25,7.95,8.25,125,8925
20211124,13:57,8.05,8.05,8.05,8.05,50,8925
20211124,13:58,8.05,8.05,8.05,8.05,100,8925
20211124,13:59,7.95,7.95,7.95,7.95,50,8925
20211124,14:00,7.55,7.75,6.75,6.75,925,9100
20211124,14:01,7.50,7.70,7.20,7.20,200,9100
20211124,14:02,7.70,7.70,7.70,7.70,625,9100
20211124,14:03,7.70,7.70,7.70,7.70,75,9100
20211124,14:04,7.55,7.60,7.25,7.25,525,10125
20211124,14:05,7.30,7.55,7.30,7.55,225,10125
20211124,14:08,7.50,7.50,7.40,7.40,75,10275
20211124,14:09,7.55,7.55,7.35,7.35,225,10275
20211124,14:11,7.30,7.30,7.30,7.30,25,10100
20211124,14:12,7.35,7.35,7.35,7.35,100,10100
20211124,14:14,7.65,7.65,7.65,7.65,250,10050
20211124,14:15,7.65,7.85,7.25,7.35,750,10050
20211124,14:16,7.65,7.65,7.35,7.55,300,10825
20211124,14:18,7.20,7.35,7.20,7.30,700,10825
20211124,14:19,7.10,7.15,7.10,7.15,150,11150
20211124,14:20,7.15,7.25,7.15,7.15,550,11150
20211124,14:21,6.90,6.90,6.90,6.90,125,11150
20211124,14:22,6.75,6.80,6.75,6.75,150,11150
20211124,14:23,6.75,6.75,6.60,6.70,300,11150
20211124,14:24,6.35,6.35,6.30,6.30,225,11150
20211124,14:25,6.50,6.50,6.45,6.45,225,11475
20211124,14:26,6.45,6.55,6.45,6.55,225,11475
20211124,14:27,6.60,6.60,6.60,6.60,50,11475
20211124,14:29,6.40,6.40,6.40,6.40,50,11575
20211124,14:30,6.55,6.55,6.55,6.55,100,11575
20211124,14:31,6.55,6.90,6.45,6.90,450,11575
20211124,14:32,6.30,6.30,6.30,6.30,25,11575
20211124,14:33,6.30,6.30,6.30,6.30,25,11575
20211124,14:34,6.40,6.40,6.20,6.20,100,11550
20211124,14:35,6.20,6.50,6.20,6.40,350,11550
20211124,14:36,6.45,6.45,6.20,6.20,225,11550
20211124,14:37,6.25,6.40,6.20,6.25,175,12025
20211124,14:38,6.35,6.35,6.35,6.35,75,12025
20211124,14:39,6.40,6.40,6.40,6.40,50,12025
20211124,14:40,6.50,6.50,6.45,6.45,475,12000
20211124,14:42,6.45,6.45,6.45,6.45,200,11900
20211124,14:44,6.50,6.55,6.50,6.55,325,11900
20211124,14:45,6.50,6.70,6.50,6.65,175,11900
20211124,14:47,6.50,6.70,6.50,6.70,200,12025
20211124,14:49,6.60,6.60,6.60,6.60,75,12025
20211124,14:50,6.60,6.60,6.60,6.60,25,12025
20211124,14:51,6.80,6.80,6.80,6.80,25,12025
20211124,14:52,6.80,6.80,6.70,6.70,100,12075
20211124,14:53,6.75,6.90,6.45,6.45,550,12075
20211124,14:54,6.75,6.75,6.70,6.75,350,12075
20211124,14:55,6.70,6.85,6.65,6.80,275,12375
20211124,14:56,6.85,6.90,6.75,6.75,475,12375
20211124,14:57,6.95,7.00,6.80,6.80,1375,12375
20211124,14:58,7.05,7.10,6.90,7.10,275,12375
20211124,14:59,7.05,7.05,7.05,7.05,50,12375
20211124,15:00,7.20,7.25,7.20,7.25,125,12375
20211124,15:01,6.95,6.95,6.95,6.95,25,12250
20211124,15:04,6.55,6.95,6.55,6.95,75,12225
20211124,15:05,7.15,7.15,7.05,7.05,175,12225
20211124,15:06,7.05,7.10,7.00,7.10,250,12225
20211124,15:07,7.00,7.00,7.00,7.00,75,12550
20211124,15:08,7.05,7.05,7.05,7.05,25,12550
20211124,15:10,7.05,7.05,7.05,7.05,100,12525
20211124,15:11,7.10,7.20,6.90,6.90,525,12525
20211124,15:12,7.00,7.25,7.00,7.15,325,12525
20211124,15:13,7.40,7.50,7.40,7.50,325,13225
20211124,15:14,7.50,7.50,7.05,7.05,175,13225
20211124,15:15,7.50,7.55,7.45,7.55,150,13225
20211124,15:16,7.50,7.60,7.45,7.60,350,13775
20211124,15:17,7.75,7.75,7.65,7.65,100,13775
20211124,15:18,7.55,7.65,7.45,7.65,500,13775
20211124,15:19,7.60,7.60,7.60,7.60,175,14350
20211124,15:20,7.25,7.25,7.25,7.25,25,14350
20211124,15:21,7.45,7.45,7.45,7.45,50,14350
20211124,15:22,7.15,7.40,7.15,7.40,125,14500
20211124,15:23,7.30,7.35,7.30,7.35,100,14500
20211124,15:25,7.30,8.10,6.65,6.65,2225,14475
20211124,15:26,8.00,8.00,7.80,7.80,650,14475
20211124,15:27,8.15,8.30,7.45,7.50,1250,14475
20211124,15:28,7.30,7.90,6.70,7.90,825,15425
20211124,15:29,6.65,8.20,6.65,8.20,225,15425
20211125,09:15,9.00,25.00,9.00,25.00,52,14850
20211125,09:16,6.80,6.80,6.80,6.80,125,14850
20211125,09:17,6.45,6.45,6.45,6.45,25,14850
20211125,09:20,6.45,6.75,6.45,6.65,525,14750
20211125,09:21,6.85,6.90,6.85,6.90,400,14750
20211125,09:22,6.55,6.55,6.55,6.55,225,14750
20211125,09:23,6.65,6.65,6.65,6.65,100,14525
20211125,09:25,6.80,6.85,6.80,6.85,50,14525
20211125,09:28,7.00,7.00,7.00,7.00,100,14550
20211125,09:30,7.00,7.00,6.95,6.95,1050,14550
20211125,09:31,5.95,6.80,5.95,6.25,725,14550
20211125,09:33,6.90,6.90,5.40,5.40,1350,15475
20211125,09:34,5.55,5.55,5.20,5.20,1000,15475
20211125,09:35,5.65,5.70,5.65,5.65,225,14900
20211125,09:36,5.95,6.10,5.95,6.10,175,14900
20211125,09:37,5.95,6.20,5.95,6.20,100,14900
20211125,09:38,6.05,6.05,6.00,6.00,75,14900
20211125,09:39,5.75,6.00,5.75,6.00,175,14850
20211125,09:40,5.80,5.80,5.80,5.80,75,14850
20211125,09:41,5.80,5.80,5.80,5.80,150,14850
20211125,09:42,5.80,5.85,5.80,5.80,375,14950
20211125,09:43,6.00,6.00,6.00,6.00,75,14950
20211125,09:44,5.75,5.75,5.75,5.75,100,14950
20211125,09:45,6.05,6.05,6.00,6.00,150,14850
20211125,09:47,6.00,6.00,5.95,6.00,250,14850
20211125,09:48,6.10,6.10,6.05,6.05,75,14825
20211125,09:49,6.05,6.15,6.00,6.10,400,14825
20211125,09:51,6.15,6.15,6.15,6.15,50,14500
20211125,09:52,5.90,5.90,5.90,5.90,75,14500
20211125,09:53,6.00,6.00,5.80,5.80,125,14525
20211125,09:54,5.30,5.85,5.30,5.85,175,14525
20211125,09:55,5.85,5.85,5.65,5.65,1200,14525
20211125,09:57,6.00,6.05,5.75,5.75,225,15475
20211125,09:58,6.00,6.00,5.70,5.85,525,15475
20211125,09:59,5.90,5.90,5.90,5.90,25,15475
20211125,10:00,5.75,5.75,5.25,5.55,525,15650
20211125,10:01,5.65,5.65,5.65,5.65,50,15650
20211125,10:02,5.60,5.70,5.60,5.70,400,15625
20211125,10:03,5.65,5.70,5.60,5.70,275,15625
20211125,10:04,5.80,5.80,5.65,5.65,50,15625
20211125,10:06,5.65,5.75,5.65,5.75,425,15200
20211125,10:07,5.75,5.75,5.75,5.75,175,15200
20211125,10:09,5.65,5.65,5.65,5.65,50,15350
20211125,10:12,5.70,5.70,5.70,5.70,50,15350
20211125,10:13,5.85,5.85,5.85,5.85,50,15350
20211125,10:15,5.85,5.90,5.85,5.90,250,15350
20211125,10:16,6.00,6.00,5.85,5.85,100,15350
20211125,10:17,5.85,6.25,5.85,6.25,150,15350
20211125,10:19,5.75,5.75,5.75,5.75,250,15300
20211125,10:20,6.05,6.05,5.95,5.95,750,15300
20211125,10:21,5.80,6.00,5.80,6.00,275,15600
20211125,10:23,5.95,5.95,5.70,5.75,450,15600
20211125,10:24,5.50,5.50,5.40,5.45,950,15600
20211125,10:25,5.55,5.55,5.55,5.55,25,15600
20211125,10:28,5.50,5.50,5.50,5.50,75,15600
20211125,10:30,5.45,5.45,5.45,5.45,50,15600
20211125,10:34,5.70,5.70,5.60,5.60,175,15650
20211125,10:35,5.65,5.65,5.65,5.65,25,15650
20211125,10:36,5.80,5.80,5.80,5.80,25,15700
20211125,10:37,5.70,5.70,5.70,5.70,75,15700
20211125,10:38,6.00,6.00,5.70,5.90,175,15700
20211125,10:39,5.70,5.70,5.70,5.70,200,15825
20211125,10:42,5.75,5.75,5.75,5.75,50,15925
20211125,10:46,5.70,5.70,5.70,5.70,100,15925
20211125,10:47,5.70,5.70,5.70,5.70,50,15925
20211125,10:48,5.70,5.70,5.70,5.70,225,15925
20211125,10:49,5.70,5.70,5.50,5.70,275,15925
20211125,10:50,5.70,5.70,5.70,5.70,25,15925
20211125,10:51,5.70,5.70,5.70,5.70,50,16175
20211125,10:52,5.70,5.70,5.70,5.70,150,16175
20211125,10:54,5.50,5.50,5.50,5.50,150,16175
20211125,10:56,5.55,5.65,5.55,5.65,175,16175
20211125,10:57,5.60,5.60,5.60,5.60,50,16175
20211125,10:58,5.50,5.50,5.50,5.50,25,16175
20211125,10:59,5.70,5.70,5.70,5.70,75,16175
20211125,11:00,5.70,5.70,5.45,5.65,350,16200
20211125,11:01,5.55,5.55,5.40,5.40,200,16200
20211125,11:02,5.45,5.45,5.45,5.45,50,16200
20211125,11:03,5.45,5.45,5.40,5.40,325,16550
20211125,11:04,5.60,5.60,5.60,5.60,175,16550
20211125,11:05,5.60,5.60,5.60,5.60,25,16550
20211125,11:06,5.55,5.55,5.50,5.50,150,16350
20211125,11:07,5.45,5.45,5.30,5.30,575,16350
20211125,11:08,5.35,5.35,5.35,5.35,125,16350
20211125,11:10,5.35,5.35,5.25,5.30,650,16700
20211125,11:12,5.20,5.20,5.20,5.20,150,16725
20211125,11:13,5.35,5.35,5.30,5.35,350,16725
20211125,11:14,5.35,5.35,5.35,5.35,200,16725
20211125,11:15,5.40,5.40,5.40,5.40,400,16525
20211125,11:16,5.70,5.70,5.70,5.70,275,16525
20211125,11:17,5.55,5.55,5.55,5.55,75,16525
20211125,11:22,5.55,5.55,5.40,5.40,325,16625
20211125,11:23,5.25,5.55,5.25,5.55,200,16625
20211125,11:26,5.35,5.35,5.20,5.25,425,16450
20211125,11:27,5.20,5.30,5.20,5.20,325,16250
20211125,11:28,5.15,5.35,5.15,5.35,650,16250
20211125,11:32,5.70,5.70,5.70,5.70,50,16100
20211125,11:33,5.70,5.70,5.70,5.70,200,16050
20211125,11:34,5.70,5.70,5.65,5.65,150,16050
20211125,11:37,5.80,5.80,5.80,5.80,225,16250
20211125,11:38,5.65,5.65,5.60,5.60,200,16250
20211125,11:39,5.35,5.35,5.35,5.35,25,16250
20211125,11:44,5.55,5.55,5.55,5.55,125,16275
20211125,11:46,5.55,5.55,5.55,5.55,125,16275
20211125,11:47,5.50,5.50,5.45,5.45,350,16275
20211125,11:48,5.50,5.50,5.50,5.50,150,16175
20211125,11:50,5.45,5.45,5.25,5.25,250,16175
20211125,11:51,5.25,5.30,5.25,5.30,175,16075
20211125,11:53,5.10,5.10,5.05,5.05,150,16075
20211125,11:55,5.05,5.05,5.05,5.05,75,16150
20211125,11:56,5.00,5.00,5.00,5.00,150,16150
20211125,11:57,5.00,5.20,5.00,5.20,425,16000
20211125,11:58,5.95,5.95,5.90,5.90,100,16000
20211125,12:08,5.90,5.90,5.90,5.90,25,16050
20211125,12:09,5.30,5.30,5.30,5.30,25,16025
20211125,12:10,5.75,5.75,5.65,5.65,150,16025
20211125,12:11,5.55,5.55,5.55,5.55,75,16025
20211125,12:14,6.30,6.30,6.30,6.30,1625,16200
20211125,12:15,7.00,7.05,6.50,6.90,3850,16875
20211125,12:16,6.80,6.80,6.80,6.80,250,16875
20211125,12:17,7.00,7.00,7.00,7.00,125,16875
20211125,12:18,6.65,6.65,6.65,6.65,25,17025
20211125,12:19,6.85,6.85,6.85,6.85,25,17025
20211125,12:20,7.20,7.25,7.15,7.20,2175,17025
20211125,12:21,7.10,7.10,6.80,6.95,450,18550
20211125,12:22,7.00,7.75,7.00,7.30,2975,18550
20211125,12:23,7.05,7.15,7.00,7.00,250,18550
20211125,12:24,7.00,7.00,7.00,7.00,50,20700
20211125,12:25,7.00,7.00,6.75,6.80,425,20700
20211125,12:26,6.90,6.90,6.80,6.80,125,20700
20211125,12:27,6.55,6.55,6.10,6.10,150,20725
20211125,12:28,6.30,6.30,6.30,6.30,100,20725
20211125,12:30,6.30,6.30,6.30,6.30,75,20600
20211125,12:31,6.15,6.15,6.10,6.10,100,20600
20211125,12:32,6.15,6.15,6.15,6.15,225,20600
20211125,12:33,6.25,6.25,6.25,6.25,75,20600
20211125,12:35,6.35,6.35,6.35,6.35,25,20225
20211125,12:36,6.30,6.60,6.30,6.60,50,20225
20211125,12:38,6.40,6.45,6.40,6.40,200,20225
20211125,12:39,6.25,6.40,6.25,6.40,50,20225
20211125,12:40,6.40,6.40,6.40,6.40,25,20425
20211125,12:42,6.40,6.45,6.40,6.45,50,20475
20211125,12:43,6.45,6.50,6.45,6.50,125,20475
20211125,12:44,6.45,6.65,6.45,6.60,200,20475
20211125,12:45,6.55,6.55,6.55,6.55,75,20475
20211125,12:46,7.10,7.10,7.10,7.10,925,20550
20211125,12:47,7.00,7.15,6.95,7.15,550,20550
20211125,12:48,7.05,7.05,7.05,7.05,25,20550
20211125,12:49,7.10,7.10,7.10,7.10,250,21450
20211125,12:50,7.10,7.10,7.00,7.00,50,21450
20211125,12:51,7.15,7.15,7.15,7.15,150,21450
20211125,12:52,7.25,7.65,7.10,7.10,2550,21550
20211125,12:53,7.60,8.25,7.45,7.65,1975,21550
20211125,12:54,8.00,8.00,7.25,7.80,150,22525
20211125,12:55,7.10,7.10,6.90,6.90,200,22525
20211125,12:58,6.80,7.00,6.80,7.00,275,22500
20211125,12:59,7.00,7.00,6.95,7.00,825,22500
20211125,13:00,7.00,7.00,7.00,7.00,25,22500
20211125,13:01,6.85,7.50,6.85,7.50,2575,22625
20211125,13:02,7.35,7.35,7.05,7.05,450,22625
20211125,13:03,7.10,7.15,7.05,7.05,925,25250
20211125,13:04,7.15,7.25,6.90,7.25,250,25250
20211125,13:05,7.00,7.20,6.90,7.20,275,25250
20211125,13:06,6.90,7.20,6.80,6.80,200,25400
20211125,13:07,6.85,6.85,6.70,6.70,175,25400
20211125,13:08,6.65,6.65,6.65,6.65,225,25400
20211125,13:09,6.60,6.75,6.50,6.50,800,25100
20211125,13:10,6.60,6.90,6.50,6.50,125,25100
20211125,13:11,6.50,6.55,6.30,6.30,200,25100
20211125,13:12,6.45,6.50,6.30,6.30,700,25475
20211125,13:13,6.20,6.30,5.95,6.20,2200,25475
20211125,13:14,6.00,6.00,5.95,5.95,50,25475
20211125,13:15,6.25,6.25,6.20,6.20,325,26400
20211125,13:16,6.10,6.10,5.90,5.90,50,26400
20211125,13:17,5.95,6.00,5.90,5.90,450,26400
20211125,13:18,5.90,6.00,5.85,6.00,500,26175
20211125,13:19,5.80,5.95,5.80,5.95,75,26175
20211125,13:20,5.80,5.95,5.80,5.95,100,26175
20211125,13:21,5.95,5.95,5.95,5.95,25,26175
20211125,13:22,5.75,5.85,5.70,5.85,1250,26425
20211125,13:23,5.90,5.90,5.65,5.80,250,26425
20211125,13:24,5.50,5.85,5.50,5.75,750,27050
20211125,13:25,5.50,5.80,5.50,5.65,600,27050
20211125,13:26,5.65,5.85,5.50,5.55,950,27050
20211125,13:27,5.50,5.65,5.50,5.65,275,27525
20211125,13:28,5.60,5.70,5.55,5.60,175,27525
20211125,13:29,5.60,5.75,5.55,5.60,300,27525
20211125,13:31,5.80,5.80,5.55,5.60,100,27750
20211125,13:32,5.60,5.85,5.60,5.85,175,27750
20211125,13:33,5.60,5.60,5.60,5.60,125,27750
20211125,13:34,5.50,5.50,5.45,5.45,900,27650
20211125,13:35,5.50,5.70,5.50,5.70,475,27650
20211125,13:39,5.75,5.75,5.65,5.65,400,28075
20211125,13:40,5.65,5.65,5.65,5.65,200,28075
20211125,13:41,5.55,5.55,5.55,5.55,25,28075
20211125,13:42,5.80,5.80,5.80,5.80,550,28125
20211125,13:43,5.85,5.95,5.85,5.95,1550,28125
20211125,13:44,5.95,5.95,5.95,5.95,125,28125
20211125,13:45,5.95,5.95,5.80,5.90,225,29975
20211125,13:47,5.80,5.80,5.80,5.80,125,29975
20211125,13:51,5.95,5.95,5.70,5.75,200,30025
20211125,13:52,5.80,5.95,5.80,5.95,1475,30025
20211125,13:53,5.85,5.85,5.75,5.80,350,30025
20211125,13:54,5.80,5.80,5.70,5.70,275,30350
20211125,13:55,5.80,5.80,5.70,5.70,300,30350
20211125,13:56,5.70,5.95,5.60,5.95,950,30350
20211125,13:57,6.10,6.10,5.90,5.90,150,30675
20211125,13:58,5.95,5.95,5.95,5.95,125,30675
20211125,13:59,5.85,6.00,5.80,6.00,400,30675
20211125,14:00,5.95,6.10,5.95,6.10,100,30925
20211125,14:01,6.05,6.05,5.70,5.70,200,30925
20211125,14:02,5.75,5.75,5.75,5.75,50,30925
20211125,14:04,6.20,6.25,5.90,6.25,2125,30850
20211125,14:05,6.20,6.20,6.05,6.05,500,30850
20211125,14:07,6.05,6.05,6.05,6.05,50,30850
20211125,14:08,6.10,6.65,6.10,6.60,2275,31650
20211125,14:09,6.80,6.95,6.65,6.65,2375,31650
20211125,14:10,6.50,6.50,6.50,6.50,125,34050
20211125,14:11,6.25,6.25,6.25,6.25,125,34050
20211125,14:12,6.15,6.25,6.15,6.25,300,34050
20211125,14:13,6.20,6.20,6.15,6.15,100,33775
20211125,14:14,6.05,6.10,5.95,6.00,375,33775
20211125,14:15,6.10,6.15,6.10,6.15,150,33325
20211125,14:16,6.15,6.15,6.15,6.15,25,33325
20211125,14:17,6.05,6.30,6.05,6.30,1175,33325
20211125,14:19,6.15,6.15,6.05,6.05,275,34225
20211125,14:21,5.90,5.95,5.90,5.95,125,34225
20211125,14:22,5.95,5.95,5.90,5.95,300,33875
20211125,14:23,5.95,6.05,5.95,6.05,200,33875
20211125,14:24,5.90,5.90,5.75,5.80,925,33875
20211125,14:25,5.80,5.85,5.80,5.85,500,33875
20211125,14:26,5.90,5.90,5.85,5.85,250,33875
20211125,14:27,5.75,5.80,5.65,5.80,600,33950
20211125,14:28,5.75,5.80,5.60,5.65,1175,33950
20211125,14:29,5.70,5.70,5.70,5.70,125,33950
20211125,14:30,5.75,5.95,5.75,5.95,300,33950
20211125,14:31,5.80,5.80,5.80,5.80,75,33900
20211125,14:32,5.65,5.65,5.60,5.60,300,33900
20211125,14:33,5.60,5.60,5.55,5.55,250,34300
20211125,14:34,5.60,5.60,5.55,5.55,250,34300
20211125,14:35,5.60,5.60,5.60,5.60,600,34300
20211125,14:36,5.50,5.50,5.45,5.45,150,34300
20211125,14:37,5.40,5.60,5.40,5.60,650,34825
20211125,14:38,5.25,5.25,5.25,5.25,4975,34825
20211125,14:39,5.25,5.25,4.80,5.25,7950,43200
20211125,14:40,5.25,5.25,5.10,5.25,8425,43200
20211125,14:41,5.25,5.25,5.20,5.20,4125,43200
20211125,14:42,5.25,5.35,4.95,5.00,2550,55475
20211125,14:43,5.00,5.00,4.90,5.00,550,55475
20211125,14:44,5.00,5.00,4.95,4.95,1100,55475
20211125,14:45,4.90,4.90,4.90,4.90,50,55475
20211125,14:46,5.00,5.00,4.95,4.95,200,56175
20211125,14:47,5.00,5.00,4.85,4.90,3775,56175
20211125,14:48,4.90,4.90,4.90,4.90,1225,56175
20211125,14:49,4.90,4.90,4.80,4.85,1100,59100
20211125,14:50,4.80,5.10,4.80,5.00,725,59100
20211125,14:51,4.85,4.85,4.65,4.65,1375,59100
20211125,14:52,4.70,4.80,4.65,4.80,875,59350
20211125,14:53,4.95,4.95,4.85,4.90,2175,59350
20211125,14:54,4.85,4.95,4.85,4.90,150,59350
20211125,14:55,5.10,5.10,5.10,5.10,75,60050
20211125,14:56,4.90,4.90,4.90,4.90,25,60050
20211125,14:57,4.90,4.90,4.90,4.90,125,60050
20211125,14:58,5.05,5.05,4.90,4.90,900,60025
20211125,14:59,4.90,5.00,4.90,5.00,125,60025
20211125,15:00,4.85,5.00,4.70,4.70,1600,60025
20211125,15:01,4.60,4.75,4.60,4.75,175,60000
20211125,15:02,4.70,4.75,4.70,4.75,850,60000
20211125,15:03,4.70,5.10,4.70,4.80,2925,60000
20211125,15:04,4.80,4.80,4.80,4.80,16600,60975
20211125,15:05,4.70,4.95,4.55,4.85,5600,60975
20211125,15:06,5.50,5.50,5.00,5.05,1300,60975
20211125,15:07,5.05,5.05,4.90,5.00,4650,80925
20211125,15:08,5.00,5.00,5.00,5.00,125,80925
20211125,15:09,4.90,5.00,4.80,4.95,4775,80925
20211125,15:10,5.00,5.05,4.80,4.90,6700,86325
20211125,15:11,4.75,4.85,4.35,4.50,4625,86325
20211125,15:12,4.50,4.50,4.45,4.50,6925,86325
20211125,15:13,4.50,4.50,3.85,4.25,4275,99200
20211125,15:14,4.35,4.35,4.10,4.10,5000,99200
20211125,15:15,4.20,4.25,4.00,4.00,11450,99200
20211125,15:16,4.20,4.85,4.20,4.60,16475,107325
20211125,15:17,4.65,5.05,4.45,4.50,17300,107325
20211125,15:18,4.50,4.95,4.50,4.95,10525,107325
20211125,15:19,4.50,5.15,4.45,4.90,25175,128450
20211125,15:20,4.85,4.95,4.55,4.60,3000,128450
20211125,15:21,4.55,4.95,4.50,4.80,2550,128450
20211125,15:22,4.90,4.95,4.50,4.50,17750,136400
20211125,15:23,4.50,4.60,4.40,4.40,7050,136400
20211125,15:24,4.45,4.45,4.25,4.30,4825,136400
20211125,15:25,4.35,4.50,4.15,4.15,16750,159475
20211125,15:26,4.15,4.40,4.10,4.25,8800,159475
20211125,15:27,4.20,4.50,4.05,4.35,7475,159475
20211125,15:28,4.60,4.70,3.95,4.10,23200,166850
20211125,15:29,4.30,4.40,4.05,4.05,6700,166850
20211126,09:15,4.60,5.20,4.00,4.90,7727,181525
20211126,09:16,4.95,5.00,4.70,5.00,4175,181525
20211126,09:17,5.05,5.15,5.00,5.00,3500,184200
20211126,09:18,5.05,5.20,4.70,4.80,6800,184200
20211126,09:19,4.85,4.95,4.65,4.70,1925,184200
20211126,09:20,4.80,5.00,4.75,4.90,2125,184525
20211126,09:21,4.95,5.00,4.85,4.90,1850,184525
20211126,09:22,4.90,5.20,4.85,5.20,2425,184525
20211126,09:23,5.20,5.20,5.00,5.15,825,186125
20211126,09:24,5.05,5.15,5.00,5.05,1550,186125
20211126,09:25,5.00,5.10,4.95,4.95,4025,186125
20211126,09:26,5.05,5.15,5.00,5.00,4325,186650
20211126,09:27,5.00,5.00,4.90,4.95,3125,186650
20211126,09:28,4.90,5.00,4.90,4.95,3450,186650
20211126,09:29,4.95,5.00,4.95,4.95,1950,187050
20211126,09:30,4.95,5.00,4.85,4.85,1650,187050
20211126,09:31,4.90,4.90,4.85,4.85,975,187050
20211126,09:32,4.80,4.85,4.80,4.80,475,187050
20211126,09:33,4.85,5.00,4.85,4.95,3025,186900
20211126,09:34,5.00,5.00,4.75,4.95,1450,186900
20211126,09:35,4.95,5.05,4.95,5.05,1400,186375
20211126,09:36,5.05,5.05,4.90,4.95,1700,186375
20211126,09:37,4.95,4.95,4.95,4.95,375,186375
20211126,09:38,4.95,5.00,4.90,4.95,2250,186025
20211126,09:39,4.90,4.95,4.90,4.95,2750,186025
20211126,09:40,4.90,5.00,4.90,5.00,8425,186025
20211126,09:41,5.00,5.00,4.95,4.95,2250,186550
20211126,09:42,4.95,5.05,4.95,5.00,5425,186550
20211126,09:43,5.00,5.05,5.00,5.00,2825,186550
20211126,09:44,4.90,4.90,4.50,4.55,16900,180925
20211126,09:45,4.55,4.65,4.55,4.60,8700,180925
20211126,09:46,4.60,4.65,4.60,4.60,6300,180925
20211126,09:47,4.60,4.70,4.60,4.70,6750,180475
20211126,09:48,4.70,4.70,4.60,4.65,7125,180475
20211126,09:49,4.65,4.65,4.60,4.65,1850,180475
20211126,09:50,4.65,4.65,4.60,4.65,7350,180275
20211126,09:51,4.60,4.70,4.60,4.70,1575,180275
20211126,09:52,4.65,4.65,4.60,4.65,5050,180275
20211126,09:53,4.65,4.65,4.45,4.50,6525,180100
20211126,09:54,4.60,4.70,4.60,4.70,5450,180100
20211126,09:55,4.70,4.75,4.60,4.75,7625,180100
20211126,09:56,4.75,4.75,4.70,4.70,1600,179025
20211126,09:57,4.75,4.80,4.70,4.80,700,179025
20211126,09:58,4.80,4.90,4.80,4.90,4050,179025
20211126,09:59,4.80,4.85,4.65,4.70,8650,178350
20211126,10:00,4.80,4.90,4.80,4.90,5525,178350
20211126,10:01,4.85,4.85,4.80,4.80,475,178350
20211126,10:02,4.80,4.80,4.65,4.70,4500,178775
20211126,10:03,4.75,4.90,4.75,4.80,5375,178775
20211126,10:04,4.75,4.75,4.75,4.75,450,178775
20211126,10:06,4.70,4.85,4.70,4.85,625,177325
20211126,10:07,4.75,4.80,4.75,4.75,2750,177325
20211126,10:08,4.75,4.85,4.75,4.80,2025,176775
20211126,10:09,4.80,4.80,4.80,4.80,600,176775
20211126,10:10,4.80,4.80,4.80,4.80,250,176775
20211126,10:12,4.80,4.80,4.75,4.75,225,176375
20211126,10:13,4.80,4.80,4.75,4.80,1900,176375
20211126,10:15,4.80,4.90,4.75,4.80,5275,175775
20211126,10:16,4.85,4.95,4.85,4.95,5300,175775
20211126,10:18,4.90,4.90,4.80,4.80,2000,172875
20211126,10:19,4.85,4.90,4.80,4.85,725,172875
20211126,10:20,4.80,4.85,4.80,4.85,1450,172550
20211126,10:21,4.80,4.85,4.80,4.80,400,172550
20211126,10:22,4.80,4.85,4.80,4.85,1675,172550
20211126,10:23,5.00,5.10,4.95,4.95,5875,173500
20211126,10:24,5.00,5.05,5.00,5.00,1950,173500
20211126,10:25,5.00,5.05,4.70,4.70,2225,173500
20211126,10:26,4.80,5.10,4.80,5.00,7250,174000
20211126,10:27,5.00,5.00,4.75,4.80,5600,174000
20211126,10:28,4.75,4.90,4.75,4.85,2975,174000
20211126,10:29,4.85,4.85,4.85,4.85,1150,176450
20211126,10:30,4.80,5.00,4.80,5.00,2375,176450
20211126,10:31,5.00,5.10,5.00,5.05,2275,176450
20211126,10:32,5.00,5.00,4.70,4.85,4350,176125
20211126,10:33,4.85,4.95,4.85,4.95,3050,176125
20211126,10:34,4.90,4.95,4.90,4.90,2200,176125
20211126,10:35,4.95,4.95,4.90,4.90,850,177875
20211126,10:36,4.90,5.05,4.90,4.90,3150,177875
20211126,10:37,4.95,4.95,4.95,4.95,350,177875
20211126,10:38,4.95,4.95,4.90,4.95,1350,178125
20211126,10:40,5.00,5.00,4.95,5.00,350,178125
20211126,10:41,5.00,5.05,5.00,5.00,775,178125
20211126,10:42,5.00,5.05,5.00,5.05,875,177700
20211126,10:43,5.05,5.20,5.00,5.15,4950,177700
20211126,10:44,5.10,5.10,5.00,5.05,1350,178000
20211126,10:45,5.05,5.10,5.05,5.05,3000,178000
20211126,10:46,5.05,5.10,5.00,5.10,4275,178000
20211126,10:47,5.10,5.10,5.00,5.10,650,178000
20211126,10:48,5.00,5.15,5.00,5.10,2025,178175
20211126,10:49,5.15,5.15,5.05,5.05,900,178175
20211126,10:50,5.05,5.05,4.95,5.05,3975,178925
20211126,10:51,5.05,5.05,5.00,5.05,575,178925
20211126,10:52,4.95,5.00,4.95,5.00,300,178925
20211126,10:53,5.00,5.00,4.95,4.95,275,178925
20211126,10:54,4.95,5.35,4.95,5.10,10300,179500
20211126,10:55,5.15,5.15,4.95,5.00,2225,179500
20211126,10:56,5.05,5.10,4.85,5.05,6675,179775
20211126,10:57,5.10,5.15,5.00,5.05,6700,179775
20211126,10:58,5.10,5.20,5.10,5.15,4400,179775
20211126,10:59,5.15,5.15,5.00,5.00,1625,179525
20211126,11:00,5.05,5.20,5.05,5.20,3900,179525
20211126,11:01,5.10,5.20,5.10,5.20,2000,179525
20211126,11:02,5.15,5.15,5.15,5.15,75,179525
20211126,11:03,5.15,5.25,5.15,5.20,1175,179600
20211126,11:04,5.20,5.20,5.20,5.20,625,179600
20211126,11:05,5.20,5.40,5.20,5.40,1525,178325
20211126,11:06,5.40,5.40,5.20,5.25,1350,178325
20211126,11:07,5.15,5.25,5.15,5.25,2075,178325
20211126,11:08,5.30,5.30,5.20,5.20,1675,178250
20211126,11:09,5.20,5.20,5.10,5.10,275,178250
20211126,11:10,5.15,5.15,5.05,5.10,1325,178250
20211126,11:11,5.10,5.10,5.00,5.00,2950,177100
20211126,11:12,5.00,5.05,5.00,5.00,2750,177100
20211126,11:13,5.00,5.00,4.95,5.00,800,177100
20211126,11:14,5.00,5.00,4.90,4.95,2225,176525
20211126,11:15,4.90,5.00,4.90,4.95,975,176525
20211126,11:16,4.95,4.95,4.90,4.95,1275,176525
20211126,11:17,4.95,4.95,4.90,4.95,250,176525
20211126,11:18,5.00,5.00,4.90,5.00,775,177200
20211126,11:19,4.95,5.00,4.95,5.00,1175,177200
20211126,11:20,5.00,5.05,5.00,5.00,2975,176525
20211126,11:21,5.00,5.05,5.00,5.05,575,176525
20211126,11:22,5.00,5.05,4.95,4.95,1175,176525
20211126,11:23,5.00,5.00,5.00,5.00,650,176525
20211126,11:24,5.00,5.00,4.95,4.95,550,176475
20211126,11:25,5.00,5.00,4.95,4.95,275,176475
20211126,11:26,5.00,5.00,5.00,5.00,775,176350
20211126,11:27,5.05,5.05,5.05,5.05,250,176350
20211126,11:28,5.00,5.00,4.85,4.90,3175,176350
20211126,11:29,4.90,4.95,4.85,4.95,775,176200
20211126,11:30,5.00,5.05,4.90,4.95,1950,176200
20211126,11:31,4.90,4.90,4.90,4.90,125,176200
20211126,11:32,4.85,4.85,4.85,4.85,375,177075
20211126,11:33,4.85,4.90,4.85,4.90,975,177075
20211126,11:34,4.90,4.95,4.90,4.95,1200,177075
20211126,11:35,4.95,5.00,4.95,5.00,3925,177650
20211126,11:36,4.95,5.00,4.95,5.00,800,177650
20211126,11:37,4.95,4.95,4.90,4.90,250,177650
20211126,11:38,4.90,4.90,4.85,4.85,275,177650
20211126,11:39,4.85,4.85,4.85,4.85,775,177650
20211126,11:40,4.85,4.85,4.85,4.85,475,177825
20211126,11:41,4.85,4.90,4.85,4.90,125,177150
20211126,11:42,4.90,5.00,4.90,5.00,925,177150
20211126,11:43,4.95,5.00,4.95,4.95,250,177150
20211126,11:44,5.00,5.00,5.00,5.00,25,177150
20211126,11:45,4.95,4.95,4.80,4.80,1400,177125
20211126,11:46,4.80,4.80,4.80,4.80,900,177125
20211126,11:47,4.85,4.85,4.85,4.85,125,177125
20211126,11:48,4.80,4.85,4.75,4.75,650,177100
20211126,11:49,4.75,4.75,4.70,4.75,1175,177100
20211126,11:50,4.80,4.85,4.80,4.80,1150,176800
20211126,11:51,4.75,4.85,4.75,4.80,700,176800
20211126,11:52,4.80,4.80,4.70,4.75,2075,176800
20211126,11:53,4.70,4.70,4.65,4.65,2450,176800
20211126,11:54,4.65,4.65,4.60,4.60,725,177275
20211126,11:55,4.60,4.65,4.55,4.55,600,177275
20211126,11:56,4.55,4.60,4.55,4.60,525,177175
20211126,11:57,4.55,4.55,4.50,4.55,375,177175
20211126,11:58,4.55,4.60,4.55,4.55,1800,177175
20211126,11:59,4.55,4.55,4.50,4.50,1400,176800
20211126,12:00,4.45,4.50,4.40,4.45,5900,176800
20211126,12:01,4.40,4.45,4.40,4.45,825,176800
20211126,12:02,4.40,4.45,4.40,4.40,1475,176550
20211126,12:03,4.50,4.50,4.40,4.45,1400,176550
20211126,12:04,4.40,4.40,4.35,4.35,1650,176550
20211126,12:05,4.35,4.40,4.35,4.35,425,176550
20211126,12:06,4.40,4.45,4.30,4.40,3275,176550
20211126,12:07,4.40,4.45,4.40,4.45,2775,176550
20211126,12:08,4.45,4.45,4.40,4.40,4425,178075
20211126,12:09,4.45,4.45,4.45,4.45,1475,178075
20211126,12:10,4.40,4.40,4.40,4.40,1150,178075
20211126,12:11,4.40,4.50,4.40,4.40,425,177400
20211126,12:12,4.40,4.45,4.40,4.45,1675,177400
20211126,12:13,4.40,4.40,4.40,4.40,1050,177400
20211126,12:14,4.40,4.40,4.30,4.30,6650,177400
20211126,12:15,4.30,4.30,4.30,4.30,1225,177150
20211126,12:16,4.35,4.40,4.35,4.40,2350,177150
20211126,12:17,4.35,4.40,4.35,4.40,2200,177150
20211126,12:18,4.35,4.40,4.35,4.35,475,176950
20211126,12:19,4.40,4.40,4.40,4.40,1200,176950
20211126,12:20,4.45,4.45,4.45,4.45,1525,176950
20211126,12:21,4.45,4.50,4.40,4.45,1800,176900
20211126,12:22,4.45,4.50,4.40,4.50,2450,176900
20211126,12:23,4.45,4.45,4.45,4.45,1025,176900
20211126,12:24,4.45,4.45,4.40,4.40,725,176400
20211126,12:25,4.40,4.45,4.40,4.40,575,176400
20211126,12:26,4.40,4.45,4.40,4.45,650,176400
20211126,12:27,4.40,4.45,4.40,4.40,750,175950
20211126,12:28,4.40,4.40,4.40,4.40,450,175950
20211126,12:29,4.45,4.45,4.45,4.45,25,175950
20211126,12:31,4.45,4.45,4.45,4.45,125,175950
20211126,12:35,4.45,4.45,4.45,4.45,1050,175950
20211126,12:37,4.50,4.60,4.50,4.50,2325,175900
20211126,12:38,4.55,4.55,4.55,4.55,275,175900
20211126,12:39,4.50,4.50,4.50,4.50,1125,175825
20211126,12:40,4.45,4.50,4.45,4.50,275,175825
20211126,12:41,4.45,4.45,4.45,4.45,150,175825
20211126,12:43,4.45,4.45,4.40,4.45,250,175825
20211126,12:44,4.40,4.40,4.40,4.40,1875,175825
20211126,12:45,4.45,4.45,4.40,4.40,425,175925
20211126,12:46,4.40,4.45,4.40,4.45,2650,175925
20211126,12:47,4.45,4.45,4.40,4.45,450,175925
20211126,12:48,4.45,4.50,4.40,4.45,1600,175975
20211126,12:49,4.40,4.45,4.40,4.40,2950,175975
20211126,12:50,4.45,4.45,4.40,4.45,900,175975
20211126,12:51,4.45,4.45,4.45,4.45,375,175875
20211126,12:52,4.45,4.45,4.45,4.45,1950,175875
20211126,12:53,4.45,4.50,4.45,4.50,275,175875
20211126,12:54,4.45,4.50,4.40,4.45,1975,175950
20211126,12:55,4.45,4.45,4.45,4.45,100,175950
20211126,12:56,4.40,4.45,4.40,4.45,850,175950
20211126,12:57,4.40,4.45,4.35,4.40,2300,176500
20211126,12:58,4.45,4.45,4.40,4.45,1050,176500
20211126,12:59,4.40,4.45,4.40,4.45,250,176500
20211126,13:00,4.45,4.45,4.45,4.45,200,175850
20211126,13:01,4.45,4.45,4.45,4.45,525,175850
20211126,13:04,4.45,4.45,4.45,4.45,250,175850
20211126,13:05,4.45,4.45,4.45,4.45,175,175850
20211126,13:06,4.45,4.45,4.45,4.45,100,175850
20211126,13:07,4.45,4.45,4.45,4.45,150,175850
20211126,13:08,4.45,4.50,4.45,4.45,1000,175850
20211126,13:09,4.45,4.50,4.40,4.50,1325,175800
20211126,13:10,4.50,4.55,4.45,4.55,2725,175800
20211126,13:11,4.50,4.55,4.50,4.50,675,175800
20211126,13:12,4.50,4.50,4.50,4.50,225,175550
20211126,13:13,4.50,4.50,4.50,4.50,100,175550
20211126,13:14,4.55,4.55,4.50,4.50,1175,175550
20211126,13:15,4.50,4.50,4.45,4.45,300,175475
20211126,13:16,4.45,4.45,4.45,4.45,300,175475
20211126,13:18,4.45,4.50,4.45,4.50,225,175475
20211126,13:19,4.50,4.50,4.50,4.50,50,175475
20211126,13:21,4.50,4.50,4.50,4.50,400,175475
20211126,13:22,4.55,4.55,4.50,4.50,450,175475
20211126,13:23,4.50,4.55,4.50,4.50,950,175475
20211126,13:24,4.50,4.55,4.50,4.50,700,174700
20211126,13:25,4.50,4.55,4.50,4.55,450,174700
20211126,13:26,4.55,4.60,4.55,4.60,550,174700
20211126,13:27,4.55,4.60,4.55,4.55,225,174700
20211126,13:28,4.55,4.60,4.55,4.60,2425,174700
20211126,13:29,4.55,4.65,4.55,4.60,950,174700
20211126,13:30,4.60,4.65,4.55,4.60,1875,175075
20211126,13:31,4.65,4.65,4.50,4.55,2875,175075
20211126,13:32,4.60,4.60,4.55,4.60,375,175075
20211126,13:33,4.70,4.75,4.70,4.70,1175,175225
20211126,13:34,4.70,4.75,4.65,4.70,2725,175225
20211126,13:35,4.75,4.80,4.65,4.80,6025,175225
20211126,13:36,4.80,4.95,4.75,4.90,7675,174725
20211126,13:37,4.95,4.95,4.65,4.75,4275,174725
20211126,13:38,4.75,4.85,4.75,4.80,2625,174725
20211126,13:39,4.80,4.80,4.80,4.80,325,174650
20211126,13:40,4.80,4.90,4.75,4.90,2800,174650
20211126,13:41,4.95,5.00,4.85,4.95,5975,174650
20211126,13:42,4.95,5.00,4.95,4.95,800,175025
20211126,13:43,4.95,5.05,4.95,5.05,725,175025
20211126,13:44,5.00,5.00,5.00,5.00,675,175025
20211126,13:45,5.05,5.15,5.05,5.15,650,175050
20211126,13:46,5.15,5.15,5.05,5.10,300,175050
20211126,13:47,5.10,5.10,5.10,5.10,225,175050
20211126,13:49,5.05,5.15,5.00,5.05,2525,174975
20211126,13:50,5.05,5.15,5.00,5.10,450,174975
20211126,13:51,5.05,5.20,5.05,5.20,1300,174875
20211126,13:52,5.20,5.20,5.00,5.05,1625,174875
20211126,13:53,5.05,5.10,5.00,5.10,2250,174875
20211126,13:54,5.05,5.15,4.95,4.95,1500,174575
20211126,13:55,4.95,5.00,4.90,4.95,4475,174575
20211126,13:56,4.95,5.00,4.90,5.00,1700,174575
20211126,13:57,4.95,5.00,4.90,4.90,325,174300
20211126,13:58,4.90,4.90,4.90,4.90,50,174300
20211126,13:59,4.95,5.00,4.95,4.95,950,174300
20211126,14:00,4.95,5.05,4.95,5.05,1075,174050
20211126,14:01,5.00,5.05,5.00,5.05,625,174050
20211126,14:02,5.05,5.10,5.00,5.00,950,174050
20211126,14:03,5.00,5.10,5.00,5.10,1325,174075
20211126,14:04,5.00,5.00,4.90,5.00,1900,174075
20211126,14:05,5.00,5.00,4.90,4.95,150,174075
20211126,14:06,4.95,5.00,4.90,4.95,4700,174050
20211126,14:07,5.00,5.00,4.90,4.95,8575,174050
20211126,14:08,4.95,5.00,4.90,4.95,3825,174050
20211126,14:09,4.95,5.00,4.90,4.90,2125,176350
20211126,14:10,4.95,5.00,4.75,4.85,13675,176350
20211126,14:11,4.90,4.90,4.70,4.80,11950,176350
20211126,14:12,4.85,4.85,4.70,4.70,3325,176500
20211126,14:13,4.80,4.85,4.80,4.85,525,176500
20211126,14:14,4.75,4.90,4.75,4.85,325,176500
20211126,14:15,4.90,4.90,4.90,4.90,25,176650
20211126,14:16,4.90,4.90,4.90,4.90,25,176650
20211126,14:17,4.90,4.90,4.90,4.90,1025,176650
20211126,14:18,5.00,5.00,4.80,4.85,3725,176625
20211126,14:19,4.95,4.95,4.80,4.90,2100,176625
20211126,14:20,4.80,4.85,4.80,4.80,2600,176625
20211126,14:21,4.85,4.95,4.75,4.95,3250,177875
20211126,14:22,5.00,5.00,4.90,4.90,3025,177875
20211126,14:23,4.90,5.00,4.90,5.00,3025,177875
20211126,14:24,4.90,5.00,4.90,5.00,775,180650
20211126,14:25,4.95,5.00,4.90,4.95,6150,180650
20211126,14:26,5.00,5.05,4.95,4.95,350,180650
20211126,14:27,4.90,5.05,4.90,5.05,4450,179525
20211126,14:28,5.05,5.15,5.00,5.10,1650,179525
20211126,14:29,5.10,5.10,5.00,5.00,2550,179525
20211126,14:30,5.05,5.10,5.00,5.05,4150,178225
20211126,14:31,5.10,5.10,5.00,5.10,1725,178225
20211126,14:32,5.10,5.15,5.10,5.10,3925,178225
20211126,14:33,5.10,5.15,5.10,5.10,1500,178150
20211126,14:34,5.10,5.10,5.00,5.10,10125,178150
20211126,14:35,5.00,5.10,5.00,5.00,7925,178150
20211126,14:36,5.00,5.05,5.00,5.00,15950,179675
20211126,14:37,5.00,5.00,4.95,5.00,1175,179675
20211126,14:38,5.00,5.00,4.90,5.00,17625,179675
20211126,14:39,4.95,5.00,4.85,4.95,4575,180550
20211126,14:40,4.90,4.95,4.90,4.90,825,180550
20211126,14:41,4.90,4.95,4.90,4.95,150,180550
20211126,14:43,4.95,5.00,4.90,4.90,325,180550
20211126,14:44,4.95,4.95,4.80,4.90,1675,180550
20211126,14:45,4.95,4.95,4.85,4.95,1600,180250
20211126,14:46,4.95,5.00,4.95,4.95,2250,180250
20211126,14:47,4.95,4.95,4.85,4.90,2525,180250
20211126,14:48,4.90,4.90,4.85,4.90,975,181850
20211126,14:49,4.90,5.00,4.85,5.00,1650,181850
20211126,14:50,5.00,5.00,4.90,4.95,2925,181850
20211126,14:51,5.00,5.00,4.95,5.00,1900,183450
20211126,14:52,5.05,5.05,4.95,4.95,300,183450
20211126,14:53,5.05,5.05,4.90,5.05,750,183450
20211126,14:54,5.10,5.25,5.05,5.15,9275,186150
20211126,14:55,5.25,5.40,5.20,5.40,950,186150
20211126,14:56,5.30,5.30,5.20,5.20,925,186150
20211126,14:57,5.15,5.20,5.00,5.00,3400,185675
20211126,14:58,5.05,5.10,5.00,5.05,1450,185675
20211126,14:59,5.00,5.10,5.00,5.05,4350,185675
20211126,15:00,5.10,5.20,5.05,5.15,4150,181800
20211126,15:01,5.10,5.30,5.00,5.05,10125,181800
20211126,15:02,5.10,5.15,5.05,5.15,5275,181800
20211126,15:03,5.20,5.30,5.15,5.30,450,177675
20211126,15:04,5.25,5.30,5.20,5.20,1475,177675
20211126,15:05,5.20,5.25,5.20,5.25,1000,177675
20211126,15:06,5.20,5.45,5.20,5.45,5025,177400
20211126,15:07,5.40,5.60,5.35,5.50,3650,177400
20211126,15:08,5.45,5.80,5.45,5.80,6700,177400
20211126,15:09,5.65,5.75,5.65,5.65,4750,174450
20211126,15:10,5.65,5.65,5.10,5.25,31400,174450
20211126,15:11,5.25,5.25,5.05,5.05,14900,174450
20211126,15:12,5.10,5.20,5.05,5.20,6675,174000
20211126,15:13,5.15,5.40,5.10,5.30,10700,174000
20211126,15:14,5.25,5.45,5.25,5.45,9000,174000
20211126,15:15,5.45,6.10,5.40,5.75,34275,172425
20211126,15:16,5.75,5.90,5.75,5.90,5550,172425
20211126,15:17,5.90,5.90,5.65,5.65,5450,172425
20211126,15:18,5.65,6.30,5.65,6.25,13425,174200
20211126,15:19,6.25,6.50,5.95,6.05,7650,174200
20211126,15:20,5.90,6.15,5.70,5.70,7050,174200
20211126,15:21,5.65,6.00,5.45,5.80,13225,174275
20211126,15:22,5.85,5.85,5.60,5.60,4800,174275
20211126,15:23,5.60,5.75,5.55,5.65,4150,174275
20211126,15:24,5.65,5.65,5.25,5.50,5100,175075
20211126,15:25,5.50,5.60,5.50,5.55,3725,175075
20211126,15:26,5.60,5.60,5.20,5.20,6175,175075
20211126,15:27,5.20,5.40,5.20,5.35,2775,172950
20211126,15:28,5.35,5.70,5.35,5.70,11100,172950
20211126,15:29,5.75,5.80,5.50,5.75,5425,172950
20211126,15:30,5.55,5.55,5.55,5.55,150,172950
20211129,09:15,4.85,4.95,4.50,4.50,6677,172175
20211129,09:16,4.60,4.60,4.10,4.40,17850,172175
20211129,09:17,4.40,4.85,4.40,4.85,16175,171825
20211129,09:18,4.70,5.00,4.70,4.85,7650,171825
20211129,09:19,4.85,5.95,4.80,5.95,13650,171825
20211129,09:20,5.80,6.15,5.60,5.85,12175,171225
20211129,09:21,5.70,5.75,5.40,5.60,6325,171225
20211129,09:22,5.55,5.70,5.35,5.50,4300,171225
20211129,09:23,5.50,5.50,4.75,4.75,4075,174250
20211129,09:24,4.80,4.90,4.80,4.85,500,174250
20211129,09:25,4.95,5.00,4.80,4.80,1450,174250
20211129,09:26,4.90,5.10,4.80,4.90,6000,174475
20211129,09:27,4.90,5.00,4.85,4.90,5025,174475
20211129,09:28,4.85,4.90,4.75,4.80,5225,174475
20211129,09:29,4.80,4.95,4.75,4.80,6100,174375
20211129,09:30,4.85,4.85,4.70,4.80,1075,174375
20211129,09:31,4.80,4.90,4.80,4.80,3650,174375
20211129,09:32,4.80,4.95,4.80,4.90,4800,174425
20211129,09:33,4.90,5.00,4.80,4.85,4700,174425
20211129,09:34,4.85,4.85,4.75,4.85,1550,174425
20211129,09:35,4.75,4.75,4.65,4.70,800,174375
20211129,09:36,4.80,4.80,4.55,4.60,3200,174375
20211129,09:37,4.65,4.75,4.50,4.60,7400,174375
20211129,09:38,4.55,4.65,4.40,4.45,4625,174175
20211129,09:39,4.50,4.55,4.50,4.55,175,174175
20211129,09:40,4.55,4.55,4.45,4.45,750,174175
20211129,09:41,4.55,4.55,4.45,4.45,2625,173900
20211129,09:42,4.50,4.50,4.45,4.50,250,173900
20211129,09:43,4.55,4.65,4.50,4.60,2225,173900
20211129,09:44,4.60,4.70,4.40,4.50,2675,174450
20211129,09:45,4.50,4.50,4.40,4.40,875,174450
20211129,09:46,4.40,4.40,4.40,4.40,75,174450
20211129,09:47,4.40,4.40,4.40,4.40,25,174600
20211129,09:48,4.45,4.45,4.35,4.40,4350,174600
20211129,09:49,4.35,4.35,4.30,4.30,3250,174600
20211129,09:50,4.30,4.35,4.25,4.35,925,174525
20211129,09:51,4.30,4.30,4.30,4.30,25,174525
20211129,09:52,4.30,4.30,4.30,4.30,100,174525
20211129,09:53,4.35,4.35,4.25,4.30,1750,174500
20211129,09:54,4.20,4.20,4.20,4.20,550,174500
20211129,09:55,4.25,4.25,4.20,4.20,350,174500
20211129,09:56,4.30,4.40,4.25,4.30,1550,174075
20211129,09:57,4.40,4.40,4.35,4.35,2625,174075
20211129,09:58,4.25,4.35,4.25,4.30,1275,174075
20211129,09:59,4.25,4.30,4.10,4.25,3850,174050
20211129,10:00,4.20,4.30,4.20,4.30,450,174050
20211129,10:01,4.30,4.30,4.05,4.10,4900,174050
20211129,10:02,4.10,4.10,4.00,4.00,1875,171500
20211129,10:03,4.05,4.05,3.95,3.95,2250,171500
20211129,10:04,3.95,4.05,3.90,4.00,3700,171500
20211129,10:05,3.95,4.05,3.95,3.95,1100,172600
20211129,10:06,4.05,4.05,3.95,3.95,950,172600
20211129,10:07,4.10,4.10,3.95,3.95,700,172600
20211129,10:08,4.00,4.00,3.90,4.00,2100,172675
20211129,10:09,3.90,4.00,3.90,4.00,400,172675
20211129,10:10,4.00,4.00,3.95,3.95,325,172675
20211129,10:11,4.00,4.00,4.00,4.00,175,172675
20211129,10:12,4.00,4.00,4.00,4.00,350,172525
20211129,10:13,3.95,4.00,3.95,4.00,2175,172525
20211129,10:14,4.05,4.05,4.00,4.05,350,172775
20211129,10:15,4.05,4.15,4.00,4.15,2675,172775
20211129,10:16,4.15,4.20,4.15,4.20,900,172775
20211129,10:17,4.20,4.20,4.15,4.15,1025,172950
20211129,10:18,4.15,4.15,4.10,4.15,800,172950
20211129,10:19,4.15,4.20,4.15,4.15,900,172950
20211129,10:20,4.15,4.20,4.15,4.20,375,172950
20211129,10:21,4.15,4.15,4.10,4.10,675,173575
20211129,10:22,4.05,4.10,4.05,4.10,350,173575
20211129,10:23,4.10,4.15,4.10,4.15,1525,173575
20211129,10:24,4.10,4.10,4.10,4.10,100,173775
20211129,10:25,4.15,4.15,4.00,4.00,1500,173775
20211129,10:26,4.10,4.10,4.05,4.05,275,173150
20211129,10:27,4.05,4.10,4.00,4.05,1025,173150
20211129,10:28,4.10,4.10,4.10,4.10,225,173150
20211129,10:29,4.05,4.10,4.05,4.10,125,173400
20211129,10:30,4.10,4.10,4.05,4.05,150,173400
20211129,10:32,4.05,4.10,4.05,4.10,200,173450
20211129,10:33,4.15,4.15,4.05,4.05,125,173450
20211129,10:34,4.10,4.10,4.10,4.10,250,173450
20211129,10:35,4.10,4.10,4.10,4.10,75,173450
20211129,10:36,4.05,4.05,4.05,4.05,25,173550
20211129,10:37,4.20,4.20,4.20,4.20,100,173550
20211129,10:38,4.10,4.15,4.10,4.10,275,173625
20211129,10:39,4.15,4.20,4.15,4.20,575,173625
20211129,10:40,4.10,4.10,4.10,4.10,50,173625
20211129,10:41,4.15,4.15,4.15,4.15,50,173625
20211129,10:42,4.15,4.15,4.15,4.15,25,174000
20211129,10:43,4.15,4.20,4.15,4.15,250,174000
20211129,10:44,4.15,4.25,4.15,4.20,925,174275
20211129,10:45,4.15,4.15,4.15,4.15,150,174275
20211129,10:46,4.20,4.20,4.15,4.15,475,174275
20211129,10:47,4.15,4.20,4.15,4.20,1400,174625
20211129,10:48,4.20,4.20,4.15,4.15,1800,174625
20211129,10:49,4.15,4.20,4.10,4.15,2225,174625
20211129,10:50,4.15,4.20,4.10,4.15,1150,174300
20211129,10:51,4.15,4.20,4.15,4.15,1700,174300
20211129,10:52,4.20,4.25,4.15,4.15,3075,174300
20211129,10:53,4.20,4.25,4.20,4.20,575,174300
20211129,10:54,4.20,4.25,4.15,4.20,625,174400
20211129,10:55,4.20,4.25,4.15,4.20,975,174400
20211129,10:56,4.25,4.25,4.20,4.20,4425,175250
20211129,10:57,4.20,4.20,4.15,4.15,1350,175250
20211129,10:58,4.15,4.15,4.15,4.15,425,175250
20211129,10:59,4.15,4.15,4.15,4.15,100,178125
20211129,11:00,4.15,4.15,4.10,4.10,425,178125
20211129,11:01,4.10,4.10,4.10,4.10,150,178125
20211129,11:02,4.10,4.10,4.10,4.10,375,178125
20211129,11:03,4.05,4.10,4.05,4.05,725,177950
20211129,11:04,4.10,4.10,4.00,4.10,2000,177950
20211129,11:05,4.05,4.15,4.05,4.10,2275,177900
20211129,11:06,4.20,4.20,4.20,4.20,950,177900
20211129,11:07,4.10,4.10,4.10,4.10,275,177900
20211129,11:08,4.15,4.20,4.15,4.20,250,177900
20211129,11:09,4.20,4.20,4.20,4.20,300,178025
20211129,11:10,4.25,4.25,4.25,4.25,325,178025
20211129,11:11,4.25,4.25,4.25,4.25,650,178100
20211129,11:12,4.25,4.25,4.15,4.15,1025,178100
20211129,11:13,4.15,4.15,4.10,4.10,175,178100
20211129,11:14,4.15,4.20,4.10,4.20,375,178825
20211129,11:15,4.20,4.25,4.15,4.20,1750,178825
20211129,11:17,4.15,4.20,4.05,4.15,2350,179050
20211129,11:18,4.20,4.20,4.20,4.20,900,179050
20211129,11:19,4.20,4.20,4.20,4.20,1525,179050
20211129,11:21,4.15,4.20,4.15,4.20,200,179200
20211129,11:22,4.15,4.15,4.05,4.10,3425,179200
20211129,11:23,4.05,4.10,4.05,4.10,150,179200
20211129,11:24,4.05,4.05,4.05,4.05,450,179525
20211129,11:29,4.05,4.10,4.00,4.05,1100,179425
20211129,11:30,4.10,4.10,4.10,4.10,75,179425
20211129,11:31,4.00,4.10,4.00,4.10,125,179425
20211129,11:32,4.10,4.10,4.10,4.10,200,179425
20211129,11:33,4.00,4.00,4.00,4.00,25,179425
20211129,11:34,4.00,4.05,4.00,4.00,175,179425
20211129,11:35,3.95,3.95,3.90,3.90,800,179325
20211129,11:36,3.95,3.95,3.80,3.80,625,179325
20211129,11:37,3.80,3.85,3.80,3.80,100,179325
20211129,11:38,3.80,3.80,3.80,3.80,425,179325
20211129,11:39,3.90,3.90,3.90,3.90,450,178750
20211129,11:40,3.90,3.90,3.75,3.75,1350,178750
20211129,11:41,3.80,3.85,3.75,3.85,250,178800
20211129,11:42,3.75,3.85,3.70,3.80,1200,178800
20211129,11:43,3.85,3.85,3.75,3.85,500,178800
20211129,11:44,3.80,3.85,3.75,3.80,1300,178800
20211129,11:45,3.80,3.80,3.80,3.80,200,178800
20211129,11:46,3.75,3.75,3.75,3.75,200,178800
20211129,11:47,3.75,3.75,3.75,3.75,875,178600
20211129,11:48,3.70,3.75,3.70,3.75,900,178600
20211129,11:49,3.75,3.75,3.70,3.70,325,178600
20211129,11:50,3.75,3.75,3.65,3.65,1350,178600
20211129,11:51,3.65,3.70,3.65,3.70,100,178575
20211129,11:52,3.70,3.70,3.70,3.70,450,178575
20211129,11:54,3.65,3.70,3.65,3.70,125,178600
20211129,11:55,3.70,3.70,3.65,3.70,300,178600
20211129,11:56,3.70,3.70,3.65,3.65,2200,178900
20211129,11:57,3.70,3.70,3.60,3.60,100,178900
20211129,11:58,3.60,3.60,3.60,3.60,25,178900
20211129,11:59,3.70,3.75,3.70,3.70,825,178900
20211129,12:00,3.65,3.75,3.65,3.75,75,179075
20211129,12:01,3.65,3.65,3.65,3.65,50,179075
20211129,12:05,3.65,3.65,3.65,3.65,50,179150
20211129,12:06,3.70,3.75,3.65,3.65,725,179175
20211129,12:07,3.65,3.70,3.65,3.65,350,179175
20211129,12:08,3.70,3.70,3.65,3.65,750,179175
20211129,12:09,3.65,3.70,3.60,3.60,1025,179150
20211129,12:10,3.60,3.60,3.60,3.60,125,179150
20211129,12:11,3.65,3.65,3.55,3.55,1325,179150
20211129,12:12,3.55,3.60,3.55,3.60,475,178750
20211129,12:13,3.55,3.55,3.55,3.55,50,178750
20211129,12:15,3.65,3.70,3.60,3.70,950,178850
20211129,12:16,3.65,3.70,3.65,3.70,175,178850
20211129,12:17,3.65,3.75,3.65,3.65,700,178850
20211129,12:18,3.65,3.65,3.65,3.65,450,178975
20211129,12:19,3.60,3.65,3.60,3.65,275,178975
20211129,12:20,3.60,3.65,3.60,3.65,825,178975
20211129,12:21,3.65,3.65,3.65,3.65,50,178975
20211129,12:22,3.65,3.65,3.65,3.65,50,178825
20211129,12:23,3.65,3.65,3.55,3.65,1150,178825
20211129,12:24,3.60,3.70,3.60,3.60,1725,178425
20211129,12:25,3.65,3.65,3.55,3.65,950,178425
20211129,12:26,3.65,3.65,3.55,3.55,925,178425
20211129,12:27,3.65,3.65,3.60,3.60,150,179350
20211129,12:28,3.65,3.65,3.65,3.65,275,179350
20211129,12:29,3.60,3.60,3.60,3.60,150,179350
20211129,12:30,3.60,3.70,3.55,3.65,700,179500
20211129,12:31,3.55,3.55,3.55,3.55,75,179500
20211129,12:33,3.50,3.55,3.45,3.55,4000,180150
20211129,12:34,3.60,3.60,3.50,3.60,1025,180150
20211129,12:35,3.60,3.80,3.60,3.70,3825,180150
20211129,12:36,3.65,3.70,3.50,3.55,2050,179775
20211129,12:37,3.50,3.60,3.50,3.60,525,179775
20211129,12:38,3.60,3.60,3.50,3.55,950,179775
20211129,12:39,3.65,3.65,3.55,3.55,725,179425
20211129,12:40,3.55,3.55,3.50,3.50,650,179425
20211129,12:42,3.50,3.50,3.50,3.50,1100,179950
20211129,12:43,3.50,3.55,3.50,3.50,775,179950
20211129,12:44,3.45,3.50,3.45,3.50,425,179950
20211129,12:47,3.50,3.55,3.50,3.55,2625,181350
20211129,12:48,3.55,3.55,3.50,3.55,475,181050
20211129,12:49,3.60,3.60,3.55,3.55,400,181050
20211129,12:50,3.50,3.60,3.50,3.60,850,181050
20211129,12:51,3.55,3.55,3.50,3.50,1675,181800
20211129,12:52,3.50,3.50,3.50,3.50,125,181800
20211129,12:54,3.50,3.60,3.50,3.50,775,180800
20211129,12:55,3.55,3.55,3.50,3.55,1350,180800
20211129,12:56,3.50,3.50,3.45,3.50,3400,180800
20211129,12:57,3.55,3.65,3.55,3.55,2450,179100
20211129,12:58,3.55,3.65,3.55,3.65,11400,179100
20211129,12:59,3.60,3.80,3.60,3.80,3025,179100
20211129,13:00,3.80,3.80,3.80,3.80,450,181675
20211129,13:01,3.85,4.10,3.85,4.00,2225,181675
20211129,13:02,3.95,4.00,3.80,3.80,3150,181675
20211129,13:03,3.85,3.95,3.60,3.60,5350,182575
20211129,13:04,3.60,3.70,3.55,3.70,1175,182575
20211129,13:05,3.65,3.65,3.65,3.65,25,182575
20211129,13:06,3.65,3.65,3.65,3.65,175,182300
20211129,13:07,3.65,3.65,3.65,3.65,250,182300
20211129,13:08,3.65,3.65,3.65,3.65,25,182300
20211129,13:09,3.65,3.70,3.65,3.65,700,182375
20211129,13:10,3.65,3.65,3.60,3.65,1275,182375
20211129,13:11,3.65,3.65,3.65,3.65,350,182375
20211129,13:12,3.65,3.65,3.65,3.65,75,182375
20211129,13:13,3.65,3.70,3.65,3.65,925,183100
20211129,13:14,3.65,4.00,3.65,3.75,2225,183100
20211129,13:15,3.75,3.80,3.70,3.75,475,183925
20211129,13:16,3.80,3.80,3.75,3.75,1775,183925
20211129,13:17,3.70,3.70,3.70,3.70,1025,183925
20211129,13:18,3.70,3.70,3.55,3.65,2800,184475
20211129,13:19,3.65,3.70,3.60,3.70,1175,184475
20211129,13:20,3.70,3.70,3.65,3.65,400,184475
20211129,13:21,3.75,3.75,3.70,3.70,1675,185150
20211129,13:22,3.70,3.70,3.70,3.70,50,185150
20211129,13:23,3.70,3.70,3.70,3.70,150,185150
20211129,13:24,3.65,3.70,3.65,3.70,100,185150
20211129,13:25,3.70,3.70,3.65,3.70,475,185150
20211129,13:26,3.70,3.70,3.55,3.60,3025,185150
20211129,13:27,3.65,3.65,3.60,3.60,500,184875
20211129,13:28,3.60,3.65,3.60,3.65,525,184875
20211129,13:29,3.70,3.70,3.65,3.70,475,184875
20211129,13:30,3.70,3.70,3.60,3.60,1650,184625
20211129,13:31,3.55,3.65,3.55,3.55,1000,184625
20211129,13:32,3.55,3.60,3.55,3.60,1550,184625
20211129,13:33,3.50,3.60,3.50,3.60,425,184075
20211129,13:34,3.55,3.60,3.55,3.60,600,184075
20211129,13:35,3.60,3.60,3.60,3.60,250,184075
20211129,13:36,3.60,3.65,3.60,3.65,125,184300
20211129,13:37,3.55,3.55,3.50,3.50,650,184300
20211129,13:38,3.55,3.60,3.55,3.60,950,184300
20211129,13:39,3.60,3.60,3.60,3.60,300,184900
20211129,13:40,3.60,3.60,3.60,3.60,325,184900
20211129,13:41,3.55,3.55,3.55,3.55,150,184900
20211129,13:42,3.60,3.60,3.50,3.50,1350,184800
20211129,13:43,3.50,3.60,3.45,3.60,925,184800
20211129,13:44,3.50,3.50,3.50,3.50,75,184800
20211129,13:45,3.55,3.60,3.50,3.50,525,184725
20211129,13:46,3.55,3.60,3.55,3.60,1275,184725
20211129,13:47,3.60,3.60,3.60,3.60,250,184725
20211129,13:48,3.60,3.60,3.60,3.60,150,185350
20211129,13:49,3.65,3.65,3.55,3.55,3450,185350
20211129,13:50,3.50,3.50,3.50,3.50,1375,185350
20211129,13:51,3.55,3.55,3.55,3.55,1150,184800
20211129,13:52,3.55,3.60,3.50,3.60,675,184800
20211129,13:53,3.60,3.60,3.50,3.55,700,184800
20211129,13:54,3.50,3.50,3.50,3.50,25,184800
20211129,13:55,3.60,3.70,3.55,3.60,2575,184525
20211129,13:56,3.65,3.65,3.55,3.55,2775,184525
20211129,13:57,3.65,3.65,3.65,3.65,2425,187525
20211129,13:58,3.60,3.60,3.60,3.60,500,187525
20211129,13:59,3.60,3.75,3.55,3.70,2325,187525
20211129,14:00,3.75,3.75,3.75,3.75,1250,188400
20211129,14:01,3.65,3.65,3.65,3.65,725,188400
20211129,14:02,3.70,3.70,3.55,3.65,275,188400
20211129,14:03,3.55,3.65,3.45,3.45,4125,189475
20211129,14:04,3.45,3.60,3.45,3.60,1900,189475
20211129,14:05,3.60,3.70,3.55,3.70,2450,189475
20211129,14:06,3.60,3.80,3.60,3.80,4575,190900
20211129,14:07,3.80,3.95,3.75,3.85,3975,190900
20211129,14:08,3.80,3.90,3.80,3.90,1325,190900
20211129,14:09,3.80,3.85,3.75,3.75,1575,191700
20211129,14:10,3.70,3.70,3.45,3.50,6050,191700
20211129,14:11,3.50,3.50,3.50,3.50,1475,191700
20211129,14:12,3.45,3.50,3.45,3.50,2225,191425
20211129,14:13,3.50,3.50,3.30,3.35,4450,191425
20211129,14:14,3.40,3.40,3.35,3.35,2300,191425
20211129,14:15,3.25,3.35,3.25,3.30,3450,190600
20211129,14:16,3.25,3.30,3.25,3.30,375,190600
20211129,14:17,3.30,3.30,3.30,3.30,750,190600
20211129,14:18,3.30,3.45,3.30,3.45,3650,189725
20211129,14:19,3.40,3.55,3.40,3.50,1300,189725
20211129,14:20,3.40,3.40,3.35,3.35,1050,189725
20211129,14:21,3.35,3.45,3.30,3.35,1825,191175
20211129,14:22,3.30,3.30,3.30,3.30,2325,191175
20211129,14:23,3.35,3.35,3.10,3.15,3900,191175
20211129,14:24,3.15,3.30,3.15,3.30,1200,191175
20211129,14:25,3.30,3.35,3.30,3.35,625,190075
20211129,14:26,3.35,3.35,3.30,3.30,900,190075
20211129,14:27,3.30,3.30,3.15,3.15,4025,189550
20211129,14:28,3.25,3.25,3.15,3.20,1700,189550
20211129,14:29,3.25,3.30,3.20,3.20,550,189550
20211129,14:30,3.25,3.25,3.25,3.25,625,189550
20211129,14:31,3.25,3.25,3.20,3.20,1500,188250
20211129,14:32,3.25,3.25,3.20,3.25,675,188250
20211129,14:33,3.20,3.30,3.20,3.25,1225,186975
20211129,14:34,3.25,3.30,3.20,3.30,1800,186975
20211129,14:35,3.35,3.35,3.25,3.25,1600,186975
20211129,14:36,3.20,3.20,3.20,3.20,1200,186975
20211129,14:37,3.20,3.20,3.20,3.20,425,185550
20211129,14:38,3.20,3.20,3.20,3.20,75,185550
20211129,14:39,3.25,3.25,3.20,3.25,575,185550
20211129,14:40,3.25,3.25,3.20,3.25,350,185525
20211129,14:42,3.25,3.25,3.25,3.25,150,185100
20211129,14:43,3.25,3.25,3.25,3.25,400,185100
20211129,14:44,3.25,3.30,3.25,3.25,925,185100
20211129,14:45,3.30,3.30,3.30,3.30,150,185275
20211129,14:46,3.30,3.30,3.20,3.25,550,185275
20211129,14:47,3.25,3.35,3.25,3.35,250,185275
20211129,14:48,3.25,3.35,3.25,3.25,750,185625
20211129,14:49,3.30,3.45,3.30,3.35,4525,185625
20211129,14:50,3.25,3.35,3.25,3.25,625,185625
20211129,14:51,3.30,3.35,3.25,3.25,1825,184425
20211129,14:52,3.25,3.30,3.20,3.30,700,184425
20211129,14:53,3.25,3.30,3.25,3.25,600,184425
20211129,14:54,3.25,3.35,3.20,3.25,1675,184900
20211129,14:55,3.35,3.40,3.30,3.30,2600,184900
20211129,14:56,3.35,3.45,3.25,3.35,1575,184900
20211129,14:57,3.25,3.30,3.25,3.30,150,184575
20211129,14:58,3.25,3.35,3.25,3.25,400,184575
20211129,14:59,3.25,3.35,3.25,3.35,950,184575
20211129,15:00,3.25,3.30,3.20,3.20,1900,183300
20211129,15:01,3.20,3.20,3.15,3.15,1950,183300
20211129,15:02,3.20,3.35,3.15,3.35,4650,183300
20211129,15:03,3.35,3.50,3.25,3.45,4300,183675
20211129,15:04,3.45,3.50,3.40,3.40,1825,183675
20211129,15:05,3.50,3.50,3.25,3.25,2150,183675
20211129,15:06,3.25,3.30,3.15,3.20,5650,180525
20211129,15:07,3.10,3.20,3.10,3.20,300,180525
20211129,15:08,3.20,3.20,3.10,3.15,250,180525
20211129,15:09,3.10,3.20,2.90,2.95,8950,180525
20211129,15:10,3.00,3.00,2.90,2.90,475,176200
20211129,15:11,2.90,2.95,2.85,2.90,2850,176200
20211129,15:12,2.80,2.95,2.80,2.95,3400,174675
20211129,15:13,2.95,2.95,2.85,2.85,2800,174675
20211129,15:14,2.85,2.95,2.85,2.90,425,174675
20211129,15:15,2.95,2.95,2.85,2.95,425,174025
20211129,15:16,2.85,2.95,2.85,2.95,1225,174025
20211129,15:17,2.90,3.00,2.90,3.00,2275,174025
20211129,15:18,2.90,3.05,2.90,3.00,1025,172650
20211129,15:19,3.00,3.00,2.90,2.90,1875,172650
20211129,15:20,2.95,3.00,2.95,2.95,1325,172650
20211129,15:21,2.95,3.00,2.90,3.00,550,172275
20211129,15:22,3.00,3.10,3.00,3.10,5150,172275
20211129,15:23,3.05,3.10,3.00,3.10,1250,172275
20211129,15:24,3.00,3.05,3.00,3.05,500,174125
20211129,15:25,3.10,3.15,3.10,3.15,650,174125
20211129,15:26,3.15,3.15,3.05,3.10,1775,174125
20211129,15:27,3.10,3.15,2.95,3.00,5950,174000
20211129,15:28,2.95,3.15,2.95,3.05,6500,174000
20211129,15:29,3.10,3.20,2.95,2.95,5050,174000
20211130,09:15,3.40,3.40,2.50,2.75,1651,173075
20211130,09:16,2.65,3.00,2.65,2.75,4600,173075
20211130,09:17,2.70,3.10,2.70,3.00,3450,174750
20211130,09:18,3.00,3.00,2.95,3.00,1300,174750
20211130,09:19,2.90,2.95,2.90,2.95,900,174750
20211130,09:20,3.00,3.00,2.85,2.85,150,174750
20211130,09:21,2.85,2.85,2.75,2.75,1900,175850
20211130,09:22,2.75,2.75,2.70,2.70,1600,175850
20211130,09:23,2.75,2.75,2.70,2.70,1050,174875
20211130,09:24,2.70,2.70,2.30,2.35,4325,174875
20211130,09:25,2.35,2.35,2.30,2.35,2775,174875
20211130,09:26,2.40,2.45,2.40,2.45,400,174050
20211130,09:27,2.40,2.45,2.35,2.35,900,174050
20211130,09:28,2.45,2.45,2.45,2.45,800,174050
20211130,09:29,2.35,2.35,2.25,2.35,1275,174050
20211130,09:30,2.30,2.35,2.25,2.35,800,174075
20211130,09:31,2.30,2.30,2.20,2.30,3825,174075
20211130,09:32,2.20,2.25,2.20,2.25,550,175275
20211130,09:33,2.25,2.25,2.25,2.25,1125,175275
20211130,09:34,2.15,2.20,2.10,2.10,1400,175275
20211130,09:35,2.10,2.35,2.10,2.30,1050,174275
20211130,09:36,2.25,2.25,2.25,2.25,825,174275
20211130,09:37,2.20,2.30,2.15,2.25,1875,174275
20211130,09:38,2.25,2.35,2.25,2.35,1100,174350
20211130,09:39,2.35,2.35,2.20,2.20,400,174350
20211130,09:40,2.20,2.25,2.20,2.20,525,174350
20211130,09:41,2.25,2.25,2.20,2.20,1025,174100
20211130,09:42,2.20,2.25,2.15,2.20,1925,174100
20211130,09:43,2.25,2.25,2.25,2.25,800,174100
20211130,09:44,2.30,2.30,2.30,2.30,75,174100
20211130,09:45,2.25,2.25,2.20,2.20,875,174125
20211130,09:46,2.30,2.30,2.30,2.30,250,174125
20211130,09:48,2.20,2.30,2.15,2.20,3625,173975
20211130,09:49,2.10,2.20,2.10,2.10,1800,173975
20211130,09:50,2.05,2.15,2.05,2.15,2550,173900
20211130,09:51,2.15,2.20,2.05,2.10,3125,173900
20211130,09:52,2.10,2.25,2.10,2.15,2475,173900
20211130,09:53,2.05,2.10,2.05,2.10,550,173850
20211130,09:54,2.05,2.05,2.05,2.05,450,173850
20211130,09:55,2.10,2.15,2.10,2.15,1250,173850
20211130,09:56,2.10,2.20,2.10,2.20,200,173925
20211130,09:57,2.05,2.15,2.05,2.15,625,173925
20211130,09:58,2.15,2.15,2.10,2.10,350,173925
20211130,09:59,2.05,2.10,2.05,2.10,900,173775
20211130,10:00,2.05,2.05,2.00,2.00,325,173775
20211130,10:01,2.00,2.00,1.85,1.90,4700,173775
20211130,10:02,1.85,1.90,1.70,1.80,4000,173600
20211130,10:03,1.75,1.75,1.65,1.75,6625,173600
20211130,10:04,1.70,1.75,1.70,1.70,1200,173600
20211130,10:05,1.70,1.70,1.65,1.65,1700,172475
20211130,10:06,1.65,1.65,1.65,1.65,2200,172475
20211130,10:07,1.65,1.65,1.60,1.65,3450,172475
20211130,10:08,1.65,1.70,1.55,1.60,4300,172550
20211130,10:09,1.55,1.60,1.55,1.60,2775,172550
20211130,10:10,1.55,1.65,1.55,1.60,2375,172550
20211130,10:11,1.65,1.65,1.60,1.60,800,172550
20211130,10:13,1.60,1.60,1.60,1.60,225,171400
20211130,10:14,1.55,1.65,1.50,1.60,1250,171650
20211130,10:15,1.60,1.65,1.55,1.55,150,171650
20211130,10:16,1.55,1.55,1.55,1.55,1200,171650
20211130,10:17,1.55,1.55,1.50,1.55,600,171350
20211130,10:18,1.55,1.60,1.55,1.60,1775,171350
20211130,10:19,1.60,1.60,1.60,1.60,825,171350
20211130,10:21,1.55,1.55,1.55,1.55,450,171550
20211130,10:22,1.50,1.50,1.45,1.45,1700,171550
20211130,10:23,1.45,1.45,1.45,1.45,1125,171100
20211130,10:24,1.45,1.45,1.35,1.35,3600,171100
20211130,10:25,1.35,1.45,1.35,1.45,1375,171100
20211130,10:26,1.45,1.45,1.35,1.35,150,171100
20211130,10:27,1.45,1.50,1.45,1.50,425,171650
20211130,10:28,1.50,1.55,1.45,1.50,4325,171650
20211130,10:29,1.55,1.55,1.50,1.50,400,171650
20211130,10:30,1.55,1.60,1.55,1.60,425,172000
20211130,10:31,1.50,1.60,1.50,1.60,150,172000
20211130,10:32,1.55,1.60,1.50,1.50,1600,171925
20211130,10:33,1.45,1.55,1.45,1.55,1575,171925
20211130,10:34,1.55,1.55,1.50,1.50,1975,171925
20211130,10:35,1.50,1.50,1.45,1.45,5150,171775
20211130,10:36,1.45,1.45,1.40,1.40,225,171775
20211130,10:37,1.45,1.50,1.40,1.50,1250,171775
20211130,10:38,1.50,1.50,1.45,1.50,250,171775
20211130,10:41,1.45,1.45,1.45,1.45,450,171675
20211130,10:42,1.45,1.45,1.45,1.45,800,171675
20211130,10:43,1.50,1.50,1.50,1.50,225,171675
20211130,10:44,1.50,1.50,1.50,1.50,1825,171675
20211130,10:45,1.45,1.45,1.45,1.45,50,171675
20211130,10:46,1.50,1.50,1.50,1.50,675,171675
20211130,10:47,1.50,1.50,1.45,1.50,600,171675
20211130,10:48,1.45,1.50,1.45,1.50,575,171575
20211130,10:49,1.50,1.50,1.50,1.50,675,171575
20211130,10:50,1.45,1.65,1.45,1.60,2950,172025
20211130,10:51,1.65,1.65,1.55,1.55,775,172025
20211130,10:52,1.55,1.60,1.55,1.60,1525,172025
20211130,10:53,1.60,1.60,1.60,1.60,225,172025
20211130,10:54,1.55,1.55,1.55,1.55,75,171975
20211130,10:55,1.55,1.60,1.55,1.60,700,171975
20211130,10:56,1.60,1.65,1.60,1.60,1875,171975
20211130,10:57,1.70,1.70,1.60,1.60,1200,171350
20211130,10:58,1.55,1.65,1.55,1.60,3325,171350
20211130,10:59,1.70,1.70,1.60,1.70,1425,171175
20211130,11:00,1.70,1.70,1.65,1.65,75,171175
20211130,11:01,1.65,1.65,1.60,1.60,100,171175
20211130,11:02,1.60,1.75,1.60,1.65,2200,171150
20211130,11:03,1.70,1.80,1.65,1.65,5950,171150
20211130,11:04,1.75,1.75,1.70,1.70,175,171150
20211130,11:05,1.75,1.75,1.75,1.75,1025,171150
20211130,11:06,1.75,1.75,1.75,1.75,1300,171450
20211130,11:07,1.80,1.85,1.80,1.80,2600,171450
20211130,11:08,1.80,1.80,1.80,1.80,25,171450
20211130,11:09,1.80,1.90,1.80,1.80,7800,169475
20211130,11:10,1.85,1.85,1.60,1.70,5175,169475
20211130,11:11,1.75,1.80,1.70,1.80,2325,168000
20211130,11:12,1.80,1.85,1.80,1.85,1025,168000
20211130,11:13,1.85,1.85,1.75,1.75,200,168000
20211130,11:14,1.70,1.70,1.70,1.70,50,168000
20211130,11:15,1.70,1.70,1.70,1.70,50,167825
20211130,11:16,1.70,1.70,1.70,1.70,75,167825
20211130,11:17,1.75,1.75,1.75,1.75,375,167825
20211130,11:18,1.75,1.80,1.70,1.80,1350,167825
20211130,11:19,1.75,1.80,1.75,1.75,300,167825
20211130,11:20,1.80,1.95,1.80,1.95,2075,167825
20211130,11:21,1.85,1.95,1.85,1.95,2075,167875
20211130,11:22,2.00,2.00,2.00,2.00,925,167875
20211130,11:23,2.00,2.00,2.00,2.00,25,167875
20211130,11:25,2.00,2.15,2.00,2.10,1125,168025
20211130,11:26,2.05,2.15,2.05,2.10,925,168100
20211130,11:27,2.05,2.15,2.05,2.05,1000,168100
20211130,11:28,2.10,2.15,2.05,2.15,5050,168100
20211130,11:29,2.15,2.15,2.05,2.05,850,168100
20211130,11:30,2.05,2.10,2.05,2.10,300,168575
20211130,11:31,2.00,2.05,2.00,2.05,1350,168575
20211130,11:32,2.00,2.25,2.00,2.25,6775,168950
20211130,11:33,2.20,2.20,2.15,2.15,675,168950
20211130,11:35,2.15,2.15,2.00,2.00,2375,168950
20211130,11:36,1.95,2.00,1.90,1.95,5800,168600
20211130,11:37,2.00,2.30,1.90,2.00,4875,168600
20211130,11:38,2.05,2.20,2.05,2.05,1475,168600
20211130,11:39,1.95,1.95,1.70,1.70,4100,167725
20211130,11:40,1.70,1.75,1.65,1.65,3975,167725
20211130,11:41,1.75,1.75,1.55,1.60,4875,167725
20211130,11:42,1.65,1.65,1.55,1.55,175,167550
20211130,11:44,1.60,1.65,1.60,1.60,375,167550
20211130,11:45,1.55,1.55,1.55,1.55,150,167450
20211130,11:46,1.60,1.65,1.60,1.65,725,167450
20211130,11:47,1.60,1.60,1.60,1.60,225,167450
20211130,11:50,1.55,1.55,1.55,1.55,1100,167375
20211130,11:51,1.55,1.60,1.55,1.60,925,167425
20211130,11:52,1.60,1.60,1.60,1.60,250,167425
20211130,11:53,1.55,1.55,1.55,1.55,250,167425
20211130,11:54,1.60,1.60,1.60,1.60,975,167250
20211130,11:55,1.60,1.60,1.60,1.60,25,167250
20211130,11:56,1.60,1.60,1.60,1.60,400,167250
20211130,11:57,1.60,1.60,1.55,1.55,250,168150
20211130,11:58,1.55,1.55,1.55,1.55,875,168150
20211130,11:59,1.45,1.50,1.45,1.45,1600,168150
20211130,12:00,1.45,1.45,1.45,1.45,1200,167250
20211130,12:01,1.45,1.45,1.40,1.40,50,167250
20211130,12:02,1.45,1.50,1.45,1.50,2350,167250
20211130,12:03,1.50,1.55,1.50,1.55,650,167475
20211130,12:04,1.55,1.60,1.55,1.60,700,167475
20211130,12:05,1.55,1.55,1.55,1.55,75,167475
20211130,12:07,1.50,1.50,1.50,1.50,50,167700
20211130,12:08,1.55,1.55,1.55,1.55,50,167700
20211130,12:09,1.60,1.60,1.60,1.60,1175,167700
20211130,12:10,1.55,1.55,1.55,1.55,200,167700
20211130,12:12,1.60,1.65,1.60,1.65,300,167550
20211130,12:13,1.60,1.60,1.60,1.60,225,167550
20211130,12:14,1.65,1.70,1.65,1.70,1250,167550
20211130,12:15,1.60,1.60,1.60,1.60,25,167550
20211130,12:16,1.55,1.60,1.55,1.60,350,167350
20211130,12:17,1.65,1.65,1.65,1.65,100,167350
20211130,12:18,1.60,1.60,1.60,1.60,225,167275
20211130,12:19,1.55,1.60,1.55,1.60,1475,167275
20211130,12:20,1.55,1.60,1.50,1.55,3200,167275
20211130,12:22,1.50,1.50,1.45,1.45,1650,167675
20211130,12:23,1.45,1.45,1.45,1.45,25,167675
20211130,12:25,1.45,1.45,1.40,1.40,1675,167350
20211130,12:26,1.40,1.40,1.40,1.40,750,167350
20211130,12:27,1.35,1.35,1.35,1.35,150,167350
20211130,12:28,1.35,1.35,1.35,1.35,225,167600
20211130,12:30,1.40,1.40,1.40,1.40,150,167600
20211130,12:31,1.35,1.35,1.35,1.35,50,167350
20211130,12:32,1.40,1.45,1.40,1.45,1500,167350
20211130,12:33,1.45,1.45,1.45,1.45,50,167850
20211130,12:34,1.35,1.40,1.35,1.40,875,167850
20211130,12:35,1.40,1.40,1.35,1.35,150,167850
20211130,12:40,1.40,1.40,1.40,1.40,350,167275
20211130,12:41,1.45,1.50,1.45,1.50,1550,167275
20211130,12:42,1.45,1.45,1.40,1.45,875,167325
20211130,12:44,1.40,1.40,1.40,1.40,525,167325
20211130,12:45,1.40,1.40,1.40,1.40,175,167275
20211130,12:46,1.40,1.40,1.35,1.40,1175,167275
20211130,12:49,1.40,1.40,1.35,1.40,725,167275
20211130,12:51,1.40,1.40,1.40,1.40,300,167275
20211130,12:52,1.35,1.40,1.35,1.40,75,167275
20211130,12:54,1.40,1.40,1.40,1.40,1350,167275
20211130,12:58,1.40,1.40,1.40,1.40,1000,167275
20211130,12:59,1.40,1.45,1.40,1.45,275,167275
20211130,13:00,1.45,1.50,1.45,1.50,500,167275
20211130,13:01,1.50,1.50,1.50,1.50,100,167275
20211130,13:03,1.55,1.55,1.50,1.50,125,167275
20211130,13:04,1.50,1.50,1.45,1.50,2175,167275
20211130,13:05,1.55,1.60,1.55,1.60,1050,167275
20211130,13:07,1.60,1.60,1.55,1.55,425,167325
20211130,13:08,1.55,1.55,1.45,1.45,1300,167325
20211130,13:09,1.50,1.50,1.50,1.50,925,167300
20211130,13:10,1.55,1.55,1.55,1.55,325,167300
20211130,13:11,1.55,1.65,1.45,1.45,2100,167300
20211130,13:12,1.50,1.55,1.50,1.55,325,167050
20211130,13:13,1.50,1.55,1.45,1.45,1050,167050
20211130,13:14,1.45,1.45,1.35,1.40,4175,167050
20211130,13:15,1.45,1.50,1.45,1.50,1850,167025
20211130,13:16,1.55,1.60,1.55,1.55,975,167025
20211130,13:17,1.60,1.60,1.55,1.60,2000,167025
20211130,13:18,1.65,1.75,1.65,1.65,1625,167525
20211130,13:20,1.65,1.65,1.65,1.65,125,167525
20211130,13:21,1.60,1.60,1.60,1.60,25,167450
20211130,13:22,1.60,1.60,1.60,1.60,75,167450
20211130,13:23,1.60,1.60,1.60,1.60,75,167450
20211130,13:24,1.60,1.60,1.60,1.60,25,167300
20211130,13:26,1.60,1.65,1.55,1.60,550,167300
20211130,13:27,1.60,1.65,1.55,1.65,250,167400
20211130,13:28,1.65,1.70,1.65,1.65,300,167400
20211130,13:29,1.65,1.65,1.65,1.65,25,167400
20211130,13:31,1.65,1.70,1.65,1.70,525,167400
20211130,13:32,1.65,1.70,1.65,1.65,125,167400
20211130,13:34,1.65,1.65,1.55,1.55,1025,167425
20211130,13:35,1.55,1.55,1.55,1.55,400,167425
20211130,13:36,1.55,1.55,1.55,1.55,25,167425
20211130,13:37,1.55,1.55,1.55,1.55,25,167100
20211130,13:38,1.55,1.55,1.55,1.55,25,167100
20211130,13:39,1.55,1.55,1.55,1.55,25,167100
20211130,13:40,1.55,1.60,1.55,1.60,1525,167100
20211130,13:42,1.60,1.70,1.60,1.65,750,167275
20211130,13:43,1.75,1.80,1.65,1.65,1550,167275
20211130,13:44,1.70,1.70,1.65,1.65,675,167275
20211130,13:45,1.65,1.70,1.65,1.65,775,167725
20211130,13:46,1.65,1.65,1.65,1.65,25,167725
20211130,13:47,1.65,1.65,1.65,1.65,125,167725
20211130,13:49,1.65,1.65,1.60,1.60,250,167600
20211130,13:50,1.70,1.70,1.60,1.60,875,167600
20211130,13:51,1.80,1.80,1.65,1.65,1075,167375
20211130,13:52,1.65,1.75,1.65,1.75,525,167375
20211130,13:53,1.70,1.70,1.70,1.70,150,167375
20211130,13:55,1.70,1.70,1.65,1.65,375,167425
20211130,13:56,1.65,1.70,1.65,1.70,1175,167425
20211130,13:57,1.75,1.80,1.75,1.80,450,167425
20211130,13:58,1.65,1.70,1.65,1.65,775,167425
20211130,13:59,1.70,1.70,1.70,1.70,125,167425
20211130,14:00,1.70,1.70,1.65,1.70,400,167425
20211130,14:01,1.60,1.60,1.60,1.60,375,167200
20211130,14:02,1.55,1.55,1.55,1.55,25,167200
20211130,14:03,1.65,1.65,1.65,1.65,175,167200
20211130,14:04,1.60,1.60,1.55,1.55,600,167100
20211130,14:05,1.60,1.60,1.55,1.55,100,167100
20211130,14:08,1.55,1.55,1.55,1.55,225,167625
20211130,14:09,1.55,1.55,1.55,1.55,300,167625
20211130,14:10,1.55,1.60,1.55,1.60,1325,167625
20211130,14:11,1.60,1.65,1.60,1.65,975,167625
20211130,14:12,1.70,1.70,1.70,1.70,250,167625
20211130,14:13,1.55,1.55,1.55,1.55,150,168425
20211130,14:14,1.55,1.55,1.50,1.55,725,168425
20211130,14:15,1.55,1.55,1.50,1.50,575,167925
20211130,14:16,1.50,1.50,1.50,1.50,225,167925
20211130,14:17,1.45,1.50,1.45,1.45,1175,167925
20211130,14:18,1.45,1.45,1.45,1.45,25,167625
20211130,14:19,1.50,1.50,1.45,1.50,1500,167625
20211130,14:20,1.55,1.55,1.55,1.55,600,167625
20211130,14:21,1.55,1.55,1.50,1.50,875,168300
20211130,14:22,1.50,1.55,1.50,1.55,1475,168300
20211130,14:23,1.60,1.60,1.60,1.60,275,168300
20211130,14:24,1.60,1.65,1.60,1.65,1650,168575
20211130,14:25,1.65,1.65,1.65,1.65,25,168575
20211130,14:29,1.55,1.60,1.55,1.60,1050,169425
20211130,14:30,1.60,1.60,1.60,1.60,100,169425
20211130,14:31,1.60,1.65,1.55,1.55,800,169375
20211130,14:32,1.60,1.60,1.60,1.60,25,169375
20211130,14:33,1.50,1.55,1.45,1.50,2075,168900
20211130,14:34,1.55,1.55,1.45,1.45,1150,168900
20211130,14:35,1.45,1.45,1.40,1.45,1675,168900
20211130,14:36,1.45,1.45,1.40,1.45,1600,168900
20211130,14:37,1.40,1.50,1.40,1.45,425,169325
20211130,14:38,1.50,1.50,1.40,1.50,500,169325
20211130,14:39,1.50,1.75,1.50,1.65,3125,169600
20211130,14:40,1.60,1.90,1.60,1.85,5875,169600
20211130,14:41,1.80,1.80,1.80,1.80,100,169600
20211130,14:42,1.80,1.90,1.80,1.85,4300,169600
20211130,14:43,1.90,1.90,1.75,1.75,900,169000
20211130,14:44,1.70,1.70,1.65,1.70,2375,169000
20211130,14:45,1.80,1.85,1.80,1.80,1000,169075
20211130,14:46,1.85,1.85,1.70,1.70,1400,169075
20211130,14:47,1.70,1.80,1.70,1.80,175,169075
20211130,14:48,1.70,1.70,1.70,1.70,275,169050
20211130,14:49,1.70,1.75,1.70,1.75,625,169050
20211130,14:50,1.80,1.85,1.75,1.80,3075,169050
20211130,14:51,1.70,1.80,1.70,1.80,550,169125
20211130,14:52,1.80,2.05,1.80,1.95,3325,169125
20211130,14:53,1.90,1.90,1.80,1.80,975,169125
20211130,14:54,1.85,1.85,1.70,1.70,425,168800
20211130,14:55,1.75,1.90,1.75,1.75,2325,168800
20211130,14:56,1.60,1.65,1.55,1.65,3075,168800
20211130,14:57,1.55,1.70,1.55,1.70,1175,169300
20211130,14:58,1.70,1.80,1.65,1.75,2700,169300
20211130,14:59,1.75,1.85,1.75,1.75,3450,169300
20211130,15:00,1.80,1.80,1.70,1.75,1100,169100
20211130,15:01,1.75,1.80,1.75,1.80,375,169100
20211130,15:02,1.90,1.95,1.85,1.95,1350,169100
20211130,15:03,2.10,2.10,1.95,1.95,2500,169550
20211130,15:04,1.95,1.95,1.60,1.60,2100,169550
20211130,15:05,1.65,1.65,1.60,1.60,225,169550
20211130,15:06,1.60,1.60,1.60,1.60,425,169550
20211130,15:07,1.65,1.65,1.60,1.65,150,169050
20211130,15:08,1.65,1.65,1.60,1.60,425,169050
20211130,15:09,1.55,1.65,1.50,1.55,1875,169100
20211130,15:10,1.65,1.70,1.65,1.70,1300,169100
20211130,15:11,1.65,1.75,1.60,1.70,2050,169100
20211130,15:12,1.65,2.10,1.65,1.85,8000,169125
20211130,15:13,1.85,1.85,1.75,1.80,250,169125
20211130,15:14,1.75,2.10,1.70,2.10,2075,169125
20211130,15:15,2.00,2.00,1.90,1.95,1875,169100
20211130,15:16,1.90,1.90,1.80,1.90,6400,169100
20211130,15:17,1.95,1.95,1.80,1.90,6850,169100
20211130,15:18,1.60,1.95,1.60,1.80,1375,169100
20211130,15:19,1.80,1.80,1.75,1.75,2725,169075
20211130,15:20,1.75,1.75,1.65,1.75,1125,169075
20211130,15:21,1.75,1.85,1.70,1.85,2150,169075
20211130,15:22,1.85,2.10,1.85,1.90,1875,169025
20211130,15:23,1.90,1.90,1.80,1.85,2300,169025
20211130,15:24,1.95,2.30,1.85,2.30,4950,169000
20211130,15:25,2.25,2.65,1.90,1.90,12450,169000
20211130,15:26,1.90,1.95,1.65,1.75,5200,169000
20211130,15:27,1.70,1.80,1.70,1.80,1025,169100
20211130,15:28,1.70,1.80,1.70,1.70,1550,169100
20211130,15:29,1.70,2.00,1.50,1.95,4675,169100
20211201,09:15,1.00,1.75,1.00,1.60,7676,169000
20211201,09:16,1.60,2.25,1.60,1.75,12225,169000
20211201,09:17,1.80,1.85,1.40,1.40,8525,169675
20211201,09:18,1.55,1.70,1.50,1.70,8675,169675
20211201,09:19,1.65,1.80,1.55,1.55,9100,169675
20211201,09:20,1.55,1.75,1.50,1.70,11725,169750
20211201,09:21,1.70,1.75,1.55,1.60,2050,169750
20211201,09:22,1.60,1.70,1.55,1.70,1375,169750
20211201,09:23,1.80,1.80,1.65,1.65,1150,169275
20211201,09:24,1.65,1.70,1.60,1.65,1175,169275
20211201,09:25,1.70,1.75,1.60,1.65,1700,169275
20211201,09:26,1.55,1.55,1.35,1.35,4200,169125
20211201,09:27,1.35,1.35,1.25,1.25,3100,169125
20211201,09:28,1.25,1.30,1.25,1.30,1350,169125
20211201,09:29,1.35,1.35,1.35,1.35,650,168850
20211201,09:30,1.45,1.45,1.45,1.45,450,168850
20211201,09:31,1.40,1.40,1.35,1.40,1350,168850
20211201,09:32,1.40,1.40,1.40,1.40,475,168850
20211201,09:33,1.35,1.35,1.35,1.35,75,168850
20211201,09:34,1.30,1.40,1.30,1.40,200,167875
20211201,09:35,1.25,1.25,1.20,1.20,450,167725
20211201,09:36,1.20,1.20,1.20,1.20,175,167725
20211201,09:37,1.25,1.25,1.20,1.20,575,167725
20211201,09:38,1.25,1.25,1.15,1.25,350,167725
20211201,09:39,1.25,1.30,1.25,1.30,675,167725
20211201,09:40,1.25,1.30,1.25,1.30,600,167725
20211201,09:42,1.25,1.25,1.25,1.25,50,168100
20211201,09:43,1.40,1.40,1.20,1.20,650,168100
20211201,09:45,1.20,1.20,1.15,1.15,400,168000
20211201,09:46,1.10,1.20,1.10,1.20,700,168000
20211201,09:47,1.15,1.25,1.15,1.25,450,167300
20211201,09:53,1.25,1.25,1.25,1.25,75,167300
20211201,09:54,1.25,1.25,1.25,1.25,450,167350
20211201,09:58,1.20,1.20,1.20,1.20,75,167350
20211201,09:59,1.30,1.30,1.30,1.30,75,167425
20211201,10:00,1.25,1.35,1.25,1.25,850,167425
20211201,10:01,1.25,1.25,1.25,1.25,25,167425
20211201,10:02,1.35,1.35,1.25,1.25,100,167425
20211201,10:04,1.20,1.20,1.20,1.20,225,167400
20211201,10:05,1.30,1.35,1.30,1.35,525,167525
20211201,10:06,1.40,1.40,1.35,1.35,800,167525
20211201,10:07,1.30,1.30,1.30,1.30,525,167525
20211201,10:08,1.30,1.30,1.30,1.30,225,167550
20211201,10:09,1.30,1.30,1.30,1.30,300,167550
20211201,10:10,1.20,1.20,1.20,1.20,50,167550
20211201,10:11,1.35,1.35,1.35,1.35,75,167550
20211201,10:12,1.35,1.35,1.35,1.35,275,167625
20211201,10:13,1.35,1.40,1.30,1.40,200,167625
20211201,10:16,1.30,1.30,1.30,1.30,150,167625
20211201,10:17,1.30,1.35,1.30,1.35,150,167600
20211201,10:18,1.35,1.35,1.30,1.30,150,167600
20211201,10:23,1.30,1.30,1.30,1.30,75,167500
20211201,10:25,1.45,1.50,1.45,1.50,200,167500
20211201,10:26,1.50,1.60,1.50,1.60,725,167550
20211201,10:27,1.50,1.50,1.50,1.50,50,167550
20211201,10:28,1.50,1.50,1.50,1.50,50,167550
20211201,10:29,1.50,1.50,1.50,1.50,100,167450
20211201,10:30,1.50,1.50,1.50,1.50,50,167450
20211201,10:31,1.50,1.50,1.50,1.50,450,167450
20211201,10:32,1.50,1.50,1.50,1.50,375,167450
20211201,10:33,1.50,1.50,1.50,1.50,400,167525
20211201,10:34,1.60,1.60,1.60,1.60,75,167525
20211201,10:36,1.60,1.75,1.60,1.70,1800,167475
20211201,10:37,1.80,1.80,1.80,1.80,925,167475
20211201,10:38,1.70,1.75,1.70,1.75,200,167475
20211201,10:39,1.75,1.90,1.75,1.90,550,167450
20211201,10:40,1.90,1.90,1.90,1.90,75,167450
20211201,10:41,1.80,1.80,1.75,1.75,100,167450
20211201,10:43,1.65,1.70,1.55,1.55,250,167475
20211201,10:44,1.55,1.65,1.45,1.55,1400,167350
20211201,10:45,1.50,1.50,1.40,1.40,600,167350
20211201,10:46,1.30,1.40,1.30,1.40,525,167350
20211201,10:47,1.35,1.35,1.20,1.20,775,167375
20211201,10:48,1.25,1.25,1.25,1.25,225,167375
20211201,10:49,1.25,1.25,1.20,1.25,275,167375
20211201,10:50,1.30,1.35,1.25,1.35,1875,167425
20211201,10:51,1.35,1.35,1.30,1.30,600,167425
20211201,10:53,1.30,1.30,1.30,1.30,50,167425
20211201,10:54,1.30,1.30,1.25,1.30,1525,167700
20211201,10:55,1.30,1.35,1.25,1.25,1450,167700
20211201,10:56,1.25,1.25,1.25,1.25,25,167700
20211201,10:57,1.20,1.25,1.20,1.25,625,167300
20211201,10:58,1.20,1.30,1.20,1.20,925,167300
20211201,10:59,1.20,1.25,1.20,1.25,250,167300
20211201,11:01,1.25,1.25,1.25,1.25,25,166825
20211201,11:02,1.25,1.25,1.25,1.25,25,166825
20211201,11:03,1.20,1.20,1.15,1.20,625,166825
20211201,11:04,1.20,1.20,1.20,1.20,100,166825
20211201,11:05,1.20,1.25,1.15,1.20,1250,166775
20211201,11:06,1.20,1.30,1.20,1.25,425,166775
20211201,11:08,1.25,1.25,1.25,1.25,175,166775
20211201,11:09,1.25,1.25,1.20,1.20,1425,166625
20211201,11:11,1.15,1.20,1.15,1.20,400,166625
20211201,11:12,1.20,1.25,1.20,1.25,725,166775
20211201,11:13,1.20,1.20,1.15,1.15,425,166775
20211201,11:14,1.15,1.15,1.10,1.15,1000,166900
20211201,11:15,1.20,1.20,1.10,1.10,125,166900
20211201,11:16,1.15,1.15,1.15,1.15,50,166900
20211201,11:17,1.10,1.10,1.05,1.05,375,166900
20211201,11:18,1.10,1.10,1.10,1.10,3000,166900
20211201,11:20,1.05,1.05,1.00,1.00,1475,166900
20211201,11:22,0.85,1.00,0.85,0.95,2550,166825
20211201,11:23,1.00,1.05,1.00,1.05,975,166600
20211201,11:25,1.00,1.10,1.00,1.10,575,166600
20211201,11:26,1.10,1.10,1.10,1.10,250,166600
20211201,11:28,1.05,1.10,1.00,1.10,725,166550
20211201,11:30,1.10,1.10,1.10,1.10,25,166700
20211201,11:31,1.10,1.10,1.10,1.10,150,166700
20211201,11:32,1.10,1.10,1.10,1.10,225,166700
20211201,11:33,1.10,1.10,1.10,1.10,75,166700
20211201,11:34,1.05,1.05,1.00,1.00,225,166700
20211201,11:35,1.00,1.00,1.00,1.00,25,166700
20211201,11:36,1.00,1.00,0.95,0.95,275,166575
20211201,11:38,0.95,0.95,0.95,0.95,25,166575
20211201,11:39,0.95,0.95,0.95,0.95,25,166600
20211201,11:40,1.00,1.00,1.00,1.00,575,166600
20211201,11:42,0.95,1.00,0.95,1.00,175,166875
20211201,11:43,1.10,1.10,1.00,1.00,300,166875
20211201,11:44,1.10,1.10,1.10,1.10,75,166875
20211201,11:45,1.05,1.05,1.05,1.05,25,167050
20211201,11:46,1.00,1.00,1.00,1.00,25,167050
20211201,11:49,1.10,1.10,1.10,1.10,1200,167050
20211201,11:51,1.00,1.00,1.00,1.00,150,167075
20211201,11:52,1.05,1.05,1.00,1.00,100,167075
20211201,11:57,1.10,1.15,1.05,1.10,1450,167050
20211201,11:59,1.10,1.10,1.00,1.05,1000,167050
20211201,12:00,1.05,1.05,1.00,1.00,775,166925
20211201,12:01,1.05,1.05,1.05,1.05,25,166925
20211201,12:02,1.00,1.00,1.00,1.00,750,166925
20211201,12:03,1.00,1.00,1.00,1.00,700,166200
20211201,12:04,1.05,1.05,0.95,0.95,100,166200
20211201,12:05,1.00,1.00,1.00,1.00,100,166200
20211201,12:06,1.00,1.00,0.90,0.95,925,166300
20211201,12:07,0.90,0.90,0.90,0.90,225,166300
20211201,12:08,0.90,0.90,0.90,0.90,25,166300
20211201,12:09,0.95,0.95,0.95,0.95,50,166325
20211201,12:10,0.95,0.95,0.90,0.90,450,166325
20211201,12:11,0.90,0.95,0.90,0.90,1650,166325
20211201,12:13,0.90,0.90,0.90,0.90,850,166850
20211201,12:14,0.90,0.90,0.80,0.80,4200,166850
20211201,12:15,0.80,0.85,0.75,0.75,4150,166500
20211201,12:16,0.70,0.70,0.70,0.70,175,166500
20211201,12:18,0.70,0.85,0.70,0.80,200,166425
20211201,12:19,0.85,0.85,0.75,0.80,1525,166425
20211201,12:20,0.75,0.85,0.75,0.85,1400,166425
20211201,12:21,0.85,0.85,0.85,0.85,1250,166400
20211201,12:23,0.85,0.85,0.80,0.80,1400,166400
20211201,12:24,0.80,0.90,0.80,0.85,4900,166375
20211201,12:25,0.80,0.80,0.80,0.80,1200,166375
20211201,12:26,0.70,0.75,0.65,0.70,11575,166375
20211201,12:27,0.75,0.75,0.65,0.65,3550,166150
20211201,12:28,0.70,0.70,0.65,0.70,3875,166150
20211201,12:29,0.70,0.70,0.70,0.70,1075,166150
20211201,12:30,0.70,0.70,0.65,0.65,4050,165250
20211201,12:31,0.70,0.70,0.65,0.65,2400,165250
20211201,12:32,0.70,0.70,0.70,0.70,1325,165250
20211201,12:34,0.70,0.70,0.70,0.70,2000,165250
20211201,12:35,0.70,0.70,0.70,0.70,350,165250
20211201,12:37,0.75,0.75,0.70,0.70,1075,164250
20211201,12:38,0.70,0.70,0.70,0.70,1900,164250
20211201,12:39,0.70,0.70,0.65,0.65,4400,164250
20211201,12:40,0.65,0.70,0.65,0.65,5400,164250
20211201,12:41,0.70,0.70,0.70,0.70,225,164250
20211201,12:42,0.70,0.70,0.65,0.70,1150,163925
20211201,12:43,0.65,0.70,0.65,0.65,2425,163925
20211201,12:44,0.65,0.65,0.65,0.65,25,163925
20211201,12:45,0.70,0.70,0.65,0.65,2475,163950
20211201,12:46,0.65,0.70,0.65,0.70,2750,163950
20211201,12:47,0.70,0.70,0.70,0.70,575,163950
20211201,12:48,0.70,0.70,0.70,0.70,5825,163925
20211201,12:49,0.75,0.75,0.75,0.75,5075,163925
20211201,12:50,0.75,0.80,0.75,0.80,1350,163925
20211201,12:51,0.75,0.75,0.70,0.70,450,163950
20211201,12:53,0.75,0.90,0.75,0.90,11075,163950
20211201,12:54,0.95,0.95,0.85,0.85,3325,163775
20211201,12:55,0.85,0.85,0.85,0.85,50,163775
20211201,12:56,0.85,0.85,0.75,0.75,1000,163775
20211201,12:59,0.75,0.80,0.75,0.75,800,163625
20211201,13:00,0.80,0.80,0.80,0.80,225,163625
20211201,13:01,0.75,0.75,0.75,0.75,200,163625
20211201,13:02,0.75,0.80,0.75,0.80,100,163625
20211201,13:03,0.75,0.80,0.75,0.80,1750,163375
20211201,13:04,0.70,0.70,0.70,0.70,500,163375
20211201,13:05,0.70,0.75,0.70,0.75,700,163375
20211201,13:06,0.70,0.75,0.70,0.70,1600,163325
20211201,13:07,0.70,0.70,0.70,0.70,1000,163325
20211201,13:08,0.70,0.70,0.70,0.70,50,163325
20211201,13:09,0.75,0.75,0.70,0.70,2500,163375
20211201,13:10,0.70,0.70,0.65,0.65,1200,163375
20211201,13:11,0.65,0.70,0.65,0.70,375,163375
20211201,13:12,0.65,0.65,0.65,0.65,1550,163100
20211201,13:13,0.65,0.70,0.65,0.65,2575,163100
20211201,13:15,0.65,0.65,0.65,0.65,1375,161900
20211201,13:22,0.70,0.70,0.70,0.70,25,161900
20211201,13:23,0.65,0.70,0.65,0.70,875,161900
20211201,13:24,0.65,0.70,0.65,0.65,1325,162050
20211201,13:25,0.65,0.65,0.65,0.65,2425,162050
20211201,13:27,0.70,0.70,0.65,0.65,2075,162000
20211201,13:28,0.60,0.60,0.60,0.60,1300,162000
20211201,13:29,0.60,0.60,0.60,0.60,25,162000
20211201,13:30,0.60,0.60,0.60,0.60,700,161375
20211201,13:31,0.60,0.65,0.60,0.60,925,161375
20211201,13:32,0.60,0.60,0.60,0.60,150,161375
20211201,13:33,0.65,0.65,0.65,0.65,275,161375
20211201,13:34,0.65,0.65,0.65,0.65,175,161400
20211201,13:35,0.70,0.70,0.60,0.60,1375,161400
20211201,13:36,0.60,0.60,0.60,0.60,100,161400
20211201,13:39,0.60,0.60,0.60,0.60,1600,161325
20211201,13:41,0.60,0.60,0.60,0.60,25,161325
20211201,13:42,0.65,0.65,0.60,0.60,900,161325
20211201,13:43,0.60,0.60,0.60,0.60,175,161325
20211201,13:44,0.60,0.60,0.60,0.60,225,161325
20211201,13:45,0.65,0.65,0.60,0.60,275,161325
20211201,13:46,0.65,0.65,0.60,0.60,3525,161400
20211201,13:47,0.60,0.65,0.60,0.65,525,161400
20211201,13:48,0.65,0.70,0.60,0.70,875,161500
20211201,13:49,0.65,0.70,0.60,0.60,1000,161500
20211201,13:50,0.60,0.60,0.60,0.60,1675,161500
20211201,13:51,0.70,0.70,0.70,0.70,1125,161525
20211201,13:52,0.70,0.70,0.60,0.60,675,161525
20211201,13:53,0.60,0.65,0.60,0.60,1800,161525
20211201,13:54,0.60,0.65,0.60,0.60,375,161525
20211201,13:55,0.65,0.65,0.60,0.65,1625,161525
20211201,13:56,0.65,0.65,0.60,0.60,2300,161525
20211201,13:57,0.60,0.60,0.60,0.60,900,161725
20211201,13:58,0.60,0.65,0.60,0.65,2575,161725
20211201,13:59,0.60,0.65,0.60,0.60,2175,161725
20211201,14:00,0.65,0.65,0.60,0.60,975,161875
20211201,14:01,0.60,0.65,0.60,0.60,650,161875
20211201,14:02,0.60,0.60,0.60,0.60,75,161875
20211201,14:03,0.65,0.65,0.65,0.65,300,161425
20211201,14:04,0.60,0.60,0.55,0.55,175,161425
20211201,14:05,0.55,0.55,0.55,0.55,3600,161425
20211201,14:06,0.55,0.55,0.55,0.55,100,161425
20211201,14:07,0.55,0.65,0.55,0.65,1025,161375
20211201,14:08,0.60,0.60,0.60,0.60,300,161375
20211201,14:09,0.65,0.65,0.60,0.60,1825,160975
20211201,14:11,0.60,0.60,0.55,0.55,1075,160975
20211201,14:12,0.55,0.60,0.55,0.60,1175,160975
20211201,14:13,0.55,0.55,0.55,0.55,3500,160975
20211201,14:14,0.65,0.65,0.60,0.65,400,160975
20211201,14:15,0.60,0.65,0.60,0.65,1350,161500
20211201,14:16,0.65,0.65,0.60,0.65,1525,161500
20211201,14:17,0.65,0.65,0.60,0.65,750,161500
20211201,14:18,0.60,0.65,0.60,0.65,1025,161475
20211201,14:19,0.65,0.65,0.60,0.65,1300,161475
20211201,14:20,0.65,0.65,0.65,0.65,75,161475
20211201,14:23,0.65,0.70,0.65,0.70,950,161475
20211201,14:24,0.70,0.70,0.65,0.65,2275,161250
20211201,14:25,0.70,0.70,0.70,0.70,2625,161250
20211201,14:26,0.70,0.70,0.70,0.70,1650,161250
20211201,14:27,0.65,0.65,0.65,0.65,1525,161200
20211201,14:28,0.70,0.70,0.65,0.65,1800,161200
20211201,14:29,0.70,0.70,0.70,0.70,300,161200
20211201,14:30,0.65,0.65,0.65,0.65,150,161200
20211201,14:31,0.65,0.65,0.65,0.65,325,161200
20211201,14:32,0.65,0.70,0.65,0.70,175,161200
20211201,14:33,0.70,0.70,0.70,0.70,675,161200
20211201,14:34,0.70,0.70,0.70,0.70,350,161200
20211201,14:35,0.70,0.70,0.70,0.70,200,161200
20211201,14:36,0.70,0.70,0.65,0.65,925,161200
20211201,14:37,0.70,0.70,0.65,0.65,450,161200
20211201,14:38,0.65,0.65,0.65,0.65,100,161200
20211201,14:40,0.65,0.65,0.60,0.60,225,161150
20211201,14:42,0.65,0.65,0.60,0.60,175,161150
20211201,14:43,0.65,0.65,0.60,0.60,400,161150
20211201,14:44,0.60,0.60,0.60,0.60,3200,161150
20211201,14:45,0.60,0.60,0.60,0.60,725,161100
20211201,14:46,0.65,0.65,0.55,0.65,950,161100
20211201,14:47,0.60,0.60,0.55,0.60,6625,161100
20211201,14:48,0.60,0.60,0.55,0.55,3900,161100
20211201,14:49,0.60,0.60,0.60,0.60,2000,161050
20211201,14:50,0.60,0.60,0.55,0.60,1150,161050
20211201,14:51,0.60,0.60,0.55,0.55,2150,161050
20211201,14:52,0.60,0.60,0.55,0.55,1075,159400
20211201,14:53,0.60,0.60,0.55,0.55,800,159400
20211201,14:54,0.60,0.60,0.60,0.60,825,159400
20211201,14:55,0.65,0.65,0.60,0.65,1100,159500
20211201,14:56,0.60,0.65,0.60,0.65,2475,159500
20211201,14:57,0.65,0.65,0.55,0.60,11000,160475
20211201,14:58,0.60,0.60,0.55,0.60,2250,160475
20211201,14:59,0.60,0.60,0.55,0.55,3300,160475
20211201,15:00,0.60,0.60,0.50,0.50,7050,159550
20211201,15:01,0.55,0.55,0.55,0.55,1875,159550
20211201,15:02,0.60,0.60,0.60,0.60,1700,159550
20211201,15:03,0.55,0.60,0.50,0.55,2300,159800
20211201,15:04,0.55,0.55,0.50,0.55,1350,159800
20211201,15:05,0.55,0.55,0.50,0.55,2125,159800
20211201,15:06,0.55,0.60,0.55,0.55,4425,159800
20211201,15:07,0.60,0.60,0.60,0.60,3350,159725
20211201,15:08,0.65,0.65,0.60,0.60,650,159725
20211201,15:09,0.65,0.65,0.65,0.65,600,159350
20211201,15:10,0.65,0.65,0.60,0.60,2325,159350
20211201,15:11,0.60,0.70,0.60,0.60,2575,159350
20211201,15:12,0.60,0.65,0.60,0.65,950,159350
20211201,15:13,0.60,0.65,0.60,0.65,975,159300
20211201,15:14,0.65,0.65,0.60,0.60,3225,159300
20211201,15:15,0.60,0.75,0.60,0.70,5050,159250
20211201,15:16,0.70,0.70,0.65,0.65,1450,159250
20211201,15:17,0.60,0.65,0.60,0.65,250,159250
20211201,15:18,0.65,0.65,0.65,0.65,100,159250
20211201,15:20,0.65,0.70,0.60,0.70,5450,159100
20211201,15:21,0.70,0.70,0.60,0.60,4225,159100
20211201,15:22,0.65,0.65,0.60,0.60,2025,159000
20211201,15:23,0.65,0.65,0.60,0.60,525,159000
20211201,15:24,0.60,0.65,0.60,0.65,800,159000
20211201,15:25,0.65,0.65,0.50,0.60,21925,159000
20211201,15:26,0.60,0.60,0.55,0.60,1600,159000
20211201,15:27,0.55,0.60,0.55,0.60,7500,159000
20211201,15:28,0.60,0.60,0.55,0.55,5300,158975
20211201,15:29,0.55,0.60,0.55,0.55,9100,158975
20211202,09:15,0.65,0.80,0.15,0.60,8026,158650
20211202,09:16,0.60,0.65,0.30,0.45,6950,158650
20211202,09:17,0.40,0.55,0.35,0.55,3600,158650
20211202,09:18,0.50,0.80,0.35,0.60,4300,158650
20211202,09:19,0.55,0.70,0.55,0.60,1200,158650
20211202,09:20,0.70,0.80,0.55,0.80,1450,156100
20211202,09:21,0.65,0.65,0.45,0.45,2025,156100
20211202,09:22,0.60,0.70,0.50,0.55,2575,156100
20211202,09:23,0.55,0.80,0.45,0.80,4550,154700
20211202,09:24,0.80,0.80,0.60,0.60,1975,154700
20211202,09:25,0.50,0.70,0.45,0.45,1750,154700
20211202,09:26,0.45,0.55,0.45,0.55,1025,154550
20211202,09:27,0.50,0.65,0.50,0.65,800,154550
20211202,09:28,0.50,0.60,0.45,0.50,1325,154550
20211202,09:29,0.60,0.65,0.45,0.65,1650,154575
20211202,09:30,0.55,0.70,0.45,0.70,375,154575
20211202,09:31,0.50,0.70,0.45,0.70,1525,154575
20211202,09:32,0.65,0.65,0.65,0.65,250,154650
20211202,09:33,0.80,0.80,0.65,0.65,725,154650
20211202,09:34,0.75,0.75,0.65,0.65,125,154650
20211202,09:35,0.70,0.70,0.70,0.70,100,154650
20211202,09:36,0.80,0.80,0.70,0.70,375,154625
20211202,09:37,0.75,0.75,0.70,0.70,150,154625
20211202,09:38,0.60,0.65,0.60,0.65,400,154725
20211202,09:39,0.65,0.65,0.65,0.65,300,154725
20211202,09:40,0.60,0.60,0.55,0.55,175,154725
20211202,09:41,0.70,0.70,0.55,0.55,1125,154725
20211202,09:42,0.70,0.70,0.70,0.70,100,154975
20211202,09:44,0.70,0.70,0.55,0.55,175,154900
20211202,09:45,0.70,0.70,0.55,0.55,950,154900
20211202,09:46,0.70,0.70,0.55,0.55,1625,154900
20211202,09:47,0.55,0.65,0.55,0.55,1050,154900
20211202,09:48,0.60,0.60,0.55,0.55,250,154550
20211202,09:49,0.50,0.50,0.50,0.50,75,154550
20211202,09:50,0.50,0.50,0.50,0.50,500,154550
20211202,09:52,0.45,0.45,0.45,0.45,50,154550
20211202,09:53,0.50,0.50,0.50,0.50,75,154550
20211202,09:54,0.50,0.50,0.50,0.50,350,154550
20211202,09:55,0.50,0.60,0.50,0.60,1200,154550
20211202,09:56,0.60,0.60,0.55,0.55,375,154800
20211202,09:57,0.60,0.60,0.55,0.60,150,154800
20211202,09:59,0.50,0.50,0.45,0.50,1350,154750
20211202,10:00,0.50,0.55,0.50,0.55,450,154750
20211202,10:01,0.45,0.60,0.45,0.50,1650,154750
20211202,10:02,0.45,0.50,0.45,0.50,1675,154750
20211202,10:03,0.50,0.50,0.50,0.50,1450,154750
20211202,10:05,0.55,0.55,0.55,0.55,850,154800
20211202,10:06,0.65,0.65,0.65,0.65,350,154800
20211202,10:07,0.45,0.55,0.45,0.55,300,154800
20211202,10:09,0.55,0.55,0.55,0.55,50,154750
20211202,10:10,0.50,0.60,0.50,0.60,650,154750
20211202,10:11,0.55,0.60,0.45,0.55,800,154650
20211202,10:12,0.55,0.55,0.50,0.50,2125,154650
20211202,10:13,0.60,0.60,0.60,0.60,675,154650
20211202,10:14,0.55,0.55,0.50,0.50,400,154650
20211202,10:15,0.50,0.60,0.50,0.55,2750,154750
20211202,10:16,0.50,0.50,0.40,0.50,4200,154750
20211202,10:17,0.50,0.50,0.50,0.50,400,154750
20211202,10:18,0.45,0.45,0.40,0.40,4000,154850
20211202,10:19,0.45,0.45,0.40,0.40,5850,154850
20211202,10:20,0.50,0.50,0.35,0.35,2900,154475
20211202,10:21,0.45,0.45,0.45,0.45,25,154475
20211202,10:22,0.45,0.45,0.45,0.45,600,154475
20211202,10:24,0.45,0.45,0.40,0.45,925,154475
20211202,10:25,0.40,0.45,0.40,0.45,700,154475
20211202,10:26,0.40,0.40,0.40,0.40,675,154475
20211202,10:27,0.40,0.45,0.40,0.45,900,154475
20211202,10:28,0.40,0.45,0.40,0.45,1675,154475
20211202,10:29,0.45,0.45,0.45,0.45,25,154475
20211202,10:30,0.45,0.45,0.35,0.35,4450,154575
20211202,10:31,0.40,0.40,0.30,0.35,1150,154575
20211202,10:32,0.35,0.40,0.35,0.40,1175,154475
20211202,10:33,0.30,0.40,0.30,0.40,3225,154475
20211202,10:34,0.40,0.45,0.35,0.35,3675,154475
20211202,10:35,0.35,0.45,0.35,0.40,1175,154475
20211202,10:36,0.40,0.45,0.40,0.45,225,154750
20211202,10:37,0.45,0.45,0.40,0.40,125,154750
20211202,10:39,0.40,0.40,0.40,0.40,725,154750
20211202,10:40,0.40,0.40,0.40,0.40,50,154750
20211202,10:41,0.40,0.40,0.40,0.40,325,154750
20211202,10:42,0.40,0.40,0.40,0.40,100,154700
20211202,10:43,0.40,0.40,0.40,0.40,800,154700
20211202,10:44,0.40,0.40,0.30,0.40,1675,154550
20211202,10:45,0.40,0.40,0.40,0.40,1175,154550
20211202,10:46,0.40,0.40,0.40,0.40,1200,154550
20211202,10:47,0.40,0.40,0.40,0.40,600,154600
20211202,10:48,0.40,0.40,0.35,0.40,2800,154600
20211202,10:49,0.40,0.40,0.40,0.40,50,154600
20211202,10:50,0.40,0.40,0.40,0.40,250,154600
20211202,10:51,0.40,0.40,0.40,0.40,1050,154650
20211202,10:52,0.40,0.40,0.40,0.40,3275,154650
20211202,10:53,0.40,0.40,0.35,0.35,2625,154600
20211202,10:54,0.40,0.40,0.35,0.40,250,154600
20211202,10:55,0.40,0.40,0.35,0.35,1800,154600
20211202,10:56,0.35,0.35,0.35,0.35,300,155075
20211202,10:57,0.35,0.40,0.35,0.40,1475,155075
20211202,10:58,0.40,0.40,0.40,0.40,50,155075
20211202,10:59,0.35,0.35,0.35,0.35,450,155075
20211202,11:00,0.40,0.40,0.40,0.40,400,154625
20211202,11:01,0.35,0.35,0.35,0.35,75,154625
20211202,11:02,0.40,0.40,0.35,0.35,900,154625
20211202,11:03,0.35,0.35,0.35,0.35,825,154625
20211202,11:04,0.35,0.35,0.35,0.35,525,154625
20211202,11:05,0.35,0.35,0.30,0.30,1875,154625
20211202,11:06,0.30,0.30,0.30,0.30,50,154575
20211202,11:07,0.35,0.35,0.35,0.35,1200,154575
20211202,11:08,0.30,0.35,0.30,0.35,150,154575
20211202,11:10,0.30,0.30,0.30,0.30,900,154675
20211202,11:11,0.30,0.30,0.30,0.30,825,154675
20211202,11:12,0.30,0.35,0.25,0.30,2450,154650
20211202,11:13,0.30,0.30,0.25,0.30,825,154650
20211202,11:14,0.30,0.30,0.25,0.30,725,154650
20211202,11:15,0.30,0.35,0.30,0.35,600,154850
20211202,11:16,0.35,0.35,0.30,0.30,775,154850
20211202,11:18,0.30,0.30,0.30,0.30,1350,154425
20211202,11:20,0.30,0.35,0.30,0.30,2550,154425
20211202,11:21,0.35,0.35,0.35,0.35,3175,154375
20211202,11:22,0.35,0.35,0.35,0.35,350,154375
20211202,11:24,0.40,0.40,0.35,0.35,1075,154375
20211202,11:25,0.35,0.35,0.35,0.35,200,154375
20211202,11:26,0.30,0.30,0.30,0.30,25,154375
20211202,11:27,0.30,0.30,0.30,0.30,300,154375
20211202,11:28,0.30,0.30,0.30,0.30,75,154375
20211202,11:29,0.30,0.35,0.30,0.35,750,154375
20211202,11:30,0.35,0.35,0.30,0.30,1800,154375
20211202,11:31,0.30,0.30,0.30,0.30,350,154375
20211202,11:32,0.35,0.35,0.30,0.35,2625,154375
20211202,11:33,0.35,0.35,0.30,0.30,3450,154375
20211202,11:34,0.30,0.35,0.30,0.30,3100,154375
20211202,11:35,0.30,0.30,0.30,0.30,1500,154375
20211202,11:36,0.30,0.35,0.30,0.35,3925,154475
20211202,11:37,0.35,0.35,0.30,0.35,550,154475
20211202,11:38,0.35,0.40,0.35,0.35,2075,154475
20211202,11:39,0.35,0.35,0.35,0.35,950,153750
20211202,11:40,0.40,0.40,0.40,0.40,25,153750
20211202,11:41,0.40,0.40,0.35,0.35,500,153750
20211202,11:42,0.35,0.35,0.35,0.35,150,152400
20211202,11:43,0.35,0.35,0.35,0.35,25,152400
20211202,11:44,0.30,0.30,0.30,0.30,300,152400
20211202,11:45,0.30,0.30,0.30,0.30,1075,152400
20211202,11:46,0.35,0.35,0.35,0.35,1000,152400
20211202,11:48,0.30,0.35,0.25,0.25,375,152425
20211202,11:49,0.30,0.30,0.25,0.25,1225,152425
20211202,11:51,0.25,0.25,0.25,0.25,725,152425
20211202,11:52,0.25,0.25,0.25,0.25,500,152400
20211202,11:53,0.25,0.25,0.25,0.25,1125,152400
20211202,11:54,0.30,0.30,0.25,0.30,375,152475
20211202,11:55,0.25,0.30,0.25,0.30,3325,152475
20211202,11:56,0.25,0.30,0.25,0.30,100,152475
20211202,11:57,0.25,0.25,0.25,0.25,25,152425
20211202,11:58,0.30,0.30,0.30,0.30,50,152425
20211202,12:00,0.30,0.30,0.30,0.30,1450,152425
20211202,12:03,0.30,0.30,0.30,0.30,50,152475
20211202,12:04,0.30,0.30,0.30,0.30,150,152475
20211202,12:05,0.30,0.30,0.30,0.30,450,152475
20211202,12:06,0.30,0.30,0.30,0.30,125,152300
20211202,12:08,0.35,0.35,0.35,0.35,800,152300
20211202,12:10,0.30,0.30,0.30,0.30,75,152350
20211202,12:11,0.30,0.30,0.30,0.30,150,152350
20211202,12:12,0.30,0.30,0.30,0.30,225,152350
20211202,12:13,0.30,0.35,0.30,0.35,750,152350
20211202,12:14,0.30,0.30,0.30,0.30,975,152350
20211202,12:15,0.30,0.35,0.30,0.30,2575,152375
20211202,12:16,0.25,0.25,0.25,0.25,75,152375
20211202,12:17,0.25,0.25,0.25,0.25,25,152375
20211202,12:18,0.25,0.25,0.25,0.25,125,152325
20211202,12:19,0.30,0.30,0.25,0.25,275,152325
20211202,12:20,0.30,0.30,0.25,0.25,1925,152325
20211202,12:21,0.25,0.30,0.25,0.25,5375,152525
20211202,12:22,0.25,0.25,0.25,0.25,2525,152525
20211202,12:23,0.30,0.30,0.30,0.30,2400,152525
20211202,12:24,0.25,0.30,0.25,0.30,2750,152500
20211202,12:25,0.30,0.30,0.25,0.30,2125,152500
20211202,12:26,0.25,0.30,0.25,0.30,375,152500
20211202,12:27,0.30,0.30,0.25,0.30,2200,152500
20211202,12:28,0.25,0.30,0.25,0.30,50,152500
20211202,12:29,0.30,0.35,0.30,0.35,2750,152500
20211202,12:30,0.30,0.35,0.30,0.35,1225,152650
20211202,12:31,0.45,0.45,0.30,0.30,3225,152650
20211202,12:32,0.30,0.30,0.30,0.30,225,152650
20211202,12:35,0.30,0.30,0.30,0.30,50,152750
20211202,12:36,0.25,0.30,0.25,0.30,1175,152700
20211202,12:37,0.25,0.25,0.25,0.25,1200,152700
20211202,12:38,0.25,0.30,0.25,0.30,2675,152700
20211202,12:39,0.30,0.30,0.30,0.30,700,152750
20211202,12:40,0.30,0.30,0.25,0.25,400,152750
20211202,12:41,0.25,0.25,0.25,0.25,250,152750
20211202,12:42,0.25,0.25,0.25,0.25,300,152650
20211202,12:43,0.30,0.30,0.30,0.30,25,152650
20211202,12:44,0.30,0.30,0.30,0.30,50,152650
20211202,12:45,0.30,0.30,0.30,0.30,1000,152650
20211202,12:47,0.25,0.25,0.25,0.25,1500,152650
20211202,12:48,0.25,0.25,0.25,0.25,25,152650
20211202,12:50,0.25,0.25,0.25,0.25,50,152650
20211202,12:51,0.25,0.30,0.25,0.30,725,152650
20211202,12:52,0.30,0.30,0.25,0.25,1275,152650
20211202,12:53,0.25,0.25,0.25,0.25,475,152650
20211202,12:54,0.30,0.30,0.25,0.25,100,152650
20211202,12:55,0.25,0.25,0.25,0.25,75,152650
20211202,12:58,0.25,0.25,0.25,0.25,75,152650
20211202,12:59,0.25,0.25,0.25,0.25,3150,152650
20211202,13:00,0.25,0.25,0.20,0.20,550,152600
20211202,13:01,0.20,0.20,0.20,0.20,25,152600
20211202,13:03,0.20,0.20,0.20,0.20,2250,152600
20211202,13:04,0.20,0.20,0.20,0.20,800,152600
20211202,13:05,0.20,0.20,0.20,0.20,2025,152600
20211202,13:07,0.25,0.25,0.25,0.25,75,152600
20211202,13:08,0.20,0.20,0.20,0.20,2525,152600
20211202,13:09,0.25,0.25,0.15,0.15,6925,152600
20211202,13:12,0.15,0.20,0.15,0.15,3150,152300
20211202,13:14,0.15,0.15,0.15,0.15,650,152300
20211202,13:15,0.20,0.20,0.20,0.20,2050,152400
20211202,13:17,0.15,0.15,0.15,0.15,25,152400
20211202,13:18,0.20,0.25,0.20,0.25,10775,152400
20211202,13:19,0.25,0.25,0.25,0.25,325,152400
20211202,13:20,0.25,0.25,0.25,0.25,225,152400
20211202,13:21,0.20,0.25,0.20,0.25,800,152225
20211202,13:22,0.25,0.25,0.25,0.25,25,152225
20211202,13:23,0.20,0.20,0.20,0.20,900,152225
20211202,13:24,0.20,0.20,0.20,0.20,1200,152225
20211202,13:25,0.15,0.15,0.15,0.15,25,152225
20211202,13:28,0.15,0.20,0.15,0.20,4150,152225
20211202,13:29,0.15,0.20,0.15,0.15,1650,152225
20211202,13:30,0.15,0.20,0.15,0.20,2100,152000
20211202,13:31,0.25,0.25,0.25,0.25,25,152000
20211202,13:32,0.25,0.25,0.25,0.25,200,152000
20211202,13:33,0.20,0.20,0.20,0.20,1175,152000
20211202,13:35,0.20,0.25,0.20,0.20,3025,152375
20211202,13:36,0.20,0.20,0.20,0.20,125,152250
20211202,13:37,0.20,0.20,0.20,0.20,200,152250
20211202,13:38,0.20,0.25,0.20,0.20,1450,152250
20211202,13:39,0.25,0.25,0.25,0.25,200,152250
20211202,13:40,0.25,0.25,0.20,0.20,425,152250
20211202,13:42,0.15,0.15,0.15,0.15,50,152200
20211202,13:47,0.20,0.20,0.20,0.20,25,152200
20211202,13:48,0.15,0.15,0.15,0.15,200,152200
20211202,13:49,0.15,0.20,0.15,0.15,1325,152200
20211202,13:50,0.15,0.20,0.15,0.15,2575,152200
20211202,13:51,0.15,0.15,0.15,0.15,1300,152200
20211202,13:52,0.15,0.15,0.15,0.15,250,152200
20211202,13:54,0.15,0.15,0.10,0.10,225,152100
20211202,13:55,0.10,0.15,0.10,0.15,600,152100
20211202,13:56,0.15,0.15,0.10,0.10,3900,152100
20211202,13:58,0.10,0.10,0.10,0.10,300,152150
20211202,14:00,0.15,0.15,0.10,0.10,5325,152175
20211202,14:01,0.10,0.15,0.10,0.15,2900,152175
20211202,14:02,0.15,0.35,0.10,0.15,7925,152175
20211202,14:03,0.10,0.20,0.10,0.15,2675,151975
20211202,14:04,0.15,0.15,0.10,0.15,2600,151975
20211202,14:05,0.15,0.15,0.15,0.15,25,151975
20211202,14:06,0.10,0.10,0.10,0.10,375,151975
20211202,14:07,0.15,0.15,0.15,0.15,1200,151975
20211202,14:08,0.10,0.20,0.10,0.10,3975,151975
20211202,14:09,0.10,0.10,0.10,0.10,2700,151975
20211202,14:10,0.10,0.20,0.10,0.15,2225,151975
20211202,14:11,0.20,0.25,0.20,0.25,1400,151975
20211202,14:12,0.15,0.15,0.15,0.15,200,151975
20211202,14:13,0.15,0.15,0.15,0.15,50,151975
20211202,14:14,0.15,0.15,0.15,0.15,50,152025
20211202,14:15,0.15,0.15,0.15,0.15,1400,152025
20211202,14:16,0.15,0.15,0.15,0.15,25,152025
20211202,14:17,0.15,0.15,0.15,0.15,125,152025
20211202,14:18,0.15,0.15,0.15,0.15,50,152025
20211202,14:19,0.15,0.15,0.15,0.15,125,152025
20211202,14:20,0.15,0.15,0.15,0.15,50,152025
20211202,14:21,0.15,0.15,0.10,0.10,175,152025
20211202,14:23,0.15,0.15,0.15,0.15,475,152025
20211202,14:24,0.10,0.15,0.10,0.15,325,152025
20211202,14:25,0.10,0.10,0.10,0.10,100,152025
20211202,14:27,0.10,0.10,0.10,0.10,100,152025
20211202,14:28,0.10,0.10,0.10,0.10,250,152025
20211202,14:29,0.10,0.15,0.10,0.15,1700,152025
20211202,14:34,0.10,0.10,0.10,0.10,150,152150
20211202,14:35,0.10,0.10,0.10,0.10,1000,152150
20211202,14:37,0.10,0.10,0.10,0.10,25,152150
20211202,14:38,0.15,0.15,0.10,0.10,1550,152150
20211202,14:40,0.15,0.15,0.10,0.10,50,152150
20211202,14:47,0.10,0.10,0.10,0.10,250,152150
20211202,14:48,0.10,0.10,0.10,0.10,50,152150
20211202,14:51,0.10,0.15,0.10,0.10,5375,152150
20211202,14:57,0.15,0.15,0.15,0.15,100,152150
20211202,14:59,0.10,0.10,0.10,0.10,325,152150
20211202,15:00,0.05,0.05,0.05,0.05,1250,151825
20211202,15:01,0.05,0.05,0.05,0.05,1025,151825
20211202,15:03,0.05,0.05,0.05,0.05,850,151825
20211202,15:04,0.05,0.05,0.05,0.05,1475,151825
20211202,15:06,0.05,0.05,0.05,0.05,25,151825
20211202,15:09,0.05,0.05,0.05,0.05,1000,151825
20211202,15:12,0.05,0.05,0.05,0.05,750,151825
20211202,15:13,0.05,0.05,0.05,0.05,75,151825
20211202,15:21,0.05,0.05,0.05,0.05,275,151825
20211202,15:22,0.05,0.05,0.05,0.05,200,151825
20211202,15:24,0.05,0.05,0.05,0.05,2275,151825
20211202,15:27,0.05,0.05,0.05,0.05,25,151825
20211202,15:28,0.05,0.05,0.05,0.05,50,151825
