20220519,09:19,929.85,929.85,929.85,929.85,51,50
20220519,11:24,912.65,912.65,912.65,912.65,50,50
20220519,14:50,912.65,912.65,912.65,912.65,50,100
20220519,15:02,1047.50,1047.50,1047.50,1047.50,25,50
20220519,15:26,981.45,981.45,981.45,981.45,25,50
20220520,09:15,750.05,750.40,750.00,750.40,102,75
20220520,09:16,750.40,750.40,750.40,750.40,25,75
20220520,09:19,687.65,687.65,687.65,687.65,25,150
20220520,09:23,687.65,690.00,687.65,690.00,50,150
20220520,09:24,675.00,675.00,675.00,675.00,25,150
20220520,09:25,672.85,672.85,672.85,672.85,25,150
20220520,09:29,672.85,672.85,672.85,672.85,25,150
20220520,09:31,670.00,670.00,670.00,670.00,25,150
20220520,09:40,663.95,663.95,660.00,660.00,50,175
20220520,09:46,636.00,636.00,636.00,636.00,25,200
20220520,09:47,626.00,626.00,626.00,626.00,25,225
20220520,09:52,620.00,620.00,620.00,620.00,25,225
20220520,09:58,603.90,603.90,603.90,603.90,100,250
20220520,09:59,603.90,603.90,603.90,603.90,25,350
20220520,11:05,601.00,601.00,601.00,601.00,50,375
20220520,11:20,601.00,601.00,601.00,601.00,25,425
20220520,11:48,600.00,600.00,600.00,600.00,25,425
20220520,12:03,600.00,600.00,600.00,600.00,25,450
20220520,12:08,650.00,650.00,650.00,650.00,25,425
20220520,12:09,660.00,660.00,660.00,660.00,25,400
20220520,12:15,660.00,660.00,660.00,660.00,25,375
20220520,12:20,665.95,665.95,665.95,665.95,25,375
20220520,12:30,630.00,636.40,630.00,636.40,725,400
20220520,12:35,656.65,656.65,656.65,656.65,25,850
20220520,12:36,630.00,630.00,630.00,630.00,25,875
20220520,12:45,610.00,610.00,610.00,610.00,25,900
20220520,12:59,600.00,600.00,600.00,600.00,50,900
20220520,13:05,580.00,580.00,580.00,580.00,25,900
20220520,13:07,560.05,560.05,560.05,560.05,25,900
20220520,13:08,560.00,560.00,560.00,560.00,50,900
20220520,13:17,557.00,557.00,557.00,557.00,50,875
20220520,13:19,556.25,556.25,556.25,556.25,50,875
20220520,13:35,561.00,561.00,561.00,561.00,25,825
20220520,13:40,562.00,562.00,562.00,562.00,25,850
20220520,13:47,575.00,575.00,575.00,575.00,25,875
20220520,13:58,575.00,575.00,575.00,575.00,25,900
20220520,14:15,540.00,540.00,540.00,540.00,25,875
20220520,14:58,518.95,518.95,518.95,518.95,25,900
20220520,15:05,518.95,518.95,518.95,518.95,25,925
20220520,15:20,542.05,542.05,542.05,542.05,25,925
20220520,15:25,548.00,548.00,548.00,548.00,25,925
20220520,15:28,521.95,521.95,520.00,520.00,50,950
20220523,09:16,460.05,460.05,460.00,460.00,77,1000
20220523,09:19,515.90,515.90,515.90,515.90,25,1025
20220523,09:21,530.00,530.00,530.00,530.00,50,1000
20220523,09:26,530.00,530.00,530.00,530.00,725,975
20220523,09:29,498.00,498.00,498.00,498.00,25,975
20220523,09:34,497.65,500.20,497.65,500.20,100,825
20220523,09:42,480.00,480.00,470.00,470.00,50,725
20220523,09:52,436.80,436.80,436.80,436.80,25,775
20220523,10:04,436.80,436.80,436.80,436.80,25,775
20220523,10:18,427.00,427.00,427.00,427.00,250,800
20220523,10:22,427.00,427.00,427.00,427.00,50,1025
20220523,10:24,443.55,443.55,443.55,443.55,25,1075
20220523,10:25,443.35,443.35,443.35,443.35,25,1075
20220523,10:34,432.00,432.00,432.00,432.00,25,1075
20220523,10:57,420.00,420.00,420.00,420.00,25,1100
20220523,11:19,405.00,405.00,405.00,405.00,25,1100
20220523,11:21,405.00,405.00,405.00,405.00,25,1100
20220523,11:24,407.50,407.50,407.50,407.50,25,1150
20220523,11:27,403.00,403.00,403.00,403.00,100,1150
20220523,11:41,400.00,400.00,400.00,400.00,50,1150
20220523,12:08,391.00,391.00,391.00,391.00,75,1150
20220523,12:09,391.00,391.00,391.00,391.00,25,1200
20220523,12:12,403.55,403.55,403.55,403.55,75,1175
20220523,12:13,400.55,400.55,397.25,397.25,100,1175
20220523,12:23,391.05,391.05,391.05,391.05,25,1075
20220523,12:34,398.45,398.45,398.45,398.45,25,1100
20220523,12:35,400.00,400.00,400.00,400.00,400,1100
20220523,12:47,415.45,415.45,415.45,415.45,25,1100
20220523,14:02,460.95,460.95,460.95,460.95,25,1100
20220523,14:03,463.35,463.35,463.35,463.35,50,1100
20220523,14:04,480.00,480.00,480.00,480.00,25,1100
20220523,14:06,490.00,500.00,490.00,496.90,100,1150
20220523,14:08,468.05,468.05,468.05,468.05,25,1150
20220523,14:14,502.75,502.75,502.75,502.75,75,1150
20220523,14:16,495.90,495.90,495.90,495.90,25,1200
20220523,14:18,478.10,481.55,478.10,481.55,100,1200
20220523,14:19,484.05,490.00,484.05,490.00,50,1200
20220523,14:20,482.55,488.55,482.55,488.55,50,1200
20220523,14:23,477.00,477.00,477.00,477.00,50,1150
20220523,14:28,480.30,480.30,480.30,480.30,125,1125
20220523,14:34,509.50,509.50,509.50,509.50,25,1125
20220523,14:35,500.00,500.00,500.00,500.00,25,1125
20220523,14:36,510.65,510.65,510.65,510.65,50,1125
20220523,14:37,506.65,506.65,506.65,506.65,25,1200
20220523,14:39,506.60,506.60,506.60,506.60,25,1175
20220523,14:40,501.45,501.45,501.45,501.45,50,1175
20220523,14:41,490.40,490.40,490.40,490.40,25,1175
20220523,15:04,530.00,530.00,530.00,530.00,50,1150
20220523,15:08,519.20,519.20,519.20,519.20,75,1150
20220523,15:12,528.85,528.85,528.85,528.85,25,1200
20220523,15:13,540.00,540.00,540.00,540.00,25,1200
20220523,15:14,550.00,550.00,550.00,550.00,50,1200
20220523,15:25,591.25,591.25,591.25,591.25,25,1200
20220523,15:29,591.25,591.25,591.25,591.25,50,1175
20220524,09:21,500.00,500.00,500.00,500.00,26,1150
20220524,09:23,480.00,480.00,480.00,480.00,25,1150
20220524,09:25,480.00,480.00,480.00,480.00,25,1125
20220524,09:27,481.05,481.05,481.05,481.05,25,1125
20220524,09:28,506.00,506.00,506.00,506.00,50,1125
20220524,09:29,506.00,506.00,506.00,506.00,25,1150
20220524,10:02,530.05,530.05,530.05,530.05,25,1150
20220524,10:09,530.05,530.05,530.05,530.05,25,1150
20220524,10:36,500.05,500.05,500.00,500.00,50,1150
20220524,11:14,524.50,524.50,524.50,524.50,25,1150
20220524,11:21,530.00,530.00,530.00,530.00,25,1175
20220524,11:41,500.00,500.00,500.00,500.00,25,1150
20220524,11:43,478.85,478.85,478.85,478.85,25,1150
20220524,11:50,470.00,470.00,470.00,470.00,25,1150
20220524,11:55,450.00,450.00,450.00,450.00,25,1150
20220524,12:04,450.00,450.00,450.00,450.00,25,1150
20220524,12:11,500.00,500.00,500.00,500.00,25,1150
20220524,12:12,495.00,495.00,495.00,495.00,25,1150
20220524,12:38,479.95,479.95,479.95,479.95,25,1150
20220524,12:42,472.55,472.55,472.55,472.55,25,1150
20220524,12:53,450.00,450.00,450.00,450.00,25,1150
20220524,13:05,449.85,449.85,449.85,449.85,25,1150
20220524,13:07,449.85,449.85,449.85,449.85,25,1150
20220524,13:08,500.00,500.00,500.00,500.00,25,1150
20220524,13:09,500.00,500.00,500.00,500.00,25,1150
20220524,13:23,514.00,514.00,514.00,514.00,75,1175
20220524,14:08,512.05,512.05,512.05,512.05,25,1125
20220524,14:27,560.00,560.00,560.00,560.00,200,1125
20220524,14:29,560.00,560.00,560.00,560.00,200,1125
20220524,14:56,560.00,560.00,560.00,560.00,25,750
20220524,15:00,491.00,491.00,491.00,491.00,50,725
20220524,15:25,552.00,552.00,552.00,552.00,25,725
20220524,15:26,521.40,521.40,521.40,521.40,50,725
20220525,09:18,396.35,396.35,396.35,396.35,26,725
20220525,09:19,371.55,371.55,371.55,371.55,25,725
20220525,09:20,371.55,371.55,371.55,371.55,100,725
20220525,09:22,377.00,377.00,377.00,377.00,25,800
20220525,09:23,381.00,381.00,381.00,381.00,25,800
20220525,09:24,379.00,379.00,379.00,379.00,25,850
20220525,09:25,375.00,375.00,375.00,375.00,25,850
20220525,09:27,389.50,389.50,389.50,389.50,25,850
20220525,09:29,378.95,378.95,378.95,378.95,25,875
20220525,09:32,380.45,380.45,380.45,380.45,25,875
20220525,09:35,380.45,380.45,380.45,380.45,50,875
20220525,09:36,376.55,376.55,376.55,376.55,25,900
20220525,09:43,390.00,390.00,390.00,390.00,25,925
20220525,09:49,391.45,391.45,391.45,391.45,25,925
20220525,10:27,393.50,393.50,393.50,393.50,75,925
20220525,10:35,383.05,383.05,383.05,383.05,125,975
20220525,10:36,380.40,380.40,380.40,380.40,25,975
20220525,10:39,385.95,385.95,385.95,385.95,25,975
20220525,10:43,380.05,380.05,380.05,380.05,425,975
20220525,10:44,383.20,383.20,383.20,383.20,150,975
20220525,10:45,380.00,380.00,380.00,380.00,50,1350
20220525,10:49,376.95,376.95,376.95,376.95,25,1400
20220525,10:53,386.00,386.00,386.00,386.00,25,1400
20220525,10:54,390.55,390.55,386.05,386.05,50,1400
20220525,10:59,382.55,382.55,382.55,382.55,25,1425
20220525,11:02,389.95,389.95,389.95,389.95,25,1450
20220525,11:05,391.55,391.55,391.55,391.55,25,1450
20220525,11:07,387.55,387.55,387.55,387.55,25,1475
20220525,11:14,376.05,376.05,376.05,376.05,25,1475
20220525,11:15,376.55,376.55,376.55,376.55,25,1475
20220525,11:16,386.50,395.00,386.50,395.00,100,1475
20220525,11:31,396.50,396.50,396.50,396.50,50,1550
20220525,11:46,403.00,403.00,403.00,403.00,25,1500
20220525,11:53,420.55,420.55,420.55,420.55,25,1475
20220525,12:01,422.95,422.95,422.95,422.95,25,1475
20220525,12:06,422.95,422.95,422.95,422.95,25,1450
20220525,12:27,420.00,420.00,420.00,420.00,25,1450
20220525,12:41,406.45,406.45,406.45,406.45,25,1425
20220525,12:52,444.95,444.95,444.95,444.95,50,1400
20220525,13:01,445.45,445.45,445.45,445.45,25,1375
20220525,13:12,445.45,445.45,445.45,445.45,25,1350
20220525,14:21,420.45,420.45,420.45,420.45,425,1325
20220525,14:22,406.75,406.75,406.75,406.75,150,1325
20220525,14:31,430.00,430.00,430.00,430.00,25,1250
20220525,14:51,443.55,443.55,443.55,443.55,25,1250
20220525,14:56,465.75,465.75,465.75,465.75,100,1250
20220525,15:04,465.75,465.75,465.75,465.75,50,1200
20220525,15:08,463.25,463.25,463.25,463.25,25,1200
20220525,15:11,461.05,461.05,461.05,461.05,25,1225
20220525,15:22,475.45,475.45,475.45,475.45,75,1250
20220526,09:17,363.05,363.05,363.00,363.00,77,1250
20220526,09:22,362.30,366.60,362.30,366.60,75,1225
20220526,09:24,366.60,366.60,363.20,363.20,50,1150
20220526,09:26,363.20,363.20,363.05,363.05,475,1150
20220526,09:30,355.00,355.00,355.00,355.00,25,875
20220526,09:32,355.00,355.00,355.00,355.00,50,875
20220526,09:36,371.00,371.00,371.00,371.00,25,875
20220526,09:48,379.05,379.05,373.10,373.10,200,900
20220526,09:51,377.00,377.00,375.15,375.15,50,1000
20220526,09:53,372.50,372.50,369.95,369.95,50,1000
20220526,09:54,368.35,368.45,368.35,368.45,100,1075
20220526,09:57,361.00,361.00,361.00,361.00,75,1175
20220526,09:58,365.35,365.35,365.35,365.35,25,1175
20220526,10:00,367.30,367.30,367.30,367.30,25,1225
20220526,10:18,372.00,372.00,372.00,372.00,75,1225
20220526,10:20,369.00,369.00,369.00,369.00,25,1225
20220526,10:21,368.90,368.90,368.90,368.90,25,1300
20220526,10:22,368.85,368.85,368.85,368.85,25,1300
20220526,10:28,379.95,379.95,379.95,379.95,25,1350
20220526,10:31,389.00,389.00,389.00,389.00,75,1375
20220526,11:06,407.55,407.55,407.55,407.55,25,1400
20220526,11:22,412.30,412.30,412.30,412.30,25,1400
20220526,11:32,412.30,412.30,412.30,412.30,50,1400
20220526,12:53,360.00,360.00,360.00,360.00,150,1425
20220526,13:03,328.00,328.00,328.00,328.00,75,1525
20220526,13:04,320.00,320.00,320.00,320.00,25,1600
20220526,13:05,320.00,320.00,320.00,320.00,75,1600
20220526,13:10,322.05,322.05,322.05,322.05,125,1575
20220526,13:11,325.05,325.05,325.05,325.05,25,1575
20220526,13:15,300.55,300.55,300.55,300.55,25,1625
20220526,13:18,300.55,300.55,300.55,300.55,125,1750
20220526,13:21,300.55,300.55,300.55,300.55,25,1750
20220526,13:24,295.50,295.50,295.50,295.50,25,1775
20220526,13:31,290.20,290.20,290.20,290.20,150,1775
20220526,13:36,290.20,299.25,290.20,299.25,225,1900
20220526,13:37,296.65,296.65,296.65,296.65,75,1900
20220526,13:38,290.45,290.45,290.45,290.45,100,1900
20220526,13:40,296.80,296.80,296.80,296.80,100,1925
20220526,13:44,295.45,295.45,295.45,295.45,50,1875
20220526,13:55,302.75,302.75,302.75,302.75,25,1875
20220526,13:56,306.80,306.80,306.80,306.80,25,1875
20220526,13:57,306.95,309.35,306.95,309.35,50,1875
20220526,13:58,318.35,318.35,318.35,318.35,25,1825
20220526,14:00,311.45,311.45,305.60,305.60,50,1825
20220526,14:02,315.90,315.90,315.90,315.90,25,1750
20220526,14:10,309.65,309.65,309.65,309.65,100,1725
20220526,14:11,320.00,320.05,320.00,320.00,75,1725
20220526,14:12,316.45,316.45,316.45,316.45,25,1750
20220526,14:16,302.70,302.70,302.70,302.70,25,1750
20220526,14:17,302.65,302.65,302.65,302.65,75,1750
20220526,14:28,268.00,268.00,268.00,268.00,75,1775
20220526,14:32,276.30,276.30,275.25,275.25,50,1825
20220526,14:34,271.20,271.20,271.20,271.20,50,1825
20220526,14:35,273.55,273.55,273.55,273.55,100,1825
20220526,14:37,276.30,276.30,276.30,276.30,25,1875
20220526,14:38,280.55,280.55,280.55,280.55,25,1875
20220526,14:42,270.80,270.80,270.80,270.80,50,1850
20220526,14:47,255.30,255.30,255.30,255.30,50,1875
20220526,14:51,252.35,252.35,252.35,252.35,25,1900
20220526,14:52,243.90,243.90,243.90,243.90,50,1900
20220526,14:55,229.10,229.10,229.10,229.10,50,1925
20220526,14:56,227.65,232.60,227.65,232.60,550,1925
20220526,14:58,237.55,241.85,237.55,241.85,175,1725
20220526,14:59,238.15,238.15,238.15,238.15,25,1725
20220526,15:00,243.80,243.80,243.80,243.80,75,1725
20220526,15:01,247.00,247.00,247.00,247.00,25,1725
20220526,15:04,250.45,250.45,250.45,250.45,25,1750
20220526,15:08,255.55,255.55,255.55,255.55,50,1775
20220526,15:10,242.60,242.60,242.60,242.60,25,1775
20220526,15:11,243.35,243.35,240.00,240.00,75,1775
20220526,15:15,230.90,230.90,229.85,229.85,150,1800
20220526,15:19,226.00,226.00,226.00,226.00,125,1850
20220526,15:20,222.05,222.05,220.00,220.00,225,1850
20220526,15:21,220.00,220.00,220.00,220.00,100,1850
20220526,15:23,215.75,215.75,215.75,215.75,125,1975
20220526,15:24,213.95,213.95,212.60,212.60,225,1975
20220526,15:27,203.50,203.50,203.50,203.50,50,2075
20220526,15:28,210.00,210.00,210.00,210.00,25,2125
20220526,15:29,213.85,213.85,213.85,213.85,275,2125
20220526,15:30,211.65,211.65,211.65,211.65,25,2125
20220527,09:15,164.10,164.20,163.55,163.75,503,2075
20220527,09:16,160.35,166.20,160.35,161.85,1000,2075
20220527,09:18,168.45,176.85,168.45,176.85,100,2150
20220527,09:19,176.85,177.15,176.85,177.15,50,2150
20220527,09:20,177.15,177.15,160.30,161.60,325,2125
20220527,09:22,168.00,168.90,168.00,168.90,125,2125
20220527,09:23,165.45,165.45,165.45,165.45,100,2250
20220527,09:24,166.35,166.35,163.80,165.55,150,2250
20220527,09:25,162.65,162.65,162.65,162.65,50,2250
20220527,09:26,164.45,164.45,159.70,159.70,125,2225
20220527,09:27,160.65,160.65,160.65,160.65,25,2225
20220527,09:28,161.60,161.60,161.60,161.60,50,2225
20220527,09:30,155.00,155.00,153.90,153.90,100,2150
20220527,09:31,153.90,153.90,153.90,153.90,25,2150
20220527,09:32,156.40,156.40,156.40,156.40,100,2150
20220527,09:33,154.70,155.85,154.70,155.85,100,2250
20220527,09:35,152.05,154.35,152.05,154.35,275,2200
20220527,09:37,156.45,156.45,156.45,156.45,25,2200
20220527,09:41,148.35,148.35,148.35,148.35,100,2400
20220527,09:42,148.35,148.35,148.35,148.35,25,2400
20220527,09:43,151.25,152.50,149.85,149.85,75,2400
20220527,09:44,149.20,149.20,148.25,148.25,50,2425
20220527,09:50,148.25,148.25,148.25,148.25,25,2400
20220527,10:02,159.90,159.90,159.90,159.90,50,2375
20220527,10:03,156.65,156.65,156.65,156.65,25,2350
20220527,10:05,161.00,161.00,161.00,161.00,250,2350
20220527,10:08,153.75,153.75,153.75,153.75,25,2375
20220527,10:13,149.35,149.35,149.35,149.35,25,2400
20220527,10:16,153.05,153.05,153.05,153.05,25,2400
20220527,10:17,159.95,159.95,159.95,159.95,25,2425
20220527,10:24,156.45,156.45,156.45,156.45,25,2425
20220527,10:25,155.95,155.95,155.95,155.95,25,2425
20220527,10:34,159.05,159.05,159.05,159.05,25,2375
20220527,10:35,160.95,160.95,160.95,160.95,25,2400
20220527,10:36,160.95,160.95,160.95,160.95,75,2400
20220527,10:39,149.25,149.25,149.25,149.25,25,2475
20220527,10:40,140.55,140.55,140.55,140.55,100,2475
20220527,10:45,145.20,145.20,145.20,145.20,25,2475
20220527,10:51,147.05,147.05,147.05,147.05,25,2500
20220527,11:06,148.50,148.50,148.50,148.50,50,2525
20220527,11:19,153.60,153.60,153.60,153.60,50,2525
20220527,11:31,153.55,153.55,153.55,153.55,25,2525
20220527,11:32,152.55,152.55,152.55,152.55,50,2525
20220527,11:36,155.25,155.25,155.25,155.25,50,2525
20220527,11:38,158.25,158.25,158.25,158.25,25,2475
20220527,11:47,155.75,155.75,155.75,155.75,25,2475
20220527,12:11,166.50,166.50,166.50,166.50,225,2500
20220527,12:12,161.40,161.40,161.40,161.40,25,2500
20220527,12:13,163.85,163.85,163.85,163.85,50,2500
20220527,12:14,162.35,162.35,160.55,160.55,50,2500
20220527,12:17,152.15,152.15,146.90,146.90,50,2575
20220527,12:18,149.10,149.10,149.10,149.10,125,2575
20220527,12:19,154.05,154.05,154.05,154.05,100,2575
20220527,12:21,149.10,149.10,149.10,149.10,100,2575
20220527,12:26,150.65,150.65,150.65,150.65,25,2525
20220527,12:32,150.50,150.50,150.50,150.50,500,2525
20220527,12:33,145.00,145.00,145.00,145.00,25,3025
20220527,12:36,145.60,145.60,145.60,145.60,75,3000
20220527,12:38,145.00,145.00,145.00,145.00,100,3000
20220527,12:39,140.90,140.90,140.90,140.90,25,3000
20220527,12:45,141.90,141.90,141.90,141.90,25,3100
20220527,13:02,141.00,141.00,141.00,141.00,25,3100
20220527,13:11,140.00,140.00,139.20,139.20,175,3100
20220527,13:18,138.95,138.95,135.00,135.00,75,3125
20220527,13:22,134.00,134.00,134.00,134.00,25,3125
20220527,13:24,133.30,133.30,132.35,132.35,75,3100
20220527,13:32,132.35,132.35,132.35,132.35,75,3100
20220527,13:46,132.60,132.60,132.60,132.60,50,3100
20220527,13:48,136.40,136.40,136.40,136.40,75,3100
20220527,13:51,141.80,143.40,141.80,143.40,100,3125
20220527,13:52,139.70,139.70,139.70,139.70,50,3125
20220527,13:59,129.85,129.85,129.85,129.85,50,3100
20220527,14:02,129.20,129.20,129.20,129.20,200,3125
20220527,14:08,129.20,129.20,129.20,129.20,25,3225
20220527,14:10,129.30,129.30,129.30,129.30,25,3225
20220527,14:14,130.50,130.50,130.50,130.50,200,3200
20220527,14:21,128.75,128.75,128.75,128.75,25,3150
20220527,14:31,128.75,128.75,128.75,128.75,300,3150
20220527,14:35,137.95,137.95,137.95,137.95,25,3150
20220527,14:37,133.40,133.40,133.00,133.00,50,3150
20220527,14:38,133.00,133.00,133.00,133.00,150,3150
20220527,14:39,134.75,134.75,134.75,134.75,25,3000
20220527,14:44,134.75,134.75,134.75,134.75,25,3025
20220527,14:59,128.20,128.20,128.20,128.20,25,3025
20220527,15:03,127.60,127.60,127.60,127.60,25,3025
20220527,15:04,127.60,127.60,127.60,127.60,250,3025
20220527,15:09,126.75,126.75,126.75,126.75,50,3300
20220527,15:10,126.60,126.60,126.60,126.60,100,3300
20220527,15:11,126.60,128.80,126.60,128.80,50,3300
20220527,15:12,130.00,130.00,130.00,130.00,25,3325
20220527,15:13,130.15,130.15,130.15,130.15,25,3325
20220527,15:15,130.15,130.15,130.15,130.15,100,3325
20220527,15:19,126.00,126.00,123.65,123.65,525,3400
20220527,15:20,123.65,127.55,123.65,127.55,150,3400
20220527,15:21,126.35,126.35,126.35,126.35,25,3400
20220527,15:22,127.75,127.75,127.75,127.75,75,3175
20220527,15:24,129.35,129.35,129.35,129.35,50,3125
20220527,15:25,129.80,129.85,124.20,124.20,100,3125
20220527,15:26,123.75,129.00,123.75,129.00,125,3125
20220527,15:27,126.65,126.65,126.65,126.65,25,3150
20220527,15:28,123.15,123.15,123.15,123.15,25,3150
20220527,15:29,122.50,122.50,121.95,121.95,525,3150
20220530,09:17,81.00,81.20,75.00,75.00,127,3275
20220530,09:18,69.65,72.20,69.65,72.20,175,3275
20220530,09:20,71.15,71.15,68.35,68.35,100,3400
20220530,09:23,68.50,68.50,68.50,68.50,25,3375
20220530,09:24,62.95,62.95,62.95,62.95,25,3375
20220530,09:25,58.45,58.45,58.45,58.45,125,3375
20220530,09:26,65.00,65.00,65.00,65.00,125,3325
20220530,09:28,59.30,64.45,59.30,64.45,75,3325
20220530,09:33,66.65,66.65,66.65,66.65,25,3275
20220530,09:36,63.00,66.65,63.00,66.65,50,3275
20220530,09:37,63.05,65.00,63.05,65.00,300,3275
20220530,09:38,65.25,66.10,65.25,66.10,100,3350
20220530,09:40,63.15,63.85,63.15,63.85,50,3350
20220530,09:42,65.70,65.70,65.70,65.70,50,3350
20220530,09:43,63.80,63.80,63.80,63.80,75,3350
20220530,09:47,64.00,64.00,64.00,64.00,25,3350
20220530,09:49,64.15,64.15,64.15,64.15,25,3375
20220530,09:51,64.15,64.15,64.15,64.15,75,3375
20220530,09:52,65.65,65.65,65.50,65.50,75,3375
20220530,09:54,65.40,65.40,65.40,65.40,25,3400
20220530,09:55,64.75,64.75,64.75,64.75,25,3400
20220530,09:56,65.00,65.00,65.00,65.00,25,3400
20220530,09:57,65.15,65.15,65.15,65.15,50,3375
20220530,09:58,65.20,65.20,63.80,63.80,75,3375
20220530,10:00,64.30,64.30,64.30,64.30,50,3375
20220530,10:02,66.00,66.00,66.00,66.00,25,3325
20220530,10:10,62.65,62.65,62.65,62.65,25,3275
20220530,10:11,62.45,62.45,62.45,62.45,25,3275
20220530,10:21,62.50,62.50,62.50,62.50,25,3275
20220530,10:26,61.70,61.70,61.70,61.70,175,3250
20220530,10:27,62.90,62.90,62.90,62.90,325,3250
20220530,10:31,63.95,63.95,63.95,63.95,25,3200
20220530,10:32,60.00,60.00,58.85,58.85,200,3225
20220530,10:33,61.05,64.90,61.05,64.90,125,3225
20220530,10:42,63.90,63.90,63.90,63.90,25,3325
20220530,11:07,62.15,62.15,62.15,62.15,25,3350
20220530,11:10,61.95,61.95,61.95,61.95,50,3350
20220530,11:11,61.00,61.00,61.00,61.00,25,3350
20220530,11:12,61.65,61.65,60.35,60.35,75,3400
20220530,11:23,61.60,61.60,61.60,61.60,25,3425
20220530,11:26,61.40,61.40,61.40,61.40,25,3450
20220530,11:33,61.70,61.70,61.70,61.70,25,3475
20220530,11:35,60.65,60.65,60.65,60.65,25,3475
20220530,11:59,61.25,61.25,61.25,61.25,25,3450
20220530,12:14,63.15,64.95,63.15,64.95,450,3450
20220530,12:16,70.10,70.10,70.10,70.10,50,3575
20220530,12:21,73.15,73.15,72.35,72.35,100,3575
20220530,12:25,70.60,70.60,70.60,70.60,25,3625
20220530,12:29,73.00,73.00,73.00,73.00,25,3625
20220530,12:35,70.00,70.00,70.00,70.00,25,3600
20220530,12:47,72.75,73.40,72.75,73.00,175,3575
20220530,12:50,73.70,73.70,73.70,73.70,25,3575
20220530,12:55,74.55,74.55,74.55,74.55,25,3575
20220530,13:01,71.50,71.50,71.50,71.50,25,3600
20220530,13:08,68.65,68.65,68.65,68.65,50,3600
20220530,13:11,66.00,66.00,66.00,66.00,25,3575
20220530,13:21,67.85,67.85,67.85,67.85,25,3600
20220530,13:22,67.95,67.95,67.95,67.95,25,3600
20220530,13:31,68.90,68.90,68.90,68.90,125,3600
20220530,13:32,67.45,67.45,67.45,67.45,25,3600
20220530,13:36,67.50,67.50,66.85,66.85,100,3675
20220530,13:48,70.90,70.90,70.90,70.90,175,3725
20220530,14:03,71.65,71.65,71.65,71.65,25,3750
20220530,14:07,73.00,73.00,71.55,71.55,250,3725
20220530,14:10,71.95,71.95,71.70,71.70,50,3925
20220530,14:12,72.10,73.10,72.10,73.10,50,3925
20220530,14:13,73.95,75.45,73.95,74.60,100,3925
20220530,14:14,74.65,78.45,74.65,78.45,100,3925
20220530,14:15,78.95,79.85,78.95,79.85,50,3925
20220530,14:16,76.30,76.30,76.30,76.30,50,4100
20220530,14:17,78.60,78.60,78.60,78.60,25,4100
20220530,14:21,72.45,72.45,72.45,72.45,50,4100
20220530,14:22,75.20,75.20,75.20,75.20,25,4150
20220530,14:24,76.65,77.75,76.65,77.75,50,4175
20220530,14:25,77.55,77.55,77.00,77.00,625,4175
20220530,14:27,76.95,76.95,76.95,76.95,25,4800
20220530,14:30,75.85,75.85,75.85,75.85,25,4825
20220530,14:31,77.45,77.45,77.45,77.45,25,4825
20220530,14:33,79.05,80.10,79.05,80.10,150,4975
20220530,14:34,80.10,80.10,78.40,78.40,100,4975
20220530,14:39,79.95,80.95,79.95,80.95,50,5125
20220530,14:40,80.00,80.00,80.00,80.00,75,5125
20220530,14:41,77.55,77.55,77.55,77.55,50,5125
20220530,14:43,76.65,76.65,76.65,76.65,50,5150
20220530,14:47,79.00,79.00,79.00,79.00,25,5150
20220530,14:48,74.90,74.90,74.90,74.90,50,5150
20220530,14:49,70.70,70.70,70.25,70.25,225,5150
20220530,14:50,71.85,71.85,71.85,71.85,25,5150
20220530,14:51,70.05,70.05,70.05,70.05,25,5325
20220530,14:56,75.65,75.65,74.00,74.00,275,5325
20220530,15:00,71.80,73.25,71.80,73.25,50,5200
20220530,15:01,70.80,70.80,69.65,69.65,50,5175
20220530,15:03,72.60,72.60,72.60,72.60,75,5200
20220530,15:10,69.75,69.75,69.75,69.75,125,5175
20220530,15:12,70.65,70.65,70.65,70.65,125,5175
20220530,15:13,69.30,70.20,69.30,70.20,75,5175
20220530,15:18,71.20,71.20,71.20,71.20,25,5175
20220530,15:23,70.05,71.35,70.05,71.10,450,5175
20220530,15:24,71.30,71.30,70.80,70.80,950,5300
20220530,15:25,71.00,71.00,71.00,71.00,25,5300
20220530,15:26,69.60,69.60,69.60,69.60,50,5300
20220530,15:28,69.70,69.70,69.70,69.70,50,4675
20220531,09:18,64.50,72.50,64.50,72.50,451,4675
20220531,09:19,72.50,72.50,69.85,69.85,125,4675
20220531,09:20,70.50,70.95,70.50,70.95,200,4675
20220531,09:21,68.70,68.70,68.70,68.70,25,4775
20220531,09:22,72.00,72.00,72.00,72.00,25,4775
20220531,09:23,70.00,70.00,70.00,70.00,25,4775
20220531,09:26,73.45,73.45,73.45,73.45,25,4775
20220531,09:27,73.95,73.95,73.95,73.95,25,4800
20220531,09:28,74.15,74.40,74.15,74.40,75,4800
20220531,09:29,75.00,75.80,75.00,75.30,100,4775
20220531,09:30,75.00,76.95,75.00,76.95,50,4775
20220531,09:31,76.95,76.95,75.95,75.95,50,4775
20220531,09:32,77.15,77.15,76.65,76.65,100,4750
20220531,09:34,75.50,75.50,75.50,75.50,25,4750
20220531,09:36,73.60,73.60,73.60,73.60,25,4750
20220531,09:37,74.10,74.10,74.10,74.10,25,4750
20220531,09:39,75.30,75.30,75.30,75.30,25,4800
20220531,09:42,74.55,74.55,74.55,74.55,25,4775
20220531,09:43,73.05,73.05,72.20,72.20,200,4775
20220531,09:44,72.15,72.15,71.20,72.05,300,4950
20220531,09:45,71.35,71.35,70.00,71.35,600,4950
20220531,09:46,71.35,71.35,71.35,71.35,100,4950
20220531,09:49,69.55,69.55,69.55,69.55,25,5575
20220531,09:51,70.10,70.15,70.10,70.15,100,5575
20220531,09:52,70.15,70.15,70.00,70.00,200,5575
20220531,09:53,70.00,70.00,70.00,70.00,350,5575
20220531,09:54,68.60,68.60,68.60,68.60,175,5350
20220531,09:58,67.40,67.40,67.40,67.40,25,5175
20220531,10:04,65.50,65.50,65.50,65.50,25,5175
20220531,10:06,64.20,64.20,64.20,64.20,50,5175
20220531,10:08,64.20,66.00,64.20,66.00,150,5125
20220531,10:21,66.05,66.05,66.05,66.05,25,5175
20220531,10:23,63.95,63.95,63.95,63.95,25,5175
20220531,10:27,63.75,63.75,63.75,63.75,75,5175
20220531,10:28,63.85,63.85,63.85,63.85,150,5175
20220531,10:29,63.65,63.65,63.65,63.65,50,5175
20220531,10:34,60.00,60.00,60.00,60.00,25,5300
20220531,10:35,59.95,59.95,59.95,59.95,50,5325
20220531,10:36,59.95,59.95,59.95,59.95,25,5325
20220531,10:38,60.00,60.00,60.00,60.00,25,5350
20220531,10:39,60.00,60.00,60.00,60.00,100,5350
20220531,10:43,58.25,58.25,58.25,58.25,25,5450
20220531,10:45,57.50,57.50,57.50,57.50,25,5450
20220531,10:47,57.50,58.65,57.50,58.65,75,5450
20220531,10:48,57.60,57.60,57.60,57.60,25,5450
20220531,11:01,56.35,56.35,56.35,56.35,50,5475
20220531,11:02,56.05,56.05,56.05,56.05,25,5450
20220531,11:06,56.05,57.30,56.05,57.30,150,5450
20220531,11:07,57.45,57.45,57.45,57.45,50,5450
20220531,11:11,57.50,57.50,57.50,57.50,25,5475
20220531,11:13,58.25,58.25,58.25,58.25,25,5500
20220531,11:16,59.00,59.00,59.00,59.00,25,5500
20220531,11:44,62.90,62.90,62.90,62.90,25,5525
20220531,11:54,63.90,63.90,63.90,63.90,50,5500
20220531,11:55,62.90,62.90,62.90,62.90,25,5500
20220531,11:56,60.35,60.35,60.35,60.35,25,5500
20220531,11:58,60.50,60.50,60.50,60.50,75,5450
20220531,12:00,58.00,58.00,58.00,58.00,25,5425
20220531,12:14,61.75,61.75,61.75,61.75,25,5450
20220531,12:21,65.10,65.50,65.10,65.50,225,5450
20220531,12:23,66.00,66.00,66.00,66.00,25,5450
20220531,12:25,65.40,65.40,65.40,65.40,25,5250
20220531,12:30,64.15,64.15,64.15,64.15,200,5275
20220531,12:31,66.00,66.55,66.00,66.55,175,5275
20220531,12:32,68.40,68.40,68.40,68.40,25,5275
20220531,12:35,68.10,68.10,68.10,68.10,125,5000
20220531,12:42,70.20,70.20,70.20,70.20,50,5025
20220531,12:44,70.65,70.65,70.65,70.65,25,5025
20220531,12:55,71.75,71.75,71.75,71.75,50,5000
20220531,12:57,70.55,70.55,70.55,70.55,25,5050
20220531,12:58,68.75,68.75,68.75,68.75,25,5050
20220531,13:11,72.30,72.30,72.30,72.30,25,5000
20220531,13:12,72.35,72.35,72.35,72.35,50,5000
20220531,13:17,66.55,66.55,66.55,66.55,100,4975
20220531,13:36,66.25,66.25,66.20,66.20,75,5025
20220531,13:38,66.95,66.95,66.95,66.95,25,5025
20220531,13:42,65.25,65.25,65.25,65.25,25,5100
20220531,13:50,65.45,65.45,65.45,65.45,50,5075
20220531,13:51,64.25,64.25,64.00,64.00,50,5100
20220531,13:52,62.80,62.80,62.80,62.80,50,5100
20220531,13:58,64.35,64.35,64.35,64.35,25,5150
20220531,13:59,64.20,64.20,64.20,64.20,25,5150
20220531,14:08,65.35,65.35,65.35,65.35,75,5175
20220531,14:11,63.50,63.50,63.50,63.50,100,5200
20220531,14:14,66.35,66.35,66.35,66.35,150,5150
20220531,14:19,67.40,67.40,67.40,67.40,25,5000
20220531,14:22,65.05,65.05,64.95,65.00,300,5000
20220531,14:23,64.50,64.50,64.50,64.50,450,5000
20220531,14:25,66.00,66.00,66.00,66.00,25,5000
20220531,14:26,66.35,66.35,66.15,66.15,75,4900
20220531,14:27,68.45,68.45,68.30,68.30,575,4375
20220531,14:37,68.60,68.60,68.60,68.60,100,4425
20220531,14:38,68.10,68.10,68.10,68.10,25,4425
20220531,14:39,68.95,70.45,68.95,70.45,100,4350
20220531,14:40,70.10,70.10,70.10,70.10,50,4350
20220531,14:42,70.85,70.85,70.50,70.50,750,4050
20220531,14:43,70.85,70.85,70.85,70.85,100,4050
20220531,14:44,70.00,70.00,69.55,69.55,275,4050
20220531,14:45,69.45,69.45,69.45,69.45,25,3900
20220531,14:46,69.75,69.75,69.75,69.75,75,3900
20220531,14:48,70.55,70.55,69.85,69.85,225,3950
20220531,14:49,70.00,70.00,70.00,70.00,25,3950
20220531,14:50,69.70,69.70,69.70,69.70,25,3950
20220531,14:53,70.00,70.00,70.00,70.00,100,3900
20220531,14:55,72.20,72.20,72.20,72.20,25,3800
20220531,14:58,72.20,72.20,72.20,72.20,25,3825
20220531,15:00,72.20,72.20,72.20,72.20,675,3850
20220531,15:02,77.10,77.10,77.10,77.10,50,3850
20220531,15:03,76.80,76.80,76.80,76.80,1150,3850
20220531,15:05,79.70,79.80,79.70,79.80,100,3725
20220531,15:06,83.30,85.60,83.30,85.60,150,4900
20220531,15:07,86.15,88.75,86.15,88.75,350,4900
20220531,15:08,88.75,89.45,88.75,89.45,50,4900
20220531,15:09,89.55,90.80,89.55,90.80,75,5000
20220531,15:10,92.35,92.35,92.35,92.35,25,5000
20220531,15:11,93.55,105.70,93.55,105.70,100,5000
20220531,15:12,107.00,109.30,107.00,109.30,100,5000
20220531,15:13,109.30,109.30,105.35,107.80,175,5075
20220531,15:14,109.00,109.00,108.00,108.00,50,5075
20220531,15:15,107.00,107.20,103.60,105.45,900,5125
20220531,15:16,106.45,107.40,105.00,105.00,425,5125
20220531,15:17,105.45,105.45,101.20,103.05,350,5125
20220531,15:18,102.25,104.00,102.25,104.00,175,5925
20220531,15:19,104.85,104.85,103.00,103.30,250,5925
20220531,15:20,105.95,106.80,104.20,106.65,200,5925
20220531,15:21,105.10,109.20,105.10,109.20,100,6250
20220531,15:22,110.00,110.60,108.60,110.00,275,6250
20220531,15:23,109.80,111.65,109.80,111.65,225,6250
20220531,15:24,116.30,118.00,115.30,118.00,500,6375
20220531,15:25,119.90,119.90,117.35,117.35,175,6375
20220531,15:26,123.15,130.50,123.15,130.50,350,6375
20220531,15:27,130.50,130.50,116.85,116.85,750,7000
20220531,15:28,120.00,120.00,116.85,116.85,75,7000
20220531,15:29,118.00,119.60,115.00,115.00,350,7000
20220601,09:15,101.10,101.10,95.90,95.90,51,6975
20220601,09:17,83.40,86.55,83.40,86.55,300,6925
20220601,09:18,85.65,85.65,84.15,84.15,375,6925
20220601,09:19,82.50,82.50,80.85,80.85,275,6925
20220601,09:20,84.20,84.20,84.20,84.20,50,7150
20220601,09:21,86.65,86.65,86.65,86.65,25,7150
20220601,09:22,81.65,81.65,81.65,81.65,25,7150
20220601,09:23,80.55,80.55,80.55,80.55,25,7150
20220601,09:25,79.30,79.30,79.30,79.30,50,7150
20220601,09:26,76.35,76.35,76.35,76.35,525,7150
20220601,09:27,77.55,78.50,77.55,78.50,50,7150
20220601,09:28,75.20,75.20,74.60,74.60,400,7150
20220601,09:29,75.20,75.45,74.05,74.05,300,7825
20220601,09:30,74.05,75.80,74.05,75.80,200,7825
20220601,09:31,75.35,75.45,72.65,72.65,100,7825
20220601,09:32,72.65,72.65,72.00,72.00,150,7950
20220601,09:33,72.00,72.00,70.60,70.60,1125,7950
20220601,09:35,70.60,71.80,70.60,71.65,100,9025
20220601,09:40,77.15,77.15,77.15,77.15,25,9025
20220601,09:41,77.30,77.30,77.30,77.30,75,9050
20220601,09:42,77.15,77.15,77.15,77.15,100,9050
20220601,09:43,76.90,76.90,76.90,76.90,25,9050
20220601,09:44,76.85,76.90,76.85,76.90,50,9075
20220601,09:45,77.25,77.25,77.25,77.25,200,9075
20220601,09:48,76.95,76.95,76.40,76.40,350,9100
20220601,09:49,75.00,75.00,74.35,74.35,50,9100
20220601,09:50,72.00,72.00,70.30,70.30,400,9100
20220601,09:51,73.15,76.95,73.15,76.95,175,9125
20220601,09:52,77.00,79.00,77.00,79.00,50,9125
20220601,09:53,79.15,79.15,79.15,79.15,25,9150
20220601,09:54,79.15,79.15,79.15,79.15,25,9150
20220601,09:55,79.90,82.15,79.90,82.15,150,9150
20220601,09:56,82.00,82.30,82.00,82.15,175,9225
20220601,09:57,82.10,82.10,82.10,82.10,100,9225
20220601,09:59,82.50,82.50,82.50,82.50,25,9225
20220601,10:00,81.60,81.60,81.60,81.60,100,9300
20220601,10:01,79.85,79.85,79.85,79.85,25,9300
20220601,10:02,79.50,79.50,79.50,79.50,100,9300
20220601,10:04,81.25,81.25,81.25,81.25,25,9400
20220601,10:06,81.15,81.15,81.15,81.15,50,9400
20220601,10:07,79.90,82.00,79.90,82.00,125,9400
20220601,10:09,81.50,81.50,81.50,81.50,25,9425
20220601,10:10,78.80,78.80,77.95,77.95,75,9425
20220601,10:14,75.75,75.75,75.50,75.50,150,9475
20220601,10:15,75.50,75.50,75.50,75.50,25,9475
20220601,10:16,75.70,76.15,75.70,76.15,50,9475
20220601,10:17,78.35,78.35,78.35,78.35,25,9500
20220601,10:20,78.85,78.85,78.85,78.85,25,9525
20220601,10:21,78.05,78.05,77.50,77.50,150,9525
20220601,10:24,74.05,75.95,74.05,75.95,250,9675
20220601,10:25,74.85,76.00,74.85,76.00,775,9675
20220601,10:26,75.15,75.15,75.15,75.15,25,9675
20220601,10:27,74.10,75.05,74.10,75.05,50,10575
20220601,10:30,73.50,73.70,73.50,73.70,125,10600
20220601,10:31,74.50,74.50,74.50,74.50,50,10600
20220601,10:33,72.50,73.20,72.50,72.50,350,10650
20220601,10:34,74.00,74.00,74.00,74.00,25,10650
20220601,10:35,72.25,72.25,69.55,69.55,225,10675
20220601,10:36,68.20,69.70,68.20,68.20,1300,10675
20220601,10:37,67.95,69.70,67.95,69.70,150,10675
20220601,10:39,68.65,68.65,67.60,67.90,225,9550
20220601,10:40,68.00,68.00,63.90,63.90,450,9550
20220601,10:41,63.90,66.00,63.90,65.65,650,9875
20220601,10:44,67.10,67.10,67.10,67.10,50,10150
20220601,10:47,67.85,67.85,67.40,67.40,100,10150
20220601,10:48,68.05,68.05,68.05,68.05,25,10200
20220601,10:49,67.70,67.70,67.70,67.70,25,10200
20220601,10:50,65.55,65.55,65.55,65.55,50,10200
20220601,10:51,66.30,66.30,66.30,66.30,25,10175
20220601,10:55,65.95,65.95,65.95,65.95,150,10175
20220601,10:56,65.75,65.75,65.75,65.75,50,10325
20220601,10:57,65.90,65.90,65.50,65.50,200,10325
20220601,10:58,65.95,65.95,65.95,65.95,25,10325
20220601,11:02,67.15,67.15,67.15,67.15,50,10375
20220601,11:03,68.20,68.20,68.15,68.15,250,10375
20220601,11:06,70.45,70.45,70.45,70.45,25,10300
20220601,11:07,68.65,68.65,68.45,68.45,150,10300
20220601,11:08,68.00,68.00,68.00,68.00,25,10300
20220601,11:11,67.90,67.90,67.90,67.90,75,10300
20220601,11:19,72.10,72.10,71.60,71.60,125,10275
20220601,11:20,70.95,70.95,70.95,70.95,125,10275
20220601,11:26,68.65,68.65,68.65,68.65,50,10350
20220601,11:29,69.80,69.80,69.80,69.80,25,10350
20220601,11:30,69.00,69.00,69.00,69.00,25,10350
20220601,11:34,65.45,65.60,65.30,65.60,125,10375
20220601,11:37,67.60,67.60,67.60,67.60,25,10375
20220601,11:38,67.60,67.60,67.20,67.20,75,10375
20220601,11:40,66.75,66.75,66.75,66.75,25,10425
20220601,11:43,67.00,67.00,67.00,67.00,25,10400
20220601,11:44,67.00,67.00,67.00,67.00,100,10400
20220601,11:45,67.25,67.25,67.25,67.25,25,10450
20220601,11:48,66.50,66.50,66.50,66.50,25,10425
20220601,11:51,67.00,67.00,67.00,67.00,25,10425
20220601,11:52,65.00,65.00,62.70,62.70,125,10425
20220601,11:53,62.70,62.70,62.70,62.70,50,10425
20220601,11:55,67.50,67.50,67.50,67.50,125,10550
20220601,11:59,69.80,69.80,69.80,69.80,50,10475
20220601,12:05,70.15,70.15,70.15,70.15,25,10425
20220601,12:09,69.55,69.55,69.55,69.55,75,10425
20220601,12:14,68.30,68.30,68.30,68.30,75,10425
20220601,12:16,69.75,69.75,69.75,69.75,25,10375
20220601,12:20,70.00,70.00,70.00,70.00,25,10400
20220601,12:30,71.85,71.85,71.85,71.85,25,10425
20220601,12:31,72.65,74.75,72.65,74.75,75,10425
20220601,12:32,74.00,74.00,72.95,72.95,200,10425
20220601,12:33,72.25,72.25,72.25,72.25,25,10550
20220601,12:34,72.70,72.70,71.65,71.65,50,10550
20220601,12:36,71.90,71.90,71.90,71.90,50,10575
20220601,12:39,71.95,71.95,71.95,71.95,150,10625
20220601,12:42,69.90,69.90,69.90,69.90,50,10625
20220601,12:51,71.15,71.15,71.15,71.15,25,10625
20220601,12:54,71.80,71.80,71.80,71.80,25,10650
20220601,12:55,73.50,73.50,73.50,73.50,25,10650
20220601,12:56,70.10,70.10,70.10,70.10,25,10650
20220601,13:00,72.15,72.15,72.15,72.15,25,10675
20220601,13:02,71.00,71.00,71.00,71.00,25,10675
20220601,13:04,70.85,71.90,70.85,71.00,850,10650
20220601,13:06,70.65,72.00,70.00,71.65,1350,11000
20220601,13:07,72.00,73.00,72.00,73.00,600,11000
20220601,13:08,72.95,72.95,72.95,72.95,25,11000
20220601,13:10,72.05,72.60,71.95,72.35,375,12100
20220601,13:11,72.65,74.10,72.65,74.10,700,12100
20220601,13:12,75.65,76.00,74.65,76.00,350,12700
20220601,13:13,76.00,76.00,75.75,75.75,75,12700
20220601,13:14,74.90,74.90,74.90,74.90,25,12700
20220601,13:16,74.10,74.10,74.10,74.10,25,12600
20220601,13:17,73.40,73.40,73.40,73.40,50,12600
20220601,13:21,72.90,72.90,72.90,72.90,25,12575
20220601,13:22,73.15,73.15,73.15,73.15,25,12575
20220601,13:23,77.65,77.65,77.65,77.65,50,12575
20220601,13:25,79.40,79.40,79.40,79.40,25,12625
20220601,13:26,77.80,77.80,77.80,77.80,75,12625
20220601,13:28,81.65,81.80,81.30,81.80,550,12675
20220601,13:29,82.20,85.00,82.20,84.45,1600,12675
20220601,13:30,84.05,84.05,81.65,82.20,200,13150
20220601,13:31,80.85,85.05,80.85,85.05,650,13150
20220601,13:32,81.30,81.30,81.30,81.30,25,13150
20220601,13:33,80.00,80.00,78.30,78.30,250,13200
20220601,13:35,78.20,78.20,78.20,78.20,50,13200
20220601,13:38,81.95,81.95,81.95,81.95,25,13175
20220601,13:39,84.30,84.30,84.30,84.30,100,13150
20220601,13:40,83.30,83.45,83.30,83.45,50,13150
20220601,13:41,83.95,83.95,83.55,83.55,50,13150
20220601,13:42,82.30,82.30,82.30,82.30,375,13175
20220601,13:43,84.00,84.00,84.00,84.00,25,13175
20220601,13:44,85.35,85.95,85.10,85.95,875,13175
20220601,13:45,83.25,83.25,83.25,83.25,50,14150
20220601,13:46,82.00,82.00,82.00,82.00,25,14150
20220601,13:49,82.00,82.25,82.00,82.25,50,14175
20220601,13:51,80.90,80.90,80.90,80.90,75,14150
20220601,13:53,82.10,82.10,81.25,81.25,75,14150
20220601,13:57,79.80,79.80,79.80,79.80,50,14225
20220601,13:58,77.80,77.80,77.80,77.80,75,14225
20220601,14:04,75.20,75.20,75.20,75.20,25,14350
20220601,14:05,74.60,74.60,74.60,74.60,25,14350
20220601,14:08,76.30,79.25,76.05,79.25,100,14350
20220601,14:09,80.15,80.15,80.15,80.15,125,14325
20220601,14:11,81.05,81.20,81.05,81.20,50,14325
20220601,14:16,84.85,84.85,84.45,84.50,100,14425
20220601,14:24,80.30,80.30,80.30,80.30,50,14325
20220601,14:25,80.95,80.95,80.95,80.95,25,14325
20220601,14:27,83.15,84.30,83.15,84.30,50,14325
20220601,14:28,83.70,83.70,83.70,83.70,25,14275
20220601,14:29,84.05,84.05,84.05,84.05,25,14275
20220601,14:31,81.90,81.90,81.90,81.90,25,14250
20220601,14:32,80.90,80.90,80.90,80.90,25,14250
20220601,14:33,81.95,81.95,81.10,81.10,50,14275
20220601,14:34,81.50,81.50,81.50,81.50,50,14275
20220601,14:36,79.00,79.00,78.60,78.60,200,14250
20220601,14:37,79.60,80.05,77.65,80.05,200,14250
20220601,14:38,80.40,80.40,78.60,78.60,50,14250
20220601,14:39,80.80,80.80,80.25,80.25,75,14225
20220601,14:41,79.25,79.25,79.25,79.25,25,14225
20220601,14:42,77.50,77.50,77.50,77.50,25,14225
20220601,14:43,78.75,80.75,77.65,80.70,100,14225
20220601,14:44,85.10,90.60,84.75,84.75,550,14225
20220601,14:45,93.10,93.30,86.80,93.30,275,14225
20220601,14:46,94.85,96.45,90.75,90.75,225,14225
20220601,14:47,90.05,92.80,90.05,90.05,750,14225
20220601,14:48,92.20,92.20,90.75,90.80,350,13850
20220601,14:49,91.70,92.60,90.90,90.90,750,13850
20220601,14:50,92.50,92.75,91.95,92.75,175,13850
20220601,14:51,94.65,94.65,90.50,90.50,275,14125
20220601,14:52,88.10,93.00,88.10,93.00,50,14125
20220601,14:53,92.40,92.40,90.00,90.00,425,14125
20220601,14:54,90.15,90.15,86.70,86.70,125,14400
20220601,14:55,89.70,89.70,89.70,89.70,75,14400
20220601,14:59,86.65,86.65,86.65,86.65,25,14500
20220601,15:00,83.85,84.70,80.00,80.00,675,14525
20220601,15:01,75.25,76.85,74.05,75.65,1825,14525
20220601,15:02,72.40,75.20,72.40,75.20,1250,14525
20220601,15:03,74.40,74.40,71.50,71.50,150,14800
20220601,15:04,71.70,71.70,70.15,70.15,575,14800
20220601,15:05,70.30,70.50,70.30,70.50,100,14800
20220601,15:06,70.70,70.90,69.45,70.90,125,14600
20220601,15:07,68.70,68.70,65.70,65.70,500,14600
20220601,15:08,65.40,66.05,64.90,64.90,475,14600
20220601,15:09,61.65,64.25,61.65,64.05,175,15050
20220601,15:10,64.20,65.00,63.60,63.60,300,15050
20220601,15:11,65.70,65.70,63.35,63.35,225,15050
20220601,15:12,61.90,61.90,60.30,61.65,750,14575
20220601,15:13,62.45,63.30,61.60,61.60,225,14575
20220601,15:14,61.65,61.65,57.85,57.85,1100,14575
20220601,15:15,57.85,59.00,57.55,57.55,525,14500
20220601,15:16,56.25,56.25,51.15,51.15,825,14500
20220601,15:17,51.10,52.55,50.00,51.50,2175,14500
20220601,15:18,51.85,53.60,51.85,52.90,1425,14775
20220601,15:19,53.65,54.00,52.65,52.65,1100,14775
20220601,15:20,52.70,52.80,51.40,52.80,600,14775
20220601,15:21,53.35,56.95,53.20,56.95,1075,15200
20220601,15:22,57.00,58.40,55.55,58.05,975,15200
20220601,15:23,59.60,59.85,58.50,59.80,500,15200
20220601,15:24,60.35,60.35,57.45,58.10,1075,16000
20220601,15:25,58.00,58.30,55.30,55.30,1250,16000
20220601,15:26,56.40,56.95,54.70,54.70,775,16000
20220601,15:27,54.80,56.15,52.10,54.40,1400,16550
20220601,15:28,52.70,55.05,52.70,55.05,800,16550
20220601,15:29,53.55,57.85,51.95,52.05,1225,16550
20220602,09:15,62.80,63.55,55.05,55.05,628,16750
20220602,09:16,53.25,56.90,53.25,56.90,150,16750
20220602,09:17,56.35,57.95,56.00,56.55,1925,17525
20220602,09:18,56.30,56.70,55.95,55.95,500,17525
20220602,09:19,56.25,57.55,56.25,56.80,750,17525
20220602,09:20,58.15,60.55,58.15,60.25,800,17625
20220602,09:21,60.45,60.45,59.20,59.65,425,17625
20220602,09:22,59.10,60.70,59.10,59.50,600,17625
20220602,09:23,59.05,59.50,57.90,58.40,825,17975
20220602,09:24,58.25,60.10,57.75,59.30,1350,17975
20220602,09:25,60.55,60.55,59.05,60.20,600,17975
20220602,09:26,60.25,60.25,59.00,59.00,325,17875
20220602,09:27,58.35,58.65,56.25,56.80,1850,17875
20220602,09:28,56.45,56.45,53.00,54.00,1650,17875
20220602,09:29,55.20,55.90,54.85,55.85,1175,18725
20220602,09:30,56.25,56.55,54.75,56.55,750,18725
20220602,09:31,55.90,57.75,55.80,57.40,225,18725
20220602,09:32,57.30,57.50,55.25,55.60,450,19125
20220602,09:33,56.00,56.00,54.70,55.75,725,19125
20220602,09:34,55.25,55.40,53.80,53.90,700,19125
20220602,09:35,53.15,54.65,52.55,53.85,1675,19475
20220602,09:36,54.40,55.20,54.40,54.45,325,19475
20220602,09:37,54.70,54.95,53.70,53.70,375,19475
20220602,09:38,53.95,54.15,53.75,53.75,200,19475
20220602,09:39,54.05,54.20,53.40,54.20,2225,19375
20220602,09:40,55.25,56.35,55.25,55.60,1675,19375
20220602,09:41,55.00,55.00,54.05,54.05,425,19875
20220602,09:42,54.05,55.55,54.05,55.45,575,19875
20220602,09:43,55.40,56.00,55.10,55.20,225,19875
20220602,09:44,55.25,56.05,55.10,55.10,625,20100
20220602,09:45,55.05,55.50,54.10,55.10,1075,20100
20220602,09:46,54.25,55.20,54.25,54.95,350,20100
20220602,09:47,55.05,56.20,55.05,55.75,675,19900
20220602,09:48,55.65,55.75,54.05,54.35,600,19900
20220602,09:49,53.80,54.65,53.80,54.65,125,19900
20220602,09:50,54.65,54.65,53.60,53.80,1175,19675
20220602,09:51,53.00,53.10,52.85,53.00,550,19675
20220602,09:52,53.40,53.40,51.35,52.65,950,19675
20220602,09:53,52.90,53.55,52.90,53.55,450,20275
20220602,09:54,53.55,53.55,51.95,51.95,1375,20275
20220602,09:55,51.80,52.30,50.65,51.25,1175,20275
20220602,09:56,51.10,51.10,50.30,50.30,350,19800
20220602,09:57,50.00,51.10,49.35,50.85,1300,19800
20220602,09:58,50.85,50.95,49.95,49.95,625,19800
20220602,09:59,50.25,51.00,50.25,51.00,675,20175
20220602,10:00,51.15,51.40,51.10,51.40,250,20175
20220602,10:01,52.35,52.80,52.20,52.20,275,20175
20220602,10:02,53.25,53.30,52.60,52.60,425,20375
20220602,10:03,52.65,52.65,51.90,51.90,175,20375
20220602,10:04,51.60,52.45,51.60,52.45,100,20375
20220602,10:05,52.40,52.40,50.90,51.75,750,20875
20220602,10:06,51.60,51.70,51.30,51.30,150,20875
20220602,10:07,50.70,50.95,50.45,50.45,350,20875
20220602,10:08,51.00,52.05,51.00,52.05,225,20625
20220602,10:09,52.05,52.15,51.95,51.95,100,20625
20220602,10:10,51.95,51.95,51.95,51.95,25,20625
20220602,10:11,52.00,52.00,51.10,51.55,375,20675
20220602,10:12,52.25,52.25,52.25,52.25,75,20675
20220602,10:13,52.40,52.40,52.40,52.40,25,20675
20220602,10:14,53.15,53.15,52.95,52.95,250,20675
20220602,10:15,52.70,52.70,52.70,52.70,150,20875
20220602,10:17,52.95,52.95,52.05,52.05,125,20850
20220602,10:18,51.50,52.60,51.35,52.60,525,20850
20220602,10:19,52.60,53.00,52.60,53.00,50,20850
20220602,10:20,53.70,53.70,53.70,53.70,25,20850
20220602,10:21,54.50,54.50,54.50,54.50,100,20875
20220602,10:22,54.45,54.90,53.75,53.75,150,20875
20220602,10:23,54.50,54.50,54.50,54.50,25,20875
20220602,10:24,54.55,54.55,54.55,54.55,25,20925
20220602,10:25,56.00,56.35,56.00,56.35,125,20925
20220602,10:26,54.05,54.05,53.20,53.20,125,20925
20220602,10:27,52.95,52.95,52.00,52.00,225,20925
20220602,10:28,51.85,52.75,51.85,52.35,575,20925
20220602,10:29,52.30,52.30,52.30,52.30,100,20925
20220602,10:31,52.15,52.30,51.90,52.30,225,20650
20220602,10:32,51.60,51.60,50.65,50.70,200,20650
20220602,10:33,50.70,51.05,50.00,50.00,1325,20650
20220602,10:34,49.10,50.70,49.10,50.00,525,20650
20220602,10:35,50.55,51.45,50.55,51.10,1250,20475
20220602,10:36,50.90,50.90,50.55,50.55,200,20475
20220602,10:37,51.50,51.50,51.40,51.40,125,20475
20220602,10:38,50.95,51.85,50.35,50.35,1300,20675
20220602,10:39,51.05,51.70,51.05,51.70,750,20675
20220602,10:40,51.25,52.60,51.25,52.60,650,20675
20220602,10:41,52.60,52.65,52.40,52.40,550,20675
20220602,10:42,53.25,53.95,52.85,53.10,275,21375
20220602,10:43,54.50,54.50,54.50,54.50,25,21375
20220602,10:44,54.75,54.80,54.45,54.80,350,21425
20220602,10:45,54.95,54.95,54.30,54.65,625,21425
20220602,10:46,55.50,55.55,55.15,55.15,250,21425
20220602,10:47,55.30,55.50,54.80,55.25,175,21500
20220602,10:48,55.45,56.50,55.45,56.50,375,21500
20220602,10:49,55.85,56.70,55.65,55.65,1200,21500
20220602,10:50,57.00,57.45,56.95,57.05,950,21500
20220602,10:51,56.80,58.00,56.45,56.45,800,21725
20220602,10:52,56.50,56.50,56.35,56.40,575,21725
20220602,10:53,56.55,57.20,54.70,55.90,1175,22175
20220602,10:54,55.20,55.45,53.60,53.60,1525,22175
20220602,10:55,53.55,55.50,53.55,54.95,350,22175
20220602,10:56,55.10,55.30,55.10,55.30,50,23325
20220602,10:57,54.80,54.80,54.80,54.80,100,23325
20220602,10:58,54.65,54.65,54.65,54.65,25,23325
20220602,10:59,56.10,56.10,55.55,55.55,75,23375
20220602,11:00,54.90,55.10,54.90,55.10,50,23375
20220602,11:01,55.20,55.55,55.20,55.55,1075,23375
20220602,11:02,56.20,56.50,56.20,56.50,150,23325
20220602,11:03,57.00,57.80,57.00,57.50,925,23325
20220602,11:04,57.45,57.65,56.05,56.80,275,23325
20220602,11:05,57.30,57.30,56.35,56.75,1750,24250
20220602,11:06,56.50,56.50,55.95,55.95,275,24250
20220602,11:07,55.45,56.70,55.45,56.70,100,24250
20220602,11:08,56.95,57.15,56.95,57.15,125,24400
20220602,11:09,58.00,58.65,57.25,57.45,750,24400
20220602,11:10,56.95,56.95,55.90,56.65,200,24400
20220602,11:11,56.10,56.10,55.95,55.95,225,24400
20220602,11:12,56.10,56.10,54.55,55.35,300,24550
20220602,11:13,55.75,55.75,55.75,55.75,75,24550
20220602,11:14,54.80,55.05,53.00,53.70,1000,24675
20220602,11:15,53.90,53.90,51.90,51.90,225,24675
20220602,11:16,51.95,51.95,51.95,51.95,125,24675
20220602,11:17,52.05,52.30,52.05,52.30,50,24675
20220602,11:18,52.50,52.65,52.45,52.65,100,24675
20220602,11:19,52.20,54.80,52.20,53.95,1225,24675
20220602,11:20,54.05,54.05,54.05,54.05,200,24675
20220602,11:21,54.05,54.45,52.85,52.85,225,24000
20220602,11:22,53.80,54.00,53.80,54.00,100,24000
20220602,11:23,54.00,54.00,54.00,54.00,75,24000
20220602,11:24,53.95,54.25,52.80,53.10,250,23925
20220602,11:25,52.70,52.70,52.25,52.25,225,23925
20220602,11:26,52.00,53.25,52.00,52.85,100,23925
20220602,11:29,52.35,52.85,52.15,52.85,200,24000
20220602,11:30,51.90,52.05,49.90,52.05,1175,24000
20220602,11:31,51.85,52.60,51.85,52.60,50,24000
20220602,11:32,51.35,52.05,50.15,50.70,400,24000
20220602,11:33,50.65,50.85,49.95,50.85,3675,24600
20220602,11:34,50.50,50.65,50.15,50.65,300,24600
20220602,11:35,50.20,51.85,49.85,51.60,3875,24775
20220602,11:36,51.30,52.65,51.30,52.10,8025,24775
20220602,11:37,52.05,52.40,51.85,52.10,2875,24775
20220602,11:38,50.95,51.00,50.40,50.85,475,24775
20220602,11:39,50.70,50.70,50.70,50.70,25,20850
20220602,11:40,50.55,52.10,50.55,52.10,175,20850
20220602,11:41,52.25,52.85,52.25,52.85,150,20850
20220602,11:42,52.80,52.85,52.80,52.85,100,20825
20220602,11:44,53.25,54.00,53.05,53.05,375,20950
20220602,11:45,53.20,53.20,53.20,53.20,100,20950
20220602,11:46,52.05,53.05,52.00,53.05,125,20950
20220602,11:47,53.70,53.70,53.70,53.70,50,20950
20220602,11:48,54.65,55.25,54.65,55.20,225,21050
20220602,11:49,54.40,54.40,53.10,53.50,500,21050
20220602,11:50,53.15,53.15,52.05,52.05,75,21125
20220602,11:51,52.55,53.75,52.55,53.50,375,21125
20220602,11:52,54.10,54.50,54.10,54.50,50,21125
20220602,11:53,53.90,53.90,53.90,53.90,150,21250
20220602,11:54,53.20,53.25,53.20,53.25,75,21250
20220602,11:55,53.00,53.00,51.20,51.20,325,21250
20220602,11:56,52.15,53.20,52.15,53.20,75,21250
20220602,11:57,54.30,54.30,53.90,54.10,475,21175
20220602,11:58,54.15,54.70,54.15,54.70,100,21175
20220602,11:59,53.55,53.55,53.55,53.55,25,21175
20220602,12:00,53.20,53.20,53.15,53.15,50,21275
20220602,12:01,53.30,53.55,52.95,52.95,400,21275
20220602,12:02,53.35,53.35,51.70,51.70,150,21275
20220602,12:03,51.50,53.00,51.50,52.70,375,21500
20220602,12:04,52.80,53.00,52.35,53.00,525,21500
20220602,12:05,53.40,53.40,53.15,53.20,250,21500
20220602,12:06,53.20,53.20,52.95,52.95,175,21700
20220602,12:07,52.90,52.90,52.90,52.90,25,21700
20220602,12:09,52.60,52.60,52.60,52.60,100,21625
20220602,12:12,51.80,51.80,51.45,51.45,300,21675
20220602,12:13,51.55,51.65,51.55,51.65,150,21675
20220602,12:14,52.90,52.90,52.90,52.90,25,21675
20220602,12:15,54.05,54.05,52.65,52.65,225,21700
20220602,12:16,52.75,52.75,52.75,52.75,400,21700
20220602,12:17,52.15,52.15,52.15,52.15,25,21700
20220602,12:18,52.55,52.55,52.55,52.55,125,21950
20220602,12:20,50.70,51.40,50.70,51.40,100,21950
20220602,12:21,52.55,52.55,52.55,52.55,25,21950
20220602,12:22,52.40,52.40,51.75,51.75,125,21950
20220602,12:23,50.45,51.50,50.40,51.40,425,21975
20220602,12:24,50.80,53.00,50.80,53.00,250,21975
20220602,12:25,52.40,52.40,52.40,52.40,125,21975
20220602,12:26,52.30,52.30,52.30,52.30,25,21975
20220602,12:27,52.20,52.20,51.40,51.40,125,22100
20220602,12:28,50.35,50.35,49.70,49.70,50,22100
20220602,12:29,51.65,51.65,51.65,51.65,50,22100
20220602,12:30,50.90,51.00,50.90,51.00,75,22075
20220602,12:31,51.70,51.70,51.70,51.70,25,22075
20220602,12:33,51.35,52.40,51.35,52.40,325,22075
20220602,12:34,52.35,52.35,49.75,49.75,575,22075
20220602,12:35,49.80,51.85,48.50,51.85,450,22075
20220602,12:36,50.55,51.20,50.55,51.20,75,22375
20220602,12:37,51.35,51.80,51.00,51.00,200,22375
20220602,12:38,51.40,53.00,51.40,52.50,375,22375
20220602,12:39,53.00,53.50,53.00,53.15,475,22400
20220602,12:40,52.90,53.40,52.90,53.40,200,22400
20220602,12:41,52.75,53.30,52.25,53.30,150,22400
20220602,12:42,53.95,53.95,53.40,53.40,125,22550
20220602,12:43,53.30,53.65,52.00,52.00,375,22550
20220602,12:44,52.60,52.60,52.60,52.60,25,22550
20220602,12:45,52.10,52.80,52.10,52.80,400,22525
20220602,12:46,52.90,52.90,52.50,52.50,300,22525
20220602,12:47,52.50,52.50,52.50,52.50,25,22525
20220602,12:48,52.65,52.65,52.65,52.65,100,22725
20220602,12:49,52.80,52.80,52.10,52.10,150,22725
20220602,12:53,52.10,52.10,52.10,52.10,125,22975
20220602,12:54,53.10,53.10,53.05,53.05,75,23100
20220602,12:55,52.85,52.95,50.70,50.70,175,23100
20220602,12:56,50.60,50.60,49.20,49.20,300,23100
20220602,12:57,51.25,51.25,51.25,51.25,100,23100
20220602,12:59,52.00,52.00,51.15,51.15,100,23375
20220602,13:00,50.85,50.85,50.55,50.55,1275,23275
20220602,13:01,50.95,51.00,49.45,50.20,475,23275
20220602,13:02,51.00,51.60,51.00,51.45,275,23275
20220602,13:03,52.25,53.40,52.25,53.30,375,24550
20220602,13:04,54.05,57.30,54.05,54.65,1450,24550
20220602,13:06,55.70,55.80,54.30,54.95,575,24350
20220602,13:07,56.05,56.05,55.70,55.70,300,24350
20220602,13:09,53.80,53.80,53.40,53.40,75,24525
20220602,13:10,54.00,54.40,54.00,54.40,150,24525
20220602,13:11,54.40,54.40,54.40,54.40,25,24525
20220602,13:12,56.00,56.00,55.05,55.05,125,24575
20220602,13:14,55.20,55.20,54.15,54.70,175,24575
20220602,13:15,54.00,54.35,54.00,54.35,1025,24625
20220602,13:16,54.55,55.40,54.55,55.40,175,24625
20220602,13:17,54.90,54.95,54.70,54.95,150,24625
20220602,13:18,55.55,56.10,55.55,56.10,425,25500
20220602,13:19,56.15,56.15,56.15,56.15,75,25500
20220602,13:20,58.30,59.10,58.30,58.85,525,25500
20220602,13:21,57.20,57.40,57.20,57.40,200,25475
20220602,13:22,57.10,57.10,56.10,56.10,250,25475
20220602,13:23,53.80,54.55,53.80,54.55,100,25475
20220602,13:24,54.05,54.05,53.70,53.70,275,25425
20220602,13:25,52.80,53.65,52.80,53.00,350,25425
20220602,13:26,54.80,54.80,54.00,54.05,100,25425
20220602,13:27,54.45,55.50,54.45,55.50,75,25400
20220602,13:28,54.85,54.85,54.85,54.85,25,25400
20220602,13:30,53.65,54.90,53.65,54.90,1225,25500
20220602,13:31,55.00,56.45,54.80,55.50,1350,25500
20220602,13:32,56.30,56.30,53.65,53.65,425,25500
20220602,13:33,53.30,53.65,53.30,53.65,225,26925
20220602,13:34,50.35,50.80,48.00,49.80,650,26925
20220602,13:35,49.85,51.95,49.70,51.95,1500,26925
20220602,13:36,51.50,53.10,51.50,52.40,425,28375
20220602,13:37,53.05,53.80,52.00,52.00,175,28375
20220602,13:38,50.65,50.65,50.65,50.65,25,28375
20220602,13:39,51.40,51.40,50.35,50.70,1200,28375
20220602,13:40,50.65,50.90,50.65,50.90,50,28375
20220602,13:41,50.10,51.30,50.10,50.15,200,28375
20220602,13:42,48.00,49.50,48.00,49.25,800,28950
20220602,13:43,49.30,49.30,46.35,47.40,750,28950
20220602,13:44,47.90,48.20,45.40,45.75,1150,28950
20220602,13:45,46.15,47.50,43.85,43.85,1400,29650
20220602,13:46,42.60,45.25,42.60,45.25,2825,29650
20220602,13:47,45.05,45.60,43.35,44.20,2425,29650
20220602,13:48,43.75,44.30,43.60,44.30,1725,31150
20220602,13:49,44.25,44.25,43.20,43.50,1275,31150
20220602,13:50,43.45,44.50,43.45,43.90,300,31150
20220602,13:51,43.65,46.45,43.65,45.40,2075,32425
20220602,13:52,46.35,47.00,45.45,47.00,2400,32425
20220602,13:53,46.70,50.15,46.30,48.65,9550,32425
20220602,13:54,48.80,50.00,47.25,47.45,6700,44700
20220602,13:55,48.40,48.40,45.75,46.95,1675,44700
20220602,13:56,46.90,47.80,46.40,47.80,1225,44700
20220602,13:57,47.35,47.35,46.40,46.40,825,45225
20220602,13:58,46.75,47.25,45.70,47.20,500,45225
20220602,13:59,47.50,47.50,46.90,47.25,1175,45225
20220602,14:00,46.60,48.15,46.60,47.70,525,46100
20220602,14:01,48.10,48.10,46.40,46.60,525,46100
20220602,14:02,47.10,47.75,47.10,47.40,1900,46100
20220602,14:03,46.45,46.45,45.55,46.10,2325,47275
20220602,14:04,45.80,46.05,44.90,45.75,650,47275
20220602,14:05,44.65,46.50,44.65,46.35,575,47275
20220602,14:06,46.50,46.50,45.80,46.00,575,48675
20220602,14:07,45.95,45.95,45.00,45.30,1175,48675
20220602,14:08,45.90,46.90,45.75,46.30,2100,48675
20220602,14:09,46.55,46.75,45.85,46.70,300,49925
20220602,14:10,46.25,47.65,46.25,46.60,3100,49925
20220602,14:11,46.55,47.20,45.45,46.65,775,49925
20220602,14:12,46.65,47.40,46.65,47.05,1400,52050
20220602,14:13,47.30,47.30,45.00,45.00,1200,52050
20220602,14:14,44.70,44.70,43.00,43.75,900,52050
20220602,14:15,43.10,43.85,43.10,43.15,325,53475
20220602,14:16,43.65,44.15,43.55,44.15,850,53475
20220602,14:17,44.00,44.00,43.30,43.80,850,53475
20220602,14:18,43.60,44.85,43.60,44.70,575,53000
20220602,14:19,44.05,44.45,43.60,43.75,1475,53000
20220602,14:20,45.05,45.05,44.00,44.55,3175,53000
20220602,14:21,44.40,45.75,44.40,45.65,1000,55950
20220602,14:22,45.20,46.15,44.05,44.60,1525,55950
20220602,14:23,44.65,45.40,44.65,45.20,250,55950
20220602,14:24,44.55,45.40,44.55,44.95,325,56350
20220602,14:25,44.45,44.45,43.80,43.80,625,56350
20220602,14:26,43.95,45.90,43.90,45.30,675,56350
20220602,14:27,44.75,45.00,44.55,44.90,825,56125
20220602,14:28,44.85,45.50,44.85,45.45,200,56125
20220602,14:29,45.95,45.95,45.35,45.75,275,56125
20220602,14:30,45.05,45.30,44.10,45.25,800,55325
20220602,14:31,44.95,44.95,44.15,44.70,350,55325
20220602,14:32,45.10,45.75,44.90,44.90,575,55325
20220602,14:33,44.95,48.65,44.95,47.10,4750,55725
20220602,14:34,46.35,46.45,45.70,45.75,150,55725
20220602,14:35,47.10,47.10,46.00,46.00,750,55725
20220602,14:36,45.95,46.55,45.10,45.10,800,55775
20220602,14:37,44.80,45.25,42.95,43.60,2700,55775
20220602,14:38,44.45,44.50,43.30,43.80,2375,55775
20220602,14:39,43.40,44.05,43.25,43.25,775,55325
20220602,14:40,42.80,43.00,42.00,42.00,4325,55325
20220602,14:41,42.60,44.25,42.55,43.35,800,55325
20220602,14:42,42.30,42.40,41.70,42.15,850,58300
20220602,14:43,42.45,42.85,42.45,42.85,625,58300
20220602,14:44,43.00,43.70,42.60,43.50,900,58300
20220602,14:45,43.40,43.70,42.95,42.95,350,59025
20220602,14:46,42.20,42.75,42.00,42.75,525,59025
20220602,14:47,42.70,42.70,42.45,42.60,275,59025
20220602,14:48,42.75,43.25,42.65,43.25,2000,60000
20220602,14:49,43.00,43.00,42.80,42.80,450,60000
20220602,14:50,42.40,42.40,41.85,41.95,300,60000
20220602,14:51,41.90,42.55,41.70,42.20,3925,60025
20220602,14:52,42.50,42.50,40.50,40.50,1775,60025
20220602,14:53,40.75,41.05,39.90,40.50,2450,60025
20220602,14:54,40.30,40.35,39.90,40.00,1025,62075
20220602,14:55,39.70,39.70,37.10,37.10,1925,62075
20220602,14:56,37.10,37.10,33.90,34.20,2900,62075
20220602,14:57,34.20,35.50,34.15,35.30,5200,64050
20220602,14:58,34.95,37.45,34.95,36.90,6200,64050
20220602,14:59,36.65,37.80,36.65,37.50,3650,64050
20220602,15:00,37.00,40.70,37.00,38.20,4350,70275
20220602,15:01,38.65,41.15,38.65,41.15,2525,70275
20220602,15:02,40.75,43.40,40.55,40.55,2525,70275
20220602,15:03,41.50,42.90,40.40,42.15,3625,69925
20220602,15:04,42.60,42.60,41.20,41.45,3650,69925
20220602,15:05,41.70,41.95,40.45,40.90,1850,69925
20220602,15:06,40.90,40.90,39.40,39.70,1375,71525
20220602,15:07,39.70,39.70,36.00,36.10,5125,71525
20220602,15:08,35.95,36.20,35.20,36.20,5100,71525
20220602,15:09,36.25,36.65,35.60,36.35,1000,70075
20220602,15:10,36.65,37.10,35.40,35.40,2275,70075
20220602,15:11,35.00,35.15,31.70,31.70,11700,70075
20220602,15:12,32.10,32.10,30.00,30.90,6625,68575
20220602,15:13,30.55,32.00,30.50,31.20,10550,68575
20220602,15:14,31.35,31.90,30.30,30.50,10400,68575
20220602,15:15,30.15,30.15,27.85,28.20,7200,68550
20220602,15:16,28.55,29.30,27.55,28.85,5600,68550
20220602,15:17,28.95,30.70,28.55,30.70,6125,68550
20220602,15:18,31.90,34.45,31.10,33.90,8650,73725
20220602,15:19,34.10,35.90,32.90,32.90,7125,73725
20220602,15:20,33.25,33.70,32.10,32.35,10425,73725
20220602,15:21,32.45,32.45,30.75,31.00,9325,64925
20220602,15:22,31.05,31.65,30.00,30.35,4900,64925
20220602,15:23,30.00,30.45,29.50,30.20,4650,64925
20220602,15:24,30.20,30.40,29.70,30.25,9975,68200
20220602,15:25,30.15,30.95,30.05,30.95,7750,68200
20220602,15:26,31.55,33.30,31.45,32.65,7250,68200
20220602,15:27,32.65,33.10,31.65,32.50,8150,68100
20220602,15:28,32.35,32.35,31.45,31.60,7525,68100
20220602,15:29,31.75,33.95,31.25,33.95,8625,68100
20220602,15:30,31.20,31.20,31.20,31.20,75,68100
20220603,09:15,21.20,21.20,13.70,15.40,22176,68300
20220603,09:16,15.50,17.80,15.45,16.15,14125,68300
20220603,09:17,16.00,17.30,16.00,17.10,10400,71300
20220603,09:18,17.15,17.25,16.75,17.00,10675,71300
20220603,09:19,16.80,17.20,16.70,17.20,10000,71300
20220603,09:20,17.15,17.50,16.70,17.35,8900,78075
20220603,09:21,17.35,17.80,17.25,17.65,2550,78075
20220603,09:22,17.70,20.00,17.70,19.50,9375,78075
20220603,09:23,19.55,22.35,19.50,21.50,9650,75300
20220603,09:24,21.75,21.75,20.00,20.60,15325,75300
20220603,09:25,20.50,21.95,20.25,21.80,12825,75300
20220603,09:26,21.90,22.55,21.50,22.15,15175,82200
20220603,09:27,22.10,22.15,21.40,22.15,14125,82200
20220603,09:28,21.95,22.05,20.65,20.65,13950,82200
20220603,09:29,20.45,20.65,20.00,20.60,10675,87825
20220603,09:30,20.70,21.60,20.45,21.40,6450,87825
20220603,09:31,21.60,21.65,20.35,20.35,9150,87825
20220603,09:32,20.45,21.10,20.25,20.95,5275,89750
20220603,09:33,20.80,21.00,20.15,21.00,6800,89750
20220603,09:34,20.85,21.30,20.60,20.60,5675,89750
20220603,09:35,20.25,20.40,20.00,20.15,4225,94525
20220603,09:36,20.20,20.40,19.80,20.05,2825,94525
20220603,09:37,19.95,20.10,19.40,20.10,11000,94525
20220603,09:38,20.20,20.20,19.85,20.20,5125,91050
20220603,09:39,20.25,21.00,20.20,20.75,4525,91050
20220603,09:40,20.90,20.90,20.25,20.35,2175,91050
20220603,09:41,20.35,21.15,20.35,20.70,2025,92200
20220603,09:42,20.80,20.95,20.45,20.85,2450,92200
20220603,09:43,20.85,21.10,20.75,20.95,4700,92200
20220603,09:44,21.00,21.25,20.35,20.70,7325,93675
20220603,09:45,20.75,20.75,19.90,20.00,4975,93675
20220603,09:46,19.95,19.95,19.50,19.50,4525,93675
20220603,09:47,19.50,20.10,19.50,19.90,1350,98900
20220603,09:48,19.95,20.40,19.95,20.30,4150,98900
20220603,09:49,20.20,20.65,20.20,20.60,5550,98900
20220603,09:50,20.55,20.65,20.30,20.30,3275,98750
20220603,09:51,20.60,20.60,19.35,19.70,4350,98750
20220603,09:52,19.55,19.75,19.55,19.65,2275,98750
20220603,09:53,19.55,19.70,19.30,19.30,2950,100300
20220603,09:54,19.30,19.65,19.15,19.35,7675,100300
20220603,09:55,19.30,19.40,19.00,19.35,8200,100300
20220603,09:56,19.45,19.55,19.30,19.35,1750,101025
20220603,09:57,19.40,19.55,19.35,19.45,1950,101025
20220603,09:58,19.50,19.75,19.15,19.20,2975,101025
20220603,09:59,19.15,19.15,18.55,18.55,3700,100700
20220603,10:00,18.45,18.60,18.05,18.50,1825,100700
20220603,10:01,18.40,18.90,18.30,18.80,7100,100700
20220603,10:02,18.90,19.40,18.85,19.40,1075,102725
20220603,10:03,19.25,19.35,19.05,19.30,3325,102725
20220603,10:04,19.20,19.30,19.10,19.15,675,102725
20220603,10:05,19.25,19.65,19.10,19.40,6275,102175
20220603,10:06,19.30,19.75,19.30,19.75,3625,102175
20220603,10:07,19.60,20.25,19.60,20.05,6825,102175
20220603,10:08,20.05,20.20,19.65,20.20,2225,103825
20220603,10:09,20.10,20.25,19.55,19.70,5125,103825
20220603,10:10,19.65,20.25,19.65,19.85,2475,103825
20220603,10:11,19.85,19.95,19.55,19.60,5525,105675
20220603,10:12,19.45,19.90,19.30,19.30,2425,105675
20220603,10:13,19.25,19.30,18.90,19.10,1575,105675
20220603,10:14,19.30,19.60,19.15,19.15,2450,106175
20220603,10:15,19.10,19.30,18.90,19.05,1400,106175
20220603,10:16,19.25,19.60,19.05,19.50,2575,106175
20220603,10:17,19.35,19.75,19.35,19.75,1600,108200
20220603,10:18,19.80,19.80,19.45,19.60,1050,108200
20220603,10:19,19.90,20.35,19.90,20.05,6475,108200
20220603,10:20,19.85,20.10,19.85,19.95,1175,108475
20220603,10:21,19.95,20.10,19.50,19.85,3275,108475
20220603,10:22,19.85,19.90,19.40,19.50,3725,108475
20220603,10:23,19.45,19.45,19.15,19.25,3325,111050
20220603,10:24,19.20,20.30,19.20,20.30,3550,111050
20220603,10:25,20.10,21.20,19.80,19.80,10750,111050
20220603,10:26,19.80,19.95,19.65,19.95,5050,115100
20220603,10:27,20.00,21.00,20.00,20.65,6225,115100
20220603,10:28,20.75,21.00,20.30,20.35,5475,115100
20220603,10:29,20.35,20.55,20.10,20.45,900,114525
20220603,10:30,20.40,20.75,20.40,20.45,2675,114525
20220603,10:31,20.40,20.65,20.35,20.60,1425,114525
20220603,10:32,20.55,20.85,20.45,20.75,1400,114350
20220603,10:33,20.65,21.10,20.60,21.00,5150,114350
20220603,10:34,21.00,21.00,20.55,20.90,1375,114350
20220603,10:35,20.85,20.85,20.20,20.40,1275,113950
20220603,10:36,20.40,20.40,19.90,20.25,5500,113950
20220603,10:37,20.25,20.50,20.20,20.45,2500,113950
20220603,10:38,20.35,20.80,20.25,20.40,1925,115500
20220603,10:39,20.40,21.55,20.40,21.25,5425,115500
20220603,10:40,21.25,21.45,20.80,20.95,9475,115500
20220603,10:41,20.95,21.95,20.85,21.95,4525,117625
20220603,10:42,22.00,22.25,21.50,21.75,11100,117625
20220603,10:43,21.75,21.95,21.35,21.65,8025,117625
20220603,10:44,21.75,22.90,21.65,22.90,11700,119875
20220603,10:45,22.75,22.75,21.90,22.05,6375,119875
20220603,10:46,22.00,22.30,21.65,22.20,4500,119875
20220603,10:47,22.15,22.80,22.00,22.80,7050,120400
20220603,10:48,22.75,22.75,22.30,22.35,4775,120400
20220603,10:49,22.50,22.50,21.95,22.25,5950,120400
20220603,10:50,22.25,22.25,21.40,21.45,3450,121925
20220603,10:51,21.55,22.20,21.05,21.65,5225,121925
20220603,10:52,21.70,21.90,21.00,21.35,2825,121925
20220603,10:53,21.25,21.50,20.90,21.50,4675,122350
20220603,10:54,21.35,21.45,21.05,21.20,3350,122350
20220603,10:55,21.20,21.50,21.10,21.40,2475,122350
20220603,10:56,21.35,21.50,21.25,21.50,1475,118675
20220603,10:57,21.35,21.60,20.45,20.60,5975,118675
20220603,10:58,20.35,20.65,19.90,20.10,2750,118675
20220603,10:59,20.15,20.20,19.80,19.90,2400,118700
20220603,11:00,19.45,19.85,19.20,19.85,2600,118700
20220603,11:01,19.80,20.10,19.80,20.05,725,118700
20220603,11:02,20.05,20.10,19.95,20.10,1375,117725
20220603,11:03,20.15,20.45,20.00,20.45,1475,117725
20220603,11:04,20.40,20.90,20.40,20.70,3225,117725
20220603,11:05,20.75,21.10,20.75,21.05,1925,118850
20220603,11:06,21.00,21.05,20.50,20.60,3750,118850
20220603,11:07,20.70,20.85,20.30,20.60,2300,118850
20220603,11:08,20.55,20.60,20.15,20.15,2350,119375
20220603,11:09,20.15,20.55,20.15,20.30,1625,119375
20220603,11:10,20.25,20.50,20.15,20.35,900,119375
20220603,11:11,20.15,20.25,20.15,20.25,100,120875
20220603,11:12,20.00,20.20,19.90,20.20,1925,120875
20220603,11:13,20.25,20.40,20.10,20.30,1475,120875
20220603,11:14,20.50,20.60,20.40,20.40,1775,121800
20220603,11:15,20.55,20.80,20.25,20.25,2500,121800
20220603,11:16,20.15,20.50,20.15,20.30,2025,121800
20220603,11:17,20.15,20.50,20.15,20.50,900,122500
20220603,11:18,20.30,20.55,20.00,20.35,2375,122500
20220603,11:19,20.25,20.55,20.25,20.50,1525,122500
20220603,11:20,20.40,20.45,19.90,20.15,2550,124225
20220603,11:21,20.35,20.95,20.30,20.65,1350,124225
20220603,11:22,20.75,20.80,20.30,20.40,1325,124225
20220603,11:23,20.25,20.40,20.10,20.35,600,124925
20220603,11:24,20.30,20.45,20.25,20.40,1950,124925
20220603,11:25,20.25,20.40,19.95,20.35,1425,124925
20220603,11:26,20.25,20.50,20.25,20.35,100,124925
20220603,11:27,20.25,20.35,20.20,20.20,100,125000
20220603,11:28,20.15,20.15,19.90,20.05,550,125000
20220603,11:29,20.10,20.25,19.65,19.95,2950,124375
20220603,11:30,19.95,19.95,19.65,19.90,275,124375
20220603,11:31,20.05,20.20,19.95,20.05,300,124375
20220603,11:32,19.80,19.85,19.80,19.85,175,124375
20220603,11:33,19.90,20.05,19.80,20.05,175,124525
20220603,11:34,19.80,19.80,19.50,19.60,450,124525
20220603,11:35,19.65,19.95,19.65,19.85,500,124425
20220603,11:36,20.00,20.10,19.95,20.10,1250,124425
20220603,11:37,19.75,19.75,19.00,19.15,2350,124425
20220603,11:38,19.25,19.30,18.80,19.20,2625,125000
20220603,11:39,19.30,19.80,19.25,19.80,775,125000
20220603,11:40,20.00,20.30,19.35,19.35,1850,125000
20220603,11:41,19.30,19.40,19.05,19.10,225,124925
20220603,11:42,19.15,19.85,19.05,19.15,1775,124925
20220603,11:43,19.10,19.30,18.70,18.85,2525,124925
20220603,11:44,18.95,19.10,18.85,18.85,1400,123775
20220603,11:45,18.75,19.05,18.70,19.00,2275,123775
20220603,11:46,18.85,19.00,18.85,18.85,3075,123775
20220603,11:47,18.85,18.95,18.65,18.90,725,121250
20220603,11:48,18.85,19.15,18.55,19.15,950,121250
20220603,11:49,19.10,19.15,18.50,18.60,2875,121250
20220603,11:50,18.55,18.80,18.40,18.80,1175,121750
20220603,11:51,18.70,18.90,18.70,18.80,1450,121750
20220603,11:52,18.80,18.80,18.35,18.65,950,121750
20220603,11:53,18.65,18.80,18.60,18.80,300,121675
20220603,11:54,18.85,18.85,18.50,18.75,1125,121675
20220603,11:55,18.60,19.00,18.60,18.85,2800,121675
20220603,11:56,18.75,19.10,18.75,19.05,600,123450
20220603,11:57,19.25,19.25,19.00,19.15,2250,123450
20220603,11:58,19.25,19.35,18.95,18.95,650,123450
20220603,11:59,19.00,19.30,18.80,19.30,3125,125850
20220603,12:00,19.15,19.25,19.10,19.10,350,125850
20220603,12:01,19.05,19.20,18.90,18.90,300,125850
20220603,12:02,19.10,19.10,18.85,18.90,1425,126275
20220603,12:03,18.80,19.30,18.70,19.00,6500,126275
20220603,12:04,19.00,19.15,19.00,19.05,325,126275
20220603,12:05,19.00,19.20,18.95,18.95,1050,129950
20220603,12:06,19.00,19.00,18.75,18.80,1675,129950
20220603,12:07,18.80,19.10,18.80,19.00,1200,129950
20220603,12:08,18.90,19.05,18.85,19.00,1850,129550
20220603,12:09,18.90,19.20,18.90,19.20,2850,129550
20220603,12:10,19.15,19.25,18.90,19.10,2200,129550
20220603,12:11,19.00,19.25,19.00,19.25,1300,131150
20220603,12:12,19.10,19.10,19.00,19.00,475,131150
20220603,12:13,19.10,19.10,18.85,19.05,1125,131150
20220603,12:14,19.10,19.20,19.10,19.20,900,132425
20220603,12:15,19.05,19.10,18.90,19.00,200,132425
20220603,12:16,19.25,19.40,19.10,19.40,175,132425
20220603,12:17,19.35,19.60,19.30,19.35,2050,132425
20220603,12:18,19.50,19.65,19.50,19.50,975,132725
20220603,12:19,19.30,19.60,19.15,19.60,1200,132725
20220603,12:20,19.75,20.10,19.75,20.10,1575,133850
20220603,12:21,19.95,20.00,19.70,19.75,4875,133850
20220603,12:22,19.75,20.05,19.65,20.05,2050,133850
20220603,12:23,20.05,20.45,20.00,20.45,2950,138175
20220603,12:24,20.25,24.75,20.25,23.70,37775,138175
20220603,12:25,23.90,24.95,22.80,23.25,12550,138175
20220603,12:26,23.05,24.00,22.90,23.35,6750,135200
20220603,12:27,23.25,23.75,22.85,23.20,4350,135200
20220603,12:28,23.05,24.65,23.05,24.40,6125,135200
20220603,12:29,24.55,24.55,23.40,23.75,4825,136400
20220603,12:30,23.80,29.45,23.80,27.95,37050,136400
20220603,12:31,28.00,30.15,27.75,29.80,24525,136400
20220603,12:32,29.90,30.70,29.00,30.30,19350,141650
20220603,12:33,30.30,31.00,28.85,29.00,11375,141650
20220603,12:34,28.80,28.90,27.80,28.80,3475,141650
20220603,12:35,29.10,30.05,28.80,28.85,5600,140375
20220603,12:36,28.75,29.25,27.95,28.30,6875,140375
20220603,12:37,28.30,28.40,27.40,27.65,7550,140375
20220603,12:38,28.10,28.75,27.70,28.35,3925,141375
20220603,12:39,28.20,28.20,26.50,26.60,5300,141375
20220603,12:40,26.50,26.65,25.60,25.60,7400,141375
20220603,12:41,25.60,26.15,25.45,26.05,4025,142475
20220603,12:42,26.05,26.05,24.20,24.65,8575,142475
20220603,12:43,24.20,24.25,22.90,22.95,5975,142475
20220603,12:44,23.25,23.40,22.35,22.60,10475,141025
20220603,12:45,22.35,22.35,21.40,22.20,6800,141025
20220603,12:46,22.35,22.65,21.60,22.50,4975,141025
20220603,12:47,22.55,23.00,22.10,22.85,4625,141650
20220603,12:48,23.00,23.60,22.85,23.40,3875,141650
20220603,12:49,23.40,24.25,23.40,24.15,6850,141650
20220603,12:50,24.15,24.40,23.55,24.30,2450,141650
20220603,12:51,24.40,24.45,23.50,23.65,2625,140475
20220603,12:52,23.85,24.95,23.85,24.90,3425,140475
20220603,12:53,24.60,25.30,24.50,24.95,2725,140475
20220603,12:54,24.80,26.70,24.60,26.15,3850,140850
20220603,12:55,26.20,27.25,25.25,27.25,9650,140850
20220603,12:56,27.10,27.60,26.90,27.40,4200,140850
20220603,12:57,27.30,27.30,26.30,27.25,8125,141650
20220603,12:58,27.15,27.15,26.30,26.85,1900,141650
20220603,12:59,26.85,27.35,26.55,26.55,3350,141650
20220603,13:00,26.55,28.05,26.45,26.60,9550,137450
20220603,13:01,26.60,26.60,24.80,25.70,4700,137450
20220603,13:02,25.90,26.15,25.35,25.70,1275,137450
20220603,13:03,25.65,25.65,25.20,25.50,1750,139425
20220603,13:04,25.40,25.95,25.30,25.95,1800,139425
20220603,13:05,25.90,26.65,25.90,26.05,1200,139425
20220603,13:06,26.00,26.45,26.00,26.25,275,139600
20220603,13:07,25.95,25.95,25.10,25.55,3375,139600
20220603,13:08,25.50,25.95,25.50,25.70,700,139600
20220603,13:09,25.55,25.85,25.45,25.60,2075,138350
20220603,13:10,25.30,25.45,24.70,24.75,1550,138350
20220603,13:11,24.80,24.90,23.80,24.75,1900,138350
20220603,13:12,24.85,25.70,24.75,25.70,2150,138175
20220603,13:13,25.55,25.80,25.10,25.55,1500,138175
20220603,13:14,25.30,25.40,24.75,25.40,1400,138175
20220603,13:15,25.55,25.60,25.25,25.35,675,137675
20220603,13:16,25.30,25.40,25.00,25.05,1675,137675
20220603,13:17,24.95,26.00,24.95,26.00,2325,137675
20220603,13:18,26.10,26.35,24.90,24.90,4700,137825
20220603,13:19,25.30,25.65,25.30,25.55,1775,137825
20220603,13:20,25.60,26.25,25.50,26.25,925,137825
20220603,13:21,26.10,26.50,25.35,25.35,5825,141650
20220603,13:22,25.15,25.50,23.50,25.50,10025,141650
20220603,13:23,25.40,25.90,25.30,25.85,3150,141650
20220603,13:24,25.80,25.90,25.65,25.65,975,141600
20220603,13:25,25.85,29.15,25.85,27.15,10350,141600
20220603,13:26,26.70,27.45,25.75,25.75,7325,141600
20220603,13:27,26.15,27.10,26.15,27.10,1675,142025
20220603,13:28,26.60,27.75,26.35,27.50,1875,142025
20220603,13:29,27.70,28.30,27.55,28.15,3275,142025
20220603,13:30,28.15,29.70,27.80,27.80,6650,141400
20220603,13:31,27.40,29.15,27.35,29.00,2325,141400
20220603,13:32,29.45,30.10,29.10,29.20,6825,141400
20220603,13:33,29.25,29.25,27.55,28.80,3325,141625
20220603,13:34,28.55,28.70,28.00,28.00,3600,141625
20220603,13:35,27.75,28.00,27.45,27.65,4575,141625
20220603,13:36,27.60,27.90,27.45,27.85,3975,146625
20220603,13:37,27.80,28.90,27.80,28.75,5175,146625
20220603,13:38,28.80,28.80,28.00,28.30,3925,146625
20220603,13:39,28.40,28.80,28.20,28.65,1525,148300
20220603,13:40,28.80,28.85,28.20,28.20,2750,148300
20220603,13:41,28.30,28.55,27.40,27.95,4900,148300
20220603,13:42,27.95,28.30,27.70,28.15,7150,146750
20220603,13:43,28.25,28.80,27.70,28.15,5375,146750
20220603,13:44,27.95,28.65,27.85,28.50,3425,146750
20220603,13:45,28.60,29.60,26.60,26.95,17350,146575
20220603,13:46,27.20,27.90,26.00,27.75,5325,146575
20220603,13:47,27.80,28.35,27.50,28.15,2225,146575
20220603,13:48,28.20,29.00,28.05,28.35,1800,144300
20220603,13:49,28.75,28.80,27.75,27.90,3225,144300
20220603,13:50,27.75,28.55,27.75,28.15,3850,144300
20220603,13:51,28.10,28.10,27.50,27.75,2375,144000
20220603,13:52,27.75,27.90,26.80,27.05,2150,144000
20220603,13:53,27.20,27.60,26.65,26.80,950,144000
20220603,13:54,26.85,26.90,26.25,26.75,3200,144625
20220603,13:55,26.80,27.70,26.55,27.35,10175,144625
20220603,13:56,27.05,27.25,26.65,27.05,3525,144625
20220603,13:57,27.25,27.40,27.05,27.25,2400,142400
20220603,13:58,27.75,27.95,27.25,27.25,2450,142400
20220603,13:59,27.75,28.10,27.40,27.75,1650,142400
20220603,14:00,27.65,27.65,26.80,27.45,2400,142675
20220603,14:01,27.55,28.45,27.55,27.95,7075,142675
20220603,14:02,27.85,28.50,27.70,28.25,2250,142675
20220603,14:03,28.55,28.55,27.80,27.80,975,138750
20220603,14:04,27.60,27.80,27.40,27.45,7550,138750
20220603,14:05,27.50,27.80,26.50,27.20,2750,138750
20220603,14:06,27.10,27.10,26.65,26.70,1350,143500
20220603,14:07,26.25,26.25,24.60,25.40,13700,143500
20220603,14:08,25.10,25.75,25.10,25.75,4275,143500
20220603,14:09,25.60,26.75,25.60,26.35,2950,135925
20220603,14:10,26.75,26.75,26.15,26.70,2675,135925
20220603,14:11,26.65,27.00,26.25,26.75,575,135925
20220603,14:12,26.60,26.75,25.75,26.15,2650,137175
20220603,14:13,25.85,26.00,25.75,25.75,4100,137175
20220603,14:14,25.75,26.55,25.30,25.40,5625,137175
20220603,14:15,25.20,25.75,24.50,25.50,8425,141175
20220603,14:16,25.00,25.00,24.10,24.25,7200,141175
20220603,14:17,24.55,25.20,24.30,25.20,2675,141175
20220603,14:18,25.05,25.50,24.95,24.95,7575,139850
20220603,14:19,24.95,26.00,24.95,26.00,4950,139850
20220603,14:20,26.35,28.75,26.25,28.40,11225,139850
20220603,14:21,29.60,33.00,28.50,32.45,44675,138450
20220603,14:22,32.50,34.90,32.50,34.80,24150,138450
20220603,14:23,34.80,36.60,33.65,33.90,27800,138450
20220603,14:24,34.10,35.00,33.35,34.75,8075,143875
20220603,14:25,34.75,35.05,33.60,34.35,9400,143875
20220603,14:26,34.35,34.80,33.15,33.15,11750,143875
20220603,14:27,33.00,35.85,32.70,35.70,19025,144650
20220603,14:28,35.45,37.85,35.10,37.00,17475,144650
20220603,14:29,37.15,37.90,34.85,35.00,14050,144650
20220603,14:30,34.90,35.85,34.05,34.05,6575,144650
20220603,14:31,34.55,36.65,34.40,36.55,9425,144650
20220603,14:32,36.80,39.15,36.55,37.05,18325,144650
20220603,14:33,37.30,38.45,37.00,37.00,18250,145475
20220603,14:34,36.90,37.25,35.95,36.50,7825,145475
20220603,14:35,36.45,36.50,35.05,36.45,6650,145475
20220603,14:36,36.35,36.40,34.35,35.55,3900,145800
20220603,14:37,35.45,35.65,34.45,34.70,3500,145800
20220603,14:38,34.45,34.45,32.95,33.55,7100,145800
20220603,14:39,33.30,33.75,32.05,32.35,5500,147975
20220603,14:40,32.00,33.00,31.15,31.35,5350,147975
20220603,14:41,31.40,33.90,31.05,33.55,4900,147975
20220603,14:42,33.90,34.95,33.40,33.40,4725,147950
20220603,14:43,33.55,35.00,33.40,34.50,5250,147950
20220603,14:44,34.50,34.90,33.60,34.90,6950,147950
20220603,14:45,34.85,37.30,34.80,37.20,9675,149525
20220603,14:46,37.35,39.50,37.35,38.50,19650,149525
20220603,14:47,38.00,41.60,37.20,41.45,31625,149525
20220603,14:48,42.25,43.00,39.25,40.65,24825,142900
20220603,14:49,40.55,44.70,40.00,44.30,9925,142900
20220603,14:50,44.40,45.90,42.45,42.70,13825,142900
20220603,14:51,43.50,43.95,42.40,42.65,5725,139300
20220603,14:52,42.55,43.45,40.50,40.50,3675,139300
20220603,14:53,40.00,41.30,39.55,40.45,6075,139300
20220603,14:54,41.00,43.05,40.95,42.00,6300,139000
20220603,14:55,40.75,43.15,40.25,42.80,2725,139000
20220603,14:56,42.15,43.15,41.90,43.05,3450,139000
20220603,14:57,42.90,43.30,40.85,41.75,5675,139300
20220603,14:58,41.85,48.30,41.85,48.20,21650,139300
20220603,14:59,47.30,47.40,44.65,46.00,21975,139300
20220603,15:00,46.40,47.65,42.50,44.65,21825,136725
20220603,15:01,44.60,44.75,41.70,41.95,11475,136725
20220603,15:02,41.90,44.10,39.85,43.60,12750,136725
20220603,15:03,42.80,46.10,42.80,45.85,9525,136175
20220603,15:04,46.50,49.40,44.45,44.45,16550,136175
20220603,15:05,44.45,45.15,42.65,43.85,10200,136175
20220603,15:06,43.25,46.50,43.15,46.10,8450,134525
20220603,15:07,45.15,46.25,44.20,44.95,9150,134525
20220603,15:08,44.70,44.85,42.75,42.75,6550,134525
20220603,15:09,43.15,44.55,43.05,43.15,6625,136225
20220603,15:10,42.50,42.95,40.65,42.40,10650,136225
20220603,15:11,43.00,44.15,42.55,43.00,11850,136225
20220603,15:12,43.00,43.55,41.60,42.90,8950,143400
20220603,15:13,42.85,43.15,41.35,41.60,4975,143400
20220603,15:14,41.70,42.85,41.25,41.45,8275,143400
20220603,15:15,41.45,42.15,37.50,37.50,14425,141700
20220603,15:16,38.00,40.60,38.00,39.40,7900,141700
20220603,15:17,39.00,39.00,35.40,36.75,20750,141700
20220603,15:18,37.20,37.50,35.35,35.35,12675,140775
20220603,15:19,35.15,35.40,33.20,33.65,10525,140775
20220603,15:20,33.30,33.30,30.80,31.60,25650,140775
20220603,15:21,31.50,32.20,31.20,32.15,8275,138425
20220603,15:22,32.90,33.65,30.30,32.75,17325,138425
20220603,15:23,32.70,33.90,32.25,33.90,21425,138425
20220603,15:24,33.70,37.00,33.70,37.00,22200,134950
20220603,15:25,36.90,37.60,35.20,37.60,34700,134950
20220603,15:26,37.65,38.25,35.20,37.40,17350,134950
20220603,15:27,37.45,37.75,35.30,35.85,18850,129400
20220603,15:28,35.75,35.75,33.70,34.85,16750,129400
20220603,15:29,34.75,35.55,33.00,33.00,20875,129400
20220606,09:15,35.00,38.55,30.10,30.75,37677,123800
20220606,09:16,30.60,30.70,25.80,26.20,24225,123800
20220606,09:17,26.25,28.50,26.10,27.70,22300,135950
20220606,09:18,27.55,28.60,27.10,27.30,11500,135950
20220606,09:19,27.60,28.20,26.10,26.90,8075,135950
20220606,09:20,26.65,27.70,25.40,27.00,16500,141250
20220606,09:21,27.05,27.50,26.50,26.60,10250,141250
20220606,09:22,26.85,28.30,26.25,28.00,14900,141250
20220606,09:23,28.40,31.15,28.10,31.10,22225,150150
20220606,09:24,31.40,35.10,30.15,33.25,36025,150150
20220606,09:25,33.50,35.05,33.20,34.55,14875,150150
20220606,09:26,34.45,34.45,32.00,32.15,9425,151150
20220606,09:27,32.40,36.70,32.40,35.75,13800,151150
20220606,09:28,35.80,35.85,34.55,34.85,14150,151150
20220606,09:29,34.60,36.30,34.20,36.00,8450,156750
20220606,09:30,36.15,37.55,35.00,36.25,14875,156750
20220606,09:31,36.60,38.90,36.30,38.60,13325,156750
20220606,09:32,39.25,40.45,38.10,38.55,31225,149225
20220606,09:33,38.60,39.75,35.70,36.00,11875,149225
20220606,09:34,36.55,36.90,34.60,34.60,14175,149225
20220606,09:35,34.30,35.00,32.95,34.45,11425,158650
20220606,09:36,34.55,35.25,34.35,34.50,8325,158650
20220606,09:37,34.40,35.00,33.60,34.30,5925,158650
20220606,09:38,34.45,36.10,34.25,36.05,6100,163125
20220606,09:39,36.10,36.25,35.20,35.80,6250,163125
20220606,09:40,35.80,37.30,35.25,36.70,15150,163125
20220606,09:41,36.65,37.45,35.45,37.45,7925,161900
20220606,09:42,37.00,38.15,35.70,35.70,12525,161900
20220606,09:43,35.70,37.30,35.30,37.15,8225,161900
20220606,09:44,37.10,38.85,35.45,36.15,7800,169925
20220606,09:45,35.80,36.45,34.30,34.90,11150,169925
20220606,09:46,34.55,34.65,32.70,33.30,9625,169925
20220606,09:47,33.25,33.85,32.50,33.55,5625,173400
20220606,09:48,33.55,33.85,30.85,31.00,13850,173400
20220606,09:49,30.75,31.65,28.95,28.95,19950,173400
20220606,09:50,28.95,29.45,27.50,28.60,16525,175125
20220606,09:51,28.80,29.95,28.10,29.00,18325,175125
20220606,09:52,29.10,29.80,28.75,29.25,5625,175125
20220606,09:53,29.20,29.80,28.55,29.65,9325,181275
20220606,09:54,29.80,29.80,28.70,29.50,5975,181275
20220606,09:55,29.45,29.45,27.65,29.05,14800,181275
20220606,09:56,29.10,29.25,27.80,28.10,6325,186875
20220606,09:57,27.85,29.10,27.85,29.10,7325,186875
20220606,09:58,29.20,29.50,28.30,28.90,6300,186875
20220606,09:59,28.95,29.25,27.70,28.45,9325,186775
20220606,10:00,28.30,28.80,26.40,26.40,8875,186775
20220606,10:01,26.70,27.25,25.30,25.30,19025,186775
20220606,10:02,25.30,25.30,23.35,24.05,18000,189050
20220606,10:03,24.05,24.75,23.85,24.55,13075,189050
20220606,10:04,24.30,25.85,24.30,25.75,11325,189050
20220606,10:05,25.65,26.85,25.65,26.45,11000,189825
20220606,10:06,26.35,27.80,26.35,27.40,15500,189825
20220606,10:07,27.20,27.45,25.65,26.55,8275,189825
20220606,10:08,26.00,27.05,25.95,27.05,3900,192300
20220606,10:09,27.00,27.40,26.75,27.05,5700,192300
20220606,10:10,27.35,27.70,26.65,27.55,5350,192300
20220606,10:11,27.55,28.00,27.10,27.10,6875,195950
20220606,10:12,27.50,28.10,27.45,27.80,3225,195950
20220606,10:13,27.75,27.95,27.00,27.45,2050,195950
20220606,10:14,27.25,27.80,27.00,27.80,1925,196500
20220606,10:15,27.75,28.30,27.10,27.70,6925,196500
20220606,10:16,27.70,27.95,27.15,27.40,5575,196500
20220606,10:17,27.40,27.90,27.10,27.35,4450,195975
20220606,10:18,27.25,27.65,27.00,27.05,4100,195975
20220606,10:19,26.60,26.60,25.05,25.05,7250,195975
20220606,10:20,25.30,26.05,25.30,25.50,3225,197050
20220606,10:21,25.45,25.85,25.30,25.65,2500,197050
20220606,10:22,25.60,25.70,24.50,24.65,6000,197050
20220606,10:23,24.85,25.00,24.10,24.25,7225,197250
20220606,10:24,24.25,24.25,23.55,23.75,4200,197250
20220606,10:25,23.55,23.75,22.25,22.40,10575,197250
20220606,10:26,22.25,22.25,21.15,21.80,32400,197175
20220606,10:27,21.70,21.75,21.05,21.70,34025,197175
20220606,10:28,21.55,23.25,21.50,23.10,25625,197175
20220606,10:29,23.20,23.75,22.90,23.25,18425,206000
20220606,10:30,23.20,24.25,22.75,24.05,10725,206000
20220606,10:31,24.05,24.50,23.60,24.15,10125,206000
20220606,10:32,24.10,24.50,23.70,24.10,11650,211050
20220606,10:33,24.00,24.25,23.75,24.10,4825,211050
20220606,10:34,23.90,24.20,23.45,23.90,6675,211050
20220606,10:35,24.20,24.45,23.70,24.05,3925,213675
20220606,10:36,24.05,24.30,23.70,23.75,4000,213675
20220606,10:37,23.25,24.15,23.20,23.85,4075,213675
20220606,10:38,24.00,24.05,23.50,23.75,2525,213975
20220606,10:39,23.95,23.95,23.50,23.60,3525,213975
20220606,10:40,23.60,24.40,23.60,23.85,4150,213975
20220606,10:41,23.80,24.40,23.80,23.95,5150,213175
20220606,10:42,24.10,24.60,24.05,24.60,3000,213175
20220606,10:43,24.65,24.90,24.30,24.35,4800,213175
20220606,10:44,24.75,24.75,24.20,24.25,2825,213375
20220606,10:45,24.25,24.65,24.00,24.65,3300,213375
20220606,10:46,24.40,24.85,24.30,24.40,6950,213375
20220606,10:47,24.55,25.30,24.30,25.30,7200,214575
20220606,10:48,25.20,25.90,25.10,25.60,7625,214575
20220606,10:49,25.90,25.90,24.45,24.45,6000,214575
20220606,10:50,24.45,24.85,24.20,24.50,9625,215500
20220606,10:51,24.55,25.25,23.70,23.75,10525,215500
20220606,10:52,23.65,23.75,22.65,23.05,9075,215500
20220606,10:53,23.05,23.15,22.50,22.60,8725,210525
20220606,10:54,22.60,22.80,22.15,22.45,9925,210525
20220606,10:55,22.40,22.40,21.55,21.85,14425,210525
20220606,10:56,21.70,22.25,21.65,22.05,3050,213300
20220606,10:57,22.05,22.80,21.95,22.80,5375,213300
20220606,10:58,22.65,23.20,22.50,22.75,5125,213300
20220606,10:59,22.90,22.90,22.40,22.65,3575,213975
20220606,11:00,22.50,23.10,22.40,23.05,6950,213975
20220606,11:01,22.90,23.05,22.30,22.30,5550,213975
20220606,11:02,22.30,22.90,22.30,22.60,7900,211825
20220606,11:03,22.40,22.55,21.35,21.80,14775,211825
20220606,11:04,21.65,22.10,21.50,21.90,5975,211825
20220606,11:05,21.70,22.45,21.60,22.45,12000,214800
20220606,11:06,22.30,22.30,21.60,21.80,2950,214800
20220606,11:07,21.95,22.40,21.80,21.95,6125,214800
20220606,11:08,21.85,22.25,21.80,22.10,4850,214700
20220606,11:09,21.95,22.30,21.95,22.10,2025,214700
20220606,11:10,22.05,22.45,22.05,22.45,4050,214700
20220606,11:11,22.45,23.15,22.30,23.15,8050,213150
20220606,11:12,23.15,23.50,23.00,23.20,12075,213150
20220606,11:13,23.20,23.50,22.45,22.50,4975,213150
20220606,11:14,22.40,23.10,22.40,22.70,5375,216150
20220606,11:15,22.85,23.30,22.60,22.90,4975,216150
20220606,11:16,22.95,23.40,22.70,22.80,5800,216150
20220606,11:17,22.90,23.35,22.85,23.00,5775,217200
20220606,11:18,23.10,23.75,23.00,23.30,7025,217200
20220606,11:19,23.30,23.50,22.85,22.95,4950,217200
20220606,11:20,23.00,23.70,22.60,23.35,7225,216875
20220606,11:21,23.50,23.85,23.35,23.60,4800,216875
20220606,11:22,23.55,24.00,23.30,23.60,6500,216875
20220606,11:23,23.50,23.80,23.25,23.70,4000,216800
20220606,11:24,23.60,23.85,22.50,22.50,7075,216800
20220606,11:25,22.80,23.80,22.80,23.35,4350,216800
20220606,11:26,23.40,23.60,23.30,23.50,3225,216850
20220606,11:27,23.50,23.90,23.35,23.50,2475,216850
20220606,11:28,23.55,23.95,23.30,23.30,2950,216850
20220606,11:29,23.30,23.85,23.30,23.50,4150,216975
20220606,11:30,23.70,24.25,23.45,24.25,4875,216975
20220606,11:31,24.30,24.45,24.00,24.15,7625,216975
20220606,11:32,24.25,24.55,24.05,24.45,1975,216875
20220606,11:33,24.50,24.50,24.10,24.30,4125,216875
20220606,11:34,24.35,24.80,24.20,24.35,1725,216875
20220606,11:35,24.60,25.85,24.35,25.50,9000,216300
20220606,11:36,25.50,26.40,25.40,25.45,8400,216300
20220606,11:37,25.85,25.90,24.50,24.85,13325,216300
20220606,11:38,24.80,24.80,23.75,23.95,5925,215850
20220606,11:39,23.80,23.80,23.00,23.65,5375,215850
20220606,11:40,23.45,23.70,23.20,23.60,2025,215850
20220606,11:41,23.65,25.10,23.65,24.45,10500,214625
20220606,11:42,24.25,25.45,24.25,25.45,5125,214625
20220606,11:43,25.35,25.40,24.55,24.95,6000,214625
20220606,11:44,24.70,25.35,24.20,25.35,7125,216325
20220606,11:45,25.25,26.60,25.20,26.50,27925,216325
20220606,11:46,26.25,26.60,25.40,25.70,17825,216325
20220606,11:47,25.55,26.15,25.00,25.00,10650,197550
20220606,11:48,24.80,25.15,24.45,24.80,8075,197550
20220606,11:49,25.25,25.75,24.75,25.30,9125,197550
20220606,11:50,25.15,25.15,23.90,24.70,10325,205875
20220606,11:51,24.60,24.60,23.20,23.20,4600,205875
20220606,11:52,23.15,23.45,22.70,23.40,10725,205875
20220606,11:53,23.30,23.35,22.90,22.90,3825,205175
20220606,11:54,22.65,22.90,21.85,21.95,10325,205175
20220606,11:55,21.60,23.00,21.60,22.80,8550,205175
20220606,11:56,22.80,23.05,22.30,22.55,4250,207125
20220606,11:57,22.60,22.80,22.05,22.65,6675,207125
20220606,11:58,22.45,22.85,22.15,22.45,3825,207125
20220606,11:59,22.25,22.55,21.65,22.10,3975,207675
20220606,12:00,22.15,22.60,21.85,21.90,2350,207675
20220606,12:01,21.95,22.50,21.30,21.50,6650,207675
20220606,12:02,21.35,21.35,20.55,20.70,27475,217700
20220606,12:03,20.45,21.15,20.00,20.00,13175,217700
20220606,12:04,20.30,21.30,20.30,21.30,6375,217700
20220606,12:05,21.30,21.80,21.00,21.40,5750,220525
20220606,12:06,21.25,21.85,21.25,21.60,4425,220525
20220606,12:07,21.45,21.60,20.95,21.50,4725,220525
20220606,12:08,21.55,21.85,20.65,21.75,7550,222150
20220606,12:09,21.60,21.60,20.50,20.50,7775,222150
20220606,12:10,20.35,21.10,20.30,20.95,8075,222150
20220606,12:11,20.95,20.95,20.50,20.55,8250,213475
20220606,12:12,20.45,20.95,20.35,20.55,5075,213475
20220606,12:13,20.55,20.65,19.80,19.95,7450,213475
20220606,12:14,20.00,20.00,19.00,19.20,31650,229600
20220606,12:15,19.15,19.20,18.25,19.15,16675,229600
20220606,12:16,19.10,19.25,18.45,18.75,11000,229600
20220606,12:17,18.80,19.30,18.65,19.30,11325,229800
20220606,12:18,19.35,20.00,19.30,19.80,12300,229800
20220606,12:19,19.90,19.90,19.35,19.35,4475,229800
20220606,12:20,19.40,20.10,19.10,19.75,2525,232550
20220606,12:21,19.85,20.10,19.75,19.95,2150,232550
20220606,12:22,19.95,20.20,19.50,19.85,8100,232550
20220606,12:23,19.80,20.30,19.70,19.95,6550,232700
20220606,12:24,20.15,20.35,19.75,20.20,7125,232700
20220606,12:25,20.10,20.35,19.65,20.05,6800,232700
20220606,12:26,20.05,20.20,19.50,19.80,2250,235925
20220606,12:27,19.70,19.85,19.50,19.50,1250,235925
20220606,12:28,19.50,19.50,19.10,19.40,1500,235925
20220606,12:29,19.45,19.70,19.35,19.65,2850,235925
20220606,12:30,19.45,20.25,19.00,19.60,8175,234650
20220606,12:31,19.25,19.65,19.00,19.60,3050,234650
20220606,12:32,19.50,19.70,19.20,19.30,1000,234650
20220606,12:33,19.45,19.90,19.40,19.70,1900,234900
20220606,12:34,19.65,19.75,19.15,19.25,1350,234900
20220606,12:35,19.35,19.50,18.30,18.95,3525,234775
20220606,12:36,18.95,19.60,18.85,19.45,3650,234775
20220606,12:37,19.55,20.20,19.35,20.15,5700,234775
20220606,12:38,20.20,20.50,19.40,19.50,4750,234100
20220606,12:39,19.60,20.20,19.60,20.05,2800,234100
20220606,12:40,20.15,20.65,19.95,20.45,6900,234100
20220606,12:41,20.30,20.35,19.85,19.85,1500,233475
20220606,12:42,19.80,20.15,19.65,19.85,2425,233475
20220606,12:43,19.40,19.50,19.00,19.15,2925,233475
20220606,12:44,19.00,19.60,19.00,19.10,2575,234175
20220606,12:45,19.00,19.55,18.85,19.40,4275,234175
20220606,12:46,19.55,19.65,19.10,19.25,2075,234175
20220606,12:47,19.30,19.90,18.75,18.90,2975,235225
20220606,12:48,19.05,19.05,17.35,17.80,14550,235225
20220606,12:49,17.85,18.00,17.45,17.75,9625,235225
20220606,12:50,17.80,18.20,17.60,18.20,7050,235225
20220606,12:51,18.30,18.30,17.80,18.00,6175,236125
20220606,12:52,17.80,17.80,16.90,16.90,10575,236125
20220606,12:53,17.05,17.50,16.95,17.35,4925,236125
20220606,12:54,17.45,17.55,16.95,17.15,7100,235100
20220606,12:55,17.05,18.05,17.00,17.95,8000,235100
20220606,12:56,17.90,18.40,17.85,18.40,8300,235100
20220606,12:57,18.40,18.75,18.30,18.45,16350,237175
20220606,12:58,18.70,18.70,17.75,17.80,5225,237175
20220606,12:59,17.70,18.10,17.55,17.65,3325,233575
20220606,13:00,17.70,18.10,17.60,18.10,6300,233575
20220606,13:01,18.05,18.45,17.80,18.45,2400,233575
20220606,13:02,18.50,18.80,18.30,18.60,8825,233575
20220606,13:03,18.65,18.95,18.10,18.10,4400,230750
20220606,13:04,18.30,18.30,17.80,18.20,4475,230750
20220606,13:05,18.20,18.50,17.90,18.35,2600,230750
20220606,13:06,18.40,18.80,18.15,18.15,2925,232600
20220606,13:07,18.20,18.20,17.90,18.05,1850,232600
20220606,13:08,18.00,18.55,17.85,18.30,3500,232600
20220606,13:09,18.20,18.35,17.95,18.15,2075,233250
20220606,13:10,18.10,18.20,17.85,18.20,4600,233250
20220606,13:11,18.25,18.50,18.10,18.40,4850,233250
20220606,13:12,18.35,18.70,18.25,18.40,2225,232900
20220606,13:13,18.55,19.50,18.55,19.40,6950,232900
20220606,13:14,19.20,19.60,18.65,19.10,6050,232900
20220606,13:15,19.15,19.40,18.65,18.65,2350,233650
20220606,13:16,18.80,19.40,18.80,19.10,3225,233650
20220606,13:17,19.35,20.00,19.35,19.65,7325,233650
20220606,13:18,19.40,19.50,19.00,19.30,3125,235150
20220606,13:19,19.20,19.20,18.35,18.90,4375,235150
20220606,13:20,18.95,19.00,18.45,18.70,2675,235150
20220606,13:21,18.55,18.60,18.00,18.05,8925,236600
20220606,13:22,18.00,18.00,17.25,17.75,8675,236600
20220606,13:23,17.85,19.20,17.85,19.00,6775,236600
20220606,13:24,18.80,19.40,18.75,19.35,6775,235925
20220606,13:25,19.55,19.55,18.75,19.20,11225,235925
20220606,13:26,19.20,19.20,18.65,18.75,1350,235925
20220606,13:27,18.65,18.95,18.25,18.60,1575,240025
20220606,13:28,18.80,19.05,18.30,19.00,3900,240025
20220606,13:29,18.85,19.00,18.70,18.90,1375,240025
20220606,13:30,18.40,18.80,18.40,18.50,1925,243150
20220606,13:31,18.40,18.45,17.75,18.15,7650,243150
20220606,13:32,18.00,18.50,17.70,18.50,5400,243150
20220606,13:33,18.25,18.85,18.25,18.85,6775,244600
20220606,13:34,19.00,19.20,18.55,19.05,5475,244600
20220606,13:35,19.45,19.65,18.80,19.65,4675,244600
20220606,13:36,19.45,19.55,18.75,19.20,8600,245875
20220606,13:37,19.15,19.20,18.70,19.10,4325,245875
20220606,13:38,19.10,19.35,18.90,19.10,2050,245875
20220606,13:39,19.05,19.30,18.75,18.90,1725,247200
20220606,13:40,19.00,19.10,17.90,18.05,4925,247200
20220606,13:41,18.00,18.00,17.60,17.80,1950,247200
20220606,13:42,17.65,18.15,17.60,18.15,2450,247400
20220606,13:43,18.35,18.35,18.10,18.10,2675,247400
20220606,13:44,18.10,18.10,17.65,17.75,2025,247400
20220606,13:45,17.65,18.10,17.40,17.90,4850,245650
20220606,13:46,17.60,17.85,17.30,17.75,6400,245650
20220606,13:47,17.75,18.15,17.75,17.75,4775,245650
20220606,13:48,17.75,18.05,17.75,17.85,3050,247350
20220606,13:49,17.85,18.15,17.75,17.90,1975,247350
20220606,13:50,18.15,18.45,18.00,18.00,7025,247350
20220606,13:51,18.00,18.45,18.00,18.30,1075,246725
20220606,13:52,18.25,18.50,17.90,18.50,3975,246725
20220606,13:53,18.50,18.50,18.40,18.45,425,246725
20220606,13:54,18.25,18.45,17.95,18.45,2800,244575
20220606,13:55,18.40,18.70,18.20,18.55,2050,244575
20220606,13:56,18.55,18.55,18.10,18.25,2525,244575
20220606,13:57,18.15,18.65,18.10,18.20,3325,244150
20220606,13:58,18.05,18.50,18.05,18.45,1150,244150
20220606,13:59,18.40,18.40,17.40,17.40,2475,244150
20220606,14:00,17.40,17.70,16.60,17.55,16675,243450
20220606,14:01,17.55,18.05,17.45,17.45,5725,243450
20220606,14:02,17.50,17.95,17.25,17.80,3225,243450
20220606,14:03,17.70,18.10,17.70,17.95,5275,244000
20220606,14:04,17.95,17.95,17.70,17.90,2475,244000
20220606,14:05,17.90,18.05,17.80,17.85,1375,244000
20220606,14:06,17.90,17.95,17.40,17.55,1650,243400
20220606,14:07,17.65,17.80,16.35,16.80,15750,243400
20220606,14:08,16.70,17.50,16.70,16.90,9000,243400
20220606,14:09,16.95,17.45,16.95,17.30,4350,242650
20220606,14:10,17.30,17.65,17.05,17.05,8350,242650
20220606,14:11,17.30,17.30,16.40,16.70,8250,242650
20220606,14:12,16.75,16.85,16.55,16.85,3425,240400
20220606,14:13,17.00,17.00,16.50,16.55,8275,240400
20220606,14:14,16.55,16.75,16.25,16.75,1825,240400
20220606,14:15,16.70,17.20,16.70,17.00,6875,243250
20220606,14:16,17.10,17.25,16.55,16.75,6750,243250
20220606,14:17,16.80,18.00,16.80,17.95,6375,243250
20220606,14:18,17.75,17.90,17.45,17.90,3500,238700
20220606,14:19,17.65,17.70,17.15,17.30,2750,238700
20220606,14:20,17.30,17.75,17.30,17.45,525,238700
20220606,14:21,17.50,17.50,17.20,17.40,2550,237575
20220606,14:22,17.40,17.85,17.40,17.70,4500,237575
20220606,14:23,17.70,18.15,17.65,17.95,7375,237575
20220606,14:24,18.05,18.75,18.05,18.65,6575,237275
20220606,14:25,18.70,20.35,18.50,20.25,15800,237275
20220606,14:26,20.15,21.80,19.95,21.50,25300,237275
20220606,14:27,21.45,21.45,20.30,20.70,9525,231650
20220606,14:28,20.55,20.55,18.95,18.95,12800,231650
20220606,14:29,18.85,18.85,17.30,18.00,10325,231650
20220606,14:30,18.00,18.25,17.40,17.45,18875,229975
20220606,14:31,17.70,18.25,17.70,18.10,12950,229975
20220606,14:32,18.05,18.50,18.00,18.45,4775,229975
20220606,14:33,18.40,18.55,18.20,18.20,6050,239200
20220606,14:34,18.20,18.40,17.60,18.05,6800,239200
20220606,14:35,17.90,18.40,17.85,18.15,2100,239200
20220606,14:36,18.10,18.70,18.10,18.65,2825,240200
20220606,14:37,18.60,19.10,18.55,18.95,3525,240200
20220606,14:38,18.50,18.60,18.00,18.55,2775,240200
20220606,14:39,18.45,19.05,18.35,18.85,1400,240100
20220606,14:40,19.00,19.25,18.55,18.65,5625,240100
20220606,14:41,18.50,18.70,18.40,18.65,2300,240100
20220606,14:42,18.90,19.15,18.75,18.85,6400,238975
20220606,14:43,18.60,18.75,18.10,18.20,10650,238975
20220606,14:44,18.25,18.50,18.10,18.30,3525,238975
20220606,14:45,18.35,19.05,18.10,18.50,6150,234475
20220606,14:46,18.40,18.75,18.30,18.40,2900,234475
20220606,14:47,18.45,18.70,18.05,18.35,4375,234475
20220606,14:48,18.30,18.50,18.20,18.30,1725,231075
20220606,14:49,18.40,18.75,18.40,18.65,1475,231075
20220606,14:50,18.75,19.45,18.70,19.45,3225,231075
20220606,14:51,19.30,20.00,19.20,19.55,6250,230350
20220606,14:52,19.50,20.00,19.40,19.40,6375,230350
20220606,14:53,19.40,19.45,18.10,18.50,8875,230350
20220606,14:54,18.65,18.70,17.25,17.35,7175,229850
20220606,14:55,17.45,17.80,17.25,17.55,5800,229850
20220606,14:56,17.60,17.95,17.40,17.85,5775,229850
20220606,14:57,17.65,17.95,17.65,17.85,7250,224925
20220606,14:58,18.05,18.35,17.75,17.90,5250,224925
20220606,14:59,18.05,18.10,17.70,18.00,1450,224925
20220606,15:00,18.25,19.25,18.00,18.70,5775,221250
20220606,15:01,18.75,19.00,18.50,19.00,11325,221250
20220606,15:02,19.00,19.30,18.75,19.25,9800,221250
20220606,15:03,19.45,20.55,19.30,20.30,17550,213350
20220606,15:04,20.25,23.10,20.20,21.95,39125,213350
20220606,15:05,21.75,22.75,20.75,22.55,27975,213350
20220606,15:06,22.30,22.65,20.85,21.30,18225,211600
20220606,15:07,21.40,21.75,19.95,19.95,9125,211600
20220606,15:08,19.90,20.75,19.55,20.55,22525,211600
20220606,15:09,20.60,21.80,20.50,21.75,14875,206900
20220606,15:10,21.70,21.85,20.30,20.80,19150,206900
20220606,15:11,20.70,21.40,20.20,20.90,20775,206900
20220606,15:12,20.90,21.10,19.40,20.25,30675,194825
20220606,15:13,20.25,20.25,15.00,15.30,26200,194825
20220606,15:14,15.65,18.10,14.75,17.05,19050,194825
20220606,15:15,17.10,17.60,15.90,16.85,18250,186525
20220606,15:16,17.00,17.90,16.90,17.65,24425,186525
20220606,15:17,17.55,18.90,17.35,18.70,16350,186525
20220606,15:18,18.55,18.85,17.75,18.10,7775,188900
20220606,15:19,18.05,18.40,17.30,18.00,12000,188900
20220606,15:20,18.25,18.50,17.45,17.75,22650,188900
20220606,15:21,17.75,18.25,17.75,17.75,8125,194200
20220606,15:22,17.65,17.80,17.10,17.50,14850,194200
20220606,15:23,17.75,18.90,17.65,18.60,22100,194200
20220606,15:24,18.80,19.10,17.80,17.80,11650,185050
20220606,15:25,17.75,18.60,15.45,15.45,50900,185050
20220606,15:26,15.30,16.05,15.30,15.85,22775,185050
20220606,15:27,16.20,16.50,16.05,16.05,15125,185150
20220606,15:28,16.10,16.50,15.85,15.95,16275,185150
20220606,15:29,15.80,15.90,12.45,12.45,20200,185150
20220607,09:15,15.10,21.70,15.10,20.95,71303,189850
20220607,09:16,21.20,21.30,20.30,20.35,51150,189850
20220607,09:17,20.50,20.95,20.20,20.50,29975,197350
20220607,09:18,20.20,20.95,20.00,20.35,24250,197350
20220607,09:19,20.05,20.25,19.30,19.80,19325,197350
20220607,09:20,19.65,19.80,18.05,18.35,31950,203800
20220607,09:21,18.20,18.95,17.80,17.80,16900,203800
20220607,09:22,17.80,17.90,17.00,17.70,33425,203800
20220607,09:23,17.60,18.05,17.30,17.40,16550,206575
20220607,09:24,17.50,18.00,17.40,17.70,12125,206575
20220607,09:25,17.60,17.80,17.35,17.45,12650,206575
20220607,09:26,17.35,17.70,16.90,17.50,13425,213325
20220607,09:27,17.50,17.50,16.75,17.40,13725,213325
20220607,09:28,17.20,17.85,17.00,17.70,12650,213325
20220607,09:29,17.55,17.80,17.10,17.25,8475,217975
20220607,09:30,17.10,17.65,17.10,17.65,10475,217975
20220607,09:31,17.65,18.25,17.50,18.00,9000,217975
20220607,09:32,18.00,18.35,17.80,18.05,11200,217475
20220607,09:33,18.00,18.10,17.55,17.75,8625,217475
20220607,09:34,17.50,18.10,17.40,17.80,10025,217475
20220607,09:35,17.70,17.95,17.40,17.40,13125,217750
20220607,09:36,17.55,17.70,17.25,17.40,6925,217750
20220607,09:37,17.25,17.65,17.20,17.30,9275,217750
20220607,09:38,17.25,17.50,17.15,17.15,6650,218475
20220607,09:39,17.20,17.65,17.10,17.60,6500,218475
20220607,09:40,17.55,17.65,17.35,17.55,4975,218475
20220607,09:41,17.65,17.85,17.40,17.40,7025,219950
20220607,09:42,17.40,18.05,17.40,18.00,5375,219950
20220607,09:43,18.00,18.45,17.80,18.10,6925,219950
20220607,09:44,18.15,18.15,17.40,17.60,5900,224225
20220607,09:45,17.65,17.80,17.45,17.75,4500,224225
20220607,09:46,17.65,17.90,17.65,17.70,4775,224225
20220607,09:47,17.95,18.10,17.70,17.90,6200,227125
20220607,09:48,18.00,18.20,17.95,17.95,3350,227125
20220607,09:49,18.15,18.30,17.75,17.85,2975,227125
20220607,09:50,17.70,17.90,17.50,17.70,6350,227400
20220607,09:51,17.90,17.90,17.60,17.80,2700,227400
20220607,09:52,17.80,18.25,17.70,18.15,10200,227400
20220607,09:53,18.15,18.35,17.90,18.20,4225,229600
20220607,09:54,18.25,18.35,17.95,18.20,2425,229600
20220607,09:55,18.25,18.45,18.05,18.15,4675,229600
20220607,09:56,18.30,18.30,17.90,18.05,4250,228800
20220607,09:57,18.15,18.40,17.55,17.85,4450,228800
20220607,09:58,17.60,18.20,17.60,17.80,17600,228800
20220607,09:59,17.70,18.05,17.65,18.00,2350,221800
20220607,10:00,18.20,18.30,17.80,18.25,6950,221800
20220607,10:01,18.40,18.50,18.00,18.50,3825,221800
20220607,10:02,18.35,18.65,18.15,18.55,3525,223250
20220607,10:03,18.45,18.50,17.90,18.20,6475,223250
20220607,10:04,18.00,18.00,15.85,16.60,32825,223250
20220607,10:05,16.65,16.90,16.10,16.50,10625,229150
20220607,10:06,16.60,16.70,16.05,16.10,6175,229150
20220607,10:07,16.10,16.10,14.85,15.45,33050,229150
20220607,10:08,15.35,15.45,15.05,15.05,15300,235150
20220607,10:09,15.15,15.50,15.00,15.50,8650,235150
20220607,10:10,15.40,15.90,15.40,15.75,8625,235150
20220607,10:11,15.75,15.95,15.35,15.40,6125,238100
20220607,10:12,15.50,15.80,15.40,15.70,2850,238100
20220607,10:13,15.65,15.65,15.05,15.05,3075,238100
20220607,10:14,15.20,15.50,15.20,15.30,5225,240825
20220607,10:15,15.50,15.95,15.25,15.85,3175,240825
20220607,10:16,15.95,15.95,15.45,15.60,2600,240825
20220607,10:17,15.70,15.75,15.60,15.75,2700,240875
20220607,10:18,15.85,15.90,15.60,15.75,3475,240875
20220607,10:19,15.75,15.85,15.60,15.80,3225,240875
20220607,10:20,15.80,16.00,15.80,15.80,5900,241925
20220607,10:21,15.75,15.95,15.65,15.80,4050,241925
20220607,10:22,15.75,15.75,15.60,15.65,1825,241925
20220607,10:23,15.70,15.75,15.50,15.50,1875,243375
20220607,10:24,15.50,15.50,15.35,15.50,6350,243375
20220607,10:25,15.30,15.30,14.95,15.15,7150,243375
20220607,10:26,15.10,15.15,14.65,14.80,4125,241750
20220607,10:27,14.65,14.75,13.80,13.95,14375,241750
20220607,10:28,13.75,14.00,13.55,13.90,8825,241750
20220607,10:29,13.90,13.95,13.60,13.80,5500,246125
20220607,10:30,13.70,14.05,13.65,14.05,5550,246125
20220607,10:31,13.95,14.20,13.95,14.20,3850,246125
20220607,10:32,14.15,14.45,14.10,14.25,3350,247525
20220607,10:33,14.25,14.55,14.15,14.40,4950,247525
20220607,10:34,14.60,14.60,14.40,14.45,3400,247525
20220607,10:35,14.40,14.85,14.35,14.85,13525,250825
20220607,10:36,14.90,15.00,14.70,14.85,7200,250825
20220607,10:37,14.85,15.15,14.80,15.10,4275,250825
20220607,10:38,15.15,15.30,15.05,15.15,4825,246550
20220607,10:39,15.05,15.25,14.70,15.25,5700,246550
20220607,10:40,15.35,15.60,15.20,15.40,5375,246550
20220607,10:41,15.40,15.75,15.20,15.75,5825,245600
20220607,10:42,15.65,15.75,15.40,15.40,2500,245600
20220607,10:43,15.40,15.50,15.25,15.40,2075,245600
20220607,10:44,15.50,15.65,15.45,15.45,5325,247175
20220607,10:45,15.50,15.65,15.05,15.20,6050,247175
20220607,10:46,15.15,15.25,15.00,15.15,10500,247175
20220607,10:47,15.20,15.40,15.15,15.40,2375,247300
20220607,10:48,15.40,15.50,15.25,15.50,2475,247300
20220607,10:49,15.40,15.55,15.25,15.45,2500,247300
20220607,10:50,15.60,15.90,15.60,15.80,4950,248950
20220607,10:51,15.70,16.00,15.70,16.00,3325,248950
20220607,10:52,16.20,16.50,16.00,16.25,8625,248950
20220607,10:53,16.20,16.25,15.95,16.05,6800,252325
20220607,10:54,16.05,16.45,15.90,16.25,4400,252325
20220607,10:55,16.45,16.85,16.05,16.60,5625,252325
20220607,10:56,16.60,16.75,16.20,16.75,7075,252825
20220607,10:57,16.70,16.80,16.35,16.45,6075,252825
20220607,10:58,16.65,16.75,16.20,16.65,7250,252825
20220607,10:59,16.55,17.45,16.40,17.40,9800,254350
20220607,11:00,17.30,17.90,17.05,17.35,13750,254350
20220607,11:01,17.50,18.55,17.50,18.40,6950,254350
20220607,11:02,18.35,18.50,18.15,18.35,5725,252625
20220607,11:03,18.45,18.65,17.50,17.95,10500,252625
20220607,11:04,18.30,18.45,18.00,18.10,4725,252625
20220607,11:05,18.15,18.80,18.00,18.55,11600,251925
20220607,11:06,18.60,25.45,18.25,22.95,63625,251925
20220607,11:07,22.85,23.45,21.40,22.05,62700,251925
20220607,11:08,22.10,22.45,21.90,22.10,27050,266925
20220607,11:09,22.10,23.25,22.00,23.20,57925,266925
20220607,11:10,23.15,23.40,22.10,22.45,53900,266925
20220607,11:11,22.35,22.35,21.20,21.75,23575,245050
20220607,11:12,21.75,22.10,21.60,21.90,15875,245050
20220607,11:13,21.85,21.85,21.05,21.30,11325,245050
20220607,11:14,21.35,21.55,20.80,21.45,5150,250850
20220607,11:15,21.75,22.50,21.50,21.90,14475,250850
20220607,11:16,21.75,22.00,21.40,21.65,8925,250850
20220607,11:17,21.60,21.65,20.80,20.90,9325,250900
20220607,11:18,20.85,20.85,19.85,20.25,15400,250900
20220607,11:19,20.30,20.45,19.55,20.20,9350,250900
20220607,11:20,20.30,20.75,19.85,20.45,13350,248500
20220607,11:21,20.30,20.80,20.15,20.65,9725,248500
20220607,11:22,20.60,22.40,20.45,22.40,21875,248500
20220607,11:23,22.25,23.00,21.85,22.25,24150,248275
20220607,11:24,22.30,22.60,21.70,22.20,14350,248275
20220607,11:25,22.20,22.40,21.20,21.35,9525,248275
20220607,11:26,21.40,21.45,20.15,20.20,11275,253475
20220607,11:27,20.30,22.00,20.20,21.85,10825,253475
20220607,11:28,21.85,22.20,21.55,22.20,25925,253475
20220607,11:29,22.10,22.25,20.40,21.05,14450,258500
20220607,11:30,20.90,21.70,20.55,21.35,10300,258500
20220607,11:31,21.35,21.40,20.70,21.30,4350,258500
20220607,11:32,21.15,21.50,20.75,20.75,14225,259025
20220607,11:33,20.80,20.80,20.25,20.50,10025,259025
20220607,11:34,20.60,20.65,20.10,20.55,7550,259025
20220607,11:35,20.30,20.80,20.20,20.40,5775,261475
20220607,11:36,20.45,20.75,20.30,20.50,5625,261475
20220607,11:37,20.50,20.70,19.90,20.25,6250,261475
20220607,11:38,20.25,20.30,19.95,20.00,4550,262650
20220607,11:39,20.25,20.30,19.85,19.85,5950,262650
20220607,11:40,19.95,20.10,19.80,19.85,9975,262650
20220607,11:41,19.85,20.25,19.85,20.25,3025,259475
20220607,11:42,20.20,20.70,20.15,20.65,3325,259475
20220607,11:43,20.70,20.95,20.50,20.50,4675,259475
20220607,11:44,20.40,20.55,20.10,20.40,4350,258975
20220607,11:45,20.35,20.70,20.20,20.20,4975,258975
20220607,11:46,20.30,20.65,20.00,20.55,5125,258975
20220607,11:47,20.55,20.75,20.25,20.60,2125,260100
20220607,11:48,20.65,20.90,20.45,20.80,2050,260100
20220607,11:49,20.85,21.05,20.60,20.75,7200,260100
20220607,11:50,20.70,20.85,20.30,20.60,2600,258625
20220607,11:51,20.40,20.50,19.55,19.75,7425,258625
20220607,11:52,19.90,20.30,19.75,19.80,4975,258625
20220607,11:53,19.90,19.95,18.70,18.90,9900,257775
20220607,11:54,18.80,19.20,18.65,19.15,10500,257775
20220607,11:55,19.00,19.15,18.90,19.00,13425,257775
20220607,11:56,19.10,19.20,18.95,19.15,4625,258200
20220607,11:57,19.05,19.55,19.05,19.25,8100,258200
20220607,11:58,19.00,19.70,19.00,19.65,5225,258200
20220607,11:59,19.60,19.60,19.30,19.30,1975,261650
20220607,12:00,19.55,19.55,19.10,19.30,2575,261650
20220607,12:01,19.35,19.55,19.10,19.10,1450,261650
20220607,12:02,19.00,19.25,18.90,18.95,5000,263600
20220607,12:03,19.10,19.25,18.90,19.05,2750,263600
20220607,12:04,19.00,19.45,19.00,19.15,7075,263600
20220607,12:05,19.10,19.25,19.05,19.20,1100,261425
20220607,12:06,19.25,19.85,19.10,19.80,9825,261425
20220607,12:07,19.90,20.15,19.70,19.85,5325,261425
20220607,12:08,19.80,20.35,19.80,20.05,8100,260275
20220607,12:09,19.95,20.20,19.70,20.10,4125,260275
20220607,12:10,20.20,20.35,19.85,20.05,4250,260275
20220607,12:11,19.95,20.30,19.80,19.95,3125,258625
20220607,12:12,20.00,20.05,19.80,19.85,2150,258625
20220607,12:13,20.00,20.35,19.95,20.20,3600,258625
20220607,12:14,20.10,20.35,19.95,20.25,4225,258025
20220607,12:15,20.35,20.55,20.10,20.45,4800,258025
20220607,12:16,20.40,20.60,20.15,20.35,2875,258025
20220607,12:17,20.40,20.60,20.20,20.20,2025,258850
20220607,12:18,20.20,20.35,20.00,20.10,3375,258850
20220607,12:19,20.15,20.25,18.70,18.70,8675,258850
20220607,12:20,18.80,19.05,16.95,17.25,12075,260750
20220607,12:21,17.05,17.30,15.65,16.25,20525,260750
20220607,12:22,16.15,16.15,14.20,14.75,22900,260750
20220607,12:23,14.65,15.40,14.65,15.00,14025,249900
20220607,12:24,15.20,15.60,15.20,15.40,13300,249900
20220607,12:25,15.35,15.60,15.25,15.35,6800,249900
20220607,12:26,15.50,15.60,14.20,14.50,25050,250575
20220607,12:27,14.35,15.30,14.35,15.25,46000,250575
20220607,12:28,15.05,15.45,15.00,15.15,19750,250575
20220607,12:29,15.15,15.85,15.05,15.75,9700,280750
20220607,12:30,15.75,15.90,15.30,15.30,26725,280750
20220607,12:31,15.35,16.15,15.30,16.00,4900,280750
20220607,12:32,16.05,16.20,15.85,16.05,8475,278775
20220607,12:33,16.25,16.65,16.10,16.45,3925,278775
20220607,12:34,16.70,17.40,16.45,17.40,4100,278775
20220607,12:35,17.25,18.30,17.10,18.30,7225,277600
20220607,12:36,18.15,18.60,17.80,18.25,6950,277600
20220607,12:37,18.25,18.25,17.45,17.45,6975,277600
20220607,12:38,17.65,17.65,17.15,17.25,4450,277000
20220607,12:39,17.50,17.50,16.35,16.40,3300,277000
20220607,12:40,16.45,16.75,15.75,15.75,4925,277000
20220607,12:41,15.80,16.25,15.75,16.25,3800,277150
20220607,12:42,16.45,16.70,16.30,16.65,3250,277150
20220607,12:43,16.50,16.75,16.35,16.40,1575,277150
20220607,12:44,16.30,16.40,15.85,15.95,5900,279050
20220607,12:45,16.00,16.40,16.00,16.30,3400,279050
20220607,12:46,16.40,16.45,16.05,16.40,4725,279050
20220607,12:47,16.35,16.90,16.35,16.80,5575,281725
20220607,12:48,16.75,17.65,16.70,17.65,3275,281725
20220607,12:49,17.75,18.30,17.60,18.15,8325,281725
20220607,12:50,18.10,18.30,17.70,17.90,4975,279775
20220607,12:51,17.85,19.45,17.85,19.35,7200,279775
20220607,12:52,19.55,19.55,18.80,18.80,8925,279775
20220607,12:53,18.70,19.30,18.60,18.75,8625,279125
20220607,12:54,18.70,19.00,17.65,17.65,10025,279125
20220607,12:55,17.75,18.00,17.30,17.55,6475,279125
20220607,12:56,17.65,18.20,17.35,17.95,5025,278000
20220607,12:57,18.00,18.10,17.75,17.95,1300,278000
20220607,12:58,18.05,18.05,17.40,17.50,3600,278000
20220607,12:59,17.65,18.05,17.55,17.85,3350,278000
20220607,13:00,18.00,18.00,17.25,17.65,1350,277750
20220607,13:01,17.70,18.05,17.25,17.80,3850,277750
20220607,13:02,17.90,18.20,17.75,18.00,7175,277750
20220607,13:03,17.80,18.30,17.60,17.85,4450,278650
20220607,13:04,18.05,20.40,18.05,20.40,13575,278650
20220607,13:05,20.45,20.95,20.15,20.35,78150,278650
20220607,13:06,20.40,22.35,20.35,21.90,25325,240400
20220607,13:07,21.90,22.25,21.05,21.35,30400,240400
20220607,13:08,21.25,21.30,20.90,21.15,8350,240400
20220607,13:09,21.10,21.30,20.90,21.20,4150,243325
20220607,13:10,21.25,21.25,20.00,20.15,12725,243325
20220607,13:11,20.35,20.35,19.20,19.25,9125,243325
20220607,13:12,19.40,19.80,19.05,19.80,9625,244650
20220607,13:13,19.75,19.75,19.05,19.40,6200,244650
20220607,13:14,19.25,19.40,19.05,19.10,5975,244650
20220607,13:15,19.20,19.20,18.30,18.65,8125,240475
20220607,13:16,18.55,19.10,18.55,19.05,5150,240475
20220607,13:17,19.05,19.15,18.45,18.45,5925,240475
20220607,13:18,18.40,18.50,17.70,17.90,10950,243300
20220607,13:19,17.85,18.30,17.85,18.20,7125,243300
20220607,13:20,18.25,18.45,17.70,17.85,9375,243300
20220607,13:21,18.00,18.60,18.00,18.60,1300,246075
20220607,13:22,18.60,19.25,18.60,19.05,8000,246075
20220607,13:23,19.10,20.35,19.10,20.35,11650,246075
20220607,13:24,20.45,20.50,19.35,19.40,8950,248700
20220607,13:25,19.25,19.25,18.05,18.30,9300,248700
20220607,13:26,18.30,18.75,18.30,18.65,4650,248700
20220607,13:27,18.60,19.20,18.30,19.20,3425,252500
20220607,13:28,19.10,19.50,19.00,19.40,3175,252500
20220607,13:29,19.45,19.70,18.50,19.20,6125,252500
20220607,13:30,19.25,19.50,19.05,19.40,7825,252525
20220607,13:31,19.20,19.60,19.20,19.50,2875,252525
20220607,13:32,19.50,19.70,18.70,19.10,5250,252525
20220607,13:33,18.95,19.50,18.90,18.90,5700,250275
20220607,13:34,18.80,19.00,18.35,18.75,6675,250275
20220607,13:35,18.80,19.05,18.50,18.75,4200,250275
20220607,13:36,18.65,18.65,18.05,18.20,10875,252900
20220607,13:37,18.25,18.95,18.15,18.30,5050,252900
20220607,13:38,18.20,18.75,18.15,18.75,6225,252900
20220607,13:39,18.70,20.90,18.70,20.90,19900,254175
20220607,13:40,20.75,21.80,20.30,20.80,28275,254175
20220607,13:41,20.75,20.75,18.70,19.60,11650,254175
20220607,13:42,19.55,20.70,19.05,20.60,10625,250225
20220607,13:43,20.15,21.20,20.15,20.20,8425,250225
20220607,13:44,20.25,21.00,20.25,20.60,10200,250225
20220607,13:45,20.80,21.20,20.10,20.60,6600,249350
20220607,13:46,20.50,21.20,20.50,20.60,4975,249350
20220607,13:47,20.70,21.10,20.50,20.75,7450,249350
20220607,13:48,20.60,20.60,19.95,20.30,9025,249700
20220607,13:49,20.20,20.20,19.55,19.90,8575,249700
20220607,13:50,19.95,20.40,19.55,20.40,4025,249700
20220607,13:51,20.35,21.10,20.10,20.90,11575,252250
20220607,13:52,21.05,21.15,20.00,20.00,8400,252250
20220607,13:53,19.90,20.45,19.55,20.00,7475,252250
20220607,13:54,20.05,20.65,19.90,20.50,2225,252775
20220607,13:55,20.50,20.75,19.80,19.95,7475,252775
20220607,13:56,20.00,20.00,19.50,19.65,6525,252775
20220607,13:57,19.75,19.80,19.00,19.35,6725,252325
20220607,13:58,19.50,20.95,19.40,20.95,7125,252325
20220607,13:59,20.90,22.45,20.90,21.50,30225,252325
20220607,14:00,21.15,21.80,20.70,21.10,17250,251875
20220607,14:01,21.20,21.20,20.30,20.65,8400,251875
20220607,14:02,20.80,21.80,20.25,21.50,13250,251875
20220607,14:03,21.60,21.75,20.80,21.00,6600,253775
20220607,14:04,21.25,21.55,20.70,21.35,10700,253775
20220607,14:05,21.45,21.65,20.75,20.80,7825,253775
20220607,14:06,20.80,21.35,20.55,21.15,7400,253375
20220607,14:07,20.95,21.15,20.45,20.45,3625,253375
20220607,14:08,20.40,20.55,19.60,20.15,11250,253375
20220607,14:09,19.90,20.30,19.80,20.05,6350,258575
20220607,14:10,20.40,20.85,20.05,20.35,7350,258575
20220607,14:11,20.35,21.00,20.20,20.65,4775,258575
20220607,14:12,20.75,21.40,20.70,21.20,7725,259300
20220607,14:13,21.25,21.60,20.60,20.85,10500,259300
20220607,14:14,20.85,21.60,20.85,21.20,7950,259300
20220607,14:15,21.00,21.35,20.90,20.95,8650,254925
20220607,14:16,20.95,21.50,20.70,20.85,8400,254925
20220607,14:17,20.90,21.20,20.30,21.05,6875,254925
20220607,14:18,21.10,21.25,20.60,20.95,4800,255050
20220607,14:19,21.00,21.50,20.90,21.40,11225,255050
20220607,14:20,21.50,21.50,20.85,21.30,5775,255050
20220607,14:21,21.35,21.50,21.15,21.50,3950,249500
20220607,14:22,21.45,22.00,21.20,21.65,10925,249500
20220607,14:23,21.65,21.65,20.95,21.05,8075,249500
20220607,14:24,21.00,21.10,20.20,20.65,10050,254150
20220607,14:25,20.50,20.70,19.00,20.60,12525,254150
20220607,14:26,20.50,20.50,19.80,19.85,2875,254150
20220607,14:27,19.80,19.85,19.05,19.15,12975,254325
20220607,14:28,19.10,19.15,16.60,17.55,38850,254325
20220607,14:29,17.50,18.30,17.30,18.05,16075,254325
20220607,14:30,17.80,18.00,17.10,17.80,12475,248600
20220607,14:31,17.65,18.35,17.65,18.30,13500,248600
20220607,14:32,18.35,18.85,18.15,18.60,6575,248600
20220607,14:33,18.60,19.10,18.55,18.95,9575,244800
20220607,14:34,18.90,19.25,18.50,19.15,11600,244800
20220607,14:35,19.15,19.95,19.00,19.70,20075,244800
20220607,14:36,19.75,20.35,19.65,20.20,7875,246950
20220607,14:37,20.25,20.40,19.80,19.80,11025,246950
20220607,14:38,19.95,20.40,19.70,20.00,3150,246950
20220607,14:39,19.90,20.10,19.20,20.10,5550,246200
20220607,14:40,19.90,19.90,19.45,19.45,3625,246200
20220607,14:41,19.50,19.80,19.25,19.65,3025,246200
20220607,14:42,19.50,20.00,19.30,19.50,7600,243625
20220607,14:43,19.40,19.55,18.75,19.50,8450,243625
20220607,14:44,19.50,19.55,19.15,19.45,4775,243625
20220607,14:45,19.45,20.00,18.80,18.90,8150,243650
20220607,14:46,18.65,19.50,18.45,19.25,7375,243650
20220607,14:47,19.15,19.50,19.15,19.35,2850,243650
20220607,14:48,19.35,20.25,19.20,20.25,7550,244625
20220607,14:49,20.10,20.10,19.60,19.65,9000,244625
20220607,14:50,19.80,20.25,19.05,19.20,11100,244625
20220607,14:51,19.00,19.20,18.10,18.50,12750,250250
20220607,14:52,18.55,18.80,18.00,18.30,10725,250250
20220607,14:53,18.20,19.05,17.95,18.85,11000,250250
20220607,14:54,18.80,19.10,18.40,18.80,6775,244250
20220607,14:55,18.85,19.05,18.25,18.70,6250,244250
20220607,14:56,18.70,18.70,18.10,18.40,3375,244250
20220607,14:57,18.35,18.85,18.30,18.65,5750,242725
20220607,14:58,18.75,18.95,18.60,18.95,5925,242725
20220607,14:59,18.75,18.75,17.45,18.40,15675,242725
20220607,15:00,18.35,18.60,15.60,17.65,47150,240700
20220607,15:01,17.45,17.75,16.20,16.95,15575,240700
20220607,15:02,16.85,17.15,16.30,16.80,14325,240700
20220607,15:03,16.70,16.80,15.80,16.30,18375,240350
20220607,15:04,16.00,16.10,15.40,15.55,19375,240350
20220607,15:05,15.40,16.25,15.35,15.90,16100,240350
20220607,15:06,15.85,16.70,15.85,16.65,15800,233350
20220607,15:07,16.70,16.75,16.30,16.50,9700,233350
20220607,15:08,16.45,16.50,15.70,16.00,5350,233350
20220607,15:09,15.90,16.30,15.75,16.10,6900,234425
20220607,15:10,16.15,16.50,15.75,15.80,15600,234425
20220607,15:11,15.95,16.00,15.20,15.20,24700,234425
20220607,15:12,15.30,15.40,13.60,13.95,30650,246150
20220607,15:13,14.00,14.25,13.40,13.60,18600,246150
20220607,15:14,13.45,14.55,13.45,14.30,25550,246150
20220607,15:15,14.35,15.55,14.20,14.85,23275,235275
20220607,15:16,14.85,15.05,14.50,14.50,17575,235275
20220607,15:17,14.50,14.50,13.50,13.50,25550,235275
20220607,15:18,13.50,14.00,13.30,13.60,19850,230975
20220607,15:19,13.55,13.95,13.50,13.70,19750,230975
20220607,15:20,13.80,14.05,13.75,13.95,25725,230975
20220607,15:21,13.95,14.20,13.90,14.20,9550,237675
20220607,15:22,14.20,14.20,13.55,13.55,15275,237675
20220607,15:23,13.60,14.45,12.90,13.70,40500,237675
20220607,15:24,13.70,13.70,13.10,13.20,19675,232775
20220607,15:25,13.20,13.30,12.40,12.40,25625,232775
20220607,15:26,12.40,12.75,12.30,12.40,25900,232775
20220607,15:27,12.30,12.45,12.15,12.30,13550,230250
20220607,15:28,12.25,12.55,12.25,12.35,25875,230250
20220607,15:29,12.40,12.70,12.05,12.15,36400,230250
20220608,09:15,8.50,10.20,7.40,10.20,51828,219425
20220608,09:16,9.90,11.05,9.90,10.75,57075,219425
20220608,09:17,10.80,12.10,10.65,12.00,33300,228800
20220608,09:18,11.85,12.05,11.55,11.60,20650,228800
20220608,09:19,11.65,11.65,10.80,10.80,14575,228800
20220608,09:20,10.55,11.05,10.25,11.05,25125,247950
20220608,09:21,11.00,11.50,10.75,11.25,26625,247950
20220608,09:22,11.25,11.60,11.10,11.30,16125,247950
20220608,09:23,11.35,11.75,11.35,11.50,14150,256675
20220608,09:24,11.55,11.70,11.35,11.50,18425,256675
20220608,09:25,11.55,11.90,11.25,11.60,9425,256675
20220608,09:26,11.55,11.70,11.35,11.60,9850,263100
20220608,09:27,11.60,12.05,11.60,11.80,14875,263100
20220608,09:28,11.80,12.25,11.70,12.10,16300,263100
20220608,09:29,12.25,12.70,11.95,12.50,12400,264625
20220608,09:30,12.45,12.55,11.95,12.50,8975,264625
20220608,09:31,12.35,12.95,12.35,12.80,14850,264625
20220608,09:32,13.00,13.50,12.75,13.10,17700,266525
20220608,09:33,13.10,13.20,12.90,12.90,11025,266525
20220608,09:34,12.80,13.35,12.80,13.25,12075,266525
20220608,09:35,13.20,13.65,13.10,13.40,14500,276700
20220608,09:36,13.55,14.50,13.35,14.45,17450,276700
20220608,09:37,14.60,15.25,14.60,14.90,35850,276700
20220608,09:38,15.00,15.50,14.85,14.95,10475,290350
20220608,09:39,15.05,15.40,14.85,15.00,24425,290350
20220608,09:40,15.00,15.20,14.50,14.55,51400,290350
20220608,09:41,14.40,14.60,14.00,14.20,13700,291400
20220608,09:42,14.15,14.15,13.50,13.50,7900,291400
20220608,09:43,13.60,13.65,13.00,13.05,16950,291400
20220608,09:44,13.05,13.45,12.95,13.25,15125,294775
20220608,09:45,13.25,14.05,13.20,14.00,12775,294775
20220608,09:46,14.00,15.10,14.00,15.05,14975,294775
20220608,09:47,15.15,15.15,13.90,14.10,15350,301225
20220608,09:48,14.00,14.75,14.00,14.15,19325,301225
20220608,09:49,14.15,14.35,13.80,14.20,15250,301225
20220608,09:50,14.40,14.55,13.90,14.15,9575,310975
20220608,09:51,14.15,14.20,13.60,13.80,11150,310975
20220608,09:52,13.70,14.10,13.65,13.65,12700,310975
20220608,09:53,13.55,14.05,13.50,13.90,7850,317150
20220608,09:54,13.80,13.90,13.50,13.65,15900,317150
20220608,09:55,13.75,14.00,13.50,13.85,9050,317150
20220608,09:56,13.70,13.90,13.60,13.70,6700,316500
20220608,09:57,13.70,13.75,13.45,13.55,8700,316500
20220608,09:58,13.55,14.10,13.45,13.80,13300,316500
20220608,09:59,14.05,14.75,13.60,14.50,23475,312725
20220608,10:00,14.40,14.60,14.05,14.20,8625,312725
20220608,10:01,14.20,14.55,13.95,13.95,8250,312725
20220608,10:02,13.95,14.20,13.65,14.00,7325,311725
20220608,10:03,13.80,14.20,13.60,14.10,4650,311725
20220608,10:04,14.10,19.00,13.70,16.70,65650,311725
20220608,10:05,16.20,17.35,15.50,16.40,42800,309225
20220608,10:06,16.65,16.80,15.65,16.65,45200,309225
20220608,10:07,16.60,17.50,14.30,14.30,64700,309225
20220608,10:08,13.85,14.20,9.05,13.85,140000,344100
20220608,10:09,13.45,13.75,11.25,11.35,46800,344100
20220608,10:10,11.30,11.95,10.80,10.80,40725,344100
20220608,10:11,10.80,11.10,9.80,10.25,50650,345500
20220608,10:12,10.20,10.20,9.20,9.60,45075,345500
20220608,10:13,9.70,10.10,9.45,10.00,30975,345500
20220608,10:14,10.00,11.25,10.00,10.70,19775,358200
20220608,10:15,10.60,10.90,9.35,10.20,64650,358200
20220608,10:16,10.20,10.30,9.50,9.95,30050,358200
20220608,10:17,9.90,10.45,9.55,10.30,22150,391575
20220608,10:18,10.20,10.75,10.15,10.60,30300,391575
20220608,10:19,10.65,10.90,10.25,10.45,24200,391575
20220608,10:20,10.60,10.65,10.00,10.25,22350,379075
20220608,10:21,10.20,10.20,9.75,9.75,22250,379075
20220608,10:22,9.70,9.75,9.40,9.50,19350,379075
20220608,10:23,9.65,9.75,9.35,9.45,21275,377075
20220608,10:24,9.55,9.95,9.40,9.80,23650,377075
20220608,10:25,9.90,10.00,9.35,9.55,14350,377075
20220608,10:26,9.70,9.85,9.40,9.40,8400,378975
20220608,10:27,9.40,9.65,9.20,9.60,32825,378975
20220608,10:28,9.65,9.65,9.20,9.55,37775,378975
20220608,10:29,9.55,9.75,9.45,9.75,32350,437425
20220608,10:30,9.75,9.80,9.20,9.40,13250,437425
20220608,10:31,9.35,9.35,8.85,9.00,24725,437425
20220608,10:32,8.80,9.05,7.10,7.55,68425,420300
20220608,10:33,7.40,7.70,7.25,7.40,41575,420300
20220608,10:34,7.40,7.45,6.95,7.05,28550,420300
20220608,10:35,7.05,7.05,6.00,6.45,58850,436700
20220608,10:36,6.40,6.45,6.05,6.30,80100,436700
20220608,10:37,6.30,7.10,6.30,6.75,60075,436700
20220608,10:38,6.70,6.90,6.60,6.60,45125,444475
20220608,10:39,6.60,6.65,6.45,6.60,65550,444475
20220608,10:40,6.55,7.05,6.55,7.00,85000,444475
20220608,10:41,7.10,7.10,6.90,7.00,38125,427350
20220608,10:42,6.95,7.00,6.70,6.70,26150,427350
20220608,10:43,6.70,6.80,6.60,6.60,34525,427350
20220608,10:44,6.55,6.65,6.35,6.35,37575,425375
20220608,10:45,6.35,6.45,6.30,6.40,38900,425375
20220608,10:46,6.40,6.60,6.35,6.60,30025,425375
20220608,10:47,6.55,6.95,6.55,6.85,42900,417350
20220608,10:48,6.80,6.85,6.70,6.70,42725,417350
20220608,10:49,6.65,6.70,6.45,6.55,28700,417350
20220608,10:50,6.55,6.70,6.55,6.60,57300,397150
20220608,10:51,6.60,6.60,6.40,6.55,16625,397150
20220608,10:52,6.60,6.60,6.45,6.55,9700,397150
20220608,10:53,6.50,6.55,6.45,6.45,22650,402200
20220608,10:54,6.40,6.50,6.35,6.40,19150,402200
20220608,10:55,6.40,6.70,6.35,6.70,23975,402200
20220608,10:56,6.65,6.70,6.50,6.55,12325,401400
20220608,10:57,6.50,6.60,6.45,6.45,12100,401400
20220608,10:58,6.50,6.50,6.30,6.40,15625,401400
20220608,10:59,6.40,6.40,6.15,6.15,24600,405700
20220608,11:00,6.15,6.20,5.95,5.95,33550,405700
20220608,11:01,5.95,6.15,5.95,6.00,13750,405700
20220608,11:02,6.00,6.15,5.95,6.10,31000,397750
20220608,11:03,6.10,6.10,6.00,6.00,15925,397750
20220608,11:04,6.05,6.05,5.90,5.95,10700,397750
20220608,11:05,6.00,6.05,5.85,5.95,12250,402825
20220608,11:06,6.00,6.00,5.95,5.95,9900,402825
20220608,11:07,5.95,6.00,5.90,5.90,6575,402825
20220608,11:08,5.90,5.95,5.85,5.90,9375,397675
20220608,11:09,5.90,5.95,5.85,5.90,17400,397675
20220608,11:10,5.90,6.05,5.90,6.00,20425,397675
20220608,11:11,6.00,6.00,5.90,6.00,8000,395675
20220608,11:12,5.95,6.25,5.95,6.20,33275,395675
20220608,11:13,6.25,6.25,6.05,6.10,18350,395675
20220608,11:14,6.10,6.20,6.10,6.10,13600,398800
20220608,11:15,6.15,6.20,6.00,6.15,11525,398800
20220608,11:16,6.15,6.15,6.00,6.15,6400,398800
20220608,11:17,6.15,6.15,6.00,6.10,11200,400125
20220608,11:18,6.05,6.10,5.95,6.05,15850,400125
20220608,11:19,6.05,6.05,5.85,5.85,9300,400125
20220608,11:20,5.85,5.85,5.50,5.70,38300,415450
20220608,11:21,5.70,5.75,5.65,5.65,15325,415450
20220608,11:22,5.70,5.75,5.60,5.65,18950,415450
20220608,11:23,5.60,5.65,5.55,5.55,30600,419750
20220608,11:24,5.55,5.60,5.40,5.50,13425,419750
20220608,11:25,5.50,5.50,5.40,5.50,14900,419750
20220608,11:26,5.50,5.50,5.45,5.45,6725,413025
20220608,11:27,5.50,5.55,5.45,5.50,8275,413025
20220608,11:28,5.50,5.50,5.45,5.45,7825,413025
20220608,11:29,5.50,5.50,5.40,5.45,7650,411675
20220608,11:30,5.40,5.45,5.35,5.35,5675,411675
20220608,11:31,5.35,5.40,5.30,5.35,2850,411675
20220608,11:32,5.35,5.40,5.30,5.35,9550,407325
20220608,11:33,5.35,5.40,5.30,5.30,9100,407325
20220608,11:34,5.30,5.40,5.25,5.30,18550,407325
20220608,11:35,5.35,5.40,5.30,5.30,23800,402625
20220608,11:36,5.30,5.35,5.30,5.35,4400,402625
20220608,11:37,5.35,5.35,5.30,5.30,5475,402625
20220608,11:38,5.35,5.35,5.30,5.30,4500,404350
20220608,11:39,5.35,5.35,5.25,5.25,5350,404350
20220608,11:40,5.25,5.30,5.20,5.20,9500,404350
20220608,11:41,5.20,5.25,5.20,5.20,5875,403150
20220608,11:42,5.20,5.20,5.15,5.20,6000,403150
20220608,11:43,5.20,5.25,5.15,5.15,6200,403150
20220608,11:44,5.15,5.20,5.05,5.10,11725,399675
20220608,11:45,5.10,5.10,5.00,5.05,12300,399675
20220608,11:46,5.05,5.05,4.95,5.05,11525,399675
20220608,11:47,5.05,5.05,4.90,4.95,4750,399675
20220608,11:48,4.95,5.05,4.95,4.95,3100,391225
20220608,11:49,4.95,4.95,4.90,4.95,4625,391225
20220608,11:50,4.90,4.95,4.80,4.90,10375,387525
20220608,11:51,4.90,4.95,4.80,4.85,5700,387525
20220608,11:52,4.90,4.90,4.70,4.80,11200,387525
20220608,11:53,4.75,4.85,4.75,4.80,6500,384375
20220608,11:54,4.80,4.85,4.75,4.80,16475,384375
20220608,11:55,4.80,4.80,4.75,4.75,9300,384375
20220608,11:56,4.80,4.80,4.60,4.70,17200,379425
20220608,11:57,4.70,4.80,4.60,4.80,14550,379425
20220608,11:58,4.80,4.90,4.80,4.85,10700,379425
20220608,11:59,4.90,4.95,4.80,4.90,6200,377225
20220608,12:00,4.90,4.95,4.90,4.95,4225,377225
20220608,12:01,5.00,5.00,4.90,4.95,3950,377225
20220608,12:02,4.90,5.00,4.90,4.95,17750,378725
20220608,12:03,4.95,5.05,4.90,5.00,11150,378725
20220608,12:04,5.00,5.10,5.00,5.05,6975,378725
20220608,12:05,5.05,5.10,5.00,5.00,17075,376750
20220608,12:06,5.00,5.05,4.95,5.05,3975,376750
20220608,12:07,5.00,5.10,4.95,5.10,3825,376750
20220608,12:08,5.05,5.15,5.05,5.15,5975,380875
20220608,12:09,5.15,5.25,5.10,5.20,6625,380875
20220608,12:10,5.20,5.35,5.15,5.30,8000,380875
20220608,12:11,5.30,5.30,5.15,5.20,6600,384600
20220608,12:12,5.20,5.25,5.15,5.25,10600,384600
20220608,12:13,5.30,5.35,5.25,5.35,7425,384600
20220608,12:14,5.30,5.35,5.20,5.20,6400,385450
20220608,12:15,5.20,5.20,5.15,5.15,2525,385450
20220608,12:16,5.15,5.20,5.10,5.15,3525,385450
20220608,12:17,5.10,5.20,5.05,5.05,3875,383550
20220608,12:18,5.05,5.10,5.00,5.00,15900,383550
20220608,12:19,5.00,5.00,4.90,4.90,17050,383550
20220608,12:20,4.95,5.00,4.85,4.85,27450,383550
20220608,12:21,4.85,4.90,4.80,4.85,3475,369425
20220608,12:22,4.85,4.90,4.75,4.75,3850,369425
20220608,12:23,4.75,5.00,4.75,4.90,9900,370775
20220608,12:24,4.95,5.00,4.70,4.80,8600,370775
20220608,12:25,4.85,4.85,4.70,4.70,8425,370775
20220608,12:26,4.70,4.75,4.65,4.65,4725,364825
20220608,12:27,4.65,4.70,4.65,4.70,2550,364825
20220608,12:28,4.70,4.75,4.70,4.75,3550,364825
20220608,12:29,4.75,4.80,4.70,4.70,8000,363400
20220608,12:30,4.80,4.85,4.70,4.75,9500,363400
20220608,12:31,4.80,4.80,4.80,4.80,800,363400
20220608,12:32,4.80,4.90,4.80,4.80,11900,363400
20220608,12:33,4.85,4.90,4.80,4.80,2475,364175
20220608,12:34,4.85,4.90,4.85,4.90,625,364175
20220608,12:35,4.90,5.05,4.90,5.05,6675,364175
20220608,12:36,5.05,5.05,5.00,5.00,3300,362050
20220608,12:37,5.00,5.10,4.95,5.00,10250,362050
20220608,12:38,5.05,5.20,5.00,5.20,6475,362050
20220608,12:39,5.15,5.25,5.10,5.20,4725,361625
20220608,12:40,5.25,5.35,5.20,5.20,5575,361625
20220608,12:41,5.25,5.30,5.10,5.20,7100,361625
20220608,12:42,5.15,5.15,4.90,5.00,15675,359850
20220608,12:43,5.00,5.05,4.90,5.05,8275,359850
20220608,12:44,4.95,5.00,4.90,4.90,6500,359850
20220608,12:45,4.95,4.95,4.90,4.95,825,356800
20220608,12:46,4.90,4.95,4.80,4.85,4050,356800
20220608,12:47,4.80,4.90,4.80,4.85,6125,356800
20220608,12:48,4.80,4.90,4.80,4.85,2075,355150
20220608,12:49,4.85,4.90,4.80,4.85,4700,355150
20220608,12:50,4.85,5.00,4.85,4.90,5825,355150
20220608,12:51,4.95,5.35,4.95,5.35,15600,357250
20220608,12:52,5.35,5.55,5.25,5.40,14750,357250
20220608,12:53,5.35,5.40,5.30,5.35,10075,357250
20220608,12:54,5.35,5.40,5.05,5.10,10600,354900
20220608,12:55,5.10,5.15,4.95,4.95,17075,354900
20220608,12:56,4.95,5.00,4.85,4.90,5050,354900
20220608,12:57,4.95,5.05,4.85,5.00,6375,351400
20220608,12:58,5.00,5.10,4.95,5.05,1550,351400
20220608,12:59,5.00,5.20,5.00,5.20,4600,351400
20220608,13:00,5.20,5.30,4.90,5.00,13500,350250
20220608,13:01,5.00,5.10,4.95,5.10,5325,350250
20220608,13:02,5.00,5.00,4.90,4.95,2550,350250
20220608,13:03,4.90,5.05,4.90,4.95,9050,349650
20220608,13:04,4.95,5.00,4.85,4.90,4100,349650
20220608,13:05,4.90,5.10,4.90,5.00,7225,349650
20220608,13:06,5.05,5.20,5.00,5.00,6125,354050
20220608,13:07,5.00,5.30,5.00,5.20,7200,354050
20220608,13:08,5.20,5.30,5.15,5.20,10275,354050
20220608,13:09,5.25,5.30,5.10,5.15,14125,351225
20220608,13:10,5.20,5.40,5.15,5.30,16750,351225
20220608,13:11,5.30,5.30,5.10,5.10,6975,351225
20220608,13:12,5.10,5.25,5.10,5.15,3100,357950
20220608,13:13,5.15,5.55,5.15,5.40,11600,357950
20220608,13:14,5.50,5.85,5.50,5.70,35150,357950
20220608,13:15,5.65,6.45,5.65,5.95,38700,352450
20220608,13:16,5.95,5.95,5.60,5.75,18200,352450
20220608,13:17,5.85,6.20,5.85,6.00,32250,352450
20220608,13:18,6.00,6.10,5.85,5.90,33325,357000
20220608,13:19,5.85,5.90,5.60,5.65,18475,357000
20220608,13:20,5.65,5.80,5.55,5.60,14150,357000
20220608,13:21,5.60,5.80,5.60,5.80,8800,359350
20220608,13:22,5.70,5.85,5.55,5.55,26525,359350
20220608,13:23,5.60,5.75,5.40,5.60,18675,359350
20220608,13:24,5.60,5.85,5.55,5.60,15900,354225
20220608,13:25,5.65,5.65,5.35,5.35,17950,354225
20220608,13:26,5.40,5.50,5.25,5.40,8300,354225
20220608,13:27,5.45,5.50,5.20,5.25,8425,349125
20220608,13:28,5.25,5.40,5.20,5.25,12550,349125
20220608,13:29,5.25,5.40,5.25,5.40,6350,349125
20220608,13:30,5.45,5.90,5.35,5.45,27625,351050
20220608,13:31,5.55,6.15,5.50,5.95,40000,351050
20220608,13:32,5.95,6.45,5.95,6.25,60625,351050
20220608,13:33,6.30,6.50,6.05,6.05,27000,359125
20220608,13:34,6.00,7.15,6.00,6.85,76475,359125
20220608,13:35,6.90,7.45,6.55,6.90,44325,359125
20220608,13:36,7.00,7.30,6.00,6.50,32900,353675
20220608,13:37,6.30,6.55,6.05,6.15,28150,353675
20220608,13:38,6.10,6.45,5.80,5.80,24225,353675
20220608,13:39,5.80,6.05,5.65,5.75,24025,353550
20220608,13:40,5.75,5.95,5.25,5.40,30325,353550
20220608,13:41,5.40,5.65,5.20,5.60,20725,353550
20220608,13:42,5.60,5.90,5.55,5.75,20375,350175
20220608,13:43,5.80,6.30,5.80,6.10,12700,350175
20220608,13:44,6.15,6.55,6.10,6.55,9700,350175
20220608,13:45,6.65,7.05,6.20,6.25,40750,350850
20220608,13:46,6.25,6.60,5.90,6.35,17025,350850
20220608,13:47,6.40,6.55,6.00,6.05,17575,350850
20220608,13:48,6.10,6.30,5.65,5.65,12875,349550
20220608,13:49,5.60,6.00,5.55,5.55,12125,349550
20220608,13:50,5.50,6.20,5.25,6.00,20475,349550
20220608,13:51,5.95,6.00,5.50,5.50,29800,350925
20220608,13:52,5.55,5.90,5.55,5.70,10600,350925
20220608,13:53,5.60,5.90,5.45,5.65,9275,350925
20220608,13:54,5.50,6.00,5.50,6.00,11875,360625
20220608,13:55,6.00,6.35,5.95,6.05,5750,360625
20220608,13:56,6.00,6.30,5.95,6.00,6450,360625
20220608,13:57,5.95,6.00,5.65,5.70,7775,363425
20220608,13:58,5.75,6.00,5.70,5.95,3175,363425
20220608,13:59,5.95,6.15,5.50,5.55,10200,363425
20220608,14:00,5.45,6.00,5.45,5.85,8250,366300
20220608,14:01,5.85,6.05,5.75,5.85,4975,366300
20220608,14:02,5.80,6.00,5.65,5.80,7050,366300
20220608,14:03,5.80,5.90,5.70,5.85,5075,367375
20220608,14:04,5.90,6.40,5.80,6.40,16450,367375
20220608,14:05,6.30,6.30,5.65,5.75,14250,367375
20220608,14:06,5.75,5.90,5.60,5.75,7875,370575
20220608,14:07,5.95,5.95,5.65,5.85,6825,370575
20220608,14:08,5.80,5.85,5.35,5.45,13250,370575
20220608,14:09,5.50,6.25,5.50,6.25,9550,373400
20220608,14:10,6.15,6.70,5.95,6.20,25575,373400
20220608,14:11,6.20,6.60,6.20,6.50,15600,373400
20220608,14:12,6.50,6.65,5.65,5.65,24700,368825
20220608,14:13,5.75,6.25,5.75,5.95,10075,368825
20220608,14:14,5.90,6.15,5.80,6.05,11200,368825
20220608,14:15,6.05,6.40,5.90,6.00,30625,364275
20220608,14:16,5.95,6.15,5.75,5.95,6950,364275
20220608,14:17,5.80,5.95,5.80,5.85,3325,364275
20220608,14:18,5.80,6.10,5.75,5.75,5425,356525
20220608,14:19,5.80,5.80,4.70,5.60,44975,356525
20220608,14:20,5.45,5.50,5.10,5.35,15950,356525
20220608,14:21,5.30,5.95,5.30,5.85,17000,365400
20220608,14:22,5.80,5.85,5.50,5.60,11400,365400
20220608,14:23,5.65,5.75,5.40,5.45,14225,365400
20220608,14:24,5.45,5.60,5.20,5.35,8400,367125
20220608,14:25,5.35,5.35,5.20,5.30,7750,367125
20220608,14:26,5.35,5.55,5.30,5.35,7700,367125
20220608,14:27,5.30,5.70,5.30,5.60,10200,360725
20220608,14:28,5.50,5.60,5.30,5.40,8300,360725
20220608,14:29,5.40,5.55,5.40,5.55,5725,360725
20220608,14:30,5.55,5.55,5.40,5.45,5750,359875
20220608,14:31,5.45,5.50,5.35,5.45,7800,359875
20220608,14:32,5.35,5.55,5.35,5.40,6475,359875
20220608,14:33,5.45,5.50,5.40,5.40,6600,358300
20220608,14:34,5.45,5.75,5.45,5.55,12625,358300
20220608,14:35,5.60,5.75,5.35,5.35,10825,358300
20220608,14:36,5.40,5.85,5.40,5.60,11375,356100
20220608,14:37,5.65,5.90,5.20,5.20,9800,356100
20220608,14:38,5.45,5.55,5.30,5.30,6350,356100
20220608,14:39,5.35,5.45,5.25,5.40,9400,355525
20220608,14:40,5.40,5.50,5.35,5.40,6950,355525
20220608,14:41,5.45,5.50,5.30,5.45,4700,355525
20220608,14:42,5.50,5.50,5.05,5.05,14825,352125
20220608,14:43,5.25,5.30,5.05,5.10,9025,352125
20220608,14:44,5.00,5.20,4.80,5.10,31275,352125
20220608,14:45,5.10,5.15,4.75,4.90,10700,352650
20220608,14:46,5.00,5.55,4.90,5.50,39250,352650
20220608,14:47,5.65,5.85,5.30,5.30,30150,352650
20220608,14:48,5.40,5.55,5.25,5.40,14125,345100
20220608,14:49,5.40,5.55,4.95,5.10,18250,345100
20220608,14:50,5.15,5.40,5.10,5.30,13125,345100
20220608,14:51,5.35,5.40,5.05,5.05,13575,346275
20220608,14:52,5.20,5.30,5.05,5.05,6350,346275
20220608,14:53,5.05,5.25,5.00,5.15,9525,346275
20220608,14:54,5.10,5.25,5.05,5.10,6100,346425
20220608,14:55,5.05,5.05,4.65,4.65,17175,346425
20220608,14:56,4.65,4.95,4.55,4.70,19825,346425
20220608,14:57,4.60,5.00,4.50,4.70,44025,356100
20220608,14:58,4.75,5.00,4.75,4.80,14900,356100
20220608,14:59,4.75,5.45,4.75,4.95,20000,356100
20220608,15:00,4.95,5.10,4.25,4.90,49825,351850
20220608,15:01,4.95,4.95,4.30,4.45,19675,351850
20220608,15:02,4.40,4.55,4.25,4.30,17000,351850
20220608,15:03,4.35,4.55,4.30,4.45,11250,333375
20220608,15:04,4.45,4.50,4.15,4.15,13125,333375
20220608,15:05,4.25,4.45,4.20,4.35,11100,333375
20220608,15:06,4.20,4.35,4.15,4.25,15500,334925
20220608,15:07,4.30,4.45,4.25,4.40,6100,334925
20220608,15:08,4.35,4.70,4.35,4.60,16550,334925
20220608,15:09,4.60,4.65,4.25,4.50,14150,338175
20220608,15:10,4.55,4.65,4.30,4.35,5125,338175
20220608,15:11,4.35,4.50,4.25,4.40,8800,338175
20220608,15:12,4.40,4.45,4.25,4.30,14775,337025
20220608,15:13,4.30,4.35,4.20,4.25,20200,337025
20220608,15:14,4.25,4.25,4.05,4.10,14225,337025
20220608,15:15,4.10,4.20,3.95,4.00,30025,317525
20220608,15:16,4.00,4.05,3.80,3.95,36875,317525
20220608,15:17,4.00,4.00,3.80,3.90,18725,317525
20220608,15:18,3.85,3.90,3.80,3.85,15825,295200
20220608,15:19,3.75,3.85,3.70,3.75,17600,295200
20220608,15:20,3.75,3.75,3.60,3.70,38025,295200
20220608,15:21,3.80,3.80,3.70,3.80,14150,285900
20220608,15:22,3.80,3.80,3.60,3.65,18600,285900
20220608,15:23,3.65,4.10,3.60,4.00,30775,285900
20220608,15:24,4.00,4.45,4.00,4.45,32475,265950
20220608,15:25,4.35,4.50,3.90,4.20,37950,265950
20220608,15:26,4.20,4.30,4.00,4.20,16575,265950
20220608,15:27,4.15,4.50,4.10,4.40,30700,246800
20220608,15:28,4.45,4.45,4.20,4.25,14500,246800
20220608,15:29,4.25,4.35,3.45,4.35,35675,246800
20220609,09:15,4.85,4.95,2.45,2.70,88952,242475
20220609,09:16,2.65,2.65,2.25,2.40,107125,242475
20220609,09:17,2.40,2.55,2.30,2.35,71275,253650
20220609,09:18,2.40,2.50,2.30,2.35,56825,253650
20220609,09:19,2.30,2.45,2.20,2.25,40025,253650
20220609,09:20,2.35,2.45,2.25,2.30,44625,244800
20220609,09:21,2.30,2.35,2.20,2.20,37550,244800
20220609,09:22,2.25,2.25,2.00,2.10,39575,244800
20220609,09:23,1.95,2.10,1.90,1.90,45150,252425
20220609,09:24,1.95,1.95,1.85,1.95,38475,252425
20220609,09:25,1.95,1.95,1.80,1.90,24975,252425
20220609,09:26,1.90,2.00,1.85,1.90,26600,286750
20220609,09:27,1.90,2.00,1.85,2.00,23850,286750
20220609,09:28,2.00,2.00,1.90,2.00,54475,286750
20220609,09:29,2.00,2.05,1.90,1.90,14675,324675
20220609,09:30,1.90,1.95,1.75,1.80,37700,324675
20220609,09:31,1.80,1.90,1.55,1.55,109150,324675
20220609,09:32,1.65,1.75,1.50,1.75,49800,378875
20220609,09:33,1.65,1.75,1.55,1.60,66925,378875
20220609,09:34,1.60,1.65,1.55,1.60,43650,378875
20220609,09:35,1.60,1.60,1.55,1.55,21425,448275
20220609,09:36,1.60,1.70,1.55,1.65,86625,448275
20220609,09:37,1.65,1.65,1.55,1.55,50075,448275
20220609,09:38,1.60,1.65,1.55,1.60,48375,493800
20220609,09:39,1.60,1.70,1.55,1.70,13700,493800
20220609,09:40,1.65,1.70,1.65,1.65,6900,493800
20220609,09:41,1.65,1.70,1.60,1.60,19100,515475
20220609,09:42,1.60,1.60,1.55,1.55,16050,515475
20220609,09:43,1.60,1.60,1.55,1.60,7050,515475
20220609,09:44,1.60,1.60,1.55,1.55,5425,521150
20220609,09:45,1.60,1.60,1.50,1.55,28725,521150
20220609,09:46,1.55,1.65,1.50,1.60,29900,521150
20220609,09:47,1.60,1.65,1.60,1.60,11025,526075
20220609,09:48,1.60,1.65,1.55,1.60,10600,526075
20220609,09:49,1.55,1.60,1.55,1.55,11325,526075
20220609,09:50,1.60,1.60,1.45,1.50,20675,533475
20220609,09:51,1.50,1.50,1.40,1.40,31950,533475
20220609,09:52,1.45,1.50,1.45,1.50,14200,533475
20220609,09:53,1.45,1.55,1.45,1.55,25725,537775
20220609,09:54,1.55,1.60,1.50,1.60,19300,537775
20220609,09:55,1.60,1.65,1.55,1.65,16500,537775
20220609,09:56,1.65,1.80,1.60,1.80,15325,543300
20220609,09:57,1.80,1.85,1.75,1.85,16100,543300
20220609,09:58,1.85,1.85,1.70,1.75,20225,543300
20220609,09:59,1.65,1.65,1.60,1.65,12175,554575
20220609,10:00,1.60,1.65,1.50,1.55,9600,554575
20220609,10:01,1.50,1.55,1.50,1.50,14275,554575
20220609,10:02,1.50,1.55,1.45,1.55,13275,562525
20220609,10:03,1.55,1.55,1.45,1.45,10825,562525
20220609,10:04,1.45,1.50,1.45,1.45,4325,562525
20220609,10:05,1.50,1.50,1.45,1.45,5800,563525
20220609,10:06,1.45,1.50,1.40,1.50,12050,563525
20220609,10:07,1.50,1.50,1.45,1.45,12800,563525
20220609,10:08,1.45,1.45,1.40,1.40,12500,561400
20220609,10:09,1.45,1.45,1.40,1.45,5050,561400
20220609,10:10,1.40,1.45,1.40,1.45,2650,561400
20220609,10:11,1.45,1.55,1.40,1.55,10175,561125
20220609,10:12,1.55,1.60,1.50,1.60,9050,561125
20220609,10:13,1.55,1.60,1.50,1.55,9150,561125
20220609,10:14,1.55,1.60,1.55,1.55,4875,560775
20220609,10:15,1.55,1.75,1.50,1.60,112175,560775
20220609,10:16,1.55,1.60,1.45,1.50,9650,560775
20220609,10:17,1.50,1.50,1.45,1.45,10550,555750
20220609,10:18,1.45,1.50,1.40,1.40,6350,555750
20220609,10:19,1.40,1.50,1.40,1.45,6875,555750
20220609,10:20,1.45,1.45,1.40,1.45,13850,557750
20220609,10:21,1.40,1.50,1.35,1.40,24075,557750
20220609,10:22,1.40,1.60,1.40,1.60,38250,557750
20220609,10:23,1.55,1.60,1.40,1.50,21050,580450
20220609,10:24,1.50,1.60,1.45,1.60,17750,580450
20220609,10:25,1.60,1.90,1.45,1.60,83875,580450
20220609,10:26,1.65,1.65,1.50,1.65,11900,591875
20220609,10:27,1.65,1.75,1.55,1.60,21875,591875
20220609,10:28,1.60,1.70,1.55,1.65,13025,591875
20220609,10:29,1.65,1.75,1.55,1.55,7175,588000
20220609,10:30,1.55,1.70,1.55,1.65,16850,588000
20220609,10:31,1.65,1.75,1.65,1.70,24900,588000
20220609,10:32,1.75,1.75,1.60,1.70,13200,588400
20220609,10:33,1.75,1.75,1.65,1.70,10875,588400
20220609,10:34,1.65,1.80,1.65,1.65,9875,588400
20220609,10:35,1.70,1.75,1.60,1.70,17775,588575
20220609,10:36,1.65,1.70,1.50,1.50,8450,588575
20220609,10:37,1.50,1.60,1.50,1.55,7075,588575
20220609,10:38,1.60,1.65,1.55,1.65,8550,589050
20220609,10:39,1.65,1.65,1.60,1.65,1750,589050
20220609,10:40,1.65,1.75,1.65,1.65,8025,589050
20220609,10:41,1.70,1.80,1.70,1.75,7725,591300
20220609,10:42,1.70,1.70,1.65,1.65,2350,591300
20220609,10:43,1.65,1.70,1.60,1.65,6700,591300
20220609,10:44,1.70,1.70,1.65,1.65,4925,592025
20220609,10:45,1.60,1.65,1.60,1.60,7225,592025
20220609,10:46,1.70,1.70,1.65,1.70,3075,592025
20220609,10:47,1.65,1.70,1.60,1.60,4375,590600
20220609,10:48,1.60,1.60,1.50,1.55,7375,590600
20220609,10:49,1.55,1.55,1.45,1.50,2925,590600
20220609,10:50,1.45,1.50,1.35,1.35,12400,590150
20220609,10:51,1.35,1.40,1.30,1.35,22150,590150
20220609,10:52,1.35,1.40,1.30,1.35,10075,590150
20220609,10:53,1.40,1.40,1.30,1.40,11450,591650
20220609,10:54,1.40,1.45,1.40,1.45,4700,591650
20220609,10:55,1.45,1.45,1.35,1.45,7550,591650
20220609,10:56,1.45,1.45,1.40,1.45,2775,593000
20220609,10:57,1.45,1.45,1.40,1.45,2100,593000
20220609,10:58,1.45,1.50,1.45,1.45,3300,593000
20220609,10:59,1.45,1.50,1.45,1.50,5725,592650
20220609,11:00,1.45,1.60,1.45,1.55,28125,592650
20220609,11:01,1.55,1.75,1.50,1.60,33425,592650
20220609,11:02,1.60,1.70,1.60,1.60,6650,596850
20220609,11:03,1.60,1.65,1.55,1.60,3225,596850
20220609,11:04,1.65,1.65,1.50,1.50,4550,596850
20220609,11:05,1.50,1.55,1.45,1.50,9025,593475
20220609,11:06,1.55,1.60,1.50,1.50,7300,593475
20220609,11:07,1.60,1.60,1.55,1.60,13900,593475
20220609,11:08,1.60,1.65,1.50,1.50,7300,588525
20220609,11:09,1.50,1.55,1.45,1.45,5300,588525
20220609,11:10,1.50,1.60,1.50,1.55,10975,588525
20220609,11:11,1.55,1.60,1.50,1.60,6025,587875
20220609,11:12,1.55,1.60,1.50,1.50,2625,587875
20220609,11:13,1.50,1.55,1.45,1.55,6350,587875
20220609,11:14,1.55,1.60,1.50,1.50,4625,588475
20220609,11:15,1.50,1.55,1.40,1.40,3475,588475
20220609,11:16,1.40,1.45,1.40,1.40,1900,588475
20220609,11:17,1.40,1.45,1.35,1.40,5150,585550
20220609,11:18,1.40,1.50,1.35,1.35,10325,585550
20220609,11:19,1.30,1.35,1.20,1.20,17725,585550
20220609,11:20,1.20,1.35,1.20,1.25,16025,585150
20220609,11:21,1.25,1.30,1.20,1.25,6525,585150
20220609,11:22,1.30,1.35,1.25,1.25,6300,585150
20220609,11:23,1.25,1.30,1.25,1.25,7000,582150
20220609,11:24,1.25,1.30,1.25,1.25,4800,582150
20220609,11:25,1.30,1.30,1.25,1.25,4700,582150
20220609,11:26,1.30,1.30,1.25,1.30,1050,582150
20220609,11:27,1.30,1.35,1.25,1.30,13025,582425
20220609,11:28,1.30,1.35,1.30,1.30,6325,582425
20220609,11:29,1.30,1.30,1.25,1.25,4125,585525
20220609,11:30,1.25,1.30,1.25,1.25,4650,585525
20220609,11:31,1.30,1.30,1.25,1.25,2175,585525
20220609,11:32,1.30,1.30,1.25,1.25,5975,584700
20220609,11:33,1.25,1.25,1.25,1.25,14125,584700
20220609,11:34,1.30,1.30,1.15,1.20,15700,584700
20220609,11:35,1.20,1.20,1.15,1.15,19650,584925
20220609,11:36,1.20,1.30,1.15,1.20,19075,584925
20220609,11:37,1.30,1.30,1.15,1.20,16000,584925
20220609,11:38,1.15,1.20,1.15,1.20,4650,577500
20220609,11:39,1.20,1.30,1.15,1.25,11675,577500
20220609,11:40,1.25,1.35,1.25,1.35,10625,577500
20220609,11:41,1.30,1.30,1.20,1.25,19950,582075
20220609,11:42,1.25,1.35,1.25,1.35,7275,582075
20220609,11:43,1.30,1.35,1.25,1.30,3175,582075
20220609,11:44,1.30,1.35,1.25,1.30,2550,586200
20220609,11:45,1.30,1.40,1.30,1.35,5275,586200
20220609,11:46,1.40,1.45,1.35,1.45,15975,586200
20220609,11:47,1.40,1.40,1.25,1.35,8125,587800
20220609,11:48,1.40,1.40,1.35,1.35,6975,587800
20220609,11:49,1.40,1.40,1.30,1.30,5600,587800
20220609,11:50,1.30,1.35,1.30,1.30,3675,588700
20220609,11:51,1.30,1.35,1.25,1.30,3600,588700
20220609,11:52,1.30,1.30,1.25,1.25,9625,588700
20220609,11:53,1.30,1.30,1.25,1.30,5925,588550
20220609,11:54,1.25,1.30,1.20,1.20,13450,588550
20220609,11:55,1.20,1.25,1.20,1.25,17625,588550
20220609,11:56,1.25,1.30,1.20,1.25,13950,589875
20220609,11:57,1.25,1.25,1.15,1.20,21650,589875
20220609,11:58,1.20,1.25,1.15,1.20,16300,589875
20220609,11:59,1.20,1.20,1.10,1.15,7975,590425
20220609,12:00,1.10,1.20,1.10,1.15,2275,590425
20220609,12:01,1.15,1.20,1.15,1.15,1850,590425
20220609,12:02,1.20,1.20,1.20,1.20,1350,588925
20220609,12:03,1.20,1.20,1.20,1.20,1475,588925
20220609,12:04,1.20,1.20,1.15,1.15,5250,588925
20220609,12:05,1.10,1.15,1.10,1.15,6975,585850
20220609,12:06,1.10,1.15,1.10,1.15,2500,585850
20220609,12:07,1.10,1.15,1.10,1.15,2625,585850
20220609,12:08,1.10,1.20,1.10,1.15,21675,585850
20220609,12:09,1.15,1.30,1.15,1.30,9425,588050
20220609,12:10,1.30,1.35,1.15,1.15,26825,588050
20220609,12:11,1.15,1.20,1.15,1.20,11800,588525
20220609,12:12,1.15,1.20,1.15,1.15,10775,588525
20220609,12:13,1.15,1.30,1.10,1.20,26625,588525
20220609,12:14,1.20,1.30,1.15,1.15,12500,588825
20220609,12:15,1.20,1.30,1.15,1.30,5375,588825
20220609,12:16,1.25,1.30,1.25,1.30,1350,588825
20220609,12:17,1.25,1.30,1.25,1.30,2625,588450
20220609,12:18,1.30,1.30,1.20,1.20,1250,588450
20220609,12:19,1.25,1.25,1.20,1.25,750,588450
20220609,12:20,1.25,1.25,1.15,1.15,9075,586600
20220609,12:21,1.20,1.20,1.15,1.20,2575,586600
20220609,12:22,1.20,1.25,1.15,1.25,8275,586600
20220609,12:23,1.30,1.30,1.25,1.25,1325,586600
20220609,12:24,1.30,1.30,1.25,1.30,5475,587675
20220609,12:25,1.30,1.30,1.25,1.30,6175,587675
20220609,12:26,1.30,1.35,1.25,1.35,13225,586025
20220609,12:27,1.35,1.40,1.35,1.35,8250,586025
20220609,12:28,1.35,1.40,1.30,1.40,9700,586025
20220609,12:29,1.40,1.40,1.25,1.30,13200,582150
20220609,12:30,1.25,1.35,1.25,1.35,12225,582150
20220609,12:31,1.35,1.40,1.30,1.35,3300,582150
20220609,12:32,1.35,1.40,1.25,1.30,9750,591750
20220609,12:33,1.30,1.30,1.25,1.30,8225,591750
20220609,12:34,1.35,1.40,1.25,1.40,14125,591750
20220609,12:35,1.40,1.40,1.30,1.30,13900,593025
20220609,12:36,1.30,1.35,1.30,1.30,11475,593025
20220609,12:37,1.30,1.50,1.25,1.30,45650,593025
20220609,12:38,1.30,1.40,1.25,1.35,41600,593025
20220609,12:39,1.35,1.35,1.25,1.30,19225,587350
20220609,12:40,1.35,1.35,1.25,1.30,14525,587350
20220609,12:41,1.30,1.35,1.25,1.25,14400,585775
20220609,12:42,1.30,1.40,1.25,1.35,24075,585775
20220609,12:43,1.35,1.40,1.20,1.20,12950,585775
20220609,12:44,1.20,1.30,1.20,1.25,9600,586875
20220609,12:45,1.25,1.30,1.25,1.25,2750,586875
20220609,12:46,1.25,1.30,1.20,1.20,8000,586875
20220609,12:47,1.20,1.30,1.20,1.25,11100,586875
20220609,12:48,1.20,1.20,1.15,1.20,9400,586050
20220609,12:49,1.15,1.20,1.05,1.05,30375,586050
20220609,12:50,1.05,1.05,0.95,1.05,28950,586050
20220609,12:51,1.05,1.20,1.00,1.15,14350,577600
20220609,12:52,1.20,1.25,1.00,1.05,17425,577600
20220609,12:53,1.05,1.20,1.00,1.10,11425,577600
20220609,12:54,1.10,1.15,1.05,1.15,12450,579075
20220609,12:55,1.10,1.15,1.00,1.00,21575,579075
20220609,12:56,1.05,1.05,1.00,1.05,4775,579075
20220609,12:57,1.05,1.15,1.05,1.10,13625,582250
20220609,12:58,1.10,1.15,1.00,1.05,1700,582250
20220609,12:59,1.05,1.05,1.00,1.05,4900,582250
20220609,13:00,1.05,1.10,1.00,1.00,7025,585100
20220609,13:01,1.00,1.10,1.00,1.05,19800,585100
20220609,13:02,1.00,1.05,0.85,0.95,27225,585100
20220609,13:03,0.95,1.05,0.90,1.05,15500,579575
20220609,13:04,1.00,1.00,0.90,0.95,23400,579575
20220609,13:05,0.95,0.95,0.85,0.85,5450,579575
20220609,13:06,0.90,0.95,0.85,0.90,6975,576000
20220609,13:07,0.90,1.10,0.90,1.00,12825,576000
20220609,13:08,1.00,1.05,0.85,0.85,9925,576000
20220609,13:09,0.85,0.90,0.85,0.85,6500,574800
20220609,13:10,0.85,0.90,0.75,0.75,12375,574800
20220609,13:11,0.80,0.90,0.75,0.85,17000,574800
20220609,13:12,0.80,0.85,0.75,0.75,14625,576725
20220609,13:13,0.80,0.90,0.75,0.90,26350,576725
20220609,13:14,0.85,0.90,0.75,0.80,20100,576725
20220609,13:15,0.85,0.85,0.65,0.75,21850,576875
20220609,13:16,0.70,0.70,0.60,0.70,30125,576875
20220609,13:17,0.70,0.80,0.65,0.70,10525,576875
20220609,13:18,0.75,0.80,0.70,0.75,12425,573600
20220609,13:19,0.75,0.80,0.70,0.75,6200,573600
20220609,13:20,0.75,0.80,0.70,0.80,10800,573600
20220609,13:21,0.80,0.80,0.75,0.80,8650,579150
20220609,13:22,0.80,0.85,0.75,0.75,11775,579150
20220609,13:23,0.80,0.80,0.75,0.75,4075,579150
20220609,13:24,0.80,0.85,0.75,0.80,9900,583550
20220609,13:25,0.80,0.80,0.75,0.80,24350,583550
20220609,13:26,0.90,0.90,0.80,0.85,13475,583550
20220609,13:27,0.80,0.85,0.80,0.85,5550,582875
20220609,13:28,0.85,0.85,0.80,0.85,3125,582875
20220609,13:29,0.85,0.85,0.80,0.85,7825,582875
20220609,13:30,0.85,0.85,0.80,0.85,8100,582725
20220609,13:31,0.80,0.85,0.80,0.80,3475,582725
20220609,13:32,0.85,0.85,0.80,0.85,1625,582725
20220609,13:33,0.85,0.85,0.80,0.80,6675,582425
20220609,13:34,0.80,0.80,0.75,0.80,4925,582425
20220609,13:35,0.85,0.85,0.80,0.80,2025,582425
20220609,13:36,0.80,0.85,0.80,0.80,1550,581975
20220609,13:37,0.80,0.90,0.80,0.85,5800,581975
20220609,13:38,0.80,0.85,0.80,0.80,8675,581975
20220609,13:39,0.80,0.80,0.75,0.80,2175,581025
20220609,13:40,0.80,0.80,0.75,0.80,2000,581025
20220609,13:41,0.80,0.85,0.80,0.85,2950,581025
20220609,13:42,0.85,0.85,0.75,0.75,7575,584200
20220609,13:43,0.80,0.80,0.65,0.70,11550,584200
20220609,13:44,0.70,0.80,0.70,0.75,19075,584200
20220609,13:45,0.80,0.85,0.75,0.75,9325,582925
20220609,13:46,0.80,0.85,0.75,0.85,2250,582925
20220609,13:47,0.80,0.85,0.80,0.85,7225,582925
20220609,13:48,0.85,0.85,0.70,0.75,8900,581650
20220609,13:49,0.75,0.75,0.70,0.75,2750,581650
20220609,13:50,0.75,0.85,0.70,0.80,12175,581650
20220609,13:51,0.75,0.85,0.75,0.75,8450,581225
20220609,13:52,0.80,0.85,0.80,0.85,8875,581225
20220609,13:53,0.85,0.90,0.75,0.85,27850,581225
20220609,13:54,0.85,0.90,0.80,0.80,9550,582200
20220609,13:55,0.85,0.90,0.80,0.90,13025,582200
20220609,13:56,0.90,0.90,0.80,0.80,16600,582200
20220609,13:57,0.80,0.85,0.70,0.70,6700,577000
20220609,13:58,0.70,0.75,0.70,0.75,7050,577000
20220609,13:59,0.75,0.80,0.70,0.70,26300,577000
20220609,14:00,0.75,0.75,0.60,0.60,37600,582425
20220609,14:01,0.60,0.65,0.55,0.55,37575,582425
20220609,14:02,0.55,0.70,0.50,0.70,25550,582425
20220609,14:03,0.70,0.70,0.55,0.60,19050,574300
20220609,14:04,0.60,0.65,0.55,0.60,11650,574300
20220609,14:05,0.60,0.65,0.55,0.55,3875,574300
20220609,14:06,0.55,0.60,0.55,0.60,4600,573850
20220609,14:07,0.55,0.55,0.50,0.50,11975,573850
20220609,14:08,0.50,0.60,0.50,0.50,14750,573850
20220609,14:09,0.50,0.55,0.45,0.50,11100,573475
20220609,14:10,0.50,0.55,0.45,0.45,19850,573475
20220609,14:11,0.50,0.50,0.35,0.45,51425,573475
20220609,14:12,0.45,0.45,0.35,0.35,10700,569250
20220609,14:13,0.40,0.40,0.35,0.35,9925,569250
20220609,14:14,0.30,0.35,0.30,0.35,12900,569250
20220609,14:15,0.35,0.40,0.30,0.35,13000,569950
20220609,14:16,0.35,0.40,0.30,0.30,12475,569950
20220609,14:17,0.30,0.35,0.25,0.30,6675,569950
20220609,14:18,0.25,0.30,0.25,0.25,6175,568675
20220609,14:19,0.25,0.30,0.25,0.25,11775,568675
20220609,14:20,0.30,0.45,0.25,0.35,31200,568675
20220609,14:21,0.30,0.40,0.30,0.30,19900,566825
20220609,14:22,0.30,0.35,0.30,0.30,8475,566825
20220609,14:23,0.35,0.40,0.30,0.35,13700,566825
20220609,14:24,0.35,0.40,0.35,0.35,6500,569275
20220609,14:25,0.40,0.40,0.30,0.35,6375,569275
20220609,14:26,0.35,0.40,0.30,0.35,8150,569275
20220609,14:27,0.35,0.40,0.30,0.35,10100,567775
20220609,14:28,0.35,0.40,0.30,0.40,18175,567775
20220609,14:29,0.40,0.40,0.30,0.35,6750,567775
20220609,14:30,0.35,0.40,0.35,0.40,3600,568425
20220609,14:31,0.35,0.40,0.30,0.30,6175,568425
20220609,14:32,0.30,0.35,0.30,0.35,9200,568425
20220609,14:33,0.30,0.40,0.25,0.35,18600,563875
20220609,14:34,0.35,0.35,0.30,0.30,7400,563875
20220609,14:35,0.30,0.35,0.25,0.25,4700,563875
20220609,14:36,0.25,0.30,0.25,0.30,10125,557425
20220609,14:37,0.25,0.25,0.15,0.20,24475,557425
20220609,14:38,0.15,0.25,0.15,0.20,24275,557425
20220609,14:39,0.20,0.25,0.15,0.20,11600,551550
20220609,14:40,0.20,0.25,0.15,0.25,24950,551550
20220609,14:41,0.20,0.30,0.20,0.25,6450,551550
20220609,14:42,0.25,0.30,0.20,0.25,9450,554450
20220609,14:43,0.25,0.30,0.20,0.20,9475,554450
20220609,14:44,0.20,0.25,0.15,0.20,8400,554450
20220609,14:45,0.20,0.25,0.20,0.20,9125,556975
20220609,14:46,0.20,0.25,0.15,0.25,6225,556975
20220609,14:47,0.20,0.25,0.20,0.20,8425,556975
20220609,14:48,0.15,0.20,0.15,0.20,17550,555850
20220609,14:49,0.20,0.20,0.15,0.15,10125,555850
20220609,14:50,0.15,0.20,0.10,0.15,18200,555850
20220609,14:51,0.10,0.15,0.10,0.15,6450,555475
20220609,14:52,0.10,0.20,0.10,0.15,9950,555475
20220609,14:53,0.20,0.20,0.10,0.10,9550,555475
20220609,14:54,0.20,0.20,0.10,0.10,8325,548225
20220609,14:55,0.10,0.20,0.10,0.20,7550,548225
20220609,14:56,0.15,0.20,0.10,0.20,18100,548225
20220609,14:57,0.20,0.20,0.10,0.15,7725,541025
20220609,14:58,0.10,0.20,0.10,0.15,7875,541025
20220609,14:59,0.15,0.15,0.10,0.10,7275,541025
20220609,15:00,0.15,0.20,0.10,0.10,10825,539200
20220609,15:01,0.15,0.20,0.10,0.15,6925,539200
20220609,15:02,0.15,0.15,0.10,0.10,14950,539200
20220609,15:03,0.10,0.20,0.10,0.20,7450,528025
20220609,15:04,0.15,0.20,0.10,0.15,5750,528025
20220609,15:05,0.15,0.15,0.05,0.10,36325,528025
20220609,15:06,0.05,0.15,0.05,0.10,29350,511575
20220609,15:07,0.10,0.15,0.05,0.10,33650,511575
20220609,15:08,0.10,0.15,0.05,0.05,22575,511575
20220609,15:09,0.05,0.10,0.05,0.05,16550,509225
20220609,15:10,0.05,0.10,0.05,0.05,15150,509225
20220609,15:11,0.05,0.10,0.05,0.05,5100,509225
20220609,15:12,0.05,0.10,0.05,0.05,1925,506800
20220609,15:13,0.05,0.10,0.05,0.05,16025,506800
20220609,15:14,0.05,0.10,0.05,0.05,18075,506800
20220609,15:15,0.05,0.05,0.05,0.05,13250,495825
20220609,15:17,0.05,0.05,0.05,0.05,1650,495825
20220609,15:18,0.05,0.05,0.05,0.05,50,495825
20220609,15:20,0.05,0.05,0.05,0.05,2600,489725
20220609,15:21,0.05,0.05,0.05,0.05,975,489125
20220609,15:22,0.05,0.05,0.05,0.05,50,489125
20220609,15:23,0.05,0.05,0.05,0.05,750,489125
20220609,15:25,0.05,0.05,0.05,0.05,50,489125
20220609,15:28,0.05,0.05,0.05,0.05,25,487475
20220609,15:29,0.05,0.05,0.05,0.05,250,487475
