20220225,09:42,279.45,279.45,279.45,279.45,51,50
20220225,10:17,166.35,166.35,166.35,166.35,50,50
20220225,14:55,166.35,166.35,166.35,166.35,25,50
20220225,15:08,235.85,235.85,235.85,235.85,300,75
20220225,15:13,237.00,241.00,237.00,241.00,75,375
20220225,15:21,241.00,241.00,241.00,241.00,25,450
20220228,09:19,293.15,297.80,293.10,297.80,552,475
20220228,09:22,319.80,319.80,319.80,319.80,100,825
20220228,09:23,328.45,328.45,328.45,328.45,25,825
20220228,09:25,349.10,363.20,349.10,363.20,75,825
20220228,09:26,363.20,363.20,347.00,347.00,75,775
20220228,09:31,376.65,376.65,376.65,376.65,50,750
20220228,09:33,376.65,376.65,376.65,376.65,25,775
20220228,09:56,343.10,343.10,343.10,343.10,50,800
20220228,09:59,311.65,311.65,311.65,311.65,50,825
20220228,10:00,339.10,339.10,339.10,339.10,50,825
20220228,10:06,318.35,318.35,318.35,318.35,50,825
20220228,10:15,322.75,322.75,322.75,322.75,50,775
20220228,10:17,331.85,331.85,331.85,331.85,25,775
20220228,10:24,326.15,326.15,326.15,326.15,25,700
20220228,10:29,321.90,321.90,321.90,321.90,25,700
20220228,10:39,303.40,303.40,303.40,303.40,25,675
20220228,10:41,316.30,316.30,316.30,316.30,25,675
20220228,10:48,292.10,292.10,292.10,292.10,25,675
20220228,10:56,292.10,292.10,292.10,292.10,25,675
20220228,10:57,292.00,292.00,288.40,288.40,200,675
20220228,11:17,288.40,288.40,288.40,288.40,25,675
20220228,11:26,288.50,288.50,288.50,288.50,200,675
20220228,11:32,289.30,289.30,289.30,289.30,25,675
20220228,11:59,269.30,269.30,269.30,269.30,25,650
20220228,12:27,269.30,269.30,269.30,269.30,25,650
20220228,12:43,277.00,277.00,277.00,277.00,25,650
20220228,14:02,311.75,311.75,311.75,311.75,50,650
20220228,14:07,311.80,311.80,302.80,302.80,75,625
20220228,14:20,298.50,298.50,298.50,298.50,25,625
20220228,14:29,288.20,288.20,288.20,288.20,25,625
20220228,14:34,284.35,284.35,284.35,284.35,25,625
20220228,14:38,276.80,276.80,276.80,276.80,25,625
20220228,15:01,268.00,268.00,268.00,268.00,50,625
20220228,15:04,258.00,258.00,258.00,258.00,25,650
20220302,09:17,411.45,411.45,411.25,411.25,52,675
20220302,09:20,379.50,379.50,379.50,379.50,50,725
20220302,09:21,379.45,379.45,370.90,370.90,100,725
20220302,09:28,340.45,340.45,340.45,340.45,50,700
20220302,09:31,340.45,362.00,340.45,362.00,125,725
20220302,09:34,382.35,382.35,382.35,382.35,25,725
20220302,09:37,382.65,382.65,382.65,382.65,25,850
20220302,09:39,384.75,384.75,384.75,384.75,25,875
20220302,09:42,359.65,359.65,359.65,359.65,25,900
20220302,09:48,397.95,412.85,388.95,412.85,175,900
20220302,09:49,412.85,412.85,409.70,410.45,200,900
20220302,09:50,399.55,399.55,399.55,399.55,50,900
20220302,09:51,400.00,400.00,400.00,400.00,25,1100
20220302,09:52,395.00,403.80,395.00,403.80,50,1100
20220302,09:54,421.75,421.75,418.05,418.05,150,1125
20220302,09:55,419.30,419.30,419.30,419.30,50,1125
20220302,09:57,420.00,420.00,419.30,419.30,50,1225
20220302,09:58,405.00,405.00,405.00,405.00,25,1225
20220302,09:59,403.40,403.40,403.40,403.40,25,1225
20220302,10:00,408.95,408.95,408.95,408.95,50,1275
20220302,10:01,403.45,403.45,399.15,399.15,100,1275
20220302,10:02,399.95,401.25,398.25,398.25,250,1300
20220302,10:03,390.20,390.20,390.20,390.20,100,1300
20220302,10:06,407.55,410.80,407.55,410.80,375,1325
20220302,10:07,405.05,405.05,404.00,404.00,75,1325
20220302,10:08,411.65,411.65,411.65,411.65,50,1675
20220302,10:10,401.95,401.95,401.95,401.95,50,1675
20220302,10:13,392.20,392.20,392.20,392.20,25,1725
20220302,10:16,389.40,389.40,389.40,389.40,50,1750
20220302,10:20,373.80,373.80,373.80,373.80,150,1725
20220302,10:21,369.20,369.20,369.20,369.20,25,1725
20220302,10:25,374.70,374.70,374.70,374.70,25,1750
20220302,10:27,377.55,377.55,377.55,377.55,25,1775
20220302,10:28,384.20,387.80,384.20,387.80,75,1775
20220302,10:29,409.80,409.80,409.80,409.80,50,1775
20220302,10:30,409.95,410.00,409.95,410.00,75,1775
20220302,10:32,405.95,405.95,405.95,405.95,50,1775
20220302,10:33,405.70,405.70,405.70,405.70,25,1800
20220302,10:35,418.00,418.00,412.65,412.65,125,1750
20220302,10:36,400.00,400.00,400.00,400.00,25,1750
20220302,10:38,416.00,418.10,416.00,418.10,75,1750
20220302,10:40,414.80,414.80,414.80,414.80,25,1725
20220302,10:42,417.95,417.95,417.95,417.95,25,1725
20220302,10:43,413.25,425.00,413.25,425.00,75,1725
20220302,10:45,426.40,426.40,420.40,420.40,175,1725
20220302,10:54,395.15,398.00,395.15,398.00,100,1825
20220302,10:58,412.35,412.35,412.35,412.35,50,1875
20220302,11:00,412.40,412.40,412.40,412.40,50,1875
20220302,11:01,412.40,412.40,403.25,403.25,225,1875
20220302,11:03,410.35,410.35,410.35,410.35,50,1875
20220302,11:04,404.35,404.35,404.35,404.35,25,1875
20220302,11:06,397.20,397.20,397.20,397.20,25,1900
20220302,11:07,399.75,399.75,399.75,399.75,50,1900
20220302,11:12,412.45,413.65,412.45,413.65,150,1875
20220302,11:17,399.05,399.05,399.00,399.00,50,2025
20220302,11:19,393.05,393.05,393.05,393.05,50,2000
20220302,11:21,402.40,402.40,402.40,402.40,25,2000
20220302,11:28,391.10,391.25,391.10,391.25,100,2000
20220302,11:31,386.50,391.50,386.50,391.50,100,2025
20220302,11:32,394.10,394.10,394.10,394.10,75,2025
20220302,11:33,385.55,388.45,385.55,388.45,100,2150
20220302,11:36,408.80,418.85,408.80,418.85,200,2175
20220302,11:37,417.30,419.00,417.30,419.00,125,2175
20220302,11:38,411.55,411.55,411.55,411.55,50,2175
20220302,11:39,408.20,408.20,408.20,408.20,50,1975
20220302,11:41,410.05,410.05,410.05,410.05,25,1975
20220302,11:42,407.90,407.90,407.90,407.90,25,2000
20220302,11:44,407.90,407.90,407.90,407.90,25,2000
20220302,11:45,415.45,415.45,413.65,413.65,625,1950
20220302,11:46,409.90,413.05,409.90,413.05,700,1950
20220302,11:47,412.55,412.55,412.40,412.40,75,1950
20220302,11:48,411.30,411.30,410.70,410.90,550,2200
20220302,11:50,404.05,405.50,404.05,404.70,1075,2200
20220302,11:53,424.65,424.65,424.65,424.65,200,2525
20220302,11:54,422.10,429.00,422.10,429.00,300,2725
20220302,11:55,439.70,439.70,439.70,439.70,150,2725
20220302,11:59,431.80,431.80,431.80,431.80,25,3025
20220302,12:01,416.50,416.50,416.50,416.50,25,3025
20220302,12:02,415.90,415.90,415.90,415.90,100,3025
20220302,12:04,424.55,424.55,423.20,423.20,225,2950
20220302,12:05,425.20,431.00,425.20,431.00,350,2950
20220302,12:06,435.35,435.35,435.35,435.35,25,3375
20220302,12:11,426.55,426.55,426.55,426.55,125,3400
20220302,12:12,424.40,429.00,424.40,429.00,50,3475
20220302,12:15,439.00,439.00,439.00,439.00,50,3500
20220302,12:17,435.20,435.20,433.80,433.80,75,3500
20220302,12:18,435.95,441.15,435.95,441.15,125,3525
20220302,12:19,445.10,445.10,445.10,445.10,50,3525
20220302,12:20,445.10,445.10,435.65,436.80,100,3550
20220302,12:24,454.45,454.45,454.45,454.45,50,3525
20220302,12:25,454.45,454.45,454.45,454.45,25,3525
20220302,12:26,455.80,455.80,454.10,455.40,125,3525
20220302,12:28,450.40,450.40,450.40,450.40,25,3550
20220302,12:29,452.80,452.80,439.30,447.00,550,3550
20220302,12:31,447.05,447.05,447.05,447.05,25,3075
20220302,12:32,450.40,450.40,450.40,450.40,25,3075
20220302,12:34,456.60,456.60,456.60,456.60,50,3075
20220302,12:37,473.65,473.65,473.65,473.65,100,3075
20220302,12:38,477.70,477.70,477.70,477.70,25,3075
20220302,12:40,477.70,477.70,469.90,469.90,50,3050
20220302,12:41,469.40,469.40,469.40,469.40,25,3050
20220302,12:43,462.20,462.20,462.20,462.20,50,3000
20220302,12:44,461.80,461.80,461.80,461.80,450,3000
20220302,12:45,480.00,484.75,480.00,484.75,125,2600
20220302,12:47,491.65,491.65,491.65,491.65,250,2600
20220302,12:48,491.65,497.15,491.65,497.15,50,2575
20220302,12:49,497.15,497.15,492.65,492.65,150,2575
20220302,12:50,494.75,494.95,494.55,494.95,100,2575
20220302,12:51,503.20,503.20,503.20,503.20,325,2675
20220302,12:52,500.65,506.10,500.10,502.00,125,2675
20220302,12:53,500.50,500.50,500.50,500.50,275,2675
20220302,12:59,456.95,456.95,452.65,452.65,175,3050
20220302,13:00,443.10,446.15,443.10,446.15,75,2975
20220302,13:01,441.10,441.10,432.15,432.15,500,2975
20220302,13:02,427.80,429.70,427.80,429.70,275,2975
20220302,13:03,427.00,427.30,426.00,427.30,100,2975
20220302,13:04,414.75,414.75,413.80,413.80,125,2975
20220302,13:06,396.40,399.95,396.40,399.95,100,3000
20220302,13:07,410.10,410.10,410.10,410.10,75,3000
20220302,13:08,404.35,404.35,404.35,404.35,50,3000
20220302,13:10,408.55,408.55,408.55,408.55,100,3000
20220302,13:11,422.30,422.30,419.05,419.05,450,3000
20220302,13:14,421.00,421.00,421.00,421.00,25,2475
20220302,13:28,442.90,444.75,442.55,442.55,375,2500
20220302,13:29,440.25,440.25,440.25,440.25,25,2500
20220302,13:33,440.00,440.00,440.00,440.00,25,2375
20220302,13:36,427.25,427.25,427.25,427.25,50,2375
20220302,13:40,440.20,440.20,440.20,440.20,25,2375
20220302,13:41,414.75,421.90,414.75,421.90,50,2375
20220302,13:45,423.00,423.00,423.00,423.00,25,2400
20220302,13:48,405.40,405.40,405.40,405.40,50,2425
20220302,13:49,406.00,406.00,406.00,406.00,50,2425
20220302,13:51,400.40,405.45,400.40,405.45,150,2475
20220302,13:52,408.00,408.00,403.95,403.95,50,2475
20220302,13:54,399.60,399.60,399.60,399.60,25,2625
20220302,13:57,390.00,393.75,390.00,393.30,100,2600
20220302,14:00,424.90,424.90,424.90,424.90,25,2675
20220302,14:01,419.75,423.50,419.75,423.50,225,2675
20220302,14:03,419.90,420.70,419.90,420.70,175,2775
20220302,14:05,413.60,413.60,413.60,413.60,25,2775
20220302,14:06,413.00,413.00,413.00,413.00,25,2775
20220302,14:09,418.10,418.10,413.45,413.45,100,2750
20220302,14:13,415.30,421.20,415.30,421.20,75,2750
20220302,14:15,420.10,425.00,420.10,425.00,250,2675
20220302,14:16,427.30,437.15,427.30,437.15,50,2675
20220302,14:17,426.80,426.80,425.70,425.70,200,2675
20220302,14:18,430.00,430.00,430.00,430.00,25,2800
20220302,14:19,438.25,442.55,438.25,441.35,200,2800
20220302,14:20,450.90,450.90,450.25,450.25,200,2800
20220302,14:21,451.20,451.20,451.05,451.05,100,2725
20220302,14:22,451.05,457.00,451.05,457.00,125,2725
20220302,14:23,445.00,445.00,445.00,445.00,100,2725
20220302,14:25,434.15,435.55,434.15,435.55,125,2775
20220302,14:26,442.50,442.50,442.50,442.50,125,2775
20220302,14:27,456.10,456.10,456.10,456.10,25,2550
20220302,14:28,455.25,455.25,455.25,455.25,25,2550
20220302,14:31,445.50,445.50,445.50,445.50,25,2550
20220302,14:33,442.70,442.70,442.70,442.70,25,2575
20220302,14:34,442.70,442.70,442.70,442.70,50,2575
20220302,14:36,456.70,456.70,442.05,442.05,75,2600
20220302,14:41,425.15,425.15,425.15,425.15,75,2550
20220302,14:42,425.50,426.65,425.50,426.65,75,2550
20220302,14:43,419.90,419.90,419.10,419.10,50,2550
20220302,14:44,415.75,415.75,415.05,415.05,100,2550
20220302,14:46,405.10,406.15,403.15,406.15,125,2575
20220302,14:47,403.35,403.35,403.35,403.35,75,2575
20220302,14:53,402.50,402.50,402.50,402.50,25,2750
20220302,14:57,405.80,405.80,405.80,405.80,25,2725
20220302,14:59,408.40,408.40,405.25,405.25,75,2725
20220302,15:00,390.00,390.00,355.85,360.70,250,2775
20220302,15:01,362.10,365.60,362.10,365.60,400,2775
20220302,15:02,360.95,360.95,360.60,360.60,100,2775
20220302,15:03,364.40,365.70,347.65,349.55,675,3025
20220302,15:04,322.35,322.35,322.35,322.35,25,3025
20220302,15:05,322.35,329.80,322.35,329.80,200,3025
20220302,15:06,329.55,337.15,327.35,327.35,900,2750
20220302,15:07,329.70,339.55,329.70,339.55,175,2750
20220302,15:08,333.00,334.50,333.00,334.50,75,2750
20220302,15:09,332.20,332.20,332.20,332.20,50,2800
20220302,15:10,328.60,330.35,328.50,330.35,325,2800
20220302,15:11,325.40,328.95,325.40,328.95,75,2800
20220302,15:12,317.60,317.60,317.60,317.60,25,2800
20220302,15:13,309.55,309.55,307.60,307.60,50,2675
20220302,15:14,300.00,300.00,290.05,290.05,300,2675
20220302,15:15,290.05,290.05,270.00,270.00,600,2850
20220302,15:16,270.00,279.20,270.00,278.85,575,2850
20220302,15:17,265.50,266.80,258.60,258.60,275,2850
20220302,15:18,257.25,257.25,255.55,255.55,175,2725
20220302,15:19,265.10,265.10,264.90,264.90,50,2725
20220302,15:20,260.45,260.45,260.45,260.45,50,2725
20220302,15:21,267.70,270.70,266.45,270.70,125,2675
20220302,15:25,273.15,279.60,270.00,279.60,1125,2650
20220302,15:26,281.90,281.90,274.45,274.45,150,2650
20220302,15:27,276.30,280.15,276.30,279.95,150,3475
20220302,15:28,276.75,276.75,276.75,276.75,50,3475
20220302,15:29,275.00,276.00,275.00,276.00,125,3475
20220303,09:15,211.05,211.05,211.00,211.00,127,3350
20220303,09:16,143.80,143.80,143.10,143.10,125,3350
20220303,09:17,154.20,157.35,154.00,157.35,100,3450
20220303,09:18,155.10,155.10,137.15,137.15,50,3450
20220303,09:20,137.15,137.15,137.15,137.15,50,3450
20220303,09:21,148.65,148.65,148.65,148.65,100,3500
20220303,09:22,151.15,153.20,144.90,153.20,125,3500
20220303,09:23,155.10,155.10,155.10,155.10,25,3500
20220303,09:24,142.45,145.85,142.45,145.85,150,3425
20220303,09:25,144.25,154.80,144.25,154.80,125,3425
20220303,09:26,143.00,157.30,143.00,157.30,2225,3975
20220303,09:27,155.45,164.70,155.45,162.70,2250,3975
20220303,09:28,163.50,163.50,162.70,162.70,200,3975
20220303,09:29,162.65,162.95,162.65,162.95,50,3650
20220303,09:30,165.30,169.75,165.30,169.75,200,3650
20220303,09:31,169.00,169.00,169.00,169.00,25,3650
20220303,09:32,168.55,170.00,161.75,161.75,1100,3875
20220303,09:33,166.25,167.55,165.50,166.50,1125,3875
20220303,09:34,166.45,168.05,164.70,167.45,500,3875
20220303,09:35,167.55,177.45,167.55,177.45,300,4075
20220303,09:36,175.70,175.70,172.55,172.55,425,4075
20220303,09:37,179.00,188.95,179.00,188.95,875,4075
20220303,09:38,192.85,202.25,192.85,201.65,325,4675
20220303,09:39,192.15,192.15,186.10,186.40,525,4675
20220303,09:40,184.35,191.60,184.35,186.30,325,4675
20220303,09:41,190.00,190.00,187.90,187.95,125,4650
20220303,09:42,185.40,185.40,174.00,181.95,900,4650
20220303,09:43,184.25,197.50,184.25,193.00,575,4650
20220303,09:44,199.00,204.65,196.85,204.65,2925,5375
20220303,09:45,205.00,209.60,202.45,205.00,650,5375
20220303,09:46,202.25,209.95,200.50,208.65,175,5375
20220303,09:47,200.25,200.25,199.70,199.70,50,4975
20220303,09:48,202.60,202.60,202.60,202.60,25,4975
20220303,09:49,211.10,221.60,211.00,211.00,725,4975
20220303,09:50,209.90,209.90,196.65,204.95,275,5175
20220303,09:51,212.45,212.45,205.80,207.90,175,5175
20220303,09:52,203.30,209.85,203.30,208.55,175,5175
20220303,09:53,214.35,214.35,213.80,213.80,75,5175
20220303,09:54,208.30,210.85,206.00,206.00,100,5275
20220303,09:55,199.35,199.70,199.35,199.70,125,5275
20220303,09:56,201.95,202.55,201.95,202.55,100,5275
20220303,09:57,203.40,206.00,200.00,200.00,150,5200
20220303,09:58,201.90,201.90,201.00,201.00,75,5200
20220303,09:59,205.10,205.10,205.10,205.10,25,5200
20220303,10:00,210.00,210.50,209.05,210.50,100,5300
20220303,10:01,208.25,208.25,208.25,208.25,25,5300
20220303,10:02,210.00,210.00,209.70,209.70,125,5325
20220303,10:03,210.00,210.00,209.90,209.90,50,5325
20220303,10:04,212.00,212.00,210.00,210.00,50,5325
20220303,10:06,217.15,220.00,217.15,220.00,50,5325
20220303,10:07,215.30,215.30,215.30,215.30,25,5325
20220303,10:08,215.30,229.40,215.30,229.40,325,5400
20220303,10:10,230.00,248.60,230.00,234.65,325,5400
20220303,10:11,233.45,233.45,224.75,224.75,400,5600
20220303,10:12,225.60,228.60,225.60,228.60,100,5600
20220303,10:13,227.00,227.00,227.00,227.00,25,5600
20220303,10:14,224.00,228.25,218.55,218.55,375,5725
20220303,10:15,214.50,214.85,214.50,214.85,125,5725
20220303,10:16,221.25,224.50,221.25,224.50,50,5725
20220303,10:17,229.45,229.45,229.45,229.45,75,5675
20220303,10:18,229.00,241.50,229.00,241.10,200,5675
20220303,10:19,238.05,239.65,234.45,239.65,75,5675
20220303,10:20,243.15,243.15,240.00,240.00,100,5675
20220303,10:21,242.65,245.00,241.75,241.75,325,5675
20220303,10:22,250.75,250.75,250.75,250.75,50,5675
20220303,10:23,250.75,250.75,235.80,235.80,75,5675
20220303,10:24,239.45,239.45,239.45,239.45,25,5950
20220303,10:25,234.00,234.00,234.00,234.00,25,5950
20220303,10:26,240.00,240.00,240.00,240.00,25,5950
20220303,10:27,238.45,238.45,238.45,238.45,25,5950
20220303,10:29,236.20,236.20,235.30,235.30,50,5925
20220303,10:30,235.95,235.95,235.95,235.95,25,5925
20220303,10:31,236.25,236.25,232.35,232.35,75,5925
20220303,10:33,239.95,239.95,239.95,239.95,25,5900
20220303,10:34,236.65,236.65,236.65,236.65,25,5900
20220303,10:35,230.00,230.00,230.00,230.00,25,5900
20220303,10:37,219.00,219.00,219.00,219.00,25,5900
20220303,10:38,217.40,217.40,206.95,206.95,225,5975
20220303,10:39,210.35,210.35,210.35,210.35,25,5975
20220303,10:40,210.70,210.70,210.70,210.70,25,5975
20220303,10:42,222.35,222.35,222.35,222.35,25,5925
20220303,10:43,230.50,230.50,230.50,230.50,25,5925
20220303,10:44,232.65,238.25,232.65,238.25,175,5925
20220303,10:45,241.65,241.65,241.65,241.65,50,5925
20220303,10:46,235.15,240.00,235.15,240.00,75,5925
20220303,10:47,235.50,235.50,227.45,227.45,225,5925
20220303,10:48,235.65,241.80,235.65,241.80,100,5900
20220303,10:49,242.00,242.00,236.15,240.10,325,5900
20220303,10:50,241.15,241.15,241.15,241.15,50,5900
20220303,10:51,237.35,237.35,233.55,233.55,50,5900
20220303,10:55,233.00,235.00,233.00,235.00,50,5900
20220303,10:57,236.00,236.00,236.00,236.00,50,5900
20220303,10:59,240.00,240.00,240.00,240.00,25,5900
20220303,11:00,240.05,241.60,239.20,239.20,75,5850
20220303,11:01,218.45,227.45,218.45,226.00,150,5850
20220303,11:03,227.00,227.00,227.00,227.00,25,5925
20220303,11:04,232.65,232.65,232.65,232.65,25,5925
20220303,11:05,232.10,232.10,232.10,232.10,100,5925
20220303,11:06,230.00,230.00,224.70,224.70,175,5975
20220303,11:07,224.70,224.70,220.95,220.95,250,5975
20220303,11:10,226.85,226.85,226.85,226.85,25,6025
20220303,11:11,224.30,224.30,224.30,224.30,50,6025
20220303,11:12,222.10,222.10,222.10,222.10,25,6025
20220303,11:13,214.85,214.85,214.85,214.85,25,6025
20220303,11:14,215.35,215.35,212.55,212.55,150,6025
20220303,11:16,210.00,210.00,210.00,210.00,50,5925
20220303,11:18,208.40,208.40,201.65,201.65,100,5925
20220303,11:19,209.85,209.85,208.00,208.00,75,5925
20220303,11:21,214.45,214.45,214.45,214.45,75,5850
20220303,11:22,210.00,210.00,210.00,210.00,25,5850
20220303,11:23,210.05,210.05,207.95,207.95,500,5850
20220303,11:24,205.00,205.00,199.00,199.50,275,6225
20220303,11:25,198.05,199.85,194.45,197.00,325,6225
20220303,11:26,196.75,197.00,194.85,194.85,1125,6225
20220303,11:27,191.75,197.60,191.65,197.60,425,7050
20220303,11:29,195.00,195.00,193.05,194.10,125,7050
20220303,11:30,189.60,195.00,189.60,195.00,700,6950
20220303,11:31,192.25,192.25,192.25,192.25,25,6950
20220303,11:32,197.80,199.65,197.80,199.65,50,6950
20220303,11:33,193.20,193.20,193.20,193.20,50,7425
20220303,11:34,189.70,189.70,189.70,189.70,100,7425
20220303,11:38,196.80,196.80,196.80,196.80,225,7425
20220303,11:39,199.80,202.10,199.80,202.10,100,7125
20220303,11:40,202.55,204.55,197.70,197.70,325,7125
20220303,11:42,199.20,199.20,197.95,197.95,75,6975
20220303,11:43,197.70,197.70,197.70,197.70,50,6975
20220303,11:44,201.35,201.35,201.35,201.35,25,6975
20220303,11:49,201.00,201.00,201.00,201.00,25,7000
20220303,11:51,201.35,201.35,201.35,201.35,100,7025
20220303,11:52,201.85,202.00,201.85,202.00,50,7025
20220303,11:54,201.00,201.05,201.00,201.05,1125,7150
20220303,11:55,200.30,200.30,200.30,200.30,50,7150
20220303,11:57,200.65,203.35,200.65,203.05,375,7100
20220303,11:58,206.40,215.05,206.10,206.10,475,7100
20220303,11:59,206.55,206.55,206.10,206.10,75,7100
20220303,12:00,205.25,208.35,205.25,208.35,50,6950
20220303,12:01,205.10,206.60,205.10,206.00,1000,6950
20220303,12:02,204.10,204.10,195.85,195.85,300,6950
20220303,12:03,195.00,195.30,195.00,195.30,100,6925
20220303,12:04,196.90,196.90,196.90,196.90,25,6925
20220303,12:05,196.80,196.80,196.80,196.80,50,6925
20220303,12:06,194.15,194.15,191.35,191.35,525,6975
20220303,12:07,192.00,192.00,190.80,190.80,50,6975
20220303,12:09,196.00,196.00,195.30,195.30,125,7225
20220303,12:11,196.75,196.75,196.75,196.75,800,7225
20220303,12:12,195.35,196.75,195.35,196.75,950,7900
20220303,12:13,197.45,197.90,196.85,196.85,75,7900
20220303,12:14,197.40,197.40,197.40,197.40,25,7900
20220303,12:15,200.90,201.85,198.05,198.05,75,8400
20220303,12:16,201.80,201.80,197.00,197.00,50,8400
20220303,12:17,200.75,200.80,200.75,200.80,50,8400
20220303,12:18,207.00,207.00,207.00,207.00,25,8400
20220303,12:19,209.20,212.00,207.85,212.00,775,8400
20220303,12:20,215.20,220.00,215.20,216.55,125,8400
20220303,12:21,224.45,224.45,224.45,224.45,25,8500
20220303,12:22,220.80,220.80,215.50,220.80,100,8500
20220303,12:23,220.55,220.55,218.65,218.65,125,8500
20220303,12:24,223.05,223.65,222.90,223.65,75,8425
20220303,12:25,224.00,230.60,222.90,222.90,175,8425
20220303,12:26,216.00,216.00,216.00,216.00,50,8425
20220303,12:27,214.95,216.75,214.95,216.75,75,8475
20220303,12:28,215.00,217.55,213.50,217.55,75,8475
20220303,12:29,222.90,222.90,222.90,222.90,25,8475
20220303,12:31,223.90,223.90,223.90,223.90,25,8475
20220303,12:32,223.90,233.65,223.90,233.30,175,8475
20220303,12:33,234.80,234.80,233.10,233.10,100,8575
20220303,12:34,237.80,241.20,237.80,240.70,150,8575
20220303,12:35,238.85,241.00,237.15,237.15,1100,8575
20220303,12:36,234.10,243.40,234.10,243.40,125,8425
20220303,12:37,243.00,243.00,243.00,243.00,50,8425
20220303,12:38,246.70,246.70,242.35,242.95,650,8425
20220303,12:39,240.00,240.00,236.05,236.05,75,8625
20220303,12:40,236.75,236.75,232.30,232.30,225,8625
20220303,12:41,237.80,238.25,237.80,238.25,75,8625
20220303,12:43,235.45,235.45,235.45,235.45,25,8600
20220303,12:44,233.20,237.45,233.20,237.45,75,8600
20220303,12:45,238.25,238.25,234.85,234.85,150,8600
20220303,12:46,232.60,232.60,223.00,231.95,200,8600
20220303,12:47,225.55,228.55,225.55,228.55,50,8600
20220303,12:48,225.15,225.15,225.15,225.15,50,8600
20220303,12:49,229.85,229.85,229.85,229.85,25,8650
20220303,12:50,225.15,225.15,225.15,225.15,25,8650
20220303,12:51,214.70,214.70,214.70,214.70,25,8675
20220303,12:52,209.90,215.05,209.90,215.05,50,8675
20220303,12:53,207.40,215.55,207.40,215.55,125,8675
20220303,12:54,219.40,219.75,219.40,219.75,75,8650
20220303,12:55,224.30,224.90,224.30,224.90,50,8650
20220303,12:56,229.15,229.15,229.15,229.15,50,8650
20220303,12:57,236.80,236.80,236.80,236.80,25,8675
20220303,12:58,240.00,240.70,239.05,240.70,125,8675
20220303,13:00,244.00,244.00,244.00,244.00,25,8650
20220303,13:01,251.00,253.50,250.00,250.00,200,8650
20220303,13:02,242.85,242.85,241.30,241.30,100,8650
20220303,13:03,241.25,246.30,241.00,241.00,200,8675
20220303,13:04,237.10,239.40,237.10,239.40,75,8675
20220303,13:05,232.75,232.75,232.75,232.75,25,8675
20220303,13:06,242.30,242.30,242.30,242.30,25,8675
20220303,13:07,240.35,240.35,240.35,240.35,25,8650
20220303,13:08,240.20,240.20,240.20,240.20,25,8650
20220303,13:10,252.00,252.00,252.00,252.00,25,8625
20220303,13:11,244.55,244.55,244.55,244.55,25,8625
20220303,13:13,252.00,253.40,251.10,251.10,100,8600
20220303,13:15,244.50,245.95,244.50,245.95,75,8600
20220303,13:17,239.25,239.65,239.25,239.65,150,8600
20220303,13:18,249.40,249.40,249.40,249.40,50,8575
20220303,13:19,251.15,251.15,251.15,251.15,400,8575
20220303,13:20,254.90,254.90,250.00,250.00,150,8575
20220303,13:21,254.00,263.75,254.00,261.00,900,8850
20220303,13:22,263.00,269.70,260.50,263.10,2300,8850
20220303,13:23,263.85,265.80,260.75,265.80,1775,8850
20220303,13:24,266.75,266.75,258.25,259.15,425,10200
20220303,13:25,259.20,265.00,257.50,259.05,700,10200
20220303,13:26,265.00,266.00,265.00,266.00,200,10200
20220303,13:27,270.00,279.35,270.00,277.30,1350,10900
20220303,13:28,276.55,282.20,276.55,282.20,1825,10900
20220303,13:29,283.40,291.10,281.65,285.40,2925,10900
20220303,13:30,285.15,293.05,275.80,279.20,3625,15750
20220303,13:31,279.50,279.50,253.15,253.15,2100,15750
20220303,13:32,252.05,262.00,250.65,251.05,1275,15750
20220303,13:33,254.85,258.50,251.70,252.45,1075,17750
20220303,13:34,254.35,254.35,245.05,245.70,475,17750
20220303,13:35,250.00,251.45,242.50,242.50,350,17750
20220303,13:36,248.65,251.75,246.05,251.00,1375,18850
20220303,13:37,244.60,247.15,240.60,240.60,450,18850
20220303,13:38,241.85,244.40,240.15,244.40,1725,18850
20220303,13:39,241.60,241.60,241.60,241.60,275,20425
20220303,13:40,241.80,246.15,241.00,246.15,700,20425
20220303,13:41,246.20,246.20,246.20,246.20,25,20425
20220303,13:43,251.95,251.95,246.20,246.20,175,20575
20220303,13:44,238.60,238.60,238.60,238.60,175,20575
20220303,13:45,234.65,234.65,204.95,211.75,1675,20700
20220303,13:46,212.50,223.10,212.50,223.10,225,20700
20220303,13:47,224.20,224.20,218.10,218.70,150,20700
20220303,13:49,228.00,228.00,226.15,226.15,50,20125
20220303,13:50,225.50,225.50,221.05,224.00,175,20125
20220303,13:51,227.90,229.45,227.90,228.30,75,20125
20220303,13:52,235.75,235.75,230.00,230.00,75,20075
20220303,13:53,230.00,230.00,230.00,230.00,25,20075
20220303,13:54,227.85,229.45,227.85,229.45,125,20100
20220303,13:55,230.80,232.95,230.80,232.95,75,20100
20220303,13:56,233.00,233.00,229.85,229.85,125,20100
20220303,13:57,223.65,227.30,223.65,227.30,400,20175
20220303,13:58,234.95,234.95,234.95,234.95,25,20175
20220303,13:59,232.05,235.75,232.05,235.75,50,20175
20220303,14:00,241.60,241.60,241.50,241.50,75,19925
20220303,14:01,240.60,250.00,240.60,250.00,225,19925
20220303,14:02,251.00,251.00,246.80,246.80,50,19925
20220303,14:03,251.35,252.45,249.30,252.45,125,20075
20220303,14:04,252.45,259.15,249.80,259.15,925,20075
20220303,14:05,259.20,259.45,259.20,259.45,50,20075
20220303,14:06,263.90,266.05,259.45,263.25,600,21325
20220303,14:07,261.35,262.00,249.65,250.20,225,21325
20220303,14:08,258.95,258.95,253.85,254.60,175,21325
20220303,14:10,267.45,267.45,267.45,267.45,525,21200
20220303,14:11,269.50,273.80,267.15,267.15,2800,21200
20220303,14:12,262.40,269.25,262.40,262.45,925,23850
20220303,14:13,267.00,267.00,266.50,266.50,175,23850
20220303,14:14,265.15,265.75,263.80,263.80,350,23850
20220303,14:15,271.15,282.25,271.15,282.25,1100,25075
20220303,14:16,289.10,293.15,269.80,269.80,1000,25075
20220303,14:17,272.45,286.00,272.45,276.60,525,25075
20220303,14:18,279.55,281.00,278.15,281.00,200,25675
20220303,14:19,282.20,284.65,280.60,284.65,850,25675
20220303,14:20,283.85,290.45,283.85,286.30,175,25675
20220303,14:21,286.00,289.95,269.80,269.80,475,26100
20220303,14:22,270.00,270.00,247.00,267.00,1325,26100
20220303,14:23,260.00,268.55,259.25,268.55,725,26100
20220303,14:24,269.00,269.00,260.65,260.65,750,26725
20220303,14:25,256.20,256.20,256.20,256.20,25,26725
20220303,14:26,250.00,250.00,241.90,245.60,225,26725
20220303,14:27,243.15,245.20,243.15,244.75,100,26850
20220303,14:28,248.80,248.80,246.80,246.80,125,26850
20220303,14:30,255.90,255.90,235.30,241.75,800,26825
20220303,14:31,242.90,242.90,234.95,237.20,125,26825
20220303,14:32,246.65,246.65,246.65,246.65,100,26825
20220303,14:34,241.50,241.50,241.50,241.50,25,26825
20220303,14:35,242.90,242.90,228.15,228.15,375,26850
20220303,14:36,228.80,229.25,228.00,229.25,125,26850
20220303,14:37,232.60,239.15,232.60,239.15,300,27075
20220303,14:38,237.75,237.75,237.75,237.75,25,27075
20220303,14:39,243.15,257.30,243.15,252.70,425,27175
20220303,14:40,249.40,261.55,249.40,254.15,325,27175
20220303,14:41,261.25,261.25,257.50,258.80,150,27175
20220303,14:42,257.00,257.00,248.85,248.85,225,27375
20220303,14:43,247.25,249.20,245.15,249.20,100,27375
20220303,14:44,245.00,245.00,234.05,234.05,475,27375
20220303,14:45,234.90,236.35,234.90,236.35,75,27225
20220303,14:46,236.35,239.95,236.35,239.00,325,27225
20220303,14:47,223.65,235.50,223.65,233.85,150,27225
20220303,14:48,236.85,236.85,233.55,233.55,125,27175
20220303,14:50,246.90,246.90,246.90,246.90,25,27175
20220303,14:51,253.80,257.05,248.20,248.20,300,27200
20220303,14:52,244.80,257.10,244.80,257.10,225,27200
20220303,14:53,251.75,252.25,250.15,250.45,150,27200
20220303,14:54,245.00,245.00,245.00,245.00,25,27200
20220303,14:55,250.75,254.40,246.00,246.00,350,27375
20220303,14:56,251.00,251.00,251.00,251.00,75,27375
20220303,14:57,252.15,252.15,249.15,249.15,125,27375
20220303,14:58,249.35,257.60,248.10,251.50,2050,27375
20220303,14:59,255.45,256.95,248.60,248.60,825,27375
20220303,15:00,250.55,261.55,250.55,261.55,200,27675
20220303,15:01,263.60,280.30,258.00,280.30,1550,27675
20220303,15:02,278.10,278.45,255.00,265.60,2175,27675
20220303,15:03,263.65,283.50,263.65,283.50,1800,27175
20220303,15:04,283.50,285.35,258.45,266.95,1875,27175
20220303,15:05,270.75,282.80,270.75,280.30,1525,27175
20220303,15:06,276.05,279.25,271.05,275.90,1650,27375
20220303,15:07,277.60,287.30,274.05,287.30,975,27375
20220303,15:08,285.65,291.55,279.00,280.20,1775,27375
20220303,15:09,282.95,291.00,280.50,290.00,3700,27375
20220303,15:10,290.35,296.00,287.25,287.25,8025,27375
20220303,15:11,287.80,290.95,253.95,253.95,3525,27375
20220303,15:12,248.55,268.35,215.40,215.40,15025,20100
20220303,15:13,228.85,254.20,223.85,235.80,10525,20100
20220303,15:14,236.00,240.25,203.70,209.85,2475,20100
20220303,15:15,207.95,210.05,195.15,195.25,2050,18800
20220303,15:16,195.45,225.00,194.50,219.20,1225,18800
20220303,15:17,231.65,241.05,219.85,223.30,700,18800
20220303,15:18,222.05,229.50,220.85,225.50,725,19750
20220303,15:19,224.45,226.70,222.75,222.75,550,19750
20220303,15:20,222.10,229.55,220.10,227.30,1350,19750
20220303,15:21,226.50,233.65,221.95,228.90,800,21500
20220303,15:22,230.10,232.00,227.90,228.65,1050,21500
20220303,15:23,228.20,240.00,228.20,238.75,1550,21500
20220303,15:24,238.80,261.25,234.40,261.25,525,21375
20220303,15:25,260.50,260.50,254.45,256.10,1725,21375
20220303,15:26,258.25,262.50,256.05,258.15,1825,21375
20220303,15:27,260.00,269.50,259.55,269.50,1500,21650
20220303,15:28,268.25,268.25,253.60,253.60,1700,21650
20220303,15:29,253.50,255.35,207.35,249.10,2625,21650
20220303,15:30,205.65,205.65,205.65,205.65,75,21650
20220304,09:15,359.35,425.95,342.10,390.20,22126,19650
20220304,09:16,383.60,413.40,381.30,399.35,54550,19650
20220304,09:17,404.25,423.95,404.25,415.05,56225,61925
20220304,09:18,412.85,423.95,394.00,423.95,44650,61925
20220304,09:19,424.30,429.90,414.70,424.75,45525,61925
20220304,09:20,425.00,427.50,405.45,414.95,39750,100775
20220304,09:21,411.75,411.80,393.35,405.00,36775,100775
20220304,09:22,406.65,412.75,395.15,395.65,28575,100775
20220304,09:23,395.10,403.90,389.00,401.60,32300,143875
20220304,09:24,400.10,411.15,399.30,409.85,26850,143875
20220304,09:25,411.35,411.80,389.15,389.15,34325,143875
20220304,09:26,386.45,386.45,359.35,360.40,45150,160875
20220304,09:27,358.55,366.65,346.80,365.70,32675,160875
20220304,09:28,367.65,372.45,363.20,366.50,19100,160875
20220304,09:29,365.35,382.35,363.20,378.00,16575,161725
20220304,09:30,381.60,404.25,381.55,397.70,36950,161725
20220304,09:31,397.20,401.90,386.80,389.40,26250,161725
20220304,09:32,391.00,398.45,367.75,367.75,22325,169000
20220304,09:33,371.00,382.75,365.35,367.25,15675,169000
20220304,09:34,367.15,378.85,359.10,375.00,15950,169000
20220304,09:35,377.00,386.10,375.55,379.80,13225,172525
20220304,09:36,377.60,382.95,370.65,381.85,13800,172525
20220304,09:37,379.90,384.25,362.20,366.05,25475,172525
20220304,09:38,362.25,368.70,350.55,353.70,17250,179350
20220304,09:39,356.30,360.75,351.90,351.90,12075,179350
20220304,09:40,349.10,366.00,349.10,366.00,14725,179350
20220304,09:41,366.20,366.20,350.60,350.60,13675,184800
20220304,09:42,349.25,360.00,349.25,356.40,21300,184800
20220304,09:43,355.80,368.85,355.40,366.65,10725,184800
20220304,09:44,364.00,365.50,353.00,353.55,8875,186100
20220304,09:45,354.15,369.15,354.00,354.00,15350,186100
20220304,09:46,354.35,354.70,328.70,341.50,41350,186100
20220304,09:47,339.80,344.90,325.85,332.40,18075,189825
20220304,09:48,332.80,332.80,315.95,326.30,34225,189825
20220304,09:49,326.80,334.90,326.80,329.25,19575,189825
20220304,09:50,329.95,336.50,325.00,335.00,10775,185875
20220304,09:51,335.80,340.55,326.10,328.65,12925,185875
20220304,09:52,328.50,338.00,328.50,336.30,14300,185875
20220304,09:53,335.75,345.40,333.70,336.80,20900,187675
20220304,09:54,336.00,347.80,336.00,340.00,11925,187675
20220304,09:55,339.00,351.75,336.30,351.75,7750,187675
20220304,09:56,351.15,355.95,342.70,349.45,18375,188950
20220304,09:57,349.35,349.35,338.25,340.40,9250,188950
20220304,09:58,341.30,346.95,340.00,344.35,4900,188950
20220304,09:59,343.40,348.70,341.20,342.75,8525,193950
20220304,10:00,343.05,344.70,336.00,342.10,8200,193950
20220304,10:01,343.00,343.10,336.10,341.55,2125,193950
20220304,10:02,341.45,363.20,341.45,360.50,24625,192750
20220304,10:03,362.30,370.75,353.00,363.10,18250,192750
20220304,10:04,364.25,366.00,344.00,344.00,14850,192750
20220304,10:05,347.80,354.70,330.20,339.95,12375,190475
20220304,10:06,337.20,346.00,335.00,339.45,4850,190475
20220304,10:07,336.80,347.60,335.10,345.30,5875,190475
20220304,10:08,344.25,345.00,340.95,343.45,5250,193675
20220304,10:09,345.00,355.00,342.30,342.30,8025,193675
20220304,10:10,343.50,352.00,343.50,348.05,5475,193675
20220304,10:11,349.25,351.35,343.55,350.70,5225,194175
20220304,10:12,351.00,358.30,351.00,354.90,7275,194175
20220304,10:13,356.75,366.75,354.25,364.00,12350,194175
20220304,10:14,364.95,367.15,358.90,365.25,11125,194175
20220304,10:15,368.10,376.55,366.85,370.00,19975,194175
20220304,10:16,369.40,376.15,366.60,367.90,20975,194175
20220304,10:17,372.35,376.00,368.40,369.55,16175,192275
20220304,10:18,368.80,370.00,353.90,361.25,17850,192275
20220304,10:19,362.65,374.30,360.90,373.50,10200,192275
20220304,10:20,374.95,375.00,361.10,369.05,9150,189050
20220304,10:21,365.00,369.10,362.80,367.90,6700,189050
20220304,10:22,369.05,382.15,369.05,378.20,19075,189050
20220304,10:23,379.90,396.65,378.65,392.55,31525,188400
20220304,10:24,391.95,396.95,386.40,394.15,34150,188400
20220304,10:25,391.55,399.50,390.10,396.65,20225,188400
20220304,10:26,395.05,395.05,381.00,385.15,26800,192750
20220304,10:27,385.45,391.35,382.90,383.00,21100,192750
20220304,10:28,385.00,393.00,379.50,393.00,14450,192750
20220304,10:29,394.00,397.00,387.00,397.00,24425,196475
20220304,10:30,398.00,404.90,392.05,397.35,42575,196475
20220304,10:31,397.55,400.00,390.10,393.40,17950,196475
20220304,10:32,397.90,398.25,390.00,395.50,13075,187725
20220304,10:33,395.30,397.00,390.00,392.55,6125,187725
20220304,10:34,392.95,396.80,390.15,391.00,8575,187725
20220304,10:35,394.20,403.50,393.00,399.70,18700,186175
20220304,10:36,399.50,401.20,390.00,390.00,13775,186175
20220304,10:37,388.00,393.45,373.15,377.00,23750,186175
20220304,10:38,377.30,382.05,361.50,367.00,17500,182675
20220304,10:39,365.85,380.25,365.00,379.05,11525,182675
20220304,10:40,378.15,385.20,371.85,371.85,9150,182675
20220304,10:41,370.55,373.00,367.15,370.30,8975,183575
20220304,10:42,372.10,378.80,370.05,377.70,9675,183575
20220304,10:43,375.80,383.25,373.40,383.25,7375,183575
20220304,10:44,382.95,386.85,377.20,380.55,9800,182300
20220304,10:45,378.60,388.95,378.60,386.10,6975,182300
20220304,10:46,387.40,391.40,376.95,379.70,11725,182300
20220304,10:47,378.80,380.00,369.90,374.00,7525,180800
20220304,10:48,372.05,382.65,369.00,376.35,5925,180800
20220304,10:49,375.75,375.75,363.95,365.75,9800,180800
20220304,10:50,365.40,365.40,352.30,363.70,16575,183675
20220304,10:51,364.60,371.70,361.50,368.65,10125,183675
20220304,10:52,371.00,374.95,366.85,367.80,4775,183675
20220304,10:53,371.00,379.95,368.00,379.95,7000,180900
20220304,10:54,378.90,387.85,378.90,382.25,12050,180900
20220304,10:55,379.85,387.00,379.85,386.05,5050,180900
20220304,10:56,386.65,395.00,385.00,389.80,13250,180975
20220304,10:57,389.00,394.30,387.80,389.25,11275,180975
20220304,10:58,389.70,399.65,385.00,397.50,13500,180975
20220304,10:59,400.00,400.00,391.25,394.05,18450,170575
20220304,11:00,392.00,399.75,380.95,383.95,12600,170575
20220304,11:01,388.60,408.55,388.50,407.15,24500,170575
20220304,11:02,407.20,408.40,397.50,402.00,19600,165825
20220304,11:03,402.70,405.00,392.70,398.85,12225,165825
20220304,11:04,398.95,405.70,396.00,396.00,9400,165825
20220304,11:05,396.50,404.55,391.05,396.85,11750,166900
20220304,11:06,397.00,398.80,389.05,391.90,6350,166900
20220304,11:07,393.45,400.85,393.45,398.15,4000,166900
20220304,11:08,400.55,404.00,396.55,399.50,9200,165300
20220304,11:09,397.20,406.45,397.20,405.50,11450,165300
20220304,11:10,406.00,411.05,394.20,394.95,38225,165300
20220304,11:11,394.00,403.95,392.00,397.85,13750,161200
20220304,11:12,399.65,403.00,390.00,390.00,11375,161200
20220304,11:13,389.95,394.95,381.30,385.85,12050,161200
20220304,11:14,384.55,398.75,382.90,398.35,5075,164100
20220304,11:15,398.05,402.00,383.20,383.20,14250,164100
20220304,11:16,386.50,391.70,383.95,383.95,4825,164100
20220304,11:17,382.85,391.95,380.00,384.90,12725,167200
20220304,11:18,383.95,391.95,378.95,391.10,8425,167200
20220304,11:19,390.00,394.60,385.00,388.00,3225,167200
20220304,11:20,387.10,393.20,386.00,393.20,3400,165775
20220304,11:21,392.45,400.00,392.05,395.00,9925,165775
20220304,11:22,394.00,397.15,382.05,382.05,9025,165775
20220304,11:23,382.85,386.90,377.80,380.00,8225,166700
20220304,11:24,380.00,383.80,374.05,374.45,7775,166700
20220304,11:25,373.00,375.60,367.00,368.70,10125,166700
20220304,11:26,369.25,373.60,363.40,367.40,5125,169400
20220304,11:27,366.15,370.95,365.00,368.85,5475,169400
20220304,11:28,367.80,376.25,366.85,368.80,10025,169400
20220304,11:29,367.05,373.85,366.55,373.85,4400,168975
20220304,11:30,372.00,372.40,360.70,360.70,5450,168975
20220304,11:31,362.00,377.60,362.00,376.15,5925,168975
20220304,11:32,377.05,386.05,377.05,380.85,9925,170625
20220304,11:33,381.65,381.65,371.00,374.25,4575,170625
20220304,11:34,372.00,372.00,362.30,365.20,5125,170625
20220304,11:35,364.90,367.90,358.10,362.80,7025,171875
20220304,11:36,362.35,362.35,352.90,354.25,10925,171875
20220304,11:37,356.60,365.20,354.30,365.20,9825,171875
20220304,11:38,366.00,370.95,365.10,366.00,5750,168800
20220304,11:39,368.30,377.40,368.00,375.25,5800,168800
20220304,11:40,375.15,384.00,372.75,381.35,7275,168800
20220304,11:41,381.55,386.45,375.50,376.15,9325,170500
20220304,11:42,376.35,381.15,376.05,379.90,1500,170500
20220304,11:43,378.00,382.70,367.05,367.05,7275,170500
20220304,11:44,368.15,374.10,363.95,374.10,4575,171400
20220304,11:45,372.40,378.60,365.00,366.00,6225,171400
20220304,11:46,369.85,373.00,367.60,371.55,4500,171400
20220304,11:47,371.55,374.70,368.25,371.55,2200,172975
20220304,11:48,372.00,376.00,370.70,370.70,1225,172975
20220304,11:49,371.60,373.50,362.90,362.90,4350,172975
20220304,11:50,361.10,362.70,343.65,349.45,24875,173825
20220304,11:51,350.80,360.90,349.40,357.80,9950,173825
20220304,11:52,357.75,374.00,357.15,367.30,10150,173825
20220304,11:53,366.00,366.95,354.65,355.00,6550,174325
20220304,11:54,354.65,364.45,352.50,361.25,4425,174325
20220304,11:55,363.10,369.00,363.10,364.95,4550,174325
20220304,11:56,365.45,365.45,357.10,357.10,4100,175600
20220304,11:57,355.90,355.90,339.80,341.40,12375,175600
20220304,11:58,342.65,344.70,331.40,338.00,11650,175600
20220304,11:59,338.00,343.90,336.60,339.00,8625,176975
20220304,12:00,339.40,349.00,336.80,347.85,6475,176975
20220304,12:01,347.60,350.90,344.40,350.90,4650,176975
20220304,12:02,350.70,357.20,349.25,354.00,11425,180975
20220304,12:03,354.00,355.20,349.40,353.05,5300,180975
20220304,12:04,353.85,353.95,344.65,353.05,4875,180975
20220304,12:05,353.30,362.00,353.30,361.45,8050,182600
20220304,12:06,360.85,365.45,355.00,355.50,6575,182600
20220304,12:07,355.30,355.30,345.05,346.80,8100,182600
20220304,12:08,345.80,352.10,345.25,347.95,6775,183150
20220304,12:09,350.20,355.95,345.80,345.80,6100,183150
20220304,12:10,347.55,356.80,344.60,349.55,13600,183150
20220304,12:11,349.40,351.20,340.00,341.40,6200,182725
20220304,12:12,341.85,350.30,336.40,346.00,10075,182725
20220304,12:13,345.00,353.60,343.50,349.60,8050,182725
20220304,12:14,351.20,353.60,348.00,351.00,4500,180025
20220304,12:15,351.15,357.50,344.15,344.15,7300,180025
20220304,12:16,346.35,353.25,341.95,351.10,5975,180025
20220304,12:17,355.75,355.75,347.00,348.50,4325,183250
20220304,12:18,348.60,348.60,335.55,343.00,11875,183250
20220304,12:19,342.35,345.75,339.95,342.20,2725,183250
20220304,12:20,342.80,352.65,341.75,352.00,6000,181625
20220304,12:21,351.90,353.05,346.00,346.00,5225,181625
20220304,12:22,347.30,352.00,346.25,350.00,3950,181625
20220304,12:23,350.45,352.30,344.85,348.00,3900,182100
20220304,12:24,349.00,352.50,347.05,348.85,3775,182100
20220304,12:25,349.70,352.00,346.40,347.50,3750,182100
20220304,12:26,348.25,349.05,342.00,343.10,7050,180900
20220304,12:27,343.25,345.50,340.10,344.10,5600,180900
20220304,12:28,342.50,346.00,337.00,337.05,14400,180900
20220304,12:29,336.70,336.70,323.85,323.85,25975,185350
20220304,12:30,325.15,335.00,325.15,332.35,10150,185350
20220304,12:31,331.60,338.60,330.00,332.45,9350,185350
20220304,12:32,331.80,331.80,315.20,317.40,15575,183175
20220304,12:33,317.30,320.20,305.10,308.80,15450,183175
20220304,12:34,308.95,310.65,302.15,302.15,13850,183175
20220304,12:35,302.05,303.60,284.80,288.10,34050,180125
20220304,12:36,289.00,290.20,283.50,288.45,22325,180125
20220304,12:37,289.80,293.45,277.55,279.65,26250,180125
20220304,12:38,280.95,284.00,275.65,284.00,16125,181700
20220304,12:39,284.30,288.30,278.05,288.30,12650,181700
20220304,12:40,284.95,287.90,275.45,279.50,19550,181700
20220304,12:41,279.55,293.00,279.05,292.00,22025,179650
20220304,12:42,292.50,294.00,288.00,288.00,12400,179650
20220304,12:43,289.60,289.60,280.20,287.60,14150,179650
20220304,12:44,286.00,287.05,276.70,285.00,12125,182525
20220304,12:45,284.10,284.10,270.80,281.35,21975,182525
20220304,12:46,279.55,285.00,276.00,282.20,15475,182525
20220304,12:47,282.75,282.75,275.45,276.65,12675,186800
20220304,12:48,277.20,285.55,277.20,285.55,13125,186800
20220304,12:49,285.60,286.85,280.00,283.05,8850,186800
20220304,12:50,283.30,288.85,280.00,287.80,8500,190150
20220304,12:51,287.30,288.60,279.10,280.35,7750,190150
20220304,12:52,280.85,280.85,274.60,275.65,5825,190150
20220304,12:53,276.90,279.30,259.50,261.70,14875,190225
20220304,12:54,261.95,263.60,255.55,262.45,18675,190225
20220304,12:55,262.35,263.40,256.15,259.40,13375,190225
20220304,12:56,258.25,261.55,253.00,261.15,16700,191275
20220304,12:57,262.30,265.00,258.45,262.20,13400,191275
20220304,12:58,263.05,265.50,259.05,261.10,11100,191275
20220304,12:59,261.50,263.50,259.50,263.50,11925,190875
20220304,13:00,260.70,262.55,257.15,257.40,19700,190875
20220304,13:01,255.70,256.15,238.60,239.95,28925,190875
20220304,13:02,239.00,240.35,230.25,237.00,23475,179325
20220304,13:03,237.70,250.55,237.45,250.55,15125,179325
20220304,13:04,248.10,252.80,240.80,251.25,8950,179325
20220304,13:05,252.45,260.85,250.40,257.30,10550,176225
20220304,13:06,255.25,261.65,254.35,257.95,8100,176225
20220304,13:07,259.95,261.20,256.35,260.10,7400,176225
20220304,13:08,260.50,261.00,257.00,259.25,8150,178325
20220304,13:09,258.00,260.10,253.55,259.15,11550,178325
20220304,13:10,258.60,266.65,258.60,262.00,17325,178325
20220304,13:11,261.90,265.00,247.25,247.25,23325,189075
20220304,13:12,246.20,252.35,246.00,248.85,6400,189075
20220304,13:13,249.70,255.00,249.30,251.80,5475,189075
20220304,13:14,251.85,261.60,251.60,259.65,8250,189075
20220304,13:15,259.45,266.30,253.20,266.00,9600,189950
20220304,13:16,266.10,266.90,255.20,257.60,4600,189950
20220304,13:17,259.60,259.60,249.60,249.60,8050,192350
20220304,13:18,248.30,252.45,247.50,250.95,3700,192350
20220304,13:19,251.05,261.45,250.65,254.60,8075,192350
20220304,13:20,255.20,255.20,241.85,241.85,11050,192350
20220304,13:21,244.55,248.70,238.60,238.75,9550,194725
20220304,13:22,239.65,245.45,239.65,243.35,4100,194725
20220304,13:23,242.65,246.90,241.20,244.80,5150,194725
20220304,13:24,245.70,246.05,230.70,231.25,9225,195050
20220304,13:25,227.05,232.95,225.05,227.05,10825,195050
20220304,13:26,228.85,237.35,227.65,236.35,8275,195050
20220304,13:27,234.65,238.85,231.55,238.20,9375,190000
20220304,13:28,237.50,237.85,233.30,234.75,4525,190000
20220304,13:29,235.25,236.65,217.60,219.10,17450,190000
20220304,13:30,219.20,223.40,210.50,210.50,12350,191625
20220304,13:31,211.95,217.80,211.50,217.80,10625,191625
20220304,13:32,218.60,228.90,217.95,224.40,13875,191625
20220304,13:33,225.00,233.10,224.20,231.60,9225,186675
20220304,13:34,232.60,239.60,226.85,237.95,10525,186675
20220304,13:35,238.65,248.35,236.90,243.00,12850,186675
20220304,13:36,241.25,245.35,232.35,232.95,10150,193300
20220304,13:37,235.55,237.60,231.15,233.00,4275,193300
20220304,13:38,232.50,242.90,232.45,239.95,7375,193300
20220304,13:39,239.55,240.65,230.65,230.75,5525,193550
20220304,13:40,231.55,231.55,220.00,220.50,19850,193550
20220304,13:41,217.95,227.35,217.95,225.95,5700,193550
20220304,13:42,227.15,232.20,223.65,228.30,5225,193100
20220304,13:43,230.00,235.80,229.30,232.95,5075,193100
20220304,13:44,235.85,246.75,235.60,243.70,11525,193100
20220304,13:45,244.30,256.85,244.30,253.70,16000,194650
20220304,13:46,254.50,262.00,254.50,256.70,11375,194650
20220304,13:47,256.45,256.45,243.15,248.70,13975,194650
20220304,13:48,250.00,253.60,244.65,253.60,7225,201025
20220304,13:49,252.90,258.25,249.10,252.35,6325,201025
20220304,13:50,252.30,256.40,230.00,230.00,16125,201025
20220304,13:51,229.90,235.30,222.10,229.10,19200,198600
20220304,13:52,229.00,238.65,227.80,231.75,8100,198600
20220304,13:53,232.65,235.45,229.00,232.25,5125,198600
20220304,13:54,231.80,235.00,226.40,227.20,6550,196000
20220304,13:55,230.00,234.80,227.10,233.90,6625,196000
20220304,13:56,235.95,236.10,230.00,231.90,4400,196000
20220304,13:57,232.80,236.75,229.35,231.00,3100,195850
20220304,13:58,230.40,232.20,224.40,232.20,4650,195850
20220304,13:59,235.05,239.00,231.25,238.80,4250,195850
20220304,14:00,239.30,254.00,236.55,252.95,14800,198150
20220304,14:01,255.00,258.85,253.30,253.50,11050,198150
20220304,14:02,252.50,258.00,245.30,255.65,10850,198150
20220304,14:03,254.20,259.85,249.00,256.35,8600,202875
20220304,14:04,255.00,263.10,253.25,260.15,11025,202875
20220304,14:05,262.05,268.95,256.10,267.45,16650,202875
20220304,14:06,267.30,269.40,258.00,259.80,19775,204175
20220304,14:07,261.80,263.10,254.05,263.10,9975,204175
20220304,14:08,262.65,268.35,261.05,262.40,11875,204175
20220304,14:09,263.45,270.00,263.25,265.00,7975,204875
20220304,14:10,264.15,268.00,259.25,265.95,8100,204875
20220304,14:11,265.35,269.00,251.00,269.00,15575,204875
20220304,14:12,268.75,273.90,257.10,262.55,20400,199375
20220304,14:13,268.25,269.65,262.00,262.00,6750,199375
20220304,14:14,261.75,263.00,254.10,262.65,8625,199375
20220304,14:15,263.45,266.60,252.80,255.75,8050,199550
20220304,14:16,254.35,256.30,244.90,256.30,11600,199550
20220304,14:17,254.75,267.20,253.30,265.70,11725,199550
20220304,14:18,265.20,268.40,261.80,261.80,7050,197125
20220304,14:19,260.20,269.30,257.00,268.65,7150,197125
20220304,14:20,266.50,268.20,258.80,258.80,7250,197125
20220304,14:21,260.25,263.65,252.00,262.90,12250,195725
20220304,14:22,262.15,267.00,258.10,265.30,6950,195725
20220304,14:23,265.65,272.95,260.00,268.30,9725,195725
20220304,14:24,270.10,270.10,260.00,260.00,4325,190275
20220304,14:25,260.00,267.00,256.10,267.00,7350,190275
20220304,14:26,268.00,268.90,259.80,260.75,4975,190275
20220304,14:27,257.30,266.00,255.90,255.90,4700,191425
20220304,14:28,256.20,263.10,254.90,261.40,11600,191425
20220304,14:29,258.70,264.70,258.50,259.65,9850,191425
20220304,14:30,260.45,263.00,258.20,260.65,4425,183250
20220304,14:31,263.00,263.00,241.80,247.00,13850,183250
20220304,14:32,249.05,250.35,220.35,226.85,24775,183250
20220304,14:33,230.45,238.40,228.25,235.00,11525,175500
20220304,14:34,234.55,253.00,234.55,252.40,8650,175500
20220304,14:35,256.50,265.85,255.20,262.00,14225,175500
20220304,14:36,264.10,266.90,256.05,265.00,7275,174650
20220304,14:37,263.05,277.25,260.90,277.25,10075,174650
20220304,14:38,278.65,285.10,275.55,285.10,18500,174650
20220304,14:39,286.00,291.35,282.45,288.60,18725,175450
20220304,14:40,286.50,289.20,278.50,289.20,20225,175450
20220304,14:41,289.40,293.50,283.85,286.15,10150,175450
20220304,14:42,285.75,305.55,285.75,304.10,16800,176800
20220304,14:43,303.60,306.60,289.55,297.30,15450,176800
20220304,14:44,297.60,302.65,292.05,300.15,11525,176800
20220304,14:45,301.30,309.00,294.95,295.80,22500,174475
20220304,14:46,295.00,298.60,288.05,295.00,11725,174475
20220304,14:47,295.25,296.00,283.85,294.80,10650,174475
20220304,14:48,295.15,298.00,290.80,293.00,8500,176750
20220304,14:49,293.15,294.05,285.00,293.00,6700,176750
20220304,14:50,291.90,298.55,288.40,297.70,8700,176750
20220304,14:51,294.75,297.75,288.00,288.35,4550,173175
20220304,14:52,287.10,288.40,266.65,281.40,22625,173175
20220304,14:53,280.95,293.95,280.20,287.90,9725,173175
20220304,14:54,287.10,292.10,282.25,287.40,5050,170425
20220304,14:55,290.00,293.25,286.75,291.35,7750,170425
20220304,14:56,291.35,308.50,290.05,308.50,25275,170425
20220304,14:57,307.60,307.60,296.40,299.65,16475,166200
20220304,14:58,299.55,303.05,293.60,302.00,6275,166200
20220304,14:59,299.55,299.55,292.00,299.00,3450,166200
20220304,15:00,300.00,307.20,279.40,279.55,22525,166225
20220304,15:01,276.00,293.95,276.00,289.10,16650,166225
20220304,15:02,292.15,307.70,289.85,289.85,15700,166225
20220304,15:03,293.60,302.50,293.60,300.70,5900,163875
20220304,15:04,300.50,302.35,293.70,301.05,6325,163875
20220304,15:05,301.50,305.00,293.10,296.35,11850,163875
20220304,15:06,295.00,302.35,295.00,299.95,4350,159825
20220304,15:07,300.30,303.85,296.70,302.90,5825,159825
20220304,15:08,303.00,311.60,302.90,310.20,46225,159825
20220304,15:09,311.75,319.65,308.20,319.65,24600,164500
20220304,15:10,319.10,322.75,314.80,316.00,21375,164500
20220304,15:11,314.00,319.80,306.30,314.90,18200,164500
20220304,15:12,318.00,319.15,310.40,317.20,10825,167525
20220304,15:13,316.30,316.30,300.55,312.30,16725,167525
20220304,15:14,313.70,315.00,309.00,309.80,18650,167525
20220304,15:15,310.15,337.95,310.10,331.10,38675,166575
20220304,15:16,334.55,347.70,334.55,341.95,24825,166575
20220304,15:17,341.65,344.80,326.05,327.25,21950,166575
20220304,15:18,327.90,344.00,327.90,339.35,13500,149850
20220304,15:19,340.85,344.70,337.95,344.30,13550,149850
20220304,15:20,342.30,344.00,336.00,341.00,19400,149850
20220304,15:21,341.55,342.10,337.40,338.80,11000,138975
20220304,15:22,338.45,340.15,322.45,329.75,27500,138975
20220304,15:23,327.90,331.60,317.30,331.60,13650,138975
20220304,15:24,331.50,341.90,331.35,341.45,16525,123025
20220304,15:25,342.00,343.10,312.35,327.55,42475,123025
20220304,15:26,327.25,338.55,327.25,338.45,12125,123025
20220304,15:27,339.00,341.10,333.15,333.25,15050,99775
20220304,15:28,333.35,333.35,321.30,329.35,35050,99775
20220304,15:29,330.00,331.55,310.00,310.00,19100,99775
20220304,15:30,317.65,317.65,317.65,317.65,175,99775
20220307,09:15,600.00,692.30,421.00,626.75,122253,85100
20220307,09:16,629.45,720.25,624.20,717.35,177625,85100
20220307,09:17,712.75,764.35,689.95,740.85,131200,131825
20220307,09:18,752.05,757.75,727.85,731.25,69150,131825
20220307,09:19,732.65,768.75,729.50,742.05,97025,131825
20220307,09:20,740.75,791.70,738.95,748.05,99050,138425
20220307,09:21,752.60,773.60,749.45,768.00,56450,138425
20220307,09:22,766.00,800.00,762.25,800.00,37450,138425
20220307,09:23,802.00,846.65,802.00,839.55,64675,140325
20220307,09:24,840.30,847.15,803.35,837.55,32025,140325
20220307,09:25,837.05,839.25,805.85,832.00,23875,140325
20220307,09:26,828.45,828.45,773.90,800.40,26200,130625
20220307,09:27,805.50,829.65,794.10,827.75,19650,130625
20220307,09:28,829.85,870.00,827.90,855.50,32150,130625
20220307,09:29,848.20,856.80,825.00,854.40,22950,124700
20220307,09:30,849.85,856.55,821.05,839.35,17875,124700
20220307,09:31,847.35,891.00,836.20,845.20,54350,124700
20220307,09:32,847.50,883.00,846.95,876.30,22775,124700
20220307,09:33,873.20,897.70,861.50,873.60,24050,124700
20220307,09:34,874.80,891.40,863.35,886.90,26425,124700
20220307,09:35,882.00,890.00,867.00,884.60,14900,104400
20220307,09:36,880.45,900.00,873.25,882.30,21800,104400
20220307,09:37,879.35,888.65,870.65,872.75,10450,104400
20220307,09:38,870.95,886.60,868.65,882.40,10550,94750
20220307,09:39,886.00,894.85,878.60,881.05,12700,94750
20220307,09:40,877.00,879.45,842.45,855.55,11800,94750
20220307,09:41,874.50,895.00,868.40,882.00,16325,92150
20220307,09:42,875.60,903.85,875.60,884.50,12175,92150
20220307,09:43,884.50,892.05,866.40,883.45,11800,92150
20220307,09:44,883.45,902.90,880.75,898.65,16175,91725
20220307,09:45,898.55,912.10,888.10,906.80,19150,91725
20220307,09:46,907.80,921.00,892.50,910.95,9750,91725
20220307,09:47,908.85,908.85,891.60,900.10,14525,91625
20220307,09:48,900.00,907.80,893.55,895.30,3600,91625
20220307,09:49,890.00,903.75,886.00,891.05,5750,91625
20220307,09:50,893.20,908.60,883.35,885.40,3575,91200
20220307,09:51,882.60,894.30,876.60,876.60,5025,91200
20220307,09:52,885.05,905.00,882.80,891.45,4300,91200
20220307,09:53,899.10,905.45,895.85,905.45,2500,90525
20220307,09:54,904.00,904.00,884.15,884.15,8600,90525
20220307,09:55,884.95,889.60,879.30,881.75,5225,90525
20220307,09:56,881.20,883.75,860.00,860.85,4450,88400
20220307,09:57,863.90,867.65,847.35,851.65,5375,88400
20220307,09:58,860.05,880.00,857.20,880.00,2175,88400
20220307,09:59,876.00,885.00,870.15,870.15,1275,86775
20220307,10:00,864.55,889.15,864.55,875.15,1750,86775
20220307,10:01,872.90,882.25,861.20,864.15,3050,86775
20220307,10:02,869.60,880.25,863.25,875.75,1875,86500
20220307,10:03,867.30,870.70,859.30,870.10,1375,86500
20220307,10:04,871.90,871.90,858.45,862.05,2100,86500
20220307,10:05,864.90,879.25,864.90,865.75,3400,87300
20220307,10:06,870.85,910.00,870.85,904.55,7950,87300
20220307,10:07,902.00,907.25,887.25,893.65,3600,87300
20220307,10:08,885.85,893.15,870.00,883.10,2975,86600
20220307,10:09,894.35,904.50,893.40,898.60,2700,86600
20220307,10:10,896.05,908.95,891.60,906.80,3500,86600
20220307,10:11,906.15,979.65,905.45,951.60,23800,84875
20220307,10:12,957.90,1004.75,957.90,985.20,11675,84875
20220307,10:13,987.85,1015.30,983.50,989.75,6250,84875
20220307,10:14,986.95,1002.45,976.45,1002.35,4675,82425
20220307,10:15,1000.10,1018.65,999.00,1015.00,4350,82425
20220307,10:16,1016.25,1076.00,1016.25,1076.00,5075,82425
20220307,10:17,1093.10,1113.75,1061.45,1113.75,6925,79525
20220307,10:18,1102.55,1104.95,1075.75,1098.90,2750,79525
20220307,10:19,1108.85,1114.30,1080.00,1099.90,7175,79525
20220307,10:20,1098.75,1102.75,1071.75,1080.40,3000,78400
20220307,10:21,1085.85,1085.85,1035.75,1035.75,3200,78400
20220307,10:22,1034.20,1072.50,1034.20,1046.40,2950,78400
20220307,10:23,1044.60,1067.85,1043.70,1067.85,2200,77975
20220307,10:24,1077.75,1077.75,1020.00,1020.00,1725,77975
20220307,10:25,1015.75,1038.35,1015.75,1035.85,1100,77975
20220307,10:26,1034.15,1035.35,1014.40,1023.95,1250,77550
20220307,10:27,1028.95,1028.95,974.05,981.70,2800,77550
20220307,10:28,992.30,1016.05,990.30,991.25,2275,77550
20220307,10:29,996.70,1016.60,996.70,1011.80,1300,76525
20220307,10:30,1018.00,1065.60,1018.00,1057.10,2700,76525
20220307,10:31,1060.00,1071.25,1055.80,1065.00,3000,76525
20220307,10:32,1069.90,1074.05,1061.05,1070.45,1250,76450
20220307,10:33,1074.75,1084.60,1065.10,1070.30,1975,76450
20220307,10:34,1071.25,1073.55,1065.00,1073.00,525,76450
20220307,10:35,1080.00,1100.00,1074.55,1086.35,2850,74750
20220307,10:36,1081.25,1097.00,1072.60,1072.90,2100,74750
20220307,10:37,1068.30,1077.00,1063.80,1077.00,625,74750
20220307,10:38,1077.00,1086.15,1068.00,1081.65,825,75100
20220307,10:39,1075.10,1082.05,1075.10,1075.40,175,75100
20220307,10:40,1066.25,1066.25,1034.55,1043.40,950,75100
20220307,10:41,1043.20,1061.00,1023.15,1061.00,1000,74550
20220307,10:42,1060.70,1071.60,1043.00,1045.60,700,74550
20220307,10:43,1046.85,1057.75,1046.85,1054.95,1650,74550
20220307,10:44,1057.00,1072.00,1049.00,1059.55,900,73525
20220307,10:45,1064.60,1064.60,1016.65,1016.65,850,73525
20220307,10:46,1009.45,1031.75,1009.20,1012.85,1150,73525
20220307,10:47,1012.00,1016.85,996.50,998.95,3050,74175
20220307,10:48,997.10,999.75,942.65,953.70,3475,74175
20220307,10:49,953.80,970.75,946.80,951.80,3625,74175
20220307,10:50,950.00,951.70,931.05,938.85,3800,74450
20220307,10:51,938.60,957.65,917.80,945.05,3375,74450
20220307,10:52,940.65,944.15,926.75,944.15,4050,74450
20220307,10:53,954.05,962.75,928.85,930.00,925,74450
20220307,10:54,915.85,925.40,902.45,919.05,4725,71625
20220307,10:55,917.25,924.80,885.90,922.15,5450,71625
20220307,10:56,921.40,921.40,897.30,903.75,1950,70125
20220307,10:57,898.25,898.40,870.30,885.80,22725,70125
20220307,10:58,883.65,884.10,856.75,866.25,8100,70125
20220307,10:59,864.30,866.85,849.45,849.45,3600,71025
20220307,11:00,851.30,900.00,850.05,886.30,9425,71025
20220307,11:01,885.80,941.95,885.80,938.10,5300,71025
20220307,11:02,940.90,945.50,929.10,929.10,5375,69375
20220307,11:03,933.85,936.75,907.55,936.75,4300,69375
20220307,11:04,933.70,951.65,925.95,947.50,5350,69375
20220307,11:05,946.35,1026.05,946.35,1000.00,9150,69800
20220307,11:06,1000.25,1000.25,973.50,992.70,2725,69800
20220307,11:07,994.10,1000.00,972.00,972.00,2000,69800
20220307,11:08,969.15,976.45,959.90,959.90,1325,67275
20220307,11:09,951.10,968.55,931.50,959.90,1925,67275
20220307,11:10,959.90,964.90,940.00,949.80,1850,67275
20220307,11:11,947.75,973.70,943.75,959.05,1150,67275
20220307,11:12,959.65,959.70,936.60,945.65,2775,67700
20220307,11:13,943.70,955.55,940.00,952.95,600,67700
20220307,11:14,949.65,951.80,937.85,937.85,2850,67225
20220307,11:15,940.45,940.45,911.40,934.80,4100,67225
20220307,11:16,934.25,936.70,915.05,928.10,1350,67225
20220307,11:17,925.55,935.00,918.50,926.70,675,67425
20220307,11:18,926.80,926.80,903.55,903.55,1400,67425
20220307,11:19,903.00,916.95,892.65,904.30,2500,67425
20220307,11:20,903.60,936.35,900.00,934.65,2100,67075
20220307,11:21,936.45,945.20,907.60,927.60,2600,67075
20220307,11:22,929.25,929.25,905.60,906.45,2200,67075
20220307,11:23,907.15,910.00,890.30,890.30,2875,67225
20220307,11:24,886.95,899.30,877.15,890.55,5750,67225
20220307,11:25,895.35,913.95,888.30,888.30,2900,67225
20220307,11:26,888.80,892.05,862.80,869.15,2950,66325
20220307,11:27,871.75,897.65,871.75,891.70,3925,66325
20220307,11:28,887.35,891.20,878.25,887.85,3075,66325
20220307,11:29,888.80,897.15,888.35,897.15,500,66325
20220307,11:30,899.70,905.70,891.60,900.95,2175,65025
20220307,11:31,906.05,906.50,888.30,888.40,2350,65025
20220307,11:32,890.70,910.20,890.70,902.45,7000,64150
20220307,11:33,900.25,909.40,891.00,893.10,6025,64150
20220307,11:34,893.70,899.00,880.20,885.40,8925,64150
20220307,11:35,887.85,903.65,886.75,888.80,2450,61275
20220307,11:36,892.40,896.60,881.50,892.35,3525,61275
20220307,11:37,893.50,894.80,886.30,889.55,1875,61275
20220307,11:38,888.10,913.35,885.75,896.80,1575,61275
20220307,11:39,895.00,904.25,889.55,889.55,1300,61550
20220307,11:40,889.35,899.30,888.40,897.70,1275,61550
20220307,11:41,897.50,905.00,860.05,860.05,2400,61550
20220307,11:42,848.15,857.45,835.00,855.05,10350,61650
20220307,11:43,855.90,880.90,855.90,871.00,3175,61650
20220307,11:44,866.25,876.10,866.25,876.10,825,61650
20220307,11:45,881.25,893.70,866.40,867.25,1600,60950
20220307,11:46,871.20,882.00,867.85,880.15,700,60950
20220307,11:47,878.45,901.10,878.45,891.05,3325,60950
20220307,11:48,896.40,909.00,893.45,908.80,875,60700
20220307,11:49,910.00,931.60,904.30,918.10,4000,60700
20220307,11:50,928.75,942.00,900.00,929.35,6500,60700
20220307,11:51,928.95,933.70,916.50,918.55,950,62200
20220307,11:52,915.00,932.40,915.00,930.90,1950,62200
20220307,11:53,930.65,938.00,915.00,915.00,2850,62200
20220307,11:54,907.00,911.80,881.75,882.85,3575,63125
20220307,11:55,879.90,883.25,850.00,864.70,6575,63125
20220307,11:56,865.10,865.10,850.00,850.00,2275,63125
20220307,11:57,851.30,854.10,824.60,850.45,6925,64825
20220307,11:58,850.75,850.75,812.95,836.90,12675,64825
20220307,11:59,837.80,855.95,826.30,826.30,7675,64825
20220307,12:00,826.25,853.60,810.85,840.10,9825,73000
20220307,12:01,839.45,854.10,836.00,840.65,2725,73000
20220307,12:02,843.30,856.00,839.50,847.60,1750,73000
20220307,12:03,845.25,852.75,835.30,845.40,925,78350
20220307,12:04,844.95,856.00,844.95,851.60,1425,78350
20220307,12:05,851.60,860.00,844.60,860.00,2225,78350
20220307,12:06,859.05,861.20,845.40,853.25,2325,78350
20220307,12:07,853.65,855.80,818.70,818.70,2750,78350
20220307,12:08,819.40,850.00,819.40,850.00,1675,78350
20220307,12:09,844.10,851.85,833.70,847.15,2225,77900
20220307,12:10,849.80,868.65,849.55,868.65,2500,77900
20220307,12:11,868.00,887.25,865.55,878.55,9425,77900
20220307,12:12,875.60,882.35,863.05,868.20,1700,77650
20220307,12:13,869.95,898.15,868.05,898.15,4325,77650
20220307,12:14,902.65,910.85,885.65,910.85,4775,77650
20220307,12:15,914.30,914.30,888.05,888.05,5300,77200
20220307,12:16,884.65,899.60,877.50,877.75,4750,77200
20220307,12:17,889.25,889.25,863.80,872.25,5225,77200
20220307,12:18,880.95,891.85,879.30,883.85,2100,77350
20220307,12:19,883.00,898.90,883.00,891.20,2025,77350
20220307,12:20,889.30,899.20,871.55,897.15,2050,77350
20220307,12:21,900.00,900.50,872.55,877.95,3450,76750
20220307,12:22,885.00,890.00,879.75,882.65,2725,76750
20220307,12:23,887.00,894.35,874.05,892.00,3300,76750
20220307,12:24,892.75,900.90,886.65,888.00,1900,77575
20220307,12:25,888.00,888.00,842.60,842.60,6500,77575
20220307,12:26,841.05,871.75,841.05,869.10,2525,77575
20220307,12:27,869.55,889.60,869.55,885.70,3475,80775
20220307,12:28,886.45,888.25,879.25,881.00,1250,80775
20220307,12:29,875.45,926.00,873.20,906.00,10125,80775
20220307,12:30,910.10,910.10,874.25,891.00,7075,79125
20220307,12:31,895.40,895.40,870.70,873.30,3675,79125
20220307,12:32,874.15,882.20,862.15,872.40,1900,79125
20220307,12:33,876.30,876.45,870.60,870.60,725,76425
20220307,12:34,875.55,884.60,869.30,881.50,3625,76425
20220307,12:35,872.70,885.65,870.00,885.60,2750,76425
20220307,12:36,883.80,899.60,880.50,895.00,3400,76200
20220307,12:37,900.00,911.15,891.35,891.35,4375,76200
20220307,12:38,895.35,896.40,880.45,892.35,5100,76200
20220307,12:39,892.80,892.80,865.75,884.60,4100,74175
20220307,12:40,883.30,895.55,870.00,873.25,6625,74175
20220307,12:41,869.10,885.00,866.75,884.55,1275,74175
20220307,12:42,892.00,909.65,883.65,905.60,3250,73425
20220307,12:43,901.70,909.45,876.00,878.30,2350,73425
20220307,12:44,882.65,895.65,882.65,890.95,2450,73425
20220307,12:45,885.55,885.55,842.20,845.20,12175,76700
20220307,12:46,856.80,867.90,851.70,862.25,8325,76700
20220307,12:47,866.60,866.65,846.35,857.60,3700,76700
20220307,12:48,860.00,860.00,846.30,849.50,2425,84850
20220307,12:49,852.30,857.95,847.60,855.15,1750,84850
20220307,12:50,852.95,852.95,835.05,852.55,2250,84850
20220307,12:51,864.95,864.95,851.45,851.45,1325,85800
20220307,12:52,854.80,867.25,853.20,859.00,900,85800
20220307,12:53,856.85,857.30,854.25,854.25,75,85800
20220307,12:54,855.40,866.70,855.40,858.00,1075,85875
20220307,12:55,854.40,855.50,847.70,847.70,1800,85875
20220307,12:56,853.15,858.00,840.00,858.00,950,85875
20220307,12:57,854.55,860.60,847.75,848.80,1275,85400
20220307,12:58,856.55,866.05,853.00,854.85,1625,85400
20220307,12:59,857.35,885.00,856.15,885.00,3800,85400
20220307,13:00,878.95,897.15,878.95,887.45,6125,84825
20220307,13:01,885.05,885.60,866.00,885.60,2675,84825
20220307,13:02,881.90,885.60,857.55,876.35,2825,84825
20220307,13:03,874.70,874.70,852.10,854.85,2325,86875
20220307,13:04,855.60,867.05,855.60,860.45,2250,86875
20220307,13:05,859.50,878.40,859.50,878.40,1525,86875
20220307,13:06,880.70,898.35,871.95,883.95,7475,89775
20220307,13:07,883.85,902.20,883.85,894.50,5250,89775
20220307,13:08,893.55,950.85,893.00,944.75,12075,89775
20220307,13:09,947.45,947.45,920.65,935.90,7075,89850
20220307,13:10,938.80,943.95,924.00,943.30,4500,89850
20220307,13:11,943.10,954.20,924.05,925.15,7550,89850
20220307,13:12,929.05,973.50,928.50,967.65,4725,91025
20220307,13:13,973.55,986.95,964.50,974.05,7875,91025
20220307,13:14,974.90,985.00,972.00,975.40,6225,91025
20220307,13:15,981.00,981.80,959.00,961.00,5000,93375
20220307,13:16,968.50,989.85,964.50,984.00,6825,93375
20220307,13:17,982.05,990.00,975.80,986.80,2425,93375
20220307,13:18,988.60,1003.45,987.00,994.05,3800,92550
20220307,13:19,996.05,1005.00,968.00,968.00,3850,92550
20220307,13:20,971.45,971.45,926.60,954.20,6625,92550
20220307,13:21,951.10,967.75,949.80,958.05,2000,93475
20220307,13:22,961.45,977.45,960.00,967.80,2100,93475
20220307,13:23,967.50,972.30,962.50,972.30,1525,93475
20220307,13:24,972.60,991.95,972.30,977.45,3750,93775
20220307,13:25,978.90,1016.50,976.80,994.20,6675,93775
20220307,13:26,1001.45,1025.00,1001.45,1024.75,4650,93775
20220307,13:27,1023.00,1029.20,1001.80,1026.75,3225,92825
20220307,13:28,1027.60,1028.10,1017.65,1024.55,3550,92825
20220307,13:29,1025.30,1056.20,1025.30,1056.20,5650,92825
20220307,13:30,1047.75,1058.00,1020.80,1039.90,2475,91075
20220307,13:31,1035.25,1050.00,1030.25,1046.90,1675,91075
20220307,13:32,1040.00,1044.35,1029.75,1039.25,1200,91075
20220307,13:33,1029.50,1035.60,1025.30,1033.25,1750,91575
20220307,13:34,1020.00,1093.60,1013.90,1091.70,7950,91575
20220307,13:35,1100.00,1105.45,1051.65,1065.00,3900,91575
20220307,13:36,1065.00,1065.00,1045.20,1057.00,1050,90750
20220307,13:37,1060.20,1074.50,1043.85,1043.85,2150,90750
20220307,13:38,1045.55,1047.15,1019.10,1045.30,1175,90750
20220307,13:39,1047.05,1049.35,1030.00,1030.00,1225,90700
20220307,13:40,1030.00,1044.20,1023.50,1023.50,1150,90700
20220307,13:41,1026.15,1045.60,1026.15,1037.60,1275,90700
20220307,13:42,1044.00,1051.15,1037.15,1044.90,1250,91425
20220307,13:43,1043.45,1056.45,1040.00,1056.45,1025,91425
20220307,13:44,1055.20,1055.20,1041.80,1046.70,225,91425
20220307,13:45,1038.05,1039.00,1021.40,1028.80,725,91225
20220307,13:46,1032.20,1075.55,1032.20,1075.55,1000,91225
20220307,13:47,1068.90,1081.95,1064.10,1081.95,1050,91225
20220307,13:48,1079.00,1109.15,1072.90,1109.15,3900,90525
20220307,13:49,1099.10,1108.50,1087.65,1097.55,5125,90525
20220307,13:50,1097.95,1129.95,1095.40,1129.90,3900,90525
20220307,13:51,1137.95,1157.20,1134.20,1157.20,12525,90675
20220307,13:52,1159.50,1160.00,1133.30,1143.15,5050,90675
20220307,13:53,1141.05,1158.00,1141.05,1155.75,1000,90675
20220307,13:54,1158.00,1185.30,1144.45,1184.40,2325,88950
20220307,13:55,1183.60,1183.60,1149.00,1149.00,2575,88950
20220307,13:56,1151.80,1168.00,1151.80,1167.45,900,88950
20220307,13:57,1160.50,1163.45,1155.00,1162.00,425,87575
20220307,13:58,1164.45,1164.45,1150.05,1150.05,225,87575
20220307,13:59,1150.00,1157.05,1104.60,1117.70,1425,87575
20220307,14:00,1124.20,1128.00,1061.25,1085.40,1825,86900
20220307,14:01,1096.00,1150.60,1096.00,1150.30,1675,86900
20220307,14:02,1158.75,1168.45,1143.25,1167.25,1175,86900
20220307,14:03,1165.50,1220.00,1165.50,1192.75,4750,85150
20220307,14:04,1198.80,1230.25,1197.35,1197.35,2200,85150
20220307,14:05,1211.10,1220.55,1184.70,1206.25,1225,85150
20220307,14:06,1194.40,1204.30,1175.15,1204.30,925,84975
20220307,14:07,1203.00,1243.00,1203.00,1221.85,3100,84975
20220307,14:08,1233.30,1239.75,1216.45,1239.75,1825,84975
20220307,14:09,1245.00,1255.20,1215.75,1235.00,900,83875
20220307,14:10,1231.20,1258.25,1231.20,1245.00,950,83875
20220307,14:11,1235.50,1235.50,1216.00,1229.85,675,83875
20220307,14:12,1240.50,1260.00,1227.95,1260.00,700,83600
20220307,14:13,1266.35,1278.50,1244.65,1244.65,1050,83600
20220307,14:14,1237.25,1262.60,1237.25,1256.00,725,83600
20220307,14:15,1244.05,1256.45,1218.05,1256.45,1525,83350
20220307,14:16,1264.40,1310.00,1263.70,1310.00,2725,83350
20220307,14:17,1337.40,1364.95,1324.45,1347.20,2675,83350
20220307,14:18,1337.05,1349.95,1304.00,1334.75,1925,80975
20220307,14:19,1325.70,1325.70,1284.45,1284.45,1450,80975
20220307,14:20,1284.75,1315.45,1284.50,1288.95,750,80975
20220307,14:21,1300.55,1300.55,1252.85,1253.40,1075,82750
20220307,14:22,1243.20,1243.20,1180.05,1190.35,1900,82750
20220307,14:23,1196.60,1236.70,1196.60,1225.25,825,82750
20220307,14:24,1220.55,1253.15,1220.55,1224.75,1400,82275
20220307,14:25,1201.70,1241.10,1185.00,1221.40,5250,82275
20220307,14:26,1230.05,1245.75,1223.10,1223.10,1550,82275
20220307,14:27,1224.30,1235.00,1184.85,1186.15,5200,79775
20220307,14:28,1192.35,1211.60,1175.40,1175.40,1625,79775
20220307,14:29,1178.05,1181.95,1154.20,1181.95,1925,79775
20220307,14:30,1179.25,1179.25,1127.45,1128.80,1400,77700
20220307,14:31,1132.55,1171.25,1132.55,1168.80,975,77700
20220307,14:32,1164.70,1164.70,1125.00,1125.00,1075,77700
20220307,14:33,1129.65,1176.55,1129.65,1168.15,1875,77450
20220307,14:34,1170.00,1174.50,1140.00,1172.00,1075,77450
20220307,14:35,1181.50,1182.15,1123.60,1135.15,1250,77450
20220307,14:36,1122.55,1122.55,1082.50,1099.90,1200,76775
20220307,14:37,1104.55,1128.95,1091.75,1120.00,1175,76775
20220307,14:38,1125.55,1140.00,1121.50,1138.50,750,76775
20220307,14:39,1128.25,1153.50,1128.25,1129.25,1100,76225
20220307,14:40,1140.25,1159.15,1134.15,1134.15,225,76225
20220307,14:41,1130.70,1130.70,1105.30,1124.95,675,76225
20220307,14:42,1107.65,1130.70,1106.95,1130.05,1175,75725
20220307,14:43,1113.50,1130.65,1100.40,1130.65,800,75725
20220307,14:44,1137.90,1141.15,1095.00,1101.20,1525,75725
20220307,14:45,1076.20,1115.55,1076.20,1109.30,1775,75525
20220307,14:46,1092.30,1115.35,1092.30,1115.35,125,75525
20220307,14:47,1115.80,1131.30,1100.25,1131.30,325,75525
20220307,14:48,1123.50,1125.00,1106.50,1122.55,1250,75600
20220307,14:49,1107.00,1112.10,1107.00,1112.10,325,75600
20220307,14:50,1100.00,1102.00,1094.50,1096.35,175,75600
20220307,14:51,1075.50,1080.00,1045.10,1055.95,2225,75725
20220307,14:52,1057.40,1057.40,1014.55,1014.55,1125,75725
20220307,14:53,1016.95,1049.00,1016.95,1033.95,850,75725
20220307,14:54,1060.95,1060.95,1033.10,1038.25,875,75925
20220307,14:55,1039.70,1066.65,1015.60,1066.65,800,75925
20220307,14:56,1073.45,1080.50,1048.00,1048.00,1225,75925
20220307,14:57,1039.75,1050.50,1039.75,1050.50,1225,76500
20220307,14:58,1071.55,1075.00,1047.25,1075.00,1900,76500
20220307,14:59,1075.00,1102.65,1075.00,1091.30,3025,76500
20220307,15:00,1085.00,1101.05,1052.20,1101.05,825,77375
20220307,15:01,1084.25,1092.00,1054.70,1092.00,1450,77375
20220307,15:02,1088.85,1101.00,1084.55,1094.70,625,77375
20220307,15:03,1102.00,1129.00,1097.65,1127.20,1775,77275
20220307,15:04,1126.40,1127.20,1050.30,1050.30,2975,77275
20220307,15:05,1050.40,1050.40,973.75,1030.00,3350,77275
20220307,15:06,1034.00,1059.80,1024.00,1024.00,1275,76325
20220307,15:07,1023.10,1023.10,990.00,995.95,2375,76325
20220307,15:08,1002.10,1016.20,995.95,1007.45,2450,76325
20220307,15:09,1015.95,1023.10,994.30,1003.45,3150,75775
20220307,15:10,1010.70,1019.55,988.45,1018.95,3650,75775
20220307,15:11,1024.75,1024.75,989.15,992.40,2800,75775
20220307,15:12,996.45,998.95,951.05,951.05,4575,73425
20220307,15:13,947.70,947.70,889.00,905.05,5150,73425
20220307,15:14,905.05,924.00,893.45,907.85,3575,73425
20220307,15:15,909.85,909.85,829.95,835.90,23925,63850
20220307,15:16,833.10,886.50,833.10,886.50,5675,63850
20220307,15:17,884.20,914.90,884.20,903.60,2825,63850
20220307,15:18,904.20,904.70,876.60,882.75,3175,60025
20220307,15:19,875.10,882.00,857.85,867.15,3200,60025
20220307,15:20,871.65,895.00,867.40,867.40,2000,60025
20220307,15:21,867.85,884.00,867.85,881.45,550,59650
20220307,15:22,874.70,882.00,857.20,862.00,4850,59650
20220307,15:23,862.25,866.70,830.40,836.20,7800,59650
20220307,15:24,834.70,843.70,830.00,835.00,3800,57550
20220307,15:25,831.20,868.85,831.20,868.00,4075,57550
20220307,15:26,874.60,900.00,874.60,896.95,2100,57550
20220307,15:27,899.10,908.55,897.85,908.00,1400,56250
20220307,15:28,900.95,914.50,900.05,905.80,1350,56250
20220307,15:29,906.80,911.85,899.25,911.85,2500,56250
20220308,09:15,1087.55,1116.90,953.00,973.65,3052,56525
20220308,09:16,963.70,1092.25,954.75,1066.20,1175,56525
20220308,09:17,1053.30,1111.40,1041.00,1041.00,2000,55900
20220308,09:18,1040.35,1081.60,1006.60,1079.60,1075,55900
20220308,09:19,1081.05,1191.50,1081.05,1152.35,5375,55900
20220308,09:20,1135.35,1208.85,1135.35,1187.05,2225,56625
20220308,09:21,1187.80,1217.00,1171.00,1217.00,350,56625
20220308,09:22,1228.35,1228.35,1192.55,1192.55,500,56625
20220308,09:23,1179.90,1179.90,1141.55,1151.60,400,56275
20220308,09:24,1100.00,1118.20,1089.40,1118.20,650,56275
20220308,09:25,1134.35,1134.35,1069.65,1079.50,375,56275
20220308,09:26,1079.50,1099.00,1056.85,1099.00,175,56875
20220308,09:27,1078.30,1079.00,1061.10,1075.35,1100,56875
20220308,09:28,1051.00,1072.90,1028.00,1072.90,450,56875
20220308,09:29,1083.65,1119.40,1083.65,1119.40,350,56700
20220308,09:30,1160.10,1167.65,1130.00,1133.00,600,56700
20220308,09:31,1128.45,1128.45,1100.90,1108.85,600,56700
20220308,09:32,1107.30,1147.15,1107.30,1147.15,250,56900
20220308,09:33,1150.00,1171.30,1140.05,1140.05,425,56900
20220308,09:34,1139.40,1139.40,1100.00,1100.00,250,56900
20220308,09:35,1085.75,1111.65,1085.75,1102.55,350,56725
20220308,09:36,1113.10,1134.00,1113.10,1132.30,125,56725
20220308,09:37,1148.90,1148.90,1112.00,1119.50,200,56725
20220308,09:38,1140.90,1146.65,1129.65,1129.65,400,56525
20220308,09:39,1152.00,1168.75,1149.10,1149.10,475,56525
20220308,09:40,1152.25,1186.90,1152.25,1186.90,50,56525
20220308,09:41,1194.50,1219.75,1180.65,1219.75,675,56125
20220308,09:42,1230.00,1230.00,1207.35,1207.35,700,56125
20220308,09:43,1199.75,1199.75,1169.85,1169.85,325,56125
20220308,09:44,1159.00,1185.55,1150.00,1150.00,400,55700
20220308,09:45,1171.00,1171.00,1136.55,1140.05,175,55700
20220308,09:46,1150.25,1150.25,1122.10,1122.10,325,55700
20220308,09:47,1145.40,1145.40,1125.20,1125.20,75,55675
20220308,09:48,1115.45,1123.75,1115.45,1115.45,150,55675
20220308,09:49,1129.75,1129.75,1129.75,1129.75,25,55675
20220308,09:50,1155.00,1155.00,1150.00,1150.00,50,55725
20220308,09:51,1153.25,1157.15,1135.65,1156.50,500,55725
20220308,09:52,1128.00,1128.00,1097.25,1097.25,200,55725
20220308,09:53,1095.95,1122.10,1095.95,1122.10,1650,55725
20220308,09:54,1129.00,1129.00,1115.45,1123.70,200,56600
20220308,09:55,1128.80,1130.00,1112.70,1112.70,1275,56600
20220308,09:56,1123.20,1123.20,1090.95,1090.95,50,56600
20220308,09:58,1116.10,1116.10,1095.70,1098.85,325,56125
20220308,09:59,1108.40,1113.30,1090.95,1090.95,150,55800
20220308,10:00,1115.00,1115.00,1105.45,1107.80,125,55800
20220308,10:01,1112.00,1112.00,1112.00,1112.00,25,55800
20220308,10:02,1128.60,1148.65,1128.60,1128.75,300,55875
20220308,10:03,1100.00,1100.00,1065.20,1065.20,750,55875
20220308,10:04,1063.55,1063.55,1015.00,1015.00,1100,55875
20220308,10:05,1019.20,1043.50,1007.45,1019.50,1275,55225
20220308,10:06,1009.80,1009.80,955.70,955.70,3075,55225
20220308,10:07,955.75,959.90,922.60,947.50,7525,55225
20220308,10:08,934.80,949.75,930.90,941.95,825,52400
20220308,10:09,941.95,945.90,913.00,940.25,850,52400
20220308,10:10,925.95,950.00,921.30,950.00,1550,52400
20220308,10:11,953.75,953.75,927.50,934.25,900,52400
20220308,10:12,919.40,932.60,919.40,924.65,125,52550
20220308,10:13,920.00,930.55,889.60,923.30,1250,52550
20220308,10:14,916.00,933.25,913.05,933.25,350,52550
20220308,10:15,925.25,953.85,923.95,934.25,1200,52725
20220308,10:16,919.45,941.65,906.30,941.65,900,52725
20220308,10:17,950.00,964.25,936.00,936.00,450,52425
20220308,10:18,927.00,943.50,927.00,934.25,450,52425
20220308,10:19,947.20,947.20,941.35,941.35,200,52425
20220308,10:20,951.00,968.95,942.35,942.35,425,52425
20220308,10:21,945.50,961.85,945.50,955.50,875,52425
20220308,10:22,970.65,970.65,947.25,947.25,150,52425
20220308,10:23,943.85,952.95,936.75,936.75,425,52425
20220308,10:24,928.55,939.00,915.60,937.95,2450,52425
20220308,10:25,922.25,922.25,900.00,902.00,1925,52425
20220308,10:26,898.95,908.35,888.30,888.30,1400,53275
20220308,10:27,878.00,890.85,877.00,890.85,425,53275
20220308,10:28,894.55,904.50,893.85,904.45,500,53275
20220308,10:29,900.65,904.35,885.80,897.20,1425,53275
20220308,10:30,915.00,916.70,905.55,916.70,400,52375
20220308,10:31,912.10,925.10,903.95,925.10,500,52375
20220308,10:32,919.90,945.35,919.90,945.35,150,52100
20220308,10:33,948.90,966.40,947.85,954.05,500,52100
20220308,10:34,943.50,950.55,937.95,943.50,250,52100
20220308,10:35,954.05,987.40,954.05,971.00,1550,51950
20220308,10:36,966.65,987.40,966.40,987.40,775,51950
20220308,10:37,986.80,996.70,985.55,985.55,250,51950
20220308,10:38,996.00,1008.65,996.00,1001.70,675,51950
20220308,10:39,1018.30,1049.05,1018.30,1049.05,1125,51950
20220308,10:40,1065.00,1070.40,1034.95,1066.10,1950,51950
20220308,10:41,1069.70,1097.90,1069.70,1081.80,1000,52500
20220308,10:42,1089.30,1100.00,1078.50,1098.00,500,52500
20220308,10:43,1060.90,1060.90,1060.90,1060.90,25,52500
20220308,10:44,1070.00,1070.00,1062.80,1062.80,150,52350
20220308,10:45,1071.75,1078.50,1071.45,1071.45,100,52350
20220308,10:46,1084.80,1129.30,1084.80,1129.30,500,52350
20220308,10:47,1134.05,1138.15,1113.20,1135.40,350,52225
20220308,10:48,1134.75,1134.75,1120.00,1125.00,250,52225
20220308,10:49,1125.50,1139.70,1114.70,1139.70,275,52225
20220308,10:50,1145.80,1150.00,1115.35,1117.50,400,51975
20220308,10:52,1121.20,1130.85,1121.20,1130.85,50,51975
20220308,10:53,1116.20,1116.20,1104.60,1104.60,75,51900
20220308,10:54,1096.70,1114.95,1096.70,1105.15,175,51900
20220308,10:55,1125.90,1174.20,1125.90,1174.20,425,51900
20220308,10:56,1170.35,1170.35,1143.60,1150.00,175,51900
20220308,10:57,1130.75,1140.75,1130.75,1133.70,125,51775
20220308,10:58,1136.80,1142.70,1122.10,1140.40,525,51775
20220308,10:59,1137.95,1175.20,1137.95,1175.20,400,51725
20220308,11:00,1182.05,1200.00,1182.05,1199.95,525,51725
20220308,11:01,1196.95,1196.95,1178.90,1190.00,200,51725
20220308,11:02,1209.55,1230.35,1196.90,1199.70,525,51450
20220308,11:03,1204.05,1204.55,1168.00,1168.00,225,51450
20220308,11:04,1168.00,1188.65,1153.00,1153.00,225,51450
20220308,11:05,1164.65,1164.65,1130.55,1130.55,200,51475
20220308,11:06,1144.80,1144.80,1136.45,1142.00,200,51475
20220308,11:07,1144.50,1144.50,1144.50,1144.50,100,51475
20220308,11:08,1188.00,1188.00,1188.00,1188.00,25,51500
20220308,11:09,1200.00,1212.10,1200.00,1200.00,125,51500
20220308,11:10,1202.90,1203.40,1188.05,1188.05,125,51500
20220308,11:11,1188.45,1188.45,1188.45,1188.45,50,51500
20220308,11:12,1187.05,1187.05,1187.05,1187.05,25,51475
20220308,11:13,1175.15,1175.15,1169.10,1169.10,50,51475
20220308,11:14,1165.00,1173.25,1163.50,1173.25,75,51475
20220308,11:15,1161.20,1177.70,1161.20,1177.70,50,51350
20220308,11:16,1199.95,1199.95,1190.00,1190.00,75,51350
20220308,11:17,1191.50,1191.50,1187.00,1187.00,150,51350
20220308,11:18,1190.45,1210.00,1190.45,1208.80,100,51425
20220308,11:19,1210.70,1220.10,1210.70,1220.10,175,51425
20220308,11:20,1229.45,1230.00,1229.45,1229.95,75,51425
20220308,11:21,1235.75,1237.70,1209.40,1221.30,800,51250
20220308,11:22,1223.50,1223.50,1212.70,1212.70,225,51250
20220308,11:23,1241.50,1243.10,1241.50,1243.10,125,51250
20220308,11:24,1210.00,1210.00,1210.00,1210.00,75,51025
20220308,11:25,1204.30,1204.75,1204.30,1204.75,75,51025
20220308,11:26,1180.55,1186.15,1157.45,1174.85,150,50975
20220308,11:27,1182.80,1190.80,1157.50,1167.50,125,50975
20220308,11:29,1170.10,1198.35,1170.10,1194.60,175,50950
20220308,11:30,1200.00,1200.00,1200.00,1200.00,25,50950
20220308,11:31,1242.40,1254.35,1242.40,1254.35,625,50950
20220308,11:32,1254.35,1254.35,1254.35,1254.35,50,50950
20220308,11:33,1235.10,1235.10,1211.40,1211.40,125,50700
20220308,11:35,1234.75,1234.75,1234.75,1234.75,25,50700
20220308,11:36,1219.00,1219.00,1219.00,1219.00,25,50725
20220308,11:37,1205.00,1205.00,1175.90,1175.90,175,50725
20220308,11:38,1180.00,1200.00,1180.00,1194.95,100,50750
20220308,11:40,1194.95,1220.05,1194.95,1220.05,275,50750
20220308,11:41,1234.95,1312.25,1234.95,1312.25,550,50550
20220308,11:42,1312.25,1315.80,1298.40,1315.80,450,50550
20220308,11:44,1315.80,1315.80,1299.75,1299.75,250,50550
20220308,11:45,1299.75,1313.50,1299.75,1313.50,125,50375
20220308,11:46,1317.30,1334.80,1289.75,1289.75,1250,50375
20220308,11:47,1289.15,1289.85,1281.90,1282.65,250,50375
20220308,11:48,1292.80,1321.65,1292.80,1316.90,450,49450
20220308,11:49,1327.95,1331.30,1323.25,1328.85,625,49450
20220308,11:50,1300.80,1306.85,1293.70,1299.90,1050,49450
20220308,11:52,1308.95,1336.65,1308.95,1336.65,250,49100
20220308,11:53,1336.65,1336.65,1315.00,1334.30,75,49100
20220308,11:54,1341.20,1341.20,1325.00,1325.00,125,49250
20220308,11:55,1318.90,1320.95,1306.80,1318.55,350,49250
20220308,11:56,1280.00,1306.05,1275.00,1306.05,175,49250
20220308,11:57,1310.75,1310.75,1310.75,1310.75,50,49325
20220308,11:59,1312.35,1312.35,1312.35,1312.35,300,49325
20220308,12:00,1325.35,1325.35,1283.05,1283.05,200,48900
20220308,12:01,1287.15,1287.15,1287.15,1287.15,50,48900
20220308,12:03,1264.50,1265.90,1264.50,1265.90,200,48900
20220308,12:04,1258.70,1278.05,1258.70,1278.05,125,48900
20220308,12:05,1277.30,1277.30,1259.25,1259.25,50,48900
20220308,12:06,1257.60,1257.60,1236.60,1236.60,175,48675
20220308,12:07,1214.50,1215.70,1214.50,1215.70,425,48675
20220308,12:08,1222.15,1222.15,1222.15,1222.15,25,48675
20220308,12:09,1238.00,1280.45,1238.00,1279.05,400,48150
20220308,12:10,1287.00,1319.30,1287.00,1290.15,375,48150
20220308,12:11,1290.00,1290.00,1264.00,1264.00,225,48150
20220308,12:12,1223.65,1246.05,1223.65,1230.00,1000,47825
20220308,12:13,1269.30,1269.30,1269.30,1269.30,50,47825
20220308,12:14,1245.90,1245.90,1245.90,1245.90,25,47825
20220308,12:16,1284.20,1284.20,1250.00,1256.30,75,48350
20220308,12:17,1239.90,1254.85,1239.90,1254.85,100,48350
20220308,12:19,1266.15,1266.15,1247.75,1247.75,400,48500
20220308,12:21,1240.00,1240.00,1240.00,1240.00,500,48875
20220308,12:23,1209.90,1226.35,1209.90,1226.35,725,48875
20220308,12:24,1247.75,1247.75,1150.00,1151.75,825,48575
20220308,12:25,1163.20,1163.20,1148.00,1161.05,100,48575
20220308,12:26,1164.75,1176.55,1147.10,1147.10,200,48575
20220308,12:28,1164.45,1164.45,1152.20,1152.20,50,48550
20220308,12:30,1191.25,1209.90,1181.40,1181.40,300,48575
20220308,12:31,1186.60,1195.95,1180.00,1195.95,200,48575
20220308,12:32,1205.00,1206.75,1203.60,1203.60,175,48575
20220308,12:33,1215.95,1215.95,1213.40,1213.40,375,48625
20220308,12:34,1258.90,1292.90,1258.90,1280.05,550,48625
20220308,12:35,1270.85,1280.60,1270.85,1280.60,50,48625
20220308,12:36,1280.15,1280.15,1266.95,1266.95,75,48350
20220308,12:37,1291.75,1300.00,1291.75,1299.75,1375,48350
20220308,12:38,1281.30,1281.30,1281.30,1281.30,25,48350
20220308,12:40,1297.25,1320.10,1297.25,1320.10,150,46975
20220308,12:41,1340.00,1350.00,1324.10,1324.10,150,46975
20220308,12:44,1304.60,1304.60,1304.60,1304.60,25,47000
20220308,12:45,1309.85,1309.85,1280.50,1280.50,50,46975
20220308,12:46,1263.10,1263.10,1263.10,1263.10,25,46975
20220308,12:48,1250.00,1250.00,1241.00,1241.00,50,47025
20220308,12:49,1258.95,1258.95,1258.95,1258.95,25,47025
20220308,12:50,1274.80,1274.80,1274.80,1274.80,25,47025
20220308,12:52,1291.80,1291.80,1291.80,1291.80,25,47100
20220308,12:54,1269.35,1269.35,1269.35,1269.35,125,47100
20220308,12:57,1303.25,1310.00,1303.25,1310.00,250,47075
20220308,12:58,1280.45,1280.45,1280.45,1280.45,25,47075
20220308,12:59,1267.20,1267.20,1258.20,1258.20,50,47075
20220308,13:02,1259.50,1259.50,1259.50,1259.50,25,47075
20220308,13:04,1287.15,1287.15,1272.15,1272.15,50,46875
20220308,13:07,1309.25,1398.10,1309.25,1398.10,775,46875
20220308,13:08,1384.30,1384.30,1268.20,1268.20,825,46875
20220308,13:10,1286.40,1286.40,1259.30,1259.30,75,47525
20220308,13:11,1248.00,1261.00,1248.00,1261.00,75,47525
20220308,13:12,1283.90,1283.90,1266.70,1270.50,275,47600
20220308,13:13,1254.20,1254.20,1216.70,1216.70,250,47600
20220308,13:14,1233.80,1233.80,1233.80,1233.80,25,47600
20220308,13:15,1215.30,1233.55,1215.30,1225.40,125,47775
20220308,13:16,1228.50,1228.50,1220.90,1220.90,175,47775
20220308,13:17,1225.00,1225.00,1225.00,1225.00,250,47775
20220308,13:18,1220.00,1222.20,1220.00,1222.20,50,47800
20220308,13:19,1227.75,1227.75,1227.75,1227.75,25,47800
20220308,13:20,1245.00,1245.00,1245.00,1245.00,25,47800
20220308,13:22,1290.00,1290.00,1290.00,1290.00,625,47775
20220308,13:23,1320.00,1320.00,1297.55,1297.55,350,47775
20220308,13:24,1324.90,1324.90,1312.15,1312.15,300,47700
20220308,13:25,1313.90,1320.85,1313.90,1320.85,50,47700
20220308,13:26,1324.05,1334.90,1324.05,1334.90,575,47700
20220308,13:27,1324.90,1324.90,1324.90,1324.90,100,47700
20220308,13:28,1311.80,1350.00,1311.80,1350.00,175,47775
20220308,13:29,1350.00,1363.80,1349.50,1363.80,1075,47775
20220308,13:30,1352.35,1387.95,1351.65,1387.95,300,47025
20220308,13:31,1325.15,1325.15,1325.15,1325.15,25,47025
20220308,13:32,1315.00,1315.00,1305.00,1305.00,75,47025
20220308,13:33,1312.40,1312.40,1312.40,1312.40,25,47025
20220308,13:34,1277.20,1277.20,1258.00,1258.00,100,47050
20220308,13:35,1244.55,1244.55,1244.55,1244.55,250,47050
20220308,13:36,1235.00,1235.00,1210.65,1210.65,75,46900
20220308,13:37,1210.65,1210.65,1210.65,1210.65,25,46900
20220308,13:38,1196.00,1196.00,1196.00,1196.00,25,46900
20220308,13:39,1182.60,1186.00,1182.60,1186.00,75,46925
20220308,13:40,1176.60,1208.90,1175.00,1175.00,525,46925
20220308,13:42,1172.85,1173.30,1156.35,1167.15,150,46575
20220308,13:43,1167.15,1167.15,1167.15,1167.15,25,46575
20220308,13:44,1158.20,1166.40,1148.25,1148.25,100,46575
20220308,13:45,1111.25,1130.75,1070.05,1071.75,1000,46650
20220308,13:46,1083.30,1102.75,1075.25,1102.75,750,46650
20220308,13:47,1106.25,1106.25,1106.25,1106.25,75,46650
20220308,13:48,1133.45,1133.45,1133.45,1133.45,50,47075
20220308,13:49,1123.75,1157.00,1123.75,1150.15,275,47075
20220308,13:50,1108.00,1133.80,1108.00,1133.80,275,47075
20220308,13:51,1102.25,1120.00,1100.00,1100.00,100,47200
20220308,13:52,1075.00,1075.00,1058.25,1058.25,425,47200
20220308,13:53,1066.00,1074.25,1060.00,1060.00,200,47200
20220308,13:54,1063.90,1093.10,1063.90,1093.10,100,47275
20220308,13:55,1050.00,1050.00,1047.50,1047.50,50,47275
20220308,13:56,1085.00,1085.00,1085.00,1085.00,25,47275
20220308,13:57,1089.20,1089.20,1056.25,1056.25,150,47250
20220308,13:58,1057.15,1059.05,1048.35,1048.35,100,47250
20220308,13:59,1029.30,1029.60,1029.30,1029.60,50,47250
20220308,14:00,1043.90,1049.60,1036.75,1036.75,200,47225
20220308,14:01,1015.50,1022.20,1007.80,1015.35,275,47225
20220308,14:02,1003.70,1015.25,989.95,989.95,350,47225
20220308,14:03,987.00,1000.00,976.80,1000.00,725,47450
20220308,14:04,1007.90,1055.00,1007.90,1055.00,775,47450
20220308,14:05,1039.50,1072.00,1020.05,1064.80,925,47450
20220308,14:06,1062.85,1073.95,1051.75,1059.05,800,47925
20220308,14:07,1053.65,1053.65,1022.85,1029.20,150,47925
20220308,14:08,996.00,1007.30,951.30,951.30,1775,47925
20220308,14:09,949.00,966.10,933.20,933.20,1750,48925
20220308,14:10,931.15,951.10,910.30,910.30,2475,48925
20220308,14:11,926.85,937.55,914.60,937.55,1775,48925
20220308,14:12,930.20,959.35,930.20,959.35,450,50700
20220308,14:13,963.30,992.00,963.30,987.55,800,50700
20220308,14:14,987.00,1021.75,987.00,1021.75,325,50700
20220308,14:15,995.95,1049.05,995.95,1049.05,1175,50950
20220308,14:16,1040.65,1040.65,988.25,993.55,425,50950
20220308,14:17,1036.00,1036.40,1016.00,1016.00,225,50950
20220308,14:18,1059.00,1059.00,1026.55,1026.55,175,51650
20220308,14:19,1045.90,1058.55,1045.90,1053.75,300,51650
20220308,14:20,1039.50,1060.10,1039.50,1060.10,1100,51650
20220308,14:21,1063.85,1078.15,1035.25,1072.00,825,51600
20220308,14:22,1080.00,1080.00,1062.75,1079.05,850,51600
20220308,14:23,1075.95,1085.15,1065.60,1076.90,425,51600
20220308,14:24,1081.40,1081.40,1044.90,1067.50,375,51650
20220308,14:25,1085.45,1085.45,1065.50,1066.55,400,51650
20220308,14:26,1036.55,1041.45,1036.55,1041.45,175,51650
20220308,14:27,1047.00,1054.35,1043.25,1054.35,400,51375
20220308,14:28,1042.20,1042.20,1025.00,1034.05,625,51375
20220308,14:29,1025.10,1032.50,1009.30,1009.30,425,51375
20220308,14:30,1006.90,1006.90,986.75,986.75,1700,51150
20220308,14:31,978.00,978.00,941.25,941.25,875,51150
20220308,14:32,941.55,945.20,913.30,945.20,1425,51150
20220308,14:33,934.90,934.90,895.20,898.05,1725,51600
20220308,14:34,888.10,903.40,886.90,895.85,1700,51600
20220308,14:35,899.05,908.05,861.00,861.00,300,51600
20220308,14:36,862.00,887.25,857.10,887.25,1750,52575
20220308,14:37,887.20,918.50,885.50,913.65,1000,52575
20220308,14:38,926.75,937.05,915.25,925.25,975,52575
20220308,14:39,912.35,922.00,894.85,909.45,600,52200
20220308,14:40,896.50,896.50,870.00,870.00,450,52200
20220308,14:41,864.25,895.45,864.25,877.60,875,52200
20220308,14:42,882.85,914.45,882.85,911.40,375,52175
20220308,14:43,911.15,911.15,865.25,867.00,325,52175
20220308,14:44,872.30,872.30,844.00,844.30,550,52175
20220308,14:45,844.30,874.05,811.75,831.35,5650,55075
20220308,14:46,827.10,827.10,780.15,780.50,3550,55075
20220308,14:47,780.50,801.05,775.10,778.25,4125,55075
20220308,14:48,782.25,786.45,754.15,779.25,2775,55375
20220308,14:49,783.00,799.10,770.70,788.95,2075,55375
20220308,14:50,798.60,818.45,785.95,800.95,2125,55375
20220308,14:51,795.50,844.50,795.50,824.50,4100,57825
20220308,14:52,825.00,826.80,786.05,795.50,4900,57825
20220308,14:53,793.10,793.10,758.00,769.50,3125,57825
20220308,14:54,768.10,781.45,750.40,781.45,2500,58350
20220308,14:55,784.75,789.55,775.60,776.00,1525,58350
20220308,14:56,768.20,787.20,754.05,787.20,750,58350
20220308,14:57,786.65,801.40,740.25,740.95,1150,57850
20220308,14:58,741.80,743.00,725.00,725.00,1575,57850
20220308,14:59,715.00,720.30,676.65,696.95,4175,57850
20220308,15:00,688.35,688.35,641.70,667.05,4825,58925
20220308,15:01,669.80,686.45,667.40,679.00,4025,58925
20220308,15:02,680.60,721.10,678.75,711.80,5875,58925
20220308,15:03,713.45,749.40,713.45,733.50,5500,61925
20220308,15:04,740.20,740.40,688.15,700.00,5150,61925
20220308,15:05,690.20,709.55,688.10,707.00,5000,61925
20220308,15:06,709.55,709.55,690.00,706.40,2075,63700
20220308,15:07,699.05,703.55,669.25,678.85,3100,63700
20220308,15:08,683.05,693.05,675.60,678.95,1175,63700
20220308,15:09,670.00,670.00,638.25,646.15,6600,64575
20220308,15:10,649.30,662.00,635.70,643.25,3450,64575
20220308,15:11,640.00,646.00,615.70,642.80,7800,64575
20220308,15:12,647.30,676.65,629.25,676.65,8525,66475
20220308,15:13,682.30,690.20,665.25,673.85,6950,66475
20220308,15:14,671.45,671.45,588.75,588.75,8300,66475
20220308,15:15,595.80,619.30,547.40,547.40,25050,62500
20220308,15:16,546.30,548.55,532.45,538.70,9300,62500
20220308,15:17,539.05,553.65,537.25,537.25,13175,62500
20220308,15:18,538.20,555.00,527.50,549.70,10625,62700
20220308,15:19,554.75,580.80,551.20,568.95,11975,62700
20220308,15:20,573.70,589.00,566.85,577.15,8800,62700
20220308,15:21,577.95,594.90,571.40,574.90,5100,61425
20220308,15:22,575.75,606.40,574.80,599.05,5775,61425
20220308,15:23,593.75,594.25,564.45,564.45,4850,61425
20220308,15:24,577.10,582.80,565.65,568.45,2875,61725
20220308,15:25,568.55,588.05,562.10,588.05,5100,61725
20220308,15:26,591.70,596.25,575.55,580.65,4575,61725
20220308,15:27,581.00,586.05,580.10,583.00,2800,60550
20220308,15:28,582.55,584.30,570.25,573.65,7550,60550
20220308,15:29,577.95,583.00,565.20,565.20,4200,60550
20220309,09:15,403.00,669.45,403.00,652.20,49677,59175
20220309,09:16,646.00,646.00,592.55,592.55,23950,59175
20220309,09:17,591.45,661.50,565.50,647.20,34725,71400
20220309,09:18,646.15,699.70,640.50,644.65,34325,71400
20220309,09:19,642.55,673.40,642.55,653.50,30325,71400
20220309,09:20,651.75,690.75,651.65,659.20,23450,76575
20220309,09:21,663.25,663.25,632.60,638.30,17075,76575
20220309,09:22,634.00,634.00,606.80,620.60,19325,76575
20220309,09:23,622.00,646.90,616.05,620.55,19500,81325
20220309,09:24,622.50,634.20,611.90,619.40,18575,81325
20220309,09:25,620.90,633.05,587.40,595.05,18700,81325
20220309,09:26,599.55,609.35,564.45,575.75,11950,81550
20220309,09:27,574.80,586.70,567.35,586.55,20600,81550
20220309,09:28,592.75,615.25,569.95,569.95,16000,81550
20220309,09:29,569.15,586.90,569.15,575.30,14275,83475
20220309,09:30,573.45,576.05,539.25,539.25,27050,83475
20220309,09:31,540.70,570.55,536.25,542.10,21600,83475
20220309,09:32,546.15,546.15,518.75,524.90,26525,86100
20220309,09:33,528.45,556.60,519.90,552.55,16925,86100
20220309,09:34,558.30,563.50,525.40,559.05,26925,86100
20220309,09:35,558.20,558.30,520.00,520.00,23300,87775
20220309,09:36,519.65,537.40,500.00,537.40,28975,87775
20220309,09:37,534.50,552.00,526.00,535.35,30425,87775
20220309,09:38,533.45,537.25,519.80,524.85,22475,89825
20220309,09:39,523.95,550.00,517.25,543.90,27075,89825
20220309,09:40,544.50,556.65,542.85,553.00,42500,89825
20220309,09:41,549.05,584.45,545.00,576.30,24825,94800
20220309,09:42,585.00,616.65,585.00,596.65,33475,94800
20220309,09:43,578.85,591.35,554.75,571.05,31925,94800
20220309,09:44,571.35,582.75,560.00,560.85,16275,96950
20220309,09:45,560.75,560.75,528.80,543.05,31275,96950
20220309,09:46,535.95,535.95,513.35,513.35,18475,96950
20220309,09:47,515.60,540.00,511.80,532.90,20100,99300
20220309,09:48,536.60,578.15,536.60,575.80,22600,99300
20220309,09:49,574.50,598.70,570.00,587.60,32600,99300
20220309,09:50,594.00,601.55,573.65,577.50,25825,101600
20220309,09:51,580.10,610.85,580.10,610.85,20950,101600
20220309,09:52,619.15,646.55,614.35,643.60,39250,101600
20220309,09:53,646.00,662.00,635.40,645.75,29950,94475
20220309,09:54,637.60,658.70,633.75,653.05,22300,94475
20220309,09:55,647.55,674.60,645.80,653.60,31575,94475
20220309,09:56,647.45,647.45,607.05,607.05,16050,93975
20220309,09:57,605.95,621.60,594.05,602.30,15125,93975
20220309,09:58,605.05,618.15,587.50,587.50,11275,93975
20220309,09:59,586.25,589.65,569.30,580.75,23300,96275
20220309,10:00,573.00,581.60,551.10,552.00,22850,96275
20220309,10:01,552.35,575.35,539.15,572.75,23775,96275
20220309,10:02,577.60,584.95,551.35,554.45,17500,99350
20220309,10:03,556.55,556.60,537.75,554.20,11775,99350
20220309,10:04,556.60,567.65,547.25,555.45,11350,99350
20220309,10:05,549.55,561.40,548.35,559.65,7275,104175
20220309,10:06,558.75,570.55,551.45,555.00,6625,104175
20220309,10:07,552.95,565.10,532.70,541.65,12550,104175
20220309,10:08,543.80,569.55,537.95,568.55,8250,103025
20220309,10:09,570.75,571.75,545.85,565.55,12700,103025
20220309,10:10,564.75,587.30,557.80,583.45,18650,103025
20220309,10:11,580.80,593.75,568.35,573.20,17425,104575
20220309,10:12,573.85,597.30,571.60,588.20,10500,104575
20220309,10:13,581.00,583.45,569.85,575.25,10000,104575
20220309,10:14,569.85,571.35,547.00,548.90,33975,115525
20220309,10:15,548.25,555.20,520.10,531.05,27675,115525
20220309,10:16,527.15,536.90,504.20,513.45,17675,115525
20220309,10:17,514.45,531.95,514.45,531.15,8625,116900
20220309,10:18,529.60,529.60,496.10,505.85,16900,116900
20220309,10:19,505.70,515.45,496.50,502.30,10675,116900
20220309,10:20,502.50,517.50,497.50,507.65,14475,118975
20220309,10:21,510.70,510.80,500.00,506.00,9975,118975
20220309,10:22,506.35,514.30,498.70,503.05,6625,118975
20220309,10:23,502.00,516.40,500.80,509.90,8450,123350
20220309,10:24,507.40,507.40,477.20,481.15,22900,123350
20220309,10:25,477.50,488.70,477.50,487.60,15000,123350
20220309,10:26,490.35,495.00,472.00,487.25,21675,128425
20220309,10:27,489.00,499.05,479.75,493.10,17000,128425
20220309,10:28,492.65,503.65,492.65,493.80,10850,128425
20220309,10:29,496.80,515.25,496.80,514.75,16875,132100
20220309,10:30,507.00,529.25,500.00,527.50,19850,132100
20220309,10:31,529.25,557.85,522.20,556.10,46275,132100
20220309,10:32,555.85,556.25,534.45,543.05,23400,125550
20220309,10:33,543.20,553.70,534.25,534.70,15975,125550
20220309,10:34,535.80,550.00,534.50,536.50,8950,125550
20220309,10:35,537.05,552.00,528.60,537.35,7175,124375
20220309,10:36,539.40,565.90,539.40,540.75,14725,124375
20220309,10:37,539.00,540.90,505.60,518.10,17600,124375
20220309,10:38,516.65,533.90,513.05,517.40,10400,125450
20220309,10:39,522.70,535.90,522.25,535.50,9750,125450
20220309,10:40,530.30,545.00,527.90,544.55,12050,125450
20220309,10:41,548.70,552.75,535.95,552.75,10625,123625
20220309,10:42,551.25,568.25,547.55,556.80,14750,123625
20220309,10:43,559.15,559.30,543.45,550.10,8550,123625
20220309,10:44,549.70,560.00,543.75,555.85,3450,124675
20220309,10:45,554.95,555.50,534.60,546.60,6500,124675
20220309,10:46,540.30,548.10,529.00,546.70,11925,124675
20220309,10:47,550.00,560.00,530.65,538.65,8975,122175
20220309,10:48,534.00,540.15,520.00,528.75,11825,122175
20220309,10:49,529.60,534.50,521.90,524.70,4600,122175
20220309,10:50,524.85,535.00,522.90,527.45,6150,123975
20220309,10:51,525.55,528.40,511.00,521.50,11725,123975
20220309,10:52,521.70,542.75,520.00,540.30,10175,123975
20220309,10:53,537.15,544.50,530.75,541.25,6450,126300
20220309,10:54,538.80,551.70,521.65,527.00,6400,126300
20220309,10:55,524.10,534.40,516.25,522.40,5025,126300
20220309,10:56,521.40,530.00,515.00,529.60,5800,125450
20220309,10:57,525.95,534.25,517.05,517.05,8275,125450
20220309,10:58,518.30,535.20,518.30,526.75,3000,125450
20220309,10:59,526.75,526.75,517.65,521.10,5525,129750
20220309,11:00,519.55,546.70,511.40,546.70,11325,129750
20220309,11:01,543.00,547.20,528.00,528.80,9400,129750
20220309,11:02,527.80,536.00,510.45,523.15,13275,128575
20220309,11:03,528.10,530.25,515.95,530.15,6625,128575
20220309,11:04,528.70,544.15,528.45,540.70,10075,128575
20220309,11:05,543.20,562.30,541.70,545.00,19500,130425
20220309,11:06,544.05,550.15,534.10,534.10,6775,130425
20220309,11:07,535.00,553.40,522.90,550.25,9175,130425
20220309,11:08,549.90,555.80,539.90,555.80,8000,129475
20220309,11:09,553.95,565.95,542.25,564.75,15900,129475
20220309,11:10,567.15,572.00,562.20,562.20,20475,129475
20220309,11:11,561.40,565.50,549.70,555.00,10350,134775
20220309,11:12,554.55,560.80,544.30,554.35,9950,134775
20220309,11:13,553.80,557.80,551.30,557.75,6350,134775
20220309,11:14,560.70,582.55,560.70,573.25,20700,133700
20220309,11:15,570.00,577.20,558.35,560.55,14075,133700
20220309,11:16,558.00,574.45,557.05,568.20,9575,133700
20220309,11:17,571.20,595.40,565.80,590.90,24100,130975
20220309,11:18,590.95,602.55,576.70,598.90,24775,130975
20220309,11:19,595.35,607.80,595.35,599.70,15500,130975
20220309,11:20,605.30,607.65,590.00,594.75,10800,127500
20220309,11:21,600.40,607.25,598.10,600.05,13750,127500
20220309,11:22,600.00,624.10,599.00,620.55,38100,127500
20220309,11:23,620.55,631.00,611.65,631.00,17325,127500
20220309,11:24,635.20,636.15,605.45,615.90,31075,118925
20220309,11:25,614.95,622.90,600.20,607.60,15200,118925
20220309,11:26,604.45,606.80,582.90,590.55,27300,109125
20220309,11:27,589.65,598.00,570.95,578.70,12350,109125
20220309,11:28,578.70,580.00,558.90,580.00,14225,109125
20220309,11:29,578.00,598.65,573.30,585.00,12700,109125
20220309,11:30,585.00,585.00,555.95,574.30,10100,107500
20220309,11:31,572.30,582.30,555.50,555.50,7775,107500
20220309,11:32,554.05,563.60,533.10,541.45,19050,107500
20220309,11:33,536.95,551.75,533.00,551.45,10025,105550
20220309,11:34,550.15,557.15,542.00,552.30,4975,105550
20220309,11:35,554.45,554.45,533.30,542.00,6550,105550
20220309,11:36,536.75,542.30,525.75,535.80,9550,109800
20220309,11:37,536.30,553.75,536.30,552.75,6950,109800
20220309,11:38,546.40,547.15,533.00,541.00,3775,109800
20220309,11:39,542.25,552.00,536.25,536.25,6300,107950
20220309,11:40,532.45,537.75,518.05,522.70,15375,107950
20220309,11:41,523.25,532.60,515.00,532.60,9975,107950
20220309,11:42,530.40,539.00,521.45,539.00,3425,107875
20220309,11:43,539.20,547.75,531.40,539.75,5200,107875
20220309,11:44,534.90,547.00,530.00,545.45,6275,107875
20220309,11:45,542.45,543.35,527.60,534.60,9550,106425
20220309,11:46,536.95,537.30,522.35,532.75,8475,106425
20220309,11:47,536.75,551.85,533.90,545.05,5900,106425
20220309,11:48,547.00,560.00,546.00,546.00,12200,108925
20220309,11:49,548.05,565.50,545.85,560.65,10000,108925
20220309,11:50,559.45,560.45,548.80,550.55,9150,108925
20220309,11:51,550.05,564.75,550.05,564.75,5750,110600
20220309,11:52,564.45,564.45,535.95,540.35,10725,110600
20220309,11:53,539.50,546.90,528.70,537.20,7600,110600
20220309,11:54,538.60,538.95,515.90,517.40,9350,112950
20220309,11:55,514.10,535.60,504.05,504.75,22200,112950
20220309,11:56,497.00,503.50,488.50,503.00,20475,112950
20220309,11:57,506.85,506.85,483.80,483.80,10700,111350
20220309,11:58,484.00,514.45,480.65,496.90,16250,111350
20220309,11:59,499.45,502.10,474.00,476.45,10375,111350
20220309,12:00,475.50,500.15,472.70,500.15,13625,111650
20220309,12:01,500.10,501.95,489.00,501.95,10125,111650
20220309,12:02,500.00,500.00,482.95,484.05,5700,111650
20220309,12:03,482.25,492.15,476.10,490.80,8950,113925
20220309,12:04,489.55,499.00,485.10,498.45,7725,113925
20220309,12:05,498.40,498.40,486.90,494.65,10775,113925
20220309,12:06,495.90,507.15,488.25,490.20,11875,113175
20220309,12:07,493.00,494.00,482.45,492.50,4850,113175
20220309,12:08,491.15,502.95,491.15,501.95,4650,113175
20220309,12:09,501.00,517.45,501.00,513.40,10800,115450
20220309,12:10,511.00,524.30,508.55,516.90,14100,115450
20220309,12:11,517.85,518.40,493.50,500.40,8175,115450
20220309,12:12,497.80,502.80,483.15,500.00,7575,115525
20220309,12:13,495.95,516.30,493.00,513.55,7725,115525
20220309,12:14,510.10,527.75,510.10,527.75,4775,115525
20220309,12:15,524.35,526.20,502.60,502.60,10925,116925
20220309,12:16,498.90,513.60,498.90,512.10,10425,116925
20220309,12:17,512.00,518.60,487.30,498.40,12450,116925
20220309,12:18,494.30,503.30,487.50,487.50,8250,117200
20220309,12:19,486.00,490.00,472.50,475.00,22700,117200
20220309,12:20,472.30,477.15,462.55,472.20,18650,117200
20220309,12:21,475.95,475.95,463.30,474.75,10825,123575
20220309,12:22,472.30,474.20,456.00,456.30,13600,123575
20220309,12:23,454.60,465.70,447.60,465.70,25025,123575
20220309,12:24,465.25,465.25,453.45,460.25,13100,132100
20220309,12:25,461.45,466.75,456.40,456.40,13375,132100
20220309,12:26,452.35,452.35,434.60,440.70,41650,132100
20220309,12:27,439.10,440.85,405.80,408.55,58150,141825
20220309,12:28,402.15,407.20,390.30,390.45,53300,141825
20220309,12:29,388.85,389.15,376.00,384.35,75400,141825
20220309,12:30,384.25,390.00,375.00,384.50,85350,171600
20220309,12:31,382.00,382.00,372.00,376.05,43425,171600
20220309,12:32,374.55,387.45,373.10,381.55,39600,171600
20220309,12:33,381.15,381.15,359.25,374.30,62650,208900
20220309,12:34,374.70,381.70,368.25,379.90,47925,208900
20220309,12:35,380.40,385.35,369.90,369.90,54100,208900
20220309,12:36,369.15,369.15,353.00,360.70,58825,235700
20220309,12:37,360.45,371.65,348.90,360.60,54075,235700
20220309,12:38,361.80,362.00,346.45,346.45,40325,235700
20220309,12:39,345.50,352.85,336.45,336.45,78300,270700
20220309,12:40,334.40,354.00,333.30,351.80,66950,270700
20220309,12:41,350.20,353.45,344.55,351.95,44250,270700
20220309,12:42,351.25,356.20,348.00,349.55,53500,308075
20220309,12:43,348.25,350.50,327.05,340.90,73575,308075
20220309,12:44,338.75,350.95,338.00,347.20,59950,308075
20220309,12:45,347.55,349.05,328.35,341.75,77900,317375
20220309,12:46,340.05,342.05,324.10,337.80,54675,317375
20220309,12:47,337.05,340.35,330.45,335.00,33600,317375
20220309,12:48,335.20,336.55,320.00,320.00,49000,325050
20220309,12:49,321.75,323.30,315.70,319.15,62775,325050
20220309,12:50,320.55,321.50,308.85,320.60,80725,325050
20220309,12:51,320.55,324.15,313.75,320.00,49075,314725
20220309,12:52,321.35,326.00,320.05,324.20,32325,314725
20220309,12:53,327.55,331.10,312.55,312.70,46050,314725
20220309,12:54,313.60,321.70,307.50,316.90,36275,310700
20220309,12:55,319.60,323.00,310.20,317.00,41425,310700
20220309,12:56,319.10,319.10,301.50,312.60,44000,310700
20220309,12:57,313.05,316.85,308.40,311.65,30050,317175
20220309,12:58,313.00,313.00,298.40,311.40,48650,317175
20220309,12:59,312.20,313.05,297.00,300.90,35125,317175
20220309,13:00,302.40,322.95,298.65,322.95,53500,318000
20220309,13:01,320.15,320.65,307.10,315.00,48225,318000
20220309,13:02,316.15,319.15,304.95,308.00,44300,318000
20220309,13:03,308.75,312.05,299.95,312.05,39900,329900
20220309,13:04,314.05,322.60,311.55,321.30,44825,329900
20220309,13:05,322.45,325.35,314.85,325.35,59925,329900
20220309,13:06,327.15,337.90,325.20,333.25,125625,321925
20220309,13:07,335.40,336.55,321.15,321.15,54125,321925
20220309,13:08,321.60,324.20,314.10,318.00,45775,321925
20220309,13:09,316.90,318.90,307.85,310.15,44525,322200
20220309,13:10,309.60,310.35,298.80,308.85,51775,322200
20220309,13:11,310.00,315.00,305.00,315.00,28050,322200
20220309,13:12,313.55,315.35,308.75,313.50,22275,328125
20220309,13:13,311.10,317.00,307.40,308.60,38075,328125
20220309,13:14,308.10,308.50,299.15,305.35,35600,328125
20220309,13:15,306.00,317.95,299.15,314.05,45200,330150
20220309,13:16,312.85,335.40,311.30,333.90,75725,330150
20220309,13:17,333.45,337.85,329.35,334.80,68575,330150
20220309,13:18,334.70,336.65,325.15,331.40,47425,340300
20220309,13:19,330.90,331.00,318.25,325.80,54250,340300
20220309,13:20,323.20,330.00,316.20,316.20,39975,340300
20220309,13:21,315.60,321.95,311.60,321.00,32775,344050
20220309,13:22,319.10,330.00,317.45,322.00,39800,344050
20220309,13:23,321.70,323.20,316.00,322.60,26725,344050
20220309,13:24,320.85,321.80,310.70,316.00,24200,363950
20220309,13:25,317.90,317.95,306.85,316.05,36475,363950
20220309,13:26,314.65,320.50,308.80,320.50,36250,363950
20220309,13:27,320.85,333.60,320.10,333.60,53025,372975
20220309,13:28,333.85,350.30,333.45,338.75,155300,372975
20220309,13:29,342.65,352.50,336.90,337.20,91925,372975
20220309,13:30,339.35,358.70,338.35,346.55,103925,372725
20220309,13:31,344.10,376.80,342.60,364.05,163675,372725
20220309,13:32,364.00,377.60,361.40,377.60,124825,372725
20220309,13:33,377.50,382.00,367.50,374.00,150025,395400
20220309,13:34,376.90,386.10,369.20,373.30,150900,395400
20220309,13:35,374.70,396.20,374.70,381.20,186850,395400
20220309,13:36,379.50,379.50,346.95,346.95,133400,405275
20220309,13:37,342.10,353.30,326.95,337.95,119225,405275
20220309,13:38,338.00,339.70,321.60,324.00,79750,405275
20220309,13:39,324.20,331.55,322.30,331.55,68475,381825
20220309,13:40,331.00,331.65,307.70,308.30,91975,381825
20220309,13:41,306.60,317.20,298.80,317.20,86425,381825
20220309,13:42,316.85,317.65,299.00,313.75,67000,399325
20220309,13:43,307.30,309.40,294.05,300.90,66325,399325
20220309,13:44,298.90,304.55,295.00,301.50,48150,399325
20220309,13:45,301.60,311.30,283.55,287.25,68775,411950
20220309,13:46,286.80,306.20,286.80,304.90,52825,411950
20220309,13:47,308.00,308.75,299.25,305.40,55525,411950
20220309,13:48,305.55,306.10,292.05,300.65,53350,416575
20220309,13:49,297.30,298.80,282.60,297.00,51400,416575
20220309,13:50,294.50,300.70,285.10,295.05,63150,416575
20220309,13:51,295.60,295.60,266.95,274.30,91100,412525
20220309,13:52,273.20,278.35,271.40,277.55,55000,412525
20220309,13:53,276.35,285.85,273.30,285.70,41525,412525
20220309,13:54,284.00,284.00,273.00,280.30,48525,413400
20220309,13:55,278.00,281.60,260.25,267.45,56200,413400
20220309,13:56,268.00,270.90,261.80,270.50,57800,413400
20220309,13:57,266.20,266.75,245.45,252.10,71475,408775
20220309,13:58,251.85,256.45,246.75,256.45,47300,408775
20220309,13:59,255.35,256.70,245.25,247.95,41025,408775
20220309,14:00,249.20,255.75,238.05,245.60,68575,408050
20220309,14:01,243.35,247.15,237.50,246.10,56350,408050
20220309,14:02,246.30,246.30,228.75,235.30,64275,408050
20220309,14:03,233.70,234.35,226.50,226.50,59350,409250
20220309,14:04,226.50,226.50,217.35,220.85,73650,409250
20220309,14:05,220.80,231.70,220.80,231.55,49500,409250
20220309,14:06,231.50,240.90,231.20,240.90,51925,399825
20220309,14:07,239.85,243.65,226.80,227.00,54850,399825
20220309,14:08,226.90,247.95,226.90,239.15,57100,399825
20220309,14:09,238.35,245.45,225.85,245.45,58550,391200
20220309,14:10,245.40,259.05,243.30,243.30,79425,391200
20220309,14:11,246.05,253.70,240.35,244.75,56425,391200
20220309,14:12,245.05,252.45,243.65,248.90,33700,382575
20220309,14:13,247.50,256.95,247.10,251.20,37075,382575
20220309,14:14,249.65,252.80,242.90,252.70,48800,382575
20220309,14:15,251.20,252.25,222.55,225.80,66225,387250
20220309,14:16,223.90,223.90,210.60,213.00,124375,387250
20220309,14:17,213.40,217.15,205.25,209.60,86700,387250
20220309,14:18,207.90,213.40,204.00,207.10,90250,397025
20220309,14:19,209.30,214.55,203.60,206.70,75850,397025
20220309,14:20,204.40,210.00,196.80,200.30,68375,397025
20220309,14:21,202.50,214.10,202.50,210.00,67925,401275
20220309,14:22,207.45,212.90,203.65,207.40,48150,401275
20220309,14:23,207.45,214.65,205.75,205.75,57850,401275
20220309,14:24,206.15,206.15,200.15,205.55,44625,402325
20220309,14:25,205.20,209.50,201.20,202.65,32550,402325
20220309,14:26,203.80,207.70,182.00,185.85,78325,402325
20220309,14:27,188.00,190.60,181.40,184.85,91350,406900
20220309,14:28,180.95,186.35,174.60,185.25,96325,406900
20220309,14:29,183.50,183.50,171.95,174.05,77550,406900
20220309,14:30,172.90,174.40,162.95,162.95,74400,415050
20220309,14:31,166.95,173.55,166.10,169.75,63500,415050
20220309,14:32,171.10,172.50,160.30,171.15,77500,415050
20220309,14:33,170.15,180.15,168.00,170.70,62475,409525
20220309,14:34,169.40,178.55,168.55,172.10,60800,409525
20220309,14:35,171.70,177.85,169.85,175.95,75600,409525
20220309,14:36,174.20,175.95,163.45,165.00,77900,422725
20220309,14:37,163.70,168.00,155.05,158.95,82000,422725
20220309,14:38,158.20,170.40,156.75,170.35,49725,422725
20220309,14:39,171.00,178.45,163.80,163.80,70700,437175
20220309,14:40,163.50,178.40,162.25,178.40,69725,437175
20220309,14:41,176.55,183.55,173.20,182.50,55325,437175
20220309,14:42,181.00,187.80,177.35,182.80,69775,447925
20220309,14:43,183.45,193.75,180.70,188.75,90000,447925
20220309,14:44,189.65,191.45,184.45,191.45,74850,447925
20220309,14:45,190.60,199.50,179.30,185.70,116825,438300
20220309,14:46,185.00,186.80,171.20,176.60,103500,438300
20220309,14:47,175.05,177.00,170.30,172.20,80150,438300
20220309,14:48,174.60,176.05,166.55,168.95,56100,468700
20220309,14:49,168.50,172.90,154.05,157.70,79250,468700
20220309,14:50,158.05,158.80,144.50,148.80,103425,468700
20220309,14:51,149.15,154.35,143.80,145.30,84175,458925
20220309,14:52,146.75,150.10,139.70,140.25,110700,458925
20220309,14:53,140.05,144.50,133.75,136.15,79525,458925
20220309,14:54,136.60,136.70,125.85,129.80,97025,441700
20220309,14:55,130.40,138.60,130.40,137.75,72375,441700
20220309,14:56,138.65,145.10,133.90,141.80,60100,441700
20220309,14:57,144.50,158.30,144.50,158.30,68800,434850
20220309,14:58,158.75,197.55,158.75,168.20,178250,434850
20220309,14:59,166.45,184.00,161.45,178.85,111525,434850
20220309,15:00,180.45,200.75,166.80,200.75,151700,425000
20220309,15:01,203.95,203.95,172.60,185.05,177275,425000
20220309,15:02,183.90,194.10,182.35,194.10,100500,425000
20220309,15:03,194.90,202.05,183.75,183.75,112750,437275
20220309,15:04,183.75,183.75,158.45,176.60,125775,437275
20220309,15:05,179.00,185.80,171.05,173.45,90925,437275
20220309,15:06,173.65,185.15,173.55,183.80,77775,427050
20220309,15:07,183.25,183.95,172.80,182.35,70900,427050
20220309,15:08,183.05,188.10,179.45,188.10,71950,427050
20220309,15:09,185.70,190.40,171.35,178.10,76650,407825
20220309,15:10,179.50,180.55,165.20,170.65,68075,407825
20220309,15:11,170.45,175.50,167.20,171.85,59150,407825
20220309,15:12,171.25,171.25,141.25,142.25,148800,392750
20220309,15:13,142.95,145.55,131.05,140.10,162800,392750
20220309,15:14,143.25,154.25,143.25,153.40,81325,392750
20220309,15:15,153.05,163.20,150.50,157.15,102450,341000
20220309,15:16,159.30,172.60,158.85,172.60,63050,341000
20220309,15:17,173.25,174.45,159.75,165.20,58550,341000
20220309,15:18,165.95,168.40,151.90,156.25,72600,333800
20220309,15:19,157.05,161.55,145.10,148.45,60000,333800
20220309,15:20,148.05,155.30,146.30,147.15,62825,333800
20220309,15:21,152.75,154.45,146.00,146.00,54875,319250
20220309,15:22,146.10,155.00,142.25,146.20,62425,319250
20220309,15:23,144.75,151.70,144.75,148.10,45450,319250
20220309,15:24,147.80,149.25,143.80,148.95,50225,309000
20220309,15:25,148.55,154.15,148.55,151.55,67625,309000
20220309,15:26,151.70,159.00,151.70,159.00,59450,309000
20220309,15:27,157.55,166.80,157.55,166.50,52650,272025
20220309,15:28,166.05,169.20,156.35,157.45,64425,272025
20220309,15:29,156.70,156.90,140.05,140.05,56000,272025
20220309,15:30,120.00,120.00,120.00,120.00,575,272025
20220310,09:15,9.00,73.65,5.45,10.05,230002,252125
20220310,09:16,10.55,11.60,9.15,10.80,222575,252125
20220310,09:17,10.70,10.95,9.60,10.60,205225,345300
20220310,09:18,10.65,10.65,9.20,9.35,176675,345300
20220310,09:19,9.20,9.75,9.00,9.35,96825,345300
20220310,09:20,9.45,9.95,9.25,9.65,111000,386600
20220310,09:21,9.40,9.65,8.80,9.10,67700,386600
20220310,09:22,9.10,9.15,8.20,8.60,62150,386600
20220310,09:23,8.60,8.75,8.20,8.45,85425,395475
20220310,09:24,8.55,9.40,8.50,9.25,67750,395475
20220310,09:25,9.20,9.85,8.85,8.90,69425,395475
20220310,09:26,9.00,9.80,8.75,9.65,40650,399675
20220310,09:27,9.55,9.55,9.10,9.35,72625,399675
20220310,09:28,9.20,9.65,8.75,8.85,61650,399675
20220310,09:29,8.90,9.45,8.55,9.20,43250,427500
20220310,09:30,9.35,9.70,8.75,9.00,56150,427500
20220310,09:31,9.05,9.20,8.45,8.50,42400,427500
20220310,09:32,8.45,9.00,8.30,8.65,54100,419450
20220310,09:33,8.45,8.90,8.45,8.85,36300,419450
20220310,09:34,8.75,9.40,8.75,9.35,43800,419450
20220310,09:35,9.50,9.50,8.75,8.80,68100,397325
20220310,09:36,8.75,9.45,8.60,9.35,55100,397325
20220310,09:37,9.45,9.60,9.05,9.60,35100,397325
20220310,09:38,9.55,9.55,8.90,8.90,26175,394275
20220310,09:39,8.80,8.95,8.45,8.65,42000,394275
20220310,09:40,8.60,8.70,8.30,8.40,34150,394275
20220310,09:41,8.40,8.60,8.30,8.40,25950,388175
20220310,09:42,8.50,8.50,8.05,8.15,17175,388175
20220310,09:43,8.20,8.65,8.15,8.55,29000,388175
20220310,09:44,8.50,8.90,8.50,8.60,21050,381925
20220310,09:45,8.55,8.75,8.45,8.55,21950,381925
20220310,09:46,8.60,8.60,8.10,8.20,24375,381925
20220310,09:47,8.20,8.20,7.40,7.45,44475,383575
20220310,09:48,7.50,7.50,6.95,7.00,34925,383575
20220310,09:49,7.05,7.05,6.35,6.65,33200,383575
20220310,09:50,6.75,7.40,6.75,7.35,23725,388975
20220310,09:51,7.35,7.35,7.00,7.15,32925,388975
20220310,09:52,7.20,7.25,6.90,6.90,24075,388975
20220310,09:53,6.90,7.05,6.80,7.00,21200,389950
20220310,09:54,6.95,7.05,6.90,6.95,17950,389950
20220310,09:55,7.00,7.00,6.80,6.95,12925,389950
20220310,09:56,7.00,7.10,6.85,7.05,17300,399775
20220310,09:57,6.95,7.05,6.85,7.00,24725,399775
20220310,09:58,7.00,7.15,6.90,7.00,27250,399775
20220310,09:59,7.00,7.10,6.75,6.90,15800,409100
20220310,10:00,6.85,7.05,6.70,6.85,22750,409100
20220310,10:01,6.90,6.95,6.70,6.80,44100,409100
20220310,10:02,6.80,7.10,6.75,7.05,20125,414225
20220310,10:03,7.05,7.30,6.85,6.85,24050,414225
20220310,10:04,6.85,7.10,6.75,6.75,20450,414225
20220310,10:05,6.70,6.90,6.65,6.85,16725,425700
20220310,10:06,6.90,7.25,6.85,7.05,13775,425700
20220310,10:07,7.05,7.20,6.95,7.15,14450,425700
20220310,10:08,7.15,7.35,7.05,7.10,19925,422450
20220310,10:09,7.10,7.35,7.05,7.20,33500,422450
20220310,10:10,7.20,7.55,7.20,7.40,25950,422450
20220310,10:11,7.40,7.55,7.25,7.45,43300,413400
20220310,10:12,7.55,7.55,7.20,7.20,36550,413400
20220310,10:13,7.25,7.35,6.90,6.90,18550,413400
20220310,10:14,6.85,6.85,6.50,6.60,17925,410375
20220310,10:15,6.55,6.85,6.50,6.80,28800,410375
20220310,10:16,6.80,6.90,6.55,6.65,36825,410375
20220310,10:17,6.65,6.70,6.45,6.65,31450,408275
20220310,10:18,6.70,6.90,6.65,6.80,21050,408275
20220310,10:19,6.80,7.05,6.80,6.85,28950,408275
20220310,10:20,6.85,6.95,6.70,6.90,20750,400225
20220310,10:21,6.90,6.90,6.55,6.60,28050,400225
20220310,10:22,6.65,6.75,6.60,6.70,31950,400225
20220310,10:23,6.70,6.80,6.65,6.75,22825,387200
20220310,10:24,6.80,6.85,6.65,6.80,22575,387200
20220310,10:25,6.80,7.20,6.75,7.15,13575,387200
20220310,10:26,7.20,7.20,6.95,7.00,21250,382000
20220310,10:27,7.00,7.00,6.70,6.95,16225,382000
20220310,10:28,6.95,7.30,6.95,7.20,15300,382000
20220310,10:29,7.15,7.55,7.15,7.50,17600,384825
20220310,10:30,7.55,8.65,7.55,8.40,19325,384825
20220310,10:31,8.40,8.50,7.75,7.80,18225,384825
20220310,10:32,7.70,7.70,6.85,6.85,15300,384825
20220310,10:33,6.80,6.85,6.50,6.50,21325,382650
20220310,10:34,6.50,6.70,6.45,6.55,20425,382650
20220310,10:35,6.50,6.65,6.50,6.55,7025,382650
20220310,10:36,6.60,6.65,6.55,6.60,9800,388400
20220310,10:37,6.60,6.65,6.40,6.50,18550,388400
20220310,10:38,6.45,6.60,6.40,6.45,13525,388400
20220310,10:39,6.40,6.60,6.40,6.50,13800,394525
20220310,10:40,6.45,6.60,6.40,6.40,26950,394525
20220310,10:41,6.45,6.60,6.35,6.50,23700,394525
20220310,10:42,6.50,6.50,6.30,6.30,12050,405525
20220310,10:43,6.30,6.35,6.25,6.35,15650,405525
20220310,10:44,6.35,6.40,6.20,6.20,16225,405525
20220310,10:45,6.20,6.30,6.05,6.10,31475,412950
20220310,10:46,6.10,6.15,6.05,6.05,12800,412950
20220310,10:47,6.10,6.15,6.05,6.05,11550,412950
20220310,10:48,6.10,6.10,5.95,5.95,4075,411250
20220310,10:49,5.95,6.00,5.70,5.75,6450,411250
20220310,10:50,5.70,5.80,5.70,5.75,10600,411250
20220310,10:51,5.75,5.80,5.45,5.45,13825,416625
20220310,10:52,5.45,5.45,5.10,5.15,16575,416625
20220310,10:53,5.15,5.20,5.00,5.15,14450,416625
20220310,10:54,5.15,5.15,5.00,5.10,7775,413250
20220310,10:55,5.10,5.10,4.90,5.10,20200,413250
20220310,10:56,5.10,5.15,5.05,5.10,10725,413250
20220310,10:57,5.10,5.15,5.05,5.05,9775,420125
20220310,10:58,5.10,5.15,5.05,5.10,7425,420125
20220310,10:59,5.05,5.10,5.00,5.10,6425,420125
20220310,11:00,5.05,5.15,4.90,4.90,11075,421325
20220310,11:01,4.85,5.00,4.80,4.95,15500,421325
20220310,11:02,5.00,5.00,4.90,5.00,5725,421325
20220310,11:03,5.00,5.05,4.95,5.00,11575,415875
20220310,11:04,5.00,5.05,4.90,4.90,6375,415875
20220310,11:05,4.90,5.00,4.90,4.95,4925,415875
20220310,11:06,4.95,5.00,4.90,4.90,7350,417475
20220310,11:07,4.90,4.90,4.55,4.55,9050,417475
20220310,11:08,4.55,4.65,4.45,4.45,14175,417475
20220310,11:09,4.45,4.50,4.45,4.45,6550,413050
20220310,11:10,4.45,4.60,4.40,4.50,14500,413050
20220310,11:11,4.55,4.65,4.50,4.65,11600,413050
20220310,11:12,4.65,4.75,4.60,4.65,7525,410950
20220310,11:13,4.65,4.75,4.65,4.70,5925,410950
20220310,11:14,4.75,4.80,4.70,4.80,7850,410950
20220310,11:15,4.75,4.85,4.75,4.80,5525,413350
20220310,11:16,4.85,4.85,4.75,4.80,3925,413350
20220310,11:17,4.75,4.75,4.55,4.55,4850,413350
20220310,11:18,4.55,4.65,4.50,4.65,5700,413725
20220310,11:19,4.65,4.65,4.50,4.60,8625,413725
20220310,11:20,4.55,4.75,4.55,4.70,9600,413725
20220310,11:21,4.80,5.00,4.75,4.95,18000,414450
20220310,11:22,4.85,5.05,4.80,5.00,23050,414450
20220310,11:23,5.00,5.40,4.95,5.35,38800,414450
20220310,11:24,5.30,5.40,5.10,5.10,8475,427050
20220310,11:25,5.05,5.10,4.85,5.00,13250,427050
20220310,11:26,5.05,5.25,5.00,5.20,14300,427050
20220310,11:27,5.15,5.25,5.10,5.15,11600,429600
20220310,11:28,5.15,5.15,4.80,4.95,8600,429600
20220310,11:29,4.95,5.20,4.95,5.15,18600,429600
20220310,11:30,5.20,5.40,5.05,5.20,24925,419425
20220310,11:31,5.25,5.45,5.10,5.40,17375,419425
20220310,11:32,5.40,5.45,5.25,5.30,19675,419425
20220310,11:33,5.30,5.35,5.20,5.25,5100,407075
20220310,11:34,5.20,5.25,5.00,5.00,4425,407075
20220310,11:35,5.05,5.40,5.00,5.30,11400,407075
20220310,11:36,5.25,5.30,5.05,5.25,12550,404950
20220310,11:37,5.15,5.20,5.10,5.10,5400,404950
20220310,11:38,5.10,5.35,5.05,5.35,5825,404950
20220310,11:39,5.35,5.50,5.30,5.45,5350,404175
20220310,11:40,5.40,5.70,5.30,5.70,8750,404175
20220310,11:41,5.75,5.85,5.45,5.45,15225,404175
20220310,11:42,5.45,5.80,5.35,5.70,11875,405025
20220310,11:43,5.65,5.65,5.35,5.55,11675,405025
20220310,11:44,5.50,5.50,4.40,4.45,15675,405025
20220310,11:45,4.45,4.75,4.45,4.70,21350,394550
20220310,11:46,4.70,5.05,4.70,4.85,8075,394550
20220310,11:47,4.90,4.95,4.70,4.75,7100,394550
20220310,11:48,4.75,4.85,4.65,4.70,6225,396025
20220310,11:49,4.75,4.85,4.65,4.70,9700,396025
20220310,11:50,4.70,5.30,4.65,5.30,24650,396025
20220310,11:51,5.25,5.80,5.20,5.25,16950,399700
20220310,11:52,5.25,5.65,5.20,5.60,8725,399700
20220310,11:53,5.60,5.70,5.35,5.60,5550,399700
20220310,11:54,5.55,5.60,4.80,4.80,13525,403175
20220310,11:55,4.75,4.85,4.60,4.75,11275,403175
20220310,11:56,4.80,5.30,4.80,5.30,5150,403175
20220310,11:57,5.30,5.35,4.95,4.95,7850,400125
20220310,11:58,4.90,4.90,4.70,4.90,11000,400125
20220310,11:59,4.85,4.90,4.60,4.90,10350,400125
20220310,12:00,4.85,5.05,4.80,4.90,4300,398500
20220310,12:01,4.95,5.05,4.90,5.00,8725,398500
20220310,12:02,4.95,5.00,4.75,4.75,7275,398500
20220310,12:03,4.70,4.95,4.70,4.90,6525,402200
20220310,12:04,4.90,5.25,4.90,5.15,9175,402200
20220310,12:05,5.10,5.25,5.05,5.05,6525,402200
20220310,12:06,5.05,5.15,4.95,5.15,7925,405825
20220310,12:07,5.20,5.20,5.00,5.05,5425,405825
20220310,12:08,5.05,5.25,4.95,5.10,4675,405825
20220310,12:09,5.10,5.25,5.05,5.20,4700,405100
20220310,12:10,5.15,5.20,5.00,5.10,6025,405100
20220310,12:11,5.10,5.50,5.05,5.25,23825,405100
20220310,12:12,5.20,5.60,5.00,5.45,14725,403775
20220310,12:13,5.50,5.55,5.25,5.55,15825,403775
20220310,12:14,5.60,5.95,5.50,5.70,26475,403775
20220310,12:15,5.70,5.95,5.60,5.75,22300,404825
20220310,12:16,5.65,6.85,5.65,6.25,17675,404825
20220310,12:17,6.15,6.15,5.35,5.55,16375,404825
20220310,12:18,5.50,5.60,5.10,5.45,20100,394175
20220310,12:19,5.50,5.90,5.40,5.45,18550,394175
20220310,12:20,5.40,5.90,5.40,5.90,14025,394175
20220310,12:21,5.90,5.90,5.40,5.65,6925,393500
20220310,12:22,5.60,5.75,5.45,5.45,12650,393500
20220310,12:23,5.45,5.60,5.15,5.50,14225,393500
20220310,12:24,5.45,5.45,4.85,4.90,11250,395975
20220310,12:25,4.90,4.90,4.15,4.25,20325,395975
20220310,12:26,4.30,4.30,4.05,4.20,11200,395975
20220310,12:27,4.15,4.25,4.15,4.20,4275,389075
20220310,12:28,4.20,4.40,4.15,4.30,5725,389075
20220310,12:29,4.35,4.40,4.25,4.25,2750,389075
20220310,12:30,4.25,4.40,4.20,4.35,10025,387925
20220310,12:31,4.35,4.40,4.15,4.35,7400,387925
20220310,12:32,4.35,4.40,4.25,4.25,12075,387925
20220310,12:33,4.25,4.45,4.25,4.35,7300,389025
20220310,12:34,4.35,4.55,4.30,4.50,9525,389025
20220310,12:35,4.75,4.75,4.25,4.35,15750,389025
20220310,12:36,4.35,4.65,4.25,4.65,11850,382875
20220310,12:37,4.65,4.80,4.40,4.75,24975,382875
20220310,12:38,4.60,4.75,4.45,4.65,13000,382875
20220310,12:39,4.60,4.85,4.50,4.55,9975,371250
20220310,12:40,4.60,4.75,4.45,4.55,18450,371250
20220310,12:41,4.55,4.90,4.55,4.80,18050,371250
20220310,12:42,4.85,5.70,4.85,5.20,24475,358450
20220310,12:43,5.15,5.50,4.95,5.45,18475,358450
20220310,12:44,5.30,5.50,5.05,5.40,41225,358450
20220310,12:45,5.55,5.65,5.00,5.00,11350,360850
20220310,12:46,5.00,5.35,4.95,5.25,6875,360850
20220310,12:47,5.30,5.35,5.15,5.25,12950,360850
20220310,12:48,5.25,5.40,5.15,5.20,8800,361625
20220310,12:49,5.30,5.50,5.05,5.25,17675,361625
20220310,12:50,5.20,5.45,5.05,5.05,22925,361625
20220310,12:51,5.25,5.35,4.90,5.00,27975,357575
20220310,12:52,5.00,5.30,4.90,5.05,17625,357575
20220310,12:53,5.10,5.45,4.90,5.05,17425,357575
20220310,12:54,5.05,5.25,4.95,5.15,11800,358425
20220310,12:55,5.10,5.20,4.60,4.60,25600,358425
20220310,12:56,4.60,4.80,3.70,3.85,29875,358425
20220310,12:57,3.85,3.95,3.50,3.70,18950,352575
20220310,12:58,3.75,3.75,3.55,3.65,12800,352575
20220310,12:59,3.70,3.90,3.40,3.40,10175,352575
20220310,13:00,3.45,3.75,3.40,3.50,10250,346625
20220310,13:01,3.55,3.75,3.50,3.65,6425,346625
20220310,13:02,3.65,4.05,3.60,3.90,24600,346625
20220310,13:03,3.85,4.15,3.85,4.05,15050,348625
20220310,13:04,4.00,4.10,3.90,3.95,8350,348625
20220310,13:05,3.85,4.15,3.85,3.85,5325,348625
20220310,13:06,3.85,4.10,3.55,3.55,6125,349625
20220310,13:07,3.60,3.70,3.45,3.50,10075,349625
20220310,13:08,3.50,3.90,3.50,3.80,11650,349625
20220310,13:09,3.75,3.95,3.60,3.75,10175,350625
20220310,13:10,3.70,4.05,3.65,3.85,24000,350625
20220310,13:11,3.85,3.85,3.45,3.60,9700,350625
20220310,13:12,3.50,3.55,3.20,3.40,12325,355425
20220310,13:13,3.40,3.65,3.40,3.55,8600,355425
20220310,13:14,3.60,3.70,3.35,3.35,10500,355425
20220310,13:15,3.40,3.45,3.20,3.25,11775,355275
20220310,13:16,3.20,3.20,2.55,2.55,19500,355275
20220310,13:17,2.55,2.70,2.30,2.45,15500,355275
20220310,13:18,2.45,2.75,2.40,2.75,19775,359425
20220310,13:19,2.70,2.85,2.70,2.70,7350,359425
20220310,13:20,2.70,2.80,2.60,2.65,12900,359425
20220310,13:21,2.70,2.80,2.70,2.70,9525,355900
20220310,13:22,2.70,2.75,2.50,2.50,16475,355900
20220310,13:23,2.55,2.70,2.45,2.60,22175,355900
20220310,13:24,2.60,2.65,2.40,2.65,16000,346375
20220310,13:25,2.60,2.65,2.55,2.65,12250,346375
20220310,13:26,2.70,2.70,2.50,2.60,5150,346375
20220310,13:27,2.50,2.55,2.35,2.45,9200,347975
20220310,13:28,2.40,2.45,2.35,2.40,4800,347975
20220310,13:29,2.40,2.45,2.30,2.35,14275,347975
20220310,13:30,2.45,2.50,2.35,2.40,12725,355150
20220310,13:31,2.35,2.40,2.20,2.25,10425,355150
20220310,13:32,2.25,2.35,2.20,2.30,18625,355150
20220310,13:33,2.30,2.30,2.25,2.25,3075,358950
20220310,13:34,2.25,2.25,2.10,2.20,8650,358950
20220310,13:35,2.20,2.25,2.15,2.20,10200,358950
20220310,13:36,2.15,2.15,2.00,2.00,14500,349425
20220310,13:37,2.00,2.00,1.75,1.90,14450,349425
20220310,13:38,1.80,1.85,1.75,1.75,11250,349425
20220310,13:39,1.80,1.80,1.75,1.80,4725,345750
20220310,13:40,1.80,1.95,1.75,1.90,10825,345750
20220310,13:41,1.90,2.10,1.70,2.05,27800,345750
20220310,13:42,2.05,2.55,2.00,2.30,61775,368300
20220310,13:43,2.35,3.50,2.25,2.85,47125,368300
20220310,13:44,2.90,3.30,2.75,2.90,55675,368300
20220310,13:45,2.95,3.55,2.95,3.25,60925,396150
20220310,13:46,3.30,3.65,2.95,3.65,42325,396150
20220310,13:47,3.65,3.90,3.10,3.60,31300,396150
20220310,13:48,3.60,4.20,3.25,3.60,83200,413675
20220310,13:49,3.45,4.00,3.40,3.90,56075,413675
20220310,13:50,3.80,6.20,3.50,6.20,73400,413675
20220310,13:51,5.80,12.65,5.60,12.25,212425,373150
20220310,13:52,13.65,18.20,10.40,12.00,194200,373150
20220310,13:53,12.55,13.90,7.35,8.20,150850,373150
20220310,13:54,8.65,12.25,8.55,12.10,145850,352950
20220310,13:55,12.50,15.15,10.40,13.40,179925,352950
20220310,13:56,13.60,14.65,11.10,12.70,132575,352950
20220310,13:57,12.85,13.50,9.90,9.90,108575,356875
20220310,13:58,9.65,10.20,7.60,9.60,114800,356875
20220310,13:59,9.60,12.00,9.10,9.25,106850,356875
20220310,14:00,9.35,12.70,9.20,12.70,125275,388675
20220310,14:01,12.50,12.80,9.00,9.70,143775,388675
20220310,14:02,10.10,11.55,9.60,10.70,112075,388675
20220310,14:03,10.80,13.65,10.30,13.40,193525,416525
20220310,14:04,12.95,13.70,11.80,13.40,186500,416525
20220310,14:05,14.10,16.00,10.30,13.05,261975,416525
20220310,14:06,13.60,14.60,10.50,11.40,159125,444725
20220310,14:07,11.40,12.40,9.35,9.80,158825,444725
20220310,14:08,9.70,9.90,5.95,6.45,130450,444725
20220310,14:09,6.40,8.05,6.20,7.95,138750,494025
20220310,14:10,7.95,8.30,6.20,7.35,131400,494025
20220310,14:11,7.25,7.80,5.15,6.05,124250,494025
20220310,14:12,5.85,6.85,5.85,6.00,64750,549775
20220310,14:13,5.90,6.35,5.45,6.00,56475,549775
20220310,14:14,5.85,5.95,2.90,3.15,130250,549775
20220310,14:15,3.10,5.30,3.10,5.30,71100,546000
20220310,14:16,5.45,6.10,4.25,4.60,76500,546000
20220310,14:17,4.70,4.75,4.00,4.00,47725,546000
20220310,14:18,3.95,4.75,3.55,4.55,38300,537075
20220310,14:19,4.55,6.30,4.50,6.15,51600,537075
20220310,14:20,6.15,8.40,5.55,8.40,97500,537075
20220310,14:21,8.30,11.70,8.30,8.60,145125,561875
20220310,14:22,8.05,8.45,5.80,6.30,100625,561875
20220310,14:23,6.10,7.10,5.90,6.85,56875,561875
20220310,14:24,6.80,7.05,6.10,6.65,51175,588075
20220310,14:25,6.75,7.00,5.60,6.25,79600,588075
20220310,14:26,6.20,7.00,5.90,6.10,95825,588075
20220310,14:27,6.10,6.30,4.45,4.60,83150,600125
20220310,14:28,4.50,5.65,4.50,5.35,51725,600125
20220310,14:29,5.45,5.60,4.45,4.75,44250,600125
20220310,14:30,4.70,4.75,2.65,3.05,122775,575950
20220310,14:31,3.05,3.05,2.25,2.40,149875,575950
20220310,14:32,2.35,2.45,2.00,2.45,117625,575950
20220310,14:33,2.55,2.70,2.00,2.10,57125,558725
20220310,14:34,2.10,2.50,2.05,2.40,57750,558725
20220310,14:35,2.45,2.80,2.40,2.65,38925,558725
20220310,14:36,2.55,2.65,1.90,2.00,55750,573000
20220310,14:37,2.00,2.00,1.60,1.75,58375,573000
20220310,14:38,1.70,2.20,1.70,2.05,67200,573000
20220310,14:39,2.00,2.00,1.70,1.70,30750,559375
20220310,14:40,1.70,2.15,1.70,2.10,46250,559375
20220310,14:41,2.15,2.40,2.10,2.40,37000,559375
20220310,14:42,2.45,2.70,2.05,2.10,54475,559375
20220310,14:43,2.10,2.10,1.25,1.90,51550,553800
20220310,14:44,2.00,2.05,1.65,1.75,30800,553800
20220310,14:45,1.75,2.10,1.65,1.80,39800,553800
20220310,14:46,1.70,2.35,1.65,2.15,101075,539800
20220310,14:47,2.15,2.25,1.95,2.15,37625,539800
20220310,14:48,2.20,2.25,1.50,2.05,41975,539800
20220310,14:49,2.00,2.10,1.85,2.05,31425,528750
20220310,14:50,2.00,2.20,1.75,1.80,37275,528750
20220310,14:51,1.80,1.95,1.65,1.70,49775,528750
20220310,14:52,1.50,1.70,1.30,1.35,38100,529100
20220310,14:53,1.40,1.45,0.95,1.05,57650,529100
20220310,14:54,1.05,1.15,0.90,1.10,43125,529100
20220310,14:55,1.05,1.15,0.95,1.00,26075,520100
20220310,14:56,1.00,1.05,0.90,0.90,34650,520100
20220310,14:57,0.95,1.00,0.55,0.55,41025,520100
20220310,14:58,0.60,0.70,0.55,0.60,28700,519325
20220310,14:59,0.55,0.70,0.50,0.60,31600,519325
20220310,15:00,0.60,1.15,0.60,0.85,63675,519325
20220310,15:01,0.70,0.90,0.60,0.80,61650,510750
20220310,15:02,0.80,0.80,0.60,0.65,36000,510750
20220310,15:03,0.65,1.00,0.60,0.75,60225,510750
20220310,15:04,0.70,0.75,0.50,0.50,36875,505400
20220310,15:05,0.50,0.60,0.50,0.60,23900,505400
20220310,15:06,0.60,0.65,0.45,0.45,15750,505400
20220310,15:07,0.40,0.50,0.30,0.40,46425,505425
20220310,15:08,0.30,0.40,0.30,0.30,13075,505425
20220310,15:09,0.30,0.35,0.25,0.25,35175,505425
20220310,15:10,0.25,0.30,0.20,0.25,19750,493775
20220310,15:11,0.25,0.30,0.20,0.30,13050,493775
20220310,15:12,0.25,0.30,0.20,0.20,16375,493775
20220310,15:13,0.25,0.25,0.20,0.20,10100,484925
20220310,15:14,0.25,0.25,0.15,0.20,16325,484925
20220310,15:15,0.15,0.20,0.10,0.15,31275,484925
20220310,15:16,0.15,0.15,0.05,0.10,18200,472725
20220310,15:17,0.15,0.15,0.05,0.05,14800,472725
20220310,15:18,0.05,0.10,0.05,0.10,9675,472725
20220310,15:19,0.05,0.15,0.05,0.10,33925,461425
20220310,15:20,0.10,0.10,0.05,0.05,15150,461425
20220310,15:21,0.10,0.10,0.05,0.05,11575,461425
20220310,15:22,0.05,0.10,0.05,0.10,11675,457900
20220310,15:23,0.10,0.10,0.05,0.05,12175,457900
20220310,15:24,0.05,0.05,0.05,0.05,11150,457900
20220310,15:25,0.05,0.10,0.05,0.05,6050,449800
20220310,15:26,0.05,0.05,0.05,0.05,5175,449800
20220310,15:27,0.05,0.05,0.05,0.05,8750,449800
20220310,15:28,0.05,0.10,0.05,0.05,4575,447450
20220310,15:29,0.05,0.05,0.05,0.05,700,447450
