20220121,12:11,905.65,905.75,905.65,905.75,52,50
20220121,12:28,961.55,961.55,961.55,961.55,25,50
20220121,12:36,961.55,961.55,961.55,961.55,25,50
20220121,12:39,940.00,940.00,940.00,940.00,900,100
20220121,12:40,935.00,935.00,935.00,935.00,100,100
20220121,12:41,935.00,935.00,935.00,935.00,800,100
20220121,12:50,963.55,963.55,963.55,963.55,75,1850
20220121,12:53,963.55,963.55,963.55,963.55,50,1850
20220121,13:04,973.55,979.60,973.55,979.60,150,1900
20220121,13:05,984.75,994.30,984.75,994.30,150,1900
20220121,13:11,996.45,996.45,996.45,996.45,150,1900
20220121,13:14,1019.55,1019.55,1019.55,1019.55,25,1900
20220121,13:24,1019.55,1019.55,1019.55,1019.55,75,1875
20220121,13:25,963.50,963.50,963.50,963.50,25,1875
20220121,14:16,920.05,920.05,920.05,920.05,25,1875
20220121,14:19,897.95,897.95,897.95,897.95,25,1875
20220121,14:20,897.95,897.95,897.95,897.95,25,1875
20220121,15:01,869.95,869.95,869.95,869.95,25,1875
20220121,15:25,869.95,869.95,869.95,869.95,50,1875
20220121,15:28,986.30,986.30,986.30,986.30,25,1875
20220124,09:20,982.75,982.75,982.75,982.75,26,1875
20220124,09:21,942.80,942.80,942.80,942.80,50,1875
20220124,09:34,886.20,886.20,886.20,886.20,25,1925
20220124,09:50,886.20,970.00,886.20,970.00,150,1900
20220124,09:51,970.00,970.00,970.00,970.00,175,1900
20220124,10:05,934.75,934.75,934.75,934.75,25,1625
20220124,10:09,940.00,940.00,940.00,940.00,200,1650
20220124,10:10,940.00,940.00,940.00,940.00,100,1650
20220124,10:12,940.00,940.00,940.00,940.00,25,1350
20220124,10:24,890.00,890.00,890.00,890.00,50,1375
20220124,10:25,915.45,915.45,903.15,903.15,75,1375
20220124,10:30,871.05,871.05,871.05,871.05,25,1375
20220124,10:51,857.90,857.90,857.90,857.90,25,1375
20220124,11:00,857.90,857.90,857.90,857.90,25,1375
20220124,11:09,865.00,865.00,865.00,865.00,50,1400
20220124,11:19,842.25,842.25,842.25,842.25,50,1400
20220124,11:47,830.35,830.35,830.35,830.35,25,1400
20220124,12:11,790.00,790.00,790.00,790.00,50,1375
20220124,12:46,759.20,759.20,759.20,759.20,25,1425
20220124,13:10,725.60,725.60,725.60,725.60,25,1450
20220124,13:15,725.60,725.60,725.60,725.60,50,1450
20220124,13:30,700.00,700.00,700.00,700.00,700,1450
20220124,13:32,689.60,689.60,689.60,689.60,25,1400
20220124,13:33,686.15,686.15,683.15,683.15,50,2050
20220124,13:37,683.15,683.15,683.15,683.15,50,2050
20220124,13:38,695.35,695.35,695.35,695.35,50,2050
20220124,13:41,698.15,698.15,698.15,698.15,50,2050
20220124,13:42,698.45,699.15,698.45,699.15,75,2050
20220124,13:48,710.00,710.00,710.00,710.00,100,2050
20220124,13:50,708.80,711.75,708.80,711.75,50,2050
20220124,14:01,677.15,677.15,677.15,677.15,25,2150
20220124,14:02,652.15,652.15,652.15,652.15,200,2150
20220124,14:11,631.00,631.00,631.00,631.00,25,2100
20220124,14:14,631.00,631.00,631.00,631.00,25,2100
20220124,14:22,690.00,690.00,690.00,690.00,1300,2100
20220124,14:25,695.00,695.00,695.00,695.00,25,1200
20220124,14:30,656.80,660.60,656.80,660.60,100,1200
20220124,14:45,661.00,661.00,659.65,659.65,50,1150
20220125,12:09,802.55,802.60,802.55,802.60,52,1125
20220125,12:38,802.70,802.70,802.70,802.70,75,1100
20220125,12:39,802.70,802.70,802.70,802.70,175,1100
20220125,12:40,790.00,790.00,790.00,790.00,25,1100
20220125,13:33,825.00,825.00,825.00,825.00,25,1175
20220125,13:39,872.00,872.00,872.00,872.00,25,1175
20220125,13:40,872.00,872.00,872.00,872.00,25,1175
20220125,13:58,907.10,907.10,907.10,907.10,25,1200
20220125,14:25,907.10,907.10,907.10,907.10,25,1200
20220125,14:26,890.00,890.00,890.00,890.00,50,1200
20220125,14:50,978.85,978.85,978.85,978.85,50,1175
20220125,14:53,962.70,962.70,962.70,962.70,100,1200
20220125,14:55,962.70,962.70,962.70,962.70,25,1250
20220125,14:56,962.70,962.70,962.70,962.70,25,1250
20220125,14:59,932.85,932.85,932.85,932.85,25,1275
20220125,15:00,916.15,916.15,916.15,916.15,25,1275
20220125,15:02,938.10,938.10,938.10,938.10,25,1275
20220125,15:03,892.30,892.30,892.30,892.30,25,1275
20220125,15:04,956.60,956.60,956.60,956.60,25,1250
20220125,15:07,931.70,931.70,931.70,931.70,75,1275
20220125,15:10,940.00,940.00,940.00,940.00,50,1250
20220125,15:11,969.85,969.85,945.30,945.30,50,1250
20220125,15:12,944.95,948.60,943.60,943.60,100,1225
20220125,15:15,988.85,988.85,988.85,988.85,25,1200
20220125,15:16,988.85,988.85,988.85,988.85,25,1200
20220125,15:17,999.00,1025.15,999.00,1025.15,925,1200
20220125,15:18,1025.15,1025.15,1025.15,1025.15,25,2125
20220125,15:20,984.00,1012.05,984.00,1012.05,450,2125
20220125,15:21,979.60,979.60,979.60,979.60,50,2550
20220125,15:22,1006.00,1011.85,1006.00,1011.85,125,2550
20220125,15:23,982.90,982.90,970.45,970.45,100,2550
20220125,15:24,971.80,979.15,967.55,979.15,150,2550
20220125,15:25,980.10,980.10,979.50,979.50,75,2675
20220125,15:26,981.05,990.00,980.00,980.00,125,2675
20220125,15:27,972.00,972.00,972.00,972.00,50,2675
20220125,15:28,964.90,964.90,964.00,964.00,175,2725
20220125,15:29,974.00,974.00,953.65,953.65,75,2725
20220127,09:15,363.35,363.35,363.35,363.35,26,2725
20220127,09:16,752.25,752.25,752.25,752.25,150,2725
20220127,09:19,752.25,752.25,752.25,752.25,675,2850
20220127,09:20,650.40,650.40,650.40,650.40,25,2850
20220127,09:21,724.95,724.95,724.95,724.95,25,2225
20220127,09:22,725.00,725.00,725.00,725.00,375,2225
20220127,09:24,774.95,774.95,774.95,774.95,25,1850
20220127,09:28,780.00,780.00,780.00,780.00,275,1875
20220127,09:41,780.00,780.00,780.00,780.00,25,1600
20220127,09:44,725.70,725.70,725.70,725.70,50,1600
20220127,10:00,780.00,780.00,780.00,780.00,25,1625
20220127,10:06,780.00,780.00,780.00,780.00,25,1600
20220127,10:13,817.45,817.45,817.45,817.45,50,1625
20220127,10:14,817.45,817.45,817.45,817.45,50,1625
20220127,10:16,790.00,790.00,784.65,784.65,225,1625
20220127,10:20,778.20,778.20,778.20,778.20,25,1650
20220127,10:23,743.40,743.40,743.40,743.40,25,1675
20220127,10:54,755.00,755.00,755.00,755.00,25,1650
20220127,10:58,725.00,725.00,725.00,725.00,100,1675
20220127,11:02,748.90,748.90,748.90,748.90,25,1775
20220127,11:19,729.00,729.00,729.00,729.00,25,1775
20220127,11:20,725.80,725.80,725.80,725.80,25,1775
20220127,11:24,726.00,726.00,726.00,726.00,25,1775
20220127,11:48,725.00,725.00,725.00,725.00,50,1800
20220127,12:08,712.85,712.85,712.85,712.85,25,1850
20220127,12:09,717.65,717.65,694.15,694.15,125,1850
20220127,12:13,676.45,676.45,676.45,676.45,25,1950
20220127,12:32,704.70,704.70,704.70,704.70,50,1950
20220127,12:43,746.25,746.25,746.25,746.25,50,1925
20220127,12:53,773.70,773.70,773.70,773.70,375,1875
20220127,12:56,774.95,774.95,774.95,774.95,50,2100
20220127,12:58,774.00,774.00,774.00,774.00,25,2100
20220127,13:07,826.70,826.70,826.70,826.70,25,2125
20220127,13:08,826.70,826.70,826.70,826.70,25,2125
20220127,13:11,840.00,840.00,840.00,840.00,25,2125
20220127,13:12,851.50,851.50,851.50,851.50,75,2125
20220127,13:13,878.60,878.60,878.60,878.60,25,2100
20220127,13:14,884.90,884.90,884.90,884.90,25,2100
20220127,13:15,900.05,900.05,900.05,900.05,150,2125
20220127,13:16,895.45,895.45,895.45,895.45,25,2125
20220127,13:17,860.05,860.05,860.05,860.05,200,2225
20220127,13:18,841.00,841.00,840.05,840.05,100,2225
20220127,13:19,840.00,840.00,840.00,840.00,150,2425
20220127,13:22,845.00,845.00,845.00,845.00,25,2375
20220127,13:27,862.65,862.65,862.65,862.65,25,2375
20220127,13:36,885.60,897.45,874.25,877.50,325,2400
20220127,13:37,877.50,877.50,877.50,877.50,50,2400
20220127,13:38,902.20,902.20,902.20,902.20,25,2525
20220127,13:40,916.90,916.90,916.90,916.90,50,2500
20220127,13:41,920.00,920.00,896.00,896.00,350,2500
20220127,13:42,912.30,912.30,893.25,893.25,50,2275
20220127,13:43,912.00,912.00,912.00,912.00,50,2275
20220127,13:44,920.00,920.00,920.00,920.00,25,2225
20220127,13:47,949.95,950.00,949.95,950.00,375,2200
20220127,13:49,973.80,979.95,973.80,979.95,75,1975
20220127,13:50,969.15,969.15,969.15,969.15,50,1975
20220127,13:51,970.00,970.00,970.00,970.00,25,2000
20220127,13:52,989.00,989.00,989.00,989.00,50,2000
20220127,13:53,989.05,989.05,950.00,950.00,600,2000
20220127,13:54,908.20,908.20,908.20,908.20,25,2000
20220127,13:56,913.10,913.10,913.10,913.10,25,2400
20220127,13:57,947.80,947.80,947.80,947.80,25,2375
20220127,14:00,974.40,974.40,974.40,974.40,25,2375
20220127,14:01,1013.75,1013.75,1013.75,1013.75,25,2375
20220127,14:02,1013.75,1013.75,983.30,983.30,175,2375
20220127,14:03,983.30,983.30,978.10,978.10,75,2250
20220127,14:04,968.45,978.10,968.45,978.10,75,2300
20220127,14:06,1006.05,1006.05,1004.05,1004.05,75,2325
20220127,14:07,1005.40,1018.05,990.55,1018.05,750,2325
20220127,14:09,1018.05,1018.05,975.10,980.00,200,2900
20220127,14:10,980.00,980.00,980.00,980.00,50,2900
20220127,14:11,978.90,978.90,978.90,978.90,25,2800
20220127,14:14,980.00,980.00,980.00,980.00,25,2775
20220127,14:15,1002.30,1002.30,973.35,973.35,50,2775
20220127,14:16,992.65,992.65,992.65,992.65,25,2800
20220127,14:17,990.00,1003.25,990.00,1003.25,50,2800
20220127,14:19,990.00,990.00,990.00,990.00,25,2825
20220127,14:20,980.00,980.00,980.00,980.00,25,2850
20220127,14:22,987.60,987.60,987.60,987.60,25,2850
20220127,14:24,1025.00,1025.00,1025.00,1025.00,25,2875
20220127,14:25,1054.00,1054.00,1054.00,1054.00,50,2900
20220127,14:26,1044.00,1045.00,1029.65,1045.00,75,2900
20220127,14:27,1043.20,1046.80,1043.20,1046.80,50,2850
20220127,14:28,1071.60,1079.05,1071.60,1079.05,175,2850
20220127,14:29,1062.65,1062.65,1057.15,1057.15,50,2875
20220127,14:32,1085.00,1085.00,1085.00,1085.00,125,2850
20220127,14:33,1085.80,1085.80,1085.80,1085.80,50,2825
20220127,14:34,1084.00,1092.00,1084.00,1092.00,175,2825
20220127,14:36,1115.55,1130.75,1115.55,1130.75,200,2900
20220127,14:37,1130.00,1130.00,1130.00,1130.00,25,2900
20220127,14:39,1132.15,1133.45,1132.15,1133.45,225,3050
20220127,14:40,1133.45,1133.45,1133.45,1133.45,25,3050
20220127,14:43,1142.50,1142.50,1142.50,1142.50,25,2925
20220127,14:44,1154.15,1154.15,1154.15,1154.15,50,2925
20220127,14:45,1175.00,1175.00,1175.00,1175.00,25,2975
20220127,14:46,1175.00,1175.00,1175.00,1175.00,25,2975
20220127,14:50,1122.30,1139.00,1122.30,1139.00,125,2925
20220127,14:52,1132.85,1132.85,1132.85,1132.85,175,2800
20220127,14:53,1132.95,1132.95,1100.00,1100.00,325,2800
20220127,14:54,1100.85,1100.85,1100.85,1100.85,25,2800
20220127,14:55,1078.70,1078.70,1078.70,1078.70,25,2850
20220127,14:57,1103.45,1103.45,1103.45,1103.45,25,2775
20220127,14:59,1114.50,1114.50,1106.15,1109.40,125,2750
20220127,15:00,1111.90,1111.90,1111.90,1111.90,25,2750
20220127,15:01,1109.55,1109.55,1098.45,1098.45,150,2725
20220127,15:03,1004.15,1004.15,1004.15,1004.15,25,2825
20220127,15:05,1077.60,1097.65,1077.60,1097.65,275,2800
20220127,15:06,1132.80,1132.80,1124.35,1131.00,200,2800
20220127,15:07,1132.00,1132.00,1132.00,1132.00,125,2875
20220127,15:08,1125.00,1125.00,1125.00,1125.00,100,2875
20220127,15:09,1145.60,1145.60,1124.05,1124.05,125,3025
20220127,15:11,1175.00,1180.00,1175.00,1180.00,50,3025
20220127,15:13,1180.00,1180.00,1180.00,1180.00,25,3025
20220127,15:16,1180.00,1180.00,1162.00,1162.00,175,2950
20220127,15:17,1150.60,1150.60,1150.60,1150.60,75,2950
20220127,15:19,1087.40,1106.55,1075.00,1106.55,300,2850
20220127,15:20,1093.55,1093.55,1092.15,1092.15,100,2850
20220127,15:23,1106.85,1144.80,1106.85,1128.95,375,2725
20220127,15:24,1138.25,1138.25,1138.25,1138.25,25,2725
20220127,15:25,1149.45,1150.55,1149.45,1150.55,100,2900
20220127,15:26,1144.45,1144.45,1144.45,1144.45,50,2900
20220127,15:27,1146.65,1150.55,1137.55,1150.55,300,2725
20220127,15:29,1177.00,1177.00,1152.25,1152.25,50,2725
20220128,09:16,1271.35,1271.35,1261.40,1261.40,102,2600
20220128,09:17,1254.00,1254.00,1254.00,1254.00,50,2575
20220128,09:19,1254.00,1254.00,1254.00,1254.00,25,2575
20220128,09:21,1226.45,1226.45,1226.45,1226.45,25,2600
20220128,09:24,1151.95,1195.00,1151.95,1195.00,175,2575
20220128,09:25,1188.05,1188.05,1184.25,1187.00,850,2575
20220128,09:28,1235.00,1235.00,1235.00,1235.00,25,2575
20220128,09:30,1232.40,1232.40,1232.40,1232.40,25,2600
20220128,09:36,1232.40,1232.40,1232.40,1232.40,400,2575
20220128,09:42,1242.00,1242.00,1242.00,1242.00,100,2225
20220128,09:45,1233.00,1233.00,1233.00,1233.00,100,2175
20220128,09:52,1237.95,1237.95,1237.95,1237.95,25,2225
20220128,09:53,1242.15,1242.15,1242.15,1242.15,25,2225
20220128,09:56,1276.10,1276.10,1276.10,1276.10,125,2225
20220128,09:59,1264.70,1264.70,1264.70,1264.70,25,2300
20220128,10:00,1280.85,1280.85,1280.85,1280.85,100,2300
20220128,10:03,1280.85,1280.85,1280.85,1280.85,25,2325
20220128,10:08,1185.30,1185.30,1185.30,1185.30,25,2300
20220128,10:09,1213.00,1213.00,1213.00,1213.00,25,2300
20220128,10:13,1189.00,1189.00,1189.00,1189.00,50,2300
20220128,10:15,1169.00,1169.00,1169.00,1169.00,125,2325
20220128,10:16,1193.95,1193.95,1193.95,1193.95,100,2325
20220128,10:29,1196.05,1196.05,1196.05,1196.05,25,2250
20220128,10:37,1166.10,1166.10,1166.10,1166.10,100,2250
20220128,10:53,1191.95,1191.95,1191.95,1191.95,25,2200
20220128,11:00,1228.95,1228.95,1213.75,1213.75,50,2225
20220128,11:07,1186.15,1186.15,1186.15,1186.15,50,2200
20220128,11:08,1188.90,1188.90,1188.90,1188.90,50,2150
20220128,11:12,1190.20,1190.20,1190.20,1190.20,25,2150
20220128,11:14,1169.30,1169.30,1169.30,1169.30,25,2150
20220128,11:50,1221.05,1221.05,1221.05,1221.05,50,2150
20220128,11:51,1220.95,1220.95,1220.95,1220.95,25,2125
20220128,11:52,1225.80,1225.80,1215.15,1215.15,75,2125
20220128,12:00,1209.00,1209.00,1209.00,1209.00,25,2075
20220128,12:06,1260.00,1260.00,1260.00,1260.00,25,2075
20220128,12:09,1266.70,1266.70,1266.70,1266.70,25,2050
20220128,12:11,1266.50,1266.50,1266.50,1266.50,25,2050
20220128,12:36,1260.00,1260.00,1260.00,1260.00,100,2050
20220128,12:38,1204.20,1204.20,1178.90,1186.50,125,2050
20220128,12:46,1239.00,1239.50,1239.00,1239.50,50,1950
20220128,12:47,1243.80,1248.75,1243.80,1248.75,225,1950
20220128,12:51,1234.40,1234.40,1234.40,1234.40,25,1975
20220128,13:02,1198.75,1198.75,1198.75,1198.75,50,1975
20220128,13:03,1200.45,1200.45,1200.45,1200.45,25,1925
20220128,13:06,1194.95,1194.95,1194.95,1194.95,25,1925
20220128,13:11,1169.90,1169.90,1169.90,1169.90,50,1925
20220128,13:13,1194.50,1194.50,1194.50,1194.50,50,1925
20220128,13:33,1215.20,1215.20,1215.20,1215.20,25,1925
20220128,13:34,1202.10,1202.10,1202.10,1202.10,25,1950
20220128,13:45,1117.90,1117.90,1086.90,1086.90,225,2050
20220128,13:46,1050.00,1087.95,1034.85,1087.95,225,2050
20220128,13:47,1087.20,1098.50,1087.20,1095.00,100,2050
20220128,13:48,1093.15,1093.15,1093.15,1093.15,25,2050
20220128,13:49,1111.65,1113.45,1111.65,1113.45,75,2100
20220128,13:50,1095.95,1095.95,1095.95,1095.95,25,2100
20220128,13:51,1102.65,1102.65,1096.30,1096.30,100,2100
20220128,14:03,1090.00,1090.00,1090.00,1090.00,25,2100
20220128,14:04,1041.55,1041.55,1024.00,1024.00,325,2100
20220128,14:06,1036.60,1036.60,1005.85,1005.85,375,2175
20220128,14:07,998.85,1038.00,996.05,1017.95,300,2175
20220128,14:08,1011.00,1011.00,999.25,999.25,100,2175
20220128,14:09,998.00,1013.00,992.20,997.85,175,2325
20220128,14:10,997.85,997.85,997.85,997.85,25,2325
20220128,14:11,1018.85,1028.00,1018.85,1028.00,1300,2325
20220128,14:12,1038.00,1040.00,1029.15,1029.15,1075,3725
20220128,14:13,1027.00,1052.70,1027.00,1052.70,375,3725
20220128,14:14,1047.20,1047.20,1020.00,1023.10,2075,3725
20220128,14:15,1005.05,1005.05,922.15,922.15,975,6400
20220128,14:16,943.95,962.85,943.95,962.85,225,6400
20220128,14:17,977.75,977.75,946.70,960.50,100,6400
20220128,14:18,975.60,994.20,972.30,994.20,150,6325
20220128,14:19,977.60,999.00,977.60,996.10,500,6325
20220128,14:20,998.85,1019.00,996.10,1019.00,400,6325
20220128,14:21,1021.20,1040.00,1021.20,1040.00,175,6575
20220128,14:22,1048.40,1048.40,1043.15,1043.15,75,6575
20220128,14:23,1009.00,1017.40,1009.00,1017.40,125,6575
20220128,14:24,1029.55,1037.90,1023.00,1032.50,150,6550
20220128,14:25,1040.65,1044.00,1030.10,1030.10,375,6550
20220128,14:26,1027.85,1027.85,1027.85,1027.85,25,6550
20220128,14:27,974.00,974.00,974.00,974.00,50,6550
20220128,14:28,983.45,983.45,979.45,982.00,125,6250
20220128,14:29,970.00,971.25,959.60,959.60,350,6250
20220128,14:30,986.35,987.95,986.35,987.95,50,6450
20220128,14:32,987.00,995.20,985.10,995.20,325,6450
20220128,14:33,995.20,995.20,995.20,995.20,50,6450
20220128,14:34,1001.90,1001.90,1001.35,1001.35,50,6500
20220128,14:35,994.70,994.70,987.05,987.05,50,6500
20220128,14:36,1004.45,1005.15,983.85,993.55,100,6550
20220128,14:37,992.40,992.40,977.45,983.15,100,6550
20220128,14:38,985.00,985.00,985.00,985.00,25,6550
20220128,14:39,973.55,973.55,959.60,959.60,125,6600
20220128,14:40,956.05,990.00,956.05,988.00,225,6600
20220128,14:41,988.00,988.00,970.45,970.45,275,6600
20220128,14:42,977.95,979.00,975.95,979.00,75,6775
20220128,14:43,991.00,991.00,982.00,982.00,50,6775
20220128,14:44,999.80,1002.95,988.55,988.55,325,6775
20220128,14:45,980.85,980.85,974.05,979.70,150,6600
20220128,14:46,1016.40,1016.40,1016.40,1016.40,50,6600
20220128,14:47,1019.15,1019.15,1015.00,1015.00,50,6600
20220128,14:48,996.15,1001.05,996.15,1001.05,75,6600
20220128,14:49,1004.40,1004.40,985.05,985.05,100,6600
20220128,14:50,997.05,997.05,976.00,976.00,125,6600
20220128,14:51,979.95,979.95,964.85,964.85,200,6675
20220128,14:52,965.00,981.00,965.00,981.00,100,6675
20220128,14:54,984.00,989.10,981.00,981.00,75,6700
20220128,14:55,964.85,964.85,964.85,964.85,300,6700
20220128,14:56,991.00,991.00,991.00,991.00,25,6700
20220128,14:57,991.25,992.90,986.95,986.95,1350,6750
20220128,15:00,951.90,984.00,930.00,930.00,275,7825
20220128,15:01,930.35,930.35,900.00,900.00,225,7825
20220128,15:02,900.00,900.00,898.00,898.00,125,7825
20220128,15:03,898.00,898.00,891.35,891.35,600,8075
20220128,15:04,891.35,893.00,884.30,884.30,225,8075
20220128,15:05,884.30,896.40,878.05,878.05,225,8075
20220128,15:06,869.45,869.45,867.00,867.00,75,8750
20220128,15:07,866.95,922.40,866.95,901.00,1125,8750
20220128,15:08,913.80,921.90,911.70,921.90,450,8750
20220128,15:09,916.90,916.90,916.90,916.90,25,8750
20220128,15:10,917.00,917.00,891.00,891.00,100,9425
20220128,15:12,914.75,914.75,914.60,914.60,50,9450
20220128,15:13,915.85,922.00,915.85,922.00,100,9450
20220128,15:14,922.80,922.80,910.90,910.90,325,9450
20220128,15:15,910.70,910.70,907.00,907.00,450,9525
20220128,15:16,940.95,940.95,925.55,925.55,150,9525
20220128,15:17,928.00,932.50,928.00,932.50,175,9525
20220128,15:18,928.70,949.25,928.70,949.25,600,9750
20220128,15:19,935.10,935.10,935.10,935.10,25,9750
20220128,15:20,939.60,939.60,919.10,923.00,325,9750
20220128,15:21,923.00,923.00,923.00,923.00,100,10125
20220128,15:22,925.15,925.15,925.15,925.15,25,10125
20220128,15:23,920.95,920.95,920.95,920.95,50,10125
20220128,15:24,927.20,933.00,913.05,913.95,275,9925
20220128,15:25,919.10,919.10,879.05,879.05,200,9925
20220128,15:26,884.10,899.00,884.10,899.00,200,9925
20220128,15:27,902.90,915.00,902.90,915.00,550,9850
20220128,15:28,905.05,905.05,905.05,905.05,25,9850
20220128,15:29,905.25,905.60,893.80,893.80,200,9850
20220131,09:15,979.95,1109.35,979.95,1069.05,1927,10275
20220131,09:16,1087.00,1112.05,1087.00,1112.05,875,10275
20220131,09:17,1112.05,1112.05,1073.00,1081.00,250,9425
20220131,09:18,1103.25,1107.00,1103.25,1107.00,325,9425
20220131,09:19,1101.65,1101.65,1101.65,1101.65,25,9425
20220131,09:20,1101.65,1101.65,1085.00,1094.00,375,9325
20220131,09:21,1106.00,1106.00,1104.00,1104.00,100,9325
20220131,09:22,1099.00,1099.00,1099.00,1099.00,25,9325
20220131,09:23,1064.00,1064.00,1048.00,1055.00,1250,9175
20220131,09:24,1055.00,1055.55,1029.00,1029.00,450,9175
20220131,09:25,1022.10,1026.00,1019.00,1019.00,200,9175
20220131,09:26,1020.10,1031.90,1019.45,1031.90,75,9175
20220131,09:27,1050.00,1067.05,1050.00,1067.05,150,8675
20220131,09:28,1060.05,1060.05,1050.00,1050.00,50,8675
20220131,09:30,1045.85,1045.85,1026.75,1026.75,175,8675
20220131,09:31,1026.75,1026.75,1026.75,1026.75,50,8675
20220131,09:32,1065.00,1065.00,1065.00,1065.00,50,8675
20220131,09:34,1055.00,1055.00,1055.00,1055.00,50,8900
20220131,09:39,1085.00,1085.00,1085.00,1085.00,25,8725
20220131,09:40,1100.00,1100.00,1100.00,1100.00,50,8725
20220131,09:41,1100.00,1100.00,1090.90,1090.90,450,8675
20220131,09:44,1099.35,1099.35,1099.35,1099.35,25,8675
20220131,09:45,1083.00,1083.00,1083.00,1083.00,50,8825
20220131,09:47,1107.10,1107.10,1092.00,1092.00,75,8825
20220131,09:50,1050.00,1053.00,1050.00,1053.00,100,8675
20220131,09:51,1054.30,1054.30,1054.30,1054.30,50,8675
20220131,09:53,1022.00,1022.00,1022.00,1022.00,75,8675
20220131,09:54,1013.90,1013.90,1004.60,1004.60,75,8675
20220131,09:55,1021.50,1021.50,1021.50,1021.50,250,8675
20220131,09:59,1008.15,1008.15,1008.15,1008.15,25,8900
20220131,10:00,990.00,990.00,938.20,971.30,1975,8925
20220131,10:01,981.00,987.00,981.00,987.00,50,8925
20220131,10:02,974.95,974.95,960.90,960.90,425,9225
20220131,10:03,970.70,974.10,970.70,974.10,50,9225
20220131,10:04,985.00,985.00,971.00,971.00,225,9225
20220131,10:05,962.00,962.00,962.00,962.00,75,9225
20220131,10:06,980.20,981.30,978.30,978.30,125,9750
20220131,10:07,988.00,988.00,970.40,979.50,375,9750
20220131,10:08,984.70,987.00,984.50,985.60,200,9825
20220131,10:09,980.00,980.00,979.80,979.80,50,9825
20220131,10:10,968.00,968.00,968.00,968.00,125,9825
20220131,10:11,978.15,978.15,978.15,978.15,25,9825
20220131,10:12,973.95,978.15,973.95,978.15,200,9825
20220131,10:13,993.10,993.10,980.00,980.95,100,9825
20220131,10:14,980.00,983.00,980.00,983.00,125,9725
20220131,10:15,975.00,975.00,953.35,953.35,175,9725
20220131,10:16,950.90,960.00,950.00,960.00,175,9725
20220131,10:17,954.80,954.80,923.90,923.90,175,9725
20220131,10:18,923.90,967.00,923.90,962.00,275,9800
20220131,10:19,975.00,975.00,966.20,966.20,400,9800
20220131,10:21,991.00,991.00,991.00,991.00,325,10225
20220131,10:22,991.00,1007.70,989.80,999.80,225,10225
20220131,10:23,996.60,1002.00,996.60,1002.00,50,10575
20220131,10:24,990.40,990.40,990.40,990.40,25,10575
20220131,10:25,998.00,998.05,984.95,984.95,475,10575
20220131,10:27,973.90,973.90,973.90,973.90,25,10450
20220131,10:28,976.90,976.90,973.65,976.45,75,10450
20220131,10:30,987.00,987.00,985.20,985.20,75,10475
20220131,10:31,981.05,982.20,981.05,982.20,150,10475
20220131,10:32,975.00,975.00,963.60,970.15,350,10450
20220131,10:35,977.85,977.85,977.85,977.85,25,10450
20220131,10:36,988.00,988.00,988.00,988.00,75,10400
20220131,10:37,987.00,1002.85,987.00,1002.85,75,10400
20220131,10:38,996.00,996.00,991.00,991.00,125,10400
20220131,10:39,960.00,960.00,960.00,960.00,25,10300
20220131,10:40,956.75,956.75,942.35,942.35,100,10300
20220131,10:41,960.00,960.00,951.85,954.00,175,10350
20220131,10:42,940.00,940.00,938.00,940.00,275,10350
20220131,10:43,938.00,947.95,938.00,947.95,75,10350
20220131,10:44,932.15,933.00,932.15,933.00,125,10600
20220131,10:45,924.00,924.00,909.50,909.50,75,10600
20220131,10:46,920.75,920.75,915.00,915.00,175,10600
20220131,10:47,900.00,925.60,900.00,925.60,100,10575
20220131,10:48,939.85,940.00,935.55,935.55,525,10575
20220131,10:49,929.00,929.00,917.10,918.45,325,10575
20220131,10:50,915.00,915.00,915.00,915.00,50,10575
20220131,10:51,932.00,945.00,932.00,945.00,400,11150
20220131,10:52,945.00,950.00,945.00,950.00,325,11150
20220131,10:53,954.00,955.00,943.50,949.85,350,11300
20220131,10:54,941.00,941.35,941.00,941.35,525,11300
20220131,10:55,942.65,942.65,930.00,936.65,175,11300
20220131,10:56,946.10,946.10,946.10,946.10,25,11775
20220131,10:57,947.20,950.00,945.30,945.30,125,11775
20220131,10:58,941.80,941.80,929.05,929.05,100,11775
20220131,10:59,926.10,927.85,926.10,927.85,50,11775
20220131,11:01,941.60,945.00,941.60,945.00,75,11750
20220131,11:02,943.15,943.15,927.85,927.85,200,11750
20220131,11:03,927.00,927.00,915.00,915.00,325,11900
20220131,11:04,908.75,914.25,905.00,914.25,600,11900
20220131,11:05,930.00,945.00,930.00,945.00,125,12550
20220131,11:06,947.00,964.60,947.00,956.00,2025,12550
20220131,11:07,971.10,975.00,963.20,973.85,250,12550
20220131,11:08,971.60,973.50,967.10,973.50,350,12550
20220131,11:09,969.80,975.00,969.80,975.00,75,13325
20220131,11:10,975.00,975.00,967.80,970.55,75,13325
20220131,11:11,966.20,976.00,965.60,976.00,75,13225
20220131,11:12,965.70,965.70,961.35,961.35,150,13225
20220131,11:13,967.50,979.45,965.05,978.40,200,13225
20220131,11:14,978.40,978.40,975.30,975.30,125,12325
20220131,11:15,971.60,979.50,971.60,979.50,100,12325
20220131,11:16,978.90,978.90,971.25,971.25,50,12325
20220131,11:17,979.50,987.50,979.50,987.50,525,12300
20220131,11:18,991.50,994.00,991.50,994.00,125,12300
20220131,11:19,987.10,987.10,986.75,986.75,50,12300
20220131,11:20,988.00,988.00,987.50,987.50,75,12300
20220131,11:21,980.00,984.70,972.95,984.35,400,12125
20220131,11:22,980.00,980.00,976.00,976.00,575,12125
20220131,11:23,974.00,1006.95,974.00,1006.95,900,12125
20220131,11:24,998.80,1005.70,998.80,999.60,200,11675
20220131,11:25,998.10,999.10,982.20,982.20,175,11675
20220131,11:26,997.35,997.35,991.20,991.20,125,11775
20220131,11:27,1006.00,1015.00,1006.00,1014.95,250,11775
20220131,11:28,1006.95,1006.95,1001.15,1001.15,50,11775
20220131,11:29,1003.00,1003.00,995.00,995.00,125,11775
20220131,11:30,974.00,993.50,974.00,993.50,125,11925
20220131,11:31,985.25,985.25,976.35,976.35,50,11925
20220131,11:32,976.55,976.55,976.55,976.55,25,11925
20220131,11:33,983.85,983.85,976.00,976.00,100,11575
20220131,11:35,981.40,989.05,981.40,989.05,150,11575
20220131,11:36,988.80,988.80,988.80,988.80,25,11650
20220131,11:37,986.00,986.00,986.00,986.00,25,11650
20220131,11:39,985.60,985.60,985.60,985.60,25,11625
20220131,11:42,983.35,983.35,983.35,983.35,25,11625
20220131,11:43,978.20,979.25,978.20,979.25,75,11625
20220131,11:45,993.55,993.55,993.55,993.55,25,11625
20220131,11:46,982.00,982.00,982.00,982.00,25,11625
20220131,11:47,982.00,982.00,982.00,982.00,50,11625
20220131,11:48,985.00,985.00,976.00,976.00,125,11600
20220131,11:49,962.05,962.05,957.55,957.55,100,11600
20220131,11:51,980.00,980.00,980.00,980.00,25,11525
20220131,11:54,985.00,985.00,985.00,985.00,25,11500
20220131,11:57,983.95,983.95,983.95,983.95,25,11475
20220131,11:58,981.90,981.90,981.90,981.90,25,11475
20220131,12:00,1005.90,1025.00,1005.90,1024.00,250,11475
20220131,12:01,1017.85,1030.00,1017.85,1024.35,200,11475
20220131,12:02,1018.85,1028.85,1018.85,1024.00,100,11475
20220131,12:03,1023.50,1023.50,1023.45,1023.45,50,11475
20220131,12:04,1013.35,1020.00,1013.35,1020.00,50,11475
20220131,12:06,1023.50,1023.50,1023.50,1023.50,25,11450
20220131,12:09,1025.20,1036.95,1025.20,1036.95,175,11450
20220131,12:10,1043.20,1050.40,1043.20,1049.00,250,11450
20220131,12:11,1044.25,1044.25,1044.25,1044.25,25,11450
20220131,12:12,1037.80,1037.80,1037.80,1037.80,25,11400
20220131,12:13,1040.75,1040.75,1040.75,1040.75,25,11400
20220131,12:14,1040.75,1040.75,1040.75,1040.75,25,11400
20220131,12:16,1046.00,1046.00,1046.00,1046.00,50,11375
20220131,12:17,1058.00,1058.00,1058.00,1058.00,1000,11375
20220131,12:18,1055.65,1055.65,1055.65,1055.65,25,11150
20220131,12:19,1054.65,1065.85,1051.65,1065.85,275,11150
20220131,12:21,1065.85,1065.85,1065.50,1065.50,50,11100
20220131,12:22,1066.05,1071.50,1066.05,1071.50,75,11100
20220131,12:24,1061.75,1061.75,1038.05,1047.30,175,11100
20220131,12:25,1036.00,1036.00,1022.60,1032.15,425,11100
20220131,12:26,1028.00,1028.00,1028.00,1028.00,125,11100
20220131,12:27,1041.25,1041.25,1041.25,1041.25,25,10950
20220131,12:29,1056.10,1056.10,1052.35,1052.35,50,10950
20220131,12:30,1052.35,1052.35,1040.10,1044.05,275,10975
20220131,12:31,1029.80,1030.00,1029.80,1030.00,100,10975
20220131,12:33,1018.70,1018.70,1018.70,1018.70,75,11025
20220131,12:34,1013.00,1013.00,1008.00,1008.00,50,11025
20220131,12:35,1021.40,1021.40,1021.40,1021.40,50,11025
20220131,12:39,1027.00,1027.00,1027.00,1027.00,25,10950
20220131,12:40,1027.00,1027.00,1027.00,1027.00,25,10950
20220131,12:42,1028.85,1028.85,1002.90,1002.90,400,10900
20220131,12:43,1005.00,1005.00,1005.00,1005.00,25,10900
20220131,12:45,1040.10,1040.10,1040.10,1040.10,50,10950
20220131,12:46,1060.75,1072.00,1060.75,1072.00,75,10950
20220131,12:48,1074.50,1080.90,1074.50,1079.55,250,10875
20220131,12:50,1079.10,1079.10,1079.10,1079.10,25,10875
20220131,12:52,1077.10,1077.10,1077.10,1077.10,50,10350
20220131,12:54,1087.05,1087.05,1087.05,1087.05,50,10375
20220131,12:55,1097.85,1097.85,1097.85,1097.85,50,10375
20220131,12:56,1088.75,1094.95,1084.35,1084.35,175,10375
20220131,12:57,1084.85,1089.00,1084.85,1089.00,125,10325
20220131,12:58,1100.00,1100.00,1100.00,1100.00,25,10325
20220131,12:59,1110.00,1111.95,1110.00,1111.95,150,10325
20220131,13:00,1115.00,1115.00,1115.00,1115.00,175,10250
20220131,13:01,1107.95,1107.95,1094.05,1094.05,275,10250
20220131,13:03,1104.60,1104.60,1075.00,1075.00,200,10175
20220131,13:05,1073.90,1073.90,1073.90,1073.90,25,10175
20220131,13:06,1086.00,1098.90,1086.00,1098.00,125,10025
20220131,13:07,1106.15,1113.00,1106.15,1113.00,125,10025
20220131,13:08,1107.10,1107.10,1099.95,1105.80,275,10025
20220131,13:09,1105.80,1106.85,1101.00,1101.00,100,10025
20220131,13:13,1089.60,1098.90,1089.60,1098.90,250,9975
20220131,13:16,1075.20,1092.30,1075.20,1092.30,150,10225
20220131,13:19,1106.70,1106.70,1106.70,1106.70,25,10150
20220131,13:20,1100.25,1100.25,1100.00,1100.00,50,10150
20220131,13:21,1095.00,1095.00,1095.00,1095.00,25,10150
20220131,13:23,1100.45,1100.45,1095.00,1095.00,50,10100
20220131,13:24,1084.40,1084.40,1075.00,1075.00,50,10100
20220131,13:25,1061.00,1061.00,1041.90,1041.90,50,10100
20220131,13:26,1057.70,1057.70,1053.45,1053.45,75,10100
20220131,13:27,1041.90,1042.00,1041.90,1042.00,100,10050
20220131,13:29,1038.80,1038.80,1038.80,1038.80,25,10050
20220131,13:31,1019.85,1019.85,1003.40,1010.15,125,10025
20220131,13:32,1005.70,1020.65,1005.70,1020.65,1075,10025
20220131,13:33,1020.00,1027.20,1020.00,1027.20,100,10650
20220131,13:34,1009.00,1009.00,1009.00,1009.00,25,10650
20220131,13:35,1019.25,1019.25,1019.25,1019.25,25,10650
20220131,13:37,990.00,990.00,989.90,989.90,100,10625
20220131,13:38,983.10,1006.00,983.10,1006.00,100,10625
20220131,13:39,1006.00,1006.00,1002.80,1002.80,50,10625
20220131,13:40,1020.00,1020.00,1020.00,1020.00,25,10625
20220131,13:43,1013.00,1013.00,1013.00,1013.00,325,10625
20220131,13:45,1049.00,1049.00,1049.00,1049.00,75,10325
20220131,13:46,1045.05,1045.05,1044.75,1044.75,50,10325
20220131,13:47,1034.00,1034.00,1034.00,1034.00,150,10325
20220131,13:48,1013.00,1013.70,1009.10,1009.10,75,10350
20220131,13:49,1002.00,1002.00,1002.00,1002.00,100,10350
20220131,13:51,996.45,996.45,996.45,996.45,25,10450
20220131,13:52,1017.15,1017.15,1017.15,1017.15,25,10450
20220131,13:53,1028.65,1028.65,1028.65,1028.65,25,10450
20220131,13:56,1014.05,1014.05,1004.30,1004.30,50,10475
20220131,13:57,1004.45,1004.45,1004.45,1004.45,25,10500
20220131,13:58,1034.75,1034.75,1017.00,1017.00,50,10500
20220131,14:00,1015.65,1015.65,1015.65,1015.65,50,10500
20220131,14:02,1004.00,1004.00,1004.00,1004.00,25,10500
20220131,14:06,1054.25,1054.25,1052.35,1052.35,75,10500
20220131,14:07,1060.00,1060.00,1060.00,1060.00,1025,10500
20220131,14:08,1064.95,1064.95,1052.50,1052.50,50,10500
20220131,14:09,1050.00,1060.00,1050.00,1060.00,125,9875
20220131,14:10,1060.00,1065.00,1060.00,1065.00,50,9875
20220131,14:11,1059.15,1063.60,1059.15,1063.60,50,9875
20220131,14:12,1073.00,1073.00,1073.00,1073.00,75,9875
20220131,14:13,1070.40,1070.40,1062.70,1062.70,100,9825
20220131,14:14,1056.05,1061.25,1053.70,1061.25,75,9825
20220131,14:15,1057.45,1057.45,1047.75,1047.75,50,9900
20220131,14:20,1065.75,1065.75,1059.75,1059.75,275,9875
20220131,14:22,1065.40,1066.00,1065.40,1066.00,150,10100
20220131,14:24,1073.15,1073.15,1073.15,1073.15,25,10100
20220131,14:25,1086.00,1089.00,1080.70,1089.00,175,10025
20220131,14:26,1097.05,1097.05,1091.55,1091.55,50,10025
20220131,14:27,1094.75,1094.75,1094.75,1094.75,25,10025
20220131,14:28,1110.00,1111.50,1107.75,1107.75,100,10125
20220131,14:29,1100.00,1100.00,1090.00,1090.00,200,10125
20220131,14:30,1090.00,1090.00,1090.00,1090.00,50,10125
20220131,14:31,1058.70,1090.00,1058.70,1090.00,225,9925
20220131,14:34,1086.40,1087.90,1086.40,1087.90,50,9800
20220131,14:35,1060.00,1060.00,1060.00,1060.00,50,9800
20220131,14:37,1085.00,1085.00,1085.00,1085.00,50,9800
20220131,14:38,1093.50,1093.50,1093.50,1093.50,25,9800
20220131,14:39,1093.50,1093.50,1093.50,1093.50,100,9800
20220131,14:40,1089.05,1089.05,1089.05,1089.05,25,9800
20220131,14:42,1070.00,1070.00,1070.00,1070.00,50,9775
20220131,14:43,1066.00,1066.00,1029.30,1041.45,950,9775
20220131,14:44,1043.00,1045.15,1040.00,1045.15,900,9775
20220131,14:45,1052.10,1058.10,1041.65,1058.10,950,9775
20220131,14:49,1039.35,1039.35,1034.00,1034.00,100,9725
20220131,14:51,1046.75,1046.75,1046.75,1046.75,50,9725
20220131,14:52,1029.30,1035.00,1029.30,1035.00,150,9625
20220131,14:53,1045.00,1045.00,1045.00,1045.00,125,9625
20220131,14:55,1070.00,1071.00,1070.00,1071.00,225,9250
20220131,14:57,1070.00,1070.00,1070.00,1070.00,25,9325
20220131,14:58,1050.05,1050.05,1050.05,1050.05,25,9325
20220131,14:59,1050.00,1050.00,1050.00,1050.00,25,9325
20220131,15:00,1058.70,1058.70,1040.00,1040.00,75,9325
20220131,15:01,1038.05,1038.05,1020.05,1020.05,200,9350
20220131,15:03,1025.15,1038.05,1025.15,1038.05,75,9350
20220131,15:05,1026.05,1026.05,1026.05,1026.05,25,9225
20220131,15:06,1038.00,1039.40,1035.80,1039.40,75,9225
20220131,15:07,1040.00,1040.00,1040.00,1040.00,25,9200
20220131,15:08,1033.90,1033.90,1033.90,1033.90,25,9200
20220131,15:10,1027.65,1027.65,1027.65,1027.65,200,9200
20220131,15:11,1046.00,1046.00,1046.00,1046.00,25,9200
20220131,15:13,1070.00,1075.30,1070.00,1075.30,125,9050
20220131,15:14,1078.10,1078.10,1075.05,1076.65,350,9050
20220131,15:15,1083.00,1083.00,1083.00,1083.00,50,9050
20220131,15:16,1081.60,1081.60,1075.85,1075.85,75,8900
20220131,15:17,1077.60,1077.60,1077.60,1077.60,25,8900
20220131,15:18,1078.80,1098.30,1078.80,1098.30,325,8850
20220131,15:19,1086.25,1086.25,1086.25,1086.25,50,8850
20220131,15:20,1084.50,1084.50,1078.00,1078.00,225,8850
20220131,15:21,1078.00,1078.00,1061.65,1061.65,575,8750
20220131,15:22,1062.50,1077.00,1062.50,1077.00,100,8750
20220131,15:23,1081.00,1081.00,1070.90,1070.90,75,8750
20220131,15:24,1070.15,1070.15,1070.00,1070.00,50,8750
20220131,15:25,1061.30,1065.05,1053.05,1058.05,200,8775
20220131,15:26,1067.00,1067.00,1061.95,1061.95,125,8775
20220131,15:27,1070.75,1072.75,1062.05,1072.75,425,8775
20220131,15:28,1048.65,1065.15,1048.65,1065.15,100,9025
20220131,15:29,1065.10,1065.10,1045.20,1045.20,50,9025
20220201,09:15,1476.95,1476.95,1140.00,1154.00,251,9050
20220201,09:16,1192.50,1231.70,1190.00,1228.55,350,9050
20220201,09:17,1205.75,1207.25,1205.75,1207.25,75,9225
20220201,09:18,1228.55,1239.15,1222.25,1225.05,250,9225
20220201,09:19,1244.35,1284.30,1244.35,1284.30,100,9225
20220201,09:20,1290.45,1318.10,1290.45,1313.25,350,8950
20220201,09:21,1313.25,1313.25,1309.10,1309.10,325,8950
20220201,09:22,1312.20,1312.20,1312.20,1312.20,25,8950
20220201,09:23,1331.05,1373.00,1331.05,1373.00,175,8550
20220201,09:24,1373.40,1381.95,1350.60,1350.60,100,8550
20220201,09:25,1348.55,1348.55,1348.55,1348.55,50,8550
20220201,09:26,1400.00,1403.55,1400.00,1403.55,100,8500
20220201,09:27,1360.15,1360.15,1360.15,1360.15,25,8500
20220201,09:28,1376.00,1376.00,1376.00,1376.00,50,8500
20220201,09:29,1400.75,1400.75,1386.80,1386.80,200,8375
20220201,09:30,1380.80,1380.80,1380.80,1380.80,25,8375
20220201,09:32,1450.00,1450.00,1450.00,1450.00,50,8275
20220201,09:33,1460.00,1473.85,1460.00,1473.85,175,8275
20220201,09:34,1465.00,1480.00,1465.00,1480.00,75,8275
20220201,09:35,1482.75,1497.60,1482.75,1497.60,825,8025
20220201,09:36,1462.10,1462.10,1462.10,1462.10,25,8025
20220201,09:38,1471.35,1471.35,1471.35,1471.35,75,8200
20220201,09:40,1454.60,1454.60,1441.75,1441.75,50,8200
20220201,09:41,1441.00,1452.10,1441.00,1452.10,100,8050
20220201,09:43,1440.00,1452.00,1440.00,1452.00,125,8050
20220201,09:45,1452.00,1452.00,1452.00,1452.00,25,8025
20220201,09:47,1472.15,1472.15,1472.15,1472.15,25,8000
20220201,09:49,1436.70,1436.70,1436.70,1436.70,25,8000
20220201,09:50,1451.55,1451.55,1451.55,1451.55,25,7975
20220201,09:51,1425.15,1434.90,1425.15,1434.90,125,7975
20220201,09:53,1434.50,1434.50,1434.50,1434.50,50,7825
20220201,09:56,1438.65,1438.65,1423.60,1423.60,175,7825
20220201,09:58,1452.20,1452.20,1452.20,1452.20,50,7825
20220201,10:04,1436.75,1436.75,1436.75,1436.75,25,7750
20220201,10:06,1436.75,1436.75,1436.75,1436.75,100,7750
20220201,10:16,1500.00,1500.00,1500.00,1500.00,25,7825
20220201,10:18,1544.55,1544.55,1544.55,1544.55,50,7800
20220201,10:19,1544.55,1544.55,1514.30,1514.30,75,7800
20220201,10:21,1510.30,1510.30,1510.30,1510.30,25,7825
20220201,10:24,1507.90,1507.90,1507.90,1507.90,25,7800
20220201,10:36,1431.50,1431.50,1402.00,1402.00,50,7825
20220201,10:37,1400.00,1400.00,1400.00,1400.00,25,7825
20220201,10:38,1427.00,1427.00,1427.00,1427.00,25,7825
20220201,10:45,1430.75,1430.75,1430.75,1430.75,50,7800
20220201,10:51,1400.00,1400.00,1400.00,1400.00,25,7775
20220201,10:52,1393.45,1393.45,1393.45,1393.45,200,7775
20220201,10:54,1399.00,1399.00,1399.00,1399.00,50,7775
20220201,10:56,1398.30,1398.30,1398.30,1398.30,100,7775
20220201,10:58,1391.45,1391.45,1391.45,1391.45,25,7800
20220201,10:59,1490.65,1490.65,1490.65,1490.65,125,7800
20220201,11:02,1463.70,1463.70,1459.45,1459.45,100,7825
20220201,11:03,1446.20,1500.00,1446.20,1500.00,425,7825
20220201,11:04,1494.75,1494.75,1494.75,1494.75,25,7825
20220201,11:13,1427.45,1427.45,1427.45,1427.45,25,7625
20220201,11:14,1423.55,1423.55,1423.55,1423.55,100,7650
20220201,11:15,1434.65,1434.65,1434.65,1434.65,75,7650
20220201,11:21,1394.20,1394.20,1394.20,1394.20,50,7650
20220201,11:25,1400.00,1400.00,1392.40,1392.40,150,7650
20220201,11:27,1240.00,1240.00,1234.30,1234.30,75,7625
20220201,11:28,1271.65,1273.45,1271.65,1273.45,125,7625
20220201,11:29,1300.85,1300.85,1300.85,1300.85,25,7625
20220201,11:33,1278.85,1278.85,1278.85,1278.85,125,7575
20220201,11:34,1270.25,1270.25,1270.25,1270.25,25,7575
20220201,11:35,1250.00,1250.00,1205.15,1217.80,125,7575
20220201,11:36,1209.20,1209.20,1106.00,1106.00,425,7700
20220201,11:37,1098.60,1163.35,1098.60,1163.35,100,7700
20220201,11:38,1224.45,1224.45,1224.45,1224.45,50,7700
20220201,11:44,1265.75,1265.75,1257.25,1257.25,50,7625
20220201,11:45,1225.45,1225.45,1208.35,1208.35,125,7650
20220201,11:46,1257.00,1257.00,1254.20,1254.20,50,7650
20220201,11:47,1333.55,1349.90,1289.75,1330.85,500,7650
20220201,11:48,1300.00,1300.00,1300.00,1300.00,25,7775
20220201,11:50,1292.30,1292.30,1292.30,1292.30,50,7775
20220201,11:54,1320.00,1322.00,1320.00,1322.00,50,7800
20220201,11:56,1389.50,1389.50,1389.50,1389.50,50,7800
20220201,11:58,1380.05,1380.05,1380.00,1380.00,75,7800
20220201,11:59,1347.25,1347.25,1347.25,1347.25,50,7800
20220201,12:03,1400.00,1400.00,1400.00,1400.00,50,7800
20220201,12:06,1391.35,1391.35,1391.35,1391.35,150,7750
20220201,12:10,1383.70,1383.70,1383.70,1383.70,50,7700
20220201,12:13,1386.90,1386.90,1386.90,1386.90,175,7650
20220201,12:16,1352.40,1352.40,1352.40,1352.40,100,7550
20220201,12:20,1267.35,1267.35,1267.35,1267.35,25,7575
20220201,12:21,1311.30,1311.30,1311.30,1311.30,25,7575
20220201,12:25,1300.00,1300.00,1300.00,1300.00,25,7550
20220201,12:27,1300.00,1300.00,1300.00,1300.00,25,7575
20220201,12:29,1317.55,1339.35,1317.55,1339.35,125,7575
20220201,12:31,1233.95,1233.95,1233.95,1233.95,100,7525
20220201,12:32,1230.85,1243.15,1230.85,1243.15,100,7525
20220201,12:33,1279.20,1279.20,1184.75,1184.75,275,7575
20220201,12:34,1120.05,1120.05,1084.30,1084.30,350,7575
20220201,12:35,1144.05,1189.50,1123.90,1149.95,425,7575
20220201,12:36,1163.75,1163.75,1162.90,1162.90,100,7600
20220201,12:37,1164.65,1164.65,1154.85,1154.85,100,7600
20220201,12:40,1208.60,1208.60,1208.60,1208.60,75,7650
20220201,12:41,1191.95,1204.85,1191.95,1204.85,75,7650
20220201,12:49,1098.65,1105.55,1094.90,1094.90,250,7575
20220201,12:52,1132.60,1132.60,1118.70,1118.70,50,7550
20220201,12:54,1130.40,1130.40,1130.40,1130.40,25,7550
20220201,12:55,1116.95,1116.95,1116.95,1116.95,25,7550
20220201,12:59,1070.00,1070.00,1070.00,1070.00,25,7575
20220201,13:01,901.80,903.00,901.80,903.00,300,7575
20220201,13:02,934.60,971.50,934.60,971.50,250,7575
20220201,13:03,926.25,926.25,910.00,921.40,250,7450
20220201,13:04,891.30,891.30,838.80,890.00,325,7450
20220201,13:05,890.00,907.40,868.70,905.70,225,7450
20220201,13:07,899.00,899.00,899.00,899.00,100,7400
20220201,13:08,893.35,893.35,893.35,893.35,75,7400
20220201,13:09,893.20,893.20,893.20,893.20,75,7400
20220201,13:11,929.80,929.80,929.80,929.80,25,7475
20220201,13:12,890.35,890.35,800.45,800.45,225,7475
20220201,13:13,770.00,816.35,770.00,794.35,575,7475
20220201,13:14,772.00,772.00,700.00,718.15,600,7475
20220201,13:15,729.65,792.85,683.00,776.60,1350,8650
20220201,13:16,777.85,785.90,760.00,771.25,1525,8650
20220201,13:17,782.25,850.00,782.25,840.00,2000,8650
20220201,13:18,815.35,857.95,815.35,850.50,1200,9825
20220201,13:19,860.00,889.05,850.00,875.30,400,9825
20220201,13:20,871.30,871.30,815.00,842.35,975,9825
20220201,13:21,830.60,875.80,830.60,854.60,300,9750
20220201,13:22,846.80,846.80,822.75,841.60,150,9750
20220201,13:23,849.30,855.40,843.50,843.50,125,9750
20220201,13:24,842.05,844.85,840.50,840.60,325,10400
20220201,13:25,856.85,900.00,856.85,900.00,750,10400
20220201,13:26,896.70,900.50,871.50,900.50,575,10400
20220201,13:27,904.80,926.35,897.60,915.70,650,9525
20220201,13:28,911.85,921.60,903.30,919.65,400,9525
20220201,13:29,934.80,945.25,878.80,878.80,175,9525
20220201,13:30,904.65,917.90,891.00,891.00,200,9675
20220201,13:31,880.15,915.65,880.15,896.75,175,9675
20220201,13:32,894.95,894.95,894.95,894.95,100,9675
20220201,13:33,903.00,955.00,903.00,940.75,500,9475
20220201,13:35,968.75,968.75,915.95,915.95,1225,9475
20220201,13:36,880.50,907.85,880.50,907.85,175,10375
20220201,13:37,892.50,892.50,892.50,892.50,50,10375
20220201,13:38,896.20,917.40,896.20,914.95,575,10375
20220201,13:39,896.40,896.40,879.30,879.30,100,9800
20220201,13:40,870.00,901.25,870.00,901.25,250,9800
20220201,13:42,881.05,881.05,881.05,881.05,25,10050
20220201,13:43,891.35,891.35,891.35,891.35,25,10050
20220201,13:44,899.00,899.00,888.00,888.00,1300,10050
20220201,13:45,900.00,920.35,900.00,916.85,225,9325
20220201,13:46,940.00,940.00,937.00,937.00,150,9325
20220201,13:47,944.00,980.00,944.00,980.00,1300,9325
20220201,13:48,980.40,1030.40,980.40,1020.15,425,9300
20220201,13:49,1003.45,1007.45,992.05,1007.45,400,9300
20220201,13:50,1008.00,1018.95,1008.00,1008.00,125,9300
20220201,13:51,1007.95,1008.00,993.30,993.30,600,8700
20220201,13:52,1008.00,1009.75,1008.00,1009.75,1275,8700
20220201,13:53,989.30,989.30,989.30,989.30,75,8700
20220201,13:54,967.20,967.20,967.20,967.20,25,8700
20220201,13:55,977.60,977.60,968.35,970.00,575,8350
20220201,13:56,997.55,997.55,997.55,997.55,50,8350
20220201,13:57,980.90,980.90,968.00,968.00,75,7100
20220201,13:58,921.10,955.00,916.00,955.00,250,7100
20220201,13:59,959.95,964.00,959.95,959.95,300,7100
20220201,14:01,966.00,966.00,966.00,966.00,1125,6825
20220201,14:06,951.00,977.85,951.00,977.85,250,5275
20220201,14:07,962.00,962.00,962.00,962.00,225,5275
20220201,14:09,1006.00,1006.00,1006.00,1006.00,25,5325
20220201,14:11,990.00,990.00,990.00,990.00,25,5325
20220201,14:12,996.00,1006.00,996.00,1006.00,75,5050
20220201,14:13,1015.40,1035.45,1015.40,1025.55,300,5050
20220201,14:14,1014.80,1014.80,1014.80,1014.80,25,5050
20220201,14:15,1010.00,1010.00,1009.90,1009.90,50,4900
20220201,14:17,1000.00,1000.00,1000.00,1000.00,25,4900
20220201,14:18,982.70,982.70,982.70,982.70,25,4925
20220201,14:20,1002.80,1035.10,1002.80,1035.10,200,4925
20220201,14:21,1054.35,1054.35,1054.35,1054.35,175,4925
20220201,14:22,1027.65,1027.65,1027.65,1027.65,50,4925
20220201,14:23,1078.00,1078.00,1078.00,1078.00,275,4925
20220201,14:24,1073.95,1073.95,1073.95,1073.95,50,4925
20220201,14:25,1097.60,1097.60,1097.00,1097.00,150,4900
20220201,14:26,1104.25,1104.25,1104.25,1104.25,25,4900
20220201,14:27,1135.50,1150.00,1135.50,1150.00,50,4875
20220201,14:28,1164.50,1164.50,1164.50,1164.50,25,4875
20220201,14:29,1149.25,1149.25,1149.25,1149.25,25,4875
20220201,14:30,1171.60,1171.60,1171.60,1171.60,25,4875
20220201,14:31,1183.55,1183.55,1183.55,1183.55,25,4825
20220201,14:34,1156.25,1156.25,1156.25,1156.25,25,4825
20220201,14:37,1178.85,1178.85,1161.45,1161.45,125,4825
20220201,14:38,1117.40,1117.40,1117.40,1117.40,25,4825
20220201,14:39,1138.65,1138.65,1138.65,1138.65,25,4825
20220201,14:40,1140.55,1140.55,1140.55,1140.55,25,4750
20220201,14:41,1111.70,1111.70,1111.70,1111.70,25,4750
20220201,14:43,1141.15,1141.15,1141.15,1141.15,175,4800
20220201,14:44,1180.00,1202.35,1180.00,1202.35,100,4800
20220201,14:45,1206.15,1206.15,1206.15,1206.15,25,4800
20220201,14:47,1172.20,1172.20,1172.20,1172.20,125,4775
20220201,14:49,1149.80,1149.80,1134.50,1134.50,400,4750
20220201,14:50,1104.50,1104.50,1104.50,1104.50,25,4750
20220201,14:51,1075.00,1085.80,1075.00,1085.80,150,4925
20220201,14:52,1093.70,1093.70,1093.70,1093.70,25,4925
20220201,14:55,1151.85,1151.85,1129.65,1129.65,50,4900
20220201,14:58,1114.80,1114.80,1114.80,1114.80,25,4925
20220201,14:59,1069.15,1090.10,1069.15,1090.10,75,4925
20220201,15:00,1012.50,1012.50,1012.50,1012.50,500,4875
20220201,15:01,1038.45,1038.45,1038.45,1038.45,25,4875
20220201,15:02,1087.30,1087.30,1087.30,1087.30,25,4875
20220201,15:04,1059.60,1075.30,1059.60,1075.30,300,4425
20220201,15:07,1114.00,1114.00,1114.00,1114.00,25,4425
20220201,15:08,1103.95,1103.95,1103.95,1103.95,25,4425
20220201,15:11,1100.00,1110.30,1100.00,1110.30,50,4400
20220201,15:16,1144.75,1163.25,1144.75,1163.25,175,4400
20220201,15:18,1167.50,1167.50,1167.50,1167.50,25,4400
20220201,15:19,1137.35,1137.35,1137.35,1137.35,25,4425
20220201,15:21,1131.10,1131.10,1131.10,1131.10,25,4400
20220201,15:24,1142.25,1142.25,1142.25,1142.25,50,4400
20220201,15:25,1175.00,1175.00,1175.00,1175.00,25,4400
20220201,15:27,1171.50,1171.50,1171.50,1171.50,100,4400
20220201,15:28,1180.00,1180.00,1180.00,1180.00,25,4350
20220202,09:16,1349.95,1350.00,1349.95,1350.00,76,4350
20220202,09:17,1350.00,1360.00,1294.45,1360.00,75,4350
20220202,09:18,1360.00,1360.00,1360.00,1360.00,25,4350
20220202,09:19,1363.30,1363.30,1363.30,1363.30,25,4350
20220202,09:25,1385.00,1446.05,1385.00,1446.05,75,4350
20220202,09:26,1458.00,1458.00,1458.00,1458.00,25,4325
20220202,09:31,1458.00,1458.00,1458.00,1458.00,25,4325
20220202,09:32,1458.00,1458.00,1458.00,1458.00,25,4325
20220202,09:36,1343.50,1343.50,1343.50,1343.50,25,4325
20220202,09:42,1418.15,1418.15,1418.15,1418.15,25,4325
20220202,09:49,1411.45,1411.45,1411.45,1411.45,100,4300
20220202,09:51,1430.50,1430.50,1430.50,1430.50,25,4300
20220202,09:54,1413.95,1413.95,1413.95,1413.95,250,4300
20220202,09:56,1419.60,1419.60,1419.60,1419.60,175,4300
20220202,09:58,1411.15,1411.15,1411.15,1411.15,25,4225
20220202,10:00,1411.00,1425.00,1411.00,1425.00,350,4200
20220202,10:10,1512.00,1512.00,1512.00,1512.00,325,4200
20220202,10:14,1500.00,1500.00,1500.00,1500.00,25,4175
20220202,10:16,1496.30,1496.30,1496.30,1496.30,50,4200
20220202,10:27,1463.65,1463.65,1463.65,1463.65,50,4200
20220202,10:29,1503.35,1503.35,1503.35,1503.35,25,4200
20220202,10:30,1518.00,1518.00,1518.00,1518.00,125,4200
20220202,10:37,1518.00,1518.00,1470.10,1470.10,50,4175
20220202,10:39,1401.85,1401.85,1401.85,1401.85,25,4150
20220202,10:50,1433.30,1433.30,1433.30,1433.30,50,4150
20220202,10:53,1438.55,1438.55,1438.55,1438.55,25,4150
20220202,11:00,1498.10,1498.10,1498.10,1498.10,175,4125
20220202,11:11,1530.00,1530.00,1530.00,1530.00,50,3950
20220202,11:47,1554.95,1555.00,1554.95,1555.00,150,3950
20220202,11:51,1590.20,1590.20,1590.20,1590.20,175,3975
20220202,11:56,1570.00,1570.00,1570.00,1570.00,50,3825
20220202,11:57,1575.00,1575.00,1575.00,1575.00,50,3775
20220202,12:01,1598.80,1598.80,1598.80,1598.80,25,3825
20220202,12:03,1598.80,1598.80,1598.80,1598.80,25,3825
20220202,12:04,1561.40,1561.40,1561.40,1561.40,25,3825
20220202,12:06,1580.95,1580.95,1580.95,1580.95,25,3825
20220202,12:09,1595.00,1598.85,1595.00,1598.85,75,3825
20220202,12:10,1632.90,1632.90,1632.90,1632.90,50,3825
20220202,12:24,1579.70,1579.70,1579.70,1579.70,50,3800
20220202,12:29,1592.80,1592.80,1592.80,1592.80,25,3800
20220202,12:39,1553.00,1553.00,1553.00,1553.00,25,3775
20220202,12:48,1602.25,1602.25,1602.25,1602.25,50,3750
20220202,13:16,1533.20,1533.20,1533.20,1533.20,25,3725
20220202,13:17,1546.65,1546.65,1546.65,1546.65,25,3725
20220202,13:21,1578.35,1578.35,1578.35,1578.35,25,3750
20220202,13:32,1550.00,1550.00,1550.00,1550.00,100,3725
20220202,13:57,1524.40,1524.40,1524.40,1524.40,25,3825
20220202,14:13,1616.40,1616.40,1616.40,1616.40,25,3825
20220202,14:18,1593.20,1593.20,1593.20,1593.20,50,3825
20220202,14:25,1599.05,1599.05,1599.05,1599.05,25,3775
20220202,14:27,1603.40,1609.45,1603.40,1609.45,100,3725
20220202,14:36,1678.55,1678.55,1678.55,1678.55,25,3725
20220202,14:43,1691.40,1691.40,1691.40,1691.40,50,3725
20220202,14:46,1735.15,1735.15,1735.15,1735.15,25,3700
20220202,14:52,1735.15,1735.15,1735.15,1735.15,25,3675
20220202,15:01,1669.60,1669.60,1669.60,1669.60,25,3675
20220202,15:19,1662.90,1662.90,1662.90,1662.90,50,3675
20220202,15:23,1669.90,1669.95,1669.90,1669.95,50,3700
20220203,09:21,1669.95,1669.95,1669.95,1669.95,51,3725
20220203,09:23,1619.90,1619.90,1619.90,1619.90,100,3725
20220203,09:35,1557.75,1557.75,1557.75,1557.75,25,3675
20220203,09:41,1557.75,1557.75,1557.75,1557.75,25,3700
20220203,09:54,1574.75,1574.75,1574.75,1574.75,25,3675
20220203,10:00,1583.20,1583.20,1583.20,1583.20,25,3700
20220203,10:18,1521.10,1521.10,1521.10,1521.10,50,3700
20220203,10:23,1521.10,1521.10,1521.10,1521.10,25,3700
20220203,10:24,1545.30,1545.30,1545.30,1545.30,25,3675
20220203,10:26,1539.55,1539.55,1538.25,1538.25,50,3625
20220203,10:29,1518.30,1518.30,1518.30,1518.30,25,3625
20220203,10:49,1518.30,1518.30,1518.30,1518.30,75,3575
20220203,10:54,1545.60,1545.60,1545.60,1545.60,50,3625
20220203,10:57,1550.40,1562.10,1550.40,1562.10,50,3650
20220203,11:30,1570.75,1570.75,1570.75,1570.75,100,3650
20220203,11:31,1576.65,1576.65,1576.65,1576.65,50,3650
20220203,12:08,1528.65,1528.65,1528.65,1528.65,25,3500
20220203,12:14,1482.10,1482.10,1482.10,1482.10,25,3525
20220203,12:15,1482.00,1482.00,1482.00,1482.00,25,3525
20220203,12:36,1482.00,1482.00,1482.00,1482.00,50,3500
20220203,12:42,1646.90,1646.90,1646.90,1646.90,50,3500
20220203,12:49,1676.00,1676.00,1676.00,1676.00,25,3500
20220203,12:50,1676.00,1676.00,1676.00,1676.00,25,3500
20220203,13:33,1619.55,1619.55,1619.55,1619.55,50,3500
20220203,13:47,1485.45,1485.45,1485.45,1485.45,100,3550
20220203,13:48,1549.65,1549.65,1549.65,1549.65,25,3550
20220203,13:50,1460.00,1460.00,1460.00,1460.00,25,3550
20220203,14:10,1460.00,1460.00,1460.00,1460.00,25,3525
20220203,14:26,1533.00,1533.00,1533.00,1533.00,25,3550
20220203,14:27,1530.40,1530.40,1530.40,1530.40,50,3550
20220203,14:58,1411.10,1411.10,1411.10,1411.10,25,3600
20220203,15:04,1385.20,1385.20,1385.20,1385.20,450,3600
20220203,15:09,1385.20,1385.20,1385.20,1385.20,25,3600
20220203,15:10,1426.10,1426.10,1410.00,1410.00,50,4075
20220203,15:12,1404.05,1404.05,1400.50,1400.50,50,4075
20220203,15:14,1387.45,1399.95,1387.45,1397.70,4800,4125
20220203,15:15,1403.95,1403.95,1380.90,1380.90,6175,4125
20220203,15:17,1400.80,1400.80,1392.85,1392.85,350,14875
20220203,15:18,1387.75,1387.75,1372.05,1372.05,625,14875
20220203,15:19,1335.15,1335.15,1324.70,1324.70,50,14525
20220203,15:22,1293.85,1293.85,1293.85,1293.85,25,14525
20220203,15:24,1270.75,1271.15,1269.55,1271.15,325,14525
20220203,15:25,1236.50,1240.80,1236.50,1240.80,100,14575
20220203,15:26,1221.80,1221.80,1210.25,1210.25,125,14575
20220203,15:27,1215.70,1217.20,1215.70,1217.20,50,14575
20220203,15:28,1240.95,1240.95,1240.95,1240.95,50,14575
20220204,09:16,1354.30,1354.95,1307.45,1307.45,176,14125
20220204,09:17,1307.45,1307.45,1307.45,1307.45,100,14200
20220204,09:19,1295.25,1295.25,1295.25,1295.25,75,14200
20220204,09:21,1320.00,1320.00,1320.00,1320.00,25,14225
20220204,09:22,1370.00,1370.00,1370.00,1370.00,75,14225
20220204,09:24,1445.00,1445.00,1445.00,1445.00,25,14225
20220204,09:25,1541.05,1541.05,1496.35,1500.65,6650,14225
20220204,09:26,1472.60,1498.20,1472.60,1498.20,75,12175
20220204,09:27,1511.15,1545.10,1511.15,1536.35,6500,12175
20220204,09:28,1542.45,1543.45,1542.45,1543.45,100,12175
20220204,09:29,1527.90,1541.15,1527.90,1531.90,175,9875
20220204,09:30,1535.45,1535.45,1514.60,1514.60,100,9875
20220204,09:31,1483.05,1513.10,1479.85,1513.10,350,9875
20220204,09:33,1577.65,1577.65,1558.10,1559.65,200,9775
20220204,09:34,1549.40,1549.40,1538.60,1538.60,275,9775
20220204,09:35,1514.80,1514.80,1499.90,1499.90,100,9525
20220204,09:36,1501.85,1502.65,1501.85,1502.65,75,9525
20220204,09:37,1490.00,1490.00,1490.00,1490.00,25,9525
20220204,09:38,1507.95,1520.00,1506.40,1520.00,100,9500
20220204,09:39,1527.95,1527.95,1524.25,1524.25,75,9500
20220204,09:40,1524.25,1531.20,1516.30,1531.20,300,9500
20220204,09:41,1512.40,1512.40,1508.95,1508.95,50,9200
20220204,09:42,1521.25,1521.25,1507.80,1507.80,50,9200
20220204,09:43,1495.00,1508.35,1491.05,1508.35,150,9200
20220204,09:44,1504.25,1520.25,1504.25,1520.25,75,9075
20220204,09:45,1485.40,1485.40,1485.40,1485.40,25,9075
20220204,09:48,1525.00,1561.90,1525.00,1561.90,150,9050
20220204,09:49,1552.55,1559.60,1552.20,1556.95,225,9050
20220204,09:50,1545.55,1545.55,1545.55,1545.55,50,9000
20220204,09:51,1549.05,1549.05,1549.05,1549.05,25,9000
20220204,09:52,1556.40,1556.40,1556.40,1556.40,25,9000
20220204,09:53,1540.85,1540.85,1540.85,1540.85,150,9000
20220204,09:57,1517.55,1517.55,1517.55,1517.55,50,8950
20220204,10:03,1492.20,1492.20,1480.00,1480.00,50,8950
20220204,10:04,1473.00,1473.00,1473.00,1473.00,25,8950
20220204,10:06,1440.00,1440.00,1440.00,1440.00,25,8950
20220204,10:07,1409.80,1409.80,1405.00,1405.00,50,8950
20220204,10:10,1410.60,1410.60,1410.60,1410.60,100,8975
20220204,10:11,1403.50,1403.50,1403.50,1403.50,50,8875
20220204,10:12,1390.00,1390.00,1390.00,1390.00,25,8875
20220204,10:13,1370.20,1378.20,1369.40,1376.80,375,8875
20220204,10:14,1390.00,1390.00,1390.00,1390.00,25,8875
20220204,10:15,1378.20,1397.15,1378.20,1397.15,75,8825
20220204,10:16,1394.30,1394.30,1394.30,1394.30,25,8825
20220204,10:17,1370.00,1370.00,1365.00,1365.00,50,8825
20220204,10:18,1365.00,1365.00,1365.00,1365.00,75,8825
20220204,10:19,1330.00,1330.00,1313.05,1313.05,100,8825
20220204,10:20,1316.05,1316.05,1316.05,1316.05,350,8875
20220204,10:21,1306.20,1316.85,1306.20,1316.85,200,8875
20220204,10:22,1344.30,1344.30,1344.30,1344.30,25,8875
20220204,10:23,1315.50,1315.50,1315.50,1315.50,50,8875
20220204,10:24,1327.00,1327.00,1327.00,1327.00,250,9000
20220204,10:25,1344.30,1344.30,1342.70,1342.70,475,9000
20220204,10:26,1330.00,1330.00,1330.00,1330.00,25,9000
20220204,10:27,1358.00,1365.00,1358.00,1365.00,50,9000
20220204,10:29,1339.50,1339.50,1339.50,1339.50,25,8950
20220204,10:32,1368.75,1368.75,1368.75,1368.75,50,8950
20220204,10:33,1375.00,1375.00,1375.00,1375.00,25,8950
20220204,10:35,1306.45,1306.45,1306.45,1306.45,100,8925
20220204,10:36,1301.45,1301.45,1301.45,1301.45,250,8925
20220204,10:38,1301.00,1301.00,1301.00,1301.00,25,8925
20220204,10:40,1319.45,1319.45,1319.45,1319.45,75,8875
20220204,10:44,1304.00,1304.00,1293.05,1293.05,275,8975
20220204,10:45,1275.00,1275.00,1239.50,1251.75,3725,8975
20220204,10:46,1242.65,1267.85,1235.10,1267.85,6025,8975
20220204,10:47,1264.75,1274.35,1258.10,1265.00,575,15125
20220204,10:48,1265.85,1265.85,1241.15,1241.15,325,15125
20220204,10:49,1265.00,1266.60,1264.65,1266.60,125,15125
20220204,10:50,1292.90,1298.10,1273.00,1273.00,725,15525
20220204,10:52,1310.65,1310.65,1309.10,1309.10,275,15525
20220204,10:53,1300.00,1300.00,1300.00,1300.00,50,15525
20220204,10:54,1300.00,1300.00,1300.00,1300.00,25,16025
20220204,10:55,1316.10,1316.10,1316.10,1316.10,25,16025
20220204,10:58,1302.70,1302.70,1302.70,1302.70,25,16025
20220204,11:00,1330.00,1330.00,1330.00,1330.00,25,16025
20220204,11:03,1295.45,1295.45,1295.45,1295.45,25,16000
20220204,11:05,1280.95,1286.50,1280.95,1286.50,75,16000
20220204,11:07,1291.85,1291.85,1291.85,1291.85,125,16000
20220204,11:08,1295.00,1295.00,1295.00,1295.00,25,16000
20220204,11:11,1304.65,1304.65,1304.00,1304.00,50,15975
20220204,11:12,1349.20,1353.10,1345.65,1345.65,725,15925
20220204,11:16,1355.00,1355.00,1355.00,1355.00,25,15925
20220204,11:30,1302.00,1305.95,1302.00,1305.95,75,15475
20220204,11:31,1272.55,1272.55,1253.45,1253.45,50,15475
20220204,11:32,1260.35,1260.35,1260.35,1260.35,25,15475
20220204,11:34,1270.40,1270.40,1270.00,1270.00,1250,15475
20220204,11:35,1270.00,1270.00,1255.00,1268.40,350,15475
20220204,11:38,1269.00,1269.00,1269.00,1269.00,25,15725
20220204,11:41,1230.00,1230.00,1229.15,1229.15,100,15725
20220204,11:42,1236.25,1236.25,1236.25,1236.25,100,15725
20220204,11:44,1243.55,1243.55,1220.00,1220.00,100,15750
20220204,11:46,1220.00,1220.00,1220.00,1220.00,25,15750
20220204,11:47,1225.05,1239.90,1224.85,1239.90,175,15750
20220204,11:50,1240.00,1240.00,1180.00,1180.00,150,15900
20220204,11:51,1173.20,1173.20,1173.20,1173.20,25,15900
20220204,11:52,1160.70,1170.00,1160.70,1170.00,150,15900
20220204,11:53,1180.50,1181.85,1165.00,1165.00,175,15900
20220204,11:54,1179.00,1179.00,1155.20,1155.20,125,15925
20220204,11:56,1143.55,1143.55,1143.55,1143.55,50,15925
20220204,11:57,1143.55,1167.15,1143.55,1166.70,100,15950
20220204,11:58,1164.25,1164.25,1164.25,1164.25,25,15950
20220204,11:59,1145.00,1145.00,1145.00,1145.00,25,15950
20220204,12:00,1165.00,1165.00,1165.00,1165.00,25,16000
20220204,12:01,1174.00,1174.00,1174.00,1174.00,25,16000
20220204,12:03,1153.30,1153.30,1153.30,1153.30,25,15975
20220204,12:04,1140.95,1140.95,1137.05,1137.05,100,15975
20220204,12:05,1115.25,1115.25,1115.25,1115.25,25,15975
20220204,12:06,1115.25,1153.30,1115.25,1153.30,1025,15850
20220204,12:08,1138.90,1138.90,1138.90,1138.90,25,15850
20220204,12:09,1140.65,1140.65,1140.65,1140.65,25,16125
20220204,12:10,1136.90,1136.90,1125.30,1125.30,200,16125
20220204,12:11,1100.00,1100.00,1100.00,1100.00,125,16125
20220204,12:12,1088.20,1095.25,1085.70,1085.70,350,16150
20220204,12:13,1089.80,1092.35,1082.00,1082.00,75,16150
20220204,12:14,1082.00,1103.30,1082.00,1103.30,150,16150
20220204,12:15,1096.00,1108.70,1087.00,1108.70,125,16100
20220204,12:16,1101.90,1101.90,1090.00,1090.00,75,16100
20220204,12:17,1086.00,1086.00,1084.50,1084.50,100,16100
20220204,12:18,1084.50,1103.60,1084.50,1103.60,150,16175
20220204,12:19,1094.15,1094.15,1080.80,1080.80,50,16175
20220204,12:20,1048.40,1048.40,1042.45,1042.45,125,16175
20220204,12:21,1036.30,1045.05,1028.00,1045.05,325,16075
20220204,12:22,1042.30,1063.30,1042.30,1063.30,150,16075
20220204,12:23,1064.10,1067.40,1043.60,1043.60,100,16225
20220204,12:24,1057.60,1069.35,1057.60,1069.35,100,16225
20220204,12:25,1085.05,1094.35,1081.05,1085.25,250,16225
20220204,12:26,1090.50,1090.50,1090.50,1090.50,50,16225
20220204,12:27,1092.75,1104.05,1092.75,1104.05,50,16000
20220204,12:28,1110.00,1110.00,1109.75,1109.75,50,16000
20220204,12:29,1114.65,1114.65,1114.65,1114.65,25,16000
20220204,12:30,1102.75,1102.75,1102.60,1102.60,125,15950
20220204,12:31,1119.00,1119.00,1119.00,1119.00,25,15950
20220204,12:33,1114.90,1114.90,1114.90,1114.90,25,15725
20220204,12:34,1138.70,1148.00,1132.25,1146.95,200,15725
20220204,12:35,1145.20,1150.30,1145.20,1150.30,50,15725
20220204,12:36,1160.00,1163.85,1154.00,1154.00,225,15650
20220204,12:37,1158.85,1170.00,1156.60,1170.00,125,15650
20220204,12:39,1166.75,1166.75,1166.75,1166.75,25,15650
20220204,12:40,1166.65,1166.65,1166.65,1166.65,25,15725
20220204,12:41,1142.90,1144.90,1140.00,1140.00,150,15725
20220204,12:42,1139.10,1139.10,1139.10,1139.10,25,15675
20220204,12:44,1137.65,1137.65,1136.70,1136.70,75,15675
20220204,12:47,1120.00,1120.00,1120.00,1120.00,25,15650
20220204,12:50,1096.15,1098.00,1094.05,1098.00,75,15650
20220204,12:51,1068.50,1080.70,1068.50,1080.70,50,15675
20220204,12:52,1085.00,1107.05,1085.00,1097.50,150,15675
20220204,12:54,1082.25,1082.25,1082.25,1082.25,25,15700
20220204,12:55,1082.90,1082.90,1082.90,1082.90,25,15700
20220204,12:57,1093.30,1093.30,1093.30,1093.30,25,15700
20220204,12:59,1061.90,1068.55,1061.90,1068.55,50,15700
20220204,13:00,1078.15,1078.15,1049.05,1049.05,150,15700
20220204,13:01,1051.45,1051.45,1051.45,1051.45,25,15700
20220204,13:02,1040.70,1040.85,1040.70,1040.85,50,15700
20220204,13:03,1042.55,1059.45,1042.55,1053.80,250,15725
20220204,13:04,1061.00,1074.55,1061.00,1074.55,650,15725
20220204,13:05,1057.90,1057.90,1057.90,1057.90,25,15725
20220204,13:06,1039.45,1039.55,1034.00,1034.00,100,16350
20220204,13:07,1025.80,1025.80,1017.25,1017.25,125,16350
20220204,13:08,1042.80,1042.80,1032.30,1032.30,100,16350
20220204,13:09,1010.00,1010.00,1000.00,1000.00,75,16425
20220204,13:10,982.75,982.75,982.75,982.75,50,16425
20220204,13:11,982.75,1015.25,982.75,1011.60,500,16425
20220204,13:12,999.45,1004.75,997.05,1004.75,125,16750
20220204,13:13,1009.65,1017.25,1009.65,1017.25,225,16750
20220204,13:14,1026.00,1026.00,1020.00,1020.00,125,16750
20220204,13:15,1024.05,1024.05,1024.05,1024.05,50,16750
20220204,13:16,1010.50,1010.50,1007.45,1007.45,175,16875
20220204,13:17,1010.50,1034.00,1010.50,1034.00,1100,16875
20220204,13:18,1058.00,1073.40,1056.40,1073.40,425,17425
20220204,13:19,1079.80,1079.80,1066.05,1067.55,775,17425
20220204,13:20,1069.45,1089.25,1069.45,1089.25,200,17425
20220204,13:21,1084.00,1084.00,1083.90,1083.90,1025,17325
20220204,13:23,1091.10,1091.10,1068.80,1068.80,100,17325
20220204,13:25,1091.00,1091.00,1091.00,1091.00,25,17075
20220204,13:26,1109.50,1109.50,1097.50,1097.50,750,17075
20220204,13:28,1107.75,1110.10,1107.75,1110.10,125,16900
20220204,13:29,1110.10,1128.45,1110.00,1128.45,150,16900
20220204,13:30,1141.20,1142.80,1141.20,1142.80,50,16800
20220204,13:31,1142.80,1142.80,1142.80,1142.80,25,16800
20220204,13:32,1133.40,1142.00,1133.40,1142.00,75,16800
20220204,13:33,1156.00,1156.00,1148.65,1148.65,50,16875
20220204,13:35,1148.45,1148.45,1138.35,1138.35,50,16875
20220204,13:37,1124.00,1124.00,1124.00,1124.00,500,16775
20220204,13:38,1137.95,1137.95,1137.95,1137.95,25,16775
20220204,13:40,1137.00,1137.00,1137.00,1137.00,100,17175
20220204,13:41,1149.00,1149.00,1149.00,1149.00,500,17175
20220204,13:42,1102.30,1102.30,1102.30,1102.30,25,16700
20220204,13:43,1112.75,1112.75,1112.75,1112.75,25,16700
20220204,13:44,1129.95,1129.95,1129.95,1129.95,50,16700
20220204,13:45,1150.00,1150.00,1150.00,1150.00,50,16700
20220204,13:46,1150.45,1150.45,1150.45,1150.45,25,16700
20220204,13:48,1160.00,1212.80,1160.00,1210.00,275,17000
20220204,13:49,1227.25,1241.75,1224.10,1227.20,725,17000
20220204,13:50,1213.10,1213.10,1213.10,1213.10,25,17000
20220204,13:51,1246.60,1246.60,1246.60,1246.60,25,17000
20220204,13:53,1206.55,1206.55,1197.40,1197.40,75,16475
20220204,13:54,1184.80,1203.25,1184.80,1203.25,100,16475
20220204,13:55,1200.40,1200.40,1174.75,1174.75,50,16550
20220204,13:57,1223.20,1223.20,1223.20,1223.20,25,16500
20220204,14:00,1214.00,1214.00,1205.75,1205.75,50,16475
20220204,14:01,1190.25,1190.25,1190.25,1190.25,25,16475
20220204,14:03,1202.60,1202.60,1202.60,1202.60,25,16475
20220204,14:04,1238.05,1238.05,1238.05,1238.05,250,16325
20220204,14:09,1179.45,1179.45,1179.45,1179.45,100,16350
20220204,14:12,1121.65,1123.05,1121.65,1123.05,675,16425
20220204,14:14,1138.75,1161.75,1138.75,1161.75,75,16425
20220204,14:15,1175.80,1175.80,1157.75,1163.60,375,16325
20220204,14:16,1153.85,1153.85,1153.85,1153.85,25,16325
20220204,14:17,1187.50,1187.90,1187.50,1187.90,50,16325
20220204,14:18,1195.65,1205.05,1193.40,1195.75,125,16400
20220204,14:22,1154.70,1161.00,1154.70,1161.00,50,16400
20220204,14:23,1167.25,1178.55,1167.25,1167.65,150,16400
20220204,14:25,1180.95,1180.95,1180.95,1180.95,25,16350
20220204,14:30,1155.25,1155.25,1147.85,1147.85,100,16325
20220204,14:31,1166.05,1175.90,1166.05,1175.90,50,16400
20220204,14:32,1173.35,1173.35,1173.35,1173.35,25,16400
20220204,14:33,1120.40,1131.50,1120.40,1131.50,425,16400
20220204,14:35,1122.55,1122.55,1122.55,1122.55,50,16400
20220204,14:36,1103.80,1103.80,1103.80,1103.80,25,16400
20220204,14:37,1114.20,1140.65,1114.20,1140.65,100,16350
20220204,14:42,1074.80,1074.80,1074.80,1074.80,75,16375
20220204,14:43,1071.65,1079.40,1071.65,1079.40,100,16375
20220204,14:44,1079.05,1079.05,1079.05,1079.05,50,16375
20220204,14:45,1103.85,1120.50,1103.85,1120.50,75,16525
20220204,14:46,1113.75,1113.75,1113.75,1113.75,25,16525
20220204,14:47,1114.60,1114.60,1114.60,1114.60,50,16525
20220204,14:49,1115.15,1115.15,1115.15,1115.15,25,16525
20220204,14:51,1070.15,1070.15,1070.15,1070.15,25,16575
20220204,14:56,1076.35,1076.35,1076.35,1076.35,25,16575
20220204,14:57,1101.10,1101.10,1101.10,1101.10,25,16550
20220204,14:58,1114.15,1114.15,1112.60,1112.60,150,16550
20220204,15:02,1132.60,1132.60,1132.60,1132.60,25,16550
20220204,15:03,1140.90,1140.90,1140.90,1140.90,25,16350
20220204,15:07,1163.90,1169.85,1163.90,1169.85,75,16400
20220204,15:08,1187.15,1202.35,1185.45,1202.35,250,16400
20220204,15:09,1209.05,1214.55,1202.00,1207.30,200,16375
20220204,15:10,1200.50,1207.90,1200.50,1203.50,175,16375
20220204,15:11,1188.35,1188.35,1188.35,1188.35,75,16375
20220204,15:12,1175.00,1187.40,1175.00,1187.40,2450,16425
20220204,15:14,1158.20,1161.75,1154.60,1154.60,2725,16425
20220204,15:15,1156.00,1156.70,1099.40,1101.35,6425,14275
20220204,15:16,1091.65,1111.25,1091.65,1103.25,250,14275
20220204,15:17,1097.85,1100.60,1096.50,1100.60,125,14275
20220204,15:18,1110.25,1115.75,1102.35,1102.35,425,12150
20220204,15:19,1116.50,1117.90,1107.90,1109.25,500,12150
20220204,15:20,1118.35,1129.65,1100.60,1104.35,475,12150
20220204,15:21,1108.80,1108.80,1097.40,1105.70,600,12675
20220204,15:22,1098.50,1098.50,1096.90,1096.90,600,12675
20220204,15:23,1096.10,1096.10,1096.10,1096.10,25,12675
20220204,15:24,1090.00,1090.00,1090.00,1090.00,25,13425
20220204,15:25,1089.95,1099.95,1089.95,1096.20,150,13425
20220204,15:26,1092.40,1092.40,1092.40,1092.40,25,13425
20220204,15:27,1090.90,1091.25,1088.30,1090.70,1000,13425
20220204,15:28,1082.80,1082.80,1081.60,1081.60,125,12625
20220204,15:29,1078.65,1082.10,1075.30,1075.30,275,12625
20220207,09:16,1079.65,1118.80,1067.95,1112.75,602,12550
20220207,09:17,1121.65,1151.15,1121.65,1151.15,225,12475
20220207,09:18,1151.15,1151.15,1129.35,1129.35,75,12475
20220207,09:19,1105.70,1105.70,1094.30,1094.30,50,12475
20220207,09:20,1074.95,1101.15,1073.80,1083.90,225,12625
20220207,09:21,1083.30,1083.30,1000.95,1000.95,300,12625
20220207,09:22,1000.95,1050.80,1000.95,1050.80,825,12625
20220207,09:23,1046.90,1046.90,1011.05,1011.05,150,12850
20220207,09:24,1011.00,1016.25,1011.00,1012.90,300,12850
20220207,09:25,1016.45,1016.45,981.55,1008.10,1200,12850
20220207,09:26,972.30,972.30,961.35,961.35,150,13175
20220207,09:27,959.20,959.20,909.45,909.45,1775,13175
20220207,09:28,909.45,955.60,909.45,954.05,375,13175
20220207,09:29,951.50,1039.45,951.50,1039.45,1450,14025
20220207,09:30,1039.00,1055.00,1029.30,1037.50,250,14025
20220207,09:31,1034.20,1046.75,1027.35,1038.85,500,14025
20220207,09:32,1016.05,1018.85,989.90,1002.05,250,14475
20220207,09:33,1004.75,1015.75,990.50,992.40,400,14475
20220207,09:34,976.05,976.45,972.80,972.80,100,14475
20220207,09:35,972.50,988.40,969.70,988.40,125,14475
20220207,09:36,999.95,999.95,981.00,986.00,100,14475
20220207,09:37,1014.80,1014.80,991.55,991.55,125,14475
20220207,09:38,970.75,970.75,953.15,953.15,250,14425
20220207,09:39,952.00,952.00,916.95,916.95,200,14425
20220207,09:40,907.90,939.05,907.90,939.05,200,14425
20220207,09:41,938.05,938.05,921.40,936.00,125,14700
20220207,09:42,959.00,959.00,955.10,955.10,75,14700
20220207,09:43,954.85,954.85,946.00,946.00,50,14700
20220207,09:44,955.40,959.15,950.40,959.15,100,14650
20220207,09:45,970.50,970.50,970.50,970.50,100,14650
20220207,09:46,1020.50,1020.50,1004.70,1019.85,325,14650
20220207,09:47,1010.75,1038.15,1010.75,1018.35,125,14575
20220207,09:48,1018.35,1018.35,1018.35,1018.35,25,14575
20220207,09:49,1011.40,1028.50,1011.40,1028.50,850,14575
20220207,09:50,1003.90,1003.90,1003.90,1003.90,50,14575
20220207,09:51,1034.75,1048.00,1030.80,1048.00,175,14175
20220207,09:52,1044.95,1055.25,1044.40,1044.40,400,14175
20220207,09:55,1040.90,1064.15,1040.90,1064.15,125,14100
20220207,09:56,1046.75,1046.75,989.10,989.80,100,14100
20220207,09:57,975.30,975.30,966.70,967.55,175,14100
20220207,09:58,978.60,978.60,977.50,977.50,325,14100
20220207,09:59,977.50,977.50,959.80,959.80,75,14175
20220207,10:00,971.50,971.50,971.50,971.50,25,14175
20220207,10:01,944.40,945.10,932.60,932.60,75,14175
20220207,10:02,936.50,953.45,936.50,943.50,150,14150
20220207,10:03,935.10,942.00,923.70,923.70,200,14150
20220207,10:04,923.00,947.20,922.90,947.20,150,14150
20220207,10:05,964.00,964.00,964.00,964.00,50,14150
20220207,10:06,973.00,973.55,971.50,972.00,225,14150
20220207,10:07,999.00,999.00,999.00,999.00,50,14150
20220207,10:09,971.75,971.75,971.75,971.75,25,14200
20220207,10:11,962.25,962.65,944.85,951.50,275,14250
20220207,10:12,950.90,950.90,950.90,950.90,25,14250
20220207,10:13,949.00,949.00,949.00,949.00,100,14250
20220207,10:15,930.00,930.00,924.30,924.30,75,14300
20220207,10:16,979.20,979.20,957.55,957.55,50,14300
20220207,10:17,930.55,952.10,930.55,952.10,75,14300
20220207,10:18,939.15,939.15,939.15,939.15,25,14300
20220207,10:21,990.00,990.00,990.00,990.00,100,14325
20220207,10:22,978.20,978.20,978.20,978.20,125,14325
20220207,10:23,960.45,960.45,960.45,960.45,250,14325
20220207,10:24,953.00,956.15,953.00,956.15,75,14375
20220207,10:25,955.00,955.00,955.00,955.00,25,14375
20220207,10:26,924.00,924.00,917.20,917.20,625,14425
20220207,10:27,911.10,919.40,911.10,919.40,200,14425
20220207,10:28,931.00,931.00,931.00,931.00,50,14425
20220207,10:29,931.00,931.00,931.00,931.00,350,14425
20220207,10:30,967.30,971.70,957.25,957.25,175,14750
20220207,10:34,921.60,924.75,921.60,924.75,175,14825
20220207,10:35,904.40,905.30,900.00,905.15,325,15025
20220207,10:36,915.75,929.95,913.05,929.95,200,15025
20220207,10:37,927.60,927.60,927.60,927.60,75,15025
20220207,10:38,936.70,936.70,928.05,928.05,125,15150
20220207,10:39,910.00,910.00,910.00,910.00,50,15150
20220207,10:40,916.20,918.00,916.20,918.00,50,15150
20220207,10:41,921.15,939.00,921.15,939.00,875,15325
20220207,10:42,945.70,945.70,945.70,945.70,25,15325
20220207,10:44,945.70,956.50,944.55,945.30,650,15025
20220207,10:45,946.30,946.30,932.70,932.70,275,15025
20220207,10:46,943.50,943.50,930.45,930.45,300,15025
20220207,10:47,926.85,942.15,926.85,942.15,150,15025
20220207,10:51,955.40,955.40,942.15,944.35,150,14775
20220207,10:54,944.35,944.35,944.35,944.35,25,14775
20220207,10:55,938.60,946.00,938.60,946.00,50,14775
20220207,10:56,936.00,936.00,936.00,936.00,25,14775
20220207,10:57,934.70,934.70,930.00,930.00,1050,14825
20220207,10:58,917.00,921.60,914.40,921.60,250,14825
20220207,10:59,921.60,921.60,915.85,915.85,50,14825
20220207,11:00,900.00,900.00,891.65,891.65,375,15500
20220207,11:01,908.75,908.75,843.55,878.05,1825,15500
20220207,11:02,882.50,892.50,882.50,892.50,75,15500
20220207,11:03,885.40,885.40,870.70,870.70,100,17000
20220207,11:04,865.75,878.80,865.75,876.85,75,17000
20220207,11:06,863.95,863.95,850.00,860.50,300,17025
20220207,11:07,857.75,857.75,849.15,849.15,225,17025
20220207,11:08,858.35,858.35,848.40,848.40,150,17325
20220207,11:09,845.05,845.05,829.15,829.15,1175,17325
20220207,11:10,829.15,835.25,818.05,830.00,500,17325
20220207,11:11,828.20,842.60,828.05,831.55,2025,19375
20220207,11:12,830.25,831.65,826.50,826.50,475,19375
20220207,11:13,827.85,829.65,821.80,828.60,350,19375
20220207,11:14,835.45,835.50,828.95,835.50,2500,19375
20220207,11:15,814.60,820.85,805.05,805.05,3850,21200
20220207,11:16,824.00,824.00,824.00,824.00,25,21200
20220207,11:17,818.45,818.45,811.20,811.20,50,21200
20220207,11:18,800.00,808.25,793.85,794.60,475,24575
20220207,11:19,798.00,806.85,788.35,790.45,2225,24575
20220207,11:20,795.15,811.25,776.60,811.25,1725,25800
20220207,11:21,809.65,809.65,805.80,806.40,1350,25800
20220207,11:22,805.65,806.80,789.55,792.50,775,25800
20220207,11:23,793.60,793.60,791.75,793.20,200,27250
20220207,11:24,790.00,790.00,772.15,772.15,600,27250
20220207,11:25,767.30,788.35,764.60,788.35,300,27250
20220207,11:26,786.10,797.35,774.00,774.00,200,27300
20220207,11:27,775.15,775.15,775.15,775.15,25,27300
20220207,11:28,763.90,784.65,763.90,784.65,250,27300
20220207,11:29,777.65,777.65,772.65,772.65,50,27300
20220207,11:30,785.85,785.85,772.65,785.00,150,27350
20220207,11:31,784.25,784.25,777.40,777.40,100,27350
20220207,11:32,774.95,774.95,774.95,774.95,25,27350
20220207,11:33,785.00,796.60,785.00,790.35,900,25950
20220207,11:34,792.10,795.85,780.00,780.00,325,25950
20220207,11:35,786.05,786.05,786.05,786.05,25,25950
20220207,11:36,802.00,813.45,802.00,805.30,200,26250
20220207,11:37,814.80,814.80,814.80,814.80,50,26250
20220207,11:38,806.20,814.80,806.20,814.80,100,26250
20220207,11:39,796.75,797.50,786.45,797.50,100,26300
20220207,11:41,801.10,801.10,801.10,801.10,25,26300
20220207,11:43,800.00,800.00,790.25,790.25,150,26350
20220207,11:44,785.00,789.35,770.00,780.95,2450,26500
20220207,11:45,771.00,771.00,771.00,771.00,475,26500
20220207,11:46,770.00,782.00,768.30,782.00,575,26500
20220207,11:47,770.90,770.90,754.00,754.00,350,26500
20220207,11:48,757.85,757.85,757.85,757.85,50,26500
20220207,11:49,741.85,747.15,741.75,745.45,1125,26500
20220207,11:50,746.60,746.60,729.65,746.20,1375,26500
20220207,11:51,745.30,765.75,745.30,764.00,3400,27000
20220207,11:52,766.50,780.00,763.90,765.75,825,27000
20220207,11:53,765.00,777.00,765.00,776.40,100,27000
20220207,11:54,788.30,790.00,782.10,790.00,125,27050
20220207,11:55,803.00,803.00,782.60,782.60,400,27050
20220207,11:56,791.75,791.75,791.75,791.75,25,27050
20220207,11:57,790.50,790.50,782.35,782.35,75,27500
20220207,11:58,788.40,788.40,774.65,774.65,100,27500
20220207,11:59,790.00,790.00,790.00,790.00,25,27500
20220207,12:00,785.00,804.95,785.00,804.95,50,27500
20220207,12:02,770.00,771.85,751.90,751.90,775,26400
20220207,12:03,751.35,762.20,745.00,745.00,2525,26400
20220207,12:04,750.25,757.85,747.70,747.70,1075,26400
20220207,12:05,752.05,762.80,752.05,752.55,550,26400
20220207,12:06,745.00,753.55,736.75,749.60,250,28075
20220207,12:07,749.40,749.40,731.45,731.45,700,28075
20220207,12:08,729.55,729.55,706.80,708.65,2800,28075
20220207,12:09,709.50,714.85,697.30,700.60,1575,28100
20220207,12:10,703.35,718.05,695.00,707.90,1150,28100
20220207,12:11,703.35,722.65,703.35,715.00,300,28100
20220207,12:12,718.00,718.00,711.10,711.10,825,29325
20220207,12:13,716.85,724.50,716.85,721.50,175,29325
20220207,12:14,717.10,720.00,717.10,719.15,75,29325
20220207,12:15,714.25,727.35,706.50,727.35,250,28800
20220207,12:16,717.65,731.45,706.20,731.45,225,28800
20220207,12:17,727.00,734.45,725.50,725.50,1225,29025
20220207,12:18,732.20,742.65,732.20,742.65,175,29025
20220207,12:19,729.75,730.00,729.75,730.00,50,29025
20220207,12:20,724.80,724.80,724.80,724.80,75,29025
20220207,12:21,736.15,736.15,720.00,720.00,100,28975
20220207,12:22,723.35,723.35,720.00,720.00,175,28975
20220207,12:23,728.95,728.95,728.95,728.95,50,28975
20220207,12:24,718.65,721.40,718.65,721.40,50,29175
20220207,12:25,721.70,732.55,721.70,732.55,75,29175
20220207,12:26,732.55,738.30,730.00,738.30,150,29175
20220207,12:27,745.50,750.00,742.85,742.85,925,29125
20220207,12:28,737.35,744.45,737.35,737.45,75,29125
20220207,12:29,748.20,748.20,748.20,748.20,25,29125
20220207,12:30,756.90,760.35,746.25,756.00,950,29050
20220207,12:31,761.40,764.10,751.45,751.45,600,29050
20220207,12:32,748.05,750.00,736.60,736.60,450,29050
20220207,12:33,741.05,741.05,741.05,741.05,25,29250
20220207,12:34,736.60,742.55,736.60,742.55,100,29250
20220207,12:35,733.85,733.85,723.50,730.45,350,29250
20220207,12:36,721.35,722.25,702.80,704.05,3900,28500
20220207,12:37,721.45,721.45,713.35,713.35,75,28500
20220207,12:38,710.00,710.00,665.35,665.35,4600,28500
20220207,12:39,669.35,681.55,660.50,680.20,1525,28775
20220207,12:40,683.10,692.55,677.75,690.70,1875,28775
20220207,12:41,695.30,704.45,695.30,698.85,2450,28775
20220207,12:42,688.15,688.65,688.15,688.45,1100,27550
20220207,12:43,702.00,718.15,702.00,714.35,900,27550
20220207,12:44,729.00,729.35,725.85,729.35,950,27550
20220207,12:45,735.80,744.65,735.80,737.10,275,27525
20220207,12:46,717.95,717.95,717.95,717.95,100,27525
20220207,12:47,710.00,712.10,709.25,709.25,175,27525
20220207,12:48,708.30,715.00,708.30,714.85,400,26975
20220207,12:49,711.95,711.95,711.95,711.95,125,26975
20220207,12:50,709.10,710.00,709.10,710.00,150,26975
20220207,12:52,710.00,710.00,701.75,701.75,50,27300
20220207,12:53,698.50,698.50,688.80,688.80,400,27300
20220207,12:54,681.35,681.35,674.65,675.00,175,25750
20220207,12:55,676.20,676.20,656.45,660.10,825,25750
20220207,12:56,659.10,669.70,659.00,659.00,1225,25750
20220207,12:57,653.60,653.60,653.60,653.60,75,26900
20220207,12:58,659.15,678.25,654.05,678.25,3275,26900
20220207,12:59,679.50,679.50,660.00,660.00,1625,26900
20220207,13:00,661.10,664.00,645.00,645.00,1350,27375
20220207,13:01,644.90,654.80,643.20,654.80,700,27375
20220207,13:02,667.35,676.85,664.70,676.85,375,27375
20220207,13:03,670.00,674.55,660.60,661.85,1800,28125
20220207,13:04,659.00,659.00,644.95,656.40,2600,28125
20220207,13:05,668.00,668.85,661.25,665.00,375,28125
20220207,13:06,655.00,658.15,646.20,647.80,900,28100
20220207,13:07,650.15,665.10,650.15,665.10,50,28100
20220207,13:08,670.00,670.00,657.50,657.50,1225,28100
20220207,13:09,655.00,655.00,639.50,639.50,2500,28500
20220207,13:10,655.95,672.10,655.85,672.10,1100,28500
20220207,13:11,670.00,672.30,659.85,659.85,2775,28500
20220207,13:12,658.35,664.00,647.50,647.50,1475,30300
20220207,13:13,645.85,655.55,644.00,651.90,1225,30300
20220207,13:14,656.75,656.75,650.00,650.00,1200,30300
20220207,13:15,649.25,670.90,636.35,670.90,3000,32075
20220207,13:16,674.40,679.80,662.10,679.80,2425,32075
20220207,13:17,664.05,670.15,655.00,655.00,175,32075
20220207,13:18,652.00,656.85,637.10,637.10,1125,29525
20220207,13:19,635.50,650.70,630.05,647.45,1950,29525
20220207,13:20,655.85,662.45,649.40,656.30,700,29525
20220207,13:21,658.55,663.05,658.55,660.05,650,31750
20220207,13:22,662.10,665.00,657.60,661.40,1200,31750
20220207,13:23,668.10,669.00,657.95,657.95,1000,31750
20220207,13:24,665.00,665.00,644.00,654.80,1000,32000
20220207,13:25,649.50,652.00,639.65,639.65,500,32000
20220207,13:26,639.65,643.20,634.50,634.50,1525,32000
20220207,13:27,633.05,647.35,623.05,628.10,3725,32425
20220207,13:28,630.80,634.00,628.10,633.30,800,32425
20220207,13:29,637.65,646.00,637.65,639.00,1600,32425
20220207,13:30,633.30,638.10,631.35,634.40,350,31175
20220207,13:31,637.85,645.50,609.90,615.50,2525,31175
20220207,13:32,620.00,627.00,620.00,625.85,1700,31175
20220207,13:33,621.40,622.10,609.50,619.60,1325,33200
20220207,13:34,613.55,615.95,608.20,612.15,2100,33200
20220207,13:35,614.60,625.35,613.55,614.70,700,33200
20220207,13:36,612.10,621.15,608.90,621.15,1400,34200
20220207,13:37,620.35,622.50,617.95,617.95,400,34200
20220207,13:38,617.70,631.00,617.70,619.00,850,34200
20220207,13:39,619.95,622.25,591.10,599.95,5150,35025
20220207,13:40,601.25,615.00,598.95,610.00,3325,35025
20220207,13:41,615.00,629.00,612.80,624.80,2325,35025
20220207,13:42,624.00,631.00,619.75,628.20,1775,33500
20220207,13:43,630.00,630.00,623.00,626.40,825,33500
20220207,13:44,622.60,622.60,613.50,615.15,925,33500
20220207,13:45,613.00,616.00,606.60,607.95,2875,32825
20220207,13:46,606.10,616.35,604.00,607.15,1825,32825
20220207,13:47,610.00,610.35,582.65,590.40,2425,32825
20220207,13:48,587.65,592.75,575.00,579.35,2975,34950
20220207,13:49,576.10,587.05,567.05,582.00,6275,34950
20220207,13:50,575.00,575.25,564.00,572.10,4875,34950
20220207,13:51,573.85,587.00,566.20,569.65,5950,38850
20220207,13:52,575.00,582.55,573.55,576.85,4375,38850
20220207,13:53,571.55,585.00,567.20,567.20,3350,38850
20220207,13:54,566.25,567.70,536.20,536.20,13050,43550
20220207,13:55,536.20,548.00,532.00,535.85,13450,43550
20220207,13:56,535.45,543.60,526.90,530.40,20900,43550
20220207,13:57,529.20,541.05,519.05,527.45,29550,55550
20220207,13:58,532.40,535.65,517.00,522.90,16875,55550
20220207,13:59,525.20,532.20,520.45,528.00,18900,55550
20220207,14:00,526.45,558.10,526.45,548.90,30575,74300
20220207,14:01,546.30,550.95,536.60,549.65,20800,74300
20220207,14:02,549.15,554.00,536.00,543.50,17725,74300
20220207,14:03,539.75,548.90,536.20,538.90,11725,85800
20220207,14:04,539.85,550.40,539.85,548.75,19925,85800
20220207,14:05,542.00,563.00,538.25,563.00,18675,85800
20220207,14:06,563.30,564.90,550.00,554.15,10175,102550
20220207,14:07,550.00,566.65,550.00,552.40,14775,102550
20220207,14:08,553.70,572.00,553.40,562.35,9000,102550
20220207,14:09,564.40,565.00,554.75,556.65,8025,108300
20220207,14:10,556.40,567.85,550.05,562.25,7300,108300
20220207,14:11,564.00,564.00,540.70,543.90,10575,108300
20220207,14:12,544.15,561.00,538.55,560.65,17625,105400
20220207,14:13,561.05,564.50,551.55,558.00,9875,105400
20220207,14:14,555.00,561.70,552.90,554.60,5375,105400
20220207,14:15,554.35,565.90,545.95,565.90,7925,117500
20220207,14:16,561.45,565.60,553.40,560.00,5125,117500
20220207,14:17,563.60,564.10,551.40,557.20,4025,117500
20220207,14:18,555.35,567.00,554.20,558.85,4000,116750
20220207,14:19,558.55,558.55,534.40,536.60,11150,116750
20220207,14:20,538.05,553.05,535.55,540.00,8525,116750
20220207,14:21,538.20,539.05,524.00,527.05,9825,119175
20220207,14:22,524.10,547.35,524.10,542.55,12700,119175
20220207,14:23,548.00,557.45,546.35,557.15,8825,119175
20220207,14:24,554.55,556.70,548.90,556.70,10450,123300
20220207,14:25,552.10,574.00,551.55,570.20,14825,123300
20220207,14:26,570.10,587.50,565.00,577.55,14250,123300
20220207,14:27,575.70,585.40,575.70,578.80,11175,120875
20220207,14:28,576.20,579.55,566.15,567.70,4675,120875
20220207,14:29,569.30,583.40,566.00,572.00,7175,120875
20220207,14:30,572.40,580.00,567.70,574.45,5625,119225
20220207,14:31,575.45,576.35,552.10,554.05,10975,119225
20220207,14:32,554.15,554.15,535.05,548.00,16350,119225
20220207,14:33,547.95,560.50,547.95,560.45,8900,124500
20220207,14:34,561.60,567.80,549.15,549.15,8975,124500
20220207,14:35,552.95,559.15,550.60,551.60,6900,124500
20220207,14:36,553.70,553.70,541.85,543.70,7350,125175
20220207,14:37,543.00,543.70,512.70,512.70,16875,125175
20220207,14:38,512.70,530.35,512.70,520.35,8400,125175
20220207,14:39,524.35,528.45,502.95,513.05,11800,134950
20220207,14:40,509.95,513.60,496.70,506.85,12925,134950
20220207,14:41,505.55,508.80,492.75,493.70,8575,134950
20220207,14:42,493.55,493.55,476.05,476.40,31300,136400
20220207,14:43,476.95,476.95,460.00,464.80,40350,136400
20220207,14:44,463.95,463.95,451.25,455.10,40175,136400
20220207,14:45,454.05,475.50,454.05,458.35,75725,174350
20220207,14:46,455.10,468.80,455.10,463.80,46500,174350
20220207,14:47,462.20,469.00,451.25,452.50,46750,174350
20220207,14:48,453.80,466.00,451.15,457.45,33600,218025
20220207,14:49,458.95,459.60,435.65,442.30,78450,218025
20220207,14:50,443.10,460.00,441.50,455.35,55000,218025
20220207,14:51,455.60,469.00,453.00,461.00,61500,235900
20220207,14:52,461.35,474.50,457.60,466.65,57300,235900
20220207,14:53,467.40,476.80,465.15,466.00,44400,235900
20220207,14:54,463.10,473.95,459.00,466.10,36550,242800
20220207,14:55,464.65,473.20,460.85,462.30,36375,242800
20220207,14:56,462.50,470.10,451.00,452.45,48125,242800
20220207,14:57,453.20,458.40,444.60,454.00,49600,243975
20220207,14:58,453.00,476.10,453.00,472.35,63475,243975
20220207,14:59,475.00,484.15,468.30,482.55,65525,243975
20220207,15:00,488.10,517.15,486.40,502.90,106950,238175
20220207,15:01,503.05,529.90,497.65,523.65,68625,238175
20220207,15:02,519.40,534.95,519.40,531.50,39325,238175
20220207,15:03,530.70,532.25,508.10,517.70,34625,230675
20220207,15:04,522.00,530.70,517.05,530.70,17425,230675
20220207,15:05,530.60,532.15,524.65,526.50,20175,230675
20220207,15:06,526.80,544.90,526.05,542.70,39550,224850
20220207,15:07,539.80,541.95,529.80,538.45,21125,224850
20220207,15:08,537.30,540.00,528.00,537.00,14875,224850
20220207,15:09,537.20,549.10,534.30,536.60,22200,209300
20220207,15:10,534.60,545.10,516.00,516.30,21925,209300
20220207,15:11,518.10,530.00,516.35,517.85,20025,209300
20220207,15:12,519.70,536.40,519.70,524.15,24225,202650
20220207,15:13,525.00,541.90,525.00,540.55,16125,202650
20220207,15:14,540.65,544.75,526.75,527.10,19250,202650
20220207,15:15,530.75,530.75,507.65,516.00,55625,204125
20220207,15:16,513.20,517.40,499.00,514.70,19875,204125
20220207,15:17,513.60,516.80,506.15,508.25,15675,204125
20220207,15:18,510.20,512.15,497.30,507.30,23175,208250
20220207,15:19,509.10,510.00,502.00,503.30,19850,208250
20220207,15:20,504.85,512.55,503.05,503.05,19300,208250
20220207,15:21,500.05,515.00,493.10,514.95,21325,186700
20220207,15:22,514.35,546.60,513.80,540.45,48950,186700
20220207,15:23,539.65,551.50,539.65,549.35,34925,186700
20220207,15:24,548.40,548.95,530.65,536.00,25325,171625
20220207,15:25,535.55,540.00,527.65,530.70,28775,171625
20220207,15:26,531.15,534.30,522.25,522.25,16125,171625
20220207,15:27,522.50,527.55,520.40,522.20,10450,173400
20220207,15:28,520.70,521.55,510.00,510.20,9575,173400
20220207,15:29,510.00,527.85,500.75,503.95,26975,173400
20220207,15:30,502.90,502.90,502.90,502.90,150,173400
20220208,09:15,570.00,606.20,519.35,576.85,57252,153750
20220208,09:16,570.30,581.35,548.35,555.90,26675,153750
20220208,09:17,552.60,573.50,537.20,553.95,27650,143675
20220208,09:18,550.35,562.30,537.20,548.10,19100,143675
20220208,09:19,539.65,539.65,503.15,522.10,35625,143675
20220208,09:20,522.45,524.45,493.55,517.55,27200,155550
20220208,09:21,513.80,536.00,507.55,529.95,18600,155550
20220208,09:22,529.40,534.55,516.55,529.00,15825,155550
20220208,09:23,527.60,532.00,512.75,512.75,15800,169775
20220208,09:24,512.15,512.15,451.30,453.30,53550,169775
20220208,09:25,446.50,463.00,418.55,424.30,75300,169775
20220208,09:26,421.45,421.45,395.80,400.00,95375,192600
20220208,09:27,403.30,427.25,391.40,426.65,116175,192600
20220208,09:28,425.45,441.10,411.00,438.20,96300,192600
20220208,09:29,435.00,458.05,425.25,453.35,84575,238650
20220208,09:30,454.80,494.10,454.80,486.90,112750,238650
20220208,09:31,492.75,529.75,492.75,505.60,90925,238650
20220208,09:32,504.40,516.25,499.70,505.30,40500,234300
20220208,09:33,506.50,518.00,487.25,516.05,39650,234300
20220208,09:34,518.30,520.00,507.40,517.35,33800,234300
20220208,09:35,516.65,568.65,516.65,558.00,75900,222050
20220208,09:36,560.00,563.20,539.55,547.45,25425,222050
20220208,09:37,547.45,560.80,522.50,530.00,25700,222050
20220208,09:38,532.50,542.10,524.45,525.50,10675,213500
20220208,09:39,526.30,530.40,488.55,494.60,38925,213500
20220208,09:40,490.45,503.70,489.90,498.55,30025,213500
20220208,09:41,497.85,497.85,461.40,471.75,37700,214400
20220208,09:42,472.20,473.55,455.05,459.20,31025,214400
20220208,09:43,460.35,471.95,459.40,462.15,37700,214400
20220208,09:44,463.50,470.00,438.45,443.85,29100,240800
20220208,09:45,443.50,443.50,421.80,421.80,57300,240800
20220208,09:46,428.15,428.15,407.45,408.60,55725,240800
20220208,09:47,408.90,410.00,398.90,401.40,44625,265300
20220208,09:48,402.65,432.90,402.65,427.50,80500,265300
20220208,09:49,427.65,437.25,421.00,436.60,64600,265300
20220208,09:50,438.15,452.90,435.80,449.15,66625,306925
20220208,09:51,444.60,446.30,409.25,422.20,52600,306925
20220208,09:52,421.60,424.30,398.15,408.65,44750,306925
20220208,09:53,408.85,408.85,392.60,395.50,40950,316300
20220208,09:54,393.55,400.50,380.00,399.65,71075,316300
20220208,09:55,398.15,413.40,396.80,411.00,58050,316300
20220208,09:56,411.20,420.20,404.35,411.00,51950,345600
20220208,09:57,411.50,411.75,384.05,384.95,45600,345600
20220208,09:58,388.05,388.25,354.00,354.00,102800,345600
20220208,09:59,357.75,379.40,344.60,369.00,150525,379825
20220208,10:00,369.70,369.70,353.35,357.85,103075,379825
20220208,10:01,356.80,385.90,350.95,372.25,117675,379825
20220208,10:02,375.45,375.45,354.00,362.80,70475,437075
20220208,10:03,366.00,379.30,360.60,375.85,67150,437075
20220208,10:04,378.55,405.85,378.55,381.10,198125,437075
20220208,10:05,383.00,384.00,364.80,372.00,88725,441775
20220208,10:06,371.55,392.10,362.95,386.20,74300,441775
20220208,10:07,387.25,395.20,379.25,395.20,50900,441775
20220208,10:08,394.35,403.65,388.35,400.45,84325,462175
20220208,10:09,399.30,400.50,370.10,377.45,74225,462175
20220208,10:10,378.35,387.95,373.50,375.05,51025,462175
20220208,10:11,373.20,373.50,356.45,356.65,77025,482525
20220208,10:12,357.80,370.60,356.25,364.15,53550,482525
20220208,10:13,364.75,367.80,357.75,361.65,42925,482525
20220208,10:14,360.75,360.75,342.40,352.20,94350,523950
20220208,10:15,351.55,351.55,330.35,331.50,133150,523950
20220208,10:16,332.25,350.00,332.25,342.65,91600,523950
20220208,10:17,339.80,364.10,338.50,346.00,126025,542250
20220208,10:18,344.10,346.15,332.55,337.30,71675,542250
20220208,10:19,336.30,343.30,328.45,332.50,48225,542250
20220208,10:20,330.00,344.00,324.20,337.40,81475,568400
20220208,10:21,340.60,342.00,329.80,330.75,45125,568400
20220208,10:22,330.60,338.95,322.85,330.45,53325,568400
20220208,10:23,330.00,335.00,327.50,330.75,38625,601075
20220208,10:24,330.85,331.20,307.25,307.55,131200,601075
20220208,10:25,306.85,306.85,296.20,303.50,134350,601075
20220208,10:26,301.65,312.95,301.65,309.00,78375,594900
20220208,10:27,310.50,311.20,288.75,293.40,98025,594900
20220208,10:28,293.50,296.45,285.10,288.50,71050,594900
20220208,10:29,288.00,288.00,275.55,276.60,98275,606225
20220208,10:30,274.20,280.15,269.05,271.00,128125,606225
20220208,10:31,273.35,274.80,263.00,264.35,92100,606225
20220208,10:32,261.00,266.40,256.50,259.30,99125,631050
20220208,10:33,258.00,266.00,251.55,266.00,129175,631050
20220208,10:34,265.25,268.65,243.70,243.70,154350,631050
20220208,10:35,245.85,254.15,242.00,245.75,122950,653625
20220208,10:36,245.60,262.75,245.60,262.75,114250,653625
20220208,10:37,260.40,263.55,254.05,260.15,92850,653625
20220208,10:38,259.00,264.25,252.05,258.55,57700,669475
20220208,10:39,260.00,260.00,236.10,240.65,121575,669475
20220208,10:40,242.95,243.45,232.95,240.75,123525,669475
20220208,10:41,238.30,242.10,234.40,236.10,61075,667600
20220208,10:42,234.50,247.55,232.35,247.55,62425,667600
20220208,10:43,244.60,257.55,231.00,237.20,122650,667600
20220208,10:44,239.30,246.00,236.40,241.20,38400,666275
20220208,10:45,240.15,255.35,236.00,255.35,68325,666275
20220208,10:46,255.65,256.95,245.00,254.05,60700,666275
20220208,10:47,255.65,256.15,250.40,252.65,32400,647000
20220208,10:48,253.55,257.05,250.05,254.30,41150,647000
20220208,10:49,252.85,257.40,250.80,253.50,33650,647000
20220208,10:50,251.30,268.50,250.30,263.30,87900,640425
20220208,10:51,259.65,266.00,256.30,264.75,58500,640425
20220208,10:52,262.55,263.75,248.75,249.30,54025,640425
20220208,10:53,248.25,254.00,241.50,242.85,45675,625850
20220208,10:54,241.85,241.85,216.70,218.85,139100,625850
20220208,10:55,217.95,225.50,213.45,217.00,85450,625850
20220208,10:56,213.30,217.65,208.05,211.95,97150,623450
20220208,10:57,211.30,221.70,209.00,212.25,84625,623450
20220208,10:58,211.15,215.75,206.60,209.60,75175,623450
20220208,10:59,209.15,211.65,201.50,204.80,82575,656050
20220208,11:00,204.35,204.35,188.40,192.05,144675,656050
20220208,11:01,191.05,196.45,186.95,193.20,95275,656050
20220208,11:02,193.00,196.75,188.00,189.70,71300,654000
20220208,11:03,190.40,190.95,183.05,183.40,82175,654000
20220208,11:04,183.20,198.60,183.20,196.00,95725,654000
20220208,11:05,194.50,198.40,188.30,197.55,81650,665500
20220208,11:06,196.15,203.40,194.75,203.20,58650,665500
20220208,11:07,203.10,203.10,193.30,198.00,43275,665500
20220208,11:08,197.85,202.60,195.05,196.40,25750,662275
20220208,11:09,196.60,198.95,184.70,186.80,45425,662275
20220208,11:10,186.65,198.55,184.10,197.45,40450,662275
20220208,11:11,196.00,202.90,194.85,202.90,33775,666375
20220208,11:12,202.30,208.70,201.65,203.90,74300,666375
20220208,11:13,205.00,208.00,198.40,205.85,46950,666375
20220208,11:14,206.25,210.00,202.85,208.35,37800,667925
20220208,11:15,209.00,210.95,199.95,206.45,57300,667925
20220208,11:16,207.35,219.55,204.90,218.60,91800,667925
20220208,11:17,219.25,224.35,215.05,223.45,85400,656850
20220208,11:18,221.80,223.75,211.05,212.20,83300,656850
20220208,11:19,213.60,223.00,213.60,218.55,49250,656850
20220208,11:20,219.50,222.90,212.05,222.00,52900,662575
20220208,11:21,223.65,228.20,219.15,219.15,75650,662575
20220208,11:22,217.95,225.80,217.95,223.75,40025,662575
20220208,11:23,224.25,225.35,217.30,219.40,38625,664750
20220208,11:24,220.15,220.15,203.80,205.00,54325,664750
20220208,11:25,204.65,207.60,197.15,206.15,66675,664750
20220208,11:26,206.95,223.00,204.50,217.10,53325,653275
20220208,11:27,216.80,225.70,216.75,225.00,39250,653275
20220208,11:28,225.75,233.80,223.60,226.80,57650,653275
20220208,11:29,226.15,239.00,226.05,233.70,68600,655400
20220208,11:30,230.05,243.00,230.05,237.35,76000,655400
20220208,11:31,237.40,237.40,219.80,231.70,61750,655400
20220208,11:32,233.25,237.00,225.00,225.00,39900,655625
20220208,11:33,224.85,239.00,223.75,239.00,34775,655625
20220208,11:34,237.80,246.60,236.75,244.15,74375,655625
20220208,11:35,244.20,270.60,237.05,268.35,133400,649100
20220208,11:36,269.05,285.55,262.90,279.50,186475,649100
20220208,11:37,278.50,280.15,268.20,276.00,80725,649100
20220208,11:38,277.60,279.50,264.50,269.50,76725,629275
20220208,11:39,270.15,275.25,263.25,269.60,58825,629275
20220208,11:40,270.00,271.95,252.00,252.00,82700,629275
20220208,11:41,254.10,281.70,253.00,279.55,101750,621925
20220208,11:42,280.55,280.55,271.85,279.85,75500,621925
20220208,11:43,279.30,285.40,273.40,278.80,89625,621925
20220208,11:44,277.70,281.60,272.50,277.10,58350,642000
20220208,11:45,277.15,279.00,260.65,264.35,71050,642000
20220208,11:46,265.55,265.55,245.15,253.45,95200,642000
20220208,11:47,254.00,279.55,254.00,274.65,60175,626875
20220208,11:48,278.85,304.15,276.50,296.45,162975,626875
20220208,11:49,298.50,304.90,294.20,297.90,122450,626875
20220208,11:50,299.05,309.75,298.65,309.75,125900,632200
20220208,11:51,307.35,312.15,300.75,305.00,104875,632200
20220208,11:52,304.00,329.70,303.20,316.20,176650,632200
20220208,11:53,318.70,329.90,315.20,315.20,102025,637150
20220208,11:54,316.05,316.05,303.80,306.40,88075,637150
20220208,11:55,308.15,324.15,300.95,300.95,112300,637150
20220208,11:56,303.60,326.25,297.20,326.25,105675,661300
20220208,11:57,326.00,326.00,316.20,318.75,88075,661300
20220208,11:58,318.30,318.30,303.40,303.40,78400,661300
20220208,11:59,302.60,313.30,301.60,313.30,50725,676325
20220208,12:00,315.95,323.00,310.60,317.35,91450,676325
20220208,12:01,316.40,319.00,298.95,309.85,100975,676325
20220208,12:02,307.65,311.70,301.00,301.00,62150,698025
20220208,12:03,301.45,310.15,301.25,302.85,64050,698025
20220208,12:04,302.45,345.25,302.45,340.05,222875,698025
20220208,12:05,338.40,338.40,319.20,332.65,174975,698025
20220208,12:06,331.55,331.55,324.80,329.25,79625,695000
20220208,12:07,330.60,346.80,330.15,336.30,164225,695000
20220208,12:08,336.60,341.10,328.05,337.40,105625,695000
20220208,12:09,340.00,341.95,326.60,335.75,97925,719150
20220208,12:10,337.00,337.00,319.00,326.00,93425,719150
20220208,12:11,326.15,347.95,325.50,334.55,151550,719150
20220208,12:12,335.70,345.80,331.05,331.05,104500,709800
20220208,12:13,330.15,330.15,313.20,319.05,111925,709800
20220208,12:14,318.70,318.75,294.35,294.35,122350,709800
20220208,12:15,294.10,315.00,294.10,301.75,108025,714400
20220208,12:16,303.45,313.85,300.15,308.45,63900,714400
20220208,12:17,309.15,328.00,309.15,326.50,78325,714400
20220208,12:18,327.50,338.40,325.65,327.50,118475,723225
20220208,12:19,329.30,336.30,325.65,335.60,72025,723225
20220208,12:20,335.80,359.00,333.25,358.00,230275,723225
20220208,12:21,358.90,379.45,358.90,369.80,338275,722725
20220208,12:22,371.70,397.30,371.70,395.15,224675,722725
20220208,12:23,401.05,401.05,386.10,386.10,183575,722725
20220208,12:24,386.40,387.10,377.70,382.00,136725,708250
20220208,12:25,381.30,382.90,369.15,374.50,117175,708250
20220208,12:26,373.70,384.50,363.35,384.50,118575,708250
20220208,12:27,383.00,405.25,382.10,401.25,194950,748175
20220208,12:28,400.00,403.85,390.85,393.35,141750,748175
20220208,12:29,394.40,394.40,380.25,391.30,89725,748175
20220208,12:30,389.95,404.90,373.10,383.10,212375,739400
20220208,12:31,387.35,387.35,377.85,380.00,78750,739400
20220208,12:32,378.05,407.10,378.05,394.00,123550,739400
20220208,12:33,398.95,403.35,388.35,391.70,79150,708025
20220208,12:34,391.10,396.00,381.60,386.95,59075,708025
20220208,12:35,387.50,400.35,387.50,397.20,71350,708025
20220208,12:36,395.90,402.20,385.85,387.10,75675,707375
20220208,12:37,390.25,413.45,381.70,413.45,110025,707375
20220208,12:38,415.20,428.00,406.90,428.00,158300,707375
20220208,12:39,428.95,440.20,425.00,440.20,141775,684425
20220208,12:40,436.75,454.65,435.40,444.35,158925,684425
20220208,12:41,446.95,457.10,446.10,447.05,95475,684425
20220208,12:42,445.95,474.40,430.00,472.60,146200,615300
20220208,12:43,472.95,477.10,451.95,459.40,107725,615300
20220208,12:44,459.25,462.70,450.55,458.45,44725,615300
20220208,12:45,462.65,474.15,457.10,460.80,64900,580875
20220208,12:46,461.15,466.25,457.05,462.25,60225,580875
20220208,12:47,462.20,463.15,445.55,459.25,53100,580875
20220208,12:48,463.15,488.75,459.65,483.90,99525,549650
20220208,12:49,485.50,497.40,481.00,497.40,81450,549650
20220208,12:50,503.90,505.95,475.30,476.30,114775,549650
20220208,12:51,482.00,482.35,436.15,436.15,75950,499650
20220208,12:52,437.45,444.95,417.20,443.95,91925,499650
20220208,12:53,445.00,445.00,419.05,419.05,57225,499650
20220208,12:54,419.30,420.00,390.80,392.80,106400,487425
20220208,12:55,389.60,412.15,374.95,379.15,122800,487425
20220208,12:56,381.25,412.00,381.25,412.00,92000,487425
20220208,12:57,416.75,417.25,399.60,403.85,60200,472725
20220208,12:58,404.80,406.30,395.55,402.10,37375,472725
20220208,12:59,405.60,406.45,393.60,394.35,29875,472725
20220208,13:00,390.55,416.10,390.55,408.25,59100,472575
20220208,13:01,403.65,403.65,350.30,353.85,128275,472575
20220208,13:02,358.65,364.05,335.85,348.65,143725,472575
20220208,13:03,345.65,345.90,328.75,339.85,113950,512575
20220208,13:04,343.30,345.55,329.20,339.45,95300,512575
20220208,13:05,340.10,347.55,335.00,342.45,80675,512575
20220208,13:06,345.00,351.10,325.00,325.00,112400,539400
20220208,13:07,322.65,330.20,317.35,321.50,125900,539400
20220208,13:08,319.05,320.45,296.20,300.40,157700,539400
20220208,13:09,296.85,303.65,294.50,297.05,126250,561075
20220208,13:10,291.05,303.50,282.10,300.10,144525,561075
20220208,13:11,297.65,298.95,288.80,294.30,76525,561075
20220208,13:12,294.95,311.50,293.00,307.00,117975,591200
20220208,13:13,302.55,311.50,296.75,301.45,93600,591200
20220208,13:14,301.20,301.20,269.90,274.70,139725,591200
20220208,13:15,272.40,284.10,265.95,265.95,128850,610475
20220208,13:16,265.80,275.55,262.00,275.35,107300,610475
20220208,13:17,273.80,289.40,273.80,281.10,78775,610475
20220208,13:18,279.50,292.85,279.20,289.85,48925,637875
20220208,13:19,288.25,294.90,284.05,294.90,48550,637875
20220208,13:20,294.25,319.95,291.05,319.95,134925,637875
20220208,13:21,316.75,327.75,316.10,324.65,129350,647950
20220208,13:22,322.00,322.75,303.55,305.00,116050,647950
20220208,13:23,304.05,315.05,297.50,314.05,83575,647950
20220208,13:24,312.30,324.20,307.35,324.15,61550,647950
20220208,13:25,323.20,323.20,310.05,311.40,76825,647950
20220208,13:26,312.25,324.05,309.25,324.05,61375,647950
20220208,13:27,323.70,323.70,314.30,320.35,43200,654175
20220208,13:28,320.00,320.00,274.45,290.95,130875,654175
20220208,13:29,290.00,309.75,289.75,302.80,66250,654175
20220208,13:30,302.75,303.00,283.90,294.30,61650,632950
20220208,13:31,293.05,301.15,288.00,301.15,44850,632950
20220208,13:32,301.90,344.20,299.65,341.45,174775,632950
20220208,13:33,337.70,369.70,337.70,360.20,260950,630900
20220208,13:34,361.10,365.90,352.80,360.80,142000,630900
20220208,13:35,359.75,384.65,356.95,380.30,249575,630900
20220208,13:36,378.60,386.25,365.25,365.25,131250,638225
20220208,13:37,363.90,367.40,342.80,350.00,136125,638225
20220208,13:38,348.65,364.95,342.70,363.10,99400,638225
20220208,13:39,363.05,372.20,360.00,366.30,100350,648675
20220208,13:40,363.00,379.95,361.65,374.90,111250,648675
20220208,13:41,372.95,374.95,366.00,368.25,55275,648675
20220208,13:42,368.60,371.90,358.75,359.90,59425,654500
20220208,13:43,355.15,378.70,355.15,378.70,74225,654500
20220208,13:44,378.85,382.05,332.45,353.65,161250,654500
20220208,13:45,358.40,384.85,348.85,384.85,124100,650600
20220208,13:46,387.95,404.30,387.95,394.20,237975,650600
20220208,13:47,393.15,393.15,352.30,369.05,168325,650600
20220208,13:48,367.25,371.25,354.55,356.20,68925,659325
20220208,13:49,355.85,359.30,338.40,339.45,98575,659325
20220208,13:50,337.45,352.85,337.45,346.05,74375,659325
20220208,13:51,347.70,347.70,315.10,336.20,138225,647800
20220208,13:52,334.95,353.25,329.80,347.75,68300,647800
20220208,13:53,348.45,351.30,327.70,336.60,73025,647800
20220208,13:54,334.00,338.90,326.00,333.00,42775,647200
20220208,13:55,333.30,338.15,321.20,332.15,75875,647200
20220208,13:56,326.95,328.55,305.50,311.40,115450,647200
20220208,13:57,311.05,311.80,295.15,308.15,117450,655075
20220208,13:58,310.00,318.95,306.10,318.95,45225,655075
20220208,13:59,321.00,325.00,315.65,320.65,62200,655075
20220208,14:00,321.55,323.65,301.05,301.05,71575,638325
20220208,14:01,300.00,316.40,297.80,315.75,83700,638325
20220208,14:02,317.25,327.95,314.45,323.85,91550,638325
20220208,14:03,319.10,331.90,319.10,330.70,66425,664675
20220208,14:04,329.45,337.60,306.30,314.05,124075,664675
20220208,14:05,310.00,315.25,305.45,315.00,65925,664675
20220208,14:06,316.85,318.25,309.00,314.25,37200,663475
20220208,14:07,310.80,327.00,308.35,327.00,48525,663475
20220208,14:08,323.30,331.70,307.90,308.55,103300,663475
20220208,14:09,306.95,314.35,300.75,314.35,76850,677875
20220208,14:10,313.35,327.60,302.25,303.90,88675,677875
20220208,14:11,303.45,310.60,294.80,310.60,84700,677875
20220208,14:12,309.55,310.05,303.40,304.80,32225,683475
20220208,14:13,304.50,304.50,279.25,281.25,119450,683475
20220208,14:14,279.20,289.65,275.15,284.60,95025,683475
20220208,14:15,282.15,294.80,278.75,289.40,64625,675375
20220208,14:16,285.85,293.40,273.80,273.80,62650,675375
20220208,14:17,268.95,276.25,264.85,273.90,89900,675375
20220208,14:18,270.05,279.05,262.75,274.95,73050,658725
20220208,14:19,274.25,296.00,272.65,295.30,71275,658725
20220208,14:20,298.10,308.00,286.00,286.85,150025,658725
20220208,14:21,286.40,304.70,285.70,302.70,66000,675625
20220208,14:22,301.40,301.40,290.15,297.30,40475,675625
20220208,14:23,295.65,304.70,293.20,301.55,70025,675625
20220208,14:24,301.60,309.00,296.00,300.15,65550,683150
20220208,14:25,299.25,309.85,296.15,308.20,60075,683150
20220208,14:26,305.75,312.30,295.00,297.70,61575,683150
20220208,14:27,294.25,299.60,286.30,289.85,54700,686650
20220208,14:28,289.70,296.85,273.55,278.60,65525,686650
20220208,14:29,276.60,316.95,275.00,314.80,145950,686650
20220208,14:30,313.80,319.20,305.10,313.35,122550,695525
20220208,14:31,316.00,317.00,305.80,312.35,74175,695525
20220208,14:32,312.00,329.25,308.20,322.40,149000,695525
20220208,14:33,319.30,325.00,315.10,323.90,75250,723375
20220208,14:34,323.95,325.70,311.05,323.10,80250,723375
20220208,14:35,321.50,338.65,288.65,331.55,243300,723375
20220208,14:36,333.05,333.05,319.20,322.70,139350,725800
20220208,14:37,322.60,322.60,308.75,313.40,96225,725800
20220208,14:38,312.45,318.25,295.70,306.15,77100,725800
20220208,14:39,304.00,312.00,301.05,308.95,66000,713725
20220208,14:40,307.00,316.00,300.45,303.65,92900,713725
20220208,14:41,298.25,303.45,290.90,303.45,80675,713725
20220208,14:42,304.45,311.90,300.00,306.80,67625,693025
20220208,14:43,308.55,314.65,306.65,312.90,75525,693025
20220208,14:44,313.30,327.65,312.30,327.65,142975,693025
20220208,14:45,325.00,346.70,325.00,343.95,254475,713100
20220208,14:46,345.25,349.00,332.35,336.75,133775,713100
20220208,14:47,337.30,342.00,305.05,312.35,176975,713100
20220208,14:48,310.70,322.80,306.15,320.85,87375,708475
20220208,14:49,319.50,319.50,309.55,315.40,77900,708475
20220208,14:50,312.50,329.90,309.25,327.20,107900,708475
20220208,14:51,327.75,339.35,319.45,339.35,89900,710400
20220208,14:52,336.40,344.95,333.45,341.95,135025,710400
20220208,14:53,341.00,341.00,328.20,337.55,65400,710400
20220208,14:54,337.20,337.20,307.05,312.65,170550,711700
20220208,14:55,314.20,356.05,312.55,353.25,234950,711700
20220208,14:56,351.10,373.75,347.00,373.40,249750,711700
20220208,14:57,375.25,392.95,372.90,385.10,226300,631725
20220208,14:58,386.85,402.70,386.70,398.95,175150,631725
20220208,14:59,402.60,403.85,388.30,401.15,107300,631725
20220208,15:00,397.85,440.65,395.05,434.85,249000,581950
20220208,15:01,428.55,447.40,418.50,445.25,173500,581950
20220208,15:02,446.40,462.70,433.80,458.85,166350,581950
20220208,15:03,460.30,477.15,458.30,470.00,143175,501800
20220208,15:04,470.45,470.45,445.45,459.00,148200,501800
20220208,15:05,462.05,478.25,459.80,465.85,105975,501800
20220208,15:06,465.65,478.40,451.35,476.45,117175,464325
20220208,15:07,479.20,499.90,463.30,498.65,123625,464325
20220208,15:08,500.15,506.80,492.00,500.10,113125,464325
20220208,15:09,500.80,502.00,449.65,449.65,127500,450575
20220208,15:10,450.20,477.80,434.05,469.25,107375,450575
20220208,15:11,470.25,473.10,446.55,462.85,45825,450575
20220208,15:12,463.35,463.35,448.20,456.70,32050,459875
20220208,15:13,457.95,470.90,456.50,464.95,41075,459875
20220208,15:14,461.90,467.55,453.95,463.45,39000,459875
20220208,15:15,464.15,472.80,456.20,458.25,101550,425900
20220208,15:16,461.80,466.95,451.05,451.05,41275,425900
20220208,15:17,455.70,455.70,431.25,435.70,54500,425900
20220208,15:18,435.75,440.00,423.00,430.10,46600,422975
20220208,15:19,429.25,429.25,411.85,418.40,68300,422975
20220208,15:20,419.60,425.35,413.20,415.55,42075,422975
20220208,15:21,414.85,431.80,407.20,431.80,76850,400925
20220208,15:22,429.15,435.00,419.75,424.30,71175,400925
20220208,15:23,426.00,442.95,420.80,442.95,35125,400925
20220208,15:24,446.55,446.55,421.45,421.45,47350,374375
20220208,15:25,424.05,427.75,411.35,411.85,33300,374375
20220208,15:26,410.05,412.35,378.15,378.15,41575,374375
20220208,15:27,379.65,392.85,379.65,381.45,38525,335950
20220208,15:28,382.95,383.90,365.15,365.15,26900,335950
20220208,15:29,365.35,385.60,365.15,384.00,49775,335950
20220208,15:30,380.00,380.00,380.00,380.00,25,335950
20220209,09:15,550.00,569.65,479.50,559.15,125652,303300
20220209,09:16,560.70,598.00,558.15,590.45,69425,303300
20220209,09:17,593.60,618.70,581.45,618.70,57225,283600
20220209,09:18,618.70,626.25,601.65,606.00,31925,283600
20220209,09:19,606.05,611.60,572.10,580.00,43325,283600
20220209,09:20,581.55,586.05,551.30,579.30,41225,265625
20220209,09:21,579.20,581.35,557.55,572.00,25400,265625
20220209,09:22,565.50,579.10,537.85,576.85,35125,265625
20220209,09:23,583.40,642.05,582.75,638.35,53550,270550
20220209,09:24,636.80,651.80,617.55,632.75,30525,270550
20220209,09:25,634.40,683.70,634.40,676.80,35350,270550
20220209,09:26,677.00,688.10,646.15,660.55,36475,255500
20220209,09:27,658.80,674.05,658.80,674.05,11900,255500
20220209,09:28,673.55,681.50,660.90,674.65,12475,255500
20220209,09:29,671.20,684.00,661.15,680.40,11975,262825
20220209,09:30,675.75,688.90,665.00,673.30,21975,262825
20220209,09:31,672.60,695.60,668.25,691.70,23300,262825
20220209,09:32,696.00,718.50,694.05,704.25,24775,246050
20220209,09:33,708.60,714.80,699.55,709.15,15150,246050
20220209,09:34,708.45,711.55,676.70,685.85,22275,246050
20220209,09:35,683.25,691.20,672.05,686.70,31675,250375
20220209,09:36,688.85,719.75,674.55,714.90,10550,250375
20220209,09:37,717.05,725.00,680.75,684.40,20800,250375
20220209,09:38,682.65,683.65,645.00,666.50,30300,249175
20220209,09:39,661.55,682.00,648.35,671.95,26575,249175
20220209,09:40,670.95,688.45,660.85,660.85,16200,249175
20220209,09:41,660.40,678.95,659.95,666.05,4700,245875
20220209,09:42,660.60,666.40,647.20,652.40,14300,245875
20220209,09:43,652.10,669.65,649.45,660.00,5125,245875
20220209,09:44,656.50,678.05,654.85,672.50,4750,213100
20220209,09:45,678.55,728.00,678.55,714.20,15550,213100
20220209,09:46,719.40,739.50,717.50,732.00,10375,213100
20220209,09:47,734.20,753.60,734.20,747.95,7425,201375
20220209,09:48,745.55,758.55,730.65,758.55,10625,201375
20220209,09:49,745.10,760.00,745.10,757.90,7875,201375
20220209,09:50,761.90,766.80,736.55,745.15,9175,191700
20220209,09:51,743.50,754.05,734.80,734.80,11875,191700
20220209,09:52,733.75,746.75,731.10,737.40,3900,191700
20220209,09:53,736.55,742.20,717.65,726.25,8025,188500
20220209,09:54,730.65,744.00,724.40,740.95,3425,188500
20220209,09:55,736.00,738.35,717.20,719.20,4250,188500
20220209,09:56,717.05,721.90,696.00,709.50,7225,190100
20220209,09:57,707.50,742.35,702.00,739.00,8250,190100
20220209,09:58,740.80,740.80,727.00,740.00,3100,190100
20220209,09:59,739.35,740.60,710.00,717.40,7625,185525
20220209,10:00,724.10,737.00,717.95,717.95,7200,185525
20220209,10:01,717.50,720.20,705.00,711.00,4200,185525
20220209,10:02,711.60,712.00,695.20,712.00,4100,186150
20220209,10:03,712.15,712.15,686.40,691.00,5150,186150
20220209,10:04,686.65,703.80,683.95,689.75,5450,186150
20220209,10:05,685.00,700.85,667.25,676.60,4975,182625
20220209,10:06,677.60,684.25,655.00,678.90,9250,182625
20220209,10:07,680.80,694.45,677.20,687.00,10225,182625
20220209,10:08,690.75,715.00,690.75,714.65,6500,188350
20220209,10:09,715.25,735.00,715.10,731.75,8050,188350
20220209,10:10,732.30,733.40,719.75,719.75,3100,188350
20220209,10:11,720.35,732.40,713.80,721.25,3850,181075
20220209,10:12,721.20,734.00,721.20,727.60,2075,181075
20220209,10:13,726.95,727.35,690.15,707.15,7950,181075
20220209,10:14,702.85,719.20,701.90,714.35,3550,178900
20220209,10:15,711.15,728.80,711.15,727.05,2550,178900
20220209,10:16,723.75,723.75,701.20,711.95,6100,178900
20220209,10:17,712.35,712.35,699.25,707.60,1650,178825
20220209,10:18,707.70,711.00,695.00,699.95,1675,178825
20220209,10:19,700.00,705.00,687.00,702.00,3225,178825
20220209,10:20,696.35,705.00,695.00,698.35,2650,180575
20220209,10:21,700.80,707.10,684.60,691.00,2150,180575
20220209,10:22,687.95,689.15,677.95,684.60,3625,180575
20220209,10:23,692.55,712.00,689.90,709.30,2225,180800
20220209,10:24,710.80,713.70,690.25,694.40,2225,180800
20220209,10:25,700.00,700.00,663.20,668.45,3775,180800
20220209,10:26,669.70,669.70,639.05,647.60,7400,182800
20220209,10:27,644.00,658.80,642.70,652.15,3675,182800
20220209,10:28,652.05,652.05,610.00,615.40,15175,182800
20220209,10:29,618.20,641.20,615.00,626.10,10575,185600
20220209,10:30,627.45,634.20,599.00,613.35,12725,185600
20220209,10:31,615.35,629.65,603.40,610.65,6100,185600
20220209,10:32,616.60,635.90,615.95,631.90,4800,186450
20220209,10:33,628.80,642.60,628.80,637.70,3975,186450
20220209,10:34,638.95,639.80,600.45,606.00,6000,186450
20220209,10:35,608.90,611.90,579.90,600.20,13575,184800
20220209,10:36,594.35,630.00,592.50,625.55,10775,184800
20220209,10:37,628.90,678.95,628.30,676.35,11650,184800
20220209,10:38,665.55,670.00,642.90,644.70,7275,185625
20220209,10:39,646.15,670.00,646.15,670.00,5825,185625
20220209,10:40,670.90,673.20,660.30,663.90,2600,185625
20220209,10:41,663.05,666.80,649.70,651.10,3675,187450
20220209,10:42,651.00,657.40,640.00,650.45,2375,187450
20220209,10:43,650.45,678.60,650.45,671.50,2525,187450
20220209,10:44,668.45,675.00,663.95,670.95,1250,186700
20220209,10:45,672.00,684.50,670.05,684.50,8875,186700
20220209,10:46,689.90,701.45,689.90,695.20,12275,186700
20220209,10:47,695.35,710.00,694.45,702.85,5450,184775
20220209,10:48,706.40,710.15,698.00,700.80,6925,184775
20220209,10:49,701.80,709.00,695.40,709.00,5875,184775
20220209,10:50,709.35,709.90,695.00,695.00,1875,180100
20220209,10:51,693.00,704.75,683.05,685.20,3675,180100
20220209,10:52,690.00,693.45,673.05,684.80,4750,180100
20220209,10:53,681.90,694.95,681.90,687.45,900,179100
20220209,10:54,695.20,719.15,695.20,713.45,3025,179100
20220209,10:55,716.05,716.05,703.20,707.20,1500,179100
20220209,10:56,709.00,730.00,709.00,720.40,4750,178325
20220209,10:57,718.20,727.95,718.20,724.90,1500,178325
20220209,10:58,728.05,728.05,696.40,701.00,3700,178325
20220209,10:59,697.75,709.00,696.40,700.20,3975,178025
20220209,11:00,701.90,701.90,687.00,694.10,6075,178025
20220209,11:01,687.00,687.00,658.25,666.20,6700,178025
20220209,11:02,666.55,682.00,664.60,669.30,2950,178650
20220209,11:03,664.15,672.05,653.60,669.50,5200,178650
20220209,11:04,670.00,675.00,669.50,671.00,1500,178650
20220209,11:05,669.90,669.90,645.00,645.60,7400,182300
20220209,11:06,643.10,648.20,640.00,640.00,3800,182300
20220209,11:07,639.00,646.95,632.80,646.95,6800,182300
20220209,11:08,643.10,643.60,616.55,623.95,8750,187725
20220209,11:09,628.00,645.00,623.00,632.05,5525,187725
20220209,11:10,630.20,639.35,611.30,639.35,9775,187725
20220209,11:11,636.25,655.00,633.20,650.75,5875,188075
20220209,11:12,652.05,658.20,643.65,654.45,3825,188075
20220209,11:13,654.00,656.35,640.00,640.00,2675,188075
20220209,11:14,641.60,652.05,632.20,648.25,3675,187950
20220209,11:15,644.90,652.50,637.10,650.00,2900,187950
20220209,11:16,651.85,661.40,633.30,636.25,6000,187950
20220209,11:17,637.45,657.15,625.00,657.15,4400,188425
20220209,11:18,655.60,659.40,642.00,644.05,2200,188425
20220209,11:19,645.50,655.75,642.15,655.00,2200,188425
20220209,11:20,653.95,677.50,653.95,674.65,3675,187975
20220209,11:21,676.45,680.00,667.95,671.45,5025,187975
20220209,11:22,673.00,676.60,655.00,658.00,3325,187975
20220209,11:23,655.70,663.95,654.90,656.40,1650,185075
20220209,11:24,662.65,673.60,656.45,668.75,975,185075
20220209,11:25,670.65,671.85,665.70,670.50,750,185075
20220209,11:26,669.50,671.25,662.85,663.25,775,184825
20220209,11:27,670.00,683.00,670.00,680.00,1925,184825
20220209,11:28,679.05,684.00,679.00,679.75,1400,184825
20220209,11:29,682.05,682.25,661.00,661.00,2175,186450
20220209,11:30,659.00,659.00,639.00,639.20,2275,186450
20220209,11:31,645.00,651.10,645.00,645.00,1750,186450
20220209,11:32,643.15,646.00,630.80,642.55,3675,186725
20220209,11:33,646.00,654.80,642.15,646.05,2550,186725
20220209,11:34,646.10,650.00,640.00,640.00,3025,186725
20220209,11:35,637.00,644.20,635.65,644.00,2550,188975
20220209,11:36,643.50,644.90,629.55,629.55,2175,188975
20220209,11:37,633.95,641.35,633.00,639.00,725,188975
20220209,11:38,639.00,647.00,636.70,644.40,3125,188975
20220209,11:39,644.60,669.55,644.60,654.00,6025,188925
20220209,11:40,654.45,665.50,654.45,656.45,300,188925
20220209,11:41,651.90,651.90,630.80,634.50,1075,186200
20220209,11:42,636.80,638.45,631.10,638.00,1000,186200
20220209,11:43,644.85,651.15,641.25,647.55,600,186200
20220209,11:44,644.80,649.00,634.00,637.10,3875,188400
20220209,11:45,640.40,646.85,634.00,644.70,925,188400
20220209,11:46,650.00,664.60,650.00,661.80,2525,188400
20220209,11:47,665.00,671.15,659.20,660.60,4800,188400
20220209,11:48,665.00,674.60,658.95,669.55,3125,188875
20220209,11:49,669.55,670.00,660.00,661.50,3025,188875
20220209,11:50,664.60,664.60,656.50,662.35,1175,188875
20220209,11:51,656.60,679.75,656.60,677.55,4125,192125
20220209,11:52,679.65,698.90,679.65,688.40,4450,192125
20220209,11:53,685.00,686.15,678.70,678.70,4100,190750
20220209,11:54,679.00,684.00,673.80,677.00,1575,190750
20220209,11:55,676.70,681.95,675.00,675.00,1725,190750
20220209,11:56,677.70,704.00,676.35,700.00,4800,191200
20220209,11:57,697.15,702.95,684.70,687.50,3350,191200
20220209,11:58,685.00,686.20,676.75,676.75,1850,191200
20220209,11:59,680.00,682.30,673.00,682.30,1050,191200
20220209,12:00,681.85,686.85,677.45,677.45,225,190525
20220209,12:01,670.00,670.95,660.00,665.00,2450,190525
20220209,12:02,662.40,678.80,660.00,677.45,3500,190525
20220209,12:03,678.75,678.75,659.85,669.55,750,186675
20220209,12:04,673.20,674.20,666.25,674.00,1000,186675
20220209,12:05,671.00,671.00,665.00,668.15,525,186675
20220209,12:06,666.10,696.55,666.10,689.05,2900,186675
20220209,12:07,692.00,692.00,681.20,684.05,1575,186675
20220209,12:08,684.00,716.45,682.25,716.40,5775,186675
20220209,12:09,724.00,747.95,711.00,736.15,10575,185350
20220209,12:10,733.05,738.25,716.75,722.00,3950,185350
20220209,12:11,721.80,724.20,710.00,714.30,2450,185350
20220209,12:12,714.65,717.60,714.50,716.50,650,184525
20220209,12:13,720.00,725.00,715.60,720.00,875,184525
20220209,12:14,721.65,721.65,704.65,711.10,800,184525
20220209,12:15,705.10,733.40,702.40,733.40,3350,184600
20220209,12:16,736.50,750.00,730.00,750.00,13300,184600
20220209,12:17,755.00,757.45,736.45,738.35,5325,184600
20220209,12:18,737.30,745.55,733.65,736.50,3625,184300
20220209,12:19,740.80,747.35,740.80,747.35,4100,184300
20220209,12:20,750.00,752.30,740.00,740.00,1800,184300
20220209,12:21,741.35,749.65,735.05,744.30,3075,183175
20220209,12:22,748.20,756.00,738.00,751.80,4825,183175
20220209,12:23,750.25,753.30,745.00,747.95,2925,183175
20220209,12:24,749.00,753.00,727.20,727.20,3525,182650
20220209,12:25,725.90,739.60,725.90,731.30,3350,182650
20220209,12:26,732.20,734.90,728.05,733.95,1650,182650
20220209,12:27,736.50,740.00,688.75,697.15,6750,182350
20220209,12:28,698.05,718.75,694.00,714.40,4150,182350
20220209,12:29,715.50,748.00,715.50,741.70,3200,182350
20220209,12:30,741.10,747.90,735.00,735.00,1825,184250
20220209,12:31,738.65,744.10,730.00,730.00,1125,184250
20220209,12:32,732.00,739.85,730.00,730.00,500,184250
20220209,12:33,730.20,730.20,715.80,715.80,1150,184850
20220209,12:34,716.95,725.95,714.00,718.95,1600,184850
20220209,12:35,714.15,725.00,706.20,712.00,1875,184850
20220209,12:36,717.80,721.95,703.00,706.85,975,186275
20220209,12:37,708.70,716.25,705.00,710.70,1225,186275
20220209,12:38,711.80,724.65,711.80,720.45,1050,186275
20220209,12:39,725.35,739.40,725.35,732.70,4425,185975
20220209,12:40,736.45,736.65,728.00,736.65,2650,185975
20220209,12:41,741.00,745.00,739.45,741.25,800,185975
20220209,12:42,737.85,751.80,735.00,746.80,1625,183525
20220209,12:43,742.40,743.40,731.40,733.55,950,183525
20220209,12:44,737.30,737.30,722.65,731.50,1325,183525
20220209,12:45,731.95,766.00,731.95,765.35,1975,185350
20220209,12:46,763.80,790.40,762.45,774.50,15150,185350
20220209,12:47,776.20,778.55,761.00,761.00,2200,185350
20220209,12:48,765.60,767.40,740.05,740.05,4625,184025
20220209,12:49,747.90,752.25,726.25,731.10,3975,184025
20220209,12:50,733.20,745.30,728.50,737.05,2925,184025
20220209,12:51,732.05,735.55,716.45,719.70,3075,182350
20220209,12:52,720.00,734.00,720.00,731.70,800,182350
20220209,12:53,735.35,751.45,735.35,749.00,1975,182350
20220209,12:54,751.40,751.40,743.35,747.05,2375,180525
20220209,12:55,747.05,751.00,735.55,737.05,775,180525
20220209,12:56,736.60,736.60,726.50,727.80,700,180525
20220209,12:57,729.80,729.80,729.80,729.80,100,180525
20220209,12:58,728.00,732.35,727.25,731.90,1150,178550
20220209,12:59,731.90,731.90,723.55,728.75,325,178550
20220209,13:00,721.00,722.15,700.00,705.95,3850,176300
20220209,13:01,717.00,724.00,717.00,724.00,2075,176300
20220209,13:02,724.50,730.00,719.25,722.50,1050,176300
20220209,13:03,716.25,716.25,716.25,716.25,50,175425
20220209,13:04,710.00,711.95,700.05,705.00,2100,175425
20220209,13:05,701.00,706.20,665.35,669.40,6175,175425
20220209,13:06,661.65,679.40,652.20,654.45,8125,177575
20220209,13:07,650.00,655.65,635.65,635.65,8825,177575
20220209,13:08,634.60,655.00,628.00,639.55,4300,177575
20220209,13:09,632.35,654.45,632.35,640.60,3325,178625
20220209,13:10,635.00,650.00,634.65,639.75,2300,178625
20220209,13:11,636.15,647.80,622.20,638.55,5450,178625
20220209,13:12,639.25,644.00,627.80,638.35,2100,179250
20220209,13:13,639.45,644.60,635.15,642.95,1575,179250
20220209,13:14,642.95,645.00,635.00,635.55,1550,179250
20220209,13:15,635.05,664.30,635.00,662.45,5025,179850
20220209,13:16,655.20,668.30,655.20,666.20,3575,179850
20220209,13:17,662.70,669.00,650.00,653.40,2550,179850
20220209,13:18,650.00,655.85,638.00,639.75,2375,177800
20220209,13:19,641.75,690.00,641.75,685.60,5350,177800
20220209,13:20,686.85,715.00,686.85,703.30,8175,177800
20220209,13:21,707.05,713.90,690.00,690.00,5525,178050
20220209,13:22,691.65,702.35,683.00,690.55,1700,178050
20220209,13:23,685.40,690.00,677.60,687.00,3000,178050
20220209,13:24,694.25,704.70,688.15,698.00,2375,178900
20220209,13:25,697.30,697.30,672.10,689.00,3575,178900
20220209,13:26,692.60,702.00,692.60,699.50,3575,178900
20220209,13:27,694.65,702.00,690.10,696.10,1025,177025
20220209,13:28,690.00,697.45,689.45,690.00,1950,177025
20220209,13:29,688.70,697.00,688.70,696.45,675,177025
20220209,13:30,699.15,711.90,697.60,704.00,3225,177100
20220209,13:31,708.60,719.00,708.15,718.00,1775,177100
20220209,13:32,714.35,728.65,714.35,721.15,3375,177100
20220209,13:33,717.85,721.90,715.00,720.00,1250,173850
20220209,13:34,715.00,722.75,710.00,710.75,2075,173850
20220209,13:35,710.00,711.80,705.20,708.75,1425,173850
20220209,13:36,707.00,710.75,700.00,700.40,2525,174750
20220209,13:37,695.00,708.00,683.40,703.65,3625,174750
20220209,13:38,704.50,712.20,700.00,709.10,3475,174750
20220209,13:39,708.35,711.00,702.40,707.00,650,175225
20220209,13:40,706.85,709.05,670.00,705.10,8100,175225
20220209,13:41,705.10,717.20,701.40,705.15,3750,175225
20220209,13:42,701.80,710.05,690.15,692.20,3950,175050
20220209,13:43,688.60,698.70,688.00,691.70,1650,175050
20220209,13:44,697.45,708.50,696.50,696.80,2075,175050
20220209,13:45,704.50,706.00,693.60,694.65,8875,179925
20220209,13:46,695.30,696.15,688.05,695.00,550,179925
20220209,13:47,695.45,709.45,695.45,709.45,1275,179925
20220209,13:48,706.35,709.80,703.20,703.95,1250,179700
20220209,13:49,703.45,719.95,703.45,719.95,9300,179700
20220209,13:50,714.00,733.80,714.00,733.80,2700,179700
20220209,13:51,728.20,739.50,728.20,731.65,4900,173950
20220209,13:52,733.20,746.45,733.20,736.50,4750,173950
20220209,13:53,736.05,740.00,730.00,735.15,1150,173950
20220209,13:54,735.15,760.00,735.15,754.20,4100,174375
20220209,13:55,760.45,776.05,733.45,741.70,4625,174375
20220209,13:56,737.70,758.00,731.00,758.00,2625,174375
20220209,13:57,751.95,769.00,751.80,769.00,1950,172450
20220209,13:58,765.60,766.30,748.00,748.00,750,172450
20220209,13:59,755.20,756.40,751.30,756.40,1875,172450
20220209,14:00,756.45,756.60,750.00,754.40,1725,171725
20220209,14:01,757.30,758.60,756.00,758.00,125,171725
20220209,14:02,750.00,760.70,748.60,752.30,600,171725
20220209,14:03,750.35,784.00,750.35,784.00,4100,170700
20220209,14:04,780.45,794.15,778.75,786.65,3025,170700
20220209,14:05,780.00,799.00,776.15,794.60,1700,170700
20220209,14:06,790.40,797.15,785.40,791.05,4850,166575
20220209,14:07,794.10,802.85,787.95,789.30,5025,166575
20220209,14:08,797.20,808.00,794.45,807.20,4950,166575
20220209,14:09,801.10,804.55,780.75,782.45,1575,165500
20220209,14:10,765.70,773.20,734.20,773.20,6625,165500
20220209,14:11,770.95,772.35,756.60,765.45,2525,165500
20220209,14:12,760.00,783.00,757.15,774.85,2100,164700
20220209,14:13,780.15,781.80,769.25,779.45,825,164700
20220209,14:14,777.00,790.00,775.55,789.25,1950,164700
20220209,14:15,789.40,794.00,782.15,788.90,1600,163750
20220209,14:16,789.75,794.00,787.20,794.00,950,163750
20220209,14:17,790.55,810.00,790.30,809.00,2600,163750
20220209,14:18,808.70,820.70,808.70,810.00,3300,163075
20220209,14:19,806.00,819.00,806.00,812.00,2375,163075
20220209,14:20,819.10,833.35,815.00,815.00,3525,163075
20220209,14:21,815.00,817.15,802.45,803.55,2275,163400
20220209,14:22,800.00,809.95,799.80,809.95,1650,163400
20220209,14:23,806.00,808.95,760.00,776.30,3625,163400
20220209,14:24,773.25,790.80,773.25,777.75,1850,162300
20220209,14:25,776.25,784.55,768.20,777.00,1800,162300
20220209,14:26,771.45,771.45,755.00,762.60,1950,162300
20220209,14:27,764.65,774.00,758.75,774.00,1575,161550
20220209,14:28,767.35,786.00,767.35,783.00,2900,161550
20220209,14:29,782.75,795.20,782.75,788.75,1225,161550
20220209,14:30,784.45,796.65,780.20,785.00,1000,161050
20220209,14:31,781.30,787.30,775.35,781.55,1325,161050
20220209,14:32,780.95,793.00,771.50,790.00,725,161050
20220209,14:33,787.20,793.00,778.20,778.20,1025,160825
20220209,14:34,775.00,783.55,774.50,778.90,325,160825
20220209,14:35,780.90,790.85,778.15,790.85,575,160825
20220209,14:36,788.90,798.80,788.90,796.20,1325,160500
20220209,14:37,788.15,798.00,788.15,792.70,1425,160500
20220209,14:38,796.45,797.15,789.15,790.35,1625,160500
20220209,14:39,791.15,795.00,777.60,777.60,775,158200
20220209,14:40,775.00,775.00,738.10,760.10,5825,158200
20220209,14:41,763.90,797.00,763.90,783.00,3375,158200
20220209,14:42,785.75,792.85,785.75,786.80,450,157825
20220209,14:43,781.00,789.20,781.00,787.05,550,157825
20220209,14:44,785.75,794.85,782.45,789.35,725,157825
20220209,14:45,786.90,792.30,786.05,790.00,275,157825
20220209,14:46,780.00,780.45,770.00,773.60,775,158025
20220209,14:47,777.35,777.35,773.60,773.60,350,158025
20220209,14:48,773.00,777.35,773.00,774.45,100,158100
20220209,14:49,770.00,777.00,762.50,777.00,1500,158100
20220209,14:50,775.90,778.60,770.05,777.45,450,158100
20220209,14:51,777.15,784.80,776.70,781.90,850,158025
20220209,14:52,778.80,782.05,777.85,778.00,525,158025
20220209,14:53,782.80,798.95,782.80,792.60,1075,158025
20220209,14:54,789.75,805.00,774.45,774.45,725,157850
20220209,14:55,790.10,790.10,779.25,781.15,225,157850
20220209,14:56,783.25,788.30,779.65,782.15,275,157850
20220209,14:57,780.10,785.65,777.15,785.20,725,156650
20220209,14:58,786.35,796.20,783.30,796.20,825,156650
20220209,14:59,794.25,822.90,792.95,811.10,2675,156650
20220209,15:00,811.10,811.10,795.60,800.45,1350,156300
20220209,15:01,798.65,805.60,794.35,805.60,1175,156300
20220209,15:02,801.75,801.75,791.50,791.50,650,156300
20220209,15:03,787.75,794.25,785.30,794.25,1175,155550
20220209,15:04,794.40,804.90,794.40,801.25,700,155550
20220209,15:05,802.00,804.00,792.20,792.20,7750,155550
20220209,15:06,795.45,800.00,795.40,798.30,1400,153325
20220209,15:07,800.00,801.65,795.95,796.45,800,153325
20220209,15:08,800.00,846.25,800.00,846.25,4350,153325
20220209,15:09,842.30,864.80,842.30,861.00,6250,150050
20220209,15:10,860.00,860.00,843.35,853.15,3725,150050
20220209,15:11,853.15,854.35,828.90,838.70,2200,150050
20220209,15:12,838.15,853.40,838.15,850.55,900,148725
20220209,15:13,845.00,848.70,843.90,845.50,3950,148725
20220209,15:14,844.30,853.30,844.30,847.90,17600,148725
20220209,15:15,847.45,851.40,841.20,845.60,24700,127625
20220209,15:16,844.95,846.30,837.65,842.60,7875,127625
20220209,15:17,841.50,844.20,821.00,822.85,2450,127625
20220209,15:18,826.75,827.60,820.00,826.05,900,119775
20220209,15:19,827.35,843.20,823.65,837.45,2025,119775
20220209,15:20,838.00,843.80,833.10,843.80,1625,119775
20220209,15:21,844.80,851.80,840.95,851.80,2300,116350
20220209,15:22,851.80,853.95,846.20,852.80,925,116350
20220209,15:23,848.45,851.60,848.45,850.40,3100,116350
20220209,15:24,849.25,850.40,841.95,849.50,2075,116575
20220209,15:25,850.30,861.30,850.30,855.25,4925,116575
20220209,15:26,860.15,862.40,856.65,860.80,750,116575
20220209,15:27,860.35,862.00,852.20,852.20,10875,117225
20220209,15:28,850.65,853.55,850.00,850.00,1650,117225
20220209,15:29,852.05,858.80,850.30,852.85,1075,117225
20220210,09:15,953.35,953.35,853.30,891.40,12801,111450
20220210,09:16,906.75,940.00,906.75,930.70,1200,111450
20220210,09:17,919.95,933.60,907.85,907.85,850,107850
20220210,09:18,900.00,903.25,870.00,898.55,2500,107850
20220210,09:19,894.00,895.85,856.30,859.00,2375,107850
20220210,09:20,844.10,874.20,840.00,856.75,3075,108350
20220210,09:21,859.75,859.75,790.60,790.60,2500,108350
20220210,09:22,790.60,823.60,790.60,814.10,2525,108350
20220210,09:23,808.00,859.45,806.25,848.85,2475,109000
20220210,09:24,848.00,892.40,848.00,892.40,3325,109000
20220210,09:25,884.85,905.55,868.25,896.25,1400,109000
20220210,09:26,895.35,898.35,878.40,894.50,1350,106825
20220210,09:27,885.70,885.70,864.45,876.00,1925,106825
20220210,09:28,874.60,877.85,865.90,874.45,2750,106825
20220210,09:29,873.05,877.85,853.75,866.55,425,104650
20220210,09:30,866.45,875.75,800.00,801.80,2125,104650
20220210,09:31,820.00,847.60,820.00,846.80,625,104650
20220210,09:32,844.55,849.65,835.55,843.70,750,104150
20220210,09:33,843.60,894.35,828.65,889.15,2775,104150
20220210,09:34,890.15,891.90,867.10,891.90,1175,104150
20220210,09:35,891.00,904.40,879.50,879.50,2100,103175
20220210,09:36,870.00,890.55,870.00,874.65,1375,103175
20220210,09:37,876.15,876.15,850.00,861.15,6150,103175
20220210,09:38,865.00,869.30,852.45,853.50,1775,101200
20220210,09:39,861.35,890.00,854.65,890.00,2400,101200
20220210,09:40,891.00,901.60,878.35,885.00,2350,101200
20220210,09:41,887.00,895.45,862.45,862.45,850,99675
20220210,09:42,851.35,860.00,851.35,860.00,325,99675
20220210,09:43,865.40,865.40,862.00,862.25,125,99675
20220210,09:44,862.25,868.25,850.95,859.55,600,99650
20220210,09:45,852.15,852.50,832.00,832.00,900,99650
20220210,09:46,830.05,851.75,830.05,851.75,300,99650
20220210,09:47,857.05,875.45,857.05,860.40,1025,99300
20220210,09:48,870.40,870.40,861.10,861.10,275,99300
20220210,09:49,861.90,868.70,855.10,861.00,350,99300
20220210,09:50,852.20,852.20,827.50,828.05,1550,98250
20220210,09:51,842.35,847.40,840.05,840.30,225,98250
20220210,09:52,848.70,849.60,845.30,849.60,350,98250
20220210,09:53,851.20,868.05,851.20,860.65,700,97700
20220210,09:54,849.70,849.70,844.60,844.60,400,97700
20220210,09:55,847.95,847.95,844.60,844.60,325,97700
20220210,09:56,841.35,855.10,841.35,847.10,425,97700
20220210,09:57,830.05,832.15,826.00,826.00,850,97275
20220210,09:58,819.00,819.00,800.00,806.25,700,97275
20220210,09:59,806.60,806.60,768.00,769.40,1025,96350
20220210,10:00,752.20,800.00,748.45,785.00,1100,96350
20220210,10:01,779.75,825.00,779.75,816.80,475,96350
20220210,10:02,817.60,817.60,799.55,807.50,450,95750
20220210,10:03,806.40,823.15,790.00,796.95,250,95750
20220210,10:04,796.95,806.55,793.40,806.55,150,95750
20220210,10:05,815.70,815.70,802.45,803.25,275,95425
20220210,10:06,808.60,821.45,808.60,815.00,275,95425
20220210,10:07,822.50,967.75,822.50,967.75,5400,95425
20220210,10:08,974.30,1032.90,974.30,1005.75,13500,94850
20220210,10:09,999.35,1020.30,994.15,1002.70,1625,94850
20220210,10:10,1020.00,1034.55,987.50,990.00,1875,94850
20220210,10:11,987.25,1008.60,973.45,994.05,2150,91975
20220210,10:12,1000.00,1013.55,992.95,997.85,2500,91975
20220210,10:13,1007.40,1011.55,997.30,1007.75,775,91975
20220210,10:14,1006.40,1008.65,993.40,993.40,1125,90800
20220210,10:15,1001.50,1003.35,984.55,1003.35,1250,90800
20220210,10:16,1006.55,1022.75,995.60,1022.75,1050,90800
20220210,10:17,1016.20,1018.80,1005.85,1009.35,500,90925
20220210,10:18,995.00,999.95,976.95,976.95,600,90925
20220210,10:19,956.85,958.30,930.90,930.90,425,90925
20220210,10:20,939.90,939.90,880.15,882.60,1500,91325
20220210,10:21,900.25,951.40,880.00,951.40,1425,91325
20220210,10:22,945.70,952.55,915.35,952.55,500,91325
20220210,10:23,960.65,978.50,960.65,963.55,475,90450
20220210,10:24,975.00,990.70,975.00,980.20,650,90450
20220210,10:25,988.20,1043.60,988.20,1042.70,4575,90450
20220210,10:26,1055.85,1097.35,1041.75,1056.95,2550,89350
20220210,10:27,1061.40,1061.50,1032.15,1032.15,750,89350
20220210,10:28,1064.15,1064.15,1056.55,1064.15,1225,89350
20220210,10:29,1064.80,1100.00,1059.10,1100.00,1600,87525
20220210,10:30,1099.15,1100.20,1078.80,1094.30,425,87525
20220210,10:31,1085.70,1127.30,1085.30,1127.30,2450,87525
20220210,10:32,1132.00,1155.00,1129.70,1141.20,850,87275
20220210,10:33,1150.00,1180.20,1150.00,1164.65,550,87275
20220210,10:34,1171.55,1178.20,1160.70,1165.25,350,87275
20220210,10:35,1157.65,1160.00,1150.00,1150.00,325,87150
20220210,10:36,1149.40,1149.40,1141.80,1141.80,75,87150
20220210,10:37,1181.50,1181.50,1163.00,1163.00,150,87150
20220210,10:38,1167.00,1190.00,1161.15,1190.00,150,87475
20220210,10:39,1200.00,1212.55,1194.35,1194.70,900,87475
20220210,10:40,1205.00,1205.00,1164.00,1187.60,500,87475
20220210,10:41,1225.65,1225.65,1225.65,1225.65,75,87000
20220210,10:42,1230.00,1243.90,1230.00,1243.90,425,87000
20220210,10:43,1236.80,1250.00,1230.05,1230.05,125,87000
20220210,10:44,1248.15,1248.15,1231.30,1246.35,250,84925
20220210,10:45,1259.30,1268.15,1259.30,1268.15,150,84925
20220210,10:46,1266.60,1266.60,1222.05,1229.20,450,84925
20220210,10:47,1233.85,1233.85,1230.05,1230.05,225,84925
20220210,10:48,1228.40,1228.40,1197.55,1197.55,1050,84475
20220210,10:49,1206.85,1206.85,1193.15,1193.15,225,84475
20220210,10:50,1250.00,1250.35,1215.00,1222.95,125,84475
20220210,10:51,1215.00,1237.15,1215.00,1237.15,100,83700
20220210,10:53,1223.30,1235.50,1223.30,1235.50,275,83700
20220210,10:54,1224.00,1250.50,1224.00,1250.50,175,83400
20220210,10:55,1267.80,1267.80,1240.25,1250.00,200,83400
20220210,10:56,1250.35,1255.35,1249.45,1252.40,200,83225
20220210,10:57,1250.00,1253.90,1236.20,1242.80,400,83225
20220210,10:58,1250.00,1255.00,1249.00,1249.60,225,83225
20220210,11:00,1260.00,1260.00,1232.80,1232.90,300,82900
20220210,11:01,1230.00,1309.95,1227.70,1302.20,1275,82900
20220210,11:02,1314.00,1320.60,1295.05,1295.05,2175,82900
20220210,11:03,1303.00,1303.20,1294.05,1301.15,175,82725
20220210,11:04,1315.00,1317.25,1315.00,1317.25,75,82725
20220210,11:05,1320.00,1323.00,1320.00,1323.00,250,82450
20220210,11:06,1304.35,1304.35,1298.00,1300.90,100,82450
20220210,11:07,1300.90,1310.00,1298.00,1310.00,350,82450
20220210,11:08,1310.25,1319.15,1310.25,1319.15,150,82450
20220210,11:10,1297.50,1297.50,1296.25,1296.25,300,81875
20220210,11:11,1296.00,1302.95,1289.45,1300.95,1500,81875
20220210,11:13,1290.00,1290.00,1290.00,1290.00,25,80575
20220210,11:14,1292.75,1292.75,1292.75,1292.75,100,80575
20220210,11:15,1280.00,1281.65,1279.00,1279.00,300,80550
20220210,11:16,1292.10,1292.10,1250.00,1250.00,825,80550
20220210,11:17,1252.00,1252.00,1230.40,1230.40,200,80550
20220210,11:18,1247.30,1277.15,1247.30,1267.80,275,80475
20220210,11:20,1264.00,1264.00,1264.00,1264.00,25,80475
20220210,11:21,1259.40,1259.40,1257.70,1257.70,850,80500
20220210,11:23,1235.00,1235.00,1235.00,1235.00,25,80500
20220210,11:24,1223.85,1223.85,1216.15,1216.15,300,80500
20220210,11:25,1206.45,1206.45,1190.50,1190.50,125,80500
20220210,11:27,1225.15,1225.15,1213.70,1213.70,75,80425
20220210,11:28,1235.05,1250.00,1235.05,1250.00,125,80425
20220210,11:29,1237.95,1241.45,1237.95,1241.45,75,80425
20220210,11:30,1244.15,1260.85,1244.15,1260.85,225,80500
20220210,11:31,1258.90,1259.45,1258.90,1259.45,175,80500
20220210,11:32,1265.70,1265.70,1265.20,1265.20,100,80500
20220210,11:33,1269.25,1272.65,1267.35,1267.35,175,80375
20220210,11:35,1250.65,1250.65,1250.65,1250.65,75,80375
20220210,11:36,1247.05,1252.15,1242.40,1242.40,775,80225
20220210,11:37,1251.35,1257.85,1250.60,1250.60,275,80225
20220210,11:38,1252.65,1252.65,1234.00,1236.05,200,80225
20220210,11:39,1270.95,1270.95,1270.95,1270.95,50,80225
20220210,11:41,1289.30,1289.30,1289.30,1289.30,25,79275
20220210,11:42,1300.00,1300.00,1281.85,1281.85,125,79250
20220210,11:43,1284.95,1284.95,1284.95,1284.95,300,79250
20220210,11:44,1279.70,1279.70,1279.70,1279.70,250,79250
20220210,11:45,1290.00,1299.85,1290.00,1299.85,575,78950
20220210,11:46,1290.00,1290.00,1290.00,1290.00,25,78950
20220210,11:48,1275.55,1275.55,1275.55,1275.55,125,78575
20220210,11:49,1284.20,1300.00,1284.20,1300.00,150,78575
20220210,11:50,1297.45,1298.60,1296.25,1298.60,525,78575
20220210,11:51,1305.10,1325.30,1305.10,1325.30,225,77900
20220210,11:52,1327.40,1327.40,1315.40,1315.40,950,77900
20220210,11:53,1315.65,1315.65,1268.80,1293.85,1350,77900
20220210,11:54,1295.05,1297.85,1286.75,1296.55,850,77175
20220210,11:55,1299.75,1310.30,1299.75,1308.40,825,77175
20220210,11:56,1305.45,1314.95,1305.45,1314.70,625,77175
20220210,11:57,1295.00,1296.55,1295.00,1296.55,100,76250
20220210,11:58,1282.00,1285.25,1282.00,1284.30,275,76250
20220210,11:59,1282.95,1282.95,1282.95,1282.95,75,76250
20220210,12:00,1303.65,1303.65,1298.60,1298.60,100,75975
20220210,12:01,1288.30,1297.40,1288.30,1297.40,75,75975
20220210,12:02,1295.25,1300.00,1295.25,1300.00,100,75975
20220210,12:03,1302.00,1302.00,1293.00,1296.10,150,75800
20220210,12:04,1298.45,1298.50,1294.20,1297.75,775,75800
20220210,12:05,1300.05,1300.05,1285.15,1294.50,325,75800
20220210,12:06,1301.70,1301.70,1300.00,1300.00,425,74775
20220210,12:07,1298.70,1299.00,1298.70,1299.00,75,74775
20220210,12:08,1293.40,1293.85,1289.40,1289.40,200,74775
20220210,12:09,1291.95,1298.65,1291.95,1298.65,100,74675
20220210,12:11,1293.10,1293.10,1290.00,1290.00,125,74675
20220210,12:12,1277.95,1277.95,1262.00,1262.00,250,74475
20220210,12:13,1270.50,1270.50,1250.00,1250.00,400,74475
20220210,12:14,1250.00,1251.90,1250.00,1251.90,75,74475
20220210,12:15,1265.60,1265.60,1265.60,1265.60,50,74475
20220210,12:17,1270.00,1270.00,1265.00,1265.00,125,74125
20220210,12:18,1250.00,1255.70,1235.00,1235.00,325,74125
20220210,12:19,1243.20,1245.20,1218.25,1218.25,250,74125
20220210,12:20,1220.50,1220.50,1220.50,1220.50,50,74125
20220210,12:21,1215.00,1215.00,1192.55,1202.00,500,73800
20220210,12:22,1197.95,1214.00,1197.95,1214.00,325,73800
20220210,12:23,1216.35,1216.35,1216.35,1216.35,25,73800
20220210,12:24,1200.90,1216.95,1195.00,1216.95,75,73375
20220210,12:25,1204.00,1204.00,1201.00,1201.00,50,73375
20220210,12:27,1201.00,1205.25,1183.25,1205.25,550,73350
20220210,12:28,1199.00,1220.00,1199.00,1215.40,225,73350
20220210,12:29,1218.00,1224.00,1217.35,1224.00,100,73350
20220210,12:30,1231.90,1247.95,1231.90,1247.95,200,73100
20220210,12:31,1254.50,1254.50,1254.50,1254.50,25,73100
20220210,12:32,1246.05,1250.00,1246.05,1249.50,75,73100
20220210,12:33,1234.00,1234.00,1234.00,1234.00,25,73050
20220210,12:35,1236.00,1245.25,1236.00,1245.25,75,73050
20220210,12:38,1247.90,1247.90,1247.90,1247.90,250,73075
20220210,12:42,1307.40,1307.40,1307.40,1307.40,50,73025
20220210,12:43,1307.00,1307.00,1307.00,1307.00,500,73025
20220210,12:45,1310.00,1332.20,1310.00,1332.20,175,72475
20220210,12:47,1332.20,1332.20,1332.20,1332.20,75,72475
20220210,12:52,1340.00,1340.00,1340.00,1340.00,25,72275
20220210,12:54,1340.00,1340.00,1340.00,1340.00,25,72275
20220210,12:55,1344.75,1360.00,1344.75,1360.00,1900,72275
20220210,12:56,1366.50,1366.50,1366.50,1366.50,50,72275
20220210,12:57,1358.70,1365.20,1358.70,1365.20,50,72425
20220210,12:59,1374.95,1374.95,1374.95,1374.95,50,72425
20220210,13:00,1379.25,1379.25,1379.25,1379.25,25,72425
20220210,13:01,1382.00,1390.50,1382.00,1390.50,200,72425
20220210,13:02,1392.15,1396.45,1386.60,1386.60,1050,72425
20220210,13:03,1387.55,1400.00,1387.55,1400.00,300,71475
20220210,13:04,1400.00,1400.00,1364.05,1364.05,375,71475
20220210,13:05,1370.00,1370.00,1365.00,1365.00,75,71475
20220210,13:08,1365.00,1372.85,1365.00,1372.85,100,70925
20220210,13:09,1388.10,1392.20,1388.10,1392.20,75,70900
20220210,13:10,1365.70,1365.70,1365.70,1365.70,25,70900
20220210,13:11,1350.00,1350.00,1350.00,1350.00,25,70900
20220210,13:12,1353.50,1353.50,1343.30,1343.30,150,70900
20220210,13:13,1348.45,1354.50,1348.45,1354.50,125,70775
20220210,13:16,1333.55,1333.55,1333.55,1333.55,25,70675
20220210,13:17,1348.20,1357.20,1348.20,1357.20,225,70675
20220210,13:18,1375.00,1375.00,1320.00,1320.00,100,70675
20220210,13:19,1314.00,1316.65,1288.75,1304.25,625,70675
20220210,13:20,1299.95,1316.20,1285.30,1285.30,325,70675
20220210,13:21,1307.80,1307.80,1307.80,1307.80,25,70675
20220210,13:22,1360.00,1360.00,1350.00,1350.00,125,70625
20220210,13:23,1332.90,1332.90,1332.90,1332.90,25,70625
20220210,13:25,1346.00,1346.00,1338.85,1338.85,425,70650
20220210,13:26,1341.30,1341.30,1341.30,1341.30,50,70650
20220210,13:27,1337.20,1337.20,1334.50,1334.50,400,71025
20220210,13:35,1330.00,1330.00,1330.00,1330.00,25,71025
20220210,13:36,1338.35,1338.35,1334.05,1334.05,50,71025
20220210,13:37,1338.10,1338.10,1338.10,1338.10,25,71025
20220210,13:40,1340.10,1340.10,1340.10,1340.10,250,71025
20220210,13:43,1356.25,1356.25,1356.25,1356.25,25,71250
20220210,13:49,1366.50,1366.50,1363.60,1363.60,275,71250
20220210,13:50,1378.00,1378.00,1370.05,1376.15,275,71250
20220210,13:51,1366.95,1366.95,1366.95,1366.95,50,71025
20220210,13:52,1354.50,1354.75,1338.65,1340.85,1025,71025
20220210,13:53,1360.55,1360.55,1358.40,1358.40,250,71025
20220210,13:55,1358.40,1363.20,1358.40,1363.20,1325,70175
20220210,13:56,1339.35,1339.35,1339.35,1339.35,75,70175
20220210,13:57,1338.65,1338.65,1310.00,1310.00,250,69325
20220210,13:58,1332.20,1332.20,1325.35,1325.35,275,69325
20220210,13:59,1300.00,1301.80,1300.00,1301.80,100,69325
20220210,14:00,1292.00,1314.35,1284.45,1314.35,300,69100
20220210,14:02,1303.75,1303.75,1303.75,1303.75,50,69100
20220210,14:03,1280.90,1280.90,1280.90,1280.90,125,68900
20220210,14:04,1289.00,1307.70,1289.00,1300.30,100,68900
20220210,14:06,1316.30,1317.45,1316.30,1317.45,675,68900
20220210,14:08,1314.10,1314.10,1314.10,1314.10,25,68200
20220210,14:09,1300.30,1300.30,1300.30,1300.30,50,68200
20220210,14:10,1313.30,1313.30,1313.30,1313.30,125,68150
20220210,14:13,1307.85,1307.85,1307.85,1307.85,200,68125
20220210,14:18,1341.05,1350.00,1341.05,1350.00,50,67900
20220210,14:20,1351.00,1351.00,1351.00,1351.00,50,67900
20220210,14:21,1329.05,1329.05,1313.00,1313.00,50,67900
20220210,14:23,1313.20,1313.20,1300.00,1300.85,100,67800
20220210,14:24,1288.80,1288.80,1288.00,1288.00,50,67800
20220210,14:25,1274.60,1274.60,1274.60,1274.60,25,67675
20220210,14:26,1295.00,1295.00,1295.00,1295.00,25,67675
20220210,14:28,1278.85,1278.85,1278.85,1278.85,25,67675
20220210,14:30,1285.00,1289.00,1285.00,1289.00,50,67675
20220210,14:32,1285.00,1285.00,1285.00,1285.00,25,67675
20220210,14:33,1288.00,1288.00,1288.00,1288.00,25,67675
20220210,14:35,1299.15,1316.40,1299.15,1316.40,50,67650
20220210,14:38,1291.00,1291.00,1291.00,1291.00,25,67600
20220210,14:39,1292.00,1292.00,1275.00,1275.00,50,67575
20220210,14:40,1262.00,1263.30,1248.90,1249.85,275,67575
20220210,14:41,1249.85,1249.85,1249.85,1249.85,25,67575
20220210,14:42,1273.10,1285.00,1273.10,1285.00,50,67475
20220210,14:43,1290.85,1301.65,1290.85,1301.65,1775,67475
20220210,14:44,1293.00,1293.00,1292.75,1292.75,225,67475
20220210,14:45,1310.75,1319.80,1310.75,1319.80,75,67475
20220210,14:46,1300.15,1300.15,1300.15,1300.15,25,66200
20220210,14:47,1301.95,1301.95,1290.00,1290.00,575,66200
20220210,14:48,1285.00,1286.00,1275.35,1282.05,1675,65800
20220210,14:49,1280.00,1283.05,1260.00,1260.00,2075,65800
20220210,14:50,1280.00,1280.00,1280.00,1280.00,1000,65800
20220210,14:51,1280.00,1280.00,1273.70,1273.70,1250,65800
20220210,14:52,1265.85,1265.85,1265.85,1265.85,25,65150
20220210,14:53,1262.35,1270.30,1262.35,1270.30,200,65150
20220210,14:54,1285.90,1285.90,1255.00,1255.00,1275,64500
20220210,14:55,1264.85,1265.95,1264.85,1265.95,50,64500
20220210,14:56,1277.00,1277.00,1272.55,1272.55,75,64500
20220210,14:57,1274.95,1282.00,1274.95,1282.00,75,64500
20220210,14:58,1290.00,1294.45,1290.00,1294.45,50,64325
20220210,14:59,1286.45,1286.45,1285.30,1285.30,50,64325
20220210,15:00,1293.25,1293.25,1287.80,1287.80,150,64325
20220210,15:01,1285.00,1285.00,1285.00,1285.00,50,64325
20220210,15:03,1261.35,1261.35,1252.55,1252.55,175,64325
20220210,15:04,1245.50,1245.50,1245.00,1245.00,350,64350
20220210,15:05,1245.00,1258.40,1245.00,1251.55,725,64350
20220210,15:06,1250.75,1250.75,1240.75,1240.75,175,64350
20220210,15:07,1250.75,1255.65,1250.75,1252.50,75,63825
20220210,15:08,1260.00,1264.15,1260.00,1264.15,125,63825
20220210,15:09,1259.25,1259.25,1259.25,1259.25,50,63825
20220210,15:10,1259.00,1259.00,1250.55,1250.55,150,63775
20220210,15:11,1248.75,1248.75,1238.95,1239.05,225,63775
20220210,15:12,1241.50,1241.50,1236.35,1236.35,200,63625
20220210,15:14,1216.85,1223.85,1206.85,1207.50,600,63625
20220210,15:15,1207.70,1214.70,1192.95,1214.70,1675,63625
20220210,15:16,1218.40,1229.35,1217.80,1229.00,975,63625
20220210,15:17,1228.00,1231.15,1224.70,1224.70,1625,63625
20220210,15:18,1221.00,1221.00,1217.95,1219.05,375,61450
20220210,15:19,1216.55,1216.55,1216.05,1216.05,375,61450
20220210,15:20,1217.05,1217.05,1217.05,1217.05,25,61450
20220210,15:21,1213.70,1213.70,1212.00,1212.00,275,61450
20220210,15:22,1211.45,1217.55,1211.45,1216.90,825,61275
20220210,15:23,1219.40,1219.40,1213.00,1213.00,1300,61275
20220210,15:24,1212.00,1212.00,1208.45,1208.45,125,61275
20220210,15:25,1209.25,1209.90,1209.00,1209.90,200,59200
20220210,15:26,1212.75,1212.75,1209.90,1209.90,350,59200
20220210,15:27,1210.35,1210.35,1209.35,1209.40,75,59200
20220210,15:28,1207.30,1211.05,1207.30,1211.05,425,57925
20220210,15:29,1211.15,1211.85,1211.00,1211.80,225,57925
