20220322,14:42,603.05,603.05,603.05,603.05,26,25
20220323,09:17,704.45,704.45,704.45,704.45,51,25
20220323,09:25,689.05,689.05,689.00,689.00,75,75
20220323,09:42,666.00,666.00,666.00,666.00,25,125
20220323,09:44,652.05,652.05,652.05,652.05,25,125
20220323,11:00,652.05,652.05,652.05,652.05,25,150
20220323,11:13,600.00,600.00,600.00,600.00,25,150
20220323,11:14,600.00,600.00,600.00,600.00,50,150
20220323,12:23,603.35,603.35,603.35,603.35,50,200
20220323,13:35,580.00,580.00,580.00,580.00,25,250
20220323,13:49,552.05,552.05,552.05,552.05,25,275
20220323,13:53,552.05,552.05,552.05,552.05,25,275
20220323,14:56,550.00,550.00,550.00,550.00,25,300
20220323,14:57,550.00,550.00,550.00,550.00,25,300
20220323,15:15,550.00,550.00,550.00,550.00,25,300
20220324,09:32,433.90,447.45,433.90,447.45,51,325
20220324,10:16,488.00,534.50,488.00,534.50,50,350
20220324,10:24,534.50,534.50,534.50,534.50,25,375
20220324,10:28,470.00,470.00,470.00,470.00,25,375
20220324,10:39,470.00,470.00,470.00,470.00,25,400
20220324,11:32,480.00,480.00,480.00,480.00,25,425
20220324,11:53,453.85,453.85,453.85,453.85,25,425
20220324,12:23,434.30,434.30,434.30,434.30,25,450
20220324,12:31,417.90,417.90,417.90,417.90,50,475
20220324,13:27,420.00,420.00,420.00,420.00,25,525
20220324,14:02,399.30,399.30,399.30,399.30,25,525
20220324,14:15,399.30,399.30,399.30,399.30,50,525
20220324,14:20,399.30,399.30,399.30,399.30,25,550
20220324,14:52,400.00,400.00,400.00,400.00,25,550
20220324,15:21,386.70,386.70,386.70,386.70,25,575
20220324,15:24,370.00,370.00,370.00,370.00,25,600
20220324,15:29,370.00,379.90,370.00,379.90,50,625
20220325,09:17,375.95,375.95,375.95,375.95,26,675
20220325,09:18,361.00,361.00,361.00,361.00,25,675
20220325,09:21,359.80,359.80,359.80,359.80,50,650
20220325,09:30,348.35,348.35,345.95,345.95,50,650
20220325,09:33,345.95,345.95,345.95,345.95,25,650
20220325,09:34,350.00,350.00,350.00,350.00,25,650
20220325,09:37,351.00,351.00,351.00,351.00,50,675
20220325,09:41,356.00,356.00,356.00,356.00,25,725
20220325,09:43,355.50,355.50,355.50,355.50,25,725
20220325,09:51,378.50,378.50,378.50,378.50,25,725
20220325,10:04,378.50,378.50,363.00,363.00,200,750
20220325,10:19,348.60,349.65,348.60,349.65,150,950
20220325,10:20,349.95,349.95,349.95,349.95,100,1075
20220325,10:22,348.90,355.00,348.90,355.00,75,1075
20220325,10:24,354.75,354.75,354.75,354.75,25,1250
20220325,10:26,351.05,351.05,351.05,351.05,75,1250
20220325,10:30,353.00,353.00,353.00,353.00,125,1325
20220325,10:31,350.75,350.75,350.55,350.55,75,1325
20220325,10:37,350.55,350.55,350.55,350.55,25,1525
20220325,10:50,362.50,362.50,362.50,362.50,50,1525
20220325,11:18,348.95,348.95,348.95,348.95,25,1550
20220325,11:20,344.50,344.50,344.50,344.50,25,1575
20220325,11:26,344.50,344.50,344.50,344.50,100,1575
20220325,11:28,355.45,355.45,355.45,355.45,25,1575
20220325,11:58,341.80,341.80,341.80,341.80,50,1625
20220325,12:00,336.50,336.50,328.05,328.05,125,1675
20220325,12:05,330.00,330.00,330.00,330.00,50,1725
20220325,12:07,323.60,323.60,323.60,323.60,25,1750
20220325,12:09,318.00,318.00,318.00,318.00,175,1775
20220325,12:22,314.05,314.05,314.05,314.05,25,1950
20220325,12:29,314.05,314.05,314.05,314.05,25,1950
20220325,12:32,330.65,330.65,324.75,324.75,50,1975
20220325,12:33,324.05,324.05,320.05,320.05,75,1975
20220325,12:34,318.50,318.50,318.50,318.50,250,1975
20220325,12:36,325.00,325.00,325.00,325.00,25,2050
20220325,12:42,321.00,321.00,321.00,321.00,25,2050
20220325,12:44,331.00,331.00,325.00,325.00,125,2050
20220325,12:48,327.00,327.00,327.00,327.00,75,2000
20220325,12:49,328.45,333.45,328.45,333.45,175,2000
20220325,12:50,330.00,330.00,323.00,323.00,175,2000
20220325,13:05,323.75,323.75,323.75,323.75,25,2375
20220325,13:13,327.10,327.10,327.10,327.10,50,2375
20220325,13:15,326.60,326.60,326.60,326.60,50,2325
20220325,13:17,329.25,329.25,328.70,328.70,150,2325
20220325,13:18,328.80,328.80,328.80,328.80,25,2375
20220325,13:19,329.00,329.00,328.65,328.65,150,2375
20220325,13:22,323.05,323.05,323.00,323.00,75,2475
20220325,13:23,322.85,322.85,322.55,322.55,75,2475
20220325,13:24,322.70,322.70,322.55,322.55,50,2525
20220325,13:26,315.85,315.85,315.85,315.85,125,2525
20220325,13:27,315.70,315.70,315.40,315.40,75,2525
20220325,13:33,335.00,340.50,335.00,340.50,150,2525
20220325,13:42,316.40,317.15,316.40,317.15,50,2650
20220325,13:43,313.85,316.45,313.85,316.45,75,2650
20220325,13:45,311.55,311.55,311.55,311.55,75,2650
20220325,13:48,311.70,312.35,308.25,308.25,125,2675
20220325,13:49,300.05,300.05,300.05,300.05,250,2675
20220325,13:50,300.05,300.05,300.05,300.05,25,2675
20220325,13:52,300.05,300.05,300.05,300.05,25,3000
20220325,13:53,305.65,305.65,305.65,305.65,25,3000
20220325,13:55,305.90,306.25,305.90,306.25,75,2950
20220325,14:04,300.00,300.00,300.00,300.00,25,2900
20220325,14:21,300.00,300.00,300.00,300.00,25,2925
20220325,14:22,298.55,298.55,298.55,298.55,25,2925
20220325,14:26,298.55,298.55,298.55,298.55,50,2950
20220325,14:28,303.95,303.95,303.95,303.95,25,2925
20220325,14:30,305.00,305.00,305.00,305.00,75,2925
20220325,14:33,302.00,302.00,302.00,302.00,25,2925
20220325,14:34,302.70,302.70,302.70,302.70,25,2925
20220325,14:39,303.10,303.10,303.10,303.10,50,2975
20220325,14:40,300.05,300.05,300.05,300.05,25,3025
20220325,14:43,300.00,300.00,300.00,300.00,25,3025
20220325,14:51,298.00,298.00,298.00,298.00,50,3050
20220325,14:52,298.05,298.05,298.05,298.05,25,3050
20220325,14:54,297.55,297.55,293.75,293.75,75,3050
20220325,14:57,293.75,293.75,293.75,293.75,25,3050
20220325,15:07,295.00,295.00,295.00,295.00,50,3075
20220325,15:11,300.95,300.95,300.95,300.95,25,3050
20220325,15:13,300.00,300.00,300.00,300.00,100,3075
20220325,15:16,306.00,306.00,306.00,306.00,100,3050
20220325,15:18,320.25,328.30,320.25,328.30,75,3100
20220325,15:19,325.95,325.95,325.95,325.95,25,3100
20220325,15:20,325.00,327.40,325.00,327.40,150,3100
20220325,15:22,345.95,350.55,345.95,350.55,525,3175
20220325,15:23,348.00,348.00,323.15,323.15,125,3175
20220325,15:24,349.65,349.65,349.65,349.65,25,3175
20220325,15:25,340.00,340.00,340.00,340.00,150,3425
20220325,15:26,369.50,369.50,340.10,341.15,175,3425
20220325,15:27,325.45,325.45,325.45,325.45,25,3425
20220325,15:28,338.40,338.40,338.40,338.40,50,3575
20220325,15:29,346.90,347.50,346.90,347.50,50,3575
20220328,09:16,285.50,285.50,285.50,285.50,51,3550
20220328,09:17,277.95,277.95,277.95,277.95,25,3550
20220328,09:22,277.95,277.95,277.95,277.95,25,3550
20220328,09:23,265.65,265.65,262.00,262.00,125,3550
20220328,09:28,241.35,241.35,241.35,241.35,25,3600
20220328,09:31,241.35,241.35,241.35,241.35,50,3625
20220328,09:35,247.85,247.85,246.60,247.35,75,3650
20220328,09:36,245.80,246.45,244.80,246.45,175,3650
20220328,09:37,251.95,251.95,244.00,244.00,250,3650
20220328,09:38,244.30,244.30,244.30,244.30,25,3650
20220328,09:39,247.05,247.05,240.05,240.05,50,4000
20220328,09:40,240.05,247.90,240.05,247.90,150,4000
20220328,09:41,245.90,245.90,245.90,245.90,25,4000
20220328,09:42,246.90,246.90,241.75,244.35,275,3950
20220328,09:43,244.25,244.25,236.00,237.70,425,3950
20220328,09:44,237.60,239.65,237.45,239.35,300,4125
20220328,09:45,239.20,239.20,232.05,232.95,400,4125
20220328,09:47,236.75,236.75,236.75,236.75,25,4425
20220328,09:49,240.90,240.90,240.90,240.90,175,4425
20220328,09:53,241.70,241.70,241.70,241.70,25,4350
20220328,09:54,239.00,243.10,239.00,243.10,125,4350
20220328,09:55,238.00,238.00,238.00,238.00,25,4350
20220328,09:58,239.70,240.70,239.70,240.70,50,4375
20220328,10:00,245.00,245.00,239.50,239.50,150,4375
20220328,10:01,240.00,241.90,240.00,241.90,75,4375
20220328,10:02,237.05,237.05,237.05,237.05,75,4300
20220328,10:03,237.15,237.15,237.15,237.15,25,4300
20220328,10:04,238.35,239.45,238.35,239.45,125,4300
20220328,10:05,239.00,241.00,239.00,241.00,100,4300
20220328,10:07,236.80,236.80,236.80,236.80,50,4300
20220328,10:08,236.80,236.80,236.80,236.80,50,4300
20220328,10:10,228.60,228.65,228.00,228.00,325,4375
20220328,10:13,228.00,228.00,228.00,228.00,50,4100
20220328,10:15,226.90,229.15,226.90,229.15,100,4125
20220328,10:16,231.00,231.00,231.00,231.00,25,4125
20220328,10:22,231.00,231.00,231.00,231.00,75,4150
20220328,10:28,238.90,238.90,237.90,237.90,125,4100
20220328,10:29,238.00,238.00,236.00,236.00,50,4025
20220328,10:30,236.00,236.00,236.00,236.00,325,4025
20220328,10:38,235.00,235.00,235.00,235.00,25,4325
20220328,10:41,232.00,233.25,232.00,233.25,75,4375
20220328,10:42,232.35,232.35,232.35,232.35,25,4375
20220328,10:43,232.95,232.95,232.95,232.95,50,4375
20220328,10:44,233.95,233.95,233.95,233.95,25,4375
20220328,10:46,236.75,236.75,236.75,236.75,50,4475
20220328,10:48,235.70,235.70,234.65,234.65,50,4450
20220328,10:52,236.00,236.00,236.00,236.00,50,4450
20220328,10:53,241.00,241.00,241.00,241.00,25,4450
20220328,10:57,241.95,241.95,241.95,241.95,25,4450
20220328,10:58,240.80,240.80,240.80,240.80,25,4450
20220328,11:07,237.25,237.25,237.25,237.25,25,4475
20220328,11:09,237.90,237.90,237.90,237.90,525,4450
20220328,11:10,250.00,250.00,212.10,212.10,1500,4450
20220328,11:12,212.10,237.00,212.10,237.00,225,5025
20220328,11:13,237.95,238.30,237.95,238.30,175,5025
20220328,11:15,242.30,242.95,242.30,242.95,125,4650
20220328,11:17,240.95,240.95,240.95,240.95,25,4650
20220328,11:18,239.05,239.05,239.00,239.00,50,4550
20220328,11:20,240.20,240.20,240.20,240.20,25,4550
20220328,11:23,247.00,247.00,247.00,247.00,125,4600
20220328,11:24,251.05,251.05,247.00,247.00,350,4725
20220328,11:25,252.15,252.15,252.15,252.15,50,4725
20220328,11:27,252.15,252.75,252.15,252.75,100,5125
20220328,11:28,249.00,249.00,247.05,247.05,225,5125
20220328,11:29,248.00,248.00,248.00,248.00,200,5125
20220328,11:30,247.00,247.00,241.35,241.35,175,5500
20220328,11:37,245.00,245.00,239.65,239.65,400,5625
20220328,11:39,236.05,239.00,236.05,239.00,75,5775
20220328,11:40,235.65,239.00,235.25,237.35,200,5775
20220328,11:41,235.20,237.35,235.20,237.05,75,5775
20220328,11:42,236.00,236.00,235.95,235.95,125,5675
20220328,11:43,234.65,236.00,234.65,236.00,75,5675
20220328,11:45,235.10,235.10,235.10,235.10,200,5575
20220328,11:46,236.00,236.00,236.00,236.00,75,5575
20220328,11:47,236.60,236.60,236.00,236.00,200,5575
20220328,11:48,236.00,236.00,235.00,235.00,625,5250
20220328,11:49,237.65,237.65,237.65,237.65,25,5250
20220328,11:51,233.95,233.95,233.95,233.95,50,4975
20220328,11:52,235.00,235.00,235.00,235.00,75,4975
20220328,11:53,239.40,239.40,239.40,239.40,100,4975
20220328,11:56,235.45,237.45,235.45,237.45,150,4975
20220328,11:58,241.30,241.40,240.80,240.80,225,5050
20220328,11:59,240.85,240.85,240.85,240.85,100,5050
20220328,12:01,237.20,237.20,237.20,237.20,50,5200
20220328,12:02,240.30,240.30,240.30,240.30,25,5200
20220328,12:03,236.85,236.85,236.85,236.85,50,5175
20220328,12:04,236.30,236.30,236.30,236.30,25,5175
20220328,12:05,237.65,237.65,237.65,237.65,25,5175
20220328,12:07,236.35,236.35,236.35,236.35,100,5225
20220328,12:08,236.40,236.40,236.40,236.40,25,5225
20220328,12:09,235.00,235.00,235.00,235.00,50,5200
20220328,12:12,243.40,250.30,243.40,250.30,125,5250
20220328,12:13,250.35,257.95,245.80,257.95,450,5250
20220328,12:14,257.90,260.05,254.70,255.85,1000,5250
20220328,12:15,261.20,281.90,261.20,274.95,800,6300
20220328,12:16,285.00,285.00,278.65,278.65,675,6300
20220328,12:17,277.35,277.35,274.65,274.75,250,6300
20220328,12:20,278.80,278.80,271.60,271.60,225,7000
20220328,12:21,271.80,271.80,265.75,265.75,75,7150
20220328,12:29,275.85,276.45,270.00,270.00,175,7225
20220328,12:30,275.90,280.00,275.90,280.00,350,7275
20220328,12:31,284.00,284.00,284.00,284.00,25,7275
20220328,12:32,305.75,305.75,287.25,287.75,550,7275
20220328,12:33,289.00,289.00,287.45,287.45,150,7475
20220328,12:34,294.30,294.30,294.30,294.30,25,7475
20220328,12:35,302.00,302.45,302.00,302.45,75,7475
20220328,12:36,302.45,312.45,302.45,310.10,1100,7550
20220328,12:38,307.25,307.25,304.10,305.85,75,7550
20220328,12:39,304.90,304.90,296.30,296.30,200,7250
20220328,12:40,301.30,301.30,294.00,298.90,250,7250
20220328,12:41,295.00,295.00,290.25,294.75,100,7250
20220328,12:42,295.00,295.00,294.80,294.80,100,7350
20220328,12:43,299.20,299.20,297.80,297.80,50,7350
20220328,12:44,300.00,300.00,300.00,300.00,25,7350
20220328,12:45,308.00,310.80,308.00,309.40,100,7325
20220328,12:46,308.00,309.60,308.00,309.60,50,7325
20220328,12:47,314.25,320.90,313.15,320.90,200,7325
20220328,12:48,320.90,320.90,315.90,315.90,50,7275
20220328,12:50,317.55,317.55,317.55,317.55,25,7275
20220328,12:52,316.90,324.95,316.90,324.95,75,7300
20220328,12:53,330.00,334.00,330.00,334.00,50,7300
20220328,12:55,334.00,334.00,334.00,334.00,25,7350
20220328,12:56,332.95,332.95,330.50,330.50,75,7350
20220328,12:57,330.00,339.00,330.00,339.00,200,7450
20220328,12:58,341.40,341.40,341.40,341.40,100,7450
20220328,12:59,337.80,337.80,337.80,337.80,50,7450
20220328,13:00,339.95,340.15,338.75,338.75,150,7675
20220328,13:01,334.00,334.00,327.10,327.10,300,7675
20220328,13:02,327.00,328.00,324.50,328.00,250,7675
20220328,13:03,326.80,326.80,326.80,326.80,25,7825
20220328,13:07,325.85,325.85,323.75,323.75,50,7850
20220328,13:09,334.00,334.15,333.40,333.40,100,7850
20220328,13:10,333.40,333.40,330.10,331.95,200,7850
20220328,13:13,327.50,327.50,327.50,327.50,25,7925
20220328,13:14,334.75,334.75,334.75,334.75,75,7925
20220328,13:15,329.85,329.85,326.40,326.40,150,7925
20220328,13:16,327.00,327.00,327.00,327.00,150,7925
20220328,13:23,320.00,320.00,320.00,320.00,50,8000
20220328,13:24,318.20,318.20,315.60,315.60,75,7975
20220328,13:25,312.15,312.15,312.15,312.15,1100,7975
20220328,13:26,313.70,321.50,313.70,320.80,325,7975
20220328,13:27,318.85,318.85,318.85,318.85,25,7975
20220328,13:29,317.75,317.75,314.55,314.55,50,8600
20220328,13:30,310.80,313.70,307.40,307.40,200,8525
20220328,13:31,307.55,312.35,307.55,312.35,125,8525
20220328,13:32,304.95,304.95,304.95,304.95,50,8525
20220328,13:33,302.90,303.55,302.90,303.55,100,8375
20220328,13:35,300.40,300.40,297.10,297.10,50,8375
20220328,13:36,295.15,300.00,295.15,300.00,100,8425
20220328,13:37,301.00,301.00,301.00,301.00,75,8425
20220328,13:40,303.30,303.30,303.30,303.30,25,8375
20220328,13:45,308.70,308.70,303.95,308.20,100,8375
20220328,13:46,308.25,309.05,308.25,308.85,200,8375
20220328,13:47,310.05,310.05,310.05,310.05,25,8375
20220328,13:48,306.35,306.35,306.35,306.35,25,8375
20220328,13:49,321.00,321.00,321.00,321.00,150,8300
20220328,13:50,315.80,315.80,315.10,315.10,125,8300
20220328,13:52,311.95,311.95,311.95,311.95,25,8300
20220328,13:53,312.35,312.35,312.35,312.35,25,8300
20220328,13:56,321.80,321.80,321.80,321.80,125,8300
20220328,14:01,320.00,323.65,320.00,323.65,50,8375
20220328,14:02,320.25,320.25,320.25,320.25,50,8375
20220328,14:04,312.55,312.55,303.65,303.65,125,8450
20220328,14:08,302.70,302.70,302.70,302.70,75,8375
20220328,14:09,305.45,305.45,305.45,305.45,25,8375
20220328,14:10,300.90,304.05,300.90,304.05,50,8350
20220328,14:12,310.95,310.95,310.95,310.95,25,8350
20220328,14:17,361.75,361.75,361.75,361.75,1000,8275
20220328,14:18,361.75,361.75,308.65,308.65,75,7875
20220328,14:20,311.85,311.85,311.85,311.85,200,7875
20220328,14:21,305.05,305.05,305.05,305.05,250,7950
20220328,14:22,309.05,310.95,309.05,310.95,75,7950
20220328,14:27,318.25,318.25,318.25,318.25,25,7775
20220328,14:29,317.25,318.00,312.70,318.00,150,7800
20220328,14:31,318.90,318.90,318.90,318.90,25,7750
20220328,14:32,321.90,321.90,321.90,321.90,25,7750
20220328,14:33,316.70,318.20,316.70,318.20,50,7750
20220328,14:36,332.00,337.00,332.00,337.00,50,7750
20220328,14:40,344.30,344.30,344.30,344.30,25,7725
20220328,14:41,341.55,341.85,341.55,341.85,50,7725
20220328,14:42,333.45,333.45,329.00,329.00,225,7725
20220328,14:43,333.20,333.20,330.20,330.20,600,7725
20220328,14:44,329.25,329.65,321.15,321.95,625,7725
20220328,14:45,322.20,326.45,311.80,315.00,575,7050
20220328,14:46,317.35,319.20,316.55,318.20,275,7050
20220328,14:47,319.00,319.85,314.55,314.55,225,7050
20220328,14:48,317.05,321.75,317.05,321.75,450,6750
20220328,14:49,316.65,320.55,316.65,320.55,300,6750
20220328,14:50,314.00,314.00,308.60,310.10,400,6750
20220328,14:51,318.50,318.50,318.50,318.50,50,7475
20220328,14:52,319.05,320.70,316.05,319.30,300,7475
20220328,14:53,319.95,319.95,319.95,319.95,50,7475
20220328,14:54,323.15,323.90,322.65,322.65,225,7625
20220328,14:55,329.70,329.70,327.20,327.20,175,7625
20220328,14:56,328.95,334.85,328.95,334.55,150,7625
20220328,14:59,334.55,334.55,334.55,334.55,50,7675
20220328,15:00,331.55,331.55,331.55,331.55,100,7675
20220328,15:02,330.00,330.00,328.05,328.05,200,7725
20220328,15:03,325.00,327.05,325.00,327.05,75,7800
20220328,15:04,319.55,319.55,319.55,319.55,25,7800
20220328,15:06,324.05,324.05,323.50,323.50,75,7800
20220328,15:07,330.45,334.05,330.45,334.05,375,7875
20220328,15:08,335.25,335.25,329.85,329.85,150,7875
20220328,15:11,328.20,329.55,327.60,327.60,250,8050
20220328,15:12,326.85,326.85,326.85,326.85,50,8050
20220328,15:13,326.80,326.80,326.80,326.80,25,8025
20220328,15:14,326.55,330.60,326.55,327.45,275,8025
20220328,15:15,330.20,330.20,326.50,326.50,400,8275
20220328,15:16,329.10,337.15,329.10,337.15,450,8275
20220328,15:17,336.40,337.35,333.45,337.35,125,8275
20220328,15:18,337.20,337.55,337.20,337.55,175,8325
20220328,15:19,335.45,337.25,335.45,335.90,450,8325
20220328,15:20,333.00,337.95,332.55,334.85,675,8325
20220328,15:21,337.70,341.45,335.05,341.45,425,8875
20220328,15:22,338.40,338.40,337.65,337.65,200,8875
20220328,15:23,336.55,340.70,336.55,337.50,325,8875
20220328,15:24,338.90,339.70,338.90,339.20,400,9225
20220328,15:25,339.20,341.25,335.55,337.30,275,9225
20220328,15:26,336.05,338.55,336.05,338.55,100,9225
20220328,15:28,337.25,337.25,332.75,334.15,100,9375
20220328,15:29,331.05,331.05,331.05,331.05,25,9375
20220329,09:15,355.75,355.75,355.75,355.75,51,9400
20220329,09:16,333.75,333.75,333.75,333.75,125,9400
20220329,09:17,333.75,333.75,330.00,330.00,100,9400
20220329,09:18,332.40,337.00,332.40,337.00,225,9550
20220329,09:19,337.30,340.10,334.90,337.60,275,9550
20220329,09:20,336.15,343.95,336.15,337.70,375,9825
20220329,09:21,337.00,337.00,337.00,337.00,25,9825
20220329,09:22,333.90,334.85,333.90,334.85,125,9825
20220329,09:23,329.00,329.00,328.55,328.55,50,9825
20220329,09:24,325.30,325.30,319.75,320.95,300,9700
20220329,09:25,316.65,330.00,316.65,329.25,225,9700
20220329,09:26,328.10,331.45,328.00,328.00,175,9750
20220329,09:27,331.95,335.00,331.95,335.00,325,9750
20220329,09:28,335.10,336.50,335.10,336.50,100,9750
20220329,09:29,335.50,335.50,325.10,325.10,200,10225
20220329,09:31,325.50,325.50,323.50,323.50,225,10225
20220329,09:32,320.00,323.00,320.00,323.00,50,10225
20220329,09:34,320.05,320.05,320.05,320.05,25,10350
20220329,09:35,313.20,313.20,313.20,313.20,75,10350
20220329,09:36,323.00,323.00,323.00,323.00,25,10375
20220329,09:37,322.40,327.00,322.40,327.00,200,10375
20220329,09:38,327.10,327.10,324.40,324.40,150,10400
20220329,09:40,334.40,335.95,334.40,335.95,125,10400
20220329,09:41,328.55,328.55,328.55,328.55,50,10525
20220329,09:42,329.25,330.00,329.25,330.00,50,10525
20220329,09:45,318.15,320.85,311.95,320.85,150,10525
20220329,09:46,312.00,312.00,312.00,312.00,100,10525
20220329,09:48,316.00,316.00,316.00,316.00,25,10600
20220329,09:49,313.95,313.95,313.95,313.95,50,10600
20220329,09:50,311.00,311.00,311.00,311.00,25,10600
20220329,09:51,311.00,311.00,311.00,311.00,50,10600
20220329,09:52,311.40,313.45,311.40,313.45,100,10600
20220329,09:54,312.00,312.00,312.00,312.00,225,10625
20220329,09:55,312.00,315.00,311.40,315.00,300,10625
20220329,09:57,310.35,310.35,310.35,310.35,100,10575
20220329,09:58,303.65,303.65,300.00,300.00,50,10575
20220329,09:59,298.30,298.30,295.30,295.30,425,10400
20220329,10:00,302.85,302.85,298.75,300.15,125,10400
20220329,10:01,302.00,302.00,302.00,302.00,25,10400
20220329,10:02,302.00,302.00,300.65,300.65,200,10225
20220329,10:03,299.45,299.45,298.65,299.00,475,10225
20220329,10:04,304.00,312.70,304.00,312.70,500,10225
20220329,10:05,314.10,314.10,314.10,314.10,175,10225
20220329,10:06,310.00,310.00,310.00,310.00,100,9800
20220329,10:07,308.65,308.65,306.50,306.50,175,9800
20220329,10:09,305.55,306.60,305.55,306.60,50,9775
20220329,10:10,302.85,302.85,302.85,302.85,25,9775
20220329,10:11,304.30,304.30,304.30,304.30,25,9775
20220329,10:12,305.90,305.90,305.90,305.90,50,9775
20220329,10:13,308.05,308.05,304.30,304.30,200,9775
20220329,10:14,306.95,306.95,305.55,305.75,150,9625
20220329,10:17,309.35,309.35,309.35,309.35,25,9575
20220329,10:18,308.95,308.95,308.95,308.95,25,9575
20220329,10:22,304.85,304.85,304.85,304.85,125,9625
20220329,10:23,308.10,308.10,306.80,306.80,50,9625
20220329,10:26,304.20,304.20,304.20,304.20,50,9575
20220329,10:28,314.40,314.40,310.00,310.00,50,9600
20220329,10:29,311.80,311.80,311.80,311.80,25,9600
20220329,10:30,309.75,309.75,305.00,305.00,75,9600
20220329,10:31,310.00,310.00,310.00,310.00,50,9600
20220329,10:32,312.00,312.00,312.00,312.00,75,9575
20220329,10:37,300.00,300.00,300.00,300.00,25,9525
20220329,10:39,300.55,300.55,300.55,300.55,75,9550
20220329,10:40,298.05,300.10,286.65,296.15,700,9550
20220329,10:42,290.55,290.55,289.35,289.40,200,9675
20220329,10:43,289.95,289.95,289.95,289.95,25,9675
20220329,10:44,292.00,293.60,292.00,293.60,150,9675
20220329,10:45,294.95,294.95,294.95,294.95,25,9675
20220329,10:49,298.45,298.45,298.45,298.45,25,9325
20220329,10:51,294.65,294.65,294.65,294.65,25,9325
20220329,10:52,296.30,296.30,296.30,296.30,25,9325
20220329,10:54,296.85,300.95,296.85,300.00,75,9325
20220329,10:55,299.55,303.50,299.55,303.50,100,9325
20220329,10:56,304.00,305.30,302.00,305.30,175,9250
20220329,10:58,302.95,305.45,300.10,305.45,100,9250
20220329,10:59,303.40,304.45,303.40,304.45,75,9250
20220329,11:00,310.85,311.15,310.85,311.15,125,9225
20220329,11:04,318.00,318.00,318.00,318.00,50,9250
20220329,11:05,312.25,312.25,312.25,312.25,50,9250
20220329,11:07,310.95,310.95,310.95,310.95,25,9250
20220329,11:09,307.35,307.35,307.35,307.35,125,9225
20220329,11:10,307.80,307.80,303.65,305.35,75,9225
20220329,11:11,307.90,308.55,307.90,308.55,75,9225
20220329,11:12,308.45,308.65,305.55,305.55,150,9225
20220329,11:14,302.30,302.30,302.30,302.30,25,9225
20220329,11:15,303.00,303.00,303.00,303.00,200,9325
20220329,11:22,305.65,305.65,305.65,305.65,50,9525
20220329,11:23,310.20,310.20,310.20,310.20,50,9525
20220329,11:24,308.05,308.05,308.00,308.00,75,9550
20220329,11:26,303.25,303.55,303.25,303.55,100,9550
20220329,11:27,305.70,305.70,301.95,301.95,75,9700
20220329,11:28,303.25,303.25,303.25,303.25,50,9700
20220329,11:29,305.00,306.00,305.00,306.00,75,9700
20220329,11:31,304.65,304.65,304.65,304.65,25,9675
20220329,11:33,302.40,302.40,302.40,302.40,75,9675
20220329,11:34,299.95,301.05,299.95,301.00,100,9675
20220329,11:38,293.20,294.60,293.20,294.60,100,9775
20220329,11:39,292.00,292.00,291.75,291.75,125,9775
20220329,11:40,292.05,292.05,292.05,292.05,50,9775
20220329,11:41,292.00,292.00,292.00,292.00,25,9775
20220329,11:42,289.30,289.30,287.70,287.70,275,9775
20220329,11:43,286.25,290.25,286.25,289.50,500,9775
20220329,11:44,291.00,292.00,291.00,292.00,275,9775
20220329,11:45,293.55,296.00,293.55,296.00,250,10375
20220329,11:47,296.35,296.35,295.00,295.00,75,10375
20220329,11:48,291.70,293.80,290.80,291.10,600,10400
20220329,11:49,291.05,291.60,291.00,291.60,250,10400
20220329,11:52,290.00,290.00,276.00,276.00,325,10950
20220329,11:53,276.00,287.20,276.00,287.20,150,10950
20220329,11:54,286.60,286.60,286.05,286.05,50,10825
20220329,11:55,287.25,287.25,287.25,287.25,25,10825
20220329,12:02,277.10,277.85,277.10,277.85,50,10850
20220329,12:03,281.60,283.00,281.60,283.00,50,10825
20220329,12:08,290.35,290.35,290.35,290.35,25,10850
20220329,12:10,290.80,290.80,290.80,290.80,50,10850
20220329,12:11,286.90,286.90,285.15,285.20,125,10850
20220329,12:14,289.45,289.45,289.45,289.45,25,10850
20220329,12:18,293.00,293.00,293.00,293.00,25,10825
20220329,12:22,288.90,288.90,288.90,288.90,50,10825
20220329,12:23,293.00,293.00,293.00,293.00,25,10825
20220329,12:29,304.60,307.35,302.85,307.35,425,10850
20220329,12:32,294.10,294.10,294.10,294.10,100,11100
20220329,12:36,293.15,293.15,293.15,293.15,50,11050
20220329,12:39,287.25,287.25,287.25,287.25,50,11000
20220329,12:41,283.95,284.90,283.95,284.90,175,11000
20220329,12:47,292.45,292.45,290.50,291.55,150,11050
20220329,12:50,293.35,293.35,293.35,293.35,25,10975
20220329,12:51,299.95,302.75,299.95,302.75,125,10975
20220329,12:52,305.70,312.25,305.70,309.10,525,10975
20220329,12:53,307.75,307.75,307.75,307.75,25,10975
20220329,12:54,312.85,313.45,312.85,313.45,350,10975
20220329,12:55,312.65,312.65,307.95,307.95,100,11625
20220329,12:57,310.75,312.00,308.15,308.15,600,11750
20220329,12:58,306.10,306.10,304.75,304.75,700,11750
20220329,13:03,304.75,304.75,304.75,304.75,100,11375
20220329,13:04,305.60,305.60,305.60,305.60,125,11375
20220329,13:12,307.00,307.20,305.15,306.15,275,11550
20220329,13:13,301.75,301.75,285.05,285.05,250,11550
20220329,13:14,282.45,282.45,260.00,270.50,825,11550
20220329,13:15,258.60,258.60,242.60,242.60,225,11400
20220329,13:16,242.00,250.15,242.00,249.85,925,11400
20220329,13:17,252.30,256.75,248.75,256.75,400,11400
20220329,13:19,260.80,263.30,260.80,263.30,150,11675
20220329,13:20,265.45,265.45,265.45,265.45,25,11675
20220329,13:21,265.50,267.15,264.00,264.00,300,11600
20220329,13:22,261.20,262.35,256.40,256.40,450,11600
20220329,13:27,266.85,270.35,266.85,270.35,275,11800
20220329,13:28,269.05,269.05,269.05,269.05,25,11800
20220329,13:30,267.45,267.45,267.45,267.45,25,11650
20220329,13:32,260.05,260.05,260.05,260.05,25,11650
20220329,13:34,269.95,269.95,269.95,269.95,25,11700
20220329,13:36,268.50,268.50,268.50,268.50,25,11700
20220329,13:40,268.50,268.50,268.50,268.50,25,11700
20220329,13:43,271.80,278.20,269.40,269.40,250,11700
20220329,13:44,268.20,268.20,268.20,268.20,25,11700
20220329,13:55,269.15,269.65,269.15,269.65,150,11700
20220329,13:57,273.30,273.90,273.30,273.90,150,11675
20220329,13:59,276.10,276.10,276.10,276.10,50,11675
20220329,14:00,269.40,283.05,269.40,275.10,275,11625
20220329,14:01,271.20,271.20,271.20,271.20,25,11625
20220329,14:05,268.55,268.55,268.55,268.55,50,11725
20220329,14:07,272.35,272.35,272.35,272.35,25,11775
20220329,14:10,277.40,277.40,277.20,277.20,150,11750
20220329,14:15,278.90,278.90,275.30,275.30,150,11625
20220329,14:16,277.85,279.10,277.85,279.10,100,11625
20220329,14:18,278.00,278.00,278.00,278.00,25,11625
20220329,14:19,281.85,282.20,281.85,282.20,100,11575
20220329,14:20,279.40,279.40,279.40,279.40,25,11575
20220329,14:21,280.60,280.60,280.60,280.60,25,11600
20220329,14:22,283.00,283.00,282.10,282.10,100,11600
20220329,14:24,274.10,274.10,274.10,274.10,100,11575
20220329,14:25,274.10,274.10,273.20,273.20,225,11575
20220329,14:33,269.00,272.00,269.00,271.50,300,11750
20220329,14:34,271.30,271.30,270.60,270.60,250,11750
20220329,14:35,270.25,270.25,265.50,265.50,225,11750
20220329,14:36,266.75,266.75,265.15,265.20,100,11750
20220329,14:37,263.60,269.95,263.50,269.95,275,12325
20220329,14:38,270.85,279.65,270.85,271.00,125,12325
20220329,14:39,260.00,266.10,259.15,264.55,575,12575
20220329,14:40,265.75,268.15,265.75,268.15,175,12575
20220329,14:41,273.50,273.50,273.50,273.50,75,12575
20220329,14:43,272.45,272.45,271.80,271.80,50,12575
20220329,14:44,268.15,271.65,268.15,271.65,350,12575
20220329,14:45,271.65,271.65,271.35,271.55,350,12575
20220329,14:46,269.00,269.00,269.00,269.00,50,12925
20220329,14:49,270.00,270.00,270.00,270.00,25,12975
20220329,14:50,273.60,273.60,273.60,273.60,25,12975
20220329,14:53,275.05,275.05,275.05,275.05,25,12925
20220329,14:54,278.50,282.35,278.50,282.35,125,12925
20220329,14:56,282.85,282.95,282.85,282.95,50,13000
20220329,14:57,290.00,290.00,287.00,287.70,125,13075
20220329,14:58,290.80,290.80,290.80,290.80,75,13075
20220329,14:59,289.50,289.95,287.95,287.95,1150,13075
20220329,15:00,293.50,293.95,276.95,276.95,650,13775
20220329,15:01,286.15,286.25,286.15,286.25,225,13775
20220329,15:03,286.35,286.60,286.35,286.60,75,13750
20220329,15:04,285.70,287.85,285.70,287.85,250,13750
20220329,15:05,295.00,295.00,292.80,292.80,425,13750
20220329,15:06,292.20,292.20,292.20,292.20,50,13750
20220329,15:07,299.45,302.85,296.00,296.00,350,13975
20220329,15:08,301.55,301.75,301.55,301.75,325,13975
20220329,15:09,302.80,308.00,302.80,305.00,75,13975
20220329,15:10,298.85,298.85,298.85,298.85,150,14175
20220329,15:11,306.05,306.05,299.45,299.45,300,14175
20220329,15:12,299.70,302.50,299.70,300.05,450,14175
20220329,15:13,300.25,304.50,298.05,299.80,400,14350
20220329,15:14,303.90,304.10,301.75,301.75,400,14350
20220329,15:15,303.90,304.00,300.55,303.15,325,14350
20220329,15:18,305.00,305.00,305.00,305.00,150,14700
20220329,15:20,306.00,307.25,305.00,307.25,125,14800
20220329,15:21,307.20,312.75,307.20,312.75,275,14850
20220329,15:22,311.45,311.80,311.45,311.45,225,14850
20220329,15:23,311.35,311.35,304.90,304.90,250,14850
20220329,15:24,311.75,315.45,311.75,315.45,350,14800
20220329,15:25,314.75,321.40,314.75,316.85,775,14800
20220329,15:26,316.30,317.90,316.30,317.90,50,14800
20220329,15:27,318.90,318.90,318.25,318.25,125,14800
20220329,15:28,319.35,319.35,319.00,319.00,50,14450
20220329,15:29,316.05,322.95,315.25,315.25,425,14450
20220329,15:30,314.00,314.00,314.00,314.00,50,14450
20220330,09:15,316.90,323.90,316.90,323.90,52,14375
20220330,09:16,330.00,330.00,312.65,312.65,425,14375
20220330,09:17,327.45,328.55,327.45,328.55,250,14275
20220330,09:18,321.05,321.05,320.00,320.00,350,14275
20220330,09:19,326.60,326.60,323.55,325.00,775,14275
20220330,09:20,322.90,323.55,319.95,323.55,775,15125
20220330,09:21,323.50,323.70,318.50,319.50,575,15125
20220330,09:22,319.25,319.25,319.25,319.25,25,15125
20220330,09:23,321.50,322.50,313.00,322.35,325,15675
20220330,09:24,323.65,323.65,316.00,320.60,150,15675
20220330,09:26,314.25,321.70,314.25,318.15,400,15700
20220330,09:27,323.00,323.65,319.45,320.90,575,15700
20220330,09:28,319.75,325.95,319.75,320.00,150,15700
20220330,09:29,321.00,322.05,319.20,321.70,275,15700
20220330,09:30,326.45,328.95,317.75,319.75,400,16250
20220330,09:32,322.70,326.20,322.55,324.55,275,16550
20220330,09:33,324.60,326.00,323.15,326.00,100,16550
20220330,09:34,325.20,326.90,323.25,325.05,100,16550
20220330,09:35,325.00,327.70,324.05,324.05,575,16625
20220330,09:36,324.00,327.95,324.00,327.95,50,16625
20220330,09:37,326.20,326.20,325.45,325.50,225,16625
20220330,09:39,327.95,327.95,327.95,327.95,25,16700
20220330,09:40,327.95,327.95,325.05,325.05,125,16700
20220330,09:41,325.30,325.30,323.10,323.10,225,16575
20220330,09:42,322.10,323.35,320.85,321.55,500,16575
20220330,09:43,318.10,321.30,317.15,320.00,200,16575
20220330,09:44,320.90,323.80,320.90,323.80,100,16250
20220330,09:45,324.85,324.85,318.45,320.95,75,16250
20220330,09:46,322.20,322.25,320.65,320.65,125,16250
20220330,09:47,324.00,324.00,318.00,318.00,200,16225
20220330,09:48,320.75,326.40,320.60,321.40,475,16225
20220330,09:49,324.60,326.95,323.25,325.75,250,16225
20220330,09:50,328.00,328.00,328.00,328.00,50,16225
20220330,09:51,327.90,327.95,327.00,327.95,100,15925
20220330,09:52,324.70,327.85,324.70,327.85,200,15925
20220330,09:53,328.95,329.00,327.00,327.00,200,15875
20220330,09:54,331.50,334.00,328.20,331.95,275,15875
20220330,09:55,330.05,330.05,329.50,329.65,350,15875
20220330,09:56,331.00,331.00,328.00,328.00,600,15875
20220330,09:57,326.25,328.85,325.55,328.85,125,16250
20220330,09:58,328.30,328.30,328.30,328.30,50,16250
20220330,09:59,333.00,333.00,331.70,331.70,75,16375
20220330,10:00,335.40,335.70,331.85,335.70,400,16375
20220330,10:01,340.00,340.00,340.00,340.00,25,16375
20220330,10:02,340.00,340.00,333.90,333.90,250,16625
20220330,10:03,338.00,338.45,335.05,338.45,150,16625
20220330,10:04,334.85,334.85,334.50,334.60,75,16625
20220330,10:05,334.55,334.55,332.45,334.05,150,16800
20220330,10:06,330.35,331.95,324.35,326.85,200,16800
20220330,10:07,326.00,326.95,323.70,326.95,100,16800
20220330,10:08,326.95,328.45,322.00,325.00,500,17050
20220330,10:09,324.95,324.95,324.95,324.95,25,17050
20220330,10:10,326.40,329.25,326.40,329.25,100,17050
20220330,10:11,328.95,329.90,328.95,329.90,75,17050
20220330,10:12,332.50,332.50,332.50,332.50,125,17050
20220330,10:13,330.25,333.85,330.05,333.85,150,17050
20220330,10:14,333.85,334.80,331.15,332.65,250,17050
20220330,10:15,330.00,330.90,330.00,330.90,100,17125
20220330,10:16,333.85,335.85,331.90,335.85,225,17125
20220330,10:17,330.25,333.25,330.25,333.25,200,17425
20220330,10:18,333.50,336.45,333.50,334.55,100,17425
20220330,10:19,334.55,342.10,334.55,340.45,250,17425
20220330,10:20,343.10,348.30,340.90,343.50,500,17800
20220330,10:21,347.25,353.45,347.25,350.00,800,17800
20220330,10:22,350.00,354.15,349.35,349.35,325,17800
20220330,10:23,349.00,349.00,348.05,348.05,150,18250
20220330,10:24,348.85,354.35,346.25,354.35,950,18250
20220330,10:25,356.15,356.15,347.95,351.40,600,18250
20220330,10:26,352.50,356.35,352.10,356.25,375,19050
20220330,10:27,356.65,356.65,353.10,353.10,100,19050
20220330,10:28,355.40,355.80,351.30,353.85,275,19050
20220330,10:29,352.10,352.45,352.10,352.45,75,19175
20220330,10:30,353.20,354.30,348.75,348.75,325,19175
20220330,10:31,351.30,359.35,350.40,359.35,525,19175
20220330,10:32,360.00,364.80,360.00,364.80,450,19425
20220330,10:33,364.80,365.45,361.00,361.00,325,19425
20220330,10:34,360.05,360.05,360.00,360.00,50,19425
20220330,10:35,359.35,359.35,356.05,357.70,125,19425
20220330,10:36,364.50,366.85,362.25,366.85,450,19525
20220330,10:37,367.20,368.95,365.00,365.95,700,19525
20220330,10:38,369.00,372.65,369.00,372.65,125,19525
20220330,10:39,372.65,375.00,372.65,375.00,250,20225
20220330,10:40,374.70,376.95,374.40,376.95,250,20225
20220330,10:41,376.95,376.95,374.15,374.15,175,20225
20220330,10:42,374.10,374.10,370.00,370.00,150,20100
20220330,10:44,364.85,364.85,364.85,364.85,75,20100
20220330,10:45,364.00,365.15,361.55,365.15,300,20125
20220330,10:46,365.35,365.35,362.00,362.00,175,20125
20220330,10:47,357.95,357.95,357.95,357.95,50,20125
20220330,10:48,360.80,366.95,360.80,366.95,75,20175
20220330,10:49,365.05,365.30,365.05,365.30,125,20175
20220330,10:50,365.00,365.05,365.00,365.00,125,20200
20220330,10:51,364.85,368.85,364.85,368.80,275,20200
20220330,10:52,367.55,370.85,367.55,370.55,125,20200
20220330,10:53,372.95,372.95,370.60,370.60,75,20200
20220330,10:55,369.00,369.00,369.00,369.00,75,20175
20220330,10:56,367.05,367.05,367.05,367.05,75,20175
20220330,10:58,363.75,363.75,363.75,363.75,50,20175
20220330,10:59,368.90,372.70,368.90,372.70,375,20175
20220330,11:01,373.00,373.00,373.00,373.00,25,20050
20220330,11:04,374.25,374.25,374.25,374.25,175,20050
20220330,11:05,375.05,375.05,374.60,374.60,250,20050
20220330,11:06,376.85,376.85,376.85,376.85,75,20100
20220330,11:07,375.05,376.25,375.05,376.25,125,20100
20220330,11:08,372.75,377.95,372.75,377.95,50,19975
20220330,11:10,377.95,377.95,376.10,376.10,100,19975
20220330,11:11,376.00,376.00,376.00,376.00,50,19975
20220330,11:12,375.20,375.20,375.20,375.20,25,20100
20220330,11:13,366.50,369.50,366.50,369.50,175,20100
20220330,11:15,366.55,366.55,366.55,366.55,25,20000
20220330,11:16,369.15,369.15,369.15,369.15,25,20000
20220330,11:17,362.80,362.80,362.80,362.80,100,20000
20220330,11:20,358.95,358.95,354.10,354.10,325,20025
20220330,11:21,347.65,350.05,347.00,347.00,425,19900
20220330,11:22,351.30,351.30,351.30,351.30,75,19900
20220330,11:23,356.85,356.85,352.70,352.70,75,19900
20220330,11:24,354.60,354.60,354.60,354.60,25,19900
20220330,11:25,354.45,354.45,351.75,352.15,250,19900
20220330,11:28,356.05,356.05,356.05,356.05,25,20000
20220330,11:29,355.25,355.25,355.25,355.25,25,20000
20220330,11:30,354.50,354.50,354.50,354.50,25,20000
20220330,11:31,355.25,355.35,354.60,355.35,125,20000
20220330,11:32,357.30,357.30,356.55,356.55,275,20000
20220330,11:34,357.80,361.45,357.80,359.00,250,20100
20220330,11:35,362.00,364.70,362.00,364.70,50,20100
20220330,11:37,363.65,363.80,361.70,362.55,325,20350
20220330,11:38,364.25,364.25,364.25,364.25,50,20350
20220330,11:40,368.45,368.95,368.45,368.95,150,20650
20220330,11:41,368.95,368.95,367.95,367.95,325,20650
20220330,11:42,355.90,355.90,352.20,352.20,325,20350
20220330,11:43,357.00,357.95,350.45,352.50,725,20350
20220330,11:44,352.55,352.55,345.00,345.00,100,20350
20220330,11:45,347.40,349.05,347.40,349.05,125,20325
20220330,11:46,345.80,350.90,345.80,350.90,150,20325
20220330,11:47,352.70,352.70,352.70,352.70,25,20325
20220330,11:48,355.00,355.00,355.00,355.00,50,20325
20220330,11:49,358.45,358.45,355.15,355.15,50,20150
20220330,11:50,355.25,355.25,355.25,355.25,50,20150
20220330,11:51,353.70,359.20,353.70,359.20,50,20150
20220330,11:52,352.75,354.70,352.75,354.45,175,20150
20220330,11:53,353.00,353.00,349.75,349.95,350,20150
20220330,11:54,346.75,346.75,343.20,343.20,200,20125
20220330,11:55,347.35,347.35,342.15,342.15,850,20125
20220330,11:56,341.55,343.95,341.55,343.95,250,20125
20220330,11:57,344.30,344.30,344.30,344.30,75,20175
20220330,12:00,344.75,344.75,344.75,344.75,75,20225
20220330,12:01,347.15,352.90,347.15,352.90,150,20225
20220330,12:02,354.80,354.80,354.75,354.75,125,20225
20220330,12:03,355.50,355.50,355.50,355.50,100,20225
20220330,12:04,349.95,351.40,349.95,351.40,75,19950
20220330,12:05,348.70,353.95,348.70,353.95,125,19950
20220330,12:06,347.10,347.10,347.10,347.10,25,19875
20220330,12:07,348.00,348.00,348.00,348.00,25,19875
20220330,12:08,349.30,354.00,349.30,354.00,225,19875
20220330,12:09,359.90,360.00,354.90,354.90,725,19725
20220330,12:10,354.00,354.00,354.00,354.00,400,19725
20220330,12:14,340.05,343.85,340.05,341.15,425,19950
20220330,12:15,344.00,344.00,344.00,344.00,25,20150
20220330,12:16,341.10,344.10,340.45,344.10,450,20150
20220330,12:17,340.90,340.90,340.90,340.90,50,20150
20220330,12:18,342.60,342.60,342.60,342.60,150,20100
20220330,12:19,341.25,341.25,341.25,341.25,25,20100
20220330,12:21,348.05,348.05,348.05,348.05,150,20075
20220330,12:22,347.90,351.20,347.90,351.20,425,20075
20220330,12:25,356.90,356.90,356.90,356.90,25,19875
20220330,12:26,356.60,356.60,356.60,356.60,25,19875
20220330,12:27,349.55,350.15,349.55,350.15,50,19875
20220330,12:30,345.95,345.95,345.95,345.95,100,19875
20220330,12:36,345.00,345.00,345.00,345.00,75,19875
20220330,12:39,338.00,342.90,338.00,342.90,175,19725
20220330,12:42,349.45,349.45,349.45,349.45,25,19700
20220330,12:43,347.20,347.20,347.20,347.20,100,19700
20220330,12:44,346.95,346.95,346.95,346.95,50,19700
20220330,12:45,346.80,346.80,346.80,346.80,125,19575
20220330,12:46,343.95,345.75,343.95,345.75,350,19575
20220330,12:48,343.35,343.35,338.00,338.00,50,19225
20220330,12:49,339.70,342.30,339.70,342.30,150,19225
20220330,12:50,339.65,340.15,338.60,340.15,125,19225
20220330,12:51,340.55,344.85,340.45,340.45,550,19000
20220330,12:52,336.75,336.75,336.75,336.75,50,19000
20220330,12:53,336.05,336.05,336.05,336.05,25,19000
20220330,12:55,340.00,340.00,340.00,340.00,125,18725
20220330,12:56,341.00,341.00,341.00,341.00,375,18725
20220330,12:59,342.45,342.45,341.20,341.90,175,18825
20220330,13:00,341.00,341.00,336.05,336.05,100,18650
20220330,13:01,336.05,336.70,336.05,336.70,75,18650
20220330,13:02,339.95,339.95,339.95,339.95,25,18650
20220330,13:04,338.40,338.50,338.25,338.50,125,18650
20220330,13:07,335.00,335.00,335.00,335.00,25,18600
20220330,13:08,322.15,322.15,322.15,322.15,300,18600
20220330,13:09,328.45,328.45,328.45,328.45,25,18600
20220330,13:11,334.40,334.40,334.40,334.40,25,18825
20220330,13:12,331.45,331.45,331.45,331.45,25,18825
20220330,13:14,345.10,345.10,344.85,344.85,150,18825
20220330,13:15,350.00,354.65,350.00,350.90,500,18875
20220330,13:16,350.00,351.00,350.00,351.00,50,18875
20220330,13:17,354.00,354.00,354.00,354.00,50,18875
20220330,13:18,353.90,353.90,353.90,353.90,50,18875
20220330,13:19,350.95,350.95,350.95,350.95,25,18825
20220330,13:20,356.75,356.75,355.00,355.00,50,18825
20220330,13:21,350.05,350.05,350.05,350.05,25,18850
20220330,13:22,350.00,350.00,348.40,348.40,75,18850
20220330,13:24,347.50,347.50,347.50,347.50,400,18850
20220330,13:25,345.75,345.75,345.75,345.75,50,18850
20220330,13:27,345.80,346.20,345.80,346.20,125,18800
20220330,13:28,347.35,347.35,347.35,347.35,250,18800
20220330,13:37,337.85,337.85,337.85,337.85,50,18850
20220330,13:39,342.00,342.00,341.50,341.50,50,18875
20220330,13:40,338.80,338.80,338.80,338.80,75,18875
20220330,13:44,329.90,329.90,319.85,327.85,400,18950
20220330,13:45,310.90,318.25,310.90,318.25,225,18925
20220330,13:46,324.95,330.00,322.50,328.90,525,18925
20220330,13:47,331.00,331.00,331.00,331.00,100,18925
20220330,13:49,330.75,330.90,330.75,330.90,175,19125
20220330,13:50,331.85,335.00,331.85,335.00,125,19125
20220330,13:52,335.45,339.05,335.45,336.85,175,19175
20220330,13:53,333.25,333.95,333.25,333.95,50,19175
20220330,13:54,331.25,331.25,331.25,331.25,25,19175
20220330,13:57,337.70,338.00,337.70,338.00,150,19150
20220330,14:00,343.20,344.30,341.50,344.30,325,19050
20220330,14:03,341.45,341.45,341.45,341.45,25,19050
20220330,14:04,332.65,332.65,329.70,330.75,175,19050
20220330,14:08,332.90,332.90,332.90,332.90,25,18975
20220330,14:09,330.00,330.00,330.00,330.00,25,18975
20220330,14:10,333.50,333.50,333.50,333.50,25,18975
20220330,14:13,330.45,330.45,330.45,330.45,50,18950
20220330,14:15,336.60,336.60,336.60,336.60,75,18950
20220330,14:18,331.60,331.60,331.60,331.60,25,18925
20220330,14:20,330.45,330.45,330.45,330.45,25,18925
20220330,14:21,336.95,337.00,336.95,337.00,50,18950
20220330,14:22,337.75,337.75,337.75,337.75,25,18950
20220330,14:25,337.80,337.80,337.80,337.80,25,18925
20220330,14:31,340.55,346.35,340.55,346.35,150,18925
20220330,14:32,345.20,345.20,332.00,334.70,250,18925
20220330,14:33,334.00,340.90,334.00,340.25,125,18900
20220330,14:34,337.80,337.80,337.80,337.80,25,18900
20220330,14:35,334.85,334.85,334.85,334.85,125,18900
20220330,14:37,335.00,337.45,335.00,337.45,75,18950
20220330,14:41,331.45,331.45,331.45,331.45,25,18950
20220330,14:43,322.65,322.65,322.65,322.65,50,18950
20220330,14:46,329.80,329.80,329.80,329.80,25,18950
20220330,14:47,329.65,329.65,329.05,329.05,50,18950
20220330,14:48,329.20,329.35,329.20,329.35,50,18925
20220330,14:49,329.85,337.90,329.85,337.90,500,18925
20220330,14:50,342.35,353.60,342.35,353.60,200,18925
20220330,14:51,345.00,345.00,337.65,337.95,300,18925
20220330,14:52,340.25,340.40,336.50,336.50,225,18925
20220330,14:54,341.25,343.30,341.25,343.30,50,19075
20220330,14:55,343.25,343.25,339.00,339.00,75,19075
20220330,14:56,338.55,338.55,337.70,337.70,125,19075
20220330,14:57,342.60,342.60,339.40,339.40,150,19075
20220330,14:58,340.00,340.00,339.85,339.85,75,19000
20220330,14:59,347.25,347.25,347.25,347.25,225,19000
20220330,15:00,349.30,349.30,349.30,349.30,25,19000
20220330,15:04,348.00,351.15,348.00,351.15,50,19075
20220330,15:05,352.00,352.00,349.90,351.00,100,19075
20220330,15:06,351.75,352.20,351.70,352.20,150,19075
20220330,15:07,350.80,350.80,350.80,350.80,50,18875
20220330,15:10,344.55,344.55,344.55,344.55,50,18875
20220330,15:12,342.00,342.00,342.00,342.00,25,18925
20220330,15:13,340.45,340.45,340.45,340.45,25,18925
20220330,15:15,343.90,343.90,343.90,343.90,25,18925
20220330,15:16,348.85,349.95,348.85,349.95,225,18950
20220330,15:17,346.95,348.00,344.00,348.00,275,18950
20220330,15:18,343.30,344.50,340.00,340.05,225,18825
20220330,15:19,340.10,340.10,338.00,338.90,150,18825
20220330,15:20,338.00,342.35,338.00,339.00,200,18825
20220330,15:22,337.50,342.35,337.50,342.35,300,18875
20220330,15:23,341.30,341.30,339.50,339.50,150,18875
20220330,15:24,339.75,341.90,337.30,341.90,425,18725
20220330,15:25,338.00,338.00,338.00,338.00,25,18725
20220330,15:26,336.15,340.55,336.15,340.55,250,18725
20220330,15:27,338.00,344.10,338.00,344.10,275,18725
20220330,15:28,338.15,341.90,336.90,336.90,325,18375
20220330,15:29,334.00,340.55,334.00,334.05,450,18375
20220331,09:15,321.10,341.75,321.05,341.75,102,18325
20220331,09:16,348.60,348.60,335.60,335.60,225,18325
20220331,09:17,336.60,341.95,336.60,339.30,200,18250
20220331,09:18,335.55,336.90,333.65,335.60,475,18250
20220331,09:19,333.90,333.90,328.25,328.25,375,18250
20220331,09:21,327.45,331.35,327.45,330.25,75,18000
20220331,09:22,329.00,332.80,329.00,332.80,125,18000
20220331,09:23,331.60,334.95,330.45,334.50,200,18000
20220331,09:24,328.50,328.50,324.95,326.20,300,18125
20220331,09:25,322.25,324.45,321.90,324.45,275,18125
20220331,09:26,320.55,320.55,320.05,320.05,175,18075
20220331,09:27,321.85,325.45,307.00,307.00,625,18075
20220331,09:28,307.00,307.00,307.00,307.00,25,18075
20220331,09:29,314.95,315.00,314.95,315.00,250,18425
20220331,09:30,316.10,326.50,315.10,326.50,450,18425
20220331,09:31,324.40,329.45,324.40,329.45,125,18425
20220331,09:32,335.85,335.85,335.85,335.85,25,18425
20220331,09:33,334.00,337.95,334.00,337.95,325,18325
20220331,09:34,335.90,343.95,335.90,343.00,450,18325
20220331,09:35,348.00,364.20,348.00,361.90,800,18050
20220331,09:36,362.95,366.50,357.05,366.50,825,18050
20220331,09:37,366.60,366.60,357.80,357.80,200,18050
20220331,09:38,364.50,364.50,362.20,362.20,50,18675
20220331,09:39,360.80,366.10,360.80,366.10,125,18675
20220331,09:40,363.55,363.55,360.30,360.30,50,18675
20220331,09:41,367.80,369.00,363.00,363.00,300,18675
20220331,09:42,362.30,362.30,360.00,360.00,50,18675
20220331,09:43,362.30,362.30,362.30,362.30,25,18675
20220331,09:44,359.15,362.65,355.05,362.65,125,18625
20220331,09:45,364.40,368.20,362.05,368.20,550,18625
20220331,09:46,367.35,368.00,367.35,368.00,75,18625
20220331,09:47,368.00,370.15,368.00,370.15,850,17850
20220331,09:48,370.25,375.75,370.00,375.75,2275,17850
20220331,09:49,373.75,374.80,373.00,373.15,150,17850
20220331,09:50,373.20,377.30,370.05,370.05,550,18775
20220331,09:51,370.00,370.75,366.15,368.10,350,18775
20220331,09:52,372.90,373.65,372.90,373.65,925,18775
20220331,09:53,370.60,371.70,370.60,371.70,150,18975
20220331,09:54,368.25,371.20,366.30,369.70,400,18975
20220331,09:55,368.10,368.10,363.95,363.95,825,18975
20220331,09:56,365.40,365.40,362.65,362.65,75,18975
20220331,09:57,362.00,362.00,355.50,355.50,325,19700
20220331,09:58,360.00,360.00,358.50,358.50,75,19700
20220331,09:59,358.05,358.05,357.00,357.00,50,19700
20220331,10:00,358.00,359.95,358.00,359.90,225,19600
20220331,10:01,357.55,357.55,357.55,357.55,25,19600
20220331,10:02,352.60,352.60,352.60,352.60,25,19750
20220331,10:03,362.50,366.00,360.00,360.00,1100,19750
20220331,10:04,366.50,368.00,360.70,361.05,1250,19750
20220331,10:05,367.50,367.50,362.70,366.50,1875,21375
20220331,10:06,373.50,374.00,365.10,365.10,2125,21375
20220331,10:07,371.90,371.90,362.95,364.05,2575,21375
20220331,10:08,363.05,367.50,359.05,359.50,1600,24725
20220331,10:09,361.00,364.75,359.10,359.10,675,24725
20220331,10:10,359.60,360.60,357.45,357.45,300,24725
20220331,10:11,350.00,359.00,350.00,356.80,450,25300
20220331,10:12,355.80,355.80,351.25,351.25,75,25300
20220331,10:13,353.10,353.10,353.10,353.10,25,25300
20220331,10:14,356.35,359.30,355.60,359.30,125,25300
20220331,10:15,362.55,367.70,361.50,363.45,575,25575
20220331,10:16,362.50,366.00,360.00,365.00,1225,25575
20220331,10:17,365.50,365.50,357.05,358.85,1225,27400
20220331,10:18,359.20,362.00,355.30,359.25,1125,27400
20220331,10:19,354.90,360.75,354.90,360.65,825,27400
20220331,10:20,354.90,360.65,354.90,360.65,225,29200
20220331,10:21,355.50,361.65,355.50,356.75,175,29200
20220331,10:23,356.55,356.55,356.55,356.55,75,29150
20220331,10:26,359.50,359.50,359.50,359.50,75,29150
20220331,10:27,361.20,361.30,359.90,359.90,125,29150
20220331,10:29,355.85,355.85,355.85,355.85,25,29150
20220331,10:30,357.10,363.95,357.10,363.95,325,29150
20220331,10:31,359.40,362.65,358.35,360.70,300,29150
20220331,10:32,361.00,361.00,351.00,356.75,425,29675
20220331,10:33,350.35,354.05,350.35,353.55,150,29675
20220331,10:34,354.65,354.65,354.65,354.65,75,29675
20220331,10:35,354.05,358.10,354.05,354.75,625,29950
20220331,10:36,354.70,357.00,350.25,354.00,600,29950
20220331,10:37,345.90,351.70,345.90,351.60,1150,29950
20220331,10:38,349.15,352.10,345.65,348.50,400,31125
20220331,10:39,346.90,346.90,344.35,344.35,100,31125
20220331,10:40,344.30,351.40,344.30,348.55,600,31125
20220331,10:41,350.60,353.00,348.10,348.35,550,31450
20220331,10:42,351.95,353.40,350.90,353.40,225,31450
20220331,10:43,353.70,353.70,353.15,353.15,50,31450
20220331,10:44,348.95,350.00,340.45,340.45,800,31825
20220331,10:45,339.20,347.25,337.75,347.25,875,31825
20220331,10:46,349.65,351.45,348.55,350.35,325,31825
20220331,10:47,351.60,351.60,350.90,350.95,275,31825
20220331,10:48,348.70,348.70,340.60,344.35,300,31925
20220331,10:50,339.35,346.00,339.35,343.45,1450,32700
20220331,10:51,342.05,348.25,342.05,348.05,450,32700
20220331,10:52,347.85,350.85,344.45,347.20,350,32700
20220331,10:53,347.80,347.80,343.15,343.15,75,33250
20220331,10:54,346.30,352.00,346.30,352.00,400,33250
20220331,10:55,350.50,350.50,346.75,347.55,325,33250
20220331,10:56,347.30,353.25,347.15,349.95,525,33850
20220331,10:57,352.05,356.05,349.90,356.05,300,33850
20220331,10:58,356.75,359.45,356.75,359.45,325,33850
20220331,10:59,357.00,360.50,357.00,359.70,225,33850
20220331,11:00,360.75,363.60,357.15,357.15,850,33850
20220331,11:01,361.00,361.00,354.80,355.80,300,33850
20220331,11:03,354.15,362.20,353.10,362.20,475,34625
20220331,11:04,359.60,364.25,357.95,360.75,975,34625
20220331,11:05,360.00,361.85,356.30,361.85,400,35500
20220331,11:06,360.10,360.10,353.60,353.70,375,35500
20220331,11:07,353.00,353.00,353.00,353.00,25,35500
20220331,11:08,354.70,354.70,352.00,352.00,325,35825
20220331,11:09,351.95,358.50,351.95,358.50,475,35825
20220331,11:10,358.20,360.50,357.35,357.35,725,35825
20220331,11:11,350.65,354.50,350.65,354.50,225,36850
20220331,11:12,349.65,357.05,349.65,357.05,525,36850
20220331,11:13,354.00,355.00,349.65,350.75,750,36850
20220331,11:14,350.30,356.20,350.30,353.00,925,36850
20220331,11:15,353.55,356.20,350.50,350.50,275,38075
20220331,11:16,351.00,357.95,351.00,357.95,225,38075
20220331,11:17,354.80,360.15,354.80,355.55,175,38075
20220331,11:18,349.20,350.50,347.95,350.50,400,38125
20220331,11:19,355.00,355.00,348.80,348.80,725,38125
20220331,11:20,354.10,354.10,348.80,350.25,1500,38125
20220331,11:21,350.25,353.40,350.25,352.35,375,39600
20220331,11:22,348.50,354.00,348.00,354.00,500,39600
20220331,11:23,353.50,353.50,351.55,352.05,175,39600
20220331,11:24,356.05,356.05,354.10,354.10,125,40050
20220331,11:25,356.80,358.00,353.15,356.50,750,40050
20220331,11:26,353.60,356.75,350.75,353.95,975,40050
20220331,11:27,353.95,358.35,351.25,358.35,150,41100
20220331,11:28,351.05,351.05,350.65,350.65,50,41100
20220331,11:29,348.05,348.05,345.00,345.00,800,41100
20220331,11:30,350.25,350.25,349.40,349.40,200,41175
20220331,11:31,351.95,351.95,349.70,349.70,300,41175
20220331,11:34,345.00,345.00,342.20,343.15,825,40775
20220331,11:35,342.00,342.00,342.00,342.00,100,40775
20220331,11:39,341.00,341.00,341.00,341.00,50,40650
20220331,11:40,345.20,346.30,345.20,345.50,150,40650
20220331,11:42,342.70,342.70,342.70,342.70,25,40650
20220331,11:43,342.00,345.10,342.00,344.20,350,40650
20220331,11:46,344.20,344.20,337.00,342.50,325,40650
20220331,11:47,341.65,341.65,339.70,340.95,125,40650
20220331,11:48,340.45,340.45,340.45,340.45,50,40700
20220331,11:49,341.70,341.70,341.70,341.70,100,40700
20220331,11:50,342.00,342.00,341.15,342.00,550,40700
20220331,11:52,342.50,342.50,342.45,342.45,100,40575
20220331,11:53,340.75,340.75,331.10,331.10,750,40575
20220331,11:54,340.40,340.40,333.45,333.45,50,40725
20220331,11:56,331.10,331.10,331.10,331.10,75,40725
20220331,11:57,330.00,330.50,330.00,330.50,50,40825
20220331,11:58,335.00,335.00,335.00,335.00,25,40825
20220331,11:59,335.00,335.00,335.00,335.00,25,40825
20220331,12:00,339.00,339.85,339.00,339.45,175,40875
20220331,12:03,336.75,338.40,334.45,338.40,175,40800
20220331,12:04,330.05,330.05,328.05,328.05,100,40800
20220331,12:05,330.30,330.30,330.30,330.30,25,40800
20220331,12:06,328.90,328.90,328.90,328.90,50,40925
20220331,12:07,325.05,325.05,325.05,325.05,25,40925
20220331,12:08,326.15,326.15,320.40,320.40,650,40925
20220331,12:09,320.00,320.00,320.00,320.00,25,40925
20220331,12:10,319.95,320.00,319.95,320.00,100,40925
20220331,12:11,317.65,321.40,317.65,320.75,125,40925
20220331,12:12,321.40,322.30,318.95,318.95,100,40825
20220331,12:13,320.00,322.70,320.00,322.70,100,40825
20220331,12:14,321.45,330.35,321.45,330.35,200,40825
20220331,12:15,330.05,332.90,330.05,331.30,725,40925
20220331,12:16,332.55,332.55,327.10,327.10,200,40925
20220331,12:17,327.05,331.25,327.05,329.65,300,40925
20220331,12:18,329.65,332.20,329.60,332.20,175,40975
20220331,12:19,329.60,331.75,329.60,331.75,150,40975
20220331,12:20,329.95,333.75,329.95,333.65,225,40975
20220331,12:21,333.80,333.80,333.80,333.80,50,41000
20220331,12:22,329.45,332.45,329.45,332.45,50,41000
20220331,12:23,328.90,328.90,328.90,328.90,50,41000
20220331,12:24,331.00,332.70,330.55,332.70,125,40975
20220331,12:25,331.45,331.45,328.55,328.55,350,40975
20220331,12:26,325.00,325.00,325.00,325.00,25,40975
20220331,12:27,325.00,325.00,324.10,324.10,75,41025
20220331,12:29,326.15,334.35,326.15,334.35,325,41025
20220331,12:30,339.00,339.90,336.05,336.05,175,40900
20220331,12:31,339.75,345.05,339.75,344.85,400,40900
20220331,12:32,342.65,342.65,342.65,342.65,50,40900
20220331,12:34,344.00,344.00,344.00,344.00,25,40900
20220331,12:35,338.85,344.95,338.85,344.45,225,40900
20220331,12:36,342.50,345.00,342.50,345.00,75,40850
20220331,12:38,341.00,341.00,340.35,340.35,50,40850
20220331,12:39,344.00,344.00,344.00,344.00,25,40875
20220331,12:41,340.00,341.05,340.00,341.05,50,40875
20220331,12:42,341.45,341.45,333.45,333.45,225,40875
20220331,12:43,336.00,336.00,334.80,334.80,75,40875
20220331,12:44,334.00,334.00,334.00,334.00,50,40875
20220331,12:45,334.00,334.00,334.00,334.00,75,40875
20220331,12:46,325.50,325.50,325.50,325.50,75,40875
20220331,12:47,327.70,332.65,326.05,332.65,200,40875
20220331,12:48,333.00,333.00,333.00,333.00,300,40650
20220331,12:49,334.80,336.60,334.80,336.60,75,40650
20220331,12:50,337.90,339.50,336.00,336.00,175,40650
20220331,12:51,339.10,339.10,339.10,339.10,25,40950
20220331,12:52,340.00,340.00,340.00,340.00,200,40950
20220331,12:54,333.65,333.65,333.65,333.65,100,40950
20220331,12:55,331.70,333.00,331.70,333.00,75,41150
20220331,12:56,335.70,335.70,335.70,335.70,50,41150
20220331,12:58,335.40,340.65,335.40,340.65,100,41275
20220331,12:59,338.00,338.00,338.00,338.00,100,41275
20220331,13:01,339.00,342.80,339.00,342.80,100,41450
20220331,13:02,340.55,347.15,340.55,347.15,100,41450
20220331,13:03,346.00,350.45,346.00,349.85,375,41550
20220331,13:04,349.30,349.30,344.25,344.25,250,41550
20220331,13:05,344.25,344.25,344.25,344.25,50,41550
20220331,13:06,344.25,344.25,344.25,344.25,25,41800
20220331,13:07,341.45,344.75,341.35,344.75,150,41800
20220331,13:08,344.80,348.15,343.70,348.15,225,41800
20220331,13:09,353.10,354.95,352.00,353.10,325,41825
20220331,13:10,348.90,350.00,348.15,348.15,150,41825
20220331,13:11,348.15,348.15,340.95,340.95,50,41825
20220331,13:12,340.95,340.95,340.95,340.95,25,41575
20220331,13:13,340.00,342.85,340.00,342.85,300,41575
20220331,13:15,345.05,345.05,342.30,342.30,100,41775
20220331,13:16,340.70,340.70,338.00,338.00,100,41775
20220331,13:17,336.00,336.40,336.00,336.05,175,41775
20220331,13:18,337.05,337.05,337.00,337.00,1350,41925
20220331,13:20,337.15,337.15,337.15,337.15,100,41925
20220331,13:21,335.40,335.40,334.00,334.25,250,42950
20220331,13:22,334.75,336.55,333.00,333.00,1275,42950
20220331,13:23,332.50,335.55,332.50,335.55,300,42950
20220331,13:24,333.00,333.00,330.00,330.00,1225,45450
20220331,13:25,331.10,332.90,331.10,332.90,100,45450
20220331,13:26,335.00,337.45,335.00,337.45,125,45450
20220331,13:27,338.50,342.65,338.50,342.65,125,45500
20220331,13:28,340.60,340.70,340.60,340.70,75,45500
20220331,13:29,337.20,337.20,321.95,322.05,100,45500
20220331,13:30,320.85,327.95,320.85,327.95,775,45525
20220331,13:31,330.45,330.45,323.70,323.70,125,45525
20220331,13:32,321.05,321.75,321.05,321.35,600,45525
20220331,13:33,325.25,325.25,325.25,325.25,25,45525
20220331,13:34,323.90,324.40,323.40,323.80,200,45700
20220331,13:35,324.20,333.55,324.20,333.55,250,45700
20220331,13:36,327.05,327.05,324.40,324.40,100,45725
20220331,13:37,323.75,324.50,323.75,324.50,75,45725
20220331,13:38,323.00,323.00,323.00,323.00,25,45725
20220331,13:39,322.10,322.10,322.10,322.10,100,45725
20220331,13:40,323.10,323.10,322.75,322.75,50,45800
20220331,13:41,323.85,324.35,323.85,324.35,150,45800
20220331,13:42,319.00,323.00,319.00,323.00,1425,45850
20220331,13:43,325.50,327.60,325.50,327.00,1525,45850
20220331,13:44,324.70,324.70,323.05,323.05,325,45850
20220331,13:45,322.10,325.00,322.10,324.30,375,48225
20220331,13:46,322.05,324.15,322.05,323.75,825,48225
20220331,13:47,324.50,324.50,323.10,323.10,100,48225
20220331,13:48,323.05,324.30,321.00,324.30,1275,48275
20220331,13:49,324.00,324.00,319.85,319.85,425,48275
20220331,13:50,321.30,324.00,321.30,323.75,2825,48275
20220331,13:51,323.65,323.85,323.60,323.70,2450,54375
20220331,13:52,326.85,326.85,323.60,323.65,725,54375
20220331,13:53,323.60,323.60,321.30,321.30,1300,54375
20220331,13:54,321.30,323.40,321.30,323.40,125,54375
20220331,13:55,322.30,329.50,322.30,329.50,450,56100
20220331,13:56,329.80,329.80,328.00,328.00,200,56100
20220331,13:57,328.00,328.00,324.65,324.65,650,56675
20220331,13:58,324.65,324.65,324.65,324.65,50,56675
20220331,13:59,325.80,325.80,325.80,325.80,25,56675
20220331,14:00,327.70,327.70,323.00,323.00,825,56775
20220331,14:01,319.00,319.00,313.00,315.15,800,56775
20220331,14:02,313.10,313.10,311.05,311.05,775,56775
20220331,14:03,311.05,312.30,310.00,310.80,625,58250
20220331,14:04,311.80,311.80,311.80,311.80,50,58250
20220331,14:05,312.05,313.50,311.50,312.45,175,58250
20220331,14:06,310.05,312.75,310.00,312.75,1300,59100
20220331,14:07,311.45,315.00,311.45,315.00,375,59100
20220331,14:08,313.70,314.50,310.40,310.40,1525,59100
20220331,14:09,309.30,311.10,309.25,310.80,250,60675
20220331,14:10,310.40,313.00,310.40,313.00,425,60675
20220331,14:11,317.00,321.60,317.00,319.35,1250,60675
20220331,14:12,318.00,318.00,318.00,318.00,200,61200
20220331,14:13,318.00,319.95,318.00,318.00,225,61200
20220331,14:14,318.00,318.45,315.55,318.45,950,61200
20220331,14:15,317.40,317.40,316.25,316.25,250,62350
20220331,14:16,317.00,319.95,317.00,319.95,1200,62350
20220331,14:17,318.55,320.90,317.05,319.10,625,62350
20220331,14:18,318.00,324.30,317.35,324.30,525,63100
20220331,14:19,324.35,324.35,317.00,317.00,400,63100
20220331,14:20,320.45,321.05,317.10,319.65,575,63100
20220331,14:22,317.00,320.40,317.00,319.75,425,63200
20220331,14:23,317.95,319.05,317.25,319.05,375,63200
20220331,14:24,318.60,326.20,318.60,326.20,825,63575
20220331,14:25,322.05,328.00,322.05,328.00,1050,63575
20220331,14:26,329.15,329.65,328.75,329.65,300,63575
20220331,14:27,330.00,330.00,329.55,329.55,50,63400
20220331,14:28,328.90,328.90,325.45,325.45,1450,63400
20220331,14:30,333.30,333.85,330.55,332.40,825,64625
20220331,14:31,329.80,329.80,325.55,325.55,175,64625
20220331,14:32,327.70,327.75,320.65,320.65,475,64625
20220331,14:33,320.45,320.45,316.65,316.65,275,64800
20220331,14:34,318.05,318.05,312.00,312.00,350,64800
20220331,14:35,315.85,315.85,309.45,310.00,275,64800
20220331,14:36,307.30,309.80,305.80,308.95,375,64900
20220331,14:37,311.55,314.80,311.55,313.80,475,64900
20220331,14:38,311.40,311.40,309.95,310.15,200,64900
20220331,14:39,311.35,311.35,302.70,303.40,1375,65025
20220331,14:40,303.45,307.65,303.45,307.65,375,65025
20220331,14:41,307.65,310.55,307.25,307.50,675,65025
20220331,14:42,310.00,310.00,307.95,308.00,400,65150
20220331,14:43,308.00,309.00,308.00,309.00,200,65150
20220331,14:44,311.95,311.95,311.95,311.95,25,65150
20220331,14:45,313.50,316.35,313.50,316.35,100,65225
20220331,14:46,316.50,316.50,312.25,312.25,100,65225
20220331,14:47,314.85,315.55,310.75,310.75,200,65225
20220331,14:48,309.00,313.90,307.75,309.80,400,65200
20220331,14:49,311.20,311.20,311.20,311.20,25,65200
20220331,14:50,310.90,314.65,310.90,313.25,275,65200
20220331,14:51,312.65,316.10,310.10,316.10,1525,65450
20220331,14:52,315.20,317.20,314.90,317.20,475,65450
20220331,14:53,315.50,315.70,314.75,314.75,700,65450
20220331,14:54,316.70,322.70,314.40,317.45,2200,65575
20220331,14:55,317.90,320.00,317.90,320.00,325,65575
20220331,14:56,319.05,319.05,319.05,319.05,100,65575
20220331,14:57,319.95,319.95,317.25,317.25,425,66775
20220331,14:58,317.10,319.10,317.10,319.10,875,66775
20220331,14:59,318.00,322.45,318.00,322.45,1325,66775
20220331,15:00,320.00,320.00,318.95,318.95,125,66775
20220331,15:01,314.65,314.65,314.65,314.65,250,67900
20220331,15:02,322.30,326.15,322.30,326.15,400,67900
20220331,15:03,320.05,320.05,320.05,320.05,750,68225
20220331,15:04,320.10,322.30,318.00,322.30,550,68225
20220331,15:05,317.05,319.05,317.05,319.00,475,68225
20220331,15:06,318.05,320.00,317.25,320.00,800,68250
20220331,15:07,320.00,322.60,319.00,320.00,1675,68250
20220331,15:08,320.00,320.45,315.30,315.30,900,68250
20220331,15:09,315.85,325.55,315.55,323.15,450,68100
20220331,15:10,323.00,323.00,319.35,320.75,600,68100
20220331,15:11,319.05,320.30,311.65,311.65,1000,68100
20220331,15:12,308.75,312.85,308.75,312.85,1275,68075
20220331,15:13,311.95,311.95,309.75,310.70,525,68075
20220331,15:14,310.65,311.05,307.00,307.30,850,68075
20220331,15:15,305.95,307.50,304.05,304.05,1050,67975
20220331,15:16,306.25,309.40,304.20,306.00,3450,67975
20220331,15:17,305.90,305.90,300.30,302.45,5125,67975
20220331,15:18,302.65,302.85,299.25,299.25,2925,68250
20220331,15:19,299.25,303.95,299.25,303.80,150,68250
20220331,15:20,303.85,307.50,303.80,306.85,2550,68250
20220331,15:21,305.55,307.50,305.55,306.00,2325,68925
20220331,15:22,304.90,306.60,303.30,304.55,1575,68925
20220331,15:23,303.20,303.20,295.35,298.00,2200,68925
20220331,15:24,297.00,301.65,295.60,301.65,3375,70525
20220331,15:25,300.00,303.15,298.10,302.50,1525,70525
20220331,15:26,303.00,303.00,300.00,300.00,775,70525
20220331,15:27,300.00,305.00,297.25,297.25,3775,74400
20220331,15:28,296.30,298.00,295.00,297.00,1800,74400
20220331,15:29,296.90,297.75,291.30,291.50,900,74400
20220401,09:15,277.75,277.75,101.05,254.00,6778,74600
20220401,09:16,253.95,261.00,248.50,256.85,2400,74600
20220401,09:17,257.80,257.80,246.60,249.00,2475,75550
20220401,09:18,252.75,273.80,252.00,268.25,1600,75550
20220401,09:19,270.65,286.75,270.50,282.30,3975,75550
20220401,09:20,285.00,285.00,276.40,284.70,2200,75950
20220401,09:21,289.00,298.75,289.00,295.00,3300,75950
20220401,09:22,296.95,300.45,289.80,292.95,1125,75950
20220401,09:23,293.65,294.05,289.60,289.60,1400,77375
20220401,09:24,288.60,289.95,283.85,284.35,1725,77375
20220401,09:25,278.15,282.10,276.95,282.10,1150,77375
20220401,09:26,281.35,282.75,275.00,275.00,3900,78700
20220401,09:27,269.80,272.60,268.65,270.15,5225,78700
20220401,09:28,270.00,270.00,264.55,266.85,2575,78700
20220401,09:29,268.05,269.75,263.30,264.50,3750,83975
20220401,09:30,264.65,267.95,259.60,263.95,6850,83975
20220401,09:31,263.20,271.40,260.05,271.40,2575,83975
20220401,09:32,268.20,287.10,268.20,283.60,2625,87775
20220401,09:33,286.60,286.60,278.95,280.50,2125,87775
20220401,09:34,277.95,280.65,274.55,278.50,3950,87775
20220401,09:35,280.00,290.40,277.40,285.00,5075,89225
20220401,09:36,285.00,285.20,278.90,279.60,1500,89225
20220401,09:37,280.40,282.55,279.50,281.00,675,89225
20220401,09:38,280.45,286.30,278.00,286.25,3525,91200
20220401,09:39,287.80,290.00,280.50,284.40,2325,91200
20220401,09:40,284.70,284.70,279.05,279.05,375,91200
20220401,09:41,278.20,283.00,278.15,278.15,1300,92175
20220401,09:42,279.30,286.20,278.00,286.20,2175,92175
20220401,09:43,286.85,286.85,283.90,285.00,1975,92175
20220401,09:44,284.40,293.30,284.40,291.40,3825,95225
20220401,09:45,296.00,297.60,292.00,293.85,5200,95225
20220401,09:46,292.60,293.90,290.70,290.70,1375,95225
20220401,09:47,291.55,295.05,287.15,291.25,1325,98925
20220401,09:48,291.40,291.95,288.10,288.10,525,98925
20220401,09:49,289.10,296.20,289.10,296.05,1125,98925
20220401,09:50,296.20,297.85,288.60,289.25,1500,99425
20220401,09:51,281.15,286.00,280.05,286.00,525,99425
20220401,09:52,285.25,285.25,282.00,283.85,1550,99425
20220401,09:53,287.10,294.00,287.10,294.00,2300,100775
20220401,09:54,291.30,291.60,288.00,289.70,1500,100775
20220401,09:55,290.00,293.65,290.00,292.30,900,100775
20220401,09:56,292.60,304.75,292.45,301.40,6725,101825
20220401,09:57,301.60,310.75,301.60,305.25,3850,101825
20220401,09:58,305.30,314.70,303.45,311.00,3100,101825
20220401,09:59,311.75,312.65,308.70,312.25,3275,105775
20220401,10:00,313.25,326.05,313.25,321.20,5550,105775
20220401,10:01,321.75,322.25,317.00,317.15,1300,105775
20220401,10:02,317.70,318.60,313.00,317.00,2250,106650
20220401,10:03,314.80,325.20,314.80,323.35,625,106650
20220401,10:04,322.45,323.80,318.20,323.20,1500,106650
20220401,10:05,323.10,326.40,320.00,320.60,850,106900
20220401,10:06,319.85,319.85,314.70,315.00,650,106900
20220401,10:07,316.15,318.40,314.65,315.90,875,106900
20220401,10:08,315.00,318.90,313.90,317.50,1350,107625
20220401,10:09,317.50,318.75,313.90,318.75,600,107625
20220401,10:10,323.75,328.80,314.25,314.25,1550,107625
20220401,10:11,314.25,316.15,306.70,312.90,1625,107375
20220401,10:12,312.90,317.85,312.90,316.55,850,107375
20220401,10:13,313.40,317.25,312.55,315.20,700,107375
20220401,10:14,315.25,316.05,310.15,310.15,650,107575
20220401,10:15,312.70,312.70,307.90,312.25,925,107575
20220401,10:16,311.00,314.75,310.70,314.05,1400,107575
20220401,10:17,313.70,313.70,308.70,308.70,1100,107550
20220401,10:18,310.60,310.60,310.00,310.00,675,107550
20220401,10:19,313.50,325.40,312.25,325.40,1625,107550
20220401,10:20,326.65,339.95,326.65,336.10,2975,109725
20220401,10:21,338.50,338.50,332.50,333.00,1525,109725
20220401,10:22,332.50,334.55,331.50,334.55,525,109725
20220401,10:23,333.25,339.95,333.25,338.20,1000,110525
20220401,10:24,338.15,340.25,332.00,335.10,1200,110525
20220401,10:25,339.45,344.10,339.45,340.05,450,110525
20220401,10:26,340.75,342.75,337.75,341.00,550,110225
20220401,10:27,339.90,341.00,336.00,336.00,1475,110225
20220401,10:28,338.80,338.80,335.75,336.65,1075,110225
20220401,10:29,337.55,346.90,337.55,346.90,2775,110900
20220401,10:30,349.90,353.20,340.05,340.55,2700,110900
20220401,10:31,342.30,344.30,341.90,342.30,1575,110900
20220401,10:32,342.35,343.90,337.55,337.55,1450,113500
20220401,10:33,336.15,338.95,334.75,337.65,3300,113500
20220401,10:34,338.15,340.75,334.30,334.80,900,113500
20220401,10:35,334.10,339.85,334.10,339.00,3525,113325
20220401,10:36,338.85,339.05,334.30,335.05,625,113325
20220401,10:37,335.85,340.70,335.55,340.00,1125,113325
20220401,10:38,342.00,342.40,336.75,336.75,325,113250
20220401,10:39,337.10,337.75,336.85,337.75,975,113250
20220401,10:40,336.20,338.00,334.90,337.15,675,113250
20220401,10:41,335.30,335.35,332.80,332.80,1500,114300
20220401,10:42,330.00,331.30,327.50,330.05,350,114300
20220401,10:43,328.60,330.00,326.05,326.05,500,114300
20220401,10:44,330.15,335.25,329.20,335.25,350,114950
20220401,10:45,334.10,340.00,333.95,339.25,1450,114950
20220401,10:46,344.55,344.55,337.85,339.30,2175,114950
20220401,10:47,336.25,337.55,331.65,333.00,300,117225
20220401,10:48,330.35,331.60,327.85,327.85,1375,117225
20220401,10:49,323.00,323.65,323.00,323.65,875,117225
20220401,10:50,326.15,329.85,326.15,329.85,175,118025
20220401,10:51,332.00,333.40,332.00,333.40,200,118025
20220401,10:52,332.55,336.20,332.55,336.20,75,118025
20220401,10:53,332.85,332.85,324.20,328.05,500,117975
20220401,10:54,328.40,329.55,323.35,323.35,575,117975
20220401,10:55,321.05,327.60,321.05,327.60,300,117975
20220401,10:56,326.05,329.05,325.25,325.75,225,117900
20220401,10:57,324.40,324.40,318.55,322.25,550,117900
20220401,10:58,322.85,327.00,322.85,324.45,800,117900
20220401,10:59,325.30,325.30,323.35,324.75,200,117925
20220401,11:00,323.40,331.60,323.40,327.55,575,117925
20220401,11:01,327.70,329.00,323.50,323.70,1225,117925
20220401,11:02,323.80,326.00,322.70,322.80,1150,118450
20220401,11:03,324.45,324.45,321.20,321.20,100,118450
20220401,11:04,323.95,332.50,323.95,331.65,500,118450
20220401,11:05,333.25,343.50,333.25,337.95,800,118500
20220401,11:06,339.00,340.75,334.00,335.45,550,118500
20220401,11:07,334.85,343.70,334.85,341.80,1900,118500
20220401,11:08,343.50,344.45,343.40,343.40,150,119375
20220401,11:09,345.00,351.00,344.60,346.25,800,119375
20220401,11:10,353.30,353.30,343.80,347.30,1350,119375
20220401,11:11,348.55,350.00,344.80,344.80,575,119700
20220401,11:12,346.70,349.00,344.55,347.00,700,119700
20220401,11:13,346.45,346.45,343.95,345.75,250,119700
20220401,11:14,344.95,344.95,344.95,344.95,75,119700
20220401,11:15,339.80,340.80,339.80,340.80,125,120400
20220401,11:16,340.80,341.25,338.90,338.90,400,120400
20220401,11:18,338.95,339.40,338.15,338.15,75,120475
20220401,11:20,336.10,336.35,336.10,336.35,100,120450
20220401,11:21,336.35,336.35,331.55,331.55,200,120450
20220401,11:22,334.55,334.55,334.55,334.55,25,120450
20220401,11:23,334.95,334.95,334.25,334.75,1050,121375
20220401,11:24,334.25,334.25,332.65,332.65,225,121375
20220401,11:25,334.65,335.75,329.35,334.75,550,121375
20220401,11:26,333.50,334.05,333.50,334.05,125,121375
20220401,11:27,337.05,339.45,336.10,336.10,1475,121475
20220401,11:28,338.45,338.45,337.80,337.80,50,121475
20220401,11:29,336.10,336.10,334.85,334.85,400,122600
20220401,11:30,333.05,333.70,329.30,333.70,350,122600
20220401,11:31,336.25,336.25,334.35,334.35,350,122600
20220401,11:32,331.85,332.90,330.95,332.75,1675,123400
20220401,11:33,334.10,334.10,334.10,334.10,25,123400
20220401,11:34,333.80,333.80,331.90,332.15,1125,123400
20220401,11:35,333.65,339.60,333.00,333.00,850,124950
20220401,11:36,333.90,335.25,333.25,335.25,725,124950
20220401,11:37,333.20,334.95,333.00,334.95,450,124950
20220401,11:38,333.80,333.80,332.10,332.45,275,124950
20220401,11:39,329.90,335.45,329.90,334.70,325,125425
20220401,11:42,332.80,334.95,332.80,334.95,175,125400
20220401,11:43,338.25,338.25,338.25,338.25,25,125400
20220401,11:44,337.65,337.65,335.65,335.65,150,125400
20220401,11:47,331.50,331.50,331.00,331.00,275,125425
20220401,11:48,336.00,337.25,336.00,337.00,150,125525
20220401,11:49,337.00,337.00,337.00,337.00,25,125525
20220401,11:50,337.10,337.20,332.10,332.10,100,125525
20220401,11:51,336.45,336.45,333.45,333.45,150,125475
20220401,11:52,335.35,335.35,335.35,335.35,25,125475
20220401,11:53,337.00,337.35,336.65,336.75,175,125450
20220401,11:54,337.05,337.05,337.05,337.05,25,125450
20220401,11:56,339.00,341.80,339.00,340.65,250,125450
20220401,11:57,337.40,337.95,336.40,336.75,200,125525
20220401,11:59,336.00,336.00,336.00,336.00,75,125575
20220401,12:00,336.90,336.90,336.90,336.90,25,125575
20220401,12:01,338.55,338.55,337.50,337.55,150,125575
20220401,12:02,339.10,339.25,338.50,339.25,275,125825
20220401,12:03,346.85,349.30,343.50,343.50,1200,125825
20220401,12:04,341.55,342.40,324.45,324.45,1250,125825
20220401,12:05,317.85,346.15,317.85,346.15,1150,126275
20220401,12:06,334.40,337.90,334.40,337.90,75,126275
20220401,12:07,337.00,337.00,337.00,337.00,25,126275
20220401,12:08,336.90,340.00,336.90,338.35,450,126400
20220401,12:09,337.85,337.85,336.35,337.20,350,126400
20220401,12:10,337.20,338.05,337.20,338.05,300,126400
20220401,12:11,336.10,336.10,335.60,335.60,75,126600
20220401,12:12,340.60,340.60,339.50,339.50,125,126600
20220401,12:13,340.55,341.30,338.15,340.25,225,126600
20220401,12:14,342.85,343.35,342.40,343.35,75,126725
20220401,12:15,341.80,341.80,340.90,341.45,100,126725
20220401,12:16,340.10,341.10,338.50,341.10,200,126725
20220401,12:17,341.25,341.25,340.00,340.15,100,126725
20220401,12:18,340.00,340.70,340.00,340.70,350,126775
20220401,12:20,339.30,339.30,336.90,337.40,325,126625
20220401,12:21,338.20,338.20,336.90,336.90,100,126625
20220401,12:22,339.60,340.50,339.60,340.50,175,126625
20220401,12:23,340.25,362.05,339.55,362.05,1975,127050
20220401,12:24,366.00,371.95,358.85,370.70,2750,127050
20220401,12:25,370.00,381.90,370.00,377.00,3700,127050
20220401,12:26,377.40,379.80,375.15,379.75,1100,128950
20220401,12:27,380.00,389.50,380.00,388.45,2450,128950
20220401,12:28,388.05,388.05,384.00,385.30,1425,128950
20220401,12:29,384.00,387.40,382.50,387.40,1125,130150
20220401,12:30,385.70,390.00,382.45,382.70,950,130150
20220401,12:31,382.60,385.65,382.35,384.55,700,130150
20220401,12:32,386.45,395.25,385.55,394.95,2450,130975
20220401,12:33,392.85,403.25,392.85,400.00,4275,130975
20220401,12:34,400.60,402.25,399.70,402.25,1100,130975
20220401,12:35,405.00,409.65,405.00,407.45,975,130650
20220401,12:36,406.35,420.05,406.35,420.05,4275,130650
20220401,12:37,418.95,424.00,410.45,410.45,5875,130650
20220401,12:38,410.05,412.55,408.60,409.05,1950,128350
20220401,12:39,409.65,409.65,403.00,404.45,4000,128350
20220401,12:40,404.05,405.00,400.00,401.60,2000,128350
20220401,12:41,402.50,406.25,402.50,406.25,1125,129350
20220401,12:42,406.15,409.20,403.30,408.55,600,129350
20220401,12:43,406.05,414.00,406.05,414.00,1525,129350
20220401,12:44,415.30,423.30,414.05,420.00,3925,130200
20220401,12:45,419.55,427.05,413.00,413.00,1625,130200
20220401,12:46,408.10,412.25,405.80,410.40,550,130200
20220401,12:47,410.70,413.00,407.90,413.00,1100,130325
20220401,12:48,410.05,414.75,409.05,414.75,600,130325
20220401,12:49,413.90,422.10,413.90,419.75,600,130325
20220401,12:50,421.05,421.05,414.10,415.90,3200,130225
20220401,12:51,416.25,426.90,416.10,426.90,2475,130225
20220401,12:52,423.00,423.75,420.00,421.80,2900,130225
20220401,12:53,422.60,422.85,418.35,422.85,2350,130625
20220401,12:54,421.90,421.90,418.15,419.25,1800,130625
20220401,12:55,419.95,421.10,416.00,416.00,625,130625
20220401,12:56,415.25,418.25,412.65,413.50,600,130625
20220401,12:57,413.90,415.65,412.55,415.10,1450,130575
20220401,12:58,413.65,418.00,410.85,410.85,900,130575
20220401,12:59,411.10,415.00,410.75,412.30,250,130600
20220401,13:00,410.25,415.30,401.10,401.10,800,130600
20220401,13:01,403.75,409.95,403.75,405.40,1300,130600
20220401,13:02,403.45,407.70,403.45,405.90,575,130475
20220401,13:03,405.95,405.95,402.00,402.00,500,130475
20220401,13:04,403.50,405.00,400.60,401.40,2725,130475
20220401,13:05,399.10,403.35,399.10,400.25,500,130525
20220401,13:06,399.75,400.60,399.40,400.05,2300,130525
20220401,13:07,403.00,413.35,403.00,413.15,350,130525
20220401,13:08,411.75,413.50,410.85,412.50,275,130525
20220401,13:09,414.15,416.55,412.25,416.55,325,130450
20220401,13:10,416.50,416.65,413.75,414.40,2500,130450
20220401,13:11,414.00,414.25,409.80,410.25,900,130450
20220401,13:12,412.20,412.35,409.60,409.60,450,131000
20220401,13:13,409.70,409.70,409.70,409.70,300,131000
20220401,13:14,410.60,411.90,406.55,408.65,775,131000
20220401,13:15,406.90,417.05,404.40,413.05,2100,132050
20220401,13:16,421.10,431.90,420.40,431.90,4975,132050
20220401,13:17,432.35,444.60,432.35,436.55,6700,132075
20220401,13:18,434.65,434.65,422.20,422.20,1875,132075
20220401,13:19,422.25,423.90,419.90,419.90,1875,132075
20220401,13:20,420.00,421.75,420.00,421.35,175,132075
20220401,13:21,422.15,422.20,419.90,421.00,250,131975
20220401,13:22,423.05,423.05,413.55,413.55,775,131975
20220401,13:23,416.50,422.95,416.50,420.70,1825,132100
20220401,13:24,420.70,421.45,418.50,420.80,300,132100
20220401,13:25,423.15,423.15,420.45,421.50,475,132100
20220401,13:26,422.15,423.35,418.00,418.00,1925,132100
20220401,13:27,419.00,422.10,418.00,422.10,375,132075
20220401,13:28,424.20,429.10,424.05,429.10,200,132075
20220401,13:29,430.00,437.35,429.55,431.70,1150,132075
20220401,13:30,434.00,437.00,429.00,430.55,400,132025
20220401,13:31,435.20,435.25,435.20,435.25,75,132025
20220401,13:32,436.45,442.40,436.45,442.40,575,132025
20220401,13:33,442.45,445.40,438.25,445.40,1400,132050
20220401,13:34,445.40,445.90,439.70,443.35,1875,132050
20220401,13:35,444.50,444.50,440.00,440.00,350,132050
20220401,13:36,441.20,441.20,434.20,434.40,925,131500
20220401,13:37,433.55,433.55,425.05,426.10,1050,131500
20220401,13:38,426.30,430.15,425.15,429.15,1150,131500
20220401,13:39,430.50,432.80,429.10,432.65,375,131975
20220401,13:40,431.25,431.25,424.05,424.05,575,131975
20220401,13:41,427.70,427.80,425.75,426.50,200,131975
20220401,13:42,428.10,442.00,428.10,435.30,600,131925
20220401,13:43,434.00,435.60,434.00,435.25,800,131925
20220401,13:44,431.55,437.75,431.55,434.00,400,131925
20220401,13:45,437.60,454.75,437.60,443.50,2675,132325
20220401,13:46,442.65,449.85,442.65,449.55,650,132325
20220401,13:47,449.25,450.10,448.10,450.10,1275,132325
20220401,13:48,448.55,449.50,445.95,446.00,600,133525
20220401,13:49,447.20,447.80,443.95,444.35,525,133525
20220401,13:50,444.00,447.50,443.05,444.80,850,133525
20220401,13:51,443.20,445.10,429.75,429.75,1150,132825
20220401,13:52,430.25,435.00,426.40,426.40,575,132825
20220401,13:53,427.50,431.00,424.90,431.00,625,132825
20220401,13:54,434.65,436.65,431.80,436.65,225,132750
20220401,13:55,437.60,442.85,437.00,439.30,925,132750
20220401,13:56,440.60,440.60,437.55,437.55,225,132750
20220401,13:57,435.05,435.05,430.00,431.90,425,133000
20220401,13:58,432.40,435.30,432.40,435.30,125,133000
20220401,13:59,432.65,436.60,432.65,433.70,1375,133000
20220401,14:00,434.85,440.00,434.85,440.00,625,131975
20220401,14:01,440.00,441.30,437.10,437.10,625,131975
20220401,14:02,436.70,438.65,432.50,438.65,400,131975
20220401,14:03,439.90,445.00,438.30,442.70,350,132700
20220401,14:04,443.80,454.95,441.45,454.95,950,132700
20220401,14:05,449.50,450.00,448.00,450.00,400,132700
20220401,14:06,451.00,456.90,450.00,454.70,975,132875
20220401,14:07,451.25,456.85,451.25,453.65,875,132875
20220401,14:08,452.00,461.95,452.00,460.55,1975,132875
20220401,14:09,460.15,462.65,458.55,458.55,1425,133175
20220401,14:10,460.95,463.35,458.45,458.45,700,133175
20220401,14:11,455.85,456.75,454.00,456.75,475,133175
20220401,14:12,454.70,458.70,454.70,457.25,900,133100
20220401,14:13,457.75,460.95,457.75,457.75,225,133100
20220401,14:14,457.85,459.75,455.85,459.50,350,133100
20220401,14:15,457.90,470.10,456.45,470.10,1525,132475
20220401,14:16,470.20,483.00,470.20,481.35,3825,132475
20220401,14:17,480.45,480.45,473.90,475.40,1100,132475
20220401,14:18,474.30,481.70,474.00,476.60,1700,131075
20220401,14:19,477.50,488.90,477.50,486.15,1325,131075
20220401,14:20,486.00,486.30,480.20,481.05,2025,131075
20220401,14:21,484.45,484.45,478.00,478.80,1875,130400
20220401,14:22,480.45,480.45,477.50,478.35,950,130400
20220401,14:23,479.00,480.90,477.55,480.75,1575,130400
20220401,14:24,480.10,480.10,480.10,480.10,25,130450
20220401,14:25,481.00,495.00,479.35,479.35,1375,130450
20220401,14:26,477.20,477.20,461.05,468.80,1850,130450
20220401,14:27,468.80,470.55,468.40,468.40,350,130750
20220401,14:28,466.10,470.95,466.10,468.30,300,130750
20220401,14:29,467.25,467.80,466.05,466.05,150,130750
20220401,14:30,467.00,467.95,460.00,460.00,2075,131000
20220401,14:31,453.25,460.90,453.25,460.35,600,131000
20220401,14:32,461.55,468.60,461.55,467.00,550,131000
20220401,14:33,462.65,462.65,459.65,462.00,200,131225
20220401,14:34,465.60,473.65,465.60,473.35,375,131225
20220401,14:35,474.65,478.10,474.65,475.30,2425,131225
20220401,14:36,472.65,476.00,468.90,468.90,1600,131225
20220401,14:37,468.05,472.00,466.15,472.00,750,131225
20220401,14:38,469.90,469.90,467.00,467.70,150,131225
20220401,14:39,465.85,467.05,459.45,466.20,875,131150
20220401,14:40,461.35,464.40,461.35,464.40,250,131150
20220401,14:41,464.30,464.75,463.10,464.00,275,131150
20220401,14:42,463.00,463.35,455.00,456.70,1475,131050
20220401,14:43,453.45,464.80,453.45,463.65,675,131050
20220401,14:44,467.55,467.55,462.65,465.55,1175,131050
20220401,14:45,464.25,469.00,464.25,468.00,1125,131400
20220401,14:46,469.30,469.30,459.25,460.60,550,131400
20220401,14:47,462.00,463.50,455.00,455.00,750,131400
20220401,14:48,460.80,460.80,455.15,458.90,3500,131350
20220401,14:49,459.15,459.70,454.80,458.20,375,131350
20220401,14:50,457.95,457.95,447.10,449.00,2175,131350
20220401,14:51,449.95,450.75,447.95,450.15,500,131275
20220401,14:52,450.00,454.50,447.15,450.80,1900,131275
20220401,14:53,449.75,451.20,445.30,445.30,2275,131275
20220401,14:54,445.80,452.10,445.80,452.10,1000,131925
20220401,14:55,450.35,450.35,442.50,447.15,2475,131925
20220401,14:56,444.35,461.50,441.90,461.50,1050,131925
20220401,14:57,461.45,461.90,457.95,461.35,1450,132950
20220401,14:58,461.35,463.20,461.30,461.30,700,132950
20220401,14:59,462.20,463.00,460.75,460.75,1275,132950
20220401,15:00,461.15,470.00,458.45,470.00,2750,131650
20220401,15:01,467.80,469.00,463.60,465.60,950,131650
20220401,15:02,463.65,471.20,463.65,470.00,675,131650
20220401,15:03,469.60,477.75,469.30,477.75,5675,130550
20220401,15:04,477.75,478.00,468.90,472.15,4900,130550
20220401,15:05,473.45,476.00,469.50,469.60,2800,130550
20220401,15:06,468.00,468.55,464.45,466.00,1525,130800
20220401,15:07,463.30,464.45,458.50,464.05,2100,130800
20220401,15:08,464.55,467.00,455.55,465.25,2775,130800
20220401,15:09,460.00,464.20,459.20,460.85,2200,129625
20220401,15:10,458.30,463.60,457.75,463.60,675,129625
20220401,15:11,463.95,465.80,460.65,462.10,4775,129625
20220401,15:12,464.50,467.10,463.40,465.55,2200,128450
20220401,15:13,465.45,468.35,464.00,465.40,4175,128450
20220401,15:14,462.95,462.95,459.40,459.75,4750,128450
20220401,15:15,458.50,464.35,450.00,452.15,4350,127375
20220401,15:16,450.80,459.20,447.00,457.65,1750,127375
20220401,15:17,459.00,467.10,459.00,467.00,1975,127375
20220401,15:18,466.00,467.50,463.55,467.50,7275,126275
20220401,15:19,468.20,473.65,467.60,470.05,2225,126275
20220401,15:20,470.80,470.80,460.50,465.65,7075,126275
20220401,15:21,467.70,467.70,460.80,466.70,5725,122375
20220401,15:22,467.50,467.50,462.20,463.30,3925,122375
20220401,15:23,464.40,467.60,464.40,466.05,2100,122375
20220401,15:24,465.60,467.00,462.90,466.20,4050,121050
20220401,15:25,465.50,471.00,465.50,471.00,4025,121050
20220401,15:26,470.75,475.30,470.00,475.30,3300,121050
20220401,15:27,473.70,475.25,473.00,475.25,1925,115500
20220401,15:28,474.60,480.00,474.60,479.65,4400,115500
20220401,15:29,478.95,481.00,474.90,477.00,4650,115500
20220401,15:30,476.20,476.20,476.20,476.20,25,115500
20220404,09:15,705.15,752.15,590.15,712.60,20252,112550
20220404,09:16,719.70,719.70,672.30,675.00,8575,112550
20220404,09:17,671.50,739.00,666.05,735.00,9400,107275
20220404,09:18,734.85,742.50,730.05,730.05,4200,107275
20220404,09:19,730.40,733.45,703.50,713.70,7325,107275
20220404,09:20,714.30,753.30,714.30,734.00,13250,109725
20220404,09:21,732.95,740.70,720.90,738.25,3650,109725
20220404,09:22,740.20,740.20,731.15,735.00,2525,109725
20220404,09:23,736.20,769.90,734.05,759.00,2875,105775
20220404,09:24,765.60,848.40,765.60,839.30,5950,105775
20220404,09:25,839.40,857.95,833.90,843.60,3475,105775
20220404,09:26,842.90,894.50,842.90,894.50,3975,104925
20220404,09:27,895.00,961.20,892.05,961.20,6225,104925
20220404,09:28,964.35,1092.30,964.35,1092.30,6600,104925
20220404,09:29,1073.60,1073.60,953.15,991.80,6925,100850
20220404,09:30,998.05,1035.25,998.05,1017.65,3500,100850
20220404,09:31,1018.80,1018.80,984.70,993.55,2425,100850
20220404,09:32,1003.45,1019.00,1002.05,1019.00,4700,99150
20220404,09:33,1020.00,1037.55,1006.75,1037.55,3750,99150
20220404,09:34,1052.95,1082.95,1051.35,1061.20,5725,99150
20220404,09:35,1061.50,1115.00,1058.05,1096.70,5950,96525
20220404,09:36,1098.50,1114.45,1095.35,1096.20,1975,96525
20220404,09:37,1099.30,1099.75,1059.55,1075.90,3150,96525
20220404,09:38,1075.40,1100.00,1075.40,1099.70,4300,91275
20220404,09:39,1104.45,1104.45,1074.15,1081.95,2575,91275
20220404,09:40,1075.75,1079.30,1037.80,1059.25,3425,91275
20220404,09:41,1056.95,1071.25,1047.20,1071.25,1725,90025
20220404,09:42,1083.50,1092.25,1078.50,1092.25,2550,90025
20220404,09:43,1085.70,1087.95,1070.55,1087.95,1100,90025
20220404,09:44,1071.00,1084.70,1063.75,1084.70,675,88525
20220404,09:45,1073.75,1082.40,1071.40,1075.20,300,88525
20220404,09:46,1070.00,1071.45,1064.35,1067.15,2600,88525
20220404,09:47,1064.90,1064.90,1050.00,1054.15,600,88075
20220404,09:48,1054.10,1074.95,1054.10,1074.95,1950,88075
20220404,09:49,1071.95,1075.20,1037.45,1062.65,1650,88075
20220404,09:50,1062.25,1085.90,1057.65,1084.45,2425,87325
20220404,09:51,1082.95,1110.70,1082.95,1095.95,5325,87325
20220404,09:52,1096.50,1121.90,1096.50,1110.90,4475,87325
20220404,09:53,1113.00,1115.00,1099.30,1113.70,1125,80325
20220404,09:54,1113.60,1118.00,1108.20,1118.00,1325,80325
20220404,09:55,1122.00,1125.00,1102.95,1108.95,1700,80325
20220404,09:56,1108.45,1108.45,1091.25,1092.05,3525,77925
20220404,09:57,1085.45,1101.05,1084.80,1101.05,1000,77925
20220404,09:58,1102.10,1102.50,1091.90,1091.90,1025,77925
20220404,09:59,1089.00,1095.60,1088.60,1090.05,1200,76550
20220404,10:00,1093.55,1115.00,1083.45,1092.45,1475,76550
20220404,10:01,1092.55,1092.55,1082.25,1090.00,550,76550
20220404,10:02,1096.30,1102.20,1086.30,1088.15,1775,74625
20220404,10:03,1088.50,1107.30,1084.70,1107.30,1475,74625
20220404,10:04,1105.80,1146.75,1105.30,1146.75,4775,74625
20220404,10:05,1149.80,1164.80,1149.80,1162.90,3275,71800
20220404,10:06,1162.25,1218.70,1162.25,1218.70,1925,71800
20220404,10:07,1210.80,1225.00,1202.20,1202.20,450,71800
20220404,10:08,1224.95,1319.00,1224.95,1319.00,1050,70250
20220404,10:09,1355.05,1409.55,1348.00,1360.00,1375,70250
20220404,10:10,1386.20,1390.20,1333.50,1343.05,1175,70250
20220404,10:11,1357.00,1391.60,1357.00,1391.60,575,68950
20220404,10:12,1400.00,1432.15,1400.00,1432.15,925,68950
20220404,10:13,1432.15,1432.15,1408.25,1420.60,950,68950
20220404,10:14,1410.95,1410.95,1374.35,1379.80,275,68825
20220404,10:15,1404.25,1404.25,1359.95,1362.00,1475,68825
20220404,10:16,1367.90,1400.00,1362.65,1398.60,800,68825
20220404,10:17,1379.75,1386.35,1374.25,1386.25,350,68075
20220404,10:18,1393.00,1407.90,1390.05,1399.35,1050,68075
20220404,10:19,1389.40,1389.40,1366.10,1366.10,1025,68075
20220404,10:20,1371.35,1375.80,1356.35,1363.70,1250,66575
20220404,10:21,1355.40,1367.30,1355.40,1367.30,250,66575
20220404,10:22,1366.35,1366.35,1338.90,1350.55,375,66575
20220404,10:23,1373.35,1381.00,1373.35,1381.00,75,66575
20220404,10:24,1370.15,1370.15,1365.90,1365.90,250,66250
20220404,10:25,1363.50,1367.80,1358.85,1367.35,250,66250
20220404,10:26,1359.15,1361.85,1355.90,1361.85,225,66150
20220404,10:27,1357.45,1362.15,1357.45,1362.15,150,66150
20220404,10:28,1359.40,1360.05,1354.10,1359.05,100,66150
20220404,10:29,1342.70,1342.70,1317.65,1325.35,325,66000
20220404,10:31,1337.90,1337.90,1337.90,1337.90,50,66000
20220404,10:32,1351.90,1351.90,1343.45,1351.55,125,65900
20220404,10:33,1352.55,1352.55,1349.40,1349.40,125,65900
20220404,10:34,1325.00,1331.00,1311.00,1311.00,375,65900
20220404,10:35,1319.90,1319.90,1317.25,1317.25,50,65900
20220404,10:36,1275.00,1275.00,1275.00,1275.00,50,66000
20220404,10:37,1260.30,1275.00,1260.30,1275.00,200,66000
20220404,10:38,1291.50,1291.50,1278.00,1278.00,225,65800
20220404,10:39,1283.40,1304.60,1283.40,1304.60,1175,65800
20220404,10:40,1294.10,1305.35,1294.10,1305.35,275,65800
20220404,10:41,1294.45,1294.45,1263.35,1263.35,775,64525
20220404,10:42,1280.00,1280.00,1263.05,1263.05,150,64525
20220404,10:43,1268.00,1289.15,1268.00,1268.00,600,64525
20220404,10:44,1259.00,1263.60,1257.90,1257.90,350,64525
20220404,10:45,1276.05,1276.05,1253.00,1266.65,775,64325
20220404,10:46,1272.80,1272.80,1264.90,1264.90,675,64325
20220404,10:47,1257.00,1258.20,1255.40,1258.20,125,63100
20220404,10:48,1245.00,1252.60,1238.10,1252.15,675,63100
20220404,10:49,1277.75,1285.00,1272.05,1281.80,625,63100
20220404,10:50,1270.75,1270.75,1248.15,1248.15,800,62075
20220404,10:51,1245.45,1245.45,1234.45,1234.45,100,62075
20220404,10:52,1221.35,1221.35,1210.05,1210.05,275,62075
20220404,10:53,1210.30,1223.15,1210.30,1217.00,500,61325
20220404,10:54,1200.00,1200.00,1170.00,1174.40,750,61325
20220404,10:55,1172.75,1172.75,1141.80,1164.65,1850,61325
20220404,10:56,1168.70,1172.05,1134.85,1137.35,1100,61050
20220404,10:57,1126.00,1126.00,1089.70,1089.70,1275,61050
20220404,10:58,1092.90,1111.00,1091.25,1093.65,650,61050
20220404,10:59,1102.35,1115.25,1102.35,1110.25,100,61050
20220404,11:00,1115.00,1150.00,1115.00,1150.00,150,62125
20220404,11:01,1149.75,1154.00,1126.95,1127.40,2000,62125
20220404,11:02,1131.25,1140.00,1113.75,1113.75,1475,64325
20220404,11:03,1103.60,1103.60,1103.60,1103.60,25,64325
20220404,11:04,1129.50,1129.50,1129.50,1129.50,100,64325
20220404,11:07,1121.30,1121.30,1096.50,1096.50,100,64600
20220404,11:08,1087.00,1087.00,1050.00,1050.00,425,64300
20220404,11:09,1016.65,1032.95,998.80,998.80,1800,64300
20220404,11:10,1003.00,1038.40,1003.00,1020.00,950,64300
20220404,11:11,1010.15,1018.75,1001.00,1018.75,425,63125
20220404,11:12,1050.00,1050.00,1045.50,1045.50,100,63125
20220404,11:13,1063.55,1063.55,1063.55,1063.55,25,63125
20220404,11:14,1066.75,1066.75,1052.00,1052.00,50,63125
20220404,11:15,1026.10,1051.90,1026.10,1051.90,50,62950
20220404,11:16,1062.75,1080.30,1062.75,1067.00,850,62950
20220404,11:17,1081.00,1081.00,1080.60,1080.60,50,62950
20220404,11:18,1098.50,1114.85,1088.85,1096.00,400,62600
20220404,11:19,1102.65,1122.00,1102.65,1122.00,550,62600
20220404,11:21,1112.50,1112.60,1112.50,1112.60,225,62200
20220404,11:22,1098.70,1105.95,1090.00,1104.85,300,62200
20220404,11:23,1111.00,1125.95,1106.15,1125.95,350,62225
20220404,11:24,1125.45,1128.10,1125.45,1128.10,50,62225
20220404,11:25,1129.65,1129.65,1117.75,1117.75,175,62225
20220404,11:27,1135.35,1139.45,1129.70,1139.45,175,62150
20220404,11:28,1146.25,1146.25,1141.40,1141.40,100,62150
20220404,11:29,1129.65,1129.65,1119.80,1119.80,175,62025
20220404,11:30,1115.40,1115.40,1105.00,1105.00,225,62025
20220404,11:31,1091.75,1091.75,1059.35,1059.35,625,62025
20220404,11:32,1048.80,1048.80,1026.75,1039.90,750,62225
20220404,11:33,1033.65,1055.05,1033.65,1048.00,900,62225
20220404,11:34,1030.10,1030.10,1021.85,1024.20,225,62225
20220404,11:35,1010.75,1014.05,1010.75,1014.05,250,62225
20220404,11:36,992.00,994.75,972.35,994.75,750,62125
20220404,11:37,1020.00,1020.00,1007.90,1007.90,175,62125
20220404,11:38,1008.50,1029.25,1008.50,1023.35,350,62125
20220404,11:39,1028.85,1061.35,1028.85,1055.90,275,61825
20220404,11:40,1052.20,1052.20,1052.20,1052.20,100,61825
20220404,11:41,1067.85,1067.85,1033.70,1033.70,125,61775
20220404,11:42,1062.75,1062.75,1062.75,1062.75,50,61775
20220404,11:43,1056.55,1056.55,1056.55,1056.55,25,61775
20220404,11:44,1070.85,1070.85,1070.85,1070.85,50,61775
20220404,11:45,1060.95,1064.30,1060.95,1064.30,150,61750
20220404,11:46,1049.10,1070.90,1049.10,1070.70,200,61750
20220404,11:47,1064.80,1081.00,1060.00,1081.00,175,61750
20220404,11:48,1078.80,1089.00,1077.15,1078.95,600,61750
20220404,11:49,1087.00,1098.00,1085.30,1098.00,1125,61750
20220404,11:50,1104.40,1115.95,1094.85,1111.35,1500,61750
20220404,11:51,1121.15,1135.70,1121.15,1135.70,50,60075
20220404,11:53,1132.75,1132.75,1116.00,1116.00,375,60075
20220404,11:54,1111.00,1122.85,1111.00,1119.00,75,59925
20220404,11:55,1125.00,1125.00,1125.00,1125.00,25,59925
20220404,11:57,1155.65,1155.65,1147.10,1147.10,525,59700
20220404,11:58,1150.55,1150.55,1133.90,1133.90,450,59700
20220404,11:59,1122.10,1122.10,1117.00,1117.00,100,59000
20220404,12:00,1133.70,1133.70,1133.70,1133.70,25,59000
20220404,12:02,1115.00,1115.00,1115.00,1115.00,25,59000
20220404,12:05,1111.00,1111.00,1100.00,1100.00,50,59000
20220404,12:06,1096.70,1103.10,1096.00,1103.10,225,58950
20220404,12:07,1093.25,1093.25,1093.25,1093.25,100,58950
20220404,12:08,1078.05,1078.05,1071.70,1071.70,325,58950
20220404,12:09,1062.00,1076.20,1062.00,1068.35,625,58950
20220404,12:10,1059.15,1059.15,1059.15,1059.15,225,58950
20220404,12:11,1050.00,1050.00,1050.00,1050.00,25,58950
20220404,12:12,1028.00,1051.95,1028.00,1051.95,50,59450
20220404,12:13,1042.00,1042.00,1042.00,1042.00,50,59450
20220404,12:14,1030.10,1030.10,1000.00,1000.00,375,59450
20220404,12:15,1008.80,1008.80,1008.80,1008.80,25,59450
20220404,12:16,1008.80,1026.15,1008.80,1026.15,275,59350
20220404,12:17,1030.10,1036.15,1029.85,1029.85,125,59350
20220404,12:18,1018.15,1019.90,1017.70,1019.70,175,59475
20220404,12:19,1034.55,1034.55,1034.55,1034.55,25,59475
20220404,12:20,1061.55,1061.55,1061.55,1061.55,25,59475
20220404,12:22,1052.55,1052.55,1052.55,1052.55,25,59325
20220404,12:24,1052.00,1058.00,1052.00,1058.00,150,59325
20220404,12:25,1052.00,1052.00,1052.00,1052.00,25,59325
20220404,12:26,1064.65,1080.00,1064.65,1080.00,850,59325
20220404,12:27,1091.25,1091.25,1091.25,1091.25,25,58925
20220404,12:28,1094.60,1110.25,1094.60,1110.25,125,58925
20220404,12:29,1104.80,1104.80,1104.80,1104.80,25,58925
20220404,12:30,1097.50,1097.50,1097.50,1097.50,25,58975
20220404,12:34,1080.00,1080.00,1080.00,1080.00,25,58950
20220404,12:37,1050.00,1050.00,1050.00,1050.00,25,58925
20220404,12:38,1035.20,1043.65,1035.20,1043.65,50,58925
20220404,12:39,1048.95,1053.10,1048.95,1053.10,50,58900
20220404,12:40,1060.35,1071.95,1060.35,1069.90,1775,58900
20220404,12:41,1050.80,1055.25,1050.80,1055.25,75,58900
20220404,12:43,1056.65,1056.65,1056.65,1056.65,75,59900
20220404,12:44,1045.00,1045.00,1035.20,1035.20,75,59900
20220404,12:46,1032.40,1032.40,1025.00,1028.50,600,59900
20220404,12:47,1012.20,1012.20,1012.20,1012.20,50,59900
20220404,12:48,1041.60,1042.10,1032.20,1041.65,150,60300
20220404,12:49,1035.45,1054.50,1035.45,1051.60,600,60300
20220404,12:50,1046.70,1046.70,1008.65,1008.65,675,60300
20220404,12:51,1010.65,1023.00,1008.00,1023.00,175,60300
20220404,12:52,1020.95,1020.95,1017.80,1017.80,50,60300
20220404,12:53,1037.65,1037.65,1037.65,1037.65,25,60300
20220404,12:54,1031.65,1033.80,1031.65,1033.80,100,60200
20220404,12:55,1033.00,1033.00,1031.50,1031.50,50,60200
20220404,12:56,1029.75,1029.75,1029.75,1029.75,100,60200
20220404,12:57,1022.75,1028.40,1021.50,1028.40,300,60075
20220404,12:58,1039.00,1048.00,1039.00,1045.25,750,60075
20220404,12:59,1055.70,1077.15,1055.70,1066.40,125,60075
20220404,13:00,1077.00,1077.00,1077.00,1077.00,25,60075
20220404,13:01,1082.00,1094.00,1082.00,1094.00,100,60050
20220404,13:03,1100.00,1100.00,1100.00,1100.00,75,60000
20220404,13:04,1100.00,1100.00,1090.00,1090.00,50,60000
20220404,13:06,1093.60,1113.60,1093.60,1113.60,125,59925
20220404,13:07,1125.90,1135.15,1125.90,1135.15,100,59925
20220404,13:08,1146.90,1146.90,1146.90,1146.90,25,59925
20220404,13:09,1155.00,1200.00,1149.25,1200.00,350,59825
20220404,13:10,1207.55,1214.55,1185.70,1185.70,575,59825
20220404,13:11,1164.05,1166.55,1146.05,1166.55,500,59825
20220404,13:12,1190.45,1192.50,1190.45,1192.50,75,59100
20220404,13:13,1196.20,1200.00,1192.50,1192.50,100,59100
20220404,13:14,1192.10,1192.10,1192.10,1192.10,50,59100
20220404,13:16,1192.00,1193.50,1192.00,1193.50,175,58975
20220404,13:17,1192.75,1192.75,1192.75,1192.75,25,58975
20220404,13:18,1215.00,1217.85,1215.00,1215.00,325,58900
20220404,13:19,1205.00,1205.00,1205.00,1205.00,25,58900
20220404,13:20,1215.00,1215.00,1215.00,1215.00,25,58900
20220404,13:22,1191.25,1191.55,1174.20,1174.20,300,58900
20220404,13:23,1169.05,1169.05,1156.60,1158.00,700,58900
20220404,13:24,1151.00,1151.00,1151.00,1151.00,50,58900
20220404,13:25,1178.00,1178.00,1178.00,1178.00,500,58900
20220404,13:26,1178.00,1185.95,1178.00,1185.00,2425,59500
20220404,13:27,1197.90,1197.90,1197.90,1197.90,200,58550
20220404,13:29,1208.20,1213.45,1186.35,1213.45,325,58550
20220404,13:30,1207.30,1207.30,1200.60,1200.60,50,58475
20220404,13:32,1203.60,1203.60,1181.05,1190.00,150,58475
20220404,13:33,1190.00,1197.75,1190.00,1197.75,75,58475
20220404,13:35,1193.60,1195.05,1193.60,1195.05,125,58475
20220404,13:36,1196.00,1196.00,1170.80,1170.80,175,58425
20220404,13:37,1180.00,1180.00,1180.00,1180.00,50,58425
20220404,13:38,1182.30,1182.30,1182.30,1182.30,25,58425
20220404,13:39,1171.60,1171.60,1171.60,1171.60,25,58425
20220404,13:40,1165.45,1165.45,1165.45,1165.45,50,58425
20220404,13:43,1161.60,1161.60,1158.05,1158.05,175,58425
20220404,13:44,1170.45,1170.45,1170.45,1170.45,150,58425
20220404,13:45,1160.40,1160.40,1160.40,1160.40,25,58425
20220404,13:46,1164.30,1164.30,1164.30,1164.30,100,58325
20220404,13:47,1181.00,1181.00,1181.00,1181.00,100,58325
20220404,13:48,1175.50,1175.50,1175.50,1175.50,125,58325
20220404,13:49,1184.50,1192.00,1184.50,1192.00,300,58375
20220404,13:50,1187.40,1190.00,1187.40,1190.00,625,58375
20220404,13:52,1175.00,1175.00,1175.00,1175.00,25,58825
20220404,13:53,1210.00,1210.00,1210.00,1210.00,25,58825
20220404,13:54,1210.00,1210.00,1197.60,1197.60,300,58800
20220404,13:57,1178.65,1178.65,1178.65,1178.65,75,58550
20220404,13:58,1184.40,1184.40,1184.40,1184.40,25,58550
20220404,14:00,1187.00,1187.00,1187.00,1187.00,25,58500
20220404,14:03,1195.20,1195.20,1195.20,1195.20,25,58500
20220404,14:06,1195.00,1195.00,1195.00,1195.00,50,58525
20220404,14:07,1182.30,1182.30,1182.30,1182.30,25,58525
20220404,14:08,1187.20,1187.20,1187.20,1187.20,25,58525
20220404,14:09,1145.05,1146.65,1125.80,1146.65,650,58500
20220404,14:10,1158.95,1174.00,1158.95,1174.00,50,58500
20220404,14:11,1166.50,1175.30,1166.50,1175.30,175,58500
20220404,14:14,1182.35,1182.35,1182.35,1182.35,100,58500
20220404,14:15,1196.70,1203.30,1196.05,1198.55,325,58425
20220404,14:17,1197.50,1197.50,1197.50,1197.50,400,58425
20220404,14:18,1185.55,1185.55,1185.55,1185.55,25,58300
20220404,14:20,1199.15,1210.80,1199.15,1201.30,175,58300
20220404,14:21,1198.90,1198.90,1198.90,1198.90,100,58250
20220404,14:22,1195.25,1195.25,1188.65,1188.65,50,58250
20220404,14:23,1171.75,1171.75,1171.75,1171.75,25,58250
20220404,14:25,1192.70,1192.70,1187.40,1187.40,50,58250
20220404,14:26,1192.95,1201.65,1192.95,1201.65,125,58250
20220404,14:28,1247.75,1247.75,1247.75,1247.75,100,58225
20220404,14:29,1248.50,1274.95,1248.50,1274.95,200,58225
20220404,14:30,1276.50,1305.15,1276.50,1301.95,450,58075
20220404,14:31,1299.70,1299.70,1295.00,1295.00,1150,58075
20220404,14:32,1304.90,1313.60,1304.90,1313.60,125,58075
20220404,14:33,1323.15,1323.15,1296.15,1296.15,375,58875
20220404,14:34,1307.95,1312.50,1307.25,1307.25,100,58875
20220404,14:35,1298.40,1298.40,1294.30,1294.30,75,58875
20220404,14:36,1300.00,1300.00,1300.00,1300.00,25,58825
20220404,14:37,1306.90,1325.50,1305.10,1325.50,150,58825
20220404,14:38,1326.05,1330.00,1326.05,1326.05,325,58825
20220404,14:39,1338.20,1338.20,1338.20,1338.20,25,59050
20220404,14:40,1343.80,1351.00,1343.80,1346.30,225,59050
20220404,14:41,1344.35,1344.35,1330.00,1330.00,475,59050
20220404,14:42,1324.05,1346.30,1324.05,1346.30,125,59150
20220404,14:43,1346.95,1350.00,1346.95,1348.30,600,59150
20220404,14:44,1348.10,1348.10,1348.10,1348.10,50,59150
20220404,14:45,1350.80,1350.80,1350.15,1350.15,75,59150
20220404,14:46,1334.85,1341.00,1334.85,1341.00,50,58750
20220404,14:47,1319.25,1319.25,1312.00,1312.00,350,58750
20220404,14:49,1339.00,1345.00,1339.00,1345.00,525,58650
20220404,14:50,1330.35,1330.35,1330.35,1330.35,25,58650
20220404,14:51,1333.35,1340.00,1333.35,1340.00,50,58650
20220404,14:52,1339.10,1355.15,1339.10,1355.15,375,58400
20220404,14:53,1367.65,1378.65,1367.65,1377.00,475,58400
20220404,14:54,1391.70,1391.70,1391.70,1391.70,25,58400
20220404,14:55,1371.15,1371.15,1371.15,1371.15,150,58000
20220404,14:56,1366.40,1372.00,1365.00,1372.00,125,58000
20220404,14:57,1374.00,1374.80,1374.00,1374.80,100,57975
20220404,14:58,1370.00,1370.00,1370.00,1370.00,25,57975
20220404,14:59,1360.00,1374.15,1360.00,1368.90,325,57975
20220404,15:00,1369.05,1369.05,1369.05,1369.05,75,57975
20220404,15:01,1364.90,1364.90,1364.90,1364.90,25,57725
20220404,15:02,1350.00,1350.00,1337.70,1337.70,175,57725
20220404,15:03,1333.40,1349.55,1333.40,1349.55,125,57750
20220404,15:04,1345.20,1345.20,1345.20,1345.20,125,57750
20220404,15:05,1351.00,1351.00,1339.85,1343.55,400,57750
20220404,15:06,1334.30,1334.30,1334.30,1334.30,50,57750
20220404,15:07,1344.30,1350.00,1344.30,1350.00,50,57750
20220404,15:08,1330.20,1347.40,1330.20,1344.50,350,57750
20220404,15:09,1357.90,1357.90,1357.90,1357.90,400,57475
20220404,15:10,1362.60,1362.60,1362.60,1362.60,150,57475
20220404,15:13,1364.00,1364.90,1362.55,1363.00,150,57525
20220404,15:14,1360.90,1360.90,1359.20,1359.20,50,57525
20220404,15:15,1347.20,1350.00,1347.20,1349.15,250,57325
20220404,15:16,1353.80,1359.35,1350.90,1351.00,650,57325
20220404,15:19,1378.50,1383.40,1378.50,1383.40,275,56575
20220404,15:20,1365.80,1365.80,1363.75,1363.75,50,56575
20220404,15:21,1344.90,1344.90,1344.90,1344.90,250,56575
20220404,15:22,1345.00,1345.00,1333.00,1333.00,75,56250
20220404,15:23,1335.00,1335.00,1335.00,1335.00,125,56250
20220404,15:24,1340.00,1345.10,1335.40,1335.40,125,56050
20220404,15:25,1338.50,1338.50,1338.00,1338.00,125,56050
20220404,15:26,1337.45,1337.45,1334.50,1334.50,275,56050
20220404,15:27,1328.15,1335.20,1328.15,1335.20,800,55600
20220404,15:28,1333.20,1342.65,1332.65,1342.65,625,55600
20220404,15:29,1336.10,1343.55,1336.10,1343.55,350,55600
20220404,15:30,1341.05,1341.05,1341.05,1341.05,25,55600
20220405,09:15,1301.50,1369.60,1301.50,1369.60,877,55425
20220405,09:16,1315.80,1315.80,1250.00,1250.00,300,55425
20220405,09:17,1250.00,1250.00,1221.95,1221.95,300,55200
20220405,09:18,1234.30,1254.00,1209.60,1246.80,4175,55200
20220405,09:19,1225.00,1225.00,1191.65,1191.65,325,55200
20220405,09:20,1191.65,1236.35,1191.65,1204.75,275,51925
20220405,09:21,1194.75,1194.75,1185.35,1185.35,200,51925
20220405,09:22,1180.75,1180.75,1159.25,1159.25,650,51925
20220405,09:23,1159.25,1167.10,1159.25,1167.10,125,51625
20220405,09:24,1202.60,1202.60,1200.05,1200.05,100,51625
20220405,09:25,1202.25,1259.00,1202.25,1259.00,350,51625
20220405,09:26,1250.00,1254.90,1228.75,1243.70,175,51450
20220405,09:27,1241.65,1292.00,1241.65,1292.00,75,51450
20220405,09:28,1284.65,1284.65,1276.15,1276.15,75,51450
20220405,09:29,1284.15,1284.15,1264.85,1264.85,100,51250
20220405,09:30,1254.80,1285.85,1254.80,1285.85,125,51250
20220405,09:31,1272.60,1272.60,1248.20,1252.95,300,51250
20220405,09:32,1252.95,1252.95,1246.75,1252.20,125,51250
20220405,09:33,1255.00,1255.00,1250.45,1250.45,50,51250
20220405,09:34,1218.75,1218.75,1218.75,1218.75,175,51250
20220405,09:35,1174.90,1190.35,1174.90,1189.25,150,51275
20220405,09:36,1189.15,1189.15,1160.00,1182.00,425,51275
20220405,09:37,1163.75,1163.75,1140.00,1140.00,575,51275
20220405,09:38,1140.00,1140.00,1120.00,1124.00,200,50850
20220405,09:39,1121.30,1121.30,1101.55,1106.70,675,50850
20220405,09:40,1102.90,1136.50,1091.20,1136.50,725,50850
20220405,09:41,1113.70,1123.75,1113.70,1123.10,400,49875
20220405,09:42,1119.25,1119.25,1091.25,1098.85,575,49875
20220405,09:43,1100.00,1100.00,1087.25,1087.25,150,49875
20220405,09:44,1083.95,1083.95,1060.00,1060.00,300,49325
20220405,09:45,1056.00,1056.00,1021.15,1028.50,700,49325
20220405,09:46,1028.15,1049.30,1028.15,1049.30,300,49325
20220405,09:47,1032.20,1047.50,1032.20,1047.50,100,48825
20220405,09:48,1042.05,1050.55,1042.05,1043.95,325,48825
20220405,09:49,1040.40,1040.40,1034.25,1034.25,100,48825
20220405,09:50,1084.85,1088.40,1075.15,1082.10,525,48625
20220405,09:51,1071.85,1071.85,1055.20,1063.35,775,48625
20220405,09:52,1049.00,1049.00,1047.00,1047.00,375,48625
20220405,09:53,1036.50,1036.50,1026.90,1026.90,75,48700
20220405,09:55,1048.85,1048.85,1048.85,1048.85,25,48700
20220405,09:56,1051.75,1052.85,1045.40,1045.40,150,48725
20220405,09:57,1039.90,1039.90,1039.90,1039.90,25,48725
20220405,09:59,1044.40,1059.40,1040.25,1059.40,100,48550
20220405,10:00,1045.00,1045.00,1025.50,1031.80,125,48550
20220405,10:02,1055.00,1060.00,1054.80,1060.00,75,48625
20220405,10:03,1040.00,1040.00,1033.65,1033.65,50,48625
20220405,10:07,1020.55,1020.55,980.00,1001.50,575,48650
20220405,10:08,1036.40,1040.25,1026.30,1026.30,75,48650
20220405,10:10,1043.00,1043.00,1040.85,1040.85,50,48675
20220405,10:11,1042.00,1042.00,1042.00,1042.00,25,48675
20220405,10:12,1044.00,1044.00,1044.00,1044.00,200,48725
20220405,10:14,1050.00,1056.90,1050.00,1056.90,1150,48725
20220405,10:16,1056.90,1056.90,1040.00,1042.60,1300,48575
20220405,10:17,1041.00,1041.00,1041.00,1041.00,1200,48575
20220405,10:18,1058.15,1058.15,1055.00,1055.00,1225,48575
20220405,10:19,1055.00,1068.70,1055.00,1068.70,1325,48575
20220405,10:20,1077.90,1085.20,1072.30,1072.30,2025,48825
20220405,10:21,1068.55,1092.50,1068.55,1092.50,1825,48825
20220405,10:22,1088.25,1088.25,1075.00,1076.95,1575,48825
20220405,10:23,1082.00,1098.95,1082.00,1090.70,700,48525
20220405,10:24,1096.00,1113.35,1090.15,1090.15,1375,48525
20220405,10:25,1079.05,1084.55,1073.00,1082.00,550,48525
20220405,10:26,1075.90,1083.75,1068.05,1080.00,925,47725
20220405,10:27,1089.00,1115.00,1089.00,1115.00,700,47725
20220405,10:28,1105.00,1105.00,1105.00,1105.00,200,47725
20220405,10:29,1099.25,1125.00,1099.25,1121.00,1100,48300
20220405,10:30,1117.00,1120.80,1110.00,1110.00,700,48300
20220405,10:31,1112.45,1120.05,1112.45,1120.05,100,48300
20220405,10:32,1124.50,1124.50,1114.30,1122.95,650,47625
20220405,10:33,1123.20,1123.20,1106.25,1106.25,1050,47625
20220405,10:34,1105.75,1105.75,1105.75,1105.75,50,47625
20220405,10:35,1105.75,1105.75,1091.25,1091.25,175,47275
20220405,10:37,1055.00,1071.95,1055.00,1068.00,825,47275
20220405,10:38,1055.00,1055.00,1043.55,1050.00,250,47275
20220405,10:40,1047.65,1047.65,1047.65,1047.65,275,47275
20220405,10:41,1059.05,1063.70,1059.05,1063.70,75,47175
20220405,10:42,1076.15,1076.15,1070.60,1070.60,50,47175
20220405,10:44,1069.20,1069.30,1052.20,1058.15,725,46875
20220405,10:45,1067.05,1080.15,1067.05,1080.00,400,46875
20220405,10:46,1089.25,1089.25,1084.10,1084.10,50,46875
20220405,10:47,1086.10,1086.10,1086.10,1086.10,50,46750
20220405,10:48,1092.25,1104.15,1092.25,1101.50,175,46750
20220405,10:49,1092.90,1113.40,1092.90,1111.50,400,46750
20220405,10:50,1118.70,1118.70,1106.40,1106.40,125,46275
20220405,10:51,1111.00,1123.70,1111.00,1123.70,225,46275
20220405,10:52,1128.15,1128.45,1128.10,1128.45,125,46275
20220405,10:54,1106.05,1116.05,1106.05,1116.05,75,46125
20220405,10:56,1142.00,1142.00,1142.00,1142.00,100,46125
20220405,10:57,1135.05,1138.85,1135.05,1138.85,400,46125
20220405,10:58,1138.85,1138.85,1138.85,1138.85,25,46125
20220405,10:59,1135.80,1135.80,1135.80,1135.80,25,46150
20220405,11:00,1141.00,1150.00,1141.00,1150.00,50,46150
20220405,11:03,1158.00,1160.00,1158.00,1160.00,225,46125
20220405,11:04,1165.00,1190.00,1165.00,1190.00,100,46125
20220405,11:05,1199.00,1223.70,1196.40,1223.70,175,46150
20220405,11:06,1216.90,1216.90,1216.90,1216.90,100,46150
20220405,11:07,1190.00,1190.00,1190.00,1190.00,25,46150
20220405,11:08,1168.55,1168.55,1168.55,1168.55,50,46150
20220405,11:09,1170.20,1170.20,1168.00,1168.00,50,46150
20220405,11:12,1144.00,1144.00,1144.00,1144.00,25,46175
20220405,11:13,1122.65,1122.65,1122.65,1122.65,25,46175
20220405,11:15,1155.75,1155.75,1149.30,1149.30,75,46225
20220405,11:16,1133.80,1133.80,1133.80,1133.80,25,46225
20220405,11:17,1133.00,1133.00,1125.00,1125.00,100,46225
20220405,11:18,1128.00,1128.00,1128.00,1128.00,25,46125
20220405,11:19,1125.25,1125.25,1125.25,1125.25,25,46125
20220405,11:21,1145.00,1145.00,1145.00,1145.00,25,46150
20220405,11:22,1145.00,1145.00,1145.00,1145.00,25,46150
20220405,11:25,1150.00,1150.00,1150.00,1150.00,100,46125
20220405,11:27,1163.40,1163.40,1163.40,1163.40,125,46100
20220405,11:28,1165.00,1170.00,1165.00,1170.00,150,46100
20220405,11:30,1159.80,1159.80,1159.80,1159.80,25,46200
20220405,11:31,1173.00,1173.00,1173.00,1173.00,25,46200
20220405,11:37,1165.25,1165.25,1165.25,1165.25,25,46200
20220405,11:39,1104.20,1104.20,1104.20,1104.20,100,46200
20220405,11:40,1097.50,1097.50,1090.30,1090.30,125,46200
20220405,11:41,1113.25,1113.25,1113.25,1113.25,25,46200
20220405,11:42,1120.00,1120.00,1120.00,1120.00,25,46300
20220405,11:44,1140.00,1140.00,1140.00,1140.00,75,46300
20220405,11:45,1139.00,1139.00,1139.00,1139.00,25,46300
20220405,11:46,1168.00,1168.00,1156.00,1158.80,300,46300
20220405,11:47,1158.00,1161.85,1145.40,1145.40,325,46300
20220405,11:48,1145.90,1145.90,1145.90,1145.90,75,45925
20220405,11:49,1124.65,1124.65,1124.65,1124.65,25,45925
20220405,11:52,1133.90,1133.90,1133.90,1133.90,75,45850
20220405,11:54,1126.00,1126.00,1119.55,1119.55,75,45775
20220405,11:58,1141.00,1141.00,1131.00,1131.00,50,45750
20220405,11:59,1139.00,1139.00,1139.00,1139.00,25,45750
20220405,12:03,1151.00,1151.00,1151.00,1151.00,25,45800
20220405,12:04,1146.65,1146.65,1146.65,1146.65,25,45800
20220405,12:05,1149.45,1149.45,1143.75,1143.75,50,45800
20220405,12:06,1142.90,1142.90,1142.90,1142.90,50,45800
20220405,12:12,1144.65,1144.65,1144.65,1144.65,50,45750
20220405,12:14,1158.25,1158.35,1158.25,1158.35,50,45750
20220405,12:15,1152.00,1152.00,1152.00,1152.00,650,45800
20220405,12:16,1152.00,1152.00,1152.00,1152.00,25,45800
20220405,12:17,1142.45,1142.45,1142.45,1142.45,75,45800
20220405,12:20,1119.30,1119.30,1111.25,1111.25,50,46425
20220405,12:21,1111.00,1111.00,1111.00,1111.00,50,46450
20220405,12:23,1131.00,1131.00,1131.00,1131.00,25,46450
20220405,12:24,1142.45,1142.45,1142.45,1142.45,75,46450
20220405,12:25,1130.60,1130.60,1130.60,1130.60,50,46450
20220405,12:28,1119.00,1119.15,1119.00,1119.15,150,46375
20220405,12:29,1120.00,1120.00,1119.40,1119.40,50,46375
20220405,12:32,1122.70,1125.05,1120.55,1121.00,150,46325
20220405,12:42,1124.85,1124.85,1124.85,1124.85,250,46300
20220405,12:43,1100.00,1100.00,1079.00,1079.00,150,46300
20220405,12:44,1099.40,1099.40,1099.40,1099.40,75,46300
20220405,12:45,1113.15,1125.00,1113.15,1125.00,150,46025
20220405,12:46,1129.00,1129.00,1129.00,1129.00,25,46025
20220405,12:49,1143.95,1146.60,1143.95,1146.60,175,46000
20220405,12:50,1136.05,1137.35,1136.05,1136.40,100,46000
20220405,12:55,1140.10,1140.10,1127.70,1127.70,100,45750
20220405,12:59,1134.40,1139.60,1134.40,1134.75,275,45675
20220405,13:03,1160.00,1178.45,1160.00,1168.55,250,45450
20220405,13:04,1184.65,1184.65,1174.80,1174.80,150,45450
20220405,13:05,1180.00,1205.25,1180.00,1203.00,150,45450
20220405,13:06,1244.95,1261.95,1244.50,1244.50,375,45400
20220405,13:07,1248.50,1248.50,1248.50,1248.50,100,45400
20220405,13:09,1231.30,1231.30,1231.30,1231.30,25,45425
20220405,13:10,1239.90,1239.90,1239.90,1239.90,100,45425
20220405,13:12,1237.90,1252.60,1237.50,1252.60,125,45425
20220405,13:14,1283.35,1284.70,1280.45,1284.70,100,45425
20220405,13:15,1304.75,1309.30,1302.55,1304.70,250,45525
20220405,13:16,1285.00,1285.00,1283.70,1283.70,100,45525
20220405,13:17,1289.55,1289.55,1287.50,1289.20,175,45525
20220405,13:19,1273.20,1287.85,1273.20,1287.85,1025,45400
20220405,13:21,1287.00,1287.00,1287.00,1287.00,75,45400
20220405,13:22,1281.45,1281.45,1279.90,1279.90,50,44475
20220405,13:25,1303.00,1346.00,1303.00,1340.00,300,44425
20220405,13:26,1350.00,1350.00,1350.00,1350.00,25,44425
20220405,13:27,1351.05,1362.85,1351.05,1362.85,100,44375
20220405,13:28,1380.55,1384.60,1380.55,1384.60,75,44375
20220405,13:30,1370.00,1394.05,1370.00,1394.05,150,44475
20220405,13:31,1394.05,1394.05,1394.05,1394.05,25,44475
20220405,13:32,1385.30,1385.30,1385.30,1385.30,100,44475
20220405,13:33,1362.95,1363.35,1354.45,1363.35,125,44425
20220405,13:34,1366.00,1366.00,1366.00,1366.00,25,44425
20220405,13:36,1291.00,1291.00,1287.00,1287.00,150,44475
20220405,13:37,1294.00,1309.45,1291.70,1309.45,200,44475
20220405,13:38,1321.25,1321.25,1321.25,1321.25,25,44475
20220405,13:40,1323.05,1323.05,1323.05,1323.05,25,44450
20220405,13:41,1330.00,1330.00,1330.00,1330.00,25,44450
20220405,13:42,1366.85,1366.85,1366.85,1366.85,25,44425
20220405,13:43,1355.00,1357.65,1355.00,1357.65,425,44425
20220405,13:44,1327.25,1327.25,1327.25,1327.25,125,44425
20220405,13:46,1339.70,1339.70,1334.45,1337.75,175,44200
20220405,13:47,1308.45,1308.45,1308.45,1308.45,25,44200
20220405,13:48,1317.00,1317.00,1313.60,1313.60,75,44225
20220405,13:49,1320.00,1320.00,1320.00,1320.00,850,44225
20220405,13:50,1311.45,1311.45,1311.45,1311.45,100,44225
20220405,13:51,1302.90,1311.25,1302.90,1311.25,475,44075
20220405,13:52,1320.00,1320.00,1320.00,1320.00,1575,44075
20220405,13:53,1314.00,1320.00,1314.00,1320.00,75,44075
20220405,13:54,1320.00,1325.00,1320.00,1324.00,2725,44000
20220405,13:58,1290.95,1290.95,1290.95,1290.95,50,44000
20220405,13:59,1296.25,1296.25,1228.30,1228.30,175,44000
20220405,14:00,1202.85,1211.15,1178.05,1178.05,475,43675
20220405,14:01,1123.00,1123.00,1122.85,1122.85,400,43675
20220405,14:04,1147.35,1162.90,1147.35,1161.05,425,43550
20220405,14:05,1158.60,1158.60,1145.40,1148.30,125,43550
20220405,14:06,1148.25,1172.25,1148.25,1160.00,475,43725
20220405,14:07,1166.10,1171.70,1164.00,1170.00,250,43725
20220405,14:08,1168.00,1171.00,1168.00,1171.00,50,43725
20220405,14:09,1145.40,1157.85,1145.40,1157.85,75,44050
20220405,14:10,1157.85,1157.85,1157.85,1157.85,50,44050
20220405,14:11,1171.00,1183.65,1171.00,1183.65,50,44050
20220405,14:12,1154.75,1154.75,1154.75,1154.75,25,44075
20220405,14:14,1164.75,1164.75,1164.75,1164.75,25,44075
20220405,14:15,1155.00,1160.00,1155.00,1160.00,50,44075
20220405,14:16,1160.00,1160.00,1160.00,1160.00,225,44100
20220405,14:19,1177.65,1177.65,1177.65,1177.65,50,44100
20220405,14:20,1178.15,1195.85,1178.15,1195.85,75,44100
20220405,14:21,1174.95,1174.95,1174.95,1174.95,100,44100
20220405,14:22,1171.30,1171.30,1165.45,1165.45,100,44225
20220405,14:23,1151.60,1151.60,1151.60,1151.60,25,44225
20220405,14:24,1138.60,1138.60,1133.00,1133.00,125,44250
20220405,14:25,1129.60,1129.60,1089.65,1089.65,425,44250
20220405,14:26,1090.00,1094.00,1077.90,1094.00,350,44250
20220405,14:27,1089.25,1089.25,1089.25,1089.25,50,44250
20220405,14:28,1099.95,1113.35,1099.95,1113.35,275,44500
20220405,14:29,1138.95,1138.95,1119.80,1119.80,150,44500
20220405,14:30,1119.80,1132.65,1119.80,1132.65,50,44500
20220405,14:31,1145.10,1145.10,1140.00,1140.00,50,44500
20220405,14:33,1133.95,1146.35,1133.95,1146.35,575,44350
20220405,14:34,1147.40,1147.40,1147.20,1147.40,625,44350
20220405,14:36,1148.15,1157.90,1148.15,1157.90,425,43600
20220405,14:37,1150.00,1150.00,1150.00,1150.00,25,43600
20220405,14:38,1138.95,1138.95,1138.95,1138.95,25,43600
20220405,14:42,1160.40,1160.40,1160.40,1160.40,25,43375
20220405,14:43,1141.80,1141.80,1141.80,1141.80,150,43375
20220405,14:45,1145.00,1145.00,1145.00,1145.00,25,43375
20220405,14:46,1134.90,1134.90,1134.90,1134.90,25,43275
20220405,14:47,1130.00,1130.00,1130.00,1130.00,75,43275
20220405,14:48,1106.30,1106.30,1075.00,1075.00,100,43275
20220405,14:49,1086.95,1093.00,1086.95,1090.20,100,43275
20220405,14:50,1102.85,1104.65,1102.85,1104.65,100,43275
20220405,14:51,1104.10,1105.00,1104.10,1105.00,50,43225
20220405,14:52,1095.00,1095.00,1095.00,1095.00,25,43225
20220405,14:55,1082.70,1084.00,1068.15,1073.05,150,43250
20220405,14:56,1072.00,1074.55,1072.00,1074.55,125,43250
20220405,14:57,1095.00,1095.90,1095.00,1095.90,50,43250
20220405,14:58,1070.00,1070.00,1037.40,1037.40,350,43375
20220405,14:59,1051.05,1051.05,1051.05,1051.05,25,43375
20220405,15:00,1085.00,1085.00,1074.20,1074.20,275,43375
20220405,15:01,1076.00,1076.00,1076.00,1076.00,25,43700
20220405,15:03,1050.00,1050.00,1050.00,1050.00,100,43675
20220405,15:04,1050.00,1050.00,1049.95,1050.00,375,43675
20220405,15:05,1053.85,1060.95,1053.85,1060.95,50,43675
20220405,15:06,1042.50,1042.50,1042.50,1042.50,100,43675
20220405,15:07,1047.20,1058.35,1047.20,1058.35,100,43675
20220405,15:08,1053.80,1053.80,1020.00,1020.00,900,43675
20220405,15:09,1005.45,1005.45,998.15,998.15,275,43675
20220405,15:10,989.70,989.70,975.95,975.95,475,43900
20220405,15:11,962.75,962.75,962.75,962.75,125,43900
20220405,15:12,949.55,969.30,949.55,957.40,200,43900
20220405,15:13,957.70,964.80,943.85,943.85,475,43900
20220405,15:14,921.35,921.35,900.65,900.65,500,43900
20220405,15:15,900.00,922.40,882.95,922.40,2350,44275
20220405,15:16,920.70,930.45,913.20,913.60,1450,44275
20220405,15:17,913.00,916.50,889.45,889.45,675,44275
20220405,15:18,883.05,889.15,866.20,866.20,500,43125
20220405,15:19,876.70,878.10,860.00,860.00,300,43125
20220405,15:20,860.00,874.00,860.00,869.00,925,43125
20220405,15:21,870.50,870.95,862.15,870.00,575,43200
20220405,15:22,871.70,871.70,853.75,853.75,200,43200
20220405,15:23,853.75,877.90,853.75,877.20,675,43200
20220405,15:24,872.75,879.85,871.15,879.85,200,43500
20220405,15:25,879.75,879.75,879.75,879.75,25,43500
20220405,15:26,870.00,870.00,855.75,855.75,275,43500
20220405,15:27,855.85,858.40,827.00,827.00,475,43100
20220405,15:28,827.00,837.75,827.00,833.00,375,43100
20220405,15:29,833.00,840.70,819.85,840.70,725,43100
20220406,09:15,860.00,860.00,642.50,662.00,10727,42675
20220406,09:16,656.00,662.85,640.00,640.00,1975,42675
20220406,09:17,639.10,699.15,638.45,682.15,6375,47200
20220406,09:18,679.70,736.50,676.50,719.20,4375,47200
20220406,09:19,718.55,718.55,690.25,690.25,3075,47200
20220406,09:20,684.60,758.30,680.50,756.05,5575,50275
20220406,09:21,760.75,763.25,738.10,748.65,3275,50275
20220406,09:22,746.80,764.50,746.80,760.00,2050,50275
20220406,09:23,755.70,755.70,725.00,735.25,3625,52425
20220406,09:24,731.45,731.45,685.95,685.95,3350,52425
20220406,09:25,687.45,687.45,673.65,685.00,4600,52425
20220406,09:26,680.90,687.80,663.00,668.20,2600,55575
20220406,09:27,662.00,674.90,660.00,672.15,1900,55575
20220406,09:28,668.80,677.40,665.00,669.85,3450,55575
20220406,09:29,675.35,677.40,669.95,677.00,2075,59175
20220406,09:30,685.10,708.45,669.45,702.75,4350,59175
20220406,09:31,702.25,759.30,702.25,730.30,6000,59175
20220406,09:32,738.80,748.10,717.00,726.85,2000,59150
20220406,09:33,724.60,730.30,709.50,730.30,1150,59150
20220406,09:34,730.30,756.85,730.30,745.00,1600,59150
20220406,09:35,736.80,753.60,734.90,753.60,1125,58650
20220406,09:36,742.35,749.85,729.95,749.25,1250,58650
20220406,09:37,748.90,748.90,723.25,744.90,1325,58650
20220406,09:38,745.90,745.90,731.65,740.85,1000,59775
20220406,09:39,735.30,741.75,721.25,736.90,1075,59775
20220406,09:40,725.45,733.70,725.00,725.50,650,59775
20220406,09:41,724.65,730.70,688.75,697.80,3250,60750
20220406,09:42,694.40,694.40,658.80,676.30,5600,60750
20220406,09:43,675.60,682.00,672.20,676.15,2000,60750
20220406,09:44,673.20,674.15,663.60,666.30,2100,65000
20220406,09:45,662.75,681.60,662.75,677.25,1600,65000
20220406,09:46,670.05,682.95,651.35,651.35,4825,65000
20220406,09:47,646.20,658.00,644.15,651.15,5250,70850
20220406,09:48,653.00,653.00,631.70,648.60,2225,70850
20220406,09:49,647.55,657.85,647.55,654.35,3300,70850
20220406,09:50,652.95,657.30,644.20,649.80,2950,71925
20220406,09:51,654.75,654.75,637.50,640.75,3800,71925
20220406,09:52,633.10,636.25,622.30,632.55,7700,71925
20220406,09:53,629.75,644.50,629.75,634.75,1550,78875
20220406,09:54,638.25,638.25,611.05,621.05,4575,78875
20220406,09:55,619.05,622.55,609.00,615.40,5150,78875
20220406,09:56,613.60,619.25,610.75,618.00,5000,85225
20220406,09:57,617.45,626.80,613.80,626.80,4275,85225
20220406,09:58,627.15,634.15,626.00,626.00,6000,85225
20220406,09:59,624.00,631.15,624.00,628.00,2950,90950
20220406,10:00,625.00,625.00,612.60,614.90,1375,90950
20220406,10:01,614.00,614.00,600.00,601.65,5150,90950
20220406,10:02,600.00,633.10,600.00,633.05,2150,95275
20220406,10:03,630.70,630.70,619.50,624.25,4300,95275
20220406,10:04,624.60,624.60,613.70,615.00,2250,95275
20220406,10:05,616.60,628.60,611.00,628.60,3550,98850
20220406,10:06,625.50,635.90,625.50,633.75,3100,98850
20220406,10:07,632.05,640.00,628.85,640.00,2000,98850
20220406,10:08,637.55,637.55,625.10,625.30,1625,100400
20220406,10:09,630.00,632.45,626.95,627.45,2550,100400
20220406,10:10,626.00,632.65,620.90,623.45,1725,100400
20220406,10:11,618.90,625.00,615.00,625.00,3400,103375
20220406,10:12,620.70,632.65,620.70,632.65,1075,103375
20220406,10:13,633.15,647.20,632.25,647.20,5275,103375
20220406,10:14,647.30,648.70,640.95,643.55,1975,104625
20220406,10:15,641.95,649.00,635.45,641.85,2800,104625
20220406,10:16,648.45,662.00,643.15,660.00,4100,104625
20220406,10:17,661.45,672.05,657.95,667.60,7375,108250
20220406,10:18,671.90,673.00,656.95,662.45,5200,108250
20220406,10:19,663.70,666.45,653.00,660.00,3875,108250
20220406,10:20,655.80,658.05,650.80,658.05,1250,110700
20220406,10:21,658.75,660.00,647.45,647.45,1500,110700
20220406,10:22,642.25,646.20,636.55,640.20,1600,110700
20220406,10:23,641.10,646.40,635.00,640.50,2500,112325
20220406,10:24,637.85,639.60,631.00,631.00,1300,112325
20220406,10:25,631.05,634.90,626.50,631.50,1725,112325
20220406,10:26,633.70,636.40,630.65,636.40,1250,113275
20220406,10:27,635.35,635.35,622.20,623.05,825,113275
20220406,10:28,628.30,630.40,625.00,625.95,1525,113275
20220406,10:29,626.45,632.60,625.80,629.15,2050,115225
20220406,10:30,628.35,633.90,622.65,628.40,4850,115225
20220406,10:31,627.15,632.90,625.65,631.25,1325,115225
20220406,10:32,632.05,648.90,632.05,648.45,2175,117725
20220406,10:33,649.00,658.15,645.00,651.60,1500,117725
20220406,10:34,650.90,652.10,628.95,628.95,1600,117725
20220406,10:35,624.20,636.00,620.85,630.10,2575,119050
20220406,10:36,630.00,635.90,623.55,623.55,1475,119050
20220406,10:37,629.40,629.40,615.00,621.70,1250,119050
20220406,10:38,621.70,630.95,621.70,628.00,1050,119625
20220406,10:39,625.00,625.00,615.40,619.40,5150,119625
20220406,10:40,622.45,624.20,610.30,624.20,2525,119625
20220406,10:41,620.00,627.55,616.20,627.55,3250,122675
20220406,10:42,629.00,635.55,627.45,633.10,3200,122675
20220406,10:43,632.85,640.60,632.85,640.00,2300,122675
20220406,10:44,642.00,644.30,635.20,643.00,4125,124450
20220406,10:45,641.05,655.35,637.70,647.75,2525,124450
20220406,10:46,653.85,662.70,648.70,648.70,6375,124450
20220406,10:47,652.55,656.55,646.10,647.25,2700,128850
20220406,10:48,645.00,645.15,623.55,624.85,4350,128850
20220406,10:49,620.80,633.70,620.80,633.70,1450,128850
20220406,10:50,636.90,639.30,624.00,624.00,1050,129850
20220406,10:51,624.80,640.65,624.80,638.00,1250,129850
20220406,10:52,637.65,652.15,634.15,647.60,2125,129850
20220406,10:53,645.00,650.05,641.70,650.05,1325,130275
20220406,10:54,648.40,653.35,644.75,651.00,1775,130275
20220406,10:55,650.00,655.70,645.00,648.00,2050,130275
20220406,10:56,647.75,650.60,643.25,648.00,1375,131750
20220406,10:57,647.95,648.60,641.65,643.55,975,131750
20220406,10:58,641.60,648.00,637.10,648.00,3900,131750
20220406,10:59,645.65,652.20,643.70,652.20,975,133050
20220406,11:00,654.60,654.60,643.45,645.75,900,133050
20220406,11:01,650.00,654.05,648.00,652.85,1475,133050
20220406,11:02,652.05,661.35,650.55,654.20,2225,132275
20220406,11:03,655.50,655.50,636.00,636.00,2075,132275
20220406,11:04,633.50,643.10,632.95,642.45,1225,132275
20220406,11:05,644.50,648.80,638.95,638.95,775,133325
20220406,11:06,636.50,651.25,636.50,651.25,1000,133325
20220406,11:07,649.00,659.95,649.00,654.20,1550,133325
20220406,11:08,653.25,668.95,653.25,664.05,3075,134050
20220406,11:09,668.00,671.95,660.20,667.00,4000,134050
20220406,11:10,665.50,671.80,665.50,669.95,2125,134050
20220406,11:11,665.75,667.85,652.30,655.70,1950,134450
20220406,11:12,658.90,660.00,648.85,653.10,2550,134450
20220406,11:13,657.95,670.25,657.95,670.00,1600,134450
20220406,11:14,667.25,670.00,663.55,670.00,825,135475
20220406,11:15,673.05,686.60,658.55,664.10,6050,135475
20220406,11:16,664.80,675.50,662.00,662.00,1025,135475
20220406,11:17,660.00,665.25,653.90,665.15,975,135375
20220406,11:18,663.15,668.90,660.20,663.55,1825,135375
20220406,11:19,662.55,670.00,660.40,668.45,1050,135375
20220406,11:20,667.70,675.00,664.00,675.00,1500,135750
20220406,11:21,676.05,677.10,660.15,660.15,925,135750
20220406,11:22,664.75,675.15,664.75,675.15,1100,135750
20220406,11:23,673.05,673.40,665.25,665.25,1050,135750
20220406,11:24,667.05,673.60,660.00,662.90,675,135350
20220406,11:25,664.45,664.45,655.05,658.45,1450,135350
20220406,11:26,657.95,657.95,650.05,650.05,3550,135775
20220406,11:27,650.00,652.50,644.20,647.95,2325,135775
20220406,11:28,654.85,655.10,646.90,646.90,1450,135775
20220406,11:29,647.60,651.65,647.60,650.00,1075,135775
20220406,11:30,650.25,660.80,648.90,660.75,575,136700
20220406,11:31,658.75,663.60,657.45,658.90,1850,136700
20220406,11:32,656.35,664.30,656.35,663.55,1275,136700
20220406,11:33,665.00,665.55,659.90,662.90,350,137825
20220406,11:34,664.00,665.00,653.45,653.45,825,137825
20220406,11:35,652.00,653.20,645.00,645.00,850,137825
20220406,11:36,645.35,654.05,645.00,648.70,700,137875
20220406,11:37,645.90,648.00,640.00,645.00,1525,137875
20220406,11:38,649.15,649.15,636.75,641.55,1575,137875
20220406,11:39,646.50,649.10,637.80,649.10,1175,138625
20220406,11:40,644.25,644.25,640.00,643.10,350,138625
20220406,11:41,645.50,654.65,644.70,652.00,900,138625
20220406,11:42,654.65,660.00,654.65,655.20,1700,138975
20220406,11:43,658.05,658.05,654.95,657.00,1200,138975
20220406,11:44,657.25,657.25,649.30,649.30,975,138975
20220406,11:45,648.05,652.05,640.55,648.75,1400,139225
20220406,11:46,652.00,657.20,650.15,653.55,1500,139225
20220406,11:47,652.60,653.35,652.25,652.60,100,139225
20220406,11:48,651.65,651.65,648.00,648.00,125,140125
20220406,11:49,648.00,648.00,644.00,644.00,425,140125
20220406,11:50,648.65,651.55,648.65,651.55,275,140125
20220406,11:51,650.00,652.60,650.00,652.60,325,140325
20220406,11:52,652.60,654.35,646.25,647.45,550,140325
20220406,11:53,645.00,650.90,645.00,645.30,875,140325
20220406,11:54,642.55,647.05,642.55,643.95,525,140775
20220406,11:55,644.45,668.65,644.45,668.65,3550,140775
20220406,11:56,674.95,678.90,669.55,676.25,3575,140775
20220406,11:57,676.05,687.90,670.90,685.45,4725,140425
20220406,11:58,684.65,708.90,684.65,705.00,9725,140425
20220406,11:59,700.80,730.55,700.80,730.55,7975,140425
20220406,12:00,726.70,738.70,713.70,713.70,6350,135600
20220406,12:01,712.50,726.00,700.00,700.00,7150,135600
20220406,12:02,698.90,718.90,697.05,713.15,6250,135600
20220406,12:03,714.20,718.85,710.85,715.10,2475,136400
20220406,12:04,715.10,723.50,710.00,723.50,2425,136400
20220406,12:05,722.30,726.45,715.00,715.00,3300,136400
20220406,12:06,712.00,716.40,710.00,715.00,2050,134600
20220406,12:07,713.00,715.00,706.15,707.05,2575,134600
20220406,12:08,706.80,713.50,705.00,707.40,2925,134600
20220406,12:09,709.55,717.50,709.55,712.35,1625,133850
20220406,12:10,708.10,721.30,708.10,721.30,3175,133850
20220406,12:11,725.00,728.15,719.45,724.75,2725,133850
20220406,12:12,725.65,731.50,723.50,723.50,2825,132150
20220406,12:13,721.80,722.60,714.25,716.45,675,132150
20220406,12:14,724.20,724.20,714.80,714.80,725,132150
20220406,12:15,711.35,718.60,710.00,710.00,1400,131450
20220406,12:16,714.45,720.00,710.65,720.00,250,131450
20220406,12:17,715.20,751.55,715.20,741.65,6625,131450
20220406,12:18,746.95,753.20,743.80,749.00,2050,130850
20220406,12:19,745.05,764.50,741.85,759.65,4475,130850
20220406,12:20,758.15,769.40,748.80,748.80,2650,130850
20220406,12:21,752.00,756.75,739.30,739.30,2475,131975
20220406,12:22,735.65,740.40,735.00,737.85,1850,131975
20220406,12:23,739.95,740.00,736.45,740.00,1900,131975
20220406,12:24,730.20,739.35,727.35,729.70,875,131425
20220406,12:25,730.20,737.25,719.95,722.70,2075,131425
20220406,12:26,724.40,724.40,719.00,721.35,2075,131425
20220406,12:27,725.00,726.00,712.20,713.50,1300,131150
20220406,12:28,713.55,715.55,706.85,712.30,2225,131150
20220406,12:29,715.80,716.30,705.05,705.05,550,131150
20220406,12:30,700.80,721.00,700.80,717.90,1350,131925
20220406,12:31,717.95,717.95,712.05,712.05,225,131925
20220406,12:32,711.85,736.55,711.85,736.35,2525,131925
20220406,12:33,740.00,753.75,740.00,747.25,2300,132050
20220406,12:34,749.70,750.00,728.25,732.45,1325,132050
20220406,12:35,730.40,735.55,720.90,728.80,925,132050
20220406,12:36,726.75,730.15,721.00,730.15,475,132675
20220406,12:37,735.00,750.10,735.00,743.55,2300,132675
20220406,12:38,745.45,758.40,745.40,745.40,1925,132675
20220406,12:39,750.40,768.75,750.40,761.75,2175,132300
20220406,12:40,763.15,767.00,752.05,762.55,1375,132300
20220406,12:41,763.60,773.55,760.50,773.55,4025,132300
20220406,12:42,774.55,798.95,773.60,798.10,5450,131575
20220406,12:43,799.25,805.80,783.00,787.45,3075,131575
20220406,12:44,786.90,791.65,780.95,785.65,2350,131575
20220406,12:45,784.10,800.40,783.00,786.45,4150,130725
20220406,12:46,779.40,780.95,765.00,765.00,1375,130725
20220406,12:47,766.75,770.00,748.70,755.00,5000,130725
20220406,12:48,753.30,763.50,741.50,759.55,3200,128950
20220406,12:49,761.90,765.90,754.20,755.00,450,128950
20220406,12:50,755.85,764.80,753.70,763.05,1100,128950
20220406,12:51,763.60,763.60,740.00,740.00,2750,129025
20220406,12:52,742.50,753.25,742.50,752.35,1625,129025
20220406,12:53,753.00,764.00,753.00,762.05,950,129025
20220406,12:54,757.20,762.05,748.90,753.75,1200,128850
20220406,12:55,755.35,755.35,740.00,744.40,550,128850
20220406,12:56,742.60,743.70,730.00,733.65,1350,128850
20220406,12:57,732.45,732.45,720.10,729.45,1475,128950
20220406,12:58,729.65,729.65,714.00,714.00,1175,128950
20220406,12:59,712.90,721.75,696.35,696.35,1800,128950
20220406,13:00,688.30,707.15,683.65,706.55,3200,129100
20220406,13:01,706.45,714.85,706.00,711.50,1075,129100
20220406,13:02,710.75,711.50,684.00,684.00,1350,129100
20220406,13:03,678.75,682.10,650.00,650.00,4275,129600
20220406,13:04,650.50,663.45,646.15,652.70,4875,129600
20220406,13:05,644.90,651.95,640.00,647.95,4275,129600
20220406,13:06,649.30,650.00,638.20,645.30,2950,132350
20220406,13:07,649.80,655.50,646.85,653.05,1775,132350
20220406,13:08,654.00,658.35,640.00,640.00,1850,132350
20220406,13:09,640.40,654.80,633.95,648.00,3700,133525
20220406,13:10,651.95,659.55,649.55,650.00,5300,133525
20220406,13:11,651.65,661.60,649.70,655.85,1275,133525
20220406,13:12,660.90,660.90,654.25,657.10,5075,135750
20220406,13:13,656.80,665.90,656.80,663.30,2675,135750
20220406,13:14,664.85,671.95,663.90,663.90,3825,135750
20220406,13:15,663.80,670.50,655.15,658.50,1675,135850
20220406,13:16,657.50,665.35,655.20,660.00,1375,135850
20220406,13:17,659.20,673.25,659.20,673.25,2475,135850
20220406,13:18,671.05,671.05,654.60,657.95,525,135200
20220406,13:19,660.75,667.35,657.10,659.30,1275,135200
20220406,13:20,659.15,666.05,659.15,665.45,850,135200
20220406,13:21,665.70,671.50,664.20,670.15,1600,134700
20220406,13:22,674.00,676.35,666.00,668.25,900,134700
20220406,13:23,664.00,664.60,659.30,662.65,575,134700
20220406,13:24,662.45,662.45,640.40,640.40,1400,133175
20220406,13:25,644.45,651.85,644.45,647.00,3575,133175
20220406,13:26,641.80,649.85,640.50,646.40,1125,133175
20220406,13:27,642.30,644.65,635.00,641.50,1025,134350
20220406,13:28,647.00,647.00,641.05,641.05,500,134350
20220406,13:29,643.55,643.55,615.00,616.05,4975,134350
20220406,13:30,616.05,620.10,608.95,616.60,6625,134125
20220406,13:31,616.75,634.50,612.50,632.55,4300,134125
20220406,13:32,633.35,650.50,633.35,650.20,5275,134125
20220406,13:33,651.85,651.85,627.60,627.60,2525,134875
20220406,13:34,628.20,637.70,626.10,636.90,2125,134875
20220406,13:35,636.55,638.75,624.50,627.50,7850,134875
20220406,13:36,626.40,635.20,626.10,627.00,3825,142475
20220406,13:37,627.80,630.10,627.25,628.05,1075,142475
20220406,13:38,630.00,638.60,629.85,637.10,1675,142475
20220406,13:39,637.10,645.40,633.50,643.75,1975,145250
20220406,13:40,643.15,643.45,637.00,639.60,1700,145250
20220406,13:41,635.90,639.00,630.00,639.00,650,145250
20220406,13:42,639.25,641.95,635.00,637.80,400,144950
20220406,13:43,642.85,653.25,642.85,652.40,1725,144950
20220406,13:44,650.95,658.55,647.75,658.55,675,144950
20220406,13:45,657.40,689.30,654.50,688.90,5450,144750
20220406,13:46,684.30,688.40,671.95,675.85,2325,144750
20220406,13:47,671.00,675.25,665.00,672.30,750,144750
20220406,13:48,672.30,672.60,651.75,661.80,3700,141775
20220406,13:49,662.35,662.60,651.00,655.50,1825,141775
20220406,13:50,654.85,663.90,653.75,658.00,700,141775
20220406,13:51,650.00,650.45,635.65,635.65,2600,141650
20220406,13:52,638.00,640.45,632.95,635.10,2225,141650
20220406,13:53,637.65,637.65,631.00,637.40,1200,141650
20220406,13:54,634.80,640.70,630.00,640.70,925,141575
20220406,13:55,640.20,654.80,640.20,648.60,7150,141575
20220406,13:56,649.15,655.75,649.15,655.05,3375,141575
20220406,13:57,655.20,655.20,644.50,652.00,1750,141325
20220406,13:58,648.90,650.00,631.25,631.25,1700,141325
20220406,13:59,630.80,642.30,622.00,641.95,4375,141325
20220406,14:00,649.60,649.60,628.65,640.30,1800,143175
20220406,14:01,640.75,645.00,638.40,645.00,850,143175
20220406,14:02,646.45,650.00,644.40,647.15,2425,143175
20220406,14:03,645.00,645.25,629.30,630.45,1050,143400
20220406,14:04,632.50,637.60,631.40,631.40,750,143400
20220406,14:05,633.40,640.20,630.00,632.10,2875,143400
20220406,14:06,627.40,630.60,619.50,628.45,1275,143575
20220406,14:07,626.30,627.60,605.00,609.20,4450,143575
20220406,14:08,607.00,613.75,605.00,611.50,1650,143575
20220406,14:09,609.70,615.75,609.35,611.65,850,143950
20220406,14:10,610.45,619.35,594.00,594.00,5050,143950
20220406,14:11,598.40,618.20,598.40,610.00,3650,143950
20220406,14:12,604.80,607.70,600.45,607.70,1800,146850
20220406,14:13,610.00,611.00,605.00,606.00,2650,146850
20220406,14:14,605.00,607.40,600.00,603.05,1750,146850
20220406,14:15,601.25,611.40,598.70,606.30,4275,148025
20220406,14:16,603.80,618.20,603.00,611.30,3575,148025
20220406,14:17,618.55,618.55,609.70,610.00,4525,148025
20220406,14:18,610.00,610.00,595.80,595.80,3175,151950
20220406,14:19,592.15,596.90,587.15,592.35,4050,151950
20220406,14:20,591.70,612.35,591.70,611.00,2300,151950
20220406,14:21,613.95,617.85,610.00,616.15,2700,153025
20220406,14:22,620.50,621.20,613.00,613.00,2500,153025
20220406,14:23,613.45,626.55,612.95,621.30,2650,153025
20220406,14:24,619.20,627.00,619.20,627.00,1025,155425
20220406,14:25,628.65,628.65,614.60,621.75,2350,155425
20220406,14:26,622.70,637.65,620.05,633.60,2300,155425
20220406,14:27,639.00,655.00,635.75,655.00,5100,156775
20220406,14:28,659.00,660.00,650.65,653.80,3525,156775
20220406,14:29,652.55,655.75,642.95,655.75,2900,156775
20220406,14:30,657.25,688.90,657.25,684.10,8575,157500
20220406,14:31,682.55,682.55,662.90,662.90,4425,157500
20220406,14:32,670.75,670.75,656.05,656.05,2550,157500
20220406,14:33,654.40,670.35,650.00,670.35,2050,157875
20220406,14:34,673.25,674.95,650.00,650.00,1500,157875
20220406,14:35,651.75,651.75,625.10,635.80,5725,157875
20220406,14:36,632.65,655.35,632.65,641.90,1275,158125
20220406,14:37,651.05,669.65,650.55,666.00,1350,158125
20220406,14:38,658.80,658.80,640.95,651.65,1375,158125
20220406,14:39,652.55,657.75,649.00,649.00,1225,157350
20220406,14:40,648.80,655.00,642.15,655.00,500,157350
20220406,14:41,650.00,655.15,650.00,654.95,1025,157350
20220406,14:42,653.40,653.40,637.80,637.95,1025,157300
20220406,14:43,640.60,640.60,631.20,639.60,1900,157300
20220406,14:44,639.55,645.70,639.55,645.70,1325,157300
20220406,14:45,639.60,645.00,628.30,632.30,1825,157125
20220406,14:46,637.00,654.40,633.30,647.80,1875,157125
20220406,14:47,647.25,647.25,630.00,634.70,1350,157125
20220406,14:48,636.00,640.00,636.00,637.70,175,157525
20220406,14:49,641.60,654.25,641.60,645.70,975,157525
20220406,14:50,647.05,662.05,644.90,662.05,3025,157525
20220406,14:51,660.00,662.50,643.10,645.65,2775,158025
20220406,14:52,645.35,651.25,645.00,650.20,2000,158025
20220406,14:53,647.45,656.50,646.65,649.95,2825,158025
20220406,14:54,649.45,652.40,645.50,646.45,925,158025
20220406,14:55,645.00,646.00,636.40,636.85,2250,159550
20220406,14:56,639.90,641.40,629.25,629.25,2775,159550
20220406,14:57,624.50,626.95,613.20,626.95,4150,159750
20220406,14:58,624.35,624.35,606.90,607.80,7300,159750
20220406,14:59,607.75,612.40,598.85,610.20,4475,159750
20220406,15:00,612.45,652.25,611.15,652.25,3025,161575
20220406,15:01,657.75,681.65,654.65,654.65,15150,161575
20220406,15:02,655.10,658.75,634.80,636.05,3550,161575
20220406,15:03,638.35,638.35,621.30,630.00,4300,162475
20220406,15:04,631.80,640.00,625.15,640.00,1950,162475
20220406,15:05,638.60,639.95,626.30,633.80,1275,162475
20220406,15:06,633.55,640.00,632.85,639.60,975,162525
20220406,15:07,641.00,642.00,633.90,633.90,550,162525
20220406,15:08,634.65,637.70,625.35,629.85,925,162525
20220406,15:09,628.20,628.30,619.15,619.15,1600,161600
20220406,15:10,619.25,625.60,619.25,622.00,1275,161600
20220406,15:11,633.00,633.00,618.40,619.35,975,161600
20220406,15:12,624.45,626.15,619.70,623.30,500,161425
20220406,15:13,623.55,626.30,618.30,622.80,1525,161425
20220406,15:14,622.70,628.00,616.35,625.80,1725,161425
20220406,15:15,619.85,619.85,595.25,595.25,3525,162925
20220406,15:16,594.90,601.15,590.00,601.15,2350,162925
20220406,15:17,602.70,605.50,599.05,602.80,1000,162925
20220406,15:18,602.00,602.00,595.00,600.30,1500,164100
20220406,15:19,601.95,601.95,593.40,595.00,9275,164100
20220406,15:20,597.00,602.00,593.85,593.85,3900,164100
20220406,15:21,594.45,597.00,588.65,592.85,4925,162400
20220406,15:22,590.00,601.25,584.15,601.25,6125,162400
20220406,15:23,602.00,609.60,601.50,601.50,5075,162400
20220406,15:24,603.90,605.60,600.70,605.60,6000,157425
20220406,15:25,601.70,602.85,597.60,600.00,3350,157425
20220406,15:26,599.95,602.10,592.70,592.70,3000,157425
20220406,15:27,595.80,599.65,592.65,596.25,10450,158300
20220406,15:28,598.25,602.00,594.50,601.10,6775,158300
20220406,15:29,602.05,608.00,598.05,608.00,8000,158300
20220406,15:30,600.00,600.00,600.00,600.00,25,158300
20220407,09:15,493.45,511.55,462.15,493.85,67277,160400
20220407,09:16,498.40,498.40,460.05,482.85,41100,160400
20220407,09:17,479.85,497.45,479.85,496.30,30150,197375
20220407,09:18,495.40,523.35,490.00,512.60,28375,197375
20220407,09:19,513.70,529.35,511.40,520.00,34075,197375
20220407,09:20,521.95,525.10,504.55,509.55,25025,234925
20220407,09:21,510.00,512.90,502.40,504.85,11025,234925
20220407,09:22,504.10,510.30,501.25,509.55,12950,234925
20220407,09:23,508.50,519.00,503.70,519.00,12650,247250
20220407,09:24,527.80,548.40,510.65,514.70,47400,247250
20220407,09:25,512.85,512.85,496.25,498.20,21850,247250
20220407,09:26,500.15,500.15,489.10,494.90,19175,258000
20220407,09:27,493.00,500.35,491.05,496.90,20375,258000
20220407,09:28,496.65,496.80,490.00,495.65,12675,258000
20220407,09:29,499.20,500.25,489.70,490.90,17350,280400
20220407,09:30,490.25,500.55,487.85,494.50,17450,280400
20220407,09:31,494.10,507.80,488.10,506.40,24100,280400
20220407,09:32,510.00,519.65,505.05,517.85,56500,306900
20220407,09:33,517.00,524.95,512.65,522.70,30925,306900
20220407,09:34,521.05,521.05,512.15,514.10,20225,306900
20220407,09:35,516.20,534.20,510.80,534.20,34975,307225
20220407,09:36,534.50,534.50,526.00,528.00,28600,307225
20220407,09:37,525.70,527.20,513.90,527.20,22500,307225
20220407,09:38,526.80,544.80,526.80,542.80,42875,308075
20220407,09:39,538.05,550.00,538.05,544.95,33525,308075
20220407,09:40,545.55,559.20,534.95,559.20,37425,308075
20220407,09:41,554.15,562.90,550.60,552.35,39525,305500
20220407,09:42,554.20,556.30,541.55,550.00,23975,305500
20220407,09:43,554.30,557.80,545.60,549.70,19625,305500
20220407,09:44,548.40,552.70,543.00,547.75,19375,301300
20220407,09:45,546.85,546.85,536.20,537.65,13375,301300
20220407,09:46,534.35,538.90,530.45,535.45,12650,301300
20220407,09:47,535.45,535.45,524.85,529.80,19875,303150
20220407,09:48,535.00,537.90,529.25,536.90,9600,303150
20220407,09:49,537.05,551.45,534.35,542.00,19025,303150
20220407,09:50,543.00,543.00,530.85,530.85,10275,303725
20220407,09:51,532.45,536.95,526.55,532.70,8350,303725
20220407,09:52,530.00,535.60,519.25,522.80,11425,303725
20220407,09:53,525.00,535.00,524.80,533.00,8325,307625
20220407,09:54,534.95,536.00,528.60,530.70,9725,307625
20220407,09:55,530.30,539.85,530.30,535.25,6725,307625
20220407,09:56,534.25,537.15,525.05,527.15,7650,311175
20220407,09:57,525.00,527.60,519.00,524.15,8325,311175
20220407,09:58,521.80,529.95,520.05,529.95,5075,311175
20220407,09:59,527.65,534.10,526.00,529.85,4450,313125
20220407,10:00,532.70,534.65,523.35,534.50,9900,313125
20220407,10:01,536.00,536.00,524.85,531.00,8175,313125
20220407,10:02,529.80,529.80,515.00,515.00,14025,320850
20220407,10:03,514.85,517.10,507.85,514.55,12175,320850
20220407,10:04,513.85,518.60,510.55,510.55,5800,320850
20220407,10:05,510.00,512.20,502.70,509.85,11925,324975
20220407,10:06,510.50,510.80,505.65,510.00,6625,324975
20220407,10:07,510.70,517.75,510.70,515.65,16400,324975
20220407,10:08,517.10,523.50,512.60,513.10,13925,327175
20220407,10:09,514.85,514.85,503.10,504.65,7800,327175
20220407,10:10,505.25,508.45,503.00,507.35,5900,327175
20220407,10:11,507.50,534.10,506.85,534.10,12550,330425
20220407,10:12,540.00,541.50,529.95,532.85,26625,330425
20220407,10:13,532.05,535.15,525.30,534.00,8825,330425
20220407,10:14,537.00,538.00,529.15,534.00,10900,333675
20220407,10:15,535.70,544.40,534.40,536.20,19850,333675
20220407,10:16,536.70,545.65,536.70,542.10,16925,333675
20220407,10:17,541.95,541.95,528.05,530.05,11625,335275
20220407,10:18,531.40,532.75,525.00,527.90,8800,335275
20220407,10:19,529.75,545.00,528.65,543.10,8325,335275
20220407,10:20,544.40,550.40,530.00,537.25,23250,336975
20220407,10:21,538.35,538.35,526.00,536.50,8175,336975
20220407,10:22,534.45,535.75,532.15,532.15,3650,336975
20220407,10:23,531.55,532.50,523.05,523.20,8825,339425
20220407,10:24,522.00,526.50,520.95,521.70,12850,339425
20220407,10:25,520.00,527.35,519.20,520.55,20425,339425
20220407,10:26,520.60,523.15,515.55,515.55,7800,342475
20220407,10:27,515.50,518.75,513.00,515.40,9450,342475
20220407,10:28,515.75,517.60,508.20,512.95,8250,342475
20220407,10:29,513.65,517.00,510.00,511.25,7875,345700
20220407,10:30,510.50,521.15,506.85,521.15,8125,345700
20220407,10:31,517.75,522.25,506.00,506.00,16275,345700
20220407,10:32,504.75,509.10,504.70,506.40,12825,350850
20220407,10:33,505.00,506.10,501.75,505.50,11650,350850
20220407,10:34,506.50,512.40,505.00,505.00,9875,350850
20220407,10:35,504.00,515.00,501.00,512.35,9650,355550
20220407,10:36,514.30,515.00,506.05,506.90,6775,355550
20220407,10:37,507.85,513.40,507.85,510.90,4975,355550
20220407,10:38,510.65,511.85,501.80,503.25,9600,360700
20220407,10:39,503.00,511.60,503.00,510.90,9100,360700
20220407,10:40,511.45,516.75,507.60,509.35,9750,360700
20220407,10:41,505.60,513.35,495.85,512.55,15725,367925
20220407,10:42,512.50,514.65,505.65,514.65,13425,367925
20220407,10:43,514.20,524.70,513.90,521.40,11400,367925
20220407,10:44,520.55,523.70,517.35,519.20,13975,376575
20220407,10:45,519.00,528.05,517.55,527.00,10775,376575
20220407,10:46,525.20,529.95,525.20,525.55,11925,376575
20220407,10:47,524.85,528.00,521.15,523.00,9175,376575
20220407,10:48,522.55,526.00,518.05,520.85,7425,379500
20220407,10:49,521.35,525.20,518.00,521.90,7050,379500
20220407,10:50,521.00,527.00,521.00,523.70,5275,381950
20220407,10:51,523.60,524.90,518.05,519.40,5775,381950
20220407,10:52,520.85,520.85,512.65,516.05,10750,381950
20220407,10:53,516.45,520.00,512.40,519.85,5375,381950
20220407,10:54,519.50,520.75,515.90,519.00,3825,387625
20220407,10:55,517.15,518.85,512.65,515.15,5500,387625
20220407,10:56,515.05,517.55,514.00,515.25,4800,387625
20220407,10:57,515.00,515.85,511.45,511.45,4600,390675
20220407,10:58,512.00,513.45,508.25,508.25,6050,390675
20220407,10:59,512.05,514.45,508.85,511.85,3800,390675
20220407,11:00,512.20,515.60,510.20,512.45,4150,392550
20220407,11:01,513.15,518.65,513.00,518.65,3175,392550
20220407,11:02,518.00,527.00,518.00,524.00,12825,392550
20220407,11:03,521.65,530.00,521.65,529.80,9200,390750
20220407,11:04,529.00,529.90,524.05,526.05,4650,390750
20220407,11:05,526.10,529.50,523.30,526.20,6775,390750
20220407,11:06,526.80,527.55,522.10,526.10,7625,392325
20220407,11:07,526.90,550.00,526.90,549.80,35125,392325
20220407,11:08,548.40,573.70,546.15,562.65,51750,392325
20220407,11:09,565.55,594.00,563.00,594.00,42500,390225
20220407,11:10,586.90,590.15,573.45,575.65,32675,390225
20220407,11:11,575.10,575.70,567.60,571.65,19425,390225
20220407,11:12,571.65,573.95,566.85,568.90,14450,381950
20220407,11:13,566.80,573.95,566.80,569.25,16725,381950
20220407,11:14,568.20,568.45,561.15,561.15,14325,381950
20220407,11:15,565.35,565.35,551.60,551.60,49150,388100
20220407,11:16,550.25,563.75,548.65,557.10,77025,388100
20220407,11:17,557.45,558.50,550.00,556.50,28875,388100
20220407,11:18,558.40,560.00,555.00,560.00,6075,464175
20220407,11:19,559.75,567.00,558.80,567.00,9850,464175
20220407,11:20,567.00,567.00,561.30,561.30,12500,464175
20220407,11:21,561.55,578.35,560.60,578.30,38925,467975
20220407,11:22,580.85,582.05,576.95,577.70,22875,467975
20220407,11:23,580.70,585.00,577.00,577.00,14375,467975
20220407,11:24,577.95,582.20,575.00,580.00,11000,478400
20220407,11:25,580.70,595.80,578.00,593.65,30500,478400
20220407,11:26,597.00,614.25,592.00,614.25,39225,478400
20220407,11:27,615.85,635.00,612.85,624.00,56900,482700
20220407,11:28,623.80,625.80,612.20,619.95,31225,482700
20220407,11:29,623.25,629.85,621.70,629.50,23225,482700
20220407,11:30,629.55,641.95,626.00,628.35,27100,466375
20220407,11:31,630.10,633.50,615.00,617.65,19825,466375
20220407,11:32,615.80,620.05,612.00,614.75,10075,466375
20220407,11:33,616.25,630.00,614.40,630.00,13925,464650
20220407,11:34,628.60,639.45,628.35,639.45,10450,464650
20220407,11:35,639.85,640.10,627.40,629.60,15100,464650
20220407,11:36,630.90,632.90,628.25,631.65,4400,460525
20220407,11:37,629.85,631.40,621.50,623.25,11825,460525
20220407,11:38,624.70,673.15,623.80,673.15,32725,460525
20220407,11:39,669.60,687.50,669.60,677.50,31950,453075
20220407,11:40,677.05,699.00,662.45,691.90,27925,453075
20220407,11:41,692.65,698.90,681.35,682.55,19625,453075
20220407,11:42,685.00,685.00,672.90,672.90,9150,446850
20220407,11:43,673.75,676.75,660.25,660.25,14450,446850
20220407,11:44,660.00,676.30,658.30,672.60,12025,446850
20220407,11:45,673.95,706.65,673.95,696.70,21475,443400
20220407,11:46,699.80,711.00,698.90,704.30,18525,443400
20220407,11:47,707.00,711.95,702.50,702.50,11975,443400
20220407,11:48,699.95,723.40,699.95,720.00,14950,440825
20220407,11:49,716.85,717.75,707.55,708.00,10225,440825
20220407,11:50,707.25,713.00,707.25,711.00,5050,440825
20220407,11:51,710.60,727.65,708.05,720.70,12825,438825
20220407,11:52,725.00,729.95,715.00,715.00,10900,438825
20220407,11:53,711.30,715.10,702.25,702.25,13325,438825
20220407,11:54,701.45,701.55,673.35,673.35,25450,440875
20220407,11:55,673.65,723.55,673.10,723.55,37100,440875
20220407,11:56,729.35,742.00,729.35,735.15,20225,440875
20220407,11:57,731.95,737.95,725.05,735.65,13625,456625
20220407,11:58,736.55,749.00,732.00,749.00,8575,456625
20220407,11:59,745.55,778.95,745.25,778.95,21250,456625
20220407,12:00,779.95,799.00,776.45,791.25,22025,449675
20220407,12:01,791.60,814.80,782.20,814.80,13325,449675
20220407,12:02,816.00,820.00,798.00,798.00,16775,449675
20220407,12:03,792.90,807.00,784.95,792.20,11500,441825
20220407,12:04,790.55,799.85,781.20,795.00,7075,441825
20220407,12:05,797.40,803.55,794.40,800.85,5375,441825
20220407,12:06,800.70,803.60,764.35,769.85,11600,440025
20220407,12:07,767.15,768.50,748.35,760.00,12250,440025
20220407,12:08,762.25,786.70,762.25,786.05,8850,440025
20220407,12:09,787.65,810.50,787.65,802.65,8625,436650
20220407,12:10,803.40,810.00,787.20,788.40,6650,436650
20220407,12:11,788.65,796.50,784.60,794.05,3825,436650
20220407,12:12,796.00,801.10,790.35,795.95,12125,431000
20220407,12:13,797.00,800.70,791.00,792.95,6425,431000
20220407,12:14,791.55,799.95,789.45,789.45,5250,431000
20220407,12:15,790.40,794.00,774.15,782.25,10350,424325
20220407,12:16,783.00,783.00,766.95,766.95,7750,424325
20220407,12:17,769.40,779.55,768.35,775.50,3900,424325
20220407,12:18,772.85,783.75,772.85,775.45,8225,423350
20220407,12:19,776.45,776.45,745.05,761.90,10025,423350
20220407,12:20,761.70,774.65,761.70,767.20,5250,423350
20220407,12:21,767.35,777.05,767.35,774.80,4100,418800
20220407,12:22,771.10,771.10,745.65,764.10,4175,418800
20220407,12:23,765.10,783.80,765.10,773.05,6475,418800
20220407,12:24,776.20,778.85,765.65,773.20,3125,418425
20220407,12:25,778.70,784.00,776.85,782.40,5450,418425
20220407,12:26,783.95,804.00,782.75,802.15,6950,418425
20220407,12:27,795.10,795.50,787.85,790.00,3525,415850
20220407,12:28,795.00,795.00,786.40,788.20,2550,415850
20220407,12:29,786.40,804.00,786.40,802.55,2175,415850
20220407,12:30,806.15,821.70,806.15,815.75,11675,414375
20220407,12:31,816.50,817.30,805.00,807.75,4050,414375
20220407,12:32,807.05,807.25,784.85,788.30,3700,414375
20220407,12:33,789.60,793.00,779.20,779.20,2125,412400
20220407,12:34,785.85,797.40,785.85,797.40,3875,412400
20220407,12:35,795.45,812.65,795.45,812.25,4200,412400
20220407,12:36,813.50,830.00,813.50,829.00,11050,409050
20220407,12:37,829.95,834.00,795.00,798.35,5800,409050
20220407,12:38,794.00,806.50,791.00,803.30,4700,409050
20220407,12:39,805.00,815.05,805.00,807.00,5300,407800
20220407,12:40,803.10,829.20,803.10,818.15,4350,407800
20220407,12:41,820.20,820.20,804.15,810.00,1950,407800
20220407,12:42,812.40,825.00,811.75,825.00,3275,405275
20220407,12:43,828.75,832.35,814.05,822.85,4475,405275
20220407,12:44,823.70,829.00,815.10,815.10,6125,405275
20220407,12:45,815.05,818.05,799.45,813.75,5950,402575
20220407,12:46,809.85,811.75,800.35,807.90,3325,402575
20220407,12:47,808.00,811.80,795.00,800.00,13800,402575
20220407,12:48,800.00,809.75,784.10,789.55,4725,395325
20220407,12:49,792.40,797.35,782.05,782.85,3450,395325
20220407,12:50,782.80,787.40,765.60,765.60,4325,395325
20220407,12:51,766.20,771.55,753.10,771.55,15400,393425
20220407,12:52,770.75,801.15,770.75,797.35,8675,393425
20220407,12:53,797.85,798.60,785.65,798.55,7225,393425
20220407,12:54,798.85,799.85,795.25,796.95,3675,390425
20220407,12:55,798.00,801.00,777.10,777.10,1725,390425
20220407,12:56,780.50,781.90,770.35,772.05,3650,390425
20220407,12:57,773.35,783.95,770.00,770.00,3025,388975
20220407,12:58,765.00,787.40,765.00,775.95,2975,388975
20220407,12:59,778.00,784.35,774.65,782.30,2825,388975
20220407,13:00,777.85,777.95,761.25,767.25,4625,387950
20220407,13:01,773.35,779.00,770.25,779.00,2725,387950
20220407,13:02,775.75,778.15,758.75,758.75,4700,387950
20220407,13:03,759.95,760.00,749.40,751.90,7000,386575
20220407,13:04,750.20,761.95,750.00,761.95,4350,386575
20220407,13:05,761.45,768.35,757.20,757.20,3000,386575
20220407,13:06,756.60,765.00,755.15,756.00,3975,386125
20220407,13:07,753.75,758.80,735.00,740.70,7625,386125
20220407,13:08,736.40,761.00,734.45,761.00,4175,386125
20220407,13:09,770.00,805.85,768.95,797.95,18700,385525
20220407,13:10,793.95,798.35,772.40,782.25,3250,385525
20220407,13:11,781.20,784.90,767.35,767.35,3225,385525
20220407,13:12,770.40,788.50,770.40,773.00,5375,385600
20220407,13:13,769.95,785.00,769.95,777.55,3375,385600
20220407,13:14,777.00,782.35,776.90,779.50,2975,385600
20220407,13:15,770.15,775.65,770.15,775.00,2500,387075
20220407,13:16,772.50,790.00,765.30,765.30,7300,387075
20220407,13:17,766.90,782.05,766.90,778.00,2725,387075
20220407,13:18,782.05,782.05,778.65,780.00,2275,387825
20220407,13:19,776.20,781.15,775.05,776.40,1000,387825
20220407,13:20,772.50,785.60,770.00,771.00,3675,387825
20220407,13:21,767.90,775.70,765.00,769.80,2725,386725
20220407,13:22,774.60,775.45,770.00,771.50,1175,386725
20220407,13:23,770.00,771.00,760.00,765.60,3400,386725
20220407,13:24,762.65,775.90,762.65,775.50,2825,387275
20220407,13:25,775.55,784.00,775.00,780.00,1850,387275
20220407,13:26,781.05,781.05,762.85,762.85,5875,387275
20220407,13:27,767.35,768.50,750.80,750.80,5650,388600
20220407,13:28,752.15,758.95,734.75,734.75,6050,388600
20220407,13:29,734.50,741.45,732.40,733.45,5450,388600
20220407,13:30,730.30,735.15,717.95,721.35,8900,388550
20220407,13:31,720.05,720.05,702.10,702.10,8900,388550
20220407,13:32,696.35,704.40,690.00,692.85,7825,388550
20220407,13:33,695.30,711.75,692.25,703.75,12800,395200
20220407,13:34,708.00,717.40,701.65,705.65,4775,395200
20220407,13:35,705.00,706.85,699.80,702.55,5200,395200
20220407,13:36,702.60,715.00,699.50,714.00,2925,400250
20220407,13:37,714.65,724.40,708.00,711.00,4475,400250
20220407,13:38,712.65,713.90,678.25,686.35,9425,400250
20220407,13:39,688.15,709.50,688.15,696.30,14675,400625
20220407,13:40,693.20,694.80,679.60,694.80,38850,400625
20220407,13:41,690.00,692.05,673.85,682.30,11625,400625
20220407,13:42,680.30,680.30,656.25,656.25,31975,444775
20220407,13:43,658.05,667.90,651.20,655.20,45150,444775
20220407,13:44,659.35,659.35,625.00,626.20,30850,444775
20220407,13:45,624.25,624.25,594.00,605.05,20975,487275
20220407,13:46,597.85,599.55,578.65,586.90,17875,487275
20220407,13:47,585.05,598.50,580.00,597.35,13800,487275
20220407,13:48,598.95,601.05,589.40,589.75,23975,500200
20220407,13:49,595.35,595.35,557.40,557.40,36850,500200
20220407,13:50,555.20,572.55,553.30,568.10,31600,500200
20220407,13:51,571.20,582.70,554.70,576.80,39125,535975
20220407,13:52,577.80,580.00,568.70,576.40,21175,535975
20220407,13:53,578.40,582.70,568.35,576.10,19700,535975
20220407,13:54,575.65,605.00,575.65,599.75,31700,557900
20220407,13:55,596.45,596.65,577.25,577.25,23650,557900
20220407,13:56,578.80,578.80,560.70,574.10,11475,557900
20220407,13:57,572.00,593.65,572.00,590.60,10225,563025
20220407,13:58,593.20,599.00,589.55,592.15,15900,563025
20220407,13:59,591.15,592.30,582.05,582.10,10725,563025
20220407,14:00,585.80,590.00,571.25,589.80,12825,569500
20220407,14:01,588.75,596.85,583.25,594.90,9600,569500
20220407,14:02,594.50,612.90,593.65,609.45,14250,569500
20220407,14:03,606.00,606.00,593.45,601.95,13500,572900
20220407,14:04,602.45,616.85,600.00,609.35,13125,572900
20220407,14:05,607.10,611.20,602.30,608.00,5150,572900
20220407,14:06,609.10,614.25,607.75,610.00,9325,574425
20220407,14:07,607.85,610.00,597.50,610.00,9950,574425
20220407,14:08,611.10,611.10,597.00,600.15,4900,574425
20220407,14:09,597.00,597.00,585.55,595.15,4600,574375
20220407,14:10,590.70,594.35,578.25,583.90,26550,574375
20220407,14:11,583.05,588.35,573.50,574.85,15925,574375
20220407,14:12,575.00,585.95,575.00,577.05,20925,606675
20220407,14:13,574.45,574.45,548.95,549.75,47900,606675
20220407,14:14,546.10,553.10,540.25,548.60,35475,606675
20220407,14:15,547.20,547.35,526.20,530.00,23975,648125
20220407,14:16,526.20,531.25,511.90,512.40,27700,648125
20220407,14:17,517.00,535.00,511.50,535.00,33825,648125
20220407,14:18,535.00,552.55,535.00,545.85,23625,653875
20220407,14:19,547.10,550.25,531.95,532.35,12900,653875
20220407,14:20,536.95,542.65,535.20,537.10,10800,653875
20220407,14:21,538.10,552.75,536.60,552.75,20300,658575
20220407,14:22,550.90,562.10,548.00,562.10,19275,658575
20220407,14:23,560.75,568.00,559.00,559.00,26950,658575
20220407,14:24,555.35,567.25,555.35,567.05,14900,664650
20220407,14:25,563.95,570.00,558.35,566.30,41250,664650
20220407,14:26,566.50,587.20,565.00,585.65,23050,664650
20220407,14:27,583.55,591.85,578.00,580.85,13750,662825
20220407,14:28,578.65,588.10,578.65,584.85,10525,662825
20220407,14:29,581.00,592.45,581.00,588.95,7200,662825
20220407,14:30,589.95,591.65,580.00,586.60,11025,662950
20220407,14:31,587.95,592.90,587.95,590.00,9500,662950
20220407,14:32,592.80,592.80,587.45,590.00,19400,662950
20220407,14:33,591.60,591.60,571.70,572.05,16625,666550
20220407,14:34,576.05,583.00,574.00,574.00,16750,666550
20220407,14:35,574.55,586.00,573.25,585.25,7550,666550
20220407,14:36,584.45,598.70,583.80,597.05,12875,670000
20220407,14:37,596.15,596.95,571.15,579.20,20000,670000
20220407,14:38,577.20,581.80,574.75,574.75,8700,670000
20220407,14:39,574.95,583.85,572.00,581.80,10225,673350
20220407,14:40,578.20,581.55,567.80,569.25,11200,673350
20220407,14:41,563.85,563.85,542.85,545.75,47975,673350
20220407,14:42,549.50,562.25,548.45,558.30,18725,699650
20220407,14:43,558.20,563.00,555.90,563.00,18000,699650
20220407,14:44,561.15,561.55,555.80,557.90,7700,699650
20220407,14:45,557.15,562.10,555.20,562.10,7700,703900
20220407,14:46,562.20,566.65,559.00,560.00,10725,703900
20220407,14:47,561.85,574.55,561.25,568.00,14800,703900
20220407,14:48,568.50,574.00,563.85,570.70,13075,707850
20220407,14:49,573.80,574.00,565.70,570.75,10025,707850
20220407,14:50,566.80,573.00,562.35,571.45,5900,707850
20220407,14:51,572.00,578.05,570.45,576.00,12500,709825
20220407,14:52,577.35,599.00,575.00,589.90,31275,709825
20220407,14:53,589.10,595.95,588.00,591.95,30250,709825
20220407,14:54,594.95,594.95,577.75,585.00,15550,715800
20220407,14:55,587.35,587.35,571.70,571.70,14325,715800
20220407,14:56,573.10,576.15,558.00,561.25,14550,715800
20220407,14:57,568.30,572.25,565.55,571.00,11575,716150
20220407,14:58,567.00,569.10,558.90,559.00,9775,716150
20220407,14:59,565.10,575.00,565.00,575.00,11750,716150
20220407,15:00,573.80,577.85,552.35,552.35,35600,734500
20220407,15:01,550.50,552.45,538.70,549.65,40900,734500
20220407,15:02,553.95,570.00,553.10,570.00,33200,734500
20220407,15:03,571.10,582.30,571.00,578.25,58125,734500
20220407,15:04,582.00,582.00,575.50,582.00,36425,788675
20220407,15:05,582.25,583.80,559.20,559.20,29575,788675
20220407,15:06,561.15,568.55,540.00,550.25,35950,829025
20220407,15:07,552.85,559.85,547.45,550.45,24350,829025
20220407,15:08,547.70,570.00,545.90,562.30,30725,829025
20220407,15:09,563.70,569.15,549.60,549.60,26800,841850
20220407,15:10,551.25,563.25,551.20,555.60,21275,841850
20220407,15:11,555.75,559.80,550.00,551.40,20500,841850
20220407,15:12,552.00,555.00,544.65,544.65,32125,841850
20220407,15:13,549.30,553.75,547.60,551.95,26575,863275
20220407,15:14,551.65,554.40,541.90,545.00,33425,863275
20220407,15:15,544.95,547.55,537.50,540.20,49950,896025
20220407,15:16,540.80,541.80,533.00,536.00,32950,896025
20220407,15:17,536.25,546.70,533.85,544.30,37350,896025
20220407,15:18,549.40,554.60,549.40,553.25,30550,896025
20220407,15:19,554.00,556.80,552.00,556.10,23325,893850
20220407,15:20,557.00,564.00,555.30,563.90,31650,893850
20220407,15:21,565.20,582.20,562.00,582.20,52125,893850
20220407,15:22,584.80,585.80,575.65,580.85,51425,905600
20220407,15:23,580.75,589.45,579.05,584.95,39475,905600
20220407,15:24,584.45,590.00,580.65,580.65,31400,905600
20220407,15:25,580.00,580.00,574.00,575.95,33050,906875
20220407,15:26,577.10,591.00,577.10,589.40,39900,906875
20220407,15:27,588.00,588.65,585.05,586.95,42250,906875
20220407,15:28,585.20,587.00,581.40,586.00,57825,927700
20220407,15:29,587.80,598.00,586.55,595.00,46975,927700
20220407,15:30,594.00,594.00,594.00,594.00,1450,927700
20220408,09:15,594.05,638.60,526.50,606.50,240603,946950
20220408,09:16,603.00,603.00,559.10,559.10,201850,946950
20220408,09:17,552.30,566.85,547.90,555.00,144850,1110375
20220408,09:18,555.05,557.85,526.40,551.10,213550,1110375
20220408,09:19,553.50,568.45,547.25,567.90,189075,1110375
20220408,09:20,565.65,567.75,546.00,566.00,112925,1289900
20220408,09:21,563.80,565.45,539.15,543.00,106300,1289900
20220408,09:22,542.15,556.30,538.35,550.45,135100,1289900
20220408,09:23,550.20,559.30,543.30,551.70,133025,1324325
20220408,09:24,551.00,563.55,545.00,545.65,121300,1324325
20220408,09:25,546.20,546.20,529.95,536.60,154650,1324325
20220408,09:26,538.85,542.65,523.55,538.30,117875,1309000
20220408,09:27,534.55,548.90,515.00,543.90,145000,1309000
20220408,09:28,543.35,543.35,526.35,530.30,79625,1309000
20220408,09:29,530.85,536.85,522.80,522.80,87800,1343650
20220408,09:30,521.60,521.60,494.60,513.60,233000,1343650
20220408,09:31,515.95,542.05,513.65,535.40,285875,1343650
20220408,09:32,536.10,537.00,524.40,525.40,123500,1373900
20220408,09:33,525.00,527.90,508.35,516.80,73200,1373900
20220408,09:34,513.95,521.40,496.00,518.95,146175,1373900
20220408,09:35,516.75,527.05,513.70,522.75,109225,1402550
20220408,09:36,522.70,536.15,520.80,533.15,91650,1402550
20220408,09:37,532.75,533.75,508.45,509.70,77375,1402550
20220408,09:38,508.90,521.60,506.40,518.80,52125,1415825
20220408,09:39,515.25,526.50,509.55,522.70,64100,1415825
20220408,09:40,520.40,548.00,517.55,542.20,172500,1415825
20220408,09:41,539.85,548.85,535.30,540.00,90725,1424775
20220408,09:42,541.80,545.00,532.15,536.00,55875,1424775
20220408,09:43,535.40,540.40,512.25,512.25,92550,1424775
20220408,09:44,511.45,525.00,509.05,514.05,71050,1443050
20220408,09:45,513.35,520.00,504.95,514.40,90400,1443050
20220408,09:46,518.85,518.85,505.00,515.40,62125,1443050
20220408,09:47,515.35,516.00,500.45,502.00,93025,1499525
20220408,09:48,501.20,512.25,500.05,512.25,53700,1499525
20220408,09:49,511.10,511.30,501.10,503.60,49250,1499525
20220408,09:50,505.70,510.00,500.00,500.55,62000,1542075
20220408,09:51,500.70,500.70,485.40,493.05,147150,1542075
20220408,09:52,491.80,492.95,470.25,480.90,143100,1542075
20220408,09:53,482.10,487.75,478.50,482.95,80900,1556275
20220408,09:54,481.60,481.65,464.05,467.60,130450,1556275
20220408,09:55,466.45,477.15,462.65,473.25,115125,1556275
20220408,09:56,476.00,479.70,465.00,469.60,77800,1579975
20220408,09:57,470.30,473.00,465.85,471.10,50825,1579975
20220408,09:58,472.70,474.10,465.40,471.75,49975,1579975
20220408,09:59,471.00,622.00,471.00,553.20,783375,1566375
20220408,10:00,559.95,608.20,559.95,579.60,374700,1566375
20220408,10:01,583.65,588.85,540.80,566.95,208750,1566375
20220408,10:02,562.75,585.30,557.25,562.10,126750,1461525
20220408,10:03,560.70,566.00,543.50,553.80,122975,1461525
20220408,10:04,555.25,565.60,526.00,530.70,144700,1461525
20220408,10:05,530.80,530.80,474.55,509.50,245050,1534400
20220408,10:06,508.60,585.00,497.20,585.00,332000,1534400
20220408,10:07,581.45,608.60,569.85,608.60,358650,1534400
20220408,10:08,605.95,605.95,579.85,581.85,197375,1545800
20220408,10:09,580.40,584.15,563.30,573.75,153575,1545800
20220408,10:10,579.00,596.55,573.55,595.85,136600,1545800
20220408,10:11,597.00,649.20,588.55,637.75,334350,1521425
20220408,10:12,633.05,666.00,626.80,657.95,316600,1521425
20220408,10:13,655.75,661.30,637.60,637.60,182525,1521425
20220408,10:14,634.20,653.00,630.50,632.40,99075,1381675
20220408,10:15,638.65,651.45,594.75,609.10,200950,1381675
20220408,10:16,612.05,625.00,586.00,588.45,100975,1381675
20220408,10:17,586.85,586.85,519.00,519.00,245425,1381675
20220408,10:18,520.00,520.00,442.15,488.95,391975,1381675
20220408,10:19,489.15,497.90,480.00,481.95,210100,1381675
20220408,10:20,480.45,494.15,465.00,493.90,240575,1508675
20220408,10:21,492.00,520.95,486.55,511.45,227450,1508675
20220408,10:22,503.60,505.00,484.25,499.00,123550,1508675
20220408,10:23,498.55,498.55,483.00,488.85,142900,1628525
20220408,10:24,486.35,499.75,483.15,491.95,78125,1628525
20220408,10:25,491.60,506.60,485.45,500.10,95900,1628525
20220408,10:26,495.85,506.00,495.85,504.35,57400,1670200
20220408,10:27,511.30,524.55,503.95,514.05,127025,1670200
20220408,10:28,520.05,525.75,508.50,508.95,118375,1670200
20220408,10:29,508.40,538.05,501.10,534.60,149950,1703300
20220408,10:30,530.85,561.35,512.00,540.10,269175,1703300
20220408,10:31,540.90,549.10,530.10,541.00,120100,1703300
20220408,10:32,540.00,542.95,513.35,516.95,96575,1721275
20220408,10:33,517.30,530.35,507.20,507.20,66275,1721275
20220408,10:34,508.65,526.40,502.90,516.00,70675,1721275
20220408,10:35,515.90,515.90,483.25,502.90,159150,1776750
20220408,10:36,506.30,506.30,484.80,491.70,79775,1776750
20220408,10:37,495.00,497.65,474.35,480.40,102600,1776750
20220408,10:38,484.35,504.10,479.60,504.10,84525,1807150
20220408,10:39,504.90,533.90,497.45,522.35,206850,1807150
20220408,10:40,528.55,530.75,495.00,507.65,100200,1807150
20220408,10:41,510.30,518.15,500.00,502.50,53200,1803925
20220408,10:42,503.35,519.90,503.00,514.10,59050,1803925
20220408,10:43,514.70,515.65,505.00,506.35,53675,1803925
20220408,10:44,507.15,512.00,492.95,506.15,81750,1829050
20220408,10:45,505.75,515.95,494.25,508.65,69925,1829050
20220408,10:46,509.25,514.15,501.60,502.25,46850,1829050
20220408,10:47,503.70,513.00,503.00,509.00,44000,1841875
20220408,10:48,506.75,528.30,505.70,516.00,90275,1841875
20220408,10:49,514.45,532.50,514.45,528.95,112375,1841875
20220408,10:50,529.00,540.35,520.90,521.90,121700,1860200
20220408,10:51,520.10,531.05,516.90,521.95,56800,1860200
20220408,10:52,520.00,520.00,507.35,510.15,76200,1860200
20220408,10:53,511.50,514.90,503.60,513.70,47075,1846500
20220408,10:54,515.60,526.00,515.60,522.05,66225,1846500
20220408,10:55,523.55,524.75,515.00,520.00,34275,1846500
20220408,10:56,521.00,529.00,521.00,523.45,50850,1853625
20220408,10:57,522.00,525.00,511.50,520.35,54800,1853625
20220408,10:58,520.80,542.30,519.25,524.10,123600,1853625
20220408,10:59,522.00,536.75,522.00,530.75,55725,1849175
20220408,11:00,530.50,535.00,519.10,525.35,49000,1849175
20220408,11:01,528.55,528.55,513.75,515.55,60250,1849175
20220408,11:02,516.35,516.65,496.80,499.20,85125,1863025
20220408,11:03,499.85,511.40,499.85,509.35,70875,1863025
20220408,11:04,505.45,516.75,505.45,510.95,45775,1863025
20220408,11:05,511.05,513.60,504.00,509.00,25850,1881800
20220408,11:06,509.05,509.05,501.75,501.75,22175,1881800
20220408,11:07,502.30,502.50,493.30,494.90,57175,1881800
20220408,11:08,494.90,506.00,488.15,505.00,64975,1892400
20220408,11:09,505.60,511.50,500.65,502.35,51850,1892400
20220408,11:10,501.00,502.20,493.20,496.15,41275,1892400
20220408,11:11,495.00,500.00,487.40,487.50,48300,1910350
20220408,11:12,483.20,485.85,472.55,485.00,127675,1910350
20220408,11:13,484.40,485.80,472.20,472.20,61000,1910350
20220408,11:14,472.00,476.85,465.65,476.85,107850,1947200
20220408,11:15,474.25,474.25,451.80,453.75,173600,1947200
20220408,11:16,454.20,468.60,452.10,460.45,98375,1947200
20220408,11:17,463.15,483.45,461.05,481.90,135325,2020075
20220408,11:18,482.60,500.40,478.75,494.25,180450,2020075
20220408,11:19,493.65,495.05,475.80,480.85,106775,2020075
20220408,11:20,477.95,481.00,460.65,461.90,67250,2050725
20220408,11:21,464.10,484.80,462.50,484.80,58325,2050725
20220408,11:22,484.00,484.00,473.10,483.55,57325,2050725
20220408,11:23,487.75,493.20,483.85,488.15,83450,2062950
20220408,11:24,490.50,490.70,480.00,480.00,46250,2062950
20220408,11:25,479.90,479.90,469.10,469.10,65225,2062950
20220408,11:26,472.25,495.35,470.85,495.35,65450,2073050
20220408,11:27,494.40,494.40,475.30,475.85,67375,2073050
20220408,11:28,477.50,482.70,471.60,478.75,37225,2073050
20220408,11:29,478.45,478.45,473.00,476.00,23175,2078475
20220408,11:30,475.00,484.15,475.00,476.40,62000,2078475
20220408,11:31,476.80,484.15,470.85,473.20,44175,2078475
20220408,11:32,472.75,477.70,465.00,477.70,52575,2089275
20220408,11:33,481.75,487.50,480.30,481.00,54425,2089275
20220408,11:34,481.85,482.00,470.20,473.90,43550,2089275
20220408,11:35,473.45,485.00,472.00,478.00,48200,2101975
20220408,11:36,479.30,480.00,471.00,474.40,36825,2101975
20220408,11:37,472.70,480.65,472.50,475.00,25425,2101975
20220408,11:38,474.35,477.20,471.15,473.10,24900,2124200
20220408,11:39,473.25,510.00,473.25,502.25,175825,2124200
20220408,11:40,508.00,517.60,488.60,494.00,187925,2124200
20220408,11:41,493.95,494.75,485.15,492.00,52250,2116300
20220408,11:42,493.15,494.75,482.65,491.80,65750,2116300
20220408,11:43,493.40,507.60,490.35,496.00,112000,2116300
20220408,11:44,498.00,502.95,495.70,502.65,49325,2140650
20220408,11:45,502.15,502.15,489.65,491.90,54000,2140650
20220408,11:46,491.55,501.00,490.00,500.00,51100,2140650
20220408,11:47,500.00,500.00,489.90,490.20,35775,2152425
20220408,11:48,492.85,504.00,492.05,500.85,72325,2152425
20220408,11:49,501.90,516.05,499.00,513.15,117900,2152425
20220408,11:50,515.60,523.40,509.95,515.25,129375,2169850
20220408,11:51,514.65,524.90,510.45,517.05,116025,2169850
20220408,11:52,517.30,519.35,503.20,507.90,82175,2169850
20220408,11:53,507.85,511.20,498.85,508.45,73650,2178975
20220408,11:54,507.85,514.25,506.00,511.00,41700,2178975
20220408,11:55,511.10,523.55,511.10,522.25,96150,2178975
20220408,11:56,523.20,535.00,521.40,533.40,145400,2172375
20220408,11:57,533.20,543.45,531.55,538.00,166650,2172375
20220408,11:58,537.25,539.85,522.55,529.00,112625,2172375
20220408,11:59,529.00,530.95,524.05,529.30,56375,2151100
20220408,12:00,530.25,548.85,530.25,540.85,179550,2151100
20220408,12:01,540.75,544.50,527.20,529.85,89675,2151100
20220408,12:02,529.90,533.15,515.00,516.75,76750,2139125
20220408,12:03,517.65,527.20,516.40,523.65,54925,2139125
20220408,12:04,523.95,532.40,523.55,530.85,52500,2139125
20220408,12:05,530.05,544.15,530.05,539.00,106425,2121350
20220408,12:06,540.00,549.05,539.10,546.95,95275,2121350
20220408,12:07,547.90,556.65,540.05,543.75,165550,2121350
20220408,12:08,545.60,545.60,526.40,527.45,81275,2121350
20220408,12:09,535.45,535.45,517.00,518.20,65275,2109100
20220408,12:10,519.00,532.00,518.30,522.85,45225,2109100
20220408,12:11,516.75,518.65,504.85,508.55,130900,2109100
20220408,12:12,509.60,527.95,509.60,526.75,72950,2108300
20220408,12:13,525.25,538.50,524.85,533.45,74800,2108300
20220408,12:14,532.90,536.05,528.85,534.95,45375,2108300
20220408,12:15,533.85,555.00,533.85,548.75,128600,2098975
20220408,12:16,548.75,549.25,531.00,539.25,68025,2098975
20220408,12:17,538.60,551.00,535.90,551.00,39950,2098975
20220408,12:18,553.00,579.80,553.00,573.85,248425,2077800
20220408,12:19,575.10,585.30,566.30,583.70,104100,2077800
20220408,12:20,586.20,587.20,570.35,573.05,113075,2077800
20220408,12:21,572.80,580.80,569.70,574.35,69025,2038775
20220408,12:22,574.95,578.00,571.70,574.85,51525,2038775
20220408,12:23,575.55,605.00,575.55,592.30,202750,2038775
20220408,12:24,592.45,602.15,575.70,575.70,101975,2000325
20220408,12:25,575.50,582.95,554.45,566.55,133150,2000325
20220408,12:26,566.95,572.30,557.60,563.90,47225,2000325
20220408,12:27,564.70,569.35,549.80,553.35,69500,1989300
20220408,12:28,553.95,566.00,553.95,559.80,43425,1989300
20220408,12:29,560.00,567.30,552.70,566.90,66550,1989300
20220408,12:30,571.75,571.75,558.60,559.15,65250,1984950
20220408,12:31,560.00,565.50,555.45,559.55,31200,1984950
20220408,12:32,560.70,562.50,549.30,549.30,39125,1984950
20220408,12:33,548.65,552.15,538.10,540.40,75000,1991225
20220408,12:34,541.55,551.25,527.50,550.60,86775,1991225
20220408,12:35,552.85,569.75,550.20,568.35,92750,1991225
20220408,12:36,571.00,571.10,553.45,559.65,67350,1983200
20220408,12:37,559.95,572.45,558.40,571.95,50900,1983200
20220408,12:38,570.65,594.90,566.25,593.75,100400,1983200
20220408,12:39,597.25,616.50,593.40,612.30,193425,1977675
20220408,12:40,611.65,611.65,593.40,602.00,116775,1977675
20220408,12:41,604.25,604.50,586.25,586.25,77475,1977675
20220408,12:42,591.10,595.00,585.00,588.55,45600,1940675
20220408,12:43,588.50,590.00,578.25,581.70,50800,1940675
20220408,12:44,581.05,589.00,576.25,584.85,54900,1940675
20220408,12:45,587.00,590.90,564.65,578.00,80200,1933800
20220408,12:46,581.00,582.00,569.45,578.45,35125,1933800
20220408,12:47,579.55,591.70,575.65,589.60,53000,1933800
20220408,12:48,589.55,594.90,570.65,581.10,55125,1928750
20220408,12:49,582.35,591.60,578.10,579.10,28850,1928750
20220408,12:50,581.00,583.80,573.80,575.20,21800,1928750
20220408,12:51,573.00,601.50,573.00,601.50,63550,1931500
20220408,12:52,603.00,603.00,587.80,590.25,51600,1931500
20220408,12:53,590.00,591.55,570.00,573.50,62175,1931500
20220408,12:54,575.40,579.75,550.40,571.60,96200,1934100
20220408,12:55,570.85,570.85,551.50,556.05,61600,1934100
20220408,12:56,559.80,563.10,540.00,548.60,88300,1934100
20220408,12:57,551.95,558.45,535.65,540.75,56000,1926500
20220408,12:58,541.35,552.00,540.00,552.00,39950,1926500
20220408,12:59,551.15,559.55,550.50,552.95,31875,1926500
20220408,13:00,552.10,557.45,521.05,531.50,88025,1925800
20220408,13:01,531.50,545.25,531.50,535.40,55350,1925800
20220408,13:02,536.50,547.25,534.15,536.00,51525,1925800
20220408,13:03,532.00,538.95,515.80,515.80,56650,1895450
20220408,13:04,516.55,536.00,516.55,533.55,58000,1895450
20220408,13:05,532.40,547.40,527.70,547.40,61925,1895450
20220408,13:06,547.40,547.40,536.80,542.85,25650,1897075
20220408,13:07,539.85,559.75,538.90,558.00,70225,1897075
20220408,13:08,558.40,578.60,556.65,563.90,89625,1897075
20220408,13:09,566.20,577.30,565.00,565.95,46475,1887150
20220408,13:10,564.95,577.55,564.10,573.05,57275,1887150
20220408,13:11,573.30,577.40,566.70,571.90,36350,1887150
20220408,13:12,572.00,573.00,556.10,556.10,35575,1890625
20220408,13:13,558.05,561.50,552.75,560.10,29125,1890625
20220408,13:14,560.00,569.35,554.90,565.35,19275,1890625
20220408,13:15,566.50,570.95,561.55,562.20,27250,1879925
20220408,13:16,560.30,560.90,548.60,550.00,28400,1879925
20220408,13:17,549.45,555.70,549.10,552.65,13550,1879925
20220408,13:18,549.55,550.00,540.15,545.00,58675,1874550
20220408,13:19,545.90,557.65,542.75,557.00,27075,1874550
20220408,13:20,558.00,570.70,558.00,561.00,50675,1874550
20220408,13:21,562.30,576.45,557.00,573.75,56150,1883000
20220408,13:22,573.75,577.00,556.55,557.80,30675,1883000
20220408,13:23,560.00,561.15,547.05,551.00,36525,1883000
20220408,13:24,551.40,563.00,548.95,552.75,20625,1887800
20220408,13:25,551.25,554.25,546.70,552.35,19325,1887800
20220408,13:26,551.35,572.00,549.80,560.10,41400,1887800
20220408,13:27,560.00,568.10,557.05,566.65,19850,1881525
20220408,13:28,565.25,567.50,549.90,551.10,29175,1881525
20220408,13:29,550.55,565.00,549.70,561.45,22125,1881525
20220408,13:30,561.20,573.15,557.85,558.00,42950,1879400
20220408,13:31,558.05,558.05,552.00,554.80,23275,1879400
20220408,13:32,553.95,563.45,550.55,563.45,25150,1879400
20220408,13:33,567.85,570.20,560.75,562.40,37625,1881725
20220408,13:34,562.80,592.70,556.85,591.55,95350,1881725
20220408,13:35,592.70,611.35,592.05,610.35,174950,1881725
20220408,13:36,612.00,612.00,595.40,601.80,74025,1863425
20220408,13:37,598.30,601.70,585.50,595.00,66075,1863425
20220408,13:38,595.65,599.75,592.60,593.75,42550,1863425
20220408,13:39,597.15,628.25,597.15,621.30,206675,1813175
20220408,13:40,621.80,627.95,612.00,618.40,93925,1813175
20220408,13:41,618.10,618.10,596.30,599.85,75625,1813175
20220408,13:42,599.20,602.50,590.00,597.30,55175,1768275
20220408,13:43,594.50,603.40,592.60,603.40,35675,1768275
20220408,13:44,602.65,602.95,597.45,600.45,21000,1768275
20220408,13:45,601.80,607.60,598.65,600.75,60525,1752500
20220408,13:46,601.00,614.65,594.65,606.00,59900,1752500
20220408,13:47,606.30,607.90,594.65,596.40,37375,1752500
20220408,13:48,598.80,598.80,562.95,573.45,99925,1766350
20220408,13:49,574.80,584.80,566.40,579.95,52975,1766350
20220408,13:50,581.05,594.25,577.85,587.60,48400,1766350
20220408,13:51,587.30,594.55,579.85,594.55,27625,1752325
20220408,13:52,594.70,594.95,583.15,587.25,31875,1752325
20220408,13:53,593.50,604.20,592.00,598.35,54275,1752325
20220408,13:54,599.80,611.30,598.80,608.30,41725,1738250
20220408,13:55,609.95,614.75,601.45,613.30,55000,1738250
20220408,13:56,613.85,635.20,613.85,627.05,130775,1738250
20220408,13:57,630.15,631.25,616.50,618.80,72450,1714300
20220408,13:58,616.75,619.35,594.35,610.40,78925,1714300
20220408,13:59,610.45,630.50,606.60,630.50,65700,1714300
20220408,14:00,629.35,639.80,626.50,636.90,124275,1703850
20220408,14:01,643.50,648.65,639.40,645.85,143550,1703850
20220408,14:02,645.15,650.00,626.75,626.90,79800,1703850
20220408,14:03,630.00,640.25,630.00,636.65,94725,1680250
20220408,14:04,635.65,658.85,635.65,654.15,119025,1680250
20220408,14:05,653.50,659.80,634.95,642.60,86075,1680250
20220408,14:06,641.35,644.55,618.55,618.55,53400,1602550
20220408,14:07,619.55,655.40,619.55,649.00,88825,1602550
20220408,14:08,649.00,674.00,648.80,661.10,161425,1602550
20220408,14:09,663.55,676.30,660.20,672.10,93525,1531750
20220408,14:10,670.80,680.25,661.40,680.25,74200,1531750
20220408,14:11,675.90,679.95,662.45,670.20,60650,1531750
20220408,14:12,669.90,671.15,664.00,670.00,40050,1489600
20220408,14:13,673.70,692.30,672.75,678.05,103325,1489600
20220408,14:14,678.80,683.75,665.10,670.60,59400,1489600
20220408,14:15,670.10,673.55,644.75,652.30,82900,1462450
20220408,14:16,651.75,654.70,634.10,639.25,67950,1462450
20220408,14:17,639.65,653.80,636.30,643.30,37100,1462450
20220408,14:18,645.05,645.05,631.75,644.10,47975,1437600
20220408,14:19,643.80,656.45,639.25,656.45,40450,1437600
20220408,14:20,655.00,664.90,646.85,646.85,54050,1437600
20220408,14:21,648.75,651.20,642.25,644.00,29375,1416425
20220408,14:22,644.00,644.00,621.00,622.50,42750,1416425
20220408,14:23,623.60,638.70,622.75,622.75,35375,1416425
20220408,14:24,622.20,638.90,619.00,629.40,47350,1401075
20220408,14:25,628.95,632.75,623.00,629.95,32700,1401075
20220408,14:26,629.35,641.75,629.20,629.35,34200,1401075
20220408,14:27,630.75,630.75,606.65,622.50,66300,1399700
20220408,14:28,623.50,626.95,611.30,611.30,37450,1399700
20220408,14:29,612.55,614.70,603.75,613.40,62775,1399700
20220408,14:30,613.45,629.15,601.80,620.00,63475,1402025
20220408,14:31,616.30,617.30,590.00,598.40,88850,1402025
20220408,14:32,600.55,612.65,598.00,609.00,33375,1402025
20220408,14:33,607.00,609.40,590.60,591.25,35375,1395775
20220408,14:34,591.05,612.00,588.90,612.00,50775,1395775
20220408,14:35,615.00,630.55,614.60,629.00,58125,1395775
20220408,14:36,628.00,637.00,624.20,627.40,59400,1383800
20220408,14:37,626.25,627.00,613.00,613.00,43475,1383800
20220408,14:38,615.20,623.80,612.50,614.00,26850,1383800
20220408,14:39,614.00,616.55,595.80,598.40,37050,1391725
20220408,14:40,600.60,612.20,596.95,607.55,34725,1391725
20220408,14:41,605.30,616.25,605.30,607.00,21125,1391725
20220408,14:42,607.30,614.85,597.40,610.00,28125,1391575
20220408,14:43,608.25,610.00,602.00,602.00,19925,1391575
20220408,14:44,603.20,608.85,596.25,605.50,13050,1391575
20220408,14:45,607.35,621.60,602.10,611.00,37050,1387100
20220408,14:46,608.70,612.50,601.25,605.70,42075,1387100
20220408,14:47,606.50,608.00,596.00,606.50,41575,1387100
20220408,14:48,608.00,633.05,608.00,624.35,78950,1390600
20220408,14:49,627.70,646.80,627.70,642.05,99675,1390600
20220408,14:50,642.10,642.55,631.15,639.35,36175,1390600
20220408,14:51,638.80,642.25,631.50,638.90,41675,1380775
20220408,14:52,640.00,648.00,636.80,646.00,74175,1380775
20220408,14:53,648.50,649.35,634.40,634.40,44800,1380775
20220408,14:54,631.60,640.55,626.95,634.50,67350,1326725
20220408,14:55,633.60,640.00,622.50,624.20,37000,1326725
20220408,14:56,623.90,635.60,619.70,631.70,34150,1326725
20220408,14:57,631.25,643.00,629.25,640.40,31725,1289725
20220408,14:58,638.00,639.40,631.30,632.60,13625,1289725
20220408,14:59,632.80,638.45,626.60,627.00,26950,1289725
20220408,15:00,627.10,635.45,600.35,621.75,92675,1280225
20220408,15:01,622.80,632.00,613.50,632.00,43900,1280225
20220408,15:02,629.85,630.35,605.30,622.00,33375,1280225
20220408,15:03,621.60,621.60,603.80,606.15,32550,1253450
20220408,15:04,605.00,613.40,597.80,607.00,41925,1253450
20220408,15:05,605.55,607.95,594.10,597.95,39650,1253450
20220408,15:06,597.00,600.80,579.35,591.20,58350,1236975
20220408,15:07,591.40,614.45,591.10,611.85,52150,1236975
20220408,15:08,612.90,612.90,590.00,600.10,33600,1236975
20220408,15:09,601.45,603.05,586.95,592.45,29275,1233975
20220408,15:10,590.25,597.60,586.50,596.40,47100,1233975
20220408,15:11,598.50,598.50,580.50,585.80,27375,1233975
20220408,15:12,582.95,600.75,580.90,593.00,45775,1221625
20220408,15:13,591.55,604.90,586.50,603.05,38900,1221625
20220408,15:14,601.70,601.70,589.10,594.55,42850,1221625
20220408,15:15,595.30,623.20,595.30,623.20,100550,1201425
20220408,15:16,621.25,649.90,620.45,636.30,115200,1201425
20220408,15:17,633.95,638.75,624.90,630.20,46650,1201425
20220408,15:18,629.85,629.85,614.80,620.85,85675,1204700
20220408,15:19,618.60,626.90,617.80,622.90,31375,1204700
20220408,15:20,622.05,629.80,615.90,624.70,46775,1204700
20220408,15:21,626.45,634.95,625.55,632.65,56550,1216750
20220408,15:22,634.00,639.20,628.80,631.90,69725,1216750
20220408,15:23,632.15,637.95,628.85,637.00,51675,1216750
20220408,15:24,638.00,650.00,635.45,650.00,60175,1222875
20220408,15:25,651.10,654.00,639.45,643.50,111125,1222875
20220408,15:26,644.95,650.00,644.95,648.35,31225,1222875
20220408,15:27,648.65,651.70,643.75,644.15,43725,1267775
20220408,15:28,644.20,647.05,640.40,642.60,47425,1267775
20220408,15:29,644.55,658.80,643.05,658.80,63550,1267775
20220408,15:30,653.25,653.25,653.25,653.25,275,1267775
20220411,09:15,510.90,510.90,409.90,440.70,296702,1252000
20220411,09:16,440.00,448.15,435.00,436.75,210075,1252000
20220411,09:17,435.20,435.20,396.85,404.30,215750,1282775
20220411,09:18,401.25,416.55,395.10,414.85,188100,1282775
20220411,09:19,413.00,419.60,398.00,419.60,165250,1282775
20220411,09:20,419.90,419.90,405.00,417.35,166050,1376075
20220411,09:21,419.20,450.30,416.15,427.50,381900,1376075
20220411,09:22,424.85,429.55,415.65,418.60,211475,1376075
20220411,09:23,415.85,426.55,412.65,412.95,124400,1349325
20220411,09:24,415.85,415.85,393.50,402.20,200475,1349325
20220411,09:25,401.30,403.50,391.00,401.00,177650,1349325
20220411,09:26,402.60,413.00,393.90,410.80,146450,1409300
20220411,09:27,411.55,420.70,405.50,419.00,112300,1409300
20220411,09:28,419.00,434.50,413.75,430.05,186125,1409300
20220411,09:29,428.20,430.10,420.50,425.80,117650,1425550
20220411,09:30,420.70,429.20,411.55,416.25,126325,1425550
20220411,09:31,416.55,429.75,411.80,429.75,119825,1425550
20220411,09:32,430.20,446.30,428.00,437.85,275525,1456450
20220411,09:33,441.85,449.70,438.35,447.95,183075,1456450
20220411,09:34,449.00,467.15,449.00,458.95,294375,1456450
20220411,09:35,460.70,484.60,455.35,466.75,308150,1412950
20220411,09:36,460.60,484.90,460.05,484.90,187375,1412950
20220411,09:37,484.80,508.50,482.00,501.20,356175,1412950
20220411,09:38,504.55,536.00,497.80,533.25,310300,1298075
20220411,09:39,534.90,551.60,517.10,520.00,231075,1298075
20220411,09:40,525.90,527.20,496.00,499.45,132750,1298075
20220411,09:41,497.95,497.95,438.65,444.20,235650,1240200
20220411,09:42,444.70,468.30,432.30,467.55,204450,1240200
20220411,09:43,468.00,468.45,457.45,461.45,69900,1240200
20220411,09:44,462.10,473.95,460.10,463.95,53825,1230500
20220411,09:45,462.00,477.00,456.20,477.00,83875,1230500
20220411,09:46,477.85,483.75,468.85,482.40,77575,1230500
20220411,09:47,484.15,492.75,481.90,488.25,85800,1238475
20220411,09:48,489.35,492.95,482.00,492.95,66575,1238475
20220411,09:49,490.90,490.90,481.10,488.35,38525,1238475
20220411,09:50,489.15,504.95,488.20,498.15,106825,1238975
20220411,09:51,499.10,510.00,497.10,500.30,84800,1238975
20220411,09:52,501.95,519.95,497.80,514.75,76800,1238975
20220411,09:53,514.75,535.60,512.80,532.80,85775,1256325
20220411,09:54,529.60,529.60,476.80,479.00,106975,1256325
20220411,09:55,479.55,500.10,462.00,497.05,128100,1256325
20220411,09:56,500.50,513.40,498.00,498.45,89400,1240125
20220411,09:57,496.45,501.85,488.00,495.35,38675,1240125
20220411,09:58,494.65,497.75,487.00,496.00,30450,1240125
20220411,09:59,495.75,509.55,493.85,505.50,51950,1243425
20220411,10:00,510.30,510.85,488.40,488.40,51475,1243425
20220411,10:01,488.70,493.60,480.05,490.00,47575,1243425
20220411,10:02,489.75,497.80,477.00,477.00,62300,1254150
20220411,10:03,476.00,476.00,456.35,469.70,88875,1254150
20220411,10:04,469.85,476.55,460.10,462.35,61450,1254150
20220411,10:05,461.60,471.00,458.90,471.00,67600,1273025
20220411,10:06,470.15,496.95,466.15,496.95,67375,1273025
20220411,10:07,497.30,520.00,495.45,505.00,180775,1273025
20220411,10:08,502.60,516.25,502.60,512.75,69525,1267450
20220411,10:09,510.50,525.55,507.85,525.55,74300,1267450
20220411,10:10,526.85,537.45,504.25,512.60,142700,1267450
20220411,10:11,514.45,541.90,504.30,541.90,105225,1250425
20220411,10:12,542.55,560.00,536.85,543.85,186800,1250425
20220411,10:13,543.85,545.70,532.05,540.95,77075,1250425
20220411,10:14,542.50,549.10,536.00,547.00,52050,1212650
20220411,10:15,548.15,550.00,530.40,530.65,91225,1212650
20220411,10:16,530.05,534.10,517.55,522.20,80550,1212650
20220411,10:17,522.95,529.90,511.15,529.90,57625,1175200
20220411,10:18,529.90,580.00,521.40,570.50,177350,1175200
20220411,10:19,573.80,581.85,562.15,577.80,118700,1175200
20220411,10:20,573.75,584.90,562.20,568.90,103575,1157375
20220411,10:21,563.90,566.15,551.00,558.00,66600,1157375
20220411,10:22,556.45,571.50,551.25,571.50,39000,1157375
20220411,10:23,571.25,575.40,565.35,575.40,63700,1147300
20220411,10:24,575.55,600.00,569.20,592.95,117850,1147300
20220411,10:25,591.25,597.60,584.00,592.95,90550,1147300
20220411,10:26,593.80,596.95,576.85,591.30,61300,1112975
20220411,10:27,593.70,618.85,590.05,593.65,128225,1112975
20220411,10:28,592.20,597.25,580.00,581.80,70850,1112975
20220411,10:29,581.00,581.40,565.75,566.35,40025,1107250
20220411,10:30,565.00,574.80,554.90,574.80,48225,1107250
20220411,10:31,575.85,586.10,563.80,583.55,30750,1107250
20220411,10:32,583.90,588.00,577.20,579.90,35225,1106325
20220411,10:33,580.60,588.90,578.55,586.90,19350,1106325
20220411,10:34,585.05,585.05,550.55,553.00,54875,1106325
20220411,10:35,550.15,563.00,546.05,559.55,47675,1099875
20220411,10:36,557.60,567.50,556.40,566.75,28400,1099875
20220411,10:37,567.50,569.00,549.35,550.00,29125,1099875
20220411,10:38,551.40,557.35,540.95,544.90,32225,1097225
20220411,10:39,543.15,557.30,536.35,554.70,68250,1097225
20220411,10:40,553.75,562.15,551.00,552.90,37175,1097225
20220411,10:41,551.35,551.35,530.95,536.55,42925,1092025
20220411,10:42,536.15,544.40,532.25,543.40,26725,1092025
20220411,10:43,543.20,545.70,539.50,545.10,32200,1092025
20220411,10:44,544.95,549.00,542.65,543.30,31875,1095600
20220411,10:45,539.00,539.00,519.40,528.00,57175,1095600
20220411,10:46,527.50,532.60,521.50,527.00,44325,1095600
20220411,10:47,525.30,527.45,521.00,524.80,23100,1104025
20220411,10:48,523.95,540.70,522.80,539.50,41750,1104025
20220411,10:49,537.20,540.90,526.00,531.80,35650,1104025
20220411,10:50,532.45,550.00,532.45,550.00,86875,1128275
20220411,10:51,550.50,555.45,541.60,545.00,64600,1128275
20220411,10:52,544.30,544.30,535.10,537.85,31800,1128275
20220411,10:53,537.55,541.00,520.50,525.05,59225,1119075
20220411,10:54,523.00,523.00,511.95,516.00,67300,1119075
20220411,10:55,513.60,519.05,510.90,511.00,53575,1119075
20220411,10:56,509.75,509.75,494.00,502.40,106075,1086900
20220411,10:57,503.20,506.65,499.25,505.00,47025,1086900
20220411,10:58,504.50,519.85,502.20,519.80,43725,1086900
20220411,10:59,519.40,530.75,519.10,522.40,51225,1076150
20220411,11:00,523.15,536.40,521.00,532.90,41950,1076150
20220411,11:01,532.35,536.80,525.95,527.95,30100,1076150
20220411,11:02,529.00,529.00,500.85,504.50,49150,1076650
20220411,11:03,505.60,510.00,497.85,509.85,45600,1076650
20220411,11:04,511.35,514.65,498.45,503.50,29075,1076650
20220411,11:05,503.15,504.40,483.65,491.40,61525,1081175
20220411,11:06,491.75,518.00,491.75,515.10,49075,1081175
20220411,11:07,514.85,526.60,512.80,516.00,49700,1081175
20220411,11:08,516.90,534.00,514.75,529.00,46600,1083825
20220411,11:09,526.80,529.00,519.15,526.30,17950,1083825
20220411,11:10,526.00,537.70,524.00,536.25,38500,1083825
20220411,11:11,534.40,540.00,528.45,532.40,33975,1087025
20220411,11:12,532.15,547.00,522.65,544.50,37825,1087025
20220411,11:13,545.50,547.95,527.75,529.30,40625,1087025
20220411,11:14,528.65,532.00,523.00,530.00,19975,1087425
20220411,11:15,530.00,530.00,509.70,517.80,32625,1087425
20220411,11:16,517.35,538.70,515.70,536.60,26775,1087425
20220411,11:17,537.60,545.00,535.00,541.20,37575,1088800
20220411,11:18,542.15,553.10,537.65,551.65,59600,1088800
20220411,11:19,551.95,551.95,542.60,550.00,37450,1088800
20220411,11:20,548.00,557.00,546.05,554.25,51025,1078025
20220411,11:21,552.70,554.35,532.25,532.25,61300,1078025
20220411,11:22,530.50,540.65,530.00,538.25,25150,1078025
20220411,11:23,536.00,543.35,533.00,535.00,11225,1076850
20220411,11:24,538.05,543.50,535.00,541.30,7975,1076850
20220411,11:25,539.95,551.90,538.65,550.90,22300,1076850
20220411,11:26,551.25,554.50,546.15,553.35,18275,1075000
20220411,11:27,553.25,563.45,550.00,556.00,36525,1075000
20220411,11:28,554.25,554.25,546.15,551.45,23625,1075000
20220411,11:29,550.00,550.35,535.05,543.00,37400,1072950
20220411,11:30,545.00,545.60,535.00,537.15,12850,1072950
20220411,11:31,537.90,545.30,536.00,537.65,22625,1072950
20220411,11:32,537.50,554.00,537.50,545.40,24625,1064075
20220411,11:33,545.80,552.00,542.05,542.25,17950,1064075
20220411,11:34,541.95,555.90,541.95,555.90,15100,1064075
20220411,11:35,557.00,559.50,550.00,556.00,46350,1052800
20220411,11:36,555.65,556.15,544.00,544.00,20100,1052800
20220411,11:37,542.00,548.00,538.05,548.00,16650,1052800
20220411,11:38,547.55,548.35,537.50,542.00,16450,1050150
20220411,11:39,541.25,568.00,541.25,560.00,55350,1050150
20220411,11:40,561.85,561.85,542.30,555.95,25375,1050150
20220411,11:41,556.80,561.50,544.00,561.25,26525,1048450
20220411,11:42,565.00,567.75,558.10,561.70,44150,1048450
20220411,11:43,560.85,571.40,558.90,563.70,37900,1048450
20220411,11:44,565.00,566.70,558.00,566.70,22725,1051400
20220411,11:45,567.55,572.25,557.05,561.25,38275,1051400
20220411,11:46,560.75,569.00,557.90,562.95,16100,1051400
20220411,11:47,561.15,574.30,559.00,565.35,30525,1048725
20220411,11:48,565.25,570.45,563.95,567.65,16175,1048725
20220411,11:49,566.65,577.70,565.80,573.70,23100,1048725
20220411,11:50,574.10,574.10,558.15,558.15,34300,1037550
20220411,11:51,559.00,561.15,549.90,555.00,58450,1037550
20220411,11:52,557.60,560.00,550.75,557.35,18650,1037550
20220411,11:53,556.95,572.00,554.30,572.00,21175,1010375
20220411,11:54,570.90,573.70,559.65,563.75,22275,1010375
20220411,11:55,562.95,568.60,556.65,568.30,15375,1010375
20220411,11:56,565.90,567.00,553.15,555.50,20875,1009300
20220411,11:57,556.00,556.00,539.20,541.00,55275,1009300
20220411,11:58,544.30,551.15,540.30,540.30,21700,1009300
20220411,11:59,540.45,555.00,538.10,555.00,24850,1000925
20220411,12:00,555.40,594.45,555.40,583.50,120575,1000925
20220411,12:01,582.30,592.70,575.50,578.05,69775,1000925
20220411,12:02,573.00,575.85,506.30,531.25,238050,968350
20220411,12:03,529.90,557.60,529.90,551.55,73625,968350
20220411,12:04,551.15,552.70,533.80,552.35,34975,968350
20220411,12:05,550.00,558.05,545.20,555.80,38175,959575
20220411,12:06,551.35,555.95,541.10,543.10,25275,959575
20220411,12:07,542.15,554.15,542.15,551.70,15725,959575
20220411,12:08,550.15,551.00,539.50,540.00,26350,959125
20220411,12:09,543.40,544.30,529.15,541.80,42200,959125
20220411,12:10,542.55,542.60,531.00,533.40,11125,959125
20220411,12:11,533.60,539.95,530.00,537.95,17200,962100
20220411,12:12,538.00,543.25,535.55,538.00,15500,962100
20220411,12:13,537.95,542.90,535.00,539.40,13475,962100
20220411,12:14,539.40,547.05,536.25,546.65,30175,959625
20220411,12:15,545.05,552.15,537.65,546.20,36675,959625
20220411,12:16,550.00,551.75,544.90,546.75,16875,959625
20220411,12:17,547.90,557.25,545.00,551.25,26950,955250
20220411,12:18,552.95,561.90,547.50,550.15,41875,955250
20220411,12:19,548.60,550.55,544.90,549.25,16200,955250
20220411,12:20,547.20,549.45,537.75,541.05,15875,963325
20220411,12:21,542.00,543.65,535.10,538.30,15375,963325
20220411,12:22,536.00,542.95,535.25,537.85,7225,963325
20220411,12:23,539.65,548.75,532.50,533.90,14425,963625
20220411,12:24,532.70,534.20,521.10,529.10,39325,963625
20220411,12:25,526.55,526.55,506.55,509.95,52550,963625
20220411,12:26,509.35,521.75,506.10,519.00,40625,968900
20220411,12:27,517.35,520.05,510.65,516.60,19800,968900
20220411,12:28,514.20,522.75,513.65,513.65,17150,968900
20220411,12:29,513.45,513.50,495.45,498.90,47325,972525
20220411,12:30,503.85,507.15,490.90,506.00,76500,972525
20220411,12:31,505.80,508.00,490.10,495.45,54350,972525
20220411,12:32,494.05,498.30,475.95,477.55,66275,972525
20220411,12:33,477.00,479.55,462.90,477.00,125175,977450
20220411,12:34,476.55,487.05,475.30,486.85,58025,977450
20220411,12:35,487.55,509.60,487.55,509.60,69025,977050
20220411,12:36,509.75,515.95,489.80,491.75,74675,977050
20220411,12:37,493.35,502.50,484.50,497.80,42525,977050
20220411,12:38,497.95,503.60,496.75,503.60,15950,979675
20220411,12:39,501.00,503.85,496.40,503.00,15125,979675
20220411,12:40,500.00,505.90,490.40,503.45,17875,979675
20220411,12:41,504.85,510.80,492.15,492.15,37500,981525
20220411,12:42,492.75,500.35,486.05,488.40,51425,981525
20220411,12:43,490.90,497.20,487.25,497.20,22075,981525
20220411,12:44,496.55,500.90,480.00,480.00,37175,985825
20220411,12:45,481.95,504.00,474.50,501.05,56825,985825
20220411,12:46,498.80,507.00,495.00,503.05,30600,985825
20220411,12:47,504.25,512.00,502.70,512.00,25500,985825
20220411,12:48,508.55,510.40,505.00,508.00,14100,975575
20220411,12:49,504.85,511.05,495.85,500.60,21725,975575
20220411,12:50,496.00,509.60,493.40,507.90,22850,975575
20220411,12:51,507.95,515.00,504.00,512.75,29700,977275
20220411,12:52,511.45,515.50,510.00,513.00,21125,977275
20220411,12:53,514.40,533.00,513.95,532.45,74750,977275
20220411,12:54,532.00,532.00,524.25,527.40,32425,969500
20220411,12:55,524.00,531.60,520.05,530.00,35550,969500
20220411,12:56,529.70,549.60,529.25,547.05,87425,969500
20220411,12:57,544.45,546.35,535.05,546.35,51500,974525
20220411,12:58,545.85,555.60,545.85,551.85,72275,974525
20220411,12:59,548.90,606.00,548.90,606.00,166350,974525
20220411,13:00,604.55,631.70,598.50,601.45,203200,982250
20220411,13:01,599.25,606.00,582.30,594.30,70775,982250
20220411,13:02,594.05,594.05,576.15,588.00,62950,982250
20220411,13:03,589.00,597.50,582.20,592.80,99900,980375
20220411,13:04,590.90,593.70,583.70,587.35,43425,980375
20220411,13:05,590.75,599.90,573.10,577.35,70175,980375
20220411,13:06,577.00,578.25,562.95,569.90,68350,1018975
20220411,13:07,572.00,575.50,565.15,565.15,32375,1018975
20220411,13:08,565.45,568.55,553.20,559.50,64825,1018975
20220411,13:09,561.05,584.90,561.00,578.05,56800,1025025
20220411,13:10,577.70,585.00,572.70,576.55,30275,1025025
20220411,13:11,576.30,580.55,567.40,572.45,21450,1025025
20220411,13:12,573.75,574.20,561.00,562.85,32250,1033000
20220411,13:13,564.05,572.70,562.55,563.20,30975,1033000
20220411,13:14,563.55,584.10,562.15,581.05,30325,1033000
20220411,13:15,583.95,593.50,563.55,584.45,60275,1032450
20220411,13:16,586.50,588.55,578.15,580.00,32025,1032450
20220411,13:17,579.30,587.60,579.30,584.35,17125,1032450
20220411,13:18,583.05,606.80,583.05,597.65,74350,1025875
20220411,13:19,596.75,603.90,593.20,593.20,31975,1025875
20220411,13:20,592.05,598.80,588.15,595.40,27350,1025875
20220411,13:21,595.00,608.20,590.60,592.05,54150,1031175
20220411,13:22,590.35,590.95,567.60,574.75,65750,1031175
20220411,13:23,574.05,579.90,560.15,571.25,38575,1031175
20220411,13:24,571.10,574.60,563.30,564.90,19800,1033100
20220411,13:25,564.95,574.20,560.50,574.20,26900,1033100
20220411,13:26,572.05,573.45,566.30,566.30,20675,1033100
20220411,13:27,568.75,569.45,552.30,557.00,40250,1026475
20220411,13:28,556.45,556.45,537.10,544.50,77275,1026475
20220411,13:29,543.05,556.00,543.05,555.00,20850,1026475
20220411,13:30,554.50,587.90,554.50,579.60,69925,1012750
20220411,13:31,582.10,582.25,569.40,571.90,36650,1012750
20220411,13:32,572.60,582.35,572.10,579.60,20800,1012750
20220411,13:33,578.00,581.00,557.00,573.55,42050,998725
20220411,13:34,573.30,575.15,569.00,569.50,17850,998725
20220411,13:35,570.60,579.15,562.00,576.25,20600,998725
20220411,13:36,577.40,580.90,558.30,558.30,25450,992975
20220411,13:37,558.30,568.55,558.15,562.75,16025,992975
20220411,13:38,565.95,567.20,540.75,554.95,51625,992975
20220411,13:39,553.70,557.25,545.80,554.70,26325,1000525
20220411,13:40,556.40,557.00,547.75,549.75,13125,1000525
20220411,13:41,548.00,548.90,540.00,546.65,20250,1000525
20220411,13:42,548.25,548.70,522.50,530.75,69650,998400
20220411,13:43,532.05,533.85,515.65,526.05,60875,998400
20220411,13:44,525.45,534.00,508.35,508.85,46375,998400
20220411,13:45,504.10,523.00,496.35,518.10,99525,983050
20220411,13:46,518.20,529.80,518.20,521.80,41800,983050
20220411,13:47,521.95,523.25,504.65,506.00,49250,983050
20220411,13:48,508.55,515.60,499.40,505.60,40650,977125
20220411,13:49,506.00,513.85,494.20,503.00,41250,977125
20220411,13:50,505.00,513.95,500.00,509.95,48600,977125
20220411,13:51,511.00,525.00,505.75,522.40,45750,979800
20220411,13:52,520.90,522.95,512.65,513.30,25100,979800
20220411,13:53,514.05,529.55,512.05,522.45,28750,979800
20220411,13:54,519.55,521.95,513.95,517.25,17325,966700
20220411,13:55,518.50,518.50,496.70,512.05,40600,966700
20220411,13:56,513.00,517.30,507.00,511.65,25300,966700
20220411,13:57,510.60,516.70,506.00,514.15,17350,976725
20220411,13:58,514.00,514.00,483.05,490.15,48075,976725
20220411,13:59,491.00,500.95,487.30,488.70,33625,976725
20220411,14:00,488.85,496.85,478.15,480.45,65350,983625
20220411,14:01,479.90,484.85,469.20,482.90,72550,983625
20220411,14:02,483.20,504.00,479.30,502.35,53050,983625
20220411,14:03,502.95,509.60,493.65,503.85,43775,987700
20220411,14:04,504.15,512.80,496.50,512.80,31550,987700
20220411,14:05,511.70,519.65,510.85,518.00,48500,987700
20220411,14:06,518.00,528.15,510.00,523.00,40875,979450
20220411,14:07,523.00,526.85,515.85,515.85,30700,979450
20220411,14:08,516.80,520.55,509.60,516.65,19775,979450
20220411,14:09,517.05,518.45,507.00,516.20,15325,976975
20220411,14:10,516.85,524.00,515.40,520.50,22850,976975
20220411,14:11,520.25,520.75,506.90,507.95,14950,976975
20220411,14:12,506.10,512.95,500.45,511.30,29475,978100
20220411,14:13,510.00,517.00,504.00,511.55,30000,978100
20220411,14:14,510.00,519.25,509.80,517.10,30375,978100
20220411,14:15,518.05,522.50,513.95,517.55,22425,970000
20220411,14:16,517.75,517.75,501.05,502.05,26950,970000
20220411,14:17,498.85,500.55,489.00,498.95,46500,970000
20220411,14:18,497.75,517.50,492.45,516.30,32125,963325
20220411,14:19,513.90,541.95,513.90,535.15,107025,963325
20220411,14:20,535.65,536.20,515.00,515.00,38350,963325
20220411,14:21,515.35,521.60,512.00,518.70,27725,976825
20220411,14:22,518.90,519.70,507.95,508.00,18725,976825
20220411,14:23,506.20,520.65,506.20,520.20,15400,976825
20220411,14:24,520.10,524.00,517.05,521.70,13600,970700
20220411,14:25,521.05,525.45,518.65,523.85,28750,970700
20220411,14:26,522.80,522.80,512.45,518.05,19500,970700
20220411,14:27,519.00,522.85,513.20,522.85,12925,974075
20220411,14:28,521.40,521.40,510.30,514.80,14500,974075
20220411,14:29,515.30,520.00,506.05,514.10,13125,974075
20220411,14:30,515.00,518.00,507.75,511.90,13650,977950
20220411,14:31,512.50,512.50,500.60,502.00,16850,977950
20220411,14:32,500.40,516.30,500.40,512.00,21625,977950
20220411,14:33,511.10,511.10,479.45,487.45,71175,978950
20220411,14:34,485.65,501.40,483.20,501.40,38725,978950
20220411,14:35,504.75,515.70,501.10,510.65,46925,978950
20220411,14:36,508.75,508.75,493.65,496.65,21575,970950
20220411,14:37,495.55,509.05,486.75,505.20,33975,970950
20220411,14:38,505.10,508.20,496.60,499.00,14325,970950
20220411,14:39,498.90,500.50,490.55,494.95,18825,972275
20220411,14:40,496.00,506.15,490.05,503.75,35050,972275
20220411,14:41,502.75,502.75,493.90,495.00,9625,972275
20220411,14:42,494.50,499.35,486.00,486.00,19850,979300
20220411,14:43,486.40,489.95,477.30,481.05,36450,979300
20220411,14:44,480.00,485.90,470.40,477.60,65625,979300
20220411,14:45,476.90,476.90,428.10,440.45,163450,992950
20220411,14:46,442.10,450.80,434.80,442.45,76675,992950
20220411,14:47,441.50,452.70,438.75,447.40,53250,992950
20220411,14:48,443.05,457.65,436.10,457.65,49275,1009825
20220411,14:49,452.90,453.45,443.65,453.00,26125,1009825
20220411,14:50,452.00,452.60,434.90,434.90,48200,1009825
20220411,14:51,432.30,444.90,432.30,441.75,40000,1023100
20220411,14:52,440.15,456.00,437.95,454.00,81200,1023100
20220411,14:53,452.35,458.95,442.00,446.00,65925,1023100
20220411,14:54,444.90,445.00,434.00,444.55,54550,1041000
20220411,14:55,444.95,447.00,437.85,445.00,30825,1041000
20220411,14:56,444.80,445.05,433.70,441.65,50175,1041000
20220411,14:57,442.30,442.80,431.80,434.30,52525,1044475
20220411,14:58,433.00,433.00,400.95,412.50,152725,1044475
20220411,14:59,410.55,417.95,406.40,412.85,66150,1044475
20220411,15:00,410.90,410.90,388.00,396.00,137050,1038675
20220411,15:01,396.45,396.45,372.75,376.30,136425,1038675
20220411,15:02,374.20,377.70,349.00,362.65,210900,1038675
20220411,15:03,360.45,374.65,357.70,372.25,209850,1087450
20220411,15:04,373.20,379.90,368.80,379.90,149425,1087450
20220411,15:05,382.70,383.20,370.00,382.20,154225,1087450
20220411,15:06,382.15,384.15,373.35,378.20,79000,1090975
20220411,15:07,379.25,382.40,376.05,378.65,52400,1090975
20220411,15:08,378.55,393.95,378.50,391.40,117425,1090975
20220411,15:09,393.25,396.85,388.00,390.75,81725,1088725
20220411,15:10,390.30,390.30,375.25,379.80,107325,1088725
20220411,15:11,381.65,381.80,368.15,371.90,73125,1088725
20220411,15:12,371.70,374.00,365.55,371.50,76175,1065800
20220411,15:13,371.45,379.25,368.45,378.75,69000,1065800
20220411,15:14,378.85,388.00,375.60,387.00,85025,1065800
20220411,15:15,387.25,387.80,376.45,387.40,180075,1045925
20220411,15:16,387.45,395.25,384.35,392.05,135825,1045925
20220411,15:17,391.95,401.25,391.85,392.60,117475,1045925
20220411,15:18,393.45,393.90,376.40,379.70,69800,1064375
20220411,15:19,377.85,385.65,377.85,383.95,37775,1064375
20220411,15:20,382.65,386.00,376.80,377.25,46650,1064375
20220411,15:21,377.50,386.00,377.50,383.50,34875,1039250
20220411,15:22,383.60,389.80,378.80,384.30,59275,1039250
20220411,15:23,384.80,386.95,378.70,382.00,39675,1039250
20220411,15:24,383.95,387.05,382.90,387.05,82675,1010025
20220411,15:25,386.95,389.60,380.40,383.60,88525,1010025
20220411,15:26,383.95,386.00,383.20,385.35,71200,1010025
20220411,15:27,386.00,387.50,381.40,381.40,58050,902650
20220411,15:28,382.35,386.20,380.90,385.00,82400,902650
20220411,15:29,386.45,389.40,380.10,389.40,123075,902650
20220411,15:30,380.00,380.00,380.00,380.00,425,902650
20220412,09:15,221.15,246.45,202.25,239.15,695328,842475
20220412,09:16,235.90,236.30,198.00,204.90,594575,842475
20220412,09:17,203.70,204.25,192.80,196.70,496875,1164525
20220412,09:18,194.65,206.10,190.95,200.30,416375,1164525
20220412,09:19,197.70,204.30,194.85,199.25,301400,1164525
20220412,09:20,199.05,214.80,191.70,214.60,494675,1468525
20220412,09:21,213.20,214.90,206.30,214.00,308400,1468525
20220412,09:22,217.00,222.45,213.70,222.45,465700,1468525
20220412,09:23,221.00,228.00,215.35,227.20,461250,1667000
20220412,09:24,227.00,227.00,202.90,203.35,522600,1667000
20220412,09:25,200.80,214.95,198.35,210.00,387475,1667000
20220412,09:26,208.70,210.60,202.15,207.00,225050,1885425
20220412,09:27,208.20,210.75,203.65,205.55,211050,1885425
20220412,09:28,207.00,214.75,206.85,211.90,233750,1885425
20220412,09:29,212.70,213.95,205.75,205.85,223075,2002425
20220412,09:30,206.00,206.65,194.50,194.50,408225,2002425
20220412,09:31,195.30,195.30,180.00,180.00,440125,2002425
20220412,09:32,183.00,184.20,173.20,175.05,386475,2199000
20220412,09:33,174.50,178.75,170.35,171.75,360350,2199000
20220412,09:34,172.35,174.50,161.65,161.65,392725,2199000
20220412,09:35,163.80,165.90,158.10,160.00,390250,2326975
20220412,09:36,160.65,169.15,159.55,163.55,276475,2326975
20220412,09:37,164.05,167.15,159.00,159.00,212600,2326975
20220412,09:38,157.25,163.80,155.55,163.35,263200,2458375
20220412,09:39,161.75,180.90,161.75,179.45,427875,2458375
20220412,09:40,180.55,187.95,174.10,175.50,396975,2458375
20220412,09:41,172.90,189.20,170.65,188.65,302225,2424725
20220412,09:42,187.20,212.70,186.25,200.05,788050,2424725
20220412,09:43,202.00,206.65,198.25,201.45,381375,2424725
20220412,09:44,203.10,233.60,202.70,232.45,954925,2365625
20220412,09:45,230.60,240.80,221.40,233.30,989625,2365625
20220412,09:46,233.25,264.00,228.70,248.80,1006450,2365625
20220412,09:47,249.75,250.20,215.85,217.60,746775,2212000
20220412,09:48,218.55,222.00,209.25,215.00,420350,2212000
20220412,09:49,216.00,216.80,211.60,213.55,266225,2212000
20220412,09:50,212.15,212.15,198.05,200.10,524400,2222275
20220412,09:51,198.65,200.00,181.65,182.45,497850,2222275
20220412,09:52,180.80,195.75,180.80,195.60,356175,2222275
20220412,09:53,195.05,212.45,195.05,198.20,391275,2339875
20220412,09:54,194.95,201.10,187.60,199.60,246400,2339875
20220412,09:55,199.50,199.80,191.10,192.55,139575,2339875
20220412,09:56,193.20,200.30,191.35,195.75,113775,2409100
20220412,09:57,194.75,195.70,188.60,194.55,166350,2409100
20220412,09:58,195.20,199.65,191.45,194.55,124175,2409100
20220412,09:59,195.05,197.65,190.30,190.65,102550,2466775
20220412,10:00,190.40,195.60,184.70,188.50,243050,2466775
20220412,10:01,189.00,189.00,180.90,184.20,241975,2466775
20220412,10:02,184.85,187.95,181.25,187.95,149275,2504425
20220412,10:03,187.85,198.35,185.85,198.35,230575,2504425
20220412,10:04,198.40,198.40,175.35,175.35,313025,2504425
20220412,10:05,173.55,183.55,173.55,179.20,279925,2554900
20220412,10:06,180.20,181.75,176.00,179.25,152550,2554900
20220412,10:07,178.40,184.70,177.30,182.35,126800,2554900
20220412,10:08,182.40,182.80,176.95,182.80,186600,2684125
20220412,10:09,182.20,194.10,178.25,193.80,189050,2684125
20220412,10:10,192.20,198.60,190.05,192.90,245375,2684125
20220412,10:11,192.40,195.00,188.45,195.00,164125,2721850
20220412,10:12,195.00,198.25,190.55,195.55,236300,2721850
20220412,10:13,195.15,198.20,183.65,183.65,194850,2721850
20220412,10:14,184.55,187.95,179.30,185.05,194350,2689875
20220412,10:15,186.00,187.35,178.30,180.60,181350,2689875
20220412,10:16,181.45,182.50,176.00,181.15,148050,2689875
20220412,10:17,181.65,182.85,174.80,176.50,167100,2764400
20220412,10:18,176.10,183.60,175.00,181.15,172100,2764400
20220412,10:19,180.65,188.45,178.30,188.45,128075,2764400
20220412,10:20,188.35,191.00,182.00,182.00,192350,2811250
20220412,10:21,182.00,189.10,179.25,189.10,110225,2811250
20220412,10:22,186.35,187.85,179.25,187.35,120575,2811250
20220412,10:23,186.10,188.45,183.85,186.00,75325,2853725
20220412,10:24,185.35,185.60,180.80,184.30,59825,2853725
20220412,10:25,183.30,186.00,182.30,183.05,68550,2853725
20220412,10:26,181.25,185.20,181.25,185.10,89825,2878375
20220412,10:27,184.60,189.95,184.55,189.50,113475,2878375
20220412,10:28,189.30,189.30,186.70,187.55,87500,2878375
20220412,10:29,188.00,199.55,186.00,198.85,168300,2873875
20220412,10:30,200.00,205.80,195.45,205.80,303800,2873875
20220412,10:31,204.85,211.75,200.30,205.85,347075,2873875
20220412,10:32,205.50,209.05,203.80,207.55,230025,2778400
20220412,10:33,207.10,213.15,205.30,213.00,270475,2778400
20220412,10:34,212.05,216.50,207.75,209.00,352025,2778400
20220412,10:35,209.20,211.25,205.95,208.85,181850,2674175
20220412,10:36,207.35,219.75,202.55,217.70,313000,2674175
20220412,10:37,218.85,219.45,211.10,211.65,239750,2674175
20220412,10:38,211.70,211.70,204.30,207.60,162375,2630375
20220412,10:39,206.40,209.25,203.50,208.60,132100,2630375
20220412,10:40,208.65,218.70,208.65,217.95,236950,2630375
20220412,10:41,217.05,224.35,215.30,222.20,294725,2605250
20220412,10:42,221.85,227.95,221.50,225.20,310000,2605250
20220412,10:43,221.50,222.95,214.10,217.95,232050,2605250
20220412,10:44,212.40,216.80,206.75,216.80,203175,2534750
20220412,10:45,216.85,217.85,209.25,211.25,128700,2534750
20220412,10:46,210.70,210.90,204.40,210.40,140825,2534750
20220412,10:47,210.85,211.45,200.25,204.15,224825,2559125
20220412,10:48,204.00,206.90,202.60,204.70,134325,2559125
20220412,10:49,204.85,209.55,204.30,204.30,137575,2559125
20220412,10:50,204.60,207.80,195.10,195.45,195625,2636475
20220412,10:51,195.35,195.35,186.00,190.45,288075,2636475
20220412,10:52,190.65,195.80,188.85,193.60,112075,2636475
20220412,10:53,193.65,197.00,192.05,194.00,101875,2652075
20220412,10:54,194.40,195.55,190.15,190.15,63450,2652075
20220412,10:55,190.65,193.50,188.95,188.95,155550,2652075
20220412,10:56,189.60,189.60,185.30,187.10,183425,2739400
20220412,10:57,187.50,195.35,186.55,194.05,144400,2739400
20220412,10:58,193.95,194.35,190.05,194.00,78200,2739400
20220412,10:59,193.85,194.35,191.60,194.35,65225,2811300
20220412,11:00,193.95,200.85,193.15,196.35,181175,2811300
20220412,11:01,196.20,200.60,193.25,199.05,116850,2811300
20220412,11:02,197.50,205.00,197.50,201.10,152900,2862625
20220412,11:03,201.15,205.00,198.15,205.00,93250,2862625
20220412,11:04,205.15,205.90,200.05,201.10,112450,2862625
20220412,11:05,201.10,201.65,197.00,198.80,82725,2883000
20220412,11:06,198.90,200.75,193.65,194.15,75425,2883000
20220412,11:07,195.05,196.10,187.45,192.00,142100,2883000
20220412,11:08,192.60,198.00,191.00,198.00,71400,2890350
20220412,11:09,197.60,210.00,197.60,209.00,182425,2890350
20220412,11:10,209.30,209.30,201.05,206.45,138875,2890350
20220412,11:11,205.60,209.60,203.35,206.85,118300,2883900
20220412,11:12,207.10,207.50,197.90,198.80,126125,2883900
20220412,11:13,197.90,198.40,193.55,194.90,103775,2883900
20220412,11:14,195.10,200.00,194.35,199.10,75600,2876150
20220412,11:15,199.10,199.10,194.25,195.30,55775,2876150
20220412,11:16,196.00,197.05,194.40,196.90,59000,2876150
20220412,11:17,196.60,196.60,191.65,195.00,115675,2883575
20220412,11:18,194.55,206.65,192.55,204.05,99050,2883575
20220412,11:19,205.40,208.85,203.65,206.40,186675,2883575
20220412,11:20,206.45,214.55,206.25,213.35,252075,2856000
20220412,11:21,213.50,214.60,207.90,208.30,191900,2856000
20220412,11:22,207.90,207.90,199.00,202.60,167700,2856000
20220412,11:23,201.75,202.40,196.25,200.00,81525,2823225
20220412,11:24,200.55,202.90,192.70,202.50,156950,2823225
20220412,11:25,201.95,208.00,199.05,204.95,127725,2823225
20220412,11:26,205.15,206.30,200.35,204.10,71825,2835025
20220412,11:27,204.70,207.75,201.60,201.60,98000,2835025
20220412,11:28,202.20,204.55,195.20,195.65,111175,2835025
20220412,11:29,196.50,200.20,194.60,197.00,84450,2821250
20220412,11:30,197.80,204.45,197.15,202.50,93200,2821250
20220412,11:31,201.15,203.80,200.10,200.60,72025,2821250
20220412,11:32,200.00,202.15,196.15,198.95,90400,2830500
20220412,11:33,198.10,198.55,196.25,196.75,50950,2830500
20220412,11:34,194.85,195.75,188.40,190.60,212825,2830500
20220412,11:35,190.95,193.05,184.30,184.30,235550,2848775
20220412,11:36,185.10,187.95,180.65,183.50,176100,2848775
20220412,11:37,182.55,186.40,182.55,184.70,94600,2848775
20220412,11:38,184.75,202.85,184.30,202.65,275150,2867225
20220412,11:39,201.35,221.80,201.35,219.05,617925,2867225
20220412,11:40,218.15,229.90,218.15,224.35,655400,2867225
20220412,11:41,224.45,227.75,218.75,227.75,394175,2758725
20220412,11:42,228.70,228.85,221.30,222.70,265725,2758725
20220412,11:43,222.60,224.80,217.20,219.15,213225,2758725
20220412,11:44,217.65,228.00,217.65,227.35,229100,2779325
20220412,11:45,227.40,239.75,227.40,233.45,724100,2779325
20220412,11:46,232.55,232.55,225.00,226.95,335900,2779325
20220412,11:47,226.85,227.40,211.95,212.25,352475,2713125
20220412,11:48,212.35,212.35,206.55,208.50,275650,2713125
20220412,11:49,208.20,223.35,208.20,223.35,222825,2713125
20220412,11:50,223.35,223.35,210.00,214.60,177175,2713250
20220412,11:51,213.75,223.35,209.70,221.10,163825,2713250
20220412,11:52,221.00,222.20,216.05,220.50,127775,2713250
20220412,11:53,219.75,231.25,218.45,231.20,273900,2748575
20220412,11:54,231.55,232.55,221.40,221.40,233525,2748575
20220412,11:55,219.60,221.45,213.70,216.00,215325,2748575
20220412,11:56,215.25,224.35,214.35,220.00,115925,2751850
20220412,11:57,220.55,227.20,220.30,226.35,130200,2751850
20220412,11:58,227.25,250.00,226.95,246.55,574150,2751850
20220412,11:59,242.55,249.75,239.00,239.00,488650,2713800
20220412,12:00,237.25,238.70,224.95,229.65,398075,2713800
20220412,12:01,227.55,238.00,225.00,234.85,256950,2713800
20220412,12:02,233.55,244.50,233.15,240.50,289300,2733850
20220412,12:03,240.30,277.00,238.00,256.50,798550,2733850
20220412,12:04,255.60,257.80,245.45,247.00,441650,2733850
20220412,12:05,246.45,249.25,240.65,244.70,280700,2599900
20220412,12:06,245.05,262.00,245.05,259.20,477900,2599900
20220412,12:07,260.05,262.90,250.20,252.15,361575,2599900
20220412,12:08,253.20,255.45,246.60,248.55,209250,2570875
20220412,12:09,247.95,272.75,247.50,263.35,517075,2570875
20220412,12:10,264.80,267.75,255.00,256.75,321775,2570875
20220412,12:11,256.70,259.45,248.90,258.50,218175,2513125
20220412,12:12,259.95,262.85,249.05,249.10,244675,2513125
20220412,12:13,250.30,253.20,242.80,244.80,264075,2513125
20220412,12:14,244.15,244.55,233.00,236.40,328000,2524850
20220412,12:15,235.70,241.05,223.90,228.00,451875,2524850
20220412,12:16,227.90,247.50,226.65,247.50,344025,2524850
20220412,12:17,246.50,252.70,241.30,249.95,288975,2524850
20220412,12:18,247.15,252.55,237.75,238.00,205950,2490625
20220412,12:19,236.25,242.75,232.75,242.00,155075,2490625
20220412,12:20,242.15,251.15,242.15,244.75,175150,2490625
20220412,12:21,245.00,247.80,235.30,239.35,159925,2494975
20220412,12:22,239.10,246.55,236.15,239.30,109775,2494975
20220412,12:23,238.65,241.60,231.80,231.80,100300,2494975
20220412,12:24,231.90,232.40,221.80,226.05,310200,2494900
20220412,12:25,226.00,226.00,213.90,217.45,312625,2494900
20220412,12:26,218.65,219.00,212.85,215.55,158725,2494900
20220412,12:27,214.45,226.85,208.95,224.60,340475,2478150
20220412,12:28,224.25,225.30,217.25,225.10,157725,2478150
20220412,12:29,224.35,225.30,218.45,223.50,100600,2478150
20220412,12:30,223.80,223.80,210.80,211.60,195675,2505500
20220412,12:31,212.35,219.80,212.35,217.25,144450,2505500
20220412,12:32,218.75,223.00,217.00,220.40,143425,2505500
20220412,12:33,219.90,224.00,216.00,218.25,118075,2537550
20220412,12:34,217.70,217.70,207.00,207.00,222050,2537550
20220412,12:35,203.60,205.20,194.85,198.35,446075,2537550
20220412,12:36,197.60,219.50,197.60,216.00,352775,2521450
20220412,12:37,214.55,218.00,209.25,217.60,194425,2521450
20220412,12:38,217.25,222.55,214.55,217.00,206400,2521450
20220412,12:39,214.65,217.85,210.30,214.00,153000,2564700
20220412,12:40,213.35,220.65,209.20,220.60,125775,2564700
20220412,12:41,221.25,226.60,218.25,219.10,266325,2564700
20220412,12:42,219.60,228.55,219.20,227.90,244825,2579775
20220412,12:43,228.15,238.20,228.15,233.10,385425,2579775
20220412,12:44,233.05,235.40,229.20,230.50,185300,2579775
20220412,12:45,232.10,236.05,225.60,231.95,230800,2594600
20220412,12:46,231.95,237.65,230.50,233.70,227025,2594600
20220412,12:47,233.45,235.45,226.20,226.20,134900,2594600
20220412,12:48,226.95,229.95,216.95,217.10,245150,2579200
20220412,12:49,218.95,227.80,217.40,226.90,119800,2579200
20220412,12:50,227.65,237.85,227.35,233.45,229100,2579200
20220412,12:51,234.60,236.95,222.60,222.75,193800,2565700
20220412,12:52,224.20,228.00,217.05,219.40,178300,2565700
20220412,12:53,221.30,233.75,221.30,233.75,126350,2565700
20220412,12:54,233.60,263.95,233.60,255.80,765675,2525125
20220412,12:55,256.60,258.40,247.15,250.45,357075,2525125
20220412,12:56,250.45,262.05,250.45,253.55,317550,2525125
20220412,12:57,252.70,258.30,247.10,250.95,233350,2444125
20220412,12:58,250.95,255.60,248.00,250.95,218975,2444125
20220412,12:59,250.20,269.25,250.20,259.60,430875,2444125
20220412,13:00,259.50,260.90,234.25,234.25,490050,2424000
20220412,13:01,234.90,239.40,225.75,229.65,303000,2424000
20220412,13:02,230.85,233.90,220.85,226.50,227125,2424000
20220412,13:03,226.10,231.80,221.75,227.50,164950,2379975
20220412,13:04,227.50,234.40,227.20,231.30,184975,2379975
20220412,13:05,231.30,231.30,225.00,227.50,114825,2379975
20220412,13:06,226.30,227.65,221.85,226.30,133025,2450875
20220412,13:07,226.15,228.00,221.45,221.45,89250,2450875
20220412,13:08,221.85,224.75,209.95,213.35,292025,2450875
20220412,13:09,213.35,220.20,211.40,212.45,245800,2419625
20220412,13:10,212.00,218.15,209.15,213.05,187900,2419625
20220412,13:11,212.95,220.30,212.95,214.20,143800,2419625
20220412,13:12,212.80,212.80,200.70,201.50,313100,2476800
20220412,13:13,201.90,204.75,196.60,198.85,270550,2476800
20220412,13:14,198.80,204.75,198.00,202.95,179150,2476800
20220412,13:15,200.60,213.40,196.05,213.40,267525,2495500
20220412,13:16,213.30,218.60,210.20,213.60,236900,2495500
20220412,13:17,212.95,218.25,210.25,218.00,129625,2495500
20220412,13:18,217.85,219.00,210.40,213.35,146200,2496425
20220412,13:19,212.75,212.90,202.45,205.45,168500,2496425
20220412,13:20,204.10,213.30,199.60,211.00,239025,2496425
20220412,13:21,209.45,216.05,209.45,213.70,166800,2499850
20220412,13:22,213.25,221.00,212.85,218.85,196125,2499850
20220412,13:23,218.95,221.65,216.10,219.35,179150,2499850
20220412,13:24,220.00,230.20,218.85,224.00,260000,2457150
20220412,13:25,224.45,228.00,219.85,227.95,191650,2457150
20220412,13:26,228.20,233.55,225.95,227.55,267800,2457150
20220412,13:27,228.50,228.60,222.70,226.95,169325,2504425
20220412,13:28,227.35,227.35,216.70,217.90,152050,2504425
20220412,13:29,218.35,219.30,205.85,207.10,225200,2504425
20220412,13:30,206.30,211.30,202.85,210.00,201250,2504475
20220412,13:31,209.20,217.50,208.20,210.20,160925,2504475
20220412,13:32,209.60,211.35,201.95,207.50,162900,2504475
20220412,13:33,207.10,215.45,206.05,209.50,128650,2527450
20220412,13:34,210.15,212.15,207.40,210.85,73075,2527450
20220412,13:35,210.00,215.50,207.30,212.20,126100,2527450
20220412,13:36,212.90,213.40,188.00,191.20,438225,2544625
20220412,13:37,188.15,192.30,180.80,186.10,464625,2544625
20220412,13:38,187.45,204.85,187.45,196.90,289750,2544625
20220412,13:39,196.05,197.70,185.50,189.10,213925,2565000
20220412,13:40,189.20,197.50,186.90,197.05,152850,2565000
20220412,13:41,195.50,196.65,191.50,191.75,115300,2565000
20220412,13:42,192.00,192.25,183.20,183.20,172550,2585825
20220412,13:43,180.60,182.40,166.30,168.75,590350,2585825
20220412,13:44,168.80,168.90,161.55,168.85,396850,2585825
20220412,13:45,166.55,175.30,160.20,173.05,439600,2623875
20220412,13:46,172.25,177.15,170.25,172.55,285450,2623875
20220412,13:47,172.80,175.65,171.75,173.45,166225,2623875
20220412,13:48,173.00,175.60,165.25,169.60,207150,2603150
20220412,13:49,170.30,173.35,165.50,172.70,129575,2603150
20220412,13:50,172.65,181.40,170.05,179.85,253275,2603150
20220412,13:51,179.55,186.05,179.00,185.00,294850,2608525
20220412,13:52,185.15,196.80,184.55,192.40,409350,2608525
20220412,13:53,190.55,195.60,189.40,192.50,240325,2608525
20220412,13:54,192.65,204.60,189.85,202.00,411100,2627925
20220412,13:55,200.70,204.85,191.85,194.20,358025,2627925
20220412,13:56,193.35,213.40,193.35,209.35,493000,2627925
20220412,13:57,211.35,215.40,206.90,211.30,541700,2617825
20220412,13:58,209.85,211.35,205.10,205.90,228450,2617825
20220412,13:59,206.30,214.25,200.95,213.70,304350,2617825
20220412,14:00,212.40,224.70,212.00,222.30,568475,2605500
20220412,14:01,221.65,237.00,221.65,232.90,606050,2605500
20220412,14:02,233.45,238.65,227.60,236.35,413325,2605500
20220412,14:03,235.90,249.65,230.50,248.55,493375,2505200
20220412,14:04,246.40,299.85,246.00,295.10,1261950,2505200
20220412,14:05,310.00,332.00,292.10,303.65,1157325,2505200
20220412,14:06,302.90,328.35,297.90,328.35,671525,2185875
20220412,14:07,327.65,334.40,315.65,315.65,784350,2185875
20220412,14:08,314.00,323.60,304.50,314.60,472800,2185875
20220412,14:09,312.50,355.20,312.50,337.70,714850,2005100
20220412,14:10,336.45,346.25,314.80,316.00,429325,2005100
20220412,14:11,316.55,341.30,316.05,341.30,305225,2005100
20220412,14:12,343.95,349.70,326.60,328.25,393125,1933850
20220412,14:13,331.80,379.85,331.80,370.90,491825,1933850
20220412,14:14,370.60,371.20,355.25,358.70,408550,1933850
20220412,14:15,358.60,373.70,344.50,344.90,395575,1810275
20220412,14:16,344.00,345.05,331.25,340.40,280700,1810275
20220412,14:17,342.00,360.85,336.00,350.65,220025,1810275
20220412,14:18,348.00,363.00,340.55,345.00,207875,1684700
20220412,14:19,344.05,344.05,324.35,329.20,165100,1684700
20220412,14:20,332.70,343.75,327.95,342.50,131750,1684700
20220412,14:21,341.45,349.85,334.20,334.70,163750,1668075
20220412,14:22,333.55,351.10,330.00,350.70,177400,1668075
20220412,14:23,351.20,378.60,351.20,362.30,362875,1668075
20220412,14:24,362.80,388.75,362.80,378.20,320850,1635325
20220412,14:25,375.85,384.50,367.00,370.05,255925,1635325
20220412,14:26,368.85,368.85,351.05,355.05,213700,1635325
20220412,14:27,355.10,363.00,352.00,360.30,93600,1545150
20220412,14:28,362.00,395.00,352.40,390.85,271175,1545150
20220412,14:29,386.90,408.40,386.90,390.75,456050,1545150
20220412,14:30,395.95,401.50,384.00,384.00,247150,1433225
20220412,14:31,385.85,422.60,380.70,411.45,320700,1433225
20220412,14:32,408.25,439.00,406.95,425.75,306675,1433225
20220412,14:33,426.45,427.70,417.35,425.90,180550,1333225
20220412,14:34,426.10,435.50,408.35,408.40,201550,1333225
20220412,14:35,407.00,407.00,387.60,403.85,207325,1333225
20220412,14:36,403.80,421.50,389.05,416.45,175050,1294175
20220412,14:37,411.95,437.65,411.45,437.65,221950,1294175
20220412,14:38,436.70,444.00,419.10,426.00,194650,1294175
20220412,14:39,426.50,431.80,417.55,418.45,80775,1270850
20220412,14:40,417.60,455.00,406.10,451.45,229350,1270850
20220412,14:41,453.55,453.55,435.00,439.85,189625,1270850
20220412,14:42,440.85,440.85,419.55,431.65,156850,1247500
20220412,14:43,432.00,443.70,427.30,436.60,120750,1247500
20220412,14:44,437.70,469.00,430.00,459.65,181825,1247500
20220412,14:45,460.15,475.00,431.05,436.50,248725,1208575
20220412,14:46,434.20,442.90,422.50,422.50,131175,1208575
20220412,14:47,421.00,423.40,401.40,404.35,231225,1208575
20220412,14:48,403.20,404.35,374.80,378.70,292100,1171250
20220412,14:49,376.60,391.35,361.95,391.35,248750,1171250
20220412,14:50,390.55,395.70,371.60,384.85,226750,1171250
20220412,14:51,381.90,397.30,381.90,394.20,149000,1156050
20220412,14:52,390.95,401.20,387.50,387.50,130825,1156050
20220412,14:53,387.30,388.80,372.05,378.20,102075,1156050
20220412,14:54,380.75,392.10,380.75,389.00,73175,1180000
20220412,14:55,388.10,388.10,368.90,382.65,127850,1180000
20220412,14:56,383.95,393.35,373.35,382.25,112425,1180000
20220412,14:57,380.15,386.45,374.00,381.95,62275,1198900
20220412,14:58,383.00,396.05,380.80,386.00,83625,1198900
20220412,14:59,386.25,386.25,375.05,379.50,65750,1198900
20220412,15:00,382.45,393.00,355.95,367.95,191425,1191525
20220412,15:01,365.20,378.20,364.40,367.65,120800,1191525
20220412,15:02,368.30,373.60,357.65,361.90,94200,1191525
20220412,15:03,363.30,369.00,350.55,356.85,183150,1165775
20220412,15:04,354.95,365.05,354.30,361.00,73325,1165775
20220412,15:05,361.40,366.80,346.80,352.20,137125,1165775
20220412,15:06,352.75,354.00,340.00,342.30,104800,1149925
20220412,15:07,341.40,345.20,331.20,339.00,215000,1149925
20220412,15:08,340.00,345.10,331.00,342.20,163150,1149925
20220412,15:09,341.25,346.90,335.00,335.00,141350,1060425
20220412,15:10,333.90,346.45,331.10,346.45,141125,1060425
20220412,15:11,345.10,361.00,342.25,356.90,176325,1060425
20220412,15:12,358.10,358.10,341.20,344.75,107325,970325
20220412,15:13,342.50,354.50,341.75,348.40,76550,970325
20220412,15:14,347.55,350.35,340.20,348.05,102550,970325
20220412,15:15,347.65,349.90,341.00,344.80,182875,922850
20220412,15:16,345.25,346.00,324.75,325.75,207575,922850
20220412,15:17,325.30,335.25,322.00,326.65,116675,922850
20220412,15:18,327.20,333.85,325.95,331.60,66825,865325
20220412,15:19,332.50,343.60,331.45,343.30,87975,865325
20220412,15:20,342.40,360.40,342.20,360.40,108700,865325
20220412,15:21,360.00,363.75,353.05,357.35,80600,825725
20220412,15:22,357.60,363.85,357.15,360.50,74650,825725
20220412,15:23,360.85,368.00,358.50,366.00,87875,825725
20220412,15:24,365.00,367.50,361.50,363.40,67425,811950
20220412,15:25,363.55,364.00,356.30,360.00,106525,811950
20220412,15:26,360.05,360.30,355.60,357.45,77025,811950
20220412,15:27,357.70,360.00,350.00,350.00,92150,854975
20220412,15:28,349.95,349.95,344.40,344.80,68775,854975
20220412,15:29,346.95,366.00,346.35,353.15,99750,854975
20220412,15:30,366.00,366.00,366.00,366.00,25,854975
20220413,09:15,389.50,499.70,339.30,480.10,280251,788100
20220413,09:16,480.80,491.30,460.00,465.10,207975,788100
20220413,09:17,467.80,487.25,450.00,451.70,176850,788100
20220413,09:18,452.95,480.40,450.15,463.30,191175,788100
20220413,09:19,461.70,482.90,458.05,482.90,106275,788100
20220413,09:20,483.80,491.95,458.80,483.50,191675,876625
20220413,09:21,486.85,487.40,462.60,464.55,118700,876625
20220413,09:22,468.45,484.25,468.45,477.40,81300,876625
20220413,09:23,477.55,482.00,463.80,465.80,80875,872225
20220413,09:24,471.80,472.15,443.00,443.00,135525,872225
20220413,09:25,440.00,464.65,435.00,453.95,101150,872225
20220413,09:26,452.60,463.00,441.40,456.55,69500,915925
20220413,09:27,453.55,456.50,441.00,453.05,87575,915925
20220413,09:28,453.00,459.75,446.30,448.55,57325,915925
20220413,09:29,448.10,458.00,441.50,456.00,67825,940700
20220413,09:30,456.55,479.80,456.55,462.30,150950,940700
20220413,09:31,463.00,480.50,435.75,480.50,127125,940700
20220413,09:32,478.50,480.45,450.00,454.90,109175,948200
20220413,09:33,455.95,455.95,440.25,442.00,116525,948200
20220413,09:34,444.65,447.70,430.00,430.00,104825,948200
20220413,09:35,427.95,433.10,414.05,431.00,130950,1020050
20220413,09:36,430.70,448.00,430.00,445.40,71575,1020050
20220413,09:37,444.30,449.95,438.55,444.25,61000,1020050
20220413,09:38,444.95,447.15,430.10,430.10,38025,1030075
20220413,09:39,431.65,438.85,421.40,423.25,30800,1030075
20220413,09:40,422.25,433.85,412.75,430.80,71875,1030075
20220413,09:41,430.60,430.60,415.35,424.15,43575,1047325
20220413,09:42,423.30,435.35,417.00,431.55,42125,1047325
20220413,09:43,435.00,437.25,416.60,430.15,31250,1047325
20220413,09:44,429.65,429.65,418.10,418.10,30400,1056225
20220413,09:45,419.85,439.60,417.05,439.60,69575,1056225
20220413,09:46,437.40,471.05,436.75,459.55,144775,1056225
20220413,09:47,457.00,458.10,421.00,424.00,95250,1038450
20220413,09:48,421.00,432.00,419.05,419.05,52150,1038450
20220413,09:49,419.20,442.30,418.30,431.25,43800,1038450
20220413,09:50,430.35,449.30,430.35,441.00,47800,1066800
20220413,09:51,442.05,444.40,428.90,432.75,24650,1066800
20220413,09:52,433.85,441.70,427.55,433.40,25600,1066800
20220413,09:53,433.10,442.70,428.90,441.00,26200,1071225
20220413,09:54,439.20,442.50,431.10,433.90,24150,1071225
20220413,09:55,436.00,440.90,429.90,434.20,33050,1071225
20220413,09:56,433.00,438.95,429.90,437.00,21275,1069825
20220413,09:57,433.95,434.95,425.00,434.95,21500,1069825
20220413,09:58,435.25,435.60,427.00,431.40,18525,1069825
20220413,09:59,431.55,435.15,425.10,431.65,41800,1070950
20220413,10:00,432.00,433.00,379.05,408.00,233825,1070950
20220413,10:01,407.75,407.75,359.85,384.05,110575,1070950
20220413,10:02,382.55,383.40,361.50,370.50,111650,1053575
20220413,10:03,370.25,372.05,338.10,343.05,120025,1053575
20220413,10:04,340.00,361.55,338.00,361.55,120850,1053575
20220413,10:05,361.70,366.40,356.45,358.00,76325,1061575
20220413,10:06,357.40,361.80,346.90,358.95,57350,1061575
20220413,10:07,362.30,365.45,357.00,359.10,47950,1061575
20220413,10:08,359.70,359.90,345.00,345.45,49500,1060550
20220413,10:09,344.25,344.25,305.00,314.70,194400,1060550
20220413,10:10,315.50,323.95,297.45,311.30,215700,1060550
20220413,10:11,314.30,328.25,311.00,327.85,162875,1086050
20220413,10:12,325.55,341.15,320.65,334.35,157000,1086050
20220413,10:13,333.40,333.40,313.40,323.70,94225,1086050
20220413,10:14,324.90,325.30,310.25,310.25,56475,1092225
20220413,10:15,309.00,333.45,304.05,330.95,161925,1092225
20220413,10:16,330.15,337.65,324.70,337.00,106175,1092225
20220413,10:17,337.65,345.45,334.05,343.00,93050,1105475
20220413,10:18,342.00,342.00,327.95,327.95,64700,1105475
20220413,10:19,325.25,331.75,316.25,316.25,82925,1105475
20220413,10:20,317.15,336.45,310.05,333.15,100175,1098200
20220413,10:21,333.60,333.90,314.55,323.20,84600,1098200
20220413,10:22,323.90,332.25,322.25,324.70,34875,1098200
20220413,10:23,325.80,329.65,323.75,325.05,27000,1104650
20220413,10:24,323.40,323.40,310.00,318.50,62525,1104650
20220413,10:25,318.85,327.60,312.70,312.85,50950,1104650
20220413,10:26,314.40,317.00,294.75,309.90,133500,1109900
20220413,10:27,307.85,309.45,285.05,298.50,134900,1109900
20220413,10:28,299.55,321.90,298.40,320.65,127950,1109900
20220413,10:29,323.00,323.00,305.85,310.30,66750,1119475
20220413,10:30,312.25,322.95,303.10,319.90,84350,1119475
20220413,10:31,315.00,320.00,305.70,315.85,57450,1119475
20220413,10:32,317.05,334.80,316.45,326.20,133125,1107450
20220413,10:33,326.35,332.00,324.00,326.65,48925,1107450
20220413,10:34,326.75,338.20,320.35,336.65,76550,1107450
20220413,10:35,336.35,348.55,330.50,347.20,132175,1105650
20220413,10:36,349.40,360.00,343.95,351.75,172950,1105650
20220413,10:37,352.05,353.75,345.20,348.00,74925,1105650
20220413,10:38,348.25,349.00,336.60,340.00,72825,1085000
20220413,10:39,338.85,343.00,332.05,333.60,59700,1085000
20220413,10:40,336.85,341.15,332.00,334.00,40000,1085000
20220413,10:41,334.25,341.10,332.50,335.40,30475,1090125
20220413,10:42,336.45,340.00,333.20,333.20,33025,1090125
20220413,10:43,334.50,334.50,320.45,324.60,74975,1090125
20220413,10:44,323.60,323.65,310.10,317.45,73000,1087550
20220413,10:45,316.10,323.05,307.00,322.60,63100,1087550
20220413,10:46,325.80,342.10,322.80,342.10,94475,1087550
20220413,10:47,343.00,353.75,340.95,350.45,101375,1084975
20220413,10:48,348.80,350.00,337.10,337.10,73575,1084975
20220413,10:49,337.80,338.60,326.90,332.80,67000,1084975
20220413,10:50,330.40,351.00,328.00,344.95,84000,1097075
20220413,10:51,341.10,352.75,341.10,348.30,69000,1097075
20220413,10:52,348.40,357.00,345.00,350.15,71150,1097075
20220413,10:53,352.00,354.35,343.05,346.15,54875,1097300
20220413,10:54,347.25,347.75,343.00,346.65,30275,1097300
20220413,10:55,346.50,350.00,334.05,334.05,72700,1097300
20220413,10:56,335.55,341.85,335.20,340.35,47350,1095825
20220413,10:57,343.60,343.60,323.75,328.95,87000,1095825
20220413,10:58,328.25,345.00,328.25,343.65,58125,1095825
20220413,10:59,342.15,368.40,342.00,353.50,145125,1095100
20220413,11:00,356.40,356.40,339.30,346.10,82275,1095100
20220413,11:01,347.05,347.05,333.05,337.60,76825,1095100
20220413,11:02,335.25,338.00,327.15,335.75,64200,1114600
20220413,11:03,334.90,342.00,327.75,337.00,60475,1114600
20220413,11:04,335.70,361.40,334.65,356.00,95475,1114600
20220413,11:05,354.40,363.35,344.40,355.00,95025,1122675
20220413,11:06,354.80,364.00,351.60,357.75,67725,1122675
20220413,11:07,357.95,363.00,352.90,357.60,55925,1122675
20220413,11:08,356.55,361.85,350.10,361.00,48000,1120450
20220413,11:09,362.35,362.35,350.00,356.30,46350,1120450
20220413,11:10,357.70,359.00,350.75,356.10,30375,1120450
20220413,11:11,355.95,357.55,348.85,357.55,36825,1127650
20220413,11:12,358.15,376.50,345.00,345.00,181850,1127650
20220413,11:13,346.55,347.00,330.65,342.30,105425,1127650
20220413,11:14,342.05,343.25,333.00,342.80,42275,1135875
20220413,11:15,342.10,343.65,336.85,336.85,43100,1135875
20220413,11:16,336.50,349.00,331.35,340.00,61350,1135875
20220413,11:17,343.40,345.10,330.20,336.45,48175,1139650
20220413,11:18,336.75,341.70,331.00,337.60,50025,1139650
20220413,11:19,337.50,343.55,335.00,337.40,35850,1139650
20220413,11:20,338.00,339.90,333.60,334.85,26725,1143775
20220413,11:21,336.75,350.95,333.00,348.15,58750,1143775
20220413,11:22,348.00,349.45,332.55,339.00,45000,1143775
20220413,11:23,340.05,340.05,333.00,333.70,30175,1141875
20220413,11:24,332.95,345.95,332.95,333.65,59525,1141875
20220413,11:25,333.55,340.60,333.55,338.85,33325,1141875
20220413,11:26,340.00,340.90,334.60,338.00,24150,1157550
20220413,11:27,337.10,340.80,336.80,337.00,30850,1157550
20220413,11:28,337.30,344.90,335.25,335.50,28350,1157550
20220413,11:29,335.05,347.30,333.05,340.60,43525,1155725
20220413,11:30,340.00,347.85,337.00,338.00,32200,1155725
20220413,11:31,338.00,343.50,336.05,341.50,41725,1155725
20220413,11:32,340.70,343.00,336.00,341.25,39300,1157600
20220413,11:33,341.45,350.35,338.95,350.35,50550,1157600
20220413,11:34,352.15,364.75,349.15,352.55,107675,1157600
20220413,11:35,355.75,357.80,341.30,347.95,55075,1162800
20220413,11:36,345.00,349.60,306.55,320.20,152775,1162800
20220413,11:37,322.75,327.10,306.45,323.55,105450,1162800
20220413,11:38,322.90,328.55,320.45,324.05,58650,1181250
20220413,11:39,323.10,325.45,310.00,317.15,58050,1181250
20220413,11:40,317.75,325.10,311.50,316.55,54525,1181250
20220413,11:41,315.00,317.60,308.20,315.25,77200,1207050
20220413,11:42,315.00,320.95,310.85,311.60,46100,1207050
20220413,11:43,312.05,317.50,308.20,310.60,43925,1207050
20220413,11:44,313.05,313.90,290.60,290.60,126800,1217475
20220413,11:45,274.50,286.25,255.75,282.05,263825,1217475
20220413,11:46,277.75,292.05,275.90,283.55,139175,1217475
20220413,11:47,283.00,287.70,280.00,280.95,68925,1247825
20220413,11:48,281.85,281.85,270.00,278.70,82700,1247825
20220413,11:49,277.25,293.90,277.25,292.35,86825,1247825
20220413,11:50,293.05,304.95,290.15,292.85,133650,1260575
20220413,11:51,293.20,307.25,288.55,306.60,94225,1260575
20220413,11:52,307.30,309.85,300.80,306.75,76250,1260575
20220413,11:53,306.75,306.75,291.75,294.00,75475,1257475
20220413,11:54,293.10,295.00,281.95,294.40,68975,1257475
20220413,11:55,291.80,294.80,283.55,288.50,40300,1257475
20220413,11:56,286.90,294.55,286.50,293.00,31700,1268200
20220413,11:57,292.50,300.00,292.45,295.60,51750,1268200
20220413,11:58,296.55,301.00,291.50,292.30,46250,1268200
20220413,11:59,292.00,297.35,287.35,290.15,43950,1274675
20220413,12:00,290.25,307.55,282.80,295.70,105350,1274675
20220413,12:01,294.45,297.00,288.60,290.00,54500,1274675
20220413,12:02,290.30,290.30,274.45,284.00,112250,1276050
20220413,12:03,283.50,283.50,248.70,256.90,143500,1276050
20220413,12:04,256.95,256.95,224.95,235.50,219500,1276050
20220413,12:05,230.05,236.25,212.60,223.70,241125,1276050
20220413,12:06,222.20,222.20,211.00,215.40,161300,1326725
20220413,12:07,214.60,230.95,214.60,224.75,198200,1326725
20220413,12:08,226.30,226.30,211.55,218.40,126775,1374075
20220413,12:09,217.70,222.50,212.75,218.60,90750,1374075
20220413,12:10,219.20,228.00,217.30,226.55,108425,1374075
20220413,12:11,224.55,226.85,213.30,226.00,100600,1377875
20220413,12:12,223.60,223.80,198.00,198.00,147875,1377875
20220413,12:13,200.75,212.85,194.50,202.10,197925,1377875
20220413,12:14,202.45,202.45,171.00,171.00,330275,1377875
20220413,12:15,167.00,191.25,167.00,190.40,429000,1439525
20220413,12:16,185.70,194.10,185.45,190.50,225150,1439525
20220413,12:17,189.00,190.30,180.15,187.15,159075,1439525
20220413,12:18,186.25,186.25,179.70,182.65,128700,1553250
20220413,12:19,181.40,188.70,175.90,188.70,192800,1553250
20220413,12:20,190.05,196.70,185.75,188.95,297200,1553250
20220413,12:21,189.80,191.80,182.70,190.55,125950,1607550
20220413,12:22,192.00,192.00,183.25,188.70,153800,1607550
20220413,12:23,189.70,193.40,186.45,191.85,113475,1607550
20220413,12:24,190.00,196.40,188.05,191.45,139850,1636475
20220413,12:25,192.60,192.60,184.80,188.45,123000,1636475
20220413,12:26,188.85,188.85,174.65,177.95,172350,1636475
20220413,12:27,177.25,179.10,155.60,168.85,339025,1683100
20220413,12:28,168.35,170.55,162.05,166.80,185350,1683100
20220413,12:29,166.60,167.95,161.20,167.35,148750,1683100
20220413,12:30,166.25,166.25,142.50,155.00,538825,1773625
20220413,12:31,155.85,187.55,154.90,187.55,535975,1773625
20220413,12:32,192.65,208.15,184.95,197.70,791950,1773625
20220413,12:33,196.50,224.25,196.50,218.00,593850,1715250
20220413,12:34,215.15,220.55,202.65,212.95,376725,1715250
20220413,12:35,209.60,213.25,199.90,207.90,237950,1715250
20220413,12:36,207.60,225.65,197.85,221.45,354650,1579200
20220413,12:37,224.00,225.20,203.65,203.65,217125,1579200
20220413,12:38,205.10,222.55,197.80,221.20,253625,1579200
20220413,12:39,219.60,222.05,201.00,204.50,195725,1587600
20220413,12:40,203.70,215.90,202.95,211.95,119050,1587600
20220413,12:41,214.00,220.05,202.50,202.50,154325,1587600
20220413,12:42,200.90,206.65,188.55,200.15,254775,1576475
20220413,12:43,202.95,206.25,197.90,201.80,108450,1576475
20220413,12:44,204.20,225.00,204.20,224.35,254675,1576475
20220413,12:45,222.45,223.55,208.40,208.95,199650,1500275
20220413,12:46,212.00,237.75,209.00,219.85,282825,1500275
20220413,12:47,218.00,227.25,217.25,226.15,123050,1500275
20220413,12:48,225.05,228.65,216.20,224.85,145250,1471600
20220413,12:49,226.20,228.55,210.05,212.80,186825,1471600
20220413,12:50,213.45,219.95,204.15,219.65,145450,1471600
20220413,12:51,220.00,220.05,211.90,214.65,92125,1492775
20220413,12:52,214.00,217.85,194.90,194.90,161125,1492775
20220413,12:53,186.60,191.30,177.75,184.40,287375,1492775
20220413,12:54,183.50,190.50,179.05,189.75,166350,1479225
20220413,12:55,187.80,188.85,181.00,181.00,132825,1479225
20220413,12:56,181.00,190.90,172.85,187.30,230075,1479225
20220413,12:57,187.65,190.00,181.80,187.00,103050,1515475
20220413,12:58,187.85,205.75,187.65,190.05,203575,1515475
20220413,12:59,188.35,191.80,179.70,189.30,150325,1515475
20220413,13:00,189.55,193.50,182.85,190.10,112200,1514975
20220413,13:01,191.15,191.15,181.65,185.30,81900,1514975
20220413,13:02,185.35,187.55,174.90,184.40,159975,1514975
20220413,13:03,183.60,183.60,172.00,178.00,122575,1541100
20220413,13:04,176.65,177.65,164.80,170.00,220475,1541100
20220413,13:05,169.45,171.55,159.70,168.90,244475,1541100
20220413,13:06,170.05,171.85,166.45,170.85,146925,1595575
20220413,13:07,169.20,179.20,168.55,179.20,186950,1595575
20220413,13:08,178.90,185.00,177.05,184.35,147675,1595575
20220413,13:09,185.20,194.85,177.85,190.90,224950,1599250
20220413,13:10,191.25,193.90,186.65,193.70,190675,1599250
20220413,13:11,197.00,226.65,194.30,222.45,417725,1599250
20220413,13:12,227.60,256.85,223.60,245.50,624350,1520850
20220413,13:13,243.90,249.40,237.45,243.25,247025,1520850
20220413,13:14,245.00,245.00,230.35,244.35,196550,1520850
20220413,13:15,245.85,271.60,245.85,260.45,482150,1469500
20220413,13:16,262.55,264.95,249.90,264.60,205850,1469500
20220413,13:17,266.75,266.75,252.00,255.30,153025,1469500
20220413,13:18,255.90,257.90,236.80,237.75,162075,1407225
20220413,13:19,235.75,260.00,234.30,260.00,161625,1407225
20220413,13:20,260.00,264.00,250.40,257.85,173050,1407225
20220413,13:21,257.20,263.60,254.00,256.40,144875,1377275
20220413,13:22,257.05,257.05,222.40,226.80,226725,1377275
20220413,13:23,228.95,234.15,215.95,219.40,202675,1377275
20220413,13:24,225.55,226.70,218.40,225.75,126125,1357125
20220413,13:25,224.90,224.90,190.00,190.85,254525,1357125
20220413,13:26,185.60,189.75,166.60,175.80,386225,1357125
20220413,13:27,176.65,185.35,175.10,183.00,232175,1392150
20220413,13:28,184.50,184.90,164.05,170.60,225050,1392150
20220413,13:29,172.00,181.75,165.00,175.45,175775,1392150
20220413,13:30,174.60,178.65,167.25,176.35,151850,1420725
20220413,13:31,176.00,183.60,175.10,177.35,171600,1420725
20220413,13:32,178.50,190.60,178.50,190.60,171725,1420725
20220413,13:33,192.45,204.90,191.20,202.75,251625,1421375
20220413,13:34,201.05,201.45,178.30,178.30,177425,1421375
20220413,13:35,178.80,193.50,178.80,193.50,127200,1421375
20220413,13:36,197.80,198.60,188.40,194.00,137275,1425650
20220413,13:37,194.70,194.70,180.05,189.65,118550,1425650
20220413,13:38,191.25,194.30,187.95,192.15,89625,1425650
20220413,13:39,193.05,193.05,156.55,163.70,308200,1435300
20220413,13:40,166.60,171.40,160.00,171.40,183100,1435300
20220413,13:41,173.05,173.05,146.40,151.25,276525,1435300
20220413,13:42,151.35,161.25,148.60,151.85,214500,1469475
20220413,13:43,151.20,158.70,149.25,156.70,122075,1469475
20220413,13:44,157.50,158.00,150.60,154.55,115250,1469475
20220413,13:45,156.70,164.75,152.55,155.55,176725,1500750
20220413,13:46,154.85,158.25,135.00,144.35,276325,1500750
20220413,13:47,148.05,159.95,144.25,149.65,238500,1500750
20220413,13:48,151.50,151.50,139.25,142.00,188425,1505650
20220413,13:49,141.00,143.25,125.00,126.00,316550,1505650
20220413,13:50,125.60,125.60,115.50,116.55,474325,1505650
20220413,13:51,117.95,130.90,117.45,125.05,334825,1611175
20220413,13:52,124.95,128.45,120.00,128.45,242400,1611175
20220413,13:53,128.55,140.00,128.55,132.10,382950,1611175
20220413,13:54,135.00,153.15,126.10,152.45,412075,1685475
20220413,13:55,153.85,153.85,139.35,140.45,279400,1685475
20220413,13:56,140.25,141.00,130.60,134.60,275300,1685475
20220413,13:57,132.80,134.10,125.10,130.80,262775,1695675
20220413,13:58,134.35,134.35,125.10,127.95,186775,1695675
20220413,13:59,128.25,131.65,120.10,128.25,245300,1695675
20220413,14:00,127.95,127.95,108.10,113.80,393550,1793250
20220413,14:01,112.25,163.70,96.00,163.70,1157625,1793250
20220413,14:02,172.10,176.35,134.30,143.50,734925,1793250
20220413,14:03,143.20,164.15,143.20,156.20,436850,1667775
20220413,14:04,157.95,163.00,152.75,153.80,283825,1667775
20220413,14:05,153.05,166.10,143.70,152.00,499775,1667775
20220413,14:06,150.75,154.00,146.45,149.10,195475,1660925
20220413,14:07,146.85,154.70,140.40,152.55,255300,1660925
20220413,14:08,153.10,158.20,147.80,153.85,287325,1660925
20220413,14:09,151.10,170.00,146.15,153.15,383500,1658350
20220413,14:10,150.40,152.70,142.95,144.75,200850,1658350
20220413,14:11,144.00,163.15,137.30,155.35,367200,1658350
20220413,14:12,155.10,169.85,150.90,165.80,445175,1646225
20220413,14:13,165.05,185.95,161.70,162.90,512825,1646225
20220413,14:14,162.40,175.40,160.85,171.85,264125,1646225
20220413,14:15,172.00,175.60,163.20,166.10,278625,1583975
20220413,14:16,165.00,197.40,165.00,180.00,520975,1583975
20220413,14:17,178.70,193.05,171.40,187.50,385400,1583975
20220413,14:18,189.40,211.75,188.20,194.80,495775,1499700
20220413,14:19,195.60,197.00,181.70,187.65,286000,1499700
20220413,14:20,188.40,188.40,161.70,161.70,388975,1499700
20220413,14:21,161.15,178.90,159.80,174.35,378375,1509550
20220413,14:22,175.55,179.00,159.05,160.45,302225,1509550
20220413,14:23,161.80,171.00,159.05,161.10,247750,1509550
20220413,14:24,160.20,160.20,132.85,136.75,523025,1529900
20220413,14:25,140.85,140.85,113.30,119.65,562225,1529900
20220413,14:26,118.95,119.45,109.60,116.30,560050,1529900
20220413,14:27,117.95,123.00,113.05,115.35,422500,1662800
20220413,14:28,117.20,134.90,113.10,126.55,507425,1662800
20220413,14:29,127.20,134.30,122.80,126.95,313575,1662800
20220413,14:30,126.65,139.35,116.15,116.15,489175,1638800
20220413,14:31,117.05,123.85,107.45,116.70,459275,1638800
20220413,14:32,118.20,123.40,114.55,116.90,261275,1638800
20220413,14:33,116.65,118.80,108.55,112.50,306300,1687175
20220413,14:34,112.10,115.70,98.10,102.70,547875,1687175
20220413,14:35,102.75,105.70,92.20,102.55,643200,1687175
20220413,14:36,105.55,119.10,104.55,110.55,609750,1811125
20220413,14:37,109.15,118.15,104.40,108.95,427800,1811125
20220413,14:38,109.80,114.40,107.85,113.15,323775,1811125
20220413,14:39,112.45,118.10,111.00,115.20,406975,1758775
20220413,14:40,117.85,132.35,112.80,128.60,590725,1758775
20220413,14:41,131.75,140.00,120.90,128.30,582400,1758775
20220413,14:42,127.05,143.70,121.70,140.45,511700,1693225
20220413,14:43,136.65,138.30,125.00,127.15,453875,1693225
20220413,14:44,125.00,141.40,125.00,133.65,474825,1693225
20220413,14:45,134.40,135.05,117.35,121.90,506425,1595575
20220413,14:46,122.20,125.85,102.75,110.05,554725,1595575
20220413,14:47,108.55,110.40,101.95,105.40,383500,1595575
20220413,14:48,104.45,107.25,95.10,107.25,589375,1670300
20220413,14:49,106.40,108.90,101.00,105.30,325875,1670300
20220413,14:50,104.60,115.70,99.40,99.40,492450,1670300
20220413,14:51,99.45,102.40,87.60,96.70,592575,1715175
20220413,14:52,94.75,105.45,94.75,96.10,428900,1715175
20220413,14:53,96.25,104.00,91.20,91.95,341725,1715175
20220413,14:54,90.65,94.60,82.00,90.00,644775,1823750
20220413,14:55,95.30,100.75,90.10,96.00,534275,1823750
20220413,14:56,97.05,104.60,92.25,103.20,574500,1823750
20220413,14:57,100.90,105.00,98.25,100.35,465050,1740150
20220413,14:58,101.40,105.70,80.00,80.00,616650,1740150
20220413,14:59,83.80,91.80,68.00,71.10,1044575,1740150
20220413,15:00,69.20,74.90,43.00,43.00,2052775,1955050
20220413,15:01,46.35,51.80,36.00,47.50,2704825,1955050
20220413,15:02,49.35,52.55,36.70,36.70,1956700,1955050
20220413,15:03,37.85,37.85,19.45,28.05,2967275,2608450
20220413,15:04,24.85,30.95,17.90,30.95,3253750,2608450
20220413,15:05,31.45,37.85,18.50,18.50,3116150,2608450
20220413,15:06,18.65,32.10,17.60,26.50,2252700,2882175
20220413,15:07,28.40,39.45,23.20,27.65,2181750,2882175
20220413,15:08,27.15,29.30,15.75,17.50,2214725,2882175
20220413,15:09,17.50,22.05,10.60,14.80,3175800,3356425
20220413,15:10,16.40,17.70,9.00,9.00,2593825,3356425
20220413,15:11,9.30,10.00,5.00,5.05,3422425,3356425
20220413,15:12,5.75,6.15,2.20,3.75,3940175,3974900
20220413,15:13,3.75,4.10,1.50,1.85,3194525,3974900
20220413,15:14,1.95,2.45,1.60,2.00,2487175,3974900
20220413,15:15,2.10,2.40,1.20,1.40,2076650,4361600
20220413,15:16,1.35,2.40,1.35,1.75,2222425,4361600
20220413,15:17,1.85,2.55,1.50,1.90,2882350,4361600
20220413,15:18,1.90,1.90,0.65,0.95,2236525,4826350
20220413,15:19,0.95,1.25,0.85,0.95,1450050,4826350
20220413,15:20,0.95,0.95,0.25,0.35,1886600,4826350
20220413,15:21,0.35,0.40,0.20,0.20,1468825,4615800
20220413,15:22,0.25,0.25,0.15,0.15,998975,4615800
20220413,15:23,0.15,0.20,0.10,0.10,728400,4615800
20220413,15:24,0.10,0.20,0.10,0.15,873100,3944050
20220413,15:25,0.15,0.20,0.05,0.05,799950,3944050
20220413,15:26,0.05,0.10,0.05,0.05,575275,3944050
20220413,15:27,0.10,0.10,0.05,0.05,309825,3556000
20220413,15:28,0.05,0.05,0.05,0.05,137675,3556000
20220413,15:29,0.05,0.05,0.05,0.05,139450,3556000
