20220114,09:16,11.85,11.90,11.85,11.90,102,225
20220114,09:17,9.00,10.45,4.70,5.20,450,225
20220114,09:19,8.75,8.75,8.75,8.75,75,225
20220114,09:20,8.75,8.75,8.75,8.75,400,225
20220114,09:23,7.50,8.75,7.50,7.65,450,1000
20220114,09:24,8.55,8.55,7.60,7.60,975,1000
20220114,09:25,7.70,7.85,7.70,7.85,225,1000
20220114,09:26,7.55,8.25,7.55,8.25,1050,2175
20220114,09:27,8.30,8.30,7.80,7.80,625,2175
20220114,09:28,8.40,8.40,8.40,8.40,25,2175
20220114,09:29,8.10,8.15,7.95,7.95,450,2850
20220114,09:30,8.15,8.20,7.70,8.00,625,2850
20220114,09:31,7.95,7.95,7.60,7.80,975,2850
20220114,09:32,7.55,7.55,6.10,6.75,6775,3650
20220114,09:33,6.75,6.80,6.50,6.50,9475,3650
20220114,09:34,6.50,6.50,6.40,6.40,5275,3650
20220114,09:35,6.50,6.50,6.50,6.50,25,3650
20220114,09:36,6.50,6.50,5.90,6.00,11350,22925
20220114,09:37,5.95,6.15,5.90,6.00,9600,22925
20220114,09:38,5.85,6.20,5.35,6.20,2350,22925
20220114,09:39,6.20,6.20,6.05,6.15,475,40475
20220114,09:40,6.15,6.35,6.15,6.35,1650,40475
20220114,09:41,6.35,6.50,6.35,6.50,1250,41625
20220114,09:42,6.30,6.30,6.30,6.30,50,41625
20220114,09:43,6.10,6.25,6.10,6.10,3675,41625
20220114,09:44,6.10,6.25,5.70,5.70,7425,50225
20220114,09:45,6.00,6.00,5.95,5.95,375,50225
20220114,09:46,5.95,5.95,5.95,5.95,25,50225
20220114,09:47,5.95,5.95,5.90,5.90,100,51275
20220114,09:49,5.90,5.95,5.85,5.90,475,51275
20220114,09:50,5.80,5.90,5.75,5.75,225,51025
20220114,09:51,5.60,5.75,5.60,5.75,325,51025
20220114,09:52,5.75,5.75,5.50,5.50,2625,51025
20220114,09:54,5.50,5.50,5.50,5.50,3525,54000
20220114,09:55,5.50,5.65,5.40,5.65,625,54000
20220114,09:56,5.65,5.70,5.65,5.70,475,54000
20220114,09:57,5.70,5.70,5.70,5.70,100,58125
20220114,09:58,5.70,5.70,5.70,5.70,275,58125
20220114,10:00,5.70,5.70,5.50,5.50,200,58500
20220114,10:02,5.70,5.70,5.50,5.70,350,58775
20220114,10:03,5.70,5.70,5.70,5.70,100,58775
20220114,10:04,5.70,5.80,5.70,5.80,300,58775
20220114,10:06,5.75,5.85,5.75,5.85,300,59225
20220114,10:08,5.85,5.85,5.85,5.85,100,59225
20220114,10:09,5.55,5.70,5.55,5.70,275,59225
20220114,10:10,5.70,5.75,5.70,5.75,100,59225
20220114,10:11,5.80,5.80,5.80,5.80,50,59150
20220114,10:12,5.80,6.00,5.80,5.90,850,59150
20220114,10:13,5.70,5.70,5.70,5.70,25,59150
20220114,10:15,5.90,5.90,5.70,5.70,150,59350
20220114,10:16,5.90,5.95,5.80,5.85,325,59350
20220114,10:17,5.80,5.85,5.80,5.85,425,59350
20220114,10:20,5.90,5.95,5.85,5.95,725,59450
20220114,10:21,5.90,5.95,5.90,5.95,175,59450
20220114,10:22,5.70,5.90,5.70,5.90,350,59450
20220114,10:23,5.70,5.70,5.70,5.70,200,59450
20220114,10:25,5.70,5.70,5.70,5.70,25,59250
20220114,10:26,5.55,5.65,5.50,5.65,1775,59150
20220114,10:27,5.55,5.55,5.55,5.55,25,59150
20220114,10:28,5.55,5.55,5.50,5.50,3650,59150
20220114,10:29,5.45,5.50,5.45,5.50,1475,64500
20220114,10:30,5.50,5.50,5.50,5.50,375,64500
20220114,10:31,5.35,5.35,5.25,5.25,1350,64500
20220114,10:32,5.40,5.40,5.40,5.40,75,64500
20220114,10:33,5.00,5.00,5.00,5.00,1200,66775
20220114,10:34,5.00,5.20,5.00,5.10,2900,66775
20220114,10:35,5.00,5.10,5.00,5.10,200,69900
20220114,10:36,5.10,5.10,5.10,5.10,125,69900
20220114,10:37,5.30,5.30,5.30,5.30,800,69900
20220114,10:39,4.95,4.95,4.95,4.95,50,70425
20220114,10:40,4.95,5.10,4.95,5.10,100,70425
20220114,10:41,5.00,5.25,5.00,5.20,1050,70400
20220114,10:42,5.10,5.30,5.10,5.15,325,70400
20220114,10:44,5.30,5.30,5.30,5.30,150,70400
20220114,10:45,5.25,5.25,5.25,5.25,100,70425
20220114,10:46,5.15,5.15,5.15,5.15,50,70425
20220114,10:47,5.15,5.15,5.15,5.15,25,70425
20220114,10:48,5.20,5.25,5.20,5.25,150,70450
20220114,10:49,5.10,5.20,5.10,5.20,475,70450
20220114,10:50,5.15,5.20,5.15,5.20,575,70450
20220114,10:51,5.20,5.25,5.20,5.25,250,70800
20220114,10:52,5.20,5.20,5.20,5.20,75,70800
20220114,10:53,5.25,5.30,5.20,5.20,325,70825
20220114,10:54,4.90,4.95,4.90,4.95,625,70825
20220114,10:55,4.95,4.95,4.75,4.80,1425,70825
20220114,10:56,4.70,4.85,4.70,4.85,275,70525
20220114,10:57,4.95,4.95,4.95,4.95,150,70525
20220114,10:59,4.90,4.90,4.85,4.85,275,70525
20220114,11:00,5.00,5.00,5.00,5.00,375,70500
20220114,11:01,4.85,4.85,4.85,4.85,50,70500
20220114,11:02,4.90,4.95,4.90,4.95,200,70550
20220114,11:03,4.95,4.95,4.95,4.95,125,70550
20220114,11:07,4.75,4.75,4.75,4.75,300,70800
20220114,11:08,4.75,4.95,4.75,4.95,150,70500
20220114,11:09,4.75,4.75,4.75,4.75,300,70500
20220114,11:11,4.70,4.70,4.65,4.70,550,70500
20220114,11:12,4.85,4.85,4.65,4.65,275,70500
20220114,11:13,4.60,4.60,4.60,4.60,325,70500
20220114,11:14,4.60,4.60,4.50,4.50,1700,70375
20220114,11:15,4.50,4.50,4.50,4.50,25,70375
20220114,11:16,4.50,4.60,4.50,4.60,125,70375
20220114,11:17,4.50,4.50,4.45,4.45,150,70375
20220114,11:18,4.35,4.35,4.30,4.30,50,70425
20220114,11:22,4.30,4.30,4.30,4.30,100,70425
20220114,11:23,4.30,4.30,4.30,4.30,75,70425
20220114,11:25,4.30,4.35,4.25,4.25,2725,70425
20220114,11:26,4.35,4.35,4.25,4.30,1400,70425
20220114,11:27,4.30,4.30,4.30,4.30,75,70325
20220114,11:28,4.30,4.40,4.30,4.40,500,70325
20220114,11:29,4.30,4.30,4.30,4.30,325,70325
20220114,11:32,4.25,4.25,4.25,4.25,500,70325
20220114,11:33,4.25,4.40,4.25,4.40,375,70325
20220114,11:34,4.40,4.40,4.25,4.25,100,70325
20220114,11:36,4.25,4.25,4.25,4.25,50,70325
20220114,11:37,4.25,4.25,4.25,4.25,25,70325
20220114,11:38,4.25,4.30,4.25,4.30,525,70325
20220114,11:39,4.25,4.30,4.25,4.25,875,70325
20220114,11:40,4.30,4.30,4.20,4.20,275,70325
20220114,11:42,4.20,4.20,4.10,4.10,2750,70325
20220114,11:43,4.10,4.10,4.05,4.05,150,70325
20220114,11:44,4.05,4.05,4.05,4.05,125,70325
20220114,11:45,4.10,4.10,4.10,4.10,50,70325
20220114,11:46,4.10,4.10,4.10,4.10,150,70325
20220114,11:47,4.10,4.15,4.05,4.15,700,70325
20220114,11:48,4.15,4.20,4.10,4.20,575,70275
20220114,11:49,4.15,4.15,4.15,4.15,25,70275
20220114,11:50,4.20,4.25,4.20,4.25,175,70275
20220114,11:52,4.25,4.30,4.25,4.30,600,70375
20220114,11:53,4.25,4.25,4.20,4.20,575,70375
20220114,11:54,4.15,4.15,4.15,4.15,125,70775
20220114,11:55,4.10,4.15,4.10,4.15,150,70775
20220114,11:56,4.10,4.10,4.10,4.10,150,70775
20220114,11:58,4.20,4.20,4.20,4.20,75,70775
20220114,12:00,4.20,4.35,4.20,4.35,325,70475
20220114,12:01,4.15,4.15,4.15,4.15,150,70475
20220114,12:03,4.10,4.10,4.10,4.10,100,70475
20220114,12:04,4.10,4.10,4.10,4.10,150,70475
20220114,12:07,4.05,4.05,4.05,4.05,75,70475
20220114,12:09,4.05,4.05,4.05,4.05,50,70575
20220114,12:10,4.20,4.20,4.05,4.05,50,70575
20220114,12:15,4.15,4.15,4.10,4.10,50,70600
20220114,12:16,4.10,4.10,4.10,4.10,275,70600
20220114,12:17,4.10,4.10,4.10,4.10,25,70600
20220114,12:18,4.10,4.10,4.10,4.10,250,70600
20220114,12:22,3.95,3.95,3.95,3.95,75,70550
20220114,12:24,3.95,3.95,3.95,3.95,25,70500
20220114,12:25,4.05,4.05,3.90,3.90,825,70500
20220114,12:26,3.90,3.90,3.90,3.90,350,70500
20220114,12:27,3.90,4.00,3.90,4.00,75,70350
20220114,12:28,3.90,3.95,3.90,3.95,50,70350
20220114,12:29,3.80,3.85,3.80,3.80,325,70350
20220114,12:31,3.80,3.80,3.80,3.80,25,70375
20220114,12:32,3.90,3.90,3.70,3.90,975,70375
20220114,12:34,3.75,3.85,3.70,3.70,1600,70125
20220114,12:35,3.50,3.50,3.50,3.50,75,70125
20220114,12:36,3.50,3.50,3.50,3.50,650,70125
20220114,12:38,3.40,3.40,3.40,3.40,300,70125
20220114,12:39,3.40,3.40,3.40,3.40,150,70450
20220114,12:42,3.55,3.55,3.55,3.55,50,70450
20220114,12:43,3.45,3.45,3.45,3.45,175,70450
20220114,12:44,3.45,3.55,3.45,3.45,300,70450
20220114,12:45,3.40,3.45,3.35,3.35,950,70300
20220114,12:46,3.40,3.40,3.35,3.35,475,70300
20220114,12:50,3.40,3.40,3.25,3.25,425,70300
20220114,12:51,3.25,3.30,3.25,3.30,325,70100
20220114,12:55,3.25,3.25,3.20,3.20,200,70100
20220114,12:56,3.20,3.20,3.20,3.20,100,70100
20220114,12:59,3.40,3.40,3.25,3.25,700,70100
20220114,13:00,3.25,3.25,3.25,3.25,100,69700
20220114,13:01,3.25,3.25,3.25,3.25,50,69700
20220114,13:02,3.30,3.30,3.30,3.30,350,69700
20220114,13:03,3.25,3.25,3.20,3.20,250,69900
20220114,13:04,3.20,3.20,3.20,3.20,125,69900
20220114,13:05,3.35,3.35,3.35,3.35,75,69900
20220114,13:10,3.25,3.25,3.25,3.25,200,69900
20220114,13:12,3.25,3.25,3.25,3.25,25,70200
20220114,13:14,3.35,3.35,3.35,3.35,75,70200
20220114,13:20,3.45,3.45,3.45,3.45,50,70200
20220114,13:21,3.50,3.60,3.40,3.40,650,70200
20220114,13:23,3.35,3.35,3.35,3.35,150,70200
20220114,13:24,3.35,3.35,3.35,3.35,250,70300
20220114,13:25,3.40,3.50,3.40,3.50,225,70300
20220114,13:26,3.35,3.50,3.35,3.50,425,70300
20220114,13:27,3.50,3.50,3.50,3.50,225,70675
20220114,13:28,3.50,3.50,3.50,3.50,125,70675
20220114,13:30,3.45,3.50,3.45,3.50,525,70675
20220114,13:31,3.50,3.50,3.50,3.50,150,70675
20220114,13:32,3.50,3.55,3.50,3.55,900,70675
20220114,13:33,3.60,3.60,3.60,3.60,150,70675
20220114,13:34,3.65,3.65,3.65,3.65,100,70825
20220114,13:37,3.60,3.60,3.60,3.60,250,70825
20220114,13:38,3.60,3.60,3.60,3.60,300,70825
20220114,13:40,3.65,3.65,3.65,3.65,300,70825
20220114,13:41,3.65,3.65,3.65,3.65,200,70825
20220114,13:42,3.65,3.65,3.65,3.65,75,70825
20220114,13:43,3.50,3.50,3.50,3.50,75,70800
20220114,13:45,3.55,3.55,3.55,3.55,75,70725
20220114,13:46,3.65,3.70,3.55,3.65,425,70725
20220114,13:47,3.65,3.80,3.65,3.80,325,70725
20220114,13:48,3.90,4.00,3.90,4.00,275,70725
20220114,13:49,3.95,3.95,3.90,3.90,150,70650
20220114,13:50,3.80,3.95,3.80,3.80,775,70650
20220114,13:51,3.80,3.80,3.65,3.65,475,70775
20220114,13:52,3.65,3.70,3.60,3.70,600,70775
20220114,13:53,3.70,3.70,3.70,3.70,225,70775
20220114,13:54,3.70,3.70,3.70,3.70,275,70950
20220114,13:55,3.70,3.70,3.70,3.70,325,70950
20220114,13:56,3.70,3.75,3.65,3.65,900,70950
20220114,13:57,3.65,3.70,3.65,3.70,250,70950
20220114,13:58,3.75,3.75,3.70,3.70,750,70950
20220114,13:59,3.65,3.65,3.55,3.65,1525,70950
20220114,14:00,3.60,3.60,3.60,3.60,450,70950
20220114,14:01,3.55,3.55,3.55,3.55,100,70875
20220114,14:04,3.65,3.65,3.65,3.65,25,70875
20220114,14:06,3.55,3.55,3.55,3.55,25,70825
20220114,14:07,3.55,3.55,3.55,3.55,75,70825
20220114,14:08,3.60,3.60,3.55,3.55,325,70825
20220114,14:09,3.55,3.60,3.55,3.60,225,70675
20220114,14:10,3.70,3.75,3.60,3.60,525,70675
20220114,14:12,3.65,3.65,3.60,3.60,250,70675
20220114,14:13,3.60,3.60,3.60,3.60,150,70525
20220114,14:14,3.70,3.70,3.70,3.70,75,70525
20220114,14:15,3.60,3.60,3.60,3.60,275,70250
20220114,14:16,3.50,3.65,3.50,3.65,150,70250
20220114,14:19,3.45,3.45,3.45,3.45,25,70275
20220114,14:20,3.35,3.45,3.25,3.25,700,70275
20220114,14:21,3.45,3.45,3.45,3.45,25,70275
20220114,14:23,3.20,3.20,3.15,3.15,200,70200
20220114,14:25,3.10,3.10,3.10,3.10,1400,70225
20220114,14:27,3.10,3.10,3.10,3.10,25,70175
20220114,14:28,3.10,3.10,3.05,3.05,1250,70175
20220114,14:29,2.95,2.95,2.95,2.95,1550,70175
20220114,14:30,3.00,3.00,3.00,3.00,900,70850
20220114,14:31,3.05,3.10,3.00,3.00,400,70850
20220114,14:32,3.00,3.05,3.00,3.05,100,70850
20220114,14:35,3.00,3.00,3.00,3.00,250,71500
20220114,14:36,3.00,3.00,2.90,2.90,1225,72400
20220114,14:37,2.85,2.85,2.85,2.85,1750,72400
20220114,14:38,2.85,2.85,2.85,2.85,1400,72400
20220114,14:39,2.85,2.85,2.85,2.85,1250,75375
20220114,14:40,2.85,2.85,2.85,2.85,3175,75375
20220114,14:41,2.85,2.85,2.85,2.85,550,75375
20220114,14:42,2.85,2.85,2.85,2.85,1175,75375
20220114,14:43,2.85,2.90,2.85,2.90,1275,78575
20220114,14:44,2.90,2.90,2.85,2.85,2375,78575
20220114,14:45,2.85,2.85,2.85,2.85,300,79675
20220114,14:46,2.90,2.90,2.90,2.90,175,79675
20220114,14:47,2.90,2.90,2.90,2.90,450,79675
20220114,14:48,2.90,2.90,2.85,2.85,750,79775
20220114,14:49,2.85,3.00,2.85,2.95,550,79775
20220114,14:50,2.90,2.90,2.85,2.85,300,79775
20220114,14:51,2.85,2.85,2.80,2.80,1375,79775
20220114,14:52,2.80,2.80,2.80,2.80,650,80675
20220114,14:53,2.80,2.85,2.80,2.85,600,80675
20220114,14:54,2.80,2.80,2.80,2.80,50,81500
20220114,14:55,2.80,2.80,2.80,2.80,500,81500
20220114,14:56,2.90,2.90,2.80,2.80,1000,81500
20220114,14:57,2.80,2.80,2.80,2.80,1800,81450
20220114,14:58,2.80,2.90,2.70,2.70,8300,81450
20220114,14:59,2.65,2.85,2.65,2.65,2650,81450
20220114,15:00,2.75,2.90,2.65,2.65,550,82075
20220114,15:01,2.80,2.90,2.65,2.65,675,82075
20220114,15:02,2.65,2.65,2.65,2.65,150,82075
20220114,15:03,2.65,2.65,2.65,2.65,200,82075
20220114,15:04,2.65,2.65,2.60,2.60,1600,82075
20220114,15:06,2.60,2.60,2.60,2.60,625,82075
20220114,15:07,2.60,2.65,2.60,2.65,1325,82075
20220114,15:08,2.60,2.65,2.60,2.65,75,82075
20220114,15:09,2.75,2.75,2.65,2.70,1375,82075
20220114,15:11,2.65,2.65,2.65,2.65,1200,82075
20220114,15:13,2.65,2.65,2.60,2.60,3025,82175
20220114,15:14,2.60,2.80,2.55,2.55,4150,82175
20220114,15:15,2.50,2.55,2.50,2.55,1075,82175
20220114,15:16,2.55,2.55,2.50,2.50,825,82200
20220114,15:17,2.60,2.60,2.55,2.55,1850,82200
20220114,15:18,2.55,2.70,2.55,2.65,2200,82100
20220114,15:19,2.60,2.70,2.60,2.70,1650,82100
20220114,15:20,2.65,2.70,2.65,2.65,3900,82100
20220114,15:21,2.65,2.65,2.60,2.60,1475,81800
20220114,15:22,2.60,2.80,2.55,2.55,6825,81800
20220114,15:23,2.75,2.75,2.75,2.75,50,81800
20220114,15:24,2.70,2.70,2.65,2.65,475,81175
20220114,15:25,2.65,2.65,2.60,2.65,650,81175
20220114,15:26,2.60,2.75,2.50,2.75,650,81175
20220114,15:27,2.55,2.60,2.50,2.50,850,81175
20220114,15:28,2.55,2.70,2.50,2.55,1800,80125
20220114,15:29,2.60,2.75,2.60,2.75,2175,80125
20220117,09:15,3.00,3.00,2.80,2.85,926,79225
20220117,09:16,2.85,3.10,2.85,2.85,6150,79225
20220117,09:17,2.85,2.95,2.85,2.90,450,79350
20220117,09:18,2.90,3.05,2.80,2.90,7100,79350
20220117,09:19,2.90,3.05,2.90,3.00,4725,79350
20220117,09:20,3.05,3.15,3.00,3.05,4175,79725
20220117,09:21,3.05,3.15,3.05,3.10,825,79725
20220117,09:22,3.00,3.05,2.95,3.00,900,79725
20220117,09:23,2.95,3.00,2.85,3.00,2300,79700
20220117,09:24,2.95,2.95,2.85,2.85,3000,79700
20220117,09:25,3.00,3.00,2.90,2.90,3475,79700
20220117,09:26,2.90,2.95,2.70,2.90,2500,79375
20220117,09:27,2.95,2.95,2.80,2.95,725,79375
20220117,09:28,2.85,2.95,2.85,2.95,2075,79375
20220117,09:29,2.90,3.00,2.85,2.90,5175,79525
20220117,09:30,2.90,2.95,2.90,2.90,350,79525
20220117,09:31,2.90,2.90,2.70,2.70,1075,79525
20220117,09:32,2.70,2.90,2.65,2.90,800,78250
20220117,09:33,2.80,2.80,2.80,2.80,50,78250
20220117,09:34,2.85,2.85,2.60,2.60,250,78250
20220117,09:35,2.75,2.90,2.70,2.75,850,78250
20220117,09:36,2.65,2.80,2.65,2.75,1625,78250
20220117,09:37,2.70,2.80,2.70,2.75,1850,78250
20220117,09:38,2.70,2.80,2.70,2.75,1150,78250
20220117,09:39,2.80,2.80,2.70,2.70,800,78250
20220117,09:40,2.70,2.80,2.70,2.75,2100,78250
20220117,09:41,2.80,2.85,2.80,2.85,425,78400
20220117,09:42,2.85,2.85,2.80,2.85,725,78400
20220117,09:43,2.80,2.80,2.80,2.80,200,78400
20220117,09:44,2.85,2.90,2.85,2.90,525,78400
20220117,09:45,2.90,2.95,2.75,2.75,3375,78850
20220117,09:46,2.90,2.90,2.90,2.90,25,78850
20220117,09:47,2.80,2.80,2.80,2.80,150,78825
20220117,09:48,2.85,2.85,2.80,2.80,475,78825
20220117,09:49,2.75,2.75,2.75,2.75,225,78825
20220117,09:50,2.75,2.85,2.65,2.70,1050,78800
20220117,09:51,2.70,2.80,2.65,2.65,375,78800
20220117,09:52,2.65,2.65,2.65,2.65,125,78800
20220117,09:53,2.65,2.65,2.60,2.60,450,78800
20220117,09:54,2.60,2.60,2.60,2.60,225,78800
20220117,09:55,2.55,2.75,2.50,2.70,2675,78800
20220117,09:56,2.60,2.60,2.60,2.60,200,78800
20220117,09:58,2.60,2.65,2.60,2.65,75,78800
20220117,09:59,2.60,2.60,2.60,2.60,50,78800
20220117,10:00,2.55,2.60,2.55,2.60,2150,78750
20220117,10:01,2.60,2.65,2.55,2.60,475,78750
20220117,10:02,2.60,2.60,2.60,2.60,200,78800
20220117,10:03,2.65,2.70,2.65,2.70,300,78800
20220117,10:04,2.70,2.70,2.70,2.70,150,78800
20220117,10:05,2.70,2.70,2.70,2.70,175,78675
20220117,10:06,2.70,2.70,2.70,2.70,100,78675
20220117,10:07,2.75,2.75,2.75,2.75,125,78675
20220117,10:08,2.75,2.75,2.75,2.75,50,78675
20220117,10:09,2.70,2.70,2.60,2.60,125,78725
20220117,10:10,2.60,2.60,2.60,2.60,25,78725
20220117,10:11,2.70,2.70,2.60,2.60,75,78625
20220117,10:12,2.60,2.65,2.60,2.65,75,78625
20220117,10:13,2.70,2.70,2.70,2.70,100,78625
20220117,10:14,2.55,2.60,2.55,2.60,150,78375
20220117,10:15,2.65,2.65,2.60,2.60,125,78375
20220117,10:16,2.55,2.60,2.55,2.55,1600,78375
20220117,10:17,2.50,2.50,2.50,2.50,575,78225
20220117,10:19,2.55,2.55,2.55,2.55,125,78225
20220117,10:20,2.55,2.60,2.50,2.50,525,77975
20220117,10:21,2.55,2.55,2.55,2.55,100,77975
20220117,10:23,2.50,2.55,2.50,2.55,200,77975
20220117,10:24,2.55,2.55,2.55,2.55,125,77750
20220117,10:25,2.50,2.55,2.45,2.45,75,77750
20220117,10:27,2.45,2.45,2.40,2.40,75,77700
20220117,10:28,2.40,2.40,2.40,2.40,25,77700
20220117,10:29,2.40,2.50,2.40,2.50,175,77675
20220117,10:31,2.40,2.40,2.40,2.40,25,77675
20220117,10:33,2.45,2.45,2.45,2.45,25,77650
20220117,10:35,2.40,2.40,2.35,2.35,300,77675
20220117,10:36,2.35,2.40,2.35,2.35,350,77675
20220117,10:37,2.35,2.40,2.35,2.40,100,77675
20220117,10:39,2.50,2.50,2.50,2.50,350,77600
20220117,10:40,2.50,2.50,2.50,2.50,275,77600
20220117,10:41,2.40,2.40,2.40,2.40,50,77600
20220117,10:48,2.35,2.35,2.35,2.35,50,77250
20220117,10:57,2.35,2.35,2.35,2.35,625,77250
20220117,10:59,2.40,2.40,2.40,2.40,25,77250
20220117,11:02,2.40,2.40,2.30,2.30,175,77250
20220117,11:03,2.30,2.40,2.30,2.40,75,77275
20220117,11:04,2.45,2.45,2.40,2.40,325,77275
20220117,11:08,2.35,2.35,2.35,2.35,25,77300
20220117,11:10,2.40,2.40,2.40,2.40,50,77275
20220117,11:14,2.35,2.40,2.35,2.40,225,77275
20220117,11:17,2.45,2.45,2.35,2.45,1100,77275
20220117,11:18,2.45,2.50,2.45,2.50,225,77275
20220117,11:19,2.55,2.60,2.55,2.60,250,77275
20220117,11:21,2.65,2.65,2.60,2.60,600,77325
20220117,11:22,2.65,2.65,2.65,2.65,1175,77325
20220117,11:23,2.60,2.60,2.60,2.60,25,77325
20220117,11:25,2.60,2.60,2.55,2.55,300,77500
20220117,11:27,2.60,2.60,2.60,2.60,225,77425
20220117,11:28,2.60,2.65,2.55,2.65,1050,77425
20220117,11:30,2.65,2.65,2.65,2.65,50,77150
20220117,11:31,2.65,2.65,2.60,2.60,500,77150
20220117,11:32,2.65,2.65,2.65,2.65,50,77150
20220117,11:33,2.65,2.65,2.55,2.65,1050,77150
20220117,11:34,2.70,2.70,2.65,2.65,375,77150
20220117,11:35,2.60,2.70,2.55,2.70,925,77150
20220117,11:36,2.50,2.60,2.50,2.60,150,77100
20220117,11:40,2.55,2.55,2.55,2.55,25,77175
20220117,11:41,2.55,2.55,2.55,2.55,100,77175
20220117,11:43,2.60,2.60,2.60,2.60,50,77150
20220117,11:46,2.50,2.55,2.50,2.50,250,77100
20220117,11:47,2.55,2.55,2.50,2.55,175,77050
20220117,11:48,2.50,2.50,2.50,2.50,50,77050
20220117,11:51,2.55,2.55,2.50,2.50,125,77050
20220117,11:52,2.50,2.50,2.50,2.50,150,77050
20220117,11:53,2.50,2.50,2.50,2.50,375,77050
20220117,11:54,2.45,2.45,2.45,2.45,225,77050
20220117,11:56,2.45,2.45,2.45,2.45,25,77050
20220117,11:58,2.45,2.50,2.45,2.50,50,76950
20220117,11:59,2.50,2.50,2.50,2.50,25,76950
20220117,12:00,2.45,2.45,2.45,2.45,450,76950
20220117,12:02,2.40,2.40,2.35,2.40,125,76950
20220117,12:05,2.35,2.35,2.35,2.35,150,76850
20220117,12:06,2.35,2.35,2.35,2.35,275,76850
20220117,12:08,2.45,2.45,2.45,2.45,200,76850
20220117,12:09,2.40,2.40,2.35,2.35,525,76850
20220117,12:13,2.40,2.40,2.35,2.35,300,76850
20220117,12:14,2.40,2.40,2.40,2.40,50,76850
20220117,12:15,2.40,2.40,2.40,2.40,25,76850
20220117,12:16,2.40,2.45,2.40,2.45,500,76850
20220117,12:17,2.45,2.50,2.45,2.50,100,76850
20220117,12:18,2.35,2.35,2.35,2.35,75,76850
20220117,12:20,2.40,2.40,2.40,2.40,25,76500
20220117,12:21,2.35,2.35,2.35,2.35,675,76500
20220117,12:22,2.35,2.35,2.35,2.35,275,76500
20220117,12:23,2.45,2.45,2.45,2.45,200,76500
20220117,12:25,2.35,2.35,2.35,2.35,175,76525
20220117,12:26,2.35,2.35,2.30,2.35,450,76525
20220117,12:27,2.30,2.30,2.30,2.30,50,76475
20220117,12:29,2.35,2.35,2.35,2.35,200,76475
20220117,12:30,2.35,2.35,2.35,2.35,25,76325
20220117,12:33,2.35,2.35,2.35,2.35,600,76325
20220117,12:36,2.40,2.40,2.40,2.40,500,75725
20220117,12:37,2.40,2.40,2.35,2.35,500,75725
20220117,12:38,2.35,2.45,2.35,2.45,2900,75725
20220117,12:39,2.45,2.55,2.45,2.55,500,76075
20220117,12:40,2.55,2.55,2.55,2.55,150,76075
20220117,12:41,2.45,2.45,2.45,2.45,50,76075
20220117,12:42,2.40,2.55,2.40,2.55,250,76100
20220117,12:43,2.40,2.50,2.40,2.50,1325,76100
20220117,12:44,2.55,2.55,2.55,2.55,1725,76100
20220117,12:45,2.45,2.55,2.45,2.55,300,75750
20220117,12:46,2.50,2.55,2.50,2.50,2575,75750
20220117,12:48,2.50,2.50,2.50,2.50,50,75750
20220117,12:49,2.50,2.55,2.50,2.50,150,75775
20220117,12:50,2.55,2.55,2.55,2.55,100,75775
20220117,12:52,2.50,2.50,2.50,2.50,300,75600
20220117,12:53,2.50,2.50,2.50,2.50,50,75600
20220117,12:54,2.45,2.45,2.45,2.45,200,75400
20220117,12:55,2.50,2.50,2.50,2.50,150,75400
20220117,12:57,2.45,2.45,2.45,2.45,75,75400
20220117,12:58,2.40,2.40,2.40,2.40,100,75400
20220117,12:59,2.40,2.40,2.40,2.40,1525,75400
20220117,13:00,2.40,2.40,2.40,2.40,275,75225
20220117,13:03,2.40,2.45,2.40,2.45,950,75200
20220117,13:05,2.40,2.40,2.40,2.40,25,75200
20220117,13:06,2.45,2.45,2.45,2.45,350,74350
20220117,13:08,2.40,2.40,2.40,2.40,25,74350
20220117,13:09,2.40,2.40,2.40,2.40,625,74350
20220117,13:10,2.40,2.40,2.40,2.40,550,74350
20220117,13:11,2.40,2.40,2.40,2.40,25,74350
20220117,13:12,2.35,2.35,2.35,2.35,600,74300
20220117,13:13,2.35,2.35,2.35,2.35,275,74300
20220117,13:17,2.40,2.40,2.40,2.40,400,74300
20220117,13:18,2.40,2.40,2.35,2.35,150,74300
20220117,13:24,2.35,2.35,2.35,2.35,325,74325
20220117,13:28,2.30,2.30,2.30,2.30,25,74325
20220117,13:30,2.45,2.45,2.45,2.45,375,74325
20220117,13:31,2.40,2.40,2.35,2.35,175,74350
20220117,13:35,2.35,2.35,2.35,2.35,25,74175
20220117,13:36,2.35,2.35,2.35,2.35,150,74150
20220117,13:44,2.35,2.35,2.35,2.35,50,74075
20220117,13:45,2.40,2.40,2.40,2.40,75,74075
20220117,13:46,2.30,2.30,2.30,2.30,500,74075
20220117,13:47,2.30,2.30,2.30,2.30,225,74075
20220117,13:49,2.30,2.30,2.30,2.30,450,74075
20220117,13:50,2.30,2.30,2.30,2.30,50,74075
20220117,13:53,2.25,2.25,2.25,2.25,25,74075
20220117,13:57,2.25,2.25,2.25,2.25,50,74050
20220117,14:01,2.20,2.20,2.20,2.20,200,74050
20220117,14:03,2.20,2.20,2.20,2.20,225,74050
20220117,14:04,2.20,2.20,2.20,2.20,850,73875
20220117,14:06,2.20,2.20,2.15,2.20,750,73875
20220117,14:08,2.20,2.20,2.20,2.20,75,73875
20220117,14:10,2.15,2.15,2.15,2.15,325,73800
20220117,14:12,2.25,2.25,2.15,2.15,250,73800
20220117,14:13,2.20,2.20,2.20,2.20,25,73650
20220117,14:16,2.20,2.30,2.20,2.30,550,73675
20220117,14:20,2.15,2.20,2.15,2.20,225,73175
20220117,14:21,2.15,2.15,2.15,2.15,125,73175
20220117,14:22,2.15,2.15,2.15,2.15,1025,73175
20220117,14:23,2.15,2.15,2.15,2.15,2400,73175
20220117,14:24,2.20,2.20,2.20,2.20,100,73850
20220117,14:25,2.15,2.15,2.15,2.15,125,73850
20220117,14:26,2.10,2.10,2.10,2.10,50,73850
20220117,14:27,2.15,2.15,2.15,2.15,25,73850
20220117,14:28,2.15,2.15,2.15,2.15,150,73825
20220117,14:29,2.15,2.15,2.15,2.15,400,73825
20220117,14:31,2.15,2.15,2.10,2.10,150,73300
20220117,14:32,2.10,2.15,2.10,2.15,125,73300
20220117,14:33,2.15,2.15,2.15,2.15,50,73300
20220117,14:34,2.15,2.15,2.15,2.15,50,73450
20220117,14:35,2.15,2.15,2.15,2.15,2500,73450
20220117,14:36,2.15,2.15,2.10,2.15,275,73450
20220117,14:37,2.15,2.15,2.15,2.15,950,73250
20220117,14:38,2.15,2.15,2.15,2.15,25,73250
20220117,14:40,2.15,2.15,2.15,2.15,25,73250
20220117,14:41,2.15,2.15,2.15,2.15,25,73250
20220117,14:42,2.15,2.15,2.15,2.15,275,73250
20220117,14:43,2.10,2.15,2.10,2.10,1550,73250
20220117,14:44,2.15,2.15,2.15,2.15,75,73250
20220117,14:45,2.10,2.10,2.10,2.10,25,73250
20220117,14:47,2.10,2.10,2.10,2.10,500,73225
20220117,14:48,2.10,2.10,2.10,2.10,225,73225
20220117,14:49,2.10,2.10,2.10,2.10,2775,73225
20220117,14:51,2.05,2.05,2.05,2.05,125,73475
20220117,14:52,2.05,2.05,1.95,1.95,325,73475
20220117,14:53,1.95,2.10,1.95,2.00,325,73475
20220117,14:56,2.00,2.00,2.00,2.00,25,72925
20220117,14:57,2.10,2.10,2.00,2.00,800,72400
20220117,14:58,2.00,2.00,1.95,2.00,1300,72400
20220117,15:02,1.95,2.05,1.95,2.05,525,71525
20220117,15:03,1.95,1.95,1.95,1.95,50,71525
20220117,15:04,2.00,2.00,2.00,2.00,500,71100
20220117,15:05,2.00,2.00,2.00,2.00,300,71100
20220117,15:06,1.90,1.90,1.90,1.90,200,71100
20220117,15:07,1.95,1.95,1.95,1.95,350,70400
20220117,15:09,1.95,2.00,1.90,1.90,1600,69950
20220117,15:10,1.90,1.95,1.75,1.80,1500,69950
20220117,15:11,1.80,1.80,1.75,1.75,450,69950
20220117,15:13,1.75,1.75,1.75,1.75,650,69475
20220117,15:14,1.70,1.70,1.70,1.70,50,69475
20220117,15:15,1.65,1.80,1.65,1.70,4950,69550
20220117,15:16,1.75,1.75,1.65,1.65,1600,69550
20220117,15:17,1.65,1.75,1.60,1.75,1975,69550
20220117,15:18,1.70,1.75,1.65,1.75,1100,69650
20220117,15:19,1.75,1.75,1.70,1.75,125,69650
20220117,15:20,1.75,1.75,1.65,1.65,1550,69650
20220117,15:21,1.65,1.65,1.60,1.60,1425,69650
20220117,15:22,1.55,1.60,1.40,1.45,12550,69325
20220117,15:23,1.45,1.45,1.40,1.40,2875,69325
20220117,15:24,1.60,1.60,1.60,1.60,200,69325
20220117,15:25,1.50,1.50,1.40,1.40,800,69325
20220117,15:26,1.40,1.40,1.40,1.40,225,69325
20220117,15:28,1.45,1.45,1.40,1.40,575,69425
20220117,15:29,1.45,1.45,1.40,1.40,1700,69425
20220118,09:15,1.50,1.90,1.50,1.90,3027,68950
20220118,09:16,1.90,1.90,1.55,1.55,2175,68950
20220118,09:17,1.55,1.75,1.55,1.60,1450,69600
20220118,09:18,1.65,1.70,1.65,1.70,200,69600
20220118,09:19,1.65,1.65,1.60,1.60,350,69600
20220118,09:20,1.65,1.70,1.60,1.60,200,69475
20220118,09:21,1.65,1.70,1.55,1.55,175,69475
20220118,09:23,1.70,1.70,1.55,1.70,1025,69425
20220118,09:24,1.55,1.70,1.55,1.65,1125,69425
20220118,09:25,1.65,1.65,1.60,1.60,900,69425
20220118,09:26,1.65,1.65,1.55,1.55,1175,69450
20220118,09:27,1.55,1.75,1.55,1.75,3675,69450
20220118,09:28,1.80,1.85,1.75,1.85,4475,69450
20220118,09:29,1.85,1.85,1.75,1.80,4275,69625
20220118,09:30,1.80,1.80,1.70,1.70,2500,69625
20220118,09:31,1.80,1.90,1.80,1.90,6300,69625
20220118,09:34,1.90,1.90,1.85,1.90,4525,69525
20220118,09:35,1.90,1.90,1.90,1.90,525,69525
20220118,09:38,1.75,1.90,1.70,1.70,3175,69525
20220118,09:39,1.80,1.85,1.80,1.85,525,69500
20220118,09:40,1.70,1.90,1.55,1.55,10075,69500
20220118,09:41,1.55,1.55,1.55,1.55,2650,69500
20220118,09:42,1.60,1.60,1.55,1.55,3725,69175
20220118,09:43,1.55,1.55,1.40,1.40,3575,69175
20220118,09:44,1.40,1.40,1.40,1.40,1675,68950
20220118,09:45,1.40,1.40,1.35,1.35,1225,68950
20220118,09:48,1.35,1.55,1.35,1.55,150,68950
20220118,09:49,1.60,1.60,1.50,1.60,1150,68950
20220118,09:50,1.60,1.65,1.50,1.65,3075,69500
20220118,09:51,1.65,1.75,1.65,1.75,1625,69500
20220118,09:52,1.75,1.80,1.75,1.80,3125,69500
20220118,09:54,1.80,1.80,1.75,1.80,2200,69125
20220118,09:55,1.75,1.75,1.75,1.75,325,69125
20220118,09:57,1.65,1.75,1.65,1.75,1625,69200
20220118,09:58,1.65,1.70,1.50,1.50,6700,69200
20220118,09:59,1.65,1.65,1.40,1.40,4100,69200
20220118,10:01,1.60,1.60,1.60,1.60,75,68525
20220118,10:03,1.50,1.60,1.50,1.60,475,68525
20220118,10:05,1.60,1.65,1.60,1.65,50,68525
20220118,10:06,1.65,1.65,1.55,1.60,500,68800
20220118,10:08,1.65,1.65,1.65,1.65,325,68800
20220118,10:11,1.60,1.60,1.60,1.60,625,68900
20220118,10:12,1.60,1.60,1.60,1.60,200,68900
20220118,10:14,1.50,1.60,1.50,1.60,125,68900
20220118,10:15,1.65,1.65,1.55,1.55,275,68900
20220118,10:16,1.55,1.60,1.50,1.60,3400,68900
20220118,10:17,1.60,1.60,1.50,1.50,600,68950
20220118,10:22,1.55,1.55,1.55,1.55,50,68950
20220118,10:25,1.55,1.55,1.55,1.55,25,68850
20220118,10:26,1.60,1.60,1.60,1.60,350,68850
20220118,10:27,1.60,1.60,1.55,1.55,200,68825
20220118,10:28,1.60,1.60,1.55,1.55,525,68825
20220118,10:29,1.60,1.60,1.60,1.60,300,68650
20220118,10:30,1.60,1.60,1.55,1.60,900,68650
20220118,10:31,1.60,1.60,1.55,1.55,1350,68650
20220118,10:32,1.60,1.60,1.60,1.60,225,68650
20220118,10:33,1.65,1.65,1.65,1.65,100,68925
20220118,10:34,1.65,1.65,1.65,1.65,25,68925
20220118,10:36,1.65,1.65,1.65,1.65,800,69050
20220118,10:37,1.65,1.65,1.65,1.65,175,69050
20220118,10:38,1.65,1.65,1.65,1.65,100,69050
20220118,10:41,1.65,1.65,1.65,1.65,100,69050
20220118,10:43,1.65,1.65,1.65,1.65,500,69050
20220118,10:44,1.65,1.65,1.65,1.65,600,69050
20220118,10:45,1.65,1.65,1.60,1.60,375,69050
20220118,10:46,1.65,1.65,1.65,1.65,1275,69050
20220118,10:47,1.70,1.70,1.70,1.70,400,69050
20220118,10:48,1.65,1.65,1.65,1.65,650,69125
20220118,10:49,1.65,1.65,1.65,1.65,100,69125
20220118,10:50,1.70,1.70,1.70,1.70,100,69125
20220118,10:53,1.65,1.70,1.65,1.65,300,69200
20220118,10:54,1.75,1.75,1.65,1.75,700,69200
20220118,10:56,1.55,1.55,1.55,1.55,175,69200
20220118,10:57,1.75,1.75,1.70,1.70,400,69225
20220118,11:00,1.75,1.75,1.75,1.75,1025,69225
20220118,11:01,1.80,1.80,1.80,1.80,150,69225
20220118,11:02,1.80,1.80,1.80,1.80,725,69300
20220118,11:04,1.80,1.80,1.80,1.80,25,69300
20220118,11:05,1.80,1.80,1.80,1.80,25,69300
20220118,11:07,1.60,1.60,1.60,1.60,50,69300
20220118,11:10,1.80,1.80,1.65,1.65,375,69250
20220118,11:12,1.55,1.55,1.55,1.55,75,69250
20220118,11:14,1.70,1.70,1.70,1.70,25,69250
20220118,11:15,1.75,1.75,1.70,1.70,125,69175
20220118,11:16,1.75,1.75,1.75,1.75,50,69175
20220118,11:17,1.75,1.75,1.75,1.75,400,69300
20220118,11:18,1.75,1.75,1.75,1.75,550,69300
20220118,11:19,1.75,1.80,1.75,1.80,475,69300
20220118,11:20,1.80,1.80,1.80,1.80,550,69300
20220118,11:21,1.80,1.80,1.80,1.80,700,69300
20220118,11:22,1.80,1.80,1.80,1.80,275,69300
20220118,11:23,1.75,1.75,1.75,1.75,125,69300
20220118,11:24,1.75,1.75,1.75,1.75,75,69300
20220118,11:27,1.75,1.75,1.75,1.75,150,69300
20220118,11:29,1.75,1.75,1.75,1.75,500,69300
20220118,11:31,1.75,1.75,1.75,1.75,75,69300
20220118,11:32,1.75,1.75,1.75,1.75,25,69300
20220118,11:35,1.60,1.60,1.60,1.60,75,69300
20220118,11:36,1.75,1.75,1.75,1.75,100,69300
20220118,11:38,1.60,1.60,1.60,1.60,25,69300
20220118,11:41,1.70,1.70,1.70,1.70,100,69300
20220118,11:42,1.70,1.70,1.70,1.70,475,69275
20220118,11:45,1.70,1.70,1.70,1.70,25,69275
20220118,11:49,1.55,1.55,1.55,1.55,575,69275
20220118,11:53,1.55,1.55,1.55,1.55,150,69275
20220118,12:03,1.55,1.55,1.50,1.55,225,69275
20220118,12:04,1.55,1.55,1.55,1.55,300,69275
20220118,12:05,1.55,1.55,1.55,1.55,100,69275
20220118,12:06,1.55,1.60,1.50,1.60,475,69200
20220118,12:08,1.65,1.70,1.60,1.70,475,69200
20220118,12:09,1.65,1.65,1.65,1.65,250,69300
20220118,12:10,1.65,1.70,1.65,1.70,250,69300
20220118,12:11,1.70,1.70,1.70,1.70,175,69300
20220118,12:12,1.70,1.70,1.70,1.70,100,69300
20220118,12:13,1.70,1.70,1.70,1.70,400,69300
20220118,12:14,1.70,1.70,1.70,1.70,275,69300
20220118,12:15,1.70,1.70,1.70,1.70,75,69300
20220118,12:17,1.70,1.70,1.70,1.70,25,69300
20220118,12:18,1.70,1.70,1.70,1.70,2450,69300
20220118,12:19,1.75,1.80,1.75,1.80,350,69300
20220118,12:22,1.80,1.80,1.80,1.80,25,69300
20220118,12:23,1.80,1.80,1.80,1.80,250,69300
20220118,12:24,1.80,1.80,1.80,1.80,100,69300
20220118,12:25,1.70,1.70,1.70,1.70,450,69300
20220118,12:26,1.80,1.80,1.60,1.70,2200,69300
20220118,12:27,1.75,1.75,1.55,1.55,1100,69275
20220118,12:28,1.75,1.75,1.75,1.75,375,69275
20220118,12:29,1.75,1.75,1.75,1.75,150,69275
20220118,12:31,1.75,1.75,1.75,1.75,50,69200
20220118,12:32,1.75,1.75,1.75,1.75,25,69200
20220118,12:33,1.80,1.80,1.80,1.80,125,69275
20220118,12:34,1.80,1.80,1.80,1.80,25,69275
20220118,12:35,1.60,1.60,1.60,1.60,300,69275
20220118,12:38,1.70,1.70,1.70,1.70,100,69000
20220118,12:43,1.70,1.70,1.55,1.55,175,69100
20220118,12:44,1.55,1.55,1.55,1.55,25,69100
20220118,12:45,1.65,1.70,1.65,1.70,400,69275
20220118,12:46,1.70,1.70,1.60,1.60,125,69275
20220118,12:47,1.65,1.70,1.65,1.70,550,69275
20220118,12:48,1.65,1.70,1.65,1.70,325,69375
20220118,12:49,1.70,1.70,1.70,1.70,1525,69375
20220118,12:50,1.70,1.70,1.70,1.70,825,69375
20220118,12:51,1.70,1.90,1.70,1.75,4600,69375
20220118,12:52,1.80,1.90,1.80,1.90,350,69375
20220118,12:53,1.90,1.90,1.75,1.90,800,69375
20220118,12:54,1.90,1.90,1.90,1.90,425,69900
20220118,12:55,1.70,1.85,1.70,1.85,550,69900
20220118,12:56,1.80,1.80,1.80,1.80,350,69900
20220118,12:57,1.80,1.80,1.80,1.80,125,69750
20220118,12:58,1.75,1.75,1.65,1.65,225,69750
20220118,12:59,1.65,1.65,1.65,1.65,300,69750
20220118,13:01,1.80,1.80,1.80,1.80,225,69750
20220118,13:02,1.80,1.80,1.80,1.80,250,69525
20220118,13:05,1.90,1.90,1.90,1.90,325,69825
20220118,13:06,1.90,1.90,1.90,1.90,1100,69825
20220118,13:07,1.90,2.05,1.85,1.90,1525,69825
20220118,13:09,1.75,1.75,1.75,1.75,75,69825
20220118,13:10,1.75,1.80,1.75,1.80,725,69525
20220118,13:11,1.85,1.95,1.65,1.90,575,69525
20220118,13:13,1.70,1.95,1.70,1.95,600,69900
20220118,13:14,2.05,2.05,2.05,2.05,100,69900
20220118,13:15,2.15,2.15,1.95,1.95,525,69900
20220118,13:16,2.10,2.15,1.95,2.00,300,69900
20220118,13:18,2.00,2.00,2.00,2.00,25,69900
20220118,13:20,2.25,2.30,2.25,2.30,275,69900
20220118,13:23,1.90,1.95,1.90,1.90,1250,69875
20220118,13:24,1.75,1.75,1.70,1.70,75,69475
20220118,13:25,1.65,1.65,1.65,1.65,25,69475
20220118,13:26,1.60,1.60,1.60,1.60,100,69475
20220118,13:30,1.70,1.70,1.70,1.70,150,69475
20220118,13:31,1.70,1.80,1.70,1.80,1350,69475
20220118,13:34,1.75,1.75,1.75,1.75,25,69875
20220118,13:35,1.70,1.80,1.70,1.80,100,69875
20220118,13:36,1.65,1.65,1.65,1.65,25,69875
20220118,13:37,1.65,1.65,1.65,1.65,175,69900
20220118,13:38,1.55,1.60,1.50,1.55,850,69900
20220118,13:39,1.55,1.55,1.55,1.55,25,69475
20220118,13:40,1.55,1.55,1.55,1.55,50,69475
20220118,13:41,1.55,1.65,1.55,1.60,750,69475
20220118,13:42,1.55,1.60,1.50,1.50,925,69400
20220118,13:43,1.60,1.65,1.45,1.45,700,69400
20220118,13:44,1.50,1.50,1.50,1.50,150,69400
20220118,13:45,1.45,1.50,1.45,1.50,100,69400
20220118,13:46,1.45,1.55,1.35,1.35,825,69450
20220118,13:47,1.35,1.40,1.35,1.40,400,69450
20220118,13:48,1.35,1.35,1.35,1.35,1275,69425
20220118,13:49,1.35,1.35,1.35,1.35,725,69425
20220118,13:50,1.40,1.40,1.40,1.40,150,69425
20220118,13:51,1.35,1.40,1.35,1.40,275,69350
20220118,13:52,1.40,1.40,1.40,1.40,100,69350
20220118,13:53,1.35,1.35,1.35,1.35,150,69350
20220118,13:54,1.35,1.35,1.35,1.35,425,69350
20220118,13:55,1.35,1.35,1.35,1.35,675,69350
20220118,13:57,1.35,1.35,1.35,1.35,900,69350
20220118,13:58,1.35,1.35,1.35,1.35,1725,69350
20220118,13:59,1.35,1.35,1.35,1.35,75,69350
20220118,14:00,1.35,1.40,1.35,1.35,1325,69350
20220118,14:02,1.35,1.35,1.35,1.35,2300,69350
20220118,14:03,1.35,1.35,1.35,1.35,950,69275
20220118,14:07,1.45,1.45,1.45,1.45,75,69275
20220118,14:10,1.30,1.30,1.30,1.30,75,69275
20220118,14:11,1.30,1.30,1.30,1.30,50,69275
20220118,14:14,1.40,1.40,1.40,1.40,75,69275
20220118,14:16,1.40,1.40,1.40,1.40,25,69200
20220118,14:17,1.40,1.40,1.40,1.40,50,69200
20220118,14:18,1.40,1.40,1.40,1.40,550,69200
20220118,14:19,1.45,1.45,1.45,1.45,350,69200
20220118,14:20,1.45,1.50,1.45,1.50,525,69200
20220118,14:22,1.40,1.40,1.35,1.35,350,69575
20220118,14:23,1.45,1.45,1.35,1.35,550,69575
20220118,14:24,1.30,1.30,1.25,1.25,1225,69400
20220118,14:27,1.20,1.20,1.15,1.15,625,69400
20220118,14:29,1.15,1.15,1.15,1.15,450,69125
20220118,14:30,1.15,1.15,1.15,1.15,125,69125
20220118,14:31,1.15,1.15,1.15,1.15,2300,69125
20220118,14:32,1.15,1.20,1.10,1.10,1575,69125
20220118,14:33,1.10,1.10,1.10,1.10,300,69125
20220118,14:34,1.10,1.20,1.10,1.20,400,69050
20220118,14:37,1.20,1.20,1.10,1.10,1925,69050
20220118,14:38,1.05,1.05,1.05,1.05,1600,69050
20220118,14:39,1.05,1.10,1.05,1.10,1400,69050
20220118,14:40,1.10,1.10,1.10,1.10,350,69050
20220118,14:41,1.10,1.10,1.10,1.10,150,69050
20220118,14:42,1.10,1.10,1.05,1.05,200,69050
20220118,14:43,1.05,1.05,1.05,1.05,25,69050
20220118,14:45,1.00,1.00,1.00,1.00,250,69050
20220118,14:46,1.00,1.00,1.00,1.00,200,69050
20220118,14:47,1.00,1.00,0.95,0.95,250,69050
20220118,14:50,0.95,0.95,0.95,0.95,225,69050
20220118,14:51,0.95,0.95,0.95,0.95,550,69050
20220118,14:52,0.95,0.95,0.85,0.95,4975,69050
20220118,14:53,0.90,0.90,0.90,0.90,500,69050
20220118,14:54,0.85,0.95,0.85,0.95,500,69000
20220118,14:55,0.85,0.85,0.85,0.85,225,69000
20220118,14:56,0.85,0.85,0.85,0.85,1200,69000
20220118,14:57,0.85,0.85,0.80,0.80,675,68975
20220118,14:58,0.80,0.80,0.80,0.80,750,68975
20220118,14:59,0.80,0.80,0.75,0.75,1425,68975
20220118,15:00,0.70,0.75,0.70,0.75,4975,68975
20220118,15:01,0.75,0.75,0.70,0.70,725,68975
20220118,15:02,0.65,0.65,0.65,0.65,5100,68975
20220118,15:03,0.60,0.70,0.60,0.65,4400,68975
20220118,15:04,0.65,0.65,0.65,0.65,1100,68975
20220118,15:05,0.65,0.65,0.60,0.60,1875,68975
20220118,15:06,0.60,0.60,0.60,0.60,125,68975
20220118,15:07,0.70,0.70,0.70,0.70,1125,68975
20220118,15:09,0.70,0.70,0.70,0.70,350,68975
20220118,15:10,0.65,0.65,0.65,0.65,1275,68975
20220118,15:12,0.65,0.65,0.65,0.65,300,68975
20220118,15:13,0.65,0.70,0.65,0.70,1850,68975
20220118,15:14,0.70,0.90,0.60,0.85,7400,68975
20220118,15:15,0.75,0.90,0.75,0.90,1875,68975
20220118,15:16,0.90,0.95,0.85,0.95,1025,69200
20220118,15:17,0.95,1.00,0.95,1.00,525,69200
20220118,15:19,0.80,1.00,0.80,1.00,2125,69225
20220118,15:20,0.95,0.95,0.80,0.80,250,69225
20220118,15:21,0.80,1.00,0.80,1.00,1975,69225
20220118,15:22,1.00,1.10,0.85,1.05,2575,69225
20220118,15:23,0.90,0.90,0.90,0.90,425,69225
20220118,15:24,0.90,0.90,0.90,0.90,150,69225
20220118,15:25,0.75,0.75,0.75,0.75,600,68925
20220118,15:27,0.75,0.75,0.75,0.75,125,68925
20220118,15:28,0.75,0.75,0.75,0.75,50,68900
20220118,15:29,0.95,0.95,0.70,0.90,4100,68900
20220119,09:15,1.10,1.10,1.05,1.05,626,68925
20220119,09:16,1.05,1.30,1.00,1.20,10450,68925
20220119,09:17,1.20,1.25,1.15,1.25,5675,70300
20220119,09:18,1.25,1.50,1.15,1.50,10000,70300
20220119,09:19,1.50,1.55,1.30,1.30,1375,70300
20220119,09:20,1.35,1.50,1.25,1.35,1250,70225
20220119,09:21,1.40,1.60,1.25,1.60,2875,70225
20220119,09:22,1.80,1.80,1.50,1.50,300,70225
20220119,09:23,1.75,1.75,1.65,1.65,800,69975
20220119,09:24,1.65,1.70,1.65,1.70,1875,69975
20220119,09:25,1.75,1.75,1.70,1.70,150,69975
20220119,09:26,1.80,2.05,1.80,1.95,1850,69850
20220119,09:27,1.95,2.20,1.95,2.15,1750,69850
20220119,09:28,2.30,2.45,2.30,2.45,400,69850
20220119,09:29,2.20,2.35,2.15,2.35,225,69825
20220119,09:30,2.40,2.45,2.40,2.45,75,69825
20220119,09:31,2.25,2.25,2.25,2.25,125,69825
20220119,09:32,2.20,2.30,2.15,2.30,500,69750
20220119,09:33,2.05,2.05,1.90,2.05,250,69750
20220119,09:34,2.05,2.25,2.05,2.05,150,69750
20220119,09:35,2.10,2.25,2.05,2.15,500,69900
20220119,09:36,2.00,2.05,2.00,2.05,200,69900
20220119,09:37,1.95,2.10,1.95,2.10,375,69900
20220119,09:38,1.95,2.25,1.95,2.25,2500,69550
20220119,09:39,2.00,2.00,2.00,2.00,50,69550
20220119,09:40,2.15,2.20,2.10,2.15,350,69550
20220119,09:41,2.20,2.20,2.20,2.20,350,69550
20220119,09:43,2.20,2.25,2.05,2.20,1250,70275
20220119,09:44,2.20,2.30,2.10,2.15,1000,70350
20220119,09:45,2.15,2.40,2.15,2.40,1350,70350
20220119,09:46,2.35,2.35,2.30,2.30,650,70350
20220119,09:47,2.35,2.60,2.30,2.35,1700,71250
20220119,09:48,2.45,2.50,2.40,2.45,650,71250
20220119,09:49,2.50,2.50,2.40,2.40,175,71250
20220119,09:50,2.45,2.50,2.40,2.45,1175,70675
20220119,09:51,2.40,2.45,2.40,2.45,300,70675
20220119,09:52,2.45,2.60,2.40,2.60,725,70675
20220119,09:54,2.45,2.45,2.45,2.45,375,70900
20220119,09:55,2.50,2.70,2.45,2.70,1050,70900
20220119,09:56,2.55,2.55,2.40,2.40,225,70950
20220119,09:57,2.40,2.40,2.40,2.40,400,70950
20220119,09:58,2.30,2.30,2.25,2.25,1675,70950
20220119,09:59,2.25,2.35,2.25,2.35,475,70850
20220119,10:00,2.40,2.45,2.35,2.45,3075,70850
20220119,10:01,2.45,2.55,2.45,2.55,1325,70850
20220119,10:02,2.45,2.45,2.45,2.45,575,70450
20220119,10:03,2.30,2.30,2.30,2.30,125,70450
20220119,10:04,2.30,2.35,2.30,2.30,1550,70450
20220119,10:05,2.30,2.40,2.25,2.35,1850,70125
20220119,10:06,2.40,2.40,2.30,2.30,500,70125
20220119,10:07,2.30,2.30,2.30,2.30,25,70125
20220119,10:08,2.30,2.30,2.25,2.25,1575,70125
20220119,10:10,2.35,2.35,2.30,2.30,275,70175
20220119,10:15,2.35,2.35,2.15,2.15,1225,70050
20220119,10:16,2.15,2.20,2.15,2.20,525,70050
20220119,10:18,2.15,2.15,2.15,2.15,775,69825
20220119,10:19,2.15,2.20,2.15,2.20,75,69825
20220119,10:22,2.05,2.05,2.05,2.05,300,69725
20220119,10:23,2.10,2.10,2.10,2.10,25,69650
20220119,10:25,2.10,2.10,2.10,2.10,25,69650
20220119,10:26,1.90,1.90,1.90,1.90,50,69650
20220119,10:27,1.90,2.05,1.90,2.05,175,69650
20220119,10:29,2.05,2.05,2.05,2.05,100,69650
20220119,10:33,2.05,2.05,2.05,2.05,75,69650
20220119,10:34,1.95,1.95,1.95,1.95,325,69650
20220119,10:50,1.75,1.75,1.75,1.75,275,69525
20220119,10:53,1.85,1.85,1.85,1.85,25,69525
20220119,10:54,1.85,1.85,1.85,1.85,25,69350
20220119,10:59,1.90,1.90,1.90,1.90,25,69350
20220119,11:00,1.90,1.95,1.90,1.95,3750,69400
20220119,11:01,1.95,1.95,1.85,1.85,650,69400
20220119,11:03,1.90,1.90,1.90,1.90,25,70175
20220119,11:04,1.95,1.95,1.95,1.95,275,70175
20220119,11:05,2.10,2.10,2.00,2.00,800,70175
20220119,11:06,2.00,2.00,2.00,2.00,100,70175
20220119,11:07,2.00,2.00,2.00,2.00,25,70175
20220119,11:08,1.80,2.00,1.80,1.90,1875,70175
20220119,11:09,2.00,2.00,2.00,2.00,25,70000
20220119,11:10,1.85,1.85,1.85,1.85,25,70000
20220119,11:14,1.85,1.85,1.85,1.85,175,70000
20220119,11:15,1.90,1.90,1.85,1.85,1250,70000
20220119,11:16,1.80,1.85,1.55,1.60,8525,70000
20220119,11:17,1.60,1.75,1.50,1.50,3900,70000
20220119,11:18,1.55,1.60,1.45,1.45,1425,69850
20220119,11:19,1.45,1.45,1.45,1.45,775,69850
20220119,11:20,1.45,1.55,1.25,1.45,3975,69850
20220119,11:21,1.35,1.55,1.35,1.55,800,69850
20220119,11:22,1.60,1.60,1.55,1.55,600,69850
20220119,11:23,1.55,1.55,1.55,1.55,625,69850
20220119,11:24,1.60,1.60,1.55,1.55,1750,69975
20220119,11:25,1.55,1.55,1.55,1.55,125,69975
20220119,11:26,1.55,1.55,1.55,1.55,50,70100
20220119,11:27,1.55,1.55,1.55,1.55,175,70100
20220119,11:28,1.60,1.65,1.60,1.65,700,70100
20220119,11:29,1.70,1.75,1.50,1.75,1925,70425
20220119,11:30,1.65,1.65,1.65,1.65,125,70425
20220119,11:31,1.55,1.55,1.55,1.55,125,70425
20220119,11:34,1.75,1.75,1.75,1.75,125,70400
20220119,11:36,1.75,1.75,1.75,1.75,275,70475
20220119,11:38,1.75,1.75,1.75,1.75,1800,70475
20220119,11:39,1.75,1.75,1.75,1.75,25,69850
20220119,11:40,1.75,1.85,1.75,1.75,2425,69850
20220119,11:41,1.85,1.85,1.85,1.85,300,69850
20220119,11:43,1.80,1.80,1.80,1.80,25,70175
20220119,11:45,1.80,1.85,1.80,1.85,250,70150
20220119,11:46,1.75,1.75,1.65,1.65,175,70150
20220119,11:48,1.70,1.75,1.70,1.75,225,69850
20220119,11:52,1.55,1.55,1.55,1.55,100,70050
20220119,11:53,1.75,1.75,1.75,1.75,200,70050
20220119,11:55,1.75,1.75,1.75,1.75,125,70050
20220119,11:57,1.85,1.85,1.85,1.85,225,70050
20220119,11:59,1.75,1.75,1.75,1.75,125,70050
20220119,12:00,1.75,1.80,1.70,1.80,400,69975
20220119,12:01,1.85,1.85,1.70,1.85,1950,69975
20220119,12:04,1.70,1.70,1.70,1.70,25,70150
20220119,12:05,1.65,1.70,1.60,1.60,225,70150
20220119,12:06,1.55,1.55,1.55,1.55,250,70100
20220119,12:08,1.75,1.75,1.45,1.55,6200,70100
20220119,12:09,1.40,1.55,1.35,1.45,2925,69975
20220119,12:10,1.40,1.40,1.40,1.40,125,69975
20220119,12:11,1.45,1.45,1.45,1.45,400,69975
20220119,12:12,1.45,1.45,1.45,1.45,150,70225
20220119,12:13,1.45,1.45,1.45,1.45,50,70225
20220119,12:15,1.45,1.45,1.45,1.45,50,70225
20220119,12:16,1.40,1.45,1.40,1.45,325,70225
20220119,12:17,1.35,1.40,1.35,1.40,150,70225
20220119,12:18,1.50,1.50,1.45,1.50,350,70300
20220119,12:21,1.45,1.45,1.40,1.40,350,70175
20220119,12:22,1.40,1.40,1.40,1.40,775,70175
20220119,12:23,1.50,1.60,1.45,1.60,1425,70175
20220119,12:24,1.55,1.55,1.55,1.55,125,70425
20220119,12:26,1.55,1.55,1.55,1.55,375,70425
20220119,12:27,1.55,1.55,1.55,1.55,150,70425
20220119,12:28,1.45,1.45,1.40,1.40,650,70425
20220119,12:29,1.40,1.40,1.40,1.40,25,70425
20220119,12:30,1.40,1.40,1.35,1.35,350,70150
20220119,12:31,1.40,1.40,1.35,1.35,900,70150
20220119,12:32,1.35,1.35,1.35,1.35,300,70150
20220119,12:33,1.40,1.40,1.40,1.40,175,70175
20220119,12:34,1.40,1.45,1.40,1.45,500,70175
20220119,12:35,1.45,1.45,1.45,1.45,25,70175
20220119,12:37,1.45,1.45,1.45,1.45,150,70175
20220119,12:39,1.40,1.50,1.40,1.50,175,70500
20220119,12:40,1.55,1.55,1.40,1.40,400,70500
20220119,12:41,1.45,1.45,1.45,1.45,75,70500
20220119,12:43,1.40,1.45,1.40,1.45,400,70450
20220119,12:44,1.45,1.45,1.45,1.45,100,70450
20220119,12:45,1.45,1.45,1.35,1.35,600,70175
20220119,12:46,1.55,1.55,1.55,1.55,1000,70175
20220119,12:47,1.35,1.35,1.35,1.35,1000,70175
20220119,12:48,1.40,1.45,1.40,1.45,275,70475
20220119,12:49,1.35,1.35,1.35,1.35,25,70475
20220119,12:50,1.30,1.30,1.30,1.30,325,70475
20220119,12:51,1.40,1.40,1.40,1.40,400,70475
20220119,12:52,1.25,1.25,1.25,1.25,25,70475
20220119,12:53,1.20,1.20,1.20,1.20,125,70475
20220119,12:56,1.20,1.20,1.20,1.20,150,70175
20220119,12:57,1.20,1.25,1.20,1.25,225,70175
20220119,12:59,1.20,1.20,1.20,1.20,700,70225
20220119,13:00,1.20,1.25,1.20,1.20,1000,70150
20220119,13:01,1.15,1.15,1.15,1.15,25,70150
20220119,13:02,1.10,1.10,1.05,1.05,600,70150
20220119,13:03,1.05,1.05,1.00,1.00,475,70025
20220119,13:04,1.00,1.00,1.00,1.00,100,70025
20220119,13:07,1.05,1.05,1.00,1.00,200,69925
20220119,13:08,1.00,1.10,0.95,0.95,900,69925
20220119,13:09,0.95,1.15,0.95,1.15,150,70400
20220119,13:10,1.15,1.15,1.15,1.15,25,70400
20220119,13:11,1.15,1.15,1.00,1.00,375,70400
20220119,13:12,1.00,1.00,1.00,1.00,325,70400
20220119,13:13,1.05,1.15,1.05,1.15,675,70400
20220119,13:14,1.15,1.15,1.15,1.15,150,70400
20220119,13:15,1.20,1.25,1.20,1.25,200,70400
20220119,13:17,1.20,1.20,1.10,1.10,200,70400
20220119,13:21,1.25,1.25,1.25,1.25,25,70450
20220119,13:23,1.15,1.15,1.15,1.15,25,70450
20220119,13:24,1.20,1.20,1.20,1.20,575,70425
20220119,13:25,1.15,1.20,1.15,1.20,625,70425
20220119,13:26,1.20,1.20,1.20,1.20,25,70425
20220119,13:28,1.20,1.20,1.20,1.20,225,70150
20220119,13:29,1.20,1.20,1.20,1.20,225,70150
20220119,13:30,1.20,1.20,1.20,1.20,75,70350
20220119,13:31,1.25,1.25,1.25,1.25,225,70350
20220119,13:32,1.25,1.25,1.25,1.25,25,70350
20220119,13:34,1.15,1.15,1.15,1.15,50,70225
20220119,13:35,1.15,1.15,1.15,1.15,25,70225
20220119,13:36,1.20,1.20,1.10,1.10,1350,70225
20220119,13:37,1.05,1.05,1.00,1.00,425,70225
20220119,13:38,1.05,1.05,1.00,1.00,5775,70225
20220119,13:39,1.00,1.00,1.00,1.00,1500,69600
20220119,13:42,1.05,1.05,1.05,1.05,325,69600
20220119,13:43,1.00,1.00,1.00,1.00,25,69375
20220119,13:44,1.00,1.00,1.00,1.00,25,69375
20220119,13:48,1.00,1.00,1.00,1.00,250,69375
20220119,13:49,1.05,1.05,1.00,1.00,1425,69625
20220119,13:50,1.10,1.20,1.00,1.20,5450,69625
20220119,13:52,1.05,1.05,1.05,1.05,50,69625
20220119,13:53,1.05,1.10,1.05,1.10,400,70150
20220119,13:54,1.10,1.10,1.00,1.00,1025,69850
20220119,13:55,1.00,1.00,1.00,1.00,1675,69850
20220119,13:57,1.00,1.00,1.00,1.00,25,69850
20220119,13:58,1.00,1.00,1.00,1.00,25,69850
20220119,14:00,1.05,1.10,1.00,1.00,1725,70100
20220119,14:06,1.15,1.15,1.15,1.15,125,70100
20220119,14:07,1.15,1.20,1.15,1.20,500,70100
20220119,14:10,1.20,1.20,1.20,1.20,325,70150
20220119,14:11,1.20,1.20,1.20,1.20,700,70150
20220119,14:13,1.10,1.10,1.10,1.10,50,70150
20220119,14:14,1.20,1.20,1.20,1.20,50,70150
20220119,14:15,1.20,1.20,1.20,1.20,575,70150
20220119,14:16,1.20,1.20,1.20,1.20,4325,70150
20220119,14:17,1.20,1.20,1.20,1.20,8125,70150
20220119,14:19,1.10,1.20,1.10,1.10,2575,70150
20220119,14:22,1.10,1.20,1.10,1.20,400,70075
20220119,14:23,1.20,1.20,1.20,1.20,550,70075
20220119,14:24,1.10,1.30,1.10,1.30,1925,70400
20220119,14:26,1.30,1.30,1.30,1.30,150,70400
20220119,14:29,1.30,1.30,1.30,1.30,475,70400
20220119,14:30,1.30,1.30,1.30,1.30,250,70400
20220119,14:31,1.35,1.40,1.35,1.40,1350,70400
20220119,14:32,1.25,1.45,1.25,1.35,1625,70400
20220119,14:33,1.40,1.45,1.25,1.45,500,70350
20220119,14:34,1.35,1.35,1.35,1.35,25,70350
20220119,14:37,1.50,1.50,1.50,1.50,200,70425
20220119,14:39,1.40,1.50,1.40,1.50,275,70425
20220119,14:40,1.50,1.50,1.35,1.35,50,70425
20220119,14:41,1.30,1.30,1.30,1.30,75,70425
20220119,14:42,1.45,1.45,1.45,1.45,25,70375
20220119,14:44,1.25,1.25,1.25,1.25,50,70375
20220119,14:45,1.45,1.45,1.45,1.45,50,70350
20220119,14:46,1.75,1.75,1.50,1.50,250,70350
20220119,14:47,1.45,1.45,1.45,1.45,25,70350
20220119,14:49,1.50,1.50,1.50,1.50,200,70375
20220119,14:50,1.55,1.55,1.55,1.55,175,70375
20220119,14:52,1.80,1.80,1.80,1.80,125,70075
20220119,14:53,1.65,1.65,1.60,1.60,125,70075
20220119,14:55,1.65,1.65,1.65,1.65,100,70175
20220119,14:56,1.40,1.40,1.40,1.40,125,70175
20220119,14:57,1.50,1.50,1.50,1.50,75,70175
20220119,15:05,1.85,1.85,1.85,1.85,275,70250
20220119,15:08,1.45,1.60,1.35,1.35,200,70325
20220119,15:09,1.30,1.30,1.20,1.20,1000,69900
20220119,15:10,1.35,1.35,1.35,1.35,300,69900
20220119,15:13,1.35,1.35,0.90,0.90,3850,69900
20220119,15:14,0.90,0.90,0.90,0.90,125,69900
20220119,15:15,1.05,1.10,1.05,1.10,825,69900
20220119,15:16,1.10,1.15,1.00,1.15,1125,69175
20220119,15:17,1.05,1.05,1.05,1.05,125,69175
20220119,15:18,1.05,1.05,0.75,0.75,2825,69175
20220119,15:19,0.75,0.75,0.70,0.70,6550,68825
20220119,15:20,0.70,0.70,0.70,0.70,375,68825
20220119,15:21,0.70,0.95,0.70,0.95,825,68925
20220119,15:22,0.80,1.00,0.75,0.85,7550,68925
20220119,15:23,0.85,0.85,0.85,0.85,50,68925
20220119,15:25,0.90,0.90,0.80,0.80,100,69175
20220119,15:26,0.85,0.90,0.75,0.80,2025,69175
20220119,15:27,0.80,1.00,0.80,1.00,825,69175
20220119,15:28,1.00,1.00,1.00,1.00,475,69225
20220119,15:29,1.00,1.00,0.80,0.80,575,69225
20220120,09:15,1.15,1.25,0.95,1.05,2076,68800
20220120,09:16,1.05,1.20,0.95,1.20,5625,68800
20220120,09:17,0.95,1.20,0.90,1.00,925,69850
20220120,09:18,1.15,1.30,1.15,1.30,900,69850
20220120,09:19,1.30,1.30,1.10,1.10,275,69850
20220120,09:20,1.30,1.70,1.15,1.55,2425,69800
20220120,09:21,1.60,1.70,1.30,1.30,600,69800
20220120,09:22,1.30,1.30,1.30,1.30,150,69800
20220120,09:23,1.45,1.45,0.95,1.15,1675,69475
20220120,09:24,1.10,1.10,0.85,0.85,950,69475
20220120,09:25,1.15,1.15,0.95,0.95,225,69475
20220120,09:26,0.90,0.95,0.90,0.95,1500,69375
20220120,09:27,0.90,1.00,0.90,1.00,75,69375
20220120,09:28,0.95,1.00,0.95,1.00,475,69375
20220120,09:29,1.05,1.05,0.95,0.95,75,69050
20220120,09:30,1.00,1.25,0.90,1.25,4825,69050
20220120,09:31,1.15,1.70,1.15,1.70,1225,69050
20220120,09:32,1.25,1.40,1.20,1.25,675,69625
20220120,09:33,1.35,1.35,1.15,1.15,50,69625
20220120,09:34,1.35,1.35,1.00,1.00,2200,69625
20220120,09:35,1.35,1.50,1.25,1.25,975,69450
20220120,09:36,1.25,1.30,1.25,1.30,50,69450
20220120,09:37,1.35,1.35,1.30,1.35,325,69450
20220120,09:38,1.30,1.30,1.10,1.25,2600,69425
20220120,09:39,1.20,1.30,1.20,1.25,725,69425
20220120,09:40,1.10,1.20,1.10,1.15,1225,69425
20220120,09:41,1.20,1.20,1.10,1.10,175,69225
20220120,09:42,1.15,1.20,1.05,1.05,800,69225
20220120,09:43,1.00,1.10,0.95,1.00,500,69225
20220120,09:44,1.05,1.05,1.05,1.05,125,69300
20220120,09:45,1.05,1.10,1.05,1.05,700,69300
20220120,09:46,1.10,1.10,1.10,1.10,75,69300
20220120,09:47,1.00,1.00,1.00,1.00,50,69300
20220120,09:48,1.15,1.15,0.90,1.05,6350,69300
20220120,09:49,0.90,1.05,0.90,1.00,8400,69300
20220120,09:50,1.05,1.05,0.95,1.05,250,69300
20220120,09:51,0.90,1.00,0.90,1.00,800,69450
20220120,09:52,0.95,0.95,0.95,0.95,25,69450
20220120,09:53,1.00,1.00,0.90,0.90,1700,70000
20220120,09:54,0.90,0.95,0.90,0.95,2125,70000
20220120,09:55,0.95,1.00,0.95,0.95,1025,70000
20220120,09:56,0.95,0.95,0.90,0.90,675,70100
20220120,09:57,0.90,0.90,0.90,0.90,850,70100
20220120,09:59,0.90,0.90,0.90,0.90,400,70100
20220120,10:01,0.90,0.90,0.90,0.90,125,70300
20220120,10:02,0.90,1.00,0.90,1.00,75,70425
20220120,10:03,0.90,0.90,0.90,0.90,425,70425
20220120,10:05,0.90,0.90,0.90,0.90,75,70425
20220120,10:06,0.95,1.00,0.95,1.00,225,70350
20220120,10:07,0.85,0.90,0.80,0.80,1425,70350
20220120,10:08,0.80,0.95,0.80,0.95,475,70350
20220120,10:09,0.95,0.95,0.95,0.95,100,70300
20220120,10:10,0.95,1.00,0.95,1.00,6450,70300
20220120,10:11,1.00,1.00,0.95,0.95,1000,70350
20220120,10:12,0.85,0.90,0.85,0.90,200,70350
20220120,10:13,0.95,0.95,0.95,0.95,125,70350
20220120,10:15,1.00,1.00,1.00,1.00,50,70350
20220120,10:16,0.85,0.95,0.85,0.95,100,70400
20220120,10:17,0.85,0.95,0.85,0.95,100,70375
20220120,10:18,1.00,1.00,0.85,1.00,300,70375
20220120,10:19,1.00,1.00,1.00,1.00,50,70375
20220120,10:21,0.95,1.00,0.95,1.00,550,70425
20220120,10:22,1.00,1.10,0.95,1.00,5400,70425
20220120,10:23,0.95,1.10,0.95,1.10,375,70325
20220120,10:24,0.80,1.00,0.80,1.00,1575,70325
20220120,10:25,1.00,1.00,1.00,1.00,25,70325
20220120,10:26,0.95,0.95,0.85,0.85,1250,70325
20220120,10:28,0.95,0.95,0.95,0.95,175,70325
20220120,10:30,0.90,0.90,0.90,0.90,100,70050
20220120,10:31,0.90,0.95,0.90,0.95,1175,70050
20220120,10:32,0.95,1.00,0.95,1.00,300,70225
20220120,10:37,1.00,1.00,1.00,1.00,50,70225
20220120,10:40,0.85,0.85,0.85,0.85,25,70225
20220120,10:43,0.95,0.95,0.95,0.95,275,70225
20220120,10:44,0.95,0.95,0.95,0.95,100,70225
20220120,10:45,0.85,0.85,0.85,0.85,75,70250
20220120,10:46,0.95,0.95,0.85,0.85,100,70250
20220120,10:47,0.85,0.85,0.80,0.80,525,70250
20220120,10:49,0.80,0.85,0.75,0.75,1025,70250
20220120,10:50,0.80,0.80,0.80,0.80,600,70300
20220120,10:51,0.85,0.90,0.80,0.90,750,70300
20220120,10:52,0.80,0.80,0.80,0.80,150,70300
20220120,10:53,0.85,0.85,0.80,0.80,650,70300
20220120,10:54,0.75,0.80,0.75,0.80,125,70550
20220120,10:55,0.75,0.80,0.75,0.80,525,70550
20220120,10:56,0.80,0.80,0.80,0.80,400,70550
20220120,10:57,0.75,0.75,0.75,0.75,75,70875
20220120,10:58,0.80,0.80,0.80,0.80,100,70875
20220120,10:59,0.80,0.80,0.80,0.80,150,70875
20220120,11:00,0.80,0.80,0.80,0.80,75,70950
20220120,11:01,0.90,0.90,0.90,0.90,775,70950
20220120,11:02,0.90,0.95,0.90,0.95,1925,70950
20220120,11:03,0.95,0.95,0.90,0.90,625,71225
20220120,11:04,0.95,1.00,0.95,0.95,1275,71225
20220120,11:05,0.90,1.05,0.90,1.05,1275,71225
20220120,11:06,1.05,1.05,0.95,0.95,1375,71150
20220120,11:07,1.00,1.00,1.00,1.00,100,71150
20220120,11:08,1.00,1.00,1.00,1.00,125,71150
20220120,11:09,0.95,1.00,0.85,0.85,2200,71100
20220120,11:11,0.90,0.95,0.80,0.80,400,71200
20220120,11:12,0.95,0.95,0.80,0.85,1325,71200
20220120,11:13,0.90,0.90,0.85,0.85,50,71200
20220120,11:15,0.95,1.10,0.95,1.10,375,71200
20220120,11:16,1.05,1.05,0.90,0.90,450,71200
20220120,11:19,0.95,0.95,0.95,0.95,175,71050
20220120,11:20,0.95,1.05,0.95,1.00,250,71050
20220120,11:21,1.15,1.15,1.05,1.05,250,71425
20220120,11:22,1.05,1.05,1.05,1.05,25,71425
20220120,11:23,1.10,1.10,1.00,1.05,750,71425
20220120,11:24,1.00,1.00,1.00,1.00,575,71950
20220120,11:26,1.00,1.00,1.00,1.00,25,71950
20220120,11:27,1.00,1.00,1.00,1.00,400,71675
20220120,11:28,0.95,0.95,0.90,0.90,200,71675
20220120,11:29,0.85,0.85,0.80,0.80,250,71675
20220120,11:31,0.85,0.85,0.85,0.85,25,71625
20220120,11:32,0.95,0.95,0.95,0.95,200,71625
20220120,11:33,0.85,0.95,0.85,0.95,50,71625
20220120,11:34,0.95,0.95,0.85,0.95,900,71625
20220120,11:35,0.85,0.95,0.85,0.95,250,71625
20220120,11:36,0.90,0.95,0.90,0.95,750,71675
20220120,11:37,0.95,0.95,0.95,0.95,100,71675
20220120,11:38,0.95,1.00,0.95,1.00,150,71675
20220120,11:39,1.00,1.00,0.80,0.80,1300,71700
20220120,11:40,1.00,1.00,0.95,1.00,3450,71700
20220120,11:41,0.90,0.95,0.80,0.80,875,71700
20220120,11:44,0.90,1.00,0.90,0.90,200,71300
20220120,11:45,0.95,1.00,0.95,1.00,925,71325
20220120,11:46,1.00,1.05,0.95,0.95,2300,71325
20220120,11:48,1.10,1.10,0.90,1.10,575,71575
20220120,11:49,1.10,1.20,1.00,1.00,1125,71575
20220120,11:50,1.10,1.20,1.10,1.20,325,71575
20220120,11:51,1.15,1.15,1.00,1.00,150,71650
20220120,11:53,1.00,1.00,1.00,1.00,25,71650
20220120,11:54,1.05,1.05,1.05,1.05,50,71575
20220120,11:55,1.00,1.00,1.00,1.00,50,71575
20220120,11:56,0.95,0.95,0.95,0.95,100,71575
20220120,11:59,0.95,0.95,0.95,0.95,75,71525
20220120,12:01,0.90,0.90,0.90,0.90,25,71525
20220120,12:02,0.90,0.95,0.90,0.95,75,71500
20220120,12:05,0.85,1.10,0.85,0.90,175,71500
20220120,12:14,0.85,0.90,0.85,0.90,75,71500
20220120,12:16,0.85,0.85,0.85,0.85,50,71525
20220120,12:17,0.85,0.90,0.85,0.85,450,71525
20220120,12:20,0.80,0.80,0.75,0.75,150,71700
20220120,12:24,0.70,0.70,0.70,0.70,25,71625
20220120,12:25,0.70,0.70,0.70,0.70,175,71625
20220120,12:27,0.65,0.65,0.65,0.65,150,71625
20220120,12:28,0.65,0.65,0.65,0.65,100,71625
20220120,12:29,0.70,0.70,0.65,0.65,100,71625
20220120,12:30,0.70,0.70,0.70,0.70,250,71550
20220120,12:31,0.70,0.70,0.65,0.65,275,71550
20220120,12:33,0.65,0.65,0.65,0.65,200,71425
20220120,12:34,0.70,0.75,0.70,0.70,350,71425
20220120,12:35,0.70,0.70,0.70,0.70,25,71425
20220120,12:36,0.65,0.65,0.65,0.65,525,71425
20220120,12:37,0.65,0.65,0.60,0.60,250,71425
20220120,12:38,0.60,0.60,0.60,0.60,350,71425
20220120,12:39,0.60,0.75,0.60,0.75,900,71375
20220120,12:40,0.60,0.60,0.60,0.60,250,71375
20220120,12:41,0.60,0.60,0.60,0.60,500,71375
20220120,12:42,0.55,0.55,0.55,0.55,325,71450
20220120,12:43,0.55,0.55,0.55,0.55,175,71450
20220120,12:44,0.55,0.55,0.55,0.55,200,71450
20220120,12:45,0.55,0.55,0.55,0.55,25,71450
20220120,12:46,0.70,0.70,0.55,0.65,1550,71475
20220120,12:47,0.55,0.55,0.55,0.55,50,71475
20220120,12:50,0.55,0.55,0.55,0.55,300,71475
20220120,12:51,0.55,0.60,0.55,0.60,925,71475
20220120,12:52,0.55,0.55,0.55,0.55,50,71475
20220120,12:53,0.50,0.50,0.50,0.50,1400,71475
20220120,12:54,0.50,0.55,0.50,0.55,2750,71325
20220120,12:55,0.55,0.55,0.50,0.50,475,71325
20220120,12:56,0.50,0.50,0.50,0.50,700,71325
20220120,12:57,0.55,0.55,0.55,0.55,25,71325
20220120,12:58,0.50,0.50,0.50,0.50,2825,67575
20220120,12:59,0.55,0.55,0.50,0.50,3475,67575
20220120,13:00,0.55,0.55,0.50,0.50,350,61975
20220120,13:01,0.50,0.50,0.50,0.50,25,61975
20220120,13:02,0.50,0.50,0.50,0.50,200,61975
20220120,13:03,0.50,0.50,0.50,0.50,100,61975
20220120,13:05,0.50,0.70,0.50,0.70,1025,61600
20220120,13:06,0.50,0.50,0.50,0.50,200,61625
20220120,13:08,0.50,0.50,0.50,0.50,50,61625
20220120,13:09,0.50,0.50,0.50,0.50,200,61625
20220120,13:11,0.60,0.60,0.50,0.50,50,61375
20220120,13:13,0.50,0.50,0.50,0.50,500,61375
20220120,13:14,0.60,0.65,0.50,0.65,125,61350
20220120,13:15,0.50,0.50,0.50,0.50,1025,61050
20220120,13:16,0.50,0.65,0.50,0.50,5025,61050
20220120,13:17,0.50,0.50,0.50,0.50,25,61050
20220120,13:18,0.50,0.50,0.50,0.50,1025,61050
20220120,13:23,0.50,0.50,0.50,0.50,200,54150
20220120,13:24,0.60,0.60,0.60,0.60,150,53950
20220120,13:25,0.60,0.60,0.60,0.60,75,53950
20220120,13:28,0.50,0.50,0.50,0.50,100,53900
20220120,13:29,0.60,0.60,0.60,0.60,50,53900
20220120,13:30,0.50,0.50,0.50,0.50,100,53800
20220120,13:31,0.50,0.50,0.50,0.50,350,53800
20220120,13:34,0.50,0.50,0.50,0.50,175,53350
20220120,13:37,0.50,0.50,0.50,0.50,50,53350
20220120,13:41,0.75,0.75,0.75,0.75,50,53375
20220120,13:48,0.55,0.55,0.55,0.55,50,53375
20220120,13:50,0.50,0.50,0.50,0.50,50,53375
20220120,13:57,0.50,0.50,0.50,0.50,450,53175
20220120,14:03,0.50,0.50,0.50,0.50,25,52725
20220120,14:04,0.70,0.70,0.70,0.70,25,52725
20220120,14:06,0.50,0.70,0.50,0.70,150,52650
20220120,14:07,0.50,0.50,0.50,0.50,100,52650
20220120,14:09,0.50,0.50,0.50,0.50,75,52650
20220120,14:10,0.50,0.50,0.50,0.50,1050,52575
20220120,14:13,0.50,0.50,0.50,0.50,50,51900
20220120,14:14,0.50,0.50,0.50,0.50,50,51900
20220120,14:20,0.50,0.50,0.50,0.50,75,51850
20220120,14:23,0.50,0.50,0.50,0.50,50,51850
20220120,14:30,0.80,0.80,0.50,0.50,50,51875
20220120,14:42,0.50,0.50,0.45,0.45,175,51775
20220120,14:43,0.45,0.65,0.45,0.65,375,51775
20220120,14:45,0.65,0.65,0.45,0.45,75,51550
20220120,14:47,0.45,0.45,0.40,0.40,275,51550
20220120,14:51,0.30,0.30,0.30,0.30,50,51775
20220120,14:53,0.55,0.70,0.30,0.40,2300,51775
20220120,14:54,0.45,0.50,0.45,0.50,375,51775
20220120,14:55,0.25,0.50,0.20,0.30,1075,53100
20220120,14:57,0.30,0.30,0.30,0.30,225,52950
20220120,14:58,0.30,0.30,0.30,0.30,50,52950
20220120,15:01,0.25,0.25,0.10,0.10,750,53050
20220120,15:02,0.05,0.05,0.05,0.05,400,53050
20220120,15:05,0.05,0.15,0.05,0.15,150,52850
20220120,15:06,0.10,0.15,0.05,0.10,650,52850
20220120,15:07,0.10,0.30,0.10,0.30,75,52600
20220120,15:08,0.15,0.15,0.15,0.15,25,52600
20220120,15:10,0.35,0.50,0.20,0.20,150,52550
20220120,15:13,0.30,0.30,0.30,0.30,125,52550
20220120,15:14,0.25,0.25,0.25,0.25,50,52525
20220120,15:16,0.05,0.05,0.05,0.05,325,52475
20220120,15:18,0.05,0.05,0.05,0.05,75,52475
20220120,15:19,0.05,0.05,0.05,0.05,50,52325
20220120,15:22,0.05,0.05,0.05,0.05,775,52325
20220120,15:26,0.05,0.05,0.05,0.05,25,52325
