20220225,10:27,150.00,150.00,150.00,150.00,151,150
20220225,15:03,201.95,201.95,201.95,201.95,25,150
20220225,15:05,201.95,201.95,201.95,201.95,25,175
20220228,11:48,225.00,225.00,225.00,225.00,26,175
20220228,12:38,216.95,216.95,216.95,216.95,25,175
20220228,12:39,171.40,171.40,171.40,171.40,25,200
20220228,13:30,171.40,240.25,171.40,240.25,50,175
20220228,13:31,240.25,240.25,190.00,190.00,50,175
20220228,13:32,191.00,191.00,191.00,191.00,50,175
20220228,14:02,239.00,239.00,239.00,239.00,25,200
20220228,14:07,242.80,242.80,242.80,242.80,25,200
20220302,10:11,250.05,335.00,250.05,335.00,51,200
20220302,10:14,335.00,335.00,335.00,335.00,25,200
20220302,15:15,335.00,335.00,311.00,311.00,125,175
20220302,15:30,301.05,301.05,301.05,301.05,25,175
20220303,09:34,270.80,270.80,270.80,270.80,126,200
20220303,09:37,222.10,222.10,222.10,222.10,25,325
20220303,12:33,222.10,222.10,222.10,222.10,25,325
20220303,13:06,311.00,311.00,311.00,311.00,25,325
20220303,13:12,321.00,321.00,321.00,321.00,50,350
20220303,13:18,321.00,321.00,321.00,321.00,125,375
20220303,13:24,358.40,358.40,358.40,358.40,75,375
20220303,14:00,358.40,358.40,358.40,358.40,25,375
20220303,14:06,306.15,306.15,306.15,306.15,25,375
20220303,15:17,313.30,313.30,313.30,313.30,25,375
20220304,09:19,351.00,351.00,351.00,351.00,76,375
20220304,09:23,406.85,406.85,406.85,406.85,25,375
20220304,10:19,443.35,443.35,443.35,443.35,25,375
20220304,10:30,443.35,443.35,443.35,443.35,25,375
20220304,10:31,454.95,454.95,454.95,454.95,25,375
20220304,10:51,454.95,454.95,454.95,454.95,25,375
20220304,12:03,419.70,419.70,419.70,419.70,50,375
20220304,12:06,389.65,389.65,389.65,389.65,25,375
20220304,12:07,420.80,420.80,420.80,420.80,25,375
20220304,12:08,397.25,397.25,397.25,397.25,25,375
20220304,12:09,401.50,401.50,401.50,401.50,25,375
20220304,12:12,389.65,389.65,389.65,389.65,25,400
20220304,12:13,411.85,411.85,411.85,411.85,100,400
20220304,12:14,401.60,401.60,401.60,401.60,100,400
20220304,12:15,415.45,415.45,400.05,400.05,100,550
20220304,12:18,369.45,369.45,369.45,369.45,50,550
20220304,12:19,408.30,408.30,408.30,408.30,25,550
20220304,12:40,347.50,347.50,347.50,347.50,25,550
20220304,14:12,347.50,347.50,347.50,347.50,325,550
20220304,14:13,347.50,347.50,347.50,347.50,175,550
20220304,14:14,252.25,252.25,252.25,252.25,500,550
20220304,14:16,252.25,252.25,252.25,252.25,125,825
20220304,14:17,352.05,352.05,352.05,352.05,500,825
20220304,14:20,340.00,340.00,340.00,340.00,50,1100
20220304,14:27,333.65,334.55,333.65,334.55,200,1100
20220304,14:38,349.90,349.90,349.90,349.90,25,1100
20220304,14:47,338.35,338.35,338.35,338.35,25,1125
20220304,14:57,370.75,370.75,370.75,370.75,25,1100
20220304,15:05,346.60,346.60,346.60,346.60,25,1100
20220304,15:16,399.95,400.00,399.95,400.00,525,1100
20220304,15:23,359.80,359.80,359.80,359.80,125,600
20220304,15:24,402.80,402.80,402.80,402.80,25,525
20220304,15:26,395.75,395.75,395.75,395.75,25,525
20220307,09:16,649.95,650.00,649.95,650.00,77,525
20220307,09:49,722.80,722.80,722.80,722.80,25,475
20220307,10:00,722.80,722.80,722.80,722.80,25,475
20220307,10:08,695.00,695.00,695.00,695.00,25,475
20220307,10:11,741.30,741.30,741.30,741.30,75,475
20220307,10:13,756.80,756.80,756.80,756.80,300,475
20220307,10:14,748.90,748.90,748.90,748.90,150,475
20220307,10:17,795.30,795.30,795.30,795.30,50,825
20220307,10:18,795.30,795.30,795.30,795.30,150,775
20220307,10:19,811.20,811.20,811.20,811.20,600,775
20220307,10:20,794.50,794.50,786.90,786.90,600,775
20220307,10:21,794.55,794.55,767.95,767.95,650,2125
20220307,10:22,779.25,779.25,776.65,776.65,300,2125
20220307,10:25,780.70,799.50,743.75,799.50,4225,3075
20220307,10:26,792.10,792.10,792.10,792.10,900,3075
20220307,10:30,779.95,779.95,779.95,779.95,25,2275
20220307,10:32,777.15,777.15,777.15,777.15,25,2300
20220307,10:48,743.75,743.75,743.75,743.75,50,2275
20220307,10:54,709.50,709.50,709.50,709.50,25,2275
20220307,10:57,700.60,700.60,700.60,700.60,25,2250
20220307,11:10,750.80,750.80,750.80,750.80,25,2225
20220307,11:16,704.30,704.30,704.30,704.30,25,2250
20220307,11:17,719.75,730.00,719.75,730.00,125,2250
20220307,11:18,728.30,728.30,728.30,728.30,50,2275
20220307,11:27,698.25,698.25,698.25,698.25,25,2325
20220307,11:38,746.30,746.30,745.30,745.30,450,2300
20220307,11:47,672.75,672.75,672.75,672.75,25,2000
20220307,12:00,668.00,668.00,668.00,668.00,25,2000
20220307,12:16,705.90,705.90,705.90,705.90,25,2000
20220307,12:17,726.35,726.35,726.35,726.35,25,2000
20220307,12:34,721.00,721.00,721.00,721.00,25,2000
20220307,13:00,725.00,725.00,725.00,725.00,25,1975
20220307,13:03,706.75,706.75,706.75,706.75,25,1975
20220307,13:13,760.00,760.00,760.00,760.00,50,1950
20220307,13:30,815.80,831.10,815.80,831.10,50,1925
20220307,13:31,831.10,831.10,831.10,831.10,25,1925
20220307,13:35,802.00,802.00,802.00,802.00,50,1975
20220307,13:38,785.70,785.70,785.70,785.70,50,1925
20220307,13:39,785.70,785.70,785.70,785.70,50,1925
20220307,14:01,840.05,840.05,840.05,840.05,25,1925
20220307,14:06,855.35,855.35,855.35,855.35,75,1950
20220307,14:16,937.30,937.30,937.30,937.30,25,1900
20220307,14:22,937.30,937.30,937.30,937.30,75,1925
20220307,14:36,854.30,854.30,791.75,791.75,50,1900
20220307,14:47,827.75,827.75,827.75,827.75,50,1875
20220307,14:57,811.40,811.40,811.40,811.40,25,1900
20220307,15:00,841.45,841.45,841.45,841.45,25,1925
20220307,15:04,816.15,816.15,816.15,816.15,25,1950
20220307,15:07,733.70,733.70,733.70,733.70,25,1925
20220307,15:08,778.40,778.40,778.40,778.40,75,1925
20220307,15:09,774.70,774.70,774.70,774.70,25,1900
20220307,15:10,773.35,773.35,757.80,757.80,775,1900
20220307,15:11,783.15,783.15,783.15,783.15,50,1900
20220307,15:12,755.00,755.00,755.00,755.00,50,1900
20220307,15:13,745.10,745.10,745.10,745.10,100,2700
20220307,15:15,680.00,680.00,680.00,680.00,25,2625
20220307,15:16,680.00,680.00,680.00,680.00,25,2625
20220307,15:21,679.50,679.50,679.50,679.50,25,2600
20220307,15:24,679.15,679.15,679.15,679.15,25,2600
20220308,10:07,745.90,745.90,737.30,737.30,902,2600
20220308,10:13,737.80,737.80,737.80,737.80,25,1975
20220308,10:16,745.40,745.40,745.40,745.40,50,2000
20220308,10:34,753.00,753.00,753.00,753.00,100,2050
20220308,10:53,844.80,844.80,844.80,844.80,25,2075
20220308,11:04,874.75,874.75,874.75,874.75,25,2100
20220308,11:43,964.95,964.95,964.95,964.95,100,2100
20220308,11:45,964.95,964.95,964.95,964.95,25,2125
20220308,11:55,936.55,936.55,936.55,936.55,25,2150
20220308,12:28,846.30,846.30,846.30,846.30,25,2125
20220308,12:39,959.10,959.10,959.10,959.10,25,2150
20220308,12:41,961.25,961.25,961.25,961.25,100,2150
20220308,12:44,950.95,950.95,950.95,950.95,50,2075
20220308,13:54,859.95,859.95,859.95,859.95,250,2025
20220308,14:05,830.50,830.50,830.50,830.50,50,2225
20220308,14:07,804.05,804.05,804.05,804.05,50,2225
20220308,14:16,800.50,800.50,800.50,800.50,25,2175
20220308,14:24,819.70,819.70,819.70,819.70,25,2175
20220308,14:37,751.80,751.80,751.80,751.80,25,2200
20220308,14:45,713.50,713.50,713.50,713.50,25,2175
20220308,15:00,671.00,671.00,671.00,671.00,25,2200
20220308,15:13,649.50,649.50,649.50,649.50,750,2200
20220308,15:14,666.05,666.05,640.00,640.00,50,2200
20220308,15:15,622.70,622.70,612.75,612.75,75,2200
20220308,15:16,612.75,612.75,612.75,612.75,175,2200
20220308,15:23,612.50,612.50,612.50,612.50,50,2275
20220309,09:18,656.05,656.05,656.05,656.05,51,2225
20220309,09:30,619.20,619.20,619.20,619.20,100,2275
20220309,09:31,618.75,618.75,618.75,618.75,50,2275
20220309,10:20,533.35,533.35,533.35,533.35,150,2275
20220309,11:39,533.35,533.35,533.35,533.35,25,2350
20220309,11:41,547.40,547.40,547.40,547.40,25,2350
20220309,12:29,490.70,490.70,490.70,490.70,25,2350
20220309,12:36,480.20,480.20,480.20,480.20,50,2350
20220309,12:38,479.75,479.75,479.75,479.75,25,2350
20220309,12:54,465.35,465.35,465.35,465.35,150,2350
20220309,13:11,440.50,440.50,440.50,440.50,175,2350
20220309,13:31,440.50,440.50,440.50,440.50,50,2350
20220309,13:34,516.95,516.95,516.95,516.95,100,2400
20220309,13:35,504.05,504.05,504.05,504.05,25,2400
20220309,13:36,490.90,490.90,490.90,490.90,25,2400
20220309,13:46,470.30,470.30,470.30,470.30,25,2350
20220309,14:20,430.00,430.00,430.00,430.00,50,2350
20220309,14:29,384.80,384.80,384.80,384.80,25,2400
20220309,14:31,384.80,384.80,384.80,384.80,25,2400
20220309,14:32,385.00,385.00,385.00,385.00,25,2400
20220309,14:42,391.35,391.35,391.35,391.35,25,2350
20220309,14:59,372.15,372.15,372.15,372.15,50,2350
20220309,15:16,372.15,372.15,372.15,372.15,25,2350
20220309,15:25,357.90,357.90,357.90,357.90,150,2350
20220310,09:16,194.55,194.55,194.55,194.55,26,2325
20220310,09:37,194.55,194.55,194.55,194.55,150,2350
20220310,09:43,191.95,191.95,191.95,191.95,50,2350
20220310,09:45,197.75,197.75,197.75,197.75,50,2350
20220310,10:08,148.85,148.85,148.85,148.85,50,2325
20220310,10:10,144.25,144.25,144.25,144.25,125,2325
20220310,10:11,144.25,150.25,144.25,150.25,50,2325
20220310,10:18,141.90,141.90,141.90,141.90,100,2275
20220310,10:26,131.30,131.30,131.30,131.30,25,2275
20220310,11:09,131.30,131.30,131.30,131.30,25,2275
20220310,11:14,137.70,137.70,137.70,137.70,25,2250
20220310,11:21,140.20,140.20,140.20,140.20,25,2225
20220310,11:49,145.00,146.50,145.00,146.50,50,2225
20220310,11:52,148.10,148.10,148.10,148.10,25,2225
20220310,12:33,164.00,164.00,164.00,164.00,25,2225
20220310,12:48,204.60,204.60,204.60,204.60,50,2225
20220310,12:49,204.60,204.60,204.60,204.60,25,2225
20220310,12:50,202.30,202.30,202.30,202.30,25,2225
20220310,12:54,202.30,202.30,202.30,202.30,75,2250
20220310,12:55,197.15,197.15,197.15,197.15,50,2275
20220310,13:54,261.65,261.65,261.65,261.65,25,2225
20220310,14:08,289.70,289.70,289.70,289.70,25,2200
20220310,15:03,289.70,289.70,289.70,289.70,25,2175
20220310,15:09,230.00,230.00,230.00,230.00,50,2150
20220310,15:14,231.40,231.40,231.40,231.40,50,2150
20220310,15:15,213.00,213.00,213.00,213.00,50,2150
20220310,15:21,224.35,224.35,224.35,224.35,25,2150
20220310,15:24,228.65,228.65,214.35,214.35,50,2175
20220311,09:19,264.80,268.60,256.95,256.95,277,2175
20220311,09:20,264.45,264.45,264.45,264.45,50,2150
20220311,09:21,264.50,264.50,264.50,264.50,25,2150
20220311,09:25,247.65,247.65,247.65,247.65,50,2100
20220311,09:29,240.80,240.80,240.80,240.80,50,2100
20220311,09:32,223.45,223.45,223.45,223.45,50,2100
20220311,09:38,220.70,220.70,220.70,220.70,50,2100
20220311,09:41,220.70,220.70,220.70,220.70,50,2100
20220311,09:43,228.65,228.65,226.85,226.85,175,2100
20220311,09:45,237.55,237.55,237.55,237.55,100,1875
20220311,09:47,218.50,218.50,218.50,218.50,75,1775
20220311,09:49,226.10,226.10,226.10,226.10,50,1775
20220311,09:51,232.95,232.95,232.95,232.95,50,1800
20220311,09:52,220.30,220.30,220.30,220.30,50,1800
20220311,10:02,217.60,217.60,217.60,217.60,25,1800
20220311,10:03,204.70,204.70,204.70,204.70,50,1825
20220311,10:08,200.05,200.05,200.05,200.05,50,1775
20220311,10:10,200.05,200.05,200.05,200.05,100,1775
20220311,10:12,218.20,218.20,218.20,218.20,50,1825
20220311,10:15,221.40,221.40,221.40,221.40,100,1875
20220311,10:19,225.40,225.40,225.40,225.40,25,1775
20220311,10:23,231.35,231.35,231.35,231.35,25,1775
20220311,10:27,245.15,245.15,245.15,245.15,25,1775
20220311,10:29,230.30,230.30,230.30,230.30,25,1775
20220311,10:30,241.25,241.25,241.25,241.25,75,1775
20220311,10:31,249.70,249.70,249.70,249.70,25,1775
20220311,10:33,246.15,246.15,246.15,246.15,125,1875
20220311,10:35,242.35,242.35,242.35,242.35,25,1875
20220311,10:44,242.15,242.15,242.15,242.15,25,1825
20220311,10:53,241.40,241.40,241.40,241.40,25,1825
20220311,10:58,229.55,229.55,229.55,229.55,100,1825
20220311,11:01,231.60,231.60,231.60,231.60,50,1825
20220311,11:06,235.00,235.00,235.00,235.00,25,1875
20220311,11:07,241.20,241.20,241.20,241.20,50,1900
20220311,11:10,220.00,220.00,220.00,220.00,50,1950
20220311,11:12,235.25,235.25,235.25,235.25,50,1950
20220311,11:16,218.35,218.35,218.35,218.35,25,2000
20220311,11:21,233.30,233.30,233.30,233.30,25,1975
20220311,11:26,229.10,229.10,229.10,229.10,25,2000
20220311,11:29,222.40,222.40,222.40,222.40,25,2000
20220311,11:32,217.50,217.50,217.50,217.50,25,2050
20220311,11:33,210.40,210.40,210.40,210.40,25,2025
20220311,11:43,216.25,216.25,216.25,216.25,25,2000
20220311,11:52,222.70,222.70,222.70,222.70,25,2025
20220311,11:59,228.95,228.95,228.95,228.95,50,2025
20220311,12:00,228.60,228.60,228.60,228.60,25,1975
20220311,12:03,233.10,233.10,233.10,233.10,50,1975
20220311,12:06,234.20,234.20,234.20,234.20,25,1900
20220311,12:07,238.30,238.30,238.30,238.30,75,1875
20220311,12:08,229.70,229.70,229.70,229.70,25,1875
20220311,12:09,228.70,228.70,228.70,228.70,25,1875
20220311,12:11,224.80,224.80,220.20,220.20,250,1825
20220311,12:12,218.90,218.90,218.10,218.10,50,1775
20220311,12:13,223.65,223.65,223.65,223.65,125,1775
20220311,12:17,226.40,226.40,226.40,226.40,25,1750
20220311,12:20,221.95,221.95,221.95,221.95,50,1725
20220311,12:22,217.80,217.80,217.80,217.80,25,1775
20220311,12:24,215.35,215.35,215.35,215.35,75,1775
20220311,12:28,220.25,220.25,220.25,220.25,25,1800
20220311,12:29,223.00,223.00,223.00,223.00,100,1800
20220311,12:30,229.40,229.40,226.60,226.60,175,1825
20220311,12:31,222.70,222.70,222.70,222.70,100,1825
20220311,12:32,224.05,224.05,224.05,224.05,100,1825
20220311,12:33,224.65,224.65,224.65,224.65,100,1775
20220311,12:36,220.40,220.40,217.45,217.45,125,1725
20220311,12:38,217.85,217.85,217.85,217.85,75,1725
20220311,12:43,222.10,222.10,222.10,222.10,225,1725
20220311,12:50,223.05,223.05,223.05,223.05,25,1675
20220311,12:51,229.20,229.20,229.20,229.20,325,1650
20220311,12:52,228.55,228.55,228.55,228.55,150,1650
20220311,12:54,241.10,241.10,237.60,237.60,150,1500
20220311,12:55,238.15,238.85,238.15,238.85,325,1500
20220311,12:56,238.15,238.15,238.15,238.15,50,1500
20220311,12:57,235.70,236.95,235.70,236.95,75,1325
20220311,12:58,233.30,233.30,233.30,233.30,25,1325
20220311,13:02,235.75,235.75,235.75,235.75,25,1325
20220311,13:03,230.50,230.50,230.50,230.50,25,1350
20220311,13:05,230.50,234.50,230.50,234.50,150,1350
20220311,13:08,241.70,242.70,241.70,242.70,375,1325
20220311,13:09,244.55,246.65,244.55,246.65,150,1275
20220311,13:10,248.60,248.60,248.60,248.60,200,1275
20220311,13:11,242.90,242.90,242.90,242.90,150,1275
20220311,13:12,237.20,237.20,237.20,237.20,75,1275
20220311,13:13,233.75,240.70,233.75,240.70,150,1275
20220311,13:16,243.95,243.95,243.85,243.85,100,1275
20220311,13:17,245.15,246.30,245.15,246.30,75,1275
20220311,13:18,250.65,250.65,250.65,250.65,75,1275
20220311,13:20,245.30,245.30,245.30,245.30,100,1275
20220311,13:22,245.30,245.30,245.30,245.30,25,1275
20220311,13:23,241.50,241.50,241.50,241.50,25,1275
20220311,13:29,248.60,248.60,245.25,245.25,425,1250
20220311,13:30,235.05,235.05,235.05,235.05,50,1250
20220311,13:31,226.45,226.95,226.45,226.95,100,1325
20220311,13:36,242.40,242.40,242.40,242.40,75,1300
20220311,13:38,243.00,243.00,243.00,243.00,100,1325
20220311,13:39,247.85,247.85,247.85,247.85,75,1300
20220311,13:41,250.25,250.25,250.25,250.25,25,1300
20220311,13:44,255.35,255.35,255.35,255.35,25,1325
20220311,13:48,253.75,253.75,253.75,253.75,50,1350
20220311,13:49,256.45,256.45,256.45,256.45,25,1375
20220311,13:52,250.00,250.00,250.00,250.00,75,1375
20220311,13:55,244.60,244.60,244.60,244.60,75,1350
20220311,13:59,244.15,244.15,243.65,243.65,250,1300
20220311,14:00,242.60,242.60,242.60,242.60,75,1300
20220311,14:05,241.30,241.30,241.30,241.30,50,1325
20220311,14:08,239.80,239.80,239.80,239.80,25,1325
20220311,14:09,230.10,230.10,230.10,230.10,50,1300
20220311,14:14,224.35,224.35,223.35,223.35,100,1275
20220311,14:17,224.05,224.05,224.05,224.05,25,1275
20220311,14:22,215.60,215.60,213.80,213.80,300,1275
20220311,14:23,214.90,214.90,214.90,214.90,200,1275
20220311,14:25,224.30,224.30,224.30,224.30,25,1375
20220311,14:27,221.55,221.55,221.55,221.55,25,1375
20220311,14:30,232.75,232.75,232.75,232.75,25,1375
20220311,14:31,239.80,239.80,238.00,238.00,100,1350
20220311,14:36,219.00,219.00,219.00,219.00,25,1325
20220311,14:40,223.60,223.60,223.60,223.60,25,1325
20220311,14:42,223.00,223.00,223.00,223.00,50,1325
20220311,14:43,216.75,216.75,216.75,216.75,25,1375
20220311,14:44,214.50,214.50,210.10,210.10,125,1375
20220311,14:45,210.60,210.60,210.60,210.60,25,1375
20220311,14:54,215.00,215.00,215.00,215.00,25,1375
20220311,14:59,221.85,221.85,221.85,221.85,50,1375
20220311,15:03,215.80,215.80,215.80,215.80,25,1400
20220311,15:05,211.65,211.65,211.65,211.65,25,1375
20220311,15:08,216.45,216.45,216.45,216.45,75,1375
20220311,15:11,219.10,219.10,219.10,219.10,25,1400
20220311,15:13,218.90,218.90,218.90,218.90,50,1375
20220311,15:14,223.00,223.00,221.95,221.95,100,1375
20220311,15:15,222.00,223.80,222.00,223.80,50,1375
20220311,15:16,222.85,222.85,222.85,222.85,125,1375
20220311,15:19,225.50,225.50,225.50,225.50,25,1375
20220311,15:20,223.85,223.85,223.85,223.85,25,1375
20220311,15:23,224.60,224.60,223.50,223.50,75,1400
20220311,15:25,226.55,226.55,226.55,226.55,25,1375
20220311,15:26,230.00,230.00,230.00,230.00,25,1375
20220311,15:27,231.25,231.25,231.25,231.25,25,1375
20220311,15:28,233.45,233.45,233.45,233.45,25,1350
20220311,15:30,235.00,235.00,235.00,235.00,25,1350
20220314,09:33,200.10,200.10,194.70,194.70,102,1350
20220314,09:34,196.55,196.55,196.55,196.55,50,1350
20220314,09:35,197.40,197.40,197.40,197.40,50,1350
20220314,09:37,202.15,202.15,202.15,202.15,50,1350
20220314,09:40,207.20,207.20,205.80,205.80,125,1350
20220314,09:41,200.35,200.35,200.35,200.35,50,1350
20220314,09:45,210.65,210.65,210.65,210.65,50,1350
20220314,09:49,210.65,210.65,210.65,210.65,25,1375
20220314,09:50,196.70,196.70,196.70,196.70,25,1375
20220314,09:55,192.15,192.15,192.15,192.15,75,1375
20220314,10:16,195.60,195.60,195.60,195.60,50,1450
20220314,10:22,199.20,199.20,199.20,199.20,25,1500
20220314,10:46,192.50,192.50,192.50,192.50,25,1475
20220314,11:15,179.00,179.00,179.00,179.00,50,1500
20220314,11:18,181.30,181.30,181.30,181.30,25,1550
20220314,11:20,184.30,184.30,184.30,184.30,50,1550
20220314,11:29,175.95,175.95,175.95,175.95,25,1625
20220314,12:01,175.95,175.95,175.95,175.95,100,1600
20220314,12:02,176.60,176.60,176.60,176.60,200,1600
20220314,12:55,167.10,167.10,167.10,167.10,25,1600
20220314,13:39,156.00,156.00,156.00,156.00,50,1575
20220314,13:41,156.00,156.00,156.00,156.00,25,1600
20220314,13:47,158.95,158.95,158.95,158.95,25,1600
20220314,14:08,162.40,162.40,162.40,162.40,50,1600
20220314,14:39,139.50,139.50,139.50,139.50,25,1650
20220314,14:48,139.50,139.50,139.50,139.50,50,1625
20220314,15:15,147.60,147.60,147.60,147.60,100,1625
20220314,15:25,145.90,145.90,145.90,145.90,50,1675
20220314,15:26,144.50,144.50,144.50,144.50,50,1675
20220314,15:28,140.45,140.45,140.45,140.45,25,1575
20220314,15:30,135.05,135.05,135.05,135.05,50,1575
20220315,09:39,129.15,129.15,129.15,129.15,51,1525
20220315,09:49,132.95,132.95,132.95,132.95,25,1525
20220315,09:50,135.05,135.05,135.05,135.05,25,1525
20220315,09:56,139.45,139.45,139.45,139.45,25,1575
20220315,10:01,139.45,139.45,139.45,139.45,50,1575
20220315,10:19,123.20,123.20,123.20,123.20,100,1525
20220315,10:21,117.35,117.35,117.35,117.35,25,1625
20220315,10:24,115.00,115.00,115.00,115.00,50,1650
20220315,10:59,115.00,123.50,115.00,123.50,75,1600
20220315,11:01,130.80,130.80,130.80,130.80,25,1675
20220315,11:24,118.00,118.00,118.00,118.00,50,1700
20220315,11:26,116.00,116.00,116.00,116.00,50,1700
20220315,11:28,114.10,114.10,114.10,114.10,25,1600
20220315,11:41,114.10,114.10,114.10,114.10,25,1575
20220315,11:46,115.55,115.55,115.55,115.55,25,1550
20220315,11:59,112.20,112.20,112.20,112.20,50,1525
20220315,12:00,111.00,111.00,111.00,111.00,25,1475
20220315,12:02,111.00,111.00,111.00,111.00,25,1475
20220315,12:06,112.15,112.15,112.15,112.15,50,1475
20220315,12:07,112.00,114.35,112.00,114.35,125,1475
20220315,12:19,115.15,115.15,115.15,115.15,25,1450
20220315,12:24,114.55,114.55,114.55,114.55,225,1450
20220315,12:30,118.95,118.95,118.95,118.95,100,1325
20220315,12:33,120.50,120.50,120.50,120.50,50,1325
20220315,12:38,128.35,128.35,128.35,128.35,50,1325
20220315,12:46,137.45,137.45,137.45,137.45,50,1275
20220315,12:53,130.15,130.15,130.15,130.15,25,1275
20220315,12:54,132.65,132.65,132.65,132.65,75,1250
20220315,13:00,141.85,141.85,141.85,141.85,50,1175
20220315,13:03,143.90,146.60,143.90,146.60,75,1100
20220315,13:04,148.75,148.75,148.75,148.75,50,1100
20220315,13:11,148.75,148.75,148.75,148.75,25,1100
20220315,13:12,140.90,140.90,140.90,140.90,75,1075
20220315,13:16,152.85,152.85,152.85,152.85,25,1075
20220315,13:31,157.50,157.50,157.50,157.50,25,1075
20220315,13:45,157.50,157.50,157.50,157.50,25,1075
20220315,13:59,166.95,166.95,166.95,166.95,25,1075
20220315,14:24,210.55,210.55,210.55,210.55,100,1075
20220315,14:25,191.90,191.90,191.90,191.90,25,1100
20220315,14:27,204.30,204.30,204.30,204.30,75,1100
20220315,14:28,203.65,203.65,203.65,203.65,25,1100
20220315,14:29,197.00,197.00,197.00,197.00,50,1100
20220315,14:30,197.80,197.80,197.80,197.80,50,1100
20220315,14:31,193.55,193.55,185.70,185.70,100,1100
20220315,14:33,181.40,181.40,181.40,181.40,50,1100
20220315,14:34,181.65,181.65,181.65,181.65,75,1100
20220315,14:38,193.45,193.45,193.45,193.45,25,1100
20220315,14:39,195.55,195.55,195.55,195.55,50,1100
20220315,14:44,185.40,185.40,185.40,185.40,75,1150
20220315,14:46,175.95,175.95,175.95,175.95,75,1200
20220315,14:48,171.20,171.20,171.20,171.20,25,1200
20220315,14:51,171.50,171.50,171.50,171.50,25,1250
20220315,14:53,170.20,170.20,170.20,170.20,25,1225
20220315,14:56,155.10,155.10,155.10,155.10,50,1225
20220315,14:59,149.75,149.75,149.75,149.75,100,1225
20220315,15:00,151.35,151.35,151.35,151.35,200,1225
20220315,15:01,154.60,154.60,154.60,154.60,50,1275
20220315,15:04,161.80,162.65,161.80,162.65,100,1225
20220315,15:05,161.50,161.50,161.50,161.50,75,1225
20220315,15:08,171.25,172.55,171.25,172.55,175,1225
20220315,15:11,164.65,164.65,164.65,164.65,50,1225
20220315,15:12,162.40,162.40,162.40,162.40,100,1225
20220315,15:15,167.50,167.50,167.50,167.50,75,1225
20220315,15:17,163.95,163.95,163.95,163.95,25,1300
20220315,15:18,166.95,166.95,166.95,166.95,125,1300
20220315,15:20,166.00,166.00,166.00,166.00,50,1250
20220315,15:27,180.25,180.25,180.25,180.25,25,1225
20220315,15:29,180.20,180.20,180.20,180.20,25,1225
20220316,09:35,86.15,88.90,83.65,88.90,253,1225
20220316,09:37,92.80,92.80,92.80,92.80,25,1225
20220316,09:48,92.80,92.80,92.80,92.80,25,1250
20220316,09:56,87.80,87.80,87.80,87.80,25,1250
20220316,10:03,93.00,93.00,93.00,93.00,50,1250
20220316,10:06,93.00,93.00,93.00,93.00,25,1300
20220316,10:08,93.00,93.00,93.00,93.00,50,1300
20220316,10:13,98.05,98.05,98.05,98.05,25,1300
20220316,10:24,99.70,99.70,99.70,99.70,50,1300
20220316,10:44,99.70,99.70,99.70,99.70,25,1300
20220316,11:27,86.90,86.90,86.90,86.90,25,1300
20220316,11:36,83.40,83.40,83.40,83.40,50,1275
20220316,12:03,83.40,83.40,83.40,83.40,25,1225
20220316,12:23,83.90,83.90,83.90,83.90,50,1225
20220316,12:29,81.45,81.45,81.45,81.45,50,1225
20220316,12:55,81.45,81.45,81.45,81.45,50,1225
20220316,13:00,87.40,87.40,87.40,87.40,25,1225
20220316,13:01,87.40,87.40,87.40,87.40,25,1250
20220316,13:06,88.75,88.75,88.75,88.75,50,1300
20220316,13:15,93.90,93.90,93.90,93.90,150,1350
20220316,13:17,88.60,88.60,88.60,88.60,25,1450
20220316,13:23,87.30,87.30,87.30,87.30,25,1425
20220316,13:24,85.65,85.65,85.65,85.65,25,1400
20220316,13:25,85.30,85.30,85.30,85.30,25,1400
20220316,13:31,85.75,85.75,85.75,85.75,25,1425
20220316,13:56,90.75,90.75,87.05,87.05,50,1325
20220316,14:14,88.30,88.30,88.30,88.30,50,1375
20220316,14:22,81.65,81.65,81.65,81.65,25,1425
20220316,14:40,80.50,80.50,80.50,80.50,100,1400
20220316,14:54,78.65,78.65,78.65,78.65,50,1400
20220316,14:56,77.40,77.40,77.40,77.40,25,1300
20220316,15:00,75.75,75.75,75.75,75.75,50,1300
20220316,15:01,73.35,73.35,73.35,73.35,50,1300
20220316,15:11,73.35,73.35,73.35,73.35,250,1225
20220317,09:20,37.25,39.80,34.85,39.80,102,1225
20220317,09:23,40.10,40.10,40.10,40.10,25,1200
20220317,09:24,40.10,40.10,40.10,40.10,50,1175
20220317,09:33,37.05,37.05,37.05,37.05,125,1175
20220317,09:34,37.95,37.95,37.95,37.95,75,1175
20220317,10:05,36.25,36.25,36.25,36.25,25,1200
20220317,10:21,42.40,42.40,42.40,42.40,50,1175
20220317,10:40,42.40,42.40,42.40,42.40,50,1150
20220317,11:12,16.75,16.75,16.75,16.75,25,1125
20220317,11:14,42.85,42.85,42.85,42.85,50,1125
20220317,14:05,35.05,35.05,35.05,35.05,25,1125
20220317,14:17,32.85,32.85,32.85,32.85,150,1150
20220317,14:23,36.90,36.90,36.90,36.90,25,1150
20220317,14:38,36.95,36.95,36.95,36.95,25,1175
20220317,14:46,37.80,37.80,37.80,37.80,25,1175
20220317,14:50,39.40,39.40,39.40,39.40,25,1150
20220317,15:09,39.40,39.40,39.40,39.40,25,1125
20220317,15:29,39.20,39.25,39.20,39.25,100,1125
20220321,09:21,39.25,39.25,39.25,39.25,26,1125
20220321,09:22,41.50,41.50,41.50,41.50,50,1125
20220321,09:26,35.15,35.15,33.70,33.70,125,1100
20220321,09:28,32.60,32.60,32.60,32.60,75,1100
20220321,10:06,33.00,33.00,33.00,33.00,50,1200
20220321,10:37,32.85,32.85,32.85,32.85,25,1250
20220321,10:46,34.10,34.10,34.10,34.10,25,1250
20220321,12:41,33.25,33.25,33.25,33.25,25,1225
20220321,12:42,34.15,34.15,34.15,34.15,25,1200
20220321,12:49,33.60,33.60,33.60,33.60,25,1175
20220321,12:51,34.65,34.65,34.65,34.65,25,1150
20220321,13:38,31.00,31.00,31.00,31.00,150,1125
20220322,10:00,22.10,22.10,14.00,14.00,127,1150
20220322,10:01,27.15,27.15,27.15,27.15,125,1150
20220322,10:56,31.00,31.00,31.00,31.00,50,1175
20220322,11:46,31.00,31.00,31.00,31.00,25,1125
20220322,12:14,30.75,30.75,30.75,30.75,25,1100
20220322,12:39,30.70,30.70,30.70,30.70,25,1100
20220322,12:40,26.15,26.15,26.15,26.15,25,1100
20220322,12:48,23.80,23.80,23.80,23.80,25,1100
20220322,13:50,16.10,16.10,16.10,16.10,275,1100
20220322,13:52,16.70,16.70,16.70,16.70,200,1375
20220322,14:06,15.90,15.90,15.90,15.90,25,1275
20220322,14:08,16.75,16.75,16.75,16.75,25,1275
20220322,14:09,16.75,16.75,16.75,16.75,25,1275
20220322,14:10,16.75,16.75,16.75,16.75,25,1275
20220322,14:19,17.55,17.55,17.55,17.55,25,1250
20220322,14:29,18.05,18.05,18.05,18.05,50,1250
20220322,14:46,16.25,16.25,16.25,16.25,50,1275
20220322,15:20,17.00,17.15,17.00,17.15,100,1275
20220322,15:21,15.95,16.10,15.95,16.10,50,1300
20220322,15:28,15.00,15.00,15.00,15.00,25,1275
20220323,09:19,14.70,14.70,14.70,14.70,26,1275
20220323,09:21,5.25,5.25,5.25,5.25,25,1275
20220323,09:46,5.25,5.25,5.25,5.25,125,1275
20220323,09:49,16.50,16.50,16.50,16.50,125,1375
20220323,10:14,16.50,16.50,16.50,16.50,25,1450
20220323,10:19,10.00,10.00,10.00,10.00,25,1475
20220323,10:22,12.00,12.00,12.00,12.00,25,1450
20220323,10:23,12.00,12.00,12.00,12.00,25,1450
20220323,10:24,12.00,12.00,12.00,12.00,25,1400
20220323,10:29,12.00,12.00,12.00,12.00,25,1375
20220323,10:30,12.00,12.00,12.00,12.00,25,1350
20220323,10:52,11.35,11.35,11.35,11.35,25,1350
20220323,10:53,11.35,11.35,11.35,11.35,25,1350
20220323,11:15,15.00,15.00,15.00,15.00,175,1325
20220323,11:47,13.20,13.20,13.20,13.20,25,1325
20220323,12:33,14.90,14.90,14.90,14.90,25,1300
20220323,12:47,15.55,15.55,15.55,15.55,25,1275
20220323,13:03,15.40,15.55,15.40,15.55,125,1275
20220323,14:30,13.95,13.95,13.95,13.95,25,1225
20220323,14:46,15.60,15.60,15.60,15.60,25,1200
20220323,14:54,15.00,15.00,15.00,15.00,25,1225
20220323,15:07,16.20,16.20,16.20,16.20,50,1200
20220323,15:16,16.10,16.25,16.10,16.25,50,1250
20220323,15:17,16.00,16.00,15.60,15.60,100,1250
20220323,15:20,16.45,16.45,16.45,16.45,25,1225
20220324,09:18,19.50,20.05,19.50,20.05,77,1225
20220324,09:20,19.85,19.85,19.85,19.85,25,1225
20220324,09:23,14.55,14.55,14.55,14.55,100,1300
20220324,09:26,14.55,14.55,14.55,14.55,50,1300
20220324,09:28,16.05,16.05,16.05,16.05,25,1250
20220324,09:38,16.90,17.40,16.45,16.45,125,1250
20220324,09:42,17.05,17.05,17.05,17.05,25,1250
20220324,09:48,16.00,16.00,16.00,16.00,25,1250
20220324,09:49,15.40,15.40,15.40,15.40,25,1250
20220324,09:55,16.00,16.00,13.70,13.70,400,1275
20220324,09:57,14.15,14.15,14.15,14.15,25,1625
20220324,09:59,15.00,15.00,15.00,15.00,25,1625
20220324,10:02,14.00,14.00,14.00,14.00,75,1650
20220324,10:17,13.55,13.55,13.55,13.55,25,1650
20220324,12:23,13.30,13.30,13.30,13.30,800,1625
20220324,12:24,13.30,13.30,13.30,13.30,25,2200
20220324,12:25,13.40,13.40,13.40,13.40,25,2200
20220324,12:26,13.45,13.45,13.45,13.45,825,2200
20220324,12:29,14.05,14.90,14.05,14.90,125,1700
20220324,12:30,14.70,16.60,14.70,16.60,1075,2450
20220324,12:31,15.30,15.30,15.30,15.30,25,2450
20220324,12:32,14.50,14.50,14.50,14.50,25,2450
20220324,12:35,14.30,14.30,14.30,14.30,100,2500
20220324,12:40,14.85,14.85,14.85,14.85,100,2500
20220324,12:47,13.60,13.60,13.60,13.60,50,2500
20220324,12:50,13.65,13.65,13.65,13.65,300,2475
20220324,12:54,14.60,14.60,14.00,14.00,175,2350
20220324,12:58,14.40,14.40,14.40,14.40,25,2375
20220324,12:59,13.75,13.75,13.40,13.40,75,2375
20220324,13:02,13.55,13.55,13.55,13.55,25,2375
20220324,13:08,13.30,13.30,13.30,13.30,50,2375
20220324,13:10,12.90,12.90,12.90,12.90,25,2375
20220324,13:12,12.90,12.90,12.90,12.90,50,2375
20220324,13:15,12.90,13.15,12.90,13.15,150,2350
20220324,13:57,13.10,13.10,13.10,13.10,100,2350
20220324,14:53,12.05,12.05,12.05,12.05,200,2350
20220324,15:06,11.30,11.35,10.95,10.95,150,2450
20220324,15:07,10.90,11.25,10.70,11.25,175,2550
20220324,15:11,10.80,10.80,10.55,10.55,1325,2550
20220324,15:12,10.50,10.50,10.35,10.35,125,2550
20220324,15:13,9.00,10.65,9.00,10.25,1575,2400
20220324,15:14,9.95,10.40,9.95,10.10,625,2400
20220324,15:19,10.45,10.50,10.15,10.50,200,2625
20220324,15:20,10.50,10.50,8.50,8.50,625,2625
20220324,15:21,10.15,10.15,10.15,10.15,25,2625
20220324,15:22,10.15,10.25,10.15,10.25,475,2750
20220324,15:23,9.50,9.50,9.50,9.50,175,2750
20220324,15:24,9.65,9.85,9.35,9.50,875,2750
20220324,15:25,9.15,9.85,9.15,9.60,800,3525
20220324,15:26,9.75,9.75,9.75,9.75,175,3525
20220324,15:27,10.15,10.40,9.90,10.05,375,3525
20220324,15:28,9.35,10.35,9.35,10.35,425,3650
20220324,15:29,10.25,10.25,8.40,8.40,1025,3650
20220325,09:15,8.15,8.45,6.80,6.80,1476,3625
20220325,09:16,7.00,7.15,6.90,7.15,2000,3625
20220325,09:17,7.15,7.75,6.80,7.75,2150,6500
20220325,09:18,7.60,7.60,6.70,7.00,1925,6500
20220325,09:19,7.10,7.60,7.10,7.45,825,6500
20220325,09:20,7.30,7.70,7.30,7.70,1550,9050
20220325,09:21,7.90,8.15,7.05,8.00,3100,9050
20220325,09:22,7.60,8.10,7.60,8.10,1275,9050
20220325,09:23,8.05,8.20,7.85,8.00,2825,10850
20220325,09:24,7.80,8.00,7.80,7.95,650,10850
20220325,09:25,7.80,8.00,7.65,8.00,2750,10850
20220325,09:26,8.00,8.00,7.80,8.00,2300,12975
20220325,09:27,8.00,8.00,7.90,8.00,1275,12975
20220325,09:28,7.95,8.00,7.95,8.00,1525,12975
20220325,09:29,8.00,8.00,7.90,7.90,750,15025
20220325,09:30,8.00,8.10,7.95,8.05,5950,15025
20220325,09:31,8.10,8.10,7.90,8.00,7800,15025
20220325,09:32,8.00,8.00,7.35,7.40,1700,25950
20220325,09:33,7.30,7.75,7.30,7.75,425,25950
20220325,09:34,7.70,8.00,7.70,8.00,725,25950
20220325,09:35,7.90,7.95,7.90,7.95,250,25650
20220325,09:36,7.85,8.00,7.75,7.85,900,25650
20220325,09:37,8.00,8.00,7.55,7.75,1175,25650
20220325,09:38,7.45,7.65,7.30,7.65,1250,26550
20220325,09:39,7.65,7.65,7.20,7.20,1400,26550
20220325,09:40,7.10,7.15,7.10,7.15,525,26550
20220325,09:41,7.35,7.35,7.25,7.30,325,26525
20220325,09:42,7.25,7.30,7.10,7.25,500,26525
20220325,09:43,7.20,7.30,7.05,7.05,525,26525
20220325,09:44,7.00,7.10,6.95,7.00,500,26625
20220325,09:45,6.90,6.90,6.60,6.70,1350,26625
20220325,09:46,6.60,6.85,6.60,6.85,550,26625
20220325,09:47,6.95,7.25,6.95,7.25,675,26725
20220325,09:48,7.25,7.25,7.00,7.00,325,26725
20220325,09:49,6.75,6.75,6.50,6.50,1725,26725
20220325,09:50,6.60,6.75,6.55,6.75,2825,24450
20220325,09:51,6.80,6.80,6.60,6.60,500,24450
20220325,09:52,6.55,6.70,6.55,6.70,100,24450
20220325,09:53,6.70,6.70,6.70,6.70,700,24450
20220325,09:54,6.70,6.75,6.45,6.45,2475,23725
20220325,09:55,6.45,6.45,6.35,6.45,1075,23725
20220325,09:56,6.35,6.35,6.35,6.35,350,23725
20220325,09:57,6.45,6.45,6.35,6.45,250,22725
20220325,09:58,6.30,6.30,6.30,6.30,75,22725
20220325,09:59,6.40,6.40,6.35,6.35,225,22625
20220325,10:00,6.35,6.35,6.30,6.30,225,22625
20220325,10:01,6.15,6.15,6.15,6.15,100,22625
20220325,10:02,6.15,6.15,6.15,6.15,100,22550
20220325,10:03,6.25,6.25,6.10,6.20,1225,22550
20220325,10:04,6.25,6.35,6.20,6.35,700,22550
20220325,10:05,6.40,6.60,6.40,6.60,550,22425
20220325,10:06,6.70,6.75,6.50,6.60,775,22425
20220325,10:07,6.50,6.60,6.50,6.60,150,22425
20220325,10:08,6.45,6.45,6.45,6.45,50,22325
20220325,10:09,6.40,6.40,6.35,6.35,50,22325
20220325,10:11,6.45,6.45,6.45,6.45,25,22325
20220325,10:12,6.45,6.45,6.35,6.35,225,22300
20220325,10:14,6.45,6.45,6.45,6.45,100,22325
20220325,10:15,6.55,6.75,6.55,6.75,300,22325
20220325,10:16,6.70,6.70,6.50,6.50,450,22325
20220325,10:17,6.50,6.50,6.50,6.50,250,22325
20220325,10:18,6.60,6.60,6.50,6.50,175,22475
20220325,10:20,6.60,6.65,6.60,6.65,425,22475
20220325,10:21,6.55,6.65,6.55,6.65,275,22475
20220325,10:22,6.65,6.65,6.50,6.50,325,22475
20220325,10:23,6.55,6.55,6.50,6.50,75,22350
20220325,10:24,6.50,6.50,6.40,6.40,725,22350
20220325,10:25,6.35,6.40,6.35,6.40,300,22350
20220325,10:27,6.50,6.50,6.40,6.40,250,21850
20220325,10:28,6.50,6.60,6.50,6.50,275,21850
20220325,10:29,6.60,6.65,6.60,6.65,75,21850
20220325,10:30,6.65,6.65,6.50,6.55,100,21850
20220325,10:31,6.55,6.55,6.55,6.55,300,21850
20220325,10:33,6.40,6.40,6.40,6.40,50,21550
20220325,10:35,6.50,6.50,6.45,6.45,100,21550
20220325,10:36,6.45,6.45,6.30,6.30,100,21550
20220325,10:39,6.30,6.40,6.30,6.40,125,21525
20220325,10:41,6.40,6.40,6.40,6.40,125,21525
20220325,10:43,6.25,6.25,6.25,6.25,150,21575
20220325,10:45,6.20,6.25,6.20,6.25,75,21525
20220325,10:46,6.10,6.10,6.10,6.10,25,21525
20220325,10:47,6.10,6.10,6.10,6.10,150,21525
20220325,10:48,6.30,6.30,6.20,6.20,175,21475
20220325,10:49,6.20,6.30,6.20,6.30,625,21475
20220325,10:50,6.35,6.40,6.25,6.25,325,21700
20220325,10:51,6.35,6.35,6.15,6.15,500,21700
20220325,10:52,6.15,6.15,6.15,6.15,925,21700
20220325,10:53,6.40,6.40,6.40,6.40,300,21300
20220325,10:54,6.25,6.30,6.25,6.30,50,21300
20220325,10:55,6.45,6.55,6.45,6.55,275,21300
20220325,10:56,6.55,6.55,6.40,6.40,100,21250
20220325,10:58,6.40,6.45,6.40,6.45,75,21250
20220325,10:59,6.50,6.50,6.50,6.50,50,21250
20220325,11:00,6.55,6.60,6.50,6.55,375,21300
20220325,11:03,6.55,6.55,6.55,6.55,225,21300
20220325,11:04,6.55,6.55,6.25,6.30,200,21300
20220325,11:05,6.20,6.20,6.20,6.20,50,21300
20220325,11:06,6.25,6.25,6.20,6.20,150,21250
20220325,11:07,6.10,6.10,6.10,6.10,100,21250
20220325,11:08,6.10,6.10,6.10,6.10,300,21250
20220325,11:10,6.15,6.15,6.15,6.15,300,21075
20220325,11:11,6.05,6.05,6.05,6.05,175,21150
20220325,11:12,6.15,6.15,6.05,6.05,200,21150
20220325,11:13,6.15,6.20,6.15,6.15,100,21150
20220325,11:14,6.25,6.25,6.10,6.15,375,21075
20220325,11:15,6.10,6.30,6.10,6.30,875,21075
20220325,11:16,6.35,6.40,6.20,6.20,250,21075
20220325,11:17,6.35,6.35,6.30,6.30,150,21075
20220325,11:18,6.20,6.20,6.20,6.20,125,21100
20220325,11:20,6.30,6.30,6.30,6.30,25,21100
20220325,11:21,6.25,6.25,6.25,6.25,25,21100
20220325,11:27,6.30,6.30,6.30,6.30,75,21100
20220325,11:28,6.20,6.25,6.20,6.25,125,21100
20220325,11:30,6.10,6.10,6.10,6.10,300,21200
20220325,11:34,6.05,6.05,6.05,6.05,350,21000
20220325,11:35,6.05,6.05,6.05,6.05,25,21000
20220325,11:36,6.15,6.15,6.15,6.15,100,20750
20220325,11:38,6.15,6.15,6.05,6.05,75,20750
20220325,11:39,6.20,6.20,6.10,6.10,725,20750
20220325,11:40,6.05,6.20,6.05,6.15,225,20750
20220325,11:41,6.10,6.10,6.10,6.10,75,20750
20220325,11:42,6.05,6.05,6.05,6.05,175,20750
20220325,11:43,6.05,6.10,6.00,6.00,375,20750
20220325,11:44,6.00,6.00,6.00,6.00,275,20750
20220325,11:47,6.05,6.05,6.05,6.05,375,20650
20220325,11:48,6.00,6.05,6.00,6.05,50,20850
20220325,11:53,6.05,6.05,6.05,6.05,75,20825
20220325,11:54,6.10,6.15,6.10,6.10,250,20825
20220325,11:55,6.25,6.25,6.25,6.25,250,20825
20220325,11:56,6.20,6.20,6.15,6.15,75,20825
20220325,11:57,6.20,6.20,6.10,6.10,175,20675
20220325,11:58,6.15,6.20,6.10,6.20,150,20675
20220325,11:59,6.10,6.10,5.95,5.95,500,20675
20220325,12:00,6.10,6.75,6.10,6.45,1450,20400
20220325,12:02,6.60,6.60,6.60,6.60,175,20400
20220325,12:04,6.65,6.75,6.65,6.75,250,20725
20220325,12:05,6.75,6.75,6.35,6.35,925,20725
20220325,12:06,6.50,6.55,6.50,6.55,325,20650
20220325,12:07,6.50,6.75,6.50,6.65,975,20650
20220325,12:08,6.55,6.65,6.55,6.65,100,20650
20220325,12:09,6.65,6.85,6.65,6.80,725,21050
20220325,12:10,6.75,6.75,6.70,6.70,500,21050
20220325,12:11,6.70,6.70,6.70,6.70,300,21050
20220325,12:12,6.70,6.80,6.70,6.80,250,20650
20220325,12:13,6.85,6.95,6.85,6.85,350,20650
20220325,12:14,7.00,7.30,7.00,7.30,700,20650
20220325,12:15,7.40,7.40,7.40,7.40,25,20700
20220325,12:16,7.25,7.30,7.25,7.30,100,20700
20220325,12:17,7.25,7.25,7.10,7.10,475,20700
20220325,12:18,7.05,7.05,7.00,7.00,300,20850
20220325,12:19,7.15,7.15,7.10,7.10,50,20850
20220325,12:20,6.90,7.15,6.90,7.15,550,20850
20220325,12:22,7.30,7.30,7.30,7.30,100,21125
20220325,12:23,7.20,7.20,7.20,7.20,25,21125
20220325,12:24,7.15,7.15,7.15,7.15,25,21250
20220325,12:25,7.15,7.15,7.10,7.10,125,21250
20220325,12:26,7.15,7.15,7.15,7.15,75,21250
20220325,12:29,7.35,7.35,7.30,7.35,900,21300
20220325,12:30,7.35,7.45,7.00,7.00,1925,21300
20220325,12:31,6.90,6.95,6.70,6.85,1075,21300
20220325,12:33,6.70,6.75,6.65,6.70,975,21050
20220325,12:34,6.65,6.70,6.65,6.70,625,21050
20220325,12:35,6.75,6.75,6.65,6.65,150,21050
20220325,12:37,6.65,6.65,6.60,6.65,300,20675
20220325,12:38,6.60,6.60,6.50,6.50,75,20675
20220325,12:39,6.50,6.50,6.45,6.50,200,20650
20220325,12:40,6.45,6.70,6.45,6.70,725,20650
20220325,12:42,6.55,6.55,6.55,6.55,50,21450
20220325,12:44,6.65,6.65,6.15,6.20,1275,21450
20220325,12:45,6.20,6.25,6.20,6.25,150,21450
20220325,12:46,6.25,6.60,6.25,6.60,325,21450
20220325,12:47,6.35,6.35,6.35,6.35,25,21450
20220325,12:48,6.55,6.60,6.45,6.60,375,21450
20220325,12:49,6.55,6.65,6.55,6.55,725,21450
20220325,12:50,6.70,6.70,6.70,6.70,125,21450
20220325,12:51,6.85,6.85,6.85,6.85,250,21450
20220325,12:52,6.85,6.85,6.85,6.85,50,21300
20220325,12:53,6.90,6.90,6.90,6.90,250,21300
20220325,12:55,6.65,6.65,6.65,6.65,275,21300
20220325,12:57,6.65,6.65,6.60,6.60,450,21300
20220325,12:58,6.65,6.80,6.65,6.80,225,21050
20220325,12:59,6.90,6.90,6.90,6.90,125,21050
20220325,13:00,7.00,7.05,7.00,7.05,225,21200
20220325,13:01,7.10,7.10,7.00,7.05,125,21200
20220325,13:02,7.10,7.25,7.05,7.05,1200,21200
20220325,13:03,6.80,6.80,6.80,6.80,25,21325
20220325,13:04,6.85,6.85,6.70,6.75,300,21325
20220325,13:05,6.60,6.60,6.50,6.55,75,21325
20220325,13:06,6.50,6.50,6.45,6.45,75,21225
20220325,13:07,6.50,6.65,6.50,6.65,200,21225
20220325,13:08,6.70,6.75,6.70,6.75,75,21225
20220325,13:10,6.80,6.85,6.50,6.50,425,21300
20220325,13:13,6.85,6.85,6.85,6.85,250,21325
20220325,13:14,6.85,6.85,6.70,6.70,200,21325
20220325,13:15,6.75,6.80,6.70,6.70,300,21325
20220325,13:16,6.80,6.85,6.75,6.85,550,21325
20220325,13:17,6.85,6.85,6.60,6.60,700,21325
20220325,13:18,6.65,6.70,6.65,6.70,100,21500
20220325,13:19,6.75,6.75,6.75,6.75,125,21500
20220325,13:20,6.65,6.80,6.65,6.80,150,21500
20220325,13:21,7.00,7.05,7.00,7.05,100,21625
20220325,13:22,7.10,7.10,7.10,7.10,25,21625
20220325,13:23,6.85,6.85,6.65,6.65,125,21625
20220325,13:24,6.55,6.65,6.50,6.50,250,21500
20220325,13:26,6.55,7.00,6.55,7.00,600,21500
20220325,13:27,7.00,7.15,6.95,7.05,225,21675
20220325,13:28,7.00,7.00,6.95,6.95,50,21675
20220325,13:29,6.90,6.90,6.90,6.90,1250,21675
20220325,13:30,6.85,6.85,6.60,6.60,350,22550
20220325,13:31,6.65,6.70,6.65,6.70,50,22550
20220325,13:32,6.65,6.85,6.65,6.85,325,22550
20220325,13:33,6.85,6.85,6.50,6.50,2175,23100
20220325,13:34,6.35,6.35,6.35,6.35,250,23100
20220325,13:35,6.45,6.45,6.25,6.35,850,23100
20220325,13:36,6.45,6.60,6.45,6.60,175,24075
20220325,13:37,6.70,6.70,6.60,6.65,750,24075
20220325,13:38,6.85,6.90,6.85,6.85,150,24075
20220325,13:39,6.95,6.95,6.75,6.75,1200,24450
20220325,13:40,6.75,7.00,6.65,6.95,900,24450
20220325,13:41,6.90,7.00,6.65,6.65,850,24450
20220325,13:42,6.50,6.65,6.50,6.65,275,22725
20220325,13:43,6.70,6.95,6.70,6.95,250,22725
20220325,13:44,7.00,7.00,6.95,6.95,400,22725
20220325,13:45,7.00,7.05,6.85,6.85,1575,22450
20220325,13:46,6.70,6.70,6.70,6.70,50,22450
20220325,13:47,6.80,6.80,6.80,6.80,375,22450
20220325,13:48,6.95,7.20,6.95,7.10,1800,23025
20220325,13:49,7.15,7.25,7.10,7.15,1375,23025
20220325,13:50,7.15,7.20,7.10,7.20,100,23025
20220325,13:51,7.25,7.25,7.25,7.25,25,21425
20220325,13:52,7.30,7.30,7.00,7.20,875,21425
20220325,13:53,7.15,7.25,7.05,7.25,150,21425
20220325,13:54,7.30,7.40,7.25,7.25,450,21475
20220325,13:55,7.20,7.20,7.05,7.05,125,21475
20220325,13:56,7.10,7.15,6.95,7.15,300,21475
20220325,13:57,7.15,7.15,7.10,7.10,125,21300
20220325,13:58,7.05,7.05,7.05,7.05,25,21300
20220325,13:59,7.05,7.05,7.05,7.05,125,21300
20220325,14:00,7.05,7.10,6.85,6.85,225,21375
20220325,14:01,6.70,6.80,6.70,6.80,850,21375
20220325,14:02,6.65,6.65,6.55,6.55,400,21375
20220325,14:03,6.70,6.75,6.60,6.75,275,21350
20220325,14:04,6.75,6.95,6.75,6.90,1100,21350
20220325,14:05,7.10,7.10,6.90,6.90,125,21350
20220325,14:06,6.85,7.10,6.80,7.10,875,21275
20220325,14:07,7.30,7.30,7.10,7.10,550,21275
20220325,14:08,7.15,7.15,6.85,6.85,275,21275
20220325,14:10,6.95,6.95,6.95,6.95,200,21100
20220325,14:11,7.05,7.05,7.05,7.05,25,21100
20220325,14:12,7.05,7.05,6.90,6.90,50,21100
20220325,14:13,6.80,6.80,6.75,6.80,200,20950
20220325,14:14,6.65,6.65,6.60,6.60,150,20950
20220325,14:15,6.75,6.75,6.75,6.75,50,20950
20220325,14:16,6.75,6.90,6.75,6.90,50,20775
20220325,14:17,6.95,6.95,6.95,6.95,200,20775
20220325,14:18,7.00,7.05,7.00,7.05,150,21000
20220325,14:19,6.80,6.85,6.80,6.85,50,21000
20220325,14:20,6.70,6.70,6.60,6.60,100,21000
20220325,14:21,6.60,6.60,6.60,6.60,100,21000
20220325,14:22,6.60,6.90,6.60,6.90,225,21000
20220325,14:23,6.75,6.75,6.75,6.75,100,21000
20220325,14:24,6.75,6.75,6.70,6.70,100,21050
20220325,14:25,6.70,6.70,6.60,6.60,100,21050
20220325,14:26,6.50,6.65,6.45,6.65,225,21050
20220325,14:29,6.55,6.55,6.55,6.55,25,21025
20220325,14:30,6.60,6.60,6.60,6.60,75,21025
20220325,14:31,6.55,6.55,6.55,6.55,125,21025
20220325,14:32,6.60,6.60,6.50,6.50,700,21025
20220325,14:33,6.55,6.70,6.55,6.65,325,20650
20220325,14:34,6.70,6.70,6.65,6.65,75,20650
20220325,14:35,6.60,6.60,6.60,6.60,25,20650
20220325,14:36,6.65,6.65,6.65,6.65,175,20650
20220325,14:38,6.40,6.40,6.40,6.40,225,20450
20220325,14:39,6.45,6.65,6.45,6.65,250,20650
20220325,14:40,6.85,6.85,6.85,6.85,25,20650
20220325,14:41,6.85,6.85,6.85,6.85,25,20650
20220325,14:42,6.75,6.90,6.55,6.90,575,20900
20220325,14:43,6.75,6.75,6.65,6.65,225,20900
20220325,14:44,6.70,6.70,6.65,6.65,50,20900
20220325,14:45,6.65,6.65,6.55,6.55,125,20900
20220325,14:46,6.75,6.75,6.55,6.55,275,20875
20220325,14:47,6.60,6.60,6.45,6.45,50,20875
20220325,14:49,6.70,6.70,6.55,6.55,100,21000
20220325,14:50,6.65,6.65,6.55,6.55,175,21000
20220325,14:51,6.50,6.50,6.35,6.35,175,21000
20220325,14:52,6.45,6.55,6.45,6.55,50,21200
20220325,14:53,6.50,6.65,6.50,6.65,150,21200
20220325,14:54,6.70,6.75,6.70,6.75,175,21225
20220325,14:55,6.75,6.90,6.75,6.90,275,21225
20220325,14:56,6.75,6.75,6.60,6.65,325,21225
20220325,14:57,6.45,6.45,6.45,6.45,25,21225
20220325,14:58,6.60,6.60,6.60,6.60,25,21225
20220325,14:59,6.40,6.40,6.40,6.40,75,21225
20220325,15:00,6.50,6.60,6.15,6.15,1175,21400
20220325,15:02,6.95,6.95,6.95,6.95,50,21400
20220325,15:03,7.00,7.00,6.75,6.90,175,21400
20220325,15:04,6.70,7.00,6.65,6.95,1200,21450
20220325,15:05,7.00,7.00,7.00,7.00,350,21450
20220325,15:06,7.05,7.20,6.95,7.20,375,21425
20220325,15:07,7.20,7.20,7.05,7.05,550,21425
20220325,15:08,7.30,7.30,6.95,6.95,1750,21425
20220325,15:09,7.25,7.25,6.80,6.80,3400,22225
20220325,15:10,6.85,6.85,6.80,6.80,375,22225
20220325,15:11,6.85,6.85,6.80,6.80,325,22225
20220325,15:12,6.80,7.05,6.80,7.00,1050,21825
20220325,15:13,7.05,7.25,6.70,6.75,2700,21825
20220325,15:14,6.80,6.95,6.75,6.80,900,21825
20220325,15:15,6.85,7.05,6.75,6.75,2125,20525
20220325,15:16,6.65,6.80,6.15,6.50,1600,20525
20220325,15:17,6.40,6.55,6.35,6.45,300,20525
20220325,15:18,6.40,6.40,6.15,6.35,675,19300
20220325,15:19,6.50,6.70,6.40,6.40,250,19300
20220325,15:20,7.05,7.05,6.70,6.80,4275,19300
20220325,15:21,6.75,6.75,6.55,6.60,600,18450
20220325,15:22,6.40,6.50,6.25,6.35,1700,18450
20220325,15:23,6.25,6.70,6.10,6.10,875,18450
20220325,15:24,6.10,6.10,6.05,6.05,250,18450
20220325,15:25,6.00,6.15,5.65,5.65,575,16975
20220325,15:26,5.80,5.85,5.80,5.85,150,16975
20220325,15:27,5.95,6.30,5.90,5.90,425,16675
20220325,15:28,5.95,6.00,5.85,6.00,325,16675
20220325,15:29,5.85,6.25,5.85,6.25,750,16675
20220328,09:15,5.90,5.90,4.40,4.45,1176,16400
20220328,09:16,4.60,4.70,4.40,4.60,1050,16400
20220328,09:17,4.75,5.20,4.55,5.15,1325,17300
20220328,09:18,5.10,5.50,5.10,5.30,575,17300
20220328,09:19,5.30,5.50,5.30,5.30,675,17300
20220328,09:20,5.30,5.75,5.30,5.65,2975,16550
20220328,09:21,5.70,5.75,5.60,5.65,1750,16550
20220328,09:22,5.60,5.70,5.60,5.70,450,16550
20220328,09:23,5.60,5.70,5.55,5.65,525,16100
20220328,09:24,5.65,5.80,5.50,5.50,1925,16100
20220328,09:25,5.65,5.65,5.10,5.10,3550,16100
20220328,09:26,5.30,5.50,5.10,5.25,4050,15025
20220328,09:27,5.25,5.30,5.05,5.30,3000,15025
20220328,09:28,5.30,5.45,5.30,5.30,1950,15025
20220328,09:29,5.40,5.40,5.35,5.40,1025,14850
20220328,09:30,5.40,5.40,5.40,5.40,325,14850
20220328,09:31,5.35,5.40,5.30,5.35,1025,14850
20220328,09:32,5.40,5.55,5.40,5.45,500,15025
20220328,09:33,5.45,5.50,5.40,5.40,200,15025
20220328,09:34,5.50,5.50,5.50,5.50,1500,15025
20220328,09:35,5.60,5.60,5.45,5.55,700,15375
20220328,09:36,5.50,5.55,5.45,5.50,675,15375
20220328,09:37,5.55,5.55,5.45,5.45,2000,15375
20220328,09:38,5.45,5.45,5.40,5.40,500,17000
20220328,09:39,5.40,5.45,5.40,5.45,850,17000
20220328,09:40,5.40,5.50,5.30,5.40,1800,17000
20220328,09:41,5.25,5.35,5.25,5.25,925,17950
20220328,09:42,5.30,5.35,5.30,5.35,325,17950
20220328,09:43,5.40,5.45,5.40,5.45,975,17950
20220328,09:44,5.60,5.65,5.45,5.60,375,17925
20220328,09:45,5.50,5.75,5.50,5.65,1025,17925
20220328,09:46,5.60,5.75,5.50,5.50,975,17925
20220328,09:47,5.60,5.60,5.35,5.35,250,17475
20220328,09:48,5.30,5.40,5.30,5.30,375,17475
20220328,09:49,5.30,5.30,4.90,4.90,4275,17475
20220328,09:50,5.00,5.25,5.00,5.10,2350,17500
20220328,09:51,5.10,5.10,5.10,5.10,4000,17500
20220328,09:52,5.10,5.35,5.10,5.35,1600,17500
20220328,09:53,5.35,5.45,5.20,5.25,1600,20900
20220328,09:54,5.25,5.25,5.15,5.15,100,20900
20220328,09:55,5.10,5.25,5.10,5.20,175,20900
20220328,09:56,5.25,5.25,5.20,5.20,100,20800
20220328,09:57,5.30,5.30,5.20,5.20,125,20800
20220328,09:58,5.15,5.25,5.10,5.10,300,20800
20220328,09:59,5.15,5.15,5.00,5.00,500,20800
20220328,10:00,5.00,5.20,5.00,5.20,450,20900
20220328,10:01,5.30,5.30,5.25,5.25,175,20900
20220328,10:02,5.20,5.20,5.20,5.20,25,20900
20220328,10:03,5.35,5.35,5.30,5.30,325,20900
20220328,10:04,5.15,5.35,5.15,5.15,425,20900
20220328,10:05,5.10,5.25,5.05,5.25,525,20900
20220328,10:06,5.10,5.30,5.10,5.20,450,20975
20220328,10:07,5.30,5.30,5.15,5.20,200,20975
20220328,10:09,5.20,5.35,5.20,5.35,825,20900
20220328,10:10,5.20,5.20,4.80,4.80,1550,20900
20220328,10:11,4.65,4.80,4.40,4.80,1225,22275
20220328,10:12,4.75,4.80,4.70,4.80,225,22275
20220328,10:13,4.70,4.70,4.65,4.70,150,22275
20220328,10:14,4.75,4.75,4.70,4.75,325,22275
20220328,10:15,4.95,5.05,4.75,5.05,1625,22450
20220328,10:16,5.05,5.05,5.05,5.05,150,22450
20220328,10:17,5.00,5.00,5.00,5.00,125,22450
20220328,10:18,5.10,5.15,4.95,4.95,975,22875
20220328,10:19,5.00,5.00,5.00,5.00,125,22875
20220328,10:20,4.95,5.25,4.95,5.15,300,23050
20220328,10:21,5.20,5.25,4.95,5.00,1700,23050
20220328,10:22,5.10,5.25,4.95,4.95,450,23050
20220328,10:23,5.00,5.00,4.90,4.95,500,22825
20220328,10:24,4.95,4.95,4.85,4.95,525,22825
20220328,10:25,4.90,4.90,4.75,4.90,100,22825
20220328,10:26,5.10,5.20,5.10,5.20,225,22725
20220328,10:27,5.20,5.25,5.20,5.25,75,22725
20220328,10:28,5.10,5.15,5.10,5.15,50,22725
20220328,10:29,5.15,5.20,5.15,5.20,200,22750
20220328,10:30,5.15,5.30,5.10,5.15,425,22750
20220328,10:31,5.25,5.25,5.15,5.20,375,22750
20220328,10:32,5.15,5.20,5.15,5.20,150,22725
20220328,10:33,5.10,5.30,5.10,5.10,1175,22725
20220328,10:34,5.20,5.20,5.20,5.20,25,22725
20220328,10:35,5.20,5.20,5.10,5.10,200,22725
20220328,10:36,5.10,5.10,5.00,5.00,150,22950
20220328,10:37,5.05,5.05,5.05,5.05,25,22950
20220328,10:40,5.10,5.20,5.10,5.20,150,22800
20220328,10:41,5.05,5.05,5.05,5.05,50,22800
20220328,10:42,5.00,5.05,5.00,5.05,125,22900
20220328,10:43,5.15,5.25,5.15,5.15,650,22900
20220328,10:44,5.15,5.25,5.00,5.00,1050,23450
20220328,10:46,5.00,5.00,5.00,5.00,50,23450
20220328,10:47,5.00,5.00,4.95,4.95,225,23475
20220328,10:48,4.95,5.05,4.95,4.95,375,23475
20220328,10:49,4.95,5.05,4.95,5.05,175,23475
20220328,10:50,5.00,5.00,4.90,4.90,525,23475
20220328,10:51,4.85,4.85,4.85,4.85,25,23675
20220328,10:52,4.85,4.85,4.85,4.85,50,23675
20220328,10:53,4.90,4.90,4.90,4.90,50,23675
20220328,10:54,4.90,4.95,4.85,4.95,325,23650
20220328,10:55,4.95,4.95,4.90,4.90,150,23650
20220328,10:56,4.90,5.05,4.90,4.90,1175,24375
20220328,10:57,4.90,4.90,4.90,4.90,125,24375
20220328,10:58,4.90,5.00,4.90,4.95,175,24375
20220328,11:00,5.00,5.05,4.90,4.90,225,24300
20220328,11:01,5.00,5.00,4.90,4.90,275,24300
20220328,11:02,4.85,5.05,4.85,4.95,875,24500
20220328,11:03,4.95,4.95,4.95,4.95,25,24500
20220328,11:04,5.00,5.10,4.95,5.05,275,24500
20220328,11:05,5.05,5.25,5.00,5.25,400,24900
20220328,11:06,5.10,5.20,5.10,5.15,200,24900
20220328,11:07,5.05,5.20,5.00,5.15,775,24900
20220328,11:08,5.10,5.10,5.10,5.10,150,24900
20220328,11:10,5.10,5.10,5.00,5.10,475,24350
20220328,11:11,5.10,5.10,5.00,5.10,325,24050
20220328,11:12,4.95,5.05,4.95,5.05,150,24050
20220328,11:13,5.15,5.15,5.00,5.00,125,24050
20220328,11:16,5.10,5.10,5.10,5.10,25,23850
20220328,11:18,5.15,5.20,5.15,5.20,100,23875
20220328,11:19,5.05,5.05,5.05,5.05,50,23875
20220328,11:20,5.15,5.15,5.15,5.15,150,23875
20220328,11:21,5.15,5.35,5.10,5.35,750,23800
20220328,11:22,5.25,5.25,5.10,5.10,775,23800
20220328,11:23,5.05,5.05,5.00,5.00,100,23800
20220328,11:24,5.15,5.15,5.15,5.15,50,23700
20220328,11:25,5.15,5.20,5.00,5.20,225,23700
20220328,11:26,5.25,5.25,5.25,5.25,75,23700
20220328,11:27,5.20,5.20,5.10,5.10,175,23700
20220328,11:28,5.10,5.10,5.10,5.10,100,23700
20220328,11:29,5.00,5.15,4.90,4.90,825,23700
20220328,11:30,5.00,5.20,5.00,5.10,225,23625
20220328,11:31,5.05,5.20,5.05,5.20,300,23625
20220328,11:32,5.15,5.20,5.15,5.20,250,23900
20220328,11:33,5.00,5.20,5.00,5.20,250,23900
20220328,11:34,5.00,5.00,5.00,5.00,100,23900
20220328,11:35,5.20,5.20,5.20,5.20,25,23900
20220328,11:37,5.00,5.20,4.95,5.20,550,23975
20220328,11:38,5.20,5.20,5.20,5.20,50,23975
20220328,11:39,5.20,5.20,5.05,5.05,75,24000
20220328,11:40,5.25,5.25,4.90,5.05,450,24000
20220328,11:41,5.20,5.20,5.00,5.05,200,24000
20220328,11:43,5.10,5.10,5.10,5.10,50,23725
20220328,11:47,5.20,5.20,5.15,5.15,100,23775
20220328,11:48,5.05,5.05,5.00,5.00,175,23825
20220328,11:53,5.00,5.10,4.90,4.95,675,23925
20220328,11:54,4.85,5.00,4.85,5.00,150,23925
20220328,11:55,5.00,5.00,5.00,5.00,25,23925
20220328,11:56,5.05,5.05,5.05,5.05,50,23925
20220328,11:58,5.00,5.00,4.75,5.00,75,23900
20220328,11:59,5.05,5.05,5.00,5.00,50,23900
20220328,12:00,5.00,5.00,5.00,5.00,25,23900
20220328,12:01,5.00,5.00,5.00,5.00,75,23975
20220328,12:02,5.05,5.05,5.00,5.00,50,24100
20220328,12:05,4.95,5.00,4.95,5.00,150,24100
20220328,12:06,5.00,5.05,5.00,5.00,875,23950
20220328,12:09,5.00,5.00,5.00,5.00,75,23200
20220328,12:10,5.20,5.20,5.20,5.20,25,23200
20220328,12:11,5.15,5.15,5.15,5.15,75,23200
20220328,12:12,5.10,5.15,5.00,5.00,1050,23250
20220328,12:13,5.00,5.00,4.90,4.90,5750,23250
20220328,12:14,4.70,4.90,4.70,4.90,950,23250
20220328,12:15,4.85,5.05,4.80,4.95,1475,22825
20220328,12:16,4.95,4.95,4.75,4.85,2150,22825
20220328,12:17,4.90,4.90,4.90,4.90,25,22825
20220328,12:18,4.80,4.85,4.80,4.85,250,22000
20220328,12:19,4.95,5.00,4.75,5.00,900,22000
20220328,12:20,4.90,4.90,4.40,4.40,2675,22000
20220328,12:21,4.60,4.60,4.45,4.45,200,20425
20220328,12:22,4.40,4.45,4.40,4.45,250,20425
20220328,12:23,4.60,4.60,4.45,4.50,125,20425
20220328,12:25,4.55,4.55,4.55,4.55,25,20175
20220328,12:26,4.60,4.65,4.50,4.50,525,20175
20220328,12:28,4.50,4.50,4.50,4.50,50,20500
20220328,12:29,4.55,4.55,4.55,4.55,125,20500
20220328,12:30,4.50,4.65,4.50,4.65,50,20425
20220328,12:32,4.60,5.00,4.60,4.80,650,20425
20220328,12:33,4.75,4.80,4.65,4.80,150,20550
20220328,12:34,4.65,4.80,4.60,4.80,425,20550
20220328,12:35,4.60,4.70,4.60,4.70,225,20550
20220328,12:36,4.75,4.75,4.45,4.45,325,21025
20220328,12:38,4.50,4.50,4.50,4.50,25,21025
20220328,12:39,4.45,4.45,4.45,4.45,25,20775
20220328,12:40,4.60,4.60,4.60,4.60,300,20775
20220328,12:41,4.70,4.70,4.70,4.70,75,20775
20220328,12:43,4.80,4.80,4.80,4.80,400,20975
20220328,12:45,4.60,4.60,4.50,4.50,75,21175
20220328,12:46,4.50,4.50,4.50,4.50,25,21175
20220328,12:47,4.45,4.60,4.45,4.45,600,21175
20220328,12:48,4.55,4.55,4.40,4.40,650,20700
20220328,12:50,4.55,4.60,4.45,4.55,900,20700
20220328,12:51,4.45,4.60,4.45,4.60,100,20750
20220328,12:52,4.65,4.65,4.50,4.60,375,20750
20220328,12:53,4.65,4.65,4.50,4.55,700,20750
20220328,12:54,4.50,4.50,4.45,4.45,150,20750
20220328,12:55,4.50,4.65,4.50,4.65,50,20750
20220328,12:56,4.50,4.50,4.50,4.50,50,20750
20220328,12:57,4.50,4.50,4.50,4.50,25,20675
20220328,12:58,4.50,4.60,4.50,4.50,375,20675
20220328,12:59,4.50,4.50,4.50,4.50,200,20675
20220328,13:00,4.50,4.50,4.35,4.35,75,20625
20220328,13:01,4.35,4.45,4.35,4.40,200,20625
20220328,13:02,4.50,4.50,4.45,4.45,75,20625
20220328,13:03,4.45,4.45,4.35,4.35,275,20450
20220328,13:05,4.35,4.50,4.25,4.25,2100,20450
20220328,13:06,4.45,4.45,4.20,4.40,175,19375
20220328,13:07,4.40,4.40,4.40,4.40,25,19375
20220328,13:08,4.35,4.40,4.35,4.40,50,19375
20220328,13:10,4.25,4.25,4.15,4.15,175,19550
20220328,13:11,4.15,4.15,4.15,4.15,200,19550
20220328,13:12,4.05,4.25,4.05,4.25,900,19525
20220328,13:13,4.10,4.10,4.10,4.10,25,19525
20220328,13:15,4.10,4.15,4.10,4.15,50,19175
20220328,13:16,4.10,4.10,4.10,4.10,25,19175
20220328,13:17,4.10,4.10,4.10,4.10,25,19175
20220328,13:18,4.10,4.25,4.10,4.25,50,19100
20220328,13:20,4.10,4.20,4.10,4.20,100,19100
20220328,13:21,4.20,4.25,4.20,4.25,100,19100
20220328,13:22,4.20,4.30,4.20,4.30,200,19100
20220328,13:23,4.10,4.10,4.10,4.10,50,19100
20220328,13:25,4.05,4.15,4.05,4.10,800,19175
20220328,13:26,4.15,4.15,4.05,4.15,125,19175
20220328,13:27,4.15,4.15,4.15,4.15,275,18425
20220328,13:28,4.15,4.35,4.00,4.00,1375,18425
20220328,13:29,4.10,4.15,4.00,4.05,350,18425
20220328,13:31,4.20,4.20,4.10,4.10,50,17400
20220328,13:32,4.10,4.10,4.10,4.10,150,17400
20220328,13:33,4.25,4.35,4.20,4.35,300,17300
20220328,13:34,4.25,4.35,4.20,4.25,175,17300
20220328,13:35,4.30,4.35,4.30,4.35,350,17300
20220328,13:36,4.35,4.40,4.35,4.35,400,17500
20220328,13:37,4.40,4.50,4.30,4.30,725,17500
20220328,13:38,4.25,4.30,4.25,4.30,150,17500
20220328,13:39,4.25,4.25,4.15,4.15,75,18250
20220328,13:40,4.30,4.35,4.30,4.35,125,18250
20220328,13:41,4.15,4.15,4.15,4.15,25,18250
20220328,13:45,4.20,4.40,4.20,4.40,950,18325
20220328,13:46,4.20,4.35,4.15,4.15,150,18325
20220328,13:47,4.15,4.15,4.15,4.15,25,18325
20220328,13:49,4.15,4.15,4.15,4.15,100,18325
20220328,13:50,4.15,4.15,4.15,4.15,25,17900
20220328,13:51,4.10,4.10,4.10,4.10,150,17900
20220328,13:54,4.10,4.15,4.10,4.15,150,17975
20220328,13:55,4.10,4.10,4.00,4.00,250,17875
20220328,13:56,4.20,4.20,4.20,4.20,50,17875
20220328,13:57,4.00,4.00,4.00,4.00,25,17875
20220328,13:59,4.05,4.05,4.05,4.05,400,18050
20220328,14:00,4.00,4.00,4.00,4.00,25,17700
20220328,14:01,4.00,4.15,4.00,4.15,75,17700
20220328,14:03,4.10,4.25,4.10,4.10,350,17675
20220328,14:04,4.10,4.10,4.10,4.10,25,17675
20220328,14:05,4.00,4.25,4.00,4.25,75,17675
20220328,14:08,4.20,4.25,4.20,4.25,450,17650
20220328,14:09,4.30,4.30,4.30,4.30,150,17475
20220328,14:10,4.15,4.15,4.15,4.15,25,17475
20220328,14:12,4.20,4.20,4.20,4.20,50,17475
20220328,14:15,4.15,4.15,4.15,4.15,25,17450
20220328,14:16,4.05,4.05,4.05,4.05,25,17450
20220328,14:18,4.00,4.15,4.00,4.15,75,17450
20220328,14:22,4.35,4.40,4.35,4.40,50,17475
20220328,14:24,4.40,4.40,4.40,4.40,100,17425
20220328,14:26,4.15,4.15,4.15,4.15,200,17425
20220328,14:28,4.25,4.25,4.05,4.05,775,17225
20220328,14:30,4.35,4.35,4.35,4.35,150,16825
20220328,14:32,4.35,4.40,4.30,4.40,600,16825
20220328,14:33,4.30,4.30,4.20,4.30,175,16950
20220328,14:34,4.20,4.20,4.15,4.15,150,16950
20220328,14:36,4.25,4.25,4.25,4.25,250,16950
20220328,14:37,4.10,4.25,4.05,4.05,500,16825
20220328,14:38,4.00,4.10,4.00,4.10,100,16825
20220328,14:39,4.00,4.00,3.95,3.95,275,16450
20220328,14:40,4.00,4.00,3.80,3.80,175,16450
20220328,14:42,4.05,4.05,4.00,4.00,250,16400
20220328,14:43,3.90,4.10,3.90,3.90,150,16400
20220328,14:44,4.10,4.10,3.95,3.95,775,16400
20220328,14:45,3.95,4.05,3.85,4.05,225,16075
20220328,14:46,3.90,3.90,3.90,3.90,25,16075
20220328,14:47,3.90,4.00,3.90,3.95,125,16075
20220328,14:49,3.90,3.90,3.90,3.90,100,15900
20220328,14:50,3.90,4.00,3.90,4.00,50,15900
20220328,14:51,3.90,3.90,3.85,3.90,75,15875
20220328,14:52,4.00,4.00,4.00,4.00,75,15875
20220328,14:53,4.05,4.05,4.05,4.05,50,15875
20220328,14:54,3.90,3.90,3.75,3.75,150,15925
20220328,14:55,3.90,3.90,3.90,3.90,25,15925
20220328,14:56,3.90,3.95,3.90,3.95,950,15925
20220328,14:58,3.80,3.90,3.80,3.90,300,16200
20220328,14:59,3.80,3.85,3.80,3.85,225,16200
20220328,15:00,3.95,3.95,3.85,3.85,400,16200
20220328,15:01,3.85,3.90,3.85,3.90,150,15850
20220328,15:02,3.90,3.95,3.85,3.90,875,15850
20220328,15:03,3.85,3.95,3.85,3.90,550,15325
20220328,15:04,3.85,3.85,3.85,3.85,75,15325
20220328,15:06,3.80,3.80,3.75,3.75,200,14975
20220328,15:07,3.80,3.80,3.75,3.80,525,14975
20220328,15:08,3.75,3.75,3.75,3.75,775,14975
20220328,15:09,3.75,3.75,3.65,3.65,225,14050
20220328,15:10,3.60,3.60,3.60,3.60,950,14050
20220328,15:11,3.55,3.55,3.50,3.50,175,14050
20220328,15:12,3.45,3.70,3.45,3.70,325,12925
20220328,15:13,3.65,3.65,3.55,3.65,600,12925
20220328,15:14,3.65,3.80,3.50,3.65,2225,12925
20220328,15:15,3.65,3.80,3.60,3.60,425,12025
20220328,15:16,3.65,3.80,3.65,3.75,675,12025
20220328,15:17,3.55,3.70,3.55,3.55,1875,12025
20220328,15:18,3.55,3.55,3.45,3.45,675,12025
20220328,15:19,3.35,3.60,3.35,3.60,750,12900
20220328,15:20,3.90,3.90,3.70,3.70,1850,12900
20220328,15:21,3.70,3.80,3.70,3.80,175,11575
20220328,15:22,3.65,3.85,3.55,3.65,825,11575
20220328,15:23,3.55,3.70,3.55,3.55,500,11575
20220328,15:24,3.65,3.80,3.55,3.75,475,11375
20220328,15:25,3.75,3.85,3.75,3.75,350,11375
20220328,15:26,3.60,3.60,3.60,3.60,100,11375
20220328,15:27,3.65,3.75,3.60,3.65,325,11375
20220328,15:28,3.60,3.70,3.60,3.70,200,11375
20220328,15:29,3.75,3.95,3.75,3.95,650,11375
20220329,09:15,3.75,3.75,3.10,3.10,426,11050
20220329,09:16,3.05,3.05,2.80,2.80,650,11050
20220329,09:17,2.80,2.85,2.80,2.85,375,10675
20220329,09:18,2.85,3.00,2.85,2.90,250,10675
20220329,09:19,2.95,2.95,2.95,2.95,75,10675
20220329,09:20,2.80,2.80,2.80,2.80,75,10600
20220329,09:21,2.75,2.75,2.75,2.75,225,10600
20220329,09:22,2.75,2.75,2.75,2.75,25,10600
20220329,09:23,2.75,2.85,2.75,2.85,150,10550
20220329,09:24,2.80,2.95,2.80,2.85,675,10550
20220329,09:25,2.90,2.95,2.90,2.90,150,10550
20220329,09:26,2.85,2.95,2.85,2.85,75,10550
20220329,09:27,2.85,2.85,2.85,2.85,50,10550
20220329,09:28,2.85,2.95,2.85,2.95,100,10550
20220329,09:29,3.00,3.00,3.00,3.00,50,10550
20220329,09:32,2.85,2.85,2.85,2.85,25,10550
20220329,09:36,2.85,2.85,2.85,2.85,50,10575
20220329,09:38,2.85,2.85,2.80,2.80,75,10575
20220329,09:41,2.75,2.75,2.70,2.70,75,10500
20220329,09:42,2.70,2.70,2.65,2.65,100,10500
20220329,09:44,2.65,2.80,2.65,2.70,1050,10500
20220329,09:45,2.65,2.65,2.60,2.60,50,10500
20220329,09:46,2.60,2.60,2.60,2.60,50,10500
20220329,09:47,2.60,2.75,2.60,2.65,450,10500
20220329,09:48,2.65,2.65,2.65,2.65,125,11400
20220329,09:50,2.60,2.60,2.60,2.60,75,11400
20220329,09:52,2.65,2.65,2.65,2.65,25,11400
20220329,09:53,2.65,2.65,2.65,2.65,25,11400
20220329,09:55,2.65,2.65,2.65,2.65,75,11400
20220329,09:56,2.55,2.55,2.55,2.55,25,11400
20220329,09:57,2.55,2.55,2.55,2.55,75,11400
20220329,09:58,2.55,2.55,2.55,2.55,775,11400
20220329,09:59,2.60,2.70,2.60,2.70,250,10875
20220329,10:00,2.70,2.70,2.65,2.65,275,10875
20220329,10:02,2.55,2.55,2.55,2.55,50,10825
20220329,10:03,2.65,2.65,2.45,2.45,100,10825
20220329,10:04,2.40,2.40,2.40,2.40,150,10825
20220329,10:07,2.40,2.40,2.40,2.40,50,10650
20220329,10:08,2.55,2.55,2.55,2.55,25,10650
20220329,10:10,2.55,2.55,2.55,2.55,25,10650
20220329,10:15,2.65,2.65,2.55,2.55,150,10625
20220329,10:19,2.70,2.70,2.70,2.70,50,10625
20220329,10:23,2.55,2.55,2.55,2.55,25,10700
20220329,10:24,2.60,2.60,2.60,2.60,25,10675
20220329,10:28,2.55,2.60,2.55,2.60,50,10700
20220329,10:29,2.65,2.65,2.65,2.65,50,10700
20220329,10:30,2.55,2.55,2.55,2.55,50,10650
20220329,10:36,2.60,2.60,2.60,2.60,50,10650
20220329,10:40,2.50,2.80,2.50,2.80,625,10650
20220329,10:41,2.85,2.85,2.80,2.80,50,10650
20220329,10:45,2.70,2.70,2.70,2.70,300,10650
20220329,10:46,2.65,2.65,2.65,2.65,125,10925
20220329,10:50,2.65,2.65,2.65,2.65,125,11150
20220329,10:57,2.70,2.70,2.70,2.70,200,11025
20220329,10:58,2.60,2.60,2.60,2.60,100,11025
20220329,11:03,2.55,2.60,2.55,2.60,50,11050
20220329,11:04,2.65,2.65,2.60,2.60,200,11050
20220329,11:06,2.45,2.45,2.45,2.45,125,10950
20220329,11:08,2.40,2.40,2.40,2.40,75,10950
20220329,11:09,2.40,2.40,2.40,2.40,100,10950
20220329,11:11,2.40,2.40,2.40,2.40,150,10825
20220329,11:14,2.60,2.60,2.60,2.60,25,10775
20220329,11:15,2.45,2.45,2.45,2.45,25,10775
20220329,11:19,2.45,2.45,2.45,2.45,50,10750
20220329,11:22,2.50,2.50,2.40,2.40,300,10725
20220329,11:25,2.50,2.50,2.50,2.50,225,10500
20220329,11:26,2.50,2.50,2.50,2.50,50,10500
20220329,11:30,2.50,2.50,2.50,2.50,50,10450
20220329,11:36,2.50,2.50,2.50,2.50,100,10425
20220329,11:37,2.50,2.50,2.50,2.50,50,10425
20220329,11:40,2.55,2.55,2.55,2.55,25,10400
20220329,11:43,2.55,2.55,2.55,2.55,125,10400
20220329,11:44,2.55,2.55,2.55,2.55,150,10400
20220329,11:46,2.55,2.55,2.55,2.55,50,10475
20220329,11:47,2.50,2.65,2.50,2.65,100,10475
20220329,11:51,2.45,2.70,2.45,2.70,50,10450
20220329,11:57,2.70,2.70,2.70,2.70,50,10425
20220329,11:58,2.70,2.70,2.70,2.70,25,10425
20220329,12:04,2.60,2.60,2.45,2.45,450,10425
20220329,12:05,2.40,2.40,2.40,2.40,75,10425
20220329,12:06,2.35,2.35,2.35,2.35,25,10400
20220329,12:09,2.35,2.35,2.35,2.35,25,10400
20220329,12:11,2.45,2.45,2.45,2.45,100,10400
20220329,12:13,2.45,2.45,2.45,2.45,25,10525
20220329,12:23,2.50,2.50,2.50,2.50,100,10525
20220329,12:24,2.50,2.50,2.50,2.50,50,10525
20220329,12:30,2.40,2.40,2.40,2.40,500,10525
20220329,12:32,2.60,2.60,2.60,2.60,25,10525
20220329,12:41,2.65,2.65,2.65,2.65,75,10100
20220329,12:53,2.40,2.40,2.40,2.40,500,10100
20220329,12:54,2.40,2.40,2.40,2.40,200,10100
20220329,12:55,2.40,2.40,2.40,2.40,25,9775
20220329,12:56,2.30,2.30,2.30,2.30,50,9775
20220329,12:59,2.30,2.30,2.30,2.30,275,9825
20220329,13:02,2.30,2.30,2.30,2.30,250,9825
20220329,13:03,2.45,2.50,2.45,2.50,50,9650
20220329,13:04,2.45,2.45,2.45,2.45,50,9650
20220329,13:06,2.50,2.55,2.35,2.35,175,9650
20220329,13:07,2.50,2.50,2.50,2.50,50,9675
20220329,13:12,2.55,2.55,2.50,2.50,75,9775
20220329,13:13,2.50,2.50,2.50,2.50,25,9775
20220329,13:14,2.55,2.55,2.45,2.45,500,9775
20220329,13:15,2.60,2.60,2.60,2.60,550,9375
20220329,13:16,2.50,2.70,2.50,2.55,525,9375
20220329,13:17,2.80,2.85,2.70,2.85,300,9375
20220329,13:18,2.90,2.90,2.90,2.90,25,9675
20220329,13:19,2.75,2.75,2.75,2.75,50,9675
20220329,13:21,2.60,2.60,2.60,2.60,200,9650
20220329,13:22,2.55,2.55,2.55,2.55,25,9650
20220329,13:24,2.75,2.75,2.70,2.75,100,9775
20220329,13:31,2.60,2.60,2.60,2.60,225,9825
20220329,13:32,2.45,2.70,2.45,2.70,375,9825
20220329,13:35,2.40,2.40,2.40,2.40,50,10025
20220329,13:37,2.65,2.70,2.65,2.70,150,10025
20220329,13:38,2.75,2.75,2.75,2.75,75,10025
20220329,13:45,2.30,2.30,2.30,2.30,150,10075
20220329,13:54,2.35,2.35,2.30,2.30,575,10000
20220329,13:55,2.35,2.35,2.35,2.35,100,10000
20220329,13:56,2.30,2.30,2.30,2.30,25,10000
20220329,14:00,2.35,2.40,2.35,2.40,125,10175
20220329,14:01,2.60,2.60,2.60,2.60,100,10100
20220329,14:11,2.55,2.55,2.55,2.55,375,10100
20220329,14:22,2.20,2.20,2.20,2.20,125,9750
20220329,14:24,2.20,2.50,2.20,2.50,175,9750
20220329,14:25,2.15,2.15,2.15,2.15,25,9750
20220329,14:26,2.15,2.15,2.15,2.15,25,9725
20220329,14:27,2.30,2.30,2.30,2.30,100,9775
20220329,14:29,2.50,2.50,2.15,2.15,50,9775
20220329,14:30,2.50,2.50,2.50,2.50,25,9775
20220329,14:37,2.30,2.30,2.30,2.30,50,9775
20220329,14:38,2.40,2.40,2.35,2.35,100,9775
20220329,14:42,2.10,2.10,2.10,2.10,100,9800
20220329,14:45,2.10,2.10,2.05,2.05,75,9750
20220329,14:46,2.00,2.00,2.00,2.00,25,9750
20220329,14:51,2.00,2.30,2.00,2.30,125,9750
20220329,14:52,2.30,2.30,2.10,2.10,75,9750
20220329,14:53,2.20,2.20,2.20,2.20,25,9750
20220329,14:54,2.25,2.25,2.25,2.25,125,9750
20220329,14:55,2.20,2.20,2.05,2.05,225,9850
20220329,14:56,2.20,2.20,2.05,2.05,250,9850
20220329,14:58,2.05,2.05,2.05,2.05,250,9725
20220329,14:59,2.05,2.05,2.05,2.05,100,9725
20220329,15:00,2.05,2.25,2.05,2.25,150,9725
20220329,15:02,1.85,1.85,1.85,1.85,125,9700
20220329,15:03,1.85,1.85,1.80,1.80,225,9700
20220329,15:05,1.80,2.25,1.80,2.25,150,9575
20220329,15:06,2.15,2.20,1.95,1.95,200,9575
20220329,15:07,2.20,2.25,2.15,2.15,300,9500
20220329,15:08,2.15,2.15,2.00,2.00,275,9500
20220329,15:09,2.00,2.25,2.00,2.10,100,9500
20220329,15:10,2.20,2.20,2.20,2.20,25,9225
20220329,15:11,2.00,2.00,2.00,2.00,25,9225
20220329,15:12,2.10,2.10,2.00,2.00,425,9350
20220329,15:13,1.95,1.95,1.95,1.95,50,9350
20220329,15:14,1.95,2.15,1.90,1.90,150,9350
20220329,15:15,1.85,1.85,1.85,1.85,25,9350
20220329,15:17,1.75,1.85,1.75,1.85,75,9250
20220329,15:18,2.10,2.10,2.10,2.10,25,9250
20220329,15:19,2.15,2.15,2.15,2.15,25,9300
20220329,15:20,2.00,2.50,2.00,2.15,450,9300
20220329,15:21,2.25,2.25,2.25,2.25,75,9300
20220329,15:22,2.20,2.20,2.20,2.20,150,9225
20220329,15:25,2.25,2.25,2.15,2.15,275,9100
20220329,15:27,1.95,1.95,1.95,1.95,75,9100
20220329,15:28,2.00,2.20,2.00,2.20,75,8800
20220329,15:29,2.20,2.30,2.00,2.10,600,8800
20220330,09:15,2.25,2.25,2.25,2.25,26,8875
20220330,09:16,1.90,1.90,1.35,1.35,200,8875
20220330,09:18,1.35,1.60,1.35,1.60,125,8825
20220330,09:19,1.70,1.70,1.45,1.45,100,8825
20220330,09:20,1.80,1.80,1.80,1.80,50,8775
20220330,09:21,1.75,1.75,1.50,1.50,275,8775
20220330,09:22,1.60,1.60,1.60,1.60,25,8775
20220330,09:24,1.45,1.80,1.45,1.80,50,8875
20220330,09:25,1.80,1.85,1.80,1.85,125,8875
20220330,09:26,1.80,1.80,1.80,1.80,25,8950
20220330,09:27,1.75,1.75,1.55,1.75,325,8950
20220330,09:28,1.75,1.75,1.75,1.75,300,8950
20220330,09:29,1.65,1.70,1.65,1.70,175,8950
20220330,09:30,1.55,1.55,1.55,1.55,75,9175
20220330,09:35,1.55,1.70,1.55,1.70,50,9175
20220330,09:36,1.80,1.80,1.75,1.75,125,9175
20220330,09:37,1.80,1.80,1.80,1.80,50,9175
20220330,09:38,1.55,1.70,1.50,1.70,125,9225
20220330,09:40,1.75,1.75,1.75,1.75,50,9225
20220330,09:42,1.80,1.80,1.80,1.80,50,9200
20220330,09:48,1.85,1.85,1.85,1.85,50,9250
20220330,09:54,1.60,1.60,1.60,1.60,100,9250
20220330,10:06,1.90,1.90,1.90,1.90,200,9250
20220330,10:08,1.90,1.90,1.90,1.90,50,9250
20220330,10:24,1.90,1.90,1.90,1.90,50,9275
20220330,10:25,1.95,1.95,1.95,1.95,50,9275
20220330,10:29,1.70,1.90,1.70,1.90,100,9350
20220330,10:34,1.95,1.95,1.95,1.95,25,9325
20220330,10:36,1.85,1.85,1.85,1.85,75,9350
20220330,10:39,2.00,2.00,2.00,2.00,25,9375
20220330,10:40,1.80,1.80,1.80,1.80,25,9375
20220330,10:43,1.80,1.80,1.80,1.80,150,9400
20220330,10:45,1.95,1.95,1.95,1.95,100,9400
20220330,10:46,2.00,2.00,2.00,2.00,25,9400
20220330,10:50,1.95,2.00,1.95,2.00,425,9475
20220330,11:05,2.25,2.25,2.25,2.25,50,9450
20220330,11:10,2.20,2.20,2.20,2.20,100,9450
20220330,11:11,2.20,2.20,2.20,2.20,175,9450
20220330,11:18,2.20,2.20,2.15,2.15,50,9675
20220330,11:19,2.15,2.15,2.15,2.15,25,9675
20220330,11:23,2.20,2.20,2.20,2.20,50,9725
20220330,11:30,2.20,2.20,2.20,2.20,50,9750
20220330,11:31,1.95,1.95,1.95,1.95,50,9750
20220330,11:33,2.15,2.15,2.15,2.15,25,9750
20220330,11:39,1.95,2.10,1.85,1.85,150,9725
20220330,11:42,1.80,1.80,1.80,1.80,75,9700
20220330,11:44,1.85,1.85,1.85,1.85,25,9700
20220330,11:48,2.05,2.05,2.05,2.05,25,9700
20220330,11:49,1.80,2.05,1.80,2.05,75,9725
20220330,11:50,2.05,2.10,2.05,2.10,125,9725
20220330,11:51,2.10,2.10,2.10,2.10,25,9850
20220330,11:53,2.15,2.15,2.15,2.15,25,9850
20220330,11:54,2.10,2.10,2.05,2.05,125,9850
20220330,11:56,2.15,2.15,2.15,2.15,225,9850
20220330,12:01,2.10,2.20,2.10,2.20,100,10050
20220330,12:04,2.00,2.00,2.00,2.00,125,10100
20220330,12:09,2.20,2.20,2.20,2.20,50,10000
20220330,12:10,2.20,2.20,2.20,2.20,25,10000
20220330,12:12,1.85,1.85,1.85,1.85,175,10075
20220330,12:16,1.80,1.80,1.80,1.80,100,9900
20220330,12:17,1.85,1.85,1.80,1.80,50,9900
20220330,12:21,1.95,1.95,1.95,1.95,275,9950
20220330,12:25,1.60,1.60,1.60,1.60,50,10225
20220330,12:26,1.90,1.90,1.60,1.60,50,10225
20220330,12:29,1.50,1.75,1.50,1.75,275,10175
20220330,12:31,1.75,1.75,1.75,1.75,50,10175
20220330,12:32,1.75,1.75,1.75,1.75,50,9950
20220330,12:33,1.65,1.80,1.65,1.80,275,10050
20220330,12:35,1.75,1.75,1.75,1.75,100,10050
20220330,12:36,1.75,1.75,1.55,1.55,125,10050
20220330,12:40,1.85,1.85,1.85,1.85,100,10100
20220330,12:42,1.65,1.65,1.65,1.65,25,10150
20220330,12:44,1.80,1.80,1.60,1.60,250,10150
20220330,12:45,1.55,1.55,1.55,1.55,100,10175
20220330,12:48,1.70,1.70,1.70,1.70,125,10175
20220330,12:49,1.80,1.80,1.80,1.80,75,10175
20220330,13:13,1.35,1.35,1.35,1.35,50,10175
20220330,13:20,1.55,1.55,1.55,1.55,50,10225
20220330,13:22,1.30,1.30,1.30,1.30,50,10225
20220330,13:23,1.30,1.55,1.30,1.55,50,10250
20220330,13:30,1.20,1.20,1.20,1.20,150,10250
20220330,13:34,1.20,1.35,1.20,1.35,75,10075
20220330,13:37,1.35,1.35,1.35,1.35,75,10075
20220330,13:43,1.15,1.15,1.15,1.15,50,10225
20220330,13:55,1.00,1.00,1.00,1.00,50,10225
20220330,14:00,0.95,1.00,0.95,1.00,125,10175
20220330,14:04,1.00,1.00,1.00,1.00,25,10100
20220330,14:08,1.20,1.20,0.90,0.90,50,10100
20220330,14:13,0.90,0.90,0.90,0.90,75,10100
20220330,14:14,0.90,0.90,0.90,0.90,100,10100
20220330,14:15,0.90,1.15,0.90,1.15,50,10100
20220330,14:16,1.10,1.10,1.10,1.10,25,10100
20220330,14:24,1.00,1.00,0.95,0.95,75,10000
20220330,14:39,1.20,1.20,1.20,1.20,50,9950
20220330,14:41,1.15,1.15,0.95,0.95,50,9950
20220330,14:44,0.95,0.95,0.95,0.95,25,9950
20220330,14:46,0.95,0.95,0.95,0.95,50,9975
20220330,14:49,1.25,1.25,1.10,1.10,475,10000
20220330,14:50,1.20,1.30,1.10,1.30,325,10000
20220330,14:51,1.40,1.50,1.40,1.50,300,10000
20220330,14:53,1.20,1.20,1.20,1.20,25,10000
20220330,14:55,1.35,1.35,1.35,1.35,50,10025
20220330,14:57,1.20,1.20,1.20,1.20,50,10025
20220330,14:59,1.15,1.15,1.15,1.15,125,10025
20220330,15:01,1.35,1.35,1.35,1.35,600,9975
20220330,15:02,1.30,1.30,1.30,1.30,225,9975
20220330,15:03,1.30,1.30,1.30,1.30,25,9975
20220330,15:04,1.35,1.55,1.35,1.50,5325,9575
20220330,15:05,1.65,1.90,1.40,1.40,950,9575
20220330,15:08,1.40,1.40,1.40,1.40,150,8200
20220330,15:09,1.45,1.45,1.25,1.25,275,8250
20220330,15:11,1.20,1.20,1.20,1.20,100,8250
20220330,15:12,1.25,1.25,1.10,1.10,800,8250
20220330,15:14,1.15,1.20,1.15,1.20,75,7650
20220330,15:15,1.15,1.15,1.00,1.00,675,7675
20220330,15:16,1.00,1.00,1.00,1.00,175,7675
20220330,15:18,1.15,1.25,1.00,1.00,325,7950
20220330,15:20,1.00,1.35,1.00,1.20,1125,7950
20220330,15:21,1.20,1.30,1.20,1.30,475,7950
20220330,15:22,1.20,1.20,1.15,1.15,150,7725
20220330,15:24,1.05,1.05,1.05,1.05,75,7725
20220330,15:25,1.45,1.45,1.45,1.45,75,7825
20220330,15:26,1.45,1.45,1.45,1.45,100,7825
20220330,15:27,1.35,1.45,1.35,1.45,100,7825
20220330,15:28,1.05,1.05,1.05,1.05,500,7625
20220330,15:29,1.40,1.55,1.00,1.55,550,7625
20220331,09:16,1.25,1.25,1.20,1.20,77,7375
20220331,09:17,0.85,0.85,0.85,0.85,50,7425
20220331,09:18,1.70,1.70,0.75,0.75,250,7425
20220331,09:19,0.75,0.75,0.75,0.75,25,7425
20220331,09:24,0.85,1.20,0.85,1.10,325,7375
20220331,09:26,1.10,1.15,1.10,1.15,325,7350
20220331,09:29,1.35,1.35,1.35,1.35,175,7350
20220331,09:30,1.35,1.35,1.35,1.35,25,7350
20220331,09:31,1.35,1.35,1.35,1.35,50,7350
20220331,09:32,1.10,1.10,1.10,1.10,25,7350
20220331,09:35,1.35,1.40,1.10,1.10,175,7350
20220331,09:36,0.95,0.95,0.95,0.95,125,7350
20220331,09:38,0.90,0.90,0.80,0.80,50,7325
20220331,09:39,0.95,0.95,0.80,0.90,300,7325
20220331,09:42,1.20,1.20,1.20,1.20,50,7325
20220331,09:44,1.20,1.20,1.20,1.20,25,7325
20220331,09:45,0.85,0.85,0.85,0.85,25,7300
20220331,09:46,1.10,1.15,1.10,1.15,200,7300
20220331,09:47,1.20,1.20,1.10,1.10,175,7275
20220331,09:49,1.20,1.25,1.20,1.25,250,7275
20220331,09:50,1.25,1.40,1.25,1.25,300,7250
20220331,09:51,1.30,1.40,1.30,1.40,125,7250
20220331,09:52,1.40,1.40,1.30,1.30,150,7250
20220331,09:53,1.25,1.25,0.40,1.25,1475,7250
20220331,09:55,1.40,1.40,1.25,1.25,475,6300
20220331,09:59,1.20,1.20,1.20,1.20,50,6550
20220331,10:03,1.10,1.10,1.10,1.10,75,6600
20220331,10:05,1.00,1.10,1.00,1.10,550,6600
20220331,10:12,0.90,0.90,0.85,0.85,450,6825
20220331,10:13,0.95,0.95,0.95,0.95,25,6825
20220331,10:14,0.85,0.85,0.85,0.85,50,6825
20220331,10:15,0.95,1.00,0.95,1.00,75,7050
20220331,10:26,0.70,0.70,0.70,0.70,50,7050
20220331,10:31,0.80,0.80,0.80,0.80,25,7100
20220331,10:36,0.80,0.80,0.80,0.80,200,7050
20220331,10:37,0.65,0.90,0.65,0.90,750,7050
20220331,10:40,0.75,0.75,0.75,0.75,50,7050
20220331,10:41,0.70,0.70,0.70,0.70,125,6725
20220331,10:42,0.60,0.60,0.60,0.60,75,6725
20220331,10:50,0.55,0.55,0.55,0.55,50,6825
20220331,10:52,0.80,0.80,0.80,0.80,25,6750
20220331,10:53,0.80,0.80,0.80,0.80,25,6700
20220331,10:55,0.55,0.70,0.55,0.70,250,6700
20220331,10:56,0.70,0.70,0.70,0.70,150,6700
20220331,11:03,0.60,0.60,0.60,0.60,75,6700
20220331,11:04,0.80,0.80,0.80,0.80,50,6550
20220331,11:05,0.65,0.65,0.65,0.65,25,6550
20220331,11:10,0.65,0.65,0.65,0.65,50,6450
20220331,11:14,0.55,0.55,0.55,0.55,75,6450
20220331,11:16,0.60,0.60,0.60,0.60,50,6350
20220331,11:23,0.55,0.55,0.55,0.55,50,6300
20220331,11:39,0.65,0.65,0.65,0.65,175,6300
20220331,11:43,0.65,0.65,0.65,0.65,25,6300
20220331,11:44,0.65,0.65,0.65,0.65,25,6400
20220331,11:49,0.65,0.65,0.65,0.65,25,6400
20220331,11:51,0.55,0.65,0.55,0.65,75,6425
20220331,11:53,0.65,0.65,0.65,0.65,50,6425
20220331,11:55,0.70,0.70,0.70,0.70,25,6400
20220331,11:58,0.70,0.70,0.55,0.55,50,6425
20220331,12:00,0.75,0.85,0.75,0.85,475,6425
20220331,12:02,0.55,0.55,0.55,0.55,25,6425
20220331,12:06,0.55,0.55,0.55,0.55,25,6325
20220331,12:26,0.50,0.50,0.50,0.50,250,6300
20220331,12:29,0.45,0.45,0.45,0.45,25,6050
20220331,12:31,0.60,0.60,0.60,0.60,25,6050
20220331,12:37,0.60,0.60,0.60,0.60,375,6050
20220331,12:41,0.50,0.50,0.50,0.50,25,6050
20220331,12:42,0.50,0.50,0.45,0.45,250,6150
20220331,12:57,0.45,0.45,0.45,0.45,50,6150
20220331,12:59,0.50,0.60,0.50,0.60,275,6025
20220331,13:00,0.50,0.50,0.50,0.50,150,6025
20220331,13:01,0.60,0.60,0.60,0.60,150,6025
20220331,13:04,0.65,0.65,0.65,0.65,125,6125
20220331,13:12,0.50,0.50,0.50,0.50,25,6125
20220331,13:13,0.65,0.65,0.45,0.45,125,6250
20220331,13:25,0.65,0.65,0.65,0.65,25,6250
20220331,13:32,0.45,0.45,0.45,0.45,75,6250
20220331,13:33,0.60,0.60,0.60,0.60,25,6150
20220331,13:44,0.65,0.65,0.65,0.65,25,6150
20220331,13:45,0.65,0.65,0.65,0.65,25,6150
20220331,13:53,0.40,0.40,0.40,0.40,100,6125
20220331,14:02,0.30,0.30,0.30,0.30,50,6025
20220331,14:03,0.25,0.25,0.25,0.25,75,6025
20220331,14:07,0.25,0.25,0.25,0.25,50,6025
20220331,14:18,0.25,0.25,0.25,0.25,50,6050
20220331,14:19,0.25,0.25,0.25,0.25,25,6050
20220331,14:22,0.25,0.25,0.25,0.25,250,6050
20220331,14:25,0.15,0.15,0.15,0.15,300,5725
20220331,14:33,0.15,0.15,0.15,0.15,50,5825
20220331,14:40,0.30,0.30,0.30,0.30,125,5825
20220331,14:42,0.30,0.30,0.30,0.30,25,5825
20220331,14:44,0.10,0.10,0.10,0.10,100,5825
20220331,14:49,0.05,0.05,0.05,0.05,350,5825
20220331,14:54,0.05,0.05,0.05,0.05,50,5725
20220331,14:59,0.25,0.25,0.25,0.25,125,5675
20220331,15:00,0.05,0.05,0.05,0.05,25,5675
20220331,15:01,0.15,0.15,0.05,0.05,75,5650
20220331,15:03,0.10,0.10,0.10,0.10,175,5650
20220331,15:07,0.25,0.25,0.25,0.25,125,5600
20220331,15:09,0.25,0.25,0.25,0.25,75,5600
20220331,15:10,0.25,0.25,0.20,0.20,425,5600
20220331,15:15,0.05,0.05,0.05,0.05,250,5500
20220331,15:20,0.15,0.20,0.15,0.20,1450,5250
20220331,15:25,0.05,0.05,0.05,0.05,100,4475
20220331,15:28,0.05,0.05,0.05,0.05,100,4425
