20200818,14:18,60.00,60.00,60.00,60.00,51,50
20200818,15:23,67.60,67.60,67.60,67.60,25,50
20200818,15:26,67.60,67.60,67.60,67.60,25,75
20200818,15:27,60.00,60.00,60.00,60.00,25,75
20200819,09:48,63.00,63.00,63.00,63.00,51,75
20200819,09:52,65.00,65.00,65.00,65.00,50,125
20200819,09:54,65.00,65.00,65.00,65.00,25,175
20200819,10:12,80.00,80.00,80.00,80.00,50,175
20200819,10:14,70.25,70.25,70.25,70.25,25,225
20200819,10:21,68.00,68.00,67.95,67.95,125,225
20200819,10:27,67.50,67.50,67.50,67.50,75,350
20200819,10:49,67.50,67.50,67.50,67.50,25,350
20200819,11:14,61.15,61.15,61.05,61.05,75,350
20200819,11:15,61.00,61.00,60.00,60.00,125,350
20200819,11:16,55.20,55.20,53.40,53.40,50,350
20200819,11:31,53.40,58.00,53.40,58.00,125,500
20200819,12:11,58.10,58.10,58.10,58.10,25,425
20200819,12:53,59.15,59.15,59.15,59.15,25,450
20200819,12:54,60.50,60.50,60.50,60.50,25,475
20200819,13:15,62.95,62.95,62.95,62.95,50,475
20200819,13:40,59.00,59.00,58.00,58.00,50,450
20200819,13:50,57.10,57.10,57.10,57.10,25,500
20200819,14:00,63.95,63.95,63.95,63.95,125,525
20200819,14:17,62.00,62.00,62.00,62.00,100,500
20200819,14:36,47.00,47.00,47.00,47.00,500,500
20200819,14:38,47.00,47.00,47.00,47.00,25,1000
20200819,14:47,56.00,56.00,56.00,56.00,25,850
20200819,14:57,54.80,54.80,54.80,54.80,25,850
20200819,14:58,55.00,55.00,55.00,55.00,25,850
20200819,15:15,52.15,52.15,52.15,52.15,25,850
20200819,15:16,50.15,50.15,50.15,50.15,125,850
20200819,15:29,53.00,53.00,53.00,53.00,25,725
20200820,09:23,35.10,35.10,35.10,35.10,26,700
20200820,09:29,45.95,45.95,45.95,45.95,25,700
20200820,10:06,45.95,45.95,40.00,40.00,50,725
20200820,10:20,41.00,41.00,41.00,41.00,75,700
20200820,10:21,41.00,41.00,41.00,41.00,50,700
20200820,10:46,43.00,43.00,43.00,43.00,25,700
20200820,10:48,43.00,43.00,43.00,43.00,25,675
20200820,10:56,43.10,43.10,43.05,43.05,150,675
20200820,12:52,38.50,38.50,38.00,38.00,125,725
20200820,12:53,36.00,36.00,36.00,36.00,25,725
20200820,13:09,40.50,40.50,40.50,40.50,25,700
20200820,14:03,40.00,40.00,40.00,40.00,25,700
20200820,14:49,40.00,40.00,40.00,40.00,25,725
20200820,15:04,40.00,40.00,37.00,37.00,50,750
20200820,15:06,36.00,36.00,36.00,36.00,25,750
20200820,15:08,41.90,41.90,41.90,41.90,25,825
20200820,15:27,36.00,36.00,36.00,36.00,25,850
20200821,09:16,48.95,48.95,48.95,48.95,26,850
20200821,09:22,40.55,40.55,40.55,40.55,25,875
20200821,09:30,40.55,40.55,40.55,40.55,25,875
20200821,09:31,55.00,55.00,55.00,55.00,250,875
20200821,10:09,55.00,55.00,55.00,55.00,50,1100
20200821,10:35,40.00,40.00,40.00,40.00,25,1150
20200821,10:42,40.00,40.00,40.00,40.00,25,1150
20200821,10:50,42.80,42.80,42.80,42.80,25,1175
20200821,10:53,45.95,45.95,45.95,45.95,25,1200
20200821,11:01,40.00,40.00,40.00,40.00,50,1200
20200821,11:02,43.50,43.50,43.50,43.50,25,1250
20200821,11:58,45.90,45.90,45.90,45.90,25,1250
20200821,12:00,45.85,45.85,45.85,45.85,25,1250
20200821,12:12,41.00,41.00,41.00,41.00,25,1275
20200821,12:21,41.00,41.00,41.00,41.00,25,1275
20200821,12:23,45.50,45.50,45.50,45.50,75,1300
20200821,12:25,45.50,45.50,45.50,45.50,25,1300
20200821,12:26,41.50,41.50,41.50,41.50,25,1300
20200821,12:29,45.50,45.50,45.50,45.50,75,1375
20200821,12:32,45.00,45.00,45.00,45.00,25,1425
20200821,12:33,45.00,45.00,45.00,45.00,50,1450
20200821,12:34,45.00,45.00,45.00,45.00,75,1450
20200821,12:43,44.95,44.95,44.95,44.95,25,1575
20200821,13:18,45.00,45.00,45.00,45.00,25,1600
20200821,13:28,45.00,45.00,45.00,45.00,100,1600
20200821,13:29,45.00,45.20,45.00,45.20,150,1600
20200821,13:32,44.05,44.05,44.05,44.05,50,1675
20200821,13:53,44.90,44.90,44.90,44.90,25,1675
20200821,13:59,44.75,44.75,44.75,44.75,100,1450
20200821,14:06,42.00,42.00,42.00,42.00,125,1550
20200821,14:14,45.75,45.75,45.75,45.75,25,1550
20200821,14:18,45.95,45.95,45.95,45.95,25,1575
20200821,14:20,45.95,45.95,45.95,45.95,25,1600
20200821,14:22,40.95,42.85,40.95,42.10,400,1625
20200821,14:25,43.95,43.95,43.95,43.95,75,1625
20200821,14:26,43.95,43.95,43.95,43.95,25,1625
20200821,14:47,45.95,45.95,45.95,45.95,75,1625
20200821,14:52,47.05,47.05,47.05,47.05,1000,1700
20200821,15:01,45.40,45.45,45.40,45.45,50,2550
20200821,15:04,45.80,45.80,45.80,45.80,25,2550
20200821,15:08,42.00,42.00,42.00,42.00,25,2575
20200821,15:09,42.00,42.00,42.00,42.00,125,2600
20200821,15:10,42.15,42.15,42.15,42.15,25,2600
20200821,15:12,43.00,43.00,43.00,43.00,25,2625
20200821,15:14,45.95,45.95,41.50,43.50,275,2625
20200821,15:15,44.95,44.95,44.95,44.95,25,2700
20200821,15:16,44.95,44.95,44.95,44.95,50,2700
20200821,15:17,44.95,44.95,44.95,44.95,100,2700
20200821,15:20,44.75,44.75,44.75,44.75,25,2875
20200821,15:21,44.75,44.75,44.75,44.75,25,2900
20200821,15:22,44.75,44.75,44.75,44.75,75,2900
20200821,15:25,44.80,45.15,44.80,45.15,100,3000
20200821,15:26,45.70,45.70,45.70,45.70,125,3000
20200821,15:27,45.85,45.85,45.85,45.85,50,3000
20200821,15:28,42.00,42.00,42.00,42.00,50,3225
20200824,09:26,49.00,49.90,49.00,49.90,52,3225
20200824,09:31,54.80,54.80,54.80,54.80,50,3275
20200824,09:33,44.50,44.50,44.50,44.50,50,3225
20200824,09:39,50.00,50.00,50.00,50.00,25,3225
20200824,09:40,55.00,55.00,55.00,55.00,25,3225
20200824,09:44,55.00,55.00,55.00,55.00,25,3275
20200824,09:52,54.00,60.00,54.00,60.00,50,3275
20200824,09:54,60.00,60.00,60.00,60.00,25,3325
20200824,09:59,52.05,52.05,52.05,52.05,25,3325
20200824,10:00,52.00,52.00,51.00,51.00,75,3325
20200824,10:07,50.00,50.00,50.00,50.00,25,3250
20200824,10:08,50.00,58.00,50.00,58.00,100,3250
20200824,10:09,50.00,50.00,50.00,50.00,25,3300
20200824,10:10,50.00,50.00,50.00,50.00,25,3300
20200824,10:21,50.05,50.05,50.05,50.05,25,3200
20200824,10:28,50.00,50.00,50.00,50.00,600,3200
20200824,10:39,51.00,51.00,51.00,51.00,25,3200
20200824,10:47,51.00,51.00,51.00,51.00,25,3250
20200824,10:56,50.00,50.00,50.00,50.00,100,3250
20200824,11:05,50.00,50.00,50.00,50.00,50,3275
20200824,11:19,49.50,49.50,49.50,49.50,50,3225
20200824,11:23,50.05,50.05,50.05,50.05,25,3225
20200824,11:24,52.00,52.00,52.00,52.00,50,3225
20200824,11:30,52.00,53.50,52.00,53.50,50,3250
20200824,11:31,53.85,53.85,53.85,53.85,25,3250
20200824,11:35,54.30,54.30,54.30,54.30,500,3275
20200824,11:36,52.00,52.00,52.00,52.00,25,3275
20200824,11:37,52.00,52.00,52.00,52.00,50,3275
20200824,11:38,51.00,51.00,50.50,50.50,100,3275
20200824,11:39,50.55,50.55,50.55,50.55,25,3875
20200824,11:43,51.50,51.50,51.50,51.50,25,3925
20200824,11:45,53.00,53.00,53.00,53.00,25,3925
20200824,11:47,51.50,51.50,51.50,51.50,25,3925
20200824,11:49,55.50,55.50,55.50,55.50,25,3925
20200824,11:52,52.15,52.15,52.15,52.15,25,3900
20200824,11:53,52.15,52.15,52.15,52.15,25,3900
20200824,11:54,51.55,51.55,51.55,51.55,25,3900
20200824,11:56,57.20,58.00,57.20,57.75,150,3900
20200824,11:57,58.20,61.10,58.20,61.10,125,4050
20200824,11:58,61.10,61.10,61.10,61.10,25,4050
20200824,12:00,58.15,58.15,58.15,58.15,125,4050
20200824,12:02,60.85,61.15,60.85,61.15,625,4050
20200824,12:07,56.30,56.30,56.30,56.30,50,4300
20200824,12:10,57.00,57.00,57.00,57.00,25,4225
20200824,12:13,56.15,56.15,56.15,56.15,50,3650
20200824,12:16,56.25,56.25,56.25,56.25,25,3600
20200824,12:18,64.00,64.00,64.00,64.00,50,3525
20200824,12:19,64.00,64.00,58.80,58.80,50,3525
20200824,12:20,60.30,60.30,60.30,60.30,50,3525
20200824,12:21,61.15,61.15,61.15,61.15,25,3525
20200824,12:22,61.00,61.00,61.00,61.00,25,3475
20200824,12:23,61.00,61.00,61.00,61.00,25,3450
20200824,12:24,61.00,61.00,61.00,61.00,75,3450
20200824,12:25,60.55,61.00,60.55,61.00,50,3450
20200824,12:26,60.00,63.00,60.00,63.00,775,3475
20200824,12:28,60.00,60.00,60.00,60.00,50,3475
20200824,12:29,60.20,60.20,60.20,60.20,25,3475
20200824,12:30,60.20,60.20,60.20,60.20,25,3825
20200824,12:31,61.15,61.15,61.15,61.15,150,3825
20200824,12:32,61.75,61.75,61.75,61.75,25,3675
20200824,12:33,64.00,64.00,64.00,64.00,50,3675
20200824,12:39,62.15,62.15,62.15,62.15,25,3700
20200824,12:41,62.45,62.45,60.35,60.35,50,3700
20200824,12:45,61.15,61.15,61.15,61.15,75,3725
20200824,12:46,63.95,63.95,63.95,63.95,50,3725
20200824,12:48,63.90,63.95,63.90,63.95,175,3650
20200824,12:49,64.15,64.15,64.15,64.15,25,3650
20200824,12:51,66.80,66.80,66.80,66.80,50,3825
20200824,12:55,66.80,66.80,66.80,66.80,25,3875
20200824,13:00,68.00,68.00,68.00,68.00,25,3900
20200824,13:03,68.00,68.00,68.00,68.00,25,3875
20200824,13:07,67.05,67.05,67.00,67.00,225,3875
20200824,13:13,66.95,66.95,66.95,66.95,25,4025
20200824,13:18,66.95,66.95,66.95,66.95,150,4025
20200824,13:26,66.80,66.95,66.80,66.95,100,3900
20200824,13:30,61.20,61.20,61.20,61.20,50,4000
20200824,13:32,66.15,66.15,66.15,66.15,25,4000
20200824,13:34,61.80,61.80,61.80,61.80,100,3975
20200824,13:35,65.55,65.55,65.55,65.55,50,3975
20200824,13:38,65.50,65.50,65.50,65.50,100,3975
20200824,13:39,65.50,65.55,65.50,65.50,125,4225
20200824,13:48,60.20,60.20,60.20,60.20,50,4250
20200824,13:49,60.70,62.00,60.70,62.00,75,4250
20200824,14:00,65.00,65.00,65.00,65.00,50,4325
20200824,14:05,63.90,63.90,63.90,63.90,25,4350
20200824,14:07,63.95,65.95,63.95,65.95,50,4350
20200824,14:17,65.95,66.00,65.95,66.00,125,4375
20200824,14:19,66.00,66.00,65.10,65.50,125,4475
20200824,14:20,65.50,68.95,65.50,68.95,250,4475
20200824,14:23,68.00,68.00,68.00,68.00,25,4650
20200824,14:24,69.50,69.50,69.50,69.50,50,4650
20200824,14:25,67.00,67.25,67.00,67.25,50,4650
20200824,14:26,68.30,68.30,68.30,68.30,25,4650
20200824,14:27,69.90,69.95,69.90,69.95,75,4725
20200824,14:31,71.75,71.75,71.75,71.75,50,4725
20200824,14:32,71.75,71.75,71.75,71.75,25,4725
20200824,14:40,67.20,68.35,67.20,68.35,350,4750
20200824,14:41,68.05,68.05,68.05,68.05,50,4750
20200824,14:43,68.20,68.20,68.20,68.20,50,5000
20200824,14:45,71.85,71.85,71.85,71.85,25,5000
20200824,14:46,71.85,71.85,71.85,71.85,25,5050
20200824,14:51,69.95,69.95,69.95,69.95,25,5050
20200824,14:52,67.25,67.25,67.25,67.25,500,5050
20200824,14:56,65.00,65.00,65.00,65.00,25,5050
20200824,15:02,65.00,65.00,65.00,65.00,25,5075
20200824,15:06,65.95,66.00,65.95,66.00,100,5100
20200824,15:07,67.00,67.00,67.00,67.00,50,5150
20200824,15:08,66.90,67.85,66.90,67.85,50,5150
20200824,15:09,67.20,67.20,67.20,67.20,25,5150
20200824,15:11,68.00,68.95,67.00,68.95,125,5225
20200824,15:13,63.35,67.95,63.35,67.90,300,5350
20200824,15:14,66.50,67.45,66.50,67.45,200,5350
20200824,15:15,66.90,67.00,65.45,65.45,225,5725
20200824,15:16,65.85,66.30,64.80,66.30,150,5725
20200824,15:17,65.90,65.90,65.90,65.90,50,5725
20200824,15:20,64.85,64.85,64.85,64.85,50,5950
20200824,15:23,65.00,65.00,65.00,65.00,50,6000
20200824,15:25,66.95,68.00,66.95,68.00,50,5500
20200824,15:26,65.30,65.30,65.30,65.30,75,5500
20200824,15:27,65.30,68.50,65.00,68.50,875,5500
20200824,15:28,64.15,68.00,64.15,68.00,350,6425
20200824,15:29,68.00,68.00,68.00,68.00,400,6425
20200825,09:21,79.00,79.00,79.00,79.00,26,6400
20200825,09:22,80.00,80.00,80.00,80.00,25,6400
20200825,09:23,77.90,77.90,77.90,77.90,150,6425
20200825,09:24,78.60,80.90,78.60,80.90,200,6425
20200825,09:25,80.50,82.95,80.50,82.95,425,6425
20200825,09:26,83.15,83.15,81.55,81.55,225,6775
20200825,09:27,81.55,81.55,81.15,81.15,325,6775
20200825,09:28,80.20,80.20,80.20,80.20,25,6775
20200825,09:29,80.55,80.55,80.55,80.55,100,6800
20200825,09:30,81.15,83.90,81.15,83.90,200,6800
20200825,09:31,83.90,83.90,81.65,81.65,200,6800
20200825,09:35,82.10,82.10,81.60,81.60,150,6875
20200825,09:36,80.60,80.60,80.60,80.60,50,6900
20200825,09:37,81.00,81.00,81.00,81.00,150,6900
20200825,09:38,81.00,81.00,81.00,81.00,25,6900
20200825,09:39,80.00,80.00,80.00,80.00,75,6900
20200825,09:40,81.20,81.20,79.55,79.55,175,6900
20200825,09:41,79.50,79.50,79.50,79.50,25,6925
20200825,09:42,76.50,77.60,75.05,77.60,1000,6925
20200825,09:43,78.00,78.05,77.95,77.95,150,6925
20200825,09:44,78.15,78.15,78.15,78.15,25,6925
20200825,09:45,79.00,79.00,79.00,79.00,50,6750
20200825,09:47,80.10,80.10,79.15,79.15,175,6750
20200825,09:48,79.70,79.70,79.00,79.00,75,6750
20200825,09:50,79.00,79.00,78.00,78.15,225,6700
20200825,09:51,79.50,81.15,79.50,81.15,150,6700
20200825,09:52,80.95,80.95,80.20,80.20,50,6700
20200825,09:54,79.80,80.60,79.80,80.00,125,6575
20200825,09:57,79.15,79.15,79.15,79.15,275,6650
20200825,09:58,78.60,78.60,76.85,78.40,125,6650
20200825,10:00,78.00,78.00,76.50,76.50,75,6575
20200825,10:05,78.90,78.95,78.90,78.95,50,6600
20200825,10:10,78.55,78.55,77.95,77.95,125,6625
20200825,10:11,76.90,78.00,76.90,78.00,775,6950
20200825,10:12,76.90,76.90,76.90,76.90,75,6950
20200825,10:13,77.40,77.80,77.40,77.75,75,6950
20200825,10:15,77.95,77.95,77.95,77.95,50,6950
20200825,10:17,77.65,77.65,77.65,77.65,25,7050
20200825,10:21,79.95,79.95,77.55,77.55,50,7075
20200825,10:23,77.90,77.90,77.60,77.60,50,7075
20200825,10:27,77.10,77.10,77.10,77.10,50,7150
20200825,10:28,76.75,76.75,76.75,76.75,25,7150
20200825,10:30,78.00,78.00,77.00,77.00,125,7225
20200825,10:31,76.60,76.60,75.50,75.50,250,7225
20200825,10:32,76.40,76.40,75.55,75.55,150,7450
20200825,10:33,76.50,76.50,76.50,76.50,50,7450
20200825,10:34,76.50,76.50,76.05,76.05,50,7450
20200825,10:35,75.65,75.65,74.75,75.40,475,7850
20200825,10:38,72.00,73.45,72.00,73.35,250,7900
20200825,10:39,73.00,73.00,70.00,70.00,625,7900
20200825,10:40,68.00,68.00,68.00,68.00,25,7900
20200825,10:41,64.15,64.15,64.15,64.15,75,8275
20200825,10:42,64.15,64.15,64.15,64.15,50,8275
20200825,10:43,68.15,68.15,68.15,68.15,250,8275
20200825,10:45,67.20,67.20,67.20,67.20,50,8425
20200825,10:46,69.90,69.90,69.90,69.90,25,8425
20200825,10:48,65.15,65.15,65.15,65.15,25,7875
20200825,10:49,63.35,63.35,62.95,62.95,175,7875
20200825,10:50,61.65,61.65,61.65,61.65,100,7750
20200825,10:51,62.95,62.95,62.95,62.95,300,7750
20200825,10:54,60.95,60.95,60.95,60.95,25,8025
20200825,10:55,60.95,63.90,60.95,63.90,175,8025
20200825,10:56,63.10,63.10,61.90,62.15,350,8050
20200825,10:57,64.05,64.05,64.05,64.05,150,8050
20200825,10:58,64.00,64.00,64.00,64.00,25,8050
20200825,10:59,64.85,65.00,64.85,65.00,200,8000
20200825,11:00,65.00,65.00,65.00,65.00,100,8000
20200825,11:03,65.45,65.45,65.45,65.45,25,7975
20200825,11:06,65.45,65.45,65.45,65.45,25,8000
20200825,11:07,66.40,67.35,66.40,67.35,400,8000
20200825,11:14,66.45,66.45,66.45,66.45,25,8000
20200825,11:20,67.35,67.35,67.35,67.35,25,8400
20200825,11:28,67.55,67.55,67.55,67.55,50,8400
20200825,11:29,66.80,66.80,66.40,66.40,50,8400
20200825,11:30,67.35,67.35,67.35,67.35,75,8450
20200825,11:33,68.30,68.30,68.30,68.30,200,8500
20200825,11:36,67.40,67.40,67.40,67.40,50,8500
20200825,11:45,69.20,70.00,69.20,70.00,425,8725
20200825,11:47,69.10,69.10,68.30,68.30,75,8925
20200825,11:48,69.20,70.00,69.20,70.00,100,8925
20200825,11:49,70.05,70.05,70.05,70.05,150,8925
20200825,11:50,70.20,70.20,70.20,70.20,50,9025
20200825,11:55,70.20,70.20,70.20,70.20,75,9025
20200825,11:58,71.00,71.00,71.00,71.00,50,9050
20200825,12:02,70.90,70.90,70.15,70.15,50,9050
20200825,12:03,70.05,70.05,70.00,70.00,125,9050
20200825,12:05,70.95,70.95,70.95,70.95,25,9050
20200825,12:07,70.00,70.00,70.00,70.00,125,9050
20200825,12:08,69.10,70.05,69.10,70.05,175,9050
20200825,12:11,69.15,71.00,69.15,71.00,250,9050
20200825,12:14,70.05,70.05,70.05,70.05,100,9050
20200825,12:19,70.95,70.95,70.95,70.95,25,9350
20200825,12:21,70.00,70.05,69.05,69.05,300,9350
20200825,12:22,69.05,69.05,69.05,69.05,25,9350
20200825,12:25,70.00,70.00,70.00,70.00,75,9350
20200825,12:32,68.30,68.30,68.00,68.00,550,9325
20200825,12:33,68.00,68.15,67.00,68.15,850,9375
20200825,12:34,68.15,68.15,68.15,68.15,25,9375
20200825,12:37,68.85,69.05,68.85,69.05,175,9350
20200825,12:38,69.10,70.05,69.10,70.05,325,9350
20200825,12:39,70.95,71.00,70.95,71.00,150,9375
20200825,12:41,71.00,71.00,71.00,71.00,50,9375
20200825,12:42,71.90,71.90,71.90,71.90,100,9375
20200825,12:46,72.00,72.30,71.95,72.30,400,9475
20200825,12:47,73.25,73.25,72.80,72.90,1225,9475
20200825,12:48,72.00,72.00,71.90,71.90,300,11075
20200825,12:51,71.85,71.85,71.85,71.85,25,11000
20200825,13:00,72.85,72.90,72.85,72.90,175,10075
20200825,13:01,72.90,73.00,72.90,73.00,150,10075
20200825,13:10,72.00,72.05,72.00,72.00,150,10400
20200825,13:11,71.95,71.95,71.95,71.95,50,10400
20200825,13:17,73.00,76.00,73.00,76.00,1475,10375
20200825,13:18,77.05,80.05,77.05,80.05,1275,11525
20200825,13:19,80.75,80.75,80.75,80.75,25,11525
20200825,13:20,80.90,81.00,80.90,81.00,125,11525
20200825,13:21,82.00,82.00,81.00,82.00,525,11625
20200825,13:23,83.00,83.00,82.00,82.00,250,11625
20200825,13:24,81.95,82.00,81.95,82.00,100,11750
20200825,13:25,82.00,82.00,82.00,82.00,75,11750
20200825,13:26,82.00,82.00,81.05,81.05,125,11750
20200825,13:27,82.00,82.00,81.95,82.00,75,11625
20200825,13:30,81.10,81.10,81.05,81.05,100,11650
20200825,13:31,81.00,81.50,80.00,80.00,850,11650
20200825,13:32,80.00,80.00,80.00,80.00,25,11650
20200825,13:33,80.00,80.00,80.00,80.00,25,11850
20200825,13:36,81.05,81.05,81.05,81.05,300,11850
20200825,13:38,81.05,81.05,81.05,81.05,25,11825
20200825,13:42,81.10,81.50,81.10,81.50,50,11425
20200825,13:49,81.90,82.00,81.90,82.00,75,11475
20200825,13:50,81.20,81.20,81.20,81.20,100,11475
20200825,13:52,81.05,81.05,80.10,80.70,225,11500
20200825,13:53,80.00,80.00,77.25,77.25,675,11500
20200825,13:54,77.00,77.00,75.35,75.35,375,11550
20200825,13:55,76.25,77.00,76.25,77.00,250,11550
20200825,13:56,77.05,77.05,76.20,76.20,75,11550
20200825,13:57,76.90,76.90,76.90,76.90,25,11550
20200825,13:58,76.50,76.50,76.50,76.50,25,11475
20200825,14:00,77.20,77.20,77.20,77.20,50,11500
20200825,14:01,77.25,78.20,77.25,78.20,325,11500
20200825,14:02,77.40,77.40,77.30,77.30,50,11500
20200825,14:04,77.00,77.95,77.00,77.95,325,10825
20200825,14:05,78.00,78.00,77.00,77.00,175,10825
20200825,14:06,77.00,77.00,76.30,76.30,75,10775
20200825,14:07,76.30,76.30,72.50,73.40,1375,10775
20200825,14:08,73.45,74.00,73.00,73.00,150,10775
20200825,14:09,72.50,72.50,71.00,71.00,425,10575
20200825,14:10,70.60,70.60,70.60,70.60,100,10575
20200825,14:11,71.55,71.55,71.55,71.55,125,10575
20200825,14:12,72.00,72.50,72.00,72.50,225,10800
20200825,14:13,73.00,73.00,71.55,71.55,425,10800
20200825,14:14,71.00,71.00,70.60,70.60,200,10800
20200825,14:15,69.65,69.65,69.65,69.65,125,10800
20200825,14:17,68.70,68.70,67.75,67.75,200,10825
20200825,14:18,64.00,64.00,64.00,64.00,50,9725
20200825,14:22,64.00,64.00,64.00,64.00,50,9450
20200825,14:25,64.95,64.95,64.95,64.95,250,9450
20200825,14:26,65.90,65.90,65.90,65.90,50,9450
20200825,14:27,65.90,65.90,65.10,65.10,75,8925
20200825,14:31,67.80,67.80,67.80,67.80,175,8975
20200825,14:37,67.80,67.80,67.80,67.80,225,9150
20200825,14:38,68.70,68.70,67.60,67.60,50,9150
20200825,14:39,68.70,68.75,68.70,68.75,125,9325
20200825,14:40,69.70,70.65,69.70,70.65,200,9325
20200825,14:41,71.60,73.00,71.60,73.00,325,9325
20200825,14:42,73.00,73.50,73.00,73.50,175,10000
20200825,14:43,72.60,72.60,72.60,72.60,25,10000
20200825,14:44,72.60,72.60,72.60,72.60,25,10000
20200825,14:45,74.00,74.00,72.55,72.55,250,10075
20200825,14:46,72.55,72.55,72.00,72.00,75,10075
20200825,14:47,72.00,72.00,71.60,71.60,125,10075
20200825,14:48,72.50,72.50,72.30,72.30,50,10050
20200825,14:49,71.65,71.65,71.65,71.65,25,10050
20200825,14:50,71.60,71.60,71.60,71.60,50,10050
20200825,14:51,72.20,72.20,71.80,72.00,125,10075
20200825,14:52,71.25,71.25,71.00,71.00,200,10075
20200825,14:54,71.50,71.50,71.50,71.50,50,9800
20200825,14:55,71.35,71.35,70.75,70.75,50,9800
20200825,14:57,71.00,73.00,71.00,73.00,375,9950
20200825,14:58,72.05,72.95,72.00,72.00,100,9950
20200825,14:59,72.60,73.00,72.60,73.00,100,9950
20200825,15:00,73.85,76.35,73.85,76.35,625,9950
20200825,15:01,75.45,77.30,75.45,76.35,375,10950
20200825,15:02,74.55,75.05,74.55,75.05,475,10950
20200825,15:03,74.65,74.65,73.50,74.05,750,10525
20200825,15:04,74.15,74.15,74.15,74.15,25,10525
20200825,15:05,73.65,74.05,73.65,74.05,50,10525
20200825,15:06,75.10,75.10,75.10,75.10,25,10525
20200825,15:07,75.50,76.50,75.50,76.50,250,10600
20200825,15:10,75.85,75.85,75.85,75.85,25,10850
20200825,15:11,75.70,75.70,75.70,75.70,25,10850
20200825,15:12,77.30,77.30,77.30,77.30,25,10850
20200825,15:13,76.95,76.95,76.20,76.20,200,10850
20200825,15:14,77.15,77.15,77.10,77.10,50,10850
20200825,15:16,77.15,77.15,77.10,77.10,50,10650
20200825,15:19,77.10,77.10,77.10,77.10,125,10650
20200825,15:21,77.20,77.20,77.10,77.10,75,10600
20200825,15:22,77.10,78.20,77.10,78.20,325,10600
20200825,15:23,78.25,78.25,78.25,78.25,125,10600
20200825,15:24,80.00,80.00,80.00,80.00,25,10600
20200825,15:26,78.35,81.15,78.35,81.15,75,10725
20200825,15:27,81.20,81.20,80.80,80.80,225,10775
20200825,15:28,77.95,79.90,77.95,79.90,50,10775
20200825,15:29,79.95,79.95,77.70,77.70,75,10775
20200826,09:16,78.00,78.00,78.00,78.00,26,10775
20200826,09:17,83.10,84.80,83.10,84.80,50,10800
20200826,09:18,84.80,90.10,84.80,90.00,150,10800
20200826,09:19,90.90,90.90,90.90,90.90,125,10800
20200826,09:20,92.40,92.40,89.95,89.95,125,10950
20200826,09:21,89.95,89.95,89.95,89.95,75,10950
20200826,09:22,89.00,89.00,89.00,89.00,25,10950
20200826,09:23,93.90,93.90,93.90,93.90,25,10900
20200826,09:24,93.95,93.95,93.95,93.95,100,10900
20200826,09:26,93.95,93.95,93.95,93.95,50,10900
20200826,09:28,93.95,93.95,93.95,93.95,50,10900
20200826,09:29,92.05,92.05,92.05,92.05,25,10950
20200826,09:30,89.75,93.25,89.75,93.25,50,10950
20200826,09:31,93.95,93.95,93.95,93.95,25,10950
20200826,09:32,93.95,93.95,93.95,93.95,125,10950
20200826,09:33,96.45,96.45,96.45,96.45,50,10950
20200826,09:36,94.20,96.70,94.20,96.70,100,11000
20200826,09:37,99.00,99.00,99.00,99.00,25,11000
20200826,09:38,99.00,99.00,99.00,99.00,500,11050
20200826,09:39,99.00,99.00,99.00,99.00,75,11050
20200826,09:41,93.85,93.85,93.10,93.10,100,11050
20200826,09:42,93.20,93.30,93.20,93.30,50,11400
20200826,09:44,92.00,95.00,92.00,95.00,150,11400
20200826,09:45,94.00,95.00,94.00,95.00,50,11125
20200826,09:47,94.20,94.20,94.20,94.20,75,11150
20200826,09:48,94.25,94.25,90.05,90.05,175,11150
20200826,09:49,89.15,89.15,89.15,89.15,25,11150
20200826,09:51,90.75,90.75,90.75,90.75,25,11125
20200826,09:52,91.85,91.85,91.85,91.85,25,11125
20200826,09:53,92.00,92.00,92.00,92.00,25,11125
20200826,09:54,88.25,92.50,88.25,92.50,75,11125
20200826,09:55,94.25,94.25,92.25,93.55,175,11125
20200826,09:56,88.15,91.75,88.15,91.75,125,10900
20200826,09:57,92.10,92.10,91.50,91.50,125,10900
20200826,09:58,90.70,90.70,90.15,90.15,75,10900
20200826,09:59,91.95,91.95,91.05,91.05,250,10900
20200826,10:00,91.00,91.60,91.00,91.60,125,10900
20200826,10:01,91.35,91.60,91.35,91.60,50,10900
20200826,10:02,91.60,92.90,91.60,92.90,225,10925
20200826,10:03,92.90,92.90,90.85,90.85,150,10925
20200826,10:05,90.65,90.65,90.65,90.65,25,11175
20200826,10:08,92.95,92.95,92.95,92.95,25,11175
20200826,10:10,93.25,93.25,93.25,93.25,25,11175
20200826,10:11,92.20,92.20,92.20,92.20,25,11200
20200826,10:12,90.65,90.65,90.65,90.65,25,11200
20200826,10:13,91.60,91.65,91.55,91.65,175,11200
20200826,10:14,92.05,92.05,91.65,91.65,150,11250
20200826,10:17,91.55,91.55,91.55,91.55,50,11325
20200826,10:18,91.20,91.75,91.20,91.75,50,11325
20200826,10:19,90.85,90.85,90.85,90.85,25,11325
20200826,10:20,90.85,90.85,90.85,90.85,50,11350
20200826,10:21,92.95,93.00,92.45,93.00,75,11350
20200826,10:22,91.35,91.35,91.35,91.35,100,11350
20200826,10:27,97.40,97.50,97.40,97.50,150,11475
20200826,10:28,96.90,96.90,96.50,96.50,100,11475
20200826,10:29,96.45,96.45,96.45,96.45,25,11475
20200826,10:30,97.00,98.15,97.00,98.15,50,11550
20200826,10:32,97.65,97.65,96.35,96.35,75,11600
20200826,10:33,97.50,97.60,97.50,97.60,75,11600
20200826,10:35,97.05,97.05,97.05,97.05,25,11600
20200826,10:36,95.45,97.05,95.00,96.10,350,11725
20200826,10:38,97.45,97.45,97.45,97.45,25,11725
20200826,10:41,96.90,96.90,96.90,96.90,50,11725
20200826,10:43,96.55,96.55,96.55,96.55,25,11825
20200826,10:44,98.05,98.05,95.35,95.35,175,11825
20200826,10:45,94.35,94.35,94.35,94.35,50,11925
20200826,10:47,94.55,95.00,94.35,95.00,150,11975
20200826,10:48,94.90,95.00,94.90,95.00,75,11975
20200826,10:50,94.55,94.55,94.55,94.55,25,11975
20200826,10:51,94.55,95.75,94.55,95.75,50,12125
20200826,10:52,95.00,95.00,95.00,95.00,50,12125
20200826,10:55,95.70,95.70,95.65,95.65,75,12050
20200826,10:56,96.35,96.35,96.30,96.30,50,11975
20200826,10:57,94.35,94.35,93.50,93.50,175,11975
20200826,11:01,94.40,94.70,94.40,94.50,125,12075
20200826,11:02,95.25,95.25,95.25,95.25,25,12075
20200826,11:03,96.70,96.70,96.70,96.70,50,12050
20200826,11:04,97.30,97.30,97.30,97.30,25,12050
20200826,11:08,98.05,98.05,98.05,98.05,25,12025
20200826,11:09,97.15,97.15,96.05,96.05,175,12025
20200826,11:12,96.00,96.00,96.00,96.00,25,12025
20200826,11:15,94.15,94.15,94.15,94.15,250,12100
20200826,11:17,95.15,96.00,95.15,96.00,50,12100
20200826,11:19,94.20,94.20,94.20,94.20,50,12375
20200826,11:21,90.45,90.45,90.45,90.45,50,12425
20200826,11:22,93.30,93.30,93.30,93.30,125,12425
20200826,11:23,93.35,93.85,93.35,93.85,175,12375
20200826,11:25,93.15,93.15,93.15,93.15,25,12375
20200826,11:26,92.30,92.30,92.25,92.25,50,12375
20200826,11:30,92.05,96.90,90.00,90.00,375,12400
20200826,11:31,90.55,92.55,90.55,92.55,150,12400
20200826,11:32,92.00,92.00,92.00,92.00,25,12400
20200826,11:34,91.10,91.10,91.10,91.10,25,12525
20200826,11:35,90.50,90.50,90.00,90.00,50,12525
20200826,11:37,89.75,90.20,89.75,90.20,125,12575
20200826,11:38,90.90,90.90,90.90,90.90,25,12575
20200826,11:40,91.40,91.40,91.40,91.40,100,12650
20200826,11:41,90.90,92.30,90.90,92.30,100,12650
20200826,11:42,92.25,92.25,92.25,92.25,25,12725
20200826,11:45,93.65,93.65,93.65,93.65,25,12725
20200826,11:51,93.15,93.15,93.15,93.15,25,12750
20200826,11:52,93.95,93.95,93.00,93.45,100,12750
20200826,11:56,91.90,91.90,91.90,91.90,25,12700
20200826,11:59,92.20,92.20,92.20,92.20,25,12675
20200826,12:01,91.65,91.65,91.65,91.65,25,12650
20200826,12:02,91.85,92.25,91.85,92.25,75,12650
20200826,12:04,90.30,90.30,89.60,89.60,50,12625
20200826,12:05,88.20,88.20,88.20,88.20,25,12625
20200826,12:06,89.85,89.85,89.85,89.85,25,12625
20200826,12:07,89.00,89.00,89.00,89.00,25,12625
20200826,12:11,89.45,89.45,89.35,89.35,50,12625
20200826,12:12,89.70,89.70,89.70,89.70,25,12625
20200826,12:13,87.90,87.90,87.90,87.90,500,12625
20200826,12:14,87.05,88.75,87.05,87.95,200,12625
20200826,12:15,88.00,90.10,88.00,90.10,375,12550
20200826,12:17,90.80,90.80,90.80,90.80,25,12550
20200826,12:19,91.10,91.10,91.10,91.10,25,12850
20200826,12:20,91.00,91.00,91.00,91.00,25,12850
20200826,12:22,88.50,88.55,88.50,88.55,75,12850
20200826,12:23,89.55,89.55,89.55,89.55,25,12850
20200826,12:25,89.15,89.15,85.00,85.00,175,12850
20200826,12:26,88.85,90.95,88.85,90.75,275,12925
20200826,12:27,89.95,89.95,89.95,89.95,25,12925
20200826,12:29,88.25,88.25,88.25,88.25,25,12925
20200826,12:30,86.75,86.75,86.75,86.75,25,12950
20200826,12:31,85.50,85.50,85.50,85.50,100,12950
20200826,12:32,83.00,83.00,83.00,83.00,250,12950
20200826,12:33,86.30,86.30,86.30,86.30,25,12850
20200826,12:37,90.45,90.70,90.15,90.15,100,12850
20200826,12:39,90.45,90.45,89.80,89.80,75,12875
20200826,12:41,85.70,87.60,85.70,87.35,200,12875
20200826,12:42,87.30,87.30,86.95,86.95,50,12900
20200826,12:43,85.25,85.50,85.00,85.25,200,12900
20200826,12:44,85.10,85.10,85.10,85.10,25,12900
20200826,12:45,85.35,89.75,85.35,89.75,75,13125
20200826,12:46,89.40,89.40,88.55,88.60,75,13125
20200826,12:48,90.20,90.20,90.20,90.20,25,13200
20200826,12:49,90.65,90.65,90.65,90.65,25,13200
20200826,12:51,91.30,92.00,91.30,92.00,75,13175
20200826,12:52,95.20,95.20,93.35,94.10,375,13175
20200826,12:53,94.80,95.00,94.25,94.25,425,13175
20200826,12:55,94.30,94.30,93.65,93.65,100,13100
20200826,12:59,95.35,95.35,95.35,95.35,25,13100
20200826,13:04,93.20,93.20,93.20,93.20,25,13200
20200826,13:05,93.80,93.80,92.60,92.60,75,13200
20200826,13:06,92.05,92.10,92.05,92.10,50,12950
20200826,13:07,92.20,92.20,92.20,92.20,25,12950
20200826,13:08,91.60,91.60,91.60,91.60,25,12950
20200826,13:09,91.35,91.35,91.35,91.35,25,12975
20200826,13:11,89.60,90.30,89.60,90.30,75,12975
20200826,13:12,91.15,91.15,91.15,91.15,25,12975
20200826,13:16,91.50,91.50,91.50,91.50,25,13000
20200826,13:17,93.50,93.50,93.50,93.50,50,13000
20200826,13:21,94.00,94.00,94.00,94.00,25,12975
20200826,13:23,92.75,92.75,92.75,92.75,50,12975
20200826,13:25,91.50,91.95,91.50,91.95,100,12975
20200826,13:28,91.55,91.55,90.65,90.65,75,13075
20200826,13:29,91.00,91.00,91.00,91.00,50,13075
20200826,13:38,89.85,90.10,89.85,90.10,100,13075
20200826,13:41,90.25,90.25,90.25,90.25,25,13025
20200826,13:43,93.10,93.10,93.10,93.10,25,13050
20200826,13:44,91.00,91.00,91.00,91.00,50,13050
20200826,13:50,93.75,93.75,93.50,93.50,75,13075
20200826,13:51,96.10,96.10,96.10,96.10,25,13050
20200826,13:52,96.00,96.00,96.00,96.00,25,13050
20200826,13:53,96.45,96.45,96.45,96.45,25,13050
20200826,13:54,95.70,95.70,95.70,95.70,50,13050
20200826,13:55,94.95,94.95,94.95,94.95,25,13050
20200826,13:56,94.55,94.55,94.55,94.55,50,13050
20200826,13:57,93.95,93.95,93.95,93.95,50,13075
20200826,13:58,94.00,94.45,94.00,94.45,50,13075
20200826,13:59,94.75,94.75,94.75,94.75,25,13075
20200826,14:00,95.00,97.65,95.00,97.65,200,13025
20200826,14:01,96.35,100.00,96.35,100.00,275,13025
20200826,14:02,99.80,101.00,99.80,101.00,125,13025
20200826,14:04,102.00,102.00,102.00,102.00,25,13150
20200826,14:05,102.95,103.15,102.95,103.15,75,13150
20200826,14:07,103.65,103.65,103.65,103.65,75,13150
20200826,14:09,103.65,103.65,103.65,103.65,25,13150
20200826,14:16,98.80,98.80,98.00,98.00,75,13150
20200826,14:18,98.55,98.55,98.55,98.55,50,13150
20200826,14:20,99.85,99.85,99.85,99.85,25,13200
20200826,14:21,99.95,99.95,99.95,99.95,25,13200
20200826,14:23,99.95,99.95,99.95,99.95,25,13225
20200826,14:24,99.95,99.95,99.95,99.95,25,13225
20200826,14:26,99.15,99.15,99.15,99.15,25,13225
20200826,14:27,101.25,101.25,101.25,101.25,50,13200
20200826,14:28,101.45,101.45,101.45,101.45,25,13200
20200826,14:29,100.60,100.60,100.60,100.60,25,13200
20200826,14:30,100.00,102.45,100.00,101.20,1125,14125
20200826,14:31,100.65,102.00,100.65,102.00,50,14125
20200826,14:32,102.00,103.20,102.00,103.20,100,14125
20200826,14:34,103.00,103.35,103.00,103.35,150,14125
20200826,14:35,103.30,105.00,103.30,105.00,100,14125
20200826,14:36,105.00,105.05,103.85,105.05,250,14100
20200826,14:37,104.55,106.00,104.55,106.00,125,14100
20200826,14:38,106.25,107.50,106.25,107.50,175,14100
20200826,14:39,109.75,109.75,108.65,108.65,200,14325
20200826,14:40,108.30,108.40,108.20,108.20,125,14325
20200826,14:42,107.55,107.85,107.30,107.30,75,14400
20200826,14:43,105.90,108.35,105.90,108.35,125,14400
20200826,14:44,109.05,109.40,109.05,109.40,50,14400
20200826,14:45,109.25,109.25,109.25,109.25,25,14300
20200826,14:46,110.00,110.40,110.00,110.40,100,14300
20200826,14:47,110.20,110.30,109.35,109.35,125,14300
20200826,14:49,108.75,109.35,108.75,109.35,100,14400
20200826,14:50,109.65,109.65,109.65,109.65,75,14400
20200826,14:51,113.00,113.40,113.00,113.40,75,14375
20200826,14:52,115.00,116.55,115.00,116.55,100,14375
20200826,14:53,116.90,120.00,116.90,120.00,325,14375
20200826,14:54,120.00,120.00,119.00,119.00,150,14550
20200826,14:55,119.30,119.30,115.90,115.90,300,14550
20200826,14:56,115.05,116.30,114.30,114.30,125,14550
20200826,14:57,113.35,113.35,113.35,113.35,25,14675
20200826,14:58,112.10,112.10,112.10,112.10,25,14675
20200826,14:59,112.40,114.20,112.40,114.20,100,14675
20200826,15:00,115.00,115.00,115.00,115.00,150,14625
20200826,15:01,115.30,115.30,114.90,115.00,350,14625
20200826,15:02,115.00,115.00,111.80,111.80,500,14625
20200826,15:04,112.35,112.40,111.60,111.60,200,14550
20200826,15:05,111.80,113.00,111.80,112.70,250,14550
20200826,15:06,112.95,114.50,112.95,114.50,950,14625
20200826,15:07,114.50,116.50,114.50,116.50,2575,14625
20200826,15:08,117.50,120.00,117.50,118.85,1850,14625
20200826,15:09,119.25,119.25,119.25,119.25,100,19275
20200826,15:10,122.10,127.95,120.90,120.90,575,19275
20200826,15:11,123.00,123.00,120.60,121.00,200,19275
20200826,15:12,121.50,123.00,121.50,123.00,450,19725
20200826,15:13,120.55,123.00,120.55,123.00,50,19725
20200826,15:14,121.40,122.00,121.40,122.00,450,19725
20200826,15:15,121.70,121.70,121.70,121.70,50,19725
20200826,15:16,120.50,120.55,120.50,120.55,50,18525
20200826,15:17,121.50,122.00,120.65,122.00,425,18525
20200826,15:18,121.15,122.50,121.15,122.50,75,18650
20200826,15:19,122.50,122.50,122.50,122.50,50,18650
20200826,15:20,122.50,123.00,122.50,123.00,125,18650
20200826,15:21,123.75,123.75,121.50,121.50,150,18650
20200826,15:22,124.50,124.50,122.55,122.55,50,17250
20200826,15:23,123.05,123.05,123.05,123.05,50,17250
20200826,15:24,123.55,125.00,123.55,125.00,275,17375
20200826,15:25,125.00,126.05,125.00,126.05,450,17375
20200826,15:26,126.05,129.00,126.05,129.00,800,17375
20200826,15:27,129.00,129.00,127.55,127.55,925,18475
20200826,15:28,129.55,131.30,128.90,131.00,400,18475
20200826,15:29,131.00,131.00,129.15,129.60,200,18475
20200827,09:15,130.00,187.85,130.00,140.05,426,18350
20200827,09:16,139.00,139.00,138.00,138.60,100,18350
20200827,09:17,136.95,145.35,136.20,136.20,425,18550
20200827,09:18,140.05,140.95,140.05,140.95,75,18550
20200827,09:19,142.00,142.00,140.35,141.05,100,18550
20200827,09:20,146.15,147.95,143.75,147.95,650,18925
20200827,09:21,148.70,150.00,148.40,150.00,300,18925
20200827,09:22,151.80,154.20,149.75,154.20,425,18925
20200827,09:23,154.90,154.90,150.05,150.05,350,19400
20200827,09:24,150.10,154.15,150.10,154.00,225,19400
20200827,09:25,153.00,156.05,153.00,156.05,200,19400
20200827,09:26,154.05,158.80,154.05,158.80,275,19800
20200827,09:27,155.10,155.10,152.90,154.60,275,19800
20200827,09:28,153.00,154.90,151.85,154.90,700,19800
20200827,09:29,152.75,152.80,152.70,152.75,575,20025
20200827,09:30,154.05,155.05,152.00,155.05,775,20025
20200827,09:31,154.65,154.65,153.00,154.35,125,20025
20200827,09:33,153.45,153.45,153.45,153.45,150,20325
20200827,09:34,151.05,152.95,151.00,151.00,200,20325
20200827,09:35,152.30,152.30,150.00,150.00,175,20425
20200827,09:36,149.40,149.65,149.40,149.65,75,20425
20200827,09:37,145.85,145.85,145.30,145.30,75,20425
20200827,09:38,140.00,140.00,140.00,140.00,75,20500
20200827,09:39,139.10,140.00,139.10,139.95,525,20500
20200827,09:40,140.00,140.00,139.05,140.00,325,20500
20200827,09:41,141.80,141.80,141.80,141.80,25,21000
20200827,09:43,142.60,142.60,142.00,142.00,150,21000
20200827,09:44,142.60,142.60,141.45,142.35,500,21050
20200827,09:45,142.35,142.35,141.35,142.15,250,21050
20200827,09:46,142.50,142.50,142.50,142.50,100,21050
20200827,09:47,143.90,143.90,143.90,143.90,25,21300
20200827,09:48,144.95,145.00,144.95,145.00,125,21300
20200827,09:49,143.85,145.80,143.85,144.40,1000,21300
20200827,09:50,145.15,145.15,145.15,145.15,25,21300
20200827,09:51,146.00,147.05,144.70,147.05,175,22075
20200827,09:52,146.10,146.10,146.10,146.10,50,22075
20200827,09:53,142.80,142.80,142.80,142.80,25,22075
20200827,09:55,142.15,142.15,141.95,141.95,50,22125
20200827,09:56,141.80,141.80,141.75,141.75,175,22125
20200827,09:57,141.70,141.70,141.70,141.70,25,22125
20200827,09:58,141.00,141.00,140.45,140.50,150,22125
20200827,09:59,140.25,140.25,138.90,138.90,150,22300
20200827,10:00,139.20,139.20,135.55,135.55,250,22300
20200827,10:01,136.90,138.95,136.90,138.95,175,22300
20200827,10:02,138.85,138.85,138.85,138.85,25,22300
20200827,10:04,138.10,138.10,138.10,138.10,25,22300
20200827,10:05,138.65,138.65,138.65,138.65,25,22275
20200827,10:06,139.95,139.95,138.10,139.95,225,22275
20200827,10:07,139.95,140.15,139.95,140.00,225,22275
20200827,10:08,140.00,141.85,140.00,141.85,275,22350
20200827,10:09,142.15,142.65,142.15,142.65,50,22350
20200827,10:10,144.00,144.00,144.00,144.00,25,22350
20200827,10:11,143.70,143.90,143.70,143.75,125,22500
20200827,10:12,143.60,143.60,143.00,143.00,75,22500
20200827,10:13,142.95,143.25,142.75,143.05,250,22500
20200827,10:14,143.00,143.25,143.00,143.25,50,22500
20200827,10:15,143.05,143.05,142.80,142.80,100,22775
20200827,10:16,143.05,143.05,143.05,143.05,50,22775
20200827,10:17,144.15,145.85,144.15,145.85,1325,22950
20200827,10:18,146.10,146.10,145.45,145.45,75,22950
20200827,10:19,146.40,146.90,146.00,146.00,200,22950
20200827,10:20,146.25,147.60,146.25,147.40,275,23525
20200827,10:21,147.45,147.45,146.00,146.00,225,23525
20200827,10:22,146.00,146.15,145.40,145.45,350,23525
20200827,10:23,144.45,144.45,144.25,144.25,125,23525
20200827,10:24,144.00,144.00,144.00,144.00,150,23975
20200827,10:25,144.25,144.25,144.25,144.25,175,23975
20200827,10:26,144.25,144.25,143.65,143.65,50,23150
20200827,10:27,143.50,144.05,143.50,144.05,50,23150
20200827,10:28,143.50,143.50,143.50,143.50,50,23150
20200827,10:30,143.25,143.25,143.25,143.25,25,23125
20200827,10:31,143.35,143.35,143.35,143.35,25,23125
20200827,10:32,143.20,143.20,142.90,143.00,250,23300
20200827,10:33,143.00,143.00,143.00,143.00,25,23300
20200827,10:34,141.20,141.80,141.20,141.80,100,23300
20200827,10:37,142.60,142.60,142.60,142.60,25,23375
20200827,10:41,142.35,142.75,142.35,142.75,50,23400
20200827,10:43,143.40,143.40,143.40,143.40,25,23400
20200827,10:44,142.35,143.95,142.35,143.95,50,23400
20200827,10:45,144.00,144.00,144.00,144.00,25,23400
20200827,10:46,143.00,143.00,143.00,143.00,25,23400
20200827,10:49,142.15,142.85,142.15,142.85,75,23375
20200827,10:50,142.80,143.50,142.60,143.30,625,23625
20200827,10:51,143.30,143.60,142.40,142.80,1575,23625
20200827,10:52,142.50,143.00,141.90,142.95,175,23625
20200827,10:53,142.00,142.00,141.50,142.00,150,25400
20200827,10:54,141.45,141.60,141.45,141.60,75,25400
20200827,10:55,141.50,141.50,141.50,141.50,125,25400
20200827,10:56,140.80,140.80,140.80,140.80,50,25400
20200827,10:57,141.10,141.55,141.10,141.55,75,25600
20200827,10:58,141.60,141.70,140.85,140.85,150,25600
20200827,10:59,140.85,140.85,140.85,140.85,100,25600
20200827,11:00,142.60,142.60,142.60,142.60,25,25600
20200827,11:01,142.80,144.65,142.80,144.45,250,25600
20200827,11:02,145.00,145.00,144.55,144.85,925,25825
20200827,11:03,144.60,144.75,144.05,144.35,325,25825
20200827,11:04,144.30,144.30,144.30,144.30,25,25825
20200827,11:05,144.15,144.15,144.15,144.15,25,25825
20200827,11:06,144.40,144.40,144.00,144.15,175,26375
20200827,11:07,144.50,144.75,144.50,144.75,150,26375
20200827,11:08,144.50,144.50,144.50,144.50,100,26575
20200827,11:09,144.00,144.00,144.00,144.00,75,26575
20200827,11:11,142.35,142.35,142.35,142.35,25,26400
20200827,11:12,143.55,143.55,142.55,142.55,100,26400
20200827,11:13,142.70,143.30,142.70,143.30,50,26400
20200827,11:15,143.45,143.50,142.80,143.35,100,26475
20200827,11:16,143.50,143.80,143.50,143.80,75,26475
20200827,11:19,143.95,143.95,143.95,143.95,25,26325
20200827,11:20,146.30,146.40,145.00,145.00,275,26325
20200827,11:21,146.15,146.80,146.15,146.80,75,26500
20200827,11:22,146.65,146.65,146.65,146.65,50,26500
20200827,11:24,148.65,148.65,148.00,148.00,75,26500
20200827,11:25,148.90,152.00,148.90,151.10,350,26500
20200827,11:27,150.90,150.90,148.35,148.35,375,26400
20200827,11:28,148.00,148.15,147.95,148.15,125,26400
20200827,11:29,148.50,150.30,148.35,148.35,225,26500
20200827,11:30,149.95,149.95,149.95,149.95,25,26500
20200827,11:31,149.50,149.75,149.50,149.75,50,26500
20200827,11:32,149.60,149.60,148.40,148.95,100,26500
20200827,11:35,152.35,152.35,150.50,150.50,125,26525
20200827,11:36,150.55,150.55,150.50,150.55,125,26625
20200827,11:37,150.15,150.15,148.75,148.75,300,26625
20200827,11:38,148.05,148.05,148.05,148.05,25,26625
20200827,11:40,149.00,149.00,149.00,149.00,25,26775
20200827,11:45,150.00,150.00,149.50,149.50,100,26700
20200827,11:47,149.45,149.50,149.20,149.20,100,26700
20200827,11:50,149.00,149.00,149.00,149.00,50,26725
20200827,11:51,148.60,148.60,148.00,148.00,175,26775
20200827,11:53,147.55,147.55,147.55,147.55,25,26775
20200827,11:57,150.05,150.05,148.55,148.55,125,26975
20200827,11:58,147.80,147.80,147.80,147.80,25,26975
20200827,12:03,148.05,148.05,148.05,148.05,25,27000
20200827,12:04,149.00,149.15,149.00,149.15,50,27000
20200827,12:06,149.65,149.70,149.65,149.70,75,27025
20200827,12:08,149.40,151.05,149.40,151.05,925,27025
20200827,12:09,154.95,154.95,154.95,154.95,25,27700
20200827,12:10,153.55,155.60,153.55,154.80,950,27700
20200827,12:11,155.10,155.10,154.05,154.05,225,27700
20200827,12:12,156.45,157.15,156.45,157.15,75,28575
20200827,12:13,155.45,157.05,154.55,157.05,200,28575
20200827,12:14,157.05,157.05,156.00,156.00,400,28575
20200827,12:15,156.40,156.40,154.75,155.05,675,29075
20200827,12:16,154.00,154.00,154.00,154.00,25,29075
20200827,12:17,155.00,155.00,155.00,155.00,25,29075
20200827,12:18,157.10,157.35,157.10,157.35,200,28975
20200827,12:19,158.05,158.05,158.05,158.05,325,28975
20200827,12:20,157.50,157.50,157.15,157.20,100,28975
20200827,12:21,156.50,156.50,156.50,156.50,25,29400
20200827,12:22,157.00,157.95,157.00,157.95,75,29400
20200827,12:23,158.60,158.75,158.60,158.75,100,29400
20200827,12:24,158.55,160.15,158.55,158.85,1225,29550
20200827,12:25,159.85,160.50,159.60,159.60,100,29550
20200827,12:26,160.15,160.70,160.15,160.70,150,29550
20200827,12:28,159.45,160.00,159.45,160.00,50,30550
20200827,12:29,160.00,160.00,160.00,160.00,50,30550
20200827,12:30,161.50,161.50,161.50,161.50,50,30550
20200827,12:32,160.60,161.20,157.95,157.95,350,30550
20200827,12:33,157.95,157.95,155.65,155.65,450,30625
20200827,12:35,152.60,152.60,152.60,152.60,25,30625
20200827,12:36,151.60,153.45,151.60,153.05,225,30850
20200827,12:37,155.00,155.00,154.65,154.65,50,30850
20200827,12:38,155.55,156.00,155.50,155.50,150,30850
20200827,12:39,155.90,155.90,155.80,155.80,100,30900
20200827,12:40,157.00,157.00,156.70,156.70,50,30900
20200827,12:42,156.60,156.60,156.60,156.60,25,30625
20200827,12:44,156.80,156.80,156.80,156.80,25,30625
20200827,12:46,155.55,156.15,155.55,156.15,100,30650
20200827,12:47,156.75,156.85,156.70,156.85,200,30650
20200827,12:49,158.00,158.00,158.00,158.00,150,30450
20200827,12:50,158.05,158.05,157.40,157.65,150,30450
20200827,12:52,159.30,159.30,159.30,159.30,25,30625
20200827,12:53,159.00,160.00,158.75,158.75,425,30625
20200827,12:55,159.15,159.15,159.15,159.15,50,31000
20200827,12:56,160.00,161.00,160.00,161.00,200,31000
20200827,12:57,160.35,160.65,159.75,159.75,1625,31150
20200827,12:58,158.95,160.00,158.85,160.00,825,31150
20200827,12:59,158.60,160.40,158.35,160.40,625,31150
20200827,13:00,158.85,160.20,158.85,159.50,250,33550
20200827,13:01,159.20,159.20,158.70,158.70,75,33550
20200827,13:02,159.65,160.40,159.65,160.40,50,33550
20200827,13:03,159.20,159.50,158.70,159.50,350,33200
20200827,13:04,159.55,159.60,159.15,159.60,275,33200
20200827,13:05,160.90,160.90,160.90,160.90,25,33200
20200827,13:06,158.10,158.10,158.10,158.10,25,33400
20200827,13:07,157.75,157.75,157.75,157.75,25,33400
20200827,13:08,157.55,157.55,157.55,157.55,25,33400
20200827,13:10,158.00,159.00,158.00,159.00,50,33425
20200827,13:11,161.00,161.00,161.00,161.00,100,33425
20200827,13:12,162.55,163.75,161.30,163.75,225,33125
20200827,13:13,163.85,163.85,161.45,162.95,575,33125
20200827,13:14,164.30,164.30,163.00,164.00,925,33125
20200827,13:15,160.00,160.00,157.10,157.10,50,34025
20200827,13:17,159.50,159.50,159.50,159.50,25,34025
20200827,13:18,159.30,161.85,159.30,161.65,200,34025
20200827,13:19,160.00,160.00,160.00,160.00,250,34025
20200827,13:20,160.00,160.00,160.00,160.00,100,34025
20200827,13:21,159.95,160.40,159.95,160.05,225,34325
20200827,13:22,158.20,158.20,158.20,158.20,25,34325
20200827,13:23,159.95,162.95,159.00,159.00,1150,34325
20200827,13:24,161.95,162.75,161.75,162.75,125,33975
20200827,13:25,162.00,162.00,160.00,160.00,225,33975
20200827,13:26,161.55,161.95,160.65,160.75,250,33975
20200827,13:27,161.70,162.05,160.75,162.05,575,33950
20200827,13:28,162.50,162.50,160.70,160.70,625,33950
20200827,13:29,160.75,160.75,159.95,159.95,225,33950
20200827,13:30,159.90,159.90,158.55,158.55,650,34100
20200827,13:31,156.40,157.80,155.80,155.80,250,34100
20200827,13:32,155.00,155.00,153.00,153.00,475,34100
20200827,13:33,159.20,159.20,157.60,157.60,100,34550
20200827,13:34,157.20,157.20,157.00,157.00,250,34550
20200827,13:35,157.65,157.65,157.00,157.00,300,34550
20200827,13:36,157.15,157.15,156.00,156.00,200,34975
20200827,13:37,156.00,156.00,154.55,154.55,1075,34975
20200827,13:38,155.85,156.55,155.85,156.55,100,34975
20200827,13:39,159.55,159.55,159.55,159.55,250,36000
20200827,13:40,160.05,160.55,160.00,160.05,950,36000
20200827,13:41,159.80,160.10,159.80,159.85,325,36000
20200827,13:42,158.05,158.95,156.70,156.70,125,36400
20200827,13:43,159.65,160.20,159.65,159.90,1150,36400
20200827,13:44,159.00,159.00,156.95,159.00,575,36400
20200827,13:45,156.55,156.55,154.00,154.05,525,37050
20200827,13:46,154.00,154.75,154.00,154.75,50,37050
20200827,13:47,155.00,155.00,155.00,155.00,25,37050
20200827,13:49,157.00,157.00,157.00,157.00,25,37700
20200827,13:51,155.95,155.95,155.95,155.95,25,36775
20200827,13:52,156.00,156.00,156.00,156.00,125,36775
20200827,13:53,156.20,156.20,156.20,156.20,50,36775
20200827,13:54,158.05,158.05,156.05,156.05,50,36850
20200827,13:55,156.70,156.70,156.70,156.70,25,36850
20200827,13:56,160.00,160.05,160.00,160.05,650,36850
20200827,13:57,157.75,160.05,157.75,160.05,75,37375
20200827,13:58,158.20,158.20,158.20,158.20,25,37375
20200827,13:59,160.60,160.60,160.60,160.60,100,37375
20200827,14:00,157.75,161.95,157.75,161.95,75,37450
20200827,14:01,158.60,158.60,158.55,158.55,50,37450
20200827,14:02,159.75,160.70,159.75,160.00,150,37450
20200827,14:03,160.40,162.70,160.40,162.70,75,37550
20200827,14:05,162.45,163.55,162.45,163.55,50,37550
20200827,14:07,163.05,163.05,163.00,163.00,225,37575
20200827,14:09,164.05,164.05,164.05,164.05,25,37575
20200827,14:11,159.95,160.50,159.95,160.40,125,37775
20200827,14:12,160.00,160.00,160.00,160.00,75,37775
20200827,14:13,161.50,161.50,161.50,161.50,25,37775
20200827,14:16,162.95,162.95,160.80,161.90,350,37775
20200827,14:17,161.85,161.85,161.85,161.85,75,37775
20200827,14:19,157.65,158.75,157.50,158.50,1100,37825
20200827,14:20,157.10,157.10,156.70,157.05,125,37825
20200827,14:21,157.05,157.65,157.05,157.60,375,37525
20200827,14:22,158.40,159.00,158.40,159.00,225,37525
20200827,14:23,159.00,159.00,159.00,159.00,75,37525
20200827,14:24,158.60,158.60,158.60,158.60,475,37975
20200827,14:25,158.50,160.10,158.50,159.70,1150,37975
20200827,14:26,158.80,158.80,158.50,158.50,875,37975
20200827,14:29,156.00,157.00,156.00,157.00,75,40275
20200827,14:30,157.00,157.00,157.00,157.00,150,40250
20200827,14:31,156.70,156.70,156.70,156.70,25,40250
20200827,14:33,157.00,157.00,157.00,157.00,50,39250
20200827,14:34,159.25,159.25,158.30,158.30,125,39250
20200827,14:36,156.45,156.45,156.45,156.45,25,38875
20200827,14:39,157.30,158.25,157.30,158.25,125,38925
20200827,14:40,157.50,158.25,157.50,158.25,275,38925
20200827,14:41,159.95,160.10,158.80,159.85,325,38925
20200827,14:42,159.10,160.55,159.10,160.55,150,39200
20200827,14:43,161.75,163.00,161.75,162.90,275,39200
20200827,14:44,162.45,162.45,162.05,162.40,125,39200
20200827,14:45,162.05,162.40,161.10,161.45,300,39550
20200827,14:46,161.05,162.75,161.05,162.00,325,39550
20200827,14:47,162.00,162.90,161.50,162.90,250,39550
20200827,14:48,162.90,164.45,162.90,164.45,150,39550
20200827,14:49,162.70,162.70,161.15,161.15,750,40250
20200827,14:50,161.75,161.75,160.65,160.65,75,40250
20200827,14:51,160.25,160.25,159.75,159.75,75,40250
20200827,14:52,159.55,160.00,159.55,160.00,100,40175
20200827,14:53,159.70,161.50,159.50,161.50,400,40175
20200827,14:54,161.00,161.10,161.00,161.10,500,40325
20200827,14:55,161.30,162.20,160.00,160.00,900,40325
20200827,14:56,160.00,160.10,158.60,159.15,600,40325
20200827,14:57,157.50,157.50,156.25,156.25,75,40475
20200827,14:58,156.05,156.05,154.90,154.95,525,40475
20200827,14:59,154.95,155.90,154.95,155.90,600,40475
20200827,15:00,156.40,156.95,155.75,156.85,150,40475
20200827,15:01,156.85,159.15,156.10,158.05,225,40450
20200827,15:02,158.90,158.90,157.30,157.30,75,40450
20200827,15:03,156.40,156.70,155.55,156.70,150,40475
20200827,15:04,156.45,156.95,155.50,156.50,625,40475
20200827,15:05,155.85,156.55,153.05,154.05,250,40475
20200827,15:06,153.80,154.20,153.00,153.00,375,40550
20200827,15:07,152.00,152.00,149.50,151.35,1350,40550
20200827,15:08,149.60,150.10,149.60,150.10,75,40550
20200827,15:09,149.60,149.70,149.15,149.15,2150,40875
20200827,15:10,146.50,149.00,145.00,145.00,5475,40875
20200827,15:11,146.30,146.30,141.95,141.95,725,40875
20200827,15:12,142.70,142.70,141.85,141.85,175,40875
20200827,15:13,141.60,142.40,141.30,142.30,2100,41950
20200827,15:14,142.90,143.60,142.75,143.60,625,41950
20200827,15:15,143.55,143.55,142.90,143.40,325,43675
20200827,15:16,144.00,144.00,142.30,142.85,1075,43675
20200827,15:17,142.10,142.15,141.60,141.60,250,43675
20200827,15:18,141.40,142.00,141.00,141.00,1225,42950
20200827,15:19,141.00,142.00,141.00,141.95,575,42950
20200827,15:20,141.65,142.00,141.55,141.55,1775,42950
20200827,15:21,142.90,142.90,142.90,142.90,275,43450
20200827,15:22,142.00,142.75,141.75,141.75,200,43450
20200827,15:23,140.85,141.60,140.80,140.80,975,43450
20200827,15:24,141.50,142.65,140.90,141.75,175,44100
20200827,15:25,141.80,145.75,141.80,145.60,1500,44100
20200827,15:26,145.90,147.10,145.60,147.10,750,44100
20200827,15:27,147.10,147.10,145.40,146.35,850,44275
20200827,15:28,146.50,147.20,146.45,146.85,425,44275
20200827,15:29,146.85,148.05,146.10,148.05,250,44275
20200828,09:15,150.00,174.45,150.00,166.05,1001,44225
20200828,09:16,169.05,172.95,169.05,172.15,400,44225
20200828,09:17,172.15,172.20,169.20,169.20,1525,44850
20200828,09:18,169.45,170.00,168.70,169.25,800,44850
20200828,09:19,169.15,171.10,169.15,170.00,500,44850
20200828,09:20,170.25,173.60,170.25,173.60,1275,45025
20200828,09:21,172.60,176.65,172.60,174.30,500,45025
20200828,09:22,175.60,175.85,173.55,173.95,800,45025
20200828,09:23,173.80,175.10,172.75,173.00,1350,45225
20200828,09:24,173.10,173.50,170.65,173.35,1450,45225
20200828,09:25,173.95,173.95,171.70,171.70,875,45225
20200828,09:26,172.65,173.95,172.00,172.90,700,46275
20200828,09:27,173.45,174.60,172.40,173.70,3775,46275
20200828,09:28,174.65,175.55,173.65,173.95,2450,46275
20200828,09:29,174.75,177.45,174.75,175.00,2725,49700
20200828,09:30,175.00,181.75,175.00,180.60,2025,49700
20200828,09:31,180.10,182.35,180.10,181.95,3325,49700
20200828,09:32,182.90,183.55,179.45,179.45,1025,54500
20200828,09:33,179.35,179.35,176.55,176.70,1025,54500
20200828,09:34,178.15,178.40,176.20,176.50,1000,54500
20200828,09:35,176.00,176.60,174.90,174.90,625,55425
20200828,09:36,174.50,174.50,173.65,173.65,150,55425
20200828,09:37,174.15,175.75,173.55,175.75,925,55425
20200828,09:38,176.00,176.00,172.15,172.15,1100,56300
20200828,09:39,173.80,175.10,172.65,173.25,575,56300
20200828,09:40,172.30,173.55,171.45,172.10,575,56300
20200828,09:41,171.80,171.80,168.45,168.45,1375,56550
20200828,09:42,169.20,169.20,166.45,167.50,1150,56550
20200828,09:43,167.50,167.75,166.00,166.95,2775,56550
20200828,09:44,166.15,166.90,166.00,166.65,1375,57425
20200828,09:45,167.45,167.60,166.80,167.10,1075,57425
20200828,09:46,168.20,170.70,168.20,170.70,400,57425
20200828,09:47,171.70,177.60,170.95,175.30,2475,58525
20200828,09:48,174.20,174.95,173.70,174.50,900,58525
20200828,09:49,175.00,175.10,173.35,174.00,1450,58525
20200828,09:50,174.45,174.60,170.95,170.95,1125,59900
20200828,09:51,171.05,172.80,170.75,171.90,2175,59900
20200828,09:52,171.90,172.15,170.80,171.90,625,59900
20200828,09:53,171.95,171.95,170.70,170.70,800,61275
20200828,09:54,170.70,172.45,170.70,171.35,175,61275
20200828,09:55,171.85,171.85,171.05,171.50,425,61275
20200828,09:56,171.50,172.00,171.45,171.80,300,62100
20200828,09:57,172.40,172.55,170.50,170.50,1550,62100
20200828,09:58,170.00,170.70,169.05,169.05,1000,62100
20200828,09:59,169.05,169.95,167.65,169.70,4925,61000
20200828,10:00,169.50,169.60,168.75,169.10,2975,61000
20200828,10:01,169.05,170.90,168.90,170.90,525,61000
20200828,10:02,171.35,172.90,171.35,172.70,225,62475
20200828,10:03,172.00,172.35,171.20,172.35,1225,62475
20200828,10:04,172.70,173.05,170.45,173.00,950,62475
20200828,10:05,172.25,173.80,171.30,172.25,325,63550
20200828,10:06,173.00,173.00,170.00,170.05,300,63550
20200828,10:07,169.45,170.00,168.15,168.75,250,63550
20200828,10:08,168.55,170.25,167.70,170.00,1225,63675
20200828,10:09,169.95,171.55,169.05,170.45,1425,63675
20200828,10:10,170.45,171.20,169.00,169.95,1175,63675
20200828,10:11,170.25,171.05,169.50,170.95,350,63675
20200828,10:12,171.75,176.70,171.50,174.00,3125,63675
20200828,10:13,172.60,172.60,169.90,169.90,400,63675
20200828,10:14,169.25,169.35,167.30,169.20,1075,62000
20200828,10:15,169.95,169.95,167.90,167.90,450,62000
20200828,10:16,169.00,169.00,168.05,168.05,100,62000
20200828,10:17,167.60,168.00,167.60,168.00,100,60550
20200828,10:18,168.00,170.00,167.65,168.45,1525,60550
20200828,10:19,168.45,168.90,168.00,168.90,375,60550
20200828,10:20,167.85,169.20,167.70,168.05,2425,60925
20200828,10:21,167.00,168.20,166.95,168.20,725,60925
20200828,10:22,168.20,168.20,167.15,167.30,625,60925
20200828,10:23,167.00,167.05,164.95,165.15,925,63525
20200828,10:24,165.15,167.05,165.15,167.05,375,63525
20200828,10:25,167.15,169.00,167.10,168.60,600,63525
20200828,10:26,168.40,168.40,167.05,167.05,150,64200
20200828,10:27,168.45,169.70,168.45,169.60,225,64200
20200828,10:28,170.60,171.05,169.70,171.05,275,64200
20200828,10:29,171.50,180.45,171.50,178.70,1300,61550
20200828,10:30,178.80,227.25,178.40,208.60,8000,61550
20200828,10:31,207.40,218.85,204.25,217.00,8150,61550
20200828,10:32,215.70,223.25,214.75,221.75,6675,60200
20200828,10:33,219.30,219.70,207.75,213.60,4425,60200
20200828,10:34,214.15,217.20,208.85,217.20,6450,60200
20200828,10:35,218.15,237.80,217.55,232.00,6850,59850
20200828,10:36,231.85,250.25,231.85,248.55,8050,59850
20200828,10:37,250.00,252.05,237.75,240.15,5900,59850
20200828,10:38,238.95,242.75,226.20,227.55,3400,62150
20200828,10:39,226.40,234.25,226.40,232.65,2775,62150
20200828,10:40,230.40,234.95,226.95,228.15,5525,62150
20200828,10:41,227.60,229.30,222.60,223.25,5000,64475
20200828,10:42,222.35,225.25,219.00,219.80,4350,64475
20200828,10:43,220.35,222.55,217.30,219.20,5600,64475
20200828,10:44,216.15,220.45,216.15,219.05,3275,66750
20200828,10:45,218.20,219.35,215.85,219.35,3525,66750
20200828,10:46,219.95,220.70,212.50,213.05,5025,66750
20200828,10:47,213.45,219.10,213.20,216.80,3800,68625
20200828,10:48,217.00,218.00,213.40,213.40,1450,68625
20200828,10:49,215.20,218.75,213.95,218.75,1775,68625
20200828,10:50,219.80,223.00,219.05,222.15,3100,70150
20200828,10:51,223.80,231.55,221.70,221.70,4775,70150
20200828,10:52,222.35,223.65,214.05,216.00,4950,70150
20200828,10:53,216.85,216.85,214.30,215.55,1675,76000
20200828,10:54,213.20,218.95,211.55,218.60,2375,76000
20200828,10:55,218.10,221.85,218.10,219.75,1425,76000
20200828,10:56,220.45,221.25,217.85,220.15,1700,77100
20200828,10:57,220.20,221.25,219.05,219.55,1025,77100
20200828,10:58,218.95,220.50,217.60,217.85,800,77100
20200828,10:59,218.55,222.05,218.55,222.05,825,78100
20200828,11:00,220.65,226.15,220.65,224.00,550,78100
20200828,11:01,221.90,222.80,220.85,220.85,850,78100
20200828,11:02,223.55,225.40,222.40,225.40,200,77800
20200828,11:03,223.15,226.15,223.00,225.45,950,77800
20200828,11:04,226.30,228.00,226.30,228.00,275,77800
20200828,11:05,228.00,232.30,228.00,230.65,1100,77575
20200828,11:06,231.00,232.00,230.30,231.60,1225,77575
20200828,11:07,231.05,231.65,225.45,225.45,1000,77575
20200828,11:08,223.00,226.50,223.00,226.45,650,77850
20200828,11:09,225.55,228.65,225.55,228.65,450,77850
20200828,11:10,227.65,228.70,226.60,228.30,475,77850
20200828,11:11,228.70,230.00,226.25,228.55,450,77950
20200828,11:12,228.45,228.45,226.00,227.35,550,77950
20200828,11:13,225.80,228.45,225.25,228.45,250,77950
20200828,11:14,229.35,230.80,227.70,229.65,750,77925
20200828,11:15,230.80,246.95,230.80,243.80,2800,77925
20200828,11:16,242.60,248.30,240.05,240.90,3100,77925
20200828,11:17,241.75,245.40,241.70,245.40,3500,80700
20200828,11:18,245.60,248.90,245.25,247.00,3150,80700
20200828,11:19,247.35,260.30,246.65,260.30,3525,80700
20200828,11:20,260.30,260.30,251.85,256.45,475,84050
20200828,11:21,256.15,258.40,255.50,255.50,575,84050
20200828,11:22,256.00,256.40,254.10,255.55,1175,84050
20200828,11:23,255.85,257.90,254.95,254.95,875,84525
20200828,11:24,254.00,256.50,253.90,255.80,450,84525
20200828,11:25,256.65,260.25,256.30,258.00,1200,84525
20200828,11:26,259.05,259.10,253.50,253.50,1025,84575
20200828,11:27,254.75,256.00,249.10,250.00,1350,84575
20200828,11:28,248.00,250.00,248.00,250.00,1125,84575
20200828,11:29,247.45,250.05,247.45,249.20,150,85225
20200828,11:30,249.25,252.60,249.25,250.15,1250,85225
20200828,11:31,250.85,251.35,240.80,244.05,825,85225
20200828,11:32,244.40,249.00,244.35,248.05,1825,86275
20200828,11:33,247.45,249.00,247.45,248.60,250,86275
20200828,11:34,250.00,251.50,248.75,251.00,950,86275
20200828,11:35,252.10,270.00,252.10,264.05,3300,85575
20200828,11:36,264.10,267.15,262.50,266.20,900,85575
20200828,11:37,268.20,271.10,264.90,271.10,1425,85575
20200828,11:38,271.10,283.60,271.10,276.50,650,85400
20200828,11:39,280.00,295.00,280.00,293.15,2875,85400
20200828,11:40,296.00,311.65,294.85,311.65,3250,85400
20200828,11:41,312.90,312.90,302.65,305.95,2600,83900
20200828,11:42,306.25,306.90,293.60,301.55,7175,83900
20200828,11:43,304.00,311.30,300.90,302.50,2225,83900
20200828,11:44,303.95,316.45,303.95,311.70,5975,90100
20200828,11:45,314.85,325.25,314.70,320.70,14850,90100
20200828,11:46,320.60,320.60,288.85,297.80,25500,90100
20200828,11:47,298.55,304.15,290.85,296.65,10200,116100
20200828,11:48,296.45,303.75,290.95,296.70,9325,116100
20200828,11:49,297.80,305.00,296.75,303.35,4925,116100
20200828,11:50,303.10,307.95,301.15,302.65,14525,125825
20200828,11:51,303.75,317.40,303.25,309.40,10425,125825
20200828,11:52,312.60,312.60,302.75,304.70,13975,125825
20200828,11:53,304.50,305.00,293.15,293.15,5675,144500
20200828,11:54,292.85,297.65,290.60,297.30,3675,144500
20200828,11:55,296.80,300.10,296.75,300.10,1300,144500
20200828,11:56,300.00,303.70,296.55,299.75,2450,145675
20200828,11:57,298.05,299.05,296.50,298.00,275,145675
20200828,11:58,298.00,298.15,294.25,296.75,1100,145675
20200828,11:59,300.00,306.50,299.50,303.35,1850,144675
20200828,12:00,303.30,303.60,296.25,298.50,1375,144675
20200828,12:01,298.70,298.90,295.00,297.50,1575,144675
20200828,12:02,296.75,300.95,293.00,293.05,2775,132750
20200828,12:03,292.40,294.50,287.75,293.70,2600,132750
20200828,12:04,296.80,297.70,294.20,296.90,1625,132750
20200828,12:05,298.00,300.00,296.30,300.00,1300,135300
20200828,12:06,302.85,307.00,299.05,304.55,1800,135300
20200828,12:07,303.95,303.95,301.95,302.40,375,135300
20200828,12:08,302.85,305.00,302.60,303.35,625,134875
20200828,12:09,303.65,306.60,300.95,303.35,1750,134875
20200828,12:10,303.15,309.10,302.75,306.90,1400,134875
20200828,12:11,310.00,315.75,310.00,313.85,3875,136050
20200828,12:12,312.50,314.25,305.75,307.50,1025,136050
20200828,12:13,307.25,307.75,303.75,306.55,1500,136050
20200828,12:14,307.45,307.45,296.20,300.40,1450,136025
20200828,12:15,301.00,301.70,287.70,293.10,1225,136025
20200828,12:16,293.70,297.05,290.85,290.85,1275,136025
20200828,12:17,291.90,291.90,282.90,285.00,1250,136800
20200828,12:18,287.25,287.25,281.20,282.85,1075,136800
20200828,12:19,285.35,293.40,285.35,291.25,1475,136800
20200828,12:20,292.25,294.25,289.35,289.35,400,137325
20200828,12:21,289.20,291.50,288.05,289.40,675,137325
20200828,12:22,288.85,288.85,278.95,285.40,2400,137325
20200828,12:23,285.90,286.70,272.30,275.30,3300,137725
20200828,12:24,276.25,277.75,275.55,275.55,925,137725
20200828,12:25,275.30,277.75,267.95,277.70,1150,137725
20200828,12:26,277.95,282.35,277.95,280.00,1250,138000
20200828,12:27,281.55,288.60,280.85,284.90,775,138000
20200828,12:28,284.90,284.90,274.25,274.25,1025,138000
20200828,12:29,274.25,277.50,269.65,271.65,900,138850
20200828,12:30,271.30,271.30,265.95,269.10,1275,138850
20200828,12:31,268.90,272.65,265.80,265.80,475,138850
20200828,12:32,265.30,267.40,262.00,266.40,2050,138850
20200828,12:33,265.40,272.75,264.65,270.00,525,139125
20200828,12:34,272.95,277.60,272.90,272.90,1300,139125
20200828,12:35,272.25,272.25,268.85,269.30,1725,139175
20200828,12:36,268.25,271.55,268.25,271.40,675,139175
20200828,12:37,271.50,271.50,253.90,257.80,1650,139175
20200828,12:38,258.05,263.10,258.05,262.45,600,139575
20200828,12:39,263.30,266.80,260.15,263.00,2175,139575
20200828,12:40,261.80,261.80,257.00,261.30,1500,139575
20200828,12:41,261.40,261.85,253.45,257.05,1350,138800
20200828,12:42,255.75,261.95,255.35,260.55,950,138800
20200828,12:43,260.80,260.80,257.40,259.65,125,138800
20200828,12:44,260.00,265.00,257.00,257.50,1175,138900
20200828,12:45,258.40,258.40,250.55,257.05,2675,138900
20200828,12:46,258.35,261.00,255.85,256.10,1400,138900
20200828,12:47,254.80,259.00,254.80,254.80,425,138900
20200828,12:48,257.40,260.00,255.55,258.75,450,139325
20200828,12:49,260.00,268.90,258.35,267.55,1200,139325
20200828,12:50,269.05,269.05,260.05,261.05,900,139325
20200828,12:51,261.25,261.25,259.50,259.50,525,139250
20200828,12:52,256.85,259.10,256.30,257.75,500,139250
20200828,12:53,255.00,257.70,255.00,255.95,325,139250
20200828,12:54,257.40,261.10,257.40,261.10,225,139700
20200828,12:55,259.90,259.90,254.35,258.50,550,139700
20200828,12:56,258.70,259.20,258.05,259.20,200,139700
20200828,12:57,257.55,257.55,254.75,256.40,900,140100
20200828,12:58,257.45,258.30,255.95,258.30,375,140100
20200828,12:59,257.35,258.50,256.45,256.45,300,140100
20200828,13:00,256.25,256.60,253.65,255.80,800,140100
20200828,13:01,253.80,254.40,249.15,249.35,1550,140100
20200828,13:02,250.25,254.80,249.75,252.20,475,140100
20200828,13:03,252.20,252.20,243.90,245.10,650,139875
20200828,13:04,245.50,247.50,245.50,247.15,550,139875
20200828,13:05,247.00,247.00,236.35,239.80,2425,139875
20200828,13:06,239.35,240.80,237.10,239.00,975,140350
20200828,13:07,238.15,239.05,236.10,236.10,3575,140350
20200828,13:08,234.65,238.20,234.20,237.60,925,140350
20200828,13:09,238.50,241.90,238.25,238.25,725,140200
20200828,13:10,237.55,237.55,227.25,231.50,3075,140200
20200828,13:11,232.10,233.40,230.80,233.40,2275,140200
20200828,13:12,232.30,239.45,232.30,239.00,950,139750
20200828,13:13,239.55,240.30,237.60,239.60,500,139750
20200828,13:14,240.90,245.95,240.90,244.10,250,139750
20200828,13:15,241.35,242.55,239.25,240.80,650,139800
20200828,13:16,241.40,248.15,241.40,247.15,1100,139800
20200828,13:17,247.45,256.90,246.45,256.80,1250,139800
20200828,13:18,254.95,256.25,253.60,253.95,1675,140500
20200828,13:19,252.85,255.00,252.20,253.35,450,140500
20200828,13:20,254.00,254.00,245.80,248.85,1100,140500
20200828,13:21,249.45,250.00,246.60,247.50,800,141525
20200828,13:22,245.70,246.50,244.95,246.50,775,141525
20200828,13:23,246.95,250.90,246.95,250.35,375,141525
20200828,13:24,254.65,256.15,253.45,254.65,400,141825
20200828,13:25,255.15,255.15,250.75,252.55,650,141825
20200828,13:26,252.90,254.95,251.95,251.95,575,141825
20200828,13:27,250.45,253.25,249.20,252.75,400,141625
20200828,13:28,252.60,252.60,248.70,248.70,525,141625
20200828,13:29,248.90,257.30,248.90,256.00,1075,141625
20200828,13:30,255.70,255.70,251.65,252.00,400,142150
20200828,13:31,252.05,252.75,250.25,251.25,950,142150
20200828,13:32,251.45,251.45,246.30,247.70,950,142150
20200828,13:33,248.80,253.00,248.80,253.00,50,143175
20200828,13:34,252.45,252.45,249.35,250.95,250,143175
20200828,13:35,251.35,255.50,251.35,253.65,625,143175
20200828,13:36,255.05,258.50,254.85,257.35,550,143525
20200828,13:37,258.55,261.45,258.10,260.00,1075,143525
20200828,13:38,260.50,273.60,260.50,268.35,1775,143525
20200828,13:39,270.00,273.05,270.00,272.65,475,144475
20200828,13:40,275.95,277.60,275.00,277.45,1875,144475
20200828,13:41,279.55,286.45,279.55,284.35,1275,144475
20200828,13:42,284.50,286.05,281.70,284.00,600,144850
20200828,13:43,283.00,287.80,283.00,286.75,725,144850
20200828,13:44,287.95,288.05,285.20,285.80,375,144850
20200828,13:45,287.60,291.00,286.80,288.35,400,144525
20200828,13:46,287.40,288.70,286.85,287.00,450,144525
20200828,13:47,283.20,284.85,281.40,284.75,450,144525
20200828,13:48,282.80,282.80,280.00,280.00,275,145225
20200828,13:49,281.85,283.95,281.85,283.95,125,145225
20200828,13:50,285.50,285.50,284.85,285.50,400,145225
20200828,13:51,285.75,292.70,285.75,289.75,1225,145250
20200828,13:52,289.00,289.00,283.00,286.70,1550,145250
20200828,13:53,287.00,287.00,280.35,283.60,775,145250
20200828,13:54,284.40,287.05,284.40,286.00,225,146625
20200828,13:55,289.15,289.15,287.00,287.25,150,146625
20200828,13:56,286.65,286.65,281.35,281.95,2875,146625
20200828,13:57,281.85,287.60,281.85,287.60,1450,148125
20200828,13:58,285.60,285.75,277.35,283.00,6225,148125
20200828,13:59,282.85,285.60,282.85,284.45,3900,148125
20200828,14:00,285.00,292.00,285.00,292.00,4025,156125
20200828,14:01,290.00,290.00,281.95,282.75,2900,156125
20200828,14:02,283.90,284.00,281.25,282.00,1025,156125
20200828,14:03,282.80,282.80,269.00,271.80,10850,160975
20200828,14:04,271.60,275.10,268.95,268.95,3750,160975
20200828,14:05,270.05,270.05,260.00,261.65,13700,160975
20200828,14:06,261.70,269.40,260.45,269.35,10400,181175
20200828,14:07,268.40,268.40,265.90,265.95,850,181175
20200828,14:08,267.65,268.35,265.00,267.65,475,181175
20200828,14:09,266.00,271.00,264.60,267.65,3150,190150
20200828,14:10,265.15,268.55,260.85,267.15,5125,190150
20200828,14:11,268.95,271.50,268.50,271.50,425,190150
20200828,14:12,270.30,276.35,268.10,274.20,500,194800
20200828,14:13,275.75,280.90,275.75,279.70,1975,194800
20200828,14:14,277.60,284.75,277.60,283.45,275,194800
20200828,14:15,282.80,302.95,282.75,298.10,3050,191975
20200828,14:16,299.10,299.10,289.55,291.60,11150,191975
20200828,14:17,293.45,293.70,287.65,292.65,7600,191975
20200828,14:18,292.25,296.00,287.80,288.45,7325,206225
20200828,14:19,289.55,289.95,283.20,286.25,6075,206225
20200828,14:20,285.60,289.20,285.55,285.55,1550,206225
20200828,14:21,284.50,288.70,279.25,279.25,6850,216600
20200828,14:22,282.00,284.40,280.00,280.00,3025,216600
20200828,14:23,281.45,285.45,281.00,285.00,400,216600
20200828,14:24,283.70,283.70,281.90,282.70,125,206925
20200828,14:25,282.60,294.00,282.60,290.45,1925,206925
20200828,14:26,290.25,295.20,289.40,293.30,2300,206925
20200828,14:27,295.15,296.65,293.00,293.00,550,207700
20200828,14:28,295.40,295.40,286.20,289.45,5425,207700
20200828,14:29,291.95,291.95,289.35,289.35,75,207700
20200828,14:30,290.00,304.85,290.00,297.10,4075,211500
20200828,14:31,298.80,305.40,297.55,304.40,2600,211500
20200828,14:32,304.10,304.10,296.95,298.90,15575,211500
20200828,14:33,300.30,303.20,297.60,302.00,16800,226150
20200828,14:34,302.00,303.35,298.25,299.55,7075,226150
20200828,14:35,299.80,305.35,299.80,302.50,2225,226150
20200828,14:36,302.05,303.35,294.70,298.90,4475,238625
20200828,14:37,300.00,301.20,296.45,299.35,6525,238625
20200828,14:38,299.55,302.00,296.00,298.75,7650,238625
20200828,14:39,298.35,298.60,289.95,297.00,17575,248275
20200828,14:40,294.45,296.85,280.55,281.05,21025,248275
20200828,14:41,282.25,285.70,275.55,277.20,3250,248275
20200828,14:42,279.90,284.25,277.50,282.35,2300,268575
20200828,14:43,282.20,288.45,280.55,287.70,1450,268575
20200828,14:44,286.35,292.15,286.35,291.55,1100,268575
20200828,14:45,295.70,298.00,291.65,292.05,1800,269075
20200828,14:46,292.00,294.80,291.20,294.80,575,269075
20200828,14:47,295.15,297.65,295.15,296.40,1250,269075
20200828,14:48,295.60,296.00,293.50,293.60,450,270000
20200828,14:49,293.00,293.45,289.90,292.30,1225,270000
20200828,14:50,293.05,303.30,293.05,303.30,1800,270000
20200828,14:51,300.60,301.45,298.50,300.00,900,270450
20200828,14:52,301.15,303.20,297.60,303.20,1775,270450
20200828,14:53,301.30,302.60,300.35,302.20,475,270450
20200828,14:54,303.30,303.30,297.75,299.00,475,271925
20200828,14:55,299.55,303.00,299.55,302.90,1150,271925
20200828,14:56,301.55,302.90,298.15,300.35,950,271925
20200828,14:57,302.00,305.05,301.00,305.05,1200,271975
20200828,14:58,303.40,303.40,301.20,301.80,625,271975
20200828,14:59,302.75,304.20,302.75,303.50,575,271975
20200828,15:00,303.50,303.50,298.45,301.75,3475,271625
20200828,15:01,302.05,302.60,300.55,302.40,1275,271625
20200828,15:02,302.15,302.15,294.60,298.40,1400,271625
20200828,15:03,298.80,298.80,295.05,295.45,950,272150
20200828,15:04,294.85,299.00,293.15,299.00,1000,272150
20200828,15:05,299.10,299.10,296.40,296.75,1275,272150
20200828,15:06,297.40,299.55,296.25,299.10,475,272975
20200828,15:07,299.00,299.30,295.45,297.00,2200,272975
20200828,15:08,298.95,315.60,298.95,314.20,3875,272975
20200828,15:09,314.20,330.25,310.95,330.25,3275,273175
20200828,15:10,327.10,332.60,320.00,329.75,1750,273175
20200828,15:11,331.20,344.05,329.40,339.90,4275,273175
20200828,15:12,338.40,339.50,330.40,332.65,1400,273600
20200828,15:13,334.05,336.05,330.40,336.00,4175,273600
20200828,15:14,333.80,336.55,332.55,334.25,2600,273600
20200828,15:15,336.80,338.25,333.30,334.85,3450,275125
20200828,15:16,334.90,334.90,328.95,329.95,12025,275125
20200828,15:17,330.40,335.75,330.40,333.75,3500,275125
20200828,15:18,333.35,338.15,331.95,338.00,2100,284575
20200828,15:19,338.05,348.85,338.05,345.00,3900,284575
20200828,15:20,347.35,354.90,340.00,354.90,9775,284575
20200828,15:21,356.65,379.80,356.20,373.20,10900,293225
20200828,15:22,375.65,379.60,373.55,377.90,5100,293225
20200828,15:23,377.05,382.60,371.65,379.75,8650,293225
20200828,15:24,377.65,381.50,376.50,380.00,4750,304500
20200828,15:25,380.45,394.85,377.75,384.40,4400,304500
20200828,15:26,385.40,392.75,383.80,392.55,2700,304500
20200828,15:27,393.25,394.05,388.65,391.35,3875,305925
20200828,15:28,393.80,397.50,390.85,394.00,3100,305925
20200828,15:29,394.00,396.95,387.55,396.95,3900,305925
20200828,15:30,388.20,388.20,388.20,388.20,25,305925
20200831,09:15,499.85,675.80,499.85,673.65,11676,305875
20200831,09:16,665.75,688.00,655.70,663.55,13200,305875
20200831,09:17,663.55,674.20,653.45,656.20,24175,304850
20200831,09:18,654.90,663.95,646.70,660.00,14100,304850
20200831,09:19,660.00,688.85,657.75,688.85,7550,304850
20200831,09:20,684.00,713.05,684.00,709.85,10300,327750
20200831,09:21,708.40,709.80,669.00,682.35,19350,327750
20200831,09:22,683.30,683.30,655.00,668.70,20925,327750
20200831,09:23,667.15,686.75,648.25,648.25,22400,339925
20200831,09:24,642.30,670.00,639.90,666.10,34350,339925
20200831,09:25,667.65,667.65,600.90,620.00,50550,339925
20200831,09:26,624.15,634.95,620.05,623.80,15175,295850
20200831,09:27,621.85,624.65,614.80,624.65,12475,295850
20200831,09:28,623.85,624.95,580.70,597.15,46200,295850
20200831,09:29,594.40,594.40,564.65,586.60,35475,262675
20200831,09:30,586.65,586.65,564.55,581.65,32175,262675
20200831,09:31,583.35,610.85,583.35,597.65,41725,262675
20200831,09:32,600.45,600.80,570.40,577.30,20875,231050
20200831,09:33,579.00,591.50,571.05,572.10,14225,231050
20200831,09:34,575.00,576.85,551.20,556.45,17300,231050
20200831,09:35,553.20,566.25,545.45,558.85,11525,222625
20200831,09:36,563.00,586.70,558.80,574.05,18525,222625
20200831,09:37,574.60,575.60,561.50,565.95,23375,222625
20200831,09:38,570.30,574.55,559.70,559.70,22550,202750
20200831,09:39,559.95,569.40,555.00,556.40,16225,202750
20200831,09:40,558.85,566.45,550.00,553.55,8225,202750
20200831,09:41,550.05,556.70,550.00,550.15,3125,186100
20200831,09:42,550.15,552.95,546.50,546.50,4400,186100
20200831,09:43,546.75,550.25,542.55,549.50,2200,186100
20200831,09:44,547.65,563.25,547.05,562.35,3725,165150
20200831,09:45,564.65,564.65,546.60,548.05,1750,165150
20200831,09:46,547.15,547.50,528.00,533.30,4700,165150
20200831,09:47,530.65,534.80,526.70,533.40,4850,164175
20200831,09:48,535.00,535.55,516.70,516.70,4150,164175
20200831,09:49,514.95,529.55,514.40,518.75,1900,164175
20200831,09:50,518.30,520.70,513.90,520.70,3000,165550
20200831,09:51,521.85,524.50,501.05,501.05,4375,165550
20200831,09:52,501.55,505.40,491.95,500.60,4300,165550
20200831,09:53,500.15,518.95,499.80,509.75,4650,162875
20200831,09:54,508.65,510.00,505.60,507.35,4700,162875
20200831,09:55,508.65,508.75,503.85,504.70,7575,162875
20200831,09:56,504.55,504.55,495.85,496.15,1375,166750
20200831,09:57,495.60,495.75,488.85,495.75,1025,166750
20200831,09:58,495.55,503.80,495.20,495.70,2550,166750
20200831,09:59,496.70,500.55,495.90,497.60,1475,165950
20200831,10:00,496.35,496.35,460.45,460.45,6400,165950
20200831,10:01,460.45,477.80,460.45,470.00,6325,165950
20200831,10:02,468.00,468.75,462.15,465.95,2125,158925
20200831,10:03,465.40,465.40,442.75,459.60,3150,158925
20200831,10:04,460.20,464.10,451.65,453.30,2400,158925
20200831,10:05,450.00,450.00,440.15,443.30,3975,159325
20200831,10:06,440.00,443.45,433.60,435.70,2250,159325
20200831,10:07,426.00,438.70,426.00,438.70,1275,159325
20200831,10:08,437.10,449.60,435.00,449.60,2775,159700
20200831,10:09,448.45,448.95,435.00,436.75,2475,159700
20200831,10:10,436.10,439.80,432.40,433.85,2525,159700
20200831,10:11,434.00,437.50,427.05,435.95,1850,159675
20200831,10:12,436.65,437.75,432.15,432.15,1500,159675
20200831,10:13,431.45,434.15,427.20,432.60,1650,159675
20200831,10:14,432.40,435.00,429.40,432.70,1775,159750
20200831,10:15,432.15,433.10,426.10,427.00,2050,159750
20200831,10:16,426.50,426.50,410.00,415.00,2125,159750
20200831,10:17,413.60,417.65,410.65,412.25,1575,158900
20200831,10:18,415.35,415.35,391.55,395.70,2650,158900
20200831,10:19,396.20,398.85,381.40,383.25,4025,158900
20200831,10:20,383.90,383.90,361.30,378.70,10825,158850
20200831,10:21,368.65,378.65,366.90,378.65,2675,158850
20200831,10:22,378.60,399.20,376.40,395.65,16225,158850
20200831,10:23,395.40,396.30,388.95,395.75,3650,163325
20200831,10:24,394.85,406.05,394.85,405.65,5250,163325
20200831,10:25,407.85,428.65,407.85,427.45,5925,163325
20200831,10:26,428.00,428.00,417.80,426.00,2575,165600
20200831,10:27,426.60,439.90,423.80,439.90,2150,165600
20200831,10:28,438.90,438.90,429.70,430.60,2250,165600
20200831,10:29,428.85,434.95,428.10,428.60,2575,163725
20200831,10:30,429.40,429.40,415.30,423.10,3550,163725
20200831,10:31,420.65,428.10,420.60,428.10,1950,163725
20200831,10:32,430.85,430.85,419.15,419.15,1125,162450
20200831,10:33,418.65,426.40,413.00,423.85,3150,162450
20200831,10:34,423.30,428.35,421.75,423.95,1250,162450
20200831,10:35,421.20,421.20,407.45,412.15,1975,163150
20200831,10:36,410.05,419.50,410.05,417.65,9875,163150
20200831,10:37,420.00,426.20,416.70,422.50,2350,163150
20200831,10:38,422.45,426.20,418.00,421.65,12525,158300
20200831,10:39,422.40,430.75,421.75,427.95,1325,158300
20200831,10:40,424.20,430.00,422.50,424.70,7975,158300
20200831,10:41,424.45,430.55,424.35,428.05,2350,155850
20200831,10:42,428.40,432.45,426.65,431.10,8950,155850
20200831,10:43,430.80,430.80,420.50,430.00,2950,155850
20200831,10:44,429.50,429.50,425.60,425.80,7850,154400
20200831,10:45,425.85,428.25,418.30,420.65,9175,154400
20200831,10:46,422.90,430.40,421.10,430.00,1425,154400
20200831,10:47,427.35,428.10,423.60,423.60,700,148275
20200831,10:48,425.60,426.55,417.40,418.65,1500,148275
20200831,10:49,419.80,419.80,409.90,412.80,1075,148275
20200831,10:50,410.95,415.00,381.85,381.85,4175,146425
20200831,10:51,383.25,390.95,383.25,383.25,2300,146425
20200831,10:52,383.65,383.65,372.95,383.00,1550,146425
20200831,10:53,383.30,387.20,378.25,384.35,1675,147950
20200831,10:54,384.15,386.95,381.10,385.55,1775,147950
20200831,10:55,387.85,404.70,387.85,402.00,1500,147950
20200831,10:56,401.75,405.95,399.00,404.55,2250,147350
20200831,10:57,403.15,414.45,401.75,412.55,1650,147350
20200831,10:58,412.60,416.45,404.00,409.40,1725,147350
20200831,10:59,409.00,414.85,407.30,408.50,525,147150
20200831,11:00,406.05,412.90,403.60,412.00,1325,147150
20200831,11:01,414.45,414.45,405.30,406.30,1300,147150
20200831,11:02,405.35,405.35,391.90,403.90,1925,143925
20200831,11:03,404.35,409.35,402.05,409.35,450,143925
20200831,11:04,409.05,409.05,383.30,393.75,1650,143925
20200831,11:05,385.50,391.40,374.00,391.40,2200,143400
20200831,11:06,391.30,400.35,391.30,394.75,1075,143400
20200831,11:07,398.00,398.00,390.45,395.80,1900,143400
20200831,11:08,393.65,398.75,392.80,394.90,800,143325
20200831,11:09,394.15,401.95,394.15,396.30,1125,143325
20200831,11:10,394.30,394.90,389.65,391.30,650,143325
20200831,11:11,391.55,396.75,383.15,389.65,550,139575
20200831,11:12,386.40,386.40,362.55,372.70,3225,139575
20200831,11:13,372.70,375.40,366.55,374.65,1750,139575
20200831,11:14,376.75,376.90,356.90,361.65,1575,139150
20200831,11:15,358.50,366.85,352.75,366.85,4300,139150
20200831,11:16,365.55,370.25,358.90,362.70,1600,139150
20200831,11:17,361.65,371.25,358.05,371.25,1750,141400
20200831,11:18,368.30,368.30,351.05,355.90,3775,141400
20200831,11:19,357.00,359.15,343.10,343.70,3525,141400
20200831,11:20,342.05,344.10,328.00,333.20,5225,143675
20200831,11:21,336.55,351.90,336.55,343.80,2075,143675
20200831,11:22,347.05,350.30,345.35,349.65,2200,143675
20200831,11:23,347.45,350.25,340.55,345.60,2150,142750
20200831,11:24,345.05,353.80,345.05,353.00,2025,142750
20200831,11:25,352.35,352.75,342.00,343.45,4375,142750
20200831,11:26,343.35,350.00,341.30,341.30,2450,143675
20200831,11:27,339.45,344.50,336.70,341.50,2350,143675
20200831,11:28,338.75,343.90,336.15,339.45,1525,143675
20200831,11:29,342.00,344.00,338.00,338.35,500,140525
20200831,11:30,336.40,338.85,333.00,333.90,1575,140525
20200831,11:31,332.50,339.60,330.00,330.00,6350,140525
20200831,11:32,329.35,337.15,329.35,333.35,11100,145675
20200831,11:33,333.20,333.20,315.30,320.75,7700,145675
20200831,11:34,317.20,317.95,312.55,315.95,13900,145675
20200831,11:35,315.35,315.35,291.05,298.20,14125,159300
20200831,11:36,297.40,299.65,291.05,298.15,13075,159300
20200831,11:37,298.20,299.60,278.75,278.75,6600,159300
20200831,11:38,281.35,288.65,280.65,283.85,9125,167650
20200831,11:39,282.65,299.45,282.65,294.20,36575,167650
20200831,11:40,295.80,297.85,286.65,296.10,14800,167650
20200831,11:41,297.95,302.70,296.45,296.45,9375,190025
20200831,11:42,297.00,303.80,293.25,298.15,20125,190025
20200831,11:43,298.95,298.95,286.20,294.50,8100,190025
20200831,11:44,291.25,293.75,278.80,280.95,4625,196525
20200831,11:45,281.75,293.65,271.15,290.25,20025,196525
20200831,11:46,291.00,292.60,280.15,284.00,9800,196525
20200831,11:47,285.00,289.85,277.30,284.35,14800,207175
20200831,11:48,283.15,286.65,275.50,286.65,11050,207175
20200831,11:49,287.00,292.20,277.00,278.85,15550,207175
20200831,11:50,278.95,291.25,277.80,291.25,14525,218275
20200831,11:51,293.40,293.40,281.65,288.70,4425,218275
20200831,11:52,288.65,301.00,287.25,298.15,3200,218275
20200831,11:53,302.65,314.70,300.00,309.80,7150,218450
20200831,11:54,314.30,319.95,304.60,313.95,1700,218450
20200831,11:55,315.70,315.85,305.20,308.65,1525,218450
20200831,11:56,307.90,314.70,307.90,314.70,1700,217000
20200831,11:57,317.45,317.45,302.00,304.20,11525,217000
20200831,11:58,306.00,310.65,305.55,310.50,7275,217000
20200831,11:59,310.65,316.25,306.25,306.25,8250,212850
20200831,12:00,297.95,300.30,291.85,293.75,3400,212850
20200831,12:01,295.90,301.95,292.90,301.60,2575,212850
20200831,12:02,299.55,305.40,296.20,296.20,1025,211050
20200831,12:03,297.60,306.65,297.60,302.30,1075,211050
20200831,12:04,298.65,320.00,296.05,319.95,925,211050
20200831,12:05,317.15,317.80,307.15,312.00,1550,210900
20200831,12:06,316.85,320.10,313.15,318.80,850,210900
20200831,12:07,317.10,318.10,312.25,312.40,600,210900
20200831,12:08,312.30,317.60,309.40,316.25,1675,209325
20200831,12:09,315.40,329.50,315.40,327.60,1675,209325
20200831,12:10,327.90,328.75,322.35,326.15,1300,209325
20200831,12:11,325.10,327.00,317.95,322.10,1950,208750
20200831,12:12,320.95,329.10,320.95,325.85,950,208750
20200831,12:13,326.90,331.35,323.55,329.45,1450,208750
20200831,12:14,330.85,337.40,327.00,329.45,1825,202925
20200831,12:15,329.45,329.80,323.80,329.35,425,202925
20200831,12:16,330.00,332.00,326.25,332.00,700,202925
20200831,12:17,334.80,346.20,333.20,343.40,1975,202925
20200831,12:18,345.55,346.00,340.00,340.00,875,202700
20200831,12:19,341.90,349.75,339.35,349.00,2725,202700
20200831,12:20,350.00,350.00,337.50,341.75,1600,203625
20200831,12:21,344.00,344.00,331.70,334.20,400,203625
20200831,12:22,335.00,339.60,335.00,339.60,100,203625
20200831,12:23,342.30,342.30,341.00,341.00,675,203625
20200831,12:24,333.05,333.25,319.55,322.15,950,202075
20200831,12:25,324.00,324.00,308.90,312.15,1125,202075
20200831,12:26,314.50,316.85,313.00,313.80,400,202075
20200831,12:27,314.45,317.80,313.10,314.60,900,202550
20200831,12:28,317.00,322.00,314.55,316.05,825,202550
20200831,12:29,315.65,320.00,311.30,320.00,800,202200
20200831,12:30,317.35,317.35,304.80,308.95,2100,202200
20200831,12:31,306.95,315.60,306.95,314.15,600,202200
20200831,12:32,316.05,316.95,305.80,316.95,925,202200
20200831,12:33,315.90,319.25,315.90,318.35,325,201350
20200831,12:34,318.35,326.75,318.00,322.65,775,201350
20200831,12:35,323.00,329.75,321.95,321.95,350,201350
20200831,12:36,328.70,328.70,321.10,321.10,575,200750
20200831,12:37,318.50,323.10,316.25,323.10,775,200750
20200831,12:38,319.85,319.85,314.75,316.95,725,200150
20200831,12:39,319.25,320.00,316.85,317.85,300,200150
20200831,12:40,316.30,316.40,313.65,315.35,250,200150
20200831,12:41,313.25,315.00,313.25,315.00,300,200150
20200831,12:42,319.45,321.20,318.40,318.40,450,200150
20200831,12:43,319.65,324.35,319.45,323.65,300,200150
20200831,12:44,317.50,317.50,315.80,315.80,175,200150
20200831,12:45,319.95,319.95,315.85,317.25,175,200275
20200831,12:46,315.35,315.35,308.30,308.95,175,200275
20200831,12:47,310.40,310.85,305.05,305.05,325,200275
20200831,12:48,304.05,309.30,304.05,308.25,225,200275
20200831,12:49,308.55,308.55,301.85,305.75,300,200275
20200831,12:50,305.80,305.95,300.00,305.95,400,200275
20200831,12:51,305.15,308.75,305.15,307.15,225,200050
20200831,12:52,305.40,310.15,303.55,310.15,375,200050
20200831,12:53,306.90,306.90,305.00,305.00,775,200050
20200831,12:54,304.00,306.10,302.10,305.55,725,200700
20200831,12:55,304.05,304.05,294.05,295.45,1800,200700
20200831,12:56,294.85,299.75,293.60,298.10,2750,200700
20200831,12:57,298.75,303.15,297.60,299.00,7200,200400
20200831,12:58,299.05,299.10,283.10,284.10,1800,200400
20200831,12:59,280.00,298.60,275.00,291.20,12000,200400
20200831,13:00,289.00,289.00,273.35,279.90,6700,195200
20200831,13:01,279.90,287.15,278.45,282.10,10500,195200
20200831,13:02,275.85,275.85,258.65,267.75,8875,195200
20200831,13:03,268.10,272.10,259.60,269.00,13575,191125
20200831,13:04,267.15,271.75,262.85,266.70,11525,191125
20200831,13:05,268.65,273.35,265.60,273.35,13100,191125
20200831,13:06,271.00,282.55,267.30,278.95,52625,189050
20200831,13:07,281.60,282.60,273.35,276.50,3175,189050
20200831,13:08,274.05,280.00,273.90,276.25,10975,189050
20200831,13:09,275.40,280.65,270.05,272.20,6075,182775
20200831,13:10,271.40,271.80,263.25,266.95,1475,182775
20200831,13:11,268.15,277.25,266.85,274.15,16275,182775
20200831,13:12,274.30,282.55,270.60,282.05,12675,171350
20200831,13:13,281.40,284.30,276.70,281.00,3075,171350
20200831,13:14,281.00,286.15,279.20,286.15,1275,171350
20200831,13:15,284.10,284.10,267.95,270.25,2175,169700
20200831,13:16,269.50,269.75,258.25,264.65,3425,169700
20200831,13:17,265.05,267.95,262.20,267.15,2700,169700
20200831,13:18,267.90,270.45,260.85,260.85,3025,169050
20200831,13:19,260.00,267.80,260.00,266.00,3950,169050
20200831,13:20,266.35,266.35,248.80,250.75,2425,169050
20200831,13:21,249.75,253.90,249.35,250.00,1775,167825
20200831,13:22,250.50,260.95,250.35,260.75,1750,167825
20200831,13:23,259.70,269.00,255.05,269.00,2950,167825
20200831,13:24,268.85,280.70,265.95,275.15,3525,163400
20200831,13:25,274.80,279.10,270.95,271.30,6175,163400
20200831,13:26,272.60,278.15,272.50,276.00,3300,163400
20200831,13:27,276.05,284.30,274.20,283.25,2150,163425
20200831,13:28,280.05,280.55,272.25,274.25,3125,163425
20200831,13:29,277.05,278.25,266.65,266.65,2200,163425
20200831,13:30,266.90,273.70,262.15,269.50,5200,162200
20200831,13:31,271.60,272.35,266.95,268.85,1950,162200
20200831,13:32,268.60,272.90,268.35,270.00,1200,162200
20200831,13:33,268.75,270.70,265.90,266.50,1025,161550
20200831,13:34,268.70,268.70,262.35,263.60,800,161550
20200831,13:35,266.90,270.60,266.90,268.20,1650,161550
20200831,13:36,265.50,267.95,265.25,266.55,450,161400
20200831,13:37,266.30,270.40,266.30,270.40,950,161400
20200831,13:38,270.15,270.40,267.50,269.50,875,161400
20200831,13:39,266.25,283.10,266.25,278.75,2050,161400
20200831,13:40,275.00,275.40,267.60,270.15,2550,161400
20200831,13:41,266.80,269.65,261.45,263.55,4975,161400
20200831,13:42,265.35,277.00,265.35,269.55,4725,162975
20200831,13:43,270.05,274.50,265.80,273.60,3000,162975
20200831,13:44,274.00,278.65,270.90,276.00,6725,162975
20200831,13:45,276.40,278.15,269.80,277.55,4875,161750
20200831,13:46,276.65,284.85,274.80,282.05,6425,161750
20200831,13:47,282.55,294.55,281.35,288.40,17575,161750
20200831,13:48,288.95,289.00,281.05,282.00,11325,161950
20200831,13:49,280.00,280.50,274.05,275.05,2600,161950
20200831,13:50,274.75,287.25,273.95,285.05,7850,161950
20200831,13:51,287.05,287.05,278.35,286.10,9100,160700
20200831,13:52,288.05,289.95,278.50,278.50,8450,160700
20200831,13:53,277.20,285.30,277.20,285.30,2325,160700
20200831,13:54,283.40,289.80,280.50,287.20,4075,158875
20200831,13:55,285.80,288.65,278.80,284.75,1475,158875
20200831,13:56,285.65,285.65,276.95,277.10,1200,158875
20200831,13:57,275.10,276.40,270.15,275.60,1100,160100
20200831,13:58,274.70,277.50,268.05,277.50,1475,160100
20200831,13:59,277.15,277.15,271.80,273.85,1250,160100
20200831,14:00,272.60,280.00,272.60,277.45,2100,159775
20200831,14:01,276.55,276.70,265.15,268.30,1975,159775
20200831,14:02,267.20,271.05,267.20,270.10,700,159775
20200831,14:03,270.70,271.55,265.40,268.65,1525,158725
20200831,14:04,269.70,269.70,261.00,261.00,1525,158725
20200831,14:05,261.00,271.95,261.00,271.15,1425,158725
20200831,14:06,269.85,269.85,265.10,267.40,1150,158025
20200831,14:07,267.00,277.40,266.45,275.30,2925,158025
20200831,14:08,274.25,281.25,270.10,272.55,2700,158025
20200831,14:09,271.90,276.90,270.15,276.20,1950,155650
20200831,14:10,276.25,276.25,270.05,271.35,750,155650
20200831,14:11,270.10,270.35,266.95,267.95,1325,155650
20200831,14:12,271.35,273.05,268.65,271.60,1125,155875
20200831,14:13,271.05,271.45,267.00,267.00,875,155875
20200831,14:14,268.00,268.00,244.50,250.00,3300,155875
20200831,14:15,250.00,250.00,238.75,240.55,3750,155825
20200831,14:16,240.00,248.95,240.00,247.40,2350,155825
20200831,14:17,246.05,254.00,243.25,251.10,4675,155825
20200831,14:18,251.60,251.60,246.25,248.35,1625,151775
20200831,14:19,248.60,248.70,245.45,248.55,1700,151775
20200831,14:20,247.95,249.65,244.40,248.70,1575,151775
20200831,14:21,249.75,253.20,247.10,247.85,1525,152050
20200831,14:22,247.20,248.70,243.70,246.20,1850,152050
20200831,14:23,242.90,242.90,234.05,234.05,3300,152050
20200831,14:24,232.85,237.55,230.05,236.55,2125,153175
20200831,14:25,236.25,236.25,228.20,232.55,3025,153175
20200831,14:26,232.45,240.95,232.05,239.70,925,153175
20200831,14:27,240.90,244.45,237.30,244.45,1050,153750
20200831,14:28,245.90,253.80,245.55,246.60,10625,153750
20200831,14:29,245.70,265.05,245.70,264.80,5125,153750
20200831,14:30,264.90,267.80,255.90,264.85,5550,154200
20200831,14:31,263.55,264.00,254.00,255.45,3075,154200
20200831,14:32,255.00,262.15,251.65,257.50,2550,154200
20200831,14:33,258.30,259.10,251.80,257.75,975,152725
20200831,14:34,256.10,260.35,255.20,257.70,1975,152725
20200831,14:35,257.85,257.85,253.30,255.50,1900,152725
20200831,14:36,255.95,258.35,253.55,255.65,825,154775
20200831,14:37,253.20,253.95,249.90,250.35,525,154775
20200831,14:38,251.60,251.60,240.60,240.60,325,154775
20200831,14:39,243.95,245.60,242.00,243.60,350,154975
20200831,14:40,240.00,240.00,223.30,232.35,1850,154975
20200831,14:41,228.30,242.00,227.85,238.00,6200,154975
20200831,14:42,238.80,244.95,234.05,244.95,3850,157950
20200831,14:43,244.30,245.45,237.10,243.45,1950,157950
20200831,14:44,239.05,243.90,236.90,240.30,1550,157950
20200831,14:45,239.30,243.95,239.30,243.40,1400,156600
20200831,14:46,243.40,251.00,240.65,245.10,2600,156600
20200831,14:47,246.10,247.90,242.80,244.05,5550,156600
20200831,14:48,244.20,249.45,243.30,245.00,3775,159600
20200831,14:49,244.00,244.00,237.25,240.50,825,159600
20200831,14:50,238.35,247.20,237.55,243.10,1500,159600
20200831,14:51,244.90,248.20,240.80,242.05,5650,165125
20200831,14:52,243.75,246.65,240.10,244.40,2275,165125
20200831,14:53,245.75,254.45,245.40,250.95,6500,165125
20200831,14:54,250.00,253.50,246.75,249.65,1525,168100
20200831,14:55,248.95,255.70,244.20,244.20,1550,168100
20200831,14:56,243.00,243.15,233.35,238.10,3950,168100
20200831,14:57,239.10,240.50,235.20,236.80,1350,168675
20200831,14:58,236.95,238.35,230.35,238.35,1625,168675
20200831,14:59,238.50,238.50,232.35,236.65,1100,168675
20200831,15:00,241.00,246.15,234.60,236.25,5200,169825
20200831,15:01,235.80,245.30,235.80,241.85,1175,169825
20200831,15:02,243.75,247.45,241.50,247.45,300,169825
20200831,15:03,244.45,248.10,243.60,247.30,650,169800
20200831,15:04,244.10,245.25,241.65,241.70,600,169800
20200831,15:05,241.75,248.05,241.75,245.95,700,169800
20200831,15:06,245.15,246.60,242.50,243.20,1875,169350
20200831,15:07,242.35,247.75,242.35,247.75,850,169350
20200831,15:08,249.90,249.95,243.90,247.95,950,169350
20200831,15:09,246.95,250.75,244.85,250.75,1825,169150
20200831,15:10,250.70,254.35,248.80,251.00,2625,169150
20200831,15:11,253.25,267.60,253.25,263.35,2275,169150
20200831,15:12,262.95,280.50,262.95,277.15,2675,168500
20200831,15:13,280.85,280.85,275.55,277.85,2450,168500
20200831,15:14,275.40,280.20,275.35,276.90,800,168500
20200831,15:15,278.05,292.25,278.05,290.70,2650,168825
20200831,15:16,289.95,293.80,287.10,293.80,1225,168825
20200831,15:17,292.55,292.65,284.10,292.65,3525,168825
20200831,15:18,291.20,297.10,291.20,294.70,1500,170200
20200831,15:19,296.35,297.05,288.80,288.80,2575,170200
20200831,15:20,290.45,292.40,287.05,287.05,1425,170200
20200831,15:21,288.60,288.60,277.80,277.80,2325,170875
20200831,15:22,274.90,277.55,274.70,276.45,925,170875
20200831,15:23,275.70,277.75,270.00,270.55,1000,170875
20200831,15:24,270.10,270.10,263.55,263.55,3425,171200
20200831,15:25,263.30,264.60,250.25,252.80,3275,171200
20200831,15:26,254.80,257.00,252.05,257.00,2025,171200
20200831,15:27,255.40,255.40,252.05,253.30,1675,171525
20200831,15:28,252.60,254.50,250.00,254.30,1250,171525
20200831,15:29,252.00,256.20,250.00,250.00,1525,171525
20200901,09:15,277.75,318.30,220.00,226.65,902,170700
20200901,09:16,229.15,265.90,229.15,247.40,625,170700
20200901,09:17,254.50,264.60,254.50,262.40,3825,170525
20200901,09:18,260.05,261.25,250.20,259.10,1700,170525
20200901,09:19,257.85,286.35,255.70,285.00,9225,170525
20200901,09:20,291.40,314.30,285.50,296.10,5725,172600
20200901,09:21,301.00,304.30,295.10,302.30,2150,172600
20200901,09:22,301.90,305.00,293.05,296.10,2625,172600
20200901,09:23,295.05,300.00,280.20,293.80,3375,175125
20200901,09:24,292.95,300.75,288.40,291.55,2750,175125
20200901,09:25,293.90,322.40,293.90,320.05,6050,175125
20200901,09:26,322.60,328.15,314.25,324.45,2500,172950
20200901,09:27,326.90,334.10,321.25,334.10,3225,172950
20200901,09:28,333.55,336.80,324.85,334.10,5275,172950
20200901,09:29,334.95,337.00,329.30,329.30,1625,172575
20200901,09:30,326.40,345.70,326.40,342.40,1775,172575
20200901,09:31,341.75,349.85,341.60,345.35,925,172575
20200901,09:32,345.00,347.75,339.30,346.70,1775,173275
20200901,09:33,348.70,352.10,345.15,351.00,1250,173275
20200901,09:34,352.15,356.25,347.60,352.60,1850,173275
20200901,09:35,353.00,359.20,349.05,354.55,1425,161725
20200901,09:36,352.30,352.30,327.10,327.40,2550,161725
20200901,09:37,327.40,337.75,321.35,335.15,6875,161725
20200901,09:38,337.55,339.55,331.60,335.80,1825,160950
20200901,09:39,334.00,334.00,323.15,329.40,475,160950
20200901,09:40,324.70,324.70,307.15,313.30,2825,160950
20200901,09:41,316.40,331.55,316.40,328.00,550,160875
20200901,09:42,330.15,339.35,330.15,334.10,1225,160875
20200901,09:43,332.25,345.50,332.25,336.05,1075,160875
20200901,09:44,336.55,336.60,323.30,324.95,1775,159900
20200901,09:45,329.55,333.25,327.65,328.15,2075,159900
20200901,09:46,326.25,328.15,304.95,311.95,1700,159900
20200901,09:47,314.05,316.25,308.15,311.30,575,161450
20200901,09:48,308.95,317.85,308.95,312.55,775,161450
20200901,09:49,310.75,310.75,283.20,290.15,3700,161450
20200901,09:50,292.30,300.85,286.65,299.95,1975,160575
20200901,09:51,295.25,296.90,281.10,283.95,2350,160575
20200901,09:52,281.50,281.50,269.75,272.85,2525,160575
20200901,09:53,274.05,274.05,261.75,273.05,3200,160875
20200901,09:54,265.85,274.50,261.05,271.75,1200,160875
20200901,09:55,271.95,276.00,263.80,272.50,1350,160875
20200901,09:56,272.45,272.45,259.55,260.00,2475,160525
20200901,09:57,260.95,270.75,252.10,259.40,4075,160525
20200901,09:58,260.50,276.60,254.85,275.70,2875,160525
20200901,09:59,273.05,277.55,269.35,276.15,3575,162050
20200901,10:00,275.85,276.10,253.35,261.60,2675,162050
20200901,10:01,266.15,273.50,261.95,263.35,775,162050
20200901,10:02,265.05,274.70,262.90,269.20,1325,159700
20200901,10:03,267.95,269.70,265.00,268.35,250,159700
20200901,10:04,270.50,273.65,270.10,271.10,1350,159700
20200901,10:05,268.25,273.70,265.00,271.55,1700,158800
20200901,10:06,270.45,285.40,270.45,276.90,825,158800
20200901,10:07,274.40,276.90,271.95,271.95,475,158800
20200901,10:08,272.75,272.75,269.65,271.60,350,158550
20200901,10:09,270.00,275.80,270.00,274.10,175,158550
20200901,10:10,276.00,278.45,274.25,278.45,600,158550
20200901,10:11,279.65,279.65,274.45,274.45,275,158175
20200901,10:12,277.75,280.25,277.75,280.25,150,158175
20200901,10:13,280.90,292.60,279.75,292.60,525,158175
20200901,10:14,289.85,305.55,289.85,297.15,1675,157200
20200901,10:15,299.35,299.35,285.45,285.45,400,157200
20200901,10:16,290.50,293.35,287.80,287.80,850,157200
20200901,10:17,295.00,298.95,290.00,296.90,850,156775
20200901,10:18,293.70,293.70,280.25,281.25,1925,156775
20200901,10:19,279.65,283.15,274.90,276.05,1900,156775
20200901,10:20,275.80,278.20,269.55,273.70,9625,158900
20200901,10:21,269.95,277.65,268.40,270.00,525,158900
20200901,10:22,278.85,281.75,275.30,281.75,275,158900
20200901,10:23,283.35,288.25,283.35,288.25,225,159825
20200901,10:24,285.10,285.15,278.65,281.95,775,159825
20200901,10:25,285.00,286.20,284.15,284.15,275,159825
20200901,10:26,288.90,293.15,286.10,286.80,550,159650
20200901,10:27,287.20,287.80,284.75,287.00,225,159650
20200901,10:28,280.05,280.05,278.60,279.20,150,159650
20200901,10:29,280.15,284.35,280.00,280.00,350,159775
20200901,10:30,286.80,286.80,283.00,283.00,250,159775
20200901,10:31,284.00,284.15,279.15,279.15,450,159775
20200901,10:32,276.85,282.00,271.90,281.00,1075,159775
20200901,10:33,277.75,283.30,277.75,283.30,100,159775
20200901,10:34,281.40,289.20,281.20,289.20,600,159775
20200901,10:35,287.80,287.80,284.70,286.00,575,160100
20200901,10:36,283.70,287.95,283.70,287.95,425,160100
20200901,10:37,285.15,288.20,285.15,287.20,600,160100
20200901,10:38,290.70,293.55,286.25,286.25,525,160425
20200901,10:39,287.00,287.00,278.45,278.45,1600,160425
20200901,10:40,278.70,285.20,278.70,281.95,375,160425
20200901,10:41,286.00,287.00,282.20,282.20,300,160925
20200901,10:42,289.00,289.00,287.80,288.00,275,160925
20200901,10:43,284.90,286.00,284.90,285.15,325,160925
20200901,10:44,284.05,285.00,281.40,281.75,925,160075
20200901,10:45,289.40,289.40,280.30,287.40,450,160075
20200901,10:46,287.30,289.20,284.95,288.00,900,160075
20200901,10:47,287.60,295.80,286.65,295.65,1500,160250
20200901,10:48,296.10,301.10,288.90,290.40,1775,160250
20200901,10:49,289.35,292.65,285.00,290.30,325,160250
20200901,10:50,290.00,299.25,290.00,295.00,525,159925
20200901,10:51,290.00,290.90,286.45,286.45,150,159925
20200901,10:52,283.85,288.20,280.35,286.10,375,159925
20200901,10:53,285.15,286.15,281.85,284.05,900,159600
20200901,10:54,286.30,286.30,282.80,282.80,125,159600
20200901,10:55,286.40,287.45,284.85,284.85,150,159600
20200901,10:56,283.15,290.00,283.15,290.00,325,159675
20200901,10:57,290.25,290.25,287.25,288.20,450,159675
20200901,10:58,290.00,290.00,284.15,284.15,600,159675
20200901,10:59,283.35,287.00,283.35,287.00,250,159950
20200901,11:00,287.90,298.05,287.90,298.05,400,159950
20200901,11:01,286.35,286.35,281.65,284.20,400,159950
20200901,11:02,280.95,285.85,280.00,284.85,800,160325
20200901,11:03,285.45,288.35,281.40,281.40,275,160325
20200901,11:04,281.50,285.00,281.50,283.20,250,160325
20200901,11:05,282.05,287.25,282.05,287.25,225,160750
20200901,11:06,287.50,290.85,287.15,287.15,225,160750
20200901,11:07,283.30,288.95,283.30,288.25,275,160750
20200901,11:08,285.85,292.30,284.95,290.00,1050,160700
20200901,11:09,288.30,289.80,282.00,282.00,475,160700
20200901,11:10,287.65,287.95,287.65,287.95,200,160700
20200901,11:11,280.10,280.10,245.00,245.00,3075,160900
20200901,11:12,245.15,256.00,245.15,254.40,900,160900
20200901,11:13,251.90,259.90,251.90,256.95,725,160900
20200901,11:14,254.50,258.20,249.00,249.00,925,161025
20200901,11:15,249.30,249.30,238.30,241.70,2500,161025
20200901,11:16,242.00,243.40,237.85,240.45,375,161025
20200901,11:17,241.15,250.30,241.15,246.00,375,160525
20200901,11:18,248.65,262.75,248.65,251.50,1450,160525
20200901,11:19,254.15,256.15,250.65,256.15,8050,160525
20200901,11:20,256.70,266.05,255.35,266.05,3250,157925
20200901,11:21,264.85,266.30,262.25,262.25,2675,157925
20200901,11:22,262.00,270.00,259.75,270.00,2575,157925
20200901,11:23,273.90,280.00,271.50,272.80,1100,159025
20200901,11:24,272.10,285.35,272.10,276.20,1775,159025
20200901,11:25,273.90,273.90,268.65,271.30,925,159025
20200901,11:26,273.45,277.95,271.95,271.95,900,159125
20200901,11:27,268.55,284.70,268.35,276.95,1850,159125
20200901,11:28,276.20,277.50,271.95,276.90,300,159125
20200901,11:29,274.35,274.35,271.00,272.85,125,157825
20200901,11:30,274.70,277.80,274.70,277.80,275,157825
20200901,11:31,276.25,280.55,271.75,271.75,400,157825
20200901,11:32,271.40,271.40,268.85,268.85,1275,157775
20200901,11:33,269.10,273.80,264.20,273.80,1125,157775
20200901,11:34,272.30,273.30,269.00,270.00,500,157775
20200901,11:35,275.60,275.60,267.65,267.65,200,158175
20200901,11:36,267.10,276.50,267.10,272.60,675,158175
20200901,11:37,273.65,296.95,268.70,296.95,3850,158175
20200901,11:38,296.35,316.90,287.00,294.75,6950,158325
20200901,11:39,292.90,302.45,285.70,285.70,2675,158325
20200901,11:40,287.50,303.35,287.50,289.30,2200,158325
20200901,11:41,286.80,288.70,237.70,244.40,5425,158250
20200901,11:42,248.85,261.30,238.80,259.25,2650,158250
20200901,11:43,265.00,269.45,261.10,262.55,1175,158250
20200901,11:44,262.60,275.00,260.95,271.30,1100,158850
20200901,11:45,272.15,274.00,263.95,270.55,2050,158850
20200901,11:46,267.00,274.10,259.30,267.40,2125,158850
20200901,11:47,267.30,277.30,266.80,274.25,1375,158400
20200901,11:48,272.20,275.00,266.05,273.30,975,158400
20200901,11:49,268.90,268.90,265.05,267.55,525,158400
20200901,11:50,269.30,269.30,260.00,262.90,650,157975
20200901,11:51,262.40,271.10,262.40,266.60,600,157975
20200901,11:52,266.10,266.10,255.00,260.50,1900,157975
20200901,11:53,260.00,267.35,259.45,259.45,825,157825
20200901,11:54,263.95,267.05,262.50,262.55,1100,157825
20200901,11:55,258.90,265.70,253.80,265.40,900,157825
20200901,11:56,262.40,262.40,254.30,254.50,175,157625
20200901,11:57,255.30,256.05,254.00,254.40,325,157625
20200901,11:58,253.50,256.50,249.30,254.00,1050,157625
20200901,11:59,250.80,257.20,249.25,249.25,400,157625
20200901,12:00,251.30,252.55,242.00,245.75,650,157250
20200901,12:01,243.00,253.30,241.65,251.00,725,157250
20200901,12:02,247.45,248.70,238.10,244.65,1800,157525
20200901,12:03,245.00,245.00,236.40,236.40,575,157525
20200901,12:04,242.15,249.50,239.25,249.00,1100,157525
20200901,12:05,247.00,247.00,241.80,246.10,350,156525
20200901,12:06,246.05,258.65,245.50,252.00,2150,156525
20200901,12:07,252.00,257.70,250.30,250.30,350,156525
20200901,12:08,253.00,254.50,252.55,252.55,950,156650
20200901,12:09,249.95,256.50,248.65,250.90,450,156650
20200901,12:10,257.80,257.80,254.70,254.70,200,156650
20200901,12:11,252.75,256.15,252.75,256.15,100,156650
20200901,12:12,253.10,255.20,252.50,255.20,850,156650
20200901,12:13,252.15,252.15,243.00,244.45,2825,156650
20200901,12:14,248.65,255.20,247.60,252.65,275,156650
20200901,12:15,254.85,254.85,248.60,251.95,500,157550
20200901,12:16,253.00,253.55,249.05,251.75,350,157550
20200901,12:17,250.10,252.45,244.10,249.55,550,157550
20200901,12:18,249.55,252.85,249.55,251.55,650,157575
20200901,12:19,248.25,249.95,244.00,249.95,475,157575
20200901,12:20,251.50,254.55,249.25,250.50,300,157725
20200901,12:21,249.25,250.10,246.95,250.05,700,157725
20200901,12:22,249.95,249.95,246.00,246.00,50,157725
20200901,12:23,244.15,245.75,241.15,245.75,475,157725
20200901,12:24,247.50,252.00,247.50,249.85,225,157725
20200901,12:25,249.95,249.95,248.00,248.00,50,157725
20200901,12:26,246.00,250.85,244.05,250.85,425,157725
20200901,12:27,246.30,251.75,246.30,248.70,225,157600
20200901,12:28,248.75,259.50,248.75,256.20,700,157600
20200901,12:29,254.65,260.70,252.20,260.70,925,157500
20200901,12:30,266.20,266.20,257.10,257.10,325,157500
20200901,12:31,256.20,260.85,255.25,260.85,350,157500
20200901,12:32,258.60,260.10,252.80,254.55,650,157500
20200901,12:33,253.85,253.85,249.60,249.60,300,157475
20200901,12:34,260.95,261.05,254.70,254.70,150,157475
20200901,12:35,251.45,258.60,251.45,258.60,200,157425
20200901,12:36,263.35,267.40,262.75,263.20,400,157425
20200901,12:37,262.60,270.00,262.60,267.45,1400,157425
20200901,12:38,269.60,278.25,269.60,275.50,200,157425
20200901,12:39,269.50,269.50,266.45,267.80,525,157500
20200901,12:40,272.60,285.55,268.15,280.00,1550,157500
20200901,12:41,280.05,292.10,280.05,288.25,1250,157500
20200901,12:42,288.00,291.80,280.25,280.25,1850,157325
20200901,12:43,280.00,283.40,276.65,282.60,6375,157325
20200901,12:44,280.45,280.45,274.00,278.55,275,160850
20200901,12:45,279.00,290.00,279.00,288.05,2975,160850
20200901,12:46,286.20,301.25,285.75,291.45,1300,160850
20200901,12:47,290.20,290.20,284.90,287.85,3325,160850
20200901,12:48,293.85,295.50,286.90,287.85,1400,163550
20200901,12:49,289.90,294.45,289.45,292.80,500,163550
20200901,12:50,292.55,300.10,289.35,289.35,1200,163550
20200901,12:51,290.10,302.65,290.10,302.05,1250,164000
20200901,12:52,308.15,314.15,303.00,305.50,2175,164000
20200901,12:53,307.40,317.15,307.40,310.00,1675,164000
20200901,12:54,311.20,311.80,306.40,310.75,825,163700
20200901,12:55,311.15,313.70,301.40,301.40,2200,163700
20200901,12:56,304.35,308.25,304.35,306.00,1125,163700
20200901,12:57,307.50,307.50,301.15,302.35,1375,163525
20200901,12:58,303.55,308.95,291.75,291.75,825,163525
20200901,12:59,297.00,299.95,293.95,299.95,275,163525
20200901,13:00,298.45,307.05,298.45,300.20,1350,164000
20200901,13:01,300.20,300.20,289.00,296.60,825,164000
20200901,13:02,296.60,297.00,295.40,295.55,125,164000
20200901,13:03,300.00,305.00,298.90,298.95,450,163925
20200901,13:04,304.70,310.25,303.35,304.15,575,163925
20200901,13:05,307.35,313.80,307.25,313.80,1225,163925
20200901,13:06,320.70,328.75,317.65,328.20,1075,163775
20200901,13:07,325.15,337.00,325.15,331.55,525,163775
20200901,13:08,333.95,336.95,330.35,330.35,450,163775
20200901,13:09,334.45,334.55,319.50,320.90,475,161250
20200901,13:10,323.30,333.30,322.80,330.55,450,161250
20200901,13:11,333.45,335.25,329.65,335.25,1425,161250
20200901,13:12,333.75,335.10,330.50,330.50,950,160600
20200901,13:13,330.10,330.50,311.85,321.10,1100,160600
20200901,13:14,318.55,325.20,316.60,324.30,600,160600
20200901,13:15,325.35,334.80,323.20,324.00,1225,161000
20200901,13:16,325.00,325.70,313.00,313.45,12100,161000
20200901,13:17,311.60,315.00,305.40,312.80,1125,161000
20200901,13:18,321.40,324.35,319.25,321.90,475,166425
20200901,13:19,323.00,323.00,320.00,321.00,325,166425
20200901,13:20,325.75,328.80,320.10,320.10,725,166425
20200901,13:21,320.45,323.00,315.30,315.30,500,166025
20200901,13:22,314.80,315.60,310.45,314.85,350,166025
20200901,13:23,315.20,315.20,300.40,303.10,3075,166025
20200901,13:24,304.65,315.15,303.90,315.15,600,165200
20200901,13:25,313.00,313.30,306.00,310.00,775,165200
20200901,13:26,306.50,306.90,297.15,301.85,750,165200
20200901,13:27,301.35,304.00,296.15,304.00,600,165050
20200901,13:28,304.00,304.00,297.70,302.30,200,165050
20200901,13:29,303.05,308.00,301.40,301.40,575,165050
20200901,13:30,307.05,307.15,305.50,306.45,200,164100
20200901,13:31,303.70,317.50,303.70,309.30,850,164100
20200901,13:32,309.75,309.75,307.00,307.00,800,164100
20200901,13:33,311.60,314.40,311.05,314.15,175,164150
20200901,13:34,305.65,308.55,305.65,308.55,75,164150
20200901,13:35,308.10,308.10,308.10,308.10,25,164150
20200901,13:36,309.10,315.00,307.40,309.35,2850,164475
20200901,13:37,309.35,309.55,304.40,307.05,625,164475
20200901,13:38,304.85,308.90,302.05,308.90,375,164475
20200901,13:39,309.00,309.60,307.25,307.45,2225,163175
20200901,13:40,306.00,308.00,301.20,308.00,1925,163175
20200901,13:41,310.60,311.10,306.35,306.35,225,163175
20200901,13:42,306.85,306.85,302.50,302.50,300,161950
20200901,13:43,305.65,306.65,299.70,301.75,325,161950
20200901,13:44,301.90,306.10,295.25,295.25,175,161950
20200901,13:45,294.10,294.10,268.50,268.85,2275,161600
20200901,13:46,270.10,277.65,270.10,276.15,775,161600
20200901,13:47,280.25,283.90,278.85,282.05,400,161600
20200901,13:48,282.00,285.95,282.00,282.70,800,161450
20200901,13:49,283.00,283.05,265.25,266.35,1175,161450
20200901,13:50,259.90,260.35,249.60,259.25,2375,161450
20200901,13:51,260.75,263.10,260.35,263.05,975,161450
20200901,13:52,264.10,269.05,263.80,266.75,450,161450
20200901,13:53,265.25,265.25,260.25,260.25,350,161450
20200901,13:54,257.25,266.00,255.00,264.15,475,161700
20200901,13:55,263.15,277.30,263.15,277.20,550,161700
20200901,13:56,278.15,278.45,271.50,273.05,250,161700
20200901,13:57,275.40,283.05,275.40,277.10,600,161850
20200901,13:58,278.15,280.05,274.70,274.80,525,161850
20200901,13:59,274.10,279.45,273.55,279.45,300,161850
20200901,14:00,278.65,278.65,260.35,266.00,725,160350
20200901,14:01,263.40,263.50,259.20,263.50,625,160350
20200901,14:02,262.00,262.40,258.75,259.05,575,160350
20200901,14:03,258.55,268.00,258.55,264.20,200,160750
20200901,14:04,264.55,264.55,262.30,262.70,125,160750
20200901,14:05,266.05,267.90,264.00,264.00,375,160750
20200901,14:06,265.80,270.35,263.80,267.75,475,161000
20200901,14:07,268.45,268.45,264.20,266.25,200,161000
20200901,14:08,269.95,283.35,269.95,278.50,1825,161000
20200901,14:09,275.85,279.70,272.25,279.70,550,161075
20200901,14:10,284.65,284.65,275.00,276.55,550,161075
20200901,14:11,275.00,277.15,274.95,274.95,175,161075
20200901,14:12,277.15,277.15,266.70,268.50,325,161300
20200901,14:13,268.95,272.95,268.95,272.95,150,161300
20200901,14:14,269.95,269.95,268.75,269.10,150,161300
20200901,14:15,264.00,264.00,260.00,260.00,375,161000
20200901,14:16,267.90,270.25,267.35,269.55,425,161000
20200901,14:17,271.70,271.70,264.60,264.60,500,161000
20200901,14:18,267.20,270.25,264.05,264.05,525,160550
20200901,14:19,263.25,275.15,261.20,270.70,700,160550
20200901,14:20,271.15,271.40,267.00,267.00,500,160550
20200901,14:21,267.40,268.85,261.50,265.60,1875,160650
20200901,14:22,265.05,265.70,260.00,260.00,375,160650
20200901,14:23,257.85,259.15,255.50,259.15,500,160650
20200901,14:24,254.00,256.95,247.30,248.90,1250,161625
20200901,14:25,250.55,251.10,238.30,248.00,1875,161625
20200901,14:26,248.85,248.85,240.55,240.95,525,161625
20200901,14:27,238.85,243.75,238.85,243.65,400,162250
20200901,14:28,242.00,246.60,242.00,242.55,225,162250
20200901,14:29,241.35,244.00,241.35,244.00,250,162250
20200901,14:30,241.75,241.75,236.15,236.15,850,162275
20200901,14:31,238.60,240.25,237.25,240.25,2900,162275
20200901,14:32,242.90,246.40,239.50,239.55,1325,162275
20200901,14:33,240.50,245.00,240.50,242.50,875,162950
20200901,14:34,242.60,242.60,236.55,238.00,900,162950
20200901,14:35,230.65,232.75,226.85,230.25,1750,162950
20200901,14:36,231.30,231.50,227.10,228.95,900,163050
20200901,14:37,231.15,231.15,225.05,226.90,375,163050
20200901,14:38,233.00,236.95,233.00,234.00,3100,163050
20200901,14:39,235.20,240.95,234.35,238.25,1200,163100
20200901,14:40,237.50,241.45,235.70,241.45,3225,163100
20200901,14:41,241.40,249.90,241.40,249.90,425,163100
20200901,14:42,252.35,255.00,248.65,249.00,925,163000
20200901,14:43,248.95,251.00,244.90,251.00,350,163000
20200901,14:44,250.55,250.55,245.95,249.95,300,163000
20200901,14:45,248.15,258.90,247.05,256.40,800,162950
20200901,14:46,253.75,256.00,253.35,254.15,450,162950
20200901,14:47,255.60,255.90,250.90,252.85,925,162950
20200901,14:48,251.95,256.00,248.00,248.50,500,162775
20200901,14:49,246.70,246.70,240.60,241.70,450,162775
20200901,14:50,241.70,243.75,237.25,237.65,875,162775
20200901,14:52,242.95,245.00,242.00,242.50,1375,163275
20200901,14:53,240.75,241.90,235.40,235.40,400,163275
20200901,14:54,235.00,237.75,234.20,237.10,450,163550
20200901,14:55,243.15,246.80,243.15,243.75,975,163550
20200901,14:56,245.40,246.95,245.40,246.95,75,163550
20200901,14:57,249.00,253.00,248.25,248.25,250,163275
20200901,14:58,246.95,246.95,245.70,246.70,125,163275
20200901,14:59,244.40,248.20,242.95,247.05,300,163275
20200901,15:00,252.25,254.00,249.85,249.85,100,163275
20200901,15:01,242.15,246.30,241.80,245.15,500,163275
20200901,15:02,243.55,246.85,241.80,246.85,250,163275
20200901,15:03,247.90,255.00,246.90,255.00,300,163325
20200901,15:04,252.35,255.00,252.35,255.00,1600,163325
20200901,15:05,260.00,260.00,256.30,257.25,175,163325
20200901,15:06,255.65,259.80,253.60,259.80,500,163800
20200901,15:07,258.25,264.45,258.25,264.00,575,163800
20200901,15:08,266.00,272.20,265.55,271.65,925,163800
20200901,15:09,271.60,273.60,266.55,268.20,675,163700
20200901,15:10,269.90,277.45,269.90,272.75,850,163700
20200901,15:11,274.95,276.80,274.05,274.90,1250,163700
20200901,15:12,276.85,279.95,275.10,275.20,575,163500
20200901,15:13,276.00,276.85,271.85,276.60,725,163500
20200901,15:14,277.05,277.55,273.15,277.05,3475,163500
20200901,15:15,280.00,281.70,271.80,272.15,2775,164300
20200901,15:16,272.00,277.35,272.00,277.35,325,164300
20200901,15:17,275.10,276.15,273.75,273.75,425,164300
20200901,15:18,274.90,277.20,272.25,273.80,1175,163775
20200901,15:19,273.35,274.95,272.25,274.55,825,163775
20200901,15:20,274.05,275.15,272.40,273.20,1125,163775
20200901,15:21,273.35,273.65,271.80,271.80,600,163950
20200901,15:22,272.50,273.50,270.80,273.50,1225,163950
20200901,15:23,275.00,275.00,273.00,273.00,925,163950
20200901,15:24,272.05,272.05,269.65,271.65,450,163175
20200901,15:25,270.60,271.60,270.00,271.15,525,163175
20200901,15:26,271.35,272.35,269.75,271.15,1875,163175
20200901,15:27,271.65,273.80,271.65,273.80,1575,161500
20200901,15:28,273.55,274.05,271.60,273.30,1075,161500
20200901,15:29,272.00,273.05,270.00,270.00,925,161500
20200902,09:15,217.80,247.10,217.80,242.40,476,158975
20200902,09:16,236.95,249.25,228.00,245.05,1350,158975
20200902,09:17,243.50,244.45,233.70,241.00,1875,159375
20200902,09:18,237.85,242.00,234.30,240.05,800,159375
20200902,09:19,240.00,241.90,234.00,234.00,3050,159375
20200902,09:20,234.25,237.75,231.00,234.65,4500,161875
20200902,09:21,233.20,234.00,229.20,231.40,2550,161875
20200902,09:22,231.40,236.15,231.40,235.55,1000,161875
20200902,09:23,233.75,235.00,231.40,232.85,850,161000
20200902,09:24,232.95,237.90,232.95,236.15,2225,161000
20200902,09:25,235.10,246.95,234.05,239.50,2550,161000
20200902,09:26,239.30,239.45,234.00,234.30,1350,160375
20200902,09:27,234.30,235.60,232.05,232.05,1575,160375
20200902,09:28,232.90,237.45,231.70,237.45,150,160375
20200902,09:29,236.40,244.30,236.40,240.35,1650,159750
20200902,09:30,239.05,239.90,234.05,238.60,875,159750
20200902,09:31,239.00,239.00,234.10,236.15,1075,159750
20200902,09:32,233.10,237.00,233.10,234.90,600,159750
20200902,09:33,236.45,241.95,236.15,239.20,550,159750
20200902,09:34,239.55,239.55,237.25,237.25,75,159750
20200902,09:35,241.45,251.75,240.00,251.75,1250,159300
20200902,09:36,249.10,251.65,245.65,246.20,675,159300
20200902,09:37,246.35,246.35,240.00,241.00,600,159300
20200902,09:38,241.00,241.00,239.15,239.15,300,159850
20200902,09:39,240.50,242.80,240.50,242.50,175,159850
20200902,09:40,241.15,243.50,241.15,243.50,75,159850
20200902,09:41,244.20,244.20,238.00,238.00,275,159575
20200902,09:42,237.90,239.00,234.00,234.15,325,159575
20200902,09:43,231.00,232.85,229.00,230.75,1025,159575
20200902,09:44,231.55,235.10,231.40,234.60,575,158725
20200902,09:45,233.75,235.10,233.50,235.10,325,158725
20200902,09:46,237.80,241.20,237.80,241.20,250,158725
20200902,09:47,241.25,243.95,238.10,238.75,450,158575
20200902,09:48,238.95,238.95,236.30,236.30,175,158575
20200902,09:49,235.40,235.40,233.90,234.05,100,158575
20200902,09:50,233.00,234.35,233.00,234.05,125,158550
20200902,09:51,236.45,238.65,231.55,237.10,1575,158550
20200902,09:52,237.85,240.60,237.25,239.00,350,158550
20200902,09:53,238.80,238.80,235.80,237.20,325,158650
20200902,09:54,234.00,234.00,231.55,232.40,350,158650
20200902,09:55,233.65,233.65,229.00,231.90,700,158650
20200902,09:56,233.10,235.00,233.10,234.65,375,158700
20200902,09:57,233.40,234.10,230.10,233.15,825,158700
20200902,09:58,232.70,232.70,230.30,231.00,225,158700
20200902,09:59,232.10,234.05,230.40,233.00,925,159100
20200902,10:00,233.55,241.55,233.55,238.30,375,159100
20200902,10:01,235.95,235.95,233.15,233.15,225,159100
20200902,10:02,233.95,233.95,233.80,233.80,175,159250
20200902,10:03,231.25,233.90,231.25,231.95,450,159250
20200902,10:04,231.95,231.95,230.00,230.00,225,159250
20200902,10:05,229.00,229.00,221.00,224.30,625,159300
20200902,10:06,224.70,226.35,224.70,225.75,250,159300
20200902,10:07,228.00,228.00,228.00,228.00,50,159300
20200902,10:08,227.45,227.45,223.45,223.45,300,159600
20200902,10:09,225.30,225.30,224.85,224.85,75,159600
20200902,10:10,224.00,225.25,224.00,225.25,225,159600
20200902,10:11,225.25,225.95,224.10,225.70,425,159650
20200902,10:12,223.00,223.00,216.15,221.75,1175,159650
20200902,10:13,221.10,221.10,216.90,218.90,300,159650
20200902,10:14,218.10,218.35,213.25,216.05,875,160250
20200902,10:15,216.85,221.20,216.85,221.20,575,160250
20200902,10:16,220.35,221.85,220.05,221.85,250,160250
20200902,10:17,221.85,223.05,221.85,223.05,300,160250
20200902,10:18,222.45,222.75,221.70,222.00,175,160500
20200902,10:19,222.05,223.20,212.10,216.25,775,160500
20200902,10:20,212.85,213.30,206.40,211.10,2375,160650
20200902,10:21,211.50,216.15,211.50,214.70,525,160650
20200902,10:22,214.25,214.35,211.95,211.95,350,160650
20200902,10:23,212.15,217.25,212.15,214.25,325,161400
20200902,10:24,215.05,215.05,211.00,213.40,3625,161400
20200902,10:25,210.05,210.05,204.20,206.20,1175,161400
20200902,10:26,207.80,211.15,205.90,209.50,850,160075
20200902,10:27,209.60,211.90,209.30,210.20,725,160075
20200902,10:28,211.05,216.75,211.05,216.10,950,160075
20200902,10:29,215.75,216.00,211.65,212.35,1125,159800
20200902,10:30,210.45,210.55,207.00,207.00,1700,159800
20200902,10:31,208.05,208.05,203.45,205.00,1050,159800
20200902,10:32,205.00,207.45,205.00,205.45,525,160200
20200902,10:33,205.35,208.00,204.65,207.70,1600,160200
20200902,10:34,206.60,209.70,204.90,209.05,1150,160200
20200902,10:35,208.35,214.15,206.90,214.15,525,159850
20200902,10:36,215.65,219.35,215.15,216.45,550,159850
20200902,10:37,215.45,227.15,215.45,219.60,2575,159850
20200902,10:38,220.05,226.15,219.95,221.55,2300,159750
20200902,10:39,223.35,223.35,216.55,216.55,3550,159750
20200902,10:40,212.80,215.50,211.95,213.45,1450,159750
20200902,10:41,214.95,217.05,214.10,215.90,2450,160875
20200902,10:42,215.25,215.50,213.45,214.80,675,160875
20200902,10:43,214.45,222.60,214.45,221.85,1650,160875
20200902,10:44,222.75,226.75,222.10,226.75,2200,161100
20200902,10:45,227.15,235.00,225.55,233.45,5275,161100
20200902,10:46,232.80,232.80,226.45,229.30,1600,161100
20200902,10:47,228.90,233.60,228.10,231.95,2825,156975
20200902,10:48,232.20,232.20,230.00,230.00,700,156975
20200902,10:49,231.00,231.15,227.50,227.50,1850,156975
20200902,10:50,226.45,226.45,217.90,220.70,600,155950
20200902,10:51,219.85,222.70,219.85,222.70,575,155950
20200902,10:52,221.05,225.75,221.05,223.50,1200,155950
20200902,10:53,223.95,225.50,221.85,224.70,1250,156325
20200902,10:54,224.45,226.70,222.50,223.00,450,156325
20200902,10:55,221.50,221.50,221.50,221.50,25,156325
20200902,10:56,218.30,221.45,216.30,221.45,675,155775
20200902,10:57,221.65,223.25,221.00,223.25,600,155775
20200902,10:58,223.20,223.85,223.20,223.45,100,155775
20200902,10:59,222.90,222.90,220.05,221.30,450,155625
20200902,11:00,221.05,227.60,219.45,225.00,1425,155625
20200902,11:01,229.50,231.90,227.00,228.95,2300,155625
20200902,11:02,229.45,229.45,223.35,223.90,500,155275
20200902,11:03,224.75,227.30,223.85,225.75,1800,155275
20200902,11:04,226.60,227.55,225.05,227.05,1050,155275
20200902,11:05,227.75,227.75,221.40,224.35,1725,156075
20200902,11:06,224.00,224.45,222.35,222.35,600,156075
20200902,11:07,221.80,223.10,219.00,219.80,1350,156075
20200902,11:08,219.30,219.30,217.25,218.15,650,157575
20200902,11:10,220.00,220.00,218.70,218.90,175,157575
20200902,11:11,219.55,222.00,219.55,222.00,150,157775
20200902,11:12,221.75,222.35,220.20,220.70,650,157775
20200902,11:13,220.75,221.20,220.50,221.20,125,157775
20200902,11:14,221.90,223.10,221.90,223.00,250,158325
20200902,11:15,232.05,239.20,228.45,231.95,3200,158325
20200902,11:16,231.80,244.00,231.80,236.55,1400,158325
20200902,11:17,236.55,240.00,235.80,235.85,1125,159075
20200902,11:18,236.30,238.40,233.25,236.20,1800,159075
20200902,11:19,235.80,235.80,234.65,234.65,275,159075
20200902,11:20,235.30,246.95,235.30,239.40,1375,158400
20200902,11:21,240.25,241.55,238.60,238.70,625,158400
20200902,11:22,238.10,240.00,235.55,235.55,250,158400
20200902,11:23,235.55,237.15,235.20,237.15,175,157950
20200902,11:24,235.00,235.00,231.65,231.65,225,157950
20200902,11:25,234.35,235.05,230.00,230.00,525,157950
20200902,11:26,232.40,233.95,231.85,233.50,200,158125
20200902,11:27,234.65,234.65,231.95,232.40,175,158125
20200902,11:28,233.00,233.00,230.00,230.00,325,158125
20200902,11:29,230.00,231.35,228.75,228.75,100,158425
20200902,11:30,230.40,230.40,230.40,230.40,125,158425
20200902,11:31,230.00,234.45,230.00,234.45,1000,158425
20200902,11:32,233.90,233.90,233.00,233.00,50,158425
20200902,11:33,236.70,236.70,233.95,233.95,100,158025
20200902,11:34,236.30,236.30,235.00,235.00,150,158025
20200902,11:35,236.00,236.00,236.00,236.00,25,158025
20200902,11:36,236.00,237.00,235.05,237.00,650,158125
20200902,11:38,233.55,233.55,230.85,231.95,150,157925
20200902,11:39,232.05,232.25,230.95,232.25,175,157925
20200902,11:40,233.60,235.00,233.60,235.00,1825,157925
20200902,11:41,234.25,235.55,232.65,235.55,150,157925
20200902,11:42,234.45,239.25,234.45,237.20,225,159600
20200902,11:43,236.30,236.35,236.30,236.35,50,159600
20200902,11:44,236.60,236.90,233.55,233.55,200,159600
20200902,11:45,238.70,244.95,238.65,238.65,825,159575
20200902,11:46,239.55,241.00,237.70,239.40,300,159575
20200902,11:47,238.55,238.55,238.55,238.55,75,159250
20200902,11:48,235.70,235.70,235.30,235.30,175,159250
20200902,11:49,235.00,235.00,233.20,234.10,350,159250
20200902,11:50,233.80,234.75,230.00,231.50,475,159550
20200902,11:51,230.25,231.65,230.25,231.65,125,159550
20200902,11:53,230.00,230.25,230.00,230.25,75,159525
20200902,11:54,227.85,227.85,223.15,227.50,275,159525
20200902,11:55,227.10,227.10,220.00,221.85,400,159525
20200902,11:56,223.20,224.10,223.05,223.60,175,159000
20200902,11:57,223.35,223.60,223.05,223.05,225,159000
20200902,11:58,222.75,225.00,222.75,225.00,700,159000
20200902,11:59,227.50,228.20,226.40,226.40,225,159000
20200902,12:00,226.00,228.55,225.45,225.45,800,159275
20200902,12:01,225.20,225.20,221.00,221.90,350,159275
20200902,12:02,219.25,221.90,217.25,221.90,400,159200
20200902,12:03,222.65,224.95,222.65,222.95,200,159200
20200902,12:04,224.80,225.20,224.75,225.20,175,159200
20200902,12:05,227.80,227.80,227.80,227.80,25,159150
20200902,12:06,227.75,229.95,227.75,228.95,300,159150
20200902,12:07,227.80,227.80,225.95,227.00,225,159150
20200902,12:08,227.00,227.00,227.00,227.00,50,159150
20200902,12:09,224.55,224.55,224.55,224.55,25,159200
20200902,12:10,220.00,220.30,220.00,220.05,1000,159200
20200902,12:11,225.65,225.65,225.65,225.65,25,159200
20200902,12:12,225.55,225.55,225.55,225.55,25,159150
20200902,12:13,226.85,227.00,226.50,226.50,1125,159150
20200902,12:14,227.20,227.20,224.80,224.80,50,158850
20200902,12:15,226.50,226.50,226.50,226.50,50,158850
20200902,12:16,218.20,218.20,215.10,217.20,550,158850
20200902,12:17,216.90,219.00,216.90,219.00,300,158850
20200902,12:18,219.30,219.30,218.25,218.70,225,158925
20200902,12:19,218.45,222.00,218.45,220.30,500,158925
20200902,12:20,220.00,220.00,216.30,218.50,1625,158925
20200902,12:21,222.20,226.00,222.20,224.10,475,159625
20200902,12:22,222.05,222.05,219.80,220.15,425,159625
20200902,12:23,220.95,220.95,220.85,220.85,250,159625
20200902,12:24,221.30,221.80,219.90,220.65,250,160350
20200902,12:25,221.25,221.25,216.90,218.10,275,160350
20200902,12:26,216.90,218.95,214.20,217.05,550,160550
20200902,12:27,216.85,216.85,215.00,216.70,200,160550
20200902,12:28,217.75,217.75,217.75,217.75,50,160550
20200902,12:29,217.75,217.75,213.15,216.85,700,160550
20200902,12:30,217.00,221.20,217.00,221.20,325,160550
20200902,12:31,222.20,228.80,222.20,227.50,600,160550
20200902,12:32,226.10,226.20,222.35,222.35,450,161050
20200902,12:33,224.15,224.15,220.85,220.85,275,161050
20200902,12:34,221.80,222.35,221.80,222.35,50,161050
20200902,12:35,220.40,220.40,220.00,220.00,250,161050
20200902,12:36,221.00,221.00,220.00,220.10,275,161275
20200902,12:37,219.75,221.45,219.75,220.25,125,161275
20200902,12:38,220.20,220.20,219.00,219.00,50,161275
20200902,12:39,219.10,219.10,219.10,219.10,75,161125
20200902,12:40,219.00,221.60,219.00,221.60,200,161125
20200902,12:41,222.95,223.00,220.05,220.05,350,160625
20200902,12:42,220.80,221.30,219.55,220.65,550,160625
20200902,12:43,221.05,224.65,221.05,224.65,125,160625
20200902,12:44,226.15,226.95,223.15,224.00,475,160625
20200902,12:45,224.00,229.30,224.00,225.80,950,161175
20200902,12:46,224.45,225.45,224.00,224.35,450,161175
20200902,12:47,223.45,223.45,220.50,220.50,350,161175
20200902,12:48,220.15,220.15,218.00,218.35,325,161750
20200902,12:49,217.40,217.40,215.00,215.00,250,161750
20200902,12:50,215.35,215.35,202.90,208.00,2450,161750
20200902,12:51,209.40,211.05,208.90,210.10,525,161475
20200902,12:52,210.00,210.45,207.10,210.00,350,161475
20200902,12:53,210.60,215.00,210.60,214.95,200,161475
20200902,12:54,214.80,215.35,213.15,213.20,375,161500
20200902,12:55,213.05,219.85,213.05,218.20,350,161500
20200902,12:56,220.25,220.50,217.30,220.10,825,161500
20200902,12:57,219.90,219.90,218.35,219.90,450,162100
20200902,12:58,220.40,220.65,214.40,214.40,525,162100
20200902,12:59,213.70,216.75,213.70,215.45,350,162100
20200902,13:00,216.65,219.40,215.50,218.95,250,162750
20200902,13:01,221.55,221.55,218.60,219.50,475,162750
20200902,13:02,218.15,218.15,215.30,215.30,250,162750
20200902,13:03,214.20,216.15,212.30,212.30,700,162900
20200902,13:04,213.70,215.40,213.10,215.10,650,162900
20200902,13:05,214.75,219.40,214.75,219.40,175,162900
20200902,13:06,218.50,218.95,215.05,215.05,300,163850
20200902,13:07,219.10,219.80,219.10,219.80,125,163850
20200902,13:08,219.80,219.80,218.00,218.00,125,163850
20200902,13:09,216.85,216.85,216.65,216.65,75,162575
20200902,13:10,220.25,220.25,217.90,217.90,100,162575
20200902,13:11,216.95,216.95,215.95,216.40,75,162575
20200902,13:12,214.90,216.85,214.90,216.85,75,162375
20200902,13:13,216.80,216.80,215.70,216.55,150,162375
20200902,13:14,218.75,221.95,218.35,218.35,375,162375
20200902,13:15,215.70,215.70,208.25,209.85,850,161925
20200902,13:16,210.45,211.20,208.00,211.20,850,161925
20200902,13:17,212.45,212.45,212.45,212.45,25,161925
20200902,13:18,211.55,212.50,211.55,212.50,125,162300
20200902,13:19,213.00,214.95,213.00,214.95,225,162300
20200902,13:20,214.00,215.00,213.40,213.75,275,162300
20200902,13:21,215.00,215.00,215.00,215.00,75,162300
20200902,13:22,215.00,217.75,214.15,215.85,375,162825
20200902,13:23,215.10,215.10,215.00,215.00,50,162825
20200902,13:24,214.50,214.50,214.20,214.20,325,162875
20200902,13:25,213.40,217.35,211.20,217.35,475,162875
20200902,13:26,217.15,219.00,217.15,219.00,150,162875
20200902,13:27,214.10,214.10,210.40,210.40,575,163350
20200902,13:28,211.80,211.80,207.45,208.75,650,163350
20200902,13:29,210.45,210.45,210.45,210.45,50,163350
20200902,13:30,209.95,213.60,209.95,213.35,250,164125
20200902,13:31,212.00,212.00,200.00,207.50,3225,164125
20200902,13:32,208.85,211.10,207.85,211.10,450,164125
20200902,13:33,210.50,210.50,197.00,200.25,3800,165200
20200902,13:34,200.65,203.65,200.45,203.65,1300,165200
20200902,13:35,203.50,207.45,203.50,207.45,100,165200
20200902,13:36,205.55,205.55,201.60,204.70,500,166400
20200902,13:37,204.50,205.25,202.90,205.25,875,166400
20200902,13:38,205.30,205.85,205.05,205.05,75,166400
20200902,13:39,206.75,208.75,204.30,204.30,1000,166175
20200902,13:40,204.30,207.80,204.30,207.80,225,166175
20200902,13:41,207.80,207.80,206.85,207.00,425,166175
20200902,13:42,205.15,207.45,204.95,207.45,425,166075
20200902,13:43,208.00,211.10,207.95,211.10,325,166075
20200902,13:44,210.15,214.00,208.55,213.30,575,166075
20200902,13:45,211.40,220.45,211.40,216.50,1200,166200
20200902,13:46,218.80,225.00,218.80,219.10,925,166200
20200902,13:47,218.05,218.05,215.00,216.50,300,166200
20200902,13:48,217.65,217.65,217.10,217.10,75,166375
20200902,13:49,217.05,217.05,215.60,215.60,225,166375
20200902,13:50,217.00,222.05,217.00,222.05,825,166375
20200902,13:51,220.40,220.40,217.45,217.45,75,165975
20200902,13:52,218.35,221.00,217.60,221.00,325,165975
20200902,13:53,218.90,224.20,217.85,221.40,2200,165975
20200902,13:54,224.30,224.30,218.00,219.50,1500,167050
20200902,13:55,219.80,219.80,212.45,212.45,1500,167050
20200902,13:56,212.75,213.30,211.30,212.65,2000,167050
20200902,13:57,213.95,218.50,213.05,213.20,850,168100
20200902,13:58,213.90,216.40,212.40,215.20,900,168100
20200902,13:59,213.30,214.90,213.30,214.10,725,168100
20200902,14:00,215.30,215.30,209.15,209.50,1250,169525
20200902,14:01,211.00,217.05,210.10,217.05,1100,169525
20200902,14:02,217.45,218.85,215.85,216.70,225,169525
20200902,14:03,217.25,217.90,216.60,216.80,375,170625
20200902,14:04,216.80,221.95,215.30,221.95,600,170625
20200902,14:05,221.10,226.45,220.15,220.90,1225,170625
20200902,14:06,223.50,228.95,222.50,222.50,550,170450
20200902,14:07,222.00,222.90,222.00,222.50,650,170450
20200902,14:08,220.85,220.85,216.65,216.65,350,170450
20200902,14:09,219.10,220.80,216.65,219.70,675,170800
20200902,14:10,220.90,226.20,220.90,224.00,1175,170800
20200902,14:11,226.45,226.45,221.75,221.75,950,170800
20200902,14:12,221.85,226.85,221.85,226.70,500,170075
20200902,14:13,225.95,226.25,223.25,226.25,550,170075
20200902,14:14,228.25,234.50,228.25,233.60,1400,170075
20200902,14:15,235.00,242.25,235.00,240.80,4425,170100
20200902,14:16,241.00,253.70,241.00,241.40,3375,170100
20200902,14:17,243.65,252.90,240.00,248.95,2300,170100
20200902,14:18,247.35,251.85,245.75,250.55,2550,171175
20200902,14:19,251.80,256.05,249.10,256.00,3500,171175
20200902,14:20,254.50,261.00,254.50,255.40,1350,171175
20200902,14:21,255.30,258.85,251.15,251.65,2050,172575
20200902,14:22,250.35,250.35,239.55,245.05,2775,172575
20200902,14:23,245.05,245.05,241.50,242.50,800,172575
20200902,14:24,244.25,249.00,244.05,245.80,450,173875
20200902,14:25,249.35,256.50,249.35,252.15,675,173875
20200902,14:26,252.40,257.20,252.30,257.20,350,173875
20200902,14:27,257.00,257.50,253.50,253.50,375,172975
20200902,14:28,253.90,253.90,249.15,249.20,775,172975
20200902,14:29,247.80,257.20,247.80,257.20,575,172975
20200902,14:30,259.70,262.30,257.70,260.00,1125,169300
20200902,14:31,259.45,259.45,254.30,256.05,500,169300
20200902,14:32,255.50,261.05,253.45,259.20,450,169300
20200902,14:33,259.60,259.60,254.20,254.20,75,168900
20200902,14:34,258.25,262.00,255.35,258.85,1700,168900
20200902,14:35,255.90,255.90,249.60,252.10,1800,168900
20200902,14:36,252.40,257.00,245.40,249.65,1325,168875
20200902,14:37,247.35,247.35,242.90,245.00,700,168875
20200902,14:38,245.90,252.60,245.90,252.00,600,168875
20200902,14:39,250.60,250.70,249.95,250.70,225,168750
20200902,14:40,251.70,256.45,251.20,254.55,1175,168750
20200902,14:41,253.95,256.40,252.70,255.65,675,168750
20200902,14:42,255.65,256.75,251.35,251.35,950,167550
20200902,14:43,252.60,253.85,247.80,248.75,825,167550
20200902,14:44,246.80,251.60,245.75,251.00,1050,167550
20200902,14:45,251.75,254.60,251.05,252.45,1275,167150
20200902,14:46,249.95,249.95,243.95,244.80,1200,167150
20200902,14:47,245.15,246.10,240.25,244.30,2025,167150
20200902,14:48,243.85,246.20,243.10,243.55,1075,166350
20200902,14:49,243.00,245.00,241.75,241.75,1000,166350
20200902,14:50,240.50,240.50,235.50,240.35,1125,166350
20200902,14:51,240.50,242.70,240.05,242.70,175,166275
20200902,14:52,244.40,244.40,241.40,242.70,175,166275
20200902,14:53,243.50,245.70,243.50,245.00,125,166275
20200902,14:54,247.10,250.85,247.10,249.45,725,166500
20200902,14:55,250.15,256.00,250.00,254.90,1225,166500
20200902,14:56,255.90,257.45,254.15,255.20,1850,166500
20200902,14:57,256.45,256.75,252.05,252.05,325,165450
20200902,14:58,251.80,256.65,251.80,253.20,525,165450
20200902,14:59,251.80,256.15,251.80,253.45,1625,165450
20200902,15:00,253.50,255.20,246.25,246.25,1100,164300
20200902,15:01,246.05,251.60,245.80,251.60,200,164300
20200902,15:02,250.50,250.50,246.45,248.65,575,164300
20200902,15:03,245.70,247.80,244.50,246.05,875,163075
20200902,15:04,244.55,244.55,240.10,244.40,575,163075
20200902,15:05,244.55,244.55,243.85,243.85,50,163075
20200902,15:06,243.00,247.80,242.90,245.80,1625,162675
20200902,15:07,245.60,249.45,245.60,247.40,2675,162675
20200902,15:08,248.35,250.60,248.00,248.10,1700,162675
20200902,15:09,250.00,251.65,249.30,249.30,475,161825
20200902,15:10,248.15,254.50,248.15,251.45,2950,161825
20200902,15:11,250.85,250.85,247.30,247.30,525,161825
20200902,15:12,245.45,250.15,245.45,250.15,525,161825
20200902,15:13,247.25,247.25,245.35,246.10,2025,161225
20200902,15:14,247.00,248.00,244.55,246.00,1000,161225
20200902,15:15,244.20,244.20,241.15,243.15,1250,158900
20200902,15:16,243.80,244.05,242.70,243.25,525,158900
20200902,15:17,244.15,247.10,244.15,247.10,650,158900
20200902,15:18,246.40,247.60,245.70,246.70,250,158700
20200902,15:19,246.65,248.65,246.10,248.40,500,158700
20200902,15:20,248.55,248.55,246.70,248.50,375,158700
20200902,15:21,249.15,249.15,247.65,248.95,1500,158500
20200902,15:22,249.05,249.85,248.15,249.05,475,158500
20200902,15:23,249.10,250.00,248.35,248.55,1150,158500
20200902,15:24,248.80,249.80,247.75,248.45,775,157300
20200902,15:25,248.25,248.35,246.70,247.30,325,157300
20200902,15:26,245.50,247.15,245.05,245.60,250,157300
20200902,15:27,245.30,245.40,243.35,244.30,1850,157450
20200902,15:28,245.60,245.60,242.15,242.25,1250,157450
20200902,15:29,243.70,244.50,242.40,243.95,4400,157450
20200903,09:15,251.60,258.15,246.40,250.65,2351,154000
20200903,09:16,249.95,261.35,249.95,258.25,1425,154000
20200903,09:17,257.00,257.75,243.05,244.40,1875,153275
20200903,09:18,246.00,246.00,228.40,234.95,1100,153275
20200903,09:19,233.80,234.90,230.65,232.20,1450,153275
20200903,09:20,235.15,235.15,224.80,227.65,1800,154175
20200903,09:21,227.85,233.60,227.85,230.50,1350,154175
20200903,09:22,230.35,230.70,227.35,230.00,1425,154175
20200903,09:23,230.95,230.95,228.50,229.60,725,155750
20200903,09:24,226.50,229.15,225.25,228.00,1025,155750
20200903,09:25,227.10,230.00,224.90,229.30,575,155750
20200903,09:26,230.20,235.65,230.15,233.05,1175,156000
20200903,09:27,232.80,232.80,227.35,227.90,950,156000
20200903,09:28,228.80,232.75,226.25,231.55,1175,156000
20200903,09:29,231.05,231.30,227.50,229.50,250,155575
20200903,09:30,227.65,227.65,218.60,221.55,950,155575
20200903,09:31,220.80,223.30,218.80,218.80,1350,155575
20200903,09:32,217.20,223.75,216.80,223.75,1100,156725
20200903,09:33,223.60,225.85,223.00,223.90,200,156725
20200903,09:34,222.60,224.95,222.45,223.65,1000,156725
20200903,09:35,223.65,225.90,223.60,224.65,400,157150
20200903,09:36,224.45,227.25,224.45,227.25,275,157150
20200903,09:37,227.85,230.20,227.20,228.40,1025,157150
20200903,09:38,228.40,229.15,226.60,226.80,800,157375
20200903,09:39,224.85,224.85,224.05,224.05,125,157375
20200903,09:40,223.25,223.25,220.30,221.00,350,157375
20200903,09:41,220.05,222.60,220.05,222.60,225,157175
20200903,09:42,220.75,220.90,219.95,220.90,275,157175
20200903,09:43,219.55,219.55,218.00,218.30,1600,157175
20200903,09:44,218.00,218.00,216.45,216.45,1900,156975
20200903,09:45,212.80,220.30,212.80,220.30,775,156975
20200903,09:46,219.20,222.25,218.90,220.20,425,156975
20200903,09:47,220.25,221.60,220.00,220.10,500,158000
20200903,09:48,217.55,217.70,216.20,217.55,250,158000
20200903,09:49,218.95,218.95,217.20,217.20,250,158000
20200903,09:50,213.35,216.90,213.35,216.00,1175,157350
20200903,09:51,215.85,216.70,213.85,213.85,400,157350
20200903,09:52,212.45,212.45,212.40,212.40,75,157350
20200903,09:53,212.40,213.35,211.70,212.25,375,157375
20200903,09:54,211.00,211.00,204.15,209.45,1275,157375
20200903,09:55,209.00,209.00,205.65,206.90,1475,157375
20200903,09:56,207.00,209.85,207.00,208.80,1500,157100
20200903,09:57,208.70,208.75,205.35,205.75,600,157100
20200903,09:58,205.25,205.25,204.00,204.35,575,157100
20200903,09:59,201.00,204.00,197.45,204.00,1600,157150
20200903,10:00,203.10,203.45,201.75,202.00,300,157150
20200903,10:01,202.40,204.20,201.70,204.20,925,157150
20200903,10:02,204.70,204.70,202.85,204.45,1350,155550
20200903,10:03,204.45,205.10,202.00,202.25,2625,155550
20200903,10:04,203.65,206.00,202.60,205.65,1500,155550
20200903,10:05,205.80,207.80,204.70,207.80,825,155175
20200903,10:06,209.15,209.70,208.35,209.00,375,155175
20200903,10:07,209.75,210.95,209.75,210.95,100,155175
20200903,10:08,209.00,211.45,208.85,211.45,250,155375
20200903,10:09,211.40,212.35,211.00,211.00,525,155375
20200903,10:10,211.25,214.80,211.25,213.75,200,155375
20200903,10:11,212.30,213.00,211.55,212.45,200,155150
20200903,10:12,211.70,213.40,210.50,210.50,375,155150
20200903,10:13,210.00,210.00,205.50,207.10,225,155150
20200903,10:14,207.05,207.80,207.05,207.80,100,154950
20200903,10:15,209.90,209.90,209.90,209.90,50,154950
20200903,10:16,210.10,210.80,209.00,210.65,300,154950
20200903,10:17,210.05,210.10,209.80,209.80,150,154850
20200903,10:18,210.30,210.30,209.00,209.00,150,154850
20200903,10:19,210.05,210.40,208.35,208.35,175,154850
20200903,10:20,208.80,209.50,208.40,208.80,650,155225
20200903,10:21,209.65,209.80,208.00,208.45,325,155225
20200903,10:22,207.40,210.65,207.40,210.05,250,155225
20200903,10:24,212.70,214.65,211.35,211.35,175,155625
20200903,10:25,213.20,213.20,209.90,211.90,200,155625
20200903,10:26,216.90,216.90,211.25,211.25,250,155625
20200903,10:27,212.40,212.40,209.30,210.00,1225,155475
20200903,10:28,212.90,213.10,211.60,212.00,350,155475
20200903,10:29,210.10,210.10,208.35,208.35,425,154800
20200903,10:30,207.90,209.30,206.25,206.25,1550,154800
20200903,10:31,206.25,206.25,204.05,204.05,250,154800
20200903,10:32,204.00,204.65,203.00,203.00,475,155900
20200903,10:33,203.90,204.30,203.90,204.05,100,155900
20200903,10:34,203.90,204.30,203.00,204.10,625,155900
20200903,10:35,204.00,205.40,204.00,205.40,50,155625
20200903,10:36,205.00,205.85,203.20,205.85,1025,155625
20200903,10:37,206.10,206.25,205.15,205.65,500,155625
20200903,10:38,205.10,205.35,204.10,205.15,375,155550
20200903,10:39,204.30,204.55,200.50,204.00,625,155550
20200903,10:40,203.35,203.35,202.00,202.00,225,155550
20200903,10:41,202.00,203.00,201.95,202.20,300,155425
20200903,10:42,202.80,202.80,201.10,201.10,150,155425
20200903,10:43,203.60,205.00,203.60,204.40,750,155425
20200903,10:44,203.35,203.35,201.10,201.50,225,155075
20200903,10:45,200.65,200.65,196.00,196.00,1000,155075
20200903,10:46,197.70,199.55,197.70,199.30,725,155075
20200903,10:47,198.75,201.75,198.75,201.75,200,155075
20200903,10:48,202.95,203.35,202.95,203.35,200,155000
20200903,10:49,200.90,202.00,200.90,202.00,125,155000
20200903,10:50,203.00,205.00,202.35,203.00,575,155100
20200903,10:51,204.55,204.55,203.40,203.40,200,155100
20200903,10:52,204.10,204.10,203.05,203.05,100,155100
20200903,10:53,203.70,205.30,203.70,205.30,275,155100
20200903,10:54,204.40,204.40,202.90,204.00,575,155250
20200903,10:55,202.75,203.15,202.30,203.15,100,155250
20200903,10:56,203.90,204.40,203.80,203.80,150,155675
20200903,10:57,203.60,203.60,202.00,202.00,175,155675
20200903,10:58,200.75,201.95,200.75,201.95,75,155675
20200903,10:59,201.90,201.90,201.90,201.90,25,155675
20200903,11:00,201.60,204.75,201.60,203.95,300,155750
20200903,11:01,201.05,203.20,200.65,203.20,75,155750
20200903,11:02,202.00,202.45,202.00,202.20,125,155750
20200903,11:03,205.05,205.05,204.45,204.45,75,155900
20200903,11:04,203.25,203.25,203.25,203.25,25,155900
20200903,11:06,203.05,204.15,200.00,201.75,1400,155850
20200903,11:07,200.35,202.40,200.00,202.40,1050,155850
20200903,11:08,201.95,202.00,200.95,202.00,300,157525
20200903,11:09,201.25,201.25,201.25,201.25,25,157525
20200903,11:10,200.05,201.45,197.75,201.00,1000,157525
20200903,11:11,201.00,202.50,201.00,202.50,825,157425
20200903,11:12,200.90,200.90,200.90,200.90,25,157425
20200903,11:13,198.60,199.25,198.60,199.20,125,157425
20200903,11:14,201.15,202.35,199.95,200.00,275,157500
20200903,11:15,198.20,199.85,197.00,199.85,475,157500
20200903,11:16,201.45,202.30,201.40,202.00,125,157500
20200903,11:17,200.75,200.75,200.60,200.60,250,157500
20200903,11:18,197.15,199.55,196.70,199.55,150,157600
20200903,11:19,199.65,200.00,199.65,200.00,75,157600
20200903,11:20,199.85,200.25,199.85,200.25,75,157600
20200903,11:21,201.05,203.45,201.05,203.45,225,157675
20200903,11:22,203.00,203.00,201.75,201.75,250,157675
20200903,11:23,201.05,201.05,200.75,200.75,300,157675
20200903,11:25,203.60,203.60,201.80,201.80,300,157750
20200903,11:27,202.80,202.80,199.00,199.00,450,157625
20200903,11:28,199.00,201.50,199.00,201.25,400,157625
20200903,11:29,200.55,200.75,198.20,199.85,450,157725
20200903,11:30,196.65,196.65,185.50,187.35,2450,157725
20200903,11:31,188.30,190.55,187.70,188.55,775,157725
20200903,11:32,188.35,188.35,182.50,187.50,1450,157575
20200903,11:33,183.45,186.20,183.45,184.95,1300,157575
20200903,11:34,184.00,186.40,180.70,186.40,1725,157575
20200903,11:35,185.45,186.60,180.05,183.00,1400,158250
20200903,11:36,183.70,186.10,182.00,186.10,675,158250
20200903,11:37,185.80,187.95,185.35,187.95,275,158250
20200903,11:38,188.65,188.65,187.95,187.95,150,158250
20200903,11:39,186.05,187.65,185.90,187.65,200,158575
20200903,11:40,187.50,188.25,183.60,184.25,350,158575
20200903,11:41,184.70,184.75,182.35,182.90,200,158450
20200903,11:42,183.05,184.65,183.05,184.65,250,158450
20200903,11:43,183.20,183.20,180.80,181.10,375,158450
20200903,11:44,180.85,182.10,178.00,178.00,875,158500
20200903,11:45,179.90,184.70,177.80,184.50,825,158500
20200903,11:46,184.70,185.55,184.50,184.65,700,158500
20200903,11:47,184.65,185.80,184.05,185.20,650,159275
20200903,11:48,184.90,185.95,184.10,185.15,150,159275
20200903,11:49,184.50,185.10,184.30,185.00,125,159275
20200903,11:50,185.80,186.60,185.50,186.60,150,159275
20200903,11:51,187.00,187.00,187.00,187.00,225,159325
20200903,11:52,189.55,189.55,189.55,189.55,75,159325
20200903,11:53,187.65,187.65,185.20,185.20,375,159425
20200903,11:54,186.15,186.15,184.80,185.00,100,159425
20200903,11:55,187.90,187.90,184.80,185.15,350,159425
20200903,11:56,185.50,185.50,184.00,184.00,50,159425
20200903,11:57,184.85,185.95,184.85,185.60,400,159600
20200903,11:58,185.50,185.60,184.00,185.60,475,159600
20200903,11:59,187.00,187.00,186.55,186.60,150,159600
20200903,12:00,188.70,188.70,187.85,187.85,100,160150
20200903,12:01,187.35,187.80,187.35,187.80,75,160150
20200903,12:02,187.60,188.80,187.60,188.80,500,160150
20200903,12:03,188.80,189.70,188.80,189.20,100,160575
20200903,12:04,190.00,191.30,189.00,191.30,125,160575
20200903,12:05,190.80,190.80,187.90,187.90,1000,160650
20200903,12:06,188.05,189.00,188.00,189.00,175,160650
20200903,12:07,189.00,189.80,187.75,187.75,200,160650
20200903,12:08,188.10,188.35,185.50,185.75,925,161450
20200903,12:09,185.70,187.10,185.70,187.10,575,161450
20200903,12:10,185.00,185.00,182.85,183.15,300,161450
20200903,12:11,182.85,182.85,180.00,182.30,1000,162225
20200903,12:12,181.40,183.80,180.90,183.80,575,162225
20200903,12:13,183.75,183.75,176.80,176.80,1000,162225
20200903,12:14,178.40,180.65,178.40,180.20,1350,162225
20200903,12:15,180.35,181.75,180.00,181.75,400,162575
20200903,12:16,181.95,182.00,180.00,180.75,475,162575
20200903,12:17,181.30,181.85,180.05,180.05,325,162575
20200903,12:18,180.75,181.00,180.40,181.00,175,162075
20200903,12:19,180.75,180.75,180.75,180.75,50,162075
20200903,12:21,179.80,179.80,178.15,179.00,200,162100
20200903,12:22,178.40,178.40,175.00,177.35,1050,162100
20200903,12:23,176.20,178.25,176.20,177.45,525,163000
20200903,12:24,178.15,180.05,177.55,178.20,1050,163000
20200903,12:25,179.40,179.90,178.15,178.80,525,163000
20200903,12:26,178.90,179.40,175.30,176.05,850,163000
20200903,12:27,177.60,178.65,177.60,178.15,275,164125
20200903,12:28,180.60,180.90,178.95,179.45,575,164125
20200903,12:29,178.15,178.25,177.70,177.75,425,164800
20200903,12:30,176.70,178.45,176.70,177.55,275,164800
20200903,12:31,177.05,180.70,176.25,180.70,500,164800
20200903,12:32,180.70,182.45,180.35,182.45,700,164800
20200903,12:33,181.75,181.75,181.75,181.75,25,164800
20200903,12:34,182.05,183.30,182.05,183.30,275,165025
20200903,12:35,183.95,184.15,182.40,183.80,150,165025
20200903,12:37,183.45,183.45,183.15,183.15,75,165050
20200903,12:38,183.75,188.45,183.75,186.15,225,165050
20200903,12:39,185.85,185.85,183.95,184.45,350,165125
20200903,12:40,188.45,190.20,188.45,189.20,200,165125
20200903,12:41,190.05,190.30,188.35,188.35,600,165125
20200903,12:42,189.85,193.30,189.85,193.30,525,165500
20200903,12:43,192.90,196.55,192.90,194.90,500,165500
20200903,12:44,191.55,192.80,191.55,192.80,250,165500
20200903,12:45,192.20,195.10,192.20,195.00,300,165650
20200903,12:46,193.50,193.50,191.75,191.75,1400,165650
20200903,12:47,190.00,190.00,188.85,189.20,350,165650
20200903,12:48,189.55,191.00,189.55,190.65,1225,166450
20200903,12:49,189.10,189.10,187.75,187.75,100,166450
20200903,12:50,190.10,190.40,189.55,190.40,150,166450
20200903,12:52,193.65,193.65,191.85,191.85,150,165900
20200903,12:54,194.20,196.00,194.00,194.30,200,165900
20200903,12:55,195.90,196.00,193.65,193.65,200,165900
20200903,12:56,195.00,196.00,195.00,195.40,75,165900
20200903,12:57,194.00,194.00,194.00,194.00,75,165775
20200903,12:58,194.00,194.00,192.65,192.85,275,165775
20200903,12:59,192.60,192.95,192.60,192.95,125,165775
20200903,13:00,191.35,198.60,191.35,196.90,650,165700
20200903,13:01,198.40,198.60,196.15,196.15,450,165700
20200903,13:02,197.25,197.50,193.60,193.60,250,165700
20200903,13:03,193.45,194.80,193.45,194.80,1225,166000
20200903,13:04,195.95,196.90,195.95,196.90,50,166000
20200903,13:05,200.50,200.50,197.75,198.00,1000,166000
20200903,13:06,199.70,201.10,198.40,198.40,250,166800
20200903,13:07,197.80,197.80,195.20,195.55,200,166800
20200903,13:08,196.05,198.85,195.00,198.10,550,166800
20200903,13:09,197.50,198.05,196.45,196.45,225,166725
20200903,13:10,196.15,196.15,195.80,195.80,125,166725
20200903,13:11,193.55,194.60,190.30,192.15,250,166725
20200903,13:12,191.10,192.50,191.10,192.50,200,166750
20200903,13:13,191.90,192.30,191.00,192.30,450,166750
20200903,13:14,192.25,192.25,190.70,191.10,275,166750
20200903,13:15,190.55,190.70,189.15,190.70,225,166575
20200903,13:16,191.10,193.80,191.10,193.20,100,166575
20200903,13:17,191.20,191.20,190.40,190.40,75,166575
20200903,13:18,189.60,189.60,189.60,189.60,25,166575
20200903,13:19,191.45,191.45,190.50,190.50,100,166600
20200903,13:20,191.90,192.80,190.70,192.80,150,166600
20200903,13:22,190.00,190.00,189.50,190.00,275,166625
20200903,13:23,191.45,191.55,191.45,191.55,50,166625
20200903,13:24,190.00,190.05,190.00,190.05,100,166775
20200903,13:25,191.30,191.45,190.35,191.45,100,166775
20200903,13:26,192.70,194.05,192.70,194.05,125,166775
20200903,13:27,193.15,193.15,191.60,192.50,100,166925
20200903,13:28,191.50,193.55,191.50,193.55,225,166925
20200903,13:29,191.75,191.75,191.75,191.75,50,166925
20200903,13:30,190.15,190.65,190.15,190.65,125,167100
20200903,13:31,188.70,188.70,183.55,184.25,700,167100
20200903,13:32,185.40,186.35,185.40,186.35,125,167100
20200903,13:33,185.20,185.20,181.60,183.15,250,167225
20200903,13:34,183.60,184.85,183.60,184.75,100,167225
20200903,13:35,184.00,184.00,180.20,182.20,250,167225
20200903,13:36,182.20,182.25,182.00,182.25,225,167475
20200903,13:37,183.10,185.15,183.10,185.15,125,167475
20200903,13:38,185.00,185.00,184.40,184.40,100,167475
20200903,13:39,182.00,182.00,182.00,182.00,25,167350
20200903,13:40,184.15,184.30,182.90,184.30,250,167350
20200903,13:41,184.35,185.00,183.40,185.00,225,167350
20200903,13:42,186.25,186.55,186.00,186.55,225,167475
20200903,13:43,186.55,186.55,186.55,186.55,650,167475
20200903,13:44,186.55,189.30,186.50,189.30,325,167475
20200903,13:45,190.00,192.00,190.00,190.00,600,168000
20200903,13:46,190.05,191.20,189.00,189.00,375,168000
20200903,13:47,187.10,188.25,187.10,187.60,425,168000
20200903,13:49,188.75,190.35,188.75,189.35,350,168375
20200903,13:50,189.05,189.05,189.05,189.05,75,168375
20200903,13:51,187.75,187.75,186.60,186.75,100,168400
20200903,13:53,183.00,184.00,182.45,182.55,300,168400
20200903,13:54,182.35,182.75,182.15,182.75,125,168375
20200903,13:55,187.50,187.60,186.85,186.85,75,168375
20200903,13:57,185.95,185.95,184.65,184.65,100,168375
20200903,13:59,187.00,188.10,187.00,187.75,75,168375
20200903,14:00,193.70,195.95,193.70,195.10,725,168375
20200903,14:01,194.90,194.90,192.85,194.25,550,168375
20200903,14:02,193.30,193.30,192.05,192.05,200,168375
20200903,14:03,192.45,192.45,192.45,192.45,25,168375
20200903,14:04,192.45,192.45,190.45,191.75,950,168225
20200903,14:05,191.10,191.10,185.25,185.25,1250,168225
20200903,14:06,185.40,186.00,184.25,184.25,325,170000
20200903,14:07,184.95,186.40,184.95,186.40,225,170000
20200903,14:08,185.70,185.70,182.90,183.60,175,170000
20200903,14:09,182.55,182.65,182.55,182.65,50,170050
20200903,14:10,182.15,184.65,182.15,184.60,750,170050
20200903,14:11,185.40,185.75,184.35,185.15,225,170050
20200903,14:12,184.85,185.05,182.75,183.25,400,168800
20200903,14:13,182.95,182.95,182.90,182.95,300,168800
20200903,14:14,182.55,182.55,178.95,182.20,1100,168800
20200903,14:15,181.50,182.75,179.35,182.75,650,168750
20200903,14:16,182.00,182.75,181.20,182.45,775,168750
20200903,14:17,183.50,183.50,183.50,183.50,25,168750
20200903,14:18,184.70,186.10,184.70,186.10,150,168900
20200903,14:19,185.35,187.55,185.35,187.55,200,168900
20200903,14:20,188.25,189.85,188.00,188.35,275,168900
20200903,14:21,188.80,188.80,187.75,188.00,400,168325
20200903,14:22,186.05,187.35,185.85,186.85,275,168325
20200903,14:23,186.85,188.35,186.30,187.75,1125,168325
20200903,14:24,188.50,190.95,188.50,190.95,300,168150
20200903,14:25,193.35,195.05,191.20,193.45,425,168150
20200903,14:26,192.45,192.45,190.05,190.60,400,168150
20200903,14:27,190.50,190.50,188.65,188.65,125,168125
20200903,14:28,188.95,189.05,187.20,187.70,350,168125
20200903,14:29,190.90,191.20,190.30,191.20,125,168125
20200903,14:30,189.35,189.65,186.65,186.65,375,168325
20200903,14:31,186.85,189.25,186.85,187.85,325,168325
20200903,14:32,187.65,187.85,187.20,187.85,150,168325
20200903,14:33,188.10,189.10,186.40,186.55,925,167875
20200903,14:34,185.25,186.30,183.95,183.95,250,167875
20200903,14:35,185.00,186.80,184.70,184.90,1050,167875
20200903,14:36,183.95,184.15,182.50,183.35,1275,167650
20200903,14:37,185.00,185.30,183.85,183.85,100,167650
20200903,14:38,182.65,184.85,182.65,183.40,125,167650
20200903,14:39,183.30,184.25,183.30,183.95,350,167600
20200903,14:40,183.50,183.50,181.85,182.60,200,167600
20200903,14:41,182.95,185.90,181.80,183.70,575,167600
20200903,14:42,185.35,185.85,185.05,185.10,150,167600
20200903,14:43,183.65,183.65,183.00,183.00,350,168000
20200903,14:44,183.00,184.00,183.00,183.80,475,168000
20200903,14:45,183.80,185.50,183.80,185.50,250,167675
20200903,14:46,186.80,186.85,186.00,186.70,200,167675
20200903,14:47,186.10,186.70,184.70,184.70,450,167675
20200903,14:48,183.65,184.55,183.65,184.20,75,167600
20200903,14:49,183.20,183.55,181.75,182.35,900,167600
20200903,14:50,181.50,181.70,180.90,181.70,400,167600
20200903,14:51,183.75,184.40,183.15,183.15,575,167350
20200903,14:52,181.95,181.95,181.60,181.85,575,167350
20200903,14:53,181.00,183.15,181.00,182.85,275,167350
20200903,14:54,182.00,182.25,178.70,178.70,875,166725
20200903,14:55,176.75,176.75,171.60,172.50,1175,166725
20200903,14:56,173.10,173.10,163.95,167.90,4250,166725
20200903,14:57,169.05,172.95,169.05,171.50,675,166875
20200903,14:58,170.75,174.00,170.45,173.00,9850,166875
20200903,14:59,171.55,173.00,165.00,165.75,4225,166875
20200903,15:00,165.70,166.20,161.35,162.60,2000,162800
20200903,15:01,160.15,164.35,159.00,163.25,1675,162800
20200903,15:02,164.00,166.55,164.00,165.80,550,162800
20200903,15:03,163.50,166.10,163.50,164.20,2025,162875
20200903,15:04,164.50,164.90,163.25,164.15,975,162875
20200903,15:05,165.60,167.15,164.85,164.85,2125,162875
20200903,15:06,163.95,165.50,163.90,164.40,700,163625
20200903,15:07,164.30,164.50,163.15,163.15,800,163625
20200903,15:08,162.80,162.80,160.05,160.05,675,163625
20200903,15:09,161.30,161.30,156.90,156.90,675,163300
20200903,15:10,156.45,157.10,153.80,153.80,3750,163300
20200903,15:11,153.00,153.15,145.15,145.30,6675,163300
20200903,15:12,145.00,145.00,143.05,144.35,6450,166100
20200903,15:13,144.40,148.10,143.60,148.10,2700,166100
20200903,15:14,148.05,149.70,148.05,149.00,2550,166100
20200903,15:15,148.55,149.95,148.10,148.60,1550,167800
20200903,15:16,148.10,148.85,146.15,146.15,750,167800
20200903,15:17,146.25,146.75,142.65,142.85,1975,167800
20200903,15:18,145.40,149.50,144.70,149.00,3450,167900
20200903,15:19,149.40,150.70,149.25,150.70,4325,167900
20200903,15:20,152.05,154.05,152.05,154.05,425,167900
20200903,15:21,154.05,155.80,153.40,155.35,1475,169150
20200903,15:22,154.70,156.85,154.70,155.95,3750,169150
20200903,15:23,156.35,159.35,156.05,159.15,1175,169150
20200903,15:24,159.70,161.25,159.30,159.30,1400,172125
20200903,15:25,158.65,159.45,156.20,156.20,3850,172125
20200903,15:26,158.10,159.00,157.50,159.00,675,172125
20200903,15:27,158.35,159.05,157.50,157.50,1575,171975
20200903,15:28,158.00,158.25,156.05,157.55,1850,171975
20200903,15:29,157.25,157.70,154.05,154.05,2475,171975
20200904,09:15,125.00,125.00,80.60,88.90,3276,168650
20200904,09:16,89.80,98.50,85.00,93.95,6525,168650
20200904,09:17,91.70,100.00,91.70,98.05,5650,169375
20200904,09:18,98.00,100.85,96.60,99.05,6400,169375
20200904,09:19,97.40,98.00,93.80,94.00,3700,169375
20200904,09:20,94.00,94.55,91.30,92.05,5825,167775
20200904,09:21,90.95,93.50,90.95,93.00,2650,167775
20200904,09:22,93.00,93.00,86.70,89.00,3450,167775
20200904,09:23,88.75,91.00,88.75,90.05,4350,168025
20200904,09:24,90.35,92.05,89.75,91.25,3725,168025
20200904,09:25,91.55,91.90,89.80,91.00,4350,168025
20200904,09:26,90.50,92.40,89.65,89.65,4225,165450
20200904,09:27,89.60,89.60,86.70,87.00,2800,165450
20200904,09:28,87.50,89.00,84.90,85.30,4250,165450
20200904,09:29,84.95,84.95,84.00,84.25,300,163975
20200904,09:30,82.30,84.20,81.00,83.40,3825,163975
20200904,09:31,83.55,83.90,79.15,79.15,6950,163975
20200904,09:32,79.65,81.30,79.10,81.30,5975,162875
20200904,09:33,81.85,85.40,81.85,85.00,1425,162875
20200904,09:34,85.75,86.15,84.55,86.00,2925,162875
20200904,09:35,86.00,86.05,83.05,85.30,4400,165800
20200904,09:36,85.65,85.85,83.85,85.15,2300,165800
20200904,09:37,85.30,85.65,84.05,85.55,975,165800
20200904,09:38,85.35,86.35,85.20,85.45,575,166750
20200904,09:39,85.45,95.00,85.45,88.95,7850,166750
20200904,09:40,88.25,91.90,88.25,90.35,3825,166750
20200904,09:41,91.00,91.90,89.35,90.00,3925,167900
20200904,09:42,90.20,92.00,90.00,90.00,4350,167900
20200904,09:43,90.35,90.40,89.05,89.30,600,167900
20200904,09:44,89.20,89.20,85.35,86.25,2775,167700
20200904,09:45,87.90,90.05,87.20,90.05,1925,167700
20200904,09:46,89.95,92.00,89.65,92.00,1400,167700
20200904,09:47,92.65,93.10,91.05,92.85,1350,167775
20200904,09:48,91.70,96.50,91.45,95.75,825,167775
20200904,09:49,94.80,95.75,93.80,94.00,1075,167775
20200904,09:50,95.00,103.90,95.00,100.65,2375,167850
20200904,09:51,101.25,102.20,98.00,98.85,2000,167850
20200904,09:52,98.75,100.50,98.60,100.35,925,167850
20200904,09:53,101.05,101.05,99.15,100.00,1050,167825
20200904,09:54,100.35,102.15,100.35,101.20,875,167825
20200904,09:55,104.95,104.95,101.00,101.70,475,167825
20200904,09:56,101.00,101.00,97.65,97.65,525,167075
20200904,09:57,97.75,98.15,95.30,98.15,850,167075
20200904,09:58,98.10,98.10,95.30,95.75,450,167075
20200904,09:59,96.15,97.05,96.15,97.05,100,167375
20200904,10:00,98.30,100.65,98.30,100.65,1275,167375
20200904,10:01,98.75,98.80,97.55,97.55,125,167375
20200904,10:02,97.50,98.30,96.10,97.00,975,167050
20200904,10:03,96.60,97.00,95.90,95.90,1150,167050
20200904,10:04,96.05,97.00,96.05,97.00,450,167050
20200904,10:05,97.00,98.15,93.90,93.90,1700,168150
20200904,10:06,95.25,95.50,93.00,94.60,925,168150
20200904,10:07,96.75,98.05,96.75,97.00,250,168150
20200904,10:08,96.90,96.90,94.75,95.40,1975,168650
20200904,10:09,94.55,95.00,93.00,93.00,225,168650
20200904,10:10,93.00,94.25,93.00,94.25,75,168650
20200904,10:11,95.00,96.40,94.80,95.85,925,169650
20200904,10:12,95.05,95.80,94.80,95.10,1325,169650
20200904,10:13,94.45,95.90,93.65,94.65,1900,169650
20200904,10:14,95.00,95.95,94.70,95.95,675,170875
20200904,10:15,96.15,96.40,95.95,96.40,125,170875
20200904,10:16,96.00,96.45,96.00,96.20,150,170875
20200904,10:17,96.25,96.80,94.80,96.80,625,170875
20200904,10:18,96.45,97.00,96.00,96.50,1075,170875
20200904,10:19,96.55,97.05,95.70,96.90,625,170875
20200904,10:20,96.70,96.95,96.05,96.05,300,171375
20200904,10:21,94.40,94.90,94.40,94.45,150,171375
20200904,10:22,94.65,94.65,94.10,94.25,125,171375
20200904,10:23,94.65,94.65,92.95,92.95,500,171450
20200904,10:24,93.30,94.20,91.00,93.00,725,171450
20200904,10:25,92.50,92.50,91.30,91.30,50,171450
20200904,10:26,93.20,94.00,93.20,93.70,475,170975
20200904,10:27,94.00,94.00,94.00,94.00,25,170975
20200904,10:28,93.85,93.85,92.95,92.95,1150,170975
20200904,10:29,93.00,93.55,92.25,92.90,650,171025
20200904,10:30,93.00,94.85,92.95,93.35,975,171025
20200904,10:31,92.85,92.85,90.40,92.05,975,171025
20200904,10:32,91.95,92.45,91.15,92.35,600,171675
20200904,10:33,92.00,92.35,92.00,92.35,75,171675
20200904,10:34,92.15,93.95,92.15,93.75,625,171675
20200904,10:35,93.15,93.15,91.90,91.90,225,171700
20200904,10:36,91.90,92.55,91.90,92.55,175,171700
20200904,10:37,93.00,93.00,92.00,92.00,650,171700
20200904,10:38,92.00,93.35,92.00,93.10,1125,171250
20200904,10:39,92.85,94.20,92.45,93.15,2200,171250
20200904,10:40,93.65,93.75,92.50,92.50,1150,171250
20200904,10:41,92.50,92.95,91.45,91.45,1650,172050
20200904,10:42,91.60,92.90,91.60,92.50,925,172050
20200904,10:43,92.45,92.45,91.00,91.65,1450,172050
20200904,10:44,92.00,92.25,91.90,92.25,75,172050
20200904,10:45,92.65,94.55,92.65,94.00,925,171825
20200904,10:46,94.90,95.50,94.90,95.50,75,171825
20200904,10:47,96.05,96.45,95.90,95.90,250,171825
20200904,10:48,96.05,96.05,96.05,96.05,25,172250
20200904,10:49,94.70,94.70,93.65,93.65,50,172250
20200904,10:50,93.30,93.65,92.85,92.85,250,172225
20200904,10:51,91.90,91.90,91.45,91.45,125,172225
20200904,10:53,91.70,91.70,91.70,91.70,25,172125
20200904,10:54,90.60,90.75,90.60,90.75,50,172125
20200904,10:55,91.35,91.35,91.25,91.25,50,172125
20200904,10:56,91.05,91.05,91.05,91.05,300,172125
20200904,10:57,90.00,90.00,89.10,89.10,200,172275
20200904,10:58,89.90,89.90,89.40,89.40,200,172275
20200904,10:59,89.50,90.45,89.50,90.00,425,172250
20200904,11:00,90.30,92.05,90.30,91.10,2025,172250
20200904,11:01,91.00,91.00,89.65,89.65,1075,172250
20200904,11:02,90.05,90.05,90.05,90.05,25,171575
20200904,11:03,90.45,90.45,90.35,90.35,50,171575
20200904,11:04,90.85,90.85,89.25,89.25,400,171575
20200904,11:05,88.75,88.75,88.75,88.75,50,171575
20200904,11:06,90.00,91.70,90.00,91.10,450,171275
20200904,11:07,90.75,91.65,90.75,90.95,550,171275
20200904,11:08,91.10,91.75,90.75,91.75,175,171425
20200904,11:09,91.70,91.70,91.00,91.00,550,171425
20200904,11:10,91.35,91.35,91.35,91.35,75,171425
20200904,11:11,91.80,91.80,90.80,91.15,450,171125
20200904,11:12,91.10,94.15,90.60,92.30,625,171125
20200904,11:13,92.60,93.05,92.50,93.05,350,171125
20200904,11:14,92.95,93.00,92.60,92.60,325,171025
20200904,11:15,92.30,95.90,92.30,93.70,975,171025
20200904,11:16,93.45,93.45,93.00,93.00,475,171025
20200904,11:17,93.50,93.65,92.75,92.75,200,170225
20200904,11:18,93.05,93.60,92.90,92.95,200,170225
20200904,11:19,92.95,92.95,92.85,92.85,200,170225
20200904,11:20,93.15,93.55,92.95,92.95,350,170475
20200904,11:21,92.05,92.05,92.05,92.05,25,170475
20200904,11:22,92.00,92.05,91.85,91.85,225,170475
20200904,11:23,91.85,91.85,91.85,91.85,100,170475
20200904,11:24,91.60,91.85,91.60,91.80,100,170475
20200904,11:25,92.00,92.00,92.00,92.00,50,170475
20200904,11:26,92.25,93.65,92.25,93.65,75,169475
20200904,11:27,92.70,92.70,90.90,90.90,225,169475
20200904,11:28,91.05,91.05,90.55,90.55,100,169475
20200904,11:29,90.40,90.60,88.55,90.60,375,169525
20200904,11:30,90.70,91.80,90.70,91.40,100,169525
20200904,11:31,90.95,91.05,90.95,91.05,75,169525
20200904,11:32,90.60,91.45,90.60,91.45,300,169300
20200904,11:33,90.50,90.50,90.50,90.50,25,169300
20200904,11:34,90.00,90.00,89.15,89.95,100,169300
20200904,11:35,90.00,90.95,90.00,90.30,375,169325
20200904,11:36,89.95,89.95,89.95,89.95,25,169325
20200904,11:37,90.45,90.45,90.45,90.45,400,169325
20200904,11:38,91.30,91.80,91.05,91.10,250,169625
20200904,11:39,91.35,91.40,90.30,90.40,325,169625
20200904,11:40,90.85,91.60,90.85,91.60,400,169625
20200904,11:41,91.35,91.35,89.35,89.35,200,170075
20200904,11:42,88.25,88.25,88.25,88.25,25,170075
20200904,11:43,89.00,89.45,88.75,89.35,125,170075
20200904,11:44,88.90,89.15,88.75,89.15,125,170175
20200904,11:45,89.35,89.35,88.80,88.80,550,170175
20200904,11:46,89.50,89.50,89.05,89.05,100,170175
20200904,11:47,88.75,88.75,88.50,88.65,100,170175
20200904,11:48,88.95,88.95,88.25,88.25,125,170550
20200904,11:49,88.00,88.50,88.00,88.50,300,170550
20200904,11:50,88.10,88.10,87.60,87.70,525,170925
20200904,11:51,87.85,88.40,87.45,87.85,225,170925
20200904,11:52,87.85,87.85,87.40,87.40,150,170925
20200904,11:53,87.80,88.00,87.80,88.00,50,170925
20200904,11:55,88.85,88.85,88.55,88.55,75,170000
20200904,11:56,89.05,89.05,89.05,89.05,25,170000
20200904,11:57,88.40,88.40,86.45,86.50,725,170000
20200904,11:58,87.05,87.05,87.05,87.05,25,170000
20200904,11:59,87.50,87.50,87.50,87.50,25,170000
20200904,12:00,88.05,88.25,88.05,88.25,250,169975
20200904,12:01,88.25,88.40,88.25,88.40,100,169975
20200904,12:02,88.00,88.00,87.90,87.90,75,170025
20200904,12:03,89.65,89.65,89.65,89.65,25,170025
20200904,12:04,89.90,90.65,89.90,90.45,125,170025
20200904,12:05,89.85,90.70,89.85,90.50,375,170075
20200904,12:06,90.25,90.25,90.00,90.00,225,170075
20200904,12:07,89.75,90.75,89.75,90.50,450,170075
20200904,12:08,90.90,90.95,90.15,90.15,225,170075
20200904,12:09,89.25,89.25,88.60,88.60,50,170325
20200904,12:10,88.50,89.20,88.50,89.20,200,170325
20200904,12:11,89.20,89.45,88.80,89.45,175,170075
20200904,12:12,89.40,89.40,89.00,89.00,100,170075
20200904,12:13,89.10,89.20,89.10,89.10,150,170075
20200904,12:14,89.20,89.95,89.20,89.95,100,170050
20200904,12:15,90.00,97.00,90.00,94.00,1175,170050
20200904,12:16,95.30,95.30,94.00,94.00,275,170050
20200904,12:17,93.80,94.30,93.55,93.95,400,170225
20200904,12:18,94.05,94.60,93.90,94.25,950,170225
20200904,12:19,94.70,94.70,93.45,93.75,400,170225
20200904,12:20,93.75,94.70,93.75,94.70,1050,170550
20200904,12:21,95.15,96.15,95.15,95.45,650,170550
20200904,12:22,95.75,95.75,95.05,95.05,150,170550
20200904,12:23,95.05,95.05,93.30,93.30,600,170700
20200904,12:24,94.30,97.00,94.30,95.85,825,170700
20200904,12:25,97.35,100.90,97.30,98.50,2150,170700
20200904,12:26,98.10,98.10,97.25,97.25,175,168750
20200904,12:27,97.20,97.75,95.55,95.55,300,168750
20200904,12:28,96.00,96.00,94.25,94.35,475,168750
20200904,12:29,94.60,95.55,94.60,95.55,75,168750
20200904,12:30,94.80,94.80,92.30,93.05,425,168700
20200904,12:31,93.55,93.55,90.95,90.95,550,168700
20200904,12:32,90.20,90.20,89.70,89.70,200,168700
20200904,12:33,90.55,90.60,88.45,88.55,650,168675
20200904,12:34,89.75,90.20,89.00,89.00,775,168675
20200904,12:35,89.20,89.25,88.45,88.45,725,168675
20200904,12:36,88.90,89.10,88.90,89.00,175,169425
20200904,12:37,89.85,91.40,89.85,90.70,350,169425
20200904,12:38,90.50,91.15,90.00,90.00,600,169200
20200904,12:39,89.65,90.00,89.55,89.95,375,169200
20200904,12:41,90.95,92.95,90.95,92.95,150,169200
20200904,12:42,92.40,92.40,92.40,92.40,25,169650
20200904,12:43,93.65,93.65,93.55,93.55,50,169650
20200904,12:44,92.10,92.10,91.05,91.05,100,169650
20200904,12:45,91.35,93.60,91.35,93.40,475,169650
20200904,12:46,94.80,94.80,93.95,93.95,225,169650
20200904,12:47,94.15,94.15,94.15,94.15,25,169650
20200904,12:48,94.00,94.00,93.00,93.15,675,169600
20200904,12:49,93.15,94.00,93.10,94.00,500,169600
20200904,12:50,94.00,95.55,94.00,95.15,250,169600
20200904,12:51,95.80,97.25,95.35,96.75,525,169600
20200904,12:52,96.45,97.55,96.05,96.05,475,169600
20200904,12:53,94.90,95.95,94.75,95.95,650,170000
20200904,12:54,95.75,96.00,95.75,95.85,75,170000
20200904,12:55,99.05,102.00,99.00,99.00,4975,170000
20200904,12:56,99.05,100.00,99.05,99.10,200,171525
20200904,12:57,98.60,103.75,98.40,100.25,1625,171525
20200904,12:58,100.05,100.85,99.10,100.20,625,171525
20200904,12:59,100.20,101.45,99.95,100.35,1400,171500
20200904,13:00,101.75,102.40,101.05,102.40,600,171500
20200904,13:01,103.00,107.40,103.00,105.30,2650,171500
20200904,13:02,105.00,105.00,102.55,102.55,1000,171500
20200904,13:03,102.55,102.55,100.00,101.25,2425,171400
20200904,13:04,102.30,102.55,102.30,102.35,275,171400
20200904,13:05,102.05,102.90,99.05,99.05,450,172900
20200904,13:06,99.00,100.65,98.75,100.65,325,172900
20200904,13:07,101.55,101.75,100.25,101.15,325,172900
20200904,13:08,100.45,102.90,100.45,102.30,250,172900
20200904,13:09,102.80,103.45,102.40,103.00,700,172650
20200904,13:10,103.15,107.90,103.15,106.25,1100,172650
20200904,13:11,106.80,106.80,103.95,104.05,400,172650
20200904,13:12,104.50,105.85,104.50,105.85,1000,172275
20200904,13:13,106.05,108.50,106.05,106.65,450,172275
20200904,13:14,106.40,106.40,105.10,105.40,200,171775
20200904,13:15,107.05,108.50,106.75,106.75,925,171775
20200904,13:16,107.05,110.00,106.50,107.05,1600,171775
20200904,13:17,106.90,107.05,105.10,107.05,550,171600
20200904,13:18,106.15,110.00,106.10,109.10,1275,171600
20200904,13:19,109.30,109.75,108.85,109.75,325,171600
20200904,13:20,109.25,110.20,107.90,107.90,250,171600
20200904,13:21,107.95,108.15,105.00,105.00,1075,171075
20200904,13:22,104.75,106.75,104.75,106.40,325,171075
20200904,13:23,106.10,106.10,104.10,105.60,125,171075
20200904,13:24,106.00,106.00,104.95,104.95,100,171425
20200904,13:25,105.50,106.50,105.50,106.50,75,171425
20200904,13:26,105.90,106.40,105.00,105.00,250,171425
20200904,13:27,102.75,103.85,101.80,103.00,875,171250
20200904,13:28,103.75,105.65,103.75,104.50,625,171250
20200904,13:29,105.95,106.00,105.50,105.50,175,171250
20200904,13:30,107.00,107.00,107.00,107.00,200,171225
20200904,13:31,107.50,109.30,107.50,108.90,275,171225
20200904,13:32,109.50,110.00,108.50,108.85,175,171225
20200904,13:33,109.35,109.35,107.45,107.75,425,170425
20200904,13:34,107.40,108.45,107.40,108.35,350,170425
20200904,13:35,107.90,108.95,107.90,108.95,125,170425
20200904,13:36,109.05,109.40,105.00,105.90,1000,170000
20200904,13:37,105.25,105.25,102.00,103.80,500,170000
20200904,13:38,103.90,103.90,97.95,100.20,3450,170000
20200904,13:39,99.35,100.00,97.90,97.95,925,169375
20200904,13:40,99.90,101.30,99.90,101.20,1050,169375
20200904,13:41,98.00,101.15,98.00,100.95,275,169375
20200904,13:42,100.50,101.30,100.35,100.75,375,169275
20200904,13:43,102.60,103.00,100.45,100.45,875,169275
20200904,13:44,102.35,102.35,100.45,100.95,725,169275
20200904,13:45,102.75,102.75,102.35,102.35,100,168825
20200904,13:46,103.05,105.00,103.05,104.30,250,168825
20200904,13:47,104.55,104.55,104.25,104.35,75,168825
20200904,13:48,104.25,104.25,103.15,103.30,125,169175
20200904,13:49,103.25,103.25,103.10,103.10,75,169175
20200904,13:50,104.25,104.25,103.20,103.20,350,169175
20200904,13:51,102.70,102.70,101.00,101.00,250,168925
20200904,13:52,101.45,102.00,100.50,100.50,275,168925
20200904,13:53,100.30,100.30,100.30,100.30,50,168925
20200904,13:54,101.25,101.25,101.25,101.25,125,169000
20200904,13:55,98.50,101.00,98.50,101.00,100,169000
20200904,13:56,102.70,102.70,102.40,102.70,125,169000
20200904,13:57,103.65,103.70,103.65,103.70,75,168700
20200904,13:58,103.25,103.25,101.65,101.90,500,168700
20200904,13:59,103.05,103.05,100.00,100.00,175,168700
20200904,14:00,100.95,100.95,100.90,100.90,50,168625
20200904,14:01,99.95,100.55,93.50,96.75,750,168625
20200904,14:02,96.40,98.05,96.40,98.05,200,168625
20200904,14:03,97.95,98.30,97.65,98.00,200,168500
20200904,14:04,98.00,98.00,97.85,97.85,50,168500
20200904,14:05,101.50,102.30,100.80,101.00,625,168500
20200904,14:07,98.35,98.35,97.90,97.90,50,168950
20200904,14:08,98.50,98.50,91.85,92.40,125,168950
20200904,14:09,96.15,96.75,96.15,96.40,100,168925
20200904,14:10,97.10,97.10,96.25,96.25,75,168925
20200904,14:11,95.50,95.80,95.50,95.80,50,168925
20200904,14:12,92.70,94.55,92.55,94.55,200,168975
20200904,14:13,95.15,96.35,95.15,96.00,350,168975
20200904,14:14,96.70,96.70,96.00,96.00,50,168975
20200904,14:15,95.50,95.50,94.10,95.45,150,168975
20200904,14:16,94.20,94.95,94.20,94.95,75,168975
20200904,14:17,96.00,97.30,95.90,97.05,300,168975
20200904,14:18,98.90,98.90,97.25,97.25,75,169025
20200904,14:19,96.95,97.35,96.70,96.75,125,169025
20200904,14:20,98.50,98.85,98.50,98.85,50,169025
20200904,14:21,98.00,98.45,98.00,98.45,100,169050
20200904,14:22,97.50,97.50,96.80,97.45,350,169050
20200904,14:23,96.30,97.00,96.30,97.00,175,169050
20200904,14:24,96.85,96.85,96.00,96.00,175,169250
20200904,14:25,95.20,97.00,94.60,97.00,425,169250
20200904,14:26,96.00,96.00,94.95,95.50,775,169250
20200904,14:27,94.20,94.20,92.60,92.60,600,169075
20200904,14:28,90.00,90.00,87.95,89.50,450,169075
20200904,14:29,89.45,89.45,86.20,88.55,600,169075
20200904,14:30,88.55,88.55,85.45,87.30,950,169300
20200904,14:31,89.85,90.95,89.50,89.85,1050,169300
20200904,14:32,89.35,89.60,88.25,88.25,1075,169300
20200904,14:33,89.60,89.70,88.20,89.55,1525,169150
20200904,14:34,90.40,90.65,89.50,89.50,325,169150
20200904,14:35,89.45,90.45,85.05,85.05,575,169150
20200904,14:36,86.25,87.80,86.25,87.80,50,169150
20200904,14:37,87.80,89.35,87.05,88.40,350,169150
20200904,14:38,85.55,86.80,85.20,85.80,300,169150
20200904,14:39,84.70,85.30,82.15,85.30,250,168825
20200904,14:40,83.55,83.55,79.20,81.25,1000,168825
20200904,14:41,80.75,82.85,80.75,81.95,425,168825
20200904,14:42,82.55,83.85,82.25,83.00,675,168775
20200904,14:43,83.30,84.05,81.55,83.20,1050,168775
20200904,14:44,82.95,83.45,80.00,83.45,475,168775
20200904,14:45,82.00,82.00,80.25,80.25,325,168975
20200904,14:46,80.10,80.10,76.55,76.55,1175,168975
20200904,14:47,76.05,77.95,76.05,77.95,475,168975
20200904,14:48,77.25,80.50,77.00,80.15,700,169200
20200904,14:49,78.65,78.65,73.85,77.30,7750,169200
20200904,14:50,76.00,76.45,72.75,75.75,2175,169200
20200904,14:51,78.35,79.10,78.35,78.65,325,168500
20200904,14:52,79.50,80.20,78.00,78.00,1325,168500
20200904,14:53,78.20,79.70,75.55,79.70,625,168500
20200904,14:54,78.55,85.00,78.05,84.80,2325,167925
20200904,14:55,83.45,83.45,80.00,80.65,300,167925
20200904,14:56,80.20,80.30,78.05,79.20,1300,167925
20200904,14:57,77.65,79.50,77.25,78.95,1150,167950
20200904,14:58,81.05,81.05,78.05,80.05,775,167950
20200904,14:59,80.85,80.85,79.65,80.80,175,167950
20200904,15:00,80.45,80.45,75.75,77.60,225,167250
20200904,15:01,78.20,79.85,78.20,79.85,50,167250
20200904,15:02,79.40,79.85,79.00,79.65,225,167250
20200904,15:03,79.55,79.55,77.80,78.40,250,167100
20200904,15:04,78.00,78.70,77.25,78.70,450,167100
20200904,15:05,78.90,80.00,78.85,79.35,925,167100
20200904,15:06,81.70,82.05,80.00,80.00,425,167025
20200904,15:07,80.30,80.30,79.50,80.00,150,167025
20200904,15:08,80.75,81.85,79.90,81.60,700,167025
20200904,15:09,81.65,83.20,81.65,81.80,875,166525
20200904,15:10,81.00,83.90,81.00,83.90,750,166525
20200904,15:11,84.00,84.00,83.05,83.05,300,166525
20200904,15:12,83.60,88.50,83.60,87.05,1075,166350
20200904,15:13,86.35,86.65,85.85,86.65,350,166350
20200904,15:14,85.70,86.15,84.45,86.15,1350,166350
20200904,15:15,86.55,86.55,84.00,84.00,775,165625
20200904,15:16,83.00,83.85,83.00,83.50,425,165625
20200904,15:17,83.45,84.70,83.05,83.50,675,165625
20200904,15:18,83.10,84.25,82.90,84.20,900,165800
20200904,15:19,83.70,84.60,83.45,84.25,675,165800
20200904,15:20,84.05,86.95,84.05,86.25,2800,165800
20200904,15:21,85.95,85.95,83.90,84.00,300,165275
20200904,15:22,84.15,85.95,84.15,85.95,200,165275
20200904,15:23,84.10,85.60,84.10,85.60,700,165275
20200904,15:24,85.20,85.50,85.00,85.00,200,165075
20200904,15:25,84.80,85.05,83.75,83.75,700,165075
20200904,15:26,84.80,84.80,84.00,84.30,550,165075
20200904,15:27,83.90,84.85,83.70,83.70,950,164675
20200904,15:28,83.70,84.15,83.00,84.15,650,164675
20200904,15:29,82.90,84.90,82.90,84.75,800,164675
20200907,09:15,70.00,78.75,57.50,64.05,3327,160975
20200907,09:16,63.65,67.80,62.85,63.60,2375,160975
20200907,09:17,65.00,66.50,63.55,64.85,1050,160200
20200907,09:18,65.50,76.15,65.50,75.80,1725,160200
20200907,09:19,72.55,73.50,71.85,72.00,1600,160200
20200907,09:20,73.45,73.45,70.05,70.05,400,161150
20200907,09:21,70.00,71.55,66.70,70.00,650,161150
20200907,09:22,71.25,71.25,69.00,69.00,1225,161150
20200907,09:23,69.10,70.00,67.85,67.85,400,160900
20200907,09:24,67.85,67.85,63.60,63.60,1450,160900
20200907,09:25,63.60,65.50,62.35,63.00,2450,160900
20200907,09:26,64.55,64.55,61.55,63.80,900,162150
20200907,09:27,63.80,65.50,62.70,65.50,275,162150
20200907,09:28,65.40,66.00,63.95,66.00,425,162150
20200907,09:29,65.10,65.45,63.00,65.15,125,161975
20200907,09:30,64.10,64.10,62.00,62.00,1650,161975
20200907,09:31,64.00,64.00,63.35,63.35,225,161975
20200907,09:32,62.20,64.00,62.20,64.00,325,162725
20200907,09:33,63.95,64.00,63.00,63.00,400,162725
20200907,09:34,63.90,64.15,63.05,63.55,375,162725
20200907,09:35,63.55,63.55,60.85,60.85,575,162075
20200907,09:36,61.95,62.00,61.40,61.40,100,162075
20200907,09:37,62.00,64.50,61.80,62.95,700,162075
20200907,09:38,62.85,65.00,62.85,63.70,800,162100
20200907,09:39,63.75,63.90,63.25,63.75,425,162100
20200907,09:40,63.70,64.00,62.95,62.95,125,162100
20200907,09:41,61.40,61.40,60.25,61.00,250,162550
20200907,09:42,60.15,61.15,60.15,60.55,400,162550
20200907,09:43,62.00,62.00,60.35,61.90,400,162550
20200907,09:44,61.90,61.90,60.00,60.75,675,162475
20200907,09:45,59.55,62.85,59.55,62.85,625,162475
20200907,09:46,63.10,67.90,62.35,66.30,1525,162475
20200907,09:47,67.65,68.75,67.50,68.50,975,162875
20200907,09:48,69.90,73.20,69.90,73.20,2125,162875
20200907,09:49,73.05,73.05,69.25,69.25,250,162875
20200907,09:50,71.80,75.05,71.80,73.15,1150,163325
20200907,09:51,73.95,74.35,72.20,72.35,1450,163325
20200907,09:52,72.20,73.75,70.50,73.55,1050,163325
20200907,09:53,74.50,78.00,74.50,76.95,525,163700
20200907,09:54,76.70,76.70,74.40,75.15,450,163700
20200907,09:55,76.50,77.00,75.00,75.00,1325,163700
20200907,09:56,74.40,74.60,73.00,73.00,275,164575
20200907,09:57,73.00,73.00,73.00,73.00,75,164575
20200907,09:58,72.05,73.85,72.05,73.85,700,164575
20200907,09:59,73.95,74.00,73.95,74.00,75,165175
20200907,10:00,72.25,72.25,67.05,67.05,425,165175
20200907,10:01,69.75,70.00,69.55,70.00,150,165175
20200907,10:02,71.20,72.45,70.30,72.45,425,164325
20200907,10:03,71.50,71.50,70.40,71.15,400,164325
20200907,10:04,70.50,71.30,70.35,70.80,450,164325
20200907,10:05,71.95,72.50,71.65,72.50,700,163650
20200907,10:06,72.05,74.00,72.05,74.00,175,163650
20200907,10:07,75.00,75.30,74.85,75.10,350,163650
20200907,10:08,74.05,74.05,74.05,74.05,50,163675
20200907,10:09,74.15,75.20,73.90,74.80,375,163675
20200907,10:10,74.90,74.90,73.90,74.25,100,163675
20200907,10:11,73.60,74.95,73.60,74.90,150,163825
20200907,10:12,75.30,75.30,74.75,74.75,150,163825
20200907,10:13,74.60,75.40,74.60,75.40,75,163825
20200907,10:14,74.75,74.75,74.75,74.75,100,163825
20200907,10:15,75.00,75.00,74.65,74.65,100,163850
20200907,10:16,73.80,74.05,73.80,74.05,250,163850
20200907,10:17,73.45,73.45,72.00,72.00,550,164000
20200907,10:18,71.60,71.60,69.75,69.75,475,164000
20200907,10:19,69.35,69.35,67.40,67.45,875,164000
20200907,10:20,67.40,68.10,67.30,67.75,750,164600
20200907,10:21,68.60,68.60,67.00,67.40,775,164600
20200907,10:22,67.15,68.70,67.15,68.65,375,164600
20200907,10:23,68.55,68.65,67.25,68.65,300,165100
20200907,10:24,70.40,70.40,70.25,70.25,125,165100
20200907,10:25,70.30,70.95,70.30,70.95,75,165100
20200907,10:26,70.30,70.80,69.65,69.95,400,165075
20200907,10:27,70.20,70.35,69.95,70.30,350,165075
20200907,10:28,70.55,70.70,70.15,70.15,400,165075
20200907,10:29,70.85,70.85,69.70,69.70,225,165550
20200907,10:30,69.00,70.05,69.00,70.05,250,165550
20200907,10:31,70.30,70.30,69.90,70.00,350,165550
20200907,10:32,70.60,70.80,70.60,70.80,325,165025
20200907,10:34,71.90,72.40,71.30,72.30,175,165025
20200907,10:35,71.75,71.75,71.75,71.75,50,165025
20200907,10:36,70.25,70.25,69.95,69.95,100,165050
20200907,10:38,68.80,69.35,68.80,69.35,400,164875
20200907,10:39,69.65,69.65,69.65,69.65,75,164875
20200907,10:40,69.50,69.50,68.30,68.30,175,164875
20200907,10:41,68.60,69.20,68.60,69.20,200,164875
20200907,10:42,68.85,68.85,68.85,68.85,50,164225
20200907,10:43,67.05,68.20,67.05,68.20,200,164225
20200907,10:44,68.20,68.20,67.70,67.70,50,164225
20200907,10:45,68.75,68.75,68.60,68.60,125,164150
20200907,10:46,64.75,65.30,64.20,64.20,575,164150
20200907,10:47,65.05,65.20,65.00,65.20,200,164150
20200907,10:48,65.55,65.80,65.15,65.80,125,164300
20200907,10:49,65.85,66.30,65.85,66.30,50,164300
20200907,10:50,66.65,66.65,66.65,66.65,50,164300
20200907,10:51,67.60,67.60,67.60,67.60,25,164350
20200907,10:52,66.10,66.10,65.10,65.10,300,164350
20200907,10:53,65.70,65.70,63.45,64.90,1625,164225
20200907,10:54,65.15,66.45,65.15,65.80,300,164225
20200907,10:55,65.80,65.80,65.80,65.80,250,164225
20200907,10:56,65.85,66.50,65.80,66.50,125,164075
20200907,10:57,65.95,67.30,65.95,67.30,50,164075
20200907,10:58,66.65,66.65,65.65,66.10,400,164075
20200907,10:59,65.65,65.95,64.60,64.60,575,164125
20200907,11:00,65.60,65.85,65.55,65.85,75,164125
20200907,11:01,65.40,65.40,64.50,64.50,50,164125
20200907,11:02,64.25,64.85,64.25,64.80,75,164075
20200907,11:03,66.00,67.55,66.00,67.40,650,164075
20200907,11:04,66.65,66.90,66.50,66.90,75,164075
20200907,11:05,66.55,66.55,66.55,66.55,50,164075
20200907,11:07,66.15,66.15,65.50,65.95,500,164000
20200907,11:08,65.90,67.15,65.90,67.15,150,163975
20200907,11:10,67.05,70.00,67.05,70.00,350,163975
20200907,11:11,68.60,68.60,67.30,67.70,450,163975
20200907,11:12,67.65,69.55,67.65,69.20,250,163925
20200907,11:13,69.50,69.50,68.65,68.65,125,163925
20200907,11:14,68.10,68.10,66.95,67.30,75,163850
20200907,11:15,68.35,70.75,68.35,70.75,1000,163850
20200907,11:17,68.75,68.95,68.45,68.45,475,164275
20200907,11:18,68.70,69.30,68.70,69.30,200,164275
20200907,11:19,69.30,69.70,69.30,69.70,100,164275
20200907,11:20,69.60,70.10,69.60,69.60,125,164275
20200907,11:21,69.05,69.95,68.55,68.55,500,164425
20200907,11:22,68.45,68.45,68.45,68.45,75,164425
20200907,11:23,67.90,68.75,67.90,68.75,675,164550
20200907,11:24,67.55,69.30,67.55,69.30,525,164550
20200907,11:25,68.65,68.65,66.50,66.50,275,164550
20200907,11:26,67.50,68.25,67.50,68.25,150,164600
20200907,11:28,67.40,68.25,67.40,67.90,150,164600
20200907,11:29,67.55,68.30,67.20,67.20,525,164625
20200907,11:30,67.70,70.00,67.70,69.55,1550,164625
20200907,11:31,70.05,70.05,69.85,69.85,50,164625
20200907,11:32,70.50,72.70,69.85,70.95,675,165675
20200907,11:33,70.85,71.10,70.55,70.70,675,165675
20200907,11:34,70.10,70.20,70.10,70.20,50,165675
20200907,11:35,70.70,70.75,70.45,70.45,950,165675
20200907,11:36,68.55,69.20,68.55,69.20,100,166625
20200907,11:37,69.00,70.15,68.05,69.95,400,166625
20200907,11:38,68.80,68.80,68.00,68.00,125,166350
20200907,11:39,68.00,68.55,68.00,68.00,725,166350
20200907,11:42,69.20,69.20,68.00,68.00,375,165850
20200907,11:43,68.00,68.00,68.00,68.00,25,165850
20200907,11:44,68.50,68.95,68.50,68.95,150,165775
20200907,11:45,69.20,69.20,69.20,69.20,50,165775
20200907,11:46,69.90,70.50,69.50,70.50,175,165775
20200907,11:47,71.05,72.00,71.00,71.00,350,165600
20200907,11:48,71.00,71.00,71.00,71.00,925,165600
20200907,11:49,71.05,71.05,71.05,71.05,100,165600
20200907,11:50,70.05,70.05,70.00,70.00,825,165600
20200907,11:51,69.00,69.00,69.00,69.00,25,166325
20200907,11:52,67.60,67.60,67.60,67.60,25,166325
20200907,11:53,67.80,67.80,66.25,67.30,175,166375
20200907,11:54,67.05,67.05,67.05,67.05,25,166375
20200907,11:55,65.55,66.50,65.00,66.50,275,166375
20200907,11:57,66.60,67.00,66.60,67.00,100,166400
20200907,11:58,67.55,67.55,66.75,66.75,275,166400
20200907,12:00,66.35,66.35,66.35,66.35,125,164800
20200907,12:01,67.30,67.30,67.00,67.00,50,164800
20200907,12:02,68.00,68.00,68.00,68.00,25,164800
20200907,12:03,69.00,69.00,69.00,69.00,25,164800
20200907,12:04,68.90,68.90,68.30,68.30,150,164800
20200907,12:05,67.90,67.90,67.90,67.90,75,164800
20200907,12:06,65.00,66.35,65.00,65.55,250,164825
20200907,12:07,65.00,65.00,64.95,64.95,75,164825
20200907,12:08,65.45,66.15,65.05,66.15,300,164825
20200907,12:09,66.55,66.90,66.55,66.90,100,165125
20200907,12:10,66.70,67.50,66.70,67.50,50,165125
20200907,12:11,66.95,66.95,66.80,66.80,225,165125
20200907,12:12,67.90,67.90,67.50,67.50,425,165050
20200907,12:13,67.50,67.50,67.50,67.50,25,165050
20200907,12:14,67.10,67.10,67.00,67.00,175,164575
20200907,12:15,67.00,67.50,67.00,67.50,100,164575
20200907,12:16,67.45,67.70,67.45,67.70,50,164575
20200907,12:17,67.05,67.05,67.00,67.05,100,164600
20200907,12:18,67.00,67.00,67.00,67.00,775,164600
20200907,12:19,65.70,66.05,65.70,66.05,125,164600
20200907,12:20,66.05,66.05,65.00,65.00,300,164600
20200907,12:21,66.00,66.00,63.10,64.20,325,165675
20200907,12:22,64.70,64.70,63.90,64.30,375,165675
20200907,12:23,65.50,66.15,65.50,65.60,225,165675
20200907,12:25,65.95,66.45,65.95,66.45,150,165950
20200907,12:26,67.05,67.05,66.05,67.05,150,165150
20200907,12:27,66.15,66.15,65.50,65.50,150,165150
20200907,12:28,65.50,65.50,65.05,65.05,475,165150
20200907,12:30,66.60,66.60,65.00,65.05,500,165525
20200907,12:32,66.75,68.65,66.75,68.65,500,165525
20200907,12:33,67.95,67.95,67.55,67.55,175,165225
20200907,12:34,67.45,68.50,67.45,68.50,350,165225
20200907,12:35,68.00,68.00,68.00,68.00,25,165225
20200907,12:36,68.90,68.90,68.10,68.10,225,163775
20200907,12:37,69.00,69.00,68.00,68.00,150,163775
20200907,12:38,68.50,68.50,68.50,68.50,75,163775
20200907,12:39,68.50,68.50,68.00,68.00,1400,163700
20200907,12:40,68.00,68.00,68.00,68.00,500,163700
20200907,12:41,68.40,69.05,68.40,69.05,125,163700
20200907,12:42,69.00,69.00,68.55,69.00,800,163000
20200907,12:43,68.55,69.15,68.50,68.50,650,163000
20200907,12:45,67.55,67.55,65.00,65.30,675,161575
20200907,12:46,65.20,65.20,64.10,64.70,1725,161575
20200907,12:47,64.35,64.35,64.00,64.00,425,161575
20200907,12:48,64.00,64.80,63.25,64.40,1150,163475
20200907,12:49,65.15,65.15,65.15,65.15,50,163475
20200907,12:50,65.00,65.00,65.00,65.00,100,163475
20200907,12:51,65.05,65.90,65.05,65.90,125,164000
20200907,12:52,66.30,66.70,66.30,66.70,200,164000
20200907,12:53,66.05,66.15,66.00,66.00,400,164000
20200907,12:54,66.65,66.65,65.35,65.60,275,164300
20200907,12:55,65.35,66.90,65.35,66.35,275,164300
20200907,12:57,66.00,66.10,65.60,65.60,300,164500
20200907,12:58,64.85,65.45,64.85,65.45,500,164500
20200907,12:59,65.00,65.00,65.00,65.00,25,164500
20200907,13:00,67.05,67.05,67.05,67.05,100,161550
20200907,13:01,67.05,67.05,67.05,67.05,200,161550
20200907,13:02,66.00,66.00,65.70,65.70,125,161550
20200907,13:03,64.50,64.50,64.35,64.35,150,161625
20200907,13:04,63.95,63.95,63.15,63.15,425,161625
20200907,13:05,63.40,63.75,63.10,63.55,300,161625
20200907,13:06,64.15,65.00,64.15,65.00,200,161775
20200907,13:07,65.10,65.50,65.10,65.40,150,161775
20200907,13:08,64.50,64.55,64.50,64.50,400,161775
20200907,13:09,64.25,64.70,64.00,64.00,250,161975
20200907,13:11,64.85,64.85,64.85,64.85,25,161975
20200907,13:12,65.80,65.80,65.80,65.80,50,161975
20200907,13:13,64.85,64.85,64.85,64.85,150,161675
20200907,13:14,65.80,66.05,65.50,66.05,425,161675
20200907,13:15,65.80,68.75,65.80,68.10,1925,162425
20200907,13:16,68.10,68.60,68.10,68.60,250,162425
20200907,13:17,68.30,68.30,67.10,67.10,625,162425
20200907,13:18,67.00,67.05,67.00,67.05,50,163000
20200907,13:19,67.00,67.00,65.00,65.00,75,163000
20200907,13:20,65.25,65.25,65.25,65.25,175,163000
20200907,13:21,65.75,66.10,65.70,66.10,150,161400
20200907,13:22,66.60,67.60,66.40,66.60,150,161400
20200907,13:23,67.25,68.10,66.90,66.90,150,161400
20200907,13:24,67.40,67.40,66.90,66.90,75,160900
20200907,13:26,66.05,66.05,64.35,64.35,150,160900
20200907,13:27,64.00,64.90,64.00,64.60,100,160925
20200907,13:28,64.35,64.35,64.35,64.35,175,160925
20200907,13:29,64.80,66.00,64.80,66.00,125,160925
20200907,13:30,65.50,65.50,65.50,65.50,25,160200
20200907,13:31,65.50,65.50,63.00,63.10,350,160200
20200907,13:32,62.65,63.25,62.65,63.25,200,160200
20200907,13:33,63.15,64.60,63.15,63.15,300,160325
20200907,13:34,63.75,65.70,63.75,64.15,175,160325
20200907,13:35,64.80,64.80,64.75,64.75,225,160325
20200907,13:36,64.95,64.95,64.50,64.50,100,160400
20200907,13:37,64.05,64.25,64.05,64.25,300,160400
20200907,13:38,64.25,64.25,64.00,64.00,50,160400
20200907,13:39,65.35,65.35,65.10,65.10,100,160650
20200907,13:40,64.85,64.85,64.15,64.50,150,160650
20200907,13:41,64.60,64.60,64.10,64.10,175,160650
20200907,13:42,64.40,65.05,64.40,65.05,325,160900
20200907,13:43,65.00,65.00,64.75,64.75,100,160900
20200907,13:44,65.10,65.10,64.15,64.15,175,160900
20200907,13:45,63.85,64.15,63.35,63.80,600,160350
20200907,13:46,63.20,64.80,63.20,64.80,175,160350
20200907,13:47,64.45,64.75,64.45,64.75,50,160350
20200907,13:48,63.55,63.55,63.10,63.35,250,160750
20200907,13:49,63.00,63.05,61.00,62.65,1025,160750
20200907,13:50,62.65,62.65,62.65,62.65,125,160750
20200907,13:55,63.30,63.30,63.30,63.30,75,161575
20200907,13:58,64.00,64.70,64.00,64.70,125,160675
20200907,13:59,64.65,65.70,64.65,65.70,100,160675
20200907,14:02,64.15,64.15,64.15,64.15,25,160725
20200907,14:04,64.05,65.15,64.05,65.15,700,160750
20200907,14:05,64.05,64.25,64.00,64.10,225,160750
20200907,14:07,64.00,64.00,63.15,63.15,125,161000
20200907,14:08,64.45,65.55,64.45,65.20,225,161000
20200907,14:09,64.45,67.25,64.45,67.25,225,160975
20200907,14:10,66.90,71.90,66.90,70.90,2200,160975
20200907,14:11,69.20,69.90,68.30,68.80,550,160975
20200907,14:12,69.20,69.20,67.30,68.65,500,161575
20200907,14:13,68.15,68.15,68.00,68.00,150,161575
20200907,14:14,67.30,67.30,66.25,66.25,50,161575
20200907,14:15,67.35,67.35,65.85,65.95,300,161550
20200907,14:16,66.85,66.85,63.60,65.20,1675,161550
20200907,14:17,65.40,65.40,64.70,64.70,225,161550
20200907,14:18,65.10,65.45,65.00,65.00,250,160975
20200907,14:19,65.05,65.05,65.05,65.05,25,160975
20200907,14:20,65.40,65.40,64.85,65.40,225,160975
20200907,14:21,65.40,65.95,65.40,65.95,125,159925
20200907,14:22,64.70,65.15,64.20,65.05,525,159925
20200907,14:23,64.90,64.90,64.40,64.55,300,159925
20200907,14:24,64.55,64.55,64.55,64.55,50,159850
20200907,14:25,64.75,64.75,64.75,64.75,50,159850
20200907,14:26,65.35,65.35,64.25,64.30,175,159850
20200907,14:27,65.05,65.05,64.80,64.80,50,159975
20200907,14:28,64.70,65.00,64.55,64.75,200,159975
20200907,14:29,64.80,64.80,62.00,62.00,125,159975
20200907,14:30,60.55,60.55,55.50,57.00,3425,160150
20200907,14:31,58.05,59.00,58.00,59.00,1350,160150
20200907,14:32,58.70,59.75,58.70,58.95,525,160150
20200907,14:33,58.05,58.05,56.30,57.15,800,160900
20200907,14:34,56.70,56.70,54.45,54.45,1350,160900
20200907,14:35,54.00,54.00,50.80,53.30,2400,160900
20200907,14:36,53.40,54.50,52.80,53.70,1375,160875
20200907,14:37,54.55,55.65,54.50,55.65,1025,160875
20200907,14:38,55.05,55.90,53.55,54.00,625,160875
20200907,14:39,54.30,54.30,50.75,51.85,1825,161150
20200907,14:40,50.55,52.55,50.50,52.55,800,161150
20200907,14:41,52.80,55.80,52.80,55.00,1125,161150
20200907,14:42,54.90,55.00,53.90,54.50,500,160075
20200907,14:43,53.70,53.70,52.85,53.00,1475,160075
20200907,14:44,53.00,55.10,53.00,53.60,2400,160075
20200907,14:45,53.45,54.05,53.15,53.70,575,161025
20200907,14:46,54.65,56.50,54.50,54.50,550,161025
20200907,14:47,55.20,55.20,54.35,54.35,375,161025
20200907,14:48,54.45,54.45,53.95,54.00,2225,160850
20200907,14:49,54.00,54.30,53.70,53.70,750,160850
20200907,14:50,54.10,54.15,53.60,54.00,975,160850
20200907,14:51,54.00,54.00,51.35,51.35,1025,160625
20200907,14:52,52.30,52.80,51.35,52.80,1825,160625
20200907,14:53,52.90,54.15,51.90,54.15,1150,160625
20200907,14:54,53.00,53.15,53.00,53.15,125,160675
20200907,14:55,53.20,54.00,53.20,53.50,300,160675
20200907,14:56,53.50,53.50,53.35,53.35,225,160675
20200907,14:57,53.55,54.15,53.00,54.10,750,162925
20200907,14:58,54.20,54.20,52.30,52.80,725,162925
20200907,14:59,52.70,53.60,52.55,52.55,925,162925
20200907,15:00,53.00,56.95,53.00,56.15,1700,164600
20200907,15:01,56.55,56.95,56.15,56.60,300,164600
20200907,15:02,57.00,58.45,57.00,57.20,175,164600
20200907,15:03,57.00,57.00,56.20,56.25,1550,164050
20200907,15:04,56.60,59.55,56.60,59.55,325,164050
20200907,15:05,59.45,59.50,59.25,59.35,200,164050
20200907,15:06,58.00,58.00,58.00,58.00,25,159375
20200907,15:07,58.60,59.05,58.60,59.05,325,159375
20200907,15:08,58.30,59.35,58.00,59.35,300,159375
20200907,15:09,59.00,60.10,59.00,60.10,750,159375
20200907,15:10,59.95,60.00,58.65,60.00,150,158875
20200907,15:11,59.05,59.05,58.55,58.55,300,158875
20200907,15:12,59.60,59.60,58.95,59.10,550,158925
20200907,15:13,59.90,59.95,59.05,59.05,950,158925
20200907,15:14,58.45,60.00,58.45,59.70,650,158925
20200907,15:15,60.50,61.55,60.25,61.50,1175,158925
20200907,15:16,62.10,63.00,62.10,63.00,700,158775
20200907,15:17,63.50,63.50,62.55,63.15,875,158775
20200907,15:18,62.75,64.55,62.75,64.15,1400,157925
20200907,15:19,63.90,64.45,63.70,64.00,1100,157925
20200907,15:20,63.80,63.80,60.15,60.15,425,157925
20200907,15:21,61.00,61.00,60.50,60.90,1175,157925
20200907,15:22,60.70,60.85,60.15,60.15,375,158400
20200907,15:23,61.00,61.65,60.20,61.10,1325,158400
20200907,15:24,62.05,62.05,60.65,61.30,1075,158525
20200907,15:25,60.45,61.50,60.20,60.90,1275,158525
20200907,15:26,61.00,61.40,59.95,60.70,1475,158525
20200907,15:27,61.30,61.55,60.30,61.55,1575,159450
20200907,15:28,61.50,62.15,60.95,61.60,1125,159450
20200907,15:29,61.70,62.15,58.70,58.70,1750,159450
20200908,09:15,51.60,51.65,50.05,51.00,177,159650
20200908,09:16,52.35,53.00,50.00,50.50,1525,159650
20200908,09:17,51.15,51.55,50.35,51.55,1550,160025
20200908,09:18,51.30,52.10,50.15,50.15,225,160025
20200908,09:19,50.15,52.20,50.15,52.20,750,160025
20200908,09:20,52.80,52.90,52.75,52.75,525,160300
20200908,09:21,53.10,55.50,53.10,54.45,2525,160300
20200908,09:22,54.50,54.65,53.10,53.70,700,160300
20200908,09:23,53.00,54.05,52.75,53.85,750,160500
20200908,09:24,53.65,55.90,53.45,55.10,1825,160500
20200908,09:25,55.25,55.50,54.85,54.85,475,160500
20200908,09:26,54.45,54.90,54.00,54.00,200,160300
20200908,09:27,54.00,54.65,54.00,54.65,275,160300
20200908,09:28,54.20,55.05,53.85,54.70,1100,160300
20200908,09:29,54.50,54.50,54.10,54.10,825,159650
20200908,09:30,53.80,53.90,52.35,52.35,1075,159650
20200908,09:31,52.85,53.30,52.55,52.95,1025,159650
20200908,09:32,52.95,52.95,51.05,51.35,1150,159025
20200908,09:33,51.75,51.90,50.80,50.80,825,159025
20200908,09:34,50.80,52.20,50.80,52.20,350,159025
20200908,09:35,51.40,51.40,50.70,51.00,850,158625
20200908,09:36,51.30,52.55,51.30,51.55,450,158625
20200908,09:37,52.25,53.30,52.25,53.10,450,158625
20200908,09:38,52.50,52.75,52.15,52.50,1250,158150
20200908,09:39,51.90,51.95,51.40,51.95,375,158150
20200908,09:40,51.65,52.55,51.65,52.50,800,158150
20200908,09:41,52.65,52.65,52.00,52.25,1625,158350
20200908,09:42,52.70,53.20,52.70,52.80,900,158350
20200908,09:43,52.90,53.75,52.50,52.50,1100,158350
20200908,09:44,53.15,53.80,53.15,53.55,775,158375
20200908,09:45,53.30,54.00,53.20,54.00,925,158375
20200908,09:46,53.95,54.80,53.90,54.45,750,158375
20200908,09:47,54.30,55.75,54.15,55.35,875,158800
20200908,09:48,54.55,54.85,54.55,54.85,400,158800
20200908,09:49,53.75,53.75,52.75,52.75,175,158800
20200908,09:50,52.75,52.90,52.75,52.90,50,158150
20200908,09:51,53.20,53.55,53.20,53.45,175,158150
20200908,09:52,54.00,54.00,53.25,53.45,600,158150
20200908,09:53,53.50,53.50,52.30,52.75,125,157975
20200908,09:54,52.65,52.70,52.05,52.05,525,157975
20200908,09:55,52.40,52.90,52.25,52.25,725,157975
20200908,09:56,52.75,52.75,51.65,52.15,600,157925
20200908,09:57,52.40,52.40,51.55,51.65,350,157925
20200908,09:58,51.65,51.65,51.00,51.00,75,157925
20200908,09:59,51.55,51.60,51.00,51.30,250,157975
20200908,10:00,49.85,50.40,49.85,50.40,750,157975
20200908,10:01,50.75,51.25,50.50,51.25,400,157975
20200908,10:02,51.20,51.20,50.55,50.55,75,158200
20200908,10:03,50.90,50.90,50.80,50.80,150,158200
20200908,10:04,51.15,51.15,51.15,51.15,25,158200
20200908,10:05,52.00,52.15,51.65,52.15,100,158200
20200908,10:06,52.00,52.35,51.80,51.80,150,158125
20200908,10:07,52.15,52.50,52.15,52.50,125,158125
20200908,10:08,52.00,53.10,52.00,52.35,400,158025
20200908,10:09,51.45,51.65,51.40,51.40,325,158025
20200908,10:10,52.30,52.45,52.25,52.45,225,158025
20200908,10:11,52.05,52.10,51.75,51.95,250,157725
20200908,10:12,51.60,51.60,51.35,51.35,75,157725
20200908,10:14,51.30,51.30,51.30,51.30,25,157725
20200908,10:15,51.65,51.90,51.10,51.90,150,157725
20200908,10:16,51.75,52.65,51.75,52.45,675,157725
20200908,10:17,52.45,53.65,52.45,53.65,375,157675
20200908,10:18,53.10,53.35,53.00,53.35,175,157675
20200908,10:19,53.40,53.40,52.95,52.95,300,157675
20200908,10:20,53.00,54.00,52.80,54.00,200,157750
20200908,10:21,53.75,53.75,53.20,53.20,175,157750
20200908,10:22,52.70,52.80,52.70,52.80,125,157750
20200908,10:23,52.55,52.55,52.55,52.55,225,157750
20200908,10:24,53.00,53.00,52.85,53.00,175,157650
20200908,10:25,54.20,56.85,54.20,55.55,950,157650
20200908,10:26,54.90,54.95,53.50,54.20,900,157500
20200908,10:28,54.40,54.40,54.40,54.40,200,157500
20200908,10:29,53.00,53.00,53.00,53.00,25,157500
20200908,10:30,53.55,53.55,53.40,53.55,75,157425
20200908,10:31,53.05,53.95,53.05,53.80,350,157425
20200908,10:32,54.90,55.25,54.90,55.25,350,157525
20200908,10:33,55.20,55.25,54.75,55.10,500,157525
20200908,10:34,54.65,54.70,54.35,54.70,200,157525
20200908,10:35,54.75,55.25,54.75,55.25,150,157525
20200908,10:37,54.85,54.85,53.50,53.50,125,157350
20200908,10:38,53.80,54.05,53.80,54.00,200,157300
20200908,10:39,56.90,56.95,56.05,56.20,550,157300
20200908,10:41,56.00,57.50,55.95,56.40,750,157325
20200908,10:42,56.00,56.75,56.00,56.35,400,157325
20200908,10:43,55.95,55.95,55.35,55.55,75,157325
20200908,10:44,55.45,56.35,55.40,56.35,250,157350
20200908,10:45,56.65,56.65,56.45,56.60,325,157350
20200908,10:46,56.30,56.30,55.45,56.10,175,157350
20200908,10:47,55.80,55.80,53.50,54.90,400,157575
20200908,10:48,55.40,55.40,55.00,55.00,100,157575
20200908,10:49,55.15,56.05,54.90,56.05,750,157575
20200908,10:50,55.95,56.35,55.90,55.90,425,158000
20200908,10:51,55.65,56.20,55.65,55.75,475,158000
20200908,10:52,55.60,56.25,55.30,56.25,275,158000
20200908,10:53,56.00,56.00,56.00,56.00,25,157475
20200908,10:54,55.80,57.15,55.80,56.50,775,157475
20200908,10:55,56.45,56.50,55.50,55.55,1950,157475
20200908,10:56,55.35,55.75,55.00,55.50,375,159425
20200908,10:57,55.30,55.40,55.30,55.40,50,159425
20200908,10:59,55.20,55.20,54.80,54.80,400,159450
20200908,11:00,54.70,54.70,52.95,52.95,725,159450
20200908,11:01,52.95,52.95,51.95,52.00,1025,159450
20200908,11:02,52.00,52.00,52.00,52.00,350,159400
20200908,11:03,51.80,52.30,51.80,52.30,50,159400
20200908,11:04,52.65,52.75,52.60,52.60,525,159400
20200908,11:05,52.90,52.90,51.65,51.65,325,158975
20200908,11:06,51.00,51.10,51.00,51.10,125,158975
20200908,11:07,51.85,51.85,51.50,51.50,200,158975
20200908,11:08,52.20,52.65,52.20,52.65,250,158975
20200908,11:09,52.70,53.15,52.70,53.15,375,159125
20200908,11:10,53.75,53.75,53.40,53.55,350,159125
20200908,11:12,53.75,53.75,53.75,53.75,50,159100
20200908,11:13,53.95,53.95,53.95,53.95,50,159100
20200908,11:14,53.35,53.35,53.05,53.05,75,159100
20200908,11:15,54.00,54.00,54.00,54.00,50,159050
20200908,11:16,53.60,53.95,52.85,53.95,300,159050
20200908,11:17,53.85,54.05,53.60,53.75,400,159150
20200908,11:18,53.60,53.60,53.60,53.60,50,159150
20200908,11:19,53.00,53.25,53.00,53.25,75,159150
20200908,11:20,53.35,53.35,52.55,52.55,400,159150
20200908,11:21,52.70,52.70,52.70,52.70,100,159150
20200908,11:22,53.00,53.00,52.90,52.90,50,159150
20200908,11:23,52.90,53.30,52.85,53.30,300,159275
20200908,11:24,53.25,53.25,53.25,53.25,50,159275
20200908,11:25,52.45,52.45,51.05,51.05,175,159275
20200908,11:26,51.00,51.00,51.00,51.00,300,159175
20200908,11:27,51.55,52.35,51.20,52.35,200,159175
20200908,11:28,52.55,52.55,52.05,52.05,100,159175
20200908,11:29,52.85,54.00,52.75,54.00,550,159175
20200908,11:30,53.65,54.40,53.60,54.35,275,159175
20200908,11:31,54.45,54.45,53.50,53.80,675,159175
20200908,11:32,53.85,53.85,53.80,53.80,350,159175
20200908,11:33,53.45,53.65,53.40,53.65,225,158550
20200908,11:34,53.50,53.70,53.50,53.70,100,158550
20200908,11:35,53.60,53.60,53.60,53.60,25,158450
20200908,11:36,53.85,53.90,53.80,53.80,625,158450
20200908,11:37,53.85,54.80,53.85,54.70,675,158450
20200908,11:38,54.50,54.55,54.00,54.00,525,158450
20200908,11:39,54.15,54.25,53.75,54.25,400,158225
20200908,11:40,54.00,54.15,54.00,54.15,75,158225
20200908,11:41,54.30,54.30,53.10,53.10,75,157825
20200908,11:43,53.50,53.50,53.50,53.50,25,157825
20200908,11:44,53.45,53.50,53.45,53.50,75,157775
20200908,11:46,52.85,53.00,52.35,53.00,350,157775
20200908,11:47,52.85,54.05,52.85,54.05,350,157775
20200908,11:48,54.95,54.95,54.00,54.00,125,157175
20200908,11:50,53.35,53.35,53.35,53.35,50,157175
20200908,11:51,53.40,53.40,53.05,53.35,150,157175
20200908,11:52,53.20,53.40,53.20,53.30,125,157175
20200908,11:53,53.25,53.35,53.15,53.15,425,157175
20200908,11:54,53.25,53.35,52.90,52.90,525,157125
20200908,11:55,52.80,52.80,52.80,52.80,25,157125
20200908,11:56,52.35,52.50,52.00,52.00,175,157125
20200908,11:57,51.65,51.65,51.05,51.05,300,157125
20200908,11:58,51.70,51.70,50.50,50.65,700,157125
20200908,11:59,50.50,50.50,50.50,50.50,25,157125
20200908,12:00,52.30,52.30,52.30,52.30,25,156600
20200908,12:01,52.20,52.50,52.20,52.50,150,156600
20200908,12:02,52.05,52.25,52.05,52.25,200,156600
20200908,12:03,49.40,51.35,49.40,51.35,175,156700
20200908,12:04,51.55,51.55,50.50,51.00,250,156700
20200908,12:05,51.75,52.15,51.55,51.95,350,156700
20200908,12:06,52.00,52.00,51.45,51.70,375,156875
20200908,12:07,51.05,51.05,50.55,50.55,350,156875
20200908,12:08,50.35,50.90,50.35,50.90,100,156875
20200908,12:09,50.70,51.95,50.45,51.30,750,156775
20200908,12:11,50.40,50.40,49.75,49.75,50,156725
20200908,12:12,49.80,50.10,49.80,50.10,50,156725
20200908,12:13,49.55,50.60,49.55,50.60,75,156725
20200908,12:14,50.20,51.25,50.20,51.25,100,156725
20200908,12:15,51.00,51.00,51.00,51.00,25,156725
20200908,12:18,51.65,51.65,51.65,51.65,100,156850
20200908,12:19,51.90,51.90,51.90,51.90,50,156850
20200908,12:20,51.55,51.55,51.55,51.55,125,156850
20200908,12:21,51.90,51.90,51.35,51.35,125,156825
20200908,12:22,52.40,53.00,52.35,52.35,250,156825
20200908,12:23,52.50,52.50,52.50,52.50,25,156825
20200908,12:24,51.95,52.45,50.70,51.80,275,156775
20200908,12:25,51.80,51.85,51.80,51.80,325,156775
20200908,12:26,51.80,51.80,51.20,51.20,250,156775
20200908,12:27,51.30,51.30,51.30,51.30,50,156675
20200908,12:28,51.80,52.40,51.25,52.15,400,156675
20200908,12:29,51.80,52.55,51.80,52.20,500,156675
20200908,12:30,52.40,52.40,52.40,52.40,125,156950
20200908,12:31,52.65,52.90,52.65,52.90,50,156950
20200908,12:32,52.60,52.60,52.60,52.60,50,156950
20200908,12:33,52.60,52.60,52.00,52.30,625,156925
20200908,12:34,51.80,52.85,51.80,52.75,225,156925
20200908,12:35,52.90,53.05,52.70,53.05,125,156925
20200908,12:36,53.50,53.50,53.50,53.50,50,157250
20200908,12:37,52.90,52.90,51.85,51.85,425,157250
20200908,12:39,52.00,52.00,51.05,51.05,50,157200
20200908,12:41,51.45,51.45,50.95,51.10,75,157200
20200908,12:42,51.45,51.45,51.45,51.45,25,157200
20200908,12:43,51.50,51.60,51.50,51.50,100,157225
20200908,12:44,51.35,51.60,51.35,51.60,50,157225
20200908,12:45,52.95,54.70,52.95,54.00,500,157250
20200908,12:47,53.45,53.45,53.45,53.45,100,157250
20200908,12:48,53.40,53.40,53.40,53.40,50,157225
20200908,12:49,53.55,53.55,52.80,52.80,225,157225
20200908,12:50,52.85,52.85,52.30,52.30,350,157225
20200908,12:52,52.50,52.50,52.00,52.05,275,157350
20200908,12:53,52.10,52.10,52.10,52.10,75,157350
20200908,12:54,52.00,52.00,52.00,52.00,25,157525
20200908,12:55,52.35,52.35,52.35,52.35,25,157525
20200908,12:56,52.30,52.30,51.95,51.95,200,157525
20200908,12:57,52.05,52.25,52.00,52.25,175,157525
20200908,12:58,52.00,52.00,51.50,51.50,50,157525
20200908,12:59,51.85,51.85,51.85,51.85,250,157525
20200908,13:00,51.80,51.80,51.15,51.15,950,157375
20200908,13:01,50.45,50.45,50.45,50.45,25,157375
20200908,13:02,50.05,50.95,50.05,50.95,100,157375
20200908,13:03,50.95,51.55,50.95,51.55,150,157075
20200908,13:04,50.90,51.00,50.90,51.00,100,157075
20200908,13:05,51.50,52.40,51.50,51.95,700,157075
20200908,13:06,51.40,51.40,51.40,51.40,75,156975
20200908,13:07,51.20,51.20,51.20,51.20,25,156975
20200908,13:09,51.00,51.00,50.70,51.00,225,157000
20200908,13:10,50.50,50.95,50.50,50.95,250,157000
20200908,13:11,50.95,51.85,50.95,51.85,250,157000
20200908,13:12,52.10,52.10,50.90,50.90,325,156500
20200908,13:13,50.90,50.90,50.90,50.90,25,156500
20200908,13:14,51.05,51.05,50.00,50.00,175,156500
20200908,13:15,50.05,51.25,50.05,51.00,150,156550
20200908,13:16,51.00,51.20,51.00,51.20,75,156550
20200908,13:17,51.95,51.95,51.95,51.95,25,156550
20200908,13:18,51.95,51.95,51.65,51.65,125,156625
20200908,13:19,52.00,52.00,52.00,52.00,50,156625
20200908,13:20,52.10,52.25,52.10,52.25,175,156625
20200908,13:21,51.85,53.00,51.65,53.00,1300,156875
20200908,13:22,52.95,52.95,52.55,52.85,150,156875
20200908,13:23,52.85,52.90,52.45,52.45,225,156875
20200908,13:24,52.65,53.15,52.45,52.45,150,156450
20200908,13:25,52.85,52.85,52.85,52.85,25,156450
20200908,13:26,52.85,52.85,52.85,52.85,100,156450
20200908,13:27,52.90,52.90,52.85,52.85,275,156375
20200908,13:28,52.85,52.85,52.50,52.50,125,156375
20200908,13:30,52.80,52.80,51.90,51.90,425,156675
20200908,13:31,51.90,52.30,51.90,52.30,75,156675
20200908,13:32,51.65,51.65,51.00,51.00,250,156675
20200908,13:33,50.50,50.50,50.05,50.05,75,156350
20200908,13:34,50.30,50.95,50.00,50.45,650,156350
20200908,13:35,51.05,51.05,47.75,47.75,1450,156350
20200908,13:36,48.95,50.95,48.05,50.40,1425,157525
20200908,13:37,50.40,50.65,50.30,50.65,700,157525
20200908,13:38,50.65,51.70,50.60,51.25,425,157525
20200908,13:39,51.10,51.50,51.10,51.50,200,157625
20200908,13:40,50.95,51.30,50.95,51.10,150,157625
20200908,13:41,52.40,52.50,51.35,52.50,225,157625
20200908,13:42,52.45,53.00,52.40,53.00,200,157575
20200908,13:43,52.20,52.20,52.05,52.05,50,157575
20200908,13:44,51.90,51.90,51.10,51.85,200,157575
20200908,13:45,51.30,51.65,49.00,49.00,650,157750
20200908,13:46,49.15,49.70,49.15,49.50,150,157750
20200908,13:47,49.50,50.00,48.90,50.00,2500,157750
20200908,13:49,50.80,50.80,50.80,50.80,50,157875
20200908,13:50,49.00,49.05,47.00,49.05,400,157875
20200908,13:51,48.95,48.95,48.95,48.95,50,157875
20200908,13:52,49.10,49.20,48.40,48.95,800,157850
20200908,13:53,48.35,49.30,48.35,49.30,450,157850
20200908,13:54,49.05,49.05,49.05,49.05,25,157850
20200908,13:55,49.85,49.85,49.35,49.35,100,157900
20200908,13:56,49.75,49.90,49.00,49.00,150,157900
20200908,13:57,48.40,48.40,46.85,46.85,525,157900
20200908,13:58,48.35,48.40,48.05,48.40,100,157900
20200908,13:59,48.55,48.55,48.55,48.55,175,157900
20200908,14:00,49.95,49.95,49.40,49.95,200,157850
20200908,14:03,50.20,50.20,49.00,49.95,800,157875
20200908,14:04,49.20,50.05,49.15,50.05,125,157875
20200908,14:05,49.40,49.40,49.40,49.40,25,157875
20200908,14:06,49.80,50.40,49.80,50.10,150,157700
20200908,14:07,49.85,49.85,49.50,49.50,75,157700
20200908,14:08,50.05,50.05,50.05,50.05,100,157700
20200908,14:10,49.50,49.50,49.40,49.40,100,157800
20200908,14:11,49.80,50.10,49.60,49.85,550,157800
20200908,14:12,50.45,51.25,50.45,51.00,525,157350
20200908,14:13,50.60,50.60,50.60,50.60,25,157350
20200908,14:14,50.00,50.00,49.35,49.35,150,157350
20200908,14:15,49.00,49.45,48.80,48.80,950,157150
20200908,14:17,48.70,48.70,48.05,48.45,800,157150
20200908,14:18,48.95,49.00,48.70,49.00,125,156925
20200908,14:19,48.90,48.90,48.90,48.90,25,156925
20200908,14:20,48.65,48.65,46.50,47.60,975,156925
20200908,14:21,46.65,47.50,46.40,47.20,525,156800
20200908,14:22,47.15,47.25,46.70,46.75,575,156800
20200908,14:23,46.60,47.40,46.60,47.40,300,156800
20200908,14:24,47.50,47.50,47.50,47.50,100,156850
20200908,14:25,47.45,48.45,47.40,48.45,200,156850
20200908,14:26,48.65,48.65,48.65,48.65,25,156850
20200908,14:27,48.00,48.00,47.95,47.95,50,156025
20200908,14:28,47.55,48.15,47.55,47.85,100,156025
20200908,14:29,47.85,47.85,47.85,47.85,25,156025
20200908,14:30,45.60,46.50,44.50,44.50,525,155825
20200908,14:31,44.50,47.30,44.50,47.30,375,155825
20200908,14:32,46.80,47.30,45.35,45.35,3175,155825
20200908,14:33,44.75,45.15,43.60,43.60,3150,157575
20200908,14:34,45.75,46.65,45.60,46.65,525,157575
20200908,14:35,46.35,47.15,45.30,47.00,750,157575
20200908,14:36,47.20,47.20,46.00,46.00,425,157550
20200908,14:37,45.60,46.25,45.40,46.25,375,157550
20200908,14:38,45.85,46.60,45.40,45.40,2500,157550
20200908,14:39,45.70,45.90,45.00,45.60,250,156050
20200908,14:40,45.05,45.05,45.00,45.00,75,156050
20200908,14:41,45.45,46.00,45.45,46.00,100,156050
20200908,14:42,46.00,46.00,46.00,46.00,25,156625
20200908,14:44,45.75,45.75,45.75,45.75,25,156625
20200908,14:45,45.65,47.00,45.65,46.55,550,156575
20200908,14:46,46.30,46.30,45.95,45.95,75,156575
20200908,14:47,45.10,45.40,44.35,44.55,500,156575
20200908,14:48,44.90,46.05,44.75,45.50,375,156000
20200908,14:49,45.60,45.75,45.05,45.75,150,156000
20200908,14:50,46.20,46.20,45.60,45.60,350,156000
20200908,14:51,44.95,45.25,44.80,45.05,325,155650
20200908,14:53,44.05,44.15,43.15,44.15,425,155650
20200908,14:54,43.80,44.00,43.80,44.00,500,155600
20200908,14:55,44.05,44.05,42.60,43.00,1475,155600
20200908,14:56,42.25,43.55,42.25,43.40,3925,155600
20200908,14:57,42.90,42.90,42.20,42.20,625,154800
20200908,14:58,42.50,42.95,42.30,42.30,400,154800
20200908,14:59,42.30,42.65,41.65,42.25,550,154800
20200908,15:00,42.90,42.90,42.45,42.45,250,153700
20200908,15:01,41.45,43.00,41.45,42.25,450,153700
20200908,15:02,41.70,41.70,40.90,40.90,125,153700
20200908,15:03,40.90,41.30,40.55,40.55,325,153150
20200908,15:04,40.55,41.40,40.55,41.40,825,153150
20200908,15:05,41.05,42.00,41.00,42.00,550,153150
20200908,15:06,42.05,42.40,41.85,42.15,525,152100
20200908,15:07,42.90,43.05,42.90,43.05,450,152100
20200908,15:08,43.05,43.05,42.60,42.60,250,152100
20200908,15:09,43.30,43.30,43.20,43.25,350,151975
20200908,15:10,43.55,43.75,43.00,43.00,1175,151975
20200908,15:11,43.00,43.55,42.95,43.25,1525,151975
20200908,15:12,42.85,42.85,42.65,42.65,400,152350
20200908,15:13,42.55,42.70,41.50,41.50,650,152350
20200908,15:14,41.30,42.00,41.30,41.40,650,152350
20200908,15:15,41.90,41.90,41.05,41.60,1475,150975
20200908,15:16,41.95,42.85,41.95,42.85,150,150975
20200908,15:17,42.70,43.45,42.05,42.10,2225,150975
20200908,15:18,42.10,42.10,41.55,41.55,175,151200
20200908,15:19,41.25,41.25,40.50,40.55,1600,151200
20200908,15:20,40.85,41.15,40.85,41.05,300,151200
20200908,15:21,41.30,41.60,40.50,40.50,425,149450
20200908,15:22,40.40,41.30,40.25,41.30,800,149450
20200908,15:23,41.65,41.65,41.00,41.05,925,149450
20200908,15:24,41.00,41.00,40.40,40.40,875,149600
20200908,15:25,40.05,40.05,39.70,39.70,300,149600
20200908,15:26,39.95,39.95,39.20,39.20,400,149600
20200908,15:27,39.00,39.50,38.20,38.20,1025,149625
20200908,15:28,36.95,39.30,36.95,38.50,1975,149625
20200908,15:29,38.35,39.30,37.75,38.50,1725,149625
20200908,15:30,38.50,38.50,38.50,38.50,25,149625
20200909,09:15,33.05,39.50,26.05,28.90,276,149125
20200909,09:16,25.10,33.60,25.10,33.60,1200,149125
20200909,09:17,34.00,34.00,33.30,33.30,975,148700
20200909,09:18,33.45,36.45,33.20,33.55,825,148700
20200909,09:19,33.20,35.10,33.20,34.65,2700,148700
20200909,09:20,34.95,35.80,34.95,35.80,3300,150250
20200909,09:21,35.75,35.85,35.45,35.65,1650,150250
20200909,09:22,35.65,35.65,34.60,34.90,1300,150250
20200909,09:23,34.90,34.90,34.10,34.20,1100,148575
20200909,09:24,34.55,35.00,34.55,35.00,575,148575
20200909,09:25,35.55,35.55,33.65,33.70,1500,148575
20200909,09:26,33.75,34.25,33.50,34.15,600,147900
20200909,09:27,34.20,34.70,33.85,34.15,825,147900
20200909,09:28,34.30,34.40,33.65,33.90,700,147900
20200909,09:29,34.00,34.00,33.70,33.70,1275,148625
20200909,09:30,33.00,33.65,32.75,33.50,1150,148625
20200909,09:31,33.95,33.95,33.05,33.10,1650,148625
20200909,09:32,33.40,33.95,33.40,33.75,650,147700
20200909,09:33,33.75,34.20,32.95,33.00,2525,147700
20200909,09:34,33.20,33.20,32.70,32.75,1525,147700
20200909,09:35,32.75,33.00,31.55,31.55,3850,146450
20200909,09:36,32.00,32.00,29.90,30.80,2875,146450
20200909,09:37,31.00,31.30,30.95,31.30,425,146450
20200909,09:38,30.80,31.95,30.80,31.95,1475,144225
20200909,09:39,31.55,31.70,31.35,31.35,650,144225
20200909,09:40,31.70,32.20,31.70,32.00,725,144225
20200909,09:41,32.20,32.25,32.00,32.00,625,144125
20200909,09:42,32.00,32.80,32.00,32.80,2675,144125
20200909,09:43,32.75,32.80,32.35,32.35,325,144125
20200909,09:44,32.00,32.25,31.85,32.25,1175,144625
20200909,09:45,32.05,32.05,31.70,31.70,275,144625
20200909,09:46,31.40,31.70,31.40,31.70,350,144625
20200909,09:47,31.90,32.10,31.65,31.65,1150,144775
20200909,09:48,31.95,31.95,31.35,31.35,475,144775
20200909,09:49,31.30,31.30,30.70,30.70,800,144775
20200909,09:50,31.15,31.25,30.10,30.65,1275,144450
20200909,09:51,30.55,31.25,30.55,31.10,1275,144450
20200909,09:52,30.85,31.15,30.30,30.70,2400,144450
20200909,09:53,30.90,31.15,30.75,31.00,375,144075
20200909,09:54,31.00,31.00,30.50,30.50,500,144075
20200909,09:55,30.30,30.45,29.95,29.95,1700,144075
20200909,09:56,30.25,30.35,29.00,30.30,2350,145000
20200909,09:57,30.30,31.15,30.25,31.00,1650,145000
20200909,09:58,31.00,31.00,30.15,30.70,1600,145000
20200909,09:59,30.70,31.95,30.30,30.65,950,145350
20200909,10:00,30.50,30.90,30.40,30.40,600,145350
20200909,10:01,30.55,31.30,30.55,31.00,1550,145350
20200909,10:02,30.75,30.75,29.95,30.05,2050,146425
20200909,10:03,30.65,30.65,30.00,30.05,1750,146425
20200909,10:04,30.00,30.40,30.00,30.30,350,146425
20200909,10:05,30.35,30.40,30.00,30.00,625,146425
20200909,10:06,29.25,30.40,29.25,29.60,1675,148450
20200909,10:07,30.25,31.00,30.25,30.45,550,148450
20200909,10:08,30.45,30.45,30.00,30.00,250,148450
20200909,10:09,30.00,30.00,30.00,30.00,25,148450
20200909,10:10,30.35,30.40,29.50,29.50,350,147850
20200909,10:11,29.85,30.60,29.50,29.55,900,147675
20200909,10:12,29.40,29.75,29.40,29.65,325,147675
20200909,10:13,29.60,31.05,28.65,30.10,1900,147675
20200909,10:14,30.55,30.60,30.25,30.50,325,148075
20200909,10:15,31.00,32.00,31.00,31.05,1325,148075
20200909,10:16,31.10,31.15,31.10,31.10,100,148075
20200909,10:17,31.40,31.95,31.40,31.65,850,147900
20200909,10:18,31.70,31.70,30.90,31.10,475,147900
20200909,10:19,31.15,31.15,30.95,30.95,450,147900
20200909,10:20,31.40,32.25,31.40,32.25,100,148400
20200909,10:22,32.25,32.25,31.70,31.95,775,148400
20200909,10:23,32.25,32.25,30.60,30.95,400,148175
20200909,10:24,30.50,31.00,30.50,30.55,800,148175
20200909,10:25,30.60,30.85,30.50,30.85,325,148175
20200909,10:26,31.50,31.50,31.00,31.35,800,147625
20200909,10:27,31.30,31.40,31.30,31.40,275,147625
20200909,10:28,31.50,32.00,31.30,31.75,400,147625
20200909,10:29,31.90,31.90,31.55,31.55,275,147375
20200909,10:30,31.50,32.05,31.45,32.05,1000,147375
20200909,10:31,32.10,32.95,31.95,32.05,1225,147375
20200909,10:32,32.65,32.95,32.05,32.75,475,147075
20200909,10:33,32.20,32.20,31.60,31.60,725,147075
20200909,10:34,32.05,32.05,31.95,31.95,175,147075
20200909,10:35,32.90,32.90,32.90,32.90,50,147075
20200909,10:36,32.95,33.00,32.35,32.35,325,147175
20200909,10:37,32.70,33.00,32.45,33.00,275,147175
20200909,10:38,33.00,33.10,33.00,33.10,1025,147125
20200909,10:39,32.85,32.85,32.50,32.50,50,147125
20200909,10:40,32.95,32.95,32.70,32.70,250,147125
20200909,10:41,32.70,32.80,32.65,32.75,600,146550
20200909,10:42,32.70,32.70,32.70,32.70,100,146550
20200909,10:43,32.65,33.05,32.65,33.05,200,146550
20200909,10:44,33.25,33.35,32.00,32.00,1125,145500
20200909,10:45,32.25,32.70,32.25,32.55,300,145500
20200909,10:46,32.20,32.40,32.15,32.30,825,145500
20200909,10:47,32.25,32.60,32.20,32.20,925,145100
20200909,10:49,32.40,32.40,32.40,32.40,25,145100
20200909,10:50,32.60,32.95,32.60,32.95,150,145100
20200909,10:51,32.60,32.60,32.00,32.00,125,144875
20200909,10:52,32.00,32.30,32.00,32.20,175,144875
20200909,10:53,32.50,32.50,32.50,32.50,75,144875
20200909,10:54,31.80,32.15,31.80,32.15,125,144825
20200909,10:55,32.15,32.15,32.00,32.00,600,144825
20200909,10:57,32.50,32.70,32.50,32.70,450,145275
20200909,10:58,32.75,32.75,32.75,32.75,25,145275
20200909,10:59,32.85,32.85,32.70,32.70,200,145550
20200909,11:00,32.55,32.55,32.40,32.40,50,145550
20200909,11:01,32.45,32.45,31.50,31.50,175,145550
20200909,11:02,31.15,31.60,31.15,31.25,425,145425
20200909,11:03,31.00,31.25,30.80,31.25,150,145425
20200909,11:04,31.45,31.80,31.25,31.25,275,145425
20200909,11:05,31.45,32.05,31.45,31.55,325,144925
20200909,11:06,31.55,31.55,31.55,31.55,25,144925
20200909,11:08,31.80,31.95,31.75,31.95,225,145000
20200909,11:09,32.25,32.95,32.25,32.95,4025,145000
20200909,11:10,32.70,35.60,32.70,34.95,3825,145000
20200909,11:11,34.90,35.45,34.30,35.35,1350,144425
20200909,11:12,35.15,36.00,34.35,35.50,3675,144425
20200909,11:13,35.45,35.80,34.80,35.25,1050,144425
20200909,11:14,35.40,36.00,35.25,35.55,500,141300
20200909,11:15,35.45,36.65,35.45,35.95,1225,141300
20200909,11:16,35.95,35.95,35.95,35.95,125,141300
20200909,11:17,35.70,35.70,35.00,35.25,775,141350
20200909,11:18,35.40,35.80,35.40,35.80,375,141350
20200909,11:19,36.10,36.70,36.00,36.00,800,141350
20200909,11:20,36.30,36.30,36.00,36.00,150,141350
20200909,11:21,36.30,36.30,36.30,36.30,275,141600
20200909,11:22,36.00,36.00,36.00,36.00,125,141600
20200909,11:24,35.65,36.00,35.25,36.00,625,141975
20200909,11:25,35.85,35.85,35.75,35.75,100,141975
20200909,11:26,35.00,35.00,35.00,35.00,325,142225
20200909,11:28,34.35,34.35,34.35,34.35,25,142225
20200909,11:29,34.00,35.00,34.00,34.00,1775,142675
20200909,11:31,34.55,34.70,34.55,34.70,225,142675
20200909,11:32,35.00,35.00,35.00,35.00,125,143625
20200909,11:33,34.95,34.95,34.95,34.95,25,143625
20200909,11:34,35.00,35.00,35.00,35.00,700,143625
20200909,11:37,35.00,35.00,35.00,35.00,25,143875
20200909,11:38,35.00,35.50,35.00,35.50,225,143875
20200909,11:40,34.15,34.15,34.15,34.15,100,143925
20200909,11:43,33.95,33.95,33.85,33.85,75,144025
20200909,11:44,33.95,33.95,33.00,33.00,275,144025
20200909,11:45,33.55,33.55,33.55,33.55,325,143875
20200909,11:46,33.45,33.55,33.05,33.20,350,143875
20200909,11:47,33.10,33.10,31.25,31.25,675,143875
20200909,11:50,32.15,32.15,31.55,31.75,150,143975
20200909,11:51,31.45,31.70,31.45,31.70,250,143975
20200909,11:53,32.50,32.55,32.50,32.55,225,143975
20200909,11:54,33.00,33.80,33.00,33.60,250,143775
20200909,11:56,34.25,34.85,34.25,34.85,125,143900
20200909,11:57,34.90,35.25,34.90,35.25,50,143900
20200909,11:58,35.00,35.00,35.00,35.00,100,143900
20200909,12:00,35.05,35.05,34.45,34.45,600,143775
20200909,12:02,33.80,33.80,33.80,33.80,25,143775
20200909,12:04,33.90,35.40,33.90,34.95,100,143200
20200909,12:05,34.70,34.75,34.70,34.75,225,143200
20200909,12:06,33.90,33.90,33.70,33.70,100,143000
20200909,12:07,33.70,33.80,33.65,33.80,175,143000
20200909,12:08,33.75,33.75,33.75,33.75,50,143000
20200909,12:09,33.90,34.05,33.85,34.05,275,142850
20200909,12:10,33.95,34.25,33.95,34.25,225,142850
20200909,12:12,34.05,34.05,34.00,34.05,150,143100
20200909,12:14,33.90,34.15,33.65,34.15,400,142900
20200909,12:15,34.10,34.10,34.10,34.10,25,142900
20200909,12:16,34.60,34.60,34.25,34.25,300,142900
20200909,12:17,34.35,34.35,34.00,34.00,100,143075
20200909,12:18,34.15,34.15,34.00,34.00,250,143075
20200909,12:20,34.50,34.50,34.05,34.05,150,143075
20200909,12:21,33.60,33.60,33.60,33.60,50,142950
20200909,12:22,33.55,33.55,33.55,33.55,50,142950
20200909,12:23,33.70,33.70,33.70,33.70,25,142950
20200909,12:25,34.00,34.00,33.85,33.85,250,142900
20200909,12:27,33.60,33.60,33.60,33.60,100,142950
20200909,12:28,33.25,33.55,33.25,33.50,125,142950
20200909,12:29,33.25,33.55,33.25,33.55,925,142950
20200909,12:30,33.50,33.50,33.50,33.50,50,143750
20200909,12:32,34.05,35.10,34.05,35.10,475,143750
20200909,12:33,35.10,35.10,33.95,34.00,475,143875
20200909,12:34,34.45,34.55,34.45,34.55,125,143875
20200909,12:35,34.50,34.60,34.50,34.60,300,143875
20200909,12:36,34.50,34.50,34.00,34.00,225,143600
20200909,12:38,34.00,34.05,33.95,34.05,275,143600
20200909,12:39,34.55,34.55,34.55,34.55,25,143350
20200909,12:40,34.50,34.50,34.25,34.25,100,143350
20200909,12:41,34.30,34.85,34.30,34.35,300,143350
20200909,12:43,34.40,35.15,34.40,35.15,3175,143400
20200909,12:44,35.10,35.10,35.10,35.10,275,143400
20200909,12:45,34.55,34.55,34.55,34.55,500,145925
20200909,12:46,34.70,35.05,34.70,34.80,300,145925
20200909,12:47,35.55,35.55,35.00,35.00,325,145925
20200909,12:48,34.95,35.00,34.55,34.80,525,145550
20200909,12:49,35.00,35.00,35.00,35.00,50,145550
20200909,12:51,35.40,35.40,34.75,34.95,325,143800
20200909,12:53,34.70,34.70,34.45,34.55,75,143800
20200909,12:54,34.45,34.45,34.45,34.45,50,143800
20200909,12:55,34.05,34.05,33.90,33.95,375,143900
20200909,12:56,34.35,34.35,33.85,34.20,225,143900
20200909,12:58,33.60,33.65,33.60,33.65,75,143950
20200909,13:00,33.00,33.00,32.25,32.25,500,143875
20200909,13:01,32.60,32.60,31.70,31.70,50,143875
20200909,13:02,33.10,33.10,33.10,33.10,1025,143875
20200909,13:04,33.90,33.90,33.90,33.90,75,144500
20200909,13:05,34.20,34.20,34.05,34.10,175,144500
20200909,13:06,34.05,34.05,33.85,33.85,125,144325
20200909,13:08,33.85,34.00,33.85,34.00,200,144325
20200909,13:09,34.10,34.10,32.70,33.70,250,144700
20200909,13:10,34.10,34.10,33.80,33.80,300,144700
20200909,13:11,34.05,34.30,33.80,33.80,150,144700
20200909,13:12,34.45,34.45,33.90,33.90,100,144675
20200909,13:13,34.80,34.80,34.80,34.80,50,144675
20200909,13:14,34.50,34.50,34.50,34.50,425,144675
20200909,13:15,34.45,34.45,34.45,34.45,75,144625
20200909,13:16,33.95,33.95,33.95,33.95,25,144625
20200909,13:17,33.75,34.50,33.75,34.45,175,144625
20200909,13:18,34.50,34.50,34.50,34.50,150,144425
20200909,13:19,34.50,34.50,34.50,34.50,50,144425
20200909,13:20,34.50,34.50,34.50,34.50,425,144425
20200909,13:21,34.50,35.05,34.50,35.05,575,144825
20200909,13:22,35.10,35.10,35.10,35.10,150,144825
20200909,13:23,35.10,35.10,35.10,35.10,375,144825
20200909,13:24,34.75,34.75,34.75,34.75,250,144500
20200909,13:26,35.85,35.85,35.40,35.40,100,144500
20200909,13:27,35.90,35.90,35.30,35.30,150,144600
20200909,13:28,35.30,35.30,34.55,34.55,125,144600
20200909,13:29,34.80,34.80,34.80,34.80,25,144600
20200909,13:30,35.45,35.45,35.35,35.35,50,144725
20200909,13:31,35.50,35.50,34.85,34.85,225,144725
20200909,13:35,35.00,35.50,35.00,35.50,250,144950
20200909,13:37,35.50,35.50,35.50,35.50,25,145175
20200909,13:38,35.70,35.70,35.70,35.70,50,145175
20200909,13:39,35.55,35.55,35.50,35.50,75,145175
20200909,13:40,35.80,36.25,35.80,36.25,100,145075
20200909,13:41,36.05,36.10,35.70,35.70,400,145075
20200909,13:42,35.95,35.95,35.95,35.95,50,145175
20200909,13:43,35.10,35.10,35.10,35.10,400,145175
20200909,13:45,35.35,35.35,35.10,35.10,200,145150
20200909,13:46,35.10,35.10,35.10,35.10,200,145150
20200909,13:47,35.15,35.15,35.15,35.15,100,145150
20200909,13:49,35.15,35.15,35.15,35.15,25,145225
20200909,13:50,35.00,35.35,34.60,35.35,400,145225
20200909,13:51,35.50,35.50,35.50,35.50,25,144925
20200909,13:52,35.90,35.90,35.85,35.90,550,144925
20200909,13:53,35.90,35.90,35.00,35.30,550,144925
20200909,13:55,36.00,36.05,36.00,36.05,1100,145050
20200909,13:57,35.65,35.65,35.65,35.65,50,144950
20200909,14:00,35.60,36.00,35.60,36.00,75,144750
20200909,14:02,36.45,36.50,35.95,35.95,800,144750
20200909,14:03,35.70,36.00,35.70,35.95,175,144750
20200909,14:04,35.00,36.00,35.00,35.90,300,144750
20200909,14:05,35.45,36.05,35.45,36.00,1625,144750
20200909,14:06,36.00,36.05,36.00,36.00,150,144775
20200909,14:07,35.65,37.25,35.65,37.25,225,144775
20200909,14:08,37.30,37.30,36.90,36.90,100,144775
20200909,14:10,35.10,35.10,34.75,34.75,2450,144625
20200909,14:11,35.40,35.60,35.40,35.60,100,144625
20200909,14:12,35.15,35.15,35.00,35.00,475,146350
20200909,14:13,34.85,36.00,34.85,36.00,175,146350
20200909,14:14,36.35,36.70,36.20,36.35,725,146350
20200909,14:15,36.25,36.25,36.25,36.25,50,146350
20200909,14:16,35.55,35.75,35.55,35.75,475,145675
20200909,14:17,35.55,35.90,35.55,35.75,775,145675
20200909,14:18,36.00,36.00,35.80,35.80,175,145675
20200909,14:19,36.35,36.70,36.00,36.15,2075,145725
20200909,14:20,36.00,36.00,35.55,35.55,1500,145725
20200909,14:21,35.55,36.05,35.50,36.05,600,143300
20200909,14:22,36.25,36.45,36.25,36.45,125,143300
20200909,14:24,36.35,36.35,35.50,35.50,350,143700
20200909,14:25,36.00,36.00,36.00,36.00,25,143700
20200909,14:27,36.05,36.15,35.55,35.55,125,143625
20200909,14:28,35.80,35.80,35.80,35.80,25,143625
20200909,14:29,35.50,35.70,35.00,35.00,275,143625
20200909,14:30,34.85,35.45,34.85,35.45,100,143725
20200909,14:31,35.30,36.10,35.30,36.10,125,143725
20200909,14:32,36.85,36.90,36.45,36.45,1050,143725
20200909,14:34,37.10,37.10,37.00,37.00,325,144600
20200909,14:35,37.00,37.10,37.00,37.10,75,144600
20200909,14:37,37.00,37.00,37.00,37.00,25,144600
20200909,14:38,37.00,37.00,37.00,37.00,25,144600
20200909,14:39,37.30,37.30,37.00,37.00,350,144450
20200909,14:40,37.00,37.00,36.40,36.45,150,144450
20200909,14:42,36.50,36.50,36.50,36.50,25,144450
20200909,14:43,36.30,36.30,36.15,36.15,75,144700
20200909,14:44,37.20,37.20,37.20,37.20,25,144700
20200909,14:46,35.75,37.15,35.75,36.45,750,144700
20200909,14:47,35.80,37.00,35.80,37.00,875,144700
20200909,14:50,36.20,36.20,35.80,35.80,100,144125
20200909,14:51,35.80,36.25,35.80,36.25,250,144200
20200909,14:52,36.30,36.45,36.20,36.25,950,144200
20200909,14:53,36.45,36.85,36.40,36.75,425,144200
20200909,14:54,36.90,36.90,36.70,36.70,550,144225
20200909,14:55,36.75,36.85,36.75,36.85,75,144225
20200909,14:56,36.85,36.85,36.55,36.75,150,144225
20200909,14:57,37.00,37.00,37.00,37.00,75,144100
20200909,14:58,37.15,37.55,37.15,37.40,250,144100
20200909,14:59,37.30,37.55,37.10,37.55,200,144100
20200909,15:00,37.90,37.95,37.55,37.55,225,143800
20200909,15:01,37.55,37.70,37.45,37.70,425,143800
20200909,15:02,37.80,37.90,37.70,37.90,325,143800
20200909,15:03,37.00,37.00,36.00,36.90,300,143625
20200909,15:04,36.75,36.90,36.30,36.55,700,143625
20200909,15:05,36.50,36.60,36.40,36.50,1650,143625
20200909,15:06,36.45,36.50,36.00,36.00,600,142675
20200909,15:07,36.20,36.50,36.00,36.00,475,142675
20200909,15:08,35.70,36.80,35.70,36.80,1225,142675
20200909,15:09,36.50,36.85,36.00,36.00,900,142075
20200909,15:10,36.00,37.60,36.00,37.60,1800,142075
20200909,15:11,37.75,37.75,37.50,37.50,50,142075
20200909,15:12,38.40,38.80,38.40,38.80,700,142125
20200909,15:13,38.80,38.85,38.35,38.35,225,142125
20200909,15:14,38.35,38.90,38.35,38.90,300,142125
20200909,15:15,38.90,39.00,38.70,38.95,1125,139700
20200909,15:16,38.80,39.05,38.80,39.05,75,139700
20200909,15:17,39.10,39.10,39.10,39.10,25,139700
20200909,15:18,39.00,39.65,39.00,39.65,200,139650
20200909,15:19,39.65,39.90,39.25,39.25,925,139650
20200909,15:20,39.20,39.95,39.15,39.25,575,139650
20200909,15:21,39.15,39.35,38.15,39.35,775,139775
20200909,15:22,39.25,39.30,39.00,39.10,2275,139775
20200909,15:23,38.90,39.00,38.55,38.55,425,139775
20200909,15:24,38.50,39.00,38.50,38.90,750,136625
20200909,15:25,38.70,38.80,38.65,38.65,125,136625
20200909,15:26,38.25,38.60,37.40,37.40,975,136625
20200909,15:27,38.15,38.60,34.70,38.60,2150,136900
20200909,15:28,38.70,39.60,38.35,39.00,4150,136900
20200909,15:29,39.10,39.10,38.15,38.35,1800,136900
20200910,09:15,37.95,38.00,37.95,38.00,77,136650
20200910,09:17,38.05,38.05,33.55,33.55,75,136700
20200910,09:20,33.55,39.90,33.55,39.90,75,136675
20200910,09:21,40.75,40.75,37.30,37.30,150,136675
20200910,09:22,38.00,38.00,37.25,37.30,625,136675
20200910,09:23,37.10,38.00,37.10,37.75,300,136875
20200910,09:24,37.95,38.00,37.25,38.00,1025,136875
20200910,09:25,38.00,38.10,37.35,37.45,2250,136875
20200910,09:26,37.35,37.40,37.35,37.40,275,139025
20200910,09:27,37.00,37.00,36.50,36.50,450,139025
20200910,09:28,36.55,37.10,36.55,36.95,225,139025
20200910,09:29,36.95,36.95,36.50,36.80,400,138775
20200910,09:30,36.80,36.80,35.40,35.50,650,138775
20200910,09:31,35.00,35.00,34.75,34.75,300,138775
20200910,09:32,35.20,35.20,34.75,34.75,175,138825
20200910,09:33,35.05,35.05,34.00,34.25,350,138825
20200910,09:34,34.05,34.05,34.05,34.05,100,138825
20200910,09:35,33.30,33.60,32.40,32.40,875,139000
20200910,09:36,32.40,33.15,32.40,33.15,225,139000
20200910,09:37,33.10,33.10,33.10,33.10,25,139000
20200910,09:38,32.45,33.15,32.45,33.15,75,139000
20200910,09:39,33.45,33.45,33.35,33.35,75,139225
20200910,09:40,33.10,33.85,33.10,33.85,50,139225
20200910,09:41,32.45,33.35,32.40,32.40,625,139150
20200910,09:42,32.40,32.40,31.75,31.75,75,139150
20200910,09:43,33.05,33.60,33.05,33.60,750,139150
20200910,09:44,32.85,32.85,32.85,32.85,25,139250
20200910,09:45,32.20,32.20,32.20,32.20,150,139250
20200910,09:46,33.10,33.10,33.10,33.10,25,139250
20200910,09:47,32.10,32.10,32.10,32.10,400,139125
20200910,09:48,32.45,32.45,31.70,31.70,225,139125
20200910,09:49,31.80,31.80,31.80,31.80,75,139125
20200910,09:50,32.70,32.70,32.20,32.20,175,139225
20200910,09:51,32.80,32.95,32.80,32.95,125,139225
20200910,09:52,31.95,33.40,31.95,33.40,425,139225
20200910,09:53,32.60,32.60,32.45,32.45,100,139675
20200910,09:54,32.60,32.95,31.90,32.75,400,139675
20200910,09:55,32.55,32.55,31.20,31.20,75,139675
20200910,09:56,31.20,31.20,31.10,31.10,100,139775
20200910,09:57,31.10,31.10,30.95,30.95,100,139775
20200910,09:58,30.05,31.50,30.05,31.50,125,139775
20200910,09:59,31.95,31.95,30.65,31.20,675,139925
20200910,10:00,30.65,30.70,30.65,30.70,50,139925
20200910,10:01,32.95,32.95,31.85,31.85,950,139925
20200910,10:02,31.80,31.85,31.80,31.85,300,139925
20200910,10:04,32.35,32.50,32.05,32.50,150,140450
20200910,10:05,32.10,32.10,32.00,32.10,550,140725
20200910,10:06,32.00,32.35,31.95,31.95,275,140725
20200910,10:07,32.05,32.05,31.25,31.25,300,140725
20200910,10:08,31.60,31.95,31.10,31.80,275,141325
20200910,10:09,31.50,31.50,30.80,30.80,550,141325
20200910,10:10,31.00,31.05,31.00,31.00,150,141325
20200910,10:11,30.60,30.75,30.60,30.75,125,141450
20200910,10:12,30.95,31.30,30.95,31.30,200,141450
20200910,10:13,31.55,31.55,31.45,31.50,400,141450
20200910,10:14,32.00,32.00,31.80,31.80,425,141450
20200910,10:15,31.15,32.00,31.15,31.85,100,141625
20200910,10:16,32.00,32.00,32.00,32.00,75,141625
20200910,10:18,32.45,32.45,32.45,32.45,50,141650
20200910,10:21,32.05,32.05,32.05,32.05,25,141675
20200910,10:22,32.15,32.80,32.15,32.80,175,141675
20200910,10:24,32.25,33.65,32.25,33.65,250,141675
20200910,10:25,33.40,33.40,33.40,33.40,25,141675
20200910,10:30,32.85,32.85,32.85,32.85,25,141900
20200910,10:35,33.05,33.05,33.05,33.05,25,141925
20200910,10:36,33.05,33.50,33.05,33.25,125,141925
20200910,10:38,33.50,33.50,33.50,33.50,100,141925
20200910,10:39,33.40,33.40,33.00,33.00,575,141900
20200910,10:42,32.25,32.25,32.25,32.25,50,142150
20200910,10:45,34.45,34.95,34.45,34.95,200,142200
20200910,10:46,34.95,36.00,34.95,36.00,450,142200
20200910,10:47,35.30,35.45,34.30,34.30,475,141800
20200910,10:48,35.00,35.00,34.00,34.00,450,141800
20200910,10:50,34.10,34.90,34.10,34.90,150,142200
20200910,10:51,34.95,36.90,34.95,36.90,625,142200
20200910,10:52,36.10,36.10,36.10,36.10,75,142200
20200910,10:53,36.00,36.00,36.00,36.00,25,142200
20200910,10:55,37.95,37.95,37.95,37.95,350,142425
20200910,10:56,37.40,37.40,35.75,35.75,1275,141525
20200910,10:57,36.15,36.15,35.40,36.00,1075,141525
20200910,10:58,35.70,36.55,35.70,36.30,500,141525
20200910,10:59,36.25,36.25,36.05,36.20,575,141075
20200910,11:00,36.20,36.95,36.20,36.50,250,141075
20200910,11:01,35.10,35.10,34.35,34.35,1500,141075
20200910,11:02,35.00,35.00,35.00,35.00,25,141050
20200910,11:03,35.85,36.90,35.85,36.55,650,141050
20200910,11:04,37.60,37.60,37.00,37.00,200,141050
20200910,11:05,37.35,37.35,36.35,36.40,300,141375
20200910,11:06,37.20,37.20,37.10,37.10,150,141375
20200910,11:09,36.65,36.65,36.20,36.30,200,141325
20200910,11:10,36.30,36.30,36.25,36.25,300,141325
20200910,11:12,37.35,37.35,37.35,37.35,25,141500
20200910,11:13,36.75,36.75,36.25,36.25,250,141500
20200910,11:14,36.90,36.90,36.25,36.30,175,141525
20200910,11:15,36.10,36.85,36.10,36.85,75,141525
20200910,11:16,37.00,37.20,36.65,36.65,400,141525
20200910,11:17,36.80,36.80,36.80,36.80,25,141900
20200910,11:18,35.95,35.95,35.95,35.95,250,141900
20200910,11:19,37.05,37.05,37.05,37.05,125,141900
20200910,11:20,37.10,37.10,35.55,36.35,425,141900
20200910,11:21,36.80,36.80,34.95,35.65,350,142275
20200910,11:23,36.30,36.30,36.30,36.30,25,142275
20200910,11:25,35.65,35.65,35.65,35.65,25,142575
20200910,11:27,35.75,36.60,35.75,36.60,150,142575
20200910,11:28,36.65,36.65,36.25,36.25,75,142575
20200910,11:29,36.00,36.50,36.00,36.50,150,142650
20200910,11:30,36.00,36.00,35.35,35.75,375,142650
20200910,11:31,35.65,36.00,35.45,36.00,550,142650
20200910,11:32,36.80,36.80,36.35,36.35,400,143050
20200910,11:33,36.85,36.90,36.40,36.55,500,143050
20200910,11:34,36.55,36.80,36.55,36.60,375,143050
20200910,11:35,36.55,36.65,36.35,36.65,125,143050
20200910,11:36,36.60,37.35,36.60,37.05,1050,143600
20200910,11:37,37.50,38.00,37.30,37.30,825,143600
20200910,11:38,37.20,37.55,37.10,37.45,375,143600
20200910,11:39,37.45,37.60,37.45,37.55,500,142875
20200910,11:40,38.00,38.90,38.00,38.85,950,142875
20200910,11:41,39.00,39.00,38.40,38.60,775,142875
20200910,11:42,37.75,37.75,37.00,37.35,250,142950
20200910,11:43,37.60,37.60,37.60,37.60,25,142950
20200910,11:44,37.35,37.35,37.10,37.10,50,142950
20200910,11:45,37.25,37.85,37.25,37.55,1175,143125
20200910,11:46,37.85,37.85,37.75,37.75,125,143125
20200910,11:47,37.65,37.65,37.55,37.60,125,142425
20200910,11:48,37.30,37.55,37.15,37.15,425,142425
20200910,11:49,37.60,37.60,36.65,36.65,525,142425
20200910,11:50,37.30,37.40,37.30,37.40,175,142425
20200910,11:51,37.40,37.40,37.25,37.25,125,142075
20200910,11:52,37.15,37.15,37.15,37.15,25,142075
20200910,11:53,36.90,36.90,36.90,36.90,25,142075
20200910,11:54,37.15,37.40,37.15,37.40,275,141525
20200910,11:55,37.20,37.30,36.70,36.70,700,141525
20200910,11:56,36.60,36.60,35.85,35.85,525,142250
20200910,11:57,36.00,36.00,36.00,36.00,75,142250
20200910,11:58,36.30,36.30,36.10,36.10,125,142250
20200910,11:59,36.65,36.80,36.65,36.70,100,142275
20200910,12:00,36.25,36.30,36.15,36.15,375,142275
20200910,12:02,35.85,35.85,35.85,35.85,25,142275
20200910,12:04,35.35,35.40,35.15,35.15,725,142450
20200910,12:06,35.20,35.20,34.85,35.15,175,142425
20200910,12:07,35.35,35.40,35.35,35.40,450,142425
20200910,12:08,35.80,35.90,35.80,35.90,50,142400
20200910,12:09,35.90,35.90,35.80,35.80,125,142400
20200910,12:10,35.70,35.75,35.55,35.55,75,142400
20200910,12:11,35.10,35.10,35.10,35.10,25,142400
20200910,12:12,34.90,35.00,34.90,35.00,50,142600
20200910,12:17,35.30,35.30,35.30,35.30,250,142625
20200910,12:18,35.45,35.45,35.45,35.45,100,142675
20200910,12:19,35.30,35.35,35.30,35.35,75,142675
20200910,12:20,35.35,35.35,35.30,35.30,225,142775
20200910,12:21,35.30,35.30,34.85,34.85,700,142775
20200910,12:22,34.50,34.50,34.50,34.50,75,142775
20200910,12:23,34.35,34.35,34.35,34.35,25,142775
20200910,12:24,34.40,34.40,33.95,34.40,225,142775
20200910,12:25,34.30,34.55,34.30,34.55,175,142775
20200910,12:26,34.60,34.60,34.20,34.20,825,142775
20200910,12:27,34.65,34.80,34.65,34.80,75,142375
20200910,12:28,34.50,34.50,34.10,34.10,50,142375
20200910,12:29,33.95,33.95,33.70,33.70,175,142375
20200910,12:30,33.50,33.70,33.50,33.70,300,142325
20200910,12:32,32.35,32.35,32.35,32.35,100,142325
20200910,12:33,33.10,33.10,33.10,33.10,50,142400
20200910,12:35,33.80,33.80,33.80,33.80,25,142400
20200910,12:38,33.50,33.50,33.50,33.50,125,142375
20200910,12:39,33.25,33.25,33.25,33.25,725,142475
20200910,12:41,33.10,33.10,33.10,33.10,50,142475
20200910,12:42,33.50,33.50,33.50,33.50,25,142825
20200910,12:43,33.50,33.50,33.10,33.10,525,142825
20200910,12:44,33.10,33.20,33.10,33.20,475,142825
20200910,12:46,32.95,32.95,32.75,32.90,300,143225
20200910,12:48,32.65,32.65,32.60,32.60,100,143200
20200910,12:49,32.50,32.90,32.50,32.90,125,143200
20200910,12:50,32.60,32.65,32.60,32.65,75,143200
20200910,12:51,32.70,32.70,32.30,32.50,450,143325
20200910,12:52,32.45,32.45,32.45,32.45,150,143325
20200910,12:53,32.45,32.65,32.45,32.65,100,143325
20200910,12:54,32.70,32.85,32.65,32.80,275,143550
20200910,12:55,32.65,32.65,32.00,32.05,350,143550
20200910,12:56,32.00,32.55,32.00,32.55,225,143550
20200910,12:58,32.00,32.00,31.75,31.75,275,144175
20200910,12:59,32.15,32.15,31.85,31.85,250,144175
20200910,13:00,30.95,31.00,30.95,31.00,100,144000
20200910,13:01,31.00,31.70,31.00,31.60,300,144000
20200910,13:02,31.90,31.90,31.85,31.85,100,144000
20200910,13:04,31.05,31.05,31.05,31.05,25,143825
20200910,13:05,30.60,30.70,30.60,30.70,150,143825
20200910,13:06,30.80,30.80,30.80,30.80,375,143675
20200910,13:07,30.80,30.80,30.75,30.75,475,143675
20200910,13:09,30.40,30.80,30.05,30.05,150,144525
20200910,13:10,30.45,30.50,30.10,30.50,125,144525
20200910,13:11,30.80,30.80,30.80,30.80,225,144525
20200910,13:12,31.00,31.00,30.05,30.90,325,144425
20200910,13:13,30.50,30.50,30.50,30.50,25,144425
20200910,13:14,30.55,30.65,30.05,30.65,675,144425
20200910,13:15,30.65,30.90,30.00,30.00,1425,143800
20200910,13:17,30.00,30.00,29.95,29.95,100,143800
20200910,13:18,29.90,30.20,29.90,30.20,375,144450
20200910,13:19,29.95,29.95,29.95,29.95,75,144450
20200910,13:20,30.00,30.00,30.00,30.00,300,144450
20200910,13:21,29.55,29.55,29.55,29.55,25,144525
20200910,13:22,29.10,30.00,29.10,30.00,175,144525
20200910,13:23,30.00,30.35,30.00,30.30,325,144525
20200910,13:24,30.30,30.30,29.55,29.55,200,144825
20200910,13:25,29.05,29.05,29.00,29.00,475,144825
20200910,13:26,28.55,29.45,28.55,29.45,1000,144825
20200910,13:27,29.05,29.05,29.05,29.05,75,144550
20200910,13:28,29.00,29.00,28.30,28.30,425,144550
20200910,13:29,29.85,30.95,29.85,30.95,1225,144550
20200910,13:30,30.90,31.75,30.90,31.10,1450,144925
20200910,13:31,30.70,31.35,29.85,30.60,675,144925
20200910,13:32,30.80,30.80,30.80,30.80,25,144925
20200910,13:33,30.60,31.20,30.15,30.15,425,144250
20200910,13:34,30.55,30.70,30.55,30.70,100,144250
20200910,13:35,31.30,31.30,31.05,31.05,50,144250
20200910,13:36,31.20,31.20,31.20,31.20,25,144250
20200910,13:37,31.40,31.40,31.25,31.25,750,144225
20200910,13:38,31.25,31.25,30.15,30.15,650,144225
20200910,13:39,30.35,30.35,29.40,29.45,1150,143850
20200910,13:40,29.45,29.75,29.45,29.70,100,143850
20200910,13:41,29.35,29.65,29.35,29.65,325,143850
20200910,13:42,29.45,29.45,29.35,29.35,200,143800
20200910,13:43,29.35,29.40,29.20,29.40,425,143800
20200910,13:44,29.45,29.45,29.10,29.10,175,143800
20200910,13:46,29.25,29.25,29.10,29.10,150,143675
20200910,13:47,29.10,29.10,28.95,28.95,50,143675
20200910,13:48,29.15,29.15,28.60,29.15,350,143800
20200910,13:49,28.40,28.40,28.05,28.05,300,143800
20200910,13:50,28.00,28.30,28.00,28.30,250,143800
20200910,13:51,28.25,28.25,28.00,28.00,125,143800
20200910,13:54,27.95,27.95,27.95,27.95,25,143900
20200910,13:55,27.95,28.30,27.95,28.30,50,143900
20200910,13:56,28.35,28.35,28.05,28.05,450,143900
20200910,13:57,28.55,29.40,28.55,29.40,300,143875
20200910,13:58,29.00,29.05,29.00,29.00,375,143875
20200910,13:59,28.70,28.70,28.70,28.70,25,143875
20200910,14:00,28.65,29.05,28.65,29.00,650,144025
20200910,14:01,28.85,28.85,28.85,28.85,25,144025
20200910,14:03,29.15,29.15,28.85,28.85,125,144050
20200910,14:04,28.75,28.75,28.65,28.65,75,144050
20200910,14:05,28.45,29.00,28.45,29.00,650,144050
20200910,14:06,29.05,29.35,29.05,29.30,750,144775
20200910,14:07,29.45,29.45,29.40,29.40,250,144775
20200910,14:08,29.05,29.65,29.05,29.65,1050,144775
20200910,14:09,29.05,29.05,29.05,29.05,1000,144575
20200910,14:10,29.10,29.10,29.00,29.00,2975,144575
20200910,14:11,28.85,29.25,28.85,29.25,775,144575
20200910,14:12,28.95,28.95,28.95,28.95,100,144575
20200910,14:13,29.00,29.00,28.50,28.50,1000,147825
20200910,14:14,28.35,28.35,28.00,28.00,750,147825
20200910,14:15,28.00,28.70,28.00,28.55,625,147425
20200910,14:16,28.75,28.75,28.75,28.75,175,147425
20200910,14:17,29.25,29.40,29.20,29.20,175,147425
20200910,14:18,28.80,29.45,28.80,29.45,150,144225
20200910,14:19,29.35,30.25,29.35,30.00,675,144225
20200910,14:20,29.80,30.50,29.80,30.30,700,144225
20200910,14:21,29.60,29.85,29.60,29.80,375,144375
20200910,14:22,29.80,30.45,29.80,30.45,225,144375
20200910,14:23,29.75,29.75,29.45,29.45,175,144375
20200910,14:24,29.30,29.30,28.65,28.65,525,144325
20200910,14:25,28.85,29.05,28.85,29.00,350,144325
20200910,14:26,28.85,29.55,28.85,29.40,125,144325
20200910,14:27,29.75,30.30,29.75,30.30,325,144300
20200910,14:28,30.00,30.00,29.65,29.75,300,144300
20200910,14:29,30.30,30.35,30.00,30.35,625,144300
20200910,14:30,30.15,31.25,30.15,30.90,1175,145075
20200910,14:31,31.10,31.10,31.10,31.10,25,145075
20200910,14:32,31.40,31.40,30.75,30.75,375,145075
20200910,14:33,30.95,31.25,30.95,31.25,200,144975
20200910,14:34,31.80,31.80,31.25,31.25,250,144975
20200910,14:35,30.75,30.75,29.45,30.05,600,144975
20200910,14:36,30.00,30.00,29.90,29.90,75,144925
20200910,14:37,29.60,29.60,28.90,28.90,275,144925
20200910,14:39,29.05,29.05,29.00,29.00,50,145050
20200910,14:40,28.75,28.80,28.70,28.80,600,145050
20200910,14:41,28.90,29.70,28.90,29.70,200,145050
20200910,14:42,29.60,29.60,29.50,29.50,125,145050
20200910,14:43,29.25,29.50,29.25,29.50,175,145425
20200910,14:44,29.35,29.35,29.35,29.35,200,145425
20200910,14:45,29.40,29.60,29.10,29.50,675,145525
20200910,14:46,29.35,29.35,28.60,28.85,950,145525
20200910,14:47,29.00,29.00,27.90,27.90,300,145525
20200910,14:48,28.05,28.35,27.60,28.25,800,146050
20200910,14:49,28.10,28.65,28.10,28.25,325,146050
20200910,14:50,28.65,28.95,28.60,28.95,675,146050
20200910,14:51,28.90,29.10,28.90,29.10,425,146950
20200910,14:52,29.00,29.00,28.85,28.85,350,146950
20200910,14:53,28.60,28.90,28.45,28.85,600,146950
20200910,14:54,28.70,29.30,28.70,29.30,300,146650
20200910,14:55,29.70,29.70,29.00,29.05,325,146650
20200910,14:56,28.35,28.75,28.35,28.65,550,146650
20200910,14:57,28.65,29.15,28.65,29.10,425,146675
20200910,14:58,29.10,29.25,28.50,28.65,1600,146675
20200910,14:59,28.50,28.65,28.50,28.65,225,146675
20200910,15:00,28.75,28.80,28.35,28.75,1150,146100
20200910,15:01,28.85,28.85,28.85,28.85,125,146100
20200910,15:02,27.80,27.80,27.55,27.55,225,146100
20200910,15:03,27.50,27.50,27.15,27.15,525,146225
20200910,15:04,27.05,27.25,27.00,27.00,400,146225
20200910,15:05,27.00,27.75,26.80,26.80,1325,146225
20200910,15:06,26.55,26.55,25.70,25.70,550,146250
20200910,15:07,25.05,25.05,24.20,24.30,5725,146250
20200910,15:08,25.00,25.25,24.80,25.25,1350,146250
20200910,15:09,24.80,25.50,24.80,25.50,150,149825
20200910,15:10,25.15,25.40,25.15,25.30,200,149825
20200910,15:11,25.25,25.60,25.15,25.25,1375,149825
20200910,15:12,25.30,25.75,25.30,25.70,1125,149175
20200910,15:13,25.90,26.20,25.80,26.20,1325,149175
20200910,15:14,26.15,26.55,26.05,26.40,850,149175
20200910,15:15,26.00,27.00,25.90,27.00,1025,148350
20200910,15:16,26.50,26.50,26.00,26.00,300,148350
20200910,15:17,26.55,26.55,26.00,26.30,325,148350
20200910,15:18,26.95,27.00,26.40,26.50,600,148575
20200910,15:19,26.55,27.00,26.55,27.00,725,148575
20200910,15:20,27.50,27.50,27.15,27.15,850,148575
20200910,15:21,27.35,27.35,27.00,27.00,400,148150
20200910,15:22,27.00,27.00,26.05,26.50,575,148150
20200910,15:23,27.45,27.45,26.90,26.90,350,148150
20200910,15:24,27.00,27.60,26.50,27.55,1600,148925
20200910,15:25,27.55,27.60,27.55,27.55,1225,148925
20200910,15:26,27.30,27.30,26.70,26.75,825,148925
20200910,15:27,26.70,27.15,26.50,26.85,1000,149425
20200910,15:28,26.85,28.60,26.85,28.00,2400,149425
20200910,15:29,29.45,29.60,28.55,29.60,200,149425
20200911,09:15,29.00,29.00,26.95,26.95,76,150400
20200911,09:16,26.95,26.95,26.15,26.15,100,150400
20200911,09:17,26.15,27.00,25.05,25.05,100,150500
20200911,09:18,25.05,26.00,25.05,26.00,100,150500
20200911,09:19,25.95,27.00,25.95,27.00,300,150500
20200911,09:20,26.95,26.95,26.25,26.25,200,150475
20200911,09:21,25.95,26.50,25.95,26.50,475,150475
20200911,09:22,26.50,27.00,25.00,25.00,800,150475
20200911,09:23,25.00,26.00,25.00,26.00,150,150425
20200911,09:24,26.00,26.85,26.00,26.40,250,150425
20200911,09:25,25.45,25.45,25.45,25.45,50,150425
20200911,09:26,25.00,25.00,23.40,24.25,375,150575
20200911,09:27,24.45,24.55,23.55,24.30,650,150575
20200911,09:28,24.70,26.30,24.45,24.45,725,150575
20200911,09:29,24.65,25.00,24.65,24.95,225,151050
20200911,09:30,24.65,24.65,24.65,24.65,25,151050
20200911,09:31,24.35,24.80,23.75,24.50,1125,151050
20200911,09:32,23.80,24.90,23.80,24.25,150,151425
20200911,09:33,24.10,24.90,24.00,24.00,250,151425
20200911,09:34,24.00,24.45,23.70,24.15,425,151425
20200911,09:35,24.75,24.75,23.95,23.95,75,151300
20200911,09:36,24.00,24.00,23.95,23.95,1025,151300
20200911,09:37,23.70,24.25,23.65,24.05,1150,151300
20200911,09:38,24.05,24.05,24.05,24.05,25,150075
20200911,09:39,23.60,24.90,23.60,24.90,475,150075
20200911,09:41,23.50,23.65,22.85,23.65,625,150250
20200911,09:42,24.15,24.50,23.15,23.15,225,150250
20200911,09:43,23.05,23.05,22.55,22.55,75,150250
20200911,09:44,22.10,23.15,22.10,23.00,2025,151275
20200911,09:45,24.00,24.00,23.75,23.75,150,151275
20200911,09:46,23.60,23.65,23.50,23.50,200,151275
20200911,09:47,23.65,23.70,22.85,22.85,350,151375
20200911,09:48,23.05,23.05,22.55,22.75,250,151375
20200911,09:49,22.75,22.75,22.65,22.65,150,151375
20200911,09:50,21.95,21.95,21.95,21.95,150,151325
20200911,09:51,21.95,23.20,21.95,22.90,600,151325
20200911,09:52,22.70,22.80,22.70,22.80,300,151325
20200911,09:53,22.30,22.80,21.70,22.80,825,151250
20200911,09:54,22.40,22.70,22.40,22.70,100,151250
20200911,09:55,22.05,22.05,22.05,22.05,100,151250
20200911,09:56,21.45,21.45,21.45,21.45,125,151250
20200911,09:57,22.15,22.20,22.00,22.20,450,151725
20200911,09:58,22.00,22.00,21.25,21.25,225,151725
20200911,09:59,22.00,22.15,21.50,22.15,75,151625
20200911,10:00,22.50,22.80,22.45,22.45,175,151625
20200911,10:01,22.50,22.50,22.25,22.45,400,151625
20200911,10:02,22.35,22.35,22.35,22.35,25,151625
20200911,10:03,22.30,23.20,22.30,22.40,1325,151600
20200911,10:04,22.00,22.05,21.85,22.05,425,151600
20200911,10:05,22.20,22.20,22.20,22.20,200,151600
20200911,10:06,21.80,22.60,21.80,22.30,1225,152525
20200911,10:07,22.30,22.60,22.30,22.60,200,152525
20200911,10:08,21.80,22.75,21.80,22.75,525,153525
20200911,10:09,22.30,22.35,22.20,22.35,250,153525
20200911,10:10,22.35,22.35,22.35,22.35,50,153525
20200911,10:11,22.40,22.60,22.40,22.60,75,153725
20200911,10:12,22.75,22.75,22.45,22.45,100,153725
20200911,10:13,22.60,22.60,22.60,22.60,25,153725
20200911,10:14,22.40,22.50,22.40,22.50,150,153875
20200911,10:15,22.40,22.40,22.40,22.40,25,153875
20200911,10:16,22.35,22.40,22.10,22.40,300,153875
20200911,10:17,22.15,22.15,21.85,21.85,75,153875
20200911,10:18,22.20,22.20,21.90,21.90,75,151350
20200911,10:19,21.95,22.05,21.75,22.05,375,151350
20200911,10:20,22.05,22.05,21.90,21.90,475,151300
20200911,10:21,22.05,22.05,21.70,21.75,400,151300
20200911,10:22,21.85,22.00,21.85,22.00,50,151300
20200911,10:23,21.70,21.80,21.70,21.80,75,151200
20200911,10:24,21.60,21.60,21.25,21.50,400,151200
20200911,10:25,21.35,21.35,21.35,21.35,25,151200
20200911,10:26,21.60,21.60,21.60,21.60,25,151075
20200911,10:27,21.40,21.40,21.40,21.40,75,151075
20200911,10:28,21.25,21.60,21.25,21.50,300,151075
20200911,10:29,21.10,21.15,21.10,21.15,175,151075
20200911,10:30,21.25,21.25,20.65,20.90,1400,150775
20200911,10:31,20.75,21.00,20.75,21.00,700,150775
20200911,10:32,21.10,21.10,20.20,20.95,825,150375
20200911,10:33,21.00,21.00,20.75,20.75,250,150375
20200911,10:34,21.20,21.20,21.00,21.00,100,150375
20200911,10:35,21.00,21.40,21.00,21.25,400,149950
20200911,10:36,21.35,21.65,21.35,21.60,400,149950
20200911,10:37,21.30,21.80,21.30,21.80,150,149950
20200911,10:38,21.40,21.45,21.40,21.45,50,148200
20200911,10:39,21.70,21.70,21.30,21.30,200,148200
20200911,10:40,21.05,21.05,21.05,21.05,200,148200
20200911,10:41,21.75,21.90,21.50,21.90,825,148250
20200911,10:42,22.10,22.10,22.05,22.05,100,148250
20200911,10:43,22.00,22.10,22.00,22.10,150,148250
20200911,10:44,22.10,22.10,22.10,22.10,25,148250
20200911,10:45,21.50,21.50,21.50,21.50,100,148875
20200911,10:46,22.40,22.40,22.40,22.40,25,148875
20200911,10:47,22.25,22.40,22.25,22.40,125,148925
20200911,10:49,22.05,22.05,22.05,22.05,25,148925
20200911,10:51,22.15,22.15,22.10,22.10,125,148950
20200911,10:52,22.45,22.45,22.45,22.45,25,148950
20200911,10:53,22.80,22.80,22.35,22.35,350,148925
20200911,10:55,22.80,22.95,22.75,22.95,400,148925
20200911,10:56,22.80,22.80,22.80,22.80,25,148925
20200911,10:57,22.95,23.00,22.95,23.00,50,148900
20200911,10:58,23.20,23.20,23.20,23.20,75,148900
20200911,10:59,23.20,23.20,22.95,23.20,1000,149200
20200911,11:00,23.20,23.50,23.05,23.05,375,149200
20200911,11:01,22.85,22.85,22.85,22.85,125,149200
20200911,11:02,22.70,22.70,22.70,22.70,50,149050
20200911,11:03,22.85,22.85,22.85,22.85,25,149050
20200911,11:05,22.50,22.50,22.50,22.50,100,149125
20200911,11:06,22.05,22.05,22.05,22.05,175,149125
20200911,11:07,22.00,22.00,22.00,22.00,50,149125
20200911,11:08,22.05,22.25,22.05,22.25,125,149125
20200911,11:09,22.55,22.55,22.55,22.55,100,148975
20200911,11:10,22.25,22.50,22.25,22.50,100,148975
20200911,11:11,22.70,22.70,22.70,22.70,25,148975
20200911,11:12,22.25,22.25,22.25,22.25,25,148950
20200911,11:13,22.25,22.25,21.65,21.65,100,148950
20200911,11:14,21.95,22.00,21.95,22.00,250,148950
20200911,11:15,22.40,22.40,22.00,22.00,150,149150
20200911,11:16,22.50,22.90,22.45,22.90,100,149150
20200911,11:17,22.35,22.35,22.35,22.35,25,149100
20200911,11:19,22.50,22.50,22.50,22.50,100,149100
20200911,11:20,22.50,23.50,22.35,23.50,3225,150250
20200911,11:21,23.05,23.10,23.05,23.10,100,150250
20200911,11:23,22.75,23.15,22.75,22.90,550,151200
20200911,11:24,22.80,22.80,22.80,22.80,50,151200
20200911,11:25,22.85,23.00,22.80,22.95,375,151200
20200911,11:26,22.80,23.25,22.65,23.25,450,151100
20200911,11:27,22.85,23.00,22.35,22.35,375,151100
20200911,11:28,22.85,22.90,22.85,22.90,100,151100
20200911,11:29,22.95,22.95,22.95,22.95,25,151100
20200911,11:30,22.75,22.75,22.30,22.55,375,150325
20200911,11:31,22.55,22.55,22.55,22.55,50,150325
20200911,11:32,22.55,22.55,22.55,22.55,100,150325
20200911,11:34,23.25,23.45,23.20,23.35,1950,150475
20200911,11:35,23.35,23.40,22.80,23.30,675,149425
20200911,11:36,23.70,23.70,23.10,23.10,2000,149425
20200911,11:37,23.40,23.40,23.40,23.40,25,149425
20200911,11:38,23.30,23.50,23.25,23.50,375,150025
20200911,11:39,23.50,23.60,23.50,23.60,275,150025
20200911,11:40,23.65,24.80,23.65,24.20,1000,150025
20200911,11:42,23.80,23.80,23.80,23.80,50,150375
20200911,11:44,23.65,23.70,23.45,23.70,175,150375
20200911,11:45,23.40,23.40,23.40,23.40,25,149500
20200911,11:46,23.05,23.05,23.05,23.05,50,149500
20200911,11:47,23.00,23.00,23.00,23.00,100,148225
20200911,11:48,23.00,23.05,23.00,23.00,575,148225
20200911,11:49,23.05,23.45,22.80,23.30,325,148225
20200911,11:50,23.25,23.60,22.85,23.35,525,148525
20200911,11:51,23.20,23.20,23.20,23.20,25,148525
20200911,11:52,23.30,23.30,23.25,23.30,400,148525
20200911,11:54,23.05,23.30,23.05,23.15,125,148900
20200911,11:55,23.60,23.70,23.60,23.65,250,148900
20200911,11:56,23.60,23.65,23.60,23.65,175,148900
20200911,11:57,23.50,23.50,23.20,23.45,275,149225
20200911,11:58,23.60,23.85,23.60,23.75,500,149225
20200911,11:59,23.95,24.00,23.95,24.00,175,149225
20200911,12:00,23.70,23.75,23.70,23.75,100,149125
20200911,12:02,23.70,23.80,23.60,23.60,200,149125
20200911,12:03,23.35,23.35,23.35,23.35,25,149025
20200911,12:04,23.00,23.00,23.00,23.00,25,149025
20200911,12:05,22.25,22.35,22.25,22.35,150,149025
20200911,12:07,22.70,22.70,22.65,22.65,100,148950
20200911,12:08,22.60,22.60,22.60,22.60,100,148950
20200911,12:10,23.20,23.20,23.20,23.20,225,148875
20200911,12:11,23.05,23.05,23.05,23.05,100,148875
20200911,12:12,23.00,23.15,23.00,23.15,50,149025
20200911,12:13,22.75,22.75,22.75,22.75,475,149025
20200911,12:14,22.25,22.25,22.25,22.25,250,149300
20200911,12:15,22.30,22.70,22.30,22.70,400,149300
20200911,12:17,22.80,22.80,22.80,22.80,300,149300
20200911,12:18,22.80,22.80,22.80,22.80,125,149550
20200911,12:20,22.80,22.80,22.80,22.80,125,149550
20200911,12:21,23.00,23.00,23.00,23.00,50,149675
20200911,12:23,22.90,22.90,22.90,22.90,75,149675
20200911,12:24,22.85,22.85,22.85,22.85,25,149675
20200911,12:25,22.75,22.75,22.25,22.25,350,149675
20200911,12:27,22.40,22.40,22.40,22.40,100,149950
20200911,12:29,22.70,22.70,22.70,22.70,100,149950
20200911,12:30,22.00,22.05,21.75,22.05,1150,149950
20200911,12:31,22.00,22.05,22.00,22.05,75,149950
20200911,12:33,22.15,22.15,22.15,22.15,50,150950
20200911,12:35,22.10,22.25,21.95,22.25,225,150950
20200911,12:36,22.10,22.10,21.90,21.90,250,150975
20200911,12:37,22.10,22.10,21.95,22.00,325,150975
20200911,12:38,21.85,21.85,21.85,21.85,25,150975
20200911,12:39,21.95,21.95,21.95,21.95,25,150725
20200911,12:40,21.85,21.85,21.85,21.85,25,150725
20200911,12:41,22.00,22.00,21.95,21.95,50,150725
20200911,12:47,22.65,22.65,22.65,22.65,25,150750
20200911,12:49,22.30,22.50,22.30,22.50,75,150775
20200911,12:50,22.80,22.95,22.70,22.70,275,150775
20200911,12:52,22.65,22.70,22.65,22.70,125,150650
20200911,12:53,22.90,23.40,22.90,23.40,75,150650
20200911,12:55,22.80,23.00,22.75,22.90,200,150675
20200911,12:57,22.30,22.30,22.00,22.00,3075,150750
20200911,12:58,22.75,22.75,22.65,22.65,150,150750
20200911,13:00,22.35,22.35,22.30,22.30,250,150400
20200911,13:01,22.30,22.30,22.05,22.20,675,150400
20200911,13:02,22.75,22.75,22.75,22.75,25,150400
20200911,13:03,22.60,22.70,22.60,22.70,50,150375
20200911,13:04,22.60,22.60,22.60,22.60,25,150375
20200911,13:05,22.65,22.65,22.65,22.65,150,150375
20200911,13:07,22.90,22.90,22.85,22.85,100,150500
20200911,13:08,22.80,22.80,22.80,22.80,25,150500
20200911,13:09,22.50,22.55,22.15,22.55,675,150425
20200911,13:10,22.20,23.00,22.10,23.00,1050,150425
20200911,13:11,22.80,22.80,22.50,22.50,625,150425
20200911,13:13,22.50,22.50,22.50,22.50,25,150800
20200911,13:14,22.35,22.35,22.35,22.35,125,150800
20200911,13:15,21.90,21.90,21.90,21.90,25,150675
20200911,13:16,21.90,21.90,21.90,21.90,50,150675
20200911,13:17,22.60,22.60,22.60,22.60,25,150675
20200911,13:18,22.00,22.00,22.00,22.00,25,150800
20200911,13:24,22.00,22.00,22.00,22.00,50,150800
20200911,13:25,22.00,22.00,22.00,22.00,300,150800
20200911,13:26,21.85,22.00,21.85,22.00,100,150800
20200911,13:27,21.85,22.00,21.85,22.00,250,150600
20200911,13:28,22.00,22.00,21.90,21.90,275,150600
20200911,13:29,21.95,22.25,21.85,22.25,475,150600
20200911,13:30,22.00,22.40,22.00,22.20,500,150650
20200911,13:31,22.25,22.25,22.05,22.05,250,150650
20200911,13:32,22.15,22.35,22.15,22.25,625,150650
20200911,13:33,22.20,22.25,22.15,22.25,275,151150
20200911,13:34,22.25,22.35,22.25,22.35,75,151150
20200911,13:35,22.15,22.15,22.15,22.15,25,151150
20200911,13:36,22.05,22.05,22.05,22.05,25,151100
20200911,13:37,22.00,22.00,21.80,21.80,550,151100
20200911,13:38,22.10,22.40,22.10,22.40,325,151100
20200911,13:39,23.20,23.20,23.20,23.20,200,151075
20200911,13:40,22.35,22.45,22.35,22.40,325,151075
20200911,13:42,22.40,22.75,22.15,22.15,200,149200
20200911,13:43,22.10,22.15,22.10,22.15,350,149200
20200911,13:44,22.20,22.20,22.00,22.00,325,149200
20200911,13:45,21.95,22.00,21.95,21.95,250,148825
20200911,13:46,21.80,22.00,21.70,21.75,500,148825
20200911,13:47,21.75,21.95,21.75,21.85,500,148825
20200911,13:49,22.20,22.20,22.05,22.20,175,148475
20200911,13:50,22.15,22.15,21.95,22.00,900,148475
20200911,13:51,21.85,22.10,21.80,22.00,550,148075
20200911,13:52,21.90,21.90,21.90,21.90,100,148075
20200911,13:53,22.15,22.15,21.95,21.95,125,148075
20200911,13:54,21.80,22.10,21.80,22.00,600,147750
20200911,13:55,21.70,21.90,21.35,21.90,1000,147750
20200911,13:57,21.90,21.90,21.90,21.90,125,147750
20200911,13:58,21.95,22.05,21.95,22.05,75,148425
20200911,13:59,22.20,22.25,22.20,22.25,225,148425
20200911,14:00,22.20,22.20,22.05,22.05,475,148125
20200911,14:01,22.00,22.00,21.55,21.80,575,148125
20200911,14:02,21.90,22.15,21.75,21.75,725,148125
20200911,14:03,20.95,21.50,20.95,21.50,50,148125
20200911,14:04,21.90,21.90,21.85,21.85,125,149200
20200911,14:05,22.50,22.95,22.50,22.95,250,149200
20200911,14:07,22.60,22.75,22.60,22.75,225,149075
20200911,14:08,23.05,23.40,23.05,23.40,225,149075
20200911,14:09,23.40,23.45,23.40,23.45,350,148700
20200911,14:10,23.15,23.55,22.65,22.65,875,148700
20200911,14:11,22.90,22.90,22.90,22.90,75,148700
20200911,14:14,22.05,22.55,22.05,22.50,1325,148675
20200911,14:15,22.65,23.00,22.60,22.95,2900,149625
20200911,14:16,23.50,23.50,23.30,23.35,1075,149625
20200911,14:17,23.25,23.25,23.15,23.15,75,149625
20200911,14:18,22.70,22.70,22.70,22.70,100,150725
20200911,14:19,22.45,22.85,22.45,22.85,50,150725
20200911,14:20,22.35,22.45,22.35,22.45,400,150725
20200911,14:21,22.65,22.65,22.30,22.45,300,150525
20200911,14:24,22.45,22.45,22.35,22.35,475,150100
20200911,14:25,22.55,22.70,22.55,22.70,150,150100
20200911,14:27,22.50,22.50,22.50,22.50,50,150500
20200911,14:28,22.40,22.40,22.40,22.40,250,150500
20200911,14:33,22.50,22.65,22.50,22.65,1175,150700
20200911,14:34,22.65,22.65,22.65,22.65,50,150700
20200911,14:35,22.60,23.00,22.50,23.00,425,150700
20200911,14:36,23.00,23.05,22.95,23.05,350,152375
20200911,14:37,23.20,23.30,23.10,23.30,3675,152375
20200911,14:38,23.30,23.35,23.15,23.15,200,152375
20200911,14:39,23.10,23.10,23.10,23.10,300,152350
20200911,14:40,23.35,23.35,23.10,23.30,275,152350
20200911,14:41,23.40,23.40,23.30,23.30,3975,152350
20200911,14:42,23.50,23.50,23.30,23.50,750,151975
20200911,14:43,23.85,23.85,23.70,23.70,75,151975
20200911,14:44,23.85,23.90,23.85,23.90,50,151975
20200911,14:45,23.85,23.85,23.60,23.60,200,152350
20200911,14:46,23.90,23.90,23.80,23.80,50,152350
20200911,14:47,23.90,24.05,23.90,24.05,1125,152350
20200911,14:48,24.00,24.20,23.90,24.20,1800,152575
20200911,14:49,24.20,24.50,24.20,24.50,2025,152575
20200911,14:50,24.80,24.80,24.50,24.65,450,152575
20200911,14:51,24.50,24.60,24.50,24.55,2975,151800
20200911,14:52,24.55,25.15,24.55,24.90,1150,151800
20200911,14:53,25.00,25.00,24.75,24.95,750,151800
20200911,14:54,24.70,24.80,24.70,24.80,350,151800
20200911,14:55,24.85,24.85,24.55,24.55,250,151150
20200911,14:56,24.80,25.40,24.80,25.40,1050,151150
20200911,14:57,25.05,25.20,24.95,25.00,1775,151225
20200911,14:58,24.95,25.55,24.95,25.25,150,151225
20200911,14:59,25.00,25.60,25.00,25.00,450,151225
20200911,15:00,25.50,26.20,25.35,25.55,825,151325
20200911,15:01,25.80,25.80,25.05,25.05,250,151325
20200911,15:02,25.65,25.65,25.55,25.65,150,151325
20200911,15:03,25.60,25.95,24.95,24.95,1700,150975
20200911,15:04,24.95,25.35,24.90,24.90,3750,150975
20200911,15:05,24.90,25.70,24.90,25.70,1750,150975
20200911,15:06,25.65,25.80,25.60,25.80,875,150075
20200911,15:07,25.80,26.05,25.80,25.85,675,150075
20200911,15:08,26.10,26.10,25.60,25.75,1400,150075
20200911,15:09,25.85,26.20,25.85,25.85,1275,148450
20200911,15:10,25.65,25.90,24.85,25.20,2350,148450
20200911,15:11,25.30,25.50,25.15,25.20,550,148450
20200911,15:12,25.20,25.75,25.20,25.65,1200,148625
20200911,15:13,25.40,25.70,25.40,25.55,525,148625
20200911,15:14,25.80,25.80,25.00,25.50,900,148625
20200911,15:15,25.50,25.50,25.50,25.50,75,148125
20200911,15:16,25.75,25.75,25.50,25.60,1125,148125
20200911,15:17,25.50,26.05,25.50,25.50,4125,148125
20200911,15:18,26.00,26.40,25.85,26.00,1400,145975
20200911,15:19,26.00,26.00,25.55,25.85,650,145975
20200911,15:20,25.50,25.75,25.50,25.70,425,145975
20200911,15:21,25.50,25.85,25.50,25.55,1625,145725
20200911,15:22,25.50,26.05,25.50,26.05,1300,145725
20200911,15:23,26.00,26.00,25.55,25.55,1850,145725
20200911,15:24,25.85,25.85,25.70,25.70,800,144400
20200911,15:25,25.70,25.70,24.05,24.45,2325,144400
20200911,15:26,24.45,24.60,24.45,24.60,3600,144400
20200911,15:27,24.50,24.50,24.20,24.20,600,146525
20200911,15:28,24.70,24.70,24.00,24.00,625,146525
20200911,15:29,23.80,23.80,23.70,23.70,1700,146525
20200914,09:15,28.65,28.65,18.35,25.45,726,146025
20200914,09:16,25.45,26.75,25.45,26.75,375,146025
20200914,09:17,27.05,28.00,26.70,27.20,1225,146125
20200914,09:18,27.15,27.15,25.50,25.50,1025,146125
20200914,09:19,25.25,25.80,23.00,23.95,1125,146125
20200914,09:20,24.80,25.95,24.80,25.10,1025,146175
20200914,09:21,24.90,25.35,23.90,25.05,675,146175
20200914,09:22,25.00,25.00,24.65,25.00,2700,146175
20200914,09:23,24.60,25.30,24.60,24.70,1075,147150
20200914,09:24,25.25,25.25,24.80,24.80,725,147150
20200914,09:25,25.00,25.30,24.70,25.30,675,147150
20200914,09:26,25.65,25.90,24.65,25.10,900,146500
20200914,09:27,24.65,24.65,23.40,23.40,1050,146500
20200914,09:28,24.00,24.00,23.95,23.95,75,146500
20200914,09:29,23.65,23.65,23.50,23.50,75,146900
20200914,09:30,23.40,23.95,23.35,23.35,350,146900
20200914,09:31,23.95,24.00,23.95,24.00,400,146900
20200914,09:32,23.05,23.05,23.05,23.05,75,147300
20200914,09:33,23.00,23.00,23.00,23.00,150,147300
20200914,09:34,22.45,22.45,21.60,21.60,100,147300
20200914,09:35,23.05,23.05,23.00,23.00,1050,147300
20200914,09:36,23.50,23.50,22.15,22.90,475,147300
20200914,09:37,23.45,23.45,23.45,23.45,50,147300
20200914,09:39,23.65,23.95,23.20,23.20,225,148575
20200914,09:40,23.20,23.20,22.20,22.20,350,148575
20200914,09:41,22.20,22.20,22.20,22.20,50,148575
20200914,09:43,22.95,23.00,22.95,22.95,500,148625
20200914,09:44,23.75,23.75,23.75,23.75,50,148575
20200914,09:45,22.25,23.30,21.60,23.30,250,148575
20200914,09:46,23.45,23.45,23.35,23.35,225,148575
20200914,09:47,24.00,24.00,24.00,24.00,150,148875
20200914,09:49,23.10,23.95,23.10,23.95,75,148875
20200914,09:50,23.75,23.75,23.75,23.75,25,149050
20200914,09:53,22.80,23.10,22.80,22.80,275,149025
20200914,09:55,22.85,23.60,22.75,23.60,600,149025
20200914,09:56,23.40,23.60,22.25,22.45,1050,149425
20200914,09:57,22.50,22.50,21.40,21.90,1300,149425
20200914,09:58,22.35,22.35,22.15,22.35,150,149425
20200914,09:59,22.15,22.20,21.80,21.80,325,150325
20200914,10:00,21.80,21.80,21.80,21.80,25,150325
20200914,10:01,22.50,22.55,22.50,22.55,450,150325
20200914,10:02,22.60,22.90,22.60,22.60,225,150225
20200914,10:03,22.50,22.50,22.20,22.50,300,150225
20200914,10:04,22.40,22.50,21.55,22.50,975,150225
20200914,10:06,22.30,22.30,22.30,22.30,200,151075
20200914,10:07,22.55,22.60,22.55,22.60,175,151075
20200914,10:08,22.85,22.85,21.75,21.75,150,151075
20200914,10:09,22.30,22.90,22.30,22.90,375,151075
20200914,10:10,22.95,22.95,22.60,22.60,50,151075
20200914,10:11,22.30,22.30,22.30,22.30,125,151275
20200914,10:12,21.90,21.90,21.90,21.90,100,151275
20200914,10:13,21.85,21.85,21.85,21.85,75,151275
20200914,10:14,22.10,22.10,21.70,21.70,150,151275
20200914,10:15,21.95,21.95,21.95,21.95,25,151100
20200914,10:16,22.00,22.00,21.20,21.20,375,151100
20200914,10:17,21.00,21.20,21.00,21.20,975,151225
20200914,10:18,21.40,21.75,21.40,21.75,375,151225
20200914,10:19,22.45,23.05,22.25,22.35,600,151225
20200914,10:20,22.20,23.00,21.50,22.55,625,151650
20200914,10:21,22.65,22.65,22.60,22.60,250,151650
20200914,10:22,22.80,22.80,22.40,22.40,225,151650
20200914,10:23,22.20,22.20,22.20,22.20,25,152475
20200914,10:24,22.45,22.45,22.30,22.30,125,152475
20200914,10:25,21.75,21.75,21.75,21.75,100,152475
20200914,10:27,21.90,21.90,21.90,21.90,100,152625
20200914,10:28,22.25,22.25,21.80,21.80,100,152625
20200914,10:29,21.80,21.80,21.80,21.80,25,152625
20200914,10:30,21.90,21.90,21.90,21.90,25,152425
20200914,10:31,21.80,21.90,21.70,21.90,425,152425
20200914,10:32,21.75,22.00,21.75,22.00,50,152250
20200914,10:35,22.55,22.70,22.55,22.70,125,152250
20200914,10:36,22.30,22.30,22.30,22.30,25,152300
20200914,10:37,22.55,22.55,22.55,22.55,50,152300
20200914,10:39,22.05,22.05,21.35,21.35,125,152325
20200914,10:43,21.85,21.85,21.85,21.85,25,152275
20200914,10:45,22.00,22.00,22.00,22.00,500,152275
20200914,10:46,21.35,21.70,21.35,21.55,350,152275
20200914,10:47,21.40,21.90,21.40,21.90,450,152275
20200914,10:51,22.05,22.05,22.05,22.05,25,152875
20200914,10:53,22.70,22.70,22.30,22.30,150,152875
20200914,10:57,22.25,22.25,22.25,22.25,25,152875
20200914,10:58,22.95,22.95,22.00,22.00,525,152925
20200914,10:59,22.00,22.00,22.00,22.00,375,153275
20200914,11:00,21.45,22.10,21.40,22.10,325,153275
20200914,11:01,22.05,22.30,22.05,22.30,50,153275
20200914,11:03,22.55,22.55,22.55,22.55,300,153475
20200914,11:04,22.60,22.60,22.25,22.25,275,153475
20200914,11:05,22.05,22.05,22.05,22.05,25,153625
20200914,11:06,22.10,22.10,22.10,22.10,250,153625
20200914,11:07,22.15,22.15,22.15,22.15,50,153625
20200914,11:08,22.20,22.50,21.85,21.85,1950,153750
20200914,11:09,22.40,22.70,21.80,22.25,1425,153750
20200914,11:10,21.85,22.30,21.85,22.30,100,153750
20200914,11:12,22.20,22.20,22.00,22.00,125,153450
20200914,11:13,22.35,22.35,22.35,22.35,25,153450
20200914,11:14,21.90,22.45,21.90,22.45,650,153225
20200914,11:15,22.35,22.35,22.00,22.00,75,153225
20200914,11:16,22.15,22.15,22.15,22.15,25,153225
20200914,11:17,22.15,22.35,22.10,22.10,225,153300
20200914,11:19,22.20,22.20,22.20,22.20,75,153300
20200914,11:20,22.10,22.10,22.10,22.10,50,153350
20200914,11:21,22.25,22.25,22.25,22.25,50,153350
20200914,11:23,22.15,22.15,22.10,22.10,100,153350
20200914,11:24,22.15,22.20,22.15,22.20,100,153350
20200914,11:25,22.15,22.25,22.00,22.00,150,153350
20200914,11:27,22.20,22.25,22.20,22.25,75,153500
20200914,11:28,21.90,22.65,21.90,22.65,150,153500
20200914,11:30,22.90,22.90,22.45,22.50,75,153575
20200914,11:31,22.40,22.40,22.40,22.40,100,153575
20200914,11:32,22.45,22.45,22.15,22.15,225,153550
20200914,11:33,22.50,23.25,22.50,23.25,1700,153550
20200914,11:34,23.05,23.05,22.95,22.95,375,153550
20200914,11:35,23.30,23.30,23.25,23.25,50,153525
20200914,11:36,23.35,23.40,23.35,23.40,200,153525
20200914,11:37,23.00,23.00,23.00,23.00,25,153525
20200914,11:38,22.95,22.95,22.80,22.80,175,153525
20200914,11:39,22.80,22.95,22.75,22.95,125,153325
20200914,11:40,23.15,23.15,23.15,23.15,25,153325
20200914,11:44,22.65,22.65,22.65,22.65,75,153250
20200914,11:45,22.55,22.55,22.55,22.55,25,153075
20200914,11:49,22.40,22.55,22.40,22.55,200,153075
20200914,11:50,22.25,22.25,22.25,22.25,25,153075
20200914,11:52,21.95,21.95,21.95,21.95,25,153075
20200914,11:55,22.05,22.35,22.00,22.00,300,153150
20200914,11:56,22.20,22.20,22.05,22.05,150,153150
20200914,11:57,22.10,22.10,21.95,21.95,400,153100
20200914,11:58,21.90,22.05,21.90,22.05,125,153100
20200914,11:59,22.00,22.00,21.80,21.80,150,153100
20200914,12:00,22.10,22.30,22.05,22.10,275,153400
20200914,12:03,22.30,22.30,22.30,22.30,25,153250
20200914,12:04,22.35,22.35,22.00,22.00,150,153250
20200914,12:05,22.10,22.15,22.10,22.15,125,153250
20200914,12:06,22.10,22.10,22.10,22.10,25,153200
20200914,12:07,21.85,22.20,21.85,22.00,475,153200
20200914,12:08,22.10,22.10,22.10,22.10,100,153200
20200914,12:09,22.15,22.15,22.15,22.15,25,153000
20200914,12:10,21.95,21.95,21.95,21.95,100,153000
20200914,12:11,21.80,22.05,21.80,21.95,550,153000
20200914,12:12,22.05,22.05,21.85,21.85,50,153275
20200914,12:13,21.95,21.95,21.50,21.55,150,153275
20200914,12:14,21.55,21.55,21.55,21.55,25,153275
20200914,12:15,21.75,21.75,21.50,21.65,175,153100
20200914,12:16,21.60,21.65,21.40,21.50,775,153100
20200914,12:17,21.45,21.85,21.45,21.85,1150,152450
20200914,12:18,21.80,21.80,21.80,21.80,25,152450
20200914,12:19,21.85,21.85,21.85,21.85,175,152450
20200914,12:21,21.90,21.90,21.65,21.65,225,152400
20200914,12:22,21.60,21.65,21.60,21.65,100,152400
20200914,12:23,21.65,21.65,21.55,21.65,150,151700
20200914,12:24,21.65,21.65,21.60,21.60,400,151700
20200914,12:25,21.60,21.60,21.60,21.60,75,151700
20200914,12:26,21.65,21.80,21.65,21.80,225,151575
20200914,12:27,21.75,21.75,21.70,21.75,150,151575
20200914,12:28,21.55,21.85,21.25,21.85,950,151575
20200914,12:29,21.85,22.00,21.70,22.00,300,151450
20200914,12:30,21.65,21.80,21.60,21.70,550,151450
20200914,12:31,21.70,21.90,21.70,21.70,325,151450
20200914,12:32,21.95,21.95,21.80,21.85,250,151450
20200914,12:33,21.70,21.80,21.70,21.75,100,151250
20200914,12:34,21.80,21.80,21.60,21.65,150,151250
20200914,12:35,21.65,21.65,21.65,21.65,125,151250
20200914,12:36,21.80,21.80,21.80,21.80,25,151225
20200914,12:38,21.80,21.80,21.80,21.80,50,151225
20200914,12:41,21.75,21.85,21.75,21.85,50,150950
20200914,12:43,21.40,21.70,21.40,21.70,125,150925
20200914,12:44,21.90,21.90,21.45,21.45,350,150925
20200914,12:45,21.25,21.50,21.25,21.50,100,151225
20200914,12:46,21.50,21.85,21.40,21.40,375,151225
20200914,12:47,21.55,21.55,21.50,21.50,50,151225
20200914,12:48,21.10,21.10,21.10,21.10,25,151125
20200914,12:49,21.40,21.40,21.40,21.40,25,151125
20200914,12:50,21.05,21.05,21.05,21.05,25,151125
20200914,12:51,21.75,22.25,21.55,21.65,175,151125
20200914,12:52,21.50,21.50,21.50,21.50,100,151125
20200914,12:53,21.60,21.60,21.60,21.60,50,151125
20200914,12:54,21.50,21.50,21.10,21.10,375,151125
20200914,12:55,21.10,21.25,21.10,21.25,125,151125
20200914,12:56,21.10,21.10,21.10,21.10,200,151125
20200914,12:57,21.10,21.10,21.10,21.10,50,151525
20200914,12:58,21.10,21.25,21.10,21.25,50,151525
20200914,13:00,21.45,21.45,21.25,21.35,125,151550
20200914,13:01,21.10,21.10,21.10,21.10,25,151550
20200914,13:02,21.70,21.70,21.70,21.70,75,151550
20200914,13:03,21.45,21.55,21.05,21.05,275,151550
20200914,13:04,21.45,21.55,21.45,21.55,150,151550
20200914,13:05,21.55,21.70,21.55,21.65,150,151550
20200914,13:07,21.80,21.90,21.80,21.90,75,151700
20200914,13:08,21.70,21.70,21.40,21.60,850,151700
20200914,13:09,21.55,21.60,20.95,21.35,875,151350
20200914,13:10,20.90,21.15,20.90,20.95,525,151350
20200914,13:11,20.50,21.10,20.10,20.80,225,151350
20200914,13:15,20.00,22.20,20.00,22.05,200,151475
20200914,13:16,20.95,21.55,20.95,21.55,250,151475
20200914,13:17,21.15,21.45,20.80,21.40,425,151475
20200914,13:19,21.05,21.35,20.65,21.10,675,151400
20200914,13:20,21.05,21.20,20.95,21.20,325,151400
20200914,13:22,20.15,20.15,20.15,20.15,25,151375
20200914,13:23,20.90,20.90,20.90,20.90,25,151375
20200914,13:26,21.10,21.10,21.10,21.10,50,151375
20200914,13:28,21.10,21.10,21.10,21.10,25,151325
20200914,13:29,21.25,21.25,21.25,21.25,25,151325
20200914,13:30,20.40,20.65,19.90,20.65,325,151300
20200914,13:31,21.10,21.10,20.15,20.15,200,151300
20200914,13:33,20.40,20.40,20.35,20.35,150,151250
20200914,13:34,20.50,20.50,20.50,20.50,350,151250
20200914,13:35,20.50,20.60,20.10,20.10,425,151250
20200914,13:36,20.20,20.20,20.00,20.00,225,151525
20200914,13:38,19.25,19.70,19.25,19.70,150,151525
20200914,13:40,19.65,20.55,19.65,19.85,825,151575
20200914,13:41,20.00,20.50,20.00,20.50,50,151575
20200914,13:42,19.80,20.50,19.50,19.50,650,151075
20200914,13:43,20.00,20.00,19.30,20.00,200,151075
20200914,13:44,20.00,20.00,20.00,20.00,150,151075
20200914,13:45,19.50,20.10,19.30,19.35,750,151075
20200914,13:46,20.70,20.70,19.00,19.00,250,151075
20200914,13:47,20.00,20.95,19.95,19.95,150,151075
20200914,13:48,21.25,21.25,21.25,21.25,150,150525
20200914,13:49,20.45,21.20,20.15,21.20,225,150525
20200914,13:50,20.35,21.15,19.60,19.75,775,150525
20200914,13:51,19.30,20.00,19.30,20.00,275,149950
20200914,13:52,19.75,19.75,19.75,19.75,25,149950
20200914,13:53,19.80,19.80,19.20,19.80,225,149950
20200914,13:54,20.00,20.00,20.00,20.00,200,150125
20200914,13:55,19.40,20.05,19.05,20.05,125,150125
20200914,13:56,20.25,20.30,19.50,19.50,125,150125
20200914,13:58,20.90,20.90,20.90,20.90,75,150125
20200914,13:59,20.00,20.00,20.00,20.00,50,150125
20200914,14:00,20.60,20.60,20.20,20.50,275,150050
20200914,14:01,20.85,22.10,20.35,20.35,200,150050
20200914,14:02,20.00,20.00,20.00,20.00,200,150050
20200914,14:03,21.05,21.05,21.05,21.05,150,150050
20200914,14:04,19.80,20.75,19.50,19.50,425,149875
20200914,14:06,20.25,20.25,20.25,20.25,25,149875
20200914,14:07,18.85,20.10,18.85,20.10,375,150125
20200914,14:08,20.10,20.20,19.90,19.95,500,150125
20200914,14:09,19.30,20.05,19.30,20.00,575,150125
20200914,14:10,19.05,19.15,18.55,18.55,225,150125
20200914,14:11,19.65,19.90,19.65,19.90,50,150125
20200914,14:12,19.70,20.15,19.70,20.15,375,150050
20200914,14:13,20.20,20.20,20.00,20.00,150,150050
20200914,14:14,20.65,20.90,20.50,20.90,400,150050
20200914,14:15,20.55,21.15,20.55,20.80,175,150350
20200914,14:16,20.35,20.35,19.95,20.35,925,150350
20200914,14:17,19.20,20.25,19.20,20.25,550,150350
20200914,14:18,20.25,20.40,19.85,19.85,550,150200
20200914,14:19,20.70,20.70,20.70,20.70,75,150200
20200914,14:20,20.15,20.75,19.00,19.70,1150,150200
20200914,14:21,19.60,20.65,19.30,20.00,650,150200
20200914,14:22,20.55,20.75,20.15,20.45,750,150200
20200914,14:23,20.60,21.80,20.60,21.80,150,150200
20200914,14:24,20.60,21.00,20.60,21.00,525,150225
20200914,14:25,20.90,20.90,19.75,20.10,775,150225
20200914,14:26,20.30,20.30,19.45,20.25,200,150225
20200914,14:27,20.55,20.65,19.35,19.35,825,150350
20200914,14:28,20.30,20.65,20.30,20.30,525,150350
20200914,14:29,20.40,20.40,20.15,20.15,125,150350
20200914,14:30,19.25,20.95,19.25,20.95,825,150500
20200914,14:31,21.15,21.65,20.85,21.35,1625,150500
20200914,14:32,21.40,21.60,20.40,21.60,1100,150500
20200914,14:33,20.25,22.35,20.25,21.80,1325,149750
20200914,14:34,22.25,22.40,21.80,21.80,1575,149750
20200914,14:35,21.90,22.25,21.25,21.90,125,149750
20200914,14:36,22.10,22.15,21.80,21.90,1050,148600
20200914,14:37,21.85,21.90,21.75,21.75,125,148600
20200914,14:38,21.75,21.75,21.75,21.75,25,148600
20200914,14:40,21.80,21.90,21.80,21.90,150,148750
20200914,14:41,21.90,22.25,21.80,21.85,1575,148750
20200914,14:42,21.95,21.95,21.90,21.90,50,148975
20200914,14:43,21.25,21.75,21.10,21.75,400,148975
20200914,14:44,22.00,22.00,21.40,21.40,125,148975
20200914,14:45,21.15,21.55,21.10,21.25,200,148700
20200914,14:46,21.25,21.50,21.10,21.50,500,148700
20200914,14:47,21.45,21.85,21.45,21.85,575,148700
20200914,14:48,21.85,21.85,21.55,21.85,125,144775
20200914,14:49,21.80,22.25,21.50,22.20,3900,144775
20200914,14:50,22.20,22.55,22.20,22.20,375,144775
20200914,14:51,22.50,22.95,22.00,22.35,1050,143300
20200914,14:52,22.30,22.40,21.75,21.75,550,143300
20200914,14:53,22.95,22.95,21.35,21.35,225,143300
20200914,14:56,23.00,23.00,23.00,23.00,50,143200
20200914,14:57,22.25,22.25,22.25,22.25,2400,143200
20200914,14:58,22.45,22.45,22.45,22.45,100,143175
20200914,14:59,21.65,22.40,21.65,22.25,325,143175
20200914,15:00,22.45,22.90,22.45,22.90,125,143175
20200914,15:01,24.00,24.00,23.45,23.45,150,141050
20200914,15:02,23.20,23.20,23.20,23.20,200,141050
20200914,15:03,23.20,24.00,23.20,23.55,2325,141175
20200914,15:04,23.90,23.90,23.45,23.45,2575,141175
20200914,15:05,23.50,24.00,23.45,23.45,1200,141175
20200914,15:06,23.45,23.55,23.35,23.50,3575,140875
20200914,15:07,23.35,23.35,23.20,23.20,700,140875
20200914,15:08,23.20,23.75,23.10,23.10,2750,140875
20200914,15:09,23.10,23.35,23.10,23.10,400,139800
20200914,15:10,23.15,23.20,23.10,23.10,1775,139800
20200914,15:11,23.10,23.35,23.05,23.05,1250,139800
20200914,15:12,23.05,23.05,23.00,23.00,1450,139875
20200914,15:13,23.00,23.00,23.00,23.00,625,139875
20200914,15:14,23.00,23.20,23.00,23.00,775,139875
20200914,15:15,23.00,23.45,23.00,23.45,1500,139850
20200914,15:16,23.20,23.45,23.00,23.00,3775,139850
20200914,15:17,23.00,23.00,22.90,22.90,2700,139850
20200914,15:18,22.90,23.00,22.90,22.95,525,138600
20200914,15:19,22.90,23.00,22.90,23.00,1300,138600
20200914,15:20,23.35,23.45,23.35,23.45,450,138600
20200914,15:21,23.40,23.40,23.30,23.30,50,138825
20200914,15:22,23.30,23.40,23.30,23.40,100,138825
20200914,15:23,23.40,23.85,23.40,23.65,1500,138825
20200914,15:24,23.65,23.65,23.55,23.55,125,138350
20200914,15:25,23.90,24.50,23.55,24.50,2550,138350
20200914,15:26,24.05,24.90,24.00,24.00,1350,138350
20200914,15:27,24.00,25.25,24.00,24.20,575,137125
20200914,15:28,24.75,25.00,24.00,25.00,600,137125
20200914,15:29,25.60,26.20,24.10,24.25,625,137125
20200915,09:15,25.00,25.00,20.00,20.35,426,136875
20200915,09:16,20.25,20.30,18.05,18.05,475,136875
20200915,09:17,17.95,18.65,16.95,17.50,675,137650
20200915,09:18,19.40,19.40,19.05,19.05,525,137650
20200915,09:19,19.95,20.00,19.35,19.45,1125,137650
20200915,09:20,19.45,20.70,19.45,20.65,675,138675
20200915,09:21,19.05,19.10,19.00,19.00,150,138675
20200915,09:22,19.30,19.30,18.40,18.50,950,138675
20200915,09:24,18.75,18.75,18.75,18.75,25,138675
20200915,09:25,18.05,18.15,18.00,18.05,350,138550
20200915,09:26,18.30,18.65,18.30,18.65,50,138550
20200915,09:27,18.10,18.40,18.10,18.40,125,139025
20200915,09:28,19.05,19.05,19.05,19.05,100,139025
20200915,09:29,18.25,18.25,18.25,18.25,50,139025
20200915,09:30,18.25,18.60,18.20,18.20,250,138025
20200915,09:31,18.20,18.20,18.10,18.10,450,138025
20200915,09:32,18.35,19.80,18.35,19.80,700,138425
20200915,09:33,19.80,21.40,19.30,20.50,825,138425
20200915,09:34,20.75,20.75,20.75,20.75,25,138425
20200915,09:35,20.70,20.70,20.70,20.70,25,137925
20200915,09:36,21.60,22.50,21.20,21.20,300,137925
20200915,09:37,20.00,20.00,20.00,20.00,25,137925
20200915,09:38,20.60,20.60,20.25,20.25,575,137900
20200915,09:40,20.45,20.75,20.45,20.75,125,137900
20200915,09:41,20.35,20.45,20.10,20.10,100,137900
20200915,09:42,19.70,20.70,19.70,20.70,175,137925
20200915,09:44,20.85,21.15,20.85,21.15,50,137925
20200915,09:45,20.50,21.80,20.50,21.50,650,137950
20200915,09:46,21.25,21.25,21.25,21.25,50,137950
20200915,09:47,21.40,21.40,21.40,21.40,25,137875
20200915,09:48,20.65,20.65,20.55,20.55,150,137875
20200915,09:49,20.20,20.25,20.20,20.25,200,137875
20200915,09:50,20.55,20.55,20.55,20.55,50,137975
20200915,09:52,20.25,20.25,20.25,20.25,1000,137975
20200915,09:53,20.00,20.15,20.00,20.15,625,139000
20200915,09:54,20.00,20.15,20.00,20.15,300,139000
20200915,09:55,20.10,20.15,20.10,20.15,300,139000
20200915,09:57,20.15,20.15,20.15,20.15,25,139000
20200915,09:58,20.00,20.80,20.00,20.80,425,139000
20200915,10:00,19.65,19.65,19.65,19.65,50,138225
20200915,10:01,19.30,20.35,19.30,20.35,350,138225
20200915,10:03,19.30,19.30,19.00,19.00,300,138450
20200915,10:04,18.60,18.60,18.60,18.60,50,138450
20200915,10:05,18.50,18.50,18.50,18.50,75,138475
20200915,10:06,18.55,18.90,18.55,18.65,175,138475
20200915,10:07,18.50,18.75,18.50,18.75,50,138475
20200915,10:09,18.40,18.40,18.05,18.30,325,138300
20200915,10:10,18.60,18.60,18.60,18.60,25,138300
20200915,10:12,18.25,18.95,18.25,18.95,575,138150
20200915,10:13,18.65,18.90,18.25,18.25,300,138150
20200915,10:14,18.40,18.60,18.15,18.15,200,138475
20200915,10:15,18.15,18.80,18.15,18.80,75,138475
20200915,10:16,19.00,19.05,19.00,19.05,125,138475
20200915,10:18,18.90,18.90,18.90,18.90,25,138675
20200915,10:19,18.50,18.50,18.50,18.50,25,138675
20200915,10:20,18.35,18.35,18.15,18.15,125,138675
20200915,10:21,18.45,18.45,18.00,18.10,675,138550
20200915,10:22,18.35,18.35,18.15,18.15,150,138550
20200915,10:23,18.15,18.50,18.15,18.25,1300,139125
20200915,10:24,18.25,18.75,18.25,18.75,700,139125
20200915,10:25,18.50,18.50,18.50,18.50,50,139125
20200915,10:28,18.30,18.30,18.30,18.30,25,139550
20200915,10:29,18.40,18.40,18.05,18.05,550,139550
20200915,10:30,18.00,18.00,18.00,18.00,100,139550
20200915,10:32,18.10,18.10,18.00,18.00,75,139550
20200915,10:33,17.95,17.95,17.60,17.70,325,139550
20200915,10:34,18.20,19.00,18.20,19.00,2925,139550
20200915,10:35,19.30,19.30,18.45,18.50,1575,142475
20200915,10:36,18.40,18.40,18.00,18.00,1200,142475
20200915,10:37,17.65,17.95,17.65,17.95,100,142475
20200915,10:38,17.70,17.70,17.70,17.70,50,140625
20200915,10:39,17.80,17.80,17.25,17.60,550,140625
20200915,10:40,17.65,17.70,17.65,17.70,75,140625
20200915,10:41,17.55,17.65,17.50,17.65,375,140275
20200915,10:43,17.60,17.60,17.60,17.60,25,140275
20200915,10:44,17.65,18.00,17.25,18.00,625,139025
20200915,10:45,17.95,18.00,17.95,17.95,525,139025
20200915,10:46,17.95,18.00,17.95,18.00,500,139025
20200915,10:47,17.45,17.45,17.45,17.45,200,138525
20200915,10:49,18.00,18.00,18.00,18.00,650,138525
20200915,10:50,18.00,18.00,18.00,18.00,600,138525
20200915,10:56,18.00,18.00,18.00,18.00,50,138900
20200915,10:58,18.20,18.20,18.10,18.10,150,138900
20200915,10:59,18.20,18.20,18.20,18.20,275,138900
20200915,11:01,18.25,18.35,18.10,18.35,125,139025
20200915,11:02,18.90,18.90,18.90,18.90,325,139025
20200915,11:03,18.80,19.50,18.80,19.20,1000,139125
20200915,11:04,19.50,19.50,19.10,19.10,750,139125
20200915,11:05,18.90,18.90,18.65,18.65,125,139125
20200915,11:06,18.40,18.70,18.40,18.70,450,139275
20200915,11:07,18.85,18.85,18.85,18.85,25,139275
20200915,11:10,18.50,19.00,18.50,19.00,200,139650
20200915,11:11,19.00,19.90,19.00,19.90,600,139900
20200915,11:12,19.85,19.90,19.85,19.90,275,139900
20200915,11:13,20.00,20.50,20.00,20.50,475,139900
20200915,11:14,19.90,19.90,19.85,19.85,825,139900
20200915,11:15,19.85,19.85,19.80,19.80,175,139875
20200915,11:16,20.30,20.30,20.15,20.20,125,139875
20200915,11:17,20.45,20.45,20.45,20.45,600,139850
20200915,11:18,19.65,20.10,19.65,20.10,75,139850
20200915,11:19,20.45,20.95,20.30,20.50,500,139850
20200915,11:20,20.80,20.85,20.45,20.85,400,139025
20200915,11:21,20.50,20.50,20.35,20.35,75,139025
20200915,11:22,20.20,20.20,20.20,20.20,50,139025
20200915,11:24,20.30,20.30,20.30,20.30,25,138650
20200915,11:26,20.30,20.30,20.30,20.30,100,138650
20200915,11:27,20.25,20.25,20.25,20.25,25,138675
20200915,11:28,20.05,20.05,19.60,19.60,625,138675
20200915,11:30,19.70,19.70,19.70,19.70,100,139250
20200915,11:31,19.50,20.05,19.50,20.00,825,139250
20200915,11:32,20.25,20.55,20.25,20.55,75,139075
20200915,11:33,20.40,20.40,20.15,20.25,525,139075
20200915,11:34,19.95,20.25,19.95,20.25,275,139075
20200915,11:35,20.25,20.40,19.85,19.85,1100,139575
20200915,11:36,20.05,20.85,20.05,20.85,675,139575
20200915,11:38,20.35,20.55,20.35,20.55,50,139575
20200915,11:39,20.25,20.25,20.25,20.25,75,139725
20200915,11:40,20.05,20.35,20.00,20.35,225,139725
20200915,11:42,20.40,20.50,20.40,20.50,125,139575
20200915,11:43,20.15,20.15,20.15,20.15,25,139575
20200915,11:44,20.25,20.25,20.25,20.25,250,139575
20200915,11:45,20.05,20.35,20.05,20.05,1075,139600
20200915,11:46,20.05,20.35,20.05,20.35,1250,139600
20200915,11:47,21.00,21.00,20.65,20.95,275,139600
20200915,11:49,21.15,21.15,20.70,20.70,50,140350
20200915,11:50,20.60,21.30,20.25,20.25,725,140375
20200915,11:51,20.90,20.90,20.35,20.35,100,140375
20200915,11:52,20.45,20.45,19.40,19.45,600,140375
20200915,11:53,19.80,19.80,19.80,19.80,100,140375
20200915,11:54,20.05,20.20,19.70,19.70,575,140125
20200915,11:55,20.10,20.10,20.05,20.05,75,140125
20200915,11:57,19.65,19.65,19.45,19.45,550,140000
20200915,11:58,19.75,19.75,19.00,19.75,525,140000
20200915,11:59,19.25,19.25,19.25,19.25,50,140000
20200915,12:00,19.00,19.00,18.80,18.80,525,139500
20200915,12:02,19.15,19.15,19.15,19.15,150,139500
20200915,12:03,19.75,19.75,19.75,19.75,100,139500
20200915,12:04,19.85,19.85,19.85,19.85,100,139500
20200915,12:07,18.55,18.55,18.30,18.35,575,139250
20200915,12:08,18.60,18.65,18.60,18.65,225,139250
20200915,12:09,18.65,18.65,18.65,18.65,25,139000
20200915,12:10,18.65,18.65,18.65,18.65,200,139000
20200915,12:11,18.75,18.75,18.75,18.75,50,139000
20200915,12:12,18.75,18.75,18.75,18.75,25,139125
20200915,12:13,18.60,18.85,18.45,18.85,150,139125
20200915,12:14,18.80,18.80,18.45,18.50,2700,139125
20200915,12:15,18.50,18.85,18.40,18.70,1050,139125
20200915,12:18,18.60,18.60,18.60,18.60,100,139350
20200915,12:19,18.60,18.60,18.60,18.60,25,139350
20200915,12:20,18.60,18.60,18.60,18.60,50,139350
20200915,12:21,18.60,18.60,18.60,18.60,100,139275
20200915,12:22,18.85,18.85,18.85,18.85,75,139275
20200915,12:24,19.00,19.10,19.00,19.05,350,139300
20200915,12:25,19.15,19.15,18.60,18.60,175,139300
20200915,12:26,18.60,19.00,18.60,19.00,50,139300
20200915,12:27,18.65,18.65,18.65,18.65,25,139300
20200915,12:28,18.75,18.75,18.75,18.75,25,139350
20200915,12:30,19.00,19.00,19.00,19.00,25,139325
20200915,12:33,19.55,19.55,19.10,19.20,775,139300
20200915,12:34,19.20,19.20,19.15,19.15,225,139300
20200915,12:35,18.65,19.00,18.65,19.00,275,139300
20200915,12:36,19.00,19.00,19.00,19.00,125,139750
20200915,12:37,19.00,19.00,18.80,18.80,250,139750
20200915,12:38,19.15,19.15,19.15,19.15,200,139750
20200915,12:39,19.00,19.00,19.00,19.00,25,139775
20200915,12:40,19.00,19.00,19.00,19.00,25,139775
20200915,12:41,18.70,18.70,18.70,18.70,150,139775
20200915,12:45,19.00,19.00,19.00,19.00,200,139500
20200915,12:46,18.95,18.95,18.95,18.95,50,139500
20200915,12:49,19.20,19.25,18.75,19.25,200,139425
20200915,12:51,19.20,19.80,19.20,19.80,300,139375
20200915,12:52,19.10,19.10,19.10,19.10,75,139375
20200915,12:54,19.40,19.40,19.40,19.40,450,139300
20200915,12:55,19.50,19.55,19.50,19.50,550,139300
20200915,12:56,19.50,19.50,19.50,19.50,175,139300
20200915,12:57,18.70,18.70,18.70,18.70,325,139325
20200915,12:59,19.40,19.40,19.40,19.40,25,139325
20200915,13:00,19.15,19.70,19.15,19.70,275,139425
20200915,13:04,19.65,19.65,19.65,19.65,25,139375
20200915,13:05,19.25,19.75,19.25,19.45,275,139375
20200915,13:07,19.25,19.25,19.00,19.00,625,138800
20200915,13:08,18.65,18.65,18.25,18.25,425,138800
20200915,13:09,17.80,17.80,17.80,17.80,50,139200
20200915,13:10,18.00,18.00,18.00,18.00,25,139200
20200915,13:11,18.00,18.00,18.00,18.00,825,139200
20200915,13:12,18.00,18.05,18.00,18.05,200,139125
20200915,13:13,18.10,18.10,18.10,18.10,75,139125
20200915,13:14,18.15,18.45,18.15,18.45,325,139125
20200915,13:16,18.50,18.50,17.90,17.90,950,138625
20200915,13:18,17.95,17.95,17.90,17.90,75,138575
20200915,13:20,18.45,18.45,18.45,18.45,75,138575
20200915,13:22,17.50,17.90,17.50,17.90,50,137850
20200915,13:24,17.85,17.95,17.85,17.95,375,137825
20200915,13:25,18.00,18.50,18.00,18.50,1850,137825
20200915,13:26,18.45,18.45,18.45,18.45,50,137825
20200915,13:28,18.45,18.45,18.45,18.45,75,139650
20200915,13:29,18.50,18.50,18.50,18.50,25,139650
20200915,13:30,18.00,18.00,17.60,17.65,200,139625
20200915,13:31,18.25,18.50,18.25,18.50,350,139625
20200915,13:32,18.00,18.15,18.00,18.15,200,139625
20200915,13:33,18.00,18.00,18.00,18.00,50,139400
20200915,13:36,18.50,18.50,18.50,18.50,150,139850
20200915,13:38,18.50,18.50,18.50,18.50,50,139850
20200915,13:41,18.50,18.50,17.95,17.95,225,139500
20200915,13:42,18.00,18.00,18.00,18.00,175,139625
20200915,13:44,18.00,18.00,17.95,18.00,275,139625
20200915,13:45,18.00,18.20,18.00,18.15,275,139900
20200915,13:46,18.45,18.45,17.55,17.55,700,139900
20200915,13:47,17.80,17.80,17.75,17.75,275,139900
20200915,13:48,17.95,17.95,17.90,17.90,75,139900
20200915,13:49,17.55,17.85,17.55,17.85,75,139950
20200915,13:51,17.75,17.75,17.75,17.75,625,140025
20200915,13:52,17.90,17.90,17.50,17.90,375,140025
20200915,13:53,17.90,17.90,17.90,17.90,100,140025
20200915,13:54,17.85,18.45,17.85,18.00,75,138925
20200915,13:55,18.25,18.25,18.05,18.05,175,138925
20200915,13:57,18.00,18.00,17.95,18.00,925,139025
20200915,13:58,18.00,18.00,18.00,18.00,325,139025
20200915,13:59,18.00,18.00,17.70,17.75,600,139025
20200915,14:00,17.70,17.75,17.70,17.75,900,139425
20200915,14:01,17.95,17.95,17.95,17.95,525,139425
20200915,14:02,18.00,18.45,18.00,18.25,1100,139425
20200915,14:03,18.45,19.25,18.45,19.25,875,140625
20200915,14:04,18.60,18.60,18.35,18.35,100,140625
20200915,14:05,18.30,18.30,18.30,18.30,1000,140625
20200915,14:06,18.60,18.90,18.55,18.60,725,141250
20200915,14:07,18.55,19.05,18.50,18.95,1375,141250
20200915,14:08,19.00,19.30,18.60,19.25,575,141250
20200915,14:09,19.25,19.30,18.45,19.25,400,142375
20200915,14:10,19.25,19.30,19.25,19.25,75,142375
20200915,14:11,19.30,19.30,18.60,19.25,825,142375
20200915,14:12,19.25,19.30,18.80,19.25,400,142875
20200915,14:14,19.30,19.30,19.30,19.30,275,142875
20200915,14:15,19.30,19.30,18.95,18.95,425,142875
20200915,14:17,18.70,18.70,18.70,18.70,100,142850
20200915,14:20,18.70,19.15,18.70,19.15,75,142900
20200915,14:21,18.75,18.75,18.25,18.25,200,142775
20200915,14:22,18.50,18.50,18.15,18.15,425,142775
20200915,14:23,18.20,18.35,18.00,18.00,250,142775
20200915,14:24,18.00,19.00,18.00,18.45,350,142775
20200915,14:25,18.40,18.40,18.40,18.40,50,143125
20200915,14:26,18.80,18.80,18.65,18.65,200,143125
20200915,14:27,18.75,19.15,18.75,19.15,375,143250
20200915,14:29,19.30,20.00,19.25,19.25,850,143250
20200915,14:30,19.95,19.95,19.00,19.00,225,143250
20200915,14:31,19.40,19.95,19.40,19.95,175,143275
20200915,14:32,19.65,20.75,19.60,20.75,1650,143275
20200915,14:33,20.20,20.75,20.20,20.75,175,144175
20200915,14:34,20.35,20.80,20.35,20.35,1300,144175
20200915,14:35,20.60,20.60,19.90,19.90,100,144175
20200915,14:37,20.50,20.50,20.25,20.35,300,144400
20200915,14:38,20.65,21.95,20.55,21.40,1025,144400
20200915,14:39,22.00,22.20,21.30,21.90,1775,144200
20200915,14:40,21.95,21.95,21.20,21.20,1050,144200
20200915,14:41,21.20,21.80,20.90,20.95,1825,144200
20200915,14:42,20.75,20.75,20.00,20.35,3125,144825
20200915,14:43,20.40,20.75,20.20,20.75,850,144825
20200915,14:44,20.10,20.75,19.75,19.75,650,144825
20200915,14:45,19.90,20.90,19.90,20.90,1775,144725
20200915,14:46,20.85,21.50,20.85,21.00,800,144725
20200915,14:47,21.40,21.50,21.00,21.25,1250,144725
20200915,14:48,21.20,21.90,21.20,21.90,550,146225
20200915,14:49,21.80,21.95,21.60,21.60,300,146225
20200915,14:50,21.40,21.80,21.30,21.80,250,146225
20200915,14:51,21.45,21.80,20.70,20.80,700,146325
20200915,14:52,21.25,21.70,21.25,21.55,800,146325
20200915,14:53,21.50,21.80,21.50,21.80,275,146325
20200915,14:54,21.80,21.80,21.75,21.75,50,146525
20200915,14:55,21.90,21.90,21.20,21.90,1100,146525
20200915,14:56,21.90,22.80,21.70,22.80,1100,146525
20200915,14:57,22.90,22.90,22.00,22.40,525,147600
20200915,14:58,22.40,22.40,21.55,21.55,500,147600
20200915,14:59,21.60,22.10,21.55,22.05,1200,147600
20200915,15:00,22.80,22.80,21.65,21.85,575,148625
20200915,15:01,21.80,22.55,21.80,22.00,400,148625
20200915,15:02,22.35,22.35,21.70,22.00,400,148625
20200915,15:03,21.95,22.00,21.15,22.00,600,149450
20200915,15:04,21.65,21.80,21.30,21.80,100,149450
20200915,15:05,21.15,21.55,21.15,21.55,275,149450
20200915,15:06,21.40,21.40,21.00,21.00,525,149575
20200915,15:07,21.25,21.45,21.25,21.45,225,149575
20200915,15:08,20.90,20.90,20.50,20.50,2400,149575
20200915,15:09,21.10,21.15,21.10,21.15,375,149575
20200915,15:10,21.05,21.05,21.05,21.05,25,151025
20200915,15:11,21.05,21.05,20.35,20.45,800,151025
20200915,15:12,20.55,20.85,20.40,20.65,450,151225
20200915,15:13,20.40,20.45,20.25,20.25,750,151225
20200915,15:14,20.15,20.20,20.10,20.20,1825,151225
20200915,15:15,20.15,20.15,19.55,19.55,1025,151925
20200915,15:16,20.10,20.25,20.10,20.25,625,151925
20200915,15:17,20.90,20.95,20.10,20.35,2125,151925
20200915,15:18,20.60,20.90,20.45,20.90,350,152925
20200915,15:19,20.95,21.00,20.40,20.85,1500,152925
20200915,15:20,20.80,21.00,20.55,20.55,225,152925
20200915,15:21,20.75,22.00,20.75,22.00,350,152925
20200915,15:22,20.95,21.05,20.95,20.95,575,152400
20200915,15:23,20.75,20.75,20.75,20.75,1875,152400
20200915,15:24,20.70,20.70,20.05,20.05,100,153650
20200915,15:25,21.35,21.35,20.05,20.20,550,153650
20200915,15:26,20.20,20.75,20.20,20.35,225,153650
20200915,15:27,20.75,20.75,20.50,20.70,1000,152600
20200915,15:28,20.50,21.30,20.45,20.75,375,152600
20200915,15:29,20.55,21.40,20.05,20.55,600,152600
20200916,09:15,18.95,18.95,18.95,18.95,26,152550
20200916,09:16,15.60,18.50,15.60,18.50,475,152550
20200916,09:17,15.90,16.50,15.90,16.50,75,152700
20200916,09:18,17.60,17.60,17.60,17.60,25,152700
20200916,09:19,16.90,17.95,16.90,17.95,300,152700
20200916,09:20,17.15,17.15,16.85,16.85,350,152700
20200916,09:21,16.90,16.90,16.85,16.85,475,152700
20200916,09:22,16.85,16.90,16.85,16.85,150,152700
20200916,09:23,17.00,17.45,16.90,16.90,775,153400
20200916,09:24,16.90,17.50,16.90,17.50,1175,153400
20200916,09:25,17.50,17.55,17.50,17.50,125,153400
20200916,09:27,17.50,17.50,17.50,17.50,500,155225
20200916,09:28,17.50,17.50,17.50,17.50,75,155225
20200916,09:30,17.25,17.40,17.25,17.40,525,155800
20200916,09:32,17.00,17.30,17.00,17.30,575,155925
20200916,09:33,17.30,17.40,17.30,17.40,350,155925
20200916,09:34,17.30,17.30,17.30,17.30,25,155925
20200916,09:35,17.40,17.40,17.40,17.40,50,156725
20200916,09:36,17.30,17.40,17.30,17.40,175,156725
20200916,09:37,17.40,17.40,17.40,17.40,100,156725
20200916,09:38,16.65,16.65,16.65,16.65,200,156725
20200916,09:39,16.65,16.65,16.40,16.40,125,157150
20200916,09:40,16.80,17.40,16.80,17.40,300,157150
20200916,09:41,16.40,16.75,15.85,16.45,3725,157225
20200916,09:42,16.45,16.45,15.65,15.65,825,157225
20200916,09:43,15.70,16.30,15.65,15.65,525,157225
20200916,09:44,15.90,15.90,15.90,15.90,50,158475
20200916,09:45,15.65,16.65,14.65,16.30,5950,158475
20200916,09:47,16.25,16.25,16.25,16.25,25,160625
20200916,09:48,16.50,16.50,16.20,16.20,100,160625
20200916,09:50,16.00,16.00,16.00,16.00,400,160100
20200916,09:51,15.65,16.40,15.65,16.30,250,160100
20200916,09:52,16.50,16.50,16.20,16.20,200,160100
20200916,09:53,16.35,16.40,15.50,15.95,475,160475
20200916,09:54,15.55,15.55,15.55,15.55,25,160475
20200916,09:55,15.70,15.70,15.55,15.55,125,160475
20200916,09:57,16.25,16.70,16.25,16.70,225,160250
20200916,09:58,16.50,16.50,16.50,16.50,25,160250
20200916,09:59,16.25,16.75,16.10,16.75,550,160250
20200916,10:00,16.50,16.80,16.50,16.80,75,160175
20200916,10:01,16.30,16.30,15.40,16.20,975,160175
20200916,10:02,16.00,16.00,16.00,16.00,25,160175
20200916,10:04,16.00,16.15,16.00,16.15,475,160300
20200916,10:05,16.00,16.00,15.90,15.90,75,160300
20200916,10:06,15.80,15.90,15.20,15.90,400,160425
20200916,10:07,15.80,15.80,15.10,15.30,3050,160425
20200916,10:08,15.55,15.55,15.30,15.50,225,159400
20200916,10:09,15.45,15.45,15.45,15.45,450,159400
20200916,10:10,15.50,15.90,15.50,15.85,1225,159400
20200916,10:11,15.85,15.90,15.85,15.90,100,159400
20200916,10:12,16.00,16.55,15.60,16.50,6625,160525
20200916,10:13,16.00,16.15,16.00,16.15,225,160525
20200916,10:14,16.05,16.50,16.05,16.50,450,159125
20200916,10:15,16.40,16.40,16.40,16.40,25,159125
20200916,10:16,16.00,16.00,16.00,16.00,200,159125
20200916,10:17,16.25,17.20,16.25,16.95,800,159300
20200916,10:18,16.55,16.55,16.55,16.55,150,159300
20200916,10:19,16.60,16.75,16.60,16.75,50,159300
20200916,10:21,16.75,16.75,16.75,16.75,25,159300
20200916,10:22,16.55,16.55,16.55,16.55,75,158675
20200916,10:24,16.75,16.75,16.75,16.75,175,158675
20200916,10:25,16.55,16.95,16.50,16.80,1025,158675
20200916,10:27,16.35,16.60,16.30,16.60,200,158625
20200916,10:28,16.40,16.45,16.40,16.45,50,158625
20200916,10:30,16.45,16.45,16.45,16.45,50,158700
20200916,10:31,16.40,16.50,16.35,16.40,150,158700
20200916,10:32,16.40,16.40,16.35,16.35,175,158700
20200916,10:34,16.35,16.35,16.20,16.20,200,158600
20200916,10:35,16.05,16.80,16.05,16.80,1100,158700
20200916,10:36,16.05,16.70,16.05,16.05,375,158700
20200916,10:37,16.70,17.00,16.70,17.00,300,158700
20200916,10:38,16.25,17.60,16.25,17.60,550,158700
20200916,10:39,17.15,17.15,17.15,17.15,50,159700
20200916,10:40,17.50,17.50,17.05,17.40,325,159700
20200916,10:41,17.05,17.35,17.00,17.35,600,159675
20200916,10:42,16.85,16.85,16.75,16.80,375,159675
20200916,10:43,16.80,16.95,16.80,16.80,375,159675
20200916,10:44,16.80,16.90,16.75,16.90,175,160375
20200916,10:45,17.00,17.00,16.60,16.90,225,160375
20200916,10:46,16.80,16.95,16.45,16.95,375,160375
20200916,10:47,16.95,16.95,16.55,16.55,125,160625
20200916,10:48,17.00,17.00,16.70,16.70,675,160625
20200916,10:49,16.85,16.90,16.70,16.70,425,160625
20200916,10:50,16.70,16.70,16.10,16.30,600,160375
20200916,10:51,16.10,16.35,16.10,16.30,925,160375
20200916,10:53,16.80,16.80,16.50,16.50,175,160650
20200916,10:54,16.55,16.55,16.55,16.55,100,160650
20200916,10:55,16.90,17.00,16.90,17.00,200,160650
20200916,10:56,17.10,17.10,16.55,16.65,525,160575
20200916,10:57,17.05,17.05,17.05,17.05,50,160575
20200916,10:58,16.55,16.55,16.05,16.05,450,160575
20200916,10:59,16.50,16.55,16.50,16.55,150,160575
20200916,11:00,16.70,16.70,16.70,16.70,100,160700
20200916,11:01,16.85,16.90,16.60,16.60,575,160700
20200916,11:02,16.60,16.85,16.30,16.30,1250,160700
20200916,11:03,16.50,16.50,16.50,16.50,200,160200
20200916,11:04,16.30,16.55,16.30,16.55,350,160200
20200916,11:05,16.75,16.75,16.65,16.65,400,160200
20200916,11:07,16.30,16.50,16.30,16.50,950,160550
20200916,11:08,16.50,16.60,16.40,16.50,625,160525
20200916,11:09,16.45,16.60,16.40,16.45,475,160525
20200916,11:10,16.60,16.60,16.45,16.45,350,160525
20200916,11:11,16.45,16.45,15.95,16.00,2475,160975
20200916,11:12,16.20,16.50,15.15,15.15,750,160975
20200916,11:13,15.95,16.50,15.95,16.50,75,160975
20200916,11:14,16.50,16.55,16.50,16.50,300,160975
20200916,11:15,16.10,16.55,16.00,16.00,325,161500
20200916,11:16,16.50,16.50,16.25,16.50,250,161500
20200916,11:17,16.45,16.45,16.25,16.25,300,161500
20200916,11:18,16.25,16.40,16.20,16.20,800,161675
20200916,11:19,16.20,16.40,16.20,16.20,650,161675
20200916,11:20,16.20,16.35,16.00,16.00,1175,162550
20200916,11:21,16.05,16.05,16.00,16.00,400,162550
20200916,11:22,15.90,15.90,15.90,15.90,150,162550
20200916,11:23,15.20,15.20,15.20,15.20,100,162550
20200916,11:26,15.75,15.75,15.75,15.75,125,162550
20200916,11:27,15.75,16.05,15.75,16.00,1175,162675
20200916,11:29,15.60,15.60,15.60,15.60,200,162675
20200916,11:30,15.80,15.80,15.80,15.80,25,163125
20200916,11:31,15.80,15.80,15.35,15.35,550,163125
20200916,11:32,15.90,15.90,15.90,15.90,25,163125
20200916,11:34,15.95,16.10,15.95,16.10,325,163350
20200916,11:36,16.05,16.05,16.05,16.05,50,163575
20200916,11:37,16.55,16.55,16.55,16.55,250,163575
20200916,11:38,16.45,16.50,16.45,16.50,75,163275
20200916,11:39,17.00,17.00,16.40,16.40,450,163275
20200916,11:40,16.50,16.50,16.40,16.40,125,163275
20200916,11:41,16.35,16.35,16.05,16.05,525,163275
20200916,11:42,16.70,17.00,16.70,17.00,825,163650
20200916,11:44,16.15,16.90,16.15,16.70,350,163650
20200916,11:45,16.60,17.00,16.35,16.85,1700,164225
20200916,11:47,16.20,16.35,16.20,16.35,250,164225
20200916,11:48,16.10,16.10,16.10,16.10,325,163650
20200916,11:49,16.10,16.15,15.65,15.65,825,163650
20200916,11:50,15.80,15.95,15.75,15.95,125,163650
20200916,11:51,15.70,15.90,15.70,15.90,500,164200
20200916,11:54,15.50,16.45,15.30,16.45,350,164100
20200916,11:55,15.85,16.55,15.65,16.20,700,164100
20200916,11:56,15.80,15.95,15.80,15.95,75,164050
20200916,11:57,16.00,16.25,15.95,15.95,250,164050
20200916,11:58,16.00,16.00,16.00,16.00,250,164050
20200916,11:59,16.00,16.00,15.30,15.75,975,164050
20200916,12:00,15.80,15.80,15.80,15.80,250,165025
20200916,12:01,15.70,15.70,15.65,15.65,125,165025
20200916,12:02,15.65,15.65,15.65,15.65,100,164375
20200916,12:03,15.70,15.70,15.40,15.65,375,164375
20200916,12:04,15.55,15.70,15.55,15.70,1050,164375
20200916,12:05,15.70,15.75,15.70,15.70,175,164375
20200916,12:06,16.00,16.15,15.65,16.15,350,165000
20200916,12:07,15.80,16.05,15.80,16.05,50,165000
20200916,12:08,16.05,16.05,15.75,15.75,150,165325
20200916,12:09,16.05,16.05,16.00,16.05,450,165325
20200916,12:10,16.05,16.05,16.05,16.05,25,165325
20200916,12:11,16.10,16.95,16.00,16.00,125,165625
20200916,12:12,16.00,16.45,16.00,16.45,75,165625
20200916,12:13,16.35,16.35,16.00,16.00,75,165625
20200916,12:14,15.95,16.00,15.95,16.00,425,165600
20200916,12:15,16.00,16.00,16.00,16.00,75,165600
20200916,12:17,16.00,16.00,16.00,16.00,25,165600
20200916,12:18,16.00,16.15,16.00,16.15,250,165475
20200916,12:19,16.20,16.30,16.20,16.30,300,165475
20200916,12:20,16.30,16.30,16.30,16.30,25,165475
20200916,12:21,16.35,16.35,16.20,16.30,350,165375
20200916,12:22,16.30,16.30,16.30,16.30,150,165375
20200916,12:24,16.30,16.30,16.30,16.30,150,165350
20200916,12:25,16.30,16.30,16.30,16.30,325,165350
20200916,12:26,15.60,15.60,15.60,15.60,275,165350
20200916,12:28,15.95,15.95,15.95,15.95,250,165725
20200916,12:29,15.90,15.90,15.85,15.85,75,165725
20200916,12:30,15.90,16.00,15.85,16.00,275,165725
20200916,12:31,16.00,16.00,15.95,16.00,225,165725
20200916,12:32,16.00,16.00,16.00,16.00,25,165725
20200916,12:33,16.35,16.45,16.35,16.45,150,165725
20200916,12:37,16.25,16.25,16.25,16.25,25,166250
20200916,12:39,16.40,16.40,16.40,16.40,400,166275
20200916,12:41,16.20,16.20,15.85,15.85,100,166275
20200916,12:42,15.85,15.85,15.85,15.85,25,166125
20200916,12:44,16.40,16.40,15.90,15.90,50,166125
20200916,12:45,16.15,16.15,15.80,15.95,175,166150
20200916,12:46,16.40,16.40,16.40,16.40,300,166150
20200916,12:47,16.25,16.25,16.25,16.25,75,166150
20200916,12:48,15.80,16.25,15.80,16.25,150,166150
20200916,12:49,16.25,16.45,16.25,16.35,225,166150
20200916,12:50,16.45,16.80,16.35,16.80,150,166150
20200916,12:51,16.40,17.05,16.40,16.70,625,166375
20200916,12:53,16.95,16.95,16.65,16.95,300,166375
20200916,12:54,16.75,17.00,16.75,17.00,500,166500
20200916,12:56,16.60,17.45,16.60,17.45,650,166500
20200916,12:57,16.70,16.70,16.70,16.70,25,166275
20200916,12:59,16.85,16.95,16.85,16.85,450,166275
20200916,13:00,16.90,17.10,16.65,17.10,225,166025
20200916,13:01,16.95,17.00,16.70,16.70,150,166025
20200916,13:02,16.80,16.80,16.80,16.80,225,166025
20200916,13:03,16.80,17.45,16.80,17.45,1000,166300
20200916,13:04,16.90,17.10,16.65,17.10,1150,166300
20200916,13:05,16.95,16.95,16.85,16.85,325,166300
20200916,13:06,17.00,17.15,17.00,17.15,75,167400
20200916,13:07,17.15,17.20,17.00,17.00,325,167400
20200916,13:08,16.95,17.20,16.85,16.85,75,167400
20200916,13:09,17.00,17.05,16.70,16.70,75,167725
20200916,13:10,16.55,16.90,16.50,16.90,925,167725
20200916,13:11,16.20,16.85,16.20,16.65,525,167725
20200916,13:12,16.70,17.20,16.60,17.15,1225,169025
20200916,13:13,16.70,16.95,16.70,16.95,400,169025
20200916,13:14,17.15,17.15,17.15,17.15,25,169025
20200916,13:15,16.85,17.50,16.85,17.50,350,169425
20200916,13:16,16.80,16.80,16.75,16.75,150,169425
20200916,13:17,16.80,17.00,16.80,17.00,325,169425
20200916,13:19,16.90,16.90,16.85,16.85,50,169950
20200916,13:20,16.20,16.65,16.20,16.65,275,169950
20200916,13:21,16.75,16.95,16.10,16.20,725,169950
20200916,13:22,16.35,16.35,15.80,15.80,350,169950
20200916,13:23,16.25,16.35,16.25,16.35,325,169950
20200916,13:24,16.35,16.85,16.35,16.85,300,170200
20200916,13:25,16.50,16.50,16.50,16.50,25,170200
20200916,13:26,16.45,16.75,16.05,16.05,100,170200
20200916,13:27,16.05,16.40,16.05,16.40,300,170350
20200916,13:28,16.30,16.30,16.30,16.30,50,170350
20200916,13:29,16.30,16.30,16.30,16.30,200,170350
20200916,13:30,16.25,16.25,16.25,16.25,75,170625
20200916,13:33,16.25,16.25,16.25,16.25,25,170525
20200916,13:34,16.40,16.55,16.40,16.55,125,170525
20200916,13:35,17.20,17.20,17.00,17.00,1100,170525
20200916,13:37,17.10,17.10,17.10,17.10,125,171575
20200916,13:38,17.05,17.05,17.05,17.05,100,171575
20200916,13:39,16.75,16.85,16.45,16.70,575,171650
20200916,13:40,16.70,16.75,16.45,16.65,650,171650
20200916,13:41,16.40,16.70,16.40,16.70,75,171650
20200916,13:42,16.80,16.80,16.65,16.65,175,172100
20200916,13:43,16.55,16.75,16.55,16.75,75,172100
20200916,13:44,16.50,17.30,16.50,17.00,475,172100
20200916,13:45,17.05,17.10,16.80,16.80,1925,172325
20200916,13:46,16.85,17.45,16.70,16.70,625,172325
20200916,13:47,17.40,17.55,17.05,17.50,275,172325
20200916,13:48,17.70,17.70,17.50,17.50,550,173425
20200916,13:49,17.45,17.45,17.45,17.45,50,173425
20200916,13:50,17.50,17.70,17.50,17.50,450,173425
20200916,13:51,17.10,17.10,17.10,17.10,75,173600
20200916,13:52,17.10,17.45,17.10,17.45,300,173600
20200916,13:53,17.45,17.55,17.25,17.55,175,173600
20200916,13:54,17.45,17.55,17.45,17.55,50,173550
20200916,13:55,17.15,17.45,17.05,17.30,450,173550
20200916,13:56,17.35,17.35,17.15,17.25,200,173550
20200916,13:57,17.05,17.05,17.05,17.05,200,173775
20200916,13:59,17.30,17.30,17.00,17.00,50,173775
20200916,14:00,16.70,16.70,16.70,16.70,50,173875
20200916,14:02,16.95,16.95,16.95,16.95,200,173875
20200916,14:04,16.95,17.15,16.95,17.15,200,173925
20200916,14:05,17.20,17.20,17.20,17.20,75,173925
20200916,14:06,17.40,17.40,17.00,17.25,600,174125
20200916,14:07,17.00,17.00,17.00,17.00,25,174125
20200916,14:08,16.95,16.95,16.95,16.95,25,174125
20200916,14:09,17.15,17.15,17.15,17.15,75,174125
20200916,14:10,16.80,16.80,16.80,16.80,150,174275
20200916,14:12,17.35,17.35,16.95,16.95,575,174500
20200916,14:13,16.85,17.25,16.70,17.20,2950,174500
20200916,14:14,17.20,17.50,17.00,17.50,1000,174500
20200916,14:15,17.45,18.10,17.45,17.95,2800,174150
20200916,14:16,18.05,18.05,17.35,17.35,325,174150
20200916,14:17,17.95,18.25,17.85,17.85,650,174150
20200916,14:18,18.00,18.40,18.00,18.40,125,173125
20200916,14:19,18.55,19.45,18.55,18.85,525,173125
20200916,14:20,18.80,19.60,18.80,19.30,800,173125
20200916,14:21,19.60,19.60,18.90,18.90,175,173225
20200916,14:22,19.15,19.15,18.05,18.35,500,173225
20200916,14:23,18.25,18.85,18.25,18.50,650,173225
20200916,14:24,18.90,19.20,18.60,18.95,700,173575
20200916,14:25,18.25,19.00,18.25,18.90,925,173575
20200916,14:26,18.90,19.75,18.60,19.75,2375,173575
20200916,14:27,19.75,19.75,19.25,19.40,1100,173925
20200916,14:28,18.90,18.90,18.35,18.65,100,173925
20200916,14:29,18.60,19.80,18.60,19.80,1275,173925
20200916,14:30,19.10,19.10,18.40,18.45,1750,174700
20200916,14:31,19.10,19.55,18.70,19.00,1100,174700
20200916,14:32,19.10,19.60,18.35,18.80,1850,174700
20200916,14:33,18.80,18.85,18.60,18.85,525,174250
20200916,14:34,18.80,19.00,18.65,18.65,825,174250
20200916,14:35,18.30,18.30,17.95,18.20,1350,174250
20200916,14:36,18.05,18.30,17.95,18.00,1000,175350
20200916,14:37,18.90,18.90,18.30,18.30,50,175350
20200916,14:38,17.95,17.95,17.65,17.70,300,175350
20200916,14:39,17.70,17.80,17.70,17.70,75,175400
20200916,14:40,17.50,18.15,17.50,18.15,300,175400
20200916,14:41,17.80,18.35,17.50,17.50,100,175400
20200916,14:42,17.80,17.85,17.60,17.60,500,175500
20200916,14:43,17.70,18.15,17.60,18.15,1700,175500
20200916,14:44,18.25,18.25,17.80,17.80,775,175500
20200916,14:45,17.80,17.80,17.60,17.60,600,174675
20200916,14:46,17.35,17.35,17.35,17.35,250,174675
20200916,14:47,17.40,17.55,17.40,17.55,125,174675
20200916,14:48,17.35,17.35,17.35,17.35,100,174500
20200916,14:49,17.60,17.65,17.55,17.65,325,174500
20200916,14:50,18.00,18.00,17.95,17.95,125,174500
20200916,14:51,17.70,17.70,17.70,17.70,25,174250
20200916,14:52,18.40,18.40,18.40,18.40,200,174250
20200916,14:53,18.15,18.35,17.80,18.00,2150,174250
20200916,14:54,18.00,18.00,17.60,17.60,100,174250
20200916,14:56,17.85,17.85,17.55,17.55,475,174425
20200916,14:57,17.50,17.50,17.50,17.50,100,174425
20200916,14:58,17.65,18.40,17.50,17.85,1225,174650
20200916,14:59,18.00,18.20,17.90,17.95,525,174650
20200916,15:00,17.90,18.45,17.80,17.80,1250,174475
20200916,15:01,17.75,17.75,17.50,17.50,1025,174475
20200916,15:02,17.55,17.65,17.50,17.50,200,174475
20200916,15:03,17.60,18.20,17.45,18.20,925,174500
20200916,15:04,17.50,18.00,17.50,17.90,150,174500
20200916,15:05,17.65,18.20,17.65,18.20,2250,174500
20200916,15:06,18.20,18.40,17.95,18.40,1025,173275
20200916,15:07,18.30,18.30,17.90,17.90,75,173275
20200916,15:08,18.25,18.25,18.25,18.25,25,173275
20200916,15:09,17.70,18.50,17.70,17.90,525,173200
20200916,15:10,17.90,17.95,17.80,17.95,275,173200
20200916,15:11,17.60,17.60,17.30,17.30,1150,173200
20200916,15:12,17.30,17.70,17.30,17.50,750,172775
20200916,15:13,17.50,17.60,17.10,17.50,2075,172775
20200916,15:14,17.50,17.85,17.45,17.85,1075,172775
20200916,15:15,17.85,17.90,17.80,17.80,1000,176000
20200916,15:16,17.75,17.90,17.35,17.85,325,176000
20200916,15:17,16.70,17.90,16.70,17.85,1775,176000
20200916,15:18,17.85,17.90,16.90,17.85,1075,176675
20200916,15:19,17.90,17.90,17.05,17.75,2775,176675
20200916,15:20,17.70,17.75,17.15,17.45,425,176675
20200916,15:21,17.60,17.75,16.80,16.80,1575,179825
20200916,15:22,17.75,17.75,16.95,17.00,225,179825
20200916,15:23,17.35,17.45,17.35,17.40,475,179825
20200916,15:24,17.40,17.40,17.25,17.30,650,181150
20200916,15:25,17.30,17.75,16.90,17.25,2100,181150
20200916,15:26,17.20,17.65,17.20,17.65,50,181150
20200916,15:27,17.55,17.55,16.60,16.90,675,181375
20200916,15:28,17.40,17.45,17.10,17.35,475,181375
20200916,15:29,17.30,17.45,16.30,17.00,2125,181375
20200917,09:15,12.15,13.80,12.00,12.00,827,181400
20200917,09:16,12.30,12.30,12.05,12.05,775,181400
20200917,09:17,12.70,12.70,12.10,12.20,300,182075
20200917,09:18,12.15,12.15,11.45,11.45,1175,182075
20200917,09:19,11.00,11.85,10.50,10.55,525,182075
20200917,09:20,11.35,11.35,10.55,10.75,1025,182725
20200917,09:21,10.70,11.10,10.50,10.95,975,182725
20200917,09:22,10.70,10.95,10.65,10.95,225,182725
20200917,09:23,10.90,10.90,10.35,10.35,2875,183550
20200917,09:24,10.35,10.50,10.35,10.40,3075,183550
20200917,09:25,10.40,10.40,10.40,10.40,1300,183550
20200917,09:26,10.30,10.50,10.30,10.35,2150,188475
20200917,09:27,10.55,10.60,10.55,10.60,725,188475
20200917,09:28,10.60,10.60,10.55,10.55,1375,188475
20200917,09:29,10.55,10.60,10.50,10.55,2775,191300
20200917,09:30,10.55,10.55,10.30,10.30,4700,191300
20200917,09:31,10.50,10.70,10.20,10.60,9875,191300
20200917,09:32,10.60,10.70,10.20,10.20,3125,205650
20200917,09:33,10.50,10.50,10.50,10.50,525,205650
20200917,09:34,10.30,10.55,10.30,10.35,1175,205650
20200917,09:35,10.45,10.55,10.45,10.50,2300,202650
20200917,09:36,10.60,10.70,10.60,10.70,4325,202650
20200917,09:37,10.70,10.70,10.50,10.60,2575,202650
20200917,09:38,10.60,10.60,10.45,10.45,2225,205300
20200917,09:39,10.45,10.50,10.30,10.50,2100,205300
20200917,09:40,10.30,10.85,10.30,10.70,3225,205300
20200917,09:41,10.60,11.15,10.45,11.05,3025,207075
20200917,09:42,10.95,11.20,10.35,10.55,1875,207075
20200917,09:43,10.95,11.00,10.85,11.00,4700,207075
20200917,09:44,11.00,11.00,11.00,11.00,100,207075
20200917,09:45,10.95,10.95,10.95,10.95,1575,211575
20200917,09:46,10.95,11.35,10.95,11.25,2975,211575
20200917,09:47,11.25,11.35,11.20,11.25,3175,214825
20200917,09:48,11.00,11.75,11.00,11.50,8900,214825
20200917,09:49,11.85,12.00,11.75,11.85,4000,214825
20200917,09:50,11.50,11.65,11.40,11.60,325,225725
20200917,09:51,11.30,11.70,11.30,11.50,600,225725
20200917,09:52,11.45,11.85,11.45,11.85,1375,225725
20200917,09:53,11.60,11.75,11.60,11.75,550,225450
20200917,09:54,11.75,11.75,11.70,11.70,2025,225450
20200917,09:55,11.75,11.75,11.75,11.75,150,225450
20200917,09:56,11.60,11.70,11.60,11.70,1225,227625
20200917,09:57,11.70,11.70,11.70,11.70,275,227625
20200917,09:58,11.70,11.70,11.50,11.50,900,227625
20200917,09:59,11.70,11.70,11.40,11.40,525,229550
20200917,10:00,11.50,11.65,11.50,11.65,725,229550
20200917,10:01,11.40,11.40,11.40,11.40,125,229550
20200917,10:02,11.65,11.70,11.65,11.70,1025,229875
20200917,10:03,11.45,11.70,11.45,11.70,1100,229875
20200917,10:04,11.50,11.50,11.50,11.50,25,229875
20200917,10:05,11.30,11.30,11.30,11.30,500,230950
20200917,10:06,11.30,11.40,11.30,11.40,250,230950
20200917,10:07,11.40,11.40,11.25,11.40,2325,230950
20200917,10:08,11.40,11.50,11.20,11.45,1225,233375
20200917,10:09,11.40,11.50,11.15,11.50,925,233375
20200917,10:10,11.30,11.30,11.30,11.30,75,233375
20200917,10:11,11.20,12.00,11.20,11.70,5750,237825
20200917,10:12,11.70,11.75,11.55,11.75,750,237825
20200917,10:13,11.85,11.90,11.60,11.60,300,237825
20200917,10:14,12.00,12.00,12.00,12.00,1325,239575
20200917,10:15,12.00,12.00,11.90,12.00,1575,239575
20200917,10:16,12.00,12.25,11.90,12.05,9450,239575
20200917,10:17,11.80,12.00,11.70,11.70,500,250575
20200917,10:18,11.85,12.20,11.85,11.95,1150,250575
20200917,10:19,11.80,12.20,11.80,12.05,1150,250575
20200917,10:20,12.00,12.05,11.95,12.00,3175,251925
20200917,10:21,11.95,12.00,11.90,12.00,2175,251925
20200917,10:22,11.70,12.15,11.70,12.10,1975,251925
20200917,10:23,11.80,12.20,11.80,12.10,2850,255750
20200917,10:24,11.95,12.15,11.95,11.95,2425,255750
20200917,10:25,12.10,12.50,12.00,12.50,2675,255750
20200917,10:26,12.45,12.45,12.00,12.10,725,258550
20200917,10:27,12.10,12.50,11.90,12.50,3925,258550
20200917,10:28,12.50,12.50,12.10,12.45,1325,258550
20200917,10:29,12.20,12.65,12.20,12.60,5425,262375
20200917,10:30,12.60,12.65,12.50,12.65,1450,262375
20200917,10:31,12.65,13.10,12.55,12.65,3225,262375
20200917,10:32,12.40,12.40,12.40,12.40,400,269150
20200917,10:33,12.35,12.75,12.35,12.50,8025,269150
20200917,10:34,12.75,13.10,12.50,12.90,6150,269150
20200917,10:35,12.95,13.35,12.80,12.80,9325,283250
20200917,10:36,13.05,13.45,12.95,12.95,2550,283250
20200917,10:37,13.20,13.20,13.20,13.20,225,283250
20200917,10:38,13.20,13.45,13.20,13.45,750,283250
20200917,10:39,13.30,13.35,12.95,13.35,875,287375
20200917,10:40,13.45,14.85,13.40,14.50,18950,287375
20200917,10:41,14.45,15.00,14.35,14.45,3300,304575
20200917,10:42,14.35,14.50,14.15,14.15,1225,304575
20200917,10:43,14.00,14.00,13.85,13.90,2100,304575
20200917,10:44,13.90,14.40,13.90,14.35,4500,307375
20200917,10:45,14.15,14.35,13.95,14.00,2800,307375
20200917,10:46,13.65,13.85,13.50,13.75,5450,307375
20200917,10:47,13.70,13.70,13.35,13.35,2100,316900
20200917,10:48,13.45,14.05,13.45,14.05,2500,316900
20200917,10:49,13.75,13.75,13.00,13.00,6100,316900
20200917,10:50,13.00,13.05,12.85,13.00,2325,320000
20200917,10:51,13.00,13.00,12.85,12.85,1200,320000
20200917,10:52,12.85,12.85,12.70,12.70,725,320000
20200917,10:53,12.80,13.00,12.80,13.00,2325,319150
20200917,10:54,12.75,13.00,12.75,12.95,2200,319150
20200917,10:55,13.00,13.00,12.80,13.00,6025,319150
20200917,10:56,13.00,13.25,12.95,13.20,2675,318425
20200917,10:57,13.00,13.15,13.00,13.15,200,318425
20200917,10:58,13.00,13.20,13.00,13.20,1600,318425
20200917,10:59,13.00,13.00,13.00,13.00,300,317250
20200917,11:00,13.20,13.45,13.20,13.35,1350,317250
20200917,11:01,13.25,13.50,13.25,13.35,2375,317250
20200917,11:02,13.60,13.60,13.60,13.60,1125,317250
20200917,11:03,13.05,13.20,13.00,13.00,100,317750
20200917,11:04,13.10,13.10,13.10,13.10,100,317750
20200917,11:05,13.10,13.10,13.05,13.05,525,318150
20200917,11:06,13.30,13.30,12.85,12.85,775,318150
20200917,11:07,13.20,13.45,13.15,13.20,1425,318150
20200917,11:08,13.30,13.30,12.95,12.95,1200,320050
20200917,11:09,12.80,13.20,12.75,12.75,1450,320050
20200917,11:10,13.00,13.00,12.80,12.95,1025,320050
20200917,11:11,12.90,12.90,12.75,12.75,525,317175
20200917,11:12,12.95,13.15,12.65,13.15,2100,317175
20200917,11:13,13.00,13.15,13.00,13.15,75,317175
20200917,11:14,13.05,13.10,13.05,13.10,125,317175
20200917,11:15,12.80,12.80,12.50,12.60,1400,317050
20200917,11:16,12.60,13.00,12.60,12.75,2225,317050
20200917,11:17,12.95,12.95,12.75,12.80,825,317750
20200917,11:18,12.95,12.95,12.75,12.75,1275,317750
20200917,11:19,12.85,12.85,12.70,12.70,775,317750
20200917,11:20,12.70,12.70,12.50,12.50,1550,318300
20200917,11:21,12.60,12.75,12.50,12.50,2400,318300
20200917,11:22,12.50,12.55,12.45,12.45,2150,318300
20200917,11:23,12.30,12.40,12.30,12.30,675,319225
20200917,11:24,12.30,12.30,12.30,12.30,1050,319225
20200917,11:25,12.25,12.30,12.15,12.30,4700,319225
20200917,11:26,12.25,12.25,12.20,12.25,2000,319225
20200917,11:27,12.25,12.40,12.20,12.40,875,315600
20200917,11:28,12.40,12.40,12.40,12.40,1000,315600
20200917,11:29,12.35,12.35,12.20,12.20,625,314350
20200917,11:30,12.20,12.25,12.15,12.25,350,314350
20200917,11:31,12.25,12.35,12.15,12.15,1600,314350
20200917,11:32,12.25,12.30,12.05,12.30,1200,315300
20200917,11:33,12.30,12.30,12.30,12.30,825,315300
20200917,11:34,12.50,12.60,12.30,12.55,3150,315300
20200917,11:35,12.55,12.55,12.40,12.40,375,315775
20200917,11:36,12.40,12.40,12.40,12.40,4050,315775
20200917,11:37,12.35,12.35,12.30,12.30,150,315775
20200917,11:38,12.30,12.30,12.30,12.30,125,316650
20200917,11:39,12.30,12.50,12.30,12.40,3075,316650
20200917,11:40,12.40,12.40,12.25,12.25,1650,316650
20200917,11:41,12.25,12.25,12.20,12.25,1975,316650
20200917,11:42,12.20,12.20,12.15,12.20,225,316025
20200917,11:43,12.20,12.20,12.20,12.20,125,316025
20200917,11:44,12.10,12.10,12.10,12.10,225,316025
20200917,11:45,12.15,12.15,11.90,11.90,575,316200
20200917,11:46,12.05,12.05,12.00,12.00,325,316200
20200917,11:47,12.20,12.20,12.20,12.20,25,316200
20200917,11:48,12.00,12.00,12.00,12.00,1300,316725
20200917,11:49,12.00,12.10,11.80,12.00,1900,316725
20200917,11:50,12.00,12.00,12.00,12.00,525,318225
20200917,11:51,12.10,12.25,12.10,12.20,1525,318225
20200917,11:52,12.25,12.25,12.20,12.25,975,318225
20200917,11:53,12.25,12.25,12.20,12.25,1075,318225
20200917,11:54,12.00,12.05,12.00,12.05,50,319500
20200917,11:56,12.25,12.45,12.25,12.30,3150,321400
20200917,11:57,12.30,12.30,12.00,12.00,1300,321400
20200917,11:58,12.00,12.10,11.95,11.95,450,321400
20200917,11:59,11.80,12.15,11.80,12.00,1050,322000
20200917,12:00,11.80,12.00,11.80,12.00,250,322000
20200917,12:01,12.00,12.00,11.80,11.95,875,322000
20200917,12:02,11.90,11.95,11.90,11.95,1100,323175
20200917,12:03,11.95,12.20,11.95,12.05,2025,323175
20200917,12:04,12.25,12.25,12.25,12.25,1100,323175
20200917,12:05,12.25,12.25,12.05,12.05,225,323175
20200917,12:07,12.15,12.15,11.85,11.85,600,325750
20200917,12:08,11.90,12.15,11.85,12.15,275,326050
20200917,12:09,12.05,12.05,12.00,12.00,325,326050
20200917,12:10,11.90,12.45,11.90,12.45,2400,326050
20200917,12:11,12.50,12.50,12.45,12.50,3750,330350
20200917,12:12,12.50,12.75,12.20,12.45,10175,330350
20200917,12:13,12.80,12.90,12.50,12.50,2100,330350
20200917,12:14,12.55,12.75,12.55,12.75,500,330350
20200917,12:15,12.65,13.40,12.65,13.40,4175,341550
20200917,12:16,13.45,13.60,13.25,13.60,5850,341550
20200917,12:17,13.65,13.95,13.35,13.35,3500,341550
20200917,12:18,13.45,13.45,13.00,13.00,1775,353000
20200917,12:19,12.95,13.80,12.95,13.10,6975,353000
20200917,12:20,13.60,14.00,13.30,13.45,12575,368925
20200917,12:21,13.55,13.75,13.40,13.45,3200,368925
20200917,12:22,13.45,13.60,13.35,13.50,2775,368925
20200917,12:23,13.30,13.40,13.30,13.30,225,368925
20200917,12:24,13.30,13.30,12.90,13.00,950,374950
20200917,12:25,12.90,12.90,12.65,12.65,600,374950
20200917,12:26,12.60,13.35,12.60,13.35,5100,379050
20200917,12:27,13.10,13.60,13.10,13.55,8325,379050
20200917,12:28,13.35,13.65,13.20,13.65,2175,379050
20200917,12:30,13.20,13.20,13.15,13.15,175,386475
20200917,12:31,13.15,13.35,13.10,13.15,750,386475
20200917,12:32,13.20,13.45,13.05,13.20,3075,388950
20200917,12:33,13.15,13.45,13.15,13.40,725,388950
20200917,12:34,13.05,13.25,13.05,13.05,1600,388950
20200917,12:35,13.25,13.25,12.95,13.05,325,388950
20200917,12:36,12.95,13.05,12.95,12.95,325,389875
20200917,12:37,13.05,13.10,12.70,13.00,850,389875
20200917,12:38,12.95,13.20,12.95,13.10,1525,389875
20200917,12:39,12.95,12.95,12.90,12.90,175,391225
20200917,12:40,13.00,13.00,13.00,13.00,125,391225
20200917,12:41,12.95,13.00,12.75,12.75,250,391225
20200917,12:42,13.00,13.20,12.80,12.95,2850,391100
20200917,12:43,13.10,13.10,12.95,12.95,575,391100
20200917,12:44,13.10,13.10,12.90,12.95,900,391600
20200917,12:45,13.00,13.45,13.00,13.45,3400,391600
20200917,12:46,13.35,13.55,13.35,13.55,1450,391600
20200917,12:47,13.05,13.20,13.00,13.15,700,391600
20200917,12:48,13.10,13.40,13.10,13.10,1850,395775
20200917,12:49,13.00,13.30,12.95,13.10,2925,395775
20200917,12:50,13.20,13.40,13.00,13.25,1775,395775
20200917,12:51,13.50,13.50,13.00,13.00,3725,399950
20200917,12:52,12.95,13.05,12.95,13.05,75,399950
20200917,12:53,13.20,13.45,13.10,13.20,2000,399950
20200917,12:54,13.45,13.50,13.25,13.25,3650,403400
20200917,12:55,13.35,13.75,13.35,13.50,7550,403400
20200917,12:56,13.45,13.60,13.45,13.60,725,403400
20200917,12:57,13.60,13.85,13.50,13.80,12975,412950
20200917,12:58,13.75,14.05,13.65,13.75,5950,412950
20200917,12:59,13.75,13.90,13.25,13.25,1775,412950
20200917,13:01,13.40,13.80,13.15,13.15,1625,425275
20200917,13:02,13.35,13.35,13.35,13.35,50,425275
20200917,13:03,13.60,13.60,13.45,13.45,475,426175
20200917,13:04,13.15,13.65,13.15,13.65,1275,426175
20200917,13:05,13.50,13.70,13.20,13.20,525,426175
20200917,13:06,13.30,13.50,13.20,13.50,850,427475
20200917,13:07,13.35,13.40,13.10,13.10,575,427475
20200917,13:08,13.00,13.05,13.00,13.05,250,427475
20200917,13:09,13.45,13.50,13.15,13.25,2250,428575
20200917,13:10,13.20,13.40,13.20,13.20,575,428575
20200917,13:11,13.35,13.35,13.35,13.35,300,428575
20200917,13:12,13.30,13.30,13.30,13.30,25,429050
20200917,13:13,13.15,13.15,13.00,13.05,500,429050
20200917,13:14,13.00,13.20,13.00,13.20,275,429050
20200917,13:15,13.05,13.20,13.05,13.20,675,429225
20200917,13:16,13.10,13.20,13.10,13.15,1225,429225
20200917,13:17,13.00,13.20,13.00,13.10,1175,429225
20200917,13:18,13.05,13.30,13.00,13.10,1675,429900
20200917,13:19,13.10,13.20,13.00,13.20,1150,429900
20200917,13:20,13.15,13.15,13.15,13.15,475,429900
20200917,13:21,13.15,13.15,13.15,13.15,100,430900
20200917,13:22,12.95,12.95,12.90,12.90,1325,430900
20200917,13:23,12.90,12.90,12.80,12.85,1975,430900
20200917,13:24,12.85,12.85,12.80,12.80,2050,432975
20200917,13:25,12.80,13.00,12.80,13.00,750,432975
20200917,13:26,12.90,12.95,12.85,12.85,1075,432975
20200917,13:27,12.95,12.95,12.85,12.90,475,434450
20200917,13:28,12.90,12.90,12.85,12.90,500,434450
20200917,13:29,12.80,12.80,12.65,12.65,50,434450
20200917,13:30,12.90,12.95,12.75,12.95,775,435050
20200917,13:31,12.95,13.00,12.85,13.00,1775,435050
20200917,13:32,13.05,13.10,12.90,13.00,3975,435050
20200917,13:33,12.75,12.90,12.75,12.90,725,437575
20200917,13:34,12.75,13.00,12.75,12.85,975,437575
20200917,13:35,12.75,12.95,12.60,12.95,2225,437575
20200917,13:36,12.95,13.00,12.80,13.00,850,439375
20200917,13:37,12.80,12.90,12.80,12.90,350,439375
20200917,13:38,12.90,12.90,12.85,12.85,250,439375
20200917,13:39,12.90,13.15,12.85,13.10,4100,440200
20200917,13:40,13.15,13.30,13.00,13.00,3700,440200
20200917,13:43,12.95,13.05,12.80,13.05,425,445100
20200917,13:44,12.95,13.00,12.95,13.00,600,445100
20200917,13:45,12.90,13.10,12.90,13.10,400,445175
20200917,13:46,13.10,13.10,12.90,12.95,125,445175
20200917,13:47,13.10,13.30,13.10,13.25,1825,445175
20200917,13:48,13.25,13.25,13.10,13.15,2575,446875
20200917,13:49,13.05,13.05,13.05,13.05,325,446875
20200917,13:50,13.05,13.05,13.05,13.05,50,446875
20200917,13:51,12.90,13.20,12.90,13.15,350,448675
20200917,13:52,13.15,13.85,13.15,13.85,6275,448675
20200917,13:53,13.45,13.60,13.35,13.35,925,448675
20200917,13:54,13.30,13.30,13.15,13.15,300,454200
20200917,13:55,13.45,13.45,13.30,13.30,150,454200
20200917,13:56,13.50,13.60,13.25,13.25,1025,454200
20200917,13:57,13.25,13.35,13.15,13.15,1225,455025
20200917,13:58,13.25,13.25,13.20,13.25,150,455025
20200917,13:59,13.20,13.20,13.00,13.00,1350,455025
20200917,14:00,13.00,13.00,12.95,12.95,500,455850
20200917,14:01,13.10,13.10,13.10,13.10,450,455850
20200917,14:02,12.80,12.90,12.55,12.90,400,455850
20200917,14:03,12.85,12.85,12.35,12.60,500,456225
20200917,14:05,12.70,12.70,12.55,12.55,625,456225
20200917,14:06,12.50,12.50,12.45,12.45,200,456275
20200917,14:07,12.60,12.60,12.60,12.60,25,456275
20200917,14:08,12.55,12.65,12.50,12.65,775,456275
20200917,14:09,12.55,12.60,12.55,12.55,825,456375
20200917,14:10,12.60,12.75,12.60,12.65,550,456375
20200917,14:11,12.45,13.00,12.45,12.70,1150,456375
20200917,14:12,12.80,12.80,12.55,12.55,325,457600
20200917,14:13,12.80,12.80,12.60,12.80,2025,457600
20200917,14:14,12.75,12.90,12.60,12.70,4100,457600
20200917,14:15,12.65,12.95,12.65,12.95,2000,463050
20200917,14:16,13.10,13.80,12.85,13.20,27675,463050
20200917,14:17,13.40,13.90,13.25,13.65,7575,463050
20200917,14:18,13.75,14.00,13.25,13.65,4850,487625
20200917,14:19,13.50,13.80,13.30,13.45,3125,487625
20200917,14:20,13.45,13.60,13.25,13.35,3100,487625
20200917,14:21,13.40,13.55,13.35,13.50,2800,489675
20200917,14:22,13.50,13.55,13.35,13.35,1325,489675
20200917,14:23,13.35,13.55,13.30,13.30,650,489675
20200917,14:24,13.35,13.40,13.00,13.05,2225,492350
20200917,14:25,13.20,13.20,13.00,13.00,650,492350
20200917,14:26,13.20,13.20,13.05,13.05,350,492350
20200917,14:27,13.30,13.30,13.00,13.05,1175,491125
20200917,14:28,13.05,13.05,12.85,13.00,225,491125
20200917,14:29,12.95,12.95,12.95,12.95,350,491125
20200917,14:30,12.90,13.00,12.90,12.95,1250,491575
20200917,14:31,12.65,12.75,12.55,12.70,3650,491575
20200917,14:32,12.70,12.70,12.45,12.60,2750,491575
20200917,14:33,12.60,12.75,12.50,12.75,2100,487850
20200917,14:34,12.60,12.70,12.50,12.60,1150,487850
20200917,14:35,13.00,13.10,12.80,13.10,1600,487850
20200917,14:36,13.00,13.00,12.95,13.00,725,487450
20200917,14:37,13.00,13.00,12.75,12.90,400,487450
20200917,14:38,12.80,12.80,12.80,12.80,75,487450
20200917,14:39,12.70,12.80,12.60,12.80,2050,487825
20200917,14:40,12.80,12.80,12.70,12.70,175,487825
20200917,14:41,12.80,12.95,12.65,12.95,2325,487825
20200917,14:42,12.75,13.15,12.70,12.70,2800,488300
20200917,14:43,12.65,12.75,12.65,12.65,1550,488300
20200917,14:44,12.65,12.75,12.60,12.70,525,488300
20200917,14:45,12.80,12.80,12.70,12.70,125,490375
20200917,14:46,12.60,12.85,12.60,12.65,1075,490375
20200917,14:47,12.75,12.75,12.70,12.70,200,490375
20200917,14:48,12.75,12.85,12.65,12.85,2000,490425
20200917,14:49,13.00,13.00,12.50,12.70,825,490425
20200917,14:50,12.70,12.85,12.50,12.85,550,490425
20200917,14:51,12.60,12.60,12.30,12.55,275,490475
20200917,14:52,12.50,12.75,12.50,12.75,350,490475
20200917,14:53,12.45,12.50,12.40,12.40,825,490475
20200917,14:54,12.70,12.70,12.30,12.30,925,490425
20200917,14:55,12.40,12.40,12.15,12.35,1225,490425
20200917,14:56,12.25,12.25,11.90,11.95,1300,490425
20200917,14:57,12.00,12.00,11.80,11.85,3800,490500
20200917,14:58,12.20,12.40,12.05,12.05,675,490500
20200917,14:59,11.75,11.80,11.65,11.65,2700,490500
20200917,15:00,11.75,11.75,11.30,11.45,2975,490275
20200917,15:01,11.50,11.60,11.35,11.60,1125,490275
20200917,15:02,11.75,11.90,11.75,11.90,1175,490275
20200917,15:03,11.75,11.80,11.50,11.80,650,490675
20200917,15:04,11.65,11.70,11.60,11.65,250,490675
20200917,15:05,11.60,11.60,11.50,11.50,300,490675
20200917,15:06,11.60,11.65,11.50,11.50,525,490925
20200917,15:07,11.55,11.60,11.55,11.60,200,490925
20200917,15:08,11.80,11.90,11.75,11.80,5400,490925
20200917,15:09,11.80,11.95,11.80,11.95,1250,491100
20200917,15:10,11.80,12.00,11.80,11.85,1550,491100
20200917,15:11,11.85,11.85,11.75,11.80,5975,491100
20200917,15:12,11.80,11.90,11.75,11.75,7250,490625
20200917,15:13,11.75,11.85,11.75,11.75,1825,490625
20200917,15:14,11.75,12.00,11.70,11.75,5500,490625
20200917,15:15,11.75,11.80,11.70,11.70,9850,491275
20200917,15:16,11.65,11.65,11.30,11.30,7275,491275
20200917,15:17,11.30,11.30,10.70,10.90,7750,491275
20200917,15:18,10.90,10.90,10.25,10.25,9525,491025
20200917,15:19,10.30,10.55,10.25,10.35,8925,491025
20200917,15:20,10.35,10.45,10.30,10.30,8000,491025
20200917,15:21,10.15,10.50,10.05,10.15,6875,484600
20200917,15:22,10.05,10.25,9.90,10.25,13300,484600
20200917,15:23,10.25,10.25,10.20,10.25,2350,484600
20200917,15:24,10.25,10.35,10.10,10.10,3100,485025
20200917,15:25,10.30,10.50,10.15,10.45,7750,485025
20200917,15:26,10.45,10.50,10.20,10.50,3075,485025
20200917,15:27,10.45,10.60,9.85,10.10,7700,483500
20200917,15:28,9.85,10.45,9.85,10.45,7850,483500
20200917,15:29,10.40,10.90,10.30,10.30,7025,483500
20200918,09:15,10.00,10.00,8.55,8.55,7852,482150
20200918,09:16,8.75,8.75,8.55,8.60,8075,482150
20200918,09:17,8.70,9.00,8.65,8.85,7025,482025
20200918,09:18,8.85,8.95,8.60,8.65,6975,482025
20200918,09:19,8.70,8.85,8.65,8.70,6925,482025
20200918,09:20,8.75,8.85,8.40,8.40,8300,480500
20200918,09:21,8.40,8.50,8.10,8.35,5600,480500
20200918,09:22,8.35,8.50,8.20,8.45,8600,480500
20200918,09:23,8.40,8.55,8.35,8.35,4450,476975
20200918,09:24,8.30,8.30,8.10,8.15,11450,476975
20200918,09:25,8.15,8.20,8.10,8.15,4325,476975
20200918,09:26,8.15,8.20,8.05,8.10,2750,470150
20200918,09:27,8.05,8.05,7.95,7.95,3150,470150
20200918,09:28,7.80,8.15,7.80,8.05,3825,470150
20200918,09:29,8.05,8.10,7.85,7.90,3200,466875
20200918,09:30,7.85,8.05,7.85,8.00,2150,466875
20200918,09:31,7.95,8.10,7.95,8.10,2400,466875
20200918,09:32,8.15,8.15,7.95,7.95,3100,466350
20200918,09:33,8.00,8.00,7.95,8.00,1825,466350
20200918,09:34,8.00,8.10,8.00,8.00,9750,466350
20200918,09:35,8.00,8.10,8.00,8.10,1125,458100
20200918,09:36,8.15,8.15,8.00,8.00,1675,458100
20200918,09:37,8.05,8.10,7.95,8.05,2325,458100
20200918,09:38,8.00,8.15,8.00,8.15,1450,456950
20200918,09:39,8.05,8.15,8.05,8.10,1375,456950
20200918,09:40,8.05,8.15,8.05,8.15,1625,456950
20200918,09:41,8.10,8.15,8.00,8.10,1250,456500
20200918,09:42,8.10,8.15,8.05,8.15,1775,456500
20200918,09:43,8.05,8.10,8.05,8.05,1925,456500
20200918,09:44,8.05,8.15,8.05,8.15,1775,457050
20200918,09:45,8.10,8.10,8.05,8.10,7150,457050
20200918,09:46,8.10,8.20,8.10,8.20,7125,457050
20200918,09:47,8.20,8.20,8.10,8.15,4750,450300
20200918,09:48,8.10,8.15,8.10,8.15,1025,450300
20200918,09:49,8.15,8.15,8.00,8.05,4175,450300
20200918,09:50,8.00,8.10,8.00,8.10,1875,444600
20200918,09:51,8.05,8.05,7.95,7.95,1250,444600
20200918,09:52,7.90,8.00,7.85,7.90,2975,444600
20200918,09:53,7.95,8.05,7.90,7.95,750,444425
20200918,09:54,7.95,8.10,7.95,8.00,2300,444425
20200918,09:55,8.05,8.05,7.90,7.90,1825,444425
20200918,09:56,8.00,8.05,8.00,8.05,800,445825
20200918,09:57,8.10,8.10,8.00,8.00,2450,445825
20200918,09:58,8.05,8.15,8.05,8.15,550,445825
20200918,09:59,8.10,8.10,8.10,8.10,175,445825
20200918,10:00,8.05,8.25,8.05,8.25,1875,446975
20200918,10:01,8.20,8.30,8.20,8.20,775,446975
20200918,10:02,8.15,8.15,8.10,8.15,1050,448275
20200918,10:03,8.10,8.30,8.10,8.30,7075,448275
20200918,10:04,8.30,8.30,8.20,8.20,1900,448275
20200918,10:05,8.25,8.25,8.15,8.20,1875,449225
20200918,10:06,8.15,8.30,8.15,8.25,2775,449225
20200918,10:07,8.25,8.50,8.25,8.40,4650,449225
20200918,10:08,8.20,8.25,8.00,8.05,6325,450125
20200918,10:09,8.05,8.20,8.00,8.05,5500,450125
20200918,10:10,8.05,8.10,7.90,8.00,6575,450125
20200918,10:11,8.10,8.15,8.00,8.05,1475,446525
20200918,10:12,8.15,8.40,8.10,8.40,4725,446525
20200918,10:13,8.40,8.40,8.25,8.25,5750,446525
20200918,10:14,8.25,8.30,7.95,7.95,4675,442050
20200918,10:15,7.95,8.05,7.65,7.85,20200,442050
20200918,10:16,7.85,8.05,7.80,7.95,6725,442050
20200918,10:17,7.90,8.00,7.85,7.85,4025,431725
20200918,10:18,7.90,8.00,7.80,7.90,6175,431725
20200918,10:19,7.95,8.05,7.90,7.90,6550,431725
20200918,10:20,7.95,8.10,7.85,8.10,10400,425850
20200918,10:21,8.10,8.15,7.95,8.00,2200,425850
20200918,10:22,7.95,8.00,7.80,7.80,12600,425850
20200918,10:23,7.80,8.25,7.80,8.15,8175,422775
20200918,10:24,8.25,8.25,8.00,8.00,2775,422775
20200918,10:25,8.00,8.10,7.95,7.95,2300,422775
20200918,10:26,7.90,8.00,7.85,7.95,11750,420500
20200918,10:27,7.95,8.00,7.85,8.00,2525,420500
20200918,10:28,8.00,8.00,7.95,7.95,650,420500
20200918,10:29,8.00,8.00,7.85,7.95,1375,416300
20200918,10:30,7.95,7.95,7.85,7.90,1800,416300
20200918,10:31,7.90,7.95,7.85,7.90,600,416300
20200918,10:32,7.85,7.90,7.85,7.90,575,415200
20200918,10:33,7.90,7.95,7.85,7.90,2850,415200
20200918,10:34,7.85,7.95,7.85,7.90,3725,415200
20200918,10:35,7.85,7.90,7.70,7.80,10675,411250
20200918,10:36,7.90,7.90,7.65,7.75,8175,411250
20200918,10:37,7.75,7.80,7.60,7.65,6250,411250
20200918,10:38,7.65,7.70,7.55,7.60,2350,404425
20200918,10:39,7.60,7.65,7.50,7.65,4125,404425
20200918,10:40,7.60,7.65,7.45,7.55,6125,404425
20200918,10:41,7.60,7.70,7.30,7.50,13650,398175
20200918,10:42,7.60,7.65,7.55,7.55,2000,398175
20200918,10:43,7.65,7.75,7.60,7.75,3250,398175
20200918,10:44,7.70,7.70,7.50,7.65,4600,395325
20200918,10:45,7.65,7.85,7.55,7.85,3825,395325
20200918,10:46,7.85,8.10,7.85,8.10,5000,395325
20200918,10:47,8.00,8.00,7.95,7.95,375,396275
20200918,10:48,7.95,7.95,7.80,7.80,2950,396275
20200918,10:49,7.75,7.80,7.65,7.70,3600,396275
20200918,10:50,7.70,7.75,7.65,7.65,2625,392825
20200918,10:51,7.75,7.85,7.70,7.80,1800,392825
20200918,10:52,7.90,7.95,7.80,7.85,2275,392825
20200918,10:53,7.90,7.95,7.85,7.85,925,392675
20200918,10:54,7.90,7.90,7.80,7.80,775,392675
20200918,10:55,7.85,7.95,7.80,7.85,875,392675
20200918,10:56,7.90,8.00,7.85,7.90,3150,391525
20200918,10:57,7.85,7.90,7.85,7.90,525,391525
20200918,10:58,7.90,7.95,7.90,7.95,450,391525
20200918,10:59,7.90,7.95,7.90,7.95,200,391525
20200918,11:00,7.95,7.95,7.85,7.85,2850,391250
20200918,11:01,7.85,7.95,7.85,7.95,1125,391250
20200918,11:02,7.90,8.00,7.85,7.95,2100,390600
20200918,11:03,7.90,7.90,7.85,7.85,1950,390600
20200918,11:04,7.80,7.95,7.75,7.95,3700,390600
20200918,11:05,8.00,8.00,7.70,7.75,3925,386950
20200918,11:06,7.75,7.90,7.75,7.90,325,386950
20200918,11:07,7.80,7.90,7.80,7.90,3575,386950
20200918,11:08,7.85,7.90,7.75,7.80,2200,384875
20200918,11:09,7.75,7.85,7.75,7.80,3775,384875
20200918,11:10,7.80,7.90,7.75,7.90,1625,384875
20200918,11:11,7.80,7.80,7.80,7.80,425,384125
20200918,11:12,7.85,7.85,7.70,7.80,3725,384125
20200918,11:13,7.75,7.95,7.60,7.90,3450,384125
20200918,11:14,7.85,7.85,7.75,7.80,2850,380825
20200918,11:15,7.85,7.90,7.65,7.70,2750,380825
20200918,11:16,7.70,7.90,7.65,7.85,3650,380825
20200918,11:17,7.90,8.10,7.85,8.10,2950,381200
20200918,11:18,8.00,8.00,7.80,7.85,5825,381200
20200918,11:19,7.85,8.10,7.85,7.95,3675,381200
20200918,11:20,7.95,8.00,7.85,7.85,1975,381200
20200918,11:21,7.85,7.85,7.80,7.80,3675,382475
20200918,11:22,7.75,7.85,7.70,7.85,3450,382475
20200918,11:23,7.85,7.85,7.80,7.80,225,382475
20200918,11:24,7.95,8.10,7.90,8.00,10975,381250
20200918,11:25,8.00,8.05,7.90,7.90,4275,381250
20200918,11:26,7.90,8.05,7.85,7.90,5350,382750
20200918,11:27,7.90,7.90,7.70,7.75,3625,382750
20200918,11:28,7.80,7.80,7.65,7.70,11675,382750
20200918,11:29,7.70,7.75,7.60,7.65,4600,376900
20200918,11:30,7.75,7.95,7.75,7.85,4200,376900
20200918,11:31,7.85,7.85,7.75,7.75,3900,376900
20200918,11:32,7.80,7.90,7.80,7.85,3175,372875
20200918,11:33,7.85,8.00,7.80,7.90,5175,372875
20200918,11:34,7.85,8.00,7.80,7.80,1800,372875
20200918,11:35,7.85,7.90,7.85,7.90,75,371975
20200918,11:36,7.90,7.90,7.85,7.90,700,371975
20200918,11:37,7.90,7.90,7.70,7.70,2725,371975
20200918,11:38,7.75,7.90,7.70,7.85,2375,371575
20200918,11:39,7.85,7.90,7.70,7.70,2825,371575
20200918,11:40,7.75,7.75,7.60,7.65,5125,371575
20200918,11:41,7.75,7.75,7.65,7.70,1600,368025
20200918,11:42,7.65,7.75,7.65,7.70,875,368025
20200918,11:43,7.70,7.90,7.70,7.85,1050,368025
20200918,11:44,7.85,7.85,7.70,7.85,1950,367250
20200918,11:45,7.85,7.90,7.75,7.90,2925,367250
20200918,11:46,7.70,7.80,7.60,7.75,7375,367250
20200918,11:47,7.70,7.75,7.55,7.75,9125,361300
20200918,11:48,7.70,7.75,7.60,7.70,4575,361300
20200918,11:49,7.65,7.85,7.60,7.70,4775,361300
20200918,11:50,7.70,7.80,7.65,7.65,3100,359200
20200918,11:51,7.70,7.80,7.65,7.80,3525,359200
20200918,11:52,7.80,7.80,7.70,7.75,3425,359200
20200918,11:53,7.75,7.85,7.70,7.80,1400,356750
20200918,11:54,7.80,7.85,7.55,7.65,5225,356750
20200918,11:55,7.60,7.75,7.60,7.65,5975,356750
20200918,11:56,7.70,7.70,7.60,7.65,8400,352600
20200918,11:57,7.70,7.75,7.65,7.65,3050,352600
20200918,11:58,7.60,7.70,7.60,7.65,6250,352600
20200918,11:59,7.70,7.70,7.60,7.60,1375,352600
20200918,12:00,7.65,7.75,7.60,7.75,5900,353225
20200918,12:01,7.80,7.85,7.60,7.70,6225,353225
20200918,12:02,7.70,7.80,7.65,7.75,3150,351625
20200918,12:03,7.75,7.80,7.70,7.80,2000,351625
20200918,12:04,7.70,7.90,7.65,7.90,3225,351625
20200918,12:05,7.80,7.90,7.75,7.85,1950,351625
20200918,12:06,7.75,7.80,7.70,7.80,3150,349700
20200918,12:07,7.85,8.00,7.70,7.85,7725,349700
20200918,12:08,7.80,7.80,7.75,7.80,3275,352850
20200918,12:09,7.80,7.80,7.80,7.80,225,352850
20200918,12:10,7.70,8.00,7.70,8.00,4475,352850
20200918,12:11,8.00,8.00,7.80,7.80,3050,356775
20200918,12:12,7.85,7.95,7.80,7.95,4450,356775
20200918,12:13,7.80,7.90,7.75,7.75,5725,356775
20200918,12:14,7.75,7.85,7.75,7.85,5450,353600
20200918,12:15,7.85,8.00,7.85,8.00,1825,353600
20200918,12:16,7.90,7.90,7.80,7.85,2950,353600
20200918,12:17,7.90,8.05,7.90,8.00,2825,355925
20200918,12:18,8.00,8.00,7.85,7.95,4200,355925
20200918,12:19,7.90,7.90,7.70,7.70,2875,355925
20200918,12:20,7.80,7.80,7.70,7.75,2875,355925
20200918,12:21,7.75,7.75,7.75,7.75,200,355725
20200918,12:22,7.80,7.80,7.70,7.75,1800,355725
20200918,12:23,7.70,7.70,7.65,7.70,350,355725
20200918,12:24,7.70,7.70,7.70,7.70,375,355225
20200918,12:25,7.65,7.70,7.60,7.65,3825,355225
20200918,12:26,7.65,7.70,7.50,7.70,3800,355225
20200918,12:27,7.65,7.65,7.60,7.60,325,353550
20200918,12:28,7.65,7.65,7.60,7.60,900,353550
20200918,12:29,7.55,7.65,7.50,7.55,1850,353550
20200918,12:30,7.60,7.65,7.55,7.60,1925,352675
20200918,12:31,7.55,7.60,7.50,7.55,925,352675
20200918,12:32,7.50,7.55,7.50,7.55,625,352675
20200918,12:33,7.50,7.55,7.45,7.50,975,351725
20200918,12:34,7.40,7.45,7.40,7.45,825,351725
20200918,12:35,7.40,7.55,7.40,7.40,2350,351725
20200918,12:36,7.50,7.60,7.45,7.50,975,351575
20200918,12:37,7.50,7.55,7.45,7.50,1625,351575
20200918,12:38,7.45,7.50,7.40,7.45,2975,349850
20200918,12:39,7.45,7.45,7.40,7.40,1600,349850
20200918,12:40,7.40,7.45,7.20,7.45,5600,349850
20200918,12:41,7.40,7.50,7.35,7.40,3925,349850
20200918,12:42,7.50,7.50,7.30,7.35,4050,347400
20200918,12:43,7.30,7.40,7.30,7.40,1300,347400
20200918,12:44,7.35,7.50,7.35,7.40,2750,347400
20200918,12:45,7.40,7.50,7.35,7.35,2875,347575
20200918,12:46,7.45,7.55,7.40,7.50,1000,347575
20200918,12:47,7.45,7.60,7.45,7.50,975,347575
20200918,12:48,7.50,7.60,7.40,7.45,2950,348825
20200918,12:49,7.45,7.50,7.30,7.50,3350,348825
20200918,12:50,7.50,7.50,7.40,7.50,850,348825
20200918,12:51,7.40,7.55,7.35,7.55,6750,348825
20200918,12:52,7.50,7.60,7.50,7.55,450,348825
20200918,12:53,7.65,7.65,7.50,7.50,1275,348825
20200918,12:54,7.55,7.70,7.50,7.60,1525,344700
20200918,12:55,7.55,7.70,7.50,7.65,2125,344700
20200918,12:56,7.55,7.70,7.50,7.60,1750,344700
20200918,12:57,7.60,7.70,7.60,7.65,1625,346000
20200918,12:58,7.70,7.70,7.50,7.55,8800,346000
20200918,12:59,7.50,7.55,7.45,7.45,1925,346000
20200918,13:00,7.55,7.55,7.50,7.50,600,340650
20200918,13:01,7.45,7.55,7.40,7.45,4250,340650
20200918,13:02,7.50,7.55,7.45,7.55,3100,340650
20200918,13:03,7.50,7.60,7.40,7.50,10700,338875
20200918,13:04,7.55,7.60,7.35,7.40,4725,338875
20200918,13:05,7.40,7.45,7.40,7.45,125,338875
20200918,13:06,7.40,7.50,7.40,7.45,900,339225
20200918,13:07,7.50,7.50,7.30,7.45,4300,339225
20200918,13:08,7.40,7.50,7.40,7.45,500,339225
20200918,13:09,7.40,7.45,7.35,7.45,300,339000
20200918,13:10,7.45,7.45,7.40,7.40,425,339000
20200918,13:11,7.50,7.60,7.40,7.40,1425,339000
20200918,13:12,7.40,7.55,7.40,7.50,1975,338675
20200918,13:13,7.40,7.45,7.40,7.45,1075,338675
20200918,13:14,7.40,7.50,7.25,7.35,5250,338675
20200918,13:15,7.30,7.40,7.30,7.40,2000,337225
20200918,13:16,7.45,7.65,7.45,7.65,1675,337225
20200918,13:17,7.55,7.65,7.50,7.65,575,337225
20200918,13:18,7.60,7.60,7.40,7.45,1500,336850
20200918,13:19,7.55,7.65,7.45,7.50,2325,336850
20200918,13:20,7.60,7.60,7.50,7.50,925,336850
20200918,13:21,7.50,7.50,7.40,7.50,2950,337250
20200918,13:22,7.40,7.50,7.40,7.50,300,337250
20200918,13:23,7.50,7.55,7.50,7.50,1100,337250
20200918,13:24,7.50,7.50,7.45,7.45,1150,336575
20200918,13:25,7.40,7.45,7.30,7.45,1550,336575
20200918,13:26,7.40,7.40,7.40,7.40,225,336575
20200918,13:27,7.35,7.35,7.35,7.35,150,336725
20200918,13:28,7.35,7.35,7.25,7.30,2650,336725
20200918,13:29,7.25,7.35,7.25,7.30,425,336725
20200918,13:30,7.40,7.45,7.35,7.35,600,335250
20200918,13:31,7.35,7.35,7.30,7.30,150,335250
20200918,13:33,7.35,7.35,7.35,7.35,125,335300
20200918,13:34,7.40,7.40,7.30,7.30,75,335300
20200918,13:35,7.40,7.40,7.35,7.35,1100,335300
20200918,13:36,7.35,7.35,7.30,7.35,1225,334850
20200918,13:37,7.40,7.45,7.30,7.45,425,334850
20200918,13:38,7.45,7.45,7.40,7.40,525,334850
20200918,13:40,7.40,7.40,7.25,7.25,2800,334475
20200918,13:41,7.25,7.30,7.20,7.30,225,334475
20200918,13:42,7.35,7.40,7.25,7.40,425,336325
20200918,13:43,7.30,7.40,7.30,7.40,225,336325
20200918,13:44,7.35,7.35,7.35,7.35,75,336325
20200918,13:45,7.40,7.45,7.35,7.35,2625,336475
20200918,13:46,7.45,7.45,7.35,7.45,3450,336475
20200918,13:47,7.35,7.40,7.30,7.40,1125,336475
20200918,13:48,7.35,7.45,7.35,7.35,3775,336550
20200918,13:49,7.35,7.55,7.35,7.55,1350,336550
20200918,13:50,7.55,7.60,7.50,7.60,1025,336550
20200918,13:51,7.50,7.55,7.45,7.50,1325,335950
20200918,13:52,7.45,7.55,7.45,7.50,1175,335950
20200918,13:53,7.55,7.65,7.50,7.65,4325,335950
20200918,13:54,7.65,7.70,7.50,7.60,1525,336125
20200918,13:55,7.70,7.70,7.65,7.65,725,336125
20200918,13:56,7.60,7.65,7.50,7.50,250,336125
20200918,13:57,7.55,7.60,7.45,7.55,975,336125
20200918,13:58,7.55,7.55,7.40,7.40,800,336125
20200918,13:59,7.40,7.40,7.35,7.35,450,336125
20200918,14:00,7.40,7.40,7.40,7.40,325,335400
20200918,14:01,7.40,7.40,7.35,7.40,875,335400
20200918,14:02,7.50,7.50,7.50,7.50,450,335400
20200918,14:03,7.55,7.55,7.40,7.45,475,335275
20200918,14:04,7.40,7.50,7.40,7.50,1425,335275
20200918,14:05,7.50,7.50,7.50,7.50,550,335275
20200918,14:06,7.50,7.55,7.45,7.50,600,335675
20200918,14:07,7.45,7.45,7.45,7.45,100,335675
20200918,14:08,7.40,7.55,7.40,7.55,475,335675
20200918,14:09,7.55,7.55,7.55,7.55,350,335950
20200918,14:10,7.55,7.55,7.45,7.45,350,335950
20200918,14:11,7.55,7.55,7.55,7.55,200,335950
20200918,14:12,7.55,7.55,7.45,7.45,925,336225
20200918,14:13,7.45,7.55,7.45,7.55,600,336225
20200918,14:14,7.55,7.55,7.45,7.45,825,336225
20200918,14:15,7.55,7.65,7.55,7.65,1900,335600
20200918,14:16,7.60,7.60,7.45,7.50,325,335600
20200918,14:17,7.45,7.70,7.45,7.65,2775,335600
20200918,14:18,7.65,7.80,7.55,7.75,4700,335500
20200918,14:19,7.75,7.95,7.65,7.65,4175,335500
20200918,14:20,7.70,7.75,7.45,7.65,7175,335500
20200918,14:21,7.60,7.60,7.30,7.40,6150,339500
20200918,14:22,7.60,7.75,7.25,7.25,5075,339500
20200918,14:23,7.35,7.60,7.10,7.20,11150,339500
20200918,14:24,7.40,7.40,7.20,7.20,1700,337250
20200918,14:25,7.35,7.40,7.15,7.20,2475,337250
20200918,14:26,7.25,7.35,7.15,7.15,6900,337250
20200918,14:27,7.15,7.30,7.10,7.30,5125,333325
20200918,14:28,7.20,7.45,7.20,7.40,4700,333325
20200918,14:29,7.40,7.50,7.05,7.05,6100,333325
20200918,14:30,7.05,7.25,6.90,6.95,6050,332550
20200918,14:31,6.90,7.20,6.90,7.20,7150,332550
20200918,14:32,7.30,7.30,7.05,7.20,1125,332550
20200918,14:33,7.10,7.10,7.00,7.05,2775,330600
20200918,14:34,7.05,7.20,7.00,7.00,3475,330600
20200918,14:35,7.00,7.15,7.00,7.00,1550,330600
20200918,14:36,7.00,7.05,6.90,7.05,9250,316450
20200918,14:37,7.25,7.25,7.05,7.10,8800,316450
20200918,14:38,7.25,7.25,7.10,7.15,3050,316450
20200918,14:39,7.10,7.25,7.10,7.25,2850,310050
20200918,14:40,7.25,7.25,7.10,7.25,1525,310050
20200918,14:41,7.15,7.25,7.15,7.25,1250,310050
20200918,14:42,7.20,7.25,7.15,7.15,2875,306225
20200918,14:43,7.15,7.25,7.10,7.10,3750,306225
20200918,14:44,7.10,7.30,7.10,7.30,1625,306225
20200918,14:45,7.25,7.30,7.20,7.20,2150,299325
20200918,14:46,7.20,7.30,7.15,7.15,2400,299325
20200918,14:47,7.20,7.25,7.05,7.10,6475,299325
20200918,14:48,7.10,7.25,7.05,7.15,10500,296750
20200918,14:49,7.15,7.20,6.50,6.50,26100,296750
20200918,14:50,6.95,7.00,6.35,6.85,15000,296750
20200918,14:51,6.75,6.75,6.35,6.45,9150,277925
20200918,14:52,6.50,6.60,6.30,6.50,1950,277925
20200918,14:53,6.50,6.50,6.25,6.30,4900,277925
20200918,14:54,6.45,6.85,6.45,6.85,4425,277900
20200918,14:55,6.65,6.65,6.65,6.65,400,277900
20200918,14:56,6.65,6.75,6.65,6.70,2350,277900
20200918,14:57,6.70,7.00,6.70,7.00,2225,273875
20200918,14:58,6.95,7.00,6.85,7.00,1450,273875
20200918,14:59,7.05,7.45,7.05,7.15,5375,273875
20200918,15:00,7.15,7.25,7.00,7.10,2325,273325
20200918,15:01,6.90,7.20,6.90,7.15,1100,273325
20200918,15:02,7.20,7.20,7.10,7.20,325,273325
20200918,15:03,7.25,7.25,7.00,7.00,2100,271825
20200918,15:04,7.10,7.15,6.70,6.70,2800,271825
20200918,15:05,6.85,6.95,6.70,6.90,2750,271825
20200918,15:06,6.70,7.05,6.70,6.95,5100,270675
20200918,15:07,6.95,7.05,6.85,6.85,1300,270675
20200918,15:08,6.80,6.85,6.65,6.75,8000,270675
20200918,15:09,6.75,6.95,6.70,6.70,5525,262350
20200918,15:10,6.70,6.90,6.70,6.85,3700,262350
20200918,15:11,6.70,6.90,6.70,6.70,6350,262350
20200918,15:12,6.70,6.90,6.65,6.75,5625,250700
20200918,15:13,6.65,6.70,6.50,6.60,19725,250700
20200918,15:14,6.50,6.75,6.50,6.75,3250,250700
20200918,15:15,6.65,6.75,6.60,6.75,3500,237900
20200918,15:16,6.65,6.70,6.55,6.65,3150,237900
20200918,15:17,6.65,6.70,6.55,6.60,4800,237900
20200918,15:18,6.60,6.60,6.55,6.55,725,237900
20200918,15:19,6.60,6.65,6.55,6.65,3525,235425
20200918,15:20,6.55,6.60,6.50,6.60,2000,235425
20200918,15:21,6.55,6.70,6.50,6.65,3100,232000
20200918,15:22,6.65,6.70,6.35,6.55,14050,232000
20200918,15:23,6.60,6.65,6.10,6.10,7450,232000
20200918,15:24,6.10,6.50,6.05,6.05,6475,221850
20200918,15:25,6.05,6.30,6.05,6.05,2775,221850
20200918,15:26,6.05,6.20,6.05,6.10,3050,221850
20200918,15:27,6.05,6.05,6.00,6.00,1700,218525
20200918,15:28,5.70,6.55,5.65,5.70,3175,218525
20200918,15:29,5.90,6.05,5.20,6.05,4225,218525
20200918,15:30,6.10,6.10,6.10,6.10,75,218525
20200921,09:15,3.65,5.50,3.60,4.15,5503,213650
20200921,09:16,4.30,4.70,4.00,4.20,4975,213650
20200921,09:17,4.45,4.60,4.45,4.55,1125,215800
20200921,09:18,4.60,4.70,4.60,4.70,1375,215800
20200921,09:19,4.70,4.85,4.70,4.70,2500,215800
20200921,09:20,4.60,5.00,4.60,5.00,7075,215675
20200921,09:21,5.00,5.00,4.90,4.95,11675,215675
20200921,09:22,4.95,4.95,4.80,4.80,6525,215675
20200921,09:23,4.80,4.80,4.60,4.65,2225,215350
20200921,09:24,4.70,4.80,4.70,4.75,1325,215350
20200921,09:25,4.75,4.75,4.65,4.65,1600,215350
20200921,09:26,4.65,4.65,4.60,4.60,825,212875
20200921,09:27,4.65,4.85,4.45,4.85,3025,212875
20200921,09:28,4.75,5.10,4.75,5.05,7950,212875
20200921,09:29,5.05,5.10,4.80,4.85,7625,212100
20200921,09:30,4.80,4.80,4.70,4.70,2000,212100
20200921,09:31,4.70,4.75,4.60,4.65,1400,212100
20200921,09:32,4.65,4.65,4.45,4.45,2025,211250
20200921,09:33,4.45,4.50,4.25,4.35,4950,211250
20200921,09:34,4.30,4.35,4.15,4.20,9450,211250
20200921,09:35,4.25,4.25,3.80,3.80,15575,205150
20200921,09:36,3.85,3.85,3.65,3.65,8825,205150
20200921,09:37,3.70,3.80,3.50,3.80,11500,205150
20200921,09:38,3.90,3.90,3.70,3.75,6300,203525
20200921,09:39,3.75,3.80,3.75,3.80,3525,203525
20200921,09:40,3.75,4.00,3.75,4.00,1900,203525
20200921,09:41,3.90,4.00,3.80,3.95,2750,204450
20200921,09:42,3.95,3.95,3.85,3.90,1050,204450
20200921,09:43,3.85,3.85,3.85,3.85,2400,204450
20200921,09:44,3.90,3.95,3.85,3.95,1450,202325
20200921,09:45,3.90,3.95,3.80,3.80,1000,202325
20200921,09:46,3.85,3.90,3.85,3.85,3250,202325
20200921,09:47,4.00,4.15,4.00,4.15,5150,200250
20200921,09:48,4.15,4.20,4.05,4.10,1725,200250
20200921,09:49,4.05,4.10,4.05,4.10,775,200250
20200921,09:50,4.05,4.10,4.05,4.05,450,200675
20200921,09:51,4.10,4.15,4.10,4.15,625,200675
20200921,09:52,4.10,4.10,4.05,4.10,325,200675
20200921,09:53,4.10,4.10,4.10,4.10,500,200300
20200921,09:54,4.10,4.10,4.10,4.10,450,200300
20200921,09:55,4.00,4.15,4.00,4.05,2000,200300
20200921,09:56,4.05,4.15,4.05,4.05,2100,200600
20200921,09:57,4.05,4.10,4.05,4.10,975,200600
20200921,09:58,4.10,4.10,3.95,3.95,475,200600
20200921,09:59,4.05,4.05,4.00,4.00,525,200625
20200921,10:00,4.05,4.05,4.05,4.05,175,200625
20200921,10:01,4.05,4.15,4.05,4.05,500,200625
20200921,10:02,4.15,4.20,4.10,4.20,1350,200125
20200921,10:03,4.15,4.15,4.15,4.15,200,200125
20200921,10:04,4.15,4.15,4.15,4.15,125,200125
20200921,10:05,4.10,4.15,4.10,4.10,300,200525
20200921,10:06,4.15,4.15,4.10,4.10,300,200525
20200921,10:07,4.10,4.10,4.10,4.10,500,200525
20200921,10:08,4.10,4.15,4.05,4.05,1300,199475
20200921,10:09,4.10,4.15,4.10,4.10,550,199475
20200921,10:10,4.15,4.15,4.10,4.10,450,199475
20200921,10:11,4.10,4.10,4.10,4.10,150,199225
20200921,10:12,4.05,4.10,4.05,4.10,775,199225
20200921,10:13,4.00,4.10,4.00,4.10,325,199225
20200921,10:14,4.00,4.10,4.00,4.10,175,198625
20200921,10:15,4.00,4.05,4.00,4.00,6150,198625
20200921,10:16,4.00,4.05,4.00,4.05,1350,198625
20200921,10:17,4.05,4.05,4.00,4.00,4075,190900
20200921,10:18,3.95,3.95,3.95,3.95,175,190900
20200921,10:19,3.95,4.05,3.95,4.05,2700,190900
20200921,10:20,4.10,4.10,4.05,4.05,1850,190925
20200921,10:21,4.10,4.15,4.05,4.15,1325,190925
20200921,10:22,4.15,4.20,4.15,4.15,2850,190925
20200921,10:23,4.10,4.20,4.05,4.15,1700,193025
20200921,10:24,4.15,4.20,4.15,4.20,1300,193025
20200921,10:25,4.20,4.30,4.10,4.25,3175,193025
20200921,10:26,4.30,4.30,4.20,4.20,750,192825
20200921,10:27,4.20,4.25,4.15,4.15,600,192825
20200921,10:28,4.15,4.20,4.15,4.20,325,192825
20200921,10:29,4.15,4.15,4.15,4.15,375,192400
20200921,10:30,4.15,4.15,4.10,4.10,625,192400
20200921,10:31,4.10,4.10,3.95,3.95,1350,192400
20200921,10:32,4.00,4.05,4.00,4.00,1125,190725
20200921,10:33,4.00,4.00,4.00,4.00,125,190725
20200921,10:34,4.00,4.05,4.00,4.00,1450,190725
20200921,10:35,4.00,4.05,4.00,4.05,425,191350
20200921,10:36,4.10,4.10,4.10,4.10,575,191350
20200921,10:37,4.15,4.15,4.05,4.10,1050,191350
20200921,10:38,4.05,4.10,4.05,4.10,625,192300
20200921,10:39,4.10,4.15,4.10,4.15,1050,192300
20200921,10:40,4.15,4.15,4.10,4.10,250,192300
20200921,10:41,4.10,4.10,4.05,4.10,150,192050
20200921,10:42,4.10,4.10,4.10,4.10,425,192050
20200921,10:43,4.15,4.15,4.15,4.15,350,192050
20200921,10:44,4.25,4.25,4.15,4.15,175,191950
20200921,10:45,4.15,4.15,4.15,4.15,100,191950
20200921,10:46,4.15,4.20,4.15,4.15,1250,191950
20200921,10:47,4.15,4.15,4.15,4.15,1925,191450
20200921,10:48,4.15,4.15,4.15,4.15,300,191450
20200921,10:49,4.20,4.20,4.15,4.15,225,191450
20200921,10:50,4.20,4.20,4.15,4.15,375,191800
20200921,10:51,4.20,4.20,4.20,4.20,600,191800
20200921,10:52,4.15,4.20,4.15,4.20,1050,191800
20200921,10:53,4.30,4.30,4.25,4.25,775,191800
20200921,10:54,4.20,4.20,4.15,4.15,100,190800
20200921,10:55,4.10,4.20,4.10,4.15,800,190800
20200921,10:56,4.10,4.10,4.10,4.10,450,190375
20200921,10:57,4.15,4.15,4.10,4.10,425,190375
20200921,10:59,4.15,4.15,4.15,4.15,225,190375
20200921,11:00,4.05,4.10,4.05,4.05,375,189875
20200921,11:01,4.05,4.05,4.05,4.05,450,189875
20200921,11:02,4.05,4.15,4.05,4.15,650,189400
20200921,11:03,4.15,4.25,4.10,4.10,850,189400
20200921,11:04,4.10,4.10,4.00,4.10,2425,189400
20200921,11:05,4.05,4.05,4.00,4.00,1600,189400
20200921,11:06,4.05,4.05,4.05,4.05,825,188775
20200921,11:07,4.05,4.05,4.05,4.05,75,188775
20200921,11:09,4.10,4.10,4.05,4.05,350,189625
20200921,11:10,4.15,4.15,4.15,4.15,100,189625
20200921,11:12,4.15,4.15,4.15,4.15,25,189625
20200921,11:13,4.15,4.15,4.05,4.05,500,189675
20200921,11:14,4.05,4.05,4.05,4.05,50,189675
20200921,11:15,4.05,4.10,4.05,4.10,175,189225
20200921,11:16,4.10,4.10,4.10,4.10,50,189225
20200921,11:17,4.10,4.10,4.10,4.10,100,189225
20200921,11:18,4.10,4.10,4.10,4.10,75,189400
20200921,11:19,4.15,4.15,4.15,4.15,75,189400
20200921,11:20,4.15,4.15,4.15,4.15,100,189400
20200921,11:21,4.10,4.15,4.10,4.10,700,189425
20200921,11:22,4.10,4.15,4.10,4.15,250,189425
20200921,11:23,4.20,4.20,4.20,4.20,50,189425
20200921,11:24,4.20,4.20,4.15,4.20,600,189525
20200921,11:25,4.20,4.25,4.20,4.25,950,189525
20200921,11:26,4.25,4.25,4.25,4.25,200,190225
20200921,11:27,4.25,4.30,4.20,4.20,700,190225
20200921,11:28,4.20,4.25,4.20,4.20,2550,190225
20200921,11:29,4.20,4.20,4.20,4.20,375,190225
20200921,11:30,4.20,4.25,4.20,4.25,900,189325
20200921,11:31,4.15,4.25,4.15,4.25,325,189325
20200921,11:32,4.15,4.25,4.15,4.25,950,189175
20200921,11:33,4.25,4.30,4.20,4.25,700,189175
20200921,11:34,4.25,4.25,4.20,4.20,375,189175
20200921,11:35,4.15,4.15,4.15,4.15,100,189175
20200921,11:36,4.15,4.15,4.15,4.15,375,189275
20200921,11:37,4.20,4.20,4.10,4.15,325,189275
20200921,11:39,4.15,4.15,4.10,4.15,325,188575
20200921,11:40,4.10,4.10,4.10,4.10,75,188575
20200921,11:41,4.10,4.10,4.10,4.10,450,188575
20200921,11:42,4.15,4.20,4.15,4.20,400,188325
20200921,11:43,4.20,4.25,4.20,4.25,775,188325
20200921,11:44,4.25,4.25,4.20,4.20,150,188325
20200921,11:45,4.20,4.20,4.20,4.20,225,188225
20200921,11:47,4.05,4.05,4.05,4.05,50,188225
20200921,11:48,4.15,4.15,4.15,4.15,700,188225
20200921,11:49,4.10,4.15,4.10,4.10,450,188225
20200921,11:50,4.15,4.15,4.10,4.10,650,188225
20200921,11:51,4.10,4.10,4.10,4.10,225,187900
20200921,11:52,4.10,4.15,4.10,4.15,125,187900
20200921,11:53,4.15,4.15,4.10,4.10,100,187625
20200921,11:54,4.10,4.10,4.10,4.10,250,187625
20200921,11:55,4.10,4.10,4.10,4.10,600,187625
20200921,11:56,4.15,4.15,4.15,4.15,375,187625
20200921,11:57,4.10,4.10,4.10,4.10,225,186925
20200921,11:58,4.10,4.10,4.10,4.10,225,186925
20200921,12:00,4.05,4.05,4.05,4.05,175,186950
20200921,12:01,4.10,4.10,4.10,4.10,200,186950
20200921,12:02,4.10,4.10,4.10,4.10,75,186950
20200921,12:04,4.10,4.10,4.05,4.05,250,186850
20200921,12:05,4.10,4.10,4.10,4.10,150,186850
20200921,12:08,4.15,4.15,4.15,4.15,25,186825
20200921,12:09,4.15,4.20,4.15,4.20,775,186850
20200921,12:10,4.20,4.20,4.10,4.15,675,186850
20200921,12:11,4.15,4.15,4.15,4.15,25,186650
20200921,12:12,4.10,4.10,4.10,4.10,75,186650
20200921,12:13,4.10,4.10,4.10,4.10,75,186650
20200921,12:14,4.10,4.15,4.10,4.15,550,186650
20200921,12:15,4.10,4.10,4.10,4.10,75,186550
20200921,12:16,4.10,4.15,4.10,4.15,275,186550
20200921,12:18,4.20,4.20,4.20,4.20,50,186550
20200921,12:19,4.15,4.20,4.15,4.20,300,186550
20200921,12:20,4.20,4.20,4.10,4.10,1325,186175
20200921,12:21,4.20,4.20,4.20,4.20,300,186175
20200921,12:22,4.15,4.15,4.10,4.10,925,186175
20200921,12:23,4.10,4.15,4.10,4.15,550,186175
20200921,12:24,4.15,4.20,4.10,4.15,1800,186525
20200921,12:25,4.10,4.30,4.10,4.30,1875,186525
20200921,12:27,4.30,4.30,4.25,4.30,1550,186450
20200921,12:28,4.20,4.20,4.20,4.20,25,186450
20200921,12:29,4.20,4.20,4.20,4.20,150,186850
20200921,12:30,4.20,4.25,4.20,4.25,800,186850
20200921,12:31,4.25,4.30,4.20,4.20,3125,186850
20200921,12:32,4.30,4.35,4.10,4.20,1000,186850
20200921,12:33,4.15,4.15,4.15,4.15,150,187850
20200921,12:35,4.20,4.20,4.15,4.15,150,187850
20200921,12:37,4.15,4.20,4.15,4.20,825,187725
20200921,12:38,4.15,4.15,4.10,4.10,75,187725
20200921,12:39,4.10,4.20,4.10,4.15,325,187575
20200921,12:40,4.10,4.10,4.05,4.10,1250,187575
20200921,12:41,4.10,4.10,4.10,4.10,250,186825
20200921,12:42,4.10,4.10,4.10,4.10,25,186825
20200921,12:43,4.15,4.15,4.15,4.15,75,186825
20200921,12:45,4.10,4.15,4.05,4.05,4750,186750
20200921,12:46,4.05,4.10,4.00,4.00,2825,186750
20200921,12:47,4.05,4.10,4.05,4.10,50,186750
20200921,12:48,4.00,4.00,4.00,4.00,75,183325
20200921,12:49,4.05,4.05,4.00,4.05,575,183325
20200921,12:50,4.05,4.10,4.05,4.10,1050,183325
20200921,12:51,4.00,4.10,4.00,4.00,2600,183100
20200921,12:52,4.05,4.05,4.05,4.05,675,183100
20200921,12:53,4.10,4.10,4.10,4.10,25,183100
20200921,12:54,4.10,4.10,4.10,4.10,2000,183100
20200921,12:55,4.05,4.05,4.05,4.05,25,180400
20200921,12:56,4.05,4.05,4.00,4.00,50,180400
20200921,12:58,4.15,4.15,4.10,4.10,350,180400
20200921,12:59,4.15,4.15,4.15,4.15,225,180400
20200921,13:01,4.30,4.30,4.15,4.15,675,180375
20200921,13:02,4.15,4.20,4.15,4.15,1100,180375
20200921,13:03,4.20,4.20,4.20,4.20,600,179350
20200921,13:04,4.20,4.20,4.20,4.20,25,179350
20200921,13:05,4.15,4.15,4.15,4.15,650,179350
20200921,13:06,4.15,4.15,4.10,4.10,150,179450
20200921,13:08,4.05,4.05,4.05,4.05,25,179450
20200921,13:09,4.10,4.10,4.10,4.10,25,179425
20200921,13:10,4.15,4.15,4.15,4.15,100,179425
20200921,13:11,4.10,4.35,4.10,4.35,3225,179425
20200921,13:12,4.25,4.35,4.25,4.25,3525,181625
20200921,13:13,4.25,4.50,4.25,4.50,3975,181625
20200921,13:14,4.50,4.50,4.30,4.30,250,181625
20200921,13:15,4.25,4.25,4.25,4.25,100,183100
20200921,13:16,4.45,4.50,4.35,4.50,2825,183100
20200921,13:17,4.45,4.45,4.45,4.45,50,183100
20200921,13:18,4.30,4.40,4.30,4.40,225,183875
20200921,13:19,4.25,4.40,4.25,4.40,75,183875
20200921,13:20,4.40,4.40,4.40,4.40,25,183875
20200921,13:21,4.35,4.55,4.25,4.40,3100,183950
20200921,13:22,4.35,4.55,4.35,4.50,2100,183950
20200921,13:23,4.50,4.50,4.40,4.40,150,183950
20200921,13:24,4.40,4.40,4.30,4.35,575,184500
20200921,13:25,4.40,4.55,4.35,4.40,2725,184500
20200921,13:26,4.35,4.40,4.35,4.35,375,184500
20200921,13:27,4.35,4.35,4.35,4.35,100,184500
20200921,13:28,4.30,4.45,4.30,4.35,225,184325
20200921,13:29,4.35,4.35,4.25,4.30,1475,184325
20200921,13:30,4.30,4.30,4.25,4.25,725,184025
20200921,13:31,4.30,4.30,4.30,4.30,300,184025
20200921,13:33,4.35,4.40,4.30,4.30,325,184250
20200921,13:35,4.35,4.35,4.35,4.35,25,184250
20200921,13:37,4.30,4.40,4.30,4.40,500,184275
20200921,13:38,4.35,4.40,4.30,4.35,825,184275
20200921,13:39,4.35,4.35,4.15,4.25,2775,184225
20200921,13:40,4.30,4.45,4.30,4.30,1650,184225
20200921,13:41,4.30,4.45,4.25,4.45,1550,184225
20200921,13:42,4.40,4.40,4.40,4.40,375,183600
20200921,13:44,4.40,4.40,4.40,4.40,25,183600
20200921,13:45,4.40,4.40,4.40,4.40,225,183450
20200921,13:46,4.35,4.35,4.35,4.35,50,183450
20200921,13:47,4.40,4.50,4.40,4.45,800,183450
20200921,13:48,4.45,4.45,4.40,4.40,225,183375
20200921,13:49,4.50,4.55,4.40,4.45,4300,183375
20200921,13:50,4.50,4.55,4.50,4.55,850,183375
20200921,13:51,4.50,4.50,4.50,4.50,175,180700
20200921,13:52,4.50,4.60,4.50,4.60,1225,180700
20200921,13:53,4.45,4.60,4.45,4.50,625,180700
20200921,13:54,4.65,4.70,4.60,4.65,2325,181150
20200921,13:55,4.60,4.65,4.60,4.65,1400,181150
20200921,13:56,4.75,4.90,4.65,4.75,5025,181150
20200921,13:57,4.80,4.95,4.70,4.70,1625,184200
20200921,13:58,4.80,4.80,4.60,4.65,5925,184200
20200921,13:59,4.65,4.75,4.60,4.75,1125,184200
20200921,14:00,4.75,4.80,4.70,4.75,1850,181550
20200921,14:01,4.90,4.90,4.80,4.80,675,181550
20200921,14:02,4.80,4.80,4.70,4.70,500,181550
20200921,14:03,4.70,4.90,4.60,4.65,3775,181200
20200921,14:04,4.65,4.85,4.65,4.85,1775,181200
20200921,14:05,4.90,4.90,4.90,4.90,75,181200
20200921,14:06,4.80,4.95,4.80,4.85,950,178400
20200921,14:07,4.85,4.95,4.80,4.80,1600,178400
20200921,14:08,4.70,4.75,4.65,4.75,725,178400
20200921,14:09,4.75,4.75,4.70,4.70,750,177075
20200921,14:10,4.80,4.95,4.80,4.85,950,177075
20200921,14:11,4.85,4.95,4.75,4.75,1000,177075
20200921,14:12,4.90,4.90,4.70,4.85,975,177200
20200921,14:13,4.80,4.80,4.65,4.65,625,177200
20200921,14:14,4.70,4.85,4.70,4.85,675,177200
20200921,14:15,4.90,5.00,4.90,5.00,2025,177200
20200921,14:16,4.85,4.85,4.80,4.85,1950,177200
20200921,14:17,4.90,4.95,4.90,4.90,1300,177200
20200921,14:18,4.90,4.95,4.90,4.95,125,178175
20200921,14:19,4.90,5.00,4.90,5.00,1425,178175
20200921,14:20,4.95,4.95,4.80,4.85,200,178175
20200921,14:21,4.75,4.90,4.75,4.90,150,176450
20200921,14:22,4.95,4.95,4.75,4.90,575,176450
20200921,14:23,4.90,5.00,4.90,4.95,2400,176450
20200921,14:24,4.85,4.95,4.85,4.95,75,175350
20200921,14:25,4.95,4.95,4.85,4.85,600,175350
20200921,14:27,4.85,4.85,4.85,4.85,350,175325
20200921,14:28,4.70,4.95,4.70,4.95,150,175325
20200921,14:29,4.75,4.85,4.70,4.85,525,175325
20200921,14:30,4.80,4.85,4.70,4.70,150,175425
20200921,14:31,4.70,4.75,4.55,4.55,725,175425
20200921,14:32,4.75,4.75,4.65,4.75,250,175425
20200921,14:33,4.60,4.80,4.60,4.80,275,175425
20200921,14:34,4.60,4.80,4.60,4.60,550,174875
20200921,14:35,4.70,4.70,4.70,4.70,175,174875
20200921,14:36,4.80,4.85,4.70,4.85,775,174775
20200921,14:37,4.95,5.00,4.80,5.00,1800,174775
20200921,14:38,4.80,5.00,4.80,5.00,1975,174775
20200921,14:39,5.00,5.05,4.85,4.95,3300,174125
20200921,14:40,4.85,4.90,4.85,4.85,1450,174125
20200921,14:41,4.95,4.95,4.85,4.90,1100,174125
20200921,14:42,4.80,4.90,4.80,4.90,350,172675
20200921,14:43,5.00,5.00,4.85,4.90,1800,172675
20200921,14:44,4.90,5.00,4.80,4.80,1425,172675
20200921,14:45,4.75,4.95,4.60,4.65,2825,169475
20200921,14:46,4.75,4.75,4.70,4.75,1000,169475
20200921,14:47,4.85,4.85,4.65,4.65,975,169475
20200921,14:48,4.70,4.75,4.60,4.75,2400,168775
20200921,14:49,4.60,4.60,4.40,4.40,3700,168775
20200921,14:50,4.50,4.50,4.25,4.25,4725,168775
20200921,14:51,4.25,4.35,4.20,4.30,3850,168000
20200921,14:52,4.30,4.45,4.25,4.30,5675,168000
20200921,14:53,4.40,4.45,4.30,4.30,1875,168000
20200921,14:54,4.30,4.45,4.30,4.40,3925,167525
20200921,14:55,4.40,4.40,4.30,4.35,1550,167525
20200921,14:56,4.35,4.40,4.30,4.40,1800,167525
20200921,14:57,4.40,4.45,4.35,4.35,1700,168025
20200921,14:58,4.35,4.40,4.35,4.40,1000,168025
20200921,14:59,4.45,4.50,4.40,4.40,1050,168025
20200921,15:00,4.40,4.65,4.40,4.65,2175,168600
20200921,15:01,4.55,4.55,4.45,4.45,2400,168600
20200921,15:02,4.45,4.45,4.35,4.35,1300,168600
20200921,15:03,4.35,4.35,4.30,4.35,1025,167050
20200921,15:04,4.30,4.35,4.10,4.10,1900,167050
20200921,15:05,4.20,4.45,4.10,4.35,8900,167050
20200921,15:06,4.40,4.55,4.40,4.40,7950,167350
20200921,15:07,4.40,4.50,4.40,4.40,700,167350
20200921,15:08,4.50,4.50,4.35,4.45,450,167350
20200921,15:09,4.50,4.65,4.45,4.65,1150,167525
20200921,15:10,4.65,4.65,4.45,4.45,75,167525
20200921,15:11,4.65,4.70,4.50,4.70,500,167525
20200921,15:12,4.70,4.70,4.60,4.70,1925,167075
20200921,15:13,4.60,4.75,4.60,4.70,1050,167075
20200921,15:14,4.60,4.65,4.35,4.35,4550,167075
20200921,15:15,4.60,4.65,4.45,4.55,5925,167500
20200921,15:16,4.65,4.65,4.40,4.60,2375,167500
20200921,15:17,4.60,4.65,4.60,4.60,1200,167500
20200921,15:18,4.65,4.80,4.35,4.40,7150,167050
20200921,15:19,4.30,4.35,4.05,4.05,5500,167050
20200921,15:20,4.15,4.20,4.00,4.00,3125,167050
20200921,15:21,3.95,4.15,3.90,3.90,2100,167050
20200921,15:22,3.95,4.05,3.85,3.95,3375,164100
20200921,15:23,3.90,4.10,3.60,3.95,7550,164100
20200921,15:24,3.90,4.10,3.80,4.10,7425,157825
20200921,15:25,4.10,4.25,4.00,4.10,1925,157825
20200921,15:26,4.10,4.30,4.05,4.30,2050,157825
20200921,15:27,4.40,4.40,4.05,4.20,3675,154975
20200921,15:28,4.20,4.30,4.10,4.30,1425,154975
20200921,15:29,4.35,5.00,4.25,4.55,3350,154975
20200921,15:30,4.55,4.55,4.55,4.55,150,154975
20200922,09:15,4.20,4.20,3.25,3.75,1701,155425
20200922,09:16,3.35,3.55,2.90,2.90,2300,155425
20200922,09:17,3.05,3.05,2.60,2.85,6325,155325
20200922,09:18,2.85,3.00,2.65,2.95,3225,155325
20200922,09:19,3.00,3.00,2.95,2.95,1200,155325
20200922,09:20,2.90,3.50,2.80,2.90,1775,155000
20200922,09:21,2.90,2.95,2.80,2.95,1300,155000
20200922,09:22,2.95,3.10,2.95,3.10,750,155000
20200922,09:23,2.95,3.45,2.90,3.05,1675,155875
20200922,09:24,3.05,3.05,2.75,2.85,3100,155875
20200922,09:25,3.10,3.10,2.85,2.95,1225,155875
20200922,09:26,2.95,3.30,2.95,3.05,725,156400
20200922,09:27,3.00,3.05,3.00,3.05,875,156400
20200922,09:28,3.05,3.20,3.00,3.20,2325,156400
20200922,09:29,3.15,3.25,3.00,3.10,1575,156475
20200922,09:30,3.00,3.10,3.00,3.10,575,156475
20200922,09:31,3.15,3.15,3.05,3.05,400,156475
20200922,09:32,3.05,3.25,3.05,3.25,3325,156050
20200922,09:33,3.20,3.20,2.95,2.95,2025,156050
20200922,09:34,3.00,3.05,3.00,3.05,450,156050
20200922,09:35,3.00,3.05,3.00,3.05,825,157125
20200922,09:36,3.05,3.10,3.00,3.10,2100,157125
20200922,09:37,3.10,3.10,3.05,3.05,1525,157125
20200922,09:40,3.10,3.10,3.05,3.10,700,158900
20200922,09:41,3.05,3.05,3.05,3.05,175,159650
20200922,09:42,3.10,3.10,3.10,3.10,125,159650
20200922,09:43,3.15,3.15,3.15,3.15,25,159650
20200922,09:44,3.15,3.15,3.15,3.15,825,159900
20200922,09:46,3.15,3.20,3.10,3.15,400,159900
20200922,09:47,3.15,3.15,3.15,3.15,25,159900
20200922,09:48,3.10,3.10,3.05,3.05,1825,159925
20200922,09:49,3.10,3.10,3.05,3.10,2975,159925
20200922,09:50,3.05,3.05,3.05,3.05,600,161500
20200922,09:51,3.05,3.05,3.05,3.05,825,161500
20200922,09:52,3.05,3.10,3.00,3.05,3725,161500
20200922,09:53,3.00,3.25,3.00,3.25,2325,163200
20200922,09:54,3.15,3.15,3.15,3.15,100,163200
20200922,09:55,3.15,3.15,3.10,3.10,200,163200
20200922,09:56,3.10,3.35,3.10,3.35,3250,164125
20200922,09:57,3.10,3.35,3.10,3.10,1775,164125
20200922,09:58,3.10,3.20,3.10,3.15,375,164125
20200922,09:59,3.30,3.35,3.30,3.35,875,163825
20200922,10:00,3.35,3.40,3.35,3.40,2050,163825
20200922,10:01,3.40,3.40,3.35,3.35,675,163825
20200922,10:02,3.35,3.40,3.35,3.40,1100,163125
20200922,10:03,3.40,3.40,3.40,3.40,425,163125
20200922,10:04,3.35,3.35,3.35,3.35,725,163125
20200922,10:05,3.35,3.40,3.30,3.30,325,161325
20200922,10:06,3.35,3.45,3.25,3.45,4350,161325
20200922,10:07,3.35,3.35,3.20,3.20,700,161325
20200922,10:08,3.30,3.30,3.30,3.30,150,161000
20200922,10:09,3.30,3.40,3.25,3.40,600,161000
20200922,10:10,3.45,3.45,3.35,3.35,250,161000
20200922,10:11,3.35,3.40,3.35,3.35,225,160700
20200922,10:12,3.35,3.35,3.35,3.35,100,160700
20200922,10:13,3.35,3.45,3.35,3.45,175,160700
20200922,10:15,3.45,3.45,3.40,3.45,325,160700
20200922,10:16,3.45,3.45,3.35,3.35,1625,160700
20200922,10:17,3.40,3.40,3.35,3.35,150,160700
20200922,10:18,3.40,3.40,3.40,3.40,1200,161000
20200922,10:19,3.35,3.35,3.30,3.30,650,161000
20200922,10:20,3.30,3.30,3.20,3.30,3050,159825
20200922,10:21,3.25,3.40,3.10,3.35,2775,159825
20200922,10:22,3.35,3.35,3.25,3.25,425,159825
20200922,10:23,3.25,3.25,3.25,3.25,375,159825
20200922,10:24,3.25,3.25,3.20,3.20,250,159975
20200922,10:25,3.20,3.25,3.20,3.25,100,159975
20200922,10:26,3.25,3.25,3.20,3.20,225,159875
20200922,10:27,3.20,3.25,3.20,3.25,300,159875
20200922,10:28,3.20,3.20,3.20,3.20,50,159875
20200922,10:29,3.20,3.25,3.10,3.15,1900,159550
20200922,10:30,3.15,3.25,3.10,3.25,1000,159550
20200922,10:31,3.30,3.35,3.30,3.35,250,159550
20200922,10:32,3.35,3.45,3.35,3.45,1025,159550
20200922,10:33,3.45,3.45,3.45,3.45,100,160100
20200922,10:34,3.40,3.45,3.40,3.45,300,160100
20200922,10:35,3.45,3.45,3.45,3.45,450,160225
20200922,10:36,3.45,3.80,3.45,3.65,4050,160225
20200922,10:37,3.60,3.60,3.50,3.60,625,160225
20200922,10:38,3.60,3.60,3.50,3.55,2075,160875
20200922,10:39,3.50,3.50,3.45,3.45,875,160875
20200922,10:40,3.45,3.45,3.45,3.45,75,160875
20200922,10:41,3.45,3.45,3.35,3.35,1175,160475
20200922,10:42,3.35,3.35,3.30,3.30,225,160475
20200922,10:43,3.45,3.45,3.35,3.35,250,160475
20200922,10:44,3.35,3.35,3.35,3.35,200,159825
20200922,10:45,3.30,3.30,3.25,3.30,950,159825
20200922,10:46,3.35,3.35,3.35,3.35,350,159825
20200922,10:47,3.35,3.40,3.35,3.40,200,159375
20200922,10:48,3.35,3.40,3.35,3.35,450,159375
20200922,10:49,3.35,3.35,3.35,3.35,250,159375
20200922,10:50,3.35,3.35,3.35,3.35,150,159375
20200922,10:51,3.35,3.35,3.35,3.35,125,159150
20200922,10:54,3.30,3.30,3.30,3.30,150,159150
20200922,10:55,3.30,3.30,3.25,3.25,350,159050
20200922,10:56,3.30,3.30,3.30,3.30,50,159050
20200922,10:58,3.35,3.35,3.30,3.30,175,159125
20200922,11:00,3.25,3.30,3.25,3.30,475,159125
20200922,11:01,3.40,3.45,3.40,3.40,275,159125
20200922,11:02,3.40,3.40,3.40,3.40,125,159125
20200922,11:03,3.35,3.35,3.35,3.35,450,158875
20200922,11:04,3.35,3.35,3.35,3.35,50,158875
20200922,11:06,3.40,3.40,3.40,3.40,375,158875
20200922,11:07,3.45,3.45,3.45,3.45,650,158750
20200922,11:10,3.50,3.50,3.45,3.45,75,159675
20200922,11:11,3.60,3.60,3.60,3.60,2025,159650
20200922,11:12,3.55,3.60,3.55,3.55,800,159650
20200922,11:13,3.60,3.60,3.55,3.55,275,159650
20200922,11:14,3.55,3.60,3.45,3.45,650,158050
20200922,11:15,3.45,3.50,3.45,3.50,275,158050
20200922,11:17,3.55,3.70,3.55,3.65,900,158050
20200922,11:19,3.60,3.60,3.60,3.60,75,158550
20200922,11:20,3.55,3.60,3.55,3.60,100,158475
20200922,11:22,3.60,3.65,3.55,3.55,725,158475
20200922,11:23,3.55,3.55,3.55,3.55,200,158475
20200922,11:24,3.50,3.50,3.50,3.50,150,158350
20200922,11:25,3.50,3.50,3.50,3.50,75,158350
20200922,11:26,3.50,3.50,3.50,3.50,75,158350
20200922,11:28,3.50,3.50,3.50,3.50,50,158300
20200922,11:29,3.45,3.50,3.45,3.50,325,158300
20200922,11:30,3.45,3.50,3.45,3.50,200,158050
20200922,11:31,3.45,3.45,3.45,3.45,300,158050
20200922,11:32,3.45,3.45,3.40,3.40,200,158100
20200922,11:33,3.40,3.40,3.40,3.40,75,158100
20200922,11:34,3.50,3.50,3.40,3.40,50,158100
20200922,11:35,3.45,3.45,3.45,3.45,250,158100
20200922,11:37,3.45,3.45,3.45,3.45,125,157875
20200922,11:38,3.45,3.50,3.45,3.50,350,157975
20200922,11:39,3.55,3.55,3.55,3.55,100,157975
20200922,11:41,3.50,3.50,3.50,3.50,125,157975
20200922,11:42,3.50,3.55,3.50,3.55,425,157975
20200922,11:43,3.60,3.60,3.55,3.55,300,157975
20200922,11:44,3.60,3.60,3.55,3.60,625,157650
20200922,11:45,3.60,3.60,3.50,3.55,675,157650
20200922,11:46,3.55,3.55,3.45,3.55,300,157650
20200922,11:47,3.50,3.50,3.45,3.45,425,157650
20200922,11:49,3.50,3.50,3.50,3.50,150,157650
20200922,11:51,3.50,3.50,3.50,3.50,275,156675
20200922,11:52,3.50,3.50,3.50,3.50,25,156675
20200922,11:53,3.50,3.50,3.50,3.50,325,156675
20200922,11:54,3.60,3.60,3.50,3.60,100,157125
20200922,11:55,3.60,3.60,3.60,3.60,200,157125
20200922,11:56,3.60,3.65,3.60,3.65,175,157125
20200922,11:58,3.80,3.80,3.70,3.70,300,157100
20200922,11:59,3.75,3.75,3.75,3.75,25,157100
20200922,12:00,3.75,3.75,3.65,3.65,175,157175
20200922,12:01,3.70,3.70,3.70,3.70,75,157175
20200922,12:02,3.75,3.75,3.65,3.65,275,157175
20200922,12:03,3.70,3.75,3.65,3.75,450,157350
20200922,12:04,3.60,3.60,3.60,3.60,150,157350
20200922,12:05,3.65,3.70,3.65,3.70,575,157350
20200922,12:07,3.65,3.65,3.55,3.55,50,156875
20200922,12:10,3.65,3.65,3.65,3.65,25,156875
20200922,12:12,3.65,3.65,3.65,3.65,75,156875
20200922,12:13,3.65,3.65,3.65,3.65,75,156875
20200922,12:15,3.65,3.65,3.55,3.55,250,156875
20200922,12:16,3.60,3.60,3.60,3.60,425,156875
20200922,12:19,3.60,3.70,3.60,3.70,175,156775
20200922,12:20,3.70,3.70,3.50,3.50,350,156775
20200922,12:21,3.65,3.65,3.65,3.65,150,156775
20200922,12:23,3.65,3.80,3.65,3.80,400,156650
20200922,12:24,3.70,3.75,3.70,3.75,400,156825
20200922,12:25,3.65,3.75,3.60,3.60,425,156825
20200922,12:26,3.70,3.70,3.70,3.70,400,156825
20200922,12:27,3.70,3.70,3.70,3.70,75,156775
20200922,12:28,3.70,3.70,3.70,3.70,125,156775
20200922,12:29,3.65,3.65,3.55,3.60,425,156775
20200922,12:30,3.60,3.70,3.55,3.70,225,156400
20200922,12:31,3.70,3.70,3.70,3.70,500,156400
20200922,12:32,3.75,3.75,3.75,3.75,275,156400
20200922,12:33,3.75,3.80,3.75,3.75,1025,156875
20200922,12:35,3.75,3.75,3.70,3.70,1100,156875
20200922,12:36,3.70,3.70,3.60,3.60,850,156975
20200922,12:37,3.70,3.70,3.70,3.70,100,156975
20200922,12:38,3.65,3.65,3.65,3.65,175,156975
20200922,12:39,3.65,3.65,3.65,3.65,200,156425
20200922,12:40,3.65,3.65,3.50,3.50,375,156425
20200922,12:42,3.50,3.50,3.45,3.50,325,156175
20200922,12:43,3.45,3.50,3.45,3.50,875,156175
20200922,12:45,3.45,3.50,3.45,3.45,1350,157000
20200922,12:46,3.45,3.50,3.45,3.50,625,157000
20200922,12:47,3.45,3.50,3.45,3.50,1025,157000
20200922,12:48,3.60,3.75,3.60,3.75,475,158225
20200922,12:50,3.75,3.75,3.75,3.75,900,158225
20200922,12:51,3.65,3.65,3.65,3.65,175,158425
20200922,12:52,3.75,3.90,3.75,3.80,1625,158425
20200922,12:53,3.70,3.70,3.70,3.70,25,158425
20200922,12:54,3.80,3.80,3.80,3.80,500,157350
20200922,12:55,3.80,3.80,3.75,3.75,1150,157350
20200922,12:56,3.75,3.75,3.70,3.70,200,157350
20200922,12:59,3.75,3.75,3.75,3.75,150,157600
20200922,13:00,3.75,4.05,3.75,3.80,1400,157525
20200922,13:02,3.75,3.75,3.75,3.75,675,157525
20200922,13:03,3.75,3.75,3.75,3.75,175,157150
20200922,13:05,3.70,3.75,3.70,3.75,100,157150
20200922,13:06,3.70,3.70,3.55,3.55,375,157125
20200922,13:07,3.55,3.55,3.55,3.55,400,157125
20200922,13:08,3.55,3.55,3.55,3.55,100,157125
20200922,13:09,3.65,3.65,3.65,3.65,400,157125
20200922,13:10,3.70,3.70,3.70,3.70,100,156425
20200922,13:15,3.65,3.65,3.65,3.65,450,156425
20200922,13:18,3.70,3.70,3.65,3.65,1025,156300
20200922,13:19,3.65,3.65,3.55,3.55,675,156300
20200922,13:20,3.55,3.55,3.55,3.55,75,156300
20200922,13:21,3.55,3.55,3.45,3.50,1950,156400
20200922,13:22,3.50,3.50,3.45,3.45,1150,156400
20200922,13:23,3.45,3.50,3.45,3.50,600,156400
20200922,13:24,3.50,3.65,3.45,3.60,1900,156275
20200922,13:25,3.55,3.55,3.55,3.55,100,156275
20200922,13:26,3.55,3.55,3.50,3.55,1050,156275
20200922,13:27,3.55,3.55,3.55,3.55,550,157200
20200922,13:28,3.55,3.55,3.55,3.55,525,157200
20200922,13:31,3.60,3.60,3.55,3.55,975,157200
20200922,13:32,3.60,3.65,3.60,3.65,2375,157200
20200922,13:33,3.60,3.60,3.60,3.60,675,159350
20200922,13:34,3.60,3.65,3.50,3.55,2425,159350
20200922,13:35,3.55,3.60,3.50,3.55,2375,159350
20200922,13:36,3.55,3.60,3.50,3.55,3900,159400
20200922,13:37,3.55,3.75,3.50,3.75,2950,159400
20200922,13:38,3.75,3.75,3.55,3.55,600,159400
20200922,13:39,3.60,3.60,3.60,3.60,250,159400
20200922,13:40,3.60,3.60,3.60,3.60,125,158625
20200922,13:43,3.60,3.60,3.60,3.60,100,158500
20200922,13:45,3.60,3.65,3.60,3.65,175,158425
20200922,13:46,3.65,3.85,3.65,3.85,1575,158425
20200922,13:47,3.85,3.85,3.75,3.85,200,158425
20200922,13:48,3.85,3.85,3.85,3.85,175,158700
20200922,13:49,3.70,3.70,3.70,3.70,50,158700
20200922,13:51,3.70,3.70,3.70,3.70,225,158700
20200922,13:52,3.65,3.65,3.65,3.65,100,158325
20200922,13:54,3.70,3.70,3.60,3.60,50,158225
20200922,13:55,3.55,3.55,3.55,3.55,25,158225
20200922,13:56,3.55,3.65,3.55,3.65,325,158225
20200922,13:57,3.80,4.20,3.60,3.80,4550,158200
20200922,13:58,3.85,3.95,3.65,3.95,2325,158200
20200922,13:59,3.95,4.00,3.90,3.95,1150,158200
20200922,14:00,3.70,3.85,3.70,3.85,425,159025
20200922,14:01,3.75,3.75,3.75,3.75,250,159025
20200922,14:02,3.80,3.85,3.75,3.85,725,159025
20200922,14:03,3.85,3.90,3.80,3.90,175,159300
20200922,14:04,3.85,3.95,3.85,3.95,575,159300
20200922,14:05,3.80,3.80,3.60,3.70,300,159300
20200922,14:07,3.55,3.55,3.55,3.55,50,159150
20200922,14:09,3.65,3.65,3.65,3.65,75,159150
20200922,14:10,3.60,3.60,3.55,3.55,175,159175
20200922,14:11,3.60,3.60,3.50,3.50,800,159175
20200922,14:12,3.60,3.60,3.55,3.55,625,158550
20200922,14:13,3.60,3.60,3.50,3.60,825,158550
20200922,14:14,3.55,3.60,3.55,3.60,450,158550
20200922,14:15,3.60,3.75,3.60,3.70,725,158700
20200922,14:16,3.70,3.70,3.60,3.60,375,158700
20200922,14:17,3.60,3.60,3.60,3.60,225,158700
20200922,14:18,3.75,3.75,3.75,3.75,200,158700
20200922,14:20,3.65,3.70,3.55,3.65,700,158650
20200922,14:21,3.65,3.70,3.65,3.70,250,158350
20200922,14:22,3.70,3.70,3.70,3.70,150,158350
20200922,14:23,3.80,3.80,3.75,3.75,100,158350
20200922,14:24,3.75,3.75,3.75,3.75,225,158350
20200922,14:25,3.75,3.75,3.75,3.75,25,158375
20200922,14:26,3.65,3.80,3.65,3.75,1050,158375
20200922,14:27,3.65,3.75,3.60,3.65,500,158475
20200922,14:28,3.65,3.65,3.65,3.65,475,158475
20200922,14:29,3.70,3.80,3.70,3.80,275,158475
20200922,14:30,3.80,3.80,3.70,3.70,225,158700
20200922,14:31,3.70,3.80,3.70,3.70,1375,158700
20200922,14:32,3.70,3.70,3.60,3.60,575,158700
20200922,14:33,3.65,3.70,3.65,3.70,300,158825
20200922,14:34,3.65,3.65,3.60,3.60,325,158825
20200922,14:35,3.60,3.60,3.55,3.55,625,158825
20200922,14:36,3.55,3.60,3.55,3.60,525,158025
20200922,14:37,3.55,3.55,3.55,3.55,475,158025
20200922,14:38,3.55,3.55,3.55,3.55,50,158025
20200922,14:39,3.55,3.60,3.55,3.55,175,157800
20200922,14:40,3.55,3.55,3.55,3.55,450,157800
20200922,14:42,3.55,3.60,3.55,3.60,500,157800
20200922,14:43,3.60,3.60,3.55,3.55,675,158175
20200922,14:44,3.60,3.60,3.60,3.60,625,158175
20200922,14:45,3.60,3.65,3.60,3.65,625,157375
20200922,14:46,3.70,3.70,3.70,3.70,50,157375
20200922,14:47,3.80,3.80,3.70,3.70,550,157375
20200922,14:48,3.70,3.80,3.70,3.70,3000,157325
20200922,14:49,3.75,3.75,3.70,3.70,475,157325
20200922,14:50,3.70,3.70,3.60,3.65,1550,157325
20200922,14:52,3.55,3.75,3.55,3.70,975,156625
20200922,14:53,3.55,3.65,3.55,3.60,550,156625
20200922,14:54,3.60,3.60,3.55,3.55,450,156650
20200922,14:55,3.50,3.65,3.50,3.65,475,156650
20200922,14:56,3.45,3.45,3.45,3.45,175,156650
20200922,14:57,3.45,3.60,3.45,3.60,1100,156300
20200922,14:58,3.60,3.65,3.55,3.60,675,156300
20200922,14:59,3.60,3.65,3.55,3.65,800,156300
20200922,15:00,3.75,3.90,3.75,3.80,1400,156625
20200922,15:01,3.80,3.95,3.80,3.85,1300,156625
20200922,15:02,3.80,3.85,3.75,3.75,1625,156625
20200922,15:03,3.70,3.80,3.70,3.70,750,155825
20200922,15:04,3.70,3.95,3.70,3.80,2250,155825
20200922,15:05,3.85,3.95,3.80,3.85,2100,155825
20200922,15:06,3.80,3.80,3.80,3.80,250,156250
20200922,15:07,3.65,3.65,3.55,3.55,1025,156250
20200922,15:08,3.65,3.80,3.65,3.80,1075,156250
20200922,15:09,3.90,3.95,3.80,3.80,3125,154300
20200922,15:10,3.95,3.95,3.80,3.80,1325,154300
20200922,15:11,4.00,4.00,3.80,4.00,1950,154300
20200922,15:12,3.80,3.85,3.80,3.85,1150,153950
20200922,15:13,3.85,4.05,3.85,3.90,1200,153950
20200922,15:14,3.90,3.90,3.30,3.30,4575,153950
20200922,15:15,3.75,3.75,2.90,3.50,5125,153950
20200922,15:16,3.35,3.45,3.30,3.30,1900,148025
20200922,15:17,3.30,3.45,3.30,3.40,2425,148025
20200922,15:18,3.35,3.40,3.30,3.35,1150,146425
20200922,15:19,3.35,3.40,3.35,3.40,375,146425
20200922,15:20,3.35,3.35,3.35,3.35,575,146425
20200922,15:21,3.35,3.70,3.35,3.70,1500,147175
20200922,15:22,3.65,3.75,3.55,3.55,650,147175
20200922,15:23,3.65,3.65,3.40,3.40,1525,147175
20200922,15:24,3.60,3.60,3.40,3.40,425,146700
20200922,15:25,3.40,3.60,3.35,3.35,1350,146700
20200922,15:26,3.35,3.45,3.15,3.30,1100,146700
20200922,15:27,3.25,3.25,2.90,2.90,550,145875
20200922,15:29,3.10,3.10,3.10,3.10,300,145875
20200923,09:15,3.40,3.40,1.85,1.85,151,143925
20200923,09:16,1.85,1.90,1.85,1.90,50,143925
20200923,09:17,1.90,3.00,1.90,3.00,950,143925
20200923,09:18,2.35,2.80,2.00,2.80,175,143850
20200923,09:19,2.10,2.10,2.10,2.10,25,143850
20200923,09:20,2.15,2.55,2.15,2.30,425,143575
20200923,09:21,2.10,2.40,2.10,2.40,375,143575
20200923,09:22,2.35,2.35,2.15,2.15,500,143575
20200923,09:23,2.30,2.30,2.15,2.30,400,143650
20200923,09:24,2.25,2.25,2.15,2.15,150,143650
20200923,09:25,2.15,2.35,2.15,2.15,1375,143650
20200923,09:26,2.15,2.20,2.15,2.20,1500,143025
20200923,09:27,2.25,2.35,2.25,2.35,1300,143025
20200923,09:28,2.30,2.45,2.30,2.30,475,143025
20200923,09:29,2.30,2.50,2.30,2.35,900,142875
20200923,09:30,2.35,2.45,2.20,2.20,500,142875
20200923,09:31,2.20,2.20,2.20,2.20,25,142875
20200923,09:32,2.30,2.30,2.30,2.30,425,142875
20200923,09:34,2.20,2.20,2.20,2.20,175,142650
20200923,09:35,2.25,2.30,2.25,2.30,325,142600
20200923,09:36,2.30,2.30,2.30,2.30,150,142600
20200923,09:37,2.25,2.25,2.20,2.20,200,142600
20200923,09:38,2.20,2.20,2.20,2.20,550,142550
20200923,09:39,2.20,2.35,2.20,2.35,350,142550
20200923,09:40,2.20,2.25,2.20,2.25,150,142550
20200923,09:41,2.30,2.30,2.25,2.25,75,142550
20200923,09:42,2.15,2.15,2.15,2.15,200,142550
20200923,09:43,2.15,2.15,2.15,2.15,25,142475
20200923,09:44,2.20,2.20,2.20,2.20,175,142475
20200923,09:45,2.20,2.25,2.20,2.25,225,142250
20200923,09:46,2.25,2.40,2.25,2.40,750,142250
20200923,09:47,2.25,2.25,2.25,2.25,25,142325
20200923,09:48,2.20,2.20,2.20,2.20,175,142325
20200923,09:49,2.25,2.25,2.25,2.25,150,142325
20200923,09:50,2.25,2.30,2.25,2.30,325,142150
20200923,09:51,2.30,2.30,2.30,2.30,50,142150
20200923,09:52,2.30,2.35,2.30,2.30,400,142150
20200923,09:53,2.35,2.35,2.35,2.35,25,142150
20200923,09:54,2.35,2.35,2.35,2.35,225,142250
20200923,09:55,2.35,2.35,2.30,2.30,150,142250
20200923,09:56,2.30,2.35,2.30,2.35,700,141425
20200923,09:57,2.35,2.35,2.30,2.30,400,141425
20200923,09:58,2.30,2.45,2.25,2.45,525,141425
20200923,09:59,2.25,2.25,2.25,2.25,25,141425
20200923,10:00,2.25,2.30,2.25,2.30,250,141150
20200923,10:01,2.25,2.25,2.25,2.25,75,141150
20200923,10:03,2.25,2.30,2.25,2.30,475,141150
20200923,10:04,2.30,2.30,2.30,2.30,100,141150
20200923,10:05,2.30,2.30,2.25,2.25,125,141150
20200923,10:06,2.25,2.30,2.25,2.30,350,140800
20200923,10:07,2.20,2.25,2.20,2.25,75,140800
20200923,10:08,2.20,2.20,2.15,2.15,1125,139400
20200923,10:09,2.15,2.15,2.10,2.10,1100,139400
20200923,10:10,2.10,2.10,2.10,2.10,50,139400
20200923,10:11,2.10,2.15,2.10,2.15,500,139400
20200923,10:12,2.10,2.10,2.10,2.10,25,137925
20200923,10:13,2.10,2.20,2.10,2.10,775,137925
20200923,10:14,2.10,2.10,2.10,2.10,100,137925
20200923,10:15,2.10,2.10,2.10,2.10,150,137525
20200923,10:16,2.10,2.10,2.10,2.10,225,137525
20200923,10:17,2.10,2.10,2.10,2.10,75,137350
20200923,10:19,2.10,2.10,2.10,2.10,75,137350
20200923,10:20,2.10,2.20,2.10,2.10,800,137325
20200923,10:21,2.10,2.10,2.05,2.05,150,137325
20200923,10:22,2.05,2.10,2.05,2.10,250,137325
20200923,10:23,2.05,2.15,2.05,2.15,1325,137575
20200923,10:24,2.10,2.10,2.10,2.10,550,137575
20200923,10:25,2.10,2.10,2.10,2.10,100,137575
20200923,10:26,2.10,2.10,2.10,2.10,100,137275
20200923,10:30,2.00,2.05,2.00,2.00,75,137275
20200923,10:31,2.00,2.00,2.00,2.00,250,137275
20200923,10:32,2.05,2.05,2.05,2.05,75,137250
20200923,10:33,2.05,2.05,2.00,2.05,350,137250
20200923,10:34,2.10,2.10,2.05,2.05,350,137250
20200923,10:37,2.00,2.10,2.00,2.00,250,137025
20200923,10:38,2.00,2.00,2.00,2.00,75,137025
20200923,10:39,2.00,2.00,2.00,2.00,25,137025
20200923,10:40,1.90,1.90,1.90,1.90,75,137025
20200923,10:41,1.90,1.95,1.90,1.95,275,137025
20200923,10:44,1.85,1.85,1.85,1.85,25,137025
20200923,10:46,1.95,1.95,1.85,1.90,650,137025
20200923,10:48,1.90,1.90,1.90,1.90,25,137000
20200923,10:50,1.95,1.95,1.95,1.95,275,137000
20200923,10:51,1.95,1.95,1.95,1.95,75,137150
20200923,10:54,1.95,1.95,1.95,1.95,75,137075
20200923,10:55,2.00,2.00,1.90,1.90,125,137075
20200923,10:56,1.90,1.90,1.90,1.90,100,137075
20200923,10:57,1.90,1.90,1.85,1.85,475,136975
20200923,11:01,1.80,1.95,1.80,1.95,1175,136975
20200923,11:02,1.90,1.90,1.90,1.90,125,136975
20200923,11:06,1.90,1.90,1.90,1.90,675,137000
20200923,11:08,1.85,1.85,1.85,1.85,50,137000
20200923,11:10,1.80,1.80,1.80,1.80,50,137000
20200923,11:11,1.80,1.80,1.80,1.80,275,137075
20200923,11:12,1.80,1.80,1.80,1.80,25,137000
20200923,11:14,1.85,1.85,1.85,1.85,175,137000
20200923,11:17,1.85,1.85,1.85,1.85,125,136975
20200923,11:20,1.85,1.85,1.80,1.80,1075,137075
20200923,11:21,1.85,1.90,1.85,1.85,1300,136850
20200923,11:22,1.90,1.90,1.90,1.90,175,136850
20200923,11:23,2.00,2.00,1.90,1.90,75,136850
20200923,11:25,2.00,2.05,1.90,1.90,175,137100
20200923,11:27,1.90,1.90,1.90,1.90,75,137075
20200923,11:28,1.90,1.90,1.90,1.90,225,137075
20200923,11:29,1.90,1.90,1.90,1.90,25,137075
20200923,11:30,1.90,1.90,1.85,1.85,250,137050
20200923,11:31,1.85,1.85,1.85,1.85,125,137050
20200923,11:32,1.85,1.85,1.85,1.85,75,137050
20200923,11:33,1.85,1.85,1.80,1.85,350,136850
20200923,11:35,1.80,1.80,1.80,1.80,375,136850
20200923,11:36,1.85,1.85,1.80,1.80,675,136850
20200923,11:37,1.80,1.85,1.80,1.85,100,136850
20200923,11:39,1.85,1.90,1.85,1.85,4175,136825
20200923,11:40,1.85,1.85,1.85,1.85,275,136825
20200923,11:46,1.80,1.80,1.80,1.80,50,136825
20200923,11:47,1.85,1.85,1.85,1.85,100,136825
20200923,11:48,1.80,1.80,1.80,1.80,125,136825
20200923,11:49,1.80,1.80,1.80,1.80,50,136825
20200923,11:50,1.80,1.80,1.80,1.80,25,136825
20200923,11:51,1.80,1.80,1.80,1.80,125,136825
20200923,11:52,1.75,1.75,1.75,1.75,275,136825
20200923,11:53,1.75,1.75,1.75,1.75,175,136825
20200923,11:54,1.75,1.75,1.75,1.75,225,136925
20200923,11:55,1.75,1.75,1.75,1.75,50,136925
20200923,11:56,1.80,1.80,1.75,1.80,100,136925
20200923,11:57,1.75,1.75,1.75,1.75,25,137050
20200923,11:58,1.70,1.80,1.70,1.80,2250,137050
20200923,11:59,1.75,1.85,1.75,1.80,3275,136875
20200923,12:00,1.70,1.75,1.70,1.70,250,136875
20200923,12:01,1.75,1.80,1.75,1.75,450,136875
20200923,12:02,1.75,1.75,1.75,1.75,25,136875
20200923,12:05,1.70,1.70,1.70,1.70,200,136875
20200923,12:06,1.70,1.70,1.70,1.70,25,136725
20200923,12:09,1.70,1.70,1.70,1.70,175,136500
20200923,12:10,1.70,1.70,1.70,1.70,250,136500
20200923,12:11,1.70,1.70,1.70,1.70,700,136500
20200923,12:12,1.60,1.60,1.60,1.60,2025,135450
20200923,12:13,1.60,1.70,1.60,1.70,375,135450
20200923,12:14,1.65,1.65,1.65,1.65,675,135450
20200923,12:15,1.65,1.65,1.65,1.65,225,135375
20200923,12:16,1.65,1.75,1.60,1.75,550,135375
20200923,12:17,1.70,1.70,1.70,1.70,25,135375
20200923,12:18,1.75,1.75,1.60,1.60,50,135350
20200923,12:19,1.60,1.60,1.60,1.60,75,135350
20200923,12:21,1.75,1.75,1.75,1.75,25,135350
20200923,12:26,1.60,1.70,1.60,1.70,125,135325
20200923,12:27,1.70,1.70,1.65,1.70,100,135275
20200923,12:28,1.80,1.80,1.80,1.80,275,135275
20200923,12:29,1.80,1.80,1.80,1.80,225,135275
20200923,12:30,1.80,1.80,1.80,1.80,25,135325
20200923,12:32,1.80,1.80,1.80,1.80,75,135325
20200923,12:35,1.65,1.65,1.65,1.65,25,135325
20200923,12:38,1.70,1.70,1.65,1.65,125,135300
20200923,12:39,1.65,1.65,1.65,1.65,100,135275
20200923,12:41,1.65,1.65,1.65,1.65,275,135275
20200923,12:42,1.65,1.65,1.65,1.65,25,135275
20200923,12:43,1.65,1.65,1.60,1.60,150,135550
20200923,12:45,1.60,1.60,1.60,1.60,25,135450
20200923,12:46,1.65,1.65,1.65,1.65,25,135450
20200923,12:47,1.60,1.60,1.60,1.60,50,135450
20200923,12:50,1.65,1.65,1.60,1.60,125,135350
20200923,12:51,1.65,1.65,1.65,1.65,75,135350
20200923,12:52,1.65,1.65,1.60,1.65,1050,135350
20200923,12:54,1.65,1.65,1.65,1.65,50,135350
20200923,12:55,1.65,1.65,1.65,1.65,875,135000
20200923,13:02,1.65,1.65,1.65,1.65,25,135000
20200923,13:04,1.65,1.70,1.65,1.70,75,134950
20200923,13:06,1.75,1.75,1.75,1.75,275,134950
20200923,13:07,1.75,1.75,1.75,1.75,150,134950
20200923,13:08,1.75,1.75,1.65,1.65,475,134950
20200923,13:09,1.75,1.75,1.75,1.75,75,134900
20200923,13:10,1.75,1.90,1.75,1.90,850,134900
20200923,13:13,1.90,1.90,1.90,1.90,75,134900
20200923,13:18,1.65,1.65,1.65,1.65,1350,135025
20200923,13:25,1.65,1.85,1.65,1.85,400,134175
20200923,13:26,1.85,1.85,1.85,1.85,75,134175
20200923,13:27,1.80,1.90,1.70,1.70,550,134075
20200923,13:28,1.75,1.80,1.75,1.80,525,134075
20200923,13:29,1.90,1.90,1.85,1.85,250,134075
20200923,13:30,1.95,1.95,1.70,1.85,825,134825
20200923,13:31,1.85,1.85,1.85,1.85,850,134825
20200923,13:34,2.00,2.00,2.00,2.00,75,135025
20200923,13:36,1.80,1.80,1.80,1.80,100,135050
20200923,13:38,2.00,2.00,2.00,2.00,275,135050
20200923,13:39,2.05,2.05,2.05,2.05,25,135050
20200923,13:42,2.05,2.10,1.85,1.85,275,135125
20200923,13:43,2.15,2.15,2.00,2.00,575,135125
20200923,13:44,2.05,2.10,2.05,2.10,350,135125
20200923,13:45,1.95,2.05,1.95,2.05,500,135125
20200923,13:46,2.10,2.10,2.10,2.10,225,135250
20200923,13:47,2.00,2.00,1.85,1.85,125,135250
20200923,13:48,1.95,1.95,1.95,1.95,75,135175
20200923,13:49,1.95,1.95,1.95,1.95,200,135175
20200923,13:50,1.80,2.10,1.80,2.10,475,135175
20200923,13:51,2.05,2.05,2.05,2.05,50,135175
20200923,13:52,2.10,2.10,2.10,2.10,200,135125
20200923,13:53,2.00,2.05,2.00,2.00,2225,135125
20200923,13:54,2.00,2.00,2.00,2.00,125,132825
20200923,13:55,2.00,2.00,2.00,2.00,250,132825
20200923,13:56,1.80,2.05,1.80,2.00,625,132825
20200923,13:57,1.85,1.85,1.85,1.85,50,132825
20200923,13:59,2.10,2.10,2.10,2.10,50,132825
20200923,14:00,2.00,2.05,2.00,2.00,100,132200
20200923,14:01,2.00,2.30,2.00,2.30,275,132200
20200923,14:02,2.25,2.25,2.05,2.05,225,132200
20200923,14:03,2.05,2.05,2.05,2.05,125,132200
20200923,14:04,1.80,1.80,1.80,1.80,300,131900
20200923,14:05,1.75,1.75,1.75,1.75,150,131900
20200923,14:07,2.15,2.15,1.95,1.95,150,131725
20200923,14:08,2.20,2.20,1.80,1.80,175,131725
20200923,14:09,2.20,2.20,2.20,2.20,50,131650
20200923,14:10,2.20,2.20,2.20,2.20,75,131650
20200923,14:11,2.00,2.20,2.00,2.20,175,131650
20200923,14:12,2.35,2.35,2.35,2.35,25,131775
20200923,14:13,1.95,1.95,1.85,1.85,650,131775
20200923,14:14,1.85,1.85,1.85,1.85,75,131775
20200923,14:15,2.15,2.15,2.15,2.15,25,131750
20200923,14:16,2.20,2.20,2.20,2.20,75,131750
20200923,14:19,2.20,2.20,2.05,2.05,575,131700
20200923,14:21,1.95,1.95,1.95,1.95,25,131575
20200923,14:22,2.45,2.45,2.45,2.45,1025,131575
20200923,14:23,2.45,2.45,2.00,2.00,1275,131575
20200923,14:24,1.90,2.40,1.90,2.35,875,131150
20200923,14:25,2.35,2.35,2.35,2.35,25,131150
20200923,14:29,2.05,2.05,2.05,2.05,75,131150
20200923,14:30,2.00,2.00,2.00,2.00,25,131100
20200923,14:31,2.05,2.05,2.05,2.05,25,131100
20200923,14:32,2.35,2.35,2.35,2.35,375,131100
20200923,14:33,2.35,2.50,2.35,2.50,125,131100
20200923,14:34,2.50,2.50,2.35,2.35,1675,131050
20200923,14:35,2.75,2.75,2.75,2.75,25,131050
20200923,14:36,2.55,2.55,2.55,2.55,200,131200
20200923,14:37,2.45,2.45,2.40,2.40,425,131200
20200923,14:38,2.40,2.40,2.30,2.30,375,131200
20200923,14:39,2.40,2.50,2.40,2.50,75,130200
20200923,14:40,2.55,2.75,2.50,2.75,175,130200
20200923,14:41,2.35,2.70,2.25,2.50,625,130200
20200923,14:42,2.45,2.45,2.35,2.35,175,130200
20200923,14:43,2.35,2.35,2.35,2.35,25,130200
20200923,14:45,2.35,2.75,2.35,2.75,75,129950
20200923,14:46,2.65,2.65,2.65,2.65,75,129950
20200923,14:47,2.65,2.65,2.55,2.55,1525,129950
20200923,14:48,2.55,2.80,2.55,2.80,1800,129900
20200923,14:49,2.80,2.80,2.30,2.50,675,129900
20200923,14:50,2.55,2.55,2.35,2.35,75,129900
20200923,14:52,2.35,2.35,2.35,2.35,275,129950
20200923,14:53,2.45,2.60,2.45,2.55,325,129950
20200923,14:54,2.50,2.55,2.30,2.30,600,129400
20200923,14:56,2.05,2.05,2.05,2.05,125,129400
20200923,14:57,2.20,2.25,2.20,2.25,550,129350
20200923,14:58,2.25,2.25,2.25,2.25,175,129350
20200923,14:59,2.35,2.45,2.35,2.45,250,129350
20200923,15:00,2.30,2.30,2.25,2.25,925,129350
20200923,15:01,2.30,2.30,2.30,2.30,800,129350
20200923,15:03,2.30,2.30,2.30,2.30,75,129475
20200923,15:04,2.30,2.60,2.30,2.35,100,129475
20200923,15:05,2.30,2.30,2.30,2.30,225,129475
20200923,15:07,2.50,2.70,2.45,2.70,250,129350
20200923,15:08,2.50,2.50,1.90,1.90,500,129350
20200923,15:09,2.20,2.20,2.20,2.20,25,129350
20200923,15:10,2.25,2.25,1.85,1.85,575,129275
20200923,15:12,2.15,2.20,1.80,1.80,325,129275
20200923,15:13,1.80,1.95,1.80,1.95,100,128900
20200923,15:14,2.15,2.15,2.15,2.15,125,128900
20200923,15:15,2.05,2.05,2.05,2.05,125,128900
20200923,15:16,2.05,2.05,1.90,1.90,875,128900
20200923,15:17,2.15,2.15,1.90,2.00,650,128900
20200923,15:18,1.90,2.05,1.90,2.05,400,128900
20200923,15:19,1.85,2.15,1.75,2.10,2825,128975
20200923,15:20,2.00,2.10,1.75,2.10,900,128975
20200923,15:21,2.00,2.00,2.00,2.00,1400,128925
20200923,15:23,2.00,2.00,1.75,1.75,500,128925
20200923,15:24,1.80,1.90,1.80,1.90,775,128925
20200923,15:25,1.85,1.85,1.85,1.85,100,128925
20200923,15:26,1.85,1.90,1.75,1.80,1750,128925
20200923,15:27,1.90,2.20,1.75,1.90,1175,128925
20200923,15:28,1.90,1.90,1.80,1.90,175,128925
20200923,15:29,1.90,1.90,1.70,1.75,775,128925
20200924,09:15,0.75,0.80,0.25,0.25,951,129425
20200924,09:16,0.25,0.70,0.25,0.70,300,129425
20200924,09:17,0.20,0.20,0.20,0.20,250,129225
20200924,09:18,0.25,0.35,0.25,0.30,425,129225
20200924,09:19,0.25,0.25,0.25,0.25,225,129225
20200924,09:20,0.35,0.35,0.25,0.35,125,129000
20200924,09:21,0.35,0.45,0.25,0.35,2575,129000
20200924,09:22,0.35,0.35,0.35,0.35,425,129000
20200924,09:23,0.25,0.25,0.25,0.25,350,129000
20200924,09:24,0.35,0.35,0.35,0.35,700,128775
20200924,09:25,0.30,0.30,0.20,0.20,3325,128775
20200924,09:26,0.20,0.30,0.20,0.30,1425,128725
20200924,09:27,0.30,0.30,0.30,0.30,1150,128725
20200924,09:28,0.30,0.30,0.30,0.30,400,128725
20200924,09:29,0.20,0.20,0.20,0.20,1050,128725
20200924,09:32,0.25,0.30,0.25,0.30,600,128150
20200924,09:33,0.20,0.20,0.20,0.20,2175,128150
20200924,09:34,0.25,0.35,0.25,0.35,1475,128150
20200924,09:35,0.35,0.35,0.35,0.35,50,128150
20200924,09:37,0.25,0.25,0.25,0.25,25,127775
20200924,09:38,0.25,0.30,0.25,0.25,1725,127000
20200924,09:39,0.25,0.25,0.25,0.25,650,127000
20200924,09:40,0.25,0.30,0.25,0.30,2000,127000
20200924,09:41,0.20,0.30,0.20,0.30,1225,127000
20200924,09:42,0.30,0.30,0.30,0.30,1000,127000
20200924,09:43,0.20,0.30,0.20,0.20,1175,127000
20200924,09:44,0.20,0.20,0.20,0.20,2025,127000
20200924,09:45,0.25,0.25,0.20,0.25,2000,126950
20200924,09:46,0.20,0.20,0.20,0.20,100,126950
20200924,09:47,0.20,0.20,0.20,0.20,50,126950
20200924,09:48,0.25,0.25,0.20,0.25,1800,126975
20200924,09:49,0.25,0.25,0.25,0.25,1700,126975
20200924,09:51,0.20,0.20,0.20,0.20,100,127050
20200924,09:52,0.25,0.25,0.25,0.25,650,127050
20200924,09:54,0.30,0.30,0.30,0.30,25,127050
20200924,09:56,0.25,0.25,0.25,0.25,25,127250
20200924,09:57,0.20,0.35,0.20,0.35,100,127250
20200924,09:58,0.30,0.30,0.30,0.30,25,127250
20200924,09:59,0.30,0.30,0.30,0.30,50,127250
20200924,10:00,0.30,0.30,0.30,0.30,100,127175
20200924,10:05,0.45,0.45,0.45,0.45,50,127175
20200924,10:06,0.45,0.45,0.45,0.45,75,127075
20200924,10:07,0.35,0.35,0.35,0.35,125,127025
20200924,10:08,0.30,0.30,0.30,0.30,275,127125
20200924,10:09,0.35,0.35,0.35,0.35,25,127125
20200924,10:10,0.30,0.30,0.30,0.30,25,127125
20200924,10:11,0.40,0.45,0.40,0.45,125,127125
20200924,10:14,0.40,0.45,0.40,0.45,50,126850
20200924,10:15,0.30,0.30,0.30,0.30,775,126850
20200924,10:16,0.30,0.30,0.30,0.30,25,126850
20200924,10:17,0.30,0.30,0.30,0.30,1100,126625
20200924,10:18,0.25,0.40,0.25,0.40,75,126625
20200924,10:19,0.25,0.40,0.25,0.40,575,126625
20200924,10:20,0.25,0.25,0.25,0.25,200,126625
20200924,10:22,0.25,0.25,0.25,0.25,25,126625
20200924,10:25,0.25,0.25,0.25,0.25,50,126625
20200924,10:27,0.25,0.25,0.25,0.25,50,126625
20200924,10:31,0.25,0.25,0.25,0.25,25,126625
20200924,10:33,0.40,0.40,0.40,0.40,825,126625
20200924,10:35,0.50,0.50,0.50,0.50,50,126625
20200924,10:37,0.40,0.40,0.40,0.40,275,126625
20200924,10:40,0.35,0.35,0.35,0.35,75,126625
20200924,10:41,0.35,0.40,0.35,0.40,1725,126575
20200924,10:42,0.40,0.40,0.40,0.40,1075,126575
20200924,10:43,0.40,0.40,0.40,0.40,225,126575
20200924,10:44,0.35,0.35,0.35,0.35,175,124075
20200924,10:47,0.35,0.35,0.35,0.35,50,124075
20200924,10:48,0.40,0.40,0.40,0.40,50,124075
20200924,10:52,0.40,0.40,0.40,0.40,225,124025
20200924,10:53,0.40,0.50,0.35,0.35,3150,123650
20200924,10:54,0.50,0.60,0.50,0.60,1950,123650
20200924,10:55,0.65,0.65,0.50,0.50,2275,123650
20200924,10:56,0.50,0.60,0.50,0.60,150,123650
20200924,10:57,0.50,0.50,0.50,0.50,225,123900
20200924,10:58,0.50,0.50,0.50,0.50,975,123900
20200924,10:59,0.50,0.50,0.40,0.40,675,123900
20200924,11:00,0.45,0.45,0.45,0.45,25,123900
20200924,11:02,0.40,0.40,0.40,0.40,50,123900
20200924,11:03,0.40,0.40,0.40,0.40,25,123875
20200924,11:04,0.35,0.35,0.35,0.35,250,123875
20200924,11:05,0.35,0.35,0.35,0.35,50,123875
20200924,11:06,0.35,0.35,0.35,0.35,300,123875
20200924,11:08,0.35,0.35,0.35,0.35,50,123875
20200924,11:12,0.40,0.40,0.35,0.35,325,123875
20200924,11:13,0.30,0.30,0.30,0.30,575,123875
20200924,11:15,0.30,0.30,0.30,0.30,25,123750
20200924,11:17,0.30,0.35,0.30,0.35,75,123750
20200924,11:22,0.30,0.30,0.30,0.30,100,123800
20200924,11:24,0.30,0.30,0.30,0.30,375,123800
20200924,11:30,0.40,0.40,0.40,0.40,25,124100
20200924,11:31,0.25,0.25,0.25,0.25,100,124100
20200924,11:32,0.40,0.40,0.40,0.40,100,124100
20200924,11:33,0.25,0.25,0.25,0.25,25,124075
20200924,11:39,0.30,0.30,0.30,0.30,50,124075
20200924,11:44,0.40,0.40,0.40,0.40,275,124075
20200924,11:45,0.30,0.30,0.30,0.30,600,124100
20200924,11:46,0.25,0.25,0.25,0.25,200,124100
20200924,11:47,0.25,0.25,0.25,0.25,25,124100
20200924,11:50,0.30,0.30,0.30,0.30,175,124100
20200924,11:56,0.30,0.30,0.30,0.30,150,123925
20200924,12:00,0.30,0.30,0.20,0.25,12200,123775
20200924,12:01,0.20,0.20,0.20,0.20,1400,123775
20200924,12:03,0.20,0.20,0.15,0.15,6575,123200
20200924,12:04,0.15,0.15,0.15,0.15,200,123200
20200924,12:06,0.15,0.15,0.10,0.10,3700,123200
20200924,12:07,0.10,0.15,0.10,0.15,3425,123200
20200924,12:08,0.20,0.20,0.20,0.20,150,123200
20200924,12:11,0.15,0.20,0.15,0.20,3500,118525
20200924,12:12,0.15,0.15,0.15,0.15,100,118525
20200924,12:13,0.15,0.15,0.15,0.15,800,116550
20200924,12:15,0.20,0.20,0.20,0.20,150,115650
20200924,12:16,0.20,0.20,0.20,0.20,75,115650
20200924,12:18,0.15,0.15,0.15,0.15,75,115650
20200924,12:20,0.20,0.20,0.20,0.20,400,115550
20200924,12:21,0.15,0.15,0.15,0.15,50,115450
20200924,12:26,0.15,0.15,0.15,0.15,350,115400
20200924,12:28,0.15,0.15,0.15,0.15,50,115050
20200924,12:29,0.15,0.15,0.15,0.15,25,115050
20200924,12:30,0.15,0.15,0.15,0.15,500,114975
20200924,12:33,0.15,0.15,0.15,0.15,25,114975
20200924,12:34,0.15,0.15,0.15,0.15,50,114475
20200924,12:35,0.15,0.20,0.15,0.15,275,114475
20200924,12:36,0.15,0.20,0.15,0.20,500,114225
20200924,12:37,0.20,0.20,0.20,0.20,300,114225
20200924,12:38,0.20,0.20,0.15,0.15,4075,114225
20200924,12:39,0.20,0.20,0.20,0.20,250,114225
20200924,12:40,0.20,0.20,0.20,0.20,375,112200
20200924,12:41,0.20,0.20,0.20,0.20,25,112200
20200924,12:46,0.20,0.20,0.15,0.15,1200,111575
20200924,12:51,0.15,0.20,0.15,0.20,100,111025
20200924,13:01,0.15,0.15,0.15,0.15,250,111050
20200924,13:03,0.15,0.15,0.15,0.15,50,111050
20200924,13:06,0.15,0.15,0.15,0.15,2075,111300
20200924,13:07,0.10,0.10,0.10,0.10,375,111300
20200924,13:08,0.15,0.15,0.15,0.15,50,111300
20200924,13:09,0.10,0.10,0.10,0.10,25,111275
20200924,13:16,0.15,0.15,0.15,0.15,150,111275
20200924,13:21,0.15,0.15,0.15,0.15,75,111275
20200924,13:24,0.15,0.15,0.15,0.15,50,111275
20200924,13:30,0.10,0.10,0.10,0.10,400,111275
20200924,13:34,0.15,0.15,0.15,0.15,500,111275
20200924,13:37,0.15,0.15,0.15,0.15,100,111275
20200924,13:38,0.10,0.10,0.05,0.05,7250,111100
20200924,13:40,0.05,0.05,0.05,0.05,2325,115900
20200924,13:41,0.05,0.05,0.05,0.05,25,115900
20200924,13:42,0.10,0.10,0.05,0.05,150,118125
20200924,13:44,0.05,0.05,0.05,0.05,25,118125
20200924,13:46,0.05,0.05,0.05,0.05,375,118125
20200924,13:48,0.10,0.10,0.05,0.05,525,108200
20200924,13:49,0.05,0.05,0.05,0.05,75,108200
20200924,13:50,0.10,0.10,0.10,0.10,450,108200
20200924,13:55,0.05,0.05,0.05,0.05,50,108000
20200924,13:56,0.05,0.05,0.05,0.05,425,108000
20200924,13:57,0.10,0.10,0.10,0.10,100,108000
20200924,13:59,0.05,0.10,0.05,0.05,2625,108000
20200924,14:02,0.05,0.05,0.05,0.05,300,108000
20200924,14:05,0.05,0.05,0.05,0.05,25,106325
20200924,14:06,0.05,0.05,0.05,0.05,250,106325
20200924,14:07,0.05,0.10,0.05,0.10,2825,106300
20200924,14:08,0.05,0.05,0.05,0.05,300,106300
20200924,14:09,0.05,0.05,0.05,0.05,325,106150
20200924,14:11,0.05,0.10,0.05,0.10,625,106150
20200924,14:13,0.10,0.10,0.10,0.10,75,106150
20200924,14:16,0.05,0.10,0.05,0.10,500,106150
20200924,14:18,0.05,0.05,0.05,0.05,100,106150
20200924,14:21,0.05,0.05,0.05,0.05,100,106150
20200924,14:23,0.05,0.05,0.05,0.05,25,106150
20200924,14:25,0.05,0.05,0.05,0.05,25,106150
20200924,14:27,0.10,0.10,0.10,0.10,175,106150
20200924,14:34,0.10,0.10,0.05,0.05,1325,106150
20200924,14:35,0.05,0.05,0.05,0.05,25,106150
20200924,14:36,0.05,0.05,0.05,0.05,50,106150
20200924,14:38,0.10,0.10,0.10,0.10,500,106150
20200924,14:44,0.10,0.10,0.10,0.10,50,104775
20200924,14:45,0.10,0.10,0.10,0.10,100,104775
20200924,14:46,0.10,0.10,0.10,0.10,225,104775
20200924,14:49,0.10,0.10,0.10,0.10,25,104775
20200924,14:50,0.10,0.10,0.10,0.10,100,104750
20200924,14:52,0.20,0.20,0.20,0.20,25,104750
20200924,15:02,0.10,0.10,0.10,0.10,25,104275
20200924,15:07,0.10,0.10,0.10,0.10,125,104250
20200924,15:08,0.10,0.15,0.10,0.10,275,104250
20200924,15:09,0.10,0.10,0.10,0.10,100,104250
20200924,15:10,0.10,0.10,0.10,0.10,25,104225
20200924,15:12,0.10,0.10,0.10,0.10,225,104225
20200924,15:13,0.15,0.15,0.15,0.15,450,104175
20200924,15:14,0.15,0.20,0.05,0.20,825,104175
20200924,15:15,0.15,0.15,0.05,0.05,725,104175
20200924,15:16,0.15,0.15,0.15,0.15,2400,104175
20200924,15:17,0.15,0.15,0.15,0.15,1200,103725
20200924,15:18,0.05,0.05,0.05,0.05,25,103725
20200924,15:19,0.05,0.10,0.05,0.10,50,101925
20200924,15:20,0.05,0.05,0.05,0.05,25,101925
20200924,15:22,0.05,0.05,0.05,0.05,50,98325
20200924,15:23,0.05,0.05,0.05,0.05,2450,98325
20200924,15:24,0.05,0.05,0.05,0.05,1000,95875
20200924,15:25,0.10,0.10,0.10,0.10,250,95875
20200924,15:26,0.10,0.15,0.10,0.15,2275,95875
20200924,15:27,0.10,0.10,0.10,0.10,800,95875
