20200417,09:49,80.15,80.15,80.15,80.15,21,20
20200417,09:51,81.15,81.15,81.15,81.15,20,20
20200417,09:56,81.15,81.15,60.25,67.95,360,80
20200417,09:57,70.00,70.70,64.35,70.30,280,80
20200417,09:58,69.35,69.35,68.85,68.85,140,80
20200417,09:59,68.80,68.80,68.80,68.80,40,80
20200417,10:00,73.25,73.25,73.25,73.25,20,280
20200417,10:01,73.25,73.25,73.25,73.25,20,280
20200417,10:02,70.05,74.00,70.05,74.00,80,260
20200417,10:03,70.00,71.00,70.00,71.00,40,260
20200417,10:09,69.00,69.15,64.00,64.00,120,300
20200417,10:10,64.00,64.00,59.05,59.05,60,300
20200417,10:11,59.05,59.05,59.05,59.05,20,380
20200417,10:12,57.35,57.35,57.35,57.35,20,380
20200417,10:13,51.55,52.00,51.55,52.00,220,380
20200417,10:15,63.60,63.60,58.10,58.10,40,440
20200417,10:16,60.45,60.45,60.45,60.45,20,440
20200417,10:18,57.55,57.55,57.55,57.55,20,440
20200417,10:19,65.00,65.00,65.00,65.00,20,460
20200417,10:20,66.35,66.35,66.35,66.35,20,480
20200417,10:21,66.10,70.00,66.10,70.00,80,480
20200417,10:22,67.00,67.00,64.00,64.00,40,480
20200417,10:25,60.90,60.90,57.85,57.85,120,500
20200417,10:26,56.50,58.00,56.50,58.00,100,600
20200417,10:27,55.95,55.95,55.95,55.95,80,600
20200417,10:28,54.30,54.30,54.30,54.30,20,600
20200417,10:29,54.70,54.70,44.95,50.00,320,740
20200417,10:30,50.00,53.70,50.00,52.60,520,740
20200417,10:31,53.50,55.00,53.50,53.70,100,740
20200417,10:32,53.10,55.55,53.10,55.55,240,800
20200417,10:33,54.70,54.70,46.00,47.45,240,800
20200417,10:34,45.15,45.15,45.15,45.15,40,800
20200417,10:35,38.75,38.75,38.75,38.75,100,800
20200417,10:36,45.30,45.30,41.80,42.35,120,880
20200417,10:38,43.00,43.00,43.00,43.00,20,880
20200417,10:39,49.00,49.00,49.00,49.00,40,880
20200417,10:41,52.00,52.00,52.00,52.00,140,760
20200417,10:42,52.00,58.90,48.85,54.95,700,760
20200417,10:43,53.85,55.80,52.50,52.50,520,760
20200417,10:44,48.90,49.00,46.60,47.05,280,1420
20200417,10:45,46.05,46.05,41.90,45.00,120,1420
20200417,10:48,39.60,39.60,39.60,39.60,20,1400
20200417,10:49,40.60,40.60,40.60,40.60,40,1400
20200417,10:50,39.50,39.50,33.20,33.20,80,1460
20200417,10:51,33.20,35.90,33.20,35.90,60,1460
20200417,10:53,38.80,38.80,38.80,38.80,40,1460
20200417,11:00,39.00,39.00,39.00,39.00,80,1480
20200417,11:01,39.00,39.00,34.90,38.55,140,1480
20200417,11:02,35.15,35.15,35.15,35.15,20,1480
20200417,11:04,35.15,35.15,30.55,30.55,40,1520
20200417,11:05,30.55,30.70,30.55,30.70,40,1520
20200417,11:06,30.05,30.05,30.05,30.05,80,1520
20200417,11:08,30.00,30.00,30.00,30.00,20,1520
20200417,11:10,28.40,28.40,28.40,28.40,20,1520
20200417,11:11,28.40,42.00,28.40,38.35,140,1500
20200417,11:12,51.35,51.35,42.00,42.00,120,1500
20200417,11:15,36.60,36.60,36.60,36.60,20,1540
20200417,11:16,42.90,42.90,42.90,42.90,40,1540
20200417,11:17,42.85,42.85,42.85,42.85,20,1580
20200417,11:19,44.40,44.45,44.40,44.45,40,1580
20200417,11:20,44.00,44.00,44.00,44.00,20,1580
20200417,11:23,36.65,36.65,36.65,36.65,20,1600
20200417,11:25,44.00,44.00,36.00,36.00,80,1580
20200417,11:26,35.00,35.00,35.00,35.00,40,1600
20200417,11:28,33.00,33.00,33.00,33.00,40,1600
20200417,11:29,33.30,33.30,33.30,33.30,20,1600
20200417,11:32,31.50,31.50,31.50,31.50,40,1620
20200417,11:34,27.85,27.85,27.00,27.00,160,1600
20200417,11:35,27.00,27.00,24.95,26.05,80,1700
20200417,11:38,26.90,27.20,25.00,27.20,60,1680
20200417,11:41,30.20,30.20,25.80,25.80,40,1680
20200417,11:44,27.55,27.65,27.55,27.65,40,1680
20200417,11:47,23.45,23.45,22.40,22.40,40,1680
20200417,11:48,18.10,24.00,18.10,23.75,560,1700
20200417,11:49,24.00,24.00,23.30,23.30,40,1700
20200417,11:50,23.20,23.20,21.65,21.65,40,1700
20200417,11:52,21.70,24.40,21.70,24.40,140,1420
20200417,11:55,24.40,24.95,24.40,24.95,40,1440
20200417,11:56,24.00,24.00,24.00,24.00,20,1440
20200417,11:57,22.30,22.30,22.30,22.30,40,1440
20200417,12:03,18.45,25.00,18.45,25.00,140,1440
20200417,12:08,18.50,18.50,18.50,18.50,40,1440
20200417,12:09,20.70,20.70,20.10,20.10,40,1420
20200417,12:10,20.45,20.45,20.45,20.45,20,1420
20200417,12:11,21.65,22.50,21.65,22.50,60,1420
20200417,12:12,28.70,28.70,28.70,28.70,20,1420
20200417,12:14,22.60,29.40,22.60,29.40,40,1400
20200417,12:16,22.60,22.60,22.60,22.60,20,1400
20200417,12:18,23.00,23.00,23.00,23.00,20,1400
20200417,12:20,30.60,30.60,30.60,30.60,40,1420
20200417,12:21,24.10,24.10,24.10,24.10,20,1420
20200417,12:22,23.00,23.00,23.00,23.00,20,1420
20200417,12:30,23.00,23.00,23.00,23.00,40,1420
20200417,12:37,19.70,19.70,19.70,19.70,20,1420
20200417,12:39,22.55,22.55,22.55,22.55,20,1420
20200417,12:41,18.90,18.90,18.90,18.90,20,1420
20200417,12:45,21.90,21.90,21.90,21.90,20,1400
20200417,12:52,20.00,20.00,20.00,20.00,20,1420
20200417,12:53,23.60,23.60,23.60,23.60,20,1420
20200417,12:57,22.50,22.50,22.50,22.50,60,1420
20200417,12:59,22.00,22.00,22.00,22.00,20,1420
20200417,13:01,22.40,22.40,22.40,22.40,40,1440
20200417,13:02,20.10,20.10,20.10,20.10,20,1440
20200417,13:06,20.40,20.40,20.10,20.10,40,1440
20200417,13:07,19.05,19.05,19.05,19.05,20,1440
20200417,13:12,19.25,19.25,19.05,19.05,140,1500
20200417,13:17,17.85,17.85,17.85,17.85,20,1500
20200417,13:18,17.85,17.85,17.85,17.85,20,1580
20200417,13:20,18.65,18.65,18.65,18.65,80,1580
20200417,13:22,19.05,19.05,19.05,19.05,20,1500
20200417,13:23,20.00,24.95,20.00,24.95,140,1480
20200417,13:27,24.00,24.00,24.00,24.00,20,1400
20200417,13:33,24.00,24.00,19.00,19.00,40,1420
20200417,13:38,19.00,19.00,19.00,19.00,40,1420
20200417,13:56,19.65,19.75,19.65,19.75,120,1420
20200417,14:00,23.35,23.35,23.35,23.35,20,1520
20200417,14:01,23.35,23.35,23.35,23.35,20,1520
20200417,14:05,21.40,24.45,21.40,24.45,100,1540
20200417,14:06,30.30,30.30,23.55,23.55,140,1560
20200417,14:07,24.50,24.50,24.50,24.50,20,1560
20200417,14:08,27.50,30.90,27.50,30.90,60,1560
20200417,14:09,27.15,27.70,26.25,27.70,120,1620
20200417,14:10,22.75,22.75,22.75,22.75,40,1620
20200417,14:11,27.00,27.00,27.00,27.00,20,1620
20200417,14:13,24.15,24.15,24.15,24.15,60,1680
20200417,14:15,28.35,28.35,28.35,28.35,40,1660
20200417,14:19,25.00,25.00,25.00,25.00,80,1620
20200417,14:21,29.85,29.85,29.85,29.85,40,1640
20200417,14:22,29.05,29.05,29.05,29.05,40,1640
20200417,14:25,27.50,27.50,27.50,27.50,60,1640
20200417,14:26,25.90,29.50,25.90,29.40,420,1640
20200417,14:27,29.35,29.95,29.35,29.95,280,1900
20200417,14:28,28.95,28.95,28.95,28.95,20,1900
20200417,14:29,25.05,28.95,25.05,28.95,240,1900
20200417,14:30,25.05,28.20,25.05,28.20,80,2360
20200417,14:31,28.95,29.00,27.70,29.00,500,2360
20200417,14:33,29.00,29.00,27.70,27.70,80,2480
20200417,14:34,29.95,29.95,29.95,29.95,20,2480
20200417,14:35,27.60,29.35,27.60,29.35,40,2480
20200417,14:36,27.80,27.80,27.80,27.80,60,2440
20200417,14:37,26.85,29.65,26.85,29.65,160,2440
20200417,14:38,29.85,29.85,29.85,29.85,20,2440
20200417,14:39,25.10,25.10,25.00,25.00,160,2480
20200417,14:40,26.00,26.00,25.10,25.65,360,2480
20200417,14:41,29.85,30.00,29.85,30.00,120,2480
20200417,14:42,29.80,29.80,29.45,29.45,200,2240
20200417,14:43,30.30,30.30,30.00,30.00,100,2240
20200417,14:44,30.05,30.05,29.95,29.95,160,2240
20200417,14:45,30.00,30.00,28.95,28.95,60,2060
20200417,14:46,29.00,29.00,29.00,29.00,220,2060
20200417,14:48,32.00,32.00,32.00,32.00,40,2060
20200417,14:50,32.30,33.00,32.30,33.00,200,2040
20200417,14:51,33.00,35.40,32.85,32.85,360,2100
20200417,14:52,32.60,33.75,32.60,33.75,40,2100
20200417,14:53,34.85,35.40,31.35,33.80,140,2100
20200417,14:55,30.05,30.05,30.05,30.05,20,1960
20200417,14:56,30.00,30.25,30.00,30.25,40,1960
20200417,14:57,34.00,34.00,34.00,34.00,20,1920
20200417,14:58,34.50,35.25,33.65,34.85,120,1920
20200417,14:59,38.15,38.90,34.65,34.65,80,1920
20200417,15:00,39.85,40.05,35.85,35.85,80,1880
20200417,15:01,40.10,43.15,40.10,43.15,60,1880
20200417,15:02,44.75,46.30,39.55,42.95,320,1880
20200417,15:03,43.00,46.00,43.00,46.00,140,1840
20200417,15:04,44.00,47.45,43.05,43.45,240,1840
20200417,15:06,49.65,55.00,49.65,55.00,460,1940
20200417,15:07,55.45,59.20,54.45,59.20,280,1940
20200417,15:08,59.80,73.00,59.80,63.15,560,1940
20200417,15:09,63.50,64.85,59.45,62.00,520,1960
20200417,15:10,61.10,71.30,61.10,70.30,1060,1960
20200417,15:11,73.30,77.85,69.85,71.00,420,1960
20200417,15:12,69.05,73.50,68.20,70.05,400,1900
20200417,15:13,65.95,72.30,64.45,69.70,680,1900
20200417,15:14,70.55,76.00,67.20,72.40,380,1900
20200417,15:15,75.00,76.00,71.40,71.40,220,1980
20200417,15:16,67.70,70.00,64.35,70.00,160,1980
20200417,15:17,69.45,69.45,67.30,67.30,100,1980
20200417,15:18,63.60,65.25,63.60,65.25,720,1960
20200417,15:19,66.10,73.05,66.10,69.75,340,1960
20200417,15:20,68.80,68.80,68.20,68.20,140,1960
20200417,15:21,66.25,69.10,66.05,69.10,140,1960
20200417,15:22,69.00,70.40,68.20,70.40,180,1960
20200417,15:23,70.35,72.00,69.15,72.00,160,1960
20200417,15:24,74.75,75.15,72.30,72.50,480,1780
20200417,15:25,73.20,73.25,71.40,71.40,320,1780
20200417,15:26,73.45,73.45,69.25,70.85,260,1780
20200417,15:27,70.95,70.95,70.00,70.00,80,1920
20200417,15:28,68.00,68.00,65.15,66.25,360,1920
20200417,15:29,66.05,67.10,66.05,67.10,160,1920
20200420,09:15,89.95,99.00,60.60,60.60,521,1540
20200420,09:16,50.10,50.10,35.10,35.10,460,1540
20200420,09:17,41.40,48.95,41.40,47.15,660,2000
20200420,09:18,48.35,60.05,46.50,48.95,1240,2000
20200420,09:19,50.35,50.35,46.05,48.00,1240,2000
20200420,09:20,48.65,49.20,46.05,46.10,260,2960
20200420,09:21,46.00,60.05,40.30,42.80,2100,2960
20200420,09:22,46.85,53.00,45.20,53.00,300,2960
20200420,09:23,52.45,57.30,52.45,54.40,980,4140
20200420,09:24,55.55,59.25,54.95,57.45,1120,4140
20200420,09:25,58.30,59.85,56.05,57.25,880,4140
20200420,09:26,55.80,67.95,55.30,65.80,980,4500
20200420,09:27,65.85,68.35,61.10,61.10,1040,4500
20200420,09:28,62.75,62.75,52.80,55.05,980,4500
20200420,09:29,55.45,59.15,55.35,59.15,580,5240
20200420,09:30,59.55,59.55,54.30,54.30,2260,5240
20200420,09:31,54.40,54.40,48.20,48.60,880,5240
20200420,09:32,48.60,48.60,42.85,43.10,960,6880
20200420,09:33,43.10,50.85,43.10,50.25,1060,6880
20200420,09:34,49.35,51.05,46.50,50.95,460,6880
20200420,09:35,49.55,52.65,44.50,44.50,760,6920
20200420,09:36,44.95,47.15,44.95,46.35,340,6920
20200420,09:37,46.65,47.40,43.65,44.05,1220,6920
20200420,09:38,44.50,44.50,39.05,40.55,1740,7200
20200420,09:39,40.45,40.45,36.40,39.25,620,7200
20200420,09:40,38.90,44.70,38.15,44.70,720,7200
20200420,09:41,44.55,44.55,43.40,43.40,240,7540
20200420,09:42,42.90,43.30,40.80,41.00,320,7540
20200420,09:43,40.95,43.75,40.95,43.00,180,7540
20200420,09:44,40.50,42.30,40.50,40.95,360,7540
20200420,09:45,39.40,40.40,36.75,37.60,500,7540
20200420,09:46,38.50,38.75,37.35,38.75,440,7540
20200420,09:47,39.45,40.55,38.65,40.55,920,7760
20200420,09:48,41.45,41.45,38.50,38.50,620,7760
20200420,09:49,38.35,38.90,37.15,38.75,160,7760
20200420,09:50,39.75,43.65,39.75,42.20,520,8500
20200420,09:51,42.00,43.75,40.45,43.50,700,8500
20200420,09:52,43.70,44.45,41.10,44.45,580,8500
20200420,09:53,43.55,47.20,43.55,45.30,460,8980
20200420,09:54,44.00,44.20,41.65,41.65,200,8980
20200420,09:55,41.00,41.00,36.90,37.25,1040,8980
20200420,09:56,36.55,39.70,36.55,39.70,240,8860
20200420,09:57,37.90,38.45,37.05,37.35,140,8860
20200420,09:58,36.20,36.70,35.55,36.70,620,8860
20200420,09:59,37.55,37.55,35.95,36.75,340,9060
20200420,10:00,36.80,37.40,36.80,37.40,100,9060
20200420,10:01,37.90,39.05,37.40,38.10,240,9060
20200420,10:02,40.00,41.00,40.00,40.45,100,9220
20200420,10:03,41.55,43.25,41.55,41.65,260,9220
20200420,10:04,41.25,42.10,40.20,40.70,320,9220
20200420,10:05,41.80,41.80,37.65,38.70,320,9340
20200420,10:06,38.40,39.15,37.95,38.25,840,9340
20200420,10:07,40.00,41.10,40.00,40.10,100,9340
20200420,10:08,42.25,42.35,40.40,41.25,340,9800
20200420,10:09,41.15,42.15,39.45,40.00,520,9800
20200420,10:10,40.95,40.95,39.05,39.05,560,9800
20200420,10:11,38.00,39.20,38.00,39.20,120,10320
20200420,10:12,37.40,37.70,37.40,37.70,80,10320
20200420,10:13,38.70,38.70,36.95,37.50,420,10320
20200420,10:14,38.70,38.70,38.70,38.70,20,10240
20200420,10:15,38.30,38.75,37.95,38.75,160,10240
20200420,10:16,39.30,39.30,35.90,35.90,520,10240
20200420,10:17,36.05,36.75,35.75,36.75,100,10480
20200420,10:18,36.75,36.75,36.05,36.05,60,10480
20200420,10:19,36.35,36.65,36.35,36.65,40,10480
20200420,10:20,35.95,36.75,35.95,36.75,900,10580
20200420,10:21,36.70,36.90,36.65,36.70,760,10580
20200420,10:22,36.90,36.90,36.50,36.50,60,10580
20200420,10:23,36.00,36.00,36.00,36.00,20,11060
20200420,10:24,36.70,36.75,35.50,36.10,240,11060
20200420,10:25,35.55,36.90,35.55,36.90,520,11060
20200420,10:26,36.90,39.65,36.90,39.40,1020,11700
20200420,10:27,39.20,39.65,37.35,37.50,800,11700
20200420,10:28,36.90,40.00,36.15,40.00,860,11700
20200420,10:29,39.95,45.10,39.95,45.10,1300,11460
20200420,10:30,45.25,47.50,43.50,43.50,460,11460
20200420,10:31,42.70,47.15,42.25,47.15,680,11460
20200420,10:32,48.75,48.75,46.75,47.00,760,11140
20200420,10:33,47.30,55.00,47.30,51.45,2140,11140
20200420,10:34,51.70,52.25,46.60,48.00,1040,11140
20200420,10:35,47.30,49.60,47.00,47.00,280,11120
20200420,10:36,47.00,47.10,45.65,47.10,140,11120
20200420,10:37,50.35,50.35,47.10,47.10,200,11120
20200420,10:38,46.25,46.25,46.00,46.25,220,11300
20200420,10:39,45.00,46.00,45.00,45.50,140,11300
20200420,10:40,44.35,48.05,44.35,48.05,100,11300
20200420,10:41,48.05,50.00,48.05,50.00,120,11360
20200420,10:42,50.00,51.85,48.55,49.85,420,11360
20200420,10:43,49.75,50.55,46.95,46.95,440,11360
20200420,10:44,46.90,46.90,45.05,45.95,80,11380
20200420,10:45,44.45,44.45,43.90,43.90,220,11380
20200420,10:46,44.30,46.40,44.30,46.40,340,11380
20200420,10:47,45.35,45.35,45.10,45.10,60,11460
20200420,10:48,47.40,47.40,44.95,44.95,260,11460
20200420,10:49,46.75,47.35,46.50,47.35,360,11460
20200420,10:50,47.40,48.25,47.15,47.40,340,11560
20200420,10:51,47.20,47.20,44.00,44.00,240,11560
20200420,10:52,44.00,45.45,44.00,44.80,260,11560
20200420,10:53,45.25,46.60,45.25,46.20,380,11840
20200420,10:54,46.30,46.50,45.00,45.15,380,11840
20200420,10:55,45.60,46.15,45.60,45.75,120,11840
20200420,10:56,47.35,50.00,46.15,47.75,500,11860
20200420,10:57,48.55,48.55,47.10,47.45,140,11860
20200420,10:58,48.05,48.05,45.80,45.80,300,11860
20200420,10:59,46.05,47.00,46.05,47.00,40,11820
20200420,11:00,49.15,50.50,48.65,48.65,300,11820
20200420,11:01,48.65,49.45,48.00,48.00,160,11820
20200420,11:02,48.00,48.30,46.25,48.30,2100,11680
20200420,11:03,46.95,49.55,46.95,48.10,140,11680
20200420,11:04,48.15,48.65,48.15,48.65,140,11680
20200420,11:05,49.30,49.30,47.00,47.00,480,13580
20200420,11:06,47.45,47.45,45.95,46.20,820,13580
20200420,11:07,45.90,45.90,41.50,41.50,1980,13580
20200420,11:08,42.05,42.85,42.05,42.35,440,13580
20200420,11:09,40.20,41.65,39.35,39.45,420,14340
20200420,11:10,39.40,42.00,39.35,42.00,660,14340
20200420,11:11,42.00,43.65,41.95,43.50,300,14500
20200420,11:12,43.25,44.90,42.50,44.90,260,14500
20200420,11:13,43.55,43.60,41.70,41.70,60,14500
20200420,11:14,42.55,43.50,41.20,42.60,620,14500
20200420,11:15,40.80,40.80,37.30,37.30,360,14500
20200420,11:16,38.55,39.00,37.20,39.00,140,14500
20200420,11:17,38.55,38.55,37.45,38.25,2300,14380
20200420,11:18,36.95,37.50,36.75,37.00,480,14380
20200420,11:19,37.00,37.00,35.70,36.05,680,14380
20200420,11:20,36.50,36.70,36.00,36.10,300,14380
20200420,11:21,36.50,38.65,36.50,38.65,420,14500
20200420,11:22,37.95,39.00,37.95,38.60,80,14500
20200420,11:23,37.25,38.30,35.00,35.75,620,13940
20200420,11:24,36.10,37.75,35.50,35.50,1160,13940
20200420,11:25,35.00,35.00,34.40,34.40,280,13940
20200420,11:26,34.40,35.05,34.40,35.05,40,14540
20200420,11:27,36.50,36.85,35.80,35.80,640,14540
20200420,11:28,35.80,37.90,35.80,37.80,320,14540
20200420,11:29,38.70,38.70,36.65,36.65,260,14260
20200420,11:30,35.85,36.35,34.55,34.55,940,14260
20200420,11:31,35.75,35.90,34.40,34.40,260,14260
20200420,11:32,34.95,35.40,33.70,33.70,360,14560
20200420,11:33,33.65,33.65,22.35,31.80,3740,14560
20200420,11:34,31.60,32.95,30.00,30.00,3300,14560
20200420,11:35,30.80,31.45,27.85,30.25,620,12680
20200420,11:36,29.90,30.30,29.20,29.20,180,12680
20200420,11:37,29.95,31.75,29.80,30.10,600,12680
20200420,11:38,30.70,32.05,30.55,30.55,920,12880
20200420,11:39,32.05,33.30,30.90,31.65,540,12880
20200420,11:40,32.10,34.45,32.00,34.45,500,12880
20200420,11:41,35.05,35.15,33.70,33.75,460,12660
20200420,11:42,34.55,35.05,33.30,33.70,500,12660
20200420,11:43,33.20,33.20,31.45,32.45,200,12660
20200420,11:44,32.45,32.45,32.45,32.45,20,12660
20200420,11:45,32.45,33.50,31.45,33.05,240,12940
20200420,11:46,33.50,35.00,33.50,34.90,280,12940
20200420,11:47,34.25,36.15,34.25,35.00,420,12760
20200420,11:48,36.00,36.00,33.55,34.30,600,12760
20200420,11:49,34.30,34.95,34.10,34.95,140,12760
20200420,11:50,35.45,35.45,35.00,35.00,120,12960
20200420,11:51,34.15,34.85,34.15,34.85,140,12960
20200420,11:52,34.85,36.60,34.85,36.25,560,12960
20200420,11:53,37.25,37.25,35.05,35.05,640,13360
20200420,11:54,35.70,38.00,35.50,38.00,540,13360
20200420,11:55,38.05,38.50,35.55,35.55,720,13360
20200420,11:56,35.95,36.20,35.00,35.00,180,12880
20200420,11:57,35.80,35.80,35.35,35.60,220,12880
20200420,11:58,34.50,35.75,34.50,35.75,380,12880
20200420,11:59,35.75,35.75,34.80,35.10,180,12900
20200420,12:00,36.35,36.65,34.45,34.65,260,12900
20200420,12:01,35.50,35.50,35.00,35.00,40,12900
20200420,12:02,34.05,34.35,33.10,33.10,620,12860
20200420,12:03,34.20,34.20,32.35,32.55,620,12860
20200420,12:04,33.35,35.10,33.35,34.60,180,12860
20200420,12:05,34.75,35.65,33.85,35.65,180,12860
20200420,12:06,35.25,35.25,34.50,34.50,80,12600
20200420,12:07,36.25,37.15,36.00,36.95,200,12600
20200420,12:08,36.00,36.90,36.00,36.05,80,12600
20200420,12:09,35.60,36.05,35.30,35.30,200,12740
20200420,12:10,36.45,36.45,36.45,36.45,40,12740
20200420,12:11,36.40,36.40,35.65,35.65,120,12740
20200420,12:12,36.55,36.55,36.45,36.45,40,12460
20200420,12:13,36.75,36.75,36.10,36.10,120,12460
20200420,12:14,37.00,37.00,36.10,36.10,40,12460
20200420,12:15,36.45,36.55,36.45,36.55,140,12600
20200420,12:16,35.35,35.35,35.35,35.35,120,12600
20200420,12:18,34.90,34.90,34.90,34.90,20,12420
20200420,12:19,36.35,37.85,36.35,37.85,80,12420
20200420,12:20,38.00,38.00,38.00,38.00,140,12420
20200420,12:21,38.20,39.00,38.20,39.00,60,12360
20200420,12:22,38.65,38.65,37.55,37.55,400,12360
20200420,12:23,38.95,38.95,38.35,38.35,40,12360
20200420,12:24,38.80,38.80,38.80,38.80,20,12300
20200420,12:25,40.90,40.90,38.80,38.80,160,12300
20200420,12:26,38.05,39.50,38.00,39.05,200,12300
20200420,12:27,39.10,39.10,38.20,38.80,100,12540
20200420,12:28,38.10,39.30,38.10,38.75,100,12540
20200420,12:29,38.05,39.15,38.05,39.15,80,12620
20200420,12:30,41.25,45.00,41.25,43.35,1120,12620
20200420,12:31,43.00,43.70,41.45,41.55,440,12620
20200420,12:32,41.50,41.50,38.10,38.10,400,13320
20200420,12:33,37.55,37.80,36.30,37.80,680,13320
20200420,12:34,38.00,38.15,38.00,38.15,120,13320
20200420,12:35,37.20,37.20,36.00,36.20,540,13320
20200420,12:36,36.35,36.35,34.45,34.45,300,13160
20200420,12:37,34.45,34.45,33.45,34.00,440,13160
20200420,12:38,35.05,35.75,35.00,35.65,180,13240
20200420,12:39,36.95,37.05,36.40,36.60,300,13240
20200420,12:40,36.20,36.20,35.15,35.95,200,13240
20200420,12:41,35.55,37.25,35.55,35.90,200,13240
20200420,12:42,35.85,35.85,34.80,34.80,120,13300
20200420,12:43,34.45,35.15,34.10,34.10,160,13300
20200420,12:44,34.60,35.00,34.25,34.25,180,13300
20200420,12:45,33.90,34.80,33.55,33.70,300,13200
20200420,12:46,32.95,34.05,32.75,33.90,1160,13200
20200420,12:47,34.05,35.75,33.95,35.75,240,13000
20200420,12:48,36.00,36.00,36.00,36.00,20,13000
20200420,12:49,36.50,36.60,36.20,36.45,340,13000
20200420,12:50,35.00,35.00,35.00,35.00,100,13000
20200420,12:51,35.10,36.50,35.00,36.50,140,13320
20200420,12:52,37.05,38.55,36.45,38.55,520,13320
20200420,12:53,37.15,37.55,36.65,37.50,420,13520
20200420,12:54,38.45,38.75,36.05,38.30,420,13520
20200420,12:55,38.80,39.05,37.95,39.05,480,13520
20200420,12:56,39.20,40.00,37.30,37.30,320,13520
20200420,12:57,36.75,37.35,36.75,37.35,100,13600
20200420,12:58,36.45,36.85,35.05,36.20,220,13600
20200420,12:59,35.55,37.45,35.50,35.50,360,13500
20200420,13:00,35.70,37.10,35.45,36.95,280,13500
20200420,13:01,36.55,38.60,36.55,37.65,420,13500
20200420,13:02,38.25,39.55,38.25,38.30,360,13580
20200420,13:03,39.80,39.90,38.80,38.80,440,13580
20200420,13:04,37.90,38.75,37.90,38.75,200,13580
20200420,13:05,37.90,39.10,36.75,39.10,1040,13640
20200420,13:06,37.95,37.95,37.90,37.90,40,13640
20200420,13:07,38.90,39.55,38.10,39.55,140,13640
20200420,13:08,39.10,39.65,38.95,39.65,260,13640
20200420,13:09,39.50,39.50,38.00,38.75,260,13600
20200420,13:10,38.50,38.80,38.25,38.50,320,13600
20200420,13:11,38.95,38.95,37.35,38.45,320,13600
20200420,13:12,39.50,39.95,38.40,39.85,260,13760
20200420,13:13,40.60,41.25,40.10,40.25,280,13760
20200420,13:14,40.50,41.00,40.00,40.25,320,13760
20200420,13:15,40.50,40.50,39.10,39.10,160,13800
20200420,13:16,38.95,42.35,38.95,41.40,340,13800
20200420,13:17,41.40,41.85,39.35,40.00,260,13800
20200420,13:18,39.50,39.50,37.70,37.70,600,13960
20200420,13:19,37.90,39.40,37.90,38.45,180,13960
20200420,13:20,39.40,39.40,38.50,38.50,220,13960
20200420,13:21,39.30,39.30,38.90,38.90,40,14120
20200420,13:22,39.70,39.95,39.70,39.95,80,14120
20200420,13:23,40.20,46.05,39.75,44.85,1700,14280
20200420,13:24,43.40,46.85,43.40,46.00,3000,14280
20200420,13:25,46.20,46.20,42.55,43.00,800,14280
20200420,13:26,43.00,45.85,43.00,45.00,500,14280
20200420,13:27,45.00,45.00,44.00,44.00,200,14760
20200420,13:28,43.00,43.90,41.05,43.90,220,14760
20200420,13:29,44.55,46.20,44.50,45.75,260,14760
20200420,13:30,45.50,45.50,43.60,43.85,480,14760
20200420,13:31,44.95,44.95,41.40,41.40,1420,14760
20200420,13:32,41.50,44.35,41.50,43.40,1400,14760
20200420,13:33,42.40,44.40,42.40,43.90,520,14680
20200420,13:34,43.75,44.25,43.70,43.70,320,14680
20200420,13:35,43.55,43.55,41.10,41.35,280,14680
20200420,13:36,41.55,41.55,39.20,40.05,1140,14180
20200420,13:37,39.00,39.00,38.50,39.00,500,14180
20200420,13:38,40.00,40.00,39.05,39.65,100,14180
20200420,13:39,39.00,40.00,38.25,40.00,300,14320
20200420,13:40,39.50,39.50,37.40,37.85,360,14320
20200420,13:41,37.30,39.00,37.30,39.00,280,14320
20200420,13:42,37.85,38.90,37.85,38.90,100,14020
20200420,13:44,40.00,40.35,39.80,40.35,240,14020
20200420,13:45,40.10,42.35,40.10,42.25,200,13800
20200420,13:46,44.00,44.00,42.85,43.35,260,13800
20200420,13:47,42.90,43.00,42.90,42.90,60,13800
20200420,13:48,42.95,43.25,42.45,42.45,240,13860
20200420,13:49,43.95,45.00,43.25,43.25,1080,13860
20200420,13:50,43.25,45.60,43.25,45.20,380,13860
20200420,13:51,45.90,45.90,42.30,42.30,380,14560
20200420,13:52,42.35,43.75,42.25,42.25,240,14560
20200420,13:53,42.20,42.40,39.60,39.60,580,14560
20200420,13:54,38.80,39.55,38.75,39.00,200,14440
20200420,13:55,38.05,38.70,36.65,37.05,2500,14440
20200420,13:56,36.90,37.05,34.30,34.30,580,14440
20200420,13:57,34.35,37.00,34.35,37.00,280,14300
20200420,13:58,37.00,37.15,37.00,37.05,160,14300
20200420,13:59,37.05,37.05,36.50,36.50,220,14300
20200420,14:00,36.25,37.55,36.25,36.55,220,13900
20200420,14:01,37.65,37.65,37.65,37.65,20,13900
20200420,14:02,36.95,37.50,36.95,37.05,80,13900
20200420,14:03,36.70,37.10,36.70,37.05,80,12920
20200420,14:04,37.15,37.15,37.05,37.05,60,12920
20200420,14:05,38.45,39.25,38.45,39.25,200,12920
20200420,14:06,39.85,40.15,39.50,40.00,320,12900
20200420,14:07,38.40,38.50,38.40,38.50,60,12900
20200420,14:08,40.00,40.30,39.65,40.15,260,12900
20200420,14:09,39.45,39.70,39.15,39.15,240,12720
20200420,14:10,38.95,39.75,38.85,39.65,700,12720
20200420,14:11,40.15,40.80,39.50,39.50,320,12720
20200420,14:12,39.85,41.75,39.85,40.30,460,12800
20200420,14:13,41.60,41.85,41.60,41.70,120,12800
20200420,14:14,41.00,41.00,40.30,40.30,200,12800
20200420,14:15,40.45,41.05,40.45,41.05,120,12960
20200420,14:16,41.60,41.60,40.95,40.95,100,12960
20200420,14:17,40.35,43.25,40.35,42.50,620,12960
20200420,14:18,44.40,46.50,43.65,46.00,2560,12900
20200420,14:19,45.75,46.10,43.85,43.85,520,12900
20200420,14:20,43.55,47.95,43.55,46.75,1140,12900
20200420,14:21,47.30,54.25,47.30,51.25,2700,13260
20200420,14:22,51.85,52.50,49.55,49.55,1360,13260
20200420,14:23,48.85,50.30,47.00,48.15,700,13260
20200420,14:24,48.35,48.35,44.50,45.25,1040,14220
20200420,14:25,45.70,49.00,45.70,48.80,720,14220
20200420,14:26,49.35,50.45,48.70,48.85,220,14220
20200420,14:27,48.70,51.35,48.70,51.00,880,14080
20200420,14:28,50.60,52.45,50.45,50.45,620,14080
20200420,14:29,50.00,52.75,48.85,51.35,840,14080
20200420,14:30,51.75,55.85,51.70,54.30,1080,14680
20200420,14:31,54.60,54.60,50.05,50.05,2040,14680
20200420,14:32,50.00,50.30,44.80,46.15,1820,14680
20200420,14:33,46.45,49.15,45.90,48.50,1180,14080
20200420,14:34,49.00,49.10,47.65,47.65,1500,14080
20200420,14:35,49.30,49.30,47.90,47.95,120,14080
20200420,14:36,47.75,47.75,42.05,42.15,920,12860
20200420,14:37,42.90,44.45,42.90,44.15,120,12860
20200420,14:38,45.45,47.15,44.95,46.35,440,12860
20200420,14:39,48.50,48.50,46.50,46.55,500,12620
20200420,14:40,46.40,47.60,46.40,47.60,560,12620
20200420,14:41,45.70,45.90,44.00,44.50,380,12620
20200420,14:42,45.55,45.55,41.00,41.00,440,12320
20200420,14:43,40.10,43.70,38.70,43.70,480,12320
20200420,14:44,43.20,43.75,43.20,43.65,160,12320
20200420,14:45,43.00,43.60,40.10,40.10,420,12400
20200420,14:46,40.00,40.00,37.35,38.20,820,12400
20200420,14:47,38.00,38.35,36.00,36.00,700,12400
20200420,14:48,36.00,36.00,34.00,34.00,1660,11720
20200420,14:49,33.60,34.60,32.00,32.00,1140,11720
20200420,14:50,31.80,32.30,27.90,29.00,3360,11720
20200420,14:51,28.50,31.70,28.50,31.70,1000,11940
20200420,14:52,32.75,34.35,31.25,32.00,620,11940
20200420,14:53,31.65,32.00,30.20,31.20,420,11940
20200420,14:54,31.55,31.80,31.25,31.60,500,11620
20200420,14:55,30.70,31.10,29.65,30.15,820,11620
20200420,14:56,29.95,30.95,29.15,30.95,740,11620
20200420,14:57,31.05,33.40,30.90,33.40,300,10800
20200420,14:58,34.00,35.00,33.40,33.40,1640,10800
20200420,14:59,34.10,34.10,31.60,32.20,360,10800
20200420,15:00,32.65,32.80,31.75,32.55,740,11240
20200420,15:01,32.95,34.10,32.25,32.95,420,11240
20200420,15:02,33.35,34.15,33.00,34.05,580,11240
20200420,15:03,34.50,34.50,33.00,33.95,1860,10880
20200420,15:04,34.00,34.35,33.15,33.75,1280,10880
20200420,15:05,33.40,33.40,30.80,30.80,360,10880
20200420,15:06,31.45,31.65,30.60,30.60,400,10680
20200420,15:07,30.55,31.20,30.25,30.25,280,10680
20200420,15:08,30.10,30.10,27.20,27.20,700,10680
20200420,15:09,28.70,28.70,26.20,26.20,560,10840
20200420,15:10,26.90,27.00,26.20,26.90,420,10840
20200420,15:11,27.30,27.35,26.55,27.35,180,10840
20200420,15:12,27.35,27.35,26.65,26.90,1240,11040
20200420,15:13,27.15,28.60,27.15,28.60,600,11040
20200420,15:14,28.40,29.90,28.40,28.95,420,11040
20200420,15:15,30.25,31.90,30.25,31.15,840,10580
20200420,15:16,32.25,32.25,30.00,30.10,200,10580
20200420,15:17,29.45,30.95,29.45,30.95,520,10580
20200420,15:18,31.25,31.60,30.15,30.45,440,10420
20200420,15:19,30.15,30.15,28.55,29.25,860,10420
20200420,15:20,29.60,30.05,29.40,30.00,200,10420
20200420,15:21,29.30,30.00,28.70,28.70,700,10540
20200420,15:22,28.65,29.25,28.55,29.25,880,10540
20200420,15:23,28.05,28.85,27.65,28.40,420,10540
20200420,15:24,28.35,28.65,27.90,28.55,280,10520
20200420,15:25,27.95,28.50,27.60,28.50,1260,10520
20200420,15:26,27.50,27.50,26.85,26.85,1120,10520
20200420,15:27,26.10,27.10,26.05,26.40,520,9800
20200420,15:28,26.00,26.00,24.65,25.95,480,9800
20200420,15:29,25.95,25.95,20.05,20.05,480,9800
20200421,09:15,4.00,12.70,3.20,6.40,1561,8100
20200421,09:16,7.80,10.35,6.95,10.35,1380,8100
20200421,09:17,10.15,11.00,9.60,11.00,760,8160
20200421,09:18,12.85,12.85,9.45,10.95,980,8160
20200421,09:19,11.10,13.45,10.05,11.00,360,8160
20200421,09:20,10.05,10.25,9.45,9.50,820,8260
20200421,09:21,9.30,9.50,8.75,8.75,1760,8260
20200421,09:22,8.80,8.80,8.30,8.50,560,8260
20200421,09:23,8.45,9.15,8.35,8.45,900,9640
20200421,09:24,8.40,8.95,8.30,8.85,480,9640
20200421,09:25,8.70,9.25,8.70,9.10,640,9640
20200421,09:26,9.15,9.25,8.85,9.25,300,9880
20200421,09:27,8.85,8.90,8.45,8.45,600,9880
20200421,09:28,8.70,9.10,8.50,8.95,580,9880
20200421,09:29,8.55,9.50,8.55,9.50,600,10020
20200421,09:30,9.20,9.30,8.85,8.85,220,10020
20200421,09:31,9.00,9.15,8.80,8.80,400,10020
20200421,09:32,9.20,9.65,8.75,9.35,960,10200
20200421,09:33,9.60,9.60,9.05,9.45,400,10200
20200421,09:34,9.25,9.25,9.05,9.05,240,10200
20200421,09:35,9.00,10.30,9.00,9.45,540,10340
20200421,09:36,9.85,10.30,9.85,10.15,980,10340
20200421,09:37,10.00,10.00,9.85,9.85,400,10340
20200421,09:38,9.95,10.40,9.65,9.85,620,10220
20200421,09:39,9.70,9.85,9.55,9.55,320,10220
20200421,09:40,9.80,9.80,9.15,9.45,200,10220
20200421,09:41,9.60,10.05,9.60,10.05,520,10300
20200421,09:42,9.65,9.85,9.65,9.70,380,10300
20200421,09:43,9.60,9.95,9.35,9.50,240,10300
20200421,09:44,9.65,9.65,9.15,9.50,540,10680
20200421,09:45,9.35,9.40,8.95,9.20,960,10680
20200421,09:46,8.80,8.95,8.60,8.95,180,10680
20200421,09:47,8.90,9.00,8.75,8.90,260,11040
20200421,09:48,8.85,9.30,8.50,8.95,380,11040
20200421,09:49,9.20,9.20,9.20,9.20,20,11040
20200421,09:50,9.10,9.20,9.10,9.20,40,10780
20200421,09:51,9.10,9.15,9.10,9.15,40,10780
20200421,09:53,9.35,9.35,9.20,9.20,40,10820
20200421,09:54,9.30,9.30,9.30,9.30,20,10820
20200421,09:55,9.15,9.15,9.15,9.15,100,10820
20200421,09:56,8.90,9.25,8.90,9.15,100,10800
20200421,09:57,9.25,9.25,9.00,9.25,100,10800
20200421,09:58,9.30,9.30,9.00,9.00,80,10800
20200421,09:59,9.00,9.00,8.95,8.95,40,10800
20200421,10:00,9.40,9.40,9.20,9.20,120,10840
20200421,10:01,9.00,9.05,9.00,9.05,40,10840
20200421,10:02,8.90,9.00,8.90,9.00,100,10880
20200421,10:03,8.75,8.85,8.70,8.70,180,10880
20200421,10:04,8.60,8.75,8.60,8.60,100,10880
20200421,10:05,8.50,8.50,8.50,8.50,20,10880
20200421,10:06,8.60,8.60,8.60,8.60,40,10920
20200421,10:07,8.35,8.45,8.25,8.40,480,10920
20200421,10:08,8.15,8.15,7.95,8.15,180,10660
20200421,10:09,8.10,8.15,8.10,8.15,160,10660
20200421,10:10,8.15,8.15,8.15,8.15,20,10660
20200421,10:11,8.35,8.35,8.20,8.25,120,10700
20200421,10:12,8.25,8.25,8.25,8.25,80,10700
20200421,10:13,8.20,8.25,8.20,8.25,80,10700
20200421,10:14,8.15,8.15,8.00,8.00,480,10720
20200421,10:15,8.15,8.15,7.75,7.75,180,10720
20200421,10:16,8.05,8.15,7.80,8.15,200,10720
20200421,10:17,7.75,7.95,7.45,7.95,160,10460
20200421,10:18,7.75,8.00,7.55,8.00,400,10460
20200421,10:19,7.95,7.95,7.75,7.85,240,10460
20200421,10:20,7.90,8.15,7.90,7.95,120,10360
20200421,10:21,8.10,8.10,8.10,8.10,40,10360
20200421,10:22,8.25,8.35,7.90,8.00,900,10360
20200421,10:23,7.85,7.95,7.85,7.95,60,10280
20200421,10:24,7.85,8.15,7.85,7.85,180,10280
20200421,10:26,7.95,7.95,7.85,7.85,280,10340
20200421,10:27,7.85,7.85,7.85,7.85,20,10340
20200421,10:28,7.95,7.95,7.95,7.95,20,10340
20200421,10:29,7.85,7.95,7.80,7.95,500,10480
20200421,10:30,7.80,7.80,7.45,7.50,180,10480
20200421,10:32,7.40,7.60,7.30,7.30,260,10440
20200421,10:33,7.05,7.20,7.05,7.20,60,10440
20200421,10:34,7.20,7.35,7.15,7.30,340,10440
20200421,10:35,7.30,7.30,7.20,7.30,80,10140
20200421,10:36,7.30,7.50,7.10,7.50,260,10140
20200421,10:37,7.40,7.40,7.15,7.15,60,10140
20200421,10:38,7.20,7.20,6.95,7.20,840,9840
20200421,10:39,7.00,7.15,7.00,7.15,200,9840
20200421,10:40,7.10,7.15,6.60,6.60,100,9840
20200421,10:41,7.20,7.20,6.50,6.50,100,9940
20200421,10:42,6.70,6.70,6.70,6.70,20,9940
20200421,10:45,7.00,7.10,7.00,7.05,160,9920
20200421,10:46,7.05,7.20,7.00,7.20,220,9920
20200421,10:48,7.30,7.45,7.30,7.45,100,9780
20200421,10:49,7.30,7.30,7.30,7.30,20,9780
20200421,10:50,7.25,7.50,7.25,7.50,660,9840
20200421,10:51,7.80,7.80,7.30,7.45,80,9840
20200421,10:52,7.30,7.50,7.30,7.50,40,9840
20200421,10:55,7.35,7.50,7.35,7.35,80,9300
20200421,10:57,7.30,7.60,7.30,7.60,160,9280
20200421,10:58,7.65,7.65,7.65,7.65,20,9280
20200421,10:59,7.10,7.10,7.10,7.10,20,9280
20200421,11:00,7.15,7.15,7.15,7.15,40,9280
20200421,11:01,7.30,7.35,7.10,7.10,80,9280
20200421,11:02,7.20,7.20,7.20,7.20,20,9260
20200421,11:03,7.10,7.60,7.10,7.60,200,9260
20200421,11:05,7.75,7.75,7.75,7.75,40,9260
20200421,11:07,7.50,7.50,7.50,7.50,20,9220
20200421,11:08,7.20,7.20,7.20,7.20,20,9220
20200421,11:09,7.25,7.25,7.15,7.15,40,9020
20200421,11:11,7.10,7.10,7.10,7.10,60,9000
20200421,11:12,7.10,7.10,7.10,7.10,140,9000
20200421,11:13,7.25,7.25,7.25,7.25,20,9000
20200421,11:14,7.35,7.45,7.15,7.25,120,9000
20200421,11:15,7.10,7.10,7.05,7.10,400,8840
20200421,11:16,6.90,6.95,6.90,6.95,40,8840
20200421,11:17,6.90,6.90,6.70,6.70,100,8800
20200421,11:19,6.60,6.75,6.60,6.75,520,8800
20200421,11:22,6.65,6.65,6.65,6.65,40,8440
20200421,11:23,6.75,6.95,6.75,6.95,40,8440
20200421,11:27,6.80,6.80,6.80,6.80,20,8420
20200421,11:28,6.85,6.85,6.85,6.85,40,8420
20200421,11:29,6.35,6.60,6.35,6.60,100,8380
20200421,11:30,6.60,6.65,6.60,6.60,80,8380
20200421,11:31,6.60,6.60,6.60,6.60,20,8380
20200421,11:32,6.65,6.65,6.65,6.65,20,8380
20200421,11:33,6.60,6.60,6.60,6.60,20,8380
20200421,11:34,6.65,6.75,6.60,6.75,140,8380
20200421,11:35,6.60,6.60,6.60,6.60,40,8380
20200421,11:36,6.65,6.65,6.65,6.65,20,8420
20200421,11:37,6.30,6.30,6.30,6.30,140,8420
20200421,11:38,6.45,6.60,6.45,6.60,160,8340
20200421,11:39,6.45,6.45,6.45,6.45,20,8340
20200421,11:40,6.25,6.60,6.25,6.25,140,8340
20200421,11:41,6.30,6.55,6.30,6.55,40,8340
20200421,11:42,6.65,6.95,6.65,6.95,60,8240
20200421,11:43,6.55,6.55,6.55,6.55,120,8240
20200421,11:44,6.65,6.70,6.55,6.65,80,8060
20200421,11:45,6.50,6.55,6.45,6.55,220,8060
20200421,11:46,6.45,6.45,6.45,6.45,20,8060
20200421,11:47,6.45,6.45,6.45,6.45,40,8060
20200421,11:48,6.40,6.60,6.40,6.45,120,8120
20200421,11:49,6.45,6.55,6.45,6.55,80,8120
20200421,11:51,7.00,7.00,6.80,6.85,200,8200
20200421,11:52,6.90,6.95,6.80,6.90,140,8200
20200421,11:53,6.70,6.75,6.70,6.75,120,8200
20200421,11:54,6.80,6.80,6.80,6.80,80,8320
20200421,11:55,6.95,7.00,6.85,7.00,240,8320
20200421,11:56,7.15,7.25,6.95,7.10,280,8120
20200421,11:57,6.85,6.85,6.80,6.85,140,8120
20200421,11:58,6.85,6.95,6.85,6.95,40,8120
20200421,11:59,7.05,7.05,7.00,7.00,40,8220
20200421,12:00,7.20,7.20,6.90,7.10,120,8220
20200421,12:01,7.35,7.35,7.00,7.00,280,8220
20200421,12:02,7.30,7.30,6.95,7.30,160,8220
20200421,12:03,7.30,7.30,7.00,7.00,260,8300
20200421,12:04,7.10,7.10,7.10,7.10,60,8300
20200421,12:05,6.80,6.80,6.80,6.80,180,8300
20200421,12:06,6.85,6.85,6.85,6.85,60,8540
20200421,12:07,6.70,6.70,6.70,6.70,240,8540
20200421,12:08,6.60,6.60,6.50,6.50,60,8540
20200421,12:09,6.65,6.75,6.65,6.75,140,8480
20200421,12:10,6.55,6.55,6.55,6.55,100,8480
20200421,12:14,6.75,6.75,6.50,6.65,240,8480
20200421,12:15,6.70,6.70,6.70,6.70,20,8380
20200421,12:16,6.90,6.90,6.90,6.90,60,8380
20200421,12:18,6.55,6.55,6.55,6.55,20,8380
20200421,12:21,6.55,6.55,6.55,6.55,20,8360
20200421,12:24,6.55,6.55,6.55,6.55,20,8380
20200421,12:25,6.50,6.60,6.45,6.45,320,8340
20200421,12:26,6.20,6.25,6.20,6.25,100,8440
20200421,12:27,6.20,6.20,6.20,6.20,40,8440
20200421,12:28,6.10,6.10,6.10,6.10,60,8440
20200421,12:29,6.10,6.10,6.10,6.10,40,8440
20200421,12:30,6.10,6.45,6.00,6.20,460,8420
20200421,12:31,6.00,6.00,6.00,6.00,20,8420
20200421,12:32,6.00,6.00,5.65,5.80,800,8280
20200421,12:33,5.95,6.10,5.65,5.75,260,8280
20200421,12:34,5.85,5.85,5.85,5.85,20,8280
20200421,12:35,5.80,6.10,5.80,6.10,120,7940
20200421,12:36,6.00,6.15,5.80,5.95,220,7940
20200421,12:37,6.15,6.15,6.15,6.15,20,7940
20200421,12:38,6.15,6.15,6.15,6.15,20,7940
20200421,12:39,6.15,6.20,5.90,5.90,120,7940
20200421,12:40,6.15,6.15,6.10,6.10,220,7940
20200421,12:41,5.80,6.00,5.80,6.00,40,7940
20200421,12:42,5.95,5.95,5.95,5.95,40,7960
20200421,12:44,5.95,5.95,5.85,5.85,60,7960
20200421,12:45,5.85,5.90,5.85,5.90,40,8040
20200421,12:46,5.95,6.10,5.95,6.10,60,8040
20200421,12:47,5.90,6.05,5.90,5.90,260,7920
20200421,12:48,6.05,6.05,5.65,5.85,560,7920
20200421,12:49,5.65,5.65,5.65,5.65,60,7920
20200421,12:50,5.75,5.75,5.75,5.75,40,7920
20200421,12:51,5.55,5.55,5.55,5.55,40,7900
20200421,12:52,5.70,5.80,5.65,5.70,140,7900
20200421,12:53,5.75,5.75,5.75,5.75,20,7900
20200421,12:54,5.70,5.70,5.70,5.70,60,7920
20200421,12:55,5.75,5.85,5.60,5.75,120,7920
20200421,12:56,5.70,5.75,5.70,5.70,200,7920
20200421,12:57,5.60,5.60,5.60,5.60,40,7820
20200421,12:58,5.75,5.85,5.65,5.80,300,7820
20200421,12:59,5.85,5.90,5.75,5.75,300,7880
20200421,13:00,6.00,6.00,5.90,5.95,300,7880
20200421,13:01,6.00,6.15,6.00,6.15,100,7880
20200421,13:02,6.15,6.30,6.15,6.30,100,7880
20200421,13:03,6.25,6.30,6.25,6.30,40,8040
20200421,13:04,6.00,6.15,5.95,5.95,220,8040
20200421,13:05,6.00,6.10,6.00,6.10,80,8140
20200421,13:06,6.00,6.10,6.00,6.10,60,8140
20200421,13:07,6.25,6.25,6.00,6.00,60,8140
20200421,13:08,5.95,5.95,5.95,5.95,40,8140
20200421,13:09,6.00,6.05,5.95,6.05,60,8120
20200421,13:10,6.05,6.10,6.05,6.10,40,8120
20200421,13:11,6.05,6.05,6.05,6.05,20,8120
20200421,13:12,6.00,6.00,6.00,6.00,20,8120
20200421,13:13,6.10,6.25,6.00,6.00,380,8140
20200421,13:14,6.05,6.10,6.05,6.10,80,8340
20200421,13:15,6.15,6.15,6.15,6.15,20,8340
20200421,13:16,5.95,5.95,5.95,5.95,40,8340
20200421,13:17,5.95,5.95,5.95,5.95,160,8340
20200421,13:18,5.90,6.00,5.90,6.00,120,8320
20200421,13:19,6.00,6.00,6.00,6.00,40,8320
20200421,13:20,6.00,6.30,5.95,6.30,120,8320
20200421,13:21,5.95,5.95,5.50,5.50,320,8420
20200421,13:22,5.90,5.90,5.75,5.90,120,8420
20200421,13:23,5.80,5.85,5.75,5.75,140,8220
20200421,13:24,5.70,6.00,5.70,5.85,100,8220
20200421,13:25,6.05,6.05,5.80,5.80,60,8220
20200421,13:26,6.10,6.10,5.80,5.80,120,8220
20200421,13:27,5.95,5.95,5.95,5.95,20,8220
20200421,13:28,5.90,6.00,5.90,6.00,60,8220
20200421,13:29,6.15,6.15,6.15,6.15,20,8220
20200421,13:30,6.00,6.00,6.00,6.00,20,8200
20200421,13:31,5.95,6.10,5.95,6.00,60,8200
20200421,13:32,6.25,6.30,6.25,6.25,60,8200
20200421,13:33,6.15,6.15,6.15,6.15,20,8120
20200421,13:34,6.25,6.50,6.25,6.50,60,8120
20200421,13:35,6.45,6.60,6.40,6.40,200,8120
20200421,13:36,6.60,6.65,6.30,6.30,160,8200
20200421,13:37,6.35,6.35,6.35,6.35,100,8200
20200421,13:38,6.30,6.35,6.30,6.35,40,8200
20200421,13:40,6.40,6.40,6.30,6.40,120,8240
20200421,13:41,6.25,6.30,6.25,6.25,60,8240
20200421,13:42,6.30,6.30,6.20,6.20,40,8280
20200421,13:43,6.40,6.40,6.40,6.40,60,8280
20200421,13:44,6.25,6.25,6.15,6.15,60,8280
20200421,13:45,6.15,6.15,5.75,5.75,140,8200
20200421,13:46,6.10,6.10,6.10,6.10,40,8200
20200421,13:50,6.20,6.20,6.15,6.15,40,8120
20200421,13:51,6.00,6.10,6.00,6.00,120,8120
20200421,13:52,6.15,6.20,6.00,6.20,200,8120
20200421,13:53,6.05,6.30,5.95,6.15,300,8120
20200421,13:54,6.30,6.35,6.10,6.25,260,8060
20200421,13:55,6.20,6.20,6.15,6.15,60,8060
20200421,13:58,6.50,6.50,6.30,6.40,180,8060
20200421,13:59,6.40,6.40,6.40,6.40,60,8060
20200421,14:00,6.50,6.50,6.15,6.45,240,8080
20200421,14:04,6.45,6.45,6.45,6.45,40,8080
20200421,14:05,6.50,6.65,6.25,6.65,520,8080
20200421,14:06,6.60,6.85,6.60,6.85,380,8080
20200421,14:07,6.75,6.75,6.65,6.65,40,8080
20200421,14:08,6.65,6.70,6.55,6.55,60,8080
20200421,14:09,6.55,6.85,6.55,6.85,80,8280
20200421,14:10,6.65,6.65,6.60,6.65,120,8280
20200421,14:11,6.70,6.75,6.70,6.75,140,8280
20200421,14:12,6.65,6.80,6.50,6.50,100,8240
20200421,14:14,6.50,6.65,6.35,6.35,300,8240
20200421,14:15,6.35,6.50,6.35,6.50,80,8140
20200421,14:16,6.40,6.95,6.30,6.95,340,8140
20200421,14:17,6.75,7.10,6.75,7.00,240,8140
20200421,14:18,6.80,7.20,6.80,7.00,340,8080
20200421,14:19,7.05,7.30,7.00,7.15,2380,8080
20200421,14:20,7.20,7.20,7.05,7.10,60,8080
20200421,14:21,6.45,6.55,6.45,6.50,1080,9000
20200421,14:22,6.65,6.65,6.35,6.40,240,9000
20200421,14:23,6.30,6.50,6.20,6.20,200,9000
20200421,14:24,6.30,6.75,6.30,6.75,340,8380
20200421,14:25,6.45,6.85,6.45,6.55,400,8380
20200421,14:26,6.70,6.90,6.65,6.70,220,8380
20200421,14:27,6.75,7.00,6.70,6.80,240,8240
20200421,14:29,6.60,6.85,6.60,6.85,60,8240
20200421,14:30,6.80,6.80,6.75,6.80,180,8280
20200421,14:31,6.90,7.30,6.90,7.10,180,8280
20200421,14:32,7.15,7.15,6.85,7.00,280,8280
20200421,14:33,7.00,7.75,6.80,7.65,520,8440
20200421,14:34,7.65,7.75,7.65,7.75,40,8440
20200421,14:35,7.60,7.60,7.30,7.30,60,8440
20200421,14:36,6.75,7.20,6.75,7.00,300,8500
20200421,14:37,6.85,7.00,6.75,6.75,140,8500
20200421,14:38,6.75,7.00,6.75,7.00,40,8500
20200421,14:39,6.90,6.90,6.90,6.90,120,8180
20200421,14:40,7.05,7.20,7.05,7.05,100,8180
20200421,14:41,6.75,6.90,6.75,6.90,60,8180
20200421,14:43,6.60,6.70,6.25,6.30,1100,8200
20200421,14:44,6.45,6.45,6.20,6.20,360,8200
20200421,14:45,6.40,6.40,6.05,6.35,380,8060
20200421,14:46,6.40,6.40,6.40,6.40,20,8060
20200421,14:47,6.40,6.55,6.15,6.40,380,8060
20200421,14:48,6.15,6.25,6.15,6.25,120,7960
20200421,14:49,6.10,6.30,6.10,6.30,140,7960
20200421,14:50,6.25,6.40,6.15,6.15,60,7960
20200421,14:51,6.75,6.75,6.55,6.55,40,7840
20200421,14:52,6.35,6.65,6.20,6.20,340,7840
20200421,14:53,6.45,6.45,6.40,6.40,100,7840
20200421,14:54,6.40,6.40,6.30,6.30,140,7780
20200421,14:55,6.05,6.15,6.05,6.10,140,7780
20200421,14:56,5.90,6.25,5.75,6.25,500,7780
20200421,14:57,5.90,6.15,5.90,6.15,80,7620
20200421,14:58,6.20,6.20,6.10,6.10,40,7620
20200421,14:59,6.15,6.15,6.10,6.10,60,7620
20200421,15:00,6.15,6.40,6.05,6.40,440,7640
20200421,15:01,6.25,6.40,6.15,6.15,340,7640
20200421,15:02,6.25,6.30,6.25,6.30,80,7640
20200421,15:04,6.35,6.35,6.20,6.30,60,7700
20200421,15:05,6.40,6.40,6.30,6.30,60,7700
20200421,15:06,6.20,6.30,5.85,6.10,160,7660
20200421,15:07,6.30,6.30,6.30,6.30,20,7660
20200421,15:08,6.55,6.55,5.90,6.00,300,7660
20200421,15:09,6.05,6.40,6.05,6.40,60,7740
20200421,15:10,6.45,6.45,6.45,6.45,40,7740
20200421,15:11,6.45,6.45,6.45,6.45,20,7740
20200421,15:13,6.35,6.35,6.35,6.35,40,7720
20200421,15:14,5.55,5.65,5.55,5.65,60,7720
20200421,15:16,5.70,5.80,5.70,5.80,60,7760
20200421,15:18,5.70,5.95,5.70,5.95,140,7580
20200421,15:19,5.65,6.00,5.65,6.00,200,7580
20200421,15:20,6.00,6.15,5.85,5.85,300,7580
20200421,15:21,6.30,6.40,5.85,6.40,460,7580
20200421,15:22,6.15,6.30,5.95,5.95,80,7580
20200421,15:23,5.85,5.85,5.55,5.55,40,7580
20200421,15:24,6.10,6.15,5.90,5.90,100,7500
20200421,15:25,6.15,6.25,6.15,6.15,140,7500
20200421,15:26,6.25,6.30,6.10,6.30,160,7500
20200421,15:27,6.30,6.95,6.30,6.40,160,7440
20200421,15:28,6.55,6.55,6.40,6.40,120,7440
20200421,15:29,7.00,7.00,5.60,6.90,120,7440
20200422,09:15,4.40,4.40,2.30,2.30,62,7460
20200422,09:16,2.30,2.30,2.30,2.30,20,7460
20200422,09:17,3.75,3.75,2.35,2.35,240,7460
20200422,09:18,4.15,4.50,4.10,4.50,200,7500
20200422,09:19,4.50,4.50,3.35,3.35,140,7500
20200422,09:20,3.35,3.35,3.35,3.35,20,7500
20200422,09:22,3.05,3.05,3.05,3.05,40,7620
20200422,09:23,4.65,4.65,3.50,3.50,420,7600
20200422,09:27,3.25,3.45,3.25,3.45,200,7820
20200422,09:29,3.35,3.35,3.35,3.35,40,7880
20200422,09:32,3.45,3.45,3.45,3.45,60,7540
20200422,09:34,3.05,3.05,3.05,3.05,120,7540
20200422,09:36,3.60,3.60,3.60,3.60,20,7400
20200422,09:38,3.00,3.00,3.00,3.00,60,7400
20200422,09:39,2.80,2.80,2.80,2.80,40,7400
20200422,09:42,2.70,2.70,2.70,2.70,20,7440
20200422,09:44,3.15,3.15,3.15,3.15,20,7360
20200422,09:48,2.60,2.60,2.60,2.60,400,7340
20200422,09:50,2.65,2.65,2.65,2.65,20,7340
20200422,09:54,2.75,2.75,2.75,2.75,20,7340
20200422,09:58,2.55,2.55,2.55,2.55,80,7000
20200422,10:01,2.55,2.55,2.55,2.55,20,6980
20200422,10:07,2.55,2.60,2.55,2.60,200,6920
20200422,10:13,2.55,2.60,2.55,2.60,300,6900
20200422,10:33,2.80,2.80,2.80,2.80,20,6420
20200422,10:35,3.50,3.50,3.20,3.20,80,6420
20200422,10:36,3.25,3.80,3.25,3.80,40,6400
20200422,10:37,4.85,4.85,4.85,4.85,540,6400
20200422,10:39,2.50,2.50,2.50,2.50,540,6640
20200422,10:41,3.40,3.70,3.40,3.50,420,6520
20200422,10:42,3.70,3.75,3.70,3.75,160,6520
20200422,10:50,3.75,3.75,3.75,3.75,40,6580
20200422,10:59,2.40,3.25,2.40,3.25,60,6280
20200422,11:00,3.25,3.25,3.25,3.25,40,6300
20200422,11:03,3.20,3.30,3.20,3.30,60,6340
20200422,11:05,3.30,3.75,3.30,3.75,40,6360
20200422,11:14,3.75,3.75,3.05,3.05,160,6320
20200422,11:17,3.50,3.50,3.50,3.50,40,6300
20200422,11:20,3.70,3.70,2.70,3.70,120,6260
20200422,11:21,3.75,4.00,3.75,4.00,40,6260
20200422,11:23,2.70,2.70,2.70,2.70,20,6200
20200422,11:28,3.55,3.55,3.55,3.55,20,6200
20200422,11:39,3.60,3.60,3.60,3.60,540,6200
20200422,11:42,3.15,3.50,3.15,3.45,60,6580
20200422,11:46,3.20,3.20,3.20,3.20,60,6580
20200422,11:52,3.15,3.25,3.15,3.25,60,6600
20200422,12:22,3.00,3.00,3.00,3.00,20,6580
20200422,12:25,2.40,2.40,2.40,2.40,20,6580
20200422,12:38,2.35,2.35,2.35,2.35,40,6580
20200422,12:45,2.85,2.85,2.85,2.85,60,6520
20200422,12:46,2.50,2.50,2.50,2.50,20,6520
20200422,12:48,2.80,2.80,2.80,2.80,60,6500
20200422,12:52,2.80,2.80,2.80,2.80,60,6560
20200422,12:58,2.15,2.15,2.15,2.15,20,6620
20200422,12:59,2.15,2.15,2.15,2.15,40,6620
20200422,13:03,2.80,2.90,2.80,2.90,60,6660
20200422,13:07,4.00,4.00,3.00,3.00,80,6660
20200422,13:31,2.20,2.20,2.20,2.20,100,6720
20200422,13:39,2.65,2.95,2.20,2.90,300,6620
20200422,13:41,3.10,3.10,3.10,3.10,80,6620
20200422,13:43,2.55,2.55,2.55,2.55,20,6640
20200422,13:50,2.70,2.70,2.70,2.70,40,6640
20200422,13:55,2.55,2.55,2.55,2.55,40,6640
20200422,13:57,2.65,2.65,2.65,2.65,100,6640
20200422,13:59,2.40,2.40,2.40,2.40,60,6500
20200422,14:00,2.10,2.10,2.10,2.10,60,6500
20200422,14:08,2.10,2.10,2.10,2.10,20,6380
20200422,14:16,2.35,2.35,2.35,2.35,40,6360
20200422,14:17,2.40,2.40,2.40,2.40,20,6360
20200422,14:26,3.25,3.25,2.95,2.95,40,6360
20200422,14:33,2.50,2.50,2.50,2.50,20,6340
20200422,14:34,3.00,3.00,3.00,3.00,20,6340
20200422,14:35,3.25,3.25,3.25,3.25,40,6340
20200422,14:37,5.35,5.35,5.35,5.35,2160,6320
20200422,14:41,3.15,3.35,3.15,3.30,300,7600
20200422,14:44,3.95,3.95,3.95,3.95,20,7620
20200422,14:46,3.40,3.45,3.40,3.45,40,7640
20200422,14:50,3.05,3.05,3.05,3.05,20,7660
20200422,14:52,3.00,3.00,3.00,3.00,20,7640
20200422,14:53,3.05,3.05,3.00,3.00,380,7640
20200422,14:54,3.00,3.00,2.80,2.80,200,7360
20200422,14:55,2.75,2.75,2.70,2.70,80,7360
20200422,14:56,3.00,3.00,2.90,2.90,240,7360
20200422,14:57,2.70,2.70,2.70,2.70,240,7360
20200422,14:58,2.65,2.65,2.65,2.65,40,7180
20200422,15:01,3.85,3.85,2.65,2.65,360,7140
20200422,15:02,2.65,2.65,2.65,2.65,40,7140
20200422,15:03,2.65,2.65,2.65,2.65,120,7140
20200422,15:05,2.65,2.65,2.65,2.65,40,7100
20200422,15:06,2.65,2.65,2.00,2.00,240,7100
20200422,15:08,1.70,1.70,1.40,1.40,2160,7080
20200422,15:09,1.40,2.15,1.40,1.95,480,7080
20200422,15:10,1.95,1.95,1.95,1.95,60,6700
20200422,15:13,1.95,1.95,1.95,1.95,60,6480
20200422,15:14,1.75,1.75,1.75,1.75,20,6480
20200422,15:15,1.55,1.70,1.40,1.70,160,6420
20200422,15:16,1.75,1.75,1.55,1.55,360,6420
20200422,15:17,1.55,1.55,1.35,1.55,180,6420
20200422,15:18,1.35,1.35,1.35,1.35,20,6420
20200422,15:19,1.25,1.25,1.25,1.25,80,6400
20200422,15:21,1.50,1.50,1.50,1.50,40,6400
20200422,15:23,1.25,1.70,1.25,1.70,300,6460
20200422,15:25,1.55,1.55,1.55,1.55,20,6460
20200422,15:26,1.55,1.55,1.35,1.40,440,6460
20200422,15:27,1.35,1.35,1.35,1.35,20,6460
20200422,15:28,1.30,1.30,1.30,1.30,40,6140
20200422,15:29,1.35,1.65,1.30,1.65,400,6140
20200423,09:15,0.95,1.65,0.20,0.20,2542,6160
20200423,09:16,0.20,0.20,0.20,0.20,60,6160
20200423,09:17,0.75,0.75,0.70,0.70,500,6160
20200423,09:22,0.30,0.50,0.30,0.50,100,8760
20200423,09:23,0.50,0.50,0.50,0.50,20,8660
20200423,09:28,0.50,0.55,0.50,0.55,180,8640
20200423,09:29,0.50,0.50,0.50,0.50,160,8480
20200423,09:31,0.10,0.10,0.10,0.10,40,8480
20200423,09:33,0.10,0.10,0.10,0.10,40,8480
20200423,09:44,0.25,0.25,0.25,0.25,20,8320
20200423,09:47,0.30,0.30,0.30,0.30,80,8300
20200423,09:48,0.15,0.15,0.15,0.15,20,8300
20200423,09:52,0.95,0.95,0.95,0.95,2500,8300
20200423,09:53,0.15,0.85,0.15,0.85,780,10520
20200423,09:57,0.55,0.55,0.55,0.55,20,10520
20200423,10:04,0.55,0.55,0.50,0.50,280,10280
20200423,10:05,0.50,0.50,0.50,0.50,160,10040
20200423,10:07,0.35,0.35,0.35,0.35,40,10040
20200423,10:28,0.40,0.40,0.40,0.40,20,9840
20200423,10:38,0.40,0.40,0.40,0.40,240,9840
20200423,10:43,0.55,0.55,0.55,0.55,160,9580
20200423,10:45,0.45,0.45,0.45,0.45,20,9580
20200423,10:51,0.45,0.45,0.45,0.45,60,9560
20200423,10:52,0.45,0.45,0.45,0.45,940,9560
20200423,10:55,0.50,0.50,0.50,0.50,20,9560
20200423,10:56,0.50,0.50,0.50,0.50,20,9600
20200423,10:57,0.50,0.50,0.50,0.50,20,9600
20200423,11:00,0.20,0.20,0.20,0.20,20,9660
20200423,11:02,0.65,0.65,0.65,0.65,100,9660
20200423,11:03,0.15,0.15,0.15,0.15,20,9640
20200423,11:07,0.40,0.40,0.40,0.40,20,9720
20200423,11:15,0.40,0.40,0.40,0.40,20,9720
20200423,11:36,0.20,0.20,0.20,0.20,40,9720
20200423,11:39,0.20,0.20,0.20,0.20,20,9680
20200423,11:44,0.40,0.40,0.40,0.40,20,9660
20200423,12:09,0.20,0.20,0.20,0.20,20,9660
20200423,12:10,1.45,1.45,0.10,0.10,5000,9660
20200423,12:11,0.30,0.30,0.30,0.30,300,9660
20200423,12:14,0.95,0.95,0.95,0.95,2500,9640
20200423,12:17,0.25,0.25,0.25,0.25,20,9640
20200423,12:18,0.70,0.70,0.45,0.45,2700,12080
20200423,12:23,0.40,0.40,0.40,0.40,20,14420
20200423,12:25,0.50,0.50,0.40,0.50,200,14400
20200423,12:26,0.40,0.40,0.40,0.40,20,14400
20200423,12:28,0.40,0.40,0.40,0.40,20,14540
20200423,12:35,0.35,0.35,0.35,0.35,120,14540
20200423,12:37,0.35,0.35,0.35,0.35,240,14540
20200423,12:45,0.35,0.40,0.35,0.40,280,14300
20200423,12:50,0.35,0.35,0.35,0.35,380,14320
20200423,12:52,0.35,0.35,0.35,0.35,20,14320
20200423,12:59,0.30,0.30,0.30,0.30,20,14320
20200423,13:00,0.40,0.40,0.40,0.40,20,13920
20200423,13:23,0.30,0.30,0.30,0.30,20,13920
20200423,13:25,0.30,0.30,0.30,0.30,20,13900
20200423,13:34,0.30,0.30,0.30,0.30,20,13900
20200423,13:39,0.30,0.30,0.20,0.20,200,13860
20200423,13:41,0.25,0.25,0.20,0.20,200,13860
20200423,13:42,0.20,0.20,0.20,0.20,340,13860
20200423,14:01,0.15,0.15,0.15,0.15,20,13860
20200423,14:14,0.25,0.25,0.20,0.20,40,13840
20200423,14:15,0.45,0.45,0.45,0.45,40,13820
20200423,14:22,0.10,0.10,0.10,0.10,2500,13820
20200423,14:28,0.10,0.10,0.10,0.10,20,11320
20200423,14:29,0.05,0.05,0.05,0.05,3660,11320
20200423,14:39,0.05,0.05,0.05,0.05,20,8700
20200423,14:51,0.05,0.05,0.05,0.05,140,8700
20200423,14:55,0.05,0.05,0.05,0.05,20,8700
20200423,15:20,0.05,0.05,0.05,0.05,40,8700
