20200507,13:56,50.00,50.00,50.00,50.00,61,60
20200507,15:13,54.95,54.95,54.95,54.95,20,60
20200508,10:10,48.00,48.00,48.00,48.00,41,60
20200508,10:43,48.00,48.00,48.00,48.00,20,100
20200508,10:59,38.00,38.00,38.00,38.00,40,100
20200508,11:00,38.00,38.00,38.00,38.00,40,100
20200508,11:02,38.00,38.00,38.00,38.00,40,100
20200508,11:03,36.00,36.00,36.00,36.00,40,220
20200508,11:04,36.00,36.00,36.00,36.00,20,220
20200508,11:34,36.00,36.00,36.00,36.00,20,280
20200508,11:50,36.00,36.00,36.00,36.00,20,300
20200508,12:07,38.00,38.00,38.00,38.00,20,320
20200508,12:14,38.00,38.00,38.00,38.00,20,340
20200508,12:26,33.05,33.05,33.05,33.05,20,360
20200508,12:31,33.05,33.05,33.05,33.05,20,360
20200508,12:32,33.10,33.10,33.00,33.00,100,360
20200508,12:51,33.00,33.00,33.00,33.00,20,440
20200508,12:52,34.00,34.00,34.00,34.00,20,440
20200508,12:57,34.00,34.00,34.00,34.00,20,440
20200508,13:02,35.00,35.00,35.00,35.00,20,440
20200508,13:46,35.00,35.00,35.00,35.00,20,460
20200508,13:47,35.90,35.90,35.90,35.90,20,460
20200508,13:50,33.10,33.10,30.00,30.00,60,480
20200508,13:54,30.00,39.95,30.00,39.95,200,560
20200508,14:14,30.25,30.25,30.05,30.05,100,620
20200508,14:15,36.00,36.00,36.00,36.00,20,640
20200508,14:18,30.05,30.05,30.05,30.05,40,640
20200508,14:20,31.90,31.90,31.90,31.90,20,660
20200508,14:41,27.45,27.45,27.45,27.45,40,600
20200508,14:45,31.85,31.85,31.85,31.85,20,640
20200508,14:48,31.85,31.85,31.85,31.85,40,640
20200508,14:51,25.05,25.05,25.00,25.00,720,660
20200508,14:57,25.00,25.00,25.00,25.00,20,1320
20200508,15:05,25.00,25.00,25.00,25.00,20,1320
20200508,15:12,24.00,24.00,24.00,24.00,20,1340
20200508,15:21,23.50,23.50,23.50,23.50,20,1340
20200508,15:22,23.50,23.50,23.40,23.40,40,1360
20200508,15:23,23.40,23.40,23.40,23.40,60,1360
20200508,15:24,23.40,25.00,23.40,25.00,40,1380
20200508,15:26,25.00,25.00,25.00,25.00,20,1380
20200508,15:28,25.00,25.00,25.00,25.00,40,1420
20200511,09:17,25.05,25.05,25.05,25.05,61,1460
20200511,09:22,25.00,25.00,25.00,25.00,40,1460
20200511,09:23,25.00,25.00,25.00,25.00,20,1420
20200511,09:28,28.40,28.40,26.00,27.10,140,1480
20200511,09:29,26.95,26.95,26.95,26.95,180,1620
20200511,09:32,26.95,26.95,26.95,26.95,20,1760
20200511,09:34,28.40,28.40,28.40,28.40,200,1760
20200511,09:45,26.90,27.95,26.90,27.95,60,1980
20200511,09:46,23.00,23.00,23.00,23.00,40,1980
20200511,09:50,23.00,23.00,23.00,23.00,40,1980
20200511,09:53,20.05,20.05,20.05,20.05,20,2100
20200511,09:59,20.05,25.00,20.05,25.00,1060,2100
20200511,10:03,21.00,21.00,21.00,21.00,60,3120
20200511,10:05,21.00,21.00,21.00,21.00,40,3120
20200511,10:08,20.00,20.00,20.00,20.00,20,3120
20200511,10:09,19.55,19.55,19.55,19.55,40,3160
20200511,10:10,20.00,20.00,20.00,20.00,320,3160
20200511,10:11,20.00,20.00,20.00,20.00,20,3140
20200511,10:12,20.95,20.95,20.95,20.95,20,3140
20200511,10:14,20.00,20.00,20.00,20.00,160,3140
20200511,10:22,19.35,19.35,19.35,19.35,20,3240
20200511,10:23,19.35,19.35,19.35,19.35,20,3240
20200511,10:28,20.00,20.00,20.00,20.00,20,3260
20200511,10:33,20.00,20.00,20.00,20.00,40,3260
20200511,10:34,20.00,20.00,20.00,20.00,80,3260
20200511,10:36,18.00,18.00,18.00,18.00,320,3340
20200511,10:37,18.00,18.00,18.00,18.00,20,3340
20200511,10:43,16.50,16.50,16.50,16.50,40,3340
20200511,10:45,16.45,16.45,16.45,16.45,20,3660
20200511,10:46,16.45,16.45,16.45,16.45,20,3660
20200511,10:50,19.10,19.10,19.10,19.10,400,3660
20200511,10:52,19.90,19.90,19.90,19.90,80,4060
20200511,10:56,19.10,19.10,19.10,19.10,20,4140
20200511,10:57,16.85,16.85,16.85,16.85,20,4160
20200511,10:59,16.45,19.00,16.45,19.00,40,4160
20200511,11:06,17.40,17.40,17.40,17.40,40,4180
20200511,11:29,15.35,15.35,15.35,15.35,40,4200
20200511,11:31,15.35,15.35,15.30,15.30,100,4200
20200511,11:32,15.35,15.35,15.35,15.35,40,4200
20200511,11:36,15.00,15.00,14.95,14.95,80,4160
20200511,11:39,14.95,14.95,14.95,14.95,60,4160
20200511,11:42,15.00,15.00,15.00,15.00,240,4200
20200511,11:46,15.00,15.00,15.00,15.00,20,4200
20200511,11:47,15.00,15.00,15.00,15.00,140,4220
20200511,11:51,15.00,15.00,15.00,15.00,200,4360
20200511,11:56,17.50,17.50,17.50,17.50,40,4520
20200511,11:58,17.50,17.50,17.50,17.50,180,4500
20200511,11:59,17.55,17.55,17.50,17.50,360,4500
20200511,12:04,17.40,17.40,17.40,17.40,20,4500
20200511,12:43,16.00,16.00,16.00,16.00,200,5060
20200511,12:51,16.95,16.95,16.95,16.95,80,5260
20200511,12:53,17.00,17.00,17.00,17.00,40,5260
20200511,13:26,17.95,17.95,17.95,17.95,20,5020
20200511,13:27,18.90,18.90,18.90,18.90,40,5040
20200511,13:31,17.90,17.90,17.90,17.90,20,5080
20200511,13:38,16.95,16.95,16.95,16.95,20,5100
20200511,13:50,16.10,16.10,16.10,16.10,20,5120
20200511,13:52,15.50,15.50,15.00,15.00,720,5120
20200511,14:10,16.50,16.50,14.80,14.80,60,5820
20200511,14:11,14.80,14.80,14.80,14.80,60,5820
20200511,14:14,15.95,15.95,15.45,15.45,40,5860
20200511,14:15,15.45,15.45,15.40,15.40,120,5840
20200511,14:16,15.00,15.90,15.00,15.90,100,5840
20200511,14:20,15.90,15.90,15.05,15.05,40,5980
20200511,14:24,15.05,15.05,15.05,15.05,100,5980
20200511,14:27,15.05,15.05,15.05,15.05,40,6060
20200511,14:31,14.00,14.00,13.60,13.60,120,6060
20200511,14:32,13.60,13.60,13.60,13.60,40,6060
20200511,14:38,13.60,13.60,13.60,13.60,20,5960
20200511,14:39,14.85,14.85,14.85,14.85,40,5940
20200511,14:41,16.90,16.90,16.90,16.90,200,5940
20200511,14:48,15.65,15.65,15.65,15.65,60,6020
20200511,14:49,14.55,14.55,14.40,14.40,240,6080
20200511,14:51,14.00,14.00,13.80,13.80,240,6080
20200511,14:52,14.00,14.00,13.00,13.00,600,6460
20200511,14:53,13.00,13.00,13.00,13.00,500,6460
20200511,14:54,13.00,13.00,13.00,13.00,20,6460
20200511,14:57,14.75,14.75,14.75,14.75,40,5860
20200511,14:59,14.00,14.00,14.00,14.00,100,5860
20200511,15:01,14.00,14.00,14.00,14.00,240,5780
20200511,15:06,13.95,13.95,13.95,13.95,20,5780
20200511,15:09,14.00,14.00,14.00,14.00,80,5780
20200511,15:13,14.00,14.00,13.75,13.75,40,5880
20200511,15:15,14.70,14.70,14.70,14.70,20,5920
20200511,15:19,14.50,14.50,14.50,14.50,20,5920
20200511,15:20,14.50,14.50,14.50,14.50,20,5920
20200511,15:25,13.20,13.20,13.20,13.20,80,5940
20200511,15:28,14.70,14.70,14.70,14.70,20,5860
20200512,09:16,13.90,13.90,13.90,13.90,281,5860
20200512,09:17,13.85,13.85,12.95,12.95,80,5860
20200512,09:20,10.05,10.05,10.05,10.05,80,6160
20200512,09:22,10.05,10.05,10.05,10.05,20,6160
20200512,09:23,10.40,10.40,10.40,10.40,20,6160
20200512,09:24,10.50,10.50,10.50,10.50,40,6160
20200512,09:25,10.50,10.50,10.50,10.50,40,6160
20200512,09:26,11.60,11.60,11.60,11.60,40,6140
20200512,09:27,11.60,11.60,11.60,11.60,20,6140
20200512,09:30,11.95,11.95,11.95,11.95,20,6180
20200512,09:31,11.95,12.00,11.95,12.00,40,6180
20200512,09:32,11.50,11.50,11.50,11.50,20,6180
20200512,09:34,9.90,9.90,9.90,9.90,20,6180
20200512,09:45,9.90,9.90,9.90,9.90,20,6240
20200512,09:47,9.90,9.90,9.90,9.90,20,6260
20200512,09:48,12.00,12.00,12.00,12.00,40,6260
20200512,09:51,11.95,11.95,11.95,11.95,80,6320
20200512,09:55,11.80,11.80,11.80,11.80,40,6360
20200512,09:56,11.80,11.80,11.75,11.75,500,6360
20200512,10:00,11.80,11.80,11.75,11.75,340,6880
20200512,10:04,11.75,11.75,10.95,10.95,160,7180
20200512,10:05,9.90,10.00,9.90,10.00,300,7320
20200512,10:11,10.00,10.00,10.00,10.00,60,7200
20200512,10:22,10.00,10.00,10.00,10.00,120,7240
20200512,10:23,10.30,10.30,10.30,10.30,60,7340
20200512,10:24,10.35,10.35,10.35,10.35,20,7340
20200512,10:26,11.70,11.70,11.70,11.70,20,7300
20200512,10:35,10.05,10.05,10.00,10.00,100,7300
20200512,10:36,8.05,8.05,8.05,8.05,100,7300
20200512,10:48,8.05,9.05,8.05,9.05,160,7300
20200512,10:51,9.00,9.00,9.00,9.00,40,7320
20200512,10:53,9.00,9.00,9.00,9.00,20,7320
20200512,10:54,8.85,8.85,8.85,8.85,20,7320
20200512,10:55,9.00,9.05,9.00,9.05,260,7320
20200512,10:56,9.05,9.10,9.00,9.10,160,7320
20200512,11:07,8.55,8.55,8.30,8.30,200,7340
20200512,11:09,8.45,8.50,8.45,8.50,40,7440
20200512,11:10,8.75,8.75,8.75,8.75,20,7440
20200512,11:17,9.90,9.90,9.90,9.90,20,7460
20200512,11:21,8.65,8.65,8.65,8.65,20,7480
20200512,11:22,8.60,8.60,8.50,8.50,220,7480
20200512,11:25,8.25,8.25,8.15,8.15,40,7680
20200512,11:27,8.20,8.20,8.20,8.20,20,7720
20200512,11:35,8.05,8.05,8.05,8.05,100,7740
20200512,11:36,8.00,8.00,8.00,8.00,140,7740
20200512,11:39,8.00,8.00,8.00,8.00,60,7740
20200512,11:50,8.25,8.25,8.25,8.25,40,7700
20200512,11:58,8.80,9.00,8.80,9.00,200,7680
20200512,12:19,9.00,9.00,9.00,9.00,20,7800
20200512,12:25,11.95,11.95,9.20,9.20,180,7780
20200512,12:39,9.30,9.30,9.30,9.30,120,7780
20200512,12:40,9.20,9.20,9.20,9.20,80,7780
20200512,12:59,9.00,9.00,8.95,8.95,80,7980
20200512,13:00,8.80,8.80,8.80,8.80,20,7940
20200512,13:02,12.90,12.90,12.90,12.90,140,7940
20200512,13:07,12.05,12.05,12.05,12.05,20,7940
20200512,13:08,12.05,12.05,12.00,12.00,260,7980
20200512,13:25,11.05,11.05,11.05,11.05,20,8220
20200512,13:30,10.95,10.95,10.95,10.95,80,8240
20200512,13:38,11.00,11.00,11.00,11.00,20,8320
20200512,13:42,11.00,11.00,11.00,11.00,100,8340
20200512,13:43,11.00,11.00,11.00,11.00,20,8340
20200512,13:53,10.00,10.00,10.00,10.00,20,8460
20200512,13:55,10.05,10.05,10.05,10.05,20,8480
20200512,14:04,10.05,10.05,10.05,10.05,20,8500
20200512,14:23,12.00,12.00,12.00,12.00,20,8500
20200512,14:28,10.30,10.30,10.30,10.30,60,8500
20200512,14:29,11.95,11.95,11.95,11.95,40,8500
20200512,14:30,11.95,12.00,11.95,12.00,60,8500
20200512,14:32,13.00,13.00,13.00,13.00,40,8540
20200512,14:33,13.00,13.00,13.00,13.00,280,8540
20200512,14:35,12.45,12.45,12.45,12.45,20,8540
20200512,14:39,13.80,13.80,13.80,13.80,120,8420
20200512,14:47,13.80,14.00,13.80,14.00,120,8200
20200512,14:49,14.15,14.15,14.15,14.15,60,8200
20200512,14:50,14.85,14.85,14.85,14.85,20,8200
20200512,14:51,14.95,16.55,14.95,16.55,380,8220
20200512,14:53,16.55,16.55,15.00,15.00,740,8220
20200512,14:55,17.00,17.00,17.00,17.00,120,8320
20200512,14:57,17.00,17.00,16.00,16.00,100,8080
20200512,14:58,15.85,16.95,15.70,16.95,280,8080
20200512,14:59,16.95,16.95,16.95,16.95,20,8080
20200512,15:02,16.50,16.50,16.50,16.50,20,8040
20200512,15:03,15.65,15.65,15.65,15.65,40,8020
20200512,15:04,16.95,16.95,16.95,16.95,20,8020
20200512,15:06,15.60,15.75,15.50,15.50,300,7460
20200512,15:10,14.05,14.05,14.00,14.00,820,7520
20200512,15:15,13.25,13.95,13.25,13.55,100,8300
20200512,15:19,16.00,16.05,15.80,16.05,100,8320
20200512,15:20,16.05,16.90,16.00,16.90,660,8320
20200512,15:21,17.00,17.00,17.00,17.00,100,8320
20200512,15:22,17.50,17.50,17.50,17.50,40,8920
20200512,15:23,18.05,18.05,18.00,18.00,80,8920
20200512,15:24,17.35,17.35,17.00,17.15,440,9320
20200512,15:26,18.95,18.95,18.95,18.95,20,9320
20200512,15:28,18.95,19.45,18.50,19.45,160,9280
20200512,15:29,19.95,19.95,19.95,19.95,40,9280
20200513,09:15,50.00,65.00,50.00,60.05,141,8720
20200513,09:16,62.00,80.00,56.00,56.00,2420,8720
20200513,09:17,59.95,59.95,50.20,55.05,1120,9820
20200513,09:18,55.50,59.90,55.00,55.00,760,9820
20200513,09:19,50.00,54.65,38.15,43.05,2820,9820
20200513,09:20,43.05,59.00,43.00,59.00,860,12040
20200513,09:21,59.95,63.10,57.25,63.10,1860,12040
20200513,09:22,64.00,65.10,59.95,59.95,1700,12040
20200513,09:23,59.00,61.05,56.00,56.00,2720,14060
20200513,09:24,55.80,55.90,48.90,48.90,380,14060
20200513,09:25,48.90,50.85,48.90,49.85,900,14060
20200513,09:26,49.75,50.05,44.80,46.35,2660,16520
20200513,09:27,48.65,51.50,48.25,51.00,740,16520
20200513,09:28,52.95,54.60,52.95,53.50,740,16520
20200513,09:29,53.50,53.50,49.60,51.50,600,17280
20200513,09:30,49.75,55.65,49.75,54.10,400,17280
20200513,09:31,52.30,52.55,50.05,52.00,1800,17280
20200513,09:32,52.80,52.85,50.05,50.05,240,18460
20200513,09:33,50.05,53.75,50.05,51.80,320,18460
20200513,09:34,52.00,52.00,50.10,52.00,100,18460
20200513,09:35,52.85,54.70,52.15,54.50,520,18860
20200513,09:36,54.05,54.75,54.05,54.05,300,18860
20200513,09:37,54.00,54.00,52.50,53.10,360,18860
20200513,09:38,52.00,52.00,51.05,51.05,920,19160
20200513,09:39,51.00,51.00,49.55,50.60,1020,19160
20200513,09:40,49.00,50.00,45.50,46.05,3560,19160
20200513,09:41,46.30,46.30,40.00,40.00,3060,24660
20200513,09:42,40.00,40.90,40.00,40.45,780,24660
20200513,09:43,40.00,40.85,39.95,39.95,260,24660
20200513,09:44,39.95,40.90,38.05,40.85,1240,26540
20200513,09:45,39.00,40.85,38.05,38.05,360,26540
20200513,09:46,39.50,42.00,39.45,42.00,2100,26540
20200513,09:47,42.00,47.50,42.00,44.80,800,27080
20200513,09:49,41.70,44.95,41.70,44.95,120,27080
20200513,09:50,46.00,49.90,46.00,49.90,400,27560
20200513,09:51,50.00,50.00,48.95,50.00,60,27560
20200513,09:52,48.40,50.00,48.40,49.00,120,27560
20200513,09:53,49.95,52.00,49.05,51.75,760,29360
20200513,09:54,51.75,53.25,51.75,52.10,200,29360
20200513,09:55,51.40,51.40,50.00,50.00,160,29360
20200513,09:56,49.95,50.00,48.00,48.00,140,27720
20200513,09:57,47.95,49.35,45.25,45.25,220,27720
20200513,09:58,45.25,47.00,45.20,45.20,820,27720
20200513,09:59,46.45,48.25,46.45,47.90,300,28060
20200513,10:00,49.90,49.90,49.90,49.90,20,28060
20200513,10:01,50.00,51.45,50.00,50.10,260,28060
20200513,10:02,51.80,51.80,51.35,51.35,40,28180
20200513,10:03,52.00,52.00,51.95,52.00,300,28180
20200513,10:04,51.60,51.60,51.00,51.00,260,28180
20200513,10:05,51.00,51.00,50.00,50.00,160,28640
20200513,10:06,49.95,49.95,49.95,49.95,160,28640
20200513,10:07,50.05,50.10,49.00,49.00,1200,28640
20200513,10:08,50.00,51.95,50.00,51.95,380,28640
20200513,10:09,51.10,51.95,51.00,51.05,700,28640
20200513,10:10,51.95,52.00,51.10,51.50,2000,28640
20200513,10:11,51.05,52.00,51.00,52.00,2680,28080
20200513,10:12,51.20,51.20,51.00,51.00,120,28080
20200513,10:13,51.00,51.00,51.00,51.00,20,28080
20200513,10:14,51.00,51.00,50.45,50.45,360,28580
20200513,10:15,51.00,51.45,49.20,49.20,180,28580
20200513,10:16,49.95,49.95,48.40,48.40,180,28580
20200513,10:17,48.10,48.10,46.90,47.95,1740,28460
20200513,10:18,47.95,48.00,47.95,48.00,1340,28460
20200513,10:19,48.00,48.00,46.80,46.80,240,28460
20200513,10:20,47.10,47.10,47.00,47.00,120,26920
20200513,10:21,47.20,48.80,47.15,48.80,360,26920
20200513,10:22,49.00,50.10,49.00,50.10,300,26920
20200513,10:23,50.00,50.80,49.25,49.30,260,26100
20200513,10:24,49.00,49.00,49.00,49.00,20,26100
20200513,10:25,51.50,51.50,49.45,50.00,1180,26100
20200513,10:26,50.00,50.45,50.00,50.45,520,26980
20200513,10:27,49.75,50.45,47.40,47.40,1660,26980
20200513,10:28,47.45,49.25,47.40,49.25,180,26980
20200513,10:29,49.20,50.90,49.20,50.90,220,26440
20200513,10:30,51.65,53.00,51.65,53.00,820,26440
20200513,10:31,52.85,52.85,52.40,52.40,80,26440
20200513,10:32,51.00,51.90,50.70,50.70,280,26600
20200513,10:33,50.85,51.00,49.50,49.50,160,26600
20200513,10:34,49.50,50.50,49.50,49.90,140,26600
20200513,10:35,48.95,49.80,48.95,49.80,80,26200
20200513,10:36,47.70,47.70,47.70,47.70,200,26200
20200513,10:37,47.95,49.10,47.00,48.10,780,26200
20200513,10:38,48.10,50.00,48.10,49.00,1220,26560
20200513,10:39,49.00,50.10,49.00,49.10,2920,26560
20200513,10:40,49.10,49.65,48.00,48.00,980,26560
20200513,10:41,47.00,47.00,46.05,46.05,860,28860
20200513,10:42,46.30,46.30,45.00,45.55,1180,28860
20200513,10:43,46.00,46.00,46.00,46.00,540,28860
20200513,10:44,46.60,48.35,46.00,48.35,500,29620
20200513,10:45,48.60,48.60,48.00,48.50,320,29620
20200513,10:46,48.00,48.00,47.00,47.00,120,29620
20200513,10:47,46.95,46.95,46.00,46.00,200,29320
20200513,10:48,44.55,45.85,44.55,45.85,220,29320
20200513,10:49,46.05,47.50,46.05,47.40,800,29320
20200513,10:50,48.00,48.00,47.00,48.00,1480,29940
20200513,10:51,48.00,48.30,47.90,48.00,420,29940
20200513,10:53,47.90,47.90,47.20,47.55,180,30320
20200513,10:54,47.55,47.55,47.20,47.20,160,30320
20200513,10:55,47.20,48.00,47.20,47.90,360,30320
20200513,10:56,47.20,47.25,47.20,47.20,280,30360
20200513,10:57,47.65,48.20,44.80,47.00,1620,30360
20200513,10:58,46.05,46.05,44.00,44.00,40,30360
20200513,10:59,45.00,45.50,42.85,42.85,720,31500
20200513,11:00,42.75,44.35,42.75,44.05,100,31500
20200513,11:01,44.05,44.50,43.75,43.75,160,31500
20200513,11:02,43.60,43.60,43.60,43.60,20,31500
20200513,11:03,44.20,45.75,44.15,45.35,160,31480
20200513,11:04,45.80,45.90,45.80,45.80,140,31480
20200513,11:05,45.80,45.90,45.05,45.05,100,31560
20200513,11:08,45.05,45.05,45.05,45.05,20,31560
20200513,11:09,45.80,47.90,45.80,47.90,180,31600
20200513,11:10,48.05,48.05,46.60,47.40,520,31600
20200513,11:11,47.45,48.00,47.40,48.00,140,32220
20200513,11:12,48.00,48.00,45.10,45.10,340,32220
20200513,11:14,45.90,46.05,45.90,46.05,60,32220
20200513,11:15,46.70,46.70,46.70,46.70,200,32260
20200513,11:16,47.40,47.70,47.40,47.50,160,32260
20200513,11:17,47.80,47.85,47.40,47.40,340,32060
20200513,11:18,47.10,48.00,47.10,48.00,40,32060
20200513,11:19,48.00,48.05,48.00,48.05,240,32060
20200513,11:20,47.80,47.80,46.55,46.95,280,32280
20200513,11:21,46.25,47.05,45.50,45.50,480,32280
20200513,11:22,46.00,46.05,45.85,45.85,100,32280
20200513,11:24,45.90,46.00,45.90,45.90,420,32100
20200513,11:25,45.90,45.90,45.90,45.90,580,32100
20200513,11:27,45.90,45.90,45.90,45.90,60,32880
20200513,11:28,45.90,45.90,45.50,45.50,180,32880
20200513,11:29,45.50,45.95,45.15,45.15,180,32840
20200513,11:30,45.50,45.90,45.05,45.05,1000,32840
20200513,11:31,45.05,45.05,43.50,44.85,560,32840
20200513,11:32,43.50,43.50,42.55,42.55,160,33600
20200513,11:34,42.55,42.55,42.55,42.55,20,33600
20200513,11:35,42.55,45.25,42.55,43.10,380,33700
20200513,11:36,43.65,45.80,43.65,44.65,140,33700
20200513,11:37,44.80,44.80,44.75,44.75,100,33700
20200513,11:38,44.75,44.75,44.30,44.30,120,33920
20200513,11:39,42.70,44.15,42.70,44.00,140,33920
20200513,11:40,45.25,45.25,45.25,45.25,40,33920
20200513,11:41,45.25,45.25,44.90,44.90,180,33940
20200513,11:42,45.35,45.95,45.25,45.70,180,33940
20200513,11:44,45.40,45.40,45.00,45.00,100,33940
20200513,11:45,45.50,45.50,45.50,45.50,40,34160
20200513,11:46,46.00,46.15,45.85,46.15,220,34160
20200513,11:47,46.00,46.00,45.55,45.55,340,34160
20200513,11:48,46.05,46.05,46.00,46.05,60,33800
20200513,11:49,46.00,46.00,44.95,44.95,120,33800
20200513,11:50,44.90,44.95,44.90,44.95,100,33960
20200513,11:51,45.35,45.35,45.35,45.35,20,33960
20200513,11:52,45.05,45.05,45.00,45.00,40,33960
20200513,11:53,45.90,45.90,45.90,45.90,80,33960
20200513,11:54,47.20,47.20,46.55,46.60,260,34060
20200513,11:56,46.60,46.95,46.60,46.95,60,34220
20200513,11:59,46.95,46.95,45.25,45.25,420,34220
20200513,12:00,46.05,46.05,45.30,46.05,220,34360
20200513,12:01,46.35,46.60,46.35,46.60,100,34360
20200513,12:02,46.35,47.80,46.35,47.80,280,34440
20200513,12:03,47.20,47.75,47.10,47.75,260,34440
20200513,12:04,47.00,47.05,47.00,47.00,520,34440
20200513,12:05,46.35,46.35,45.00,45.65,500,35120
20200513,12:06,45.00,45.00,45.00,45.00,40,35120
20200513,12:07,45.05,45.35,44.20,44.20,380,35120
20200513,12:08,44.00,44.00,44.00,44.00,120,35120
20200513,12:09,45.20,45.20,45.20,45.20,20,35460
20200513,12:10,44.50,44.50,44.50,44.50,20,35460
20200513,12:12,45.75,45.75,45.75,45.75,40,35520
20200513,12:13,45.55,45.55,45.55,45.55,20,35520
20200513,12:14,45.65,45.65,45.65,45.65,20,35560
20200513,12:15,45.90,45.90,45.90,45.90,20,35560
20200513,12:17,45.65,45.65,45.65,45.65,20,35560
20200513,12:18,44.55,44.55,44.50,44.50,60,35540
20200513,12:19,44.00,44.00,44.00,44.00,1180,35540
20200513,12:20,44.00,44.00,42.50,42.50,100,35540
20200513,12:21,43.20,43.20,43.20,43.20,20,36220
20200513,12:23,42.35,42.35,42.10,42.10,280,36220
20200513,12:25,44.30,44.30,44.30,44.30,20,36100
20200513,12:26,45.00,45.00,44.80,44.80,40,36100
20200513,12:28,45.45,45.45,45.45,45.45,160,36040
20200513,12:29,46.30,46.30,46.30,46.30,100,36040
20200513,12:33,45.45,45.45,45.45,45.45,100,36060
20200513,12:36,46.70,46.70,46.05,46.05,40,36020
20200513,12:37,47.10,47.10,46.05,46.05,340,36020
20200513,12:38,46.00,46.00,46.00,46.00,20,36160
20200513,12:39,45.00,45.00,44.95,45.00,640,36160
20200513,12:40,44.80,45.00,44.80,45.00,1260,36160
20200513,12:44,43.25,43.25,40.10,41.15,200,35260
20200513,12:45,41.15,41.15,40.00,40.15,2280,35120
20200513,12:46,40.85,41.95,40.85,41.10,200,35120
20200513,12:47,41.05,41.95,41.05,41.95,40,35120
20200513,12:48,41.75,41.75,40.95,40.95,40,34880
20200513,12:49,41.20,41.60,41.20,41.60,60,34880
20200513,12:50,40.95,41.15,40.90,41.15,140,34920
20200513,12:51,41.15,41.15,41.15,41.15,20,34920
20200513,12:52,42.35,42.60,42.35,42.55,80,34920
20200513,12:53,42.50,44.95,42.50,44.95,360,33380
20200513,12:54,44.00,44.00,44.00,44.00,40,33380
20200513,12:55,44.00,44.00,44.00,44.00,120,33380
20200513,12:58,44.00,44.00,44.00,44.00,100,33520
20200513,12:59,43.50,44.00,43.50,44.00,120,33520
20200513,13:00,44.55,44.55,44.55,44.55,320,33440
20200513,13:01,44.25,44.25,44.25,44.25,100,33440
20200513,13:02,44.25,44.25,42.05,42.05,860,33440
20200513,13:03,43.00,43.00,43.00,43.00,200,34680
20200513,13:04,43.05,43.05,43.00,43.00,400,34680
20200513,13:05,42.60,42.60,42.60,42.60,20,34680
20200513,13:06,43.00,43.95,43.00,43.95,140,35160
20200513,13:07,44.00,44.00,44.00,44.00,120,35160
20200513,13:09,44.30,44.30,44.00,44.00,260,35300
20200513,13:10,44.00,44.05,44.00,44.00,520,35300
20200513,13:11,44.00,44.00,43.00,43.00,440,35300
20200513,13:12,42.00,42.00,41.20,41.70,120,35760
20200513,13:13,42.50,42.50,42.50,42.50,40,35760
20200513,13:14,42.10,42.10,42.10,42.10,20,35760
20200513,13:15,41.80,42.35,41.15,41.15,460,35780
20200513,13:16,40.50,40.50,40.00,40.00,240,35780
20200513,13:18,41.40,43.55,41.40,43.45,280,36020
20200513,13:19,43.55,44.00,43.55,44.00,300,36020
20200513,13:20,44.05,45.00,44.05,45.00,1280,36020
20200513,13:21,46.30,46.30,46.30,46.30,40,36860
20200513,13:22,45.70,46.65,45.70,46.65,200,36860
20200513,13:23,45.95,46.70,45.95,46.70,120,36860
20200513,13:24,47.05,47.90,47.05,47.05,160,37400
20200513,13:25,47.05,48.20,47.00,48.10,440,37400
20200513,13:26,48.10,48.75,47.50,48.55,160,37400
20200513,13:27,48.20,48.75,48.20,48.75,100,37680
20200513,13:28,48.55,48.55,48.55,48.55,40,37680
20200513,13:29,46.50,49.05,46.50,49.05,500,37680
20200513,13:30,49.05,49.05,47.00,47.00,920,36900
20200513,13:32,46.25,46.25,46.25,46.25,80,36900
20200513,13:34,47.05,47.05,47.05,47.05,120,37440
20200513,13:35,48.35,49.00,48.35,49.00,300,37440
20200513,13:36,49.85,50.00,49.85,50.00,180,37380
20200513,13:37,47.90,47.90,47.90,47.90,100,37380
20200513,13:38,48.50,48.55,47.90,48.50,260,37380
20200513,13:40,47.25,47.25,47.10,47.10,100,37660
20200513,13:41,47.05,47.05,47.05,47.05,40,37660
20200513,13:42,47.75,47.90,47.05,47.05,360,37600
20200513,13:44,47.75,47.75,47.75,47.75,20,37600
20200513,13:45,48.70,49.35,48.70,49.35,120,37940
20200513,13:46,49.65,50.45,49.65,50.45,320,37940
20200513,13:47,50.45,50.50,50.45,50.50,60,37940
20200513,13:48,50.00,50.70,49.95,49.95,520,37940
20200513,13:49,49.95,50.00,49.25,49.95,620,37940
20200513,13:50,49.95,50.00,49.20,50.00,440,37940
20200513,13:51,50.00,52.65,50.00,52.65,220,37160
20200513,13:52,53.00,54.10,52.30,53.00,3640,37160
20200513,13:53,53.00,53.00,52.95,52.95,920,37160
20200513,13:54,52.70,53.00,52.70,53.00,520,37240
20200513,13:55,52.85,52.85,50.10,52.55,180,37240
20200513,13:56,51.30,51.30,50.35,50.40,120,37240
20200513,13:57,50.55,51.25,50.20,51.25,300,36580
20200513,13:58,51.35,52.60,50.20,51.20,920,36580
20200513,13:59,51.35,51.45,51.30,51.35,220,36580
20200513,14:00,52.85,53.00,52.85,53.00,580,36180
20200513,14:01,53.00,54.30,53.00,54.30,1160,36180
20200513,14:02,55.05,55.05,52.60,53.95,1000,36180
20200513,14:03,53.95,53.95,53.00,53.15,180,34800
20200513,14:04,54.00,54.55,54.00,54.55,1140,34800
20200513,14:05,54.00,54.00,54.00,54.00,40,34800
20200513,14:06,53.00,53.00,50.70,52.00,780,34860
20200513,14:07,52.00,52.00,48.10,48.65,1420,34860
20200513,14:08,50.00,51.35,50.00,51.35,120,34860
20200513,14:09,50.00,50.00,48.00,49.00,340,35940
20200513,14:10,50.00,51.10,49.10,49.10,1680,35940
20200513,14:11,49.90,50.00,49.90,49.90,440,35940
20200513,14:12,50.25,51.15,50.10,50.25,140,34820
20200513,14:13,49.10,51.20,49.10,51.20,1080,34820
20200513,14:15,51.10,51.15,51.10,51.15,100,33480
20200513,14:16,51.20,53.00,51.20,51.65,220,33480
20200513,14:17,53.00,53.00,52.00,52.00,120,33480
20200513,14:18,52.00,52.00,50.00,51.00,240,33420
20200513,14:19,51.00,52.55,51.00,51.70,640,33420
20200513,14:20,52.05,52.25,51.50,51.50,140,33420
20200513,14:21,52.95,53.95,51.50,53.95,280,32880
20200513,14:22,52.55,53.60,52.55,52.70,100,32880
20200513,14:23,53.25,54.00,51.85,52.60,280,32880
20200513,14:24,52.70,53.90,51.85,53.40,360,32960
20200513,14:25,53.35,54.00,53.35,54.00,380,32960
20200513,14:26,55.00,55.35,53.20,55.35,140,32960
20200513,14:27,55.30,56.25,55.25,56.05,1160,33200
20200513,14:28,57.00,58.45,55.85,56.10,420,33200
20200513,14:29,58.95,59.00,58.95,59.00,240,33200
20200513,14:30,59.45,59.45,56.05,59.25,260,34560
20200513,14:31,58.85,59.35,56.15,59.35,280,34560
20200513,14:32,57.55,57.55,57.50,57.55,200,34560
20200513,14:33,57.00,57.00,56.00,56.00,320,34360
20200513,14:34,55.90,58.40,55.80,58.40,800,34360
20200513,14:36,58.00,60.00,58.00,60.00,820,34240
20200513,14:37,60.00,60.00,58.00,58.00,180,34240
20200513,14:38,60.00,60.00,58.60,59.65,780,34240
20200513,14:39,59.00,59.65,57.80,57.90,280,32940
20200513,14:40,58.85,59.30,57.70,58.25,180,32940
20200513,14:41,58.15,58.20,56.00,56.55,420,32940
20200513,14:42,56.10,56.10,56.00,56.00,320,33260
20200513,14:43,56.05,56.05,56.05,56.05,40,33260
20200513,14:44,56.80,56.95,56.00,56.45,280,33260
20200513,14:45,55.45,55.45,55.45,55.45,40,33260
20200513,14:46,56.00,56.95,55.65,56.90,1040,33080
20200513,14:47,57.00,58.90,57.00,58.90,500,33080
20200513,14:48,60.00,60.00,59.20,59.20,620,33260
20200513,14:49,59.95,61.55,59.20,61.55,500,33260
20200513,14:50,61.95,61.95,61.00,61.00,440,33260
20200513,14:51,61.00,61.65,59.00,60.90,760,32820
20200513,14:52,60.95,60.95,60.00,60.05,620,32820
20200513,14:53,60.00,60.95,59.00,59.00,2520,32820
20200513,14:54,59.05,61.10,59.05,61.00,1300,31620
20200513,14:55,61.95,62.00,61.30,61.95,340,31620
20200513,14:56,61.80,62.00,61.10,62.00,1240,31620
20200513,14:57,62.00,62.95,62.00,62.05,580,31300
20200513,14:58,62.00,62.00,59.55,59.95,1420,31300
20200513,14:59,59.00,59.60,58.25,58.25,160,31300
20200513,15:00,58.10,58.10,57.05,57.90,1280,30860
20200513,15:01,57.90,61.85,57.90,61.85,1480,30860
20200513,15:02,61.85,61.85,61.00,61.00,340,30860
20200513,15:03,61.45,61.45,60.00,60.50,460,30000
20200513,15:04,60.35,65.00,60.35,65.00,820,30000
20200513,15:05,63.75,66.40,63.55,64.55,780,30000
20200513,15:06,63.85,64.95,63.70,64.10,500,29960
20200513,15:07,64.00,66.45,62.85,64.20,2100,29960
20200513,15:08,64.25,64.25,62.00,62.10,220,29960
20200513,15:09,61.75,62.30,61.45,61.45,240,29160
20200513,15:10,61.75,64.20,61.75,64.05,580,29160
20200513,15:11,64.45,64.70,64.00,64.00,480,29160
20200513,15:12,64.00,64.45,62.50,62.50,260,29020
20200513,15:13,60.70,62.45,60.70,61.35,320,29020
20200513,15:14,62.05,63.30,62.00,62.15,320,29020
20200513,15:15,62.10,64.45,62.10,64.45,160,28380
20200513,15:16,63.10,64.50,63.10,64.50,300,28380
20200513,15:17,64.55,65.10,63.65,64.00,860,28380
20200513,15:18,63.85,64.00,63.85,64.00,220,28340
20200513,15:19,64.00,64.60,63.55,63.55,1100,28340
20200513,15:20,63.50,64.80,63.00,63.30,980,28340
20200513,15:21,63.00,64.05,60.00,60.00,2380,29640
20200513,15:22,59.90,61.20,59.05,60.95,2920,29640
20200513,15:23,60.95,61.00,60.15,61.00,460,29640
20200513,15:24,60.95,61.00,60.35,60.55,360,28760
20200513,15:25,60.55,62.30,60.00,62.30,1740,28760
20200513,15:26,61.95,66.30,61.95,62.00,1960,28760
20200513,15:27,62.00,62.00,60.90,62.00,680,31320
20200513,15:28,62.15,65.95,60.00,63.85,600,31320
20200513,15:29,63.70,65.00,63.05,64.00,1540,31320
20200514,09:15,31.40,31.40,21.05,31.40,501,31900
20200514,09:16,26.10,31.50,25.75,30.90,1060,31900
20200514,09:17,30.50,30.50,26.15,28.50,500,32300
20200514,09:18,28.55,30.00,26.20,27.05,780,32300
20200514,09:19,27.25,27.50,26.00,27.00,1160,32300
20200514,09:20,26.95,26.95,26.50,26.95,480,33260
20200514,09:21,27.00,27.00,25.85,26.00,3960,33260
20200514,09:22,25.00,25.00,24.05,25.00,1220,33260
20200514,09:23,25.00,32.75,24.80,32.75,3860,36240
20200514,09:24,32.75,32.75,29.90,29.90,1140,36240
20200514,09:25,29.30,30.05,28.40,29.15,340,36240
20200514,09:26,28.95,29.55,27.05,27.70,1560,37060
20200514,09:27,27.00,27.20,25.00,25.00,2760,37060
20200514,09:28,25.45,25.95,25.00,25.00,1440,37060
20200514,09:29,25.00,25.00,23.00,23.95,740,38620
20200514,09:30,24.75,24.90,23.95,24.00,400,38620
20200514,09:31,24.45,24.80,24.45,24.75,380,38620
20200514,09:32,24.50,24.95,24.50,24.95,560,38720
20200514,09:33,25.00,25.00,24.00,24.45,1140,38720
20200514,09:34,24.50,24.90,23.80,24.05,1360,38720
20200514,09:35,24.10,24.10,22.70,23.45,2260,39240
20200514,09:36,23.55,24.00,23.40,24.00,2060,39240
20200514,09:37,24.00,24.00,21.50,21.55,660,39240
20200514,09:38,21.30,21.50,20.00,20.00,1580,39560
20200514,09:39,20.00,22.00,20.00,22.00,780,39560
20200514,09:40,21.75,22.00,21.70,21.95,700,39560
20200514,09:41,21.45,21.45,20.80,21.00,880,40100
20200514,09:42,21.00,21.10,20.80,21.05,1560,40100
20200514,09:43,20.55,20.75,19.50,19.50,700,40100
20200514,09:44,19.50,19.80,19.05,19.05,1180,39300
20200514,09:45,19.05,19.05,17.90,18.10,2560,39300
20200514,09:46,18.55,18.55,18.05,18.15,1320,39300
20200514,09:47,17.80,17.80,16.95,17.50,2100,41060
20200514,09:48,17.90,17.90,16.00,16.40,1120,41060
20200514,09:49,16.30,16.85,16.00,16.60,1740,41060
20200514,09:50,16.50,16.60,15.00,15.00,1960,42160
20200514,09:51,14.80,14.80,14.80,14.80,580,42160
20200514,09:52,15.00,15.15,15.00,15.00,900,42160
20200514,09:53,15.00,15.00,14.75,14.75,860,42980
20200514,09:54,14.75,15.00,14.50,15.00,1240,42980
20200514,09:55,15.00,15.00,14.00,14.00,1140,42980
20200514,09:56,14.00,14.80,14.00,14.05,400,42980
20200514,09:57,14.50,14.50,14.35,14.35,160,44620
20200514,09:58,14.45,14.55,14.00,14.00,880,44620
20200514,09:59,13.55,13.55,13.40,13.40,640,44700
20200514,10:00,13.85,13.85,12.50,13.15,3600,44700
20200514,10:01,12.75,14.00,12.75,14.00,3280,44700
20200514,10:02,13.95,14.30,13.70,14.15,800,48600
20200514,10:03,13.95,14.00,13.50,13.75,520,48600
20200514,10:05,13.00,13.00,12.75,13.00,440,49120
20200514,10:06,13.00,13.55,13.00,13.00,380,49120
20200514,10:07,13.00,13.10,12.75,13.10,840,49120
20200514,10:08,12.55,13.10,12.55,13.00,800,50000
20200514,10:09,12.95,12.95,12.50,12.80,600,50000
20200514,10:10,12.90,12.90,12.80,12.80,60,50000
20200514,10:11,12.80,12.80,12.70,12.80,360,50200
20200514,10:12,12.85,12.85,12.80,12.80,700,50200
20200514,10:13,12.80,12.80,12.80,12.80,520,50200
20200514,10:14,12.95,13.05,12.95,13.05,160,51500
20200514,10:15,13.00,13.05,12.80,12.80,1360,51500
20200514,10:16,12.95,13.30,12.90,13.15,1180,51500
20200514,10:17,13.05,13.05,12.80,12.80,340,51640
20200514,10:18,12.80,13.20,12.80,13.10,260,51640
20200514,10:19,13.05,13.25,12.85,12.85,1540,51640
20200514,10:20,13.00,13.00,12.65,12.65,920,52940
20200514,10:21,12.65,12.65,12.00,12.00,1800,52940
20200514,10:22,12.00,12.20,11.50,11.90,1360,52940
20200514,10:23,12.00,12.05,12.00,12.05,920,55140
20200514,10:24,12.00,12.00,10.50,10.50,2460,55140
20200514,10:25,10.50,11.25,10.40,11.25,1120,55140
20200514,10:26,11.15,11.30,10.05,10.20,2360,56780
20200514,10:27,11.05,11.05,10.05,10.95,1260,56780
20200514,10:28,10.65,11.00,10.65,11.00,200,56780
20200514,10:29,11.00,11.00,10.75,11.00,2160,57300
20200514,10:30,11.05,11.05,10.80,11.05,3220,57300
20200514,10:31,11.10,12.20,11.10,11.85,780,57300
20200514,10:32,11.85,12.30,11.85,12.30,760,59460
20200514,10:33,12.20,12.35,11.95,12.35,600,59460
20200514,10:34,12.35,12.35,12.35,12.35,160,59460
20200514,10:35,12.30,12.70,12.25,12.70,520,59800
20200514,10:36,12.95,13.00,12.85,13.00,260,59800
20200514,10:37,13.25,13.40,12.70,13.40,660,59800
20200514,10:38,13.40,14.00,13.40,13.70,540,59780
20200514,10:39,13.65,14.55,13.65,14.15,1120,59780
20200514,10:40,14.45,14.45,13.75,13.85,320,59780
20200514,10:41,13.80,14.40,13.75,14.20,600,60560
20200514,10:42,14.35,15.50,14.35,15.00,1440,60560
20200514,10:43,15.40,15.40,15.40,15.40,40,60560
20200514,10:44,15.00,15.00,15.00,15.00,20,60980
20200514,10:45,14.55,14.80,14.50,14.50,580,60980
20200514,10:46,14.30,14.30,14.00,14.00,160,60980
20200514,10:47,14.05,14.05,13.50,14.05,260,60300
20200514,10:48,14.40,14.40,13.50,13.50,220,60300
20200514,10:49,13.90,13.90,13.90,13.90,20,60300
20200514,10:50,14.00,14.00,14.00,14.00,20,60220
20200514,10:51,14.20,14.20,14.10,14.10,120,60220
20200514,10:52,14.00,14.00,13.85,13.85,100,60220
20200514,10:53,13.95,14.05,13.95,14.05,200,60340
20200514,10:54,14.05,14.05,14.00,14.00,80,60340
20200514,10:55,14.00,14.00,13.85,14.00,60,60340
20200514,10:56,13.85,14.10,13.85,13.90,200,60700
20200514,10:57,13.90,14.15,13.85,14.15,240,60700
20200514,10:58,13.90,13.90,13.90,13.90,340,60700
20200514,10:59,13.85,13.85,13.60,13.60,580,60700
20200514,11:00,14.40,14.40,14.10,14.30,720,61040
20200514,11:01,14.40,14.55,13.70,13.85,500,61040
20200514,11:02,13.50,14.45,13.50,14.00,660,61040
20200514,11:03,14.50,14.60,14.05,14.05,220,61460
20200514,11:04,14.00,14.00,14.00,14.00,40,61460
20200514,11:05,14.00,14.00,13.40,13.40,720,61760
20200514,11:07,13.20,13.20,13.05,13.05,660,61760
20200514,11:08,13.50,13.50,13.50,13.50,40,62620
20200514,11:09,13.50,13.50,13.50,13.50,20,62620
20200514,11:10,13.50,13.50,13.00,13.00,300,62620
20200514,11:11,13.35,13.35,13.00,13.00,120,62840
20200514,11:12,13.35,13.35,13.05,13.05,100,62840
20200514,11:13,13.15,13.35,13.15,13.35,160,62840
20200514,11:14,13.65,13.70,13.65,13.70,120,62860
20200514,11:15,13.85,13.90,13.40,13.90,320,62860
20200514,11:16,13.25,13.60,13.25,13.30,140,62860
20200514,11:18,14.05,14.05,13.15,13.15,100,62640
20200514,11:19,13.60,13.60,13.60,13.60,40,62640
20200514,11:20,13.30,13.85,13.30,13.80,440,62880
20200514,11:21,14.05,14.05,13.55,13.55,220,62880
20200514,11:22,13.70,14.05,13.70,14.05,340,62880
20200514,11:23,14.05,14.25,14.05,14.20,840,63220
20200514,11:24,14.50,14.60,14.50,14.60,640,63220
20200514,11:26,14.05,14.05,14.05,14.05,20,63220
20200514,11:28,14.20,14.40,14.20,14.40,540,63500
20200514,11:30,14.40,14.40,14.25,14.25,160,63900
20200514,11:31,14.20,14.20,14.20,14.20,480,63900
20200514,11:33,14.20,14.20,14.20,14.20,180,64440
20200514,11:34,14.20,14.20,14.00,14.00,960,64440
20200514,11:35,14.45,14.45,14.45,14.45,20,64440
20200514,11:36,13.55,13.55,13.50,13.50,280,65240
20200514,11:37,13.05,14.00,13.05,14.00,420,65240
20200514,11:38,13.90,13.90,13.90,13.90,20,65340
20200514,11:39,13.90,13.90,13.65,13.65,120,65340
20200514,11:40,13.90,14.10,13.70,14.10,340,65340
20200514,11:41,14.05,14.25,14.00,14.00,260,65260
20200514,11:42,14.25,14.25,13.70,13.70,1740,65260
20200514,11:43,14.30,14.30,13.90,14.05,160,65260
20200514,11:44,14.30,14.40,14.30,14.40,120,64520
20200514,11:45,14.45,14.50,14.40,14.40,280,64520
20200514,11:46,14.35,14.35,14.35,14.35,180,64520
20200514,11:47,14.50,14.50,14.50,14.50,20,64520
20200514,11:48,14.40,14.40,14.40,14.40,20,64620
20200514,11:49,14.50,14.50,14.40,14.50,120,64620
20200514,11:50,14.40,14.40,14.35,14.35,60,64340
20200514,11:52,14.55,14.60,14.55,14.60,100,64340
20200514,11:53,14.60,14.65,14.60,14.65,80,64280
20200514,11:54,14.65,14.70,14.50,14.60,160,64280
20200514,11:55,14.55,14.70,14.55,14.70,760,64280
20200514,11:57,14.80,14.80,14.60,14.65,420,64280
20200514,11:58,14.50,14.50,14.50,14.50,300,64280
20200514,11:59,14.55,14.55,14.55,14.55,60,64240
20200514,12:00,14.80,15.00,14.60,14.60,240,64240
20200514,12:01,14.65,14.65,14.50,14.50,1100,64240
20200514,12:02,14.55,14.55,13.95,13.95,600,64240
20200514,12:03,13.95,14.60,13.95,14.60,180,65100
20200514,12:04,14.30,14.35,14.25,14.25,80,65100
20200514,12:05,14.60,14.75,14.60,14.75,200,64940
20200514,12:06,14.80,14.95,14.75,14.95,980,64940
20200514,12:07,15.10,15.10,14.85,14.85,160,64940
20200514,12:08,14.75,14.75,14.60,14.65,180,64940
20200514,12:09,14.85,14.95,14.75,14.95,600,65660
20200514,12:10,14.80,15.70,14.80,15.35,420,65660
20200514,12:11,15.00,15.00,15.00,15.00,80,65660
20200514,12:12,15.00,15.00,15.00,15.00,80,65660
20200514,12:13,15.05,15.20,15.00,15.00,100,65660
20200514,12:14,14.90,14.90,14.90,14.90,40,65460
20200514,12:15,14.85,14.85,13.95,14.00,1060,65460
20200514,12:16,13.90,13.90,13.85,13.85,100,65460
20200514,12:17,13.85,13.85,13.85,13.85,60,65460
20200514,12:18,13.85,13.85,13.85,13.85,40,65900
20200514,12:19,13.85,13.85,13.85,13.85,560,65900
20200514,12:20,13.85,13.85,13.85,13.85,220,65900
20200514,12:21,14.00,14.75,14.00,14.75,220,66580
20200514,12:22,14.45,14.45,14.45,14.45,20,66580
20200514,12:24,14.45,14.45,14.45,14.45,20,65960
20200514,12:25,14.45,14.55,14.45,14.55,220,65960
20200514,12:26,14.55,14.75,14.25,14.65,560,65960
20200514,12:27,14.10,14.75,14.00,14.75,620,65580
20200514,12:28,14.50,14.50,14.20,14.20,420,65580
20200514,12:29,14.30,14.30,14.30,14.30,40,65580
20200514,12:30,14.45,14.90,14.30,14.45,800,64760
20200514,12:31,14.75,14.75,14.75,14.75,60,64760
20200514,12:32,14.80,14.80,14.75,14.75,100,64880
20200514,12:33,14.70,14.70,14.60,14.60,80,64880
20200514,12:34,14.40,14.40,14.40,14.40,20,64880
20200514,12:35,14.10,14.10,13.95,14.05,460,64880
20200514,12:36,14.25,14.25,14.00,14.00,120,65300
20200514,12:37,14.10,14.10,14.00,14.05,280,65300
20200514,12:38,14.00,14.00,13.75,13.75,560,65920
20200514,12:39,13.50,13.60,13.20,13.60,400,65920
20200514,12:40,13.60,13.85,13.25,13.85,300,65920
20200514,12:41,13.85,13.90,13.85,13.90,40,65920
20200514,12:42,14.00,14.00,14.00,14.00,220,66180
20200514,12:43,14.05,14.05,14.05,14.05,40,66180
20200514,12:44,13.95,13.95,13.95,13.95,80,66340
20200514,12:45,14.10,14.10,14.10,14.10,40,66340
20200514,12:46,14.20,14.30,14.15,14.30,380,66340
20200514,12:47,14.30,14.30,14.30,14.30,40,66340
20200514,12:48,14.35,14.35,14.35,14.35,140,66320
20200514,12:49,14.30,14.30,14.00,14.00,320,66320
20200514,12:50,14.00,14.00,14.00,14.00,140,66320
20200514,12:52,13.95,13.95,13.75,13.90,100,66720
20200514,12:53,13.60,13.60,13.50,13.50,60,66720
20200514,12:54,13.60,13.60,13.60,13.60,20,66760
20200514,12:55,13.70,13.70,13.70,13.70,100,66760
20200514,12:57,13.10,13.65,13.10,13.65,480,66820
20200514,12:59,13.60,13.60,13.60,13.60,20,66820
20200514,13:00,13.55,13.55,13.55,13.55,60,66760
20200514,13:01,13.80,13.80,13.60,13.75,180,66760
20200514,13:03,13.95,14.05,13.95,14.05,40,66780
20200514,13:04,14.10,14.10,13.55,13.65,260,66780
20200514,13:05,13.45,13.60,13.15,13.55,120,66780
20200514,13:06,13.90,13.90,13.70,13.70,160,66600
20200514,13:07,13.55,13.55,13.50,13.50,80,66600
20200514,13:09,13.55,13.55,13.05,13.05,360,66660
20200514,13:10,13.50,13.50,13.50,13.50,300,66660
20200514,13:11,13.70,13.70,13.55,13.60,140,66660
20200514,13:12,13.35,13.35,13.05,13.05,80,66920
20200514,13:14,13.05,13.05,12.95,12.95,600,66920
20200514,13:15,12.90,12.90,12.85,12.85,120,66940
20200514,13:16,12.85,12.85,11.95,12.00,3600,66940
20200514,13:17,12.00,12.00,11.80,12.00,280,66940
20200514,13:18,12.00,12.00,12.00,12.00,860,69760
20200514,13:19,12.00,12.00,12.00,12.00,380,69760
20200514,13:20,11.80,11.80,11.75,11.75,1360,69760
20200514,13:21,11.60,12.00,11.60,12.00,660,69660
20200514,13:22,11.60,12.00,11.60,12.00,200,69660
20200514,13:23,12.00,12.00,11.85,11.85,540,69660
20200514,13:24,11.65,12.00,11.60,12.00,540,69840
20200514,13:25,12.00,12.00,11.80,12.00,1800,69840
20200514,13:26,11.75,12.00,11.75,12.00,640,69840
20200514,13:27,12.00,12.05,12.00,12.05,400,70640
20200514,13:28,12.00,12.00,11.55,11.55,140,70640
20200514,13:30,11.85,11.85,11.85,11.85,120,70240
20200514,13:31,11.80,11.80,11.65,11.65,300,70240
20200514,13:32,11.60,11.60,11.55,11.55,240,70240
20200514,13:34,11.40,11.40,11.40,11.40,380,70760
20200514,13:35,11.40,11.40,11.15,11.15,80,70760
20200514,13:36,11.05,11.05,11.00,11.00,920,70760
20200514,13:37,11.00,11.40,11.00,11.10,620,70760
20200514,13:38,11.35,11.35,11.35,11.35,40,70760
20200514,13:39,11.15,11.35,11.05,11.05,320,71240
20200514,13:40,11.05,11.25,11.05,11.25,40,71240
20200514,13:41,11.30,11.45,11.30,11.45,160,71240
20200514,13:42,11.55,11.70,11.55,11.70,140,71100
20200514,13:43,11.70,11.70,11.70,11.70,520,71100
20200514,13:44,11.70,12.95,11.70,12.95,2720,71100
20200514,13:45,12.45,13.00,11.85,12.50,480,73500
20200514,13:46,12.45,12.45,12.20,12.20,80,73500
20200514,13:47,12.15,12.35,12.00,12.35,60,73500
20200514,13:48,11.55,11.55,11.55,11.55,60,73300
20200514,13:49,12.00,12.00,12.00,12.00,40,73300
20200514,13:51,12.35,12.35,12.35,12.35,100,73380
20200514,13:52,12.35,12.95,12.35,12.95,100,73380
20200514,13:53,10.75,12.85,10.75,12.50,2440,73380
20200514,13:54,12.40,12.40,12.00,12.10,440,72860
20200514,13:55,12.35,12.40,12.35,12.40,40,72860
20200514,13:56,12.35,12.40,12.00,12.35,140,72860
20200514,13:57,12.05,12.30,12.00,12.30,840,73180
20200514,13:59,12.30,12.30,12.30,12.30,20,73180
20200514,14:00,12.30,12.30,12.00,12.00,180,73900
20200514,14:01,11.75,11.75,11.75,11.75,20,73900
20200514,14:02,11.75,11.75,11.10,11.10,500,73900
20200514,14:03,11.05,11.05,11.05,11.05,100,74040
20200514,14:04,11.00,11.10,10.80,10.95,1140,74040
20200514,14:05,10.90,11.00,10.90,11.00,480,74040
20200514,14:06,10.90,11.25,10.90,11.25,60,75160
20200514,14:07,11.10,11.10,11.00,11.00,320,75160
20200514,14:08,10.95,11.00,10.95,11.00,320,75160
20200514,14:09,11.15,11.60,11.15,11.60,40,75640
20200514,14:11,11.15,11.15,11.15,11.15,80,75640
20200514,14:12,11.20,11.50,11.20,11.45,80,75580
20200514,14:13,11.00,11.00,10.95,11.00,1240,75580
20200514,14:14,10.85,12.20,10.80,12.20,380,75580
20200514,14:15,11.90,12.10,10.65,12.10,180,76260
20200514,14:16,11.90,11.90,11.50,11.70,460,76260
20200514,14:17,11.95,12.00,11.70,11.70,740,76260
20200514,14:18,12.00,12.30,11.70,12.25,1540,75640
20200514,14:19,12.25,12.50,12.05,12.50,320,75640
20200514,14:20,12.15,12.50,12.05,12.50,300,75640
20200514,14:21,12.20,12.20,12.20,12.20,20,75940
20200514,14:22,12.15,12.35,12.00,12.35,420,75940
20200514,14:23,12.30,12.30,12.30,12.30,20,75940
20200514,14:24,12.30,12.30,12.30,12.30,20,76000
20200514,14:25,12.30,12.35,12.30,12.35,660,76000
20200514,14:27,12.45,12.45,12.00,12.05,280,75780
20200514,14:28,12.05,12.45,12.05,12.25,320,75780
20200514,14:29,12.40,12.40,12.00,12.00,340,75780
20200514,14:30,12.25,12.30,11.50,11.50,780,76320
20200514,14:31,12.00,12.00,11.70,11.95,480,76320
20200514,14:32,11.95,12.00,11.80,12.00,140,76320
20200514,14:33,12.00,12.00,12.00,12.00,240,75980
20200514,14:34,12.10,12.10,12.10,12.10,20,75980
20200514,14:35,12.05,12.30,12.05,12.30,300,75980
20200514,14:36,12.25,12.30,12.05,12.05,260,76340
20200514,14:37,12.30,12.30,12.30,12.30,380,76340
20200514,14:38,12.00,12.30,12.00,12.30,340,76340
20200514,14:40,12.30,12.30,12.30,12.30,120,76460
20200514,14:41,12.30,12.30,11.65,11.65,1180,76460
20200514,14:42,12.45,12.50,12.05,12.35,160,76120
20200514,14:43,12.50,12.50,12.50,12.50,60,76120
20200514,14:44,12.50,12.50,12.50,12.50,40,76120
20200514,14:45,12.50,12.50,12.50,12.50,400,76120
20200514,14:46,12.55,12.60,12.45,12.60,1760,76240
20200514,14:47,12.35,12.40,12.20,12.25,420,76240
20200514,14:48,12.25,12.50,12.10,12.25,540,76580
20200514,14:49,12.40,12.60,12.40,12.60,40,76580
20200514,14:50,12.55,12.55,12.45,12.50,840,76580
20200514,14:51,12.50,12.60,12.50,12.50,2040,80040
20200514,14:52,12.45,12.60,12.45,12.60,680,80040
20200514,14:53,12.60,12.60,12.60,12.60,40,80040
20200514,14:54,12.50,12.90,12.50,12.90,1280,80460
20200514,14:55,12.90,12.90,12.25,12.85,220,80460
20200514,14:56,12.90,13.45,12.85,13.00,1720,80460
20200514,14:57,12.65,12.80,12.60,12.60,160,80460
20200514,14:59,12.85,12.85,12.35,12.60,620,81100
20200514,15:00,12.95,12.95,12.15,12.60,380,80140
20200514,15:01,12.65,12.65,12.20,12.20,820,80140
20200514,15:02,12.20,12.35,12.00,12.00,480,80140
20200514,15:03,12.00,12.20,11.80,11.80,1040,79740
20200514,15:04,11.80,12.00,11.10,11.60,980,79740
20200514,15:05,11.10,11.45,11.05,11.40,620,79740
20200514,15:06,11.40,11.70,11.25,11.70,300,79420
20200514,15:07,11.55,11.55,11.55,11.55,100,79420
20200514,15:08,11.55,11.55,11.40,11.55,820,79420
20200514,15:09,11.60,11.60,11.60,11.60,80,79480
20200514,15:10,11.65,12.05,11.60,12.05,1060,79480
20200514,15:11,12.00,12.00,11.90,11.90,560,79480
20200514,15:12,11.75,11.80,11.75,11.75,400,79760
20200514,15:13,11.70,11.75,11.70,11.75,1020,79760
20200514,15:14,11.70,11.70,11.55,11.55,360,79760
20200514,15:15,11.55,11.55,11.40,11.55,620,80940
20200514,15:16,11.30,11.50,11.25,11.25,400,80940
20200514,15:17,11.25,11.25,10.55,11.10,4440,80940
20200514,15:18,11.00,11.00,10.70,10.90,1440,83860
20200514,15:19,10.95,11.00,10.75,10.90,440,83860
20200514,15:20,10.90,11.20,10.90,11.20,840,83860
20200514,15:21,11.15,11.70,11.05,11.70,2900,84620
20200514,15:22,11.70,12.40,11.70,12.00,6000,84620
20200514,15:23,12.45,12.45,11.95,12.20,2400,84620
20200514,15:24,12.20,13.15,12.20,12.85,3500,87900
20200514,15:25,13.05,13.30,12.95,13.00,2740,87900
20200514,15:26,13.00,13.00,12.55,12.60,1400,87900
20200514,15:27,12.80,12.80,12.30,12.50,920,92020
20200514,15:28,12.20,13.35,12.10,12.85,1340,92020
20200514,15:29,13.00,13.00,12.00,12.00,720,92020
20200515,09:15,12.00,12.00,5.50,7.15,9322,93960
20200515,09:16,7.10,7.40,6.10,6.20,8040,93960
20200515,09:17,6.30,6.75,6.15,6.60,7920,96800
20200515,09:18,6.60,6.75,6.25,6.40,6500,96800
20200515,09:19,6.35,6.35,6.00,6.10,5180,96800
20200515,09:20,6.00,6.50,5.90,5.95,16920,97960
20200515,09:21,6.00,6.00,5.80,6.00,4680,97960
20200515,09:22,5.90,6.00,5.90,5.95,4660,97960
20200515,09:23,5.95,6.00,5.90,6.00,3160,110460
20200515,09:24,5.95,6.00,5.95,5.95,1060,110460
20200515,09:25,6.00,6.00,5.95,6.00,17200,110460
20200515,09:26,6.00,6.10,5.95,6.05,11180,126980
20200515,09:27,6.10,6.10,5.85,5.85,4520,126980
20200515,09:28,5.85,5.95,5.85,5.95,960,126980
20200515,09:29,5.95,5.95,5.80,5.80,1660,130040
20200515,09:30,5.85,5.95,5.85,5.85,1300,130040
20200515,09:31,5.90,6.00,5.90,6.00,2760,130040
20200515,09:32,6.00,6.00,5.85,5.90,4320,131620
20200515,09:33,5.90,5.95,5.85,5.95,1320,131620
20200515,09:34,5.95,5.95,5.75,5.75,1480,131620
20200515,09:35,5.80,5.80,5.75,5.75,2000,133200
20200515,09:36,5.75,5.75,5.60,5.60,2100,133200
20200515,09:37,5.60,5.60,5.55,5.55,1420,133200
20200515,09:38,5.50,5.60,5.50,5.50,3560,138100
20200515,09:39,5.50,5.60,5.50,5.60,1860,138100
20200515,09:40,5.50,5.50,5.40,5.40,760,138100
20200515,09:41,5.35,5.45,5.35,5.40,380,138480
20200515,09:42,5.40,5.60,5.40,5.50,800,138480
20200515,09:43,5.50,5.55,5.45,5.50,440,138480
20200515,09:44,5.50,5.50,5.40,5.45,1140,138080
20200515,09:45,5.45,5.45,5.40,5.45,220,138080
20200515,09:46,5.45,5.55,5.45,5.55,380,138080
20200515,09:47,5.50,5.55,5.40,5.45,1680,138480
20200515,09:48,5.50,5.50,5.45,5.45,800,138480
20200515,09:49,5.45,5.50,5.45,5.50,1820,138480
20200515,09:50,5.50,5.50,5.40,5.40,1440,139580
20200515,09:51,5.45,5.50,5.40,5.50,1200,139580
20200515,09:52,5.45,5.50,5.40,5.40,1400,139580
20200515,09:53,5.40,5.45,5.35,5.35,2900,141880
20200515,09:54,5.35,5.35,5.10,5.10,3960,141880
20200515,09:55,5.10,5.20,5.10,5.15,1200,141880
20200515,09:56,5.20,5.20,5.05,5.10,2340,143980
20200515,09:57,5.10,5.15,5.05,5.15,2220,143980
20200515,09:58,5.15,5.20,5.15,5.20,640,143980
20200515,09:59,5.20,5.40,5.20,5.30,7920,142400
20200515,10:00,5.25,5.30,5.15,5.20,3200,142400
20200515,10:01,5.20,5.25,5.15,5.20,4140,142400
20200515,10:02,5.20,5.35,5.20,5.35,2740,141500
20200515,10:03,5.25,5.25,5.20,5.25,900,141500
20200515,10:04,5.25,5.35,5.25,5.30,1380,141500
20200515,10:05,5.30,5.35,5.30,5.35,520,140220
20200515,10:06,5.35,5.35,5.35,5.35,500,140220
20200515,10:07,5.35,5.40,5.35,5.35,1040,140220
20200515,10:08,5.35,5.35,5.35,5.35,1340,139680
20200515,10:09,5.35,5.45,5.35,5.45,460,139680
20200515,10:10,5.40,5.40,5.30,5.35,2660,139680
20200515,10:11,5.35,5.35,5.30,5.30,340,139500
20200515,10:12,5.35,5.35,5.30,5.35,720,139500
20200515,10:13,5.35,5.35,5.25,5.25,1060,139500
20200515,10:14,5.25,5.30,5.20,5.30,1220,138740
20200515,10:15,5.30,5.40,5.25,5.35,2640,138740
20200515,10:16,5.30,5.45,5.30,5.40,700,138740
20200515,10:17,5.45,5.45,5.40,5.40,60,137740
20200515,10:18,5.45,5.50,5.40,5.45,2120,137740
20200515,10:19,5.50,5.65,5.40,5.65,2660,137740
20200515,10:20,5.70,5.75,5.55,5.55,1120,136780
20200515,10:21,5.55,5.60,5.50,5.55,640,136780
20200515,10:22,5.60,5.65,5.60,5.60,400,136780
20200515,10:23,5.55,5.60,5.45,5.55,680,136560
20200515,10:24,5.50,5.50,5.45,5.50,980,136560
20200515,10:25,5.50,5.65,5.45,5.65,420,136560
20200515,10:26,5.70,5.70,5.60,5.60,300,136280
20200515,10:27,5.55,5.55,5.50,5.50,300,136280
20200515,10:28,5.55,5.65,5.50,5.55,520,136280
20200515,10:29,5.50,5.60,5.50,5.50,720,136220
20200515,10:30,5.45,5.60,5.35,5.50,3500,136220
20200515,10:31,5.50,5.60,5.40,5.40,720,136220
20200515,10:32,5.40,5.50,5.40,5.45,1420,136580
20200515,10:33,5.45,5.45,5.40,5.45,1180,136580
20200515,10:34,5.40,5.45,5.40,5.45,540,136580
20200515,10:35,5.50,5.50,5.40,5.45,660,136140
20200515,10:36,5.40,5.45,5.40,5.45,320,136140
20200515,10:37,5.40,5.40,5.35,5.35,1800,136140
20200515,10:38,5.35,5.35,5.30,5.35,700,136040
20200515,10:39,5.35,5.55,5.35,5.45,7420,136040
20200515,10:40,5.50,5.50,5.30,5.30,4540,136040
20200515,10:41,5.30,5.45,5.20,5.35,4520,134900
20200515,10:42,5.35,5.50,5.35,5.50,1960,134900
20200515,10:43,5.50,5.60,5.40,5.55,1660,134900
20200515,10:44,5.55,5.65,5.50,5.50,580,134940
20200515,10:45,5.50,5.55,5.50,5.55,640,134940
20200515,10:46,5.55,5.75,5.50,5.70,2740,134940
20200515,10:47,5.70,5.85,5.70,5.80,1520,136260
20200515,10:48,5.70,5.85,5.70,5.80,3480,136260
20200515,10:49,5.75,5.80,5.70,5.80,660,136260
20200515,10:50,5.80,5.80,5.65,5.70,1100,136560
20200515,10:51,5.70,5.85,5.70,5.80,1360,136560
20200515,10:52,5.80,5.80,5.65,5.65,1060,136560
20200515,10:53,5.65,5.70,5.65,5.70,720,137440
20200515,10:55,5.60,5.70,5.55,5.70,900,137440
20200515,10:56,5.65,5.65,5.60,5.60,260,137460
20200515,10:57,5.65,5.65,5.55,5.55,420,137460
20200515,10:58,5.55,5.55,5.45,5.50,1120,137460
20200515,10:59,5.50,5.55,5.35,5.50,2160,137680
20200515,11:00,5.50,5.55,5.45,5.45,380,137680
20200515,11:01,5.50,5.50,5.45,5.45,100,137680
20200515,11:02,5.45,5.50,5.45,5.50,1840,137540
20200515,11:03,5.45,5.50,5.45,5.50,2580,137540
20200515,11:04,5.50,5.60,5.50,5.60,1340,137540
20200515,11:05,5.60,5.65,5.50,5.60,3220,137820
20200515,11:06,5.60,5.60,5.55,5.60,2360,137820
20200515,11:07,5.60,5.60,5.55,5.60,3340,137820
20200515,11:08,5.60,5.60,5.60,5.60,2300,138120
20200515,11:09,5.60,5.60,5.50,5.55,1720,138120
20200515,11:10,5.55,5.55,5.50,5.50,260,138120
20200515,11:11,5.50,5.55,5.45,5.45,1500,137660
20200515,11:13,5.45,5.50,5.40,5.50,300,137660
20200515,11:14,5.50,5.55,5.50,5.55,900,137720
20200515,11:17,5.55,5.55,5.45,5.50,880,138340
20200515,11:18,5.55,5.60,5.55,5.55,200,138340
20200515,11:19,5.55,5.55,5.55,5.55,40,138340
20200515,11:20,5.50,5.50,5.50,5.50,40,138340
20200515,11:21,5.60,5.65,5.50,5.50,1940,138360
20200515,11:23,5.50,5.50,5.50,5.50,1840,138740
20200515,11:24,5.50,5.55,5.50,5.55,1060,138740
20200515,11:25,5.50,5.50,5.40,5.40,560,138740
20200515,11:26,5.45,5.50,5.35,5.50,1340,139500
20200515,11:27,5.50,5.50,5.45,5.45,260,139500
20200515,11:28,5.50,5.50,5.50,5.50,280,139500
20200515,11:29,5.45,5.45,5.35,5.40,640,139480
20200515,11:30,5.45,5.45,5.35,5.35,820,139480
20200515,11:31,5.40,5.45,5.40,5.45,1780,139480
20200515,11:32,5.45,5.55,5.45,5.55,2540,139500
20200515,11:33,5.65,5.65,5.55,5.60,540,139500
20200515,11:34,5.60,5.70,5.55,5.65,2360,139500
20200515,11:35,5.75,5.75,5.60,5.65,2240,139200
20200515,11:36,5.65,5.70,5.60,5.65,1400,139200
20200515,11:37,5.70,5.70,5.60,5.65,1900,139200
20200515,11:38,5.65,5.65,5.55,5.60,1980,139420
20200515,11:39,5.60,5.70,5.60,5.65,1380,139420
20200515,11:40,5.65,5.70,5.55,5.60,1560,139420
20200515,11:41,5.65,5.70,5.50,5.50,2100,138960
20200515,11:42,5.45,5.50,5.45,5.50,60,138960
20200515,11:43,5.45,5.50,5.45,5.50,600,138960
20200515,11:44,5.55,5.55,5.55,5.55,180,138960
20200515,11:45,5.60,5.65,5.50,5.50,1820,139240
20200515,11:46,5.55,5.65,5.55,5.60,1120,139240
20200515,11:47,5.60,5.70,5.55,5.65,1640,138420
20200515,11:48,5.65,5.70,5.55,5.60,1480,138420
20200515,11:49,5.60,5.60,5.55,5.60,1180,138420
20200515,11:50,5.60,5.65,5.50,5.50,800,139020
20200515,11:51,5.55,5.55,5.50,5.50,340,139020
20200515,11:52,5.75,5.75,5.55,5.55,1840,139020
20200515,11:53,5.65,5.70,5.55,5.55,1180,139680
20200515,11:54,5.55,5.60,5.45,5.45,740,139680
20200515,11:55,5.50,5.60,5.50,5.55,1640,139680
20200515,11:56,5.55,5.55,5.45,5.45,1700,138960
20200515,11:57,5.45,5.65,5.45,5.60,2900,138960
20200515,11:58,5.60,5.75,5.60,5.65,4200,138960
20200515,11:59,5.70,5.70,5.65,5.70,2100,137480
20200515,12:00,5.75,5.90,5.75,5.90,3880,137480
20200515,12:01,5.80,5.90,5.80,5.90,720,137480
20200515,12:02,5.85,5.85,5.80,5.80,840,137480
20200515,12:03,5.80,5.90,5.80,5.90,460,140480
20200515,12:04,5.85,5.90,5.85,5.85,420,140480
20200515,12:05,5.75,5.80,5.75,5.80,280,140800
20200515,12:06,5.70,5.80,5.70,5.80,400,140800
20200515,12:07,5.70,5.80,5.70,5.80,140,140800
20200515,12:08,5.80,5.95,5.80,5.95,660,140780
20200515,12:09,6.00,6.00,6.00,6.00,260,140780
20200515,12:10,5.85,5.85,5.80,5.80,220,140780
20200515,12:11,5.80,5.85,5.80,5.80,1180,140780
20200515,12:12,5.90,5.90,5.80,5.90,1280,140900
20200515,12:13,5.90,5.90,5.90,5.90,160,140900
20200515,12:14,5.80,5.80,5.75,5.75,1220,140900
20200515,12:15,5.80,5.95,5.75,5.90,740,140740
20200515,12:16,5.90,5.90,5.85,5.85,40,140740
20200515,12:17,5.70,5.80,5.65,5.75,1720,140740
20200515,12:18,5.75,5.75,5.75,5.75,240,140600
20200515,12:20,5.75,5.75,5.75,5.75,420,140640
20200515,12:21,5.75,5.75,5.75,5.75,220,140640
20200515,12:22,5.75,5.75,5.65,5.70,1460,140640
20200515,12:23,5.70,5.70,5.60,5.60,400,141020
20200515,12:24,5.60,5.70,5.60,5.60,1080,141020
20200515,12:25,5.65,5.70,5.65,5.70,2840,141020
20200515,12:26,5.75,6.00,5.65,5.95,4820,139340
20200515,12:27,6.00,6.15,6.00,6.15,900,139340
20200515,12:28,6.10,6.10,5.95,5.95,2720,139340
20200515,12:29,5.95,5.95,5.90,5.95,560,139180
20200515,12:30,6.00,6.00,5.95,6.00,2360,139180
20200515,12:31,6.15,6.25,6.10,6.25,4220,139180
20200515,12:32,6.25,6.45,6.20,6.45,1500,139200
20200515,12:33,6.45,6.80,6.45,6.50,3020,139200
20200515,12:34,6.55,6.65,6.50,6.55,2220,139200
20200515,12:35,6.60,6.75,6.60,6.65,1800,140000
20200515,12:36,6.65,6.70,6.60,6.60,800,140000
20200515,12:37,6.55,6.65,6.55,6.65,1060,140000
20200515,12:38,6.55,6.65,6.55,6.55,2320,140680
20200515,12:39,6.60,6.70,6.55,6.70,1160,140680
20200515,12:40,6.70,6.70,6.50,6.50,640,140680
20200515,12:41,6.50,6.50,6.50,6.50,60,140440
20200515,12:42,6.30,6.55,6.30,6.40,2680,140440
20200515,12:43,6.40,6.50,6.40,6.40,180,140440
20200515,12:44,6.30,6.50,6.30,6.40,1860,141640
20200515,12:45,6.30,6.45,6.30,6.35,1180,141640
20200515,12:46,6.35,6.45,6.30,6.40,580,141640
20200515,12:47,6.35,6.45,6.35,6.45,100,141640
20200515,12:48,6.45,6.45,6.40,6.45,360,141880
20200515,12:49,6.50,6.55,6.50,6.50,200,141880
20200515,12:50,6.50,6.60,6.45,6.45,780,142060
20200515,12:51,6.50,6.50,6.50,6.50,420,142060
20200515,12:52,6.45,6.45,6.40,6.40,440,142060
20200515,12:53,6.45,6.50,6.30,6.45,1020,141880
20200515,12:54,6.45,6.55,6.45,6.45,1800,141880
20200515,12:55,6.50,6.55,6.40,6.40,1380,141880
20200515,12:56,6.50,6.55,6.35,6.45,1120,141880
20200515,12:57,6.45,6.45,6.40,6.45,520,141640
20200515,12:58,6.50,6.50,6.30,6.45,300,141640
20200515,12:59,6.40,6.40,6.40,6.40,40,141640
20200515,13:00,6.40,6.40,6.30,6.30,680,141840
20200515,13:01,6.25,6.40,6.25,6.30,1240,141840
20200515,13:02,6.30,6.50,6.25,6.30,1680,141240
20200515,13:03,6.35,6.35,6.35,6.35,100,141240
20200515,13:04,6.30,6.35,6.30,6.35,920,141240
20200515,13:05,6.30,6.40,6.30,6.35,1640,141240
20200515,13:06,6.30,6.45,6.30,6.35,1620,142040
20200515,13:07,6.35,6.40,6.30,6.40,240,142040
20200515,13:08,6.40,6.60,6.40,6.55,980,142120
20200515,13:09,6.50,6.50,6.50,6.50,120,142120
20200515,13:10,6.55,6.55,6.55,6.55,320,142120
20200515,13:11,6.50,6.50,6.35,6.35,380,142120
20200515,13:12,6.25,6.25,6.10,6.10,2540,142200
20200515,13:13,6.00,6.00,6.00,6.00,2220,142200
20200515,13:14,6.00,6.05,5.90,6.00,1000,140820
20200515,13:15,5.90,5.90,5.90,5.90,1080,140820
20200515,13:16,5.90,6.00,5.90,5.90,1420,140820
20200515,13:17,5.90,5.95,5.75,5.75,1480,140820
20200515,13:18,5.80,5.80,5.75,5.80,480,139720
20200515,13:19,5.80,5.80,5.65,5.70,2300,139720
20200515,13:20,5.65,5.70,5.65,5.70,1380,139720
20200515,13:21,5.75,5.75,5.70,5.75,260,138980
20200515,13:22,5.75,5.80,5.70,5.70,920,138980
20200515,13:23,5.75,5.85,5.75,5.85,400,138980
20200515,13:24,5.85,6.00,5.80,6.00,920,138380
20200515,13:25,6.05,6.15,6.00,6.05,1080,138380
20200515,13:26,6.05,6.30,6.05,6.30,1840,138440
20200515,13:27,6.40,6.45,6.35,6.45,540,138440
20200515,13:28,6.55,6.75,6.50,6.70,1260,138440
20200515,13:29,6.70,7.05,6.70,7.05,2680,137560
20200515,13:30,7.15,7.35,7.05,7.30,2520,137560
20200515,13:31,7.25,7.35,7.15,7.20,2020,137560
20200515,13:32,7.20,7.25,7.05,7.05,2240,137560
20200515,13:33,7.05,7.05,7.05,7.05,220,138340
20200515,13:34,7.05,7.15,7.05,7.15,780,138340
20200515,13:35,7.15,7.25,7.05,7.10,2440,138340
20200515,13:36,7.05,7.10,7.05,7.05,1160,139360
20200515,13:37,7.10,7.20,7.05,7.15,880,139360
20200515,13:38,7.10,7.25,7.10,7.25,1020,139360
20200515,13:39,7.10,7.25,7.05,7.15,2960,139800
20200515,13:40,7.05,7.15,6.95,6.95,6640,139800
20200515,13:41,7.00,7.00,6.75,6.80,1920,139800
20200515,13:42,6.85,6.90,6.80,6.90,580,141740
20200515,13:43,6.90,6.95,6.85,6.85,580,141740
20200515,13:44,7.00,7.00,6.75,6.80,3260,141740
20200515,13:45,6.80,6.95,6.80,6.90,1340,142600
20200515,13:46,6.90,6.95,6.75,6.85,1420,142600
20200515,13:47,6.85,7.20,6.85,7.10,2120,142600
20200515,13:48,7.05,7.10,6.90,7.10,1020,143860
20200515,13:49,7.15,7.40,7.15,7.30,1460,143860
20200515,13:50,7.30,7.95,7.25,7.85,6040,143860
20200515,13:51,7.85,7.95,7.80,7.90,2880,144360
20200515,13:52,7.90,7.90,7.55,7.65,1760,144360
20200515,13:53,7.65,7.65,7.10,7.15,1500,144360
20200515,13:54,7.15,7.65,7.05,7.60,2320,145280
20200515,13:55,7.55,7.60,7.15,7.20,1240,145280
20200515,13:56,7.15,7.45,7.15,7.40,2040,145280
20200515,13:57,7.40,7.70,7.40,7.60,3060,145760
20200515,13:58,7.60,7.80,7.50,7.65,3040,145760
20200515,13:59,7.70,7.70,7.55,7.60,1680,145760
20200515,14:00,7.60,7.60,7.15,7.30,3780,146460
20200515,14:01,7.30,7.35,7.15,7.30,1300,146460
20200515,14:02,7.30,7.50,7.30,7.45,980,146460
20200515,14:03,7.45,7.45,7.35,7.40,2880,146780
20200515,14:04,7.40,7.45,7.35,7.40,6060,146780
20200515,14:05,7.40,7.40,7.35,7.40,2280,146780
20200515,14:06,7.40,7.40,7.35,7.40,1840,149540
20200515,14:07,7.40,7.40,7.35,7.40,2100,149540
20200515,14:08,7.40,7.40,7.35,7.40,3480,149540
20200515,14:09,7.35,7.40,7.35,7.35,1120,149940
20200515,14:10,7.40,7.40,7.40,7.40,640,149940
20200515,14:11,7.40,7.40,7.35,7.40,760,149940
20200515,14:12,7.50,7.65,7.45,7.65,3560,149580
20200515,14:13,7.65,8.00,7.65,7.90,3240,149580
20200515,14:14,7.95,8.70,7.95,8.70,5560,149580
20200515,14:15,8.55,8.55,8.20,8.25,2200,148880
20200515,14:16,8.25,8.40,8.15,8.25,600,148880
20200515,14:17,8.40,8.85,8.30,8.85,3880,148880
20200515,14:18,8.70,8.95,8.55,8.80,3280,148960
20200515,14:19,8.70,9.00,8.70,8.95,1120,148960
20200515,14:20,9.00,9.10,8.45,8.45,2680,148960
20200515,14:21,8.45,8.65,8.45,8.55,1080,149220
20200515,14:22,8.50,8.50,8.15,8.35,1760,149220
20200515,14:23,8.35,8.35,7.85,7.95,2640,149220
20200515,14:24,7.90,8.40,7.80,8.30,1440,150620
20200515,14:25,8.30,8.50,8.10,8.10,1420,150620
20200515,14:26,8.30,8.85,8.30,8.80,3280,150620
20200515,14:27,8.80,9.45,8.80,9.30,7660,151780
20200515,14:28,9.40,9.75,9.05,9.05,5180,151780
20200515,14:29,9.10,9.10,8.80,8.80,960,151780
20200515,14:30,8.80,8.80,8.45,8.45,3740,154300
20200515,14:31,8.60,8.60,8.10,8.20,2940,154300
20200515,14:32,7.90,7.90,7.35,7.65,2500,154300
20200515,14:33,7.65,8.00,7.65,8.00,1180,154180
20200515,14:34,8.00,8.05,7.75,7.75,1880,154180
20200515,14:35,7.90,8.15,7.90,8.00,1360,154180
20200515,14:36,8.20,8.25,8.00,8.05,2800,153600
20200515,14:37,8.00,8.15,8.00,8.05,740,153600
20200515,14:38,8.15,8.25,8.00,8.10,3060,153600
20200515,14:39,8.00,8.20,8.00,8.15,1120,156120
20200515,14:40,8.10,8.20,7.95,7.95,740,156120
20200515,14:41,8.05,8.25,8.00,8.10,1040,156120
20200515,14:42,8.10,8.35,8.10,8.30,3420,155480
20200515,14:43,8.25,8.55,8.25,8.40,600,155480
20200515,14:44,8.45,8.45,8.35,8.35,240,155480
20200515,14:45,8.35,8.50,8.35,8.50,800,157460
20200515,14:46,8.35,8.40,8.30,8.35,1380,157460
20200515,14:47,8.45,8.45,8.40,8.45,1400,157460
20200515,14:48,8.40,8.60,8.40,8.40,1480,158820
20200515,14:49,8.40,8.50,8.30,8.30,880,158820
20200515,14:50,8.30,8.55,8.30,8.55,1000,158820
20200515,14:51,8.55,8.70,8.55,8.70,700,158860
20200515,14:52,8.55,8.60,8.50,8.50,1180,158860
20200515,14:53,8.50,8.55,8.40,8.50,1920,158860
20200515,14:54,8.40,8.50,8.25,8.25,1300,159060
20200515,14:55,8.15,8.15,7.75,7.90,3560,159060
20200515,14:56,7.90,8.10,7.85,8.10,400,159060
20200515,14:57,8.20,8.30,8.20,8.20,780,159020
20200515,14:58,8.15,8.15,8.05,8.10,1280,159020
20200515,14:59,8.10,8.20,8.00,8.10,780,159020
20200515,15:00,8.10,8.60,8.10,8.60,2220,158700
20200515,15:01,8.40,8.65,8.35,8.65,1020,158700
20200515,15:02,8.60,8.65,8.45,8.60,1400,158700
20200515,15:03,8.50,8.65,8.40,8.55,1980,159520
20200515,15:04,8.65,8.65,8.55,8.60,2240,159520
20200515,15:05,8.60,8.60,8.40,8.45,1740,159520
20200515,15:06,8.40,8.50,8.00,8.00,6360,159100
20200515,15:07,8.00,8.15,7.55,7.55,4060,159100
20200515,15:08,7.65,8.30,7.60,7.95,10060,159100
20200515,15:09,7.95,8.35,7.90,7.95,10920,158240
20200515,15:10,7.95,8.10,7.70,7.70,1780,158240
20200515,15:11,7.85,7.90,7.70,7.70,4040,158240
20200515,15:12,7.70,7.80,7.65,7.80,4280,161500
20200515,15:13,7.80,7.80,7.60,7.60,3340,161500
20200515,15:14,7.70,7.75,7.55,7.55,4740,161500
20200515,15:15,7.60,7.85,7.60,7.60,5300,161660
20200515,15:16,7.60,7.70,7.60,7.60,4840,161660
20200515,15:17,7.55,7.65,7.55,7.55,2780,161660
20200515,15:18,7.55,7.60,7.35,7.35,4340,163940
20200515,15:19,7.30,7.40,7.25,7.35,2240,163940
20200515,15:20,7.30,7.30,7.25,7.25,980,163940
20200515,15:21,7.25,7.50,7.25,7.50,3960,163100
20200515,15:22,7.50,7.65,7.30,7.65,4100,163100
20200515,15:23,7.60,7.60,7.45,7.50,5800,163100
20200515,15:24,7.55,7.55,7.40,7.40,4200,159020
20200515,15:25,7.45,7.60,7.35,7.60,5620,159020
20200515,15:26,7.50,7.60,7.30,7.30,4700,159020
20200515,15:27,7.25,7.55,7.10,7.35,5520,154660
20200515,15:28,7.35,7.60,7.20,7.60,5320,154660
20200515,15:29,7.45,7.55,7.00,7.55,2280,154660
20200518,09:15,5.30,5.30,2.60,3.15,14681,153960
20200518,09:16,3.10,3.35,3.00,3.15,7320,153960
20200518,09:17,3.15,3.25,3.10,3.20,4340,158640
20200518,09:18,3.25,3.65,3.25,3.60,5420,158640
20200518,09:19,3.50,3.70,3.45,3.50,9540,158640
20200518,09:20,3.50,3.60,3.45,3.55,7380,155540
20200518,09:21,3.50,3.50,3.25,3.30,5360,155540
20200518,09:22,3.35,3.35,3.15,3.30,3800,155540
20200518,09:23,3.20,3.40,3.00,3.40,8220,149220
20200518,09:24,3.35,3.40,3.25,3.40,1260,149220
20200518,09:25,3.40,3.40,3.20,3.35,2620,149220
20200518,09:26,3.35,3.40,3.25,3.40,4600,142260
20200518,09:27,3.25,3.35,3.25,3.35,1000,142260
20200518,09:28,3.30,3.35,3.20,3.35,2520,142260
20200518,09:29,3.35,3.35,3.25,3.30,2620,139600
20200518,09:30,3.30,3.30,3.20,3.25,4500,139600
20200518,09:31,3.20,3.20,3.20,3.20,460,139600
20200518,09:32,3.20,3.25,3.15,3.25,1060,139300
20200518,09:33,3.25,3.25,3.10,3.10,9200,139300
20200518,09:34,3.10,3.15,3.05,3.15,1840,139300
20200518,09:35,3.05,3.15,3.05,3.15,5380,139360
20200518,09:36,3.15,3.25,3.15,3.20,2180,139360
20200518,09:37,3.20,3.25,3.15,3.25,2520,139360
20200518,09:38,3.25,3.25,3.20,3.25,1800,134120
20200518,09:39,3.20,3.25,3.20,3.25,1260,134120
20200518,09:40,3.20,3.25,3.20,3.25,420,134120
20200518,09:41,3.20,3.30,3.20,3.30,5880,134440
20200518,09:42,3.30,3.40,3.30,3.35,2120,134440
20200518,09:43,3.35,3.40,3.30,3.35,3380,134440
20200518,09:44,3.30,3.35,3.30,3.30,920,132060
20200518,09:45,3.30,3.35,3.30,3.30,6920,132060
20200518,09:46,3.30,3.35,3.25,3.25,9820,132060
20200518,09:47,3.25,3.30,3.25,3.30,820,132320
20200518,09:48,3.30,3.35,3.30,3.35,1180,132320
20200518,09:49,3.30,3.35,3.30,3.35,1800,132320
20200518,09:50,3.35,3.35,3.30,3.35,1020,130440
20200518,09:51,3.35,3.35,3.30,3.35,660,130440
20200518,09:52,3.35,3.35,3.30,3.30,7100,130440
20200518,09:53,3.25,3.30,3.25,3.30,1100,133160
20200518,09:54,3.25,3.30,3.25,3.25,1320,133160
20200518,09:55,3.25,3.30,3.25,3.30,1400,133160
20200518,09:56,3.25,3.30,3.25,3.30,1280,130880
20200518,09:57,3.30,3.30,3.25,3.30,740,130880
20200518,09:58,3.25,3.30,3.25,3.25,3440,130880
20200518,09:59,3.25,3.25,3.20,3.20,1000,128040
20200518,10:00,3.20,3.20,3.20,3.20,300,128040
20200518,10:01,3.20,3.25,3.20,3.25,1500,128040
20200518,10:02,3.25,3.25,3.20,3.20,100,126800
20200518,10:03,3.25,3.25,3.20,3.25,1900,126800
20200518,10:04,3.25,3.30,3.25,3.30,3200,126800
20200518,10:05,3.30,3.30,3.25,3.30,5100,121720
20200518,10:06,3.30,3.30,3.20,3.25,3660,121720
20200518,10:07,3.25,3.25,3.20,3.25,460,121720
20200518,10:08,3.25,3.40,3.25,3.30,6220,124560
20200518,10:09,3.30,3.30,3.25,3.25,580,124560
20200518,10:10,3.25,3.30,3.25,3.25,680,124560
20200518,10:11,3.30,3.30,3.20,3.25,7640,125340
20200518,10:12,3.25,3.35,3.25,3.35,5580,125340
20200518,10:13,3.25,3.30,3.25,3.30,3380,125340
20200518,10:14,3.30,3.30,3.25,3.25,940,126320
20200518,10:15,3.25,3.30,3.25,3.30,1260,126320
20200518,10:16,3.30,3.30,3.25,3.25,420,126320
20200518,10:17,3.25,3.30,3.25,3.30,600,125820
20200518,10:18,3.30,3.30,3.25,3.30,2000,125820
20200518,10:19,3.30,3.30,3.25,3.30,600,125820
20200518,10:20,3.30,3.30,3.25,3.25,740,125260
20200518,10:21,3.30,3.30,3.25,3.30,780,125260
20200518,10:22,3.30,3.30,3.30,3.30,1800,125260
20200518,10:23,3.30,3.30,3.30,3.30,40,122980
20200518,10:24,3.30,3.30,3.30,3.30,440,122980
20200518,10:25,3.30,3.30,3.25,3.25,100,122980
20200518,10:26,3.30,3.30,3.30,3.30,320,122920
20200518,10:27,3.30,3.35,3.30,3.30,2740,122920
20200518,10:28,3.35,3.35,3.30,3.30,660,122920
20200518,10:29,3.35,3.35,3.30,3.30,280,121620
20200518,10:30,3.30,3.30,3.30,3.30,740,121620
20200518,10:31,3.30,3.30,3.25,3.30,5340,121620
20200518,10:32,3.25,3.30,3.25,3.30,760,121200
20200518,10:33,3.30,3.30,3.25,3.25,200,121200
20200518,10:34,3.25,3.30,3.25,3.30,2920,121200
20200518,10:35,3.30,3.30,3.25,3.25,2640,121220
20200518,10:36,3.25,3.30,3.25,3.30,240,121220
20200518,10:37,3.25,3.30,3.25,3.30,4220,121220
20200518,10:38,3.30,3.30,3.30,3.30,820,121220
20200518,10:39,3.40,3.45,3.30,3.35,2800,121280
20200518,10:40,3.35,3.35,3.35,3.35,80,121280
20200518,10:41,3.35,3.35,3.35,3.35,2860,122100
20200518,10:42,3.35,3.40,3.35,3.35,3720,122100
20200518,10:43,3.35,3.40,3.35,3.35,800,122100
20200518,10:44,3.35,3.40,3.35,3.35,1020,125740
20200518,10:45,3.35,3.40,3.35,3.35,1200,125740
20200518,10:46,3.40,3.40,3.35,3.35,1860,125740
20200518,10:47,3.35,3.35,3.30,3.30,4320,126140
20200518,10:48,3.30,3.35,3.30,3.30,3320,126140
20200518,10:49,3.30,3.30,3.25,3.25,1900,126140
20200518,10:50,3.25,3.25,3.20,3.25,6280,126100
20200518,10:51,3.25,3.25,3.25,3.25,320,126100
20200518,10:52,3.20,3.25,3.20,3.25,400,126100
20200518,10:53,3.20,3.25,3.20,3.25,500,125720
20200518,10:54,3.20,3.20,3.20,3.20,80,125720
20200518,10:55,3.20,3.25,3.20,3.25,420,125720
20200518,10:56,3.25,3.25,3.20,3.25,1720,125480
20200518,10:57,3.20,3.20,3.20,3.20,4500,125480
20200518,10:58,3.15,3.20,3.15,3.20,100,125480
20200518,10:59,3.20,3.20,3.15,3.20,1160,123760
20200518,11:00,3.20,3.20,3.20,3.20,220,123760
20200518,11:01,3.15,3.20,3.15,3.20,1360,123760
20200518,11:02,3.15,3.20,3.15,3.15,520,123760
20200518,11:03,3.20,3.20,3.20,3.20,560,121320
20200518,11:04,3.20,3.20,3.20,3.20,100,121320
20200518,11:05,3.15,3.25,3.15,3.20,640,121040
20200518,11:06,3.20,3.25,3.15,3.20,1940,121040
20200518,11:07,3.20,3.25,3.15,3.20,2680,121040
20200518,11:08,3.20,3.25,3.15,3.25,1600,120020
20200518,11:09,3.20,3.20,3.20,3.20,20,120020
20200518,11:10,3.20,3.30,3.20,3.25,1300,120020
20200518,11:11,3.25,3.25,3.20,3.20,740,120020
20200518,11:12,3.25,3.25,3.20,3.25,1140,120720
20200518,11:13,3.25,3.30,3.25,3.30,1220,120720
20200518,11:14,3.30,3.30,3.25,3.25,1840,119880
20200518,11:15,3.30,3.40,3.30,3.30,5360,119880
20200518,11:16,3.35,3.40,3.30,3.30,2280,119880
20200518,11:17,3.30,3.35,3.30,3.35,660,119080
20200518,11:18,3.35,3.35,3.35,3.35,420,119080
20200518,11:19,3.30,3.30,3.25,3.25,2120,119080
20200518,11:20,3.25,3.30,3.25,3.30,580,117760
20200518,11:21,3.25,3.30,3.25,3.30,60,117760
20200518,11:22,3.25,3.25,3.25,3.25,580,117760
20200518,11:23,3.25,3.30,3.25,3.25,780,117940
20200518,11:24,3.25,3.30,3.20,3.20,3880,117940
20200518,11:25,3.30,3.30,3.20,3.25,480,117940
20200518,11:26,3.20,3.25,3.20,3.25,800,120120
20200518,11:27,3.25,3.25,3.25,3.25,120,120120
20200518,11:28,3.20,3.25,3.20,3.25,100,120120
20200518,11:30,3.25,3.25,3.20,3.25,1000,119900
20200518,11:31,3.20,3.25,3.20,3.20,1960,119900
20200518,11:32,3.15,3.20,3.15,3.15,740,121360
20200518,11:33,3.15,3.15,3.15,3.15,20,121360
20200518,11:34,3.20,3.20,3.20,3.20,60,121360
20200518,11:35,3.15,3.20,3.15,3.20,120,121360
20200518,11:36,3.20,3.20,3.15,3.15,740,121200
20200518,11:37,3.15,3.15,3.15,3.15,440,121200
20200518,11:38,3.15,3.15,3.15,3.15,620,121200
20200518,11:39,3.15,3.15,3.15,3.15,680,119600
20200518,11:40,3.15,3.15,3.15,3.15,20,119600
20200518,11:41,3.15,3.15,3.10,3.10,160,119000
20200518,11:42,3.15,3.15,3.15,3.15,20,119000
20200518,11:43,3.15,3.20,3.15,3.20,760,119000
20200518,11:44,3.15,3.20,3.15,3.20,220,119000
20200518,11:45,3.20,3.20,3.20,3.20,480,118520
20200518,11:46,3.20,3.20,3.15,3.20,2520,118520
20200518,11:47,3.20,3.20,3.20,3.20,520,118520
20200518,11:48,3.20,3.20,3.15,3.15,480,116940
20200518,11:49,3.15,3.20,3.15,3.20,220,116940
20200518,11:50,3.20,3.20,3.20,3.20,360,116940
20200518,11:51,3.20,3.20,3.15,3.20,300,116080
20200518,11:52,3.20,3.20,3.15,3.20,260,116080
20200518,11:53,3.20,3.25,3.20,3.25,620,116080
20200518,11:54,3.25,3.30,3.25,3.25,760,115180
20200518,11:55,3.30,3.30,3.20,3.25,1560,115180
20200518,11:56,3.25,3.35,3.25,3.30,1100,114640
20200518,11:57,3.30,3.40,3.25,3.25,1140,114640
20200518,11:58,3.30,3.40,3.30,3.30,680,114640
20200518,11:59,3.35,3.35,3.30,3.35,520,114800
20200518,12:00,3.35,3.40,3.35,3.40,520,114800
20200518,12:01,3.35,3.40,3.30,3.30,1020,114800
20200518,12:02,3.35,3.40,3.35,3.40,1920,116100
20200518,12:03,3.35,3.40,3.30,3.35,1700,116100
20200518,12:04,3.35,3.35,3.35,3.35,320,116100
20200518,12:05,3.35,3.40,3.30,3.35,860,116120
20200518,12:06,3.35,3.35,3.35,3.35,460,116120
20200518,12:07,3.30,3.35,3.25,3.30,1260,116120
20200518,12:08,3.35,3.35,3.30,3.35,1580,116120
20200518,12:09,3.30,3.35,3.25,3.30,1860,115360
20200518,12:10,3.25,3.35,3.25,3.35,1860,115360
20200518,12:11,3.30,3.35,3.30,3.30,1100,113940
20200518,12:12,3.30,3.30,3.30,3.30,3200,113940
20200518,12:13,3.30,3.35,3.30,3.30,920,113940
20200518,12:14,3.30,3.35,3.30,3.35,760,113940
20200518,12:15,3.30,3.35,3.30,3.35,580,115020
20200518,12:16,3.30,3.35,3.25,3.25,10860,115020
20200518,12:17,3.25,3.25,3.20,3.25,6600,120060
20200518,12:18,3.25,3.30,3.20,3.25,1200,120060
20200518,12:19,3.25,3.30,3.20,3.20,3300,120060
20200518,12:20,3.20,3.35,3.20,3.30,3700,120060
20200518,12:21,3.25,3.30,3.25,3.25,420,118860
20200518,12:22,3.30,3.30,3.25,3.30,2260,118860
20200518,12:23,3.25,3.25,3.20,3.20,200,118860
20200518,12:24,3.20,3.20,3.20,3.20,20,118820
20200518,12:28,3.20,3.20,3.20,3.20,20,118840
20200518,12:30,3.25,3.25,3.15,3.15,2740,118860
20200518,12:32,3.20,3.20,3.20,3.20,120,118860
20200518,12:33,3.20,3.25,3.20,3.25,2980,118680
20200518,12:34,3.25,3.25,3.25,3.25,1960,118680
20200518,12:35,3.25,3.25,3.25,3.25,2060,118680
20200518,12:36,3.25,3.30,3.20,3.20,1220,116600
20200518,12:37,3.25,3.25,3.25,3.25,420,116600
20200518,12:38,3.25,3.30,3.25,3.30,400,116600
20200518,12:39,3.30,3.30,3.30,3.30,1000,114840
20200518,12:41,3.30,3.35,3.30,3.35,1400,114840
20200518,12:42,3.30,3.35,3.30,3.35,360,112660
20200518,12:43,3.30,3.30,3.30,3.30,100,112660
20200518,12:44,3.35,3.35,3.35,3.35,20,112660
20200518,12:45,3.30,3.40,3.25,3.40,1480,112640
20200518,12:46,3.30,3.40,3.25,3.25,940,112640
20200518,12:47,3.30,3.30,3.30,3.30,1440,112640
20200518,12:48,3.25,3.30,3.25,3.30,580,112800
20200518,12:49,3.35,3.35,3.35,3.35,120,112800
20200518,12:50,3.30,3.35,3.30,3.35,100,112800
20200518,12:51,3.30,3.30,3.30,3.30,1000,112800
20200518,12:52,3.35,3.35,3.35,3.35,20,111760
20200518,12:53,3.30,3.30,3.30,3.30,240,111760
20200518,12:54,3.30,3.30,3.30,3.30,80,111560
20200518,12:57,3.30,3.30,3.25,3.25,400,111480
20200518,12:58,3.25,3.30,3.20,3.25,4400,111480
20200518,12:59,3.25,3.25,3.25,3.25,1840,111480
20200518,13:00,3.25,3.30,3.25,3.30,540,111200
20200518,13:01,3.30,3.30,3.30,3.30,60,111200
20200518,13:03,3.30,3.30,3.30,3.30,280,111040
20200518,13:04,3.30,3.30,3.30,3.30,100,111040
20200518,13:05,3.30,3.35,3.25,3.25,1620,111040
20200518,13:06,3.25,3.30,3.15,3.30,4300,110340
20200518,13:07,3.30,3.30,3.20,3.25,1100,110340
20200518,13:08,3.25,3.25,3.25,3.25,2000,110340
20200518,13:09,3.25,3.25,3.25,3.25,2220,109600
20200518,13:10,3.20,3.20,3.20,3.20,40,109600
20200518,13:11,3.30,3.30,3.30,3.30,20,109600
20200518,13:12,3.25,3.30,3.25,3.25,380,109480
20200518,13:13,3.30,3.30,3.20,3.30,3980,109480
20200518,13:14,3.30,3.30,3.30,3.30,40,109480
20200518,13:15,3.30,3.30,3.25,3.25,2960,102600
20200518,13:16,3.30,3.30,3.25,3.25,1820,102600
20200518,13:17,3.30,3.30,3.30,3.30,40,102600
20200518,13:18,3.25,3.30,3.25,3.25,440,100620
20200518,13:19,3.30,3.30,3.20,3.30,3160,100620
20200518,13:20,3.30,3.30,3.30,3.30,440,100620
20200518,13:21,3.30,3.35,3.30,3.35,380,97780
20200518,13:22,3.35,3.35,3.30,3.35,120,97780
20200518,13:23,3.35,3.35,3.30,3.30,80,97780
20200518,13:24,3.35,3.35,3.30,3.30,260,97740
20200518,13:25,3.35,3.35,3.35,3.35,120,97740
20200518,13:26,3.30,3.30,3.30,3.30,20,97740
20200518,13:27,3.30,3.35,3.25,3.25,1400,97800
20200518,13:28,3.30,3.30,3.25,3.25,260,97800
20200518,13:29,3.30,3.35,3.30,3.35,200,97800
20200518,13:30,3.30,3.30,3.25,3.25,160,97080
20200518,13:31,3.30,3.30,3.25,3.25,100,97080
20200518,13:32,3.25,3.25,3.25,3.25,100,97080
20200518,13:35,3.30,3.30,3.30,3.30,20,97220
20200518,13:36,3.30,3.30,3.25,3.25,80,97180
20200518,13:37,3.30,3.30,3.25,3.25,120,97180
20200518,13:38,3.25,3.30,3.25,3.30,1020,97180
20200518,13:40,3.30,3.30,3.30,3.30,260,96060
20200518,13:41,3.30,3.35,3.30,3.35,320,96060
20200518,13:43,3.35,3.35,3.35,3.35,20,95980
20200518,13:44,3.30,3.35,3.30,3.30,120,95980
20200518,13:46,3.35,3.35,3.35,3.35,120,96020
20200518,13:47,3.35,3.35,3.30,3.35,580,96020
20200518,13:48,3.35,3.40,3.30,3.40,100,96020
20200518,13:49,3.45,3.45,3.35,3.40,640,96080
20200518,13:50,3.40,3.55,3.35,3.55,980,96080
20200518,13:51,3.50,3.60,3.45,3.50,800,96380
20200518,13:52,3.50,3.50,3.45,3.45,140,96380
20200518,13:53,3.45,3.50,3.45,3.50,220,96380
20200518,13:54,3.50,3.50,3.45,3.50,720,96420
20200518,13:55,3.50,3.55,3.45,3.50,1260,96420
20200518,13:56,3.45,3.45,3.45,3.45,120,96420
20200518,13:57,3.45,3.45,3.45,3.45,640,96420
20200518,13:58,3.45,3.45,3.45,3.45,1400,97100
20200518,13:59,3.45,3.45,3.45,3.45,220,97100
20200518,14:00,3.50,3.50,3.45,3.45,2640,95080
20200518,14:01,3.45,3.50,3.45,3.45,1060,95080
20200518,14:02,3.45,3.45,3.45,3.45,100,95080
20200518,14:03,3.45,3.45,3.45,3.45,260,96020
20200518,14:04,3.50,3.50,3.45,3.45,2120,96020
20200518,14:06,3.45,3.50,3.45,3.50,300,94860
20200518,14:07,3.45,3.45,3.45,3.45,40,94860
20200518,14:09,3.45,3.45,3.45,3.45,100,94880
20200518,14:10,3.45,3.45,3.45,3.45,20,94880
20200518,14:12,3.50,3.50,3.45,3.45,360,94880
20200518,14:13,3.50,3.55,3.45,3.45,4980,94880
20200518,14:14,3.45,3.45,3.40,3.40,600,94880
20200518,14:15,3.45,3.45,3.20,3.25,1740,96280
20200518,14:16,3.25,3.25,3.25,3.25,420,96280
20200518,14:17,3.25,3.25,3.20,3.20,80,96280
20200518,14:18,3.20,3.40,3.15,3.35,1740,94940
20200518,14:19,3.45,3.45,3.30,3.30,460,94940
20200518,14:20,3.30,3.30,3.30,3.30,40,94940
20200518,14:21,3.30,3.30,3.25,3.25,60,93720
20200518,14:22,3.20,3.20,3.20,3.20,40,93720
20200518,14:24,3.40,3.40,3.30,3.30,200,93740
20200518,14:25,3.35,3.35,3.25,3.25,1400,93740
20200518,14:26,3.25,3.25,3.25,3.25,360,93740
20200518,14:27,3.30,3.30,3.25,3.25,860,94480
20200518,14:29,3.35,3.35,3.30,3.30,360,94480
20200518,14:30,3.30,3.35,3.30,3.35,140,94480
20200518,14:32,3.35,3.35,3.35,3.35,340,94480
20200518,14:33,3.35,3.35,3.30,3.35,580,94720
20200518,14:34,3.35,3.35,3.30,3.35,260,94720
20200518,14:35,3.30,3.30,3.30,3.30,660,94720
20200518,14:36,3.40,3.40,3.40,3.40,160,94120
20200518,14:37,3.40,3.40,3.35,3.35,280,94120
20200518,14:38,3.35,3.40,3.30,3.30,220,94120
20200518,14:39,3.30,3.35,3.30,3.30,380,94120
20200518,14:40,3.35,3.40,3.35,3.35,160,94120
20200518,14:41,3.35,3.40,3.30,3.30,300,94120
20200518,14:42,3.30,3.40,3.30,3.35,220,94180
20200518,14:43,3.30,3.30,3.30,3.30,480,94180
20200518,14:44,3.30,3.30,3.30,3.30,2100,94180
20200518,14:45,3.30,3.30,3.30,3.30,320,95040
20200518,14:46,3.35,3.35,3.30,3.30,1080,95040
20200518,14:47,3.35,3.35,3.35,3.35,560,95040
20200518,14:48,3.35,3.35,3.35,3.35,400,94040
20200518,14:49,3.35,3.40,3.35,3.40,180,94040
20200518,14:50,3.40,3.40,3.40,3.40,580,94040
20200518,14:51,3.40,3.40,3.40,3.40,1340,93760
20200518,14:53,3.40,3.45,3.40,3.45,100,93760
20200518,14:54,3.50,3.60,3.50,3.60,140,93760
20200518,14:55,3.50,3.60,3.50,3.60,220,93760
20200518,14:57,3.55,3.55,3.45,3.45,220,93660
20200518,14:58,3.40,3.40,3.35,3.35,580,93660
20200518,14:59,3.45,3.45,3.45,3.45,40,93660
20200518,15:00,3.40,3.45,3.40,3.45,140,93660
20200518,15:01,3.35,3.45,3.30,3.30,200,93660
20200518,15:02,3.45,3.45,3.35,3.35,120,93660
20200518,15:03,3.30,3.35,3.30,3.35,80,93600
20200518,15:04,3.30,3.35,3.30,3.35,40,93600
20200518,15:05,3.30,3.30,3.30,3.30,200,93600
20200518,15:07,3.50,3.50,3.40,3.40,2060,93380
20200518,15:08,3.30,3.45,3.30,3.35,2000,93380
20200518,15:09,3.40,3.40,3.35,3.35,180,93380
20200518,15:10,3.30,3.35,3.30,3.35,240,93000
20200518,15:11,3.35,3.35,3.25,3.35,320,93000
20200518,15:12,3.35,3.35,3.35,3.35,360,92860
20200518,15:13,3.35,3.50,3.30,3.35,1780,92860
20200518,15:14,3.30,3.40,3.25,3.30,1680,92860
20200518,15:15,3.30,3.35,3.30,3.35,180,92580
20200518,15:16,3.35,3.45,3.35,3.40,440,92580
20200518,15:17,3.40,3.40,3.40,3.40,40,92580
20200518,15:19,3.35,3.35,3.35,3.35,200,92600
20200518,15:20,3.35,3.35,3.35,3.35,20,92600
20200518,15:21,3.40,3.40,3.30,3.35,1440,92040
20200518,15:22,3.35,3.40,3.30,3.30,1660,92040
20200518,15:23,3.30,3.30,3.25,3.30,400,92040
20200518,15:24,3.30,3.30,3.30,3.30,580,92040
20200518,15:25,3.30,3.35,3.30,3.35,1020,91740
20200518,15:26,3.35,3.35,3.35,3.35,160,91740
20200518,15:27,3.35,3.40,3.30,3.30,3540,92840
20200518,15:28,3.30,3.40,3.10,3.10,560,92840
20200518,15:29,3.25,3.50,3.05,3.50,1280,92840
20200519,09:15,3.40,3.40,2.10,2.55,702,92960
20200519,09:16,2.60,2.80,2.25,2.65,760,92960
20200519,09:17,2.60,2.60,2.55,2.55,820,92820
20200519,09:18,2.35,2.50,2.35,2.35,560,92820
20200519,09:19,2.55,2.90,2.55,2.85,980,92820
20200519,09:20,2.85,2.95,2.80,2.90,340,92700
20200519,09:21,2.90,2.90,2.65,2.75,720,92700
20200519,09:23,2.65,2.65,2.65,2.65,20,92780
20200519,09:24,2.75,2.75,2.60,2.70,2400,92780
20200519,09:25,2.70,2.80,2.65,2.65,1960,92780
20200519,09:26,2.75,2.95,2.75,2.75,1300,93440
20200519,09:27,2.75,2.75,2.55,2.75,1180,93440
20200519,09:28,2.60,2.60,2.60,2.60,40,93440
20200519,09:30,2.70,2.70,2.60,2.60,120,94580
20200519,09:31,2.55,2.70,2.50,2.70,2620,94580
20200519,09:32,2.55,2.55,2.50,2.50,1140,94040
20200519,09:33,2.40,2.45,2.25,2.25,1680,94040
20200519,09:34,2.30,2.30,2.30,2.30,100,94040
20200519,09:36,2.50,2.50,2.50,2.50,1240,92900
20200519,09:37,2.50,2.50,2.50,2.50,260,92900
20200519,09:38,2.40,2.40,2.40,2.40,120,92120
20200519,09:39,2.45,2.45,2.45,2.45,500,92120
20200519,09:40,2.45,2.45,2.45,2.45,20,92120
20200519,09:41,2.40,2.40,2.40,2.40,1060,91740
20200519,09:42,2.40,2.40,2.30,2.30,1240,91740
20200519,09:43,2.30,2.30,2.30,2.30,60,91740
20200519,09:44,2.25,2.30,2.25,2.30,580,92260
20200519,09:45,2.30,2.30,2.30,2.30,100,92260
20200519,09:46,2.20,2.20,2.15,2.20,420,92260
20200519,09:47,2.20,2.35,2.15,2.35,400,92420
20200519,09:48,2.35,2.35,2.25,2.25,40,92420
20200519,09:49,2.15,2.20,2.15,2.20,280,92420
20200519,09:51,2.25,2.25,2.25,2.25,20,92400
20200519,09:52,2.30,2.30,2.30,2.30,1180,92400
20200519,09:53,2.30,2.30,2.30,2.30,20,92400
20200519,09:54,2.25,2.25,2.25,2.25,180,91400
20200519,09:55,2.25,2.25,2.25,2.25,180,91400
20200519,09:56,2.25,2.25,2.25,2.25,200,91260
20200519,09:57,2.25,2.30,2.25,2.30,540,91260
20200519,09:58,2.25,2.30,2.20,2.30,920,91260
20200519,09:59,2.25,2.25,2.20,2.20,120,90840
20200519,10:00,2.20,2.30,2.20,2.30,80,90840
20200519,10:01,2.30,2.30,2.25,2.25,220,90840
20200519,10:02,2.15,2.15,2.05,2.10,180,91020
20200519,10:03,2.10,2.20,2.10,2.15,300,91020
20200519,10:04,2.10,2.15,2.05,2.15,340,91020
20200519,10:05,2.15,2.20,2.10,2.20,240,91100
20200519,10:06,2.20,2.20,2.20,2.20,40,91100
20200519,10:07,2.20,2.20,2.15,2.15,40,91100
20200519,10:08,2.20,2.20,2.10,2.15,280,91180
20200519,10:09,2.10,2.15,2.10,2.15,100,91180
20200519,10:11,2.10,2.15,2.10,2.10,100,91280
20200519,10:12,2.10,2.10,2.05,2.05,380,91280
20200519,10:13,2.05,2.05,2.00,2.00,160,91280
20200519,10:14,2.00,2.00,2.00,2.00,40,91360
20200519,10:15,2.00,2.10,2.00,2.10,40,91360
20200519,10:16,2.10,2.10,2.05,2.05,40,91360
20200519,10:18,2.00,2.00,2.00,2.00,40,91360
20200519,10:19,2.15,2.15,2.05,2.05,60,91360
20200519,10:20,2.10,2.15,2.00,2.15,340,91400
20200519,10:21,2.15,2.15,2.15,2.15,60,91400
20200519,10:22,2.00,2.00,2.00,2.00,500,91400
20200519,10:27,2.10,2.10,2.10,2.10,60,91220
20200519,10:28,2.05,2.05,2.05,2.05,20,91220
20200519,10:31,2.05,2.10,2.05,2.10,320,91160
20200519,10:32,2.05,2.10,2.05,2.10,80,91160
20200519,10:34,2.10,2.10,2.10,2.10,2040,90880
20200519,10:35,2.00,2.00,2.00,2.00,40,90880
20200519,10:36,2.10,2.10,2.00,2.05,1640,88880
20200519,10:37,2.05,2.05,2.05,2.05,180,88880
20200519,10:38,2.05,2.05,2.05,2.05,220,88880
20200519,10:39,2.00,2.05,2.00,2.05,40,88640
20200519,10:40,2.05,2.05,2.05,2.05,60,88640
20200519,10:41,2.00,2.00,2.00,2.00,40,88600
20200519,10:42,2.00,2.00,2.00,2.00,20,88600
20200519,10:43,2.00,2.00,2.00,2.00,20,88600
20200519,10:44,2.05,2.10,2.00,2.00,1700,88160
20200519,10:45,2.00,2.00,2.00,2.00,20,88160
20200519,10:49,2.10,2.10,2.10,2.10,20,89280
20200519,10:50,2.05,2.05,2.05,2.05,500,89280
20200519,10:51,2.05,2.10,2.00,2.05,1760,89280
20200519,10:52,2.05,2.10,2.00,2.05,1520,89280
20200519,10:53,2.05,2.10,2.05,2.05,1040,88580
20200519,10:54,2.05,2.05,2.00,2.05,100,88580
20200519,10:55,2.00,2.10,1.95,2.05,1200,88580
20200519,10:56,2.05,2.20,2.00,2.15,1520,88360
20200519,10:57,2.10,2.20,1.85,1.95,2180,88360
20200519,10:58,1.95,2.15,1.90,2.05,1600,88360
20200519,10:59,2.05,2.15,1.90,1.95,1160,87840
20200519,11:00,1.95,1.95,1.90,1.90,3540,87840
20200519,11:01,1.85,1.90,1.85,1.90,280,87840
20200519,11:02,1.90,1.95,1.90,1.95,1100,87740
20200519,11:03,1.90,1.95,1.85,1.90,1620,87740
20200519,11:04,1.90,1.90,1.85,1.90,400,87740
20200519,11:05,1.90,1.90,1.85,1.85,120,87040
20200519,11:06,1.90,1.90,1.90,1.90,120,87040
20200519,11:07,1.85,1.85,1.80,1.80,2520,87040
20200519,11:08,1.80,1.95,1.80,1.80,2060,87080
20200519,11:09,1.85,1.90,1.80,1.90,2120,87080
20200519,11:10,1.85,1.95,1.80,1.85,1620,87080
20200519,11:11,1.85,1.90,1.80,1.85,1440,87200
20200519,11:12,1.90,2.00,1.80,1.85,1780,87200
20200519,11:13,1.90,1.90,1.80,1.90,940,87200
20200519,11:14,1.85,1.90,1.80,1.85,1540,86960
20200519,11:15,1.85,1.95,1.85,1.85,1360,86960
20200519,11:16,1.95,2.00,1.90,1.95,1200,86960
20200519,11:17,1.90,1.95,1.90,1.95,300,86840
20200519,11:18,1.95,2.00,1.90,1.95,1220,86840
20200519,11:21,1.85,1.85,1.80,1.80,40,86660
20200519,11:22,1.95,1.95,1.95,1.95,180,86660
20200519,11:23,1.85,1.85,1.80,1.80,60,86660
20200519,11:24,1.80,1.80,1.80,1.80,280,86680
20200519,11:25,1.80,1.80,1.80,1.80,200,86680
20200519,11:28,1.80,1.80,1.80,1.80,160,86960
20200519,11:30,1.80,1.80,1.80,1.80,260,87120
20200519,11:32,1.80,1.80,1.80,1.80,20,87120
20200519,11:33,1.80,1.80,1.80,1.80,100,87400
20200519,11:34,1.75,1.85,1.75,1.85,240,87400
20200519,11:35,1.85,1.85,1.75,1.75,440,87400
20200519,11:36,1.75,1.75,1.75,1.75,580,87440
20200519,11:37,1.85,1.85,1.75,1.85,160,87440
20200519,11:39,1.75,1.85,1.75,1.85,300,87120
20200519,11:40,1.80,1.90,1.80,1.90,120,87120
20200519,11:41,1.90,1.90,1.90,1.90,20,87120
20200519,11:42,1.85,1.95,1.75,1.85,2020,87240
20200519,11:43,1.85,1.95,1.80,1.85,1480,87240
20200519,11:44,1.85,1.90,1.80,1.85,3520,86200
20200519,11:45,1.90,1.90,1.80,1.85,1520,86200
20200519,11:46,1.85,1.85,1.80,1.85,840,86200
20200519,11:47,1.80,1.85,1.80,1.85,1000,86900
20200519,11:48,1.85,1.90,1.80,1.90,1060,86900
20200519,11:49,1.95,1.95,1.80,1.80,1240,86900
20200519,11:50,1.85,1.90,1.80,1.85,1140,87160
20200519,11:51,1.85,1.90,1.80,1.85,2260,87160
20200519,11:52,1.85,1.85,1.80,1.85,440,87160
20200519,11:53,1.85,1.95,1.80,1.85,3020,87220
20200519,11:54,1.85,1.90,1.85,1.85,3200,87220
20200519,11:55,1.85,1.90,1.85,1.85,1240,87220
20200519,11:56,1.90,1.90,1.85,1.90,1000,82880
20200519,11:57,1.85,1.90,1.85,1.90,1440,82880
20200519,11:58,1.90,1.90,1.85,1.85,1480,82880
20200519,11:59,1.90,1.90,1.85,1.90,340,82880
20200519,12:02,1.90,1.90,1.85,1.90,940,81920
20200519,12:03,1.85,1.90,1.80,1.90,2720,81920
20200519,12:04,1.85,1.90,1.80,1.90,540,81920
20200519,12:05,1.90,1.90,1.85,1.85,220,81920
20200519,12:06,1.90,1.90,1.85,1.85,40,82200
20200519,12:07,1.85,1.85,1.85,1.85,80,82200
20200519,12:08,1.85,1.90,1.85,1.90,2040,82300
20200519,12:09,1.90,1.90,1.85,1.85,1860,82300
20200519,12:12,1.85,1.85,1.85,1.85,20,82420
20200519,12:14,1.90,1.95,1.85,1.85,180,82420
20200519,12:16,1.90,1.90,1.90,1.90,320,82240
20200519,12:18,1.90,1.90,1.85,1.85,160,81920
20200519,12:19,1.85,1.85,1.85,1.85,120,81920
20200519,12:20,1.85,1.90,1.85,1.90,1980,81920
20200519,12:21,1.85,1.90,1.85,1.85,1380,81680
20200519,12:22,1.90,1.90,1.85,1.90,160,81680
20200519,12:23,1.90,1.90,1.90,1.90,1400,81680
20200519,12:24,1.85,1.85,1.85,1.85,20,80180
20200519,12:27,1.90,1.90,1.90,1.90,600,80180
20200519,12:28,1.90,1.90,1.90,1.90,640,80180
20200519,12:29,1.85,1.90,1.85,1.85,2020,80180
20200519,12:30,1.85,1.85,1.85,1.85,20,80180
20200519,12:33,1.85,1.90,1.80,1.85,1180,80240
20200519,12:34,1.80,1.90,1.80,1.90,1360,80240
20200519,12:35,1.85,1.85,1.80,1.85,1160,80240
20200519,12:36,1.80,1.85,1.80,1.80,1420,80200
20200519,12:37,1.85,1.90,1.80,1.80,1740,80200
20200519,12:38,1.85,1.90,1.80,1.85,1240,80200
20200519,12:39,1.85,1.90,1.80,1.90,520,80240
20200519,12:40,1.85,1.85,1.85,1.85,220,80240
20200519,12:41,1.85,1.90,1.85,1.90,1400,80240
20200519,12:42,1.85,1.90,1.85,1.90,140,80000
20200519,12:43,1.90,1.90,1.85,1.85,300,80000
20200519,12:44,1.85,1.90,1.85,1.85,380,80000
20200519,12:45,1.85,1.85,1.85,1.85,180,79700
20200519,12:46,1.85,1.90,1.80,1.80,560,79700
20200519,12:47,1.85,1.90,1.75,1.80,1480,79700
20200519,12:48,1.85,1.90,1.80,1.85,1580,79640
20200519,12:49,1.85,1.90,1.80,1.85,980,79640
20200519,12:50,1.85,1.90,1.80,1.85,580,79640
20200519,12:51,1.85,1.90,1.85,1.90,1820,79560
20200519,12:52,1.90,1.90,1.90,1.90,40,79560
20200519,12:53,1.85,1.85,1.85,1.85,60,79560
20200519,12:54,1.90,1.90,1.80,1.80,1840,79660
20200519,12:55,1.80,1.85,1.80,1.85,1260,79660
20200519,12:58,1.85,1.85,1.85,1.85,20,79580
20200519,12:59,1.85,1.85,1.85,1.85,1300,79580
20200519,13:00,1.85,1.90,1.75,1.80,2780,79500
20200519,13:01,1.75,1.80,1.75,1.80,200,79500
20200519,13:02,1.65,1.75,1.65,1.75,840,79500
20200519,13:03,1.70,1.75,1.65,1.70,340,78700
20200519,13:04,1.70,1.70,1.65,1.65,580,78700
20200519,13:05,1.80,1.80,1.70,1.75,300,78700
20200519,13:07,1.75,1.75,1.75,1.75,20,78120
20200519,13:09,1.75,1.75,1.75,1.75,20,78120
20200519,13:10,1.70,1.70,1.70,1.70,20,78120
20200519,13:11,1.80,1.80,1.75,1.75,980,78120
20200519,13:12,1.80,1.80,1.80,1.80,20,77120
20200519,13:14,1.75,1.75,1.75,1.75,40,77120
20200519,13:16,1.80,1.80,1.80,1.80,20,77160
20200519,13:17,1.75,1.75,1.75,1.75,20,77160
20200519,13:18,1.75,1.75,1.75,1.75,20,77160
20200519,13:19,1.75,1.75,1.75,1.75,40,77180
20200519,13:21,1.75,1.75,1.75,1.75,420,77200
20200519,13:22,1.75,1.75,1.75,1.75,60,77200
20200519,13:23,1.75,1.75,1.75,1.75,20,77200
20200519,13:24,1.75,1.75,1.75,1.75,280,77180
20200519,13:25,1.75,1.80,1.75,1.80,520,77180
20200519,13:31,1.80,1.80,1.80,1.80,40,77780
20200519,13:32,1.75,1.80,1.75,1.80,1400,77780
20200519,13:33,1.80,1.85,1.75,1.75,1080,77780
20200519,13:34,1.75,1.75,1.75,1.75,40,77780
20200519,13:35,1.80,1.80,1.80,1.80,740,77780
20200519,13:36,1.75,1.85,1.75,1.80,940,77620
20200519,13:37,1.80,1.80,1.70,1.75,1100,77620
20200519,13:38,1.75,1.80,1.70,1.75,1200,77620
20200519,13:39,1.75,1.80,1.75,1.75,1780,77760
20200519,13:40,1.75,1.80,1.75,1.80,220,77760
20200519,13:46,1.80,1.80,1.75,1.75,1080,77420
20200519,13:47,1.75,1.80,1.70,1.75,1320,77420
20200519,13:48,1.75,1.80,1.70,1.75,1680,76920
20200519,13:49,1.75,1.75,1.65,1.70,2460,76920
20200519,13:50,1.75,1.75,1.65,1.75,2880,76920
20200519,13:51,1.70,1.80,1.70,1.75,3960,76380
20200519,13:52,1.75,1.80,1.75,1.75,2620,76380
20200519,13:53,1.80,1.80,1.80,1.80,40,76380
20200519,13:54,1.80,1.80,1.80,1.80,20,76380
20200519,13:55,1.80,1.85,1.75,1.80,2340,76360
20200519,13:56,1.80,1.85,1.80,1.85,1440,76360
20200519,13:57,1.85,1.85,1.85,1.85,740,75360
20200519,13:58,1.85,1.85,1.80,1.80,940,75360
20200519,13:59,1.80,1.80,1.80,1.80,240,75360
20200519,14:00,1.85,1.85,1.80,1.80,2020,73540
20200519,14:02,1.85,1.85,1.85,1.85,20,73540
20200519,14:03,1.85,1.90,1.85,1.85,120,71540
20200519,14:04,1.90,1.90,1.80,1.90,320,71540
20200519,14:06,1.80,1.80,1.80,1.80,500,71380
20200519,14:07,1.80,1.80,1.80,1.80,320,71380
20200519,14:08,1.85,1.85,1.85,1.85,60,71380
20200519,14:10,1.85,2.00,1.85,2.00,1320,71000
20200519,14:11,1.95,1.95,1.90,1.90,200,71000
20200519,14:13,1.85,1.85,1.85,1.85,60,70180
20200519,14:16,1.90,1.95,1.90,1.95,100,70120
20200519,14:17,1.85,1.85,1.80,1.80,120,70120
20200519,14:19,1.85,1.85,1.85,1.85,200,70220
20200519,14:20,1.85,1.85,1.85,1.85,1000,70220
20200519,14:21,1.95,1.95,1.95,1.95,200,69040
20200519,14:22,1.90,1.90,1.90,1.90,60,69040
20200519,14:23,1.95,1.95,1.90,1.90,1000,69040
20200519,14:24,1.90,1.95,1.90,1.95,380,69140
20200519,14:25,2.00,2.00,2.00,2.00,520,69140
20200519,14:26,2.00,2.00,2.00,2.00,40,69140
20200519,14:28,1.95,1.95,1.95,1.95,20,68600
20200519,14:29,1.90,1.90,1.90,1.90,40,68600
20200519,14:30,1.90,2.00,1.90,2.00,520,68580
20200519,14:31,1.90,1.90,1.90,1.90,2220,68580
20200519,14:32,1.90,1.90,1.85,1.85,680,68580
20200519,14:33,1.80,1.85,1.80,1.80,360,67520
20200519,14:34,1.90,1.90,1.80,1.80,180,67520
20200519,14:35,1.80,1.80,1.80,1.80,180,67520
20200519,14:37,1.90,1.90,1.90,1.90,40,67520
20200519,14:38,2.00,2.00,1.90,1.90,60,67520
20200519,14:40,1.90,1.90,1.90,1.90,20,67440
20200519,14:42,1.90,1.90,1.80,1.80,220,67400
20200519,14:43,1.80,1.80,1.80,1.80,100,67400
20200519,14:45,1.95,1.95,1.95,1.95,1000,67140
20200519,14:46,1.90,1.90,1.90,1.90,700,67140
20200519,14:49,1.95,2.00,1.90,2.00,60,66140
20200519,14:50,1.90,1.90,1.90,1.90,20,66140
20200519,14:51,1.90,1.90,1.80,1.90,280,66000
20200519,14:52,1.95,1.95,1.95,1.95,140,66000
20200519,14:55,1.95,1.95,1.95,1.95,180,65820
20200519,14:57,1.95,1.95,1.95,1.95,20,65740
20200519,14:59,1.95,2.00,1.95,2.00,340,65740
20200519,15:01,1.90,1.90,1.90,1.90,20,65500
20200519,15:03,1.95,2.00,1.90,2.00,360,65500
20200519,15:04,2.00,2.00,2.00,2.00,20,65480
20200519,15:05,1.95,2.00,1.95,2.00,80,65480
20200519,15:06,2.00,2.00,2.00,2.00,20,65480
20200519,15:09,2.00,2.00,2.00,2.00,320,65440
20200519,15:10,2.05,2.05,2.05,2.05,20,65440
20200519,15:11,2.00,2.00,1.95,1.95,700,65440
20200519,15:16,1.90,1.95,1.85,1.85,980,66120
20200519,15:17,1.95,2.05,1.90,1.90,1440,66120
20200519,15:18,1.90,2.05,1.90,2.05,440,65900
20200519,15:19,1.90,2.05,1.90,2.05,200,65900
20200519,15:20,1.95,2.05,1.95,2.00,280,65900
20200519,15:21,2.00,2.00,2.00,2.00,220,65900
20200519,15:22,2.05,2.05,2.00,2.00,1020,65680
20200519,15:23,1.95,1.95,1.95,1.95,80,65680
20200519,15:24,1.95,1.95,1.90,1.90,140,65680
20200519,15:25,1.85,1.85,1.85,1.85,80,64960
20200519,15:26,1.80,1.85,1.80,1.85,160,64960
20200519,15:27,1.95,1.95,1.85,1.85,140,64760
20200519,15:28,2.05,2.05,1.90,1.90,180,64760
20200519,15:29,1.90,2.00,1.90,1.90,800,64760
20200520,09:17,1.60,1.70,1.60,1.60,481,65240
20200520,09:19,1.00,1.00,1.00,1.00,200,65240
20200520,09:21,1.00,1.35,1.00,1.35,260,65080
20200520,09:22,1.25,1.40,1.25,1.35,320,65080
20200520,09:24,1.30,1.30,1.25,1.25,60,65000
20200520,09:25,1.25,1.25,1.25,1.25,20,65000
20200520,09:26,1.20,1.25,1.20,1.25,2040,65000
20200520,09:27,1.20,1.35,1.20,1.25,2200,65000
20200520,09:28,1.25,1.35,1.20,1.30,2760,65000
20200520,09:29,1.30,1.30,1.25,1.30,660,64040
20200520,09:30,1.25,1.30,1.25,1.30,820,64040
20200520,09:32,1.30,1.40,1.20,1.30,1460,63260
20200520,09:33,1.25,1.35,1.25,1.35,1000,63260
20200520,09:34,1.30,1.50,1.25,1.35,1660,63260
20200520,09:35,1.35,1.50,1.30,1.40,1100,63260
20200520,09:36,1.45,1.45,1.35,1.45,1140,63260
20200520,09:37,1.45,1.45,1.45,1.45,1040,63260
20200520,09:38,1.45,1.50,1.45,1.45,1100,63200
20200520,09:40,1.45,1.50,1.45,1.50,400,63200
20200520,09:41,1.50,1.60,1.45,1.55,1020,63140
20200520,09:42,1.55,1.55,1.45,1.50,880,63140
20200520,09:43,1.50,1.50,1.50,1.50,60,63140
20200520,09:44,1.50,1.50,1.45,1.45,300,63120
20200520,09:45,1.50,1.55,1.45,1.50,460,63120
20200520,09:46,1.50,1.55,1.50,1.50,1280,63120
20200520,09:47,1.50,1.50,1.45,1.45,340,63120
20200520,09:48,1.50,1.70,1.40,1.45,1880,62900
20200520,09:49,1.40,1.50,1.35,1.45,1580,62900
20200520,09:50,1.45,1.50,1.40,1.45,620,62900
20200520,09:52,1.40,1.40,1.40,1.40,380,62900
20200520,09:53,1.40,1.50,1.40,1.45,800,62820
20200520,09:54,1.45,1.50,1.45,1.50,500,62820
20200520,09:55,1.50,1.50,1.50,1.50,20,62820
20200520,09:57,1.50,1.65,1.40,1.45,1780,62640
20200520,09:58,1.45,1.55,1.40,1.45,1080,62640
20200520,09:59,1.50,1.50,1.45,1.45,360,62300
20200520,10:01,1.50,1.50,1.50,1.50,360,62300
20200520,10:02,1.50,1.70,1.50,1.70,1700,62740
20200520,10:04,1.50,1.50,1.50,1.50,40,62740
20200520,10:05,1.50,1.50,1.50,1.50,20,62740
20200520,10:07,1.45,1.45,1.45,1.45,60,64140
20200520,10:08,1.45,1.45,1.45,1.45,100,64200
20200520,10:10,1.40,1.45,1.40,1.45,40,64200
20200520,10:12,1.45,1.45,1.45,1.45,20,64180
20200520,10:13,1.50,1.50,1.50,1.50,180,64180
20200520,10:14,1.45,1.55,1.45,1.50,60,64180
20200520,10:15,1.45,1.50,1.45,1.45,420,63960
20200520,10:16,1.45,1.45,1.45,1.45,40,63960
20200520,10:17,1.45,1.45,1.45,1.45,200,63940
20200520,10:18,1.40,1.40,1.40,1.40,20,63940
20200520,10:19,1.45,1.45,1.45,1.45,80,63940
20200520,10:21,1.35,1.50,1.35,1.50,140,63840
20200520,10:25,1.40,1.40,1.40,1.40,20,63760
20200520,10:28,1.40,1.40,1.40,1.40,140,63760
20200520,10:29,1.40,1.40,1.40,1.40,320,63900
20200520,10:30,1.40,1.40,1.40,1.40,20,63900
20200520,10:31,1.40,1.40,1.40,1.40,100,63900
20200520,10:33,1.40,1.40,1.40,1.40,160,63680
20200520,10:34,1.40,1.40,1.40,1.40,60,63680
20200520,10:35,1.35,1.35,1.35,1.35,40,63460
20200520,10:36,1.40,1.40,1.40,1.40,20,63460
20200520,10:37,1.40,1.40,1.40,1.40,20,63460
20200520,10:39,1.35,1.35,1.35,1.35,20,63420
20200520,10:44,1.35,1.35,1.35,1.35,20,63400
20200520,10:46,1.35,1.35,1.35,1.35,1000,63380
20200520,10:48,1.40,1.40,1.40,1.40,20,62380
20200520,10:50,1.35,1.35,1.35,1.35,660,62380
20200520,10:56,1.30,1.30,1.30,1.30,20,61780
20200520,11:03,1.35,1.35,1.30,1.30,40,61760
20200520,11:13,1.30,1.30,1.30,1.30,20,61740
20200520,11:27,1.30,1.30,1.30,1.30,20,61740
20200520,11:37,1.35,1.45,1.35,1.45,1180,61720
20200520,11:41,1.35,1.40,1.35,1.40,420,61680
20200520,11:43,1.35,1.35,1.35,1.35,960,61700
20200520,11:44,1.35,1.35,1.35,1.35,20,61620
20200520,11:47,1.30,1.30,1.30,1.30,940,61620
20200520,11:49,1.30,1.30,1.30,1.30,180,60660
20200520,11:50,1.25,1.30,1.25,1.25,800,60440
20200520,11:51,1.25,1.25,1.25,1.25,2020,60440
20200520,11:52,1.25,1.30,1.25,1.25,2140,60440
20200520,11:53,1.25,1.25,1.20,1.25,2380,59860
20200520,11:54,1.25,1.30,1.20,1.30,1540,59860
20200520,11:55,1.30,1.30,1.30,1.30,20,59860
20200520,11:56,1.30,1.30,1.30,1.30,1640,59920
20200520,11:57,1.30,1.35,1.30,1.30,1200,59920
20200520,11:58,1.30,1.30,1.30,1.30,840,59920
20200520,11:59,1.30,1.30,1.30,1.30,20,60040
20200520,12:00,1.30,1.30,1.30,1.30,3220,60040
20200520,12:01,1.30,1.30,1.30,1.30,660,60040
20200520,12:02,1.30,1.30,1.25,1.30,1600,59840
20200520,12:03,1.30,1.30,1.30,1.30,1980,59840
20200520,12:04,1.30,1.30,1.30,1.30,120,59840
20200520,12:06,1.25,1.25,1.25,1.25,40,59680
20200520,12:08,1.25,1.25,1.25,1.25,20,59680
20200520,12:10,1.30,1.35,1.30,1.35,460,59700
20200520,12:11,1.35,1.35,1.30,1.30,60,59700
20200520,12:12,1.35,1.35,1.35,1.35,20,59320
20200520,12:13,1.35,1.35,1.35,1.35,20,59320
20200520,12:15,1.30,1.30,1.30,1.30,40,59280
20200520,12:17,1.35,1.35,1.35,1.35,20,59280
20200520,12:18,1.35,1.35,1.35,1.35,160,59280
20200520,12:19,1.30,1.30,1.30,1.30,160,59240
20200520,12:26,1.35,1.35,1.30,1.30,40,59080
20200520,12:28,1.30,1.30,1.25,1.30,480,59060
20200520,12:37,1.30,1.30,1.30,1.30,20,58660
20200520,12:42,1.25,1.25,1.20,1.20,1000,58660
20200520,12:43,1.20,1.30,1.15,1.25,3020,58660
20200520,12:44,1.25,1.25,1.25,1.25,260,58660
20200520,12:45,1.25,1.40,1.25,1.30,920,58720
20200520,12:46,1.30,1.45,1.30,1.40,980,58720
20200520,12:47,1.35,1.40,1.30,1.35,860,58720
20200520,12:48,1.35,1.50,1.30,1.35,1480,58860
20200520,12:49,1.35,1.40,1.35,1.35,1300,58860
20200520,12:50,1.35,1.40,1.35,1.40,580,58860
20200520,12:51,1.40,1.40,1.35,1.40,820,59000
20200520,12:52,1.45,1.45,1.35,1.35,1220,59000
20200520,12:53,1.40,1.45,1.30,1.35,2340,59000
20200520,12:54,1.35,1.45,1.30,1.35,1280,60080
20200520,12:55,1.35,1.50,1.30,1.45,1500,60080
20200520,12:56,1.40,1.45,1.35,1.40,920,60080
20200520,12:57,1.40,1.50,1.35,1.40,900,60180
20200520,12:58,1.40,1.50,1.35,1.40,1280,60180
20200520,12:59,1.40,1.40,1.40,1.40,740,60180
20200520,13:00,1.40,1.45,1.35,1.40,1060,60120
20200520,13:01,1.40,1.45,1.35,1.35,1220,60120
20200520,13:02,1.40,1.40,1.30,1.35,1000,60120
20200520,13:04,1.35,1.35,1.35,1.35,20,60360
20200520,13:05,1.35,1.35,1.35,1.35,280,60360
20200520,13:06,1.35,1.35,1.35,1.35,40,60060
20200520,13:07,1.35,1.35,1.35,1.35,20,60060
20200520,13:08,1.35,1.35,1.35,1.35,700,60060
20200520,13:09,1.30,1.30,1.30,1.30,40,60060
20200520,13:10,1.30,1.30,1.30,1.30,20,60060
20200520,13:11,1.30,1.30,1.30,1.30,1100,60060
20200520,13:13,1.30,1.30,1.30,1.30,600,60000
20200520,13:16,1.30,1.30,1.30,1.30,400,60000
20200520,13:20,1.25,1.25,1.25,1.25,20,60000
20200520,13:26,1.25,1.30,1.25,1.30,760,60000
20200520,13:27,1.30,1.30,1.30,1.30,20,59300
20200520,13:29,1.25,1.30,1.25,1.30,100,59300
20200520,13:32,1.25,1.25,1.25,1.25,20,59260
20200520,13:33,1.30,1.30,1.30,1.30,80,59260
20200520,13:35,1.25,1.25,1.25,1.25,340,59260
20200520,13:36,1.15,1.20,1.15,1.20,80,59180
20200520,13:37,1.15,1.25,1.15,1.25,640,59180
20200520,13:38,1.20,1.20,1.15,1.15,160,59180
20200520,13:40,1.20,1.20,1.20,1.20,20,58680
20200520,13:41,1.20,1.20,1.20,1.20,360,58680
20200520,13:42,1.15,1.15,1.15,1.15,120,58680
20200520,13:43,1.15,1.15,1.15,1.15,40,58680
20200520,13:44,1.10,1.10,1.10,1.10,180,58680
20200520,13:45,1.10,1.10,1.10,1.10,20,58520
20200520,13:46,1.05,1.15,1.05,1.15,520,58520
20200520,13:47,1.05,1.05,1.05,1.05,100,58520
20200520,13:48,1.05,1.05,1.05,1.05,60,57880
20200520,13:49,1.20,1.20,1.20,1.20,120,57880
20200520,14:06,1.15,1.15,1.15,1.15,20,57880
20200520,14:08,1.15,1.15,1.15,1.15,200,57700
20200520,14:12,1.35,1.35,1.35,1.35,180,57700
20200520,14:15,1.25,1.30,1.25,1.25,100,57520
20200520,14:16,1.25,1.30,1.25,1.30,500,57520
20200520,14:18,1.25,1.25,1.25,1.25,160,57400
20200520,14:22,1.35,1.35,1.35,1.35,100,57400
20200520,14:25,1.30,1.30,1.30,1.30,20,57360
20200520,14:26,1.25,1.25,1.25,1.25,40,57360
20200520,14:31,1.25,1.30,1.25,1.30,40,57420
20200520,14:32,1.20,1.35,1.20,1.35,180,57420
20200520,14:34,1.30,1.30,1.30,1.30,20,57420
20200520,14:37,1.05,1.05,1.05,1.05,40,57620
20200520,14:39,1.50,1.50,1.50,1.50,180,57580
20200520,14:42,1.25,1.25,1.25,1.25,20,57580
20200520,14:43,1.10,1.15,1.10,1.15,1020,57500
20200520,14:44,1.10,1.10,1.10,1.10,20,57500
20200520,14:45,1.05,1.05,1.05,1.05,1900,57520
20200520,14:47,1.05,1.05,1.05,1.05,360,57520
20200520,14:51,1.05,1.05,1.05,1.05,20,56200
20200520,14:52,1.45,1.45,1.45,1.45,40,56180
20200520,14:53,1.10,1.10,1.10,1.10,20,56180
20200520,14:54,1.10,1.10,1.10,1.10,20,56140
20200520,14:57,1.05,1.10,1.05,1.05,220,56100
20200520,14:59,1.05,1.05,0.90,0.90,720,56100
20200520,15:04,1.10,1.10,1.10,1.10,20,55460
20200520,15:11,1.00,1.00,0.85,0.85,400,55460
20200520,15:15,0.85,0.85,0.85,0.85,20,55060
20200520,15:16,1.10,1.10,1.10,1.10,40,55060
20200520,15:17,1.00,1.00,1.00,1.00,220,55060
20200520,15:18,1.00,1.00,1.00,1.00,380,54800
20200520,15:19,1.00,1.00,1.00,1.00,20,54800
20200520,15:20,0.90,0.90,0.80,0.80,120,54800
20200520,15:21,0.80,0.80,0.80,0.80,1940,54340
20200520,15:23,0.75,0.95,0.75,0.85,160,54340
20200520,15:24,0.85,0.85,0.85,0.85,60,54340
20200520,15:25,1.00,1.00,0.75,0.75,160,52380
20200520,15:27,0.70,0.70,0.70,0.70,80,52380
20200520,15:28,0.45,0.45,0.45,0.45,20,52140
20200521,09:15,0.80,0.80,0.45,0.45,221,52120
20200521,09:18,0.25,0.25,0.20,0.20,2540,52340
20200521,09:19,0.20,0.20,0.20,0.20,200,52340
20200521,09:24,0.20,0.20,0.20,0.20,20,52120
20200521,09:25,0.20,0.20,0.20,0.20,20,52120
20200521,09:26,0.20,0.25,0.20,0.25,2500,52100
20200521,09:27,0.70,0.70,0.25,0.25,1080,52100
20200521,09:28,0.25,0.35,0.25,0.35,200,52100
20200521,09:29,0.30,0.30,0.30,0.30,380,50760
20200521,09:35,0.30,0.30,0.30,0.30,400,50480
20200521,09:36,0.25,0.25,0.25,0.25,20,50480
20200521,09:37,0.25,0.25,0.25,0.25,420,50480
20200521,09:39,0.25,0.25,0.20,0.20,180,50020
20200521,09:40,0.20,0.20,0.20,0.20,100,50020
20200521,09:42,0.20,0.25,0.15,0.25,1400,50020
20200521,09:43,0.25,0.25,0.25,0.25,800,50020
20200521,09:44,0.25,0.25,0.25,0.25,60,50020
20200521,09:47,0.20,0.20,0.20,0.20,120,48620
20200521,09:49,0.20,0.20,0.20,0.20,40,48620
20200521,09:52,0.20,0.20,0.20,0.20,20,48560
20200521,09:53,0.20,0.20,0.20,0.20,40,48540
20200521,09:55,0.25,0.25,0.25,0.25,20,48540
20200521,09:58,0.35,0.35,0.35,0.35,400,48500
20200521,09:59,0.25,0.25,0.25,0.25,100,48500
20200521,10:00,0.20,0.20,0.20,0.20,80,48380
20200521,10:01,0.25,0.25,0.25,0.25,100,48380
20200521,10:02,0.25,0.25,0.25,0.25,20,48300
20200521,10:04,0.20,0.20,0.20,0.20,20,48300
20200521,10:05,0.25,0.25,0.25,0.25,260,48300
20200521,10:07,0.25,0.25,0.25,0.25,20,48280
20200521,10:08,0.35,0.35,0.35,0.35,40,48260
20200521,10:10,0.20,0.25,0.20,0.25,340,48260
20200521,10:16,0.35,0.35,0.35,0.35,20,47980
20200521,10:18,0.20,0.20,0.20,0.20,20,47980
20200521,10:21,0.20,0.20,0.20,0.20,40,47980
20200521,10:24,0.25,0.35,0.25,0.35,1340,47940
20200521,10:25,0.30,0.30,0.20,0.20,380,47940
20200521,10:27,0.20,0.30,0.20,0.20,2000,48000
20200521,10:28,0.20,0.25,0.20,0.20,1860,48000
20200521,10:29,0.20,0.20,0.20,0.20,1620,47900
20200521,10:30,0.20,0.20,0.15,0.20,1380,47900
20200521,10:31,0.20,0.20,0.15,0.20,640,47900
20200521,10:33,0.20,0.25,0.20,0.25,1420,47940
20200521,10:34,0.20,0.25,0.20,0.25,1520,47940
20200521,10:35,0.20,0.25,0.15,0.25,1880,47860
20200521,10:36,0.20,0.25,0.20,0.20,2760,47860
20200521,10:37,0.20,0.25,0.20,0.20,2080,47860
20200521,10:38,0.20,0.20,0.20,0.20,1860,47820
20200521,10:39,0.20,0.25,0.20,0.20,440,47820
20200521,10:42,0.10,0.10,0.10,0.10,1840,47820
20200521,10:44,0.10,0.10,0.10,0.10,20,45880
20200521,10:45,0.20,0.20,0.20,0.20,420,45880
20200521,10:48,0.15,0.15,0.15,0.15,240,45760
20200521,10:49,0.15,0.15,0.15,0.15,20,45760
20200521,10:51,0.15,0.15,0.15,0.15,180,45940
20200521,10:52,0.15,0.15,0.10,0.10,60,45940
20200521,10:55,0.10,0.10,0.10,0.10,20,45940
20200521,10:56,0.15,0.15,0.15,0.15,60,45940
20200521,10:59,0.10,0.10,0.10,0.10,20,45920
20200521,11:08,0.10,0.10,0.10,0.10,1040,45880
20200521,11:10,0.10,0.10,0.10,0.10,20,45880
20200521,11:11,0.15,0.15,0.15,0.15,40,45880
20200521,11:12,0.10,0.10,0.10,0.10,200,45880
20200521,11:13,0.10,0.10,0.10,0.10,20,44880
20200521,11:16,0.10,0.10,0.10,0.10,20,44880
20200521,11:21,0.10,0.10,0.10,0.10,40,44660
20200521,11:26,0.10,0.10,0.10,0.10,20,44600
20200521,11:31,0.10,0.10,0.10,0.10,240,44600
20200521,11:54,0.10,0.10,0.10,0.10,100,44580
20200521,12:09,0.10,0.10,0.10,0.10,140,44340
20200521,12:21,0.10,0.10,0.10,0.10,1000,44100
20200521,12:31,0.10,0.10,0.10,0.10,520,44100
20200521,12:37,0.10,0.10,0.10,0.10,20,42580
20200521,13:01,0.10,0.10,0.10,0.10,280,42560
20200521,13:09,0.10,0.10,0.10,0.10,200,42280
20200521,13:12,0.10,0.10,0.10,0.10,60,42080
20200521,13:18,0.10,0.10,0.10,0.10,20,42020
20200521,13:26,0.10,0.10,0.10,0.10,40,42000
20200521,13:29,0.10,0.10,0.10,0.10,20,41960
20200521,13:30,0.10,0.10,0.10,0.10,20,41960
20200521,13:34,0.05,0.10,0.05,0.10,2120,41920
20200521,13:35,0.10,0.10,0.10,0.10,1880,41920
20200521,13:36,0.10,0.10,0.10,0.10,2640,41400
20200521,13:37,0.10,0.10,0.10,0.10,2360,41400
20200521,13:38,0.10,0.10,0.10,0.10,2680,41400
20200521,13:39,0.10,0.10,0.10,0.10,1640,41640
20200521,13:42,0.05,0.05,0.05,0.05,120,41840
20200521,13:44,0.05,0.05,0.05,0.05,20,41840
20200521,13:54,0.05,0.10,0.05,0.10,60,41700
20200521,13:56,0.10,0.10,0.10,0.10,800,41700
20200521,14:04,0.10,0.10,0.10,0.10,40,40840
20200521,14:05,0.10,0.10,0.10,0.10,160,40840
20200521,14:08,0.10,0.10,0.10,0.10,20,40640
20200521,14:12,0.10,0.10,0.10,0.10,20,40640
20200521,14:21,0.10,0.10,0.10,0.10,20,40600
20200521,14:24,0.10,0.10,0.10,0.10,220,40580
20200521,14:25,0.10,0.10,0.10,0.10,80,40580
20200521,14:26,0.10,0.10,0.10,0.10,20,40580
20200521,14:28,0.10,0.10,0.10,0.10,20,40260
20200521,14:32,0.10,0.10,0.10,0.10,20,40240
20200521,14:35,0.10,0.10,0.10,0.10,20,40240
20200521,14:37,0.15,0.15,0.15,0.15,440,40200
20200521,14:38,0.15,0.15,0.10,0.10,360,40200
20200521,14:43,0.15,0.15,0.15,0.15,20,39480
20200521,14:47,0.15,0.15,0.10,0.10,160,39480
20200521,14:51,0.10,0.10,0.10,0.10,120,39480
20200521,14:54,0.10,0.10,0.10,0.10,40,39340
20200521,15:05,0.10,0.10,0.10,0.10,80,39340
20200521,15:07,0.05,0.05,0.05,0.05,20,39300
20200521,15:11,0.05,0.05,0.05,0.05,20,39300
20200521,15:13,0.05,0.05,0.05,0.05,40,39260
20200521,15:19,0.05,0.05,0.05,0.05,20,39220
20200521,15:27,0.05,0.05,0.05,0.05,2660,39200
