20200518,09:57,963.30,963.30,963.30,963.30,21,20
20200518,10:16,963.30,963.30,963.30,963.30,20,20
20200518,10:22,924.35,924.35,924.35,924.35,20,40
20200518,13:30,808.45,808.45,808.45,808.45,20,20
20200519,09:16,917.65,917.65,917.60,917.60,42,20
20200519,09:41,851.30,851.30,851.30,851.30,40,80
20200519,09:50,918.85,918.85,918.85,918.85,20,80
20200519,13:34,751.85,751.85,751.85,751.85,40,60
20200519,13:36,740.10,740.10,740.10,740.10,20,80
20200519,13:43,647.65,647.65,647.65,647.65,20,80
20200519,13:47,647.65,647.65,647.65,647.65,20,80
20200519,13:48,665.40,665.40,665.40,665.40,20,100
20200519,13:49,675.00,678.65,658.65,678.65,60,100
20200519,13:50,706.50,706.50,700.00,700.00,40,100
20200519,13:51,683.50,688.95,675.00,675.00,140,320
20200519,13:52,651.60,651.60,640.45,640.45,60,320
20200519,13:53,619.30,619.30,619.30,619.30,40,320
20200519,13:54,619.30,627.45,619.30,627.45,60,360
20200519,13:55,619.75,619.75,619.75,619.75,40,360
20200519,13:58,637.90,637.90,637.90,637.90,40,420
20200519,13:59,640.00,640.00,640.00,640.00,20,420
20200519,14:00,665.30,675.00,647.70,675.00,80,440
20200519,14:01,650.00,650.00,650.00,650.00,20,440
20200519,14:02,659.75,659.75,640.00,640.00,40,440
20200519,14:05,666.00,666.00,650.00,650.00,60,540
20200519,14:06,640.80,640.80,630.00,630.00,80,580
20200519,14:08,650.00,650.00,650.00,650.00,40,580
20200519,14:09,630.00,630.00,630.00,630.00,40,640
20200519,14:10,623.00,623.00,620.00,620.00,60,640
20200519,14:11,610.00,610.00,610.00,610.00,20,640
20200519,14:12,610.00,632.50,610.00,632.50,60,780
20200519,14:14,635.00,635.00,635.00,635.00,40,780
20200519,14:15,631.30,633.15,631.30,633.15,40,840
20200519,14:16,645.00,679.60,645.00,667.50,180,840
20200519,14:18,667.00,667.00,667.00,667.00,40,780
20200519,14:19,702.00,702.00,687.00,687.00,80,780
20200519,14:20,687.00,715.00,687.00,715.00,80,780
20200519,14:21,700.00,700.00,700.00,700.00,20,780
20200519,14:22,681.90,681.90,681.90,681.90,20,860
20200519,14:25,681.90,681.90,681.90,681.90,20,880
20200519,14:28,700.00,700.00,700.00,700.00,20,880
20200519,14:29,704.00,704.00,704.00,704.00,20,820
20200519,14:34,644.00,644.00,644.00,644.00,40,740
20200519,14:39,678.00,678.00,678.00,678.00,200,720
20200519,14:40,655.65,660.00,655.65,660.00,320,920
20200519,14:42,640.00,640.00,639.95,639.95,60,1260
20200519,14:43,647.00,647.00,647.00,647.00,60,1260
20200519,14:47,647.00,647.00,647.00,647.00,140,1260
20200519,14:52,655.65,655.65,650.00,654.65,80,1280
20200519,14:54,660.00,661.00,660.00,661.00,120,1240
20200519,14:55,651.05,651.05,648.20,649.20,100,1240
20200519,14:57,641.00,641.00,641.00,641.00,240,1240
20200519,14:59,661.05,661.05,644.55,644.55,100,1600
20200519,15:00,651.50,651.50,623.35,623.35,100,1600
20200519,15:01,635.25,635.25,635.25,635.25,120,1600
20200519,15:02,640.45,643.05,640.00,640.00,160,1600
20200519,15:03,651.35,651.35,651.35,651.35,100,1600
20200519,15:05,651.35,651.35,651.35,651.35,20,1780
20200519,15:06,651.00,651.00,649.70,649.70,40,1780
20200519,15:07,640.00,640.00,640.00,640.00,20,1840
20200519,15:09,640.00,640.00,640.00,640.00,120,1840
20200519,15:11,640.00,644.65,640.00,644.65,60,1960
20200519,15:12,649.75,649.75,649.75,649.75,100,1960
20200519,15:13,647.15,647.15,647.15,647.15,40,2100
20200519,15:15,646.60,646.60,645.00,645.00,100,2140
20200519,15:16,645.00,645.00,645.00,645.00,60,2140
20200519,15:18,650.80,650.80,650.80,650.80,80,2060
20200519,15:20,654.85,657.00,654.85,657.00,100,2060
20200519,15:21,652.95,652.95,652.95,652.95,40,2060
20200519,15:22,656.10,660.00,656.10,660.00,60,2100
20200519,15:23,655.25,656.80,655.25,656.80,120,2100
20200519,15:24,660.00,660.00,660.00,660.00,20,2100
20200519,15:25,657.00,657.00,629.15,649.05,200,2120
20200519,15:26,641.95,641.95,641.95,641.95,20,2120
20200519,15:28,640.00,640.00,640.00,640.00,60,2020
20200519,15:29,640.00,640.00,631.95,631.95,60,2020
20200520,09:15,561.50,653.60,561.50,653.60,181,1920
20200520,09:16,661.40,718.20,661.40,687.95,600,1920
20200520,09:17,691.80,691.80,670.40,670.40,260,2080
20200520,09:18,699.95,718.00,699.95,718.00,140,2080
20200520,09:19,709.90,709.90,692.55,704.90,300,2080
20200520,09:20,725.00,759.50,725.00,759.50,180,2280
20200520,09:21,741.00,741.00,731.25,731.25,120,2280
20200520,09:25,672.95,672.95,667.70,671.10,80,2140
20200520,09:26,671.05,671.05,671.05,671.05,20,2160
20200520,09:27,680.95,684.95,680.85,684.95,120,2160
20200520,09:28,700.00,721.05,700.00,708.40,100,2160
20200520,09:30,652.05,655.70,652.05,655.70,80,2200
20200520,09:33,690.15,690.15,690.15,690.15,80,2180
20200520,09:37,675.00,675.00,675.00,675.00,80,2180
20200520,09:38,694.55,694.55,694.55,694.55,20,2180
20200520,09:41,706.00,706.00,698.05,698.05,40,2200
20200520,09:43,698.05,698.05,698.05,698.05,40,2200
20200520,09:45,690.75,690.75,690.75,690.75,20,2280
20200520,09:51,690.45,690.45,690.45,690.45,40,2300
20200520,09:53,715.00,715.00,715.00,715.00,220,2240
20200520,09:54,697.40,718.10,697.40,718.10,500,2240
20200520,09:56,696.00,696.00,696.00,696.00,40,2240
20200520,10:00,714.85,760.00,714.85,760.00,160,2240
20200520,10:01,760.00,760.00,731.30,731.30,100,2240
20200520,10:02,738.95,738.95,738.95,738.95,60,2240
20200520,10:03,725.70,725.70,725.70,725.70,20,2240
20200520,10:07,692.50,692.50,692.50,692.50,20,2260
20200520,10:08,715.50,715.50,715.50,715.50,40,2260
20200520,10:09,697.45,707.45,697.45,707.45,60,1920
20200520,10:11,679.55,679.55,676.75,676.75,60,1900
20200520,10:12,674.15,674.15,674.15,674.15,40,1900
20200520,10:18,629.80,635.25,625.05,633.10,100,1880
20200520,10:23,632.95,637.45,632.95,637.45,100,1900
20200520,10:30,628.20,628.20,606.50,606.50,140,1940
20200520,10:31,606.50,606.50,606.50,606.50,80,1940
20200520,10:32,613.10,613.10,613.10,613.10,20,1920
20200520,10:34,626.20,626.20,626.20,626.20,60,1920
20200520,10:36,645.20,656.10,645.20,650.00,60,1920
20200520,10:39,636.60,640.00,636.60,640.00,40,1880
20200520,10:44,628.20,628.20,628.20,628.20,60,1860
20200520,10:45,619.25,619.25,619.25,619.25,20,1860
20200520,10:52,613.10,613.10,613.10,613.10,20,1860
20200520,10:57,615.00,615.00,615.00,615.00,40,1900
20200520,10:58,605.90,605.90,605.90,605.90,20,1900
20200520,11:01,594.00,595.00,590.00,590.00,120,1940
20200520,11:04,600.00,600.00,600.00,600.00,100,1900
20200520,11:05,590.90,596.15,590.90,596.15,60,1980
20200520,11:07,600.00,600.00,600.00,600.00,20,1980
20200520,11:13,585.00,590.00,585.00,590.00,40,2040
20200520,11:15,590.00,590.00,590.00,590.00,200,2060
20200520,11:17,625.00,630.00,625.00,630.00,120,2040
20200520,11:18,633.95,633.95,633.95,633.95,20,2040
20200520,11:19,630.90,634.90,630.90,631.05,500,2040
20200520,11:21,635.00,635.00,635.00,635.00,20,2500
20200520,11:24,632.00,632.00,632.00,632.00,20,2500
20200520,11:25,618.15,618.15,618.15,618.15,60,2500
20200520,11:28,645.00,649.65,642.85,649.65,600,2440
20200520,11:29,668.45,668.45,668.45,668.45,220,2440
20200520,11:30,679.30,679.80,676.40,676.40,100,2360
20200520,11:31,669.00,669.00,669.00,669.00,20,2360
20200520,11:32,669.00,669.00,669.00,669.00,60,2380
20200520,11:34,670.20,670.20,662.90,662.90,40,2380
20200520,11:35,645.60,645.60,645.60,645.60,20,2380
20200520,11:39,645.60,645.60,645.60,645.60,20,2420
20200520,11:47,632.00,632.00,630.00,630.00,60,2400
20200520,11:50,644.35,644.35,644.35,644.35,20,2420
20200520,11:55,623.15,623.15,623.15,623.15,20,2400
20200520,11:57,628.95,628.95,628.95,628.95,20,2420
20200520,11:59,600.60,600.60,600.60,600.60,40,2420
20200520,12:00,616.60,616.60,616.60,616.60,20,2440
20200520,12:03,628.10,628.10,628.10,628.10,100,2420
20200520,12:08,621.00,621.00,621.00,621.00,100,2520
20200520,12:09,610.35,610.35,610.35,610.35,20,2620
20200520,12:10,620.00,620.00,620.00,620.00,40,2620
20200520,12:12,631.00,631.00,631.00,631.00,100,2560
20200520,12:13,628.35,628.35,628.35,628.35,20,2560
20200520,12:21,627.40,627.40,627.40,627.40,20,2540
20200520,12:22,635.00,635.00,635.00,635.00,40,2540
20200520,12:23,634.80,634.80,634.80,634.80,20,2540
20200520,12:24,620.15,620.15,620.15,620.15,20,2500
20200520,12:27,621.95,621.95,621.95,621.95,20,2500
20200520,12:28,624.55,624.75,622.40,622.40,80,2500
20200520,12:32,664.35,667.75,664.35,667.75,60,2540
20200520,12:33,665.00,665.00,655.50,655.50,40,2540
20200520,12:34,670.00,670.00,670.00,670.00,60,2540
20200520,12:35,688.25,688.25,688.25,688.25,20,2540
20200520,12:37,661.90,661.90,661.90,661.90,20,2540
20200520,12:38,661.45,661.45,661.45,661.45,20,2520
20200520,12:39,660.10,660.10,660.10,660.10,20,2540
20200520,12:43,658.70,658.70,658.70,658.70,20,2520
20200520,12:45,656.85,656.85,656.85,656.85,20,2500
20200520,12:46,651.60,651.60,644.30,644.30,160,2500
20200520,12:50,633.00,633.00,633.00,633.00,20,2500
20200520,12:54,614.65,614.65,614.65,614.65,40,2500
20200520,12:55,624.80,625.00,624.80,625.00,80,2500
20200520,12:56,628.65,628.65,628.65,628.65,20,2500
20200520,12:59,650.00,650.00,650.00,650.00,40,2500
20200520,13:01,637.45,637.45,637.00,637.00,60,2500
20200520,13:06,619.60,619.60,619.60,619.60,60,2520
20200520,13:09,612.00,612.00,612.00,612.00,20,2540
20200520,13:16,599.20,599.30,599.20,599.30,40,2560
20200520,13:20,589.55,589.55,589.55,589.55,40,2560
20200520,13:27,594.20,594.20,594.20,594.20,20,2580
20200520,13:29,582.70,582.70,582.70,582.70,40,2580
20200520,13:30,593.95,593.95,593.95,593.95,60,2580
20200520,13:31,613.30,613.30,613.30,613.30,40,2640
20200520,13:33,605.55,605.55,605.55,605.55,100,2640
20200520,13:37,610.25,610.25,608.20,608.20,40,2660
20200520,13:39,625.20,625.20,625.20,625.20,40,2660
20200520,13:42,610.05,610.05,609.00,609.00,60,2700
20200520,13:45,629.00,635.50,624.25,624.25,1060,2740
20200520,13:48,651.00,651.00,651.00,651.00,40,3660
20200520,13:51,643.20,643.20,643.20,643.20,20,3660
20200520,13:55,643.20,643.20,643.20,643.20,60,3600
20200520,14:02,653.00,653.00,653.00,653.00,200,3660
20200520,14:05,640.00,670.30,640.00,659.75,280,3600
20200520,14:06,669.20,669.20,669.20,669.20,20,3600
20200520,14:07,682.90,682.90,682.90,682.90,20,3600
20200520,14:08,706.00,719.65,697.75,719.65,80,3680
20200520,14:09,706.60,729.10,704.45,704.45,80,3620
20200520,14:10,744.95,744.95,725.90,731.60,80,3620
20200520,14:12,704.50,704.50,704.50,704.50,60,3560
20200520,14:13,699.95,700.00,693.75,693.75,120,3560
20200520,14:15,715.00,731.60,715.00,731.60,80,3580
20200520,14:16,710.05,710.05,710.05,710.05,20,3580
20200520,14:17,707.95,707.95,707.95,707.95,20,3580
20200520,14:20,718.10,718.10,718.10,718.10,60,3600
20200520,14:21,730.00,757.00,730.00,757.00,380,3540
20200520,14:22,786.00,786.00,786.00,786.00,40,3540
20200520,14:23,788.65,800.05,788.65,793.80,160,3540
20200520,14:25,846.00,849.40,842.45,849.40,320,3340
20200520,14:26,849.40,849.40,816.45,822.50,600,3340
20200520,14:27,825.00,825.00,825.00,825.00,20,3360
20200520,14:28,830.40,830.40,827.60,827.60,40,3360
20200520,14:29,832.60,832.60,832.60,832.60,20,3360
20200520,14:30,833.65,833.65,819.20,832.60,60,2780
20200520,14:31,838.00,865.00,835.15,865.00,200,2780
20200520,14:34,871.10,871.10,871.10,871.10,60,2660
20200520,14:35,853.00,853.00,853.00,853.00,20,2660
20200520,14:36,854.75,862.00,851.10,862.00,60,2620
20200520,14:37,855.05,855.05,853.85,853.85,60,2620
20200520,14:39,834.50,834.50,825.55,825.55,40,2640
20200520,14:40,825.00,832.95,825.00,832.95,100,2640
20200520,14:41,822.15,822.15,822.15,822.15,40,2640
20200520,14:43,833.60,833.60,833.60,833.60,1020,2600
20200520,14:44,831.60,831.60,831.60,831.60,60,2600
20200520,14:45,837.90,843.70,837.90,840.40,100,2140
20200520,14:46,790.00,790.00,790.00,790.00,20,2140
20200520,14:47,765.45,765.45,765.45,765.45,40,2140
20200520,14:48,758.65,758.65,735.50,735.50,80,2080
20200520,14:49,735.30,735.30,735.30,735.30,40,2080
20200520,14:50,719.85,719.85,719.85,719.85,40,2080
20200520,14:51,730.25,730.25,730.25,730.25,20,2080
20200520,14:52,733.35,733.35,733.35,733.35,20,2020
20200520,14:54,765.45,767.35,765.45,767.35,80,2020
20200520,14:55,719.85,719.85,719.85,719.85,40,1980
20200520,14:56,722.90,739.90,722.90,739.90,80,1980
20200520,15:00,783.30,796.15,772.70,772.70,60,1940
20200520,15:02,739.05,740.75,739.05,740.75,60,1940
20200520,15:11,747.95,747.95,747.95,747.95,20,1880
20200520,15:15,749.95,749.95,749.95,749.95,20,1900
20200520,15:16,771.00,771.00,771.00,771.00,20,1840
20200520,15:17,786.70,786.70,786.70,786.70,80,1840
20200520,15:19,786.00,786.00,786.00,786.00,20,1820
20200520,15:21,790.50,790.50,790.50,790.50,40,1820
20200520,15:22,792.05,792.05,792.05,792.05,100,1860
20200520,15:24,798.25,798.25,798.25,798.25,20,1860
20200520,15:25,783.85,785.00,783.85,785.00,160,1980
20200520,15:26,811.60,811.60,811.60,811.60,20,1980
20200520,15:27,805.65,805.65,805.65,805.65,20,1980
20200520,15:28,796.20,796.20,796.20,796.20,120,2000
20200520,15:29,813.50,813.50,812.70,812.70,60,2000
20200521,09:15,806.85,939.55,713.65,713.65,81,1940
20200521,09:18,713.65,713.65,713.65,713.65,20,1940
20200521,09:19,828.30,828.30,799.70,799.70,100,1980
20200521,09:20,806.55,815.00,805.00,805.00,100,2000
20200521,09:22,815.10,815.10,815.10,815.10,20,2000
20200521,09:25,765.25,765.25,765.25,765.25,40,1980
20200521,09:32,820.00,820.00,806.30,806.30,100,1900
20200521,09:36,867.10,867.10,867.10,867.10,40,1900
20200521,09:42,858.40,858.40,858.40,858.40,20,1860
20200521,09:46,879.95,879.95,879.95,879.95,20,1840
20200521,09:47,860.15,860.15,860.00,860.00,40,1840
20200521,09:49,864.70,864.70,834.45,834.45,40,1860
20200521,10:04,853.30,853.30,853.30,853.30,20,1820
20200521,10:05,884.25,884.25,884.25,884.25,40,1820
20200521,10:06,848.05,848.05,848.05,848.05,40,1820
20200521,10:27,920.95,920.95,920.95,920.95,20,1840
20200521,10:32,903.75,903.75,903.45,903.50,80,1780
20200521,10:36,896.30,896.30,896.30,896.30,40,1780
20200521,10:53,870.20,870.20,870.20,870.20,20,1740
20200521,10:54,865.00,865.00,865.00,865.00,20,1720
20200521,11:33,861.25,861.25,861.25,861.25,20,1700
20200521,12:20,815.30,815.30,815.30,815.30,60,1680
20200521,12:28,826.60,826.60,826.60,826.60,40,1680
20200521,12:32,787.40,787.40,787.40,787.40,20,1680
20200521,12:36,760.80,760.80,753.90,753.90,140,1680
20200521,12:51,784.00,784.00,784.00,784.00,20,1720
20200521,12:52,778.20,778.20,778.20,778.20,40,1720
20200521,13:04,816.00,816.00,816.00,816.00,20,1720
20200521,13:05,836.40,836.40,836.40,836.40,20,1720
20200521,13:08,855.50,855.50,855.50,855.50,20,1680
20200521,13:09,860.05,860.05,860.00,860.00,140,1660
20200521,13:52,780.60,780.60,780.60,780.60,20,1660
20200521,14:03,734.60,734.60,734.60,734.60,20,1680
20200521,14:04,711.00,711.00,711.00,711.00,20,1680
20200521,14:09,690.55,690.55,690.55,690.55,20,1660
20200521,14:10,655.50,655.50,655.50,655.50,20,1660
20200521,14:25,610.80,610.80,610.80,610.80,20,1620
20200521,14:32,602.80,602.80,602.80,602.80,20,1640
20200521,14:34,602.80,602.80,602.80,602.80,20,1660
20200521,14:38,578.00,578.00,578.00,578.00,20,1680
20200521,14:39,550.00,550.00,550.00,550.00,40,1680
20200521,14:40,550.00,550.00,550.00,550.00,20,1680
20200521,14:42,550.00,550.00,550.00,550.00,20,1680
20200521,14:44,540.15,540.15,540.15,540.15,40,1680
20200521,14:45,556.00,556.00,556.00,556.00,20,1720
20200521,14:46,556.00,556.00,556.00,556.00,20,1720
20200521,14:47,522.00,522.00,522.00,522.00,40,1720
20200521,14:54,522.00,522.00,522.00,522.00,20,1780
20200521,14:55,536.95,554.40,536.95,554.25,80,1780
20200521,14:56,544.30,555.00,544.30,547.30,160,1780
20200521,14:57,560.45,560.45,560.30,560.30,40,1820
20200521,14:58,557.75,557.75,549.60,549.60,80,1820
20200521,15:00,555.00,555.00,555.00,555.00,20,1820
20200521,15:03,561.15,561.15,561.15,561.15,40,1900
20200521,15:07,558.45,563.10,558.45,563.10,40,1900
20200521,15:08,562.20,565.20,549.90,552.80,260,1900
20200521,15:09,548.35,548.35,548.35,548.35,20,1900
20200521,15:12,559.35,560.55,559.00,559.00,200,2140
20200521,15:13,564.15,565.75,564.15,565.75,120,2140
20200521,15:14,567.60,568.15,567.60,568.15,80,2140
20200521,15:15,565.90,565.90,557.85,560.80,360,2140
20200521,15:16,560.05,565.15,560.05,560.65,140,2480
20200521,15:17,555.45,556.80,555.45,556.20,160,2480
20200521,15:18,555.10,558.25,554.95,555.00,440,2720
20200521,15:19,558.05,558.05,558.05,558.05,80,2720
20200521,15:20,560.00,563.45,560.00,562.70,280,2720
20200521,15:21,561.80,561.80,556.30,556.30,60,3140
20200521,15:22,555.90,558.45,555.35,558.45,180,3140
20200521,15:23,561.55,561.55,561.55,561.55,20,3140
20200521,15:24,559.30,568.95,559.30,561.40,240,3140
20200521,15:25,569.30,569.30,568.95,568.95,60,3320
20200521,15:26,568.75,568.95,568.40,568.95,120,3320
20200521,15:27,568.40,568.65,564.35,565.35,140,3300
20200521,15:28,564.35,567.40,563.90,566.10,300,3300
20200521,15:29,563.25,567.20,563.25,566.95,480,3300
20200522,09:15,453.70,477.95,422.95,449.80,5061,3500
20200522,09:16,454.20,481.50,445.15,480.35,9340,3500
20200522,09:17,484.80,507.15,479.75,488.00,5660,9720
20200522,09:18,494.80,504.50,488.05,504.50,6160,9720
20200522,09:19,511.95,535.95,505.40,520.10,17940,9720
20200522,09:20,516.05,523.95,502.50,506.95,5320,22740
20200522,09:21,508.60,539.95,505.50,534.40,13840,22740
20200522,09:22,529.25,555.35,520.00,555.35,8580,22740
20200522,09:23,556.70,579.80,543.50,559.70,8480,39280
20200522,09:24,556.80,570.00,556.80,557.95,1340,39280
20200522,09:25,557.05,560.30,550.00,550.15,1340,39280
20200522,09:26,545.70,555.95,545.70,555.95,980,44500
20200522,09:27,558.90,596.00,558.90,580.75,10200,44500
20200522,09:28,575.90,584.45,572.15,579.35,940,44500
20200522,09:29,579.70,649.05,576.00,643.95,7660,47100
20200522,09:30,631.65,652.15,606.70,619.35,13380,47100
20200522,09:31,628.70,634.90,609.10,620.05,980,47100
20200522,09:32,620.00,630.10,591.15,591.15,3960,49660
20200522,09:33,601.15,627.10,598.95,616.25,940,49660
20200522,09:34,621.90,628.75,616.90,620.00,2600,49660
20200522,09:35,630.00,679.40,625.45,651.95,11140,49520
20200522,09:36,659.95,666.00,649.35,666.00,2960,49520
20200522,09:37,658.70,659.30,639.60,647.00,1180,49520
20200522,09:38,641.90,641.90,614.45,632.00,7520,54180
20200522,09:39,625.00,630.00,621.25,624.00,640,54180
20200522,09:40,625.45,648.30,625.45,639.00,5520,54180
20200522,09:41,638.45,639.85,631.85,631.85,620,56120
20200522,09:42,635.65,643.15,635.65,639.45,2380,56120
20200522,09:43,642.85,650.00,635.10,635.10,520,56120
20200522,09:44,639.80,639.80,625.00,625.00,160,54320
20200522,09:45,620.15,620.15,584.45,594.30,8720,54320
20200522,09:46,592.15,597.85,585.60,588.25,860,54320
20200522,09:47,587.15,608.65,586.80,608.65,1300,55200
20200522,09:48,605.10,628.70,604.95,627.70,4620,55200
20200522,09:49,628.50,636.30,628.50,636.30,2220,55200
20200522,09:50,634.50,634.50,619.85,623.00,540,51920
20200522,09:51,618.30,620.00,606.50,610.10,840,51920
20200522,09:52,611.50,633.25,611.50,633.25,620,51920
20200522,09:53,631.40,631.40,620.55,620.55,300,51900
20200522,09:54,625.35,626.20,617.65,626.20,360,51900
20200522,09:55,632.90,633.55,622.85,624.80,220,51900
20200522,09:56,625.35,629.75,612.65,612.65,360,51500
20200522,09:57,617.00,618.85,617.00,617.15,80,51500
20200522,09:58,630.00,630.35,629.35,629.35,120,51500
20200522,09:59,629.35,629.35,625.35,625.35,240,51420
20200522,10:00,624.00,624.95,615.05,624.95,140,51420
20200522,10:01,622.05,622.05,620.30,621.35,60,51420
20200522,10:02,623.00,630.25,623.00,630.25,140,51300
20200522,10:03,639.60,723.05,639.60,679.50,5720,51300
20200522,10:04,674.55,708.30,665.95,696.95,3860,51300
20200522,10:05,702.00,755.00,690.00,690.00,12860,57660
20200522,10:06,673.10,673.10,530.30,575.30,18360,57660
20200522,10:07,575.05,585.95,541.55,575.90,25860,57660
20200522,10:08,569.95,600.00,567.80,600.00,14240,53060
20200522,10:09,613.90,613.90,579.00,579.00,9520,53060
20200522,10:10,578.35,578.35,526.20,540.30,4880,53060
20200522,10:11,533.00,556.70,533.00,551.50,3260,47200
20200522,10:12,545.05,545.05,527.95,538.20,2940,47200
20200522,10:13,554.80,555.00,538.20,543.40,1000,47200
20200522,10:14,540.60,540.60,510.00,523.10,3120,51480
20200522,10:15,525.45,525.45,494.90,506.90,5800,51480
20200522,10:16,507.90,532.05,499.20,499.20,7720,51480
20200522,10:17,500.05,509.15,490.80,496.80,820,43020
20200522,10:18,498.80,531.90,498.80,529.85,3240,43020
20200522,10:19,528.55,579.30,528.55,546.65,4120,43020
20200522,10:20,542.40,564.95,542.40,548.25,1060,36860
20200522,10:21,554.75,554.75,523.50,527.60,1340,36860
20200522,10:22,540.20,549.60,538.40,545.25,600,36860
20200522,10:23,545.70,547.10,509.20,512.45,3100,33600
20200522,10:24,514.00,517.05,500.00,517.05,2540,33600
20200522,10:25,514.80,548.10,509.25,536.35,4660,33600
20200522,10:26,532.60,532.80,488.75,488.75,8380,32560
20200522,10:27,482.20,483.90,455.90,457.80,8240,32560
20200522,10:28,463.70,474.40,458.00,463.30,2980,32560
20200522,10:29,460.10,460.10,436.10,445.50,3560,34160
20200522,10:30,438.90,438.90,374.00,387.95,12760,34160
20200522,10:31,391.50,391.50,350.00,364.40,12000,34160
20200522,10:32,368.60,392.60,368.25,374.55,9020,37840
20200522,10:33,371.05,378.45,353.30,359.75,6100,37840
20200522,10:34,364.45,385.00,364.45,384.85,7460,37840
20200522,10:35,384.00,384.00,363.55,374.00,6360,44340
20200522,10:36,375.70,375.80,326.25,326.25,13920,44340
20200522,10:37,322.60,341.85,320.00,336.30,9140,44340
20200522,10:38,341.65,342.40,326.95,326.95,6760,48080
20200522,10:39,330.90,331.15,305.00,312.50,5960,48080
20200522,10:40,316.40,320.40,299.15,304.00,11920,48080
20200522,10:41,305.00,323.55,296.55,315.00,10680,49440
20200522,10:42,316.00,335.80,311.20,335.50,11720,49440
20200522,10:43,332.10,335.65,321.95,326.05,6680,49440
20200522,10:44,326.45,349.55,326.45,347.90,15220,49780
20200522,10:45,346.10,348.90,332.70,345.35,7740,49780
20200522,10:46,345.40,367.65,343.30,347.50,11980,49780
20200522,10:47,344.90,350.00,337.75,346.10,5600,50520
20200522,10:48,344.75,360.30,343.50,353.25,4220,50520
20200522,10:49,352.20,352.20,327.65,331.60,5660,50520
20200522,10:50,328.70,333.35,309.90,313.60,7740,50580
20200522,10:51,313.80,319.45,306.00,319.45,4880,50580
20200522,10:52,322.05,322.05,308.00,312.80,3620,50580
20200522,10:53,313.80,324.25,310.40,324.25,2500,50940
20200522,10:54,322.00,325.45,311.30,311.30,3100,50940
20200522,10:55,309.45,309.85,294.80,308.70,9360,50940
20200522,10:56,308.60,314.90,305.00,310.70,1940,50840
20200522,10:57,310.00,315.90,295.00,299.50,3560,50840
20200522,10:58,304.25,310.45,300.00,307.50,4000,50840
20200522,10:59,308.90,310.00,299.00,300.65,4220,51380
20200522,11:00,300.00,300.25,284.80,298.85,6720,51380
20200522,11:01,298.70,311.80,296.35,305.00,4960,51380
20200522,11:02,305.70,313.20,305.70,310.95,2880,55120
20200522,11:03,310.50,310.50,300.00,300.10,3100,55120
20200522,11:04,297.40,304.00,290.00,304.00,2500,55120
20200522,11:05,305.45,311.05,300.75,305.70,2640,55340
20200522,11:06,308.25,319.30,308.25,316.80,4780,55340
20200522,11:07,314.95,315.75,306.10,312.95,3820,55340
20200522,11:08,313.75,318.65,311.65,316.10,3040,55760
20200522,11:09,316.70,322.05,309.65,312.10,3680,55760
20200522,11:10,314.45,314.45,304.45,311.65,3820,55760
20200522,11:11,309.35,325.90,309.35,314.90,4340,57540
20200522,11:12,315.80,333.20,315.80,331.50,7300,57540
20200522,11:13,329.65,335.00,322.30,327.55,3000,57540
20200522,11:14,328.00,333.45,323.75,327.40,1340,59280
20200522,11:15,330.00,343.05,330.00,337.55,8000,59280
20200522,11:16,337.60,346.65,334.15,334.15,4480,59280
20200522,11:17,330.50,334.85,320.20,324.30,2360,61120
20200522,11:18,324.70,346.85,324.70,342.40,4340,61120
20200522,11:19,344.10,352.50,339.60,343.70,3880,61120
20200522,11:20,345.00,359.45,345.00,358.20,3300,58820
20200522,11:21,356.60,365.10,353.40,353.60,7520,58820
20200522,11:22,353.35,356.50,333.70,337.25,4480,58820
20200522,11:23,338.30,347.05,337.65,341.85,3800,56940
20200522,11:24,338.35,342.30,331.60,332.00,3300,56940
20200522,11:25,333.20,338.40,323.75,323.75,3480,56940
20200522,11:26,323.00,323.55,315.00,322.80,4100,57580
20200522,11:27,325.00,329.50,317.80,325.85,1320,57580
20200522,11:28,325.00,331.00,321.15,331.00,3000,57580
20200522,11:29,330.05,344.25,329.40,340.45,2580,57280
20200522,11:30,341.15,356.80,339.95,356.80,3040,57280
20200522,11:31,354.30,361.00,352.85,354.65,3800,57280
20200522,11:32,351.70,352.00,345.00,346.10,3520,57420
20200522,11:33,346.05,350.35,335.00,338.95,4440,57420
20200522,11:34,340.05,347.50,333.00,345.60,1600,57420
20200522,11:35,345.25,355.30,345.05,352.75,3660,56460
20200522,11:36,353.60,359.00,351.00,355.80,3280,56460
20200522,11:37,354.70,373.75,354.70,372.35,9800,56460
20200522,11:38,369.70,371.50,356.90,360.60,4240,57040
20200522,11:39,360.20,365.40,354.80,357.05,3340,57040
20200522,11:40,357.60,357.60,345.10,349.30,4800,57040
20200522,11:41,348.00,360.00,348.00,360.00,4160,57440
20200522,11:42,358.95,363.25,349.75,349.75,2540,57440
20200522,11:43,351.65,352.15,346.70,349.70,1080,57440
20200522,11:44,349.75,358.90,349.00,357.40,2340,56860
20200522,11:45,354.85,364.35,354.20,356.05,3720,56860
20200522,11:46,357.60,358.45,342.65,343.40,3600,56860
20200522,11:47,342.50,350.00,337.35,346.55,6960,57560
20200522,11:48,346.70,349.60,337.90,339.45,3800,57560
20200522,11:49,338.05,340.00,324.60,327.35,6800,57560
20200522,11:50,325.25,331.30,320.55,331.00,2260,58280
20200522,11:51,330.10,332.75,327.55,328.00,1580,58280
20200522,11:52,327.65,328.40,321.65,321.75,1100,58280
20200522,11:53,322.05,326.80,319.00,325.35,3960,60820
20200522,11:54,324.80,332.80,324.35,331.00,2140,60820
20200522,11:55,332.15,332.15,324.95,325.85,820,60820
20200522,11:56,327.90,332.45,327.90,331.65,1040,60280
20200522,11:57,331.00,339.60,330.70,337.35,3100,60280
20200522,11:58,334.85,341.00,332.00,332.00,1560,60280
20200522,11:59,330.00,332.15,325.80,325.80,960,59480
20200522,12:00,325.00,325.00,308.90,312.05,7640,59480
20200522,12:01,311.75,314.55,299.10,300.45,7320,59480
20200522,12:02,299.10,309.95,299.10,309.60,2960,60760
20200522,12:03,309.75,312.00,304.55,307.95,2400,60760
20200522,12:04,309.90,311.65,308.20,310.45,2800,60760
20200522,12:05,306.15,307.25,302.20,302.25,1600,61860
20200522,12:06,303.75,306.90,303.00,306.90,1580,61860
20200522,12:07,310.00,312.10,307.30,307.30,2220,61860
20200522,12:08,310.60,316.70,309.00,316.30,1860,60940
20200522,12:09,317.75,320.00,315.10,317.85,940,60940
20200522,12:10,317.55,317.55,308.25,308.25,1660,60940
20200522,12:11,308.35,309.05,302.00,306.75,2100,62080
20200522,12:12,305.30,310.00,304.00,309.65,1380,62080
20200522,12:13,308.40,315.25,307.20,307.70,2240,62080
20200522,12:14,311.00,317.80,310.50,314.25,1440,61360
20200522,12:15,314.95,319.00,308.10,317.60,2040,61360
20200522,12:16,320.40,329.00,320.40,326.00,3060,61360
20200522,12:17,326.00,333.60,326.00,328.25,3260,60660
20200522,12:18,328.40,335.00,326.50,333.05,2600,60660
20200522,12:19,333.80,333.80,325.15,328.00,3480,60660
20200522,12:20,329.35,337.30,329.35,331.80,2540,62900
20200522,12:21,332.00,337.00,328.25,337.00,1280,62900
20200522,12:22,337.95,337.95,329.80,332.75,1740,62900
20200522,12:23,333.00,333.00,321.10,323.85,1620,62900
20200522,12:24,324.00,325.85,318.00,320.60,1420,62920
20200522,12:25,321.25,324.20,318.65,324.20,840,62920
20200522,12:26,323.30,329.40,321.30,329.40,1760,62920
20200522,12:27,330.00,335.15,328.55,328.95,1600,62720
20200522,12:28,331.25,331.25,320.00,320.00,1680,62720
20200522,12:29,320.00,325.70,317.10,324.15,1640,62720
20200522,12:30,322.50,323.30,317.05,321.05,1620,63260
20200522,12:31,320.70,330.15,320.70,323.55,1620,63260
20200522,12:32,324.90,324.90,317.20,321.80,800,63260
20200522,12:33,322.40,330.35,321.20,322.65,1720,63160
20200522,12:34,321.20,321.20,305.00,310.95,6460,63160
20200522,12:35,311.80,314.75,305.25,309.90,2100,63160
20200522,12:36,310.90,317.80,308.00,317.80,2380,63100
20200522,12:37,316.35,320.90,314.80,317.15,1620,63100
20200522,12:38,316.70,318.40,313.80,317.25,1080,63100
20200522,12:39,319.55,322.85,317.85,321.90,1020,62920
20200522,12:40,319.75,321.20,313.40,313.45,1640,62920
20200522,12:41,312.05,312.90,301.30,301.30,3620,62920
20200522,12:42,302.40,306.60,300.15,303.20,4120,65040
20200522,12:43,303.85,308.00,303.00,304.25,980,65040
20200522,12:44,306.00,309.45,304.00,308.95,1380,65040
20200522,12:45,305.00,305.00,280.50,287.10,7960,65380
20200522,12:46,287.45,292.80,287.10,292.80,2840,65380
20200522,12:47,292.90,297.00,291.20,293.85,1040,65380
20200522,12:48,294.55,304.70,294.55,304.70,1180,64140
20200522,12:49,304.00,307.85,300.00,301.05,1680,64140
20200522,12:50,302.60,307.45,299.65,303.85,2480,64140
20200522,12:51,302.95,302.95,295.75,298.90,1860,65700
20200522,12:52,300.45,300.55,296.00,296.50,1260,65700
20200522,12:53,296.00,301.40,294.25,301.35,760,65700
20200522,12:54,301.30,310.75,301.30,307.35,1740,65280
20200522,12:55,308.25,308.25,304.05,306.00,620,65280
20200522,12:56,303.90,303.90,297.75,298.60,1260,65280
20200522,12:57,299.00,310.95,299.00,310.95,1220,65760
20200522,12:58,311.55,332.30,311.55,324.90,10260,65760
20200522,12:59,325.15,325.95,320.00,320.40,1660,65760
20200522,13:00,321.70,334.90,319.65,329.00,5700,66040
20200522,13:01,331.00,332.05,325.75,329.95,3900,66040
20200522,13:02,329.40,330.25,320.00,329.35,2580,66040
20200522,13:03,330.75,330.75,320.00,320.25,3920,66500
20200522,13:04,320.00,320.00,310.35,313.00,2620,66500
20200522,13:05,313.85,314.70,310.25,311.30,2260,66500
20200522,13:06,310.55,322.75,310.55,316.05,2580,67320
20200522,13:07,313.90,313.90,309.55,312.05,1720,67320
20200522,13:08,312.05,312.05,299.80,301.10,3360,67320
20200522,13:09,302.00,303.30,295.00,301.70,1320,67060
20200522,13:10,303.40,312.25,301.70,310.00,4800,67060
20200522,13:11,309.25,309.25,303.45,303.45,1580,67060
20200522,13:12,304.15,310.00,302.20,308.40,860,67040
20200522,13:13,306.85,307.85,294.30,294.30,1740,67040
20200522,13:14,292.80,304.40,292.35,304.40,3200,67040
20200522,13:15,303.25,307.00,300.00,307.00,1360,67220
20200522,13:16,307.35,317.25,307.05,313.30,2460,67220
20200522,13:17,313.25,315.00,306.40,306.40,3140,67220
20200522,13:18,309.00,309.00,288.70,289.30,4480,68780
20200522,13:19,282.70,290.95,276.25,285.40,8260,68780
20200522,13:20,285.70,294.20,284.75,290.60,3120,68780
20200522,13:21,290.60,292.50,285.45,290.50,3100,70320
20200522,13:22,288.20,295.00,287.40,291.00,1800,70320
20200522,13:23,291.40,293.75,285.05,285.05,3140,70320
20200522,13:24,284.00,284.00,261.95,276.35,10500,71160
20200522,13:25,279.35,279.35,266.55,267.50,4160,71160
20200522,13:26,263.10,268.00,258.55,267.40,7480,71160
20200522,13:27,265.00,277.35,265.00,274.50,2820,71260
20200522,13:28,272.00,273.35,266.80,269.30,2720,71260
20200522,13:29,269.85,277.00,269.85,274.35,5420,71260
20200522,13:30,274.40,288.80,274.40,282.50,8760,73200
20200522,13:31,285.00,288.60,278.70,288.60,1620,73200
20200522,13:32,289.00,291.70,282.45,282.45,1960,73200
20200522,13:33,282.05,286.35,279.10,285.00,1460,75020
20200522,13:34,285.00,289.80,283.90,288.90,1780,75020
20200522,13:35,288.60,297.25,288.35,296.45,5060,75020
20200522,13:36,298.05,299.80,286.00,288.05,3100,73380
20200522,13:37,289.05,295.00,288.90,295.00,1660,73380
20200522,13:38,296.00,296.00,286.00,286.55,1800,73380
20200522,13:39,288.40,292.00,287.85,290.10,1140,72060
20200522,13:40,290.05,299.00,289.75,290.50,2140,72060
20200522,13:41,292.40,306.55,290.90,304.05,3280,72060
20200522,13:42,305.00,307.20,295.10,298.00,2220,71240
20200522,13:43,295.95,297.20,289.00,297.20,2320,71240
20200522,13:44,292.85,305.60,292.85,304.75,4120,71240
20200522,13:45,307.35,321.00,306.55,315.15,9100,70660
20200522,13:46,315.80,327.65,315.80,318.55,10440,70660
20200522,13:47,317.30,317.85,306.60,310.15,4360,70660
20200522,13:48,310.50,314.25,301.15,304.65,2560,69720
20200522,13:49,303.95,310.20,301.00,303.10,4060,69720
20200522,13:50,304.35,314.00,302.60,313.55,3280,69720
20200522,13:51,313.85,322.60,313.50,313.65,5100,70740
20200522,13:52,314.90,316.00,303.10,310.65,2760,70740
20200522,13:53,308.60,309.75,294.05,296.10,4560,70740
20200522,13:54,296.85,301.45,292.25,296.40,1440,69180
20200522,13:55,296.95,299.00,288.00,292.65,4720,69180
20200522,13:56,293.95,298.50,291.65,297.50,4020,69180
20200522,13:57,298.00,300.05,294.00,300.05,2240,71720
20200522,13:58,299.70,303.00,296.95,300.00,4700,71720
20200522,13:59,299.15,304.65,298.80,299.00,1040,71720
20200522,14:00,298.15,317.90,296.45,317.45,3960,70560
20200522,14:01,316.90,322.60,315.00,317.95,4000,70560
20200522,14:02,318.35,329.15,308.00,310.50,7780,70560
20200522,14:03,312.55,312.95,306.70,309.00,1840,70840
20200522,14:04,311.15,328.05,311.15,319.45,5180,70840
20200522,14:05,321.20,321.20,306.65,314.80,3040,70840
20200522,14:06,315.00,317.10,308.65,314.50,2640,72760
20200522,14:07,316.10,321.95,314.40,319.65,1980,72760
20200522,14:08,320.85,320.90,313.50,313.90,2020,72760
20200522,14:09,309.05,312.75,305.65,310.70,1940,72940
20200522,14:10,310.70,310.70,293.35,297.00,4820,72940
20200522,14:11,297.85,313.85,297.85,312.50,2360,72940
20200522,14:12,314.00,323.05,313.90,323.05,5500,71380
20200522,14:13,323.60,356.80,323.60,339.65,22880,71380
20200522,14:14,341.85,346.30,336.05,344.60,8900,71380
20200522,14:15,347.15,363.30,344.35,344.35,20500,66320
20200522,14:16,343.90,344.35,329.15,336.80,10900,66320
20200522,14:17,339.05,340.50,330.00,331.65,3160,66320
20200522,14:18,333.65,340.70,333.40,338.55,1700,66260
20200522,14:19,336.50,338.00,328.00,330.35,5260,66260
20200522,14:20,330.00,331.00,323.10,327.70,2940,66260
20200522,14:21,327.95,347.25,325.20,345.85,7220,67240
20200522,14:22,347.55,357.00,336.70,337.00,12020,67240
20200522,14:23,335.50,345.40,335.50,343.15,2900,67240
20200522,14:24,343.10,343.75,332.30,332.30,4540,68200
20200522,14:25,333.60,347.00,333.60,345.00,2360,68200
20200522,14:26,344.10,346.80,340.20,342.35,3340,68200
20200522,14:27,343.25,343.25,334.20,334.20,3180,67880
20200522,14:28,335.00,335.00,298.85,303.55,15080,67880
20200522,14:29,302.20,304.65,293.65,302.10,18880,67880
20200522,14:30,299.75,301.45,285.40,292.40,9420,71080
20200522,14:31,291.05,300.75,284.35,300.10,7440,71080
20200522,14:32,299.40,307.95,299.40,301.25,5080,71080
20200522,14:33,300.00,300.70,286.25,288.45,8040,73640
20200522,14:34,288.25,288.45,277.60,288.00,10700,73640
20200522,14:35,285.25,288.45,277.70,286.95,4260,73640
20200522,14:36,288.70,290.00,283.50,284.65,2240,66960
20200522,14:37,282.90,289.90,272.40,285.50,4980,66960
20200522,14:38,286.95,299.30,286.95,292.00,4480,66960
20200522,14:39,292.80,298.65,287.60,287.60,2800,62860
20200522,14:40,286.00,295.95,284.95,295.95,2000,62860
20200522,14:41,297.95,311.70,293.60,311.70,8720,62860
20200522,14:42,312.20,312.20,296.60,297.35,6560,63060
20200522,14:43,297.00,306.05,295.20,304.60,3960,63060
20200522,14:44,305.00,305.00,292.30,296.30,3520,63060
20200522,14:45,293.95,304.95,288.75,302.40,6180,63280
20200522,14:46,301.80,319.20,300.50,314.60,8300,63280
20200522,14:47,312.40,315.30,303.30,305.05,3000,63280
20200522,14:48,304.90,312.75,297.40,302.10,4580,65080
20200522,14:49,305.00,308.90,294.90,295.70,6480,65080
20200522,14:50,297.20,305.30,297.20,298.85,3880,65080
20200522,14:51,297.90,304.55,294.20,302.60,2940,66400
20200522,14:52,301.95,303.10,295.05,297.55,1840,66400
20200522,14:53,297.20,301.40,292.00,292.00,1920,66400
20200522,14:54,291.45,292.15,281.15,291.00,4200,66260
20200522,14:55,288.00,295.90,288.00,295.90,2160,66260
20200522,14:56,295.75,302.45,294.85,300.00,3960,66260
20200522,14:57,298.95,302.95,295.40,299.70,2380,67780
20200522,14:58,295.00,301.75,292.70,301.75,1480,67780
20200522,14:59,301.50,304.50,297.70,300.00,2560,67780
20200522,15:00,300.35,312.20,300.35,305.40,8540,68620
20200522,15:01,303.40,304.50,282.85,282.85,7860,68620
20200522,15:02,279.10,280.80,270.50,275.75,11820,68620
20200522,15:03,271.55,281.95,271.00,280.25,4960,66780
20200522,15:04,280.70,283.80,276.30,280.10,3460,66780
20200522,15:05,281.35,287.05,278.80,283.20,2320,66780
20200522,15:06,282.00,282.80,277.25,280.30,5180,66280
20200522,15:07,281.60,291.05,280.55,287.75,8140,66280
20200522,15:08,284.75,285.40,280.20,285.40,1580,66280
20200522,15:09,283.40,286.35,280.05,281.55,3120,65340
20200522,15:10,279.55,290.00,279.55,288.15,5180,65340
20200522,15:11,289.90,293.10,284.10,291.50,5000,65340
20200522,15:12,293.15,299.95,291.35,295.00,5640,62120
20200522,15:13,293.95,297.10,292.65,297.10,2080,62120
20200522,15:14,298.10,298.10,293.40,297.90,3040,62120
20200522,15:15,297.00,307.55,297.00,306.25,18640,57340
20200522,15:16,308.00,313.40,307.65,310.30,7140,57340
20200522,15:17,311.50,318.15,311.10,315.85,5680,57340
20200522,15:18,315.20,321.35,313.65,320.05,6520,52860
20200522,15:19,321.40,331.40,319.10,331.05,5780,52860
20200522,15:20,331.05,332.00,324.10,324.10,12580,52860
20200522,15:21,324.10,332.70,319.00,319.00,9960,48420
20200522,15:22,318.35,320.55,313.65,313.65,6740,48420
20200522,15:23,313.20,317.10,311.25,315.00,3380,48420
20200522,15:24,314.90,318.00,313.60,314.20,1740,47360
20200522,15:25,314.40,316.00,310.00,311.70,5220,47360
20200522,15:26,312.70,312.70,308.65,309.80,4440,47360
20200522,15:27,309.95,313.30,308.65,311.65,4220,45540
20200522,15:28,311.70,314.65,310.65,313.70,2720,45540
20200522,15:29,312.70,320.00,310.15,320.00,5620,45540
20200526,09:15,368.50,427.95,328.50,413.05,23722,39560
20200526,09:16,411.85,431.15,404.70,410.00,13000,39560
20200526,09:17,410.25,421.65,408.00,419.25,10840,44440
20200526,09:18,421.15,440.00,421.15,432.90,14440,44440
20200526,09:19,432.60,436.55,407.15,407.15,14360,44440
20200526,09:20,407.25,410.90,399.75,399.75,14320,50080
20200526,09:21,402.35,427.40,401.65,417.35,10500,50080
20200526,09:22,410.00,412.65,372.80,372.80,28420,50080
20200526,09:23,372.95,385.00,366.80,375.80,19760,73320
20200526,09:24,377.55,389.70,375.05,386.30,9780,73320
20200526,09:25,385.60,393.00,381.05,382.10,2900,73320
20200526,09:26,381.15,381.15,352.70,356.00,9860,83300
20200526,09:27,353.95,358.05,338.55,344.25,11360,83300
20200526,09:28,345.70,360.40,344.40,358.25,9600,83300
20200526,09:29,359.00,361.50,348.15,355.25,4320,83320
20200526,09:30,356.70,372.30,355.15,372.30,4840,83320
20200526,09:31,371.30,374.45,362.40,365.60,6840,83320
20200526,09:32,367.60,367.60,355.55,358.05,3200,77820
20200526,09:33,355.40,361.20,355.00,355.00,3320,77820
20200526,09:34,352.70,354.85,342.40,349.80,5520,77820
20200526,09:35,349.55,372.60,348.05,372.60,3320,80220
20200526,09:36,371.90,404.00,371.90,394.35,13200,80220
20200526,09:37,397.00,397.00,384.55,393.05,5380,80220
20200526,09:38,392.35,392.35,382.95,386.90,2740,75740
20200526,09:39,390.35,399.85,387.45,399.85,3920,75740
20200526,09:40,400.00,400.70,387.00,387.00,5400,75740
20200526,09:41,386.45,388.65,377.15,383.90,2940,75540
20200526,09:42,382.00,390.05,380.95,390.05,1820,75540
20200526,09:43,390.35,428.70,390.35,412.60,14420,75540
20200526,09:44,410.05,421.95,409.35,412.70,4200,72820
20200526,09:45,409.40,426.95,409.40,424.15,3440,72820
20200526,09:46,426.45,426.45,400.80,406.95,2780,72820
20200526,09:47,410.00,425.00,407.90,417.50,2260,72240
20200526,09:48,423.00,425.00,406.10,409.65,3040,72240
20200526,09:49,406.40,409.60,388.50,388.50,3060,72240
20200526,09:50,389.95,404.80,389.30,396.00,2020,71460
20200526,09:51,396.00,397.35,375.70,381.45,3440,71460
20200526,09:52,380.45,381.75,364.90,381.40,2920,71460
20200526,09:53,382.20,391.00,381.05,387.30,1760,71680
20200526,09:54,391.00,397.05,387.05,392.85,2320,71680
20200526,09:55,392.80,409.00,392.25,409.00,2760,71680
20200526,09:56,407.00,408.80,400.55,400.55,1680,71100
20200526,09:57,403.10,405.00,398.95,400.00,2820,71100
20200526,09:58,405.00,409.55,401.10,404.95,2560,71100
20200526,09:59,407.00,407.05,396.50,399.15,2640,71120
20200526,10:00,398.00,405.00,398.00,405.00,1500,71120
20200526,10:01,408.65,408.85,378.00,378.00,2380,71120
20200526,10:02,376.70,387.50,376.70,384.25,2620,71000
20200526,10:03,380.80,381.60,374.90,377.15,1420,71000
20200526,10:04,377.05,377.45,363.70,371.35,3240,71000
20200526,10:05,372.25,390.00,372.25,390.00,1480,70440
20200526,10:06,387.00,389.80,377.40,383.95,1580,70440
20200526,10:07,382.95,388.00,381.85,382.45,600,70440
20200526,10:08,382.15,384.50,375.00,377.85,840,70960
20200526,10:09,376.05,383.20,375.00,382.00,1520,70960
20200526,10:10,383.00,391.20,383.00,386.95,2200,70960
20200526,10:11,389.00,390.00,372.90,374.10,1460,71420
20200526,10:12,372.05,378.60,371.35,373.55,1320,71420
20200526,10:13,374.80,376.05,369.90,369.90,4000,71420
20200526,10:14,369.10,372.45,360.10,372.00,3660,72920
20200526,10:15,372.80,385.40,370.20,385.40,3980,72920
20200526,10:16,386.85,388.50,378.10,382.60,1300,72920
20200526,10:17,380.15,383.95,375.95,376.90,960,72520
20200526,10:18,375.75,382.00,375.75,379.45,520,72520
20200526,10:19,375.00,376.35,369.05,371.00,1700,72520
20200526,10:20,369.05,384.85,369.05,383.55,1920,72460
20200526,10:21,381.35,400.55,379.50,395.00,4560,72460
20200526,10:22,395.80,403.85,395.80,400.00,1740,72460
20200526,10:23,400.00,400.60,395.00,400.00,1560,71640
20200526,10:24,399.15,407.00,399.15,403.45,1040,71640
20200526,10:25,405.00,409.45,396.40,396.55,2660,71640
20200526,10:26,399.05,400.05,393.00,393.00,1560,71820
20200526,10:27,396.10,400.75,389.10,389.40,2040,71820
20200526,10:28,390.60,393.60,389.25,391.95,680,71820
20200526,10:29,392.65,394.95,381.80,385.00,2620,73100
20200526,10:30,387.05,389.70,383.60,383.60,1500,73100
20200526,10:31,383.05,388.95,380.00,388.95,1260,73100
20200526,10:32,389.00,395.35,388.85,388.85,1060,73340
20200526,10:33,388.70,395.25,387.35,388.50,720,73340
20200526,10:34,388.00,389.05,385.25,388.05,600,73340
20200526,10:35,388.00,389.45,373.75,376.00,1320,73180
20200526,10:36,378.50,378.50,372.15,374.00,1140,73180
20200526,10:37,375.25,375.25,362.85,367.30,3020,73180
20200526,10:38,368.00,369.35,358.55,358.55,3420,74780
20200526,10:39,358.45,369.00,356.65,367.50,4660,74780
20200526,10:40,368.25,373.30,368.10,373.30,2380,74780
20200526,10:41,371.60,375.05,355.25,355.25,6040,75760
20200526,10:42,356.30,366.30,355.95,362.95,2460,75760
20200526,10:43,361.95,363.80,353.00,353.00,3680,75760
20200526,10:44,350.40,360.95,347.00,360.90,6260,79260
20200526,10:45,360.40,368.00,360.40,364.10,3080,79260
20200526,10:46,360.00,361.95,342.25,342.25,4820,79260
20200526,10:47,342.70,350.80,334.20,338.25,7300,81620
20200526,10:48,338.60,347.95,338.60,345.45,5440,81620
20200526,10:49,346.10,352.40,343.50,350.15,3480,81620
20200526,10:50,350.70,351.90,347.30,350.50,1680,82520
20200526,10:51,348.00,351.55,341.75,341.75,1060,82520
20200526,10:52,344.55,354.50,344.00,352.90,2180,82520
20200526,10:53,352.80,353.65,340.00,351.20,2540,83200
20200526,10:54,351.80,352.00,344.90,348.60,2300,83200
20200526,10:55,348.55,367.30,348.20,367.30,6060,83200
20200526,10:56,365.55,365.75,357.60,357.60,1820,84080
20200526,10:57,356.60,356.60,347.55,349.70,2800,84080
20200526,10:58,349.80,356.00,349.80,355.55,900,84080
20200526,10:59,356.80,361.00,355.50,358.65,500,85780
20200526,11:00,355.75,355.75,350.80,351.05,1480,85780
20200526,11:01,348.05,353.20,346.50,349.25,1540,85780
20200526,11:02,348.05,357.30,347.15,352.00,1240,85700
20200526,11:03,354.95,360.40,354.95,358.70,1080,85700
20200526,11:04,358.30,364.25,358.30,362.75,1160,85700
20200526,11:05,363.00,369.25,360.80,360.80,1960,84380
20200526,11:06,361.00,369.15,361.00,361.95,820,84380
20200526,11:07,363.25,365.00,360.20,362.95,1480,84380
20200526,11:08,364.25,368.20,357.65,359.75,1300,85180
20200526,11:09,360.60,364.10,357.65,357.65,960,85180
20200526,11:10,358.55,361.70,355.00,361.00,1100,85180
20200526,11:11,359.00,367.50,358.45,360.45,740,85400
20200526,11:12,363.50,364.55,361.25,361.70,660,85400
20200526,11:13,359.95,360.00,352.30,354.75,960,85400
20200526,11:14,353.15,355.10,345.10,349.00,2500,84620
20200526,11:15,348.15,348.65,335.90,342.20,7540,84620
20200526,11:16,342.95,346.40,332.45,344.05,4260,84620
20200526,11:17,343.50,352.10,342.50,343.40,3180,84560
20200526,11:18,343.20,350.00,339.65,349.85,1960,84560
20200526,11:19,350.00,351.50,343.95,347.05,1160,84560
20200526,11:20,346.70,346.70,339.00,341.00,1820,84620
20200526,11:21,342.00,353.40,342.00,350.70,2020,84620
20200526,11:22,350.60,358.00,350.60,353.45,2600,84620
20200526,11:23,357.35,357.35,349.70,349.70,2000,84540
20200526,11:24,350.65,350.65,340.00,341.35,2560,84540
20200526,11:25,340.35,348.65,340.35,346.65,1900,84540
20200526,11:26,347.25,352.60,347.10,352.60,840,85700
20200526,11:27,347.55,359.10,345.35,356.85,1940,85700
20200526,11:28,355.15,360.10,352.55,360.10,2880,85700
20200526,11:29,360.70,362.90,348.80,351.15,2220,85580
20200526,11:30,351.00,351.00,322.00,331.60,10440,85580
20200526,11:31,330.00,330.50,310.75,319.10,12100,85580
20200526,11:32,321.00,325.10,318.15,324.10,2920,85440
20200526,11:33,323.20,329.65,322.00,329.65,6840,85440
20200526,11:34,329.95,335.00,326.90,330.95,3260,85440
20200526,11:35,331.85,336.45,325.15,336.45,2000,86480
20200526,11:36,332.25,340.70,331.75,338.70,5940,86480
20200526,11:37,341.60,349.10,341.60,343.70,3700,86480
20200526,11:38,343.05,346.05,341.05,344.15,2320,87760
20200526,11:39,344.00,344.00,333.85,336.40,1220,87760
20200526,11:40,337.80,337.80,328.40,333.10,1700,87760
20200526,11:41,333.70,346.95,333.70,341.50,3220,88140
20200526,11:42,343.80,350.00,340.00,350.00,2520,88140
20200526,11:43,350.00,354.85,350.00,350.60,3740,88140
20200526,11:44,349.05,364.10,349.05,359.45,3700,86560
20200526,11:45,359.35,382.80,358.75,382.80,9120,86560
20200526,11:46,379.70,379.85,372.35,376.50,3140,86560
20200526,11:47,374.60,383.95,372.15,383.80,3880,85640
20200526,11:48,381.80,393.35,378.80,378.80,5700,85640
20200526,11:49,378.85,381.10,374.55,375.60,2800,85640
20200526,11:50,374.15,381.85,368.75,379.30,3100,86700
20200526,11:51,382.60,389.00,376.80,381.50,5480,86700
20200526,11:52,383.45,383.45,376.00,376.20,2160,86700
20200526,11:53,375.15,380.85,372.85,380.30,940,86700
20200526,11:54,378.85,387.00,378.00,381.60,1980,85240
20200526,11:55,382.45,390.50,382.00,386.85,3020,85240
20200526,11:56,387.45,387.70,378.65,379.25,2320,85240
20200526,11:57,375.00,381.05,371.35,376.80,3120,87000
20200526,11:58,378.50,378.50,369.35,373.95,2120,87000
20200526,11:59,373.90,375.40,365.15,370.70,2660,87000
20200526,12:00,372.00,381.20,368.60,375.55,1500,86800
20200526,12:01,374.85,383.55,374.85,377.60,1560,86800
20200526,12:02,381.75,387.00,380.00,383.50,1460,86800
20200526,12:03,380.15,385.55,378.00,381.25,1780,85960
20200526,12:04,381.45,385.80,380.90,385.80,2840,85960
20200526,12:05,386.45,386.45,370.25,372.00,1740,85960
20200526,12:06,372.00,374.50,360.00,371.85,3680,86220
20200526,12:07,369.00,373.00,365.65,371.90,1560,86220
20200526,12:08,375.00,378.15,372.00,374.25,2180,86220
20200526,12:09,370.10,375.00,367.55,371.25,1540,86120
20200526,12:10,372.85,372.85,366.05,371.50,460,86120
20200526,12:11,371.25,380.00,371.25,379.35,1540,86120
20200526,12:12,379.35,383.15,374.00,379.55,2520,85620
20200526,12:13,380.00,404.40,379.95,403.30,12120,85620
20200526,12:14,402.85,409.00,393.10,396.75,5080,85620
20200526,12:15,394.80,404.05,392.85,393.60,4640,85540
20200526,12:16,394.20,397.85,384.00,386.30,3400,85540
20200526,12:17,387.55,392.95,384.10,389.30,2240,85540
20200526,12:18,386.00,386.45,380.00,386.45,3800,85960
20200526,12:19,384.60,389.40,381.15,382.05,580,85960
20200526,12:20,380.00,383.85,374.00,383.85,2480,85960
20200526,12:21,387.00,392.30,385.35,385.35,2420,85620
20200526,12:22,386.00,388.55,383.60,383.60,800,85620
20200526,12:23,382.50,386.70,380.00,384.50,840,85620
20200526,12:24,385.65,385.65,375.55,376.80,1740,86420
20200526,12:25,373.25,375.70,367.30,367.30,3980,86420
20200526,12:26,366.30,377.65,366.30,377.65,5320,86420
20200526,12:27,372.75,376.40,369.10,374.05,1100,85020
20200526,12:28,371.10,373.75,365.45,365.75,1100,85020
20200526,12:29,367.40,374.75,367.40,374.75,580,85020
20200526,12:30,372.00,390.05,372.00,390.05,3840,85480
20200526,12:31,389.00,390.00,382.90,382.90,1460,85480
20200526,12:32,384.10,384.10,376.00,379.85,3360,85480
20200526,12:33,380.15,386.00,378.40,383.95,1200,85820
20200526,12:34,382.60,388.80,382.60,388.80,1300,85820
20200526,12:35,387.15,387.15,381.00,382.20,540,85820
20200526,12:36,380.00,383.00,378.00,380.95,480,85980
20200526,12:37,380.95,385.15,379.90,383.50,840,85980
20200526,12:38,380.05,380.05,374.15,374.15,680,85980
20200526,12:39,383.55,383.55,380.10,380.10,200,86360
20200526,12:40,377.70,384.55,374.80,382.65,1220,86360
20200526,12:41,378.45,379.00,374.75,377.65,740,86360
20200526,12:42,380.20,403.60,380.20,396.35,5040,86620
20200526,12:43,396.85,396.85,387.35,389.40,2060,86620
20200526,12:44,387.90,399.40,387.90,396.35,1960,86620
20200526,12:45,398.65,400.60,394.65,394.65,3840,87580
20200526,12:46,395.00,396.00,389.15,395.05,6620,87580
20200526,12:47,395.55,395.55,385.05,386.25,3700,87580
20200526,12:48,387.65,389.10,383.50,385.00,1560,89540
20200526,12:49,388.60,389.90,383.00,387.00,1460,89540
20200526,12:50,389.35,391.00,384.50,387.55,1800,89540
20200526,12:51,391.00,451.35,390.70,427.00,18420,89560
20200526,12:52,429.25,441.40,421.95,422.70,11420,89560
20200526,12:53,424.25,424.85,414.80,415.00,4760,89560
20200526,12:54,415.80,429.00,413.35,418.00,5180,85380
20200526,12:55,418.15,427.00,413.15,413.15,2200,85380
20200526,12:56,416.90,416.90,410.00,410.00,1840,85380
20200526,12:57,409.40,412.60,408.00,412.30,1400,82820
20200526,12:58,412.25,412.25,403.00,406.85,2120,82820
20200526,12:59,405.20,415.45,404.15,411.25,1660,82820
20200526,13:00,412.15,413.10,404.70,406.25,1680,82800
20200526,13:01,410.35,410.35,389.55,389.55,6180,82800
20200526,13:02,388.70,392.60,378.85,382.00,5000,82800
20200526,13:03,382.50,384.15,369.95,369.95,5740,82860
20200526,13:04,373.00,380.00,372.00,375.25,3960,82860
20200526,13:05,374.00,374.00,347.10,355.00,9520,82860
20200526,13:06,355.00,362.60,353.80,355.10,3300,82640
20200526,13:07,358.45,364.95,357.25,362.20,1460,82640
20200526,13:08,362.80,364.95,356.40,359.10,1900,82640
20200526,13:09,356.05,356.05,343.15,352.85,6280,82540
20200526,13:10,351.75,352.25,337.85,350.80,2780,82540
20200526,13:11,349.45,359.00,348.80,348.95,1340,82540
20200526,13:12,350.15,357.30,350.00,356.80,960,83000
20200526,13:13,354.65,360.00,349.30,351.65,1320,83000
20200526,13:14,351.50,351.50,334.00,334.00,2740,83000
20200526,13:15,334.60,334.60,314.15,323.00,12480,82100
20200526,13:16,320.75,323.80,315.10,322.90,3760,82100
20200526,13:17,321.00,321.00,296.55,307.45,11880,82100
20200526,13:18,309.00,313.55,281.75,286.00,11060,81080
20200526,13:19,286.25,305.80,284.20,303.15,12360,81080
20200526,13:20,303.20,314.95,300.00,313.25,5780,81080
20200526,13:21,310.00,315.95,310.00,315.95,4660,85620
20200526,13:22,313.65,313.65,306.10,308.95,3960,85620
20200526,13:23,307.25,311.00,300.40,309.60,3660,85620
20200526,13:24,308.90,310.00,303.15,306.10,3800,85420
20200526,13:25,309.30,309.30,290.95,297.85,4080,85420
20200526,13:26,295.55,310.65,292.05,309.60,2980,85420
20200526,13:27,308.15,324.80,308.15,321.95,9640,85200
20200526,13:28,319.90,321.75,312.15,312.50,3040,85200
20200526,13:29,312.50,314.75,307.55,310.00,6600,85200
20200526,13:30,307.20,308.00,286.05,289.45,9280,87400
20200526,13:31,290.10,297.45,287.00,297.00,5300,87400
20200526,13:32,297.90,297.90,281.15,291.90,8900,87400
20200526,13:33,291.75,295.30,285.20,295.30,19400,92040
20200526,13:34,296.60,297.70,290.15,295.35,6980,92040
20200526,13:35,295.90,295.90,289.50,292.85,6180,92040
20200526,13:36,295.00,296.00,283.00,288.00,6540,100860
20200526,13:37,289.50,307.05,289.25,301.20,8580,100860
20200526,13:38,304.65,314.00,302.75,309.35,9000,100860
20200526,13:39,310.30,315.60,308.00,308.00,11220,104280
20200526,13:40,305.90,313.00,304.70,313.00,5900,104280
20200526,13:41,309.40,314.70,305.65,310.50,3760,104280
20200526,13:42,309.05,314.00,307.65,310.55,7760,106120
20200526,13:43,310.15,312.80,295.55,298.05,6640,106120
20200526,13:44,300.20,309.00,298.15,306.00,6860,106120
20200526,13:45,303.35,308.00,298.00,307.70,3060,105580
20200526,13:46,310.00,333.35,309.70,323.70,20260,105580
20200526,13:47,323.05,331.75,323.05,326.50,10100,105580
20200526,13:48,324.35,327.50,316.15,325.45,3800,104680
20200526,13:49,326.00,326.55,314.35,317.20,1920,104680
20200526,13:50,317.70,332.10,317.20,332.10,5600,104680
20200526,13:51,332.20,336.95,325.15,326.40,8160,104020
20200526,13:52,328.45,328.45,320.00,320.80,2000,104020
20200526,13:53,322.05,322.05,314.55,315.35,3660,104020
20200526,13:54,316.40,318.00,302.65,309.95,4940,103940
20200526,13:55,307.50,307.80,296.50,297.95,7920,103940
20200526,13:56,295.65,311.05,295.65,310.65,3460,103940
20200526,13:57,310.45,314.55,307.90,313.00,5280,102860
20200526,13:58,313.90,318.65,311.80,312.15,2980,102860
20200526,13:59,316.75,316.75,311.00,314.00,6440,102860
20200526,14:00,317.05,324.00,313.00,313.00,5140,108340
20200526,14:01,313.75,313.75,305.00,306.40,4420,108340
20200526,14:02,307.40,311.35,305.05,308.85,4080,108340
20200526,14:03,307.30,320.00,307.30,314.45,2040,109120
20200526,14:04,314.75,327.20,314.75,320.00,7240,109120
20200526,14:05,319.55,324.00,316.15,320.50,3380,109120
20200526,14:06,320.05,320.05,297.45,298.70,7360,110380
20200526,14:07,297.00,300.00,282.20,285.15,13420,110380
20200526,14:08,286.10,288.25,260.00,262.95,23220,110380
20200526,14:09,262.00,267.50,256.15,264.00,18900,112720
20200526,14:10,263.35,265.90,260.55,262.25,16420,112720
20200526,14:11,265.15,274.55,262.35,270.40,9740,112720
20200526,14:12,271.20,271.20,245.65,249.35,15760,119720
20200526,14:13,249.65,259.70,245.40,255.80,14280,119720
20200526,14:14,258.50,261.00,253.20,261.00,7640,119720
20200526,14:15,258.85,258.85,249.90,250.20,8520,124000
20200526,14:16,249.45,250.95,221.20,234.15,29320,124000
20200526,14:17,231.95,239.55,227.50,238.85,20300,124000
20200526,14:18,237.05,247.30,237.05,247.30,10980,120700
20200526,14:19,246.45,248.15,242.15,244.00,8420,120700
20200526,14:20,244.35,244.35,236.30,238.40,8240,120700
20200526,14:21,237.80,255.25,236.35,255.25,13960,122400
20200526,14:22,254.05,258.95,253.65,258.00,13480,122400
20200526,14:23,260.00,271.10,260.00,260.45,17480,122400
20200526,14:24,261.60,275.95,261.50,273.80,11160,125840
20200526,14:25,274.00,274.90,266.00,267.60,9960,125840
20200526,14:26,269.00,269.00,260.85,267.00,8020,125840
20200526,14:27,267.90,271.95,265.00,268.70,9940,125320
20200526,14:28,266.50,269.05,260.00,269.05,5060,125320
20200526,14:29,269.90,285.35,269.90,285.35,20440,125320
20200526,14:30,285.50,296.15,274.50,274.50,21260,120380
20200526,14:31,275.10,279.30,265.75,269.25,9060,120380
20200526,14:32,270.05,276.85,266.35,268.00,3540,120380
20200526,14:33,269.00,275.50,255.00,257.10,8460,122520
20200526,14:34,256.95,261.90,248.10,255.15,10580,122520
20200526,14:35,256.10,276.20,256.10,275.50,7160,122520
20200526,14:36,275.00,275.00,264.65,267.00,6200,123000
20200526,14:37,265.15,281.05,265.15,277.40,7760,123000
20200526,14:38,277.60,278.75,269.40,269.40,4060,123000
20200526,14:39,269.80,285.25,267.25,276.45,8800,126320
20200526,14:40,275.00,279.30,273.30,275.00,4920,126320
20200526,14:41,276.60,287.20,275.00,279.50,11040,126320
20200526,14:42,278.55,282.80,270.00,271.50,6460,126020
20200526,14:43,271.60,277.20,270.00,275.50,6520,126020
20200526,14:44,280.00,280.00,272.05,278.60,6060,126020
20200526,14:45,279.90,299.60,278.25,295.00,32160,122500
20200526,14:46,298.00,309.45,296.55,305.05,19600,122500
20200526,14:47,307.00,314.00,296.95,311.35,23620,122500
20200526,14:48,308.70,315.00,296.05,298.00,11100,120520
20200526,14:49,296.85,303.00,290.30,292.90,7940,120520
20200526,14:50,290.40,302.20,290.40,295.75,7040,120520
20200526,14:51,295.90,297.40,280.10,282.70,11080,118920
20200526,14:52,283.25,288.95,283.25,288.00,7020,118920
20200526,14:53,283.75,288.95,279.00,287.65,6840,118920
20200526,14:54,289.00,300.00,286.30,297.40,8260,119260
20200526,14:55,297.00,297.00,288.65,293.10,7280,119260
20200526,14:56,293.00,293.00,283.10,285.15,5880,119260
20200526,14:57,284.00,284.90,273.55,275.45,9380,118880
20200526,14:58,274.05,284.00,274.05,281.80,4880,118880
20200526,14:59,282.20,291.95,280.15,284.80,7200,118880
20200526,15:00,284.85,292.50,274.00,279.00,8280,119360
20200526,15:01,277.00,281.10,267.00,272.50,17780,119360
20200526,15:02,271.85,278.60,269.75,272.95,6960,119360
20200526,15:03,272.25,273.70,266.00,267.15,4440,121220
20200526,15:04,269.00,274.85,265.00,270.00,3880,121220
20200526,15:05,270.80,279.35,270.80,278.00,9640,121220
20200526,15:06,278.10,279.25,272.20,272.60,8940,120420
20200526,15:07,273.35,278.00,272.20,274.10,2720,120420
20200526,15:08,275.00,286.45,274.50,277.80,11100,120420
20200526,15:09,277.80,281.70,274.50,276.05,7360,120220
20200526,15:10,277.00,281.45,267.55,267.55,13180,120220
20200526,15:11,268.70,268.70,260.10,261.95,9480,120220
20200526,15:12,262.55,265.30,259.85,262.30,11280,118600
20200526,15:13,262.00,274.15,261.75,274.15,8540,118600
20200526,15:14,273.95,277.05,271.20,277.00,8680,118600
20200526,15:15,277.70,281.00,274.05,281.00,8140,115760
20200526,15:16,282.05,285.05,280.80,283.50,9700,115760
20200526,15:17,284.85,289.50,284.25,289.15,9040,115760
20200526,15:18,288.25,290.75,287.15,289.05,7840,107820
20200526,15:19,290.00,296.85,289.00,296.00,5060,107820
20200526,15:20,295.95,300.00,294.65,299.25,13100,107820
20200526,15:21,297.80,297.80,290.10,294.70,10540,99200
20200526,15:22,292.80,293.30,289.40,290.70,4980,99200
20200526,15:23,291.15,294.85,289.20,294.05,9020,99200
20200526,15:24,295.05,300.75,294.65,300.75,5540,99200
20200526,15:25,299.65,308.95,299.65,308.30,9260,99200
20200526,15:26,308.40,315.70,308.40,315.00,8700,99200
20200526,15:27,314.20,319.40,314.20,318.55,8460,98580
20200526,15:28,319.65,319.80,316.00,318.60,9280,98580
20200526,15:29,319.70,325.00,319.70,325.00,9720,98580
20200527,09:15,364.95,364.95,312.00,325.90,31201,90980
20200527,09:16,326.35,339.35,300.00,336.35,21840,90980
20200527,09:17,336.05,339.90,308.30,310.75,17980,99660
20200527,09:18,310.80,325.00,299.65,325.00,21320,99660
20200527,09:19,325.85,333.65,312.75,314.10,16440,99660
20200527,09:20,313.80,320.30,290.00,319.70,27240,102700
20200527,09:21,321.65,331.25,316.70,319.40,19780,102700
20200527,09:22,316.80,322.65,311.20,317.45,12320,102700
20200527,09:23,319.60,329.55,308.40,312.80,11600,109080
20200527,09:24,313.15,316.00,303.95,312.20,8700,109080
20200527,09:25,315.05,318.35,305.60,314.35,5220,109080
20200527,09:26,311.70,314.10,297.60,303.00,12220,108140
20200527,09:27,306.00,328.80,306.00,318.10,13420,108140
20200527,09:28,317.55,335.15,317.55,325.40,15820,108140
20200527,09:29,324.65,329.65,321.60,322.65,8520,110340
20200527,09:30,320.70,320.70,282.90,292.25,25360,110340
20200527,09:31,293.05,297.15,285.10,292.55,11320,110340
20200527,09:32,290.55,291.40,275.55,276.30,13020,106360
20200527,09:33,277.10,298.95,277.10,297.90,8780,106360
20200527,09:34,296.70,302.30,290.00,298.15,7080,106360
20200527,09:35,297.15,299.75,276.15,276.15,7740,109520
20200527,09:36,278.40,280.35,265.50,275.40,10400,109520
20200527,09:37,276.90,289.10,275.00,280.00,6440,109520
20200527,09:38,282.50,287.80,275.00,275.00,7420,111900
20200527,09:39,278.10,282.95,273.15,276.85,8020,111900
20200527,09:40,274.85,286.20,266.85,281.65,6660,111900
20200527,09:41,283.90,287.20,277.80,277.80,4900,118340
20200527,09:42,275.00,278.80,270.00,278.80,8480,118340
20200527,09:43,283.75,286.45,275.20,277.00,10300,118340
20200527,09:44,278.00,278.00,259.65,263.45,16320,117120
20200527,09:45,263.30,278.60,260.40,276.60,8700,117120
20200527,09:46,276.75,285.80,276.75,280.10,14180,117120
20200527,09:47,280.00,284.85,273.10,275.90,4840,115020
20200527,09:48,277.40,291.25,277.40,288.45,6700,115020
20200527,09:49,289.70,291.25,278.20,282.65,2560,115020
20200527,09:50,282.25,288.15,277.65,287.00,3400,116360
20200527,09:51,286.05,297.75,286.00,293.40,13160,116360
20200527,09:52,293.75,296.95,291.00,292.65,5380,116360
20200527,09:53,291.80,294.85,285.75,289.75,8520,119240
20200527,09:54,288.05,290.00,283.30,283.30,6060,119240
20200527,09:55,283.45,286.00,280.00,283.50,5780,119240
20200527,09:56,283.70,290.00,279.20,289.00,7360,123600
20200527,09:57,288.00,290.70,285.00,285.00,1200,123600
20200527,09:58,285.00,290.80,283.00,289.35,1440,123600
20200527,09:59,286.95,298.40,286.95,297.50,8040,123760
20200527,10:00,295.90,305.00,295.90,298.40,7700,123760
20200527,10:01,300.00,311.50,299.65,310.00,9200,123760
20200527,10:02,308.00,311.15,301.00,306.85,5580,119180
20200527,10:03,308.50,322.50,307.05,315.60,7320,119180
20200527,10:04,317.30,319.30,306.30,306.45,7380,119180
20200527,10:05,307.25,314.00,307.25,309.00,3020,117820
20200527,10:06,308.30,308.30,301.05,303.00,2660,117820
20200527,10:07,303.75,304.35,295.35,295.35,5060,117820
20200527,10:08,296.80,300.00,294.15,297.50,2240,121040
20200527,10:09,294.50,298.85,293.75,296.00,3940,121040
20200527,10:10,294.90,294.90,287.40,290.70,4480,121040
20200527,10:11,290.00,300.60,288.35,298.55,4640,121660
20200527,10:12,298.55,317.40,297.00,315.95,10060,121660
20200527,10:13,314.00,315.00,307.00,307.00,4440,121660
20200527,10:14,307.20,307.30,301.35,301.35,1480,120200
20200527,10:15,302.75,326.00,301.85,322.10,9200,120200
20200527,10:16,323.95,341.00,313.60,340.00,16840,120200
20200527,10:17,340.20,342.75,330.65,336.65,13740,120620
20200527,10:18,335.00,335.70,323.35,329.20,6820,120620
20200527,10:19,329.25,353.40,329.25,346.15,15340,120620
20200527,10:20,342.10,365.00,337.00,359.00,33900,117980
20200527,10:21,358.15,372.95,355.75,366.00,18220,117980
20200527,10:22,367.05,371.95,355.00,364.30,15100,117980
20200527,10:23,365.95,365.95,355.00,356.60,6120,113060
20200527,10:24,357.65,364.55,351.00,353.90,11240,113060
20200527,10:25,352.05,360.95,341.70,360.85,8180,113060
20200527,10:26,362.00,384.00,360.20,375.65,20580,111700
20200527,10:27,375.90,386.10,368.65,371.60,14300,111700
20200527,10:28,369.15,375.90,367.00,371.30,10200,111700
20200527,10:29,371.10,399.85,371.10,392.75,11280,107060
20200527,10:30,394.80,429.20,390.05,413.00,19620,107060
20200527,10:31,413.30,446.40,413.30,424.65,13800,107060
20200527,10:32,426.90,426.90,410.10,416.00,5280,101880
20200527,10:33,414.95,429.30,414.95,422.75,4260,101880
20200527,10:34,420.00,421.40,406.25,406.25,6680,101880
20200527,10:35,407.35,415.90,402.35,415.50,5020,97180
20200527,10:36,413.20,413.20,397.70,406.00,4680,97180
20200527,10:37,410.00,430.75,409.40,429.30,7060,97180
20200527,10:38,425.85,429.50,418.15,422.75,2880,96980
20200527,10:39,422.00,428.60,414.65,414.65,4140,96980
20200527,10:40,409.80,460.00,409.80,460.00,17940,96980
20200527,10:41,465.00,476.60,453.40,470.90,13420,92140
20200527,10:42,468.90,481.95,453.40,456.65,7380,92140
20200527,10:43,462.85,499.00,452.00,491.20,13600,92140
20200527,10:44,488.85,507.25,480.00,493.70,10500,88000
20200527,10:45,490.05,509.95,470.15,476.90,11660,88000
20200527,10:46,474.80,488.40,471.50,485.00,3960,88000
20200527,10:47,485.00,514.95,485.00,508.60,5260,84680
20200527,10:48,505.80,508.40,482.70,482.70,6080,84680
20200527,10:49,485.60,497.55,482.70,495.10,2300,84680
20200527,10:50,493.70,497.50,484.00,484.00,2380,83420
20200527,10:51,486.70,525.50,486.20,519.05,5300,83420
20200527,10:52,517.90,517.90,502.00,502.05,5740,83420
20200527,10:53,500.00,504.00,488.00,500.00,5020,75920
20200527,10:54,500.00,508.20,495.05,495.65,7000,75920
20200527,10:55,500.00,530.80,497.10,513.60,3880,75920
20200527,10:56,515.30,515.30,495.75,499.45,4700,79720
20200527,10:57,494.95,494.95,476.00,483.20,5920,79720
20200527,10:58,483.30,511.00,483.05,511.00,2420,79720
20200527,10:59,511.40,514.25,500.45,512.95,6760,79040
20200527,11:00,512.25,514.30,503.80,511.60,6440,79040
20200527,11:01,512.10,525.55,509.75,521.45,8780,79040
20200527,11:02,517.90,520.40,497.65,497.65,3540,75560
20200527,11:03,496.00,502.15,492.00,493.00,2880,75560
20200527,11:04,492.35,497.25,477.95,487.10,3520,75560
20200527,11:05,487.00,490.80,479.00,484.70,2460,78200
20200527,11:06,484.30,494.15,479.05,491.20,880,78200
20200527,11:07,490.45,492.85,478.00,478.00,1740,78200
20200527,11:08,478.60,493.00,474.05,485.60,2440,76220
20200527,11:09,486.50,504.10,482.15,501.70,2220,76220
20200527,11:10,501.75,524.85,500.20,513.75,7580,76220
20200527,11:11,514.75,523.95,511.05,514.55,3740,76220
20200527,11:12,512.70,522.65,508.80,514.05,3380,75280
20200527,11:13,518.00,521.50,507.10,511.00,1360,75280
20200527,11:14,508.45,511.20,495.00,495.55,1840,74640
20200527,11:15,498.85,508.10,496.45,503.20,1500,74640
20200527,11:16,503.00,503.00,492.00,493.75,1760,74640
20200527,11:17,488.65,491.95,483.90,490.00,1960,74820
20200527,11:18,488.00,496.60,480.00,496.60,1460,74820
20200527,11:19,491.95,491.95,478.00,479.00,2040,74820
20200527,11:20,474.30,478.60,468.40,475.00,1540,75040
20200527,11:21,480.00,489.30,480.00,489.00,980,75040
20200527,11:22,489.10,492.00,482.00,485.60,840,75040
20200527,11:23,482.80,485.00,481.55,484.55,520,73940
20200527,11:24,477.75,486.40,477.75,486.40,420,73940
20200527,11:25,476.65,488.40,476.65,488.40,760,73940
20200527,11:26,490.00,490.70,477.05,480.10,1880,74440
20200527,11:27,480.00,486.70,474.90,486.70,920,74440
20200527,11:28,488.65,495.00,484.10,490.20,680,74440
20200527,11:29,491.80,491.80,482.15,482.15,700,74440
20200527,11:30,480.00,485.05,477.25,478.75,1780,73420
20200527,11:31,478.50,479.50,455.00,460.85,2660,73420
20200527,11:32,462.00,467.80,453.35,459.65,3520,73160
20200527,11:33,464.05,469.95,460.00,467.65,1860,73160
20200527,11:34,470.00,473.95,467.55,473.95,360,73160
20200527,11:35,474.00,475.00,460.00,462.85,1240,73220
20200527,11:36,461.35,471.25,461.35,470.90,760,73220
20200527,11:37,468.70,485.00,468.70,479.85,3440,73220
20200527,11:38,481.05,481.05,459.25,459.75,1320,73520
20200527,11:39,460.55,463.35,454.85,460.65,2240,73520
20200527,11:40,459.60,470.25,458.95,467.00,640,73520
20200527,11:41,471.55,473.00,467.25,469.45,540,73520
20200527,11:42,464.75,476.00,464.75,465.70,1680,72820
20200527,11:43,470.25,470.60,465.00,467.85,680,72820
20200527,11:44,470.70,470.70,463.60,464.75,480,72340
20200527,11:45,465.00,477.80,465.00,475.45,440,72340
20200527,11:46,474.60,493.20,470.25,485.60,1840,72340
20200527,11:47,485.70,496.00,485.70,487.50,1720,72340
20200527,11:48,488.55,488.55,479.35,486.25,700,72440
20200527,11:49,483.75,501.20,483.75,498.90,2340,72440
20200527,11:50,498.05,500.00,492.40,498.45,1020,72440
20200527,11:51,496.70,508.75,496.70,501.30,1100,71720
20200527,11:52,501.65,502.10,485.05,487.55,1820,71720
20200527,11:53,489.85,496.95,489.85,494.25,1860,71720
20200527,11:54,494.20,497.65,487.00,490.65,1880,71980
20200527,11:55,485.00,490.25,481.25,487.15,1560,71980
20200527,11:56,489.95,489.95,484.25,484.25,180,71980
20200527,11:57,484.60,484.60,475.60,477.95,880,71460
20200527,11:58,481.40,483.00,474.60,480.20,1260,71460
20200527,11:59,476.90,481.75,472.55,481.75,660,71460
20200527,12:00,479.70,484.00,479.15,483.40,920,71740
20200527,12:01,484.15,490.05,483.65,487.60,700,71740
20200527,12:02,480.00,480.00,476.00,478.45,540,71740
20200527,12:03,473.25,480.35,470.00,474.10,780,71100
20200527,12:04,476.95,477.75,473.95,474.65,2780,71100
20200527,12:05,471.90,477.55,471.90,475.85,160,71100
20200527,12:06,472.05,472.05,464.25,468.25,1180,70840
20200527,12:07,467.20,472.00,464.60,470.40,700,70840
20200527,12:08,470.70,485.00,470.70,483.60,2120,70840
20200527,12:09,484.00,494.95,480.20,494.95,1060,70220
20200527,12:10,493.80,500.15,491.80,496.50,1920,70220
20200527,12:11,500.50,502.80,494.05,502.80,940,70220
20200527,12:12,497.45,513.20,497.45,510.00,3580,69740
20200527,12:13,512.85,521.50,505.00,515.75,1720,69740
20200527,12:14,517.90,540.00,514.95,520.00,7260,69740
20200527,12:15,518.50,533.45,518.50,528.80,2320,69440
20200527,12:16,531.85,589.05,531.50,578.00,43860,69440
20200527,12:17,575.00,595.95,570.25,587.35,14620,69440
20200527,12:18,590.00,603.55,572.20,597.05,3820,58460
20200527,12:19,598.75,607.75,589.30,592.50,7080,58460
20200527,12:20,595.15,595.15,577.20,578.20,1560,58460
20200527,12:21,580.00,598.80,578.45,594.50,2040,57940
20200527,12:22,598.10,615.00,596.95,604.45,3380,57940
20200527,12:23,600.15,606.85,595.00,598.90,3780,57940
20200527,12:24,596.30,601.00,588.80,591.50,740,55060
20200527,12:25,590.00,596.85,581.10,592.45,1120,55060
20200527,12:26,590.85,595.00,582.85,588.90,1640,55060
20200527,12:27,584.00,590.00,580.00,588.45,1920,55380
20200527,12:28,590.25,590.25,573.55,585.70,780,55380
20200527,12:29,577.20,578.00,571.70,574.00,860,55380
20200527,12:30,578.45,598.80,574.70,593.90,1700,54240
20200527,12:31,595.10,616.60,593.50,605.65,2660,54240
20200527,12:32,601.30,607.95,595.85,602.85,1260,54240
20200527,12:33,606.00,606.00,594.55,596.65,980,53680
20200527,12:34,599.20,616.00,597.75,616.00,1080,53680
20200527,12:35,615.90,615.90,600.00,607.20,1180,53680
20200527,12:36,604.35,604.35,596.70,599.55,340,53440
20200527,12:37,595.40,610.00,593.00,602.20,1020,53440
20200527,12:38,607.90,630.05,607.90,619.10,3340,53440
20200527,12:39,618.15,627.05,612.70,627.05,1640,52560
20200527,12:40,622.65,635.00,615.00,615.00,2560,52560
20200527,12:41,615.75,615.75,600.00,605.05,840,52560
20200527,12:42,601.30,606.05,599.00,599.00,920,52580
20200527,12:43,603.60,612.00,603.60,604.65,420,52580
20200527,12:44,598.65,610.15,598.65,609.60,580,52580
20200527,12:45,610.00,622.85,610.00,620.30,1240,52440
20200527,12:46,621.00,627.15,602.70,602.70,1120,52440
20200527,12:47,600.00,600.75,594.00,594.45,1500,52440
20200527,12:48,599.80,599.80,589.00,595.40,1140,52320
20200527,12:49,591.55,598.60,589.40,590.00,1100,52320
20200527,12:50,596.90,601.70,591.00,598.65,720,52320
20200527,12:51,596.20,613.55,592.05,604.40,2000,52280
20200527,12:52,602.10,610.00,599.75,610.00,1560,52280
20200527,12:53,615.00,616.20,606.90,614.00,740,52280
20200527,12:54,614.95,614.95,603.00,605.65,300,51000
20200527,12:55,605.65,605.65,596.70,599.75,820,51000
20200527,12:56,598.65,620.65,598.65,620.00,1100,51000
20200527,12:57,618.05,641.80,618.05,633.90,3240,50560
20200527,12:58,629.10,653.05,625.65,645.40,960,50560
20200527,12:59,645.00,674.75,644.20,659.05,4840,50560
20200527,13:00,660.00,667.90,648.40,650.00,3240,49460
20200527,13:01,645.90,651.80,640.00,640.00,820,49460
20200527,13:02,641.40,647.85,636.15,639.10,940,49460
20200527,13:03,639.30,655.10,639.30,641.20,500,47860
20200527,13:04,650.00,670.00,649.05,669.90,980,47860
20200527,13:05,669.95,685.00,667.80,667.95,2920,47860
20200527,13:06,670.00,673.80,655.95,658.95,520,45300
20200527,13:07,663.15,675.75,660.05,670.60,1600,45300
20200527,13:08,676.80,696.25,676.80,680.00,2500,45300
20200527,13:09,682.30,684.55,676.10,677.35,1000,44580
20200527,13:10,679.60,702.90,676.00,692.60,3480,44580
20200527,13:11,696.15,715.90,696.15,705.20,3680,44580
20200527,13:12,703.20,703.20,689.40,689.40,1840,42820
20200527,13:13,692.65,701.40,692.65,700.90,560,42820
20200527,13:14,698.25,702.70,689.35,695.90,920,42820
20200527,13:15,697.90,705.10,695.00,697.20,1060,42800
20200527,13:16,700.50,702.45,677.50,682.40,1180,42800
20200527,13:17,685.90,687.00,676.95,676.95,880,42800
20200527,13:18,680.45,689.35,670.00,674.15,740,42560
20200527,13:19,682.05,685.00,669.05,685.00,760,42560
20200527,13:20,686.30,696.00,682.00,689.35,920,42560
20200527,13:21,698.00,705.00,698.00,701.25,540,41860
20200527,13:22,696.85,700.60,678.40,679.80,540,41860
20200527,13:23,683.25,683.25,675.00,680.80,940,41860
20200527,13:24,681.00,692.00,681.00,692.00,640,42360
20200527,13:25,695.75,705.30,680.55,680.55,760,42360
20200527,13:26,684.60,684.60,666.90,673.60,900,42360
20200527,13:27,674.25,678.95,670.00,675.15,500,41260
20200527,13:28,672.05,680.00,668.00,672.00,1020,41260
20200527,13:29,678.10,678.10,670.00,675.00,180,41260
20200527,13:30,680.00,705.25,679.15,701.25,2380,41660
20200527,13:31,704.95,745.35,701.60,726.70,5680,41660
20200527,13:32,726.15,734.35,722.50,731.45,3320,41660
20200527,13:33,729.90,743.60,729.90,730.00,720,42180
20200527,13:34,730.00,738.10,725.00,732.10,720,42180
20200527,13:35,736.70,760.30,735.85,749.85,3340,42180
20200527,13:36,744.55,753.15,741.95,749.70,2580,40720
20200527,13:37,751.00,752.85,742.55,742.55,2680,40720
20200527,13:38,746.20,782.05,738.35,769.80,3360,40720
20200527,13:39,771.35,773.15,753.60,753.70,2820,41460
20200527,13:40,753.60,760.00,753.10,754.70,2200,41460
20200527,13:41,748.45,760.15,748.45,759.15,1160,41460
20200527,13:42,763.85,774.95,761.05,761.25,2340,40060
20200527,13:43,764.75,765.80,758.45,765.70,600,40060
20200527,13:44,761.00,794.95,761.00,788.35,2260,40060
20200527,13:45,786.70,790.00,780.00,781.50,440,38920
20200527,13:46,778.95,780.00,771.40,777.20,1620,38920
20200527,13:47,776.55,870.35,776.55,870.35,3960,38920
20200527,13:48,849.80,916.10,842.70,905.35,5180,39380
20200527,13:49,902.95,954.35,902.85,930.00,5640,39380
20200527,13:50,934.00,969.15,928.15,963.30,4500,39380
20200527,13:51,964.60,1049.35,964.60,1017.60,6500,38780
20200527,13:52,1012.35,1018.45,988.85,1011.00,3600,38780
20200527,13:53,1010.00,1065.10,1006.30,1057.55,14940,38780
20200527,13:54,1055.50,1106.90,1053.80,1091.45,3240,32460
20200527,13:55,1082.35,1082.35,1047.45,1050.00,2280,32460
20200527,13:56,1049.85,1058.25,1035.40,1058.25,2480,32460
20200527,13:57,1059.75,1059.75,1033.05,1037.15,1180,32080
20200527,13:58,1030.00,1067.00,1026.15,1064.65,1280,32080
20200527,13:59,1063.65,1109.05,1063.65,1100.55,2020,32080
20200527,14:00,1101.35,1179.50,1100.10,1163.00,3460,32200
20200527,14:01,1168.50,1168.50,1143.10,1150.75,2120,32200
20200527,14:02,1158.70,1161.80,1133.90,1133.90,620,32200
20200527,14:03,1132.90,1165.00,1132.90,1163.30,760,31740
20200527,14:04,1185.00,1213.65,1184.85,1190.50,1740,31740
20200527,14:05,1204.10,1265.30,1204.10,1258.65,3400,31740
20200527,14:06,1265.00,1393.15,1265.00,1393.15,1600,31580
20200527,14:07,1400.00,1458.10,1350.05,1386.50,3100,31580
20200527,14:08,1405.95,1470.00,1405.95,1470.00,480,31580
20200527,14:09,1440.00,1450.00,1390.95,1390.95,680,30040
20200527,14:10,1350.05,1350.05,1283.40,1300.40,1180,30040
20200527,14:11,1298.40,1298.40,1200.05,1261.10,1440,30040
20200527,14:12,1258.05,1271.05,1173.30,1173.30,1000,24100
20200527,14:13,1193.35,1206.15,1122.50,1122.50,1320,24100
20200527,14:14,1110.00,1177.20,1103.40,1163.00,3280,24100
20200527,14:15,1140.25,1146.65,1105.60,1146.65,800,22860
20200527,14:16,1153.05,1179.20,1092.15,1097.95,1960,22860
20200527,14:17,1100.30,1130.65,1100.30,1118.95,660,22860
20200527,14:18,1180.00,1198.80,1151.55,1178.40,1980,21380
20200527,14:19,1170.95,1174.10,1148.90,1155.00,420,21380
20200527,14:20,1135.60,1152.60,1108.20,1120.25,760,21380
20200527,14:21,1125.00,1152.00,1125.00,1146.60,360,20840
20200527,14:22,1152.50,1168.30,1141.00,1155.75,1280,20840
20200527,14:23,1140.00,1160.00,1140.00,1140.65,220,20840
20200527,14:24,1154.05,1162.65,1140.00,1140.00,460,20220
20200527,14:25,1120.00,1120.00,1071.75,1105.15,1280,20220
20200527,14:26,1109.70,1149.60,1109.70,1125.75,780,20220
20200527,14:27,1137.05,1142.45,1126.00,1127.65,320,19840
20200527,14:28,1150.00,1161.85,1135.45,1135.45,320,19840
20200527,14:29,1134.50,1150.00,1129.25,1129.25,500,19840
20200527,14:30,1131.25,1134.00,1087.65,1087.65,580,20060
20200527,14:31,1073.90,1074.85,1058.95,1063.80,1400,20060
20200527,14:32,1070.70,1070.70,1045.65,1058.40,1220,20060
20200527,14:33,1070.00,1079.90,1050.00,1050.00,380,19920
20200527,14:34,1061.35,1078.35,1050.00,1053.45,400,19920
20200527,14:35,1040.95,1040.95,1001.00,1010.80,980,19920
20200527,14:36,997.35,1028.65,990.00,1020.60,1780,19660
20200527,14:37,1045.00,1072.05,1041.80,1051.75,280,19660
20200527,14:38,1051.75,1055.50,1041.60,1054.55,220,19660
20200527,14:39,1051.40,1053.80,1039.05,1049.10,740,19260
20200527,14:40,1060.00,1102.65,1059.00,1090.70,1340,19260
20200527,14:41,1081.90,1081.90,1054.10,1064.05,200,19260
20200527,14:42,1048.85,1055.20,1046.30,1055.20,140,18920
20200527,14:43,1050.00,1051.80,1031.45,1051.80,380,18920
20200527,14:44,1041.15,1091.25,1041.15,1086.50,200,18920
20200527,14:45,1072.45,1080.15,1069.45,1069.45,740,18720
20200527,14:46,1070.90,1100.00,1070.90,1100.00,240,18720
20200527,14:47,1110.75,1162.00,1106.00,1157.85,1200,18720
20200527,14:48,1171.50,1218.65,1167.55,1218.65,1340,18220
20200527,14:49,1219.65,1219.65,1179.30,1179.30,460,18220
20200527,14:50,1183.25,1205.00,1183.25,1203.00,80,18220
20200527,14:51,1196.85,1196.85,1190.00,1190.00,40,17800
20200527,14:52,1220.00,1222.70,1206.50,1206.50,280,17800
20200527,14:53,1204.75,1215.00,1200.00,1200.00,260,17800
20200527,14:54,1194.15,1194.15,1130.00,1145.80,560,17080
20200527,14:55,1146.40,1146.40,1113.20,1121.20,580,17080
20200527,14:56,1139.55,1155.45,1139.55,1152.65,160,17080
20200527,14:57,1155.80,1155.80,1135.15,1135.15,240,17080
20200527,14:58,1146.45,1160.00,1139.90,1145.05,140,17020
20200527,14:59,1152.10,1165.75,1142.50,1156.40,240,17020
20200527,15:00,1161.05,1208.80,1161.05,1207.35,380,16580
20200527,15:01,1219.85,1225.00,1198.90,1207.75,420,16580
20200527,15:02,1207.75,1212.80,1195.35,1211.35,420,16580
20200527,15:03,1200.00,1200.00,1176.15,1176.15,220,16740
20200527,15:04,1191.70,1194.00,1190.35,1190.90,300,16740
20200527,15:05,1186.90,1186.90,1180.00,1180.00,80,16740
20200527,15:06,1210.00,1245.35,1210.00,1245.35,600,16900
20200527,15:07,1238.05,1241.20,1231.75,1241.20,100,16900
20200527,15:08,1236.75,1280.65,1236.75,1280.65,940,16900
20200527,15:09,1285.90,1292.15,1271.25,1292.15,760,16080
20200527,15:10,1293.85,1293.85,1280.00,1283.80,340,16080
20200527,15:11,1281.50,1319.70,1277.60,1316.35,860,16080
20200527,15:12,1327.00,1345.35,1319.55,1338.05,280,15720
20200527,15:13,1350.00,1350.00,1308.35,1309.55,420,15720
20200527,15:14,1307.10,1312.70,1300.00,1300.00,240,15720
20200527,15:15,1299.50,1321.05,1299.50,1321.05,120,15720
20200527,15:16,1321.00,1329.70,1320.20,1329.70,140,15580
20200527,15:17,1335.05,1335.05,1330.15,1330.15,400,15580
20200527,15:18,1331.50,1335.05,1330.60,1333.25,120,15860
20200527,15:19,1330.00,1330.00,1318.20,1318.20,120,15860
20200527,15:20,1317.00,1317.00,1277.80,1280.15,380,15860
20200527,15:21,1280.20,1307.55,1276.50,1297.25,840,15620
20200527,15:22,1295.65,1299.55,1292.20,1292.20,160,15620
20200527,15:23,1281.00,1281.00,1277.55,1280.00,160,15620
20200527,15:24,1272.25,1276.50,1272.25,1276.50,200,15460
20200527,15:25,1270.00,1283.15,1259.70,1283.15,860,15460
20200527,15:26,1280.20,1280.20,1274.25,1274.25,300,15460
20200527,15:27,1269.35,1269.40,1267.80,1267.80,160,14980
20200527,15:28,1267.55,1270.00,1259.05,1265.95,1780,14980
20200527,15:29,1265.15,1266.15,1265.15,1266.15,400,14980
20200528,09:15,1499.45,1499.45,1371.80,1415.65,181,12000
20200528,09:16,1468.05,1523.50,1468.05,1523.50,140,12000
20200528,09:17,1584.25,1584.25,1584.25,1584.25,20,11940
20200528,09:18,1584.25,1584.25,1545.25,1545.25,140,11940
20200528,09:19,1555.85,1560.00,1540.00,1560.00,80,11940
20200528,09:20,1573.50,1573.50,1551.00,1551.00,440,11860
20200528,09:21,1540.50,1540.50,1540.50,1540.50,20,11860
20200528,09:22,1545.15,1545.15,1545.15,1545.15,60,11860
20200528,09:23,1565.40,1608.05,1565.40,1608.05,60,11940
20200528,09:24,1608.00,1613.35,1608.00,1613.35,140,11940
20200528,09:25,1616.30,1619.00,1616.30,1619.00,60,11940
20200528,09:26,1653.70,1653.70,1653.70,1653.70,20,11900
20200528,09:27,1653.70,1653.70,1625.00,1631.45,140,11900
20200528,09:29,1600.00,1640.00,1600.00,1640.00,60,11860
20200528,09:30,1676.00,1676.05,1676.00,1676.00,2100,11860
20200528,09:31,1699.00,1699.00,1699.00,1699.00,60,11860
20200528,09:32,1737.95,1737.95,1737.95,1737.95,2000,13300
20200528,09:33,1762.40,1762.40,1750.00,1750.00,440,13300
20200528,09:34,1708.40,1708.40,1708.40,1708.40,40,13300
20200528,09:36,1695.00,1718.90,1695.00,1718.90,60,12720
20200528,09:38,1738.90,1738.90,1725.00,1725.00,120,12720
20200528,09:39,1738.90,1765.00,1738.90,1765.00,280,12720
20200528,09:41,1785.00,1803.65,1785.00,1803.65,240,12700
20200528,09:42,1807.60,1822.45,1807.60,1822.45,440,12700
20200528,09:43,1841.70,1856.75,1841.70,1850.00,520,12700
20200528,09:44,1829.05,1829.05,1829.00,1829.00,120,12220
20200528,09:45,1850.00,1850.00,1850.00,1850.00,160,12220
20200528,09:46,1867.35,1867.35,1865.05,1865.05,320,12220
20200528,09:49,1800.00,1800.00,1800.00,1800.00,80,12240
20200528,09:50,1797.35,1797.35,1797.35,1797.35,40,12160
20200528,09:51,1776.90,1776.90,1751.00,1757.80,220,12160
20200528,09:53,1720.00,1720.00,1720.00,1720.00,20,12180
20200528,09:54,1708.05,1750.00,1708.05,1729.90,340,12180
20200528,09:55,1818.00,1818.00,1818.00,1818.00,80,12180
20200528,09:56,1818.00,1818.00,1818.00,1818.00,40,12180
20200528,09:57,1801.65,1801.65,1801.65,1801.65,40,12120
20200528,09:58,1785.00,1785.00,1785.00,1785.00,80,12120
20200528,09:59,1772.30,1772.30,1744.75,1744.75,80,12200
20200528,10:00,1780.00,1780.00,1780.00,1780.00,60,12200
20200528,10:02,1761.00,1761.00,1761.00,1761.00,40,12200
20200528,10:04,1765.00,1776.10,1765.00,1776.10,420,12200
20200528,10:05,1777.45,1777.45,1777.45,1777.45,20,12200
20200528,10:09,1775.00,1775.00,1775.00,1775.00,80,11840
20200528,10:15,1807.20,1823.70,1807.20,1823.70,120,11760
20200528,10:16,1820.00,1820.00,1820.00,1820.00,400,11760
20200528,10:19,1850.00,1850.00,1849.00,1849.00,40,11760
20200528,10:23,1875.00,1875.00,1875.00,1875.00,20,11740
20200528,10:24,1875.00,1875.00,1875.00,1875.00,60,11740
20200528,10:29,1865.00,1865.00,1865.00,1865.00,260,11680
20200528,10:30,1851.85,1851.85,1851.85,1851.85,20,11660
20200528,10:32,1830.00,1830.00,1800.00,1800.00,40,11660
20200528,10:36,1865.00,1865.00,1865.00,1865.00,160,11620
20200528,10:46,1848.50,1849.75,1848.50,1849.75,80,11620
20200528,10:48,1849.60,1849.60,1849.60,1849.60,20,11620
20200528,10:49,1840.05,1840.05,1830.00,1830.00,40,11620
20200528,10:50,1830.00,1830.00,1830.00,1830.00,20,11580
20200528,10:52,1862.05,1862.05,1862.05,1862.05,20,11580
20200528,10:58,1862.05,1865.00,1862.05,1865.00,740,11580
20200528,10:59,1850.00,1859.00,1850.00,1859.00,80,11080
20200528,11:04,1921.55,1921.55,1921.55,1921.55,100,11080
20200528,11:05,1925.00,1965.50,1925.00,1965.50,260,11080
20200528,11:06,1965.50,1965.50,1928.65,1928.65,440,11140
20200528,11:07,1952.30,1980.00,1952.30,1980.00,60,11140
20200528,11:08,1980.00,1980.00,1980.00,1980.00,20,11140
20200528,11:11,2038.30,2038.30,2038.30,2038.30,20,11320
20200528,11:12,2038.30,2038.30,2038.30,2038.30,60,11320
20200528,11:14,1980.95,1980.95,1980.95,1980.95,20,11320
20200528,11:19,1958.50,1958.50,1955.00,1955.00,120,11260
20200528,11:21,1931.90,1931.90,1931.90,1931.90,20,11180
20200528,11:22,1939.95,1939.95,1939.95,1939.95,20,11180
20200528,11:27,1940.00,1940.00,1940.00,1940.00,20,11160
20200528,11:29,1932.05,1932.05,1932.00,1932.00,60,11160
20200528,11:37,1940.00,1940.00,1940.00,1940.00,20,11120
20200528,11:38,1955.65,1955.65,1955.65,1955.65,40,11120
20200528,11:46,1950.00,1950.00,1950.00,1950.00,20,11080
20200528,11:47,1921.50,1921.50,1901.25,1901.25,80,11080
20200528,11:48,1903.00,1903.00,1903.00,1903.00,20,11040
20200528,11:49,1914.00,1914.00,1910.00,1910.00,100,11040
20200528,11:50,1875.00,1875.00,1860.00,1860.00,40,11040
20200528,11:51,1815.20,1815.20,1815.20,1815.20,20,11040
20200528,11:54,1876.00,1876.00,1876.00,1876.00,20,11040
20200528,11:56,1832.65,1832.65,1820.00,1820.00,40,11040
20200528,11:59,1800.00,1800.00,1800.00,1800.00,400,11040
20200528,12:00,1782.00,1782.00,1782.00,1782.00,400,11020
20200528,12:02,1779.05,1779.05,1779.05,1779.05,200,11020
20200528,12:05,1804.90,1816.55,1804.90,1816.55,500,10480
20200528,12:08,1879.45,1896.90,1879.45,1896.90,40,10440
20200528,12:09,1918.85,1918.85,1891.50,1891.50,80,10460
20200528,12:10,1896.75,1896.75,1896.75,1896.75,20,10460
20200528,12:13,1864.00,1864.00,1864.00,1864.00,20,10420
20200528,12:15,1863.35,1865.30,1863.35,1865.30,60,10400
20200528,12:17,1865.00,1865.00,1865.00,1865.00,20,10400
20200528,12:20,1859.95,1872.40,1859.95,1872.40,120,10360
20200528,12:21,1821.00,1821.00,1821.00,1821.00,60,10260
20200528,12:22,1830.55,1830.55,1830.55,1830.55,60,10260
20200528,12:32,1830.55,1830.55,1830.55,1830.55,20,10240
20200528,12:38,1824.45,1824.45,1824.45,1824.45,20,10100
20200528,12:40,1791.45,1791.45,1791.45,1791.45,40,10100
20200528,12:42,1715.00,1715.00,1715.00,1715.00,40,10080
20200528,12:45,1647.25,1673.80,1647.25,1673.80,80,10060
20200528,12:47,1630.00,1630.00,1630.00,1630.00,20,10060
20200528,12:48,1657.95,1657.95,1657.95,1657.95,100,10060
20200528,12:49,1685.90,1685.90,1685.90,1685.90,20,10060
20200528,12:51,1680.20,1680.20,1680.20,1680.20,20,10020
20200528,12:54,1669.10,1669.10,1669.10,1669.10,20,10000
20200528,13:05,1686.35,1686.35,1686.35,1686.35,100,10000
20200528,13:11,1686.25,1686.25,1686.25,1686.25,120,9940
20200528,13:15,1623.70,1623.70,1623.70,1623.70,20,9960
20200528,13:17,1632.30,1632.30,1632.30,1632.30,40,9960
20200528,13:22,1694.95,1694.95,1694.95,1694.95,20,9920
20200528,13:23,1700.00,1700.00,1700.00,1700.00,20,9920
20200528,13:27,1721.15,1757.05,1721.15,1757.05,260,9920
20200528,13:31,1897.55,1897.55,1897.55,1897.55,20,9780
20200528,13:36,1800.55,1800.55,1795.00,1795.00,80,9760
20200528,13:37,1802.00,1802.00,1802.00,1802.00,80,9760
20200528,13:39,1795.15,1795.15,1795.15,1795.15,20,9740
20200528,13:46,1740.00,1740.00,1740.00,1740.00,120,9720
20200528,13:50,1679.35,1679.35,1679.35,1679.35,20,9740
20200528,14:01,1703.55,1703.55,1703.55,1703.55,20,9720
20200528,14:02,1720.00,1720.00,1720.00,1720.00,40,9720
20200528,14:10,1680.00,1680.00,1680.00,1680.00,20,9720
20200528,14:11,1600.00,1600.00,1600.00,1600.00,20,9720
20200528,14:12,1573.35,1573.35,1573.35,1573.35,20,9720
20200528,14:13,1617.50,1617.50,1617.50,1617.50,20,9720
20200528,14:17,1654.50,1654.50,1654.50,1654.50,20,9700
20200528,14:18,1645.25,1645.25,1645.25,1645.25,40,9680
20200528,14:20,1675.00,1675.00,1675.00,1675.00,20,9680
20200528,14:21,1687.20,1687.20,1687.20,1687.20,20,9680
20200528,14:22,1700.00,1700.00,1700.00,1700.00,20,9680
20200528,14:23,1705.15,1705.15,1705.15,1705.15,20,9680
20200528,14:26,1683.15,1683.20,1683.15,1683.15,140,9680
20200528,14:27,1688.55,1688.55,1688.55,1688.55,40,9680
20200528,14:28,1701.55,1701.55,1701.55,1701.55,20,9680
20200528,14:35,1700.00,1700.00,1700.00,1700.00,40,9680
20200528,14:44,1700.00,1700.00,1700.00,1700.00,20,9680
20200528,14:51,1709.25,1709.25,1709.25,1709.25,20,9680
20200528,14:58,1715.00,1715.00,1715.00,1715.00,60,9660
20200528,15:01,1750.00,1750.00,1750.00,1750.00,20,9660
20200528,15:03,1780.05,1780.05,1780.05,1780.05,80,9660
20200528,15:04,1811.55,1811.55,1760.00,1760.00,60,9640
20200528,15:05,1800.60,1800.60,1800.60,1800.60,20,9640
20200528,15:10,1781.00,1781.00,1781.00,1781.00,40,9640
20200528,15:11,1750.00,1750.00,1750.00,1750.00,80,9640
20200528,15:15,1767.50,1767.50,1767.50,1767.50,20,9600
20200528,15:18,1757.50,1767.50,1757.50,1767.50,40,9600
20200528,15:21,1767.50,1767.50,1767.00,1767.00,40,9560
20200528,15:25,1770.00,1770.00,1770.00,1770.00,20,9540
20200528,15:26,1770.00,1770.00,1770.00,1770.00,20,9540
20200528,15:27,1770.00,1770.00,1770.00,1770.00,40,9540
20200528,15:28,1770.00,1770.00,1750.00,1750.00,140,9460
