20200708,10:38,1400.00,1400.00,1400.00,1400.00,21,20
20200708,13:43,1500.00,1500.00,1500.00,1500.00,20,20
20200709,14:49,1378.25,1378.25,1378.25,1378.25,21,40
20200709,15:16,1385.00,1385.00,1385.00,1385.00,20,60
20200710,09:16,1220.55,1220.60,1220.55,1220.60,42,80
20200710,09:17,1213.30,1213.30,1202.25,1202.25,140,100
20200710,09:30,1202.25,1202.25,1202.25,1202.25,20,160
20200710,09:33,1243.30,1243.30,1243.30,1243.30,40,120
20200710,10:22,1225.45,1225.45,1225.45,1225.45,20,120
20200710,10:30,1180.00,1180.00,1180.00,1180.00,20,140
20200710,12:06,1060.00,1060.00,1060.00,1060.00,120,120
20200710,12:36,977.85,980.80,977.85,980.80,120,240
20200710,12:57,1000.00,1000.00,1000.00,1000.00,20,340
20200710,13:35,1049.00,1049.00,1049.00,1049.00,20,340
20200710,14:15,950.00,950.00,950.00,950.00,20,360
20200710,15:04,950.00,950.00,950.00,950.00,40,360
20200710,15:11,943.70,943.70,943.70,943.70,40,380
20200710,15:13,932.00,932.00,932.00,932.00,20,340
20200710,15:23,932.00,932.00,932.00,932.00,20,340
20200713,09:16,1095.70,1109.25,1095.70,1109.25,41,340
20200713,09:17,1109.25,1109.25,1109.25,1109.25,40,360
20200713,09:18,1085.90,1085.90,1085.90,1085.90,60,360
20200713,09:19,1090.20,1090.20,1090.20,1090.20,20,360
20200713,09:23,1066.95,1066.95,1066.95,1066.95,20,360
20200713,09:25,1066.95,1066.95,1066.95,1066.95,20,360
20200713,09:31,1088.30,1088.30,1088.30,1088.30,200,340
20200713,10:06,1020.95,1020.95,1020.95,1020.95,20,460
20200713,10:15,941.85,941.85,941.85,941.85,220,460
20200713,10:16,978.65,978.65,978.65,978.65,20,460
20200713,10:24,987.25,987.25,987.25,987.25,20,380
20200713,10:40,976.00,976.00,976.00,976.00,20,400
20200713,10:42,1000.00,1000.00,1000.00,1000.00,20,420
20200713,10:45,1015.60,1015.60,1015.60,1015.60,20,420
20200713,10:54,970.90,970.90,970.90,970.90,20,420
20200713,10:56,965.15,965.15,965.15,965.15,20,420
20200713,10:57,971.60,971.60,970.00,970.00,60,440
20200713,10:58,962.85,962.85,962.85,962.85,20,440
20200713,11:02,990.00,990.00,990.00,990.00,20,440
20200713,11:07,940.00,940.00,866.00,866.00,200,460
20200713,11:08,866.00,866.00,866.00,866.00,20,460
20200713,11:16,801.55,801.55,801.55,801.55,500,680
20200713,11:20,813.70,813.70,813.70,813.70,40,1100
20200713,11:28,816.00,816.00,816.00,816.00,40,1140
20200713,11:39,809.00,809.00,809.00,809.00,500,1020
20200713,11:40,812.50,812.50,812.50,812.50,20,1020
20200713,11:45,800.25,800.25,800.25,800.25,40,1040
20200713,11:48,777.90,777.90,777.90,777.90,20,1040
20200713,12:02,747.00,747.00,733.45,733.45,60,1040
20200713,12:05,733.45,733.45,733.45,733.45,20,1060
20200713,12:09,742.80,742.80,742.80,742.80,120,1040
20200713,12:13,738.40,738.40,738.40,738.40,60,1140
20200713,12:15,729.70,729.70,729.70,729.70,40,1200
20200713,12:16,729.70,729.70,729.70,729.70,20,1200
20200713,12:22,745.85,745.85,745.85,745.85,20,1240
20200713,12:26,740.00,740.00,740.00,740.00,60,1260
20200713,12:28,773.50,773.50,767.55,767.55,60,1300
20200713,12:31,775.60,775.60,775.60,775.60,120,1280
20200713,12:34,771.25,781.80,771.25,781.80,60,1220
20200713,12:35,795.80,797.50,795.80,797.50,40,1220
20200713,12:45,748.00,748.00,743.45,743.45,60,1280
20200713,12:46,743.45,743.45,743.45,743.45,40,1280
20200713,12:47,743.45,743.45,743.45,743.45,20,1280
20200713,12:57,669.60,669.60,669.60,669.60,20,1320
20200713,12:58,669.60,669.60,669.60,669.60,80,1320
20200713,12:59,684.80,684.80,671.00,671.00,60,1320
20200713,13:01,693.45,693.45,693.45,693.45,20,1380
20200713,13:03,675.00,675.00,675.00,675.00,60,1380
20200713,13:04,682.20,682.20,682.20,682.20,40,1380
20200713,13:06,692.30,695.00,692.30,695.00,140,1460
20200713,13:09,705.45,705.45,705.45,705.45,200,1480
20200713,13:12,720.00,720.00,720.00,720.00,20,1480
20200713,13:16,704.10,706.20,698.50,698.50,60,1640
20200713,13:21,710.00,729.25,710.00,729.25,40,1680
20200713,13:25,700.00,700.00,700.00,700.00,20,1680
20200713,13:27,729.00,733.95,729.00,733.95,60,1680
20200713,13:28,734.00,734.00,734.00,734.00,20,1680
20200713,13:29,744.90,744.90,735.00,735.00,120,1680
20200713,13:31,685.75,685.75,685.75,685.75,60,1740
20200713,13:34,683.50,699.15,683.50,699.15,40,1800
20200713,13:38,706.20,706.20,706.20,706.20,20,1800
20200713,13:41,708.30,708.30,708.30,708.30,20,1800
20200713,13:42,709.00,709.00,709.00,709.00,20,1800
20200713,13:45,714.95,715.00,714.95,715.00,60,1820
20200713,13:46,712.00,712.00,712.00,712.00,20,1820
20200713,13:48,694.80,694.80,694.80,694.80,40,1820
20200713,13:49,685.00,685.00,685.00,685.00,20,1860
20200713,13:52,700.00,700.00,699.70,699.70,40,1880
20200713,13:53,689.70,689.70,689.70,689.70,40,1880
20200713,13:54,650.00,650.00,650.00,650.00,500,1880
20200713,13:55,635.40,635.40,635.40,635.40,20,1920
20200713,13:56,635.40,650.00,635.40,650.00,60,1920
20200713,13:57,645.00,645.00,645.00,645.00,500,1980
20200713,13:58,647.65,657.80,647.65,653.55,480,1980
20200713,13:59,652.60,664.80,652.60,660.00,80,1980
20200713,14:01,671.00,671.00,671.00,671.00,20,1980
20200713,14:02,663.30,663.30,663.30,663.30,20,2880
20200713,14:07,682.50,682.50,672.55,672.55,40,2900
20200713,14:10,702.70,702.70,688.15,688.15,40,2920
20200713,14:13,678.80,678.80,678.80,678.80,40,2920
20200713,14:14,715.00,715.00,715.00,715.00,20,2920
20200713,14:22,689.00,689.00,689.00,689.00,20,2980
20200713,14:25,706.20,706.20,706.20,706.20,40,2980
20200713,14:27,697.25,697.25,697.25,697.25,20,2980
20200713,14:28,670.50,675.00,670.50,675.00,40,2980
20200713,14:31,692.45,692.45,692.45,692.45,40,2960
20200713,14:36,680.05,680.05,680.00,680.00,40,2980
20200713,14:40,746.15,746.15,746.15,746.15,40,2980
20200713,14:41,748.15,748.15,748.15,748.15,20,2980
20200713,14:42,724.45,724.45,724.45,724.45,20,2980
20200713,14:43,746.95,751.00,746.95,751.00,60,3000
20200713,14:44,758.80,760.10,745.45,745.45,160,3000
20200713,14:45,753.15,759.05,753.15,759.05,40,3120
20200713,14:46,759.05,759.05,740.00,740.00,60,3120
20200713,14:50,743.75,743.75,743.75,743.75,40,3120
20200713,14:52,740.00,744.20,740.00,744.20,120,3140
20200713,14:54,717.30,717.30,717.30,717.30,20,3080
20200713,14:55,728.35,728.35,728.35,728.35,20,3080
20200713,14:56,728.35,728.35,728.35,728.35,40,3080
20200713,14:59,737.50,751.95,737.50,751.95,300,3120
20200713,15:00,734.65,734.65,734.65,734.65,20,3160
20200713,15:03,730.55,747.25,730.55,747.25,140,3200
20200713,15:05,730.70,730.70,730.70,730.70,120,3200
20200713,15:09,740.70,740.70,740.70,740.70,80,3280
20200713,15:10,720.00,720.00,684.75,684.75,320,3360
20200713,15:11,691.30,691.30,691.30,691.30,20,3360
20200713,15:16,702.70,702.70,702.70,702.70,80,3340
20200713,15:17,715.40,715.40,715.40,715.40,40,3340
20200713,15:18,728.00,728.00,728.00,728.00,20,3360
20200713,15:21,733.95,733.95,725.00,725.00,440,3360
20200713,15:23,736.65,736.65,736.65,736.65,20,3500
20200713,15:27,716.05,716.05,716.05,716.05,20,3480
20200713,15:29,720.00,720.00,701.25,701.25,40,3480
20200714,09:15,559.05,559.05,447.70,469.40,1403,3340
20200714,09:16,471.60,477.25,464.85,466.20,1420,3340
20200714,09:17,468.05,471.60,458.85,471.60,360,4540
20200714,09:18,463.60,469.25,458.10,462.55,760,4540
20200714,09:19,464.45,466.70,457.70,460.35,1740,4540
20200714,09:20,458.75,458.75,438.70,441.65,5300,7140
20200714,09:21,437.40,447.75,437.40,438.50,1160,7140
20200714,09:22,440.80,441.00,426.75,441.00,5320,7140
20200714,09:23,441.35,443.00,434.00,442.80,3900,11260
20200714,09:24,444.25,450.25,443.45,448.85,5040,11260
20200714,09:25,449.35,449.35,436.25,446.70,3840,11260
20200714,09:26,445.80,445.80,425.00,429.85,2800,17420
20200714,09:27,430.00,430.85,412.05,420.65,5960,17420
20200714,09:28,420.70,423.65,418.10,420.60,2880,17420
20200714,09:29,421.60,424.05,406.30,412.90,7520,23740
20200714,09:30,410.90,410.90,388.05,397.85,8500,23740
20200714,09:31,398.90,413.85,396.40,412.00,6680,23740
20200714,09:32,412.00,417.60,412.00,414.60,4300,27680
20200714,09:33,415.50,415.50,402.45,411.05,4220,27680
20200714,09:34,412.40,418.75,410.10,417.30,2920,27680
20200714,09:35,416.00,419.25,413.00,417.55,1460,30020
20200714,09:36,415.00,416.45,407.10,410.00,2120,30020
20200714,09:37,413.10,415.25,405.40,405.40,660,30020
20200714,09:38,406.85,408.50,398.45,401.90,1740,31800
20200714,09:39,402.85,412.10,398.00,398.00,1360,31800
20200714,09:40,397.60,402.95,392.65,400.15,4180,31800
20200714,09:41,401.25,407.00,396.00,404.30,1400,32780
20200714,09:42,403.10,404.35,398.65,399.60,1500,32780
20200714,09:43,401.05,401.05,383.90,392.40,5520,32780
20200714,09:44,392.30,392.30,374.65,383.15,6700,35620
20200714,09:45,380.80,390.20,379.95,386.40,6060,35620
20200714,09:46,384.30,391.65,383.20,385.65,2960,35620
20200714,09:47,385.15,392.35,385.15,391.65,5240,40540
20200714,09:48,390.95,392.00,387.40,390.90,1840,40540
20200714,09:49,390.00,390.00,368.10,377.80,11640,40540
20200714,09:50,376.85,383.15,374.65,382.40,4520,44340
20200714,09:51,383.70,386.15,377.75,385.60,3700,44340
20200714,09:52,386.85,389.60,381.00,389.30,3120,44340
20200714,09:53,390.00,397.00,388.00,395.90,4100,47620
20200714,09:54,394.15,398.85,385.90,388.65,3300,47620
20200714,09:55,388.00,393.20,383.00,384.40,1360,47620
20200714,09:56,383.95,390.90,383.95,390.35,2020,48040
20200714,09:57,390.65,397.20,388.00,392.80,2320,48040
20200714,09:58,391.35,392.90,388.40,389.00,2660,48040
20200714,09:59,385.00,385.00,378.70,384.55,4620,49680
20200714,10:00,386.95,393.40,382.00,390.90,3680,49680
20200714,10:01,390.65,396.20,386.00,389.30,6940,49680
20200714,10:02,388.60,390.50,380.50,387.50,3180,49780
20200714,10:03,387.30,388.00,381.40,382.00,1000,49780
20200714,10:04,381.05,390.00,380.85,387.00,3040,49780
20200714,10:05,388.35,388.35,382.00,384.25,2000,51540
20200714,10:06,382.20,384.55,379.00,379.00,4760,51540
20200714,10:07,377.35,388.00,371.10,386.70,4980,51540
20200714,10:08,387.00,392.10,383.70,392.10,3220,55140
20200714,10:09,391.70,398.50,387.00,393.00,4140,55140
20200714,10:10,393.30,398.95,393.30,398.20,3920,55140
20200714,10:11,396.45,404.55,394.80,396.70,7660,54540
20200714,10:12,396.00,398.30,382.75,384.25,3500,54540
20200714,10:13,384.95,388.70,383.00,384.70,1680,54540
20200714,10:14,385.30,385.50,381.30,382.95,1740,55340
20200714,10:15,382.45,382.45,320.00,346.35,21240,55340
20200714,10:16,344.80,348.85,340.60,340.80,10920,55340
20200714,10:17,340.80,346.85,339.10,345.45,14060,61360
20200714,10:18,345.70,350.10,343.55,346.75,5980,61360
20200714,10:19,348.80,352.75,348.80,350.00,7040,61360
20200714,10:20,347.00,347.45,337.75,343.35,10920,66140
20200714,10:21,343.75,348.20,338.05,345.35,15020,66140
20200714,10:22,346.40,346.95,337.35,345.75,11420,66140
20200714,10:23,345.45,348.15,338.90,342.15,6940,70520
20200714,10:24,340.30,346.95,335.50,346.80,14100,70520
20200714,10:25,347.20,349.25,342.90,348.20,6340,70520
20200714,10:26,348.35,349.85,346.20,346.20,5020,74620
20200714,10:27,348.50,348.50,340.25,341.00,3200,74620
20200714,10:28,341.50,349.00,341.50,349.00,2520,74620
20200714,10:29,348.90,349.00,343.15,347.00,3040,77600
20200714,10:30,345.75,345.75,338.00,343.55,7100,77600
20200714,10:31,343.80,344.75,336.95,340.05,6740,77600
20200714,10:32,339.50,339.50,326.90,338.55,11380,81980
20200714,10:33,339.90,340.55,334.10,335.90,7980,81980
20200714,10:34,335.60,339.05,335.60,337.00,5740,81980
20200714,10:35,336.85,338.85,328.50,329.00,10240,89600
20200714,10:36,329.00,329.00,311.05,324.60,21040,89600
20200714,10:37,323.50,329.00,322.35,326.85,8980,89600
20200714,10:38,327.95,330.00,325.45,328.20,6180,96660
20200714,10:39,328.00,329.80,325.00,325.00,7220,96660
20200714,10:40,326.15,328.00,321.80,325.35,9860,96660
20200714,10:41,324.65,325.00,320.00,321.00,8780,103020
20200714,10:42,320.50,320.95,306.60,318.00,13760,103020
20200714,10:43,316.00,319.95,310.70,311.50,15100,103020
20200714,10:44,310.20,321.25,310.20,317.60,14540,108220
20200714,10:45,318.10,319.90,309.00,312.40,11680,108220
20200714,10:46,312.70,317.55,310.80,315.60,5040,108220
20200714,10:47,314.55,319.00,310.00,319.00,8580,113160
20200714,10:48,318.00,319.80,313.10,313.10,9620,113160
20200714,10:49,313.00,319.30,313.00,318.00,3700,113160
20200714,10:50,318.60,319.00,310.00,313.25,10480,116100
20200714,10:51,312.90,315.80,308.15,309.90,6920,116100
20200714,10:52,311.00,315.00,308.25,309.00,8700,116100
20200714,10:53,309.30,311.35,302.05,307.25,13680,123360
20200714,10:54,306.90,307.50,291.45,307.00,27060,123360
20200714,10:55,306.20,309.55,298.00,305.55,28580,123360
20200714,10:56,306.30,307.15,293.25,305.00,22500,128840
20200714,10:57,303.70,303.70,298.00,299.95,17580,128840
20200714,10:58,300.00,301.45,294.00,301.45,12840,128840
20200714,10:59,301.00,302.00,291.20,295.00,13140,141000
20200714,11:00,295.05,299.90,282.60,294.30,28620,141000
20200714,11:01,295.00,299.15,294.30,298.30,12620,141000
20200714,11:02,296.80,298.00,288.40,294.00,14060,153200
20200714,11:03,294.65,297.55,277.50,285.00,25940,153200
20200714,11:04,286.40,287.85,272.55,280.00,20640,153200
20200714,11:05,281.15,282.85,276.90,282.85,15940,157500
20200714,11:06,280.35,281.45,265.85,265.85,16500,157500
20200714,11:07,267.85,273.65,267.85,272.75,15560,157500
20200714,11:08,273.65,273.75,265.75,267.35,13700,166480
20200714,11:09,265.50,268.60,262.60,266.00,8420,166480
20200714,11:10,266.15,267.00,263.85,264.75,6140,166480
20200714,11:11,265.00,269.50,264.50,267.35,11580,171940
20200714,11:12,267.35,272.95,267.35,270.30,12700,171940
20200714,11:13,269.65,272.65,267.80,270.30,10340,171940
20200714,11:14,271.20,276.55,271.15,276.30,6680,177820
20200714,11:15,276.00,276.00,271.15,272.95,4000,177820
20200714,11:16,273.40,273.65,268.70,271.75,4100,177820
20200714,11:17,271.35,281.60,270.10,280.00,12140,179460
20200714,11:18,279.50,293.00,279.50,287.00,24280,179460
20200714,11:19,287.55,295.70,286.10,290.00,17600,179460
20200714,11:20,290.90,296.35,287.05,294.45,14540,172380
20200714,11:21,295.15,295.30,288.40,291.45,10280,172380
20200714,11:22,290.95,291.95,283.25,286.30,9240,172380
20200714,11:23,285.00,287.35,281.25,281.95,5240,173660
20200714,11:24,281.00,281.00,275.65,277.70,9080,173660
20200714,11:25,277.20,283.75,276.40,283.45,8780,173660
20200714,11:26,284.00,286.60,281.15,286.00,4260,176320
20200714,11:27,285.45,289.90,280.75,289.85,5360,176320
20200714,11:28,288.40,289.15,285.00,285.60,5880,176320
20200714,11:29,285.45,285.45,281.20,283.60,4460,176660
20200714,11:30,287.00,290.00,285.25,288.45,3240,176660
20200714,11:31,288.45,299.00,288.45,298.55,14760,176660
20200714,11:32,297.00,299.00,294.95,297.95,12940,175160
20200714,11:33,298.60,306.85,298.35,305.60,24520,175160
20200714,11:34,307.20,308.80,301.75,303.00,19280,175160
20200714,11:35,302.85,306.00,302.00,305.60,10980,171400
20200714,11:36,304.65,309.95,294.75,299.00,22120,171400
20200714,11:37,299.00,302.05,297.20,297.20,3720,171400
20200714,11:38,296.05,299.75,294.75,298.85,8580,172140
20200714,11:39,298.90,307.00,298.20,305.10,7140,172140
20200714,11:40,306.80,313.40,304.35,313.40,25140,172140
20200714,11:41,312.30,315.00,307.90,310.00,10860,167280
20200714,11:42,310.20,311.30,303.70,305.00,11680,167280
20200714,11:43,305.00,310.00,304.25,308.70,6640,167280
20200714,11:44,309.00,314.25,304.00,312.25,12840,172560
20200714,11:45,310.60,312.40,305.85,307.80,11160,172560
20200714,11:46,306.05,307.10,300.90,304.10,7680,172560
20200714,11:47,303.00,304.50,290.90,293.10,18020,175280
20200714,11:48,293.10,293.35,282.45,288.25,16240,175280
20200714,11:49,287.50,294.95,287.50,293.00,6200,175280
20200714,11:50,292.55,298.95,292.35,297.00,5220,177160
20200714,11:51,296.80,303.55,296.15,299.75,8180,177160
20200714,11:52,299.70,300.65,296.70,296.70,7300,177160
20200714,11:53,297.00,299.60,294.00,298.45,4780,175280
20200714,11:54,298.15,300.00,283.00,289.10,14580,175280
20200714,11:55,289.80,298.80,289.80,294.65,7980,175280
20200714,11:56,295.85,295.85,290.55,292.00,4740,175040
20200714,11:57,292.75,294.95,284.40,284.40,10160,175040
20200714,11:58,285.00,290.00,284.75,286.15,13400,175040
20200714,11:59,287.00,291.30,286.30,291.25,10760,188820
20200714,12:00,292.75,294.80,287.35,293.05,6140,188820
20200714,12:01,293.00,293.95,285.25,285.25,5400,188820
20200714,12:02,286.40,286.90,277.85,278.60,10240,189320
20200714,12:03,280.00,285.20,280.00,283.85,7880,189320
20200714,12:04,284.35,285.15,280.90,284.00,2580,189320
20200714,12:05,283.80,285.00,277.45,277.45,3980,188780
20200714,12:06,279.65,286.40,278.00,279.15,3900,188780
20200714,12:07,278.80,284.95,278.45,280.60,3460,188780
20200714,12:08,281.25,287.00,281.25,282.90,4620,188700
20200714,12:09,283.60,284.35,279.00,282.05,1940,188700
20200714,12:10,282.80,284.00,279.25,280.00,2240,188700
20200714,12:11,279.00,280.45,270.00,277.15,9040,186020
20200714,12:12,277.00,278.00,273.00,273.00,3240,186020
20200714,12:13,273.35,277.45,270.25,276.50,8720,186020
20200714,12:14,276.55,282.00,275.95,282.00,8120,185380
20200714,12:15,281.55,294.65,281.40,294.65,15680,185380
20200714,12:16,294.50,302.10,293.65,294.05,14560,185380
20200714,12:17,297.40,298.30,293.65,295.25,11780,181240
20200714,12:18,294.55,294.80,288.60,289.25,5380,181240
20200714,12:19,289.05,296.55,289.05,293.25,4980,181240
20200714,12:20,293.45,293.50,286.90,288.40,3020,181700
20200714,12:21,291.40,292.15,290.00,290.00,3140,181700
20200714,12:22,291.15,294.50,286.30,294.50,7200,181700
20200714,12:23,294.45,298.40,292.90,294.50,4840,184240
20200714,12:24,295.00,295.00,288.65,290.45,3420,184240
20200714,12:25,290.20,290.70,277.80,282.75,10420,184240
20200714,12:26,283.35,288.00,282.65,288.00,2920,185240
20200714,12:27,286.00,287.80,281.75,283.80,2440,185240
20200714,12:28,284.50,284.50,235.75,245.95,50260,185240
20200714,12:29,246.15,251.65,245.25,249.40,25840,185560
20200714,12:30,247.85,253.10,245.05,253.00,16280,185560
20200714,12:31,254.00,254.45,247.45,250.10,12240,185560
20200714,12:32,250.80,252.45,227.50,235.65,25820,184620
20200714,12:33,236.65,238.65,231.40,234.65,17180,184620
20200714,12:34,234.80,234.80,215.05,215.05,25600,184620
20200714,12:35,217.75,232.05,217.75,232.05,22980,187760
20200714,12:36,231.30,236.00,230.50,233.00,15640,187760
20200714,12:37,233.50,236.40,230.00,230.00,9900,187760
20200714,12:38,232.00,234.40,230.00,234.00,9540,188200
20200714,12:39,231.15,235.45,230.85,233.75,8700,188200
20200714,12:40,232.45,233.40,230.00,233.40,5600,188200
20200714,12:41,233.65,241.05,231.50,235.45,13040,184040
20200714,12:42,235.00,240.40,233.30,234.55,5800,184040
20200714,12:43,235.85,241.00,235.10,236.00,6820,184040
20200714,12:44,236.00,237.90,231.50,232.45,6660,183720
20200714,12:45,230.65,232.20,229.40,230.00,4520,183720
20200714,12:46,228.80,228.95,221.30,222.15,9380,183720
20200714,12:47,219.60,225.00,216.40,220.85,12740,185440
20200714,12:48,220.80,228.00,220.00,228.00,7760,185440
20200714,12:49,226.50,232.80,226.50,231.45,9740,185440
20200714,12:50,231.95,235.95,230.65,234.55,7720,185440
20200714,12:51,234.40,235.00,225.35,225.35,5320,185280
20200714,12:52,225.85,227.40,205.00,212.30,23360,185280
20200714,12:53,212.90,219.50,212.45,217.35,4700,187360
20200714,12:54,216.65,221.40,214.05,220.40,5640,187360
20200714,12:55,221.40,222.60,218.50,221.10,6800,187360
20200714,12:56,221.25,226.20,219.00,225.80,15560,191440
20200714,12:57,225.35,231.45,223.60,231.45,12920,191440
20200714,12:58,231.05,232.00,228.95,230.50,7980,191440
20200714,12:59,230.50,232.50,224.90,230.95,5680,198320
20200714,13:00,230.10,230.10,221.30,224.20,6680,198320
20200714,13:01,224.05,228.95,222.45,228.55,9780,198320
20200714,13:02,226.75,228.35,216.60,216.60,12120,198320
20200714,13:03,213.95,220.10,213.40,217.55,25700,202280
20200714,13:04,217.10,218.05,212.45,212.45,10000,202280
20200714,13:05,200.70,209.60,200.70,208.85,32980,202280
20200714,13:06,210.05,212.85,208.90,211.70,8480,209140
20200714,13:07,211.95,214.95,209.95,213.65,7520,209140
20200714,13:08,213.05,216.65,212.50,213.15,6000,209140
20200714,13:09,214.00,214.00,192.10,200.00,30240,211820
20200714,13:10,200.55,204.35,197.60,200.10,19300,211820
20200714,13:11,198.70,199.80,183.00,196.70,33320,211820
20200714,13:12,196.50,202.55,194.50,195.70,19280,209940
20200714,13:13,196.60,199.40,192.00,196.55,9520,209940
20200714,13:14,197.15,197.15,191.75,195.70,11260,209940
20200714,13:15,196.00,203.30,192.00,203.30,23460,212880
20200714,13:16,199.70,204.15,194.40,202.00,19380,212880
20200714,13:17,202.00,208.50,202.00,205.75,24200,212880
20200714,13:18,205.30,207.05,201.35,204.75,15680,217320
20200714,13:19,203.45,206.45,200.55,205.15,10000,217320
20200714,13:20,205.40,206.00,197.65,201.50,13400,217320
20200714,13:21,201.50,205.15,199.00,203.60,10620,218380
20200714,13:22,204.80,209.85,201.20,206.25,14260,218380
20200714,13:23,204.10,207.45,196.65,198.65,12500,218380
20200714,13:24,197.35,202.45,192.60,200.15,13960,220640
20200714,13:25,201.05,202.90,196.25,202.90,8660,220640
20200714,13:26,201.90,204.60,199.10,200.15,6080,220640
20200714,13:27,201.00,205.90,198.35,202.30,8300,219060
20200714,13:28,203.00,208.30,202.25,207.20,11040,219060
20200714,13:29,207.20,210.35,205.65,208.00,17820,219060
20200714,13:30,208.80,213.50,205.00,209.25,15860,214580
20200714,13:31,208.65,218.95,208.00,215.75,18620,214580
20200714,13:32,214.75,220.45,214.75,217.15,13900,214580
20200714,13:33,216.55,216.55,207.70,211.20,11580,214680
20200714,13:34,212.15,216.90,212.00,215.20,6580,214680
20200714,13:35,213.90,213.90,205.25,209.40,9300,214680
20200714,13:36,210.25,225.85,210.25,221.00,26060,212220
20200714,13:37,222.05,228.60,221.30,226.00,17460,212220
20200714,13:38,225.00,225.15,219.00,221.65,11920,212220
20200714,13:39,221.45,230.75,221.15,222.05,10360,210140
20200714,13:40,221.60,234.80,221.60,233.25,17660,210140
20200714,13:41,233.10,235.20,226.85,228.60,12980,210140
20200714,13:42,228.40,237.45,228.35,230.15,10540,208460
20200714,13:43,229.95,229.95,220.00,222.00,12220,208460
20200714,13:44,222.80,222.80,216.05,220.30,6660,208460
20200714,13:45,220.20,226.20,218.10,223.00,6660,208420
20200714,13:46,222.40,224.00,215.05,220.25,9940,208420
20200714,13:47,220.75,224.60,219.25,220.85,4340,208420
20200714,13:48,219.45,221.05,209.95,216.65,10500,206100
20200714,13:49,218.35,218.35,210.50,215.45,6820,206100
20200714,13:50,217.00,222.00,214.10,219.70,5780,206100
20200714,13:51,216.95,224.05,216.75,222.65,8560,204040
20200714,13:52,222.35,229.00,221.85,229.00,7100,204040
20200714,13:53,229.00,240.10,224.30,235.75,15140,204040
20200714,13:54,235.95,244.60,232.50,236.70,15640,201920
20200714,13:55,238.00,239.95,228.60,230.55,13740,201920
20200714,13:56,229.55,234.70,227.00,230.70,11360,201920
20200714,13:57,228.00,228.10,220.00,225.70,11300,204300
20200714,13:58,225.60,225.90,221.05,221.90,6560,204300
20200714,13:59,222.80,229.65,222.15,228.50,7380,204300
20200714,14:00,228.20,235.85,225.05,230.00,10780,205960
20200714,14:01,230.00,236.90,228.40,232.75,7580,205960
20200714,14:02,234.90,239.00,230.75,232.30,10740,205960
20200714,14:03,234.65,236.35,226.90,228.80,7420,209300
20200714,14:04,228.50,228.50,205.65,217.80,19840,209300
20200714,14:05,217.05,217.05,208.00,211.80,19840,209300
20200714,14:06,211.35,212.15,203.00,210.00,9500,206780
20200714,14:07,210.90,214.50,209.95,213.80,6640,206780
20200714,14:08,213.15,215.00,209.85,213.00,8340,206780
20200714,14:09,211.00,217.70,208.65,215.85,5800,207980
20200714,14:10,216.10,221.55,212.80,219.60,7160,207980
20200714,14:11,220.15,220.75,213.75,215.05,6360,207980
20200714,14:12,215.40,224.80,215.40,223.45,9960,209240
20200714,14:13,224.70,233.00,218.00,233.00,16860,209240
20200714,14:14,234.40,237.65,225.00,230.70,13260,209240
20200714,14:15,229.25,247.90,229.25,246.45,25160,204840
20200714,14:16,247.30,247.30,232.45,237.55,13260,204840
20200714,14:17,236.75,241.50,234.75,235.55,13040,204840
20200714,14:18,233.45,236.30,230.00,236.30,10240,199440
20200714,14:19,237.55,237.55,224.20,224.50,9580,199440
20200714,14:20,224.95,224.95,214.45,217.25,19580,199440
20200714,14:21,216.20,217.05,206.50,206.50,19380,201260
20200714,14:22,205.70,210.40,201.15,207.00,7640,201260
20200714,14:23,207.65,210.60,201.25,201.30,8260,201260
20200714,14:24,201.60,201.60,192.85,198.35,25280,201520
20200714,14:25,197.05,200.80,195.50,199.10,7520,201520
20200714,14:26,198.80,204.40,198.00,202.60,7560,201520
20200714,14:27,205.00,205.00,198.60,202.85,6660,204200
20200714,14:28,202.70,203.45,197.20,199.20,8700,204200
20200714,14:29,200.00,200.50,194.15,198.30,9060,204200
20200714,14:30,197.95,204.00,195.40,204.00,10220,206480
20200714,14:31,203.30,205.80,200.05,205.80,8560,206480
20200714,14:32,204.95,213.00,204.95,213.00,17900,206480
20200714,14:33,214.15,222.15,212.60,216.00,19300,207340
20200714,14:34,214.55,218.10,208.05,214.55,10100,207340
20200714,14:35,214.00,214.10,202.60,209.75,6860,207340
20200714,14:36,209.85,212.10,202.55,212.10,10200,207500
20200714,14:37,213.00,217.90,207.60,217.90,10520,207500
20200714,14:38,219.00,219.00,210.25,210.25,10920,207500
20200714,14:39,209.95,215.55,207.15,211.85,4000,204940
20200714,14:40,211.00,211.00,200.00,206.60,10060,204940
20200714,14:41,207.90,209.00,200.35,207.80,8560,204940
20200714,14:42,206.30,208.20,202.30,202.30,6760,206420
20200714,14:43,203.50,204.70,197.40,199.30,15100,206420
20200714,14:44,199.00,201.05,189.10,199.65,20700,206420
20200714,14:45,198.05,205.00,195.00,204.60,18080,210400
20200714,14:46,204.90,214.90,203.20,211.65,13900,210400
20200714,14:47,210.45,219.45,210.15,215.00,23300,210400
20200714,14:48,215.00,216.75,210.00,216.55,11400,204820
20200714,14:49,217.00,217.75,208.00,213.05,11860,204820
20200714,14:50,211.95,213.85,209.60,211.00,5860,204820
20200714,14:51,209.00,216.85,207.00,214.40,8180,203760
20200714,14:52,213.45,222.10,212.15,219.80,14360,203760
20200714,14:53,220.55,220.55,215.00,215.00,10840,203760
20200714,14:54,214.70,220.10,212.05,217.80,11580,203360
20200714,14:55,219.20,219.20,211.05,214.50,10540,203360
20200714,14:56,213.40,224.45,212.60,213.20,14280,203360
20200714,14:57,213.85,215.60,211.75,213.00,8400,203580
20200714,14:58,213.55,222.00,211.40,220.90,7500,203580
20200714,14:59,220.20,221.45,215.55,218.65,11340,203580
20200714,15:00,218.45,230.95,218.45,225.85,26920,200320
20200714,15:01,225.75,226.55,220.40,225.20,9640,200320
20200714,15:02,225.20,226.00,215.00,215.95,13660,200320
20200714,15:03,217.20,217.20,205.85,211.50,13900,197860
20200714,15:04,210.75,210.75,200.30,202.65,23440,197860
20200714,15:05,203.50,209.80,201.90,206.60,11600,197860
20200714,15:06,207.25,213.35,204.00,205.80,10060,192020
20200714,15:07,205.90,209.00,200.95,208.70,10620,192020
20200714,15:08,209.05,211.50,206.85,209.10,10840,192020
20200714,15:09,209.05,209.85,206.00,207.40,14300,193340
20200714,15:10,208.55,214.65,208.50,210.00,11060,193340
20200714,15:11,209.70,214.00,209.45,212.05,9580,193340
20200714,15:12,212.30,219.00,210.40,216.75,9780,186400
20200714,15:13,216.45,223.10,216.15,222.60,7240,186400
20200714,15:14,222.55,223.90,219.75,223.35,8880,186400
20200714,15:15,224.35,239.95,224.35,239.90,19340,181020
20200714,15:16,240.75,242.90,238.70,241.00,11160,181020
20200714,15:17,242.00,244.15,234.45,235.60,14600,181020
20200714,15:18,235.90,241.00,235.90,239.35,10580,169940
20200714,15:19,239.05,239.30,232.70,233.45,8500,169940
20200714,15:20,233.15,244.00,233.15,243.30,19620,169940
20200714,15:21,242.25,244.90,232.55,233.95,13040,155100
20200714,15:22,233.95,237.55,233.25,233.25,7720,155100
20200714,15:23,233.20,234.20,232.10,232.15,7960,155100
20200714,15:24,232.00,232.00,228.10,230.05,10440,154620
20200714,15:25,230.05,231.50,224.60,228.85,14880,154620
20200714,15:26,229.25,232.65,229.25,231.50,4340,154620
20200714,15:27,231.90,232.40,229.15,232.00,14920,146160
20200714,15:28,231.40,234.25,230.65,233.45,14720,146160
20200714,15:29,233.50,238.00,233.10,238.00,17380,146160
20200714,15:30,232.00,232.00,232.00,232.00,140,146160
20200715,09:15,269.55,306.00,265.30,271.70,53802,131500
20200715,09:16,273.40,289.15,273.40,284.55,55020,131500
20200715,09:17,286.30,286.50,280.65,282.60,35380,165760
20200715,09:18,283.05,283.05,276.10,277.35,30880,165760
20200715,09:19,277.05,278.05,268.55,273.15,41020,165760
20200715,09:20,273.45,275.15,260.00,260.55,57000,185840
20200715,09:21,260.00,265.25,260.00,263.05,36540,185840
20200715,09:22,263.00,263.40,242.85,243.00,42380,185840
20200715,09:23,242.30,246.90,235.50,241.80,38840,213540
20200715,09:24,241.75,254.00,240.75,253.10,34780,213540
20200715,09:25,251.40,258.85,250.75,257.70,28840,213540
20200715,09:26,258.15,269.55,255.35,267.10,54480,230840
20200715,09:27,266.65,272.70,265.50,271.85,46180,230840
20200715,09:28,271.50,271.60,261.20,265.65,23800,230840
20200715,09:29,264.85,273.95,264.85,269.85,35980,239460
20200715,09:30,269.40,298.00,268.05,298.00,60060,239460
20200715,09:31,296.40,303.70,294.00,301.95,60780,239460
20200715,09:32,302.40,324.40,302.40,312.90,67600,245360
20200715,09:33,315.80,322.50,306.55,316.40,29400,245360
20200715,09:34,316.85,335.90,316.85,332.50,47400,245360
20200715,09:35,332.65,350.00,332.65,338.95,42920,229280
20200715,09:36,337.80,340.60,332.20,332.30,24720,229280
20200715,09:37,334.30,356.30,333.00,351.40,41380,229280
20200715,09:38,352.60,365.00,348.80,365.00,27000,224120
20200715,09:39,364.65,377.35,360.75,364.65,43280,224120
20200715,09:40,365.10,368.10,346.90,353.70,25760,224120
20200715,09:41,355.30,359.80,348.65,358.85,19860,219020
20200715,09:42,355.35,373.45,354.15,370.00,21820,219020
20200715,09:43,372.00,373.45,360.20,368.25,26720,219020
20200715,09:44,372.00,372.55,351.35,358.15,24520,220580
20200715,09:45,360.00,380.00,360.00,368.20,39940,220580
20200715,09:46,369.75,372.05,361.25,362.15,20020,220580
20200715,09:47,364.75,366.00,357.65,363.40,17440,206860
20200715,09:48,363.00,363.15,351.45,351.45,9180,206860
20200715,09:49,350.70,359.30,346.35,352.20,14760,206860
20200715,09:50,352.15,355.30,348.85,353.25,13280,207120
20200715,09:51,349.00,355.25,344.35,352.15,15120,207120
20200715,09:52,351.55,359.90,351.20,359.90,10740,207120
20200715,09:53,360.65,367.60,357.80,363.00,14880,208300
20200715,09:54,362.55,373.85,362.55,368.40,21840,208300
20200715,09:55,370.70,385.00,368.00,371.10,42460,208300
20200715,09:56,372.10,372.35,358.90,361.00,8520,193740
20200715,09:57,363.30,365.15,350.35,353.85,18180,193740
20200715,09:58,354.25,364.95,354.05,362.50,8440,193740
20200715,09:59,361.55,366.55,356.65,359.05,5040,194620
20200715,10:00,358.55,365.65,355.15,361.45,5680,194620
20200715,10:01,362.60,371.50,360.00,370.00,16520,194620
20200715,10:02,370.00,371.85,361.95,362.60,11540,194400
20200715,10:03,363.25,364.25,355.00,360.75,7980,194400
20200715,10:04,362.35,364.85,356.10,358.65,4520,194400
20200715,10:05,359.25,360.75,339.80,344.05,21040,193480
20200715,10:06,346.15,348.60,334.75,343.30,18360,193480
20200715,10:07,343.70,350.00,343.35,346.20,7620,193480
20200715,10:08,346.85,351.40,345.40,347.30,6880,196800
20200715,10:09,349.05,356.20,349.05,352.80,5880,196800
20200715,10:10,353.45,363.15,353.45,363.00,11760,196800
20200715,10:11,361.65,365.00,356.25,356.30,7340,195880
20200715,10:12,357.30,360.00,348.25,348.25,3040,195880
20200715,10:13,347.00,351.80,343.30,346.75,9800,195880
20200715,10:14,347.30,348.25,343.50,348.25,4180,195980
20200715,10:15,346.25,389.20,346.25,389.20,30420,195980
20200715,10:16,381.90,400.00,380.00,388.05,37280,195980
20200715,10:17,389.00,397.90,388.25,388.25,19260,184560
20200715,10:18,391.40,401.80,388.00,394.25,19560,184560
20200715,10:19,398.75,404.85,392.00,392.00,13540,184560
20200715,10:20,392.80,415.00,392.80,404.00,20400,176000
20200715,10:21,403.05,408.05,397.30,403.65,11680,176000
20200715,10:22,402.10,408.20,400.70,405.00,8380,176000
20200715,10:23,403.70,406.75,400.00,406.75,17620,173940
20200715,10:24,406.50,408.00,396.50,399.50,8120,173940
20200715,10:25,399.70,405.85,392.75,396.00,9140,173940
20200715,10:26,394.55,406.85,393.30,406.85,8920,178720
20200715,10:27,408.00,425.45,403.70,420.00,26820,178720
20200715,10:28,418.95,419.00,413.00,414.00,7480,178720
20200715,10:29,414.30,421.70,413.10,418.70,9760,176560
20200715,10:30,416.05,421.65,414.00,416.75,4380,176560
20200715,10:31,417.50,420.00,415.25,415.35,5360,176560
20200715,10:32,418.00,428.00,417.00,418.25,16400,173400
20200715,10:33,419.00,419.90,400.55,405.85,17860,173400
20200715,10:34,407.85,407.85,389.00,395.15,19120,173400
20200715,10:35,392.95,406.15,390.20,403.30,8300,178780
20200715,10:36,402.30,410.00,399.75,402.60,7300,178780
20200715,10:37,403.40,406.40,398.55,403.60,5400,178780
20200715,10:38,402.90,407.00,401.75,405.70,4040,176040
20200715,10:39,403.25,407.25,398.30,400.85,5520,176040
20200715,10:40,401.50,401.50,394.05,397.70,5000,176040
20200715,10:41,396.85,401.75,393.70,393.75,7580,175300
20200715,10:42,398.40,405.00,398.40,404.15,6360,175300
20200715,10:43,402.95,415.00,402.95,411.95,8200,175300
20200715,10:44,411.10,414.10,407.70,407.70,3180,176300
20200715,10:45,410.00,412.80,403.70,403.70,2040,176300
20200715,10:46,405.70,408.00,387.15,395.55,5520,176300
20200715,10:47,395.20,399.50,391.10,396.95,3460,177540
20200715,10:48,396.00,396.00,372.60,386.65,18200,177540
20200715,10:49,385.00,389.65,378.45,385.30,7360,177540
20200715,10:50,385.00,392.00,384.70,392.00,3880,175900
20200715,10:51,391.20,391.20,383.40,384.00,2660,175900
20200715,10:52,385.35,385.35,374.95,377.80,6480,175900
20200715,10:53,379.10,382.00,368.55,376.10,13940,175260
20200715,10:54,374.75,378.40,368.80,376.70,8260,175260
20200715,10:55,378.00,395.70,375.00,391.45,13400,175260
20200715,10:56,394.55,396.00,389.60,390.80,9760,175620
20200715,10:57,391.40,398.65,390.75,396.15,5140,175620
20200715,10:58,395.00,402.00,394.35,401.90,5740,175620
20200715,10:59,403.00,407.00,398.00,398.00,6320,174160
20200715,11:00,398.00,402.75,396.65,400.00,3540,174160
20200715,11:01,396.60,401.00,391.55,398.25,7420,174160
20200715,11:02,399.75,402.75,398.25,401.00,1820,174180
20200715,11:03,401.75,403.00,398.45,398.55,2140,174180
20200715,11:04,399.55,405.00,398.85,403.35,6560,174180
20200715,11:05,401.00,406.00,401.00,405.00,3660,171840
20200715,11:06,402.95,405.30,393.30,393.30,5720,171840
20200715,11:07,395.75,398.35,383.70,393.90,5560,171840
20200715,11:08,394.10,398.00,392.55,396.05,1260,170100
20200715,11:09,396.05,396.05,390.55,393.20,1060,170100
20200715,11:10,390.25,391.45,377.20,389.00,4820,170100
20200715,11:11,389.50,394.50,388.30,391.70,2140,169100
20200715,11:12,392.20,402.00,391.75,401.75,8560,169100
20200715,11:13,401.45,401.45,395.05,396.80,1080,169100
20200715,11:14,398.65,398.65,389.80,389.80,8800,167440
20200715,11:15,390.90,404.35,390.90,400.35,2860,167440
20200715,11:16,400.65,402.35,394.50,398.25,1080,167440
20200715,11:17,396.55,396.80,387.35,395.00,2300,166240
20200715,11:18,394.40,398.00,390.00,390.25,4660,166240
20200715,11:19,391.40,394.85,389.15,393.15,1680,166240
20200715,11:20,390.00,403.25,390.00,402.40,4600,166840
20200715,11:21,400.70,441.00,400.70,434.95,35800,166840
20200715,11:22,434.85,440.00,426.05,439.55,14380,166840
20200715,11:23,436.80,439.30,425.55,433.50,7320,152460
20200715,11:24,436.70,453.30,436.30,442.00,15560,152460
20200715,11:25,441.00,444.80,435.00,435.00,7440,152460
20200715,11:26,436.15,438.15,432.45,433.95,9740,149700
20200715,11:27,434.25,440.00,433.45,433.80,4560,149700
20200715,11:28,432.60,436.75,428.40,433.30,2340,149700
20200715,11:29,435.05,452.45,435.05,449.75,8980,147920
20200715,11:30,450.00,459.85,448.90,452.50,8540,147920
20200715,11:31,452.05,458.15,440.00,445.00,8660,147920
20200715,11:32,445.80,445.80,438.05,440.50,3760,143660
20200715,11:33,441.10,448.20,438.00,442.75,4680,143660
20200715,11:34,441.50,443.95,437.00,437.00,3440,143660
20200715,11:35,440.00,442.10,431.05,432.60,3760,142820
20200715,11:36,436.30,440.10,434.00,437.70,1940,142820
20200715,11:37,441.00,441.00,435.00,437.85,1420,142820
20200715,11:38,439.75,442.00,435.00,439.90,1600,142240
20200715,11:39,440.10,448.00,440.00,448.00,1260,142240
20200715,11:40,446.00,454.00,446.00,450.65,1520,142240
20200715,11:41,448.95,450.00,445.40,448.50,1640,140500
20200715,11:42,447.25,447.25,419.80,426.25,9880,140500
20200715,11:43,425.00,433.30,423.35,428.15,3880,140500
20200715,11:44,432.20,438.75,432.00,433.95,1260,142900
20200715,11:45,429.85,432.15,414.70,425.00,4920,142900
20200715,11:46,426.70,427.75,420.00,427.75,2620,142900
20200715,11:47,425.70,428.95,420.55,420.55,2640,144120
20200715,11:48,425.10,433.95,425.10,430.00,3860,144120
20200715,11:49,433.55,434.00,423.20,424.00,1280,144120
20200715,11:50,420.80,421.35,406.00,418.15,7540,144900
20200715,11:51,416.25,416.25,398.70,410.50,7700,144900
20200715,11:52,410.20,410.20,400.00,404.10,5560,144900
20200715,11:53,401.00,412.00,401.00,412.00,3800,143260
20200715,11:54,410.65,414.15,409.00,413.10,2380,143260
20200715,11:55,412.00,412.00,402.35,406.50,4580,143260
20200715,11:56,410.00,412.00,398.25,403.95,3080,145400
20200715,11:57,402.95,404.20,390.70,396.65,5800,145400
20200715,11:58,395.50,405.25,387.35,403.50,6360,145400
20200715,11:59,402.00,405.55,397.80,404.10,4540,146300
20200715,12:00,400.90,400.90,368.95,383.70,9900,146300
20200715,12:01,385.45,385.45,349.60,360.95,19000,146300
20200715,12:02,360.00,360.00,325.05,331.40,26700,150580
20200715,12:03,329.25,343.25,327.10,343.25,16140,150580
20200715,12:04,339.00,347.45,333.90,341.80,12000,150580
20200715,12:05,340.00,347.00,337.45,340.45,6060,153600
20200715,12:06,340.10,350.00,340.00,340.85,10980,153600
20200715,12:07,340.15,344.55,335.10,335.20,2740,153600
20200715,12:08,335.95,344.95,333.50,344.95,4440,154220
20200715,12:09,346.00,352.00,344.65,346.00,10860,154220
20200715,12:10,347.45,347.45,314.50,327.10,15920,154220
20200715,12:11,327.20,331.40,314.80,318.75,11520,150680
20200715,12:12,316.95,332.60,316.95,326.85,12660,150680
20200715,12:13,326.10,336.00,323.65,332.45,9040,150680
20200715,12:14,332.35,334.45,316.55,317.60,11120,154560
20200715,12:15,316.90,316.90,291.90,300.45,33860,154560
20200715,12:16,300.00,302.00,279.80,290.05,21080,154560
20200715,12:17,291.00,291.85,275.35,282.55,24120,157700
20200715,12:18,282.10,292.20,276.40,287.00,16940,157700
20200715,12:19,287.40,292.05,284.70,290.50,14920,157700
20200715,12:20,289.10,293.00,284.00,288.80,8060,168000
20200715,12:21,290.65,297.70,289.95,291.35,16700,168000
20200715,12:22,292.30,294.50,279.35,284.20,15280,168000
20200715,12:23,285.15,291.95,278.15,279.10,7740,170900
20200715,12:24,277.95,288.65,277.55,284.95,17120,170900
20200715,12:25,286.30,295.75,283.75,291.15,9460,170900
20200715,12:26,288.00,304.25,287.45,304.25,9800,174560
20200715,12:27,304.00,305.00,297.20,302.00,9320,174560
20200715,12:28,297.70,302.00,295.50,300.50,8900,174560
20200715,12:29,301.30,304.05,299.35,303.00,14020,174260
20200715,12:30,303.35,332.95,303.35,320.30,25920,174260
20200715,12:31,321.70,326.95,317.45,323.15,9380,174260
20200715,12:32,322.05,325.35,319.50,323.30,4760,173060
20200715,12:33,324.60,325.40,316.00,323.90,7180,173060
20200715,12:34,322.70,324.00,313.00,315.00,6960,173060
20200715,12:35,316.00,324.45,313.70,317.65,4720,174400
20200715,12:36,319.00,323.25,316.75,317.70,3600,174400
20200715,12:37,319.05,319.10,298.80,303.65,15140,174400
20200715,12:38,304.70,304.70,289.95,295.80,14360,174880
20200715,12:39,296.10,296.35,285.00,291.75,12440,174880
20200715,12:40,291.25,293.00,259.40,265.70,20220,174880
20200715,12:41,268.30,271.00,245.60,257.15,22780,173300
20200715,12:42,255.75,266.00,251.10,264.00,12760,173300
20200715,12:43,263.00,269.35,262.95,266.00,8720,173300
20200715,12:44,268.35,268.35,258.00,261.70,14880,179160
20200715,12:45,264.45,282.40,256.30,280.55,30240,179160
20200715,12:46,283.70,283.85,276.00,280.00,12620,179160
20200715,12:47,278.80,280.35,268.50,277.70,8680,173920
20200715,12:48,277.15,280.10,272.80,273.75,6960,173920
20200715,12:49,275.35,284.75,272.70,281.10,6620,173920
20200715,12:50,280.55,298.80,280.00,295.00,13960,171880
20200715,12:51,293.90,302.55,292.20,298.60,15180,171880
20200715,12:52,298.65,298.65,283.10,285.00,11260,171880
20200715,12:53,285.90,290.90,282.45,286.00,1860,170300
20200715,12:54,286.55,294.65,286.55,288.75,5900,170300
20200715,12:55,290.50,297.50,290.50,293.65,6400,170300
20200715,12:56,295.00,295.25,284.00,286.55,6020,169820
20200715,12:57,287.25,295.00,285.75,289.25,4480,169820
20200715,12:58,287.25,290.50,272.15,281.95,13600,169820
20200715,12:59,279.05,289.70,278.55,288.30,4160,174200
20200715,13:00,290.75,291.75,279.30,280.85,5920,174200
20200715,13:01,279.75,287.05,275.85,275.85,4040,174200
20200715,13:02,276.60,288.00,274.90,288.00,6160,176460
20200715,13:03,287.45,296.15,285.15,294.90,10560,176460
20200715,13:04,293.25,293.25,288.10,288.10,4700,176460
20200715,13:05,290.75,298.50,283.75,287.05,10740,178620
20200715,13:06,283.10,287.85,273.10,282.00,10080,178620
20200715,13:07,281.00,281.00,272.85,278.65,9080,178620
20200715,13:08,278.60,278.60,266.85,277.30,10640,176700
20200715,13:09,277.30,281.55,269.70,273.55,5780,176700
20200715,13:10,275.50,291.15,274.50,289.10,10480,176700
20200715,13:11,289.15,309.50,289.15,304.45,27420,180120
20200715,13:12,303.70,328.40,302.20,318.60,26320,180120
20200715,13:13,318.00,321.80,309.95,313.20,17920,180120
20200715,13:14,313.45,317.35,300.70,300.70,11260,184320
20200715,13:15,303.15,312.30,303.15,306.40,6520,184320
20200715,13:16,310.00,310.95,305.90,307.15,3920,184320
20200715,13:17,303.30,305.30,294.15,301.05,10120,184160
20200715,13:18,300.00,310.00,300.00,309.85,3640,184160
20200715,13:19,310.00,323.20,306.10,312.60,9960,184160
20200715,13:20,310.00,318.50,306.65,309.90,5000,184160
20200715,13:21,310.85,315.00,308.50,309.55,2280,181580
20200715,13:22,310.70,312.90,304.10,308.55,8840,181580
20200715,13:23,307.05,307.50,296.40,303.00,8700,180780
20200715,13:24,305.30,319.10,305.30,318.95,6680,180780
20200715,13:25,317.95,357.10,317.95,353.70,42740,180780
20200715,13:26,355.35,366.25,348.30,353.35,25840,180780
20200715,13:27,351.60,362.90,350.00,360.10,14540,172660
20200715,13:28,359.95,370.00,347.95,360.10,15880,172660
20200715,13:29,361.15,369.55,355.00,363.80,18900,172660
20200715,13:30,363.10,376.85,360.90,360.90,19460,173120
20200715,13:31,363.85,369.45,351.45,355.20,12860,173120
20200715,13:32,353.55,358.05,346.00,358.05,8220,173120
20200715,13:33,355.80,365.10,348.00,364.30,7840,165880
20200715,13:34,365.70,368.15,353.55,358.95,5260,165880
20200715,13:35,356.80,359.25,350.95,353.55,5340,165880
20200715,13:36,354.75,357.75,340.00,356.25,7640,164220
20200715,13:37,358.00,361.60,351.10,355.05,5840,164220
20200715,13:38,355.95,363.00,355.95,357.00,4180,164220
20200715,13:39,357.95,377.20,355.00,370.00,10220,159380
20200715,13:40,373.05,374.00,356.35,357.60,5360,159380
20200715,13:41,358.05,358.90,350.35,354.45,6420,159380
20200715,13:42,350.45,357.50,344.00,356.40,7780,159000
20200715,13:43,358.00,368.90,357.85,360.80,11220,159000
20200715,13:44,360.90,361.00,349.65,350.15,2340,159000
20200715,13:45,350.10,355.80,329.95,340.00,15260,155400
20200715,13:46,339.30,342.75,302.55,304.75,17180,155400
20200715,13:47,310.65,318.85,309.05,314.25,11140,155400
20200715,13:48,315.90,320.30,310.05,310.05,7620,155000
20200715,13:49,309.00,319.85,308.65,317.05,5360,155000
20200715,13:50,316.55,331.80,315.00,328.15,11100,155000
20200715,13:51,328.30,330.30,320.40,329.35,5560,159940
20200715,13:52,325.70,342.80,325.70,335.05,8700,159940
20200715,13:53,337.00,337.00,329.80,332.45,3760,159940
20200715,13:54,333.90,334.20,315.85,319.35,5280,159920
20200715,13:55,319.55,319.95,311.00,319.75,4960,159920
20200715,13:56,318.65,331.00,315.95,328.50,4980,159920
20200715,13:57,330.00,334.90,319.80,319.80,3000,161400
20200715,13:58,318.95,338.90,318.00,338.90,6320,161400
20200715,13:59,336.80,356.75,336.80,356.10,14760,161400
20200715,14:00,355.65,363.20,345.55,346.00,11980,159940
20200715,14:01,347.00,347.00,330.00,330.00,10340,159940
20200715,14:02,329.00,336.30,305.50,313.00,21420,159940
20200715,14:03,312.95,329.80,312.95,327.45,9920,157060
20200715,14:04,327.20,327.20,315.20,318.60,4400,157060
20200715,14:05,322.25,326.50,312.00,315.20,5280,157060
20200715,14:06,314.00,314.90,306.80,312.70,6960,158440
20200715,14:07,312.10,323.05,311.75,320.00,4140,158440
20200715,14:08,319.45,329.90,311.25,313.45,8720,158440
20200715,14:09,314.60,320.40,314.60,316.05,3660,160480
20200715,14:10,317.40,317.40,312.00,314.25,3540,160480
20200715,14:11,314.90,315.30,255.15,285.00,30080,160480
20200715,14:12,284.70,287.45,275.75,284.70,13620,158580
20200715,14:13,285.25,294.85,285.25,294.15,8520,158580
20200715,14:14,290.60,290.60,278.20,278.75,12800,158580
20200715,14:15,281.00,287.75,267.25,283.45,14800,162940
20200715,14:16,281.05,288.60,280.45,286.70,5720,162940
20200715,14:17,286.15,288.00,266.65,273.30,11700,162940
20200715,14:18,273.15,276.60,252.15,255.85,23100,164920
20200715,14:19,259.95,273.55,259.55,264.35,18700,164920
20200715,14:20,263.00,263.00,244.65,252.15,25540,164920
20200715,14:21,251.15,251.15,201.35,212.90,66400,172320
20200715,14:22,213.35,221.10,207.85,211.25,37160,172320
20200715,14:23,210.85,215.90,200.10,215.90,39760,172320
20200715,14:24,217.50,217.50,206.10,214.10,29940,187920
20200715,14:25,213.20,226.90,212.55,221.60,36760,187920
20200715,14:26,221.35,222.30,207.95,214.75,23140,187920
20200715,14:27,211.55,211.65,186.95,196.25,43640,201520
20200715,14:28,195.00,205.00,192.60,204.55,27240,201520
20200715,14:29,202.15,214.00,201.00,204.45,26900,201520
20200715,14:30,203.50,203.50,178.30,190.05,45020,214940
20200715,14:31,187.10,187.10,163.00,176.70,58340,214940
20200715,14:32,177.05,190.75,177.05,186.65,45220,214940
20200715,14:33,184.50,197.00,183.40,186.20,45080,225700
20200715,14:34,187.25,193.00,171.60,175.65,41880,225700
20200715,14:35,174.55,176.15,138.55,149.15,111080,225700
20200715,14:36,146.65,149.25,133.60,133.60,81300,241920
20200715,14:37,133.00,133.80,115.35,130.05,89200,241920
20200715,14:38,126.85,128.90,105.50,121.15,123480,241920
20200715,14:39,120.95,126.90,115.65,115.65,57980,241600
20200715,14:40,115.40,120.65,103.00,115.85,61840,241600
20200715,14:41,113.65,119.05,111.55,115.70,55360,241600
20200715,14:42,113.90,128.20,112.25,126.70,70500,256460
20200715,14:43,125.85,138.90,125.00,128.80,67600,256460
20200715,14:44,127.80,128.75,118.80,121.50,38680,256460
20200715,14:45,119.30,120.05,106.05,112.00,57500,254280
20200715,14:46,111.40,117.45,106.00,115.05,41620,254280
20200715,14:47,113.40,117.80,112.40,113.00,45160,254280
20200715,14:48,114.00,118.95,113.05,114.20,33680,257380
20200715,14:49,115.00,118.95,101.05,108.10,59580,257380
20200715,14:50,107.40,117.65,105.10,109.15,52180,257380
20200715,14:51,108.50,118.20,108.50,118.20,36980,260460
20200715,14:52,118.45,121.55,111.95,113.80,41760,260460
20200715,14:53,113.70,116.55,111.35,115.50,22400,260460
20200715,14:54,116.45,126.00,116.45,125.15,56460,273140
20200715,14:55,125.00,137.10,123.35,131.65,50320,273140
20200715,14:56,130.05,130.70,115.75,115.85,36360,273140
20200715,14:57,116.80,128.10,116.30,126.40,35320,277540
20200715,14:58,127.95,128.30,117.65,121.05,20220,277540
20200715,14:59,122.90,122.90,110.70,110.70,42360,277540
20200715,15:00,110.60,112.05,103.70,104.00,48560,279020
20200715,15:01,102.60,112.85,99.90,109.45,33820,279020
20200715,15:02,108.50,108.50,94.15,96.60,37920,279020
20200715,15:03,95.05,103.40,94.20,103.40,44680,283060
20200715,15:04,103.05,103.55,100.50,102.95,25480,283060
20200715,15:05,101.60,107.80,97.55,105.40,34320,283060
20200715,15:06,105.00,113.00,100.00,100.00,37460,288140
20200715,15:07,98.35,103.10,91.60,96.00,42800,288140
20200715,15:08,95.30,95.30,75.00,79.10,89340,288140
20200715,15:09,78.70,80.00,68.75,71.25,57920,287860
20200715,15:10,70.85,77.10,68.40,68.90,86640,287860
20200715,15:11,68.00,71.05,65.05,70.20,91380,287860
20200715,15:12,70.10,76.50,68.90,76.20,54660,280060
20200715,15:13,75.10,76.70,71.65,75.60,53100,280060
20200715,15:14,75.85,79.30,72.45,78.95,60340,280060
20200715,15:15,78.65,79.30,73.65,75.00,37960,287560
20200715,15:16,75.15,77.95,73.00,75.35,32700,287560
20200715,15:17,75.60,78.50,74.25,76.60,29760,287560
20200715,15:18,76.00,81.10,75.85,80.80,44380,296660
20200715,15:19,80.25,85.80,79.85,83.75,23620,296660
20200715,15:20,83.95,91.65,83.95,89.05,45340,296660
20200715,15:21,89.25,92.45,84.35,90.00,40380,280540
20200715,15:22,89.15,91.25,88.00,91.20,19940,280540
20200715,15:23,90.75,92.90,90.25,92.25,18460,280540
20200715,15:24,92.00,95.30,90.30,94.95,30240,261720
20200715,15:25,95.10,99.65,94.95,98.95,32840,261720
20200715,15:26,99.55,101.55,98.50,101.55,35380,261720
20200715,15:27,102.20,102.20,97.00,97.00,33980,258220
20200715,15:28,96.65,97.00,94.20,96.50,35520,258220
20200715,15:29,96.85,99.70,95.75,99.70,22220,258220
20200715,15:30,98.70,98.70,98.70,98.70,20,258220
20200716,09:15,75.40,75.85,29.45,29.85,167723,238800
20200716,09:16,28.40,30.55,23.55,26.30,131680,238800
20200716,09:17,26.60,28.25,25.50,25.95,119860,295860
20200716,09:18,26.40,26.40,23.45,23.60,172100,295860
20200716,09:19,23.05,23.95,22.20,23.60,154440,295860
20200716,09:20,23.55,25.40,23.30,25.40,144080,349180
20200716,09:21,25.00,26.20,23.95,26.10,143440,349180
20200716,09:22,25.35,26.05,24.30,24.65,88560,349180
20200716,09:23,24.70,25.30,22.65,23.15,82400,395480
20200716,09:24,23.00,23.45,15.70,16.10,132660,395480
20200716,09:25,16.35,16.35,13.55,14.70,147920,395480
20200716,09:26,14.85,18.00,14.25,18.00,110800,394580
20200716,09:27,17.75,18.00,16.00,17.50,75980,394580
20200716,09:28,18.00,18.05,14.65,15.20,97680,394580
20200716,09:29,15.45,15.80,14.25,14.55,74040,413020
20200716,09:30,14.50,14.50,12.45,12.60,135640,413020
20200716,09:31,12.70,13.75,12.15,13.15,114300,413020
20200716,09:32,12.80,14.75,12.70,13.90,94920,433240
20200716,09:33,14.00,14.90,13.85,14.35,81560,433240
20200716,09:34,14.60,14.60,14.10,14.25,64880,433240
20200716,09:35,14.25,17.00,14.15,17.00,110220,410080
20200716,09:36,16.95,17.20,13.80,14.10,50480,410080
20200716,09:37,14.20,16.75,14.20,16.20,52040,410080
20200716,09:38,16.35,17.20,15.60,17.00,75400,417180
20200716,09:39,17.00,38.05,17.00,38.05,128480,417180
20200716,09:40,24.80,28.00,24.40,25.80,173580,417180
20200716,09:41,25.65,25.90,20.75,22.30,117880,403940
20200716,09:42,21.75,25.00,20.90,21.10,129580,403940
20200716,09:43,20.65,23.75,20.30,22.35,94040,403940
20200716,09:44,22.20,27.55,22.00,24.75,107260,395860
20200716,09:45,24.70,36.50,24.35,29.45,177580,395860
20200716,09:46,29.35,31.45,26.55,28.00,122620,395860
20200716,09:47,27.90,33.70,27.90,30.85,129920,404260
20200716,09:48,30.65,32.15,28.70,31.40,102980,404260
20200716,09:49,31.00,32.05,26.05,28.30,100040,404260
20200716,09:50,28.60,32.00,28.20,29.65,82320,416660
20200716,09:51,29.20,33.25,28.10,30.20,105940,416660
20200716,09:52,30.05,38.00,30.05,33.80,164420,416660
20200716,09:53,34.00,34.50,31.75,33.35,90200,411480
20200716,09:54,33.55,33.75,27.40,29.90,94460,411480
20200716,09:55,30.55,32.20,21.70,21.75,122660,411480
20200716,09:56,23.10,23.55,19.60,20.65,100700,431940
20200716,09:57,20.75,23.45,20.55,22.05,73700,431940
20200716,09:58,21.90,22.00,17.70,18.60,109320,431940
20200716,09:59,18.80,19.90,17.20,18.65,76480,436580
20200716,10:00,18.80,18.80,14.70,15.55,127360,436580
20200716,10:01,15.80,18.55,15.40,18.00,98880,436580
20200716,10:02,18.05,18.05,16.85,17.45,61440,443960
20200716,10:03,17.45,18.30,15.80,18.20,47480,443960
20200716,10:04,18.25,19.85,18.20,19.10,61260,443960
20200716,10:05,19.35,22.10,19.20,22.10,79900,457360
20200716,10:06,21.70,22.60,19.65,20.20,71960,457360
20200716,10:07,20.15,21.35,18.20,18.20,53760,457360
20200716,10:08,18.40,18.60,16.85,18.25,61820,467900
20200716,10:09,18.00,19.05,17.70,18.20,39040,467900
20200716,10:10,17.65,19.05,16.70,19.05,58140,467900
20200716,10:11,18.60,19.40,18.40,18.95,46640,475000
20200716,10:12,19.05,19.95,17.10,19.20,48260,475000
20200716,10:13,19.10,19.40,17.45,17.85,31660,475000
20200716,10:14,17.85,18.75,17.00,18.45,57220,481780
20200716,10:15,18.70,18.70,16.25,17.85,56720,481780
20200716,10:16,17.90,20.30,17.20,20.25,64000,481780
20200716,10:17,20.15,20.30,18.95,19.40,62380,497220
20200716,10:18,19.15,20.35,17.65,17.65,50940,497220
20200716,10:19,17.85,19.65,16.95,18.90,55520,497220
20200716,10:20,18.75,19.85,17.90,18.10,43600,505620
20200716,10:21,18.00,18.70,17.20,18.40,31780,505620
20200716,10:22,18.45,22.15,18.30,21.10,87960,505620
20200716,10:23,21.60,23.60,19.20,20.90,99120,505540
20200716,10:24,21.05,22.00,19.65,21.15,43380,505540
20200716,10:25,21.60,24.30,20.85,20.85,82040,505540
20200716,10:26,20.80,20.95,19.05,20.80,47340,503300
20200716,10:27,21.00,21.00,19.10,20.00,53860,503300
20200716,10:28,19.95,20.90,17.90,17.90,43900,503300
20200716,10:29,18.25,21.25,18.25,20.25,46040,513900
20200716,10:30,20.15,22.25,19.05,19.15,65520,513900
20200716,10:31,18.85,19.50,17.00,17.00,56880,513900
20200716,10:32,17.05,18.75,16.50,16.50,49520,516640
20200716,10:33,16.65,17.10,14.80,15.35,123360,516640
20200716,10:34,15.40,16.75,14.75,15.45,56400,516640
20200716,10:35,15.30,16.35,14.15,15.95,81340,546780
20200716,10:36,15.85,16.45,15.45,16.20,52460,546780
20200716,10:37,16.40,17.00,15.55,15.55,44900,546780
20200716,10:38,15.55,16.05,15.15,15.45,41140,553900
20200716,10:39,15.90,17.30,15.85,16.05,45240,553900
20200716,10:40,15.95,17.00,15.60,16.70,35200,553900
20200716,10:41,16.75,17.60,16.20,16.60,33520,561540
20200716,10:42,16.40,17.00,15.90,16.15,31500,561540
20200716,10:43,16.10,16.75,15.85,15.85,25240,561540
20200716,10:44,16.10,16.95,15.35,16.35,40420,568640
20200716,10:45,16.20,17.60,16.10,17.25,40660,568640
20200716,10:46,17.50,17.70,16.25,16.50,29280,568640
20200716,10:47,16.65,17.05,15.10,15.15,41640,575340
20200716,10:48,15.15,16.20,14.25,14.25,56780,575340
20200716,10:49,14.20,15.20,14.00,15.20,40740,575340
20200716,10:50,15.35,15.60,14.40,14.65,38820,575980
20200716,10:51,14.35,15.30,13.95,14.40,38020,575980
20200716,10:52,14.55,14.75,12.60,12.95,58600,575980
20200716,10:53,12.95,14.15,12.95,13.20,37960,585040
20200716,10:54,13.35,13.70,10.60,10.80,77200,585040
20200716,10:55,10.90,11.40,9.25,10.55,112220,585040
20200716,10:56,10.60,11.35,10.40,11.00,64300,585060
20200716,10:57,10.85,12.10,10.85,11.75,59100,585060
20200716,10:58,11.55,11.95,11.05,11.15,53820,585060
20200716,10:59,11.25,11.50,10.85,10.85,57300,583640
20200716,11:00,10.95,12.90,10.50,12.90,82340,583640
20200716,11:01,12.75,13.15,12.30,12.75,67960,583640
20200716,11:02,12.75,12.90,10.40,10.90,59900,582940
20200716,11:03,11.00,11.35,9.85,10.75,97680,582940
20200716,11:04,10.85,11.30,10.10,10.50,61160,582940
20200716,11:05,10.50,11.65,10.25,10.95,63440,595640
20200716,11:06,11.10,12.05,10.85,11.35,64840,595640
20200716,11:07,11.50,12.00,11.25,11.40,42160,595640
20200716,11:08,11.50,11.50,10.45,11.30,57140,600300
20200716,11:09,11.20,12.25,10.95,11.90,48700,600300
20200716,11:10,11.95,12.10,10.60,10.85,45060,600300
20200716,11:11,10.90,12.35,10.85,12.20,42840,613360
20200716,11:12,12.10,13.65,11.80,13.30,48900,613360
20200716,11:13,13.55,14.80,11.70,11.70,68300,613360
20200716,11:14,12.15,13.70,12.00,13.15,27880,631080
20200716,11:15,13.30,14.20,12.40,12.95,44300,631080
20200716,11:16,12.95,13.85,12.10,12.95,40380,631080
20200716,11:17,12.70,14.15,12.25,13.50,31440,636240
20200716,11:18,13.40,14.85,12.75,13.20,55140,636240
20200716,11:19,13.20,18.05,13.20,17.15,135200,636240
20200716,11:20,17.35,19.60,15.45,19.60,91560,646880
20200716,11:21,19.00,19.40,15.30,16.20,109540,646880
20200716,11:22,16.15,16.15,14.40,14.45,54400,646880
20200716,11:23,14.40,15.90,14.25,14.85,59460,658840
20200716,11:24,14.55,17.25,12.95,17.25,66120,658840
20200716,11:25,17.30,18.40,16.20,16.25,56500,658840
20200716,11:26,16.00,16.70,15.00,15.50,23060,673260
20200716,11:27,15.35,18.25,15.35,16.40,59980,673260
20200716,11:28,16.40,16.40,14.10,14.65,52180,673260
20200716,11:29,14.60,15.05,13.00,14.80,39400,688860
20200716,11:30,14.95,16.90,14.95,15.20,29480,688860
20200716,11:31,15.35,18.05,15.30,17.50,48380,688860
20200716,11:32,17.60,20.55,16.40,17.90,124820,707100
20200716,11:33,17.80,19.90,17.20,17.95,103680,707100
20200716,11:34,18.05,20.50,17.70,18.10,108800,707100
20200716,11:35,18.00,18.35,15.20,15.45,80420,710860
20200716,11:36,15.65,21.00,15.55,19.80,77120,710860
20200716,11:37,19.65,20.50,16.85,16.90,142260,710860
20200716,11:38,16.85,18.20,16.40,17.90,78840,776400
20200716,11:39,17.85,29.45,17.85,23.20,301680,776400
20200716,11:40,23.50,28.50,21.65,22.50,179560,776400
20200716,11:41,22.05,22.10,19.80,19.80,119260,703360
20200716,11:42,19.25,19.95,17.35,18.95,100100,703360
20200716,11:43,19.20,19.85,17.95,19.85,68160,703360
20200716,11:44,19.00,20.90,17.70,20.70,79800,727580
20200716,11:45,20.65,23.05,20.65,22.00,93660,727580
20200716,11:46,22.15,22.20,18.00,19.75,90100,727580
20200716,11:47,19.40,19.40,17.85,18.25,67160,753820
20200716,11:48,18.20,20.90,17.95,20.20,72560,753820
20200716,11:49,20.20,20.25,15.75,16.50,93340,753820
20200716,11:50,16.80,17.00,14.65,16.75,96380,769060
20200716,11:51,16.60,19.30,16.60,18.10,59500,769060
20200716,11:52,18.25,19.50,17.95,19.40,43700,769060
20200716,11:53,19.75,20.40,18.00,20.35,79040,786160
20200716,11:54,20.10,25.30,19.65,22.60,225520,786160
20200716,11:55,22.90,33.10,22.90,24.55,296800,786160
20200716,11:56,24.75,27.05,23.20,23.65,193420,811520
20200716,11:57,23.50,26.55,20.35,20.40,204060,811520
20200716,11:58,20.75,21.25,17.95,20.00,178300,811520
20200716,11:59,19.95,20.60,18.05,19.35,101260,899860
20200716,12:00,19.80,22.20,18.40,21.05,136320,899860
20200716,12:01,21.30,23.45,20.60,20.60,106740,899860
20200716,12:02,20.80,22.05,19.35,19.45,84760,911400
20200716,12:03,19.60,22.60,19.35,22.15,75020,911400
20200716,12:04,22.20,22.70,17.30,17.30,114180,911400
20200716,12:05,17.25,19.55,15.00,15.65,187180,934000
20200716,12:06,15.55,15.55,13.70,14.30,186260,934000
20200716,12:07,14.15,15.35,14.00,14.55,81340,934000
20200716,12:08,14.60,14.60,11.10,11.25,159100,905720
20200716,12:09,11.05,11.05,9.50,10.85,193720,905720
20200716,12:10,10.85,12.15,10.70,12.15,110400,905720
20200716,12:11,12.25,12.25,9.70,9.95,129500,903980
20200716,12:12,10.10,11.50,10.10,11.40,98700,903980
20200716,12:13,11.50,11.65,10.40,11.30,73900,903980
20200716,12:14,11.35,11.35,10.00,10.15,91400,921940
20200716,12:15,10.25,10.80,9.60,10.35,99440,921940
20200716,12:16,10.35,11.75,10.30,11.20,111960,921940
20200716,12:17,11.45,12.90,11.25,12.65,98040,959240
20200716,12:18,12.40,12.95,10.60,10.80,68180,959240
20200716,12:19,10.80,12.70,10.80,12.35,75320,959240
20200716,12:20,12.25,13.85,12.25,13.85,83180,949100
20200716,12:21,13.55,14.65,13.35,14.45,85300,949100
20200716,12:22,14.30,14.95,12.80,12.80,82500,949100
20200716,12:23,12.90,12.90,11.55,12.10,72320,954580
20200716,12:24,12.15,12.75,11.10,11.10,57940,954580
20200716,12:25,11.15,11.30,9.05,9.15,105340,954580
20200716,12:26,9.20,10.10,8.60,9.30,163220,928820
20200716,12:27,9.30,9.70,9.00,9.55,88040,928820
20200716,12:28,9.35,10.00,9.20,10.00,81220,928820
20200716,12:29,10.10,10.90,9.70,10.30,107900,950440
20200716,12:30,10.45,12.80,10.35,11.55,150700,950440
20200716,12:31,11.50,11.70,9.90,10.40,84760,950440
20200716,12:32,10.35,10.45,9.35,9.45,105260,976680
20200716,12:33,9.55,10.85,9.25,9.95,95160,976680
20200716,12:34,10.00,11.30,9.40,10.60,133920,976680
20200716,12:35,10.55,10.95,10.10,10.95,58940,955320
20200716,12:36,11.15,11.95,10.40,10.40,103200,955320
20200716,12:37,10.45,10.60,9.95,10.40,68540,955320
20200716,12:38,10.40,11.65,9.90,11.25,61280,970360
20200716,12:39,11.50,13.00,11.40,12.90,118080,970360
20200716,12:40,12.60,12.60,10.30,10.75,94620,970360
20200716,12:41,10.75,11.65,10.00,11.65,68020,984880
20200716,12:42,11.40,12.55,10.70,11.85,78940,984880
20200716,12:43,12.05,12.10,10.30,10.70,81960,984880
20200716,12:44,10.65,11.45,10.35,11.20,71700,996440
20200716,12:45,10.95,13.80,10.75,13.20,132400,996440
20200716,12:46,13.10,13.85,11.40,11.65,109120,996440
20200716,12:47,11.55,13.10,11.55,12.40,63340,1009880
20200716,12:48,12.20,12.25,10.50,11.45,67120,1009880
20200716,12:49,11.50,11.60,10.35,10.65,65100,1009880
20200716,12:50,10.65,11.95,10.25,11.30,69600,1015880
20200716,12:51,11.10,11.45,10.25,10.65,52400,1015880
20200716,12:52,11.15,12.40,10.40,11.90,74640,1015880
20200716,12:53,12.05,12.90,10.95,10.95,78560,1015160
20200716,12:54,11.05,11.90,10.90,11.00,41180,1015160
20200716,12:55,10.85,11.10,10.20,10.20,51020,1015160
20200716,12:56,10.25,11.90,10.25,10.90,52180,1029660
20200716,12:57,11.25,11.50,10.00,11.20,79560,1029660
20200716,12:58,11.00,11.00,10.10,10.35,49700,1029660
20200716,12:59,10.35,10.60,9.30,9.45,75540,1038800
20200716,13:00,9.55,9.55,6.00,6.50,317720,1038800
20200716,13:01,6.45,6.45,5.15,5.85,264540,1038800
20200716,13:02,5.85,6.25,5.80,5.85,214340,1038800
20200716,13:03,5.85,6.05,5.40,5.55,199820,1007480
20200716,13:04,5.65,5.95,4.85,5.80,237440,1007480
20200716,13:05,5.80,5.80,4.75,4.90,189040,1007480
20200716,13:06,4.90,4.95,4.55,4.90,105080,1011160
20200716,13:07,4.95,5.45,4.85,5.30,131620,1011160
20200716,13:08,5.30,5.30,4.85,5.15,93220,1011160
20200716,13:09,5.15,5.45,5.00,5.00,135320,1018900
20200716,13:10,4.90,5.45,4.90,5.30,113160,1018900
20200716,13:11,5.35,5.55,5.15,5.30,75900,1018900
20200716,13:12,5.35,5.50,5.00,5.00,93520,1055140
20200716,13:13,4.95,5.15,4.90,5.05,80860,1055140
20200716,13:14,5.10,5.35,4.40,4.45,94280,1055140
20200716,13:15,4.45,4.50,3.95,4.45,127740,1082980
20200716,13:16,4.40,4.40,4.00,4.20,101500,1082980
20200716,13:17,4.20,4.45,4.15,4.45,75400,1082980
20200716,13:18,4.40,5.00,4.35,4.80,91960,1107120
20200716,13:19,4.80,4.90,4.45,4.65,68640,1107120
20200716,13:20,4.70,5.75,4.60,5.20,139860,1107120
20200716,13:21,5.30,5.30,4.80,4.90,99460,1142300
20200716,13:22,4.80,5.25,4.50,4.65,59140,1142300
20200716,13:23,4.65,4.95,4.65,4.70,59400,1142300
20200716,13:24,4.70,5.15,4.70,5.00,70560,1178420
20200716,13:25,5.00,5.10,4.65,4.70,64620,1178420
20200716,13:26,4.70,4.75,4.15,4.45,65940,1178420
20200716,13:27,4.50,4.65,4.35,4.50,35320,1197580
20200716,13:28,4.55,4.90,4.50,4.70,53640,1197580
20200716,13:29,4.75,5.20,4.30,4.30,97580,1197580
20200716,13:30,4.35,4.90,4.35,4.60,67300,1208260
20200716,13:31,4.55,4.60,4.15,4.55,109880,1208260
20200716,13:32,4.60,10.65,4.60,8.30,417820,1208260
20200716,13:33,7.90,8.85,6.20,6.20,230040,1199640
20200716,13:34,6.00,9.00,6.00,7.50,250120,1199640
20200716,13:35,7.50,8.70,6.60,6.70,159980,1199640
20200716,13:36,6.55,9.35,6.55,9.10,210160,1175020
20200716,13:37,9.35,9.80,7.65,8.10,191540,1175020
20200716,13:38,8.00,8.20,7.20,8.10,132420,1175020
20200716,13:39,8.00,8.00,6.65,7.30,146940,1200800
20200716,13:40,7.45,7.95,6.45,6.70,150760,1200800
20200716,13:41,6.60,7.70,6.60,7.70,88520,1200800
20200716,13:42,7.70,7.80,6.85,7.10,88720,1219200
20200716,13:43,7.15,9.70,6.85,8.45,232800,1219200
20200716,13:44,8.25,8.50,7.50,7.90,137720,1219200
20200716,13:45,7.95,10.90,7.90,10.90,141200,1237940
20200716,13:46,10.90,10.90,9.40,9.65,186920,1237940
20200716,13:47,9.35,9.40,6.45,6.95,170160,1237940
20200716,13:48,7.15,7.65,4.25,4.40,225020,1245540
20200716,13:49,4.35,5.45,4.15,5.25,143400,1245540
20200716,13:50,5.10,5.45,4.15,4.15,123580,1245540
20200716,13:51,4.15,4.75,3.90,4.55,151880,1278920
20200716,13:52,4.65,5.65,4.65,5.10,126900,1278920
20200716,13:53,5.15,5.45,4.75,5.35,109040,1278920
20200716,13:54,5.25,5.40,4.45,5.25,115420,1311660
20200716,13:55,5.20,6.30,5.20,6.25,154400,1311660
20200716,13:56,6.35,6.80,5.80,6.05,117480,1311660
20200716,13:57,5.95,6.20,4.75,5.40,120620,1326900
20200716,13:58,5.30,5.60,4.55,5.60,82680,1326900
20200716,13:59,5.70,8.10,5.60,6.70,160580,1326900
20200716,14:00,6.50,6.90,5.00,5.70,118980,1336580
20200716,14:01,5.50,6.20,5.15,5.30,127880,1336580
20200716,14:02,5.45,7.20,5.20,6.75,125960,1336580
20200716,14:03,6.80,6.80,5.25,5.35,105280,1373500
20200716,14:04,5.25,6.00,4.95,5.25,109940,1373500
20200716,14:05,5.30,5.30,3.35,3.80,218120,1373500
20200716,14:06,3.80,4.05,3.10,3.70,238540,1385360
20200716,14:07,3.70,4.10,3.45,3.60,159500,1385360
20200716,14:08,3.75,4.25,3.55,3.85,178080,1385360
20200716,14:09,3.85,4.10,3.60,3.70,101820,1355360
20200716,14:10,3.70,3.95,3.35,3.70,132240,1355360
20200716,14:11,3.70,4.00,3.35,3.35,100640,1355360
20200716,14:12,3.30,3.55,3.25,3.55,94300,1361080
20200716,14:13,3.55,3.75,3.35,3.55,84340,1361080
20200716,14:14,3.65,4.30,3.65,4.15,141660,1361080
20200716,14:15,4.10,5.30,3.95,4.65,130540,1352080
20200716,14:16,4.60,5.00,4.10,4.10,114480,1352080
20200716,14:17,4.20,4.65,3.45,3.45,137640,1352080
20200716,14:18,3.35,4.50,3.35,4.10,207380,1359820
20200716,14:19,4.25,6.25,3.90,5.10,264680,1359820
20200716,14:20,5.05,5.90,4.35,4.65,183660,1359820
20200716,14:21,4.65,4.70,3.90,4.05,141120,1398900
20200716,14:22,3.95,6.35,3.95,5.75,166820,1398900
20200716,14:23,5.75,8.05,5.65,7.25,393840,1398900
20200716,14:24,6.75,7.40,5.75,5.95,333840,1417980
20200716,14:25,5.75,6.90,4.60,6.90,285680,1417980
20200716,14:26,7.15,7.70,6.05,6.35,325340,1417980
20200716,14:27,6.45,14.75,6.15,8.70,653160,1507940
20200716,14:28,9.25,9.30,7.90,9.30,329140,1507940
20200716,14:29,9.45,10.95,8.50,9.25,323880,1507940
20200716,14:30,9.00,9.70,5.25,6.30,388060,1478380
20200716,14:31,5.95,6.10,3.40,3.50,436980,1478380
20200716,14:32,3.60,4.50,3.45,4.10,239660,1478380
20200716,14:33,4.10,4.55,4.10,4.55,198280,1471020
20200716,14:34,4.60,5.25,4.35,4.50,244920,1471020
20200716,14:35,4.35,5.20,3.95,5.20,222520,1471020
20200716,14:36,5.30,6.60,4.80,5.50,326380,1473400
20200716,14:37,5.50,6.40,4.70,4.95,256080,1473400
20200716,14:38,5.00,6.70,4.50,6.70,258840,1473400
20200716,14:39,6.85,8.05,5.45,5.60,364980,1473500
20200716,14:40,5.70,5.70,4.60,5.50,301600,1473500
20200716,14:41,5.55,6.55,3.95,4.15,278840,1473500
20200716,14:42,4.15,6.25,4.15,5.15,273880,1455620
20200716,14:43,4.80,5.45,4.60,4.95,185360,1455620
20200716,14:44,5.15,5.25,3.85,3.85,267020,1455620
20200716,14:45,3.65,4.75,3.45,3.45,280040,1448680
20200716,14:46,3.10,3.45,2.10,3.00,363140,1448680
20200716,14:47,3.00,4.80,3.00,4.45,353680,1448680
20200716,14:48,4.55,7.65,3.85,6.80,626400,1460700
20200716,14:49,6.95,9.85,4.85,9.85,573680,1460700
20200716,14:50,10.00,10.60,5.30,5.40,814560,1460700
20200716,14:51,5.05,7.85,3.35,6.65,589420,1464420
20200716,14:52,7.00,7.50,5.30,7.10,418500,1464420
20200716,14:53,7.55,7.55,4.50,6.65,458620,1464420
20200716,14:54,6.55,10.90,6.55,8.65,777720,1536080
20200716,14:55,8.60,10.10,6.50,7.75,729100,1536080
20200716,14:56,7.90,7.90,4.95,7.10,656960,1536080
20200716,14:57,7.65,7.90,5.35,6.80,427460,1583300
20200716,14:58,6.65,7.35,5.75,7.15,348720,1583300
20200716,14:59,7.35,8.80,6.70,7.70,637040,1583300
20200716,15:00,7.75,20.00,7.75,13.45,1564660,1448080
20200716,15:01,13.80,16.10,9.80,13.55,1023820,1448080
20200716,15:02,13.90,31.40,13.40,17.95,1452520,1448080
20200716,15:03,17.95,23.90,15.30,23.30,778820,1194280
20200716,15:04,22.80,22.80,4.70,9.15,1219060,1194280
20200716,15:05,9.05,17.75,9.05,17.70,1030700,1194280
20200716,15:06,18.80,18.80,9.80,10.55,919420,1403280
20200716,15:07,10.10,15.00,10.05,13.20,785320,1403280
20200716,15:08,12.80,24.00,12.80,18.00,1188740,1403280
20200716,15:09,18.30,25.00,13.80,25.00,707240,1266760
20200716,15:10,24.80,40.00,23.40,32.30,1126660,1266760
20200716,15:11,32.60,32.60,20.55,27.70,562940,1266760
20200716,15:12,27.30,31.15,15.70,15.70,645820,886840
20200716,15:13,15.80,23.50,15.35,18.25,596860,886840
20200716,15:14,18.15,19.30,12.65,14.05,587160,886840
20200716,15:15,13.65,15.00,2.70,3.30,1199740,949180
20200716,15:16,3.25,5.50,3.15,4.95,1022480,949180
20200716,15:17,4.45,7.10,3.00,5.85,1167180,949180
20200716,15:18,5.60,7.10,4.10,5.25,983120,1106080
20200716,15:19,4.40,4.65,3.00,3.85,888160,1106080
20200716,15:20,3.95,4.65,3.55,3.70,768700,1106080
20200716,15:21,3.65,8.35,2.30,2.35,1266360,1040160
20200716,15:22,2.45,3.55,2.40,2.75,626500,1040160
20200716,15:23,2.75,2.75,1.00,1.40,606580,1040160
20200716,15:24,1.40,1.45,0.40,0.40,528900,1040520
20200716,15:25,0.35,1.70,0.30,0.35,554640,1040520
20200716,15:26,0.40,0.65,0.30,0.65,394700,1040520
20200716,15:27,0.75,0.75,0.25,0.25,259160,837980
20200716,15:28,0.25,0.40,0.20,0.25,209780,837980
20200716,15:29,0.25,0.25,0.05,0.10,214300,837980
20200716,15:30,0.10,0.10,0.10,0.10,260,837980
