20200925,09:15,8.20,25.00,6.55,25.00,1802,950
20200925,09:18,25.00,25.00,18.70,18.80,550,950
20200925,09:19,19.00,21.00,19.00,20.05,475,950
20200925,09:20,21.20,21.20,21.20,21.20,2525,1100
20200925,09:21,20.85,21.05,20.85,21.05,675,1100
20200925,09:22,20.20,21.10,20.20,20.35,150,1100
20200925,09:23,20.75,22.20,20.75,21.50,200,2775
20200925,09:24,21.15,22.50,21.15,22.50,175,2775
20200925,09:25,21.55,22.55,21.55,21.75,175,2775
20200925,09:26,22.85,22.85,22.85,22.85,250,2775
20200925,09:27,23.25,24.25,23.25,24.25,225,2825
20200925,09:28,24.25,24.25,23.95,23.95,50,2825
20200925,09:29,25.20,25.80,24.90,25.25,400,2800
20200925,09:30,25.85,26.90,25.85,26.90,150,2800
20200925,09:31,27.00,27.20,25.40,26.40,450,2800
20200925,09:32,25.85,25.85,24.10,24.10,625,3100
20200925,09:33,23.90,24.35,23.40,23.65,700,3100
20200925,09:34,23.40,23.85,23.40,23.85,75,3100
20200925,09:35,23.50,23.50,23.50,23.50,25,3100
20200925,09:36,23.50,23.50,22.90,22.95,75,3000
20200925,09:37,22.70,23.30,22.65,23.30,125,3000
20200925,09:38,23.05,23.20,22.80,23.20,200,3025
20200925,09:39,22.55,23.10,22.55,23.10,225,3025
20200925,09:40,23.20,23.20,23.20,23.20,50,3025
20200925,09:41,22.55,22.55,22.20,22.20,50,3075
20200925,09:42,22.20,22.20,22.20,22.20,100,3075
20200925,09:43,22.15,22.15,22.15,22.15,125,3075
20200925,09:44,22.65,23.15,22.60,22.60,325,3150
20200925,09:45,22.45,22.45,21.55,21.75,275,3150
20200925,09:46,21.40,22.25,21.40,22.15,150,3150
20200925,09:47,22.05,22.05,21.35,21.35,275,3350
20200925,09:48,21.60,21.60,21.60,21.60,25,3350
20200925,09:49,21.00,21.35,20.95,21.25,450,3350
20200925,09:50,22.35,22.55,22.35,22.50,100,3575
20200925,09:51,22.65,22.90,22.45,22.55,375,3575
20200925,09:52,22.20,22.50,22.20,22.50,75,3575
20200925,09:53,22.15,22.40,22.15,22.40,75,3575
20200925,09:54,22.10,22.25,21.35,21.90,175,3875
20200925,09:55,21.40,21.95,20.85,21.60,500,3875
20200925,09:56,21.60,21.60,21.60,21.60,25,3775
20200925,09:57,21.35,21.35,21.10,21.25,200,3775
20200925,09:58,21.10,21.15,21.10,21.15,250,3775
20200925,09:59,21.30,21.60,21.10,21.55,275,3825
20200925,10:00,22.00,22.00,21.70,21.80,200,3825
20200925,10:01,22.20,22.25,22.20,22.25,100,3825
20200925,10:02,22.25,22.30,21.90,21.90,75,3975
20200925,10:03,22.10,22.25,22.10,22.25,125,3975
20200925,10:04,22.05,22.30,22.05,22.30,50,3975
20200925,10:05,23.00,23.65,23.00,23.65,100,4000
20200925,10:06,24.10,24.30,23.50,23.50,275,4000
20200925,10:07,23.70,23.80,23.35,23.35,425,4000
20200925,10:08,23.60,23.60,23.10,23.10,250,3750
20200925,10:09,22.85,22.90,22.70,22.75,275,3750
20200925,10:10,23.55,23.55,23.55,23.55,25,3750
20200925,10:11,23.05,23.05,22.45,22.50,225,3850
20200925,10:12,22.00,22.00,21.80,21.80,75,3850
20200925,10:13,22.55,23.80,22.55,23.80,175,3850
20200925,10:14,23.05,23.05,23.00,23.00,125,3900
20200925,10:15,22.55,22.55,22.20,22.20,150,3900
20200925,10:16,22.40,22.40,22.25,22.40,225,3900
20200925,10:18,22.40,23.50,22.40,23.50,125,4100
20200925,10:19,22.60,22.70,22.60,22.70,75,4100
20200925,10:20,23.20,23.80,22.60,22.65,450,4125
20200925,10:21,22.85,22.85,22.50,22.75,300,4125
20200925,10:22,22.60,22.65,22.30,22.65,225,4125
20200925,10:23,22.00,22.00,22.00,22.00,25,4100
20200925,10:24,21.35,21.75,21.35,21.75,1400,4100
20200925,10:25,22.00,22.00,22.00,22.00,25,4100
20200925,10:26,22.40,22.40,22.40,22.40,25,4100
20200925,10:27,22.30,22.40,22.30,22.40,50,5300
20200925,10:28,21.85,22.60,21.85,22.60,175,5300
20200925,10:29,21.85,21.85,21.60,21.60,75,5300
20200925,10:30,20.80,20.80,18.25,20.35,575,5250
20200925,10:31,20.35,20.35,19.80,19.80,150,5250
20200925,10:32,20.25,20.25,20.00,20.00,75,5275
20200925,10:33,19.95,19.95,19.95,19.95,25,5275
20200925,10:34,20.00,20.60,20.00,20.60,325,5275
20200925,10:35,20.10,20.10,20.10,20.10,25,5275
20200925,10:36,20.80,20.80,20.80,20.80,25,5275
20200925,10:38,21.05,21.25,20.80,21.25,300,5275
20200925,10:40,22.00,22.00,22.00,22.00,150,5275
20200925,10:41,22.90,22.90,22.50,22.50,525,5275
20200925,10:42,22.00,22.00,22.00,22.00,150,5500
20200925,10:43,21.90,21.90,21.90,21.90,25,5500
20200925,10:44,23.10,23.10,23.10,23.10,75,5550
20200925,10:45,23.20,23.20,23.20,23.20,50,5550
20200925,10:46,22.90,22.90,22.90,22.90,50,5550
20200925,10:47,22.55,22.60,22.55,22.55,200,5400
20200925,10:49,21.35,21.35,21.35,21.35,25,5400
20200925,10:50,21.40,21.40,21.00,21.30,800,5475
20200925,10:51,21.60,21.80,21.60,21.80,50,5475
20200925,10:52,21.70,21.70,21.70,21.70,275,5475
20200925,10:53,21.60,21.60,21.60,21.60,550,5475
20200925,10:55,21.55,21.85,21.55,21.75,75,5825
20200925,10:56,21.25,21.45,21.25,21.45,175,5800
20200925,10:57,21.75,22.00,21.75,21.95,100,5800
20200925,10:59,21.90,22.20,21.90,22.20,50,5775
20200925,11:00,22.40,22.40,22.40,22.40,175,5775
20200925,11:01,22.05,22.05,22.05,22.05,25,5775
20200925,11:02,21.90,21.90,21.90,21.90,150,5775
20200925,11:03,21.85,21.85,21.65,21.65,50,5650
20200925,11:04,21.65,22.20,21.65,21.90,100,5650
20200925,11:06,21.65,21.65,21.25,21.25,50,5625
20200925,11:07,21.00,21.10,20.80,20.85,675,5625
20200925,11:08,21.05,21.05,20.55,20.75,150,5625
20200925,11:09,20.65,20.65,20.60,20.60,150,5625
20200925,11:10,20.30,20.85,20.30,20.85,225,5625
20200925,11:11,20.90,20.90,20.40,20.40,75,5700
20200925,11:12,20.15,21.05,20.05,21.05,200,5700
20200925,11:13,20.85,21.75,20.85,21.75,150,5700
20200925,11:14,21.90,22.25,21.80,21.80,150,5850
20200925,11:15,21.35,22.40,21.35,22.40,200,5850
20200925,11:16,23.15,23.65,22.75,23.55,300,5850
20200925,11:17,23.30,23.45,23.05,23.05,200,5825
20200925,11:18,23.25,23.25,22.85,23.15,150,5825
20200925,11:19,22.90,23.00,22.75,22.75,75,5825
20200925,11:22,22.65,22.65,22.65,22.65,25,5675
20200925,11:24,21.50,21.50,21.50,21.50,100,5700
20200925,11:25,21.95,22.10,21.85,22.10,225,5700
20200925,11:26,21.45,21.45,21.45,21.45,25,5700
20200925,11:27,21.30,21.30,19.45,19.45,800,5550
20200925,11:28,19.45,19.90,19.45,19.90,225,5550
20200925,11:29,20.15,20.15,20.15,20.15,25,5550
20200925,11:30,20.75,20.75,20.75,20.75,175,5775
20200925,11:32,20.35,20.60,20.35,20.60,200,5775
20200925,11:34,20.55,20.80,20.55,20.80,75,5775
20200925,11:36,21.60,21.60,21.60,21.60,25,5800
20200925,11:37,21.60,21.60,21.60,21.60,25,5800
20200925,11:39,21.45,21.50,21.45,21.50,150,5825
20200925,11:40,21.75,21.85,21.75,21.85,100,5825
20200925,11:41,21.80,21.80,21.80,21.80,25,5825
20200925,11:42,22.00,22.45,22.00,22.20,400,5600
20200925,11:43,22.40,22.65,22.00,22.65,625,5600
20200925,11:44,22.50,22.55,22.45,22.50,250,5100
20200925,11:45,22.65,22.80,22.45,22.45,275,5100
20200925,11:46,21.90,21.90,21.85,21.85,50,5100
20200925,11:47,22.25,22.25,22.00,22.25,75,5125
20200925,11:48,22.05,22.50,22.05,22.50,125,5125
20200925,11:49,22.05,22.05,22.05,22.05,25,5125
20200925,11:50,22.20,22.40,22.00,22.15,175,5175
20200925,11:51,22.15,22.15,22.15,22.15,25,5175
20200925,11:52,21.95,21.95,21.85,21.85,50,5175
20200925,11:53,21.50,21.50,21.50,21.50,25,5175
20200925,11:54,21.15,21.15,20.95,20.95,50,5200
20200925,11:56,21.10,21.10,20.90,20.90,225,5225
20200925,11:58,20.95,20.95,20.70,20.80,150,5225
20200925,11:59,20.50,21.05,20.40,21.05,375,5400
20200925,12:00,20.90,20.90,20.75,20.75,100,5400
20200925,12:01,20.35,20.35,20.05,20.25,150,5400
20200925,12:02,20.15,20.15,20.15,20.15,50,5400
20200925,12:03,20.20,20.40,20.00,20.20,200,5425
20200925,12:04,20.40,20.40,20.40,20.40,25,5425
20200925,12:06,21.20,21.20,21.20,21.20,25,5450
20200925,12:07,21.05,21.05,21.05,21.05,25,5450
20200925,12:08,20.40,20.40,20.40,20.40,25,5450
20200925,12:09,20.30,20.30,20.30,20.30,25,5450
20200925,12:10,20.00,20.35,20.00,20.35,250,5450
20200925,12:11,20.25,20.30,20.25,20.30,50,5450
20200925,12:12,20.05,20.15,20.00,20.15,250,5350
20200925,12:14,19.20,19.60,19.20,19.60,100,5425
20200925,12:15,18.75,19.60,18.75,19.20,475,5425
20200925,12:16,19.35,19.40,19.05,19.40,825,5425
20200925,12:17,19.40,20.00,19.40,20.00,475,5175
20200925,12:18,19.35,20.05,19.20,19.80,475,5175
20200925,12:19,19.65,19.65,19.25,19.25,100,5175
20200925,12:20,18.90,18.90,17.10,17.55,475,4950
20200925,12:21,17.90,18.30,17.90,17.95,300,4950
20200925,12:22,17.05,17.15,16.30,16.30,275,4950
20200925,12:23,16.20,16.60,16.20,16.60,550,4950
20200925,12:24,16.30,16.35,16.20,16.35,325,5125
20200925,12:25,16.40,17.35,16.40,17.25,225,5125
20200925,12:26,17.40,17.40,17.15,17.15,75,5125
20200925,12:27,17.05,17.05,17.05,17.05,25,5425
20200925,12:28,17.15,17.15,16.75,16.90,150,5425
20200925,12:29,16.75,16.75,16.55,16.55,175,5425
20200925,12:30,16.70,16.70,16.45,16.55,425,5450
20200925,12:31,17.05,17.05,16.85,17.00,250,5450
20200925,12:32,17.30,17.35,17.30,17.35,75,5550
20200925,12:33,17.35,17.80,17.35,17.80,350,5550
20200925,12:39,17.40,17.40,17.30,17.30,375,5600
20200925,12:40,16.70,16.70,16.70,16.70,100,5600
20200925,12:41,16.70,16.70,16.70,16.70,25,5600
20200925,12:42,17.00,17.00,16.55,16.55,300,5425
20200925,12:43,16.55,16.55,16.55,16.55,25,5425
20200925,12:44,16.20,16.30,15.80,15.80,575,5425
20200925,12:45,15.60,16.20,15.60,16.10,325,5500
20200925,12:46,15.95,16.35,15.85,16.05,250,5500
20200925,12:47,16.20,16.20,15.90,15.90,75,5500
20200925,12:48,15.85,16.15,15.65,16.15,125,5900
20200925,12:49,15.70,16.15,15.70,16.15,50,5900
20200925,12:50,15.85,15.85,15.85,15.85,75,5900
20200925,12:51,16.15,16.45,16.15,16.35,225,5925
20200925,12:52,16.60,16.80,16.40,16.80,150,5925
20200925,12:53,16.45,16.45,16.45,16.45,25,5925
20200925,12:54,16.45,16.45,16.45,16.45,25,6050
20200925,12:55,16.55,16.55,16.55,16.55,25,6050
20200925,12:56,16.75,16.75,16.75,16.75,25,6050
20200925,12:57,16.95,16.95,16.65,16.65,175,6000
20200925,12:58,17.15,17.15,17.15,17.15,125,6000
20200925,12:59,16.80,16.80,16.80,16.80,25,6000
20200925,13:00,17.05,17.05,17.00,17.00,75,6100
20200925,13:02,17.30,17.30,17.05,17.05,75,6100
20200925,13:03,17.45,17.45,17.45,17.45,25,6100
20200925,13:04,17.30,17.50,17.30,17.50,150,6075
20200925,13:05,17.55,18.50,17.55,18.20,250,6075
20200925,13:06,18.05,18.05,18.05,18.05,100,5925
20200925,13:07,18.30,18.50,18.30,18.50,275,5925
20200925,13:08,17.75,17.75,17.75,17.75,25,5925
20200925,13:09,17.65,17.85,17.65,17.70,100,6100
20200925,13:12,17.25,17.25,17.25,17.25,25,6100
20200925,13:13,17.60,17.60,17.60,17.60,100,6100
20200925,13:14,17.75,18.10,17.70,18.10,125,6100
20200925,13:15,18.45,18.75,18.00,18.00,550,6100
20200925,13:16,18.25,18.55,18.25,18.50,150,6100
20200925,13:17,18.05,18.05,17.65,17.75,100,6100
20200925,13:18,18.30,18.30,18.05,18.05,50,6100
20200925,13:19,17.95,17.95,17.85,17.85,75,6100
20200925,13:20,18.20,18.20,17.45,17.45,125,6100
20200925,13:21,17.45,17.45,17.05,17.05,75,6050
20200925,13:22,17.05,17.30,17.00,17.30,100,6050
20200925,13:23,17.00,17.35,17.00,17.35,200,6050
20200925,13:24,17.35,17.35,17.35,17.35,100,6100
20200925,13:25,17.05,17.05,17.05,17.05,25,6100
20200925,13:26,17.00,17.00,17.00,17.00,25,6100
20200925,13:27,16.85,16.85,16.85,16.85,25,6025
20200925,13:28,16.85,16.85,16.85,16.85,25,6025
20200925,13:29,17.30,17.30,16.60,16.70,175,6025
20200925,13:30,16.55,16.55,16.10,16.40,150,6025
20200925,13:31,16.00,16.10,16.00,16.10,125,6025
20200925,13:32,16.15,16.15,16.15,16.15,125,6025
20200925,13:33,16.50,16.50,16.50,16.50,100,6100
20200925,13:37,17.50,17.50,17.50,17.50,75,6025
20200925,13:38,17.40,17.40,17.40,17.40,25,6025
20200925,13:39,17.85,17.85,17.85,17.85,25,6050
20200925,13:41,18.15,21.00,18.15,19.05,525,6050
20200925,13:42,19.30,19.35,19.10,19.30,200,6000
20200925,13:43,19.15,19.15,18.75,18.75,400,6000
20200925,13:44,18.55,18.55,18.55,18.55,25,6000
20200925,13:45,19.20,19.20,19.20,19.20,25,5975
20200925,13:46,19.10,19.10,18.40,18.40,75,5975
20200925,13:47,17.00,17.00,16.40,16.90,350,5975
20200925,13:48,17.35,17.65,16.85,16.85,75,6000
20200925,13:50,17.15,17.15,17.15,17.15,50,6000
20200925,13:53,17.20,17.20,17.20,17.20,50,6000
20200925,13:55,18.05,18.40,18.05,18.40,150,6050
20200925,14:00,17.55,17.55,17.55,17.55,100,6000
20200925,14:01,17.05,17.05,17.00,17.05,225,6000
20200925,14:02,16.80,16.80,16.80,16.80,25,6000
20200925,14:05,16.80,16.80,16.35,16.35,125,6150
20200925,14:07,16.70,16.70,16.70,16.70,50,6150
20200925,14:10,16.05,16.05,14.80,15.30,150,6100
20200925,14:11,14.65,14.65,13.85,13.85,950,6100
20200925,14:12,13.85,13.90,13.45,13.75,850,6075
20200925,14:13,13.70,13.70,13.50,13.50,150,6075
20200925,14:14,13.85,13.85,13.65,13.80,250,6075
20200925,14:15,13.80,14.00,13.35,13.90,650,6000
20200925,14:16,13.95,14.00,13.50,13.50,225,6000
20200925,14:17,13.75,14.00,13.75,14.00,200,6000
20200925,14:20,14.10,14.10,14.10,14.10,25,5850
20200925,14:21,14.10,14.10,14.10,14.10,25,5825
20200925,14:24,13.75,13.75,13.75,13.75,25,5825
20200925,14:25,13.75,13.90,13.75,13.90,200,5800
20200925,14:26,13.30,13.30,13.30,13.30,125,5800
20200925,14:27,14.00,14.00,14.00,14.00,100,5700
20200925,14:28,13.80,13.80,13.80,13.80,25,5700
20200925,14:29,13.35,13.35,12.60,12.95,350,5700
20200925,14:30,13.15,13.15,13.10,13.10,175,5625
20200925,14:31,13.10,13.10,13.10,13.10,175,5625
20200925,14:32,13.00,13.40,13.00,13.40,200,5625
20200925,14:34,13.55,13.55,13.35,13.35,125,5325
20200925,14:35,13.40,13.40,13.30,13.30,50,5325
20200925,14:36,13.55,13.55,13.55,13.55,75,5350
20200925,14:37,13.70,13.70,13.70,13.70,25,5350
20200925,14:39,12.95,13.35,12.95,13.35,50,5350
20200925,14:40,12.55,12.75,11.75,11.75,150,5250
20200925,14:41,11.75,11.75,11.75,11.75,25,5250
20200925,14:42,12.15,12.40,11.85,12.40,375,5275
20200925,14:43,12.05,12.05,11.55,11.55,275,5275
20200925,14:44,11.85,11.85,11.05,11.05,125,5275
20200925,14:45,11.25,11.25,10.60,11.00,350,5300
20200925,14:48,10.75,10.75,10.75,10.75,75,5300
20200925,14:50,10.95,11.05,10.95,11.00,250,5200
20200925,14:51,11.00,11.00,11.00,11.00,25,5200
20200925,14:52,11.10,11.15,11.10,11.15,375,5175
20200925,14:53,11.25,11.25,10.65,10.65,225,5175
20200925,14:54,10.60,10.60,10.60,10.60,25,4900
20200925,14:55,10.40,10.45,10.35,10.35,125,4900
20200925,14:58,9.55,9.90,9.55,9.85,250,4975
20200925,15:00,10.35,10.60,8.95,10.55,1175,4825
20200925,15:01,10.10,10.40,10.10,10.40,125,4825
20200925,15:02,10.55,11.35,10.55,11.35,350,4825
20200925,15:03,11.25,12.05,11.25,11.80,375,4625
20200925,15:04,11.70,11.80,11.50,11.50,225,4625
20200925,15:06,10.60,11.20,10.60,11.15,1175,4800
20200925,15:07,11.00,11.45,10.60,10.60,2625,4800
20200925,15:08,10.65,10.70,10.40,10.70,125,4800
20200925,15:09,10.65,10.85,10.35,10.35,300,4500
20200925,15:10,9.80,10.00,9.80,9.80,1650,4500
20200925,15:11,10.35,10.40,10.35,10.40,75,4500
20200925,15:12,10.30,10.75,10.30,10.45,500,5350
20200925,15:13,10.35,10.35,10.30,10.30,225,5350
20200925,15:14,9.95,9.95,9.95,9.95,75,5350
20200925,15:15,10.45,10.85,9.05,10.80,825,5250
20200925,15:16,11.15,11.20,10.90,10.90,325,5250
20200925,15:18,11.20,11.20,10.80,10.80,525,5250
20200925,15:19,11.40,11.75,11.35,11.75,775,4775
20200925,15:20,11.85,11.85,11.85,11.85,25,4775
20200925,15:21,11.15,11.20,11.00,11.00,350,4275
20200925,15:22,11.00,11.05,10.80,10.95,275,4275
20200925,15:23,10.55,10.55,10.55,10.55,100,4275
20200925,15:24,10.50,11.20,10.50,11.20,250,4275
20200925,15:25,10.60,10.70,10.50,10.70,725,4225
20200925,15:26,10.65,10.95,10.60,10.60,425,4225
20200925,15:27,11.00,11.55,11.00,11.55,450,4450
20200925,15:28,11.40,11.40,11.30,11.30,100,4450
20200925,15:29,11.30,11.45,10.15,11.10,200,4450
20200928,09:15,11.10,11.95,11.10,11.95,51,4350
20200928,09:17,9.45,9.45,8.30,8.30,75,4400
20200928,09:18,8.30,8.85,8.30,8.75,250,4400
20200928,09:19,12.70,12.70,8.05,8.25,1300,4400
20200928,09:20,7.75,7.75,7.55,7.70,575,4075
20200928,09:21,8.30,8.40,8.30,8.40,150,4075
20200928,09:22,8.50,8.60,7.10,8.60,400,4075
20200928,09:23,8.45,8.60,8.45,8.60,125,4125
20200928,09:24,8.30,8.30,8.30,8.30,25,4125
20200928,09:25,8.05,8.05,8.05,8.05,25,4125
20200928,09:27,8.00,8.00,7.85,7.85,50,4125
20200928,09:28,8.50,8.50,8.50,8.50,25,4125
20200928,09:29,8.50,8.50,8.50,8.50,100,4175
20200928,09:30,8.05,8.05,8.05,8.05,75,4175
20200928,09:31,8.40,8.45,8.40,8.45,50,4175
20200928,09:32,9.30,10.10,8.60,10.00,625,4050
20200928,09:33,9.90,9.90,9.60,9.60,175,4050
20200928,09:35,9.00,9.15,9.00,9.15,275,4350
20200928,09:36,9.40,9.40,8.90,8.90,50,4350
20200928,09:38,9.05,9.05,9.05,9.05,25,4575
20200928,09:39,9.35,9.35,9.05,9.05,50,4575
20200928,09:42,10.50,10.95,10.50,10.95,800,4550
20200928,09:43,10.75,11.65,10.75,11.65,225,4550
20200928,09:44,11.35,11.35,9.35,9.35,400,5100
20200928,09:45,8.25,8.65,8.25,8.60,600,5100
20200928,09:46,8.50,8.50,8.50,8.50,50,5100
20200928,09:47,8.50,8.50,8.45,8.50,325,4850
20200928,09:48,8.60,8.60,8.50,8.50,500,4850
20200928,09:50,8.40,8.75,8.40,8.60,400,4925
20200928,09:51,9.00,9.00,9.00,9.00,325,4925
20200928,09:52,8.30,8.30,8.30,8.30,50,4925
20200928,09:56,8.35,8.35,8.35,8.35,25,4700
20200928,10:03,8.60,8.60,8.55,8.55,50,4700
20200928,10:05,8.40,8.40,8.40,8.40,225,4700
20200928,10:08,8.10,8.10,8.10,8.10,25,4725
20200928,10:10,8.25,8.25,8.25,8.25,225,4725
20200928,10:13,7.70,7.70,7.70,7.70,25,4725
20200928,10:17,7.85,7.85,7.85,7.85,25,4725
20200928,10:18,7.85,7.95,7.85,7.95,50,4725
20200928,10:19,7.70,7.70,7.30,7.30,300,4725
20200928,10:20,7.35,7.35,7.15,7.15,275,4725
20200928,10:21,7.10,7.10,7.10,7.10,925,4725
20200928,10:22,7.20,7.20,7.10,7.10,400,4725
20200928,10:23,7.10,7.10,7.10,7.10,50,4725
20200928,10:26,7.10,7.10,7.10,7.10,250,5425
20200928,10:29,7.10,7.10,7.10,7.10,25,5425
20200928,10:32,7.10,7.10,7.10,7.10,50,5675
20200928,10:38,7.15,7.15,7.15,7.15,50,5725
20200928,10:39,7.35,7.35,7.35,7.35,25,5725
20200928,10:44,7.50,7.50,7.50,7.50,50,5700
20200928,10:48,7.10,7.10,6.85,6.85,925,5700
20200928,10:50,6.80,6.80,6.80,6.80,75,6450
20200928,10:53,6.75,6.75,6.75,6.75,75,6450
20200928,10:55,6.65,6.65,6.40,6.40,150,6475
20200928,10:58,6.40,6.45,6.40,6.45,50,6400
20200928,11:03,8.25,8.25,6.30,6.30,300,6450
20200928,11:05,6.05,6.05,6.05,6.05,25,6450
20200928,11:06,6.05,6.30,5.85,5.85,350,6400
20200928,11:07,5.85,5.85,5.60,5.65,500,6400
20200928,11:09,5.95,5.95,5.60,5.60,50,6425
20200928,11:10,5.60,6.00,5.60,5.95,275,6425
20200928,11:11,6.00,6.15,6.00,6.00,350,6400
20200928,11:14,5.85,5.85,5.50,5.55,250,6425
20200928,11:15,5.45,5.45,5.30,5.35,350,6425
20200928,11:16,5.80,6.15,5.05,6.15,1500,6425
20200928,11:17,6.10,6.10,6.10,6.10,25,6425
20200928,11:18,5.95,6.00,5.95,6.00,100,6500
20200928,11:19,5.95,5.95,5.95,5.95,100,6500
20200928,11:20,5.95,5.95,5.80,5.85,225,6375
20200928,11:21,5.80,5.80,5.55,5.55,150,6375
20200928,11:22,5.70,5.70,5.70,5.70,50,6375
20200928,11:24,5.65,5.65,5.60,5.60,50,6375
20200928,11:25,5.60,5.60,5.50,5.50,50,6375
20200928,11:26,5.50,5.50,5.50,5.50,50,6350
20200928,11:28,5.50,5.70,5.50,5.70,100,6350
20200928,11:29,5.70,5.90,5.70,5.90,350,6350
20200928,11:32,5.45,5.45,5.45,5.45,25,6275
20200928,11:36,5.60,5.60,5.60,5.60,125,6250
20200928,11:39,5.85,5.85,5.85,5.85,25,6175
20200928,11:42,5.80,5.80,5.80,5.80,25,6175
20200928,11:46,5.80,5.80,5.80,5.80,25,6175
20200928,11:47,5.85,6.00,5.85,6.00,250,6175
20200928,11:48,5.50,5.50,5.50,5.50,50,6175
20200928,11:50,5.55,5.85,5.55,5.85,125,6000
20200928,11:52,5.65,5.65,5.65,5.65,25,6000
20200928,11:53,5.90,5.90,5.65,5.65,75,6000
20200928,11:56,5.80,5.80,5.70,5.70,100,5950
20200928,11:59,5.65,5.65,5.65,5.65,125,5950
20200928,12:02,5.55,5.55,5.55,5.55,100,6075
20200928,12:03,5.55,5.55,5.55,5.55,50,6075
20200928,12:05,5.50,5.50,5.50,5.50,100,6075
20200928,12:07,5.55,5.55,5.55,5.55,50,6025
20200928,12:08,5.40,5.40,5.40,5.40,125,6025
20200928,12:20,5.45,5.45,5.45,5.45,25,6025
20200928,12:21,5.50,5.50,5.50,5.50,100,6000
20200928,12:23,5.40,5.40,5.40,5.40,25,6000
20200928,12:25,5.95,5.95,5.95,5.95,100,6025
20200928,12:27,5.20,5.20,5.20,5.20,125,6125
20200928,12:35,5.75,5.75,5.75,5.75,25,6000
20200928,12:37,5.65,5.65,5.65,5.65,25,6000
20200928,12:39,5.70,5.70,5.65,5.65,325,6000
20200928,12:40,5.60,5.65,5.60,5.65,350,6000
20200928,12:42,5.80,6.00,5.80,5.95,100,5925
20200928,12:43,5.90,5.90,5.65,5.80,200,5925
20200928,12:45,5.75,5.75,5.75,5.75,50,6000
20200928,12:46,5.75,5.75,5.75,5.75,25,6000
20200928,12:47,5.55,5.55,5.55,5.55,150,6000
20200928,12:48,5.60,5.60,5.60,5.60,75,5875
20200928,12:52,5.75,5.75,5.75,5.75,25,5875
20200928,12:56,5.75,5.75,5.75,5.75,25,5900
20200928,12:57,5.60,5.60,5.60,5.60,25,5900
20200928,12:58,5.70,5.80,5.70,5.80,325,5900
20200928,12:59,5.70,5.70,5.70,5.70,375,5900
20200928,13:00,5.70,5.80,5.70,5.80,500,5475
20200928,13:01,5.80,5.80,5.60,5.60,650,5475
20200928,13:04,5.60,5.60,5.60,5.60,25,5475
20200928,13:05,5.35,5.40,5.35,5.40,275,4775
20200928,13:06,5.40,5.40,4.90,5.40,1150,4700
20200928,13:07,5.35,5.55,5.35,5.45,100,4700
20200928,13:11,5.55,5.60,5.55,5.60,100,4600
20200928,13:12,5.60,5.60,5.60,5.60,150,4600
20200928,13:14,5.45,5.45,5.40,5.40,50,4600
20200928,13:15,5.40,5.40,5.35,5.35,150,4525
20200928,13:16,5.35,5.35,5.35,5.35,25,4525
20200928,13:17,5.35,5.35,5.35,5.35,25,4525
20200928,13:19,5.30,5.40,5.30,5.40,75,4425
20200928,13:25,5.35,5.35,5.35,5.35,100,4375
20200928,13:26,5.05,5.05,5.05,5.05,25,4375
20200928,13:28,5.05,5.05,5.05,5.05,25,4375
20200928,13:31,5.45,5.50,5.45,5.50,200,4375
20200928,13:32,5.45,5.45,5.45,5.45,25,4375
20200928,13:34,5.45,5.45,5.45,5.45,75,4250
20200928,13:35,5.50,5.60,5.50,5.60,50,4250
20200928,13:36,5.60,5.80,5.55,5.80,150,4250
20200928,13:40,5.00,5.05,5.00,5.05,75,4325
20200928,13:41,5.10,5.10,5.05,5.05,75,4325
20200928,13:46,5.05,5.05,5.00,5.00,75,4425
20200928,13:47,5.40,5.40,5.40,5.40,100,4425
20200928,13:48,5.25,5.25,5.25,5.25,25,4425
20200928,13:52,5.35,5.35,5.35,5.35,25,4450
20200928,13:56,5.10,5.10,5.10,5.10,25,4475
20200928,13:57,5.00,5.10,5.00,5.00,125,4500
20200928,13:58,5.00,5.00,5.00,5.00,150,4500
20200928,13:59,5.00,5.00,5.00,5.00,50,4500
20200928,14:01,4.65,4.65,4.65,4.65,100,4575
20200928,14:07,4.65,4.65,4.65,4.65,25,4650
20200928,14:10,5.20,5.20,5.20,5.20,75,4625
20200928,14:11,4.95,4.95,4.95,4.95,25,4625
20200928,14:17,4.85,4.85,4.85,4.85,25,4525
20200928,14:18,4.85,4.85,4.85,4.85,50,4525
20200928,14:20,4.85,4.85,4.85,4.85,25,4525
20200928,14:31,5.00,5.00,5.00,5.00,25,4500
20200928,14:32,5.20,5.40,5.20,5.40,175,4500
20200928,14:34,5.15,5.15,5.15,5.15,175,4675
20200928,14:35,5.00,5.00,4.55,4.55,200,4675
20200928,14:36,4.55,4.55,4.55,4.55,100,4675
20200928,14:37,4.75,4.75,4.75,4.75,75,4550
20200928,14:40,4.60,4.60,4.60,4.60,25,4550
20200928,14:41,4.55,4.55,4.55,4.55,25,4675
20200928,14:43,4.80,4.80,4.80,4.80,50,4675
20200928,14:44,4.55,4.55,4.55,4.55,25,4625
20200928,14:45,5.00,5.35,5.00,5.35,250,4600
20200928,14:50,4.65,4.65,4.65,4.65,75,4350
20200928,14:52,4.75,4.75,4.75,4.75,50,4275
20200928,14:58,4.50,4.50,4.50,4.50,50,4250
20200928,15:00,4.50,4.50,4.25,4.25,100,4200
20200928,15:01,4.05,4.05,4.05,4.05,75,4200
20200928,15:03,3.95,3.95,3.95,3.95,100,4200
20200928,15:04,4.35,4.35,4.35,4.35,25,4150
20200928,15:06,4.15,4.15,4.15,4.15,25,4150
20200928,15:08,4.20,4.20,4.20,4.20,25,4150
20200928,15:09,4.15,4.15,3.90,3.90,175,4100
20200928,15:10,3.90,3.90,3.85,3.85,325,4100
20200928,15:12,8.80,8.80,4.55,4.55,700,4325
20200928,15:13,4.55,4.55,4.55,4.55,75,4325
20200928,15:14,4.60,5.25,4.60,5.25,75,4325
20200928,15:15,5.20,5.20,4.40,4.40,125,4300
20200928,15:17,4.70,4.70,4.50,4.50,225,4300
20200928,15:21,4.75,4.75,4.70,4.75,300,4350
20200928,15:22,4.65,4.95,4.50,4.95,500,4350
20200928,15:23,4.75,4.75,4.75,4.75,25,4350
20200928,15:24,4.50,4.55,4.50,4.55,100,4375
20200928,15:25,4.35,4.35,4.35,4.35,50,4375
20200928,15:26,4.85,4.85,4.85,4.85,25,4375
20200928,15:27,5.05,5.05,5.05,5.05,50,4375
20200928,15:28,4.90,4.90,4.80,4.85,175,4375
20200928,15:29,4.90,4.90,4.90,4.90,250,4375
20200929,09:29,2.90,2.90,2.90,2.90,26,3950
20200929,09:32,5.10,5.10,5.10,5.10,25,3975
20200929,09:33,4.95,4.95,4.95,4.95,25,3975
20200929,09:35,5.00,5.00,5.00,5.00,550,4075
20200929,09:36,4.25,4.25,4.25,4.25,25,4075
20200929,09:37,5.05,5.05,5.05,5.05,25,4075
20200929,09:38,5.00,5.00,5.00,5.00,25,4600
20200929,09:40,4.25,4.25,4.25,4.25,50,4600
20200929,09:42,4.00,4.00,4.00,4.00,25,4575
20200929,09:43,3.75,3.75,3.75,3.75,425,4575
20200929,09:45,3.70,3.70,3.45,3.45,50,4575
20200929,09:46,3.75,3.75,3.75,3.75,25,4575
20200929,09:48,3.85,3.85,3.85,3.85,100,4575
20200929,09:50,4.50,4.55,4.50,4.55,50,4200
20200929,10:09,3.80,3.80,3.80,3.80,50,4200
20200929,10:18,3.95,3.95,3.95,3.95,25,4200
20200929,10:21,3.80,3.80,3.80,3.80,50,4150
20200929,10:23,3.75,3.75,3.75,3.75,25,4175
20200929,10:39,4.10,4.20,4.10,4.20,75,4175
20200929,10:51,4.25,4.25,4.25,4.25,25,4225
20200929,11:08,4.20,4.20,4.20,4.20,50,4200
20200929,11:19,4.15,4.15,4.10,4.10,300,4200
20200929,11:20,4.20,4.20,4.20,4.20,25,4200
20200929,11:27,3.85,3.85,3.85,3.85,25,4475
20200929,11:28,4.15,4.15,4.15,4.15,25,4475
20200929,11:30,3.90,3.90,3.85,3.85,75,4475
20200929,11:33,4.15,4.15,4.15,4.15,50,4475
20200929,11:37,4.10,4.10,4.10,4.10,50,4475
20200929,11:44,3.90,3.90,3.90,3.90,50,4525
20200929,11:54,4.00,4.00,4.00,4.00,50,4525
20200929,11:56,3.70,3.70,3.70,3.70,25,4525
20200929,12:00,4.00,4.00,4.00,4.00,25,4500
20200929,12:09,3.55,3.55,3.55,3.55,50,4475
20200929,12:17,3.60,3.60,3.60,3.60,25,4425
20200929,12:19,3.50,3.50,3.40,3.40,100,4425
20200929,12:20,3.30,3.30,3.30,3.30,75,4450
20200929,12:21,3.30,3.40,3.30,3.40,100,4450
20200929,12:22,3.25,3.25,3.25,3.25,25,4450
20200929,12:24,3.20,3.20,3.20,3.20,125,4400
20200929,12:30,3.35,3.35,3.35,3.35,25,4400
20200929,12:33,3.30,3.30,3.30,3.30,25,4400
20200929,12:36,3.35,3.35,3.35,3.35,50,4375
20200929,12:37,3.40,3.60,3.40,3.60,50,4375
20200929,12:38,3.30,3.30,3.30,3.30,50,4375
20200929,12:43,3.65,3.65,3.65,3.65,175,4350
20200929,12:45,3.60,3.60,3.60,3.60,25,4325
20200929,12:46,3.55,3.55,3.55,3.55,25,4325
20200929,12:50,3.70,3.70,3.70,3.70,100,4325
20200929,12:59,3.50,3.50,3.50,3.50,25,4350
20200929,13:05,3.40,3.40,3.40,3.40,25,4350
20200929,13:32,3.60,3.60,3.60,3.60,25,4350
20200929,14:09,3.85,3.85,3.85,3.85,25,4325
20200929,14:18,3.70,4.10,3.70,4.10,225,4350
20200929,14:20,3.45,3.45,3.45,3.45,25,4350
20200929,14:27,3.50,3.50,3.50,3.50,50,4300
20200929,14:29,3.50,3.50,3.50,3.50,50,4300
20200929,14:30,3.35,3.35,3.35,3.35,25,4350
20200929,14:31,3.45,3.50,3.30,3.50,400,4350
20200929,14:32,3.45,3.45,3.45,3.45,100,4350
20200929,14:33,3.45,3.45,3.45,3.45,50,4350
20200929,14:34,3.50,3.50,3.50,3.50,75,4350
20200929,14:39,3.40,3.40,3.40,3.40,100,4150
20200929,14:45,3.60,3.60,3.60,3.60,50,4200
20200929,14:47,3.25,3.25,3.25,3.25,50,4200
20200929,14:55,3.70,3.70,3.35,3.35,100,4200
20200929,15:07,4.10,4.10,4.10,4.10,175,4200
20200929,15:09,2.95,2.95,2.85,2.85,575,4125
20200929,15:11,2.85,3.15,2.85,3.10,250,4125
20200929,15:15,2.70,3.40,2.70,3.40,75,4650
20200929,15:16,3.90,3.90,3.90,3.90,300,4650
20200929,15:18,3.10,3.10,2.85,2.85,275,4825
20200929,15:19,2.85,3.10,2.85,3.10,100,4825
20200929,15:20,3.10,3.30,3.10,3.30,425,4825
20200929,15:24,3.65,3.65,3.65,3.65,25,4725
20200929,15:28,3.40,3.40,2.95,2.95,400,4725
20200929,15:29,3.60,3.60,3.60,3.60,50,4725
20200930,09:22,3.20,3.20,3.20,3.20,101,4725
20200930,09:32,1.65,1.65,1.65,1.65,400,4475
20200930,09:55,1.65,1.65,1.65,1.65,150,4975
20200930,10:03,2.05,2.05,2.05,2.05,250,4825
20200930,10:05,2.15,2.15,2.15,2.15,25,4725
20200930,10:23,2.30,2.30,2.30,2.30,25,4725
20200930,10:24,2.35,2.35,2.30,2.30,400,4725
20200930,10:35,2.05,2.05,2.05,2.05,25,4600
20200930,10:43,1.80,1.80,1.80,1.80,25,4600
20200930,11:01,1.70,1.70,1.70,1.70,50,4600
20200930,11:10,1.70,1.70,1.70,1.70,50,4550
20200930,11:13,2.40,2.40,2.40,2.40,25,4550
20200930,11:15,1.70,1.70,1.70,1.70,25,4600
20200930,11:35,2.70,2.70,2.70,2.70,250,4575
20200930,11:40,2.00,2.00,2.00,2.00,25,4800
20200930,11:41,3.00,3.00,2.00,2.00,550,4800
20200930,11:43,2.30,2.30,2.30,2.30,25,4800
20200930,11:46,1.95,1.95,1.95,1.95,25,5000
20200930,11:47,3.90,3.90,3.90,3.90,550,5000
20200930,11:50,1.75,1.75,1.75,1.75,125,5300
20200930,11:51,1.80,1.80,1.80,1.80,25,5300
20200930,11:55,1.70,1.70,1.60,1.60,125,5300
20200930,11:56,1.60,1.60,1.60,1.60,100,5300
20200930,11:59,1.60,1.60,1.60,1.60,125,5300
20200930,12:17,1.60,1.60,1.40,1.40,525,5300
20200930,12:29,1.40,1.40,1.40,1.40,25,5300
20200930,12:44,1.50,1.50,1.50,1.50,25,5300
20200930,12:50,1.60,1.60,1.60,1.60,50,5300
20200930,12:57,1.35,1.35,1.35,1.35,100,5300
20200930,13:12,1.35,1.35,1.35,1.35,25,5200
20200930,13:51,1.35,1.35,1.35,1.35,25,5200
20200930,14:13,1.20,1.20,1.20,1.20,25,5175
20200930,14:14,1.20,1.20,1.20,1.20,200,5175
20200930,14:18,1.20,1.20,1.20,1.20,200,5175
20200930,14:28,0.90,0.90,0.90,0.90,100,5175
20200930,14:32,0.85,0.85,0.85,0.85,1225,5175
20200930,14:35,0.85,0.85,0.85,0.85,100,4250
20200930,14:51,1.15,1.15,1.15,1.15,50,4250
20200930,15:00,1.15,1.15,1.15,1.15,25,4325
20200930,15:18,1.15,1.15,1.15,1.15,25,4275
20200930,15:20,0.90,0.90,0.60,0.60,225,4250
20200930,15:22,0.60,0.60,0.60,0.60,125,4050
20200930,15:25,0.65,0.95,0.65,0.95,100,4025
20200930,15:26,0.65,0.65,0.65,0.65,75,4025
20200930,15:27,0.55,0.55,0.55,0.55,150,4025
20200930,15:28,0.55,0.55,0.55,0.55,25,4025
20200930,15:29,0.55,0.55,0.55,0.55,75,3950
20201001,09:18,0.10,0.10,0.10,0.10,26,3950
20201001,09:26,0.10,0.10,0.10,0.10,25,3925
20201001,09:39,0.15,0.15,0.15,0.15,100,3925
20201001,09:40,0.15,0.15,0.15,0.15,25,3925
20201001,09:42,0.15,0.15,0.15,0.15,25,3925
20201001,09:59,0.20,0.20,0.20,0.20,50,3925
20201001,10:03,0.40,0.40,0.40,0.40,600,3875
20201001,10:18,0.40,0.40,0.40,0.40,25,3875
20201001,10:24,0.40,0.40,0.40,0.40,525,4400
20201001,10:33,0.35,0.35,0.35,0.35,250,4400
20201001,10:34,0.35,0.35,0.35,0.35,750,4400
20201001,10:35,0.35,0.35,0.35,0.35,150,4400
20201001,10:37,0.35,0.35,0.35,0.35,50,4400
20201001,10:43,0.30,0.30,0.30,0.30,25,3700
20201001,10:47,0.35,0.35,0.35,0.35,175,3700
20201001,10:49,0.30,0.30,0.30,0.30,100,3725
20201001,11:43,0.25,0.25,0.25,0.25,125,3700
20201001,11:48,0.25,0.25,0.25,0.25,25,3575
20201001,12:13,0.35,0.35,0.35,0.35,25,3575
20201001,13:03,0.25,0.25,0.25,0.25,225,3550
20201001,13:41,0.20,0.20,0.20,0.20,250,3575
20201001,14:22,0.20,0.20,0.20,0.20,25,3825
20201001,14:43,0.25,0.25,0.25,0.25,25,3825
20201001,14:52,0.10,0.10,0.10,0.10,25,3800
20201001,15:00,0.10,0.10,0.10,0.10,25,3800
20201001,15:07,0.10,0.10,0.10,0.10,25,3825
20201001,15:08,0.10,0.10,0.10,0.10,50,3800
20201001,15:20,0.10,0.10,0.10,0.10,300,3775
20201001,15:23,0.10,0.10,0.10,0.10,25,3775
