20200305,10:11,103.75,103.75,103.75,103.75,161,180
20200305,10:12,111.55,111.55,111.55,111.55,20,180
20200305,10:19,111.55,111.55,111.55,111.55,20,180
20200305,10:20,110.30,110.30,110.30,110.30,20,180
20200305,10:21,108.55,108.55,108.55,108.55,20,180
20200305,10:30,89.00,89.00,89.00,89.00,20,240
20200305,10:31,84.95,91.95,84.95,91.95,200,240
20200305,10:32,90.00,90.00,88.95,88.95,260,400
20200305,10:35,87.95,87.95,85.00,85.00,40,400
20200305,10:39,86.00,94.95,86.00,94.95,100,700
20200305,10:46,63.90,63.90,62.05,62.05,120,800
20200305,10:47,62.05,62.05,62.05,62.05,20,680
20200305,10:48,62.00,62.00,62.00,62.00,400,680
20200305,10:49,62.00,62.00,62.00,62.00,220,680
20200305,10:50,60.60,60.60,60.60,60.60,20,1040
20200305,10:53,59.45,59.45,59.45,59.45,20,1040
20200305,11:00,59.45,66.20,59.45,66.20,120,1060
20200305,11:02,62.95,62.95,61.45,61.45,100,980
20200305,11:05,62.00,62.00,60.05,60.05,100,920
20200305,11:06,60.00,60.00,60.00,60.00,40,920
20200305,11:09,57.85,57.85,57.85,57.85,20,900
20200305,11:10,57.85,57.85,57.85,57.85,20,900
20200305,11:18,70.00,70.00,70.00,70.00,200,920
20200305,11:19,70.00,70.00,70.00,70.00,200,920
20200305,11:21,75.00,75.00,75.00,75.00,20,1180
20200305,11:22,73.95,73.95,73.95,73.95,80,1180
20200305,11:23,73.95,75.00,71.90,71.90,120,1180
20200305,11:24,73.05,73.05,73.05,73.05,80,1180
20200305,11:35,70.75,70.75,70.75,70.75,20,1020
20200305,11:50,65.80,65.80,65.80,65.80,20,1120
20200305,11:56,72.60,72.60,72.60,72.60,20,1120
20200305,11:58,68.80,68.80,68.80,68.80,40,1120
20200305,12:04,64.10,64.10,61.00,61.00,100,1180
20200305,12:11,66.60,66.60,66.60,66.60,40,1100
20200305,12:15,60.00,60.00,60.00,60.00,20,1100
20200305,12:18,61.20,61.20,60.00,60.00,140,1160
20200305,12:36,60.00,60.00,60.00,60.00,60,1200
20200305,12:39,36.05,36.05,36.05,36.05,60,1180
20200305,12:43,36.05,36.05,36.05,36.05,20,1120
20200305,12:44,72.95,72.95,72.95,72.95,20,1120
20200305,13:01,72.95,72.95,72.95,72.95,20,1120
20200305,13:04,65.60,65.60,65.60,65.60,20,1140
20200305,13:07,62.50,62.50,62.50,62.50,40,1120
20200305,13:08,62.50,62.50,62.50,62.50,60,1120
20200305,13:10,62.50,62.50,62.50,62.50,100,1100
20200305,13:22,47.00,47.00,47.00,47.00,20,1200
20200305,13:55,83.95,83.95,63.00,63.00,40,1200
20200305,13:56,79.95,79.95,79.95,79.95,20,1200
20200305,14:00,90.00,90.00,90.00,90.00,20,1220
20200305,14:07,59.40,59.40,59.40,59.40,100,1220
20200305,14:14,75.00,75.00,75.00,75.00,100,1120
20200305,14:19,75.00,75.00,75.00,75.00,40,1220
20200305,14:40,100.00,100.00,100.00,100.00,100,1180
20200305,14:42,75.30,75.30,75.30,75.30,20,1180
20200305,14:44,75.35,75.35,75.35,75.35,220,1260
20200305,14:45,76.00,76.00,76.00,76.00,40,1260
20200305,14:47,76.00,76.00,76.00,76.00,120,1260
20200305,14:48,76.00,76.00,76.00,76.00,580,1260
20200305,14:49,75.00,75.00,75.00,75.00,20,1260
20200305,14:54,74.95,74.95,70.00,70.00,120,1780
20200305,14:55,80.00,80.00,80.00,80.00,20,1780
20200305,14:57,85.00,85.00,85.00,85.00,20,1780
20200305,14:58,75.90,75.90,75.90,75.90,80,1780
20200305,14:59,68.45,68.45,68.45,68.45,80,1780
20200305,15:05,68.45,68.45,68.45,68.45,20,1780
20200305,15:06,74.00,74.00,74.00,74.00,20,1800
20200305,15:08,86.65,86.65,68.00,68.00,120,1800
20200305,15:11,78.40,78.40,78.40,78.40,60,1880
20200305,15:12,80.00,80.00,80.00,80.00,60,1880
20200305,15:14,80.05,80.05,80.05,80.05,20,1940
20200305,15:15,72.20,72.20,72.20,72.20,20,1940
20200305,15:16,83.35,83.35,72.40,72.40,60,1860
20200305,15:17,81.20,81.20,73.05,73.05,520,1860
20200305,15:18,73.05,77.05,73.05,77.05,40,2280
20200305,15:19,79.30,79.30,79.30,79.30,20,2280
20200305,15:20,76.55,76.55,76.55,76.55,40,2280
20200305,15:23,82.00,82.00,75.10,77.00,220,2240
20200305,15:24,75.55,82.00,75.55,81.40,60,2380
20200305,15:25,81.40,86.20,81.40,84.20,280,2380
20200305,15:26,89.90,89.90,85.70,85.70,220,2380
20200305,15:27,76.00,76.00,76.00,76.00,140,2380
20200305,15:28,86.70,94.80,76.00,94.80,480,2620
20200305,15:29,76.00,91.40,76.00,91.40,220,2620
20200306,09:25,461.50,498.95,459.00,475.45,561,2900
20200306,09:26,478.05,480.15,451.20,451.20,7200,3120
20200306,09:27,450.00,450.00,393.25,407.85,10800,3120
20200306,09:28,409.70,418.45,380.00,405.30,8300,3120
20200306,09:29,410.80,438.45,404.35,434.75,4520,10860
20200306,09:30,434.05,449.00,425.20,443.15,5100,10860
20200306,09:31,435.00,443.20,426.85,437.50,11620,10860
20200306,09:32,437.90,465.00,437.90,450.90,7260,18540
20200306,09:33,457.00,463.30,439.85,458.35,5600,18540
20200306,09:34,458.60,465.00,448.40,458.05,3280,18540
20200306,09:35,456.10,462.00,441.40,441.40,3440,20960
20200306,09:36,441.95,445.15,411.45,435.50,8680,20960
20200306,09:37,440.60,440.60,420.85,423.10,1620,20960
20200306,09:38,422.05,437.20,417.00,419.20,7360,26000
20200306,09:39,419.85,431.00,414.40,414.70,2960,26000
20200306,09:40,413.85,431.25,413.85,426.50,2840,26000
20200306,09:41,425.20,443.35,423.50,434.00,3960,27140
20200306,09:42,433.30,440.95,430.00,430.25,2940,27140
20200306,09:43,428.00,431.15,420.00,424.45,2320,27140
20200306,09:44,424.45,428.90,415.00,415.00,2580,26580
20200306,09:45,416.15,428.35,414.10,427.90,2360,26580
20200306,09:46,421.65,422.90,410.00,416.25,3020,26580
20200306,09:47,418.20,429.95,418.20,427.20,640,28720
20200306,09:48,425.30,434.65,425.30,426.35,1720,28720
20200306,09:49,429.75,430.00,419.45,427.40,3780,28720
20200306,09:50,427.00,429.45,423.40,427.55,1560,28440
20200306,09:51,429.00,429.30,417.40,417.40,1320,28440
20200306,09:52,414.45,426.95,414.45,426.95,4220,28440
20200306,09:53,426.45,431.60,424.10,429.00,1320,27600
20200306,09:54,431.05,440.00,431.05,435.35,3000,27600
20200306,09:55,434.95,443.45,433.95,439.65,3060,27600
20200306,09:56,439.25,439.65,425.10,430.80,3780,28840
20200306,09:57,428.25,434.35,428.25,431.60,580,28840
20200306,09:58,431.60,431.60,421.00,424.55,1440,28840
20200306,09:59,420.50,425.95,420.50,425.45,940,28760
20200306,10:00,426.35,431.35,404.00,408.10,6560,28760
20200306,10:01,409.20,409.20,322.70,367.15,12300,28760
20200306,10:02,367.20,372.35,359.35,363.55,2860,28380
20200306,10:03,361.00,371.95,360.00,371.95,2100,28380
20200306,10:04,377.55,381.85,363.00,365.00,2360,28380
20200306,10:05,361.55,362.30,330.20,330.20,8180,28960
20200306,10:06,325.10,341.95,319.00,339.95,4300,28960
20200306,10:07,335.00,350.85,332.55,350.85,2440,28960
20200306,10:08,348.10,350.00,342.50,346.60,1960,28840
20200306,10:09,348.15,358.90,348.15,354.50,1320,28840
20200306,10:10,356.60,370.55,355.40,370.55,3440,28840
20200306,10:11,373.35,377.20,370.20,372.45,3760,30160
20200306,10:12,371.25,375.00,366.40,368.95,2020,30160
20200306,10:13,370.00,377.00,368.95,369.70,2260,30160
20200306,10:14,369.10,406.40,369.10,400.40,6220,32520
20200306,10:15,398.40,409.60,393.80,396.55,3320,32520
20200306,10:16,398.75,398.75,382.45,389.30,2160,32520
20200306,10:17,392.05,395.05,385.25,385.25,920,32980
20200306,10:18,384.75,395.75,384.75,395.25,980,32980
20200306,10:19,394.05,397.00,384.60,390.00,1520,32980
20200306,10:20,390.85,396.00,390.85,393.55,1240,33120
20200306,10:21,394.45,408.45,393.85,405.50,2540,33120
20200306,10:22,406.00,406.00,396.50,397.10,540,33120
20200306,10:23,397.35,404.00,397.35,401.00,680,32960
20200306,10:24,404.10,432.65,398.50,424.45,4180,32960
20200306,10:25,429.95,455.35,425.00,440.40,5740,32960
20200306,10:26,438.95,441.40,424.00,433.85,1740,32280
20200306,10:27,433.80,434.60,419.70,419.70,920,32280
20200306,10:28,419.00,419.00,408.15,417.95,1720,32280
20200306,10:29,416.65,437.95,416.65,437.95,1500,31720
20200306,10:30,439.40,446.65,433.25,433.45,2000,31720
20200306,10:31,425.20,438.00,422.15,438.00,1340,31720
20200306,10:32,437.25,441.25,437.00,441.25,460,31080
20200306,10:33,439.05,442.85,435.25,442.10,540,31080
20200306,10:34,436.20,438.40,399.00,408.50,3480,31080
20200306,10:35,410.65,429.60,408.00,422.75,1800,31420
20200306,10:36,425.55,436.50,425.55,436.50,1560,31420
20200306,10:37,438.05,440.55,432.00,433.80,1200,31420
20200306,10:38,435.75,455.00,435.75,442.55,2700,30820
20200306,10:39,442.25,450.90,440.30,450.90,780,30820
20200306,10:40,451.45,455.00,439.45,439.45,2600,30820
20200306,10:41,436.90,445.75,431.85,432.05,1980,31360
20200306,10:42,435.00,439.80,431.15,434.00,480,31360
20200306,10:43,436.60,439.90,435.65,435.65,620,31360
20200306,10:44,437.15,444.30,427.65,431.15,1720,32120
20200306,10:45,432.30,432.30,412.90,426.40,2280,32120
20200306,10:46,429.25,443.05,429.25,443.05,920,32120
20200306,10:47,441.60,443.45,438.80,443.45,1720,31060
20200306,10:48,442.10,443.00,435.90,440.35,600,31060
20200306,10:49,440.35,443.90,434.05,436.45,2160,31060
20200306,10:50,436.30,445.90,435.20,445.25,1080,31000
20200306,10:51,448.25,455.50,445.25,453.70,3220,31000
20200306,10:52,452.25,452.75,435.55,435.55,1280,31000
20200306,10:53,439.40,439.40,425.25,428.40,2240,30060
20200306,10:54,430.00,450.45,430.00,450.45,1000,30060
20200306,10:55,450.50,458.65,448.35,448.75,1760,30060
20200306,10:56,450.65,455.55,434.40,439.20,1040,31040
20200306,10:57,440.50,443.95,435.00,437.70,2320,31040
20200306,10:58,440.00,446.05,438.65,446.05,660,31040
20200306,10:59,446.00,449.20,440.00,447.00,620,31660
20200306,11:00,448.00,453.85,440.00,440.00,1280,31660
20200306,11:01,436.45,442.75,435.80,440.05,1060,31660
20200306,11:02,440.00,445.60,440.00,441.90,640,30260
20200306,11:03,443.55,443.55,436.00,442.75,200,30260
20200306,11:04,442.75,447.85,441.10,441.20,1020,30260
20200306,11:05,440.00,446.50,434.95,434.95,860,30400
20200306,11:06,437.25,444.30,433.00,442.95,1360,30400
20200306,11:07,445.75,445.75,437.65,438.55,660,30400
20200306,11:08,438.90,462.55,438.90,454.55,2760,30460
20200306,11:09,453.80,456.40,451.30,456.40,600,30460
20200306,11:10,456.75,459.45,445.20,458.70,2320,30460
20200306,11:11,462.00,469.55,458.60,460.00,2900,30960
20200306,11:12,460.70,462.85,448.75,450.00,3020,30960
20200306,11:13,448.05,448.35,440.00,447.60,2640,30960
20200306,11:14,448.80,454.00,445.55,447.65,1560,30840
20200306,11:15,446.70,460.10,446.70,459.50,2280,30840
20200306,11:16,456.35,465.60,456.35,465.15,2560,30840
20200306,11:17,465.35,465.35,455.00,459.25,360,32020
20200306,11:18,460.10,465.95,460.00,460.40,820,32020
20200306,11:19,464.05,464.05,444.40,447.30,2060,32020
20200306,11:20,445.20,453.75,443.30,446.00,4560,32140
20200306,11:21,449.30,458.25,449.30,456.45,1400,32140
20200306,11:22,455.00,455.95,452.50,455.95,280,32140
20200306,11:23,452.80,452.80,443.50,446.20,1180,32280
20200306,11:24,444.20,444.20,429.55,436.95,5640,32280
20200306,11:25,437.00,438.70,415.00,424.10,4980,32280
20200306,11:26,422.65,422.65,414.50,422.20,3220,33120
20200306,11:27,425.40,430.55,424.35,426.05,1300,33120
20200306,11:28,423.15,423.65,410.35,414.00,2220,33120
20200306,11:29,414.90,415.50,393.40,401.30,11280,33620
20200306,11:30,402.70,432.65,402.05,429.10,5000,33620
20200306,11:31,429.70,453.65,425.70,442.45,4160,33620
20200306,11:32,443.95,457.40,441.50,451.10,2780,34960
20200306,11:33,451.75,453.25,439.60,439.60,2620,34960
20200306,11:34,437.35,450.40,437.35,450.35,4100,34960
20200306,11:35,452.50,456.00,441.30,447.40,3300,36400
20200306,11:36,447.75,459.15,441.35,456.85,6220,36400
20200306,11:37,454.90,461.35,453.25,455.70,1600,36400
20200306,11:38,452.85,459.05,446.00,451.15,2740,36660
20200306,11:39,452.70,460.90,447.90,452.20,2000,36660
20200306,11:40,451.60,451.60,440.05,447.70,1900,36660
20200306,11:41,448.50,450.35,437.25,445.00,3320,35820
20200306,11:42,445.40,449.00,442.40,442.40,1680,35820
20200306,11:43,439.95,441.20,430.00,436.30,2880,35820
20200306,11:44,434.30,439.90,430.00,437.80,2900,36340
20200306,11:45,437.15,457.45,435.70,457.45,3460,36340
20200306,11:46,457.70,457.85,448.05,451.45,800,36340
20200306,11:47,446.00,455.00,443.90,445.35,1320,34820
20200306,11:48,449.25,449.25,441.95,441.95,500,34820
20200306,11:49,438.70,450.85,437.00,447.75,2980,34820
20200306,11:50,450.95,453.25,441.05,441.05,1340,36480
20200306,11:51,442.80,451.45,442.70,449.65,680,36480
20200306,11:52,449.95,457.45,449.95,455.30,1900,36480
20200306,11:53,452.50,460.05,451.30,454.25,3280,36320
20200306,11:54,454.35,454.35,448.45,452.95,640,36320
20200306,11:55,455.00,455.00,449.95,449.95,360,36320
20200306,11:56,447.15,451.70,445.00,449.25,500,34940
20200306,11:57,444.25,444.25,431.30,439.05,3360,34940
20200306,11:58,437.10,437.10,417.35,426.55,3860,34940
20200306,11:59,426.55,437.30,423.45,435.55,4400,35240
20200306,12:00,437.75,437.75,431.25,434.50,1100,35240
20200306,12:01,435.25,444.70,435.25,436.55,980,35240
20200306,12:02,435.60,439.95,433.00,436.95,340,35380
20200306,12:03,439.00,440.25,431.25,436.20,1040,35380
20200306,12:04,434.00,437.85,427.10,434.10,1280,35380
20200306,12:05,434.25,447.25,434.25,439.15,1400,35740
20200306,12:06,438.50,444.55,436.30,444.55,940,35740
20200306,12:07,446.75,449.35,441.25,444.10,1640,35740
20200306,12:08,442.40,442.40,434.80,438.80,640,35760
20200306,12:09,437.50,437.75,430.85,435.35,1300,35760
20200306,12:10,436.60,436.60,424.55,424.55,880,35760
20200306,12:11,425.95,426.65,415.05,424.40,3260,35400
20200306,12:12,424.55,433.00,423.85,430.05,1300,35400
20200306,12:13,430.00,438.00,428.25,436.05,2040,35400
20200306,12:14,437.00,438.05,428.80,428.80,880,36100
20200306,12:15,430.95,446.25,430.95,440.45,2640,36100
20200306,12:16,440.85,451.00,440.55,451.00,5500,36100
20200306,12:17,450.65,452.65,442.70,446.70,2340,36760
20200306,12:18,445.00,451.50,444.40,444.40,1140,36760
20200306,12:19,442.80,445.50,438.25,439.40,1080,36760
20200306,12:20,440.75,443.30,436.65,438.95,2420,37160
20200306,12:21,438.90,441.25,432.50,435.05,1280,37160
20200306,12:22,437.70,442.45,437.50,441.20,800,37160
20200306,12:23,438.40,440.55,434.55,437.45,600,37160
20200306,12:24,440.00,440.00,432.60,438.35,1860,37160
20200306,12:25,436.95,437.95,435.00,437.10,220,37160
20200306,12:26,437.10,437.10,431.80,431.80,1160,36860
20200306,12:27,433.50,436.70,429.40,435.60,740,36860
20200306,12:28,432.15,433.30,427.15,427.30,580,36860
20200306,12:29,428.10,432.15,420.45,422.70,4520,37080
20200306,12:30,420.50,420.50,401.05,404.45,6240,37080
20200306,12:31,405.35,406.00,369.75,370.55,9740,37080
20200306,12:32,368.00,380.05,367.45,373.30,2860,40780
20200306,12:33,374.45,374.90,351.40,362.25,4680,40780
20200306,12:34,360.80,372.65,360.05,367.00,5580,40780
20200306,12:35,367.05,367.05,354.45,366.25,7360,39820
20200306,12:36,367.65,394.25,365.65,389.05,5600,39820
20200306,12:37,387.15,391.75,382.35,389.75,4900,39820
20200306,12:38,387.40,387.85,380.20,383.60,1980,38060
20200306,12:39,384.80,384.80,365.10,371.40,1980,38060
20200306,12:40,372.55,379.40,368.00,379.40,1860,38060
20200306,12:41,379.40,386.55,372.55,381.50,3240,40700
20200306,12:42,380.45,386.20,376.75,379.05,1020,40700
20200306,12:43,378.50,386.65,378.50,386.65,880,40700
20200306,12:44,387.25,387.25,378.50,382.65,4540,40640
20200306,12:45,385.00,386.00,382.15,386.00,740,40640
20200306,12:46,391.10,391.10,379.15,380.30,3140,40640
20200306,12:47,381.70,382.40,375.20,379.00,1580,38320
20200306,12:48,379.20,390.40,379.20,390.40,3620,38320
20200306,12:49,391.00,391.30,385.00,385.45,1320,38320
20200306,12:50,385.50,396.10,385.50,392.30,3000,38980
20200306,12:51,393.10,394.00,387.50,388.25,880,38980
20200306,12:52,387.25,410.65,386.60,402.05,3300,38980
20200306,12:53,401.50,407.90,396.60,397.00,2000,38980
20200306,12:54,399.35,401.60,395.05,395.05,2040,39800
20200306,12:55,395.00,395.80,387.85,395.80,2340,39800
20200306,12:56,395.00,398.10,388.00,388.00,840,39480
20200306,12:57,388.40,389.60,376.55,385.25,6060,39480
20200306,12:58,380.20,381.80,372.25,377.50,3920,39480
20200306,12:59,377.20,384.95,376.85,383.00,4620,38340
20200306,13:00,382.20,387.80,377.45,384.35,2000,38340
20200306,13:01,385.30,385.30,375.90,375.90,2640,38340
20200306,13:02,377.75,382.70,376.30,379.60,2260,38420
20200306,13:03,378.65,378.65,373.20,378.30,2180,38420
20200306,13:04,379.85,381.80,375.20,378.90,2280,38420
20200306,13:05,378.90,379.00,370.25,374.50,1760,38220
20200306,13:06,372.15,380.00,372.15,376.90,1020,38220
20200306,13:07,375.00,375.00,365.30,367.20,1880,38220
20200306,13:08,368.05,372.50,368.05,371.60,1040,38820
20200306,13:09,371.35,375.25,355.20,355.20,3360,38820
20200306,13:10,354.05,363.35,311.75,321.40,16460,38820
20200306,13:11,312.55,325.05,301.30,324.10,15220,37640
20200306,13:12,326.15,326.15,310.00,321.05,6020,37640
20200306,13:13,323.20,333.95,314.30,321.90,4760,37640
20200306,13:14,322.70,330.00,318.00,318.00,3100,38500
20200306,13:15,316.00,316.00,291.35,309.30,9000,38500
20200306,13:16,309.15,309.15,297.45,304.00,9220,38500
20200306,13:17,303.50,303.50,280.00,288.25,9960,37160
20200306,13:18,288.30,302.75,285.35,302.30,5640,37160
20200306,13:19,304.70,312.05,301.40,310.15,4000,37160
20200306,13:20,306.80,307.70,296.15,307.70,8520,39120
20200306,13:21,307.60,318.40,306.05,313.60,4160,39120
20200306,13:22,314.75,320.00,309.40,318.60,4320,39120
20200306,13:23,315.45,322.35,311.90,322.35,2520,37880
20200306,13:24,319.00,319.00,308.00,318.40,3400,37880
20200306,13:25,317.10,323.50,309.40,318.60,3480,37880
20200306,13:26,315.60,317.55,309.00,314.90,4060,36460
20200306,13:27,314.40,317.55,310.00,311.15,2500,36460
20200306,13:28,314.10,317.05,313.45,315.65,2240,36460
20200306,13:29,315.00,332.80,315.00,327.70,4720,36600
20200306,13:30,328.60,348.25,326.70,344.95,5520,36600
20200306,13:31,343.85,348.35,340.95,343.75,5760,36600
20200306,13:32,345.30,345.30,338.40,340.15,2420,40500
20200306,13:33,341.00,341.00,326.00,331.90,5960,40500
20200306,13:34,331.15,338.70,327.20,331.75,2400,40500
20200306,13:35,330.35,340.75,330.00,340.05,1660,38700
20200306,13:36,340.35,342.95,331.90,333.50,2200,38700
20200306,13:37,333.95,336.00,315.00,319.55,5020,38700
20200306,13:38,322.15,330.10,319.65,325.35,3940,39260
20200306,13:39,325.90,328.20,322.25,325.85,1620,39260
20200306,13:40,322.00,336.65,321.25,335.35,2360,39260
20200306,13:41,333.45,342.45,333.45,340.90,4240,40400
20200306,13:42,345.90,345.90,334.90,337.80,2740,40400
20200306,13:43,338.60,348.95,337.25,342.65,2960,40400
20200306,13:44,342.65,342.65,334.20,335.90,4180,40400
20200306,13:45,337.35,345.55,336.00,345.35,4800,40660
20200306,13:46,344.95,344.95,327.80,327.80,3640,40660
20200306,13:47,329.45,329.45,316.75,325.70,2480,39620
20200306,13:48,324.50,327.05,311.00,318.25,2960,39620
20200306,13:49,315.70,323.05,315.70,322.35,1640,39620
20200306,13:50,320.60,323.55,313.60,319.85,4260,39620
20200306,13:51,318.80,325.20,316.85,321.00,2800,40980
20200306,13:52,324.75,324.75,317.60,319.05,2540,40980
20200306,13:53,319.00,323.10,316.95,318.55,1100,40980
20200306,13:54,314.65,326.80,310.00,326.75,4900,41500
20200306,13:55,328.30,334.15,326.60,327.65,3220,41500
20200306,13:56,328.60,337.05,328.60,334.95,980,41500
20200306,13:57,333.65,333.65,326.60,327.60,1340,41200
20200306,13:58,321.70,321.70,314.35,314.35,1920,41200
20200306,13:59,313.55,313.55,235.95,256.40,23120,41200
20200306,14:00,254.40,260.85,243.70,258.70,7180,43400
20200306,14:01,260.65,263.20,248.15,263.00,7620,43400
20200306,14:02,262.90,278.65,260.50,276.10,3860,43400
20200306,14:03,275.00,282.15,271.45,277.70,4960,44540
20200306,14:04,280.40,301.80,278.90,290.00,3480,44540
20200306,14:05,290.00,297.25,287.75,291.50,2600,44540
20200306,14:06,294.15,306.20,293.95,294.50,2260,44140
20200306,14:07,297.00,306.90,297.00,299.25,1440,44140
20200306,14:08,300.95,318.55,300.95,318.05,6900,44140
20200306,14:09,317.95,319.85,308.35,311.00,5200,45000
20200306,14:10,310.00,315.70,303.80,311.30,2280,45000
20200306,14:11,310.20,313.15,302.20,309.90,1500,45000
20200306,14:12,308.25,315.15,307.15,315.15,1500,45300
20200306,14:13,315.60,316.00,309.70,314.00,1640,45300
20200306,14:14,314.45,326.30,309.65,326.30,1700,45300
20200306,14:15,330.00,334.00,318.65,322.75,3220,46360
20200306,14:16,323.20,331.40,314.60,331.40,1800,46360
20200306,14:17,329.80,353.80,326.00,348.50,6220,46360
20200306,14:18,345.75,368.55,344.40,356.95,4420,45420
20200306,14:19,356.65,364.60,344.55,344.60,8500,45420
20200306,14:20,346.30,357.95,344.65,353.05,2580,45420
20200306,14:21,354.20,355.55,331.30,334.90,8320,48360
20200306,14:22,335.00,337.70,322.30,335.95,3080,48360
20200306,14:23,338.70,346.70,337.65,340.55,2040,48360
20200306,14:24,340.00,342.05,325.70,332.10,3700,50040
20200306,14:25,328.10,328.10,295.65,305.15,8420,50040
20200306,14:26,302.30,308.00,296.15,300.45,4900,50040
20200306,14:27,301.30,316.20,301.30,308.00,3320,53520
20200306,14:28,307.45,311.90,297.00,304.75,4860,53520
20200306,14:29,304.55,316.05,302.60,315.25,1440,53520
20200306,14:30,313.60,315.00,304.50,304.50,3600,53160
20200306,14:31,302.30,307.55,297.40,306.30,4540,53160
20200306,14:32,305.10,313.10,305.10,310.85,1460,53160
20200306,14:33,313.15,313.15,297.15,309.75,1520,53620
20200306,14:34,308.40,308.40,272.40,290.05,6200,53620
20200306,14:35,291.00,291.00,275.90,283.50,1380,53620
20200306,14:36,281.70,281.70,252.65,265.05,12100,51860
20200306,14:37,267.25,281.00,265.95,274.55,3220,51860
20200306,14:38,275.85,298.60,275.85,298.30,7560,51860
20200306,14:39,297.25,298.00,285.00,285.00,2260,52780
20200306,14:40,286.05,310.90,286.05,305.40,2120,52780
20200306,14:41,307.90,307.90,297.05,300.85,1420,52780
20200306,14:42,301.00,304.30,295.00,304.30,1080,51600
20200306,14:43,301.90,310.30,301.90,305.00,2060,51600
20200306,14:44,305.30,312.40,295.85,297.00,5260,51600
20200306,14:45,298.05,303.35,294.95,299.00,1740,51360
20200306,14:46,298.15,302.40,296.35,302.05,2640,51360
20200306,14:47,297.95,328.80,297.95,316.70,10120,51360
20200306,14:48,318.05,320.00,302.95,302.95,3320,55140
20200306,14:49,303.10,303.10,290.00,292.40,3320,55140
20200306,14:50,290.55,290.55,271.30,282.95,7020,55140
20200306,14:51,282.50,285.00,273.30,278.60,2920,54260
20200306,14:52,277.50,283.30,265.05,270.70,4540,54260
20200306,14:53,275.80,283.90,274.75,280.55,900,54260
20200306,14:54,281.05,292.35,280.30,285.55,2800,51500
20200306,14:55,281.20,298.05,280.00,292.70,4140,51500
20200306,14:56,291.70,297.30,283.20,295.60,1180,51500
20200306,14:57,295.95,301.35,289.45,296.30,1880,50660
20200306,14:58,294.45,294.45,260.10,265.70,4620,50660
20200306,14:59,266.05,267.55,234.00,250.40,17560,50660
20200306,15:00,252.95,271.85,252.95,271.85,3520,48880
20200306,15:01,270.00,280.45,267.50,278.65,3300,48880
20200306,15:02,275.50,275.50,265.65,266.30,3640,48880
20200306,15:03,266.50,277.60,266.50,272.95,520,49380
20200306,15:04,276.00,288.70,270.00,286.00,3140,49380
20200306,15:05,284.00,300.70,284.00,293.70,7020,49380
20200306,15:06,297.80,308.80,295.85,304.05,4580,50460
20200306,15:07,304.00,310.70,291.00,293.40,6620,50460
20200306,15:08,295.80,309.20,295.00,298.40,5780,50460
20200306,15:09,297.25,298.25,292.90,294.80,1920,47360
20200306,15:10,300.55,302.10,290.90,292.80,3260,47360
20200306,15:11,295.10,309.50,295.10,300.05,3040,47360
20200306,15:12,302.15,303.40,295.40,300.05,4560,45300
20200306,15:13,303.15,310.70,300.75,302.20,3800,45300
20200306,15:14,305.00,306.05,293.20,298.55,4100,45300
20200306,15:15,299.15,306.00,298.20,304.30,2720,42720
20200306,15:16,303.20,306.25,299.30,306.25,2520,42720
20200306,15:17,307.00,307.50,300.60,301.40,2220,42720
20200306,15:18,302.90,306.95,298.95,302.55,2420,39340
20200306,15:19,302.90,308.00,300.45,306.00,4140,39340
20200306,15:20,304.40,305.70,299.95,304.60,4700,39340
20200306,15:21,302.55,302.55,294.70,299.90,3780,35480
20200306,15:22,298.70,300.95,286.15,286.90,6020,35480
20200306,15:23,289.10,298.20,289.00,297.70,3640,35480
20200306,15:24,297.20,300.35,296.80,298.40,3120,36820
20200306,15:25,298.55,304.30,297.65,300.25,2740,36820
20200306,15:26,301.10,303.60,299.75,303.60,2300,36820
20200306,15:27,302.35,304.55,300.95,300.95,3040,32820
20200306,15:28,301.50,303.00,298.80,300.80,10460,32820
20200306,15:29,301.75,301.75,291.90,300.00,3680,32820
20200309,09:15,523.20,701.20,523.20,567.00,13143,24400
20200309,09:16,569.45,577.90,466.30,488.15,7600,24400
20200309,09:17,513.25,580.00,513.25,580.00,9600,25720
20200309,09:18,573.65,590.95,567.90,582.65,2360,25720
20200309,09:19,590.10,599.55,575.65,575.65,3040,25720
20200309,09:20,578.05,578.05,559.55,569.40,1500,26260
20200309,09:21,577.95,593.15,567.60,593.15,2500,26260
20200309,09:22,593.10,608.85,583.50,601.30,1560,26260
20200309,09:23,602.70,607.30,589.10,591.95,7200,26440
20200309,09:24,591.15,596.45,573.80,583.85,960,26440
20200309,09:25,583.45,583.55,566.50,567.40,620,26440
20200309,09:26,573.25,594.45,573.25,584.25,1220,25080
20200309,09:27,590.15,615.00,590.15,599.35,1440,25080
20200309,09:28,600.20,610.00,600.20,606.50,520,25080
20200309,09:29,615.00,615.00,605.60,607.10,440,24220
20200309,09:30,606.35,626.30,606.35,620.00,1400,24220
20200309,09:31,620.70,620.70,607.30,619.45,1240,24220
20200309,09:32,620.00,642.00,616.95,625.25,4820,23580
20200309,09:33,622.65,629.40,617.10,622.70,560,23580
20200309,09:34,622.85,634.55,618.25,627.70,660,23580
20200309,09:35,633.90,640.00,623.20,629.50,380,22800
20200309,09:36,636.75,644.70,634.50,644.70,360,22800
20200309,09:37,638.85,680.00,638.85,670.00,1800,22800
20200309,09:38,672.00,725.20,672.00,699.10,2340,20420
20200309,09:39,697.85,723.20,684.45,723.20,1860,20420
20200309,09:40,727.90,727.90,691.05,695.00,740,20420
20200309,09:41,693.70,712.00,693.70,695.65,2120,19540
20200309,09:42,700.25,725.80,700.25,710.20,820,19540
20200309,09:43,710.00,721.00,696.90,699.25,1340,19540
20200309,09:44,692.10,709.25,691.15,709.25,380,20700
20200309,09:45,705.00,726.60,703.25,705.00,1640,20700
20200309,09:46,720.00,755.00,720.00,741.00,1700,20700
20200309,09:47,752.30,752.30,723.05,734.00,400,19240
20200309,09:48,750.00,750.00,734.00,750.00,1560,19240
20200309,09:49,750.00,787.80,750.00,767.35,1060,19240
20200309,09:50,768.95,769.60,754.15,767.90,500,19080
20200309,09:51,754.20,754.20,727.30,746.95,860,19080
20200309,09:52,743.15,746.50,732.05,732.05,360,19080
20200309,09:53,744.30,748.75,712.90,726.80,500,18740
20200309,09:54,731.40,741.65,731.40,741.65,160,18740
20200309,09:55,750.05,762.85,745.00,750.00,1600,18740
20200309,09:56,750.00,750.00,733.85,733.85,1100,18840
20200309,09:57,737.00,737.00,737.00,737.00,120,18840
20200309,09:58,750.00,750.00,730.80,730.80,160,18840
20200309,09:59,734.00,742.05,734.00,735.90,200,18780
20200309,10:00,735.90,743.05,735.90,743.05,60,18780
20200309,10:01,743.05,749.10,743.05,749.10,160,18780
20200309,10:02,737.95,744.60,737.95,744.60,340,18780
20200309,10:03,745.00,750.80,741.80,746.55,740,18880
20200309,10:04,747.25,747.85,747.25,747.85,40,18880
20200309,10:05,743.60,743.60,743.60,743.60,20,18880
20200309,10:06,744.00,747.65,744.00,747.65,160,19040
20200309,10:07,742.80,745.25,704.45,715.20,580,19040
20200309,10:08,725.00,725.00,715.00,715.00,140,19040
20200309,10:09,720.95,720.95,718.15,719.10,60,18560
20200309,10:10,713.85,722.75,685.10,685.10,920,18560
20200309,10:11,697.85,702.00,686.75,691.90,180,18560
20200309,10:12,721.40,726.55,716.20,716.20,500,18640
20200309,10:13,720.00,720.00,710.00,715.35,340,18640
20200309,10:14,717.95,720.00,712.65,712.65,100,18640
20200309,10:15,720.00,721.95,709.05,709.05,60,18680
20200309,10:16,708.00,708.00,703.70,703.70,160,18680
20200309,10:17,696.80,696.80,686.15,694.70,140,18640
20200309,10:18,696.80,696.80,681.90,681.90,100,18640
20200309,10:19,687.50,690.45,675.00,675.00,160,18640
20200309,10:20,687.85,687.85,687.85,687.85,20,18640
20200309,10:22,690.00,731.90,690.00,731.90,180,18500
20200309,10:23,721.05,731.90,719.50,731.90,60,18500
20200309,10:25,727.15,735.00,727.15,735.00,120,18480
20200309,10:26,742.25,745.00,734.50,734.50,480,18480
20200309,10:27,729.55,729.55,715.75,715.75,100,18560
20200309,10:28,733.50,733.50,726.70,726.70,180,18560
20200309,10:29,715.35,720.90,715.35,720.90,80,18440
20200309,10:30,737.35,743.35,730.00,730.00,240,18440
20200309,10:31,725.00,725.00,706.20,706.20,280,18440
20200309,10:32,710.65,730.55,710.65,716.90,420,18260
20200309,10:34,726.35,726.35,719.00,719.00,40,18260
20200309,10:36,722.30,722.30,722.30,722.30,20,17900
20200309,10:38,729.70,737.95,729.70,737.95,80,17900
20200309,10:39,739.00,740.20,739.00,740.20,460,18000
20200309,10:40,747.55,771.25,747.55,751.90,540,18000
20200309,10:41,757.65,763.55,752.00,761.55,260,17620
20200309,10:42,753.00,753.00,753.00,753.00,20,17620
20200309,10:43,750.15,750.15,750.15,750.15,40,17620
20200309,10:44,760.00,774.85,760.00,774.85,80,17600
20200309,10:45,790.85,790.85,777.05,777.05,1160,17600
20200309,10:46,784.55,784.55,773.80,773.80,160,17600
20200309,10:47,772.35,789.45,772.35,777.20,120,17600
20200309,10:48,767.40,767.40,760.35,760.35,380,18140
20200309,10:49,770.00,770.00,770.00,770.00,20,18140
20200309,10:50,789.80,811.85,789.80,801.85,660,18100
20200309,10:51,826.05,830.00,823.30,823.30,280,18100
20200309,10:52,819.95,861.35,819.95,825.60,4440,18100
20200309,10:53,810.05,812.45,791.80,791.80,1960,18100
20200309,10:54,798.05,798.05,768.60,768.60,240,17320
20200309,10:55,788.70,797.25,788.70,793.95,260,17320
20200309,10:56,793.95,807.05,793.95,807.05,120,17400
20200309,10:57,807.05,810.45,800.00,800.00,800,17400
20200309,10:58,806.95,806.95,806.95,806.95,40,17400
20200309,10:59,804.45,804.45,804.45,804.45,40,16620
20200309,11:00,799.45,816.00,799.45,816.00,200,16620
20200309,11:01,820.65,821.85,820.65,821.85,40,16620
20200309,11:02,814.00,814.00,814.00,814.00,40,16620
20200309,11:03,786.85,786.85,786.85,786.85,20,16380
20200309,11:06,791.70,791.70,785.75,785.75,80,16380
20200309,11:08,786.35,786.35,786.35,786.35,60,16380
20200309,11:10,799.15,799.15,787.50,787.50,80,16440
20200309,11:11,778.80,778.80,775.60,775.60,40,16440
20200309,11:14,776.05,776.05,776.05,776.05,60,16460
20200309,11:15,772.30,772.30,757.40,757.40,240,16400
20200309,11:18,765.75,770.85,765.75,770.85,40,16400
20200309,11:19,760.30,760.30,750.00,750.00,40,16400
20200309,11:20,750.00,750.00,750.00,750.00,20,16400
20200309,11:21,770.00,770.00,757.10,757.10,300,16420
20200309,11:22,768.90,768.90,768.90,768.90,160,16420
20200309,11:23,770.50,770.50,770.50,770.50,20,16420
20200309,11:24,779.90,779.90,769.95,769.95,240,16220
20200309,11:25,780.50,780.50,780.50,780.50,40,16220
20200309,11:27,795.35,795.35,777.50,777.50,160,16220
20200309,11:28,768.25,768.25,757.20,757.20,400,16220
20200309,11:29,765.40,775.00,765.40,775.00,80,16220
20200309,11:30,757.80,762.15,757.80,762.15,80,16560
20200309,11:31,775.00,775.00,768.25,769.55,140,16560
20200309,11:32,762.00,762.00,756.65,756.65,140,16560
20200309,11:34,783.55,789.35,783.55,783.55,120,16500
20200309,11:35,783.55,783.55,783.55,783.55,40,16500
20200309,11:36,771.20,771.20,771.20,771.20,20,15500
20200309,11:37,785.00,785.00,785.00,785.00,100,15500
20200309,11:38,773.35,773.35,770.05,770.75,200,15500
20200309,11:40,770.50,770.50,764.05,764.05,200,15480
20200309,11:41,753.25,757.40,723.00,723.00,260,15200
20200309,11:42,731.15,740.00,731.15,739.05,260,15200
20200309,11:44,759.90,770.10,752.50,752.50,340,15200
20200309,11:46,770.10,771.40,770.10,771.40,60,15180
20200309,11:47,758.35,758.35,758.35,758.35,60,15180
20200309,11:48,753.05,753.05,753.05,753.05,20,15180
20200309,11:50,744.45,744.45,744.45,744.45,40,15160
20200309,11:51,743.45,743.45,743.45,743.45,160,15160
20200309,11:52,740.00,740.00,740.00,740.00,40,15180
20200309,11:54,755.90,755.90,742.70,742.70,180,15180
20200309,11:55,744.75,745.00,738.00,738.00,460,15180
20200309,11:57,757.00,767.15,757.00,761.75,320,15400
20200309,11:58,754.55,761.75,754.55,761.40,100,15400
20200309,11:59,744.35,744.35,743.45,743.45,200,15400
20200309,12:00,725.65,725.65,725.65,725.65,40,15400
20200309,12:01,735.00,737.05,735.00,737.05,60,15340
20200309,12:02,737.05,737.05,737.05,737.05,20,15340
20200309,12:05,725.15,734.45,725.15,734.20,120,15300
20200309,12:06,736.45,736.45,733.70,733.70,120,15220
20200309,12:07,733.70,733.70,730.40,730.40,60,15220
20200309,12:08,733.15,740.70,733.15,740.70,100,15220
20200309,12:11,757.25,757.25,757.25,757.25,80,15080
20200309,12:15,725.00,725.00,695.00,695.00,1020,15080
20200309,12:16,680.00,709.10,680.00,709.10,140,15080
20200309,12:17,710.75,727.65,710.75,727.65,40,15080
20200309,12:18,723.75,723.75,723.75,723.75,20,15160
20200309,12:19,725.00,740.40,725.00,735.15,280,15160
20200309,12:23,742.10,744.80,742.10,744.80,140,15020
20200309,12:24,744.85,744.85,744.35,744.35,140,15060
20200309,12:25,737.90,737.90,737.90,737.90,20,15060
20200309,12:26,750.45,753.15,745.60,745.60,300,15060
20200309,12:28,756.25,763.95,756.25,763.95,120,15000
20200309,12:29,756.30,756.30,756.25,756.25,260,15000
20200309,12:30,765.00,775.75,765.00,769.90,200,15020
20200309,12:31,779.75,779.75,773.55,773.55,100,15020
20200309,12:32,773.60,773.60,773.60,773.60,20,15020
20200309,12:33,778.95,778.95,778.95,778.95,20,15020
20200309,12:35,760.85,760.85,757.10,757.10,260,15320
20200309,12:36,778.95,791.95,778.95,781.35,280,15320
20200309,12:37,779.80,823.05,779.80,808.10,640,15320
20200309,12:38,830.55,830.55,809.95,809.95,340,15320
20200309,12:39,810.00,821.10,802.55,821.10,120,15360
20200309,12:40,830.00,832.90,821.60,821.60,260,15360
20200309,12:41,814.00,814.00,804.10,804.10,200,15360
20200309,12:42,810.10,810.10,810.10,810.10,20,15300
20200309,12:45,834.10,834.10,834.10,834.10,40,15300
20200309,12:46,840.00,885.65,840.00,860.05,1060,15300
20200309,12:47,865.00,865.00,851.60,851.60,160,15300
20200309,12:48,853.70,872.55,853.70,872.55,140,15300
20200309,12:49,880.00,932.80,880.00,932.80,1320,14900
20200309,12:50,933.00,949.20,917.20,922.85,1940,14900
20200309,12:51,897.15,915.15,897.15,912.00,160,14300
20200309,12:52,917.05,930.00,917.05,922.15,180,14300
20200309,12:53,936.45,986.80,936.45,986.80,260,14300
20200309,12:54,986.80,986.80,969.05,969.05,260,14280
20200309,12:55,969.80,1170.70,969.80,1170.70,340,14280
20200309,12:56,1212.55,1470.70,1115.45,1115.90,1560,14280
20200309,12:57,1125.00,1125.00,1100.00,1121.90,580,14140
20200309,12:58,1121.55,1152.35,1114.00,1114.00,1060,14140
20200309,12:59,1126.45,1130.10,1098.10,1098.10,840,14140
20200309,13:00,1056.20,1065.90,1056.20,1062.25,220,14140
20200309,13:01,1090.00,1103.45,1090.00,1103.45,180,13060
20200309,13:02,1146.90,1146.90,1146.90,1146.90,80,13060
20200309,13:03,1166.40,1180.90,1162.75,1178.25,220,12960
20200309,13:04,1141.80,1141.80,1141.80,1141.80,20,12960
20200309,13:05,1170.40,1250.00,1170.40,1250.00,180,12960
20200309,13:06,1253.30,1253.30,1189.35,1213.55,240,12720
20200309,13:09,1348.00,1458.10,1348.00,1369.30,820,12800
20200309,13:10,1444.45,1444.45,1410.00,1410.00,1040,12800
20200309,13:11,1401.75,1427.35,1388.70,1427.35,440,12800
20200309,13:12,1311.60,1311.60,1311.60,1311.60,20,12340
20200309,13:13,1306.50,1319.45,1295.60,1296.25,120,12340
20200309,13:14,1296.00,1296.00,1296.00,1296.00,20,12340
20200309,13:15,1373.35,1390.70,1341.60,1349.10,300,12380
20200309,13:16,1344.70,1344.70,1279.00,1279.00,240,12380
20200309,13:18,1277.00,1277.00,1276.10,1276.10,80,12380
20200309,13:19,1304.35,1340.80,1304.35,1340.80,80,12560
20200309,13:20,1338.65,1338.65,1338.65,1338.65,40,12560
20200309,13:21,1276.15,1276.15,1276.15,1276.15,20,12560
20200309,13:22,1313.05,1313.05,1313.05,1313.05,40,12560
20200309,13:23,1307.15,1307.15,1307.15,1307.15,60,12560
20200309,13:24,1298.80,1298.80,1262.50,1283.00,440,12500
20200309,13:25,1297.20,1297.20,1297.20,1297.20,240,12500
20200309,13:26,1260.80,1260.80,1260.80,1260.80,20,12500
20200309,13:28,1315.05,1315.05,1315.00,1315.00,100,12360
20200309,13:29,1344.75,1429.70,1317.45,1429.70,1600,12360
20200309,13:30,1393.65,1433.75,1390.00,1433.75,120,12480
20200309,13:33,1380.00,1380.00,1359.00,1359.00,180,12480
20200309,13:36,1320.60,1320.60,1320.60,1320.60,40,12360
20200309,13:39,1321.60,1322.70,1294.90,1294.90,200,11920
20200309,13:40,1300.50,1300.50,1300.50,1300.50,60,11920
20200309,13:41,1298.80,1298.80,1292.30,1292.30,120,11920
20200309,13:42,1295.20,1318.50,1295.20,1318.50,220,11920
20200309,13:43,1288.20,1288.20,1274.00,1274.00,60,11780
20200309,13:44,1303.40,1303.40,1303.40,1303.40,80,11780
20200309,13:45,1272.85,1272.85,1272.85,1272.85,40,11780
20200309,13:46,1279.65,1279.65,1279.65,1279.65,20,11680
20200309,13:47,1307.10,1307.10,1307.10,1307.10,20,11680
20200309,13:48,1296.20,1296.20,1258.65,1258.65,220,11680
20200309,13:53,1263.20,1263.20,1263.20,1263.20,40,11660
20200309,13:54,1263.40,1263.80,1235.75,1235.75,120,11520
20200309,13:55,1247.00,1247.00,1244.25,1244.25,220,11520
20200309,13:57,1223.70,1254.40,1223.70,1254.40,180,11520
20200309,13:58,1258.80,1270.25,1258.80,1270.25,160,11320
20200309,13:59,1339.40,1339.40,1289.05,1315.60,120,11320
20200309,14:00,1296.50,1296.50,1296.50,1296.50,20,11320
20200309,14:01,1333.10,1333.10,1333.10,1333.10,220,11260
20200309,14:04,1253.00,1253.00,1253.00,1253.00,140,11260
20200309,14:05,1242.50,1242.50,1215.30,1215.30,160,11040
20200309,14:06,1236.80,1239.40,1180.55,1215.65,180,11040
20200309,14:08,1243.35,1278.25,1243.35,1278.25,140,11140
20200309,14:09,1304.75,1304.75,1304.75,1304.75,40,11140
20200309,14:12,1231.75,1231.75,1223.85,1223.85,40,11020
20200309,14:14,1211.60,1211.60,1211.60,1211.60,20,11020
20200309,14:15,1207.00,1207.00,1207.00,1207.00,140,11020
20200309,14:16,1204.10,1215.05,1204.10,1213.45,240,10940
20200309,14:17,1209.00,1209.00,1209.00,1209.00,20,10940
20200309,14:18,1187.10,1187.10,1187.00,1187.00,60,10940
20200309,14:19,1148.65,1148.65,1148.65,1148.65,20,11120
20200309,14:20,1168.00,1168.00,1168.00,1168.00,20,11120
20200309,14:21,1189.80,1189.80,1189.80,1189.80,20,11120
20200309,14:22,1241.00,1268.30,1238.95,1268.30,200,11100
20200309,14:23,1250.00,1254.45,1250.00,1254.45,460,11100
20200309,14:24,1280.00,1280.00,1280.00,1280.00,240,11100
20200309,14:25,1231.15,1231.15,1229.75,1229.75,40,11020
20200309,14:26,1217.50,1217.50,1217.45,1217.45,160,11020
20200309,14:27,1163.80,1163.80,1163.80,1163.80,20,11020
20200309,14:28,1146.55,1146.55,1123.05,1141.35,80,11040
20200309,14:29,1169.60,1172.80,1169.60,1172.80,80,11040
20200309,14:30,1146.20,1146.20,1124.60,1124.60,220,11060
20200309,14:31,1124.60,1124.60,1124.60,1124.60,60,11060
20200309,14:32,1170.00,1170.00,1145.40,1149.10,120,11060
20200309,14:33,1152.55,1161.00,1152.55,1161.00,40,11060
20200309,14:34,1121.60,1122.40,1093.40,1111.70,500,11020
20200309,14:35,1115.65,1118.70,1104.30,1104.30,220,11020
20200309,14:36,1119.90,1126.20,1119.90,1126.20,60,11060
20200309,14:37,1115.00,1115.00,1091.50,1091.50,160,11060
20200309,14:39,1130.00,1130.00,1130.00,1130.00,40,11060
20200309,14:40,1103.60,1105.50,1077.35,1077.35,100,11140
20200309,14:42,1095.30,1095.30,1062.60,1062.60,120,11140
20200309,14:43,1075.85,1075.85,1048.55,1048.55,100,11000
20200309,14:44,1045.20,1045.20,1045.20,1045.20,20,11000
20200309,14:45,1011.80,1011.80,964.60,987.30,180,10940
20200309,14:46,1000.10,1024.15,1000.10,1024.15,100,10940
20200309,14:49,992.10,992.10,992.10,992.10,20,10920
20200309,14:50,993.65,993.65,962.45,962.45,240,10920
20200309,14:51,962.30,962.30,953.05,953.05,240,10840
20200309,14:53,958.85,958.85,944.50,944.50,120,10840
20200309,14:54,920.90,920.90,920.90,920.90,20,10840
20200309,14:56,969.15,984.60,966.05,972.50,180,10660
20200309,14:57,966.45,967.40,912.15,912.15,400,10660
20200309,14:58,888.25,910.70,888.25,910.70,460,10660
20200309,14:59,928.25,928.25,928.25,928.25,20,10660
20200309,15:00,901.00,901.00,901.00,901.00,60,10660
20200309,15:01,862.50,863.65,862.50,863.65,140,10480
20200309,15:02,885.35,885.35,885.35,885.35,100,10480
20200309,15:03,885.00,885.00,853.15,853.15,240,10400
20200309,15:04,879.90,880.00,875.00,875.00,280,10400
20200309,15:05,913.95,913.95,913.95,913.95,60,10400
20200309,15:06,976.95,976.95,975.50,975.50,140,10340
20200309,15:07,977.00,977.00,977.00,977.00,40,10340
20200309,15:09,1005.70,1005.70,1005.70,1005.70,40,10340
20200309,15:10,1010.50,1010.50,1010.50,1010.50,40,10260
20200309,15:11,956.60,969.80,956.60,969.80,40,10260
20200309,15:14,945.80,968.95,945.80,968.95,40,10240
20200309,15:15,945.65,963.20,945.65,963.20,60,10240
20200309,15:16,1004.90,1004.90,978.70,986.30,100,10280
20200309,15:18,978.90,982.25,978.90,982.25,180,10280
20200309,15:20,978.85,1022.00,978.85,1022.00,160,10220
20200309,15:21,1006.15,1029.20,994.20,1028.80,780,10220
20200309,15:22,1035.50,1035.50,1035.50,1035.50,20,9880
20200309,15:23,1026.45,1078.30,1026.45,1041.00,260,9880
20200309,15:25,1037.55,1037.55,1020.00,1020.00,400,9920
20200309,15:26,1013.90,1013.90,992.00,996.75,360,9920
20200309,15:27,981.55,989.75,981.55,983.65,220,9920
20200309,15:28,996.25,996.25,996.25,996.25,280,9340
20200309,15:29,992.50,992.50,992.50,992.50,20,9340
20200311,09:15,925.60,961.20,925.60,961.20,141,8780
20200311,09:16,831.00,834.20,831.00,834.20,220,8780
20200311,09:17,852.70,905.75,852.70,905.75,200,8800
20200311,09:18,845.00,847.60,845.00,847.60,80,8800
20200311,09:19,860.00,860.00,819.75,819.75,280,8800
20200311,09:20,786.80,786.80,729.45,746.25,180,8800
20200311,09:21,747.90,747.90,747.90,747.90,200,8800
20200311,09:22,736.40,736.40,736.40,736.40,60,8800
20200311,09:23,780.50,780.50,780.50,780.50,220,8840
20200311,09:24,703.30,703.30,703.30,703.30,20,8840
20200311,09:26,703.30,703.30,703.30,703.30,20,8860
20200311,09:27,760.65,760.65,723.40,723.40,60,8860
20200311,09:28,725.00,725.00,725.00,725.00,40,8860
20200311,09:29,717.00,717.00,717.00,717.00,200,8860
20200311,09:30,747.00,768.50,724.85,768.50,240,8920
20200311,09:32,760.00,760.00,760.00,760.00,200,9140
20200311,09:33,793.15,804.20,784.65,784.65,420,9140
20200311,09:34,816.05,819.00,816.05,819.00,100,9140
20200311,09:35,795.00,799.75,795.00,799.75,40,9300
20200311,09:36,765.00,765.00,765.00,765.00,20,9300
20200311,09:38,818.80,818.80,818.80,818.80,20,9160
20200311,09:39,811.00,811.00,811.00,811.00,100,9160
20200311,09:40,838.75,868.50,838.75,868.50,320,9160
20200311,09:41,872.70,872.70,872.70,872.70,20,8920
20200311,09:42,855.00,855.00,855.00,855.00,20,8920
20200311,09:44,894.00,904.60,894.00,904.60,100,8940
20200311,09:45,922.30,931.55,922.30,930.15,120,8940
20200311,09:46,930.00,930.00,930.00,930.00,20,8940
20200311,09:47,910.00,910.00,900.25,900.25,60,8940
20200311,09:49,821.00,821.00,821.00,821.00,20,8980
20200311,09:50,855.00,855.00,855.00,855.00,80,8980
20200311,09:51,890.00,890.00,890.00,890.00,20,8980
20200311,09:53,880.00,880.00,880.00,880.00,20,8980
20200311,09:56,898.45,900.55,898.45,900.55,140,8960
20200311,09:57,895.00,895.00,895.00,895.00,20,8960
20200311,09:58,913.70,913.70,904.95,904.95,80,8960
20200311,09:59,906.80,914.80,906.80,914.80,120,8840
20200311,10:02,950.00,963.85,950.00,963.85,40,8840
20200311,10:03,963.85,963.85,943.45,959.05,60,8860
20200311,10:06,867.30,892.35,867.30,892.35,120,8840
20200311,10:09,940.00,993.00,940.00,993.00,100,8840
20200311,10:10,1044.00,1044.00,1036.80,1036.80,200,8840
20200311,10:11,960.00,960.00,960.00,960.00,20,8880
20200311,10:19,1065.10,1065.10,1065.10,1065.10,120,8860
20200311,10:20,1129.20,1129.20,1100.00,1100.00,140,8800
20200311,10:21,1071.20,1071.20,1071.00,1071.00,40,8800
20200311,10:24,1052.00,1052.00,1052.00,1052.00,20,8560
20200311,10:26,1092.35,1092.35,1092.35,1092.35,40,8560
20200311,10:27,1042.30,1042.30,1042.30,1042.30,20,8500
20200311,10:33,1100.00,1117.10,1073.60,1073.60,100,8480
20200311,10:35,1052.00,1052.00,1052.00,1052.00,20,8420
20200311,10:37,1098.00,1098.00,1098.00,1098.00,40,8420
20200311,10:39,1133.30,1133.30,1133.30,1133.30,100,8400
20200311,10:40,1125.10,1125.10,1103.10,1103.10,60,8400
20200311,10:41,1103.80,1103.80,1103.80,1103.80,40,8400
20200311,10:43,1107.30,1107.30,1107.30,1107.30,40,8400
20200311,10:47,1067.00,1067.00,1067.00,1067.00,20,8380
20200311,10:48,1084.80,1084.80,1084.80,1084.80,20,8380
20200311,10:49,1060.70,1060.70,1060.70,1060.70,60,8380
20200311,10:51,1068.95,1068.95,1068.95,1068.95,120,8420
20200311,10:52,1068.95,1068.95,1068.95,1068.95,80,8420
20200311,10:53,1068.55,1068.55,1064.05,1064.05,200,8420
20200311,10:55,1043.55,1043.55,1043.55,1043.55,20,8620
20200311,10:56,960.35,960.35,960.00,960.00,40,8620
20200311,10:58,958.80,960.00,958.80,960.00,40,8620
20200311,11:03,993.50,993.50,993.50,993.50,20,8640
20200311,11:09,987.60,987.60,987.60,987.60,120,8600
20200311,11:10,974.20,974.20,973.00,973.00,200,8600
20200311,11:11,994.90,1055.60,994.90,1055.60,80,8520
20200311,11:12,1045.10,1045.10,1045.10,1045.10,20,8520
20200311,11:15,1083.35,1083.35,1083.35,1083.35,20,8580
20200311,11:17,1052.70,1052.70,1052.70,1052.70,80,8480
20200311,11:19,1049.10,1049.10,1049.10,1049.10,240,8480
20200311,11:20,1056.80,1056.80,1056.80,1056.80,180,8480
20200311,11:34,963.55,963.55,963.55,963.55,60,8080
20200311,11:36,957.25,957.25,950.00,950.00,180,8120
20200311,11:38,900.00,900.00,900.00,900.00,60,8120
20200311,11:41,889.00,889.00,880.00,880.00,80,8260
20200311,11:42,862.45,862.45,860.00,860.00,40,8300
20200311,11:43,878.00,900.00,878.00,900.00,80,8300
20200311,11:46,833.35,833.35,833.35,833.35,40,8120
20200311,11:52,827.45,827.45,827.45,827.45,40,8120
20200311,11:54,784.40,784.40,784.40,784.40,40,8060
20200311,11:58,784.40,784.40,784.40,784.40,20,8060
20200311,11:59,759.00,759.00,759.00,759.00,20,8040
20200311,12:01,796.30,796.30,796.30,796.30,160,8040
20200311,12:04,849.15,849.15,849.15,849.15,20,8060
20200311,12:06,841.55,841.55,841.55,841.55,20,8060
20200311,12:07,853.00,853.00,853.00,853.00,40,8060
20200311,12:11,868.95,881.45,868.95,881.45,140,7980
20200311,12:20,849.65,849.65,849.65,849.65,20,7980
20200311,12:25,897.65,897.65,897.65,897.65,180,7980
20200311,12:30,847.80,847.80,847.80,847.80,20,8100
20200311,12:31,751.60,751.60,751.60,751.60,40,8100
20200311,12:34,780.70,780.70,780.70,780.70,60,8080
20200311,12:37,768.65,768.65,768.65,768.65,140,7960
20200311,12:38,745.80,745.80,745.80,745.80,20,7960
20200311,12:39,727.20,727.20,727.20,727.20,60,8100
20200311,12:41,727.50,727.50,727.50,727.50,20,8080
20200311,12:47,743.15,743.15,743.15,743.15,100,7960
20200311,12:49,751.10,751.10,751.10,751.10,20,8060
20200311,12:53,739.70,739.70,739.70,739.70,20,8000
20200311,12:55,750.00,750.00,750.00,750.00,40,8000
20200311,12:56,788.25,788.25,788.25,788.25,20,8000
20200311,12:59,793.40,805.25,793.40,805.25,40,7920
20200311,13:01,789.95,789.95,789.95,789.95,20,7920
20200311,13:04,734.60,734.60,734.60,734.60,40,7920
20200311,13:07,690.65,690.65,690.65,690.65,120,7900
20200311,13:11,690.65,690.65,690.65,690.65,20,7900
20200311,13:13,762.90,762.90,762.90,762.90,20,7920
20200311,13:16,762.90,762.90,762.90,762.90,20,7920
20200311,13:17,766.00,766.00,766.00,766.00,40,7920
20200311,13:18,758.00,758.00,758.00,758.00,20,7940
20200311,13:20,834.55,834.55,834.55,834.55,40,7940
20200311,13:30,732.00,732.00,732.00,732.00,20,7940
20200311,13:31,736.50,736.50,736.50,736.50,100,7940
20200311,13:33,748.00,748.00,748.00,748.00,20,7960
20200311,13:36,712.00,712.00,712.00,712.00,20,7960
20200311,13:38,718.00,718.00,718.00,718.00,20,7960
20200311,13:39,724.35,724.35,724.35,724.35,80,7980
20200311,13:41,669.25,669.25,669.25,669.25,100,7980
20200311,13:45,669.25,669.25,669.25,669.25,20,7960
20200311,13:47,796.35,796.35,796.35,796.35,20,7960
20200311,13:49,791.60,791.60,791.60,791.60,20,7920
20200311,13:50,768.95,768.95,759.55,759.55,60,7920
20200311,13:52,830.60,830.60,830.60,830.60,20,7920
20200311,13:53,852.70,852.70,852.70,852.70,20,7980
20200311,13:54,861.35,868.25,861.35,868.25,100,7980
20200311,13:55,892.00,950.00,892.00,950.00,40,7980
20200311,13:56,966.00,966.00,960.00,960.00,80,7980
20200311,13:57,920.90,920.90,895.70,895.70,80,7900
20200311,13:58,913.80,913.80,913.80,913.80,20,7900
20200311,14:00,941.90,985.00,941.90,984.55,280,7880
20200311,14:01,962.80,962.80,962.80,962.80,60,7880
20200311,14:03,915.00,915.00,900.00,900.00,100,7900
20200311,14:07,900.00,900.00,900.00,900.00,20,7940
20200311,14:09,950.00,950.65,950.00,950.65,100,7960
20200311,14:11,958.35,958.35,958.35,958.35,20,7960
20200311,14:12,956.70,956.70,956.70,956.70,20,8020
20200311,14:14,845.10,845.10,845.10,845.10,40,8020
20200311,14:15,826.00,826.00,771.25,771.25,80,7980
20200311,14:17,780.00,780.00,760.60,760.60,120,7980
20200311,14:18,784.95,826.30,784.95,826.30,140,8040
20200311,14:19,789.70,789.70,779.85,779.85,140,8040
20200311,14:21,810.00,810.00,793.20,793.20,80,8160
20200311,14:22,756.05,787.00,756.05,787.00,60,8160
20200311,14:23,750.00,750.25,750.00,750.25,40,8160
20200311,14:26,791.15,791.15,791.15,791.15,40,8160
20200311,14:29,766.75,766.75,766.75,766.75,20,8020
20200311,14:30,760.00,760.00,760.00,760.00,20,8020
20200311,14:31,798.80,798.80,798.80,798.80,20,8020
20200311,14:32,806.60,806.60,806.60,806.60,20,8020
20200311,14:35,801.25,801.25,801.25,801.25,20,8020
20200311,14:36,820.00,833.40,820.00,833.40,40,7980
20200311,14:38,860.00,860.00,860.00,860.00,20,7980
20200311,14:40,821.15,821.15,821.15,821.15,40,7960
20200311,14:41,806.80,806.80,806.80,806.80,20,7960
20200311,14:43,851.70,851.70,851.70,851.70,20,7960
20200311,14:44,851.00,851.00,851.00,851.00,60,7960
20200311,14:45,850.00,850.00,850.00,850.00,20,8000
20200311,14:46,871.80,871.80,871.80,871.80,60,8000
20200311,14:47,841.40,841.40,841.40,841.40,40,8000
20200311,14:59,800.00,800.00,800.00,800.00,20,7940
20200311,15:00,762.85,762.85,744.40,744.40,220,7940
20200311,15:04,816.90,826.15,816.90,826.15,60,8060
20200311,15:05,849.65,849.65,849.65,849.65,140,8060
20200311,15:06,883.40,892.35,883.40,892.35,60,7860
20200311,15:08,875.00,875.00,875.00,875.00,20,7860
20200311,15:09,893.10,893.10,893.10,893.10,40,7820
20200311,15:12,921.05,921.05,895.05,895.05,40,7840
20200311,15:16,907.85,907.85,907.85,907.85,20,7840
20200311,15:18,882.50,882.50,875.55,875.55,40,7840
20200311,15:19,880.60,880.80,880.60,880.80,60,7840
20200311,15:20,889.90,889.95,889.05,889.05,140,7840
20200311,15:21,890.00,890.00,890.00,890.00,40,7660
20200311,15:25,870.75,895.50,870.75,895.50,260,7660
20200311,15:26,895.50,895.70,895.50,895.70,480,7660
20200311,15:28,914.80,914.80,891.40,894.70,100,7300
20200312,09:15,2370.45,2370.45,2370.45,2370.45,21,6920
20200312,09:16,2389.90,2389.90,2389.90,2389.90,20,6920
20200312,09:18,2389.90,2389.90,2007.30,2007.30,40,6920
20200312,09:19,1991.45,1991.45,1987.75,1987.75,60,6920
20200312,09:20,1987.75,1987.75,1987.75,1987.75,40,6840
20200312,09:21,2037.95,2061.70,2037.95,2061.70,120,6840
20200312,09:22,2082.65,2105.70,2082.65,2105.70,280,6840
20200312,09:23,2110.90,2113.65,2096.05,2096.05,220,6740
20200312,09:24,2079.70,2108.15,2079.70,2108.15,40,6740
20200312,09:27,2130.50,2130.50,2130.50,2130.50,20,6720
20200312,09:31,2142.85,2142.85,2142.85,2142.85,20,6700
20200312,09:33,2128.05,2131.10,2128.05,2131.10,40,6700
20200312,09:40,2151.25,2151.25,2151.25,2151.25,20,6660
20200312,09:49,2229.20,2229.20,2229.20,2229.20,20,6660
20200312,09:53,2209.65,2219.30,2209.65,2219.30,80,6660
20200312,09:54,2226.85,2252.65,2226.85,2252.65,80,6660
20200312,09:55,2239.70,2245.00,2239.70,2245.00,100,6660
20200312,09:56,2267.55,2267.55,2267.55,2267.55,40,6540
20200312,09:57,2292.55,2292.55,2292.55,2292.55,60,6540
20200312,09:59,2297.35,2300.00,2295.00,2300.00,320,6480
20200312,10:00,2305.00,2327.60,2305.00,2310.00,180,6480
20200312,10:10,2259.15,2259.15,2259.15,2259.15,20,6180
20200312,10:24,2339.10,2339.10,2339.10,2339.10,60,6200
20200312,10:39,2349.45,2349.45,2349.45,2349.45,60,6140
20200312,10:40,2385.00,2385.00,2385.00,2385.00,240,6140
20200312,10:51,2570.00,2570.00,2570.00,2570.00,160,5920
20200312,10:52,2638.75,2638.75,2638.75,2638.75,20,5920
20200312,10:56,2729.20,2729.20,2729.20,2729.20,20,5820
20200312,10:58,2801.65,2801.65,2801.65,2801.65,20,5820
20200312,11:03,2880.55,2880.55,2880.55,2880.55,40,5860
20200312,11:04,2999.45,3049.45,2999.45,3049.45,420,5860
20200312,11:05,3192.25,3192.25,3192.25,3192.25,40,5860
20200312,11:09,3192.25,3192.25,3192.25,3192.25,40,5700
20200312,11:58,3020.00,3020.00,3020.00,3020.00,20,5660
20200312,12:14,2980.00,2980.00,2980.00,2980.00,20,5640
20200312,12:22,2600.00,2600.00,2600.00,2600.00,40,5620
20200312,12:35,2867.75,2867.75,2867.75,2867.75,20,5620
20200312,12:36,2901.25,2901.25,2901.25,2901.25,20,5600
20200312,12:40,2931.55,2931.55,2931.55,2931.55,20,5600
20200312,13:01,2795.00,2795.00,2795.00,2795.00,260,5580
20200312,13:33,2820.00,2820.00,2820.00,2820.00,20,5580
20200312,13:40,2755.00,2755.00,2755.00,2755.00,40,5560
20200312,13:42,2715.00,2715.00,2715.00,2715.00,80,5540
20200312,13:46,2715.00,2715.00,2715.00,2715.00,20,5480
20200312,14:19,3055.00,3055.00,3055.00,3055.00,100,5460
20200312,14:23,3209.85,3209.85,3209.85,3209.85,20,5460
20200312,14:34,3381.85,3381.85,3381.85,3381.85,20,5420
20200312,14:36,3381.85,3381.85,3361.60,3361.60,40,5400
20200312,14:42,3623.25,3623.25,3623.25,3623.25,20,5420
20200312,14:50,3623.25,3623.25,3623.25,3623.25,20,5400
20200312,15:04,3625.00,3625.00,3625.00,3625.00,200,5380
20200312,15:08,3625.00,3625.00,3625.00,3625.00,20,5240
20200312,15:19,3386.95,3386.95,3386.95,3386.95,80,5220
20200312,15:20,3400.00,3400.00,3373.65,3373.65,360,5220
20200312,15:22,3330.40,3330.40,3330.40,3330.40,20,5500
20200312,15:23,3289.10,3289.10,3289.10,3289.10,20,5500
20200312,15:24,3289.15,3289.15,3289.15,3289.15,100,5500
20200312,15:27,3379.00,3379.00,3379.00,3379.00,60,5640
20200312,15:28,3378.90,3378.90,3378.90,3378.90,20,5640
