20201008,12:05,4.90,4.95,4.90,4.95,377,375
20201008,14:29,3.90,3.90,3.90,3.90,25,375
20201008,14:33,3.90,3.90,3.90,3.90,300,375
20201008,14:44,3.80,3.80,3.80,3.80,500,700
20201008,14:45,3.95,3.95,3.95,3.95,50,700
20201008,14:52,1.65,1.65,1.65,1.65,50,1250
20201008,14:59,1.65,1.65,1.65,1.65,400,1250
20201009,09:15,3.50,3.50,3.40,3.40,2451,1625
20201009,09:16,3.55,3.55,3.25,3.25,3625,1625
20201009,09:17,3.25,3.50,3.25,3.40,2950,5575
20201009,09:18,3.40,3.40,3.00,3.00,325,5575
20201009,09:19,3.10,3.15,2.65,2.65,1000,5575
20201009,09:20,2.60,3.50,2.60,3.50,2575,8175
20201009,09:23,3.00,3.00,3.00,3.00,25,10350
20201009,09:24,3.00,3.00,2.95,2.95,225,10350
20201009,09:25,2.80,2.85,2.70,2.80,750,10350
20201009,09:27,2.90,2.90,2.90,2.90,25,11075
20201009,09:28,2.90,2.90,2.75,2.75,400,11075
20201009,09:29,2.75,2.75,2.75,2.75,175,11100
20201009,09:31,2.75,2.75,2.75,2.75,125,11100
20201009,09:32,2.80,2.80,2.80,2.80,250,11225
20201009,09:33,2.80,2.80,2.75,2.75,250,11225
20201009,09:35,2.80,2.80,2.80,2.80,25,11375
20201009,09:39,2.75,2.75,2.75,2.75,150,11400
20201009,09:41,2.75,2.80,2.75,2.80,375,11375
20201009,09:43,2.90,2.90,2.90,2.90,25,11375
20201009,09:44,2.90,2.90,2.80,2.80,3525,11475
20201009,09:46,2.80,2.80,2.70,2.70,1250,11475
20201009,09:48,2.70,2.70,2.65,2.65,75,15825
20201009,09:53,2.70,2.70,2.70,2.70,175,15900
20201009,09:54,2.75,2.75,2.70,2.75,1500,15900
20201009,09:55,2.65,2.75,2.65,2.65,1275,15900
20201009,09:56,2.65,2.85,2.65,2.85,450,17300
20201009,09:57,2.75,2.75,2.75,2.75,75,17300
20201009,09:59,2.85,2.85,2.85,2.85,100,17400
20201009,10:00,2.95,2.95,2.95,2.95,1625,17400
20201009,10:02,2.80,2.95,2.75,2.95,125,17500
20201009,10:03,2.75,2.75,2.75,2.75,50,17500
20201009,10:04,2.75,2.75,2.70,2.70,1300,17500
20201009,10:07,2.65,2.65,2.55,2.55,900,18525
20201009,10:08,2.55,2.70,2.55,2.70,225,18950
20201009,10:09,2.65,2.65,2.60,2.60,5975,18950
20201009,10:10,2.60,2.70,2.60,2.70,175,18950
20201009,10:12,2.65,2.65,2.60,2.60,150,24475
20201009,10:13,2.65,2.65,2.65,2.65,25,24475
20201009,10:14,2.60,2.60,2.60,2.60,100,24475
20201009,10:15,2.70,2.70,2.65,2.65,350,24625
20201009,10:17,2.60,2.70,2.60,2.70,200,24775
20201009,10:18,2.55,2.55,2.55,2.55,50,24775
20201009,10:19,2.70,2.70,2.70,2.70,1000,24775
20201009,10:20,2.60,2.60,2.40,2.40,3425,25125
20201009,10:21,2.40,2.50,2.40,2.45,975,25125
20201009,10:22,2.50,2.50,2.45,2.50,625,25125
20201009,10:23,2.45,2.50,2.45,2.50,500,25150
20201009,10:24,2.45,2.45,2.45,2.45,50,25150
20201009,10:25,2.45,2.50,2.45,2.45,675,25150
20201009,10:27,2.45,2.45,2.45,2.45,75,25425
20201009,10:28,2.45,2.45,2.40,2.40,850,25425
20201009,10:29,2.45,2.45,2.40,2.40,200,26350
20201009,10:30,2.40,2.45,2.35,2.35,1450,26350
20201009,10:31,2.35,2.35,2.35,2.35,100,26350
20201009,10:32,2.35,2.35,2.25,2.30,625,26475
20201009,10:33,2.30,2.30,2.25,2.25,150,26475
20201009,10:34,2.25,2.30,2.25,2.30,850,26475
20201009,10:37,2.25,2.25,2.25,2.25,50,26475
20201009,10:40,2.30,2.30,2.30,2.30,25,27650
20201009,10:41,2.35,2.35,2.35,2.35,25,27650
20201009,10:42,2.30,2.30,2.30,2.30,50,27650
20201009,10:43,2.35,2.35,2.20,2.30,1125,27650
20201009,10:44,2.30,2.30,2.20,2.30,1825,28325
20201009,10:45,2.40,2.50,2.35,2.50,1800,28325
20201009,10:46,2.45,2.45,2.35,2.35,1200,28325
20201009,10:49,2.40,2.40,2.40,2.40,75,30900
20201009,10:51,2.35,2.35,2.35,2.35,25,30875
20201009,10:54,2.30,2.30,2.30,2.30,100,30875
20201009,10:55,2.35,2.35,2.35,2.35,75,30875
20201009,10:56,2.35,2.35,2.35,2.35,75,30875
20201009,10:57,2.40,2.40,2.25,2.25,1125,30800
20201009,10:58,2.35,2.35,2.35,2.35,500,30800
20201009,10:59,2.40,2.40,2.35,2.35,325,30800
20201009,11:00,2.35,2.35,2.35,2.35,200,30800
20201009,11:01,2.40,2.45,2.40,2.45,975,30800
20201009,11:02,2.40,2.45,2.40,2.45,475,30575
20201009,11:03,2.45,2.70,2.45,2.60,6675,30575
20201009,11:04,2.60,2.70,2.55,2.55,525,30575
20201009,11:05,2.55,2.85,2.55,2.75,1975,32975
20201009,11:06,2.75,2.95,2.70,2.85,3150,32975
20201009,11:07,2.95,2.95,2.75,2.75,1125,32975
20201009,11:08,2.85,3.05,2.80,3.00,2575,32725
20201009,11:09,3.00,3.15,2.95,3.10,3750,32725
20201009,11:10,3.10,3.35,3.00,3.00,775,32725
20201009,11:11,3.10,3.45,3.00,3.05,4525,32775
20201009,11:12,3.20,3.20,2.95,3.00,3425,32775
20201009,11:13,3.00,3.00,2.95,2.95,475,32775
20201009,11:14,2.85,2.95,2.85,2.95,150,29675
20201009,11:15,2.95,3.40,2.95,3.05,2375,29675
20201009,11:16,3.00,3.40,3.00,3.15,2975,29675
20201009,11:17,3.20,3.40,3.10,3.40,3875,26800
20201009,11:18,3.45,3.45,3.30,3.35,2150,26800
20201009,11:19,3.40,3.40,3.40,3.40,275,26800
20201009,11:20,3.35,3.40,3.35,3.40,325,26850
20201009,11:21,3.35,3.35,3.10,3.20,1900,26850
20201009,11:22,3.30,3.30,3.10,3.15,775,26850
20201009,11:23,3.25,3.35,3.25,3.30,975,26350
20201009,11:24,3.25,3.25,3.20,3.25,300,26350
20201009,11:25,3.20,3.30,3.20,3.30,575,26350
20201009,11:26,3.25,3.30,3.25,3.30,350,26350
20201009,11:27,3.20,3.20,3.20,3.20,25,26450
20201009,11:28,3.20,3.30,3.20,3.30,200,26450
20201009,11:29,3.30,3.30,3.30,3.30,200,26525
20201009,11:30,3.20,3.30,3.20,3.25,175,26525
20201009,11:31,3.25,3.25,3.25,3.25,25,26525
20201009,11:32,3.25,3.25,3.10,3.20,200,26750
20201009,11:33,3.15,3.15,3.15,3.15,125,26750
20201009,11:34,3.15,3.15,3.15,3.15,150,26750
20201009,11:35,3.15,3.15,3.10,3.15,475,26850
20201009,11:36,3.15,3.15,3.10,3.10,1450,26850
20201009,11:37,3.10,3.10,3.05,3.05,750,26850
20201009,11:39,3.15,3.20,3.15,3.20,225,28450
20201009,11:40,3.20,3.20,3.20,3.20,175,28450
20201009,11:41,3.20,3.25,3.20,3.25,400,28450
20201009,11:43,3.20,3.25,3.20,3.20,1400,29225
20201009,11:45,3.20,3.30,3.15,3.30,300,29300
20201009,11:46,3.05,3.05,3.00,3.05,1400,29300
20201009,11:47,3.00,3.25,2.60,3.00,7225,31225
20201009,11:48,2.90,3.10,2.90,3.10,2350,31225
20201009,11:49,3.15,3.35,3.10,3.25,2225,31225
20201009,11:50,3.15,3.15,2.90,2.90,1050,33300
20201009,11:51,2.95,3.15,2.95,3.00,675,33300
20201009,11:52,3.00,3.00,3.00,3.00,275,33300
20201009,11:53,3.00,3.00,2.90,2.95,300,33250
20201009,11:54,3.00,3.00,2.85,2.95,525,33250
20201009,11:55,2.90,2.90,2.85,2.85,125,33250
20201009,11:56,2.75,2.80,2.75,2.75,750,33250
20201009,11:57,2.75,2.80,2.70,2.70,750,33300
20201009,11:58,2.75,2.95,2.75,2.85,1200,33300
20201009,11:59,2.85,2.85,2.75,2.85,200,33300
20201009,12:00,2.80,2.85,2.75,2.75,525,33500
20201009,12:02,2.75,2.75,2.70,2.70,225,33375
20201009,12:03,2.75,2.75,2.70,2.75,200,33375
20201009,12:04,2.75,2.80,2.75,2.80,175,33375
20201009,12:05,2.85,2.85,2.80,2.80,475,33375
20201009,12:08,2.80,2.80,2.75,2.75,175,33525
20201009,12:09,2.80,2.80,2.80,2.80,25,33525
20201009,12:10,2.75,2.75,2.75,2.75,50,33525
20201009,12:11,2.70,2.75,2.70,2.75,225,33525
20201009,12:12,2.75,2.75,2.70,2.75,600,33650
20201009,12:13,2.75,2.75,2.70,2.70,175,33650
20201009,12:14,2.70,2.70,2.65,2.65,175,33650
20201009,12:15,2.65,2.65,2.65,2.65,150,33550
20201009,12:16,2.65,2.65,2.65,2.65,425,33550
20201009,12:19,2.65,2.65,2.65,2.65,50,33575
20201009,12:20,2.60,2.60,2.60,2.60,25,33575
20201009,12:21,2.65,2.65,2.65,2.65,100,33575
20201009,12:22,2.65,2.65,2.60,2.60,2850,33575
20201009,12:23,2.60,2.70,2.60,2.60,275,36300
20201009,12:24,2.75,2.75,2.75,2.75,25,36300
20201009,12:25,2.75,2.75,2.65,2.65,50,36300
20201009,12:26,2.60,2.65,2.60,2.65,250,36300
20201009,12:27,2.60,2.60,2.60,2.60,225,36650
20201009,12:28,2.65,2.70,2.60,2.70,275,36650
20201009,12:31,2.70,2.70,2.65,2.70,325,37050
20201009,12:32,2.65,2.65,2.60,2.60,350,36950
20201009,12:33,2.60,2.70,2.55,2.55,900,36950
20201009,12:34,2.60,2.70,2.60,2.70,150,36950
20201009,12:35,2.55,2.55,2.55,2.55,225,36950
20201009,12:36,2.55,2.75,2.55,2.75,1200,38275
20201009,12:37,2.65,2.70,2.65,2.70,225,38275
20201009,12:38,2.75,2.75,2.70,2.75,225,38800
20201009,12:39,2.70,2.70,2.70,2.70,125,38800
20201009,12:40,2.65,2.65,2.65,2.65,125,38800
20201009,12:41,2.65,2.65,2.60,2.65,650,38800
20201009,12:42,2.70,2.70,2.70,2.70,25,38800
20201009,12:43,2.70,2.70,2.65,2.65,325,39225
20201009,12:45,2.65,2.70,2.65,2.70,500,38875
20201009,12:48,2.70,2.75,2.70,2.75,1800,39000
20201009,12:49,2.80,2.85,2.80,2.85,3775,39000
20201009,12:50,2.90,2.95,2.75,2.80,1400,39100
20201009,12:51,2.75,2.85,2.70,2.70,575,39100
20201009,12:52,2.70,2.85,2.70,2.85,1050,39100
20201009,12:53,2.85,2.85,2.80,2.85,2350,39100
20201009,12:54,2.80,2.85,2.80,2.85,1600,40675
20201009,12:55,2.80,2.80,2.80,2.80,125,40675
20201009,12:56,2.70,2.80,2.70,2.70,4625,39525
20201009,12:57,2.70,2.90,2.70,2.75,3475,39525
20201009,12:58,2.75,2.75,2.65,2.70,850,39525
20201009,12:59,2.70,2.70,2.60,2.60,1975,39525
20201009,13:00,2.65,2.70,2.55,2.60,1025,42125
20201009,13:01,2.60,2.60,2.60,2.60,225,42125
20201009,13:02,2.60,2.60,2.55,2.55,300,41850
20201009,13:03,2.60,2.60,2.60,2.60,225,41850
20201009,13:04,2.55,2.60,2.55,2.60,275,41850
20201009,13:06,2.60,2.60,2.55,2.60,1275,41850
20201009,13:07,2.55,2.55,2.55,2.55,25,41850
20201009,13:09,2.60,2.60,2.55,2.55,475,41925
20201009,13:12,2.55,2.55,2.55,2.55,50,41925
20201009,13:15,2.55,2.55,2.55,2.55,25,41925
20201009,13:16,2.60,2.60,2.55,2.60,1250,41875
20201009,13:17,2.60,2.60,2.60,2.60,25,41875
20201009,13:18,2.60,2.60,2.60,2.60,100,42000
20201009,13:20,2.55,2.55,2.55,2.55,100,42000
20201009,13:21,2.55,2.55,2.55,2.55,50,41875
20201009,13:22,2.60,2.60,2.60,2.60,125,41875
20201009,13:23,2.65,2.65,2.60,2.65,1675,41875
20201009,13:24,2.65,2.65,2.65,2.65,125,41975
20201009,13:25,2.70,2.70,2.60,2.60,450,41975
20201009,13:26,2.65,2.70,2.60,2.60,2900,41975
20201009,13:27,2.70,2.70,2.65,2.65,3875,41800
20201009,13:28,2.70,2.70,2.60,2.60,2325,41800
20201009,13:29,2.60,2.60,2.60,2.60,125,41800
20201009,13:30,2.60,2.60,2.60,2.60,25,41800
20201009,13:31,2.60,2.65,2.60,2.65,375,41475
20201009,13:32,2.65,2.65,2.60,2.60,1150,41475
20201009,13:33,2.60,2.65,2.60,2.60,525,41700
20201009,13:34,2.55,2.60,2.55,2.55,1325,41700
20201009,13:35,2.55,2.60,2.55,2.55,775,41700
20201009,13:36,2.60,2.60,2.55,2.55,600,41725
20201009,13:37,2.60,2.60,2.55,2.60,1800,41725
20201009,13:38,2.60,2.65,2.60,2.65,775,41725
20201009,13:39,2.65,2.70,2.65,2.65,1125,41400
20201009,13:40,2.65,2.65,2.60,2.60,1525,41400
20201009,13:42,2.55,2.60,2.55,2.60,200,41900
20201009,13:43,2.60,2.60,2.55,2.60,1050,41900
20201009,13:44,2.60,2.65,2.55,2.65,1500,41900
20201009,13:45,2.60,2.65,2.60,2.60,1425,40450
20201009,13:46,2.55,2.65,2.55,2.55,2325,40450
20201009,13:47,2.55,2.60,2.55,2.55,975,40450
20201009,13:48,2.55,2.55,2.55,2.55,175,41600
20201009,13:49,2.55,2.60,2.55,2.60,350,41600
20201009,13:50,2.60,2.60,2.60,2.60,300,41600
20201009,13:52,2.55,2.55,2.55,2.55,750,42000
20201009,13:53,2.55,2.60,2.55,2.60,900,42000
20201009,13:54,2.60,2.60,2.55,2.55,1500,41825
20201009,13:55,2.65,2.65,2.55,2.60,1875,41825
20201009,13:56,2.60,2.60,2.55,2.55,1125,41825
20201009,13:57,2.55,2.60,2.55,2.60,1450,43075
20201009,13:58,2.55,2.55,2.55,2.55,1025,43075
20201009,13:59,2.55,2.60,2.55,2.60,1325,43075
20201009,14:00,2.60,2.60,2.60,2.60,25,43125
20201009,14:02,2.55,2.55,2.55,2.55,25,43125
20201009,14:04,2.55,2.55,2.55,2.55,25,43125
20201009,14:07,2.55,2.55,2.55,2.55,300,43150
20201009,14:08,2.55,2.55,2.55,2.55,750,43150
20201009,14:09,2.55,2.60,2.55,2.55,400,44275
20201009,14:10,2.55,2.60,2.55,2.55,425,44275
20201009,14:11,2.55,2.55,2.50,2.50,150,44275
20201009,14:12,2.50,2.70,2.50,2.70,5450,44675
20201009,14:13,2.75,2.80,2.75,2.80,2575,44675
20201009,14:14,2.80,2.80,2.75,2.75,1250,44675
20201009,14:15,2.75,2.80,2.75,2.80,1175,44150
20201009,14:16,2.75,2.75,2.70,2.70,1100,44150
20201009,14:17,2.65,2.75,2.65,2.65,2400,44150
20201009,14:18,2.65,2.85,2.65,2.85,4425,43575
20201009,14:19,2.80,2.90,2.75,2.75,1700,43575
20201009,14:20,2.80,2.90,2.75,2.90,2725,43575
20201009,14:21,2.85,2.90,2.80,2.90,3500,42450
20201009,14:22,2.90,3.00,2.85,2.85,3350,42450
20201009,14:23,2.85,2.85,2.70,2.70,4875,42450
20201009,14:24,2.75,2.75,2.65,2.75,1900,48700
20201009,14:25,2.85,2.90,2.75,2.80,1225,48700
20201009,14:26,2.85,3.00,2.75,3.00,3550,48700
20201009,14:27,3.05,3.05,2.85,2.85,850,51875
20201009,14:28,2.85,2.85,2.85,2.85,700,51875
20201009,14:29,2.90,2.95,2.90,2.95,400,51875
20201009,14:30,2.90,2.90,2.85,2.85,600,52625
20201009,14:31,2.85,2.90,2.85,2.90,200,52625
20201009,14:32,2.85,3.05,2.85,3.00,1825,52625
20201009,14:33,2.95,3.10,2.95,3.00,1575,52125
20201009,14:34,2.90,3.05,2.85,2.85,3200,52125
20201009,14:35,2.85,2.90,2.80,2.85,1375,52125
20201009,14:36,2.80,2.90,2.75,2.90,2500,53700
20201009,14:37,2.90,2.90,2.85,2.85,925,53700
20201009,14:38,2.80,2.85,2.80,2.85,375,53700
20201009,14:40,2.80,2.85,2.75,2.85,2000,53950
20201009,14:41,2.90,3.05,2.90,3.00,3325,53950
20201009,14:42,2.90,2.95,2.85,2.85,2575,56050
20201009,14:43,2.85,2.85,2.85,2.85,125,56050
20201009,14:44,2.85,2.90,2.85,2.90,150,56050
20201009,14:45,2.90,2.90,2.90,2.90,500,56025
20201009,14:46,2.90,3.00,2.90,2.95,1175,56025
20201009,14:47,2.95,3.00,2.95,3.00,700,56025
20201009,14:48,3.00,3.05,2.95,3.05,475,54100
20201009,14:49,3.05,3.05,3.05,3.05,300,54100
20201009,14:51,3.10,3.10,3.05,3.10,1075,53775
20201009,14:52,3.05,3.05,3.05,3.05,25,53775
20201009,14:53,3.00,3.00,3.00,3.00,200,53775
20201009,14:54,3.10,3.10,3.00,3.00,100,53775
20201009,14:55,3.05,3.05,3.05,3.05,25,54475
20201009,14:56,3.05,3.10,3.05,3.10,375,54475
20201009,14:58,3.00,3.00,3.00,3.00,150,54550
20201009,14:59,3.10,3.10,3.10,3.10,25,54550
20201009,15:00,3.00,3.05,3.00,3.05,300,54425
20201009,15:01,3.05,3.10,3.05,3.10,525,54425
20201009,15:03,3.10,3.10,3.10,3.10,875,53925
20201009,15:04,3.05,3.05,3.00,3.00,450,53925
20201009,15:06,3.00,3.00,3.00,3.00,500,54475
20201009,15:07,3.05,3.05,3.05,3.05,25,54475
20201009,15:08,3.05,3.20,3.05,3.20,2600,54475
20201009,15:09,3.20,3.20,3.10,3.10,2725,55050
20201009,15:10,3.15,3.15,2.95,2.95,2625,55050
20201009,15:11,2.95,3.00,2.95,3.00,200,55050
20201009,15:12,2.95,3.00,2.95,3.00,550,52600
20201009,15:13,3.00,3.00,3.00,3.00,125,52600
20201009,15:14,2.85,2.85,2.85,2.85,1475,52600
20201009,15:15,2.85,2.95,2.85,2.95,650,51025
20201009,15:16,2.95,2.95,2.95,2.95,750,51025
20201009,15:17,2.95,3.00,2.95,2.95,700,51025
20201009,15:18,3.00,3.00,2.95,3.00,875,49825
20201009,15:19,3.10,3.15,3.10,3.15,1375,49825
20201009,15:20,3.15,3.25,3.10,3.25,2050,49825
20201009,15:21,3.25,3.45,3.25,3.45,3125,49050
20201009,15:22,3.40,3.40,3.25,3.40,1100,49050
20201009,15:23,3.40,3.50,3.40,3.40,650,49050
20201009,15:24,3.50,3.55,3.50,3.50,4200,53725
20201009,15:25,3.50,3.50,3.10,3.10,1375,53725
20201009,15:26,3.15,3.30,3.15,3.15,975,53725
20201009,15:27,3.20,3.25,3.20,3.25,625,53550
20201009,15:28,3.20,3.20,3.15,3.15,125,53550
20201009,15:29,3.20,3.40,3.15,3.40,525,53550
20201012,09:15,3.65,3.90,3.20,3.45,4151,53350
20201012,09:16,3.30,3.50,3.30,3.50,2375,53350
20201012,09:17,3.60,4.20,3.60,3.75,5700,53800
20201012,09:18,3.75,3.75,3.45,3.45,5675,53800
20201012,09:19,3.45,3.45,3.25,3.25,6675,53800
20201012,09:20,3.20,3.20,3.05,3.05,1900,62775
20201012,09:21,3.10,3.15,3.05,3.10,1425,62775
20201012,09:22,3.15,3.25,3.10,3.20,3950,62775
20201012,09:23,3.20,3.20,3.15,3.15,4275,60450
20201012,09:24,3.15,3.15,3.10,3.10,1175,60450
20201012,09:25,3.15,3.25,3.10,3.25,4225,60450
20201012,09:26,3.15,3.15,2.95,2.95,3750,64550
20201012,09:27,2.95,3.10,2.85,3.10,3200,64550
20201012,09:28,3.00,3.05,3.00,3.00,1450,64550
20201012,09:29,3.00,3.05,2.85,2.90,2725,61750
20201012,09:30,2.95,3.00,2.95,3.00,400,61750
20201012,09:31,2.95,3.05,2.95,3.00,3675,61750
20201012,09:32,3.00,3.00,2.90,2.95,900,62000
20201012,09:33,3.00,3.00,2.90,3.00,550,62000
20201012,09:34,2.95,2.95,2.90,2.95,5750,62000
20201012,09:35,2.90,2.95,2.85,2.85,1850,66875
20201012,09:36,2.85,2.85,2.80,2.80,9600,66875
20201012,09:37,2.80,2.80,2.80,2.80,1725,66875
20201012,09:38,2.85,3.00,2.85,3.00,2675,77025
20201012,09:39,3.00,3.05,3.00,3.05,950,77025
20201012,09:40,3.05,3.05,3.05,3.05,125,77025
20201012,09:41,3.05,3.05,3.00,3.00,850,77800
20201012,09:42,2.95,2.95,2.85,2.85,800,77800
20201012,09:43,2.80,2.85,2.80,2.85,1250,77800
20201012,09:44,2.85,2.85,2.85,2.85,100,77800
20201012,09:45,2.90,2.95,2.85,2.90,875,78000
20201012,09:46,2.85,2.95,2.85,2.95,1400,78000
20201012,09:47,3.00,3.00,2.95,3.00,2125,76925
20201012,09:48,2.95,3.00,2.95,2.95,2200,76925
20201012,09:49,2.95,2.95,2.95,2.95,50,76925
20201012,09:50,2.95,2.95,2.95,2.95,400,76375
20201012,09:51,2.95,2.95,2.95,2.95,100,76375
20201012,09:52,2.95,2.95,2.85,2.90,2025,76375
20201012,09:53,2.90,3.00,2.90,3.00,1700,75250
20201012,09:54,3.00,3.00,2.90,2.95,925,75250
20201012,09:55,3.00,3.00,2.95,2.95,250,75250
20201012,09:56,2.90,2.95,2.90,2.95,150,75925
20201012,09:57,2.90,2.95,2.90,2.90,2000,75925
20201012,09:58,2.90,2.90,2.90,2.90,175,75925
20201012,09:59,2.90,2.90,2.85,2.85,300,77325
20201012,10:00,2.90,2.90,2.85,2.90,300,77325
20201012,10:01,2.85,2.95,2.85,2.90,5575,77325
20201012,10:02,2.90,2.95,2.90,2.90,500,72425
20201012,10:03,2.95,2.95,2.85,2.95,375,72425
20201012,10:04,2.95,2.95,2.90,2.95,275,72425
20201012,10:05,2.95,2.95,2.90,2.90,125,72450
20201012,10:06,2.90,2.90,2.90,2.90,300,72450
20201012,10:09,2.95,2.95,2.95,2.95,525,72300
20201012,10:10,2.90,2.90,2.90,2.90,25,72300
20201012,10:11,2.95,2.95,2.90,2.90,125,72300
20201012,10:12,2.95,2.95,2.90,2.95,550,72300
20201012,10:13,2.90,2.90,2.90,2.90,25,72300
20201012,10:14,2.90,2.95,2.90,2.95,250,72275
20201012,10:16,2.90,2.90,2.90,2.90,500,72275
20201012,10:17,2.85,2.85,2.85,2.85,475,72275
20201012,10:18,2.90,2.95,2.90,2.95,125,72250
20201012,10:19,2.95,2.95,2.90,2.90,350,72250
20201012,10:20,2.90,2.90,2.90,2.90,250,72000
20201012,10:21,2.90,2.90,2.90,2.90,175,72000
20201012,10:23,2.95,2.95,2.95,2.95,450,72150
20201012,10:24,2.95,2.95,2.85,2.85,2750,72150
20201012,10:25,2.85,2.85,2.85,2.85,150,72150
20201012,10:26,2.80,2.80,2.70,2.70,2025,71950
20201012,10:27,2.70,2.70,2.65,2.65,2425,71950
20201012,10:28,2.65,2.65,2.65,2.65,300,71950
20201012,10:29,2.70,2.70,2.65,2.65,450,73375
20201012,10:31,2.65,2.70,2.65,2.70,75,73375
20201012,10:32,2.70,2.70,2.65,2.65,150,73275
20201012,10:33,2.65,2.70,2.65,2.70,100,73275
20201012,10:34,2.75,2.75,2.75,2.75,1500,73275
20201012,10:35,2.80,2.90,2.75,2.90,2400,73950
20201012,10:36,2.90,2.95,2.90,2.95,1100,73950
20201012,10:37,2.95,2.95,2.85,2.95,100,73950
20201012,10:38,2.85,2.95,2.75,2.75,2975,74850
20201012,10:39,2.80,2.85,2.75,2.85,450,74850
20201012,10:40,2.80,2.80,2.75,2.75,1900,74850
20201012,10:41,2.80,2.80,2.80,2.80,625,75275
20201012,10:42,2.75,2.85,2.75,2.75,1825,75275
20201012,10:43,2.80,2.80,2.80,2.80,100,75275
20201012,10:44,2.80,2.80,2.80,2.80,225,75075
20201012,10:45,2.80,2.80,2.80,2.80,625,75075
20201012,10:46,2.85,2.85,2.85,2.85,250,75075
20201012,10:48,2.85,2.85,2.85,2.85,75,75675
20201012,10:49,2.85,2.90,2.80,2.80,2600,75675
20201012,10:51,2.80,2.80,2.80,2.80,25,75675
20201012,10:52,2.80,2.80,2.80,2.80,125,76475
20201012,10:54,2.80,2.90,2.80,2.90,725,76350
20201012,10:55,2.85,2.85,2.85,2.85,250,76350
20201012,10:56,2.85,2.95,2.85,2.85,1775,77100
20201012,10:57,2.95,2.95,2.95,2.95,750,77100
20201012,10:58,2.95,2.95,2.95,2.95,150,77100
20201012,10:59,2.90,2.95,2.90,2.90,425,77100
20201012,11:00,2.90,2.90,2.90,2.90,300,76800
20201012,11:01,2.85,2.85,2.85,2.85,1500,76800
20201012,11:02,2.90,2.90,2.90,2.90,250,76800
20201012,11:03,2.90,2.90,2.90,2.90,2850,76450
20201012,11:04,2.95,2.95,2.95,2.95,425,76450
20201012,11:05,2.95,2.95,2.90,2.90,675,75875
20201012,11:06,2.95,2.95,2.95,2.95,575,75875
20201012,11:07,2.95,2.95,2.85,2.85,1325,75875
20201012,11:08,2.90,2.90,2.90,2.90,50,76250
20201012,11:09,2.85,2.90,2.85,2.90,1300,76250
20201012,11:10,2.85,2.85,2.80,2.85,1150,76250
20201012,11:11,2.80,2.85,2.80,2.85,175,76325
20201012,11:12,2.85,2.90,2.85,2.90,175,76325
20201012,11:13,2.90,2.95,2.90,2.95,1525,76325
20201012,11:14,2.95,2.95,2.95,2.95,375,75825
20201012,11:15,2.95,2.95,2.95,2.95,200,75825
20201012,11:16,2.85,2.95,2.85,2.95,275,75825
20201012,11:17,2.95,2.95,2.95,2.95,50,75825
20201012,11:21,2.95,2.95,2.75,2.75,2525,75900
20201012,11:22,2.90,2.90,2.90,2.90,300,75900
20201012,11:23,2.90,3.50,2.85,2.85,2925,75900
20201012,11:24,3.05,3.05,3.05,3.05,250,76125
20201012,11:27,2.90,2.90,2.90,2.90,475,76125
20201012,11:28,2.90,2.90,2.90,2.90,75,76125
20201012,11:29,2.95,2.95,2.95,2.95,75,76125
20201012,11:30,2.95,2.95,2.95,2.95,225,76125
20201012,11:31,2.95,2.95,2.95,2.95,300,76125
20201012,11:32,3.00,3.00,3.00,3.00,50,76125
20201012,11:34,2.90,3.10,2.90,3.10,625,76100
20201012,11:35,2.95,2.95,2.90,2.95,2200,76100
20201012,11:36,3.10,3.10,3.00,3.10,325,76000
20201012,11:38,2.95,2.95,2.95,2.95,500,76000
20201012,11:39,3.10,3.10,3.00,3.00,125,76000
20201012,11:40,3.05,3.15,3.05,3.15,1050,76000
20201012,11:41,3.20,3.45,3.20,3.45,1500,76000
20201012,11:42,3.45,3.80,3.15,3.80,1100,76000
20201012,11:43,3.65,3.65,3.30,3.45,250,76000
20201012,11:44,3.75,3.75,3.75,3.75,50,76200
20201012,11:45,3.60,3.60,3.35,3.45,900,76200
20201012,11:46,3.60,3.70,3.40,3.40,625,76200
20201012,11:47,3.70,3.85,3.65,3.85,1225,76475
20201012,11:48,3.75,3.90,3.75,3.90,1050,76475
20201012,11:49,3.90,3.90,3.85,3.85,1125,76475
20201012,11:50,3.90,3.90,3.85,3.85,125,76475
20201012,11:51,3.85,3.90,3.85,3.85,1125,76550
20201012,11:52,3.80,3.85,3.75,3.75,850,76550
20201012,11:53,3.85,4.10,3.85,3.90,3325,78875
20201012,11:54,3.90,4.35,3.90,4.35,2050,78875
20201012,11:55,4.20,4.70,4.05,4.70,2900,78875
20201012,11:56,4.70,5.00,4.30,4.80,3250,80975
20201012,11:57,4.80,4.80,4.65,4.65,3325,80975
20201012,11:58,4.75,4.85,4.65,4.85,1825,80975
20201012,11:59,4.75,4.85,4.70,4.75,475,80975
20201012,12:00,4.75,4.75,4.75,4.75,75,83075
20201012,12:01,4.75,4.75,4.65,4.65,2900,83075
20201012,12:02,4.45,4.55,4.40,4.55,1325,84250
20201012,12:03,4.55,4.55,4.45,4.55,1125,84250
20201012,12:04,4.50,4.75,4.45,4.75,1800,84250
20201012,12:05,4.65,4.70,4.55,4.70,3550,87600
20201012,12:06,4.70,4.90,4.70,4.85,2400,87600
20201012,12:07,4.85,5.10,4.80,5.10,4100,87600
20201012,12:08,5.05,5.15,4.90,4.95,3300,96450
20201012,12:09,5.00,5.00,4.90,4.95,1150,96450
20201012,12:10,4.95,4.95,4.85,4.85,1450,96450
20201012,12:11,4.85,4.85,4.75,4.75,300,97775
20201012,12:12,4.70,4.75,4.60,4.70,375,97775
20201012,12:13,4.75,4.75,4.75,4.75,350,97775
20201012,12:14,4.65,4.65,4.40,4.40,700,97450
20201012,12:15,4.40,4.40,4.35,4.35,1300,97450
20201012,12:16,4.25,4.25,4.10,4.10,550,97450
20201012,12:17,4.10,4.10,4.10,4.10,1325,96600
20201012,12:18,4.10,4.10,4.00,4.10,1575,96600
20201012,12:19,4.00,4.10,4.00,4.10,1050,96600
20201012,12:20,4.10,4.15,4.05,4.15,1025,96875
20201012,12:21,4.15,4.25,4.15,4.25,1125,96875
20201012,12:22,4.25,4.40,4.25,4.40,2075,96875
20201012,12:23,4.35,4.40,4.30,4.35,1525,98300
20201012,12:24,4.35,4.40,4.35,4.40,925,98300
20201012,12:25,4.25,4.25,4.25,4.25,375,98300
20201012,12:26,4.00,4.25,4.00,4.15,1325,97775
20201012,12:27,4.20,4.20,4.00,4.00,1150,97775
20201012,12:28,4.05,4.05,4.05,4.05,350,97775
20201012,12:29,4.05,4.15,4.00,4.00,2000,97500
20201012,12:30,4.00,4.00,4.00,4.00,100,97500
20201012,12:31,4.00,4.15,4.00,4.10,700,97500
20201012,12:32,4.10,4.30,4.10,4.30,775,97500
20201012,12:33,4.05,4.05,4.05,4.05,25,97350
20201012,12:34,4.05,4.15,4.00,4.05,650,97350
20201012,12:35,4.05,4.05,4.00,4.00,400,97150
20201012,12:36,4.05,4.05,4.05,4.05,75,97150
20201012,12:37,4.05,4.05,4.05,4.05,175,97150
20201012,12:38,4.05,4.10,4.05,4.10,325,97150
20201012,12:39,4.15,4.40,3.55,4.10,2450,97200
20201012,12:40,4.20,4.30,4.15,4.20,525,97200
20201012,12:41,4.30,4.30,4.30,4.30,450,97200
20201012,12:42,4.50,4.65,4.40,4.40,1475,96175
20201012,12:43,4.40,5.00,4.40,5.00,3400,96175
20201012,12:44,5.00,5.05,4.85,4.90,2800,98925
20201012,12:45,4.80,4.80,4.40,4.45,1350,98925
20201012,12:46,4.50,4.55,4.30,4.55,475,98925
20201012,12:47,4.55,4.55,4.45,4.45,675,98875
20201012,12:48,4.15,4.40,4.15,4.30,1025,98875
20201012,12:49,4.30,4.50,4.30,4.50,1500,98875
20201012,12:50,4.55,4.55,4.15,4.15,3475,99350
20201012,12:51,4.15,4.45,4.05,4.40,5500,99350
20201012,12:52,4.50,4.50,4.40,4.45,1650,99350
20201012,12:53,4.55,4.55,4.50,4.50,675,100075
20201012,12:54,4.50,4.50,4.35,4.35,775,100075
20201012,12:55,4.35,4.50,4.35,4.50,625,100075
20201012,12:56,4.45,4.45,4.40,4.40,175,100075
20201012,12:57,4.35,4.40,4.35,4.35,925,100075
20201012,12:58,4.30,4.65,4.30,4.65,400,100075
20201012,12:59,4.65,4.65,4.45,4.45,400,100075
20201012,13:00,4.45,4.45,4.45,4.45,500,99725
20201012,13:01,4.45,4.50,4.45,4.45,275,99725
20201012,13:03,4.45,4.45,4.45,4.45,675,99925
20201012,13:04,4.35,4.40,4.35,4.40,850,99925
20201012,13:05,4.35,4.35,4.35,4.35,325,99925
20201012,13:06,4.30,4.45,4.25,4.30,675,101425
20201012,13:07,4.00,4.30,4.00,4.30,3850,101425
20201012,13:08,4.20,4.20,4.20,4.20,1175,101425
20201012,13:09,4.10,4.10,4.10,4.10,275,100125
20201012,13:10,4.10,4.15,4.10,4.10,125,100125
20201012,13:11,4.15,4.25,4.15,4.15,950,100125
20201012,13:12,4.20,4.40,4.20,4.40,1150,100350
20201012,13:13,4.25,4.25,4.25,4.25,250,100350
20201012,13:14,4.25,4.25,4.05,4.10,900,100350
20201012,13:15,4.10,4.10,4.00,4.05,675,100150
20201012,13:16,4.00,4.20,4.00,4.05,700,100150
20201012,13:17,4.15,4.30,3.55,3.95,3275,100150
20201012,13:18,4.00,4.00,3.80,3.80,1750,100075
20201012,13:19,3.70,3.75,3.60,3.75,1275,100075
20201012,13:20,3.65,3.75,3.50,3.50,3325,100075
20201012,13:21,3.65,3.90,3.65,3.70,2500,100025
20201012,13:22,3.70,3.70,3.65,3.65,100,100025
20201012,13:23,3.65,3.65,3.55,3.55,2425,100025
20201012,13:24,3.50,3.50,3.50,3.50,500,100025
20201012,13:25,3.60,3.60,3.50,3.50,3750,102275
20201012,13:26,3.45,3.70,3.35,3.60,950,102275
20201012,13:27,3.60,3.60,3.35,3.45,2450,102950
20201012,13:28,3.30,3.35,3.30,3.35,925,102950
20201012,13:29,3.30,3.35,3.30,3.35,725,102950
20201012,13:30,3.30,3.30,3.30,3.30,400,102225
20201012,13:31,3.45,3.45,3.45,3.45,75,102225
20201012,13:32,3.45,3.60,3.45,3.60,775,102225
20201012,13:33,3.60,3.65,3.60,3.60,575,102425
20201012,13:34,3.60,3.75,3.60,3.60,1175,102425
20201012,13:35,3.55,3.60,3.50,3.50,425,102425
20201012,13:36,3.55,3.55,3.40,3.40,600,102225
20201012,13:37,3.35,3.45,3.30,3.45,750,102225
20201012,13:38,3.45,3.50,3.35,3.50,750,102225
20201012,13:39,3.35,3.40,3.30,3.40,800,102225
20201012,13:40,3.40,3.40,3.40,3.40,300,102225
20201012,13:41,3.40,3.80,3.40,3.80,6325,102225
20201012,13:42,3.65,3.75,3.50,3.50,875,102900
20201012,13:43,3.75,3.95,3.55,3.95,575,102900
20201012,13:44,3.70,3.90,3.65,3.90,525,102900
20201012,13:45,3.70,3.70,3.55,3.60,1500,102800
20201012,13:46,3.75,3.75,3.70,3.70,450,102800
20201012,13:47,3.65,3.65,3.65,3.65,150,102800
20201012,13:48,3.60,3.70,3.60,3.60,475,103150
20201012,13:49,3.70,3.70,3.50,3.50,1000,103150
20201012,13:50,3.70,3.70,3.45,3.50,700,103150
20201012,13:51,3.50,3.50,3.45,3.45,1200,103625
20201012,13:52,3.40,3.55,3.40,3.55,1125,103625
20201012,13:53,3.30,3.45,3.30,3.45,1275,103625
20201012,13:54,3.45,3.45,3.40,3.40,225,102950
20201012,13:55,3.35,3.35,3.35,3.35,50,102950
20201012,13:56,3.50,3.80,3.50,3.80,1150,102950
20201012,13:57,3.85,3.85,3.85,3.85,125,102875
20201012,13:58,3.85,4.00,3.85,4.00,400,102875
20201012,13:59,3.90,3.95,3.70,3.80,1525,102875
20201012,14:00,3.90,4.10,3.85,3.95,4100,104700
20201012,14:01,3.85,3.90,3.85,3.85,250,104700
20201012,14:02,3.85,3.85,3.75,3.80,475,104700
20201012,14:03,4.00,4.00,3.75,3.75,2150,107550
20201012,14:04,3.95,3.95,3.90,3.90,75,107550
20201012,14:05,3.90,4.00,3.90,4.00,275,107550
20201012,14:06,3.95,3.95,3.60,3.65,200,108650
20201012,14:07,3.70,3.75,3.45,3.50,2100,108650
20201012,14:08,3.50,3.50,3.45,3.45,575,108650
20201012,14:09,3.45,3.75,3.45,3.75,325,106725
20201012,14:10,3.80,3.80,3.80,3.80,400,106725
20201012,14:11,4.05,4.05,4.05,4.05,75,106725
20201012,14:12,3.85,3.90,3.80,3.85,275,106725
20201012,14:13,3.80,3.80,3.65,3.65,250,106725
20201012,14:14,3.95,4.00,3.85,4.00,175,106725
20201012,14:15,3.55,3.75,3.55,3.70,925,106950
20201012,14:16,3.70,3.75,3.70,3.75,75,106950
20201012,14:17,3.70,3.70,3.55,3.55,150,106950
20201012,14:19,4.05,4.05,4.05,4.05,1250,106950
20201012,14:20,3.75,3.75,3.70,3.70,550,107075
20201012,14:21,3.55,3.70,3.55,3.70,350,107650
20201012,14:22,3.65,3.65,3.65,3.65,225,107650
20201012,14:23,3.60,3.60,3.60,3.60,550,107650
20201012,14:24,3.75,3.75,3.60,3.60,625,107225
20201012,14:25,3.55,3.55,3.50,3.50,400,107225
20201012,14:26,3.40,3.40,3.40,3.40,325,107225
20201012,14:27,3.50,3.60,3.50,3.60,325,107125
20201012,14:28,3.50,3.50,3.35,3.35,1550,107125
20201012,14:29,3.35,3.35,3.35,3.35,25,107125
20201012,14:30,3.35,3.35,3.35,3.35,375,105775
20201012,14:32,3.30,3.40,3.30,3.40,100,105775
20201012,14:34,3.50,3.50,3.40,3.40,100,105600
20201012,14:35,3.45,3.45,3.45,3.45,275,105600
20201012,14:36,3.50,3.50,3.35,3.35,525,105450
20201012,14:37,3.25,3.35,3.25,3.35,600,105450
20201012,14:39,3.25,3.25,3.25,3.25,125,105450
20201012,14:40,3.45,3.45,3.45,3.45,125,104950
20201012,14:41,3.55,3.55,3.40,3.40,425,104950
20201012,14:42,3.65,3.65,3.65,3.65,450,104550
20201012,14:43,3.55,3.55,3.55,3.55,100,104550
20201012,14:45,3.60,3.60,3.60,3.60,275,104550
20201012,14:46,3.65,3.65,3.60,3.60,75,104675
20201012,14:47,3.65,3.65,3.65,3.65,100,104675
20201012,14:48,3.65,3.65,3.60,3.65,175,104600
20201012,14:49,3.70,3.70,3.70,3.70,75,104600
20201012,14:50,3.60,3.60,3.60,3.60,1050,104600
20201012,14:51,3.75,3.75,3.55,3.60,1725,103575
20201012,14:52,3.60,3.60,3.60,3.60,650,103575
20201012,14:53,3.60,3.70,3.60,3.70,600,103575
20201012,14:54,3.65,3.65,3.65,3.65,75,102925
20201012,14:55,3.65,3.65,3.55,3.55,250,102925
20201012,14:56,3.60,3.65,3.60,3.65,625,102925
20201012,14:57,3.60,3.60,3.60,3.60,200,102925
20201012,14:58,3.65,3.65,3.40,3.40,675,103000
20201012,14:59,3.40,3.60,3.35,3.35,525,103000
20201012,15:00,3.35,3.50,3.35,3.45,350,103000
20201012,15:01,3.45,3.45,3.35,3.35,400,103000
20201012,15:02,3.50,3.50,3.45,3.45,100,103000
20201012,15:03,3.45,3.45,3.45,3.45,50,103100
20201012,15:04,3.50,3.50,3.50,3.50,325,103100
20201012,15:05,3.60,3.75,3.60,3.60,4225,103100
20201012,15:06,3.60,3.70,3.60,3.70,300,103100
20201012,15:07,3.55,3.80,3.55,3.80,825,104800
20201012,15:08,3.75,3.75,3.75,3.75,25,104800
20201012,15:09,3.80,3.85,3.65,3.65,550,105300
20201012,15:10,3.65,3.95,3.65,3.90,1525,105300
20201012,15:11,3.90,3.90,3.75,3.75,450,105300
20201012,15:12,3.80,3.80,3.80,3.80,600,104925
20201012,15:13,3.65,3.75,3.65,3.65,1250,104925
20201012,15:14,3.65,3.85,3.60,3.60,925,104925
20201012,15:15,3.60,3.60,3.60,3.60,250,105025
20201012,15:16,3.85,3.90,3.85,3.90,725,105025
20201012,15:17,3.70,3.80,3.70,3.80,225,105025
20201012,15:18,3.70,3.80,3.65,3.80,675,105250
20201012,15:19,3.60,3.85,3.60,3.70,475,105250
20201012,15:20,3.80,3.80,3.75,3.80,375,105250
20201012,15:21,3.65,3.85,3.65,3.85,1075,105400
20201012,15:22,3.85,3.95,3.75,3.95,1875,105400
20201012,15:23,3.85,3.95,3.75,3.75,1275,105400
20201012,15:24,3.90,3.95,3.85,3.95,850,105200
20201012,15:25,4.00,4.05,3.85,4.00,2500,105200
20201012,15:26,3.85,4.00,3.75,4.00,5450,105200
20201012,15:27,3.85,3.85,3.80,3.85,2350,106100
20201012,15:28,3.90,4.00,3.90,3.90,4100,106100
20201012,15:29,3.85,3.95,3.55,3.85,1925,106100
20201013,09:15,3.95,3.95,2.80,3.00,2902,106775
20201013,09:16,3.00,3.20,2.85,2.95,3975,106775
20201013,09:17,2.90,3.00,2.90,2.90,2750,110225
20201013,09:18,2.90,2.95,2.60,2.80,3250,110225
20201013,09:19,2.90,3.10,2.80,3.05,1000,110225
20201013,09:20,3.05,3.05,3.05,3.05,500,108425
20201013,09:21,3.05,3.05,3.00,3.00,1150,108425
20201013,09:22,3.00,3.30,3.00,3.10,2300,108425
20201013,09:23,3.10,3.10,3.05,3.05,1900,107875
20201013,09:24,3.05,3.10,2.70,3.10,4000,107875
20201013,09:25,3.00,3.00,2.85,3.00,475,107875
20201013,09:26,2.90,3.00,2.90,3.00,1525,108100
20201013,09:27,3.05,3.05,2.95,2.95,900,108100
20201013,09:28,2.95,3.30,2.95,3.00,475,108100
20201013,09:29,2.95,2.95,2.95,2.95,575,108525
20201013,09:30,2.95,3.00,2.95,2.95,2075,108525
20201013,09:31,3.00,3.30,2.95,3.30,1175,108525
20201013,09:32,3.10,3.10,3.10,3.10,350,109400
20201013,09:33,3.05,3.05,3.00,3.00,675,109400
20201013,09:34,3.00,3.00,2.95,2.95,650,109400
20201013,09:35,2.95,2.95,2.90,2.90,1750,108650
20201013,09:36,2.90,3.25,2.90,3.15,1225,108650
20201013,09:37,3.15,3.15,3.05,3.05,900,108650
20201013,09:39,3.10,3.10,3.10,3.10,575,111225
20201013,09:40,3.15,3.15,3.10,3.10,825,111225
20201013,09:41,3.05,3.05,3.05,3.05,50,111400
20201013,09:42,3.05,3.05,3.05,3.05,50,111400
20201013,09:43,3.05,3.10,3.00,3.00,1375,111400
20201013,09:44,3.00,3.00,2.95,2.95,150,110950
20201013,09:45,3.00,3.05,3.00,3.05,850,110950
20201013,09:46,3.00,3.00,3.00,3.00,325,110950
20201013,09:47,2.95,3.00,2.95,3.00,75,110975
20201013,09:48,3.00,3.00,2.90,2.90,625,110975
20201013,09:49,3.00,3.00,3.00,3.00,75,110975
20201013,09:50,3.00,3.00,3.00,3.00,100,110850
20201013,09:51,3.00,3.20,3.00,3.20,275,110850
20201013,09:52,3.20,3.20,3.20,3.20,675,110850
20201013,09:53,3.10,3.10,3.10,3.10,125,110225
20201013,09:54,3.10,3.10,3.10,3.10,50,110225
20201013,09:55,3.05,3.05,3.05,3.05,125,110225
20201013,09:56,3.05,3.05,3.05,3.05,75,110350
20201013,09:57,3.05,3.05,3.05,3.05,325,110350
20201013,09:59,3.05,3.05,3.00,3.05,275,110400
20201013,10:00,3.05,3.05,2.90,2.90,675,110400
20201013,10:01,2.90,2.90,2.85,2.85,1800,110400
20201013,10:02,2.85,2.85,2.85,2.85,100,110400
20201013,10:04,2.80,2.80,2.80,2.80,500,110350
20201013,10:05,2.85,2.85,2.85,2.85,425,110350
20201013,10:06,2.85,2.85,2.85,2.85,100,110350
20201013,10:07,2.90,2.90,2.90,2.90,300,110350
20201013,10:08,2.85,2.85,2.85,2.85,300,110350
20201013,10:09,2.80,2.80,2.80,2.80,2950,110450
20201013,10:10,2.80,2.80,2.80,2.80,100,110450
20201013,10:11,2.80,2.85,2.80,2.85,250,110350
20201013,10:12,2.90,2.90,2.90,2.90,75,110350
20201013,10:13,2.90,2.90,2.85,2.85,550,110350
20201013,10:14,2.85,2.90,2.85,2.90,325,110075
20201013,10:16,2.85,2.85,2.85,2.85,25,110075
20201013,10:18,2.85,2.85,2.85,2.85,200,110050
20201013,10:21,2.85,2.85,2.85,2.85,1600,110050
20201013,10:22,2.85,2.85,2.75,2.80,4750,110050
20201013,10:23,2.75,2.75,2.70,2.75,1100,107900
20201013,10:24,2.70,2.80,2.70,2.80,1275,107900
20201013,10:26,2.75,2.75,2.75,2.75,125,107600
20201013,10:27,2.75,2.75,2.75,2.75,175,107600
20201013,10:28,2.80,2.80,2.75,2.75,525,107600
20201013,10:29,2.70,2.70,2.70,2.70,450,107600
20201013,10:30,2.75,2.75,2.75,2.75,175,107600
20201013,10:31,2.80,2.80,2.80,2.80,125,107600
20201013,10:33,2.80,2.80,2.80,2.80,400,107425
20201013,10:34,2.85,2.85,2.85,2.85,250,107425
20201013,10:35,2.85,2.85,2.85,2.85,1150,107150
20201013,10:36,2.85,2.90,2.85,2.90,675,107150
20201013,10:37,2.95,2.95,2.95,2.95,350,107150
20201013,10:38,2.85,2.85,2.85,2.85,100,107150
20201013,10:39,2.95,2.95,2.95,2.95,300,106350
20201013,10:40,2.95,2.95,2.95,2.95,25,106350
20201013,10:41,2.95,3.00,2.95,3.00,100,106325
20201013,10:42,3.00,3.00,3.00,3.00,50,106325
20201013,10:43,3.00,3.00,3.00,3.00,175,106325
20201013,10:44,3.00,3.10,3.00,3.10,175,106300
20201013,10:45,3.10,3.20,3.05,3.20,1625,106300
20201013,10:46,3.20,3.20,3.15,3.15,950,106300
20201013,10:47,3.10,3.20,3.10,3.15,1100,107200
20201013,10:48,3.10,3.10,3.10,3.10,850,107200
20201013,10:49,3.05,3.20,3.05,3.15,1975,107200
20201013,10:50,3.15,3.35,3.15,3.35,1175,109425
20201013,10:51,3.30,3.35,3.15,3.35,1625,109425
20201013,10:52,3.30,3.35,3.25,3.25,650,109425
20201013,10:54,3.20,3.20,3.15,3.20,650,111100
20201013,10:55,3.10,3.10,3.10,3.10,575,111100
20201013,10:56,3.05,3.10,3.05,3.10,375,110750
20201013,10:57,3.10,3.10,3.05,3.05,200,110750
20201013,10:58,3.10,3.10,3.10,3.10,125,110750
20201013,10:59,3.15,3.25,3.15,3.25,825,110600
20201013,11:00,3.25,3.35,3.20,3.30,2025,110600
20201013,11:01,3.40,3.65,3.40,3.45,2575,110600
20201013,11:02,3.55,3.70,3.50,3.70,1725,113125
20201013,11:03,3.45,3.45,3.45,3.45,150,113125
20201013,11:04,3.35,3.35,3.35,3.35,650,113125
20201013,11:05,3.35,3.35,3.35,3.35,1225,112800
20201013,11:06,3.30,3.30,3.30,3.30,1500,112800
20201013,11:08,3.25,3.30,3.25,3.30,400,112800
20201013,11:09,3.30,3.30,3.30,3.30,50,115275
20201013,11:10,3.30,3.55,3.30,3.45,3025,115275
20201013,11:11,3.55,3.55,3.40,3.40,3175,116300
20201013,11:12,3.40,3.40,3.40,3.40,325,116300
20201013,11:13,3.40,3.45,3.40,3.45,2750,116300
20201013,11:18,3.20,3.25,3.20,3.25,625,114025
20201013,11:20,3.05,3.20,3.05,3.20,1025,113800
20201013,11:21,3.20,3.20,3.10,3.10,1750,113800
20201013,11:23,3.15,3.15,3.15,3.15,125,113800
20201013,11:25,3.20,3.20,3.20,3.20,125,112500
20201013,11:26,3.20,3.20,3.20,3.20,200,112500
20201013,11:27,3.15,3.25,3.15,3.25,475,112500
20201013,11:28,3.15,3.20,3.15,3.15,250,112500
20201013,11:29,3.15,3.15,3.15,3.15,250,112500
20201013,11:30,3.15,3.15,3.10,3.10,275,112650
20201013,11:31,3.10,3.10,3.10,3.10,100,112650
20201013,11:32,3.20,3.20,3.20,3.20,25,112575
20201013,11:33,3.10,3.10,3.10,3.10,250,112575
20201013,11:35,3.25,3.25,3.25,3.25,1500,112575
20201013,11:37,3.30,3.30,3.30,3.30,100,113225
20201013,11:38,3.25,3.25,3.25,3.25,150,113225
20201013,11:40,3.20,3.20,3.20,3.20,25,113100
20201013,11:42,3.25,3.25,3.25,3.25,425,113125
20201013,11:43,3.25,3.25,3.25,3.25,25,113125
20201013,11:47,3.20,3.20,3.20,3.20,200,113225
20201013,11:48,3.20,3.20,3.20,3.20,50,113225
20201013,11:51,3.30,3.30,3.30,3.30,75,113225
20201013,11:52,3.35,3.35,3.25,3.25,100,113225
20201013,11:53,3.25,3.25,3.25,3.25,25,113225
20201013,11:54,3.30,3.30,3.30,3.30,100,113400
20201013,11:55,3.30,3.35,3.30,3.35,800,113400
20201013,11:56,3.35,3.35,3.35,3.35,125,113400
20201013,11:59,3.40,3.40,3.35,3.35,250,113300
20201013,12:01,3.35,3.35,3.20,3.25,3675,113275
20201013,12:03,3.25,3.25,3.25,3.25,25,113275
20201013,12:04,3.15,3.15,3.15,3.15,650,115675
20201013,12:05,3.15,3.15,3.10,3.15,500,115675
20201013,12:06,3.10,3.10,3.10,3.10,25,115675
20201013,12:11,3.10,3.10,3.10,3.10,1800,115200
20201013,12:12,3.10,3.10,3.10,3.10,700,114350
20201013,12:13,3.10,3.10,3.10,3.10,100,114350
20201013,12:16,3.10,3.10,3.05,3.05,600,113550
20201013,12:17,3.00,3.00,2.90,2.95,1475,113000
20201013,12:18,2.95,3.20,2.95,3.20,350,113000
20201013,12:19,3.20,3.20,3.05,3.05,650,113000
20201013,12:20,3.00,3.00,2.90,2.95,950,113000
20201013,12:21,3.10,3.10,3.10,3.10,100,113150
20201013,12:23,3.05,3.05,3.05,3.05,150,113350
20201013,12:24,3.05,3.05,3.05,3.05,50,113350
20201013,12:26,3.05,3.15,3.05,3.15,475,113350
20201013,12:27,3.15,3.15,3.15,3.15,25,113350
20201013,12:28,3.15,3.15,3.15,3.15,150,113625
20201013,12:29,3.15,3.15,3.05,3.10,1000,113625
20201013,12:30,3.15,3.15,3.15,3.15,200,113075
20201013,12:31,3.15,3.15,3.10,3.10,75,113075
20201013,12:32,3.10,3.10,3.10,3.10,75,113250
20201013,12:33,3.05,3.05,3.05,3.05,325,113250
20201013,12:34,3.05,3.05,3.00,3.00,75,113250
20201013,12:35,3.05,3.05,3.00,3.05,525,113150
20201013,12:37,3.05,3.10,3.05,3.10,275,113150
20201013,12:38,3.05,3.10,3.05,3.10,275,113150
20201013,12:39,3.10,3.10,3.10,3.10,375,112800
20201013,12:40,3.10,3.10,3.10,3.10,50,112800
20201013,12:41,3.00,3.05,3.00,3.05,275,112800
20201013,12:43,3.05,3.10,3.05,3.10,650,112825
20201013,12:44,3.10,3.10,3.10,3.10,50,112825
20201013,12:45,3.05,3.05,3.05,3.05,150,112825
20201013,12:46,3.10,3.10,2.95,2.95,850,112900
20201013,12:47,2.95,2.95,2.95,2.95,200,112900
20201013,12:48,2.90,2.95,2.90,2.95,1350,112575
20201013,12:49,2.95,2.95,2.90,2.90,2025,112575
20201013,12:50,2.95,2.95,2.95,2.95,250,112575
20201013,12:51,2.90,2.90,2.85,2.85,1100,113975
20201013,12:52,2.90,2.95,2.90,2.90,425,113975
20201013,12:53,2.90,2.95,2.90,2.95,625,113975
20201013,12:54,2.95,2.95,2.85,2.85,500,114475
20201013,12:55,2.90,2.90,2.80,2.90,2050,114475
20201013,12:56,2.95,2.95,2.95,2.95,225,114475
20201013,12:57,2.95,2.95,2.95,2.95,100,114475
20201013,12:58,2.95,2.95,2.95,2.95,300,116250
20201013,12:59,2.95,2.95,2.90,2.90,1950,116250
20201013,13:00,2.90,2.95,2.90,2.90,2550,116775
20201013,13:01,2.90,2.90,2.90,2.90,925,116775
20201013,13:02,2.90,2.90,2.90,2.90,2500,116775
20201013,13:03,2.90,2.95,2.85,2.95,1725,119675
20201013,13:04,2.95,2.95,2.90,2.90,1650,119675
20201013,13:05,2.90,2.90,2.85,2.90,925,119675
20201013,13:06,2.85,2.85,2.85,2.85,1850,120575
20201013,13:07,2.70,2.90,2.70,2.85,3425,120575
20201013,13:09,2.80,2.85,2.80,2.85,900,120950
20201013,13:10,2.90,2.95,2.90,2.95,1600,120950
20201013,13:11,2.95,3.00,2.95,3.00,725,120950
20201013,13:12,3.00,3.00,3.00,3.00,250,120950
20201013,13:13,2.95,3.05,2.80,2.95,600,120950
20201013,13:14,2.95,2.95,2.90,2.90,675,120950
20201013,13:15,2.95,2.95,2.95,2.95,50,120950
20201013,13:16,3.00,3.00,2.90,2.90,125,123325
20201013,13:18,2.90,2.90,2.90,2.90,50,123325
20201013,13:21,2.95,3.00,2.95,3.00,325,123350
20201013,13:22,3.00,3.00,3.00,3.00,300,123350
20201013,13:24,3.00,3.00,3.00,3.00,50,123350
20201013,13:26,2.95,2.95,2.95,2.95,25,123575
20201013,13:27,3.00,3.00,3.00,3.00,750,123625
20201013,13:28,3.00,3.05,3.00,3.05,250,123625
20201013,13:29,3.15,3.15,3.15,3.15,575,123625
20201013,13:31,3.15,3.15,3.15,3.15,25,124600
20201013,13:32,3.15,3.20,3.05,3.10,3300,124600
20201013,13:33,3.10,3.10,3.10,3.10,100,124600
20201013,13:34,3.10,3.10,3.10,3.10,1000,124625
20201013,13:36,3.10,3.10,3.05,3.05,50,124525
20201013,13:37,3.10,3.10,3.10,3.10,1375,124525
20201013,13:38,3.10,3.10,3.10,3.10,1125,124525
20201013,13:39,3.10,3.10,3.05,3.05,1600,123100
20201013,13:41,3.00,3.00,3.00,3.00,25,123100
20201013,13:43,3.00,3.00,3.00,3.00,150,123000
20201013,13:44,3.00,3.00,3.00,3.00,350,123000
20201013,13:45,2.90,2.90,2.90,2.90,25,123000
20201013,13:46,2.90,2.90,2.75,2.75,6300,122750
20201013,13:49,2.80,2.80,2.80,2.80,650,122575
20201013,13:50,2.75,2.75,2.75,2.75,475,122575
20201013,13:51,2.75,2.75,2.75,2.75,375,121975
20201013,13:52,2.75,2.75,2.75,2.75,25,121975
20201013,13:53,2.80,2.80,2.80,2.80,500,121975
20201013,13:54,2.75,2.75,2.70,2.70,1500,121950
20201013,13:55,2.80,2.80,2.75,2.75,150,121950
20201013,13:56,2.80,2.80,2.80,2.80,1325,121950
20201013,13:57,2.80,2.85,2.80,2.85,375,121025
20201013,13:58,2.75,2.75,2.75,2.75,2250,121025
20201013,13:59,2.75,2.75,2.70,2.75,2450,121025
20201013,14:00,2.80,2.80,2.80,2.80,750,125525
20201013,14:01,2.80,2.80,2.75,2.80,1350,125525
20201013,14:02,2.80,2.80,2.75,2.80,900,125525
20201013,14:03,2.85,2.85,2.75,2.80,1050,124725
20201013,14:04,2.80,2.80,2.80,2.80,200,124725
20201013,14:05,2.75,2.75,2.75,2.75,125,124725
20201013,14:06,2.80,2.85,2.80,2.85,275,124725
20201013,14:08,2.80,2.80,2.80,2.80,300,124725
20201013,14:09,2.75,2.75,2.75,2.75,2825,125025
20201013,14:10,2.70,2.70,2.70,2.70,425,125025
20201013,14:11,2.75,2.75,2.75,2.75,75,125025
20201013,14:17,2.70,2.70,2.70,2.70,1100,127850
20201013,14:18,2.75,2.80,2.75,2.80,375,127850
20201013,14:19,2.75,2.75,2.70,2.70,1425,127850
20201013,14:20,2.75,2.75,2.75,2.75,1225,127850
20201013,14:22,2.80,2.80,2.80,2.80,75,127850
20201013,14:23,2.80,2.80,2.75,2.75,150,127850
20201013,14:27,2.80,2.80,2.80,2.80,725,127850
20201013,14:28,2.75,2.75,2.75,2.75,175,127850
20201013,14:29,2.70,2.70,2.70,2.70,250,127850
20201013,14:30,2.70,2.75,2.70,2.70,1225,128100
20201013,14:31,2.70,2.75,2.70,2.75,1000,128100
20201013,14:32,2.65,2.65,2.65,2.65,500,128100
20201013,14:33,2.65,2.65,2.65,2.65,1350,128100
20201013,14:34,2.70,2.70,2.70,2.70,150,127850
20201013,14:35,2.60,2.65,2.60,2.65,275,127850
20201013,14:36,2.65,2.70,2.65,2.70,950,127900
20201013,14:37,2.65,2.70,2.65,2.65,1125,127900
20201013,14:38,2.60,2.65,2.60,2.65,1000,127900
20201013,14:39,2.60,2.60,2.60,2.60,550,126550
20201013,14:40,2.60,2.60,2.60,2.60,150,126550
20201013,14:41,2.55,2.65,2.55,2.60,2625,126550
20201013,14:42,2.60,2.60,2.55,2.55,225,126700
20201013,14:43,2.60,2.60,2.60,2.60,50,126700
20201013,14:44,2.60,2.60,2.60,2.60,50,126700
20201013,14:45,2.60,2.60,2.55,2.55,650,126500
20201013,14:47,2.55,2.55,2.55,2.55,75,126500
20201013,14:48,2.55,2.55,2.55,2.55,375,126325
20201013,14:49,2.50,2.50,2.50,2.50,600,126325
20201013,14:50,2.50,2.55,2.45,2.55,3625,126325
20201013,14:51,2.55,2.55,2.50,2.50,2500,126275
20201013,14:52,2.50,2.55,2.35,2.35,2325,126275
20201013,14:53,2.35,2.40,2.30,2.40,1800,126275
20201013,14:54,2.30,2.45,2.30,2.45,1175,126450
20201013,14:55,2.45,2.45,2.30,2.35,4400,126450
20201013,14:56,2.40,2.40,2.30,2.40,1450,126450
20201013,14:57,2.30,2.40,2.30,2.35,1025,125650
20201013,14:58,2.40,2.40,2.35,2.35,925,125650
20201013,14:59,2.40,2.45,2.35,2.40,2825,125650
20201013,15:00,2.45,2.45,2.35,2.35,750,125725
20201013,15:01,2.40,2.45,2.35,2.35,2275,125725
20201013,15:02,2.45,2.45,2.35,2.40,350,125725
20201013,15:03,2.45,2.45,2.35,2.45,775,125725
20201013,15:04,2.35,2.45,2.35,2.45,950,125725
20201013,15:05,2.45,2.60,2.45,2.50,2975,125725
20201013,15:06,2.55,2.60,2.55,2.55,575,126225
20201013,15:07,2.60,2.60,2.60,2.60,2000,126225
20201013,15:08,2.65,2.65,2.65,2.65,1400,126225
20201013,15:09,2.65,2.65,2.50,2.50,1050,126200
20201013,15:10,2.60,2.95,2.50,2.90,3325,126200
20201013,15:11,2.70,3.00,2.70,3.00,6075,126200
20201013,15:12,2.90,3.00,2.90,3.00,1100,127025
20201013,15:13,3.15,3.20,2.90,3.05,4250,127025
20201013,15:14,3.00,3.25,3.00,3.25,3750,127025
20201013,15:15,2.85,2.90,2.65,2.80,1825,127250
20201013,15:16,2.95,3.00,2.80,2.85,1225,127250
20201013,15:17,2.95,3.15,2.85,2.85,18275,127250
20201013,15:18,2.95,3.00,2.80,3.00,925,139325
20201013,15:19,3.00,3.30,3.00,3.20,6425,139325
20201013,15:20,3.20,3.25,3.20,3.25,2650,139325
20201013,15:21,3.30,3.40,3.05,3.05,4800,141150
20201013,15:22,3.05,3.20,3.00,3.00,1725,141150
20201013,15:24,3.00,3.05,3.00,3.00,600,140800
20201013,15:25,3.05,3.05,2.50,3.00,7650,140800
20201013,15:26,2.95,3.20,2.90,3.20,1050,140800
20201013,15:27,3.00,3.20,3.00,3.20,450,140700
20201013,15:28,3.15,3.20,3.05,3.05,875,140700
20201013,15:29,3.15,3.50,2.95,3.50,5650,140700
20201014,09:15,2.45,2.50,1.70,1.95,4252,141525
20201014,09:16,2.00,2.00,1.95,1.95,250,141525
20201014,09:17,1.95,2.05,1.95,2.05,300,141525
20201014,09:18,2.10,2.10,1.80,1.80,5450,143975
20201014,09:19,1.80,1.85,1.80,1.80,725,143975
20201014,09:20,1.80,1.85,1.80,1.85,1200,143500
20201014,09:21,1.85,1.85,1.85,1.85,250,143500
20201014,09:22,1.90,1.90,1.90,1.90,500,143500
20201014,09:23,1.90,1.90,1.90,1.90,600,142700
20201014,09:24,1.90,1.90,1.90,1.90,575,142700
20201014,09:25,1.90,1.90,1.90,1.90,250,142700
20201014,09:26,2.00,2.05,2.00,2.05,350,143125
20201014,09:27,2.05,2.10,2.05,2.10,400,143125
20201014,09:28,2.15,2.15,2.15,2.15,1675,143125
20201014,09:29,2.20,2.20,2.15,2.15,950,143425
20201014,09:30,2.15,2.15,2.10,2.10,425,143425
20201014,09:31,2.10,2.10,2.10,2.10,200,143425
20201014,09:32,2.15,2.15,2.05,2.05,200,144175
20201014,09:34,2.00,2.00,2.00,2.00,575,144175
20201014,09:35,2.00,2.00,2.00,2.00,25,144650
20201014,09:36,2.00,2.00,2.00,2.00,625,144650
20201014,09:37,2.00,2.05,2.00,2.05,2225,144650
20201014,09:38,2.00,2.05,2.00,2.05,425,144250
20201014,09:39,2.10,2.10,2.10,2.10,250,144250
20201014,09:40,2.05,2.05,2.05,2.05,25,144250
20201014,09:41,2.05,2.05,2.05,2.05,50,144350
20201014,09:42,2.10,2.10,2.05,2.05,200,144350
20201014,09:43,2.05,2.05,2.05,2.05,500,144350
20201014,09:44,2.00,2.00,1.95,2.00,600,144875
20201014,09:45,2.00,2.00,2.00,2.00,125,144875
20201014,09:46,2.00,2.00,2.00,2.00,1675,144875
20201014,09:47,2.10,2.15,2.00,2.15,1250,144725
20201014,09:48,2.15,2.15,2.10,2.10,450,144725
20201014,09:49,2.15,2.20,2.05,2.10,1150,144725
20201014,09:51,2.10,2.10,2.10,2.10,25,144725
20201014,09:52,2.05,2.05,2.05,2.05,50,145175
20201014,09:53,2.10,2.10,2.10,2.10,25,145175
20201014,09:56,2.05,2.05,2.05,2.05,50,145175
20201014,09:57,2.00,2.05,1.95,2.05,100,145175
20201014,09:58,1.90,1.95,1.90,1.95,400,145175
20201014,09:59,2.00,2.00,2.00,2.00,275,145275
20201014,10:00,2.00,2.00,2.00,2.00,50,145275
20201014,10:01,2.05,2.05,2.05,2.05,50,145275
20201014,10:02,2.05,2.05,1.90,2.00,1100,145075
20201014,10:04,2.00,2.05,2.00,2.05,300,145075
20201014,10:05,2.10,2.10,2.10,2.10,200,144975
20201014,10:06,2.10,2.15,2.10,2.15,175,144975
20201014,10:07,2.15,2.15,2.10,2.10,725,144975
20201014,10:08,2.10,2.10,2.10,2.10,25,144975
20201014,10:14,2.10,2.10,2.10,2.10,75,145100
20201014,10:17,2.00,2.00,1.95,2.00,375,145025
20201014,10:19,2.00,2.10,2.00,2.10,700,145025
20201014,10:23,2.10,2.10,2.00,2.00,150,144975
20201014,10:24,2.00,2.00,2.00,2.00,25,144975
20201014,10:26,2.00,2.00,2.00,2.00,75,144975
20201014,10:27,2.00,2.00,2.00,2.00,25,144975
20201014,10:28,2.00,2.00,2.00,2.00,50,144975
20201014,10:29,2.00,2.00,2.00,2.00,25,144975
20201014,10:31,1.95,1.95,1.95,1.95,100,144975
20201014,10:32,2.05,2.05,2.05,2.05,25,144975
20201014,10:34,1.95,1.95,1.95,1.95,300,144950
20201014,10:35,1.95,1.95,1.95,1.95,100,144950
20201014,10:37,1.95,1.95,1.95,1.95,225,144950
20201014,10:39,2.05,2.05,1.95,1.95,175,144975
20201014,10:40,1.95,1.95,1.95,1.95,25,144975
20201014,10:42,1.95,2.05,1.90,2.05,600,144975
20201014,10:43,1.90,1.90,1.90,1.90,75,144975
20201014,10:44,1.90,1.95,1.80,1.80,600,144950
20201014,10:48,1.85,1.85,1.85,1.85,650,144925
20201014,10:49,1.85,1.85,1.85,1.85,25,144925
20201014,10:50,1.85,1.85,1.80,1.85,575,144825
20201014,10:53,1.85,1.90,1.85,1.90,550,144825
20201014,10:54,1.90,1.90,1.90,1.90,225,144825
20201014,10:55,1.90,1.95,1.90,1.95,200,144950
20201014,10:57,1.85,1.85,1.85,1.85,450,144975
20201014,10:58,1.85,1.90,1.85,1.90,75,144975
20201014,10:59,1.90,1.90,1.90,1.90,475,144975
20201014,11:00,1.85,1.85,1.85,1.85,650,145000
20201014,11:01,1.85,1.90,1.85,1.90,250,145000
20201014,11:02,1.95,1.95,1.95,1.95,500,145000
20201014,11:05,1.95,1.95,1.95,1.95,25,144800
20201014,11:06,1.90,1.90,1.90,1.90,25,144850
20201014,11:07,1.85,1.85,1.80,1.80,450,144850
20201014,11:08,1.80,1.80,1.80,1.80,1250,144850
20201014,11:09,1.80,1.85,1.80,1.85,500,144450
20201014,11:10,1.85,1.85,1.85,1.85,50,144450
20201014,11:11,1.85,1.85,1.85,1.85,75,144450
20201014,11:13,2.15,2.15,2.15,2.15,1000,144175
20201014,11:14,1.85,1.85,1.80,1.80,1025,144150
20201014,11:15,1.80,1.95,1.80,1.95,1675,144150
20201014,11:16,1.85,1.85,1.85,1.85,725,144150
20201014,11:17,1.80,1.80,1.80,1.80,550,144850
20201014,11:18,1.80,1.90,1.75,1.75,1250,144850
20201014,11:19,1.75,1.80,1.75,1.80,450,144850
20201014,11:20,1.80,1.80,1.75,1.80,400,146025
20201014,11:21,1.75,1.80,1.75,1.80,875,146025
20201014,11:23,1.75,1.75,1.70,1.70,2600,145675
20201014,11:24,1.65,1.65,1.65,1.65,1050,145675
20201014,11:26,1.65,1.65,1.65,1.65,200,149050
20201014,11:29,1.65,1.65,1.65,1.65,25,149050
20201014,11:30,1.70,1.70,1.70,1.70,475,149050
20201014,11:31,1.65,1.65,1.65,1.65,150,149050
20201014,11:32,1.75,1.75,1.75,1.75,75,149050
20201014,11:33,1.65,1.65,1.65,1.65,325,149225
20201014,11:34,1.65,1.65,1.65,1.65,1550,149225
20201014,11:36,1.60,1.60,1.60,1.60,500,150125
20201014,11:38,1.60,1.60,1.60,1.60,725,150125
20201014,11:39,1.55,1.55,1.55,1.55,775,150925
20201014,11:40,1.55,1.55,1.55,1.55,375,150925
20201014,11:41,1.55,1.55,1.55,1.55,575,151050
20201014,11:44,1.50,1.50,1.50,1.50,2000,151050
20201014,11:46,1.50,1.50,1.50,1.50,2500,151050
20201014,11:47,1.60,1.60,1.50,1.55,850,151350
20201014,11:48,1.55,1.60,1.55,1.55,2000,151350
20201014,11:51,1.55,1.55,1.55,1.55,775,151350
20201014,11:54,1.50,1.50,1.50,1.50,25,152025
20201014,11:55,1.60,1.60,1.60,1.60,75,152800
20201014,11:56,1.60,1.60,1.55,1.55,1000,152800
20201014,11:57,1.55,1.55,1.50,1.50,1025,152775
20201014,11:59,1.50,1.50,1.50,1.50,1175,152775
20201014,12:01,1.55,1.55,1.55,1.55,250,152775
20201014,12:02,1.45,1.45,1.45,1.45,1250,152775
20201014,12:04,1.45,1.50,1.45,1.50,1300,152500
20201014,12:10,1.55,1.55,1.55,1.55,450,152500
20201014,12:12,1.50,1.50,1.50,1.50,525,152500
20201014,12:14,1.45,1.45,1.45,1.45,1625,152500
20201014,12:15,1.40,1.40,1.40,1.40,2475,152525
20201014,12:16,1.40,1.40,1.40,1.40,125,152525
20201014,12:17,1.40,1.40,1.35,1.35,3600,151375
20201014,12:18,1.35,1.35,1.35,1.35,75,151375
20201014,12:19,1.30,1.40,1.30,1.40,2675,151375
20201014,12:20,1.40,1.40,1.35,1.40,3750,151375
20201014,12:21,1.45,1.45,1.45,1.45,1975,150800
20201014,12:22,1.45,1.45,1.45,1.45,25,150800
20201014,12:23,1.45,1.45,1.45,1.45,350,150800
20201014,12:24,1.45,1.50,1.45,1.45,275,150800
20201014,12:25,1.50,1.50,1.50,1.50,200,150800
20201014,12:26,1.50,1.50,1.50,1.50,25,150800
20201014,12:27,1.55,1.55,1.50,1.50,550,150450
20201014,12:28,1.45,1.45,1.45,1.45,1500,150450
20201014,12:29,1.50,1.50,1.50,1.50,1500,150450
20201014,12:30,1.55,1.55,1.55,1.55,250,149950
20201014,12:31,1.55,1.55,1.45,1.45,2000,149950
20201014,12:32,1.45,1.45,1.45,1.45,700,149950
20201014,12:33,1.45,1.45,1.40,1.40,925,150725
20201014,12:34,1.40,1.40,1.40,1.40,250,150725
20201014,12:37,1.40,1.40,1.40,1.40,725,151875
20201014,12:38,1.40,1.40,1.35,1.35,450,151875
20201014,12:39,1.35,1.35,1.35,1.35,275,153050
20201014,12:40,1.35,1.35,1.35,1.35,25,153050
20201014,12:41,1.35,1.35,1.35,1.35,100,153050
20201014,12:44,1.30,1.35,1.30,1.30,2825,153175
20201014,12:45,1.35,1.35,1.35,1.35,625,154800
20201014,12:47,1.35,1.35,1.35,1.35,150,154500
20201014,12:48,1.35,1.40,1.35,1.40,650,154500
20201014,12:50,1.30,1.30,1.30,1.30,125,154500
20201014,12:51,1.30,1.30,1.30,1.30,125,154650
20201014,12:52,1.30,1.30,1.30,1.30,125,154650
20201014,12:53,1.30,1.35,1.30,1.35,700,154650
20201014,12:54,1.30,1.30,1.30,1.30,1125,155475
20201014,12:57,1.35,1.35,1.35,1.35,375,156575
20201014,12:59,1.35,1.35,1.35,1.35,375,156575
20201014,13:00,1.30,1.30,1.30,1.30,250,155825
20201014,13:02,1.35,1.35,1.35,1.35,75,155825
20201014,13:09,1.25,1.25,1.25,1.25,75,155825
20201014,13:10,1.25,1.25,1.25,1.25,275,156025
20201014,13:14,1.30,1.30,1.30,1.30,150,156025
20201014,13:15,1.30,1.30,1.30,1.30,25,156000
20201014,13:16,1.25,1.30,1.25,1.30,400,156000
20201014,13:17,1.30,1.30,1.30,1.30,425,156000
20201014,13:19,1.25,1.30,1.25,1.25,2525,156000
20201014,13:24,1.30,1.30,1.30,1.30,525,156000
20201014,13:25,1.25,1.25,1.25,1.25,50,156000
20201014,13:29,1.30,1.35,1.30,1.35,1350,156050
20201014,13:31,1.35,1.35,1.35,1.35,1175,156050
20201014,13:34,1.35,1.35,1.35,1.35,50,156050
20201014,13:36,1.35,1.35,1.35,1.35,250,156050
20201014,13:41,1.35,1.40,1.35,1.40,2250,156300
20201014,13:42,1.40,1.40,1.40,1.40,1000,156300
20201014,13:43,1.40,1.40,1.40,1.40,175,156975
20201014,13:44,1.40,1.60,1.40,1.55,4325,156975
20201014,13:45,1.55,1.55,1.55,1.55,400,159000
20201014,13:47,1.50,1.50,1.50,1.50,125,159000
20201014,13:48,1.50,1.50,1.50,1.50,25,159000
20201014,13:52,1.60,1.65,1.60,1.65,1075,159275
20201014,13:53,1.75,1.75,1.75,1.75,425,159275
20201014,13:54,1.60,1.60,1.60,1.60,125,159275
20201014,13:55,1.65,1.65,1.65,1.65,150,159375
20201014,13:56,1.65,1.65,1.65,1.65,25,159375
20201014,13:58,1.60,1.60,1.45,1.45,1575,159675
20201014,13:59,1.40,1.60,1.40,1.60,1600,159675
20201014,14:01,1.35,1.35,1.35,1.35,1500,158975
20201014,14:02,1.40,1.40,1.30,1.30,300,158975
20201014,14:03,1.35,1.40,1.35,1.40,1775,158750
20201014,14:04,1.35,1.35,1.35,1.35,125,158750
20201014,14:05,1.40,1.40,1.40,1.40,25,158750
20201014,14:08,1.35,1.35,1.30,1.30,275,158875
20201014,14:09,1.35,1.35,1.35,1.35,50,158875
20201014,14:10,1.30,1.35,1.25,1.35,1575,159000
20201014,14:11,1.30,1.30,1.25,1.25,1075,159000
20201014,14:12,1.25,1.30,1.25,1.25,475,160425
20201014,14:13,1.25,1.35,1.25,1.35,750,160425
20201014,14:15,1.35,1.35,1.35,1.35,50,160425
20201014,14:16,1.35,1.35,1.35,1.35,250,160075
20201014,14:17,1.40,1.40,1.40,1.40,25,160075
20201014,14:18,1.40,1.40,1.40,1.40,500,159775
20201014,14:19,1.40,1.40,1.40,1.40,25,159775
20201014,14:20,1.40,1.50,1.35,1.50,2475,159775
20201014,14:21,1.50,1.50,1.50,1.50,300,157800
20201014,14:22,1.40,1.45,1.40,1.40,550,157800
20201014,14:24,1.40,1.40,1.40,1.40,200,157800
20201014,14:26,1.35,1.35,1.35,1.35,125,157650
20201014,14:27,1.45,1.60,1.45,1.50,1925,157650
20201014,14:28,1.35,1.40,1.35,1.35,325,157650
20201014,14:29,1.40,1.40,1.35,1.35,150,157650
20201014,14:30,1.40,1.45,1.40,1.45,150,157325
20201014,14:31,1.40,1.40,1.40,1.40,25,157325
20201014,14:32,1.35,1.65,1.35,1.40,1050,157325
20201014,14:33,1.55,1.55,1.45,1.45,1425,157325
20201014,14:34,1.40,1.40,1.35,1.35,1050,157325
20201014,14:35,1.35,1.35,1.35,1.35,800,157325
20201014,14:36,1.40,1.40,1.40,1.40,375,157100
20201014,14:37,1.40,1.45,1.40,1.45,725,157100
20201014,14:41,1.45,1.45,1.45,1.45,25,156050
20201014,14:42,1.45,1.45,1.45,1.45,100,156025
20201014,14:43,1.45,1.50,1.45,1.50,425,156025
20201014,14:45,1.50,1.55,1.50,1.55,700,155200
20201014,14:46,1.50,1.50,1.45,1.45,950,155200
20201014,14:47,1.45,1.45,1.40,1.40,225,155200
20201014,14:51,1.40,1.40,1.40,1.40,125,155200
20201014,14:52,1.50,1.50,1.45,1.45,175,154525
20201014,14:55,1.45,1.50,1.45,1.50,1225,154375
20201014,14:56,1.55,1.55,1.55,1.55,50,154375
20201014,14:57,1.55,1.55,1.55,1.55,100,154375
20201014,14:59,1.55,1.55,1.50,1.50,250,153400
20201014,15:00,1.45,1.65,1.45,1.65,875,153200
20201014,15:01,1.75,1.75,1.75,1.75,450,153200
20201014,15:02,1.75,1.75,1.75,1.75,125,153200
20201014,15:03,1.75,1.75,1.75,1.75,175,153200
20201014,15:04,1.75,1.75,1.75,1.75,250,152825
20201014,15:05,1.50,1.50,1.50,1.50,1225,152825
20201014,15:06,1.55,1.85,1.55,1.85,500,152575
20201014,15:07,1.60,1.60,1.60,1.60,125,152575
20201014,15:08,1.90,1.90,1.70,1.70,2375,152575
20201014,15:09,1.70,1.90,1.70,1.90,175,154600
20201014,15:10,1.85,1.85,1.55,1.85,450,154600
20201014,15:11,1.95,1.95,1.65,1.80,1075,154600
20201014,15:12,1.65,1.70,1.65,1.65,575,154600
20201014,15:13,1.65,1.75,1.50,1.50,2725,154600
20201014,15:14,1.65,1.65,1.50,1.55,150,154600
20201014,15:15,1.55,1.65,1.55,1.55,300,155600
20201014,15:16,1.55,1.75,1.55,1.70,2550,155600
20201014,15:17,1.80,1.90,1.65,1.90,725,155600
20201014,15:18,1.75,1.80,1.70,1.75,400,155600
20201014,15:19,1.80,1.85,1.80,1.85,525,156950
20201014,15:20,1.80,1.85,1.75,1.80,1200,156950
20201014,15:21,1.75,1.85,1.70,1.70,1475,157350
20201014,15:22,1.70,1.80,1.70,1.70,375,157350
20201014,15:23,1.65,1.80,1.65,1.65,525,157350
20201014,15:24,1.60,1.70,1.50,1.50,475,157525
20201014,15:25,1.50,1.50,1.15,1.30,8400,157525
20201014,15:26,1.30,1.30,1.20,1.25,975,157525
20201014,15:27,1.50,1.50,1.25,1.40,325,158350
20201014,15:28,1.30,1.40,1.30,1.30,375,158350
20201014,15:29,1.40,1.40,1.20,1.20,1575,158350
20201015,09:15,0.75,0.85,0.20,0.40,7626,158050
20201015,09:16,0.40,0.40,0.25,0.35,625,158050
20201015,09:17,0.35,0.40,0.35,0.40,200,158050
20201015,09:18,0.45,0.50,0.40,0.40,4325,157925
20201015,09:19,0.40,0.50,0.40,0.50,375,157925
20201015,09:20,0.45,0.60,0.45,0.50,1650,160225
20201015,09:21,0.45,0.45,0.30,0.30,4000,160225
20201015,09:22,0.30,0.30,0.30,0.30,250,160225
20201015,09:23,0.30,0.30,0.30,0.30,2000,163250
20201015,09:24,0.30,0.30,0.30,0.30,125,163250
20201015,09:25,0.30,0.30,0.30,0.30,300,163250
20201015,09:26,0.30,0.35,0.30,0.35,200,162800
20201015,09:27,0.35,0.90,0.35,0.60,10650,162800
20201015,09:28,0.60,0.90,0.45,0.45,6150,162800
20201015,09:29,0.45,0.45,0.40,0.45,1100,171725
20201015,09:30,0.45,0.60,0.40,0.60,3575,171725
20201015,09:31,0.50,0.60,0.50,0.55,1200,171725
20201015,09:32,0.55,0.60,0.50,0.55,1375,172925
20201015,09:33,0.55,0.55,0.50,0.50,1375,172925
20201015,09:34,0.50,0.50,0.45,0.45,2775,172925
20201015,09:35,0.40,0.40,0.40,0.40,2400,173150
20201015,09:36,0.40,0.40,0.40,0.40,725,173150
20201015,09:37,0.40,0.40,0.30,0.35,1925,173150
20201015,09:38,0.35,0.40,0.35,0.40,375,173150
20201015,09:39,0.40,0.40,0.40,0.40,175,171825
20201015,09:40,0.40,0.40,0.40,0.40,1350,171825
20201015,09:42,0.40,0.40,0.40,0.40,350,172275
20201015,09:43,0.40,0.40,0.40,0.40,550,172275
20201015,09:44,0.40,0.40,0.40,0.40,375,171750
20201015,09:45,0.40,0.40,0.40,0.40,75,171750
20201015,09:47,0.40,0.40,0.40,0.40,875,171375
20201015,09:48,0.35,0.35,0.35,0.35,25,171375
20201015,09:49,0.35,0.40,0.35,0.40,375,171375
20201015,09:50,0.50,0.50,0.40,0.40,1025,171375
20201015,09:52,0.40,0.40,0.40,0.40,25,171350
20201015,09:53,0.45,0.45,0.40,0.40,2125,171350
20201015,09:55,0.40,0.45,0.40,0.45,825,170400
20201015,09:56,0.50,0.50,0.45,0.45,750,169950
20201015,09:57,0.45,0.45,0.40,0.40,1750,169950
20201015,09:58,0.40,0.40,0.40,0.40,600,169950
20201015,09:59,0.40,0.40,0.40,0.40,1900,170150
20201015,10:00,0.40,0.45,0.35,0.35,3700,170150
20201015,10:02,0.35,0.35,0.35,0.35,2925,171450
20201015,10:03,0.40,0.40,0.35,0.35,2825,171450
20201015,10:04,0.35,0.35,0.35,0.35,1325,171450
20201015,10:05,0.35,0.35,0.30,0.30,2000,171450
20201015,10:06,0.35,0.35,0.35,0.35,2675,172250
20201015,10:07,0.35,0.35,0.35,0.35,25,172250
20201015,10:10,0.35,0.35,0.35,0.35,975,177025
20201015,10:12,0.35,0.35,0.35,0.35,500,177025
20201015,10:15,0.30,0.35,0.30,0.35,775,176475
20201015,10:16,0.35,0.35,0.30,0.30,2175,176475
20201015,10:17,0.30,0.30,0.30,0.30,4225,176475
20201015,10:18,0.25,0.30,0.25,0.30,1050,176850
20201015,10:19,0.30,0.30,0.30,0.30,25,176850
20201015,10:20,0.30,0.30,0.30,0.30,9725,175900
20201015,10:21,0.30,0.30,0.30,0.30,200,175900
20201015,10:22,0.30,0.30,0.30,0.30,50,175900
20201015,10:23,0.35,0.35,0.35,0.35,25,175900
20201015,10:24,0.30,0.35,0.30,0.35,150,175900
20201015,10:26,0.25,0.30,0.25,0.30,825,175900
20201015,10:30,0.30,0.30,0.30,0.30,275,175900
20201015,10:32,0.25,0.25,0.25,0.25,250,175825
20201015,10:33,0.25,0.25,0.25,0.25,1575,175550
20201015,10:34,0.25,0.25,0.25,0.25,75,175550
20201015,10:35,0.30,0.30,0.25,0.30,425,175550
20201015,10:37,0.30,0.30,0.30,0.30,400,175550
20201015,10:39,0.25,0.25,0.25,0.25,700,175350
20201015,10:42,0.25,0.25,0.25,0.25,75,175350
20201015,10:43,0.30,0.30,0.30,0.30,2500,175350
20201015,10:44,0.25,0.25,0.25,0.25,100,175350
20201015,10:46,0.25,0.25,0.25,0.25,50,175350
20201015,10:49,0.25,0.25,0.25,0.25,25,175350
20201015,10:50,0.30,0.30,0.25,0.25,625,175350
20201015,10:52,0.25,0.25,0.25,0.25,200,175350
20201015,10:53,0.25,0.25,0.25,0.25,225,175350
20201015,10:55,0.20,0.20,0.20,0.20,2275,175350
20201015,10:56,0.20,0.25,0.20,0.25,650,175075
20201015,10:57,0.25,0.30,0.25,0.25,500,175075
20201015,10:58,0.20,0.25,0.20,0.25,4450,175075
20201015,10:59,0.25,0.25,0.20,0.20,1775,174075
20201015,11:00,0.25,0.25,0.20,0.20,1150,174075
20201015,11:01,0.25,0.25,0.25,0.25,125,174075
20201015,11:02,0.25,0.25,0.25,0.25,1375,172800
20201015,11:03,0.25,0.25,0.25,0.25,1000,172800
20201015,11:04,0.25,0.25,0.25,0.25,550,172800
20201015,11:05,0.25,0.25,0.25,0.25,25,172800
20201015,11:06,0.20,0.20,0.20,0.20,1400,171575
20201015,11:07,0.20,0.20,0.20,0.20,100,171575
20201015,11:08,0.25,0.25,0.25,0.25,125,171575
20201015,11:09,0.20,0.25,0.20,0.25,150,170600
20201015,11:10,0.25,0.25,0.25,0.25,225,170600
20201015,11:18,0.25,0.25,0.25,0.25,6875,170400
20201015,11:21,0.20,0.20,0.20,0.20,1000,163650
20201015,11:23,0.20,0.20,0.20,0.20,125,163650
20201015,11:24,0.25,0.25,0.25,0.25,1625,163650
20201015,11:26,0.25,0.25,0.25,0.25,750,163650
20201015,11:27,0.20,0.20,0.20,0.20,75,161275
20201015,11:29,0.25,0.25,0.25,0.25,25,161200
20201015,11:31,0.20,0.20,0.20,0.20,200,161200
20201015,11:35,0.25,0.25,0.25,0.25,25,161200
20201015,11:36,0.20,0.20,0.20,0.20,400,161000
20201015,11:37,0.25,0.25,0.25,0.25,400,161000
20201015,11:42,0.25,0.25,0.25,0.25,25,161000
20201015,11:43,0.25,0.25,0.25,0.25,25,160950
20201015,11:47,0.20,0.20,0.20,0.20,2500,160950
20201015,11:54,0.25,0.25,0.20,0.20,10000,160950
20201015,11:55,0.25,0.25,0.20,0.20,875,160950
20201015,11:56,0.35,0.35,0.35,0.35,2725,160950
20201015,11:58,0.30,0.30,0.30,0.30,25,158925
20201015,12:04,0.30,0.30,0.30,0.30,250,158950
20201015,12:05,0.35,0.35,0.35,0.35,25,158950
20201015,12:06,0.35,0.35,0.35,0.35,4825,158700
20201015,12:08,0.40,0.40,0.40,0.40,75,158700
20201015,12:10,0.40,0.40,0.40,0.40,350,156100
20201015,12:11,0.40,0.40,0.40,0.40,575,156100
20201015,12:12,0.30,0.30,0.30,0.30,50,155200
20201015,12:14,0.35,0.35,0.35,0.35,175,155200
20201015,12:15,0.35,0.35,0.35,0.35,50,155150
20201015,12:17,0.30,0.30,0.30,0.30,1300,155150
20201015,12:18,0.30,0.30,0.30,0.30,25,154425
20201015,12:19,0.30,0.35,0.30,0.35,2350,154425
20201015,12:20,0.25,0.25,0.25,0.25,200,154425
20201015,12:21,0.35,0.35,0.35,0.35,175,151675
20201015,12:22,0.30,0.30,0.30,0.30,125,151675
20201015,12:23,0.30,0.30,0.30,0.30,475,151675
20201015,12:24,0.30,0.30,0.30,0.30,175,150900
20201015,12:25,0.30,0.30,0.30,0.30,75,150900
20201015,12:27,0.25,0.25,0.25,0.25,1125,150650
20201015,12:28,0.25,0.30,0.25,0.30,225,150650
20201015,12:29,0.30,0.30,0.30,0.30,400,150650
20201015,12:30,0.30,0.30,0.30,0.30,25,149300
20201015,12:32,0.35,0.35,0.35,0.35,50,149250
20201015,12:35,0.35,0.40,0.35,0.40,300,149250
20201015,12:37,0.35,0.35,0.35,0.35,150,149225
20201015,12:38,0.35,0.35,0.35,0.35,1025,149225
20201015,12:39,0.35,0.35,0.35,0.35,125,148975
20201015,12:41,0.40,0.40,0.30,0.30,50,148975
20201015,12:44,0.30,0.30,0.30,0.30,225,148975
20201015,12:45,0.35,0.35,0.35,0.35,425,148625
20201015,12:54,0.30,0.35,0.30,0.35,50,148575
20201015,12:56,0.25,0.25,0.25,0.25,1100,148575
20201015,13:01,0.25,0.25,0.25,0.25,75,147450
20201015,13:03,0.35,0.35,0.35,0.35,50,147450
20201015,13:04,0.35,0.35,0.35,0.35,50,147375
20201015,13:05,0.30,0.30,0.30,0.30,175,147375
20201015,13:06,0.30,0.30,0.25,0.25,650,147200
20201015,13:07,0.35,0.35,0.35,0.35,575,147200
20201015,13:09,0.25,0.25,0.25,0.25,125,147200
20201015,13:11,0.25,0.25,0.25,0.25,125,146825
20201015,13:12,0.25,0.25,0.25,0.25,2125,146825
20201015,13:13,0.25,0.25,0.25,0.25,1625,146825
20201015,13:14,0.20,0.20,0.20,0.20,1250,146825
20201015,13:15,0.20,0.20,0.20,0.20,50,145075
20201015,13:16,0.20,0.25,0.20,0.20,6075,145075
20201015,13:19,0.20,0.20,0.20,0.20,550,146050
20201015,13:25,0.25,0.25,0.25,0.25,825,146600
20201015,13:29,0.25,0.25,0.25,0.25,2000,146100
20201015,13:30,0.25,0.25,0.25,0.25,2000,146100
20201015,13:31,0.25,0.25,0.25,0.25,500,146100
20201015,13:32,0.25,0.25,0.25,0.25,2000,146100
20201015,13:33,0.20,0.25,0.20,0.25,6525,146250
20201015,13:34,0.20,0.20,0.20,0.20,825,146250
20201015,13:35,0.20,0.20,0.20,0.20,25,146250
20201015,13:38,0.25,0.25,0.25,0.25,1600,146250
20201015,13:43,0.20,0.20,0.20,0.20,225,144975
20201015,13:52,0.20,0.20,0.20,0.20,100,144975
20201015,13:55,0.25,0.25,0.25,0.25,25,144975
20201015,13:58,0.20,0.20,0.20,0.20,125,144975
20201015,13:59,0.20,0.20,0.15,0.15,825,144975
20201015,14:00,0.15,0.15,0.15,0.15,25,144975
20201015,14:04,0.15,0.20,0.15,0.20,2250,144925
20201015,14:05,0.20,0.20,0.20,0.20,5125,144925
20201015,14:07,0.20,0.20,0.20,0.20,500,144925
20201015,14:09,0.20,0.20,0.20,0.20,875,137950
20201015,14:12,0.20,0.20,0.20,0.20,675,137950
20201015,14:13,0.20,0.20,0.20,0.20,2000,137950
20201015,14:14,0.20,0.20,0.20,0.20,500,137950
20201015,14:18,0.20,0.20,0.20,0.20,100,137950
20201015,14:20,0.20,0.20,0.15,0.15,525,137900
20201015,14:22,0.15,0.15,0.15,0.15,2500,137900
20201015,14:24,0.15,0.15,0.15,0.15,750,137550
20201015,14:25,0.15,0.15,0.15,0.15,25,137550
20201015,14:26,0.15,0.15,0.15,0.15,225,137550
20201015,14:27,0.15,0.15,0.15,0.15,25,137550
20201015,14:28,0.20,0.20,0.15,0.15,200,135000
20201015,14:29,0.15,0.15,0.15,0.15,1050,135000
20201015,14:31,0.20,0.20,0.20,0.20,175,135000
20201015,14:32,0.20,0.20,0.15,0.20,475,134050
20201015,14:33,0.15,0.15,0.15,0.15,25,134050
20201015,14:37,0.15,0.15,0.15,0.15,25,132325
20201015,14:38,0.20,0.20,0.20,0.20,400,132325
20201015,14:39,0.20,0.20,0.20,0.20,50,132325
20201015,14:41,0.20,0.20,0.20,0.20,175,132325
20201015,14:46,0.15,0.15,0.15,0.15,25,132325
20201015,14:48,0.15,0.15,0.15,0.15,75,131675
20201015,14:49,0.15,0.15,0.15,0.15,25,131675
20201015,14:51,0.15,0.15,0.15,0.15,200,131550
20201015,14:52,0.15,0.15,0.15,0.15,25,131550
20201015,14:53,0.15,0.15,0.15,0.15,500,131550
20201015,14:55,0.15,0.15,0.15,0.15,450,131025
20201015,15:01,0.15,0.15,0.15,0.15,25,130575
20201015,15:02,0.15,0.15,0.15,0.15,200,130575
20201015,15:07,0.15,0.15,0.15,0.15,2000,130575
20201015,15:08,0.15,0.15,0.15,0.15,1025,130550
20201015,15:10,0.15,0.15,0.15,0.15,600,127525
20201015,15:11,0.15,0.15,0.15,0.15,500,127525
20201015,15:12,0.20,0.20,0.15,0.15,250,126425
20201015,15:13,0.30,0.30,0.30,0.30,300,126425
20201015,15:14,0.15,0.15,0.15,0.15,950,126425
20201015,15:20,0.10,0.10,0.10,0.10,3550,125425
20201015,15:21,0.10,0.10,0.10,0.10,4000,120125
20201015,15:22,0.10,0.25,0.10,0.10,3375,120125
20201015,15:23,0.25,0.25,0.15,0.15,400,120125
20201015,15:24,0.20,0.25,0.15,0.15,125,116675
20201015,15:25,0.10,0.25,0.10,0.10,100,116675
20201015,15:26,0.25,0.25,0.10,0.15,500,116675
20201015,15:27,0.15,0.15,0.15,0.15,25,116600
20201015,15:28,0.10,0.10,0.10,0.10,2700,116600
20201015,15:29,0.10,0.10,0.10,0.10,1225,116600
