20220729,09:15,1.80,1.80,1.05,1.05,2751,4050
20220729,09:16,1.05,1.05,1.00,1.00,3350,4050
20220729,09:17,1.00,1.00,0.90,1.00,3700,4050
20220729,09:18,1.00,1.00,0.90,0.95,26650,4050
20220729,09:19,0.95,0.95,0.95,0.95,450,4050
20220729,09:20,0.90,1.05,0.90,1.00,36050,27550
20220729,09:21,1.05,1.05,1.00,1.05,15250,27550
20220729,09:22,1.05,1.05,0.95,0.95,8800,27550
20220729,09:23,1.00,1.05,0.95,1.05,38450,60350
20220729,09:24,1.05,1.05,1.00,1.00,24250,60350
20220729,09:25,1.00,1.05,1.00,1.05,29700,60350
20220729,09:26,1.05,1.05,1.00,1.00,34600,132500
20220729,09:27,1.00,1.05,1.00,1.00,3250,132500
20220729,09:28,1.05,1.05,1.00,1.05,10250,132500
20220729,09:29,1.00,1.05,1.00,1.05,22550,141350
20220729,09:30,1.05,1.05,0.95,1.00,28400,141350
20220729,09:31,1.00,1.00,1.00,1.00,1150,141350
20220729,09:32,1.00,1.00,0.95,0.95,25950,153500
20220729,09:33,0.95,0.95,0.90,0.90,15050,153500
20220729,09:34,0.90,0.95,0.90,0.95,17350,153500
20220729,09:35,0.95,0.95,0.90,0.95,3000,174300
20220729,09:36,0.95,0.95,0.90,0.90,2700,174300
20220729,09:37,0.95,0.95,0.90,0.90,27700,174300
20220729,09:38,0.90,0.90,0.85,0.85,11700,191750
20220729,09:39,0.90,0.90,0.90,0.90,550,191750
20220729,09:40,0.85,0.90,0.85,0.90,4100,191750
20220729,09:41,0.90,0.90,0.90,0.90,850,194750
20220729,09:42,0.90,0.90,0.85,0.85,2200,194750
20220729,09:43,0.85,0.90,0.85,0.85,23300,194750
20220729,09:44,0.85,0.90,0.85,0.90,7500,202050
20220729,09:45,0.85,0.90,0.85,0.85,800,202050
20220729,09:46,0.85,0.90,0.85,0.85,54000,202050
20220729,09:47,0.85,0.85,0.80,0.80,4150,227750
20220729,09:48,0.85,0.85,0.80,0.80,450,227750
20220729,09:49,0.80,0.85,0.80,0.85,3750,227750
20220729,09:50,0.85,0.90,0.85,0.85,26500,232150
20220729,09:51,0.85,0.90,0.85,0.90,1950,232150
20220729,09:52,0.85,0.90,0.85,0.85,300,232150
20220729,09:53,0.90,0.90,0.80,0.80,7500,247650
20220729,09:54,0.80,0.85,0.80,0.80,450,247650
20220729,09:55,0.85,0.85,0.80,0.80,11700,247650
20220729,09:56,0.85,0.85,0.80,0.80,150,237550
20220729,09:57,0.85,0.85,0.80,0.85,400,237550
20220729,09:58,0.85,0.90,0.80,0.90,3200,237550
20220729,09:59,0.90,0.90,0.85,0.85,9200,238400
20220729,10:00,0.90,0.90,0.85,0.90,13300,238400
20220729,10:01,0.85,0.90,0.85,0.85,8250,238400
20220729,10:02,0.80,0.85,0.80,0.80,600,254050
20220729,10:03,0.80,0.80,0.80,0.80,1050,254050
20220729,10:04,0.80,0.85,0.80,0.80,5350,254050
20220729,10:05,0.80,0.80,0.80,0.80,400,259350
20220729,10:06,0.80,0.80,0.80,0.80,3600,259350
20220729,10:07,0.80,0.80,0.80,0.80,6800,259350
20220729,10:08,0.85,0.85,0.80,0.80,2000,259350
20220729,10:09,0.85,0.85,0.80,0.80,600,262350
20220729,10:10,0.80,0.85,0.80,0.85,10050,262350
20220729,10:11,0.85,0.85,0.80,0.80,5600,271500
20220729,10:12,0.85,0.85,0.80,0.80,18850,271500
20220729,10:13,0.80,0.85,0.80,0.85,34550,271500
20220729,10:14,0.85,0.85,0.80,0.80,20550,314300
20220729,10:15,0.80,0.85,0.75,0.80,16150,314300
20220729,10:16,0.80,0.80,0.75,0.80,8150,314300
20220729,10:17,0.85,0.85,0.80,0.80,150,317400
20220729,10:18,0.85,0.85,0.85,0.85,100,317400
20220729,10:19,0.80,0.85,0.80,0.85,1000,317400
20220729,10:20,0.80,0.85,0.80,0.85,1400,317400
20220729,10:21,0.80,0.85,0.80,0.80,450,317400
20220729,10:22,0.85,0.85,0.80,0.80,28950,317400
20220729,10:23,0.80,0.80,0.75,0.75,3050,346850
20220729,10:24,0.80,0.80,0.75,0.80,550,346850
20220729,10:25,0.75,0.80,0.75,0.75,4550,346850
20220729,10:26,0.75,0.80,0.75,0.75,2300,351550
20220729,10:27,0.80,0.80,0.75,0.75,1250,351550
20220729,10:28,0.75,0.80,0.75,0.75,3600,351550
20220729,10:29,0.75,0.80,0.75,0.75,1950,356200
20220729,10:30,0.80,0.80,0.75,0.80,2450,356200
20220729,10:31,0.75,0.80,0.75,0.80,850,356200
20220729,10:32,0.80,0.80,0.75,0.75,1150,361250
20220729,10:33,0.80,0.80,0.75,0.75,28650,361250
20220729,10:34,0.75,0.80,0.70,0.70,8200,361250
20220729,10:35,0.75,0.75,0.70,0.75,1700,356750
20220729,10:36,0.70,0.80,0.70,0.75,5650,356750
20220729,10:37,0.75,0.80,0.75,0.80,4050,356750
20220729,10:38,0.75,0.80,0.75,0.80,850,357200
20220729,10:39,0.80,0.80,0.75,0.80,4400,357200
20220729,10:40,0.75,0.80,0.75,0.80,600,357200
20220729,10:41,0.75,0.80,0.75,0.80,600,357300
20220729,10:42,0.75,0.80,0.75,0.75,750,357300
20220729,10:43,0.80,0.80,0.75,0.80,2050,357300
20220729,10:44,0.80,0.80,0.75,0.75,900,357200
20220729,10:45,0.80,0.80,0.75,0.80,900,357200
20220729,10:46,0.75,0.80,0.75,0.80,300,357200
20220729,10:47,0.75,0.80,0.75,0.80,6350,357200
20220729,10:48,0.80,0.80,0.75,0.80,4850,357200
20220729,10:49,0.75,0.80,0.75,0.75,2300,357200
20220729,10:50,0.80,0.80,0.75,0.75,2200,357200
20220729,10:51,0.80,0.80,0.75,0.75,400,357200
20220729,10:52,0.80,0.80,0.75,0.80,400,357200
20220729,10:53,0.75,0.80,0.75,0.75,1550,357200
20220729,10:54,0.80,0.80,0.75,0.75,3400,357200
20220729,10:55,0.80,0.80,0.75,0.80,700,357200
20220729,10:56,0.75,0.80,0.75,0.80,950,357200
20220729,10:57,0.75,0.80,0.75,0.80,500,357200
20220729,10:58,0.75,0.80,0.75,0.80,5300,357200
20220729,10:59,0.75,0.80,0.75,0.80,400,357200
20220729,11:00,0.75,0.80,0.75,0.75,5850,357200
20220729,11:01,0.80,0.80,0.75,0.80,850,357200
20220729,11:02,0.75,0.80,0.75,0.75,550,356900
20220729,11:03,0.80,0.80,0.75,0.75,400,356900
20220729,11:04,0.80,0.80,0.75,0.75,300,356900
20220729,11:05,0.80,0.80,0.75,0.80,250,356900
20220729,11:06,0.75,0.80,0.75,0.75,450,356900
20220729,11:07,0.80,0.80,0.75,0.75,550,356900
20220729,11:08,0.80,0.80,0.75,0.80,5450,356900
20220729,11:09,0.75,0.80,0.75,0.80,150,356900
20220729,11:10,0.80,0.80,0.75,0.75,2200,356900
20220729,11:11,0.80,0.80,0.75,0.80,650,356700
20220729,11:12,0.75,0.80,0.75,0.75,1000,356700
20220729,11:13,0.80,0.80,0.75,0.75,1150,356700
20220729,11:14,0.80,0.80,0.75,0.80,2100,357050
20220729,11:15,0.80,0.80,0.75,0.80,700,357050
20220729,11:16,0.80,0.80,0.75,0.75,800,357050
20220729,11:17,0.80,0.80,0.80,0.80,3200,357000
20220729,11:19,0.80,0.80,0.75,0.80,2200,357000
20220729,11:20,0.75,0.80,0.75,0.75,2500,357500
20220729,11:21,0.80,0.80,0.75,0.80,900,357500
20220729,11:22,0.80,0.80,0.80,0.80,11050,357500
20220729,11:23,0.80,0.80,0.80,0.80,700,357500
20220729,11:26,0.75,0.75,0.75,0.75,7850,361600
20220729,11:27,0.75,0.75,0.75,0.75,6750,361600
20220729,11:28,0.80,0.80,0.80,0.80,1000,361600
20220729,11:30,0.80,0.80,0.80,0.80,50,364100
20220729,11:31,0.75,0.75,0.75,0.75,50,364100
20220729,11:33,0.80,0.80,0.80,0.80,1200,364100
20220729,11:34,0.75,0.75,0.75,0.75,5000,364100
20220729,11:35,0.75,0.75,0.75,0.75,500,369100
20220729,11:36,0.80,0.80,0.80,0.80,200,369100
20220729,11:37,0.75,0.80,0.75,0.80,9100,369100
20220729,11:38,0.80,0.80,0.80,0.80,50,369100
20220729,11:41,0.80,0.80,0.75,0.80,600,361650
20220729,11:42,0.75,0.75,0.75,0.75,14500,361650
20220729,11:43,0.70,0.70,0.70,0.70,500,361650
20220729,11:44,0.70,0.75,0.70,0.75,3650,359100
20220729,11:45,0.75,0.75,0.75,0.75,3200,359100
20220729,11:46,0.75,0.75,0.75,0.75,100,359100
20220729,11:47,0.75,0.75,0.70,0.70,1950,359100
20220729,11:48,0.70,0.70,0.70,0.70,4500,357500
20220729,11:49,0.75,0.75,0.75,0.75,1450,357500
20220729,11:50,0.70,0.70,0.70,0.70,2550,357500
20220729,11:51,0.75,0.75,0.75,0.75,300,357500
20220729,11:52,0.75,0.75,0.75,0.75,500,363850
20220729,11:53,0.75,0.75,0.75,0.75,50,363850
20220729,11:55,0.75,0.75,0.70,0.70,100,363850
20220729,11:59,0.75,0.75,0.75,0.75,50,363850
20220729,12:02,0.75,0.75,0.75,0.75,50,363850
20220729,12:03,0.75,0.75,0.75,0.75,1500,363850
20220729,12:04,0.70,0.75,0.70,0.75,1050,363850
20220729,12:05,0.75,0.75,0.75,0.75,50,363850
20220729,12:06,0.70,0.70,0.70,0.70,50,363850
20220729,12:07,0.70,0.75,0.70,0.75,1000,363850
20220729,12:09,0.75,0.75,0.70,0.70,1050,363850
20220729,12:10,0.75,0.75,0.70,0.75,4550,363850
20220729,12:11,0.70,0.75,0.70,0.75,1750,364300
20220729,12:12,0.70,0.70,0.70,0.70,700,364300
20220729,12:13,0.75,0.75,0.75,0.75,1000,364300
20220729,12:14,0.70,0.70,0.70,0.70,1350,364300
20220729,12:15,0.70,0.70,0.70,0.70,50,363850
20220729,12:16,0.70,0.75,0.70,0.75,2150,363850
20220729,12:18,0.75,0.75,0.75,0.75,550,363850
20220729,12:20,0.75,0.75,0.70,0.70,1100,364150
20220729,12:21,0.75,0.75,0.75,0.75,6600,364150
20220729,12:22,0.75,0.75,0.75,0.75,3400,364150
20220729,12:23,0.75,0.75,0.75,0.75,1500,364150
20220729,12:25,0.75,0.75,0.75,0.75,300,364800
20220729,12:26,0.70,0.70,0.70,0.70,2900,364800
20220729,12:27,0.70,0.75,0.70,0.75,600,366150
20220729,12:28,0.75,0.75,0.75,0.75,950,366150
20220729,12:29,0.75,0.75,0.70,0.70,100,366150
20220729,12:30,0.75,0.75,0.75,0.75,150,366150
20220729,12:31,0.75,0.75,0.75,0.75,5250,366150
20220729,12:34,0.75,0.80,0.75,0.80,2100,369600
20220729,12:35,0.80,0.80,0.75,0.75,100,371100
20220729,12:36,0.75,0.75,0.75,0.75,2500,371100
20220729,12:37,0.75,0.75,0.70,0.70,10250,371100
20220729,12:38,0.70,0.75,0.70,0.70,10100,371100
20220729,12:39,0.75,0.75,0.75,0.75,100,383600
20220729,12:40,0.75,0.75,0.70,0.70,100,383600
20220729,12:41,0.75,0.75,0.75,0.75,800,383600
20220729,12:42,0.75,0.80,0.75,0.75,26800,384200
20220729,12:43,0.80,0.80,0.75,0.80,15100,384200
20220729,12:44,0.75,0.75,0.75,0.75,6000,399050
20220729,12:45,0.75,0.75,0.75,0.75,6900,399050
20220729,12:46,0.75,0.75,0.75,0.75,16000,399050
20220729,12:47,0.75,0.75,0.75,0.75,10900,392300
20220729,12:48,0.75,0.75,0.75,0.75,1800,392300
20220729,12:49,0.75,0.75,0.75,0.75,1100,392300
20220729,12:50,0.75,0.75,0.75,0.75,50,392300
20220729,12:51,0.75,0.75,0.75,0.75,100,387450
20220729,12:52,0.80,0.80,0.80,0.80,50,387450
20220729,12:53,0.75,0.75,0.75,0.75,5000,387550
20220729,12:54,0.75,0.75,0.70,0.75,5350,387550
20220729,12:55,0.70,0.75,0.70,0.75,450,387550
20220729,12:56,0.70,0.70,0.70,0.70,3450,387550
20220729,12:57,0.70,0.70,0.70,0.70,3300,387550
20220729,12:58,0.70,0.75,0.70,0.75,3150,387550
20220729,12:59,0.75,0.75,0.75,0.75,1500,387550
20220729,13:01,0.70,0.75,0.70,0.75,6050,387550
20220729,13:02,0.75,0.75,0.75,0.75,2700,387550
20220729,13:05,0.75,0.75,0.75,0.75,300,387550
20220729,13:08,0.70,0.70,0.70,0.70,300,387550
20220729,13:09,0.70,0.70,0.70,0.70,500,387550
20220729,13:10,0.75,0.75,0.75,0.75,50,387550
20220729,13:11,0.75,0.75,0.75,0.75,100,387550
20220729,13:13,0.75,0.75,0.70,0.70,100,387350
20220729,13:15,0.70,0.70,0.70,0.70,150,387350
20220729,13:16,0.70,0.70,0.70,0.70,150,387300
20220729,13:17,0.70,0.70,0.70,0.70,750,387300
20220729,13:18,0.70,0.70,0.70,0.70,150,386300
20220729,13:19,0.70,0.70,0.70,0.70,300,386300
20220729,13:20,0.75,0.75,0.70,0.70,1050,386300
20220729,13:22,0.70,0.70,0.70,0.70,50,384850
20220729,13:23,0.75,0.75,0.70,0.70,100,384850
20220729,13:24,0.75,0.75,0.70,0.70,1800,384800
20220729,13:25,0.70,0.75,0.70,0.70,700,384800
20220729,13:26,0.70,0.75,0.70,0.70,400,384800
20220729,13:27,0.70,0.70,0.70,0.70,150,384800
20220729,13:28,0.75,0.75,0.75,0.75,1700,383150
20220729,13:29,0.75,0.75,0.75,0.75,1800,383150
20220729,13:30,0.70,0.75,0.70,0.75,100,383000
20220729,13:31,0.75,0.75,0.75,0.75,350,383000
20220729,13:33,0.75,0.75,0.75,0.75,150,383000
20220729,13:35,0.70,0.70,0.70,0.70,550,383000
20220729,13:36,0.70,0.70,0.70,0.70,500,383000
20220729,13:37,0.70,0.70,0.70,0.70,6400,383000
20220729,13:38,0.70,0.75,0.70,0.70,4550,383000
20220729,13:39,0.70,0.70,0.65,0.65,21200,382950
20220729,13:40,0.65,0.70,0.65,0.65,1100,382950
20220729,13:46,0.70,0.70,0.70,0.70,2950,388750
20220729,13:48,0.70,0.70,0.70,0.70,300,386950
20220729,13:49,0.65,0.70,0.65,0.70,3900,386950
20220729,13:50,0.70,0.70,0.70,0.70,1000,386950
20220729,13:51,0.70,0.70,0.70,0.70,300,384850
20220729,13:52,0.70,0.70,0.65,0.70,20800,384850
20220729,13:53,0.70,0.70,0.70,0.70,16350,384850
20220729,13:54,0.70,0.75,0.70,0.75,500,384950
20220729,13:55,0.75,0.75,0.75,0.75,1400,384950
20220729,13:56,0.75,0.75,0.75,0.75,650,384950
20220729,13:57,0.75,0.75,0.70,0.70,600,385750
20220729,14:00,0.75,0.75,0.70,0.75,400,385700
20220729,14:01,0.75,0.75,0.75,0.75,2500,385700
20220729,14:02,0.70,0.70,0.70,0.70,50,385700
20220729,14:03,0.70,0.70,0.70,0.70,50,385700
20220729,14:04,0.70,0.70,0.70,0.70,3800,386050
20220729,14:05,0.70,0.70,0.70,0.70,8500,386050
20220729,14:07,0.70,0.70,0.70,0.70,250,386050
20220729,14:08,0.75,0.75,0.70,0.70,350,388650
20220729,14:09,0.70,0.70,0.70,0.70,150,388650
20220729,14:10,0.75,0.75,0.70,0.70,150,388650
20220729,14:11,0.75,0.75,0.70,0.75,7000,388650
20220729,14:12,0.70,0.70,0.70,0.70,2800,392600
20220729,14:14,0.70,0.70,0.70,0.70,300,392600
20220729,14:15,0.75,0.75,0.70,0.70,2550,395400
20220729,14:16,0.70,0.70,0.70,0.70,250,395400
20220729,14:18,0.75,0.75,0.70,0.70,3050,393500
20220729,14:19,0.70,0.75,0.65,0.70,12800,393500
20220729,14:20,0.70,0.75,0.65,0.70,8350,393500
20220729,14:21,0.70,0.70,0.65,0.70,7300,392200
20220729,14:22,0.70,0.70,0.65,0.70,4050,392200
20220729,14:23,0.70,0.70,0.65,0.70,400,392200
20220729,14:24,0.65,0.70,0.65,0.65,5050,391300
20220729,14:25,0.65,0.70,0.65,0.70,800,391300
20220729,14:26,0.70,0.70,0.70,0.70,16000,391300
20220729,14:28,0.70,0.70,0.70,0.70,5100,391200
20220729,14:29,0.75,0.75,0.75,0.75,50,391200
20220729,14:30,0.70,0.70,0.70,0.70,7350,390800
20220729,14:31,0.70,0.70,0.70,0.70,1950,390800
20220729,14:32,0.70,0.70,0.70,0.70,950,390800
20220729,14:33,0.70,0.70,0.70,0.70,1400,390800
20220729,14:34,0.70,0.70,0.65,0.65,11000,390800
20220729,14:35,0.65,0.65,0.65,0.65,27600,390800
20220729,14:36,0.70,0.70,0.65,0.65,100,389350
20220729,14:39,0.65,0.65,0.65,0.65,50,389400
20220729,14:40,0.70,0.70,0.65,0.65,950,389400
20220729,14:41,0.70,0.70,0.70,0.70,450,389400
20220729,14:42,0.65,0.70,0.65,0.70,52800,390650
20220729,14:43,0.70,0.70,0.70,0.70,50,390650
20220729,14:44,0.75,0.75,0.70,0.75,7950,390650
20220729,14:45,0.75,0.80,0.75,0.80,27450,398750
20220729,14:46,0.80,0.80,0.75,0.80,26800,398750
20220729,14:47,0.80,0.80,0.80,0.80,21550,398750
20220729,14:48,0.80,0.85,0.80,0.80,19300,401450
20220729,14:49,0.80,0.80,0.75,0.80,32150,401450
20220729,14:50,0.80,0.80,0.75,0.80,9550,401450
20220729,14:51,0.75,0.75,0.75,0.75,12050,410800
20220729,14:53,0.70,0.75,0.70,0.75,100,410800
20220729,14:54,0.75,0.75,0.75,0.75,7200,405700
20220729,14:55,0.75,0.75,0.75,0.75,400,405700
20220729,14:56,0.75,0.75,0.75,0.75,3500,405700
20220729,14:57,0.80,0.80,0.80,0.80,11050,414400
20220729,14:58,0.80,0.85,0.80,0.85,8350,414400
20220729,14:59,0.85,0.85,0.75,0.75,9550,414400
20220729,15:00,0.75,0.80,0.75,0.80,21050,432850
20220729,15:01,0.80,0.85,0.75,0.75,10500,432850
20220729,15:02,0.75,0.80,0.75,0.75,34400,432850
20220729,15:03,0.75,0.80,0.75,0.75,3200,446000
20220729,15:04,0.75,0.75,0.70,0.70,23650,446000
20220729,15:05,0.70,0.75,0.70,0.75,34850,446000
20220729,15:06,0.75,0.75,0.70,0.70,67900,452050
20220729,15:07,0.70,0.70,0.65,0.65,22100,452050
20220729,15:08,0.65,0.70,0.65,0.65,3700,452050
20220729,15:10,0.65,0.70,0.65,0.70,2050,520200
20220729,15:11,0.65,0.70,0.65,0.70,29700,520200
20220729,15:12,0.70,0.70,0.65,0.70,34850,542000
20220729,15:13,0.70,0.70,0.65,0.70,21750,542000
20220729,15:14,0.65,0.70,0.65,0.65,24850,542000
20220729,15:15,0.65,0.70,0.65,0.65,52400,529000
20220729,15:16,0.65,0.65,0.65,0.65,23150,529000
20220729,15:17,0.65,0.65,0.65,0.65,8100,529000
20220729,15:18,0.65,0.70,0.65,0.70,10200,568000
20220729,15:19,0.70,0.70,0.65,0.70,1350,568000
20220729,15:20,0.65,0.70,0.60,0.60,43200,568000
20220729,15:21,0.65,0.65,0.60,0.65,10150,562300
20220729,15:22,0.65,0.65,0.60,0.65,2450,562300
20220729,15:23,0.65,0.65,0.60,0.65,900,562300
20220729,15:24,0.65,0.65,0.60,0.65,3600,555200
20220729,15:25,0.60,0.65,0.60,0.65,3200,555200
20220729,15:26,0.60,0.65,0.60,0.65,2700,555200
20220729,15:27,0.65,0.65,0.60,0.65,4750,552850
20220729,15:28,0.65,0.70,0.65,0.70,18000,552850
20220729,15:29,0.70,0.70,0.65,0.65,13950,552850
20220729,15:30,0.65,0.65,0.65,0.65,50,552850
20220801,09:15,0.65,0.70,0.65,0.70,10651,546550
20220801,09:16,0.70,0.75,0.70,0.75,27700,546550
20220801,09:17,0.75,0.75,0.70,0.75,16500,542600
20220801,09:18,0.75,0.75,0.70,0.75,20100,542600
20220801,09:19,0.75,0.75,0.70,0.70,12500,542600
20220801,09:20,0.70,0.75,0.70,0.70,11100,542800
20220801,09:21,0.75,0.75,0.70,0.75,2700,542800
20220801,09:22,0.75,0.75,0.70,0.75,14750,542800
20220801,09:23,0.75,0.80,0.75,0.80,23500,540150
20220801,09:24,0.80,0.80,0.75,0.75,3100,540150
20220801,09:25,0.80,0.85,0.80,0.85,69450,540150
20220801,09:26,0.80,0.85,0.75,0.80,15350,554150
20220801,09:27,0.75,0.80,0.75,0.80,6950,554150
20220801,09:28,0.75,0.80,0.75,0.80,1000,554150
20220801,09:29,0.75,0.80,0.75,0.80,5900,556800
20220801,09:30,0.75,0.80,0.75,0.80,17850,556800
20220801,09:31,0.80,0.80,0.75,0.80,17900,556800
20220801,09:32,0.75,0.80,0.75,0.80,4450,586000
20220801,09:33,0.75,0.80,0.75,0.75,8950,586000
20220801,09:34,0.70,0.75,0.70,0.75,2000,586000
20220801,09:35,0.75,0.75,0.75,0.75,650,581900
20220801,09:36,0.75,0.75,0.70,0.70,18750,581900
20220801,09:37,0.70,0.75,0.70,0.70,12050,581900
20220801,09:38,0.75,0.75,0.75,0.75,800,581650
20220801,09:39,0.75,0.75,0.75,0.75,4800,581650
20220801,09:40,0.75,0.75,0.75,0.75,800,581650
20220801,09:41,0.70,0.75,0.70,0.70,7800,576900
20220801,09:42,0.75,0.75,0.75,0.75,18100,576900
20220801,09:43,0.80,0.80,0.75,0.80,23100,576900
20220801,09:44,0.80,0.80,0.80,0.80,10400,580050
20220801,09:45,0.80,0.80,0.75,0.80,6150,580050
20220801,09:46,0.80,0.80,0.80,0.80,2500,580050
20220801,09:47,0.80,0.80,0.75,0.80,4250,587050
20220801,09:48,0.80,0.80,0.80,0.80,1200,587050
20220801,09:49,0.75,0.80,0.75,0.75,24050,587050
20220801,09:50,0.75,0.80,0.75,0.75,5000,596000
20220801,09:51,0.75,0.80,0.75,0.80,9100,596000
20220801,09:52,0.80,0.80,0.75,0.75,2900,596000
20220801,09:53,0.80,0.80,0.75,0.75,8450,596000
20220801,09:54,0.80,0.80,0.80,0.80,8700,596000
20220801,09:55,0.75,0.80,0.75,0.75,750,596000
20220801,09:58,0.80,0.80,0.80,0.80,600,596000
20220801,09:59,0.80,0.80,0.75,0.80,8200,596000
20220801,10:00,0.80,0.80,0.75,0.80,2750,596000
20220801,10:01,0.80,0.80,0.80,0.80,100,596000
20220801,10:02,0.75,0.80,0.75,0.75,8300,596000
20220801,10:03,0.75,0.80,0.75,0.80,7350,596000
20220801,10:04,0.80,0.80,0.80,0.80,1200,596000
20220801,10:05,0.80,0.80,0.80,0.80,850,593200
20220801,10:06,0.80,0.80,0.80,0.80,5450,593200
20220801,10:07,0.80,0.80,0.80,0.80,2250,593200
20220801,10:08,0.80,0.80,0.80,0.80,4300,593200
20220801,10:09,0.80,0.80,0.80,0.80,50,593200
20220801,10:10,0.75,0.75,0.75,0.75,50,594950
20220801,10:11,0.80,0.80,0.80,0.80,200,594950
20220801,10:12,0.75,0.80,0.75,0.80,3350,594950
20220801,10:13,0.80,0.80,0.80,0.80,50,594950
20220801,10:14,0.80,0.80,0.75,0.75,100,595150
20220801,10:15,0.80,0.80,0.80,0.80,200,595150
20220801,10:16,0.75,0.75,0.75,0.75,3700,595150
20220801,10:17,0.75,0.80,0.75,0.75,10200,595150
20220801,10:18,0.75,0.80,0.75,0.80,1700,595150
20220801,10:20,0.75,0.80,0.75,0.80,450,595150
20220801,10:21,0.80,0.80,0.80,0.80,50,595150
20220801,10:22,0.80,0.80,0.80,0.80,50,595150
20220801,10:24,0.80,0.80,0.80,0.80,250,595150
20220801,10:25,0.80,0.80,0.80,0.80,200,595150
20220801,10:26,0.80,0.80,0.80,0.80,450,594900
20220801,10:27,0.75,0.75,0.75,0.75,3100,594900
20220801,10:28,0.75,0.75,0.75,0.75,1700,594900
20220801,10:30,0.75,0.80,0.75,0.75,3500,596450
20220801,10:31,0.75,0.75,0.70,0.70,5400,596450
20220801,10:32,0.75,0.75,0.70,0.75,6400,601100
20220801,10:33,0.75,0.75,0.75,0.75,1500,601100
20220801,10:34,0.75,0.75,0.70,0.70,3200,601100
20220801,10:35,0.75,0.75,0.75,0.75,3800,604900
20220801,10:36,0.75,0.75,0.75,0.75,2300,604900
20220801,10:38,0.70,0.75,0.70,0.75,3750,604050
20220801,10:39,0.70,0.70,0.70,0.70,2950,604050
20220801,10:40,0.70,0.70,0.70,0.70,3250,604050
20220801,10:41,0.75,0.75,0.75,0.75,1000,602350
20220801,10:42,0.75,0.75,0.70,0.75,7950,602350
20220801,10:43,0.75,0.75,0.75,0.75,800,602350
20220801,10:44,0.75,0.75,0.70,0.70,16200,605550
20220801,10:45,0.75,0.75,0.75,0.75,150,605550
20220801,10:46,0.75,0.75,0.75,0.75,250,605550
20220801,10:47,0.75,0.75,0.75,0.75,1100,605550
20220801,10:49,0.75,0.75,0.75,0.75,3000,605550
20220801,10:50,0.75,0.75,0.75,0.75,1300,605800
20220801,10:51,0.75,0.75,0.70,0.75,650,605800
20220801,10:52,0.75,0.75,0.70,0.75,2000,605800
20220801,10:53,0.75,0.75,0.75,0.75,7350,606200
20220801,10:54,0.75,0.75,0.70,0.75,6850,606200
20220801,10:55,0.70,0.75,0.70,0.75,5600,606200
20220801,10:56,0.70,0.75,0.70,0.75,150,614400
20220801,10:57,0.70,0.70,0.70,0.70,8400,614400
20220801,10:58,0.70,0.70,0.70,0.70,50,614400
20220801,10:59,0.75,0.75,0.70,0.70,150,614400
20220801,11:01,0.70,0.70,0.70,0.70,200,614400
20220801,11:02,0.70,0.70,0.70,0.70,1500,622900
20220801,11:03,0.75,0.75,0.75,0.75,3950,622900
20220801,11:04,0.75,0.75,0.75,0.75,6200,622900
20220801,11:05,0.75,0.75,0.70,0.75,400,622900
20220801,11:06,0.75,0.75,0.75,0.75,550,629550
20220801,11:07,0.75,0.80,0.70,0.80,30450,629550
20220801,11:08,0.75,0.80,0.75,0.80,350,636200
20220801,11:09,0.80,0.80,0.75,0.75,4150,636200
20220801,11:10,0.80,0.80,0.80,0.80,18450,636200
20220801,11:11,0.80,0.80,0.75,0.80,4700,654450
20220801,11:12,0.80,0.80,0.80,0.80,10750,654450
20220801,11:13,0.80,0.85,0.80,0.80,5350,654450
20220801,11:14,0.80,0.85,0.80,0.80,4350,660500
20220801,11:15,0.80,0.80,0.75,0.80,1250,660500
20220801,11:16,0.75,0.80,0.75,0.80,150,660500
20220801,11:17,0.80,0.80,0.75,0.80,1900,660650
20220801,11:18,0.80,0.80,0.80,0.80,2700,660650
20220801,11:19,0.80,0.80,0.80,0.80,1600,660650
20220801,11:20,0.75,0.80,0.75,0.80,12300,671950
20220801,11:21,0.75,0.80,0.75,0.75,1250,671950
20220801,11:23,0.75,0.75,0.75,0.75,650,670600
20220801,11:24,0.75,0.80,0.75,0.75,2850,670600
20220801,11:26,0.80,0.80,0.75,0.75,350,669000
20220801,11:27,0.80,0.80,0.75,0.75,2050,669000
20220801,11:28,0.80,0.80,0.80,0.80,600,669000
20220801,11:29,0.80,0.80,0.75,0.75,150,671300
20220801,11:30,0.80,0.80,0.80,0.80,250,671300
20220801,11:31,0.75,0.80,0.75,0.80,1250,671300
20220801,11:32,0.80,0.80,0.75,0.75,2200,671300
20220801,11:33,0.80,0.80,0.80,0.80,750,674350
20220801,11:34,0.80,0.80,0.75,0.80,250,674350
20220801,11:35,0.80,0.80,0.75,0.75,1200,675000
20220801,11:36,0.80,0.80,0.80,0.80,500,675000
20220801,11:37,0.80,0.80,0.80,0.80,1200,675000
20220801,11:38,0.80,0.80,0.75,0.80,3700,677350
20220801,11:39,0.80,0.80,0.75,0.75,2300,677350
20220801,11:40,0.80,0.80,0.80,0.80,50,677350
20220801,11:41,0.75,0.75,0.75,0.75,50,677350
20220801,11:42,0.75,0.75,0.75,0.75,100,677350
20220801,11:43,0.80,0.80,0.75,0.75,250,679300
20220801,11:44,0.75,0.75,0.75,0.75,5600,679300
20220801,11:46,0.80,0.80,0.80,0.80,1300,679150
20220801,11:47,0.80,0.80,0.75,0.80,450,678150
20220801,11:48,0.80,0.80,0.80,0.80,1450,678150
20220801,11:49,0.85,0.85,0.75,0.80,3750,678150
20220801,11:50,0.80,0.80,0.80,0.80,50,678150
20220801,11:51,0.85,0.85,0.85,0.85,300,679800
20220801,11:53,0.85,0.85,0.80,0.80,1150,679800
20220801,11:54,0.80,0.80,0.80,0.80,2300,679500
20220801,11:55,0.80,0.80,0.75,0.80,850,679500
20220801,11:57,0.80,0.80,0.80,0.80,1150,679450
20220801,11:58,0.85,0.85,0.85,0.85,50,679450
20220801,11:59,0.80,0.80,0.75,0.75,2200,679450
20220801,12:01,0.80,0.80,0.80,0.80,350,680800
20220801,12:02,0.80,0.80,0.80,0.80,550,680800
20220801,12:04,0.80,0.80,0.80,0.80,1700,680450
20220801,12:09,0.80,0.80,0.75,0.75,1050,678950
20220801,12:10,0.80,0.80,0.80,0.80,300,678950
20220801,12:11,0.80,0.80,0.80,0.80,2500,678950
20220801,12:14,0.80,0.80,0.80,0.80,5550,680600
20220801,12:15,0.80,0.80,0.80,0.80,550,678150
20220801,12:16,0.80,0.85,0.80,0.85,2700,678150
20220801,12:17,0.80,0.85,0.80,0.80,6100,678150
20220801,12:20,0.85,0.85,0.85,0.85,250,679950
20220801,12:24,0.85,0.85,0.85,0.85,50,679950
20220801,12:25,0.85,0.85,0.80,0.85,1950,679950
20220801,12:26,0.85,0.85,0.85,0.85,50,679950
20220801,12:27,0.80,0.80,0.80,0.80,150,679950
20220801,12:28,0.80,0.85,0.80,0.80,600,679950
20220801,12:29,0.80,0.80,0.80,0.80,50,679950
20220801,12:30,0.80,0.80,0.80,0.80,700,679700
20220801,12:31,0.80,0.85,0.80,0.85,700,679700
20220801,12:32,0.85,0.85,0.85,0.85,1400,679700
20220801,12:34,0.85,0.85,0.85,0.85,3300,678900
20220801,12:35,0.85,0.85,0.80,0.80,1850,678900
20220801,12:36,0.80,0.80,0.80,0.80,2450,678900
20220801,12:37,0.80,0.85,0.80,0.80,3300,678900
20220801,12:39,0.80,0.80,0.80,0.80,400,678700
20220801,12:40,0.80,0.80,0.80,0.80,200,678700
20220801,12:41,0.80,0.80,0.80,0.80,3500,678700
20220801,12:42,0.85,0.85,0.85,0.85,500,678700
20220801,12:43,0.85,0.85,0.85,0.85,100,678700
20220801,12:44,0.80,0.80,0.80,0.80,200,678700
20220801,12:45,0.85,0.85,0.80,0.80,100,678600
20220801,12:47,0.85,0.85,0.80,0.80,250,678600
20220801,12:49,0.80,0.80,0.80,0.80,150,678550
20220801,12:51,0.75,0.75,0.75,0.75,2800,678550
20220801,12:52,0.75,0.75,0.75,0.75,2800,678650
20220801,12:53,0.80,0.80,0.80,0.80,1200,678650
20220801,12:54,0.80,0.80,0.80,0.80,1900,674200
20220801,12:55,0.80,0.80,0.75,0.75,750,674200
20220801,12:56,0.75,0.80,0.75,0.80,800,674200
20220801,12:57,0.80,0.85,0.80,0.85,3200,675500
20220801,12:58,0.85,0.85,0.85,0.85,950,675500
20220801,12:59,0.85,0.85,0.85,0.85,3900,675500
20220801,13:00,0.80,0.80,0.80,0.80,500,681900
20220801,13:01,0.80,0.80,0.80,0.80,1250,681900
20220801,13:03,0.85,0.85,0.80,0.85,3100,680150
20220801,13:04,0.85,0.85,0.85,0.85,2800,680150
20220801,13:05,0.85,0.85,0.85,0.85,50,680150
20220801,13:06,0.80,0.80,0.80,0.80,700,680150
20220801,13:07,0.85,0.85,0.85,0.85,10000,679750
20220801,13:08,0.85,0.85,0.85,0.85,5000,679750
20220801,13:09,0.85,0.90,0.85,0.85,8800,679100
20220801,13:10,0.85,0.85,0.85,0.85,100,679100
20220801,13:11,0.85,0.90,0.85,0.90,850,679100
20220801,13:12,0.90,0.90,0.85,0.90,800,673050
20220801,13:13,0.90,0.90,0.85,0.85,7050,673050
20220801,13:14,0.85,0.85,0.85,0.85,650,673050
20220801,13:15,0.85,0.85,0.80,0.85,1850,675500
20220801,13:17,0.85,0.85,0.85,0.85,700,675500
20220801,13:18,0.85,0.85,0.80,0.85,1300,676650
20220801,13:19,0.85,0.90,0.80,0.85,4500,676650
20220801,13:20,0.85,0.85,0.85,0.85,650,676650
20220801,13:21,0.80,0.85,0.80,0.85,11800,677950
20220801,13:22,0.85,0.85,0.85,0.85,2800,677950
20220801,13:24,0.80,0.85,0.80,0.85,200,692050
20220801,13:25,0.85,0.85,0.80,0.85,11450,692050
20220801,13:26,0.85,0.85,0.85,0.85,750,692050
20220801,13:27,0.85,0.85,0.85,0.85,750,701350
20220801,13:28,0.85,0.85,0.80,0.80,5650,701350
20220801,13:30,0.85,0.85,0.85,0.85,300,702100
20220801,13:31,0.80,0.85,0.80,0.85,20900,702100
20220801,13:32,0.85,0.85,0.85,0.85,100,702100
20220801,13:33,0.85,0.85,0.80,0.80,200,691050
20220801,13:34,0.80,0.80,0.80,0.80,350,691050
20220801,13:35,0.85,0.85,0.80,0.80,4900,691050
20220801,13:36,0.80,0.80,0.80,0.80,2300,688450
20220801,13:37,0.80,0.80,0.80,0.80,200,688450
20220801,13:38,0.80,0.80,0.80,0.80,100,688450
20220801,13:39,0.80,0.85,0.80,0.85,1650,685850
20220801,13:40,0.85,0.85,0.85,0.85,1050,685850
20220801,13:41,0.80,0.80,0.80,0.80,1400,685850
20220801,13:42,0.80,0.85,0.80,0.80,700,686150
20220801,13:44,0.85,0.85,0.85,0.85,50,686150
20220801,13:45,0.80,0.80,0.80,0.80,150,686650
20220801,13:47,0.85,0.85,0.85,0.85,6000,686650
20220801,13:48,0.85,0.85,0.85,0.85,3300,691000
20220801,13:49,0.85,0.85,0.80,0.80,2450,691000
20220801,13:50,0.85,0.85,0.85,0.85,650,691000
20220801,13:51,0.85,0.85,0.85,0.85,2500,691000
20220801,13:54,0.80,0.80,0.80,0.80,800,693300
20220801,13:57,0.80,0.85,0.80,0.85,600,692500
20220801,13:58,0.80,0.80,0.80,0.80,350,692500
20220801,14:00,0.85,0.85,0.80,0.80,3500,691500
20220801,14:01,0.80,0.80,0.80,0.80,700,691500
20220801,14:02,0.80,0.80,0.80,0.80,2800,691500
20220801,14:04,0.80,0.85,0.80,0.85,3300,688000
20220801,14:05,0.85,0.85,0.80,0.80,550,688000
20220801,14:07,0.85,0.85,0.80,0.80,150,687000
20220801,14:09,0.80,0.80,0.80,0.80,50,687000
20220801,14:10,0.80,0.85,0.80,0.85,1050,686850
20220801,14:11,0.85,0.85,0.85,0.85,550,686850
20220801,14:12,0.85,0.85,0.85,0.85,50,685750
20220801,14:13,0.85,0.85,0.85,0.85,2400,685750
20220801,14:14,0.85,0.85,0.85,0.85,50,685750
20220801,14:15,0.85,0.85,0.80,0.80,150,685750
20220801,14:20,0.85,0.85,0.80,0.80,16850,684450
20220801,14:21,0.80,0.80,0.80,0.80,11450,684300
20220801,14:22,0.80,0.80,0.80,0.80,150,684300
20220801,14:23,0.80,0.85,0.80,0.85,250,684300
20220801,14:24,0.85,0.85,0.85,0.85,150,684100
20220801,14:25,0.85,0.85,0.85,0.85,50,684100
20220801,14:26,0.80,0.80,0.80,0.80,200,684100
20220801,14:27,0.85,0.85,0.85,0.85,4300,683900
20220801,14:29,0.85,0.85,0.85,0.85,100,683900
20220801,14:31,0.85,0.85,0.80,0.80,1150,683700
20220801,14:32,0.80,0.80,0.80,0.80,700,683700
20220801,14:33,0.80,0.85,0.80,0.80,18400,682900
20220801,14:34,0.85,0.85,0.80,0.85,4350,682900
20220801,14:35,0.85,0.85,0.80,0.85,3050,682900
20220801,14:36,0.85,0.85,0.80,0.85,4550,680400
20220801,14:37,0.85,0.85,0.85,0.85,600,680400
20220801,14:38,0.85,0.85,0.85,0.85,950,680400
20220801,14:39,0.80,0.85,0.80,0.85,750,679700
20220801,14:40,0.85,0.85,0.85,0.85,1900,679700
20220801,14:41,0.85,0.85,0.85,0.85,850,679700
20220801,14:42,0.85,0.85,0.80,0.85,6300,677750
20220801,14:44,0.85,0.85,0.80,0.85,1400,677750
20220801,14:45,0.80,0.85,0.80,0.85,250,677750
20220801,14:46,0.85,0.85,0.80,0.80,900,678800
20220801,14:47,0.85,0.85,0.80,0.80,2050,678800
20220801,14:48,0.85,0.85,0.85,0.85,50,678800
20220801,14:49,0.85,0.85,0.80,0.85,4200,680650
20220801,14:50,0.85,0.85,0.85,0.85,50,680650
20220801,14:51,0.80,0.80,0.80,0.80,2100,680650
20220801,14:52,0.80,0.85,0.80,0.85,10150,677250
20220801,14:53,0.85,0.85,0.85,0.85,5100,677250
20220801,14:54,0.85,0.85,0.85,0.85,300,677250
20220801,14:55,0.85,0.85,0.80,0.80,7050,673300
20220801,14:56,0.80,0.90,0.80,0.80,8550,673300
20220801,14:57,0.85,0.85,0.85,0.85,3100,675500
20220801,14:58,0.85,0.85,0.85,0.85,500,675500
20220801,14:59,0.80,0.85,0.80,0.85,11150,675500
20220801,15:00,0.80,0.85,0.80,0.85,9950,670250
20220801,15:01,0.90,0.90,0.90,0.90,1850,670250
20220801,15:02,0.90,0.90,0.90,0.90,100,670250
20220801,15:03,0.90,0.90,0.85,0.90,2150,672700
20220801,15:04,0.85,0.90,0.85,0.85,2850,672700
20220801,15:05,0.85,0.90,0.85,0.85,2250,672700
20220801,15:06,0.85,0.85,0.85,0.85,4450,667650
20220801,15:07,0.85,0.90,0.85,0.85,8000,667650
20220801,15:08,0.85,0.90,0.85,0.85,13800,667650
20220801,15:09,0.80,0.85,0.80,0.85,2750,667650
20220801,15:10,0.80,0.85,0.80,0.80,3400,673400
20220801,15:11,0.80,0.85,0.80,0.80,7300,673400
20220801,15:12,0.80,0.85,0.80,0.85,10950,672150
20220801,15:13,0.85,0.90,0.85,0.90,19700,672150
20220801,15:14,0.85,0.90,0.85,0.90,4050,672150
20220801,15:15,0.85,0.85,0.75,0.80,37050,658850
20220801,15:16,0.75,0.80,0.75,0.75,22050,658850
20220801,15:17,0.75,0.80,0.75,0.75,5500,658850
20220801,15:18,0.75,0.75,0.75,0.75,1500,652850
20220801,15:19,0.75,0.80,0.75,0.80,16550,652850
20220801,15:20,0.80,0.80,0.75,0.75,2850,652850
20220801,15:21,0.80,0.80,0.80,0.80,7500,653200
20220801,15:22,0.75,0.80,0.75,0.80,31300,653200
20220801,15:23,0.75,0.80,0.75,0.80,1050,653200
20220801,15:24,0.80,0.80,0.80,0.80,500,619950
20220801,15:25,0.80,0.80,0.75,0.80,22400,619950
20220801,15:26,0.80,0.85,0.80,0.85,8150,619950
20220801,15:27,0.85,0.85,0.80,0.85,11350,607000
20220801,15:28,0.80,0.85,0.80,0.85,7800,607000
20220801,15:29,0.80,0.85,0.65,0.65,85050,607000
20220801,15:30,0.65,0.65,0.65,0.65,1100,607000
20220802,09:15,0.75,0.85,0.70,0.85,18852,591150
20220802,09:16,0.85,0.85,0.80,0.80,19050,591150
20220802,09:17,0.80,0.80,0.70,0.80,46100,572600
20220802,09:18,0.80,0.80,0.80,0.80,6400,572600
20220802,09:19,0.80,0.80,0.75,0.75,8700,572600
20220802,09:20,0.75,0.80,0.75,0.80,23000,559550
20220802,09:21,0.75,0.80,0.75,0.80,2650,559550
20220802,09:22,0.80,0.80,0.75,0.75,9250,559550
20220802,09:23,0.80,0.80,0.75,0.75,18800,538550
20220802,09:24,0.75,0.80,0.75,0.80,11400,538550
20220802,09:25,0.80,0.80,0.70,0.75,21550,538550
20220802,09:26,0.70,0.75,0.70,0.70,25900,548050
20220802,09:27,0.75,0.80,0.70,0.75,20850,548050
20220802,09:28,0.80,0.80,0.80,0.80,1600,548050
20220802,09:29,0.75,0.80,0.75,0.80,8750,545750
20220802,09:30,0.75,0.75,0.75,0.75,3000,545750
20220802,09:31,0.80,0.80,0.80,0.80,8200,545750
20220802,09:32,0.75,0.80,0.75,0.80,7850,546450
20220802,09:33,0.80,0.80,0.80,0.80,19200,546450
20220802,09:34,0.80,0.85,0.80,0.85,3300,546450
20220802,09:35,0.80,0.80,0.80,0.80,250,546450
20220802,09:36,0.80,0.80,0.75,0.80,10650,538050
20220802,09:38,0.80,0.80,0.80,0.80,7850,549550
20220802,09:39,0.80,0.80,0.80,0.80,3600,549550
20220802,09:40,0.80,0.80,0.80,0.80,350,549550
20220802,09:41,0.75,0.80,0.75,0.80,100,554600
20220802,09:42,0.80,0.80,0.80,0.80,2550,554600
20220802,09:43,0.80,0.80,0.75,0.80,2750,554600
20220802,09:44,0.80,0.80,0.80,0.80,50,554600
20220802,09:45,0.80,0.80,0.75,0.80,2250,552050
20220802,09:48,0.80,0.80,0.80,0.80,1250,552050
20220802,09:49,0.80,0.80,0.75,0.75,100,552050
20220802,09:50,0.75,0.80,0.75,0.75,4000,551200
20220802,09:51,0.75,0.80,0.75,0.80,3050,551200
20220802,09:52,0.80,0.80,0.80,0.80,100,551200
20220802,09:53,0.80,0.80,0.80,0.80,3550,554250
20220802,09:54,0.80,0.85,0.80,0.80,5550,554250
20220802,09:55,0.85,0.85,0.80,0.85,4850,554250
20220802,09:56,0.85,0.85,0.80,0.85,4250,563450
20220802,09:57,0.85,0.85,0.85,0.85,6950,563450
20220802,09:58,0.85,0.85,0.85,0.85,2700,563450
20220802,09:59,0.85,0.85,0.85,0.85,550,565350
20220802,10:00,0.85,0.85,0.85,0.85,2500,565350
20220802,10:01,0.85,0.85,0.85,0.85,2500,565350
20220802,10:02,0.85,0.90,0.80,0.80,20750,565350
20220802,10:03,0.85,0.85,0.80,0.80,5300,566750
20220802,10:04,0.80,0.85,0.80,0.80,17950,566750
20220802,10:05,0.85,0.85,0.80,0.80,11050,561850
20220802,10:06,0.85,0.85,0.85,0.85,11050,561850
20220802,10:07,0.85,0.85,0.85,0.85,950,561850
20220802,10:08,0.85,0.85,0.85,0.85,50,561850
20220802,10:09,0.80,0.85,0.80,0.85,1800,563300
20220802,10:10,0.85,0.85,0.85,0.85,1850,563300
20220802,10:11,0.80,0.85,0.80,0.80,1850,562450
20220802,10:12,0.80,0.85,0.80,0.80,17750,562450
20220802,10:13,0.85,0.85,0.80,0.80,250,562450
20220802,10:14,0.80,0.85,0.80,0.85,400,562450
20220802,10:17,0.80,0.80,0.80,0.80,900,562450
20220802,10:20,0.85,0.85,0.80,0.80,7700,562550
20220802,10:21,0.85,0.85,0.85,0.85,4750,562550
20220802,10:22,0.90,0.90,0.90,0.90,1550,562550
20220802,10:23,0.90,0.90,0.90,0.90,150,562550
20220802,10:24,0.90,0.90,0.85,0.85,3150,563200
20220802,10:26,0.90,0.90,0.90,0.90,2500,563100
20220802,10:27,0.85,0.90,0.85,0.85,2250,563100
20220802,10:28,0.90,0.90,0.90,0.90,500,563100
20220802,10:29,0.90,0.90,0.90,0.90,550,563200
20220802,10:30,0.85,0.90,0.85,0.90,6900,563200
20220802,10:32,0.90,0.90,0.85,0.85,1600,563200
20220802,10:33,0.85,0.85,0.85,0.85,1000,558300
20220802,10:34,0.85,0.85,0.80,0.80,13800,558300
20220802,10:35,0.85,0.85,0.80,0.80,13900,558600
20220802,10:36,0.80,0.80,0.80,0.80,5050,558600
20220802,10:37,0.85,0.85,0.80,0.80,3300,558600
20220802,10:38,0.80,0.85,0.80,0.80,13450,561000
20220802,10:39,0.80,0.85,0.80,0.85,7650,561000
20220802,10:40,0.80,0.80,0.80,0.80,750,561000
20220802,10:42,0.85,0.85,0.80,0.80,3250,560900
20220802,10:43,0.80,0.80,0.80,0.80,1850,560900
20220802,10:44,0.80,0.85,0.80,0.85,300,562900
20220802,10:45,0.85,0.85,0.80,0.85,8000,562900
20220802,10:46,0.85,0.85,0.80,0.80,5500,562900
20220802,10:47,0.80,0.85,0.75,0.80,18650,568050
20220802,10:48,0.80,0.80,0.80,0.80,5550,568050
20220802,10:49,0.80,0.80,0.75,0.75,13950,568050
20220802,10:50,0.75,0.80,0.75,0.75,4850,566450
20220802,10:51,0.75,0.80,0.75,0.75,34550,566450
20220802,10:52,0.75,0.80,0.70,0.80,34800,566450
20220802,10:53,0.75,0.75,0.75,0.75,450,566450
20220802,10:54,0.80,0.80,0.80,0.80,450,560950
20220802,10:56,0.80,0.80,0.80,0.80,250,560950
20220802,10:57,0.80,0.80,0.80,0.80,300,560950
20220802,10:58,0.80,0.80,0.80,0.80,1500,560950
20220802,10:59,0.80,0.80,0.80,0.80,4250,559450
20220802,11:00,0.75,0.80,0.75,0.80,39550,559450
20220802,11:01,0.85,0.90,0.85,0.90,24900,559450
20220802,11:02,0.90,0.90,0.90,0.90,4000,559450
20220802,11:03,0.90,0.90,0.85,0.85,6600,561200
20220802,11:04,0.85,0.85,0.80,0.80,600,561200
20220802,11:05,0.85,0.85,0.85,0.85,1500,561200
20220802,11:06,0.85,0.85,0.80,0.85,1300,561200
20220802,11:07,0.85,0.85,0.80,0.80,2800,561200
20220802,11:08,0.85,0.85,0.85,0.85,1300,561200
20220802,11:10,0.85,0.85,0.85,0.85,7550,561700
20220802,11:11,0.85,0.90,0.85,0.90,1800,561700
20220802,11:12,0.85,0.85,0.85,0.85,1500,560650
20220802,11:13,0.85,0.85,0.85,0.85,1150,560650
20220802,11:14,0.90,0.90,0.90,0.90,500,561500
20220802,11:15,0.85,0.90,0.85,0.90,1300,561500
20220802,11:17,0.90,0.90,0.90,0.90,950,561500
20220802,11:20,0.90,0.90,0.90,0.90,250,561500
20220802,11:21,0.90,0.90,0.85,0.85,2150,562200
20220802,11:22,0.90,0.90,0.85,0.85,8450,562200
20220802,11:24,0.85,0.85,0.85,0.85,50,562150
20220802,11:25,0.80,0.85,0.80,0.80,150,562150
20220802,11:26,0.80,0.85,0.80,0.85,11350,562200
20220802,11:28,0.80,0.80,0.80,0.80,11200,562200
20220802,11:31,0.85,0.85,0.80,0.80,200,561850
20220802,11:33,0.85,0.85,0.85,0.85,50,561850
20220802,11:34,0.85,0.85,0.80,0.85,5350,561850
20220802,11:35,0.85,0.90,0.85,0.85,12500,562500
20220802,11:36,0.90,0.90,0.85,0.85,15800,562500
20220802,11:37,0.90,0.90,0.80,0.80,9150,562500
20220802,11:38,0.85,0.85,0.85,0.85,4850,562500
20220802,11:40,0.80,0.85,0.80,0.85,1900,578750
20220802,11:41,0.85,0.85,0.85,0.85,250,578750
20220802,11:43,0.85,0.85,0.85,0.85,5700,578550
20220802,11:44,0.85,0.85,0.85,0.85,16500,578550
20220802,11:45,0.80,0.80,0.80,0.80,500,577650
20220802,11:46,0.85,0.85,0.80,0.80,300,577650
20220802,11:49,0.85,0.85,0.85,0.85,50,577650
20220802,11:50,0.80,0.80,0.80,0.80,20650,577650
20220802,11:51,0.80,0.80,0.80,0.80,150,598300
20220802,11:52,0.85,0.85,0.85,0.85,700,598300
20220802,11:53,0.85,0.85,0.85,0.85,250,598400
20220802,11:54,0.85,0.85,0.80,0.80,1950,598400
20220802,11:55,0.85,0.85,0.85,0.85,250,598400
20220802,11:56,0.85,0.85,0.85,0.85,250,598400
20220802,11:57,0.85,0.85,0.85,0.85,500,598400
20220802,11:58,0.85,0.85,0.80,0.85,2200,598400
20220802,11:59,0.85,0.85,0.85,0.85,1250,598400
20220802,12:00,0.85,0.85,0.80,0.80,1150,598400
20220802,12:01,0.80,0.85,0.80,0.85,2650,598400
20220802,12:03,0.80,0.85,0.80,0.85,2600,598400
20220802,12:04,0.80,0.85,0.80,0.80,3350,598400
20220802,12:05,0.80,0.80,0.80,0.80,1850,598400
20220802,12:10,0.80,0.80,0.80,0.80,150,598400
20220802,12:11,0.85,0.85,0.80,0.80,100,597650
20220802,12:14,0.80,0.80,0.80,0.80,50,597650
20220802,12:16,0.80,0.80,0.80,0.80,50,597700
20220802,12:18,0.85,0.85,0.85,0.85,4400,597700
20220802,12:19,0.85,0.85,0.85,0.85,3550,597700
20220802,12:20,0.85,0.85,0.80,0.80,11400,597700
20220802,12:21,0.80,0.85,0.80,0.85,150,599550
20220802,12:22,0.85,0.85,0.85,0.85,250,599550
20220802,12:23,0.80,0.80,0.80,0.80,100,599550
20220802,12:25,0.85,0.85,0.85,0.85,300,599700
20220802,12:26,0.85,0.85,0.85,0.85,400,599700
20220802,12:27,0.85,0.85,0.85,0.85,150,599000
20220802,12:31,0.80,0.80,0.80,0.80,150,598950
20220802,12:34,0.85,0.85,0.80,0.80,5650,598950
20220802,12:35,0.85,0.85,0.85,0.85,500,598950
20220802,12:37,0.80,0.85,0.80,0.80,9250,604500
20220802,12:38,0.80,0.85,0.75,0.75,26500,604500
20220802,12:39,0.80,0.80,0.75,0.80,150,587650
20220802,12:40,0.75,0.80,0.75,0.80,2250,587650
20220802,12:41,0.80,0.80,0.75,0.80,7150,587650
20220802,12:42,0.80,0.80,0.80,0.80,12500,587700
20220802,12:43,0.80,0.80,0.80,0.80,8850,587700
20220802,12:44,0.85,0.85,0.85,0.85,1150,587700
20220802,12:45,0.85,0.85,0.85,0.85,11100,582300
20220802,12:46,0.80,0.85,0.80,0.85,650,582300
20220802,12:47,0.85,0.85,0.85,0.85,950,582300
20220802,12:48,0.85,0.90,0.85,0.85,2450,583800
20220802,12:49,0.85,0.90,0.85,0.90,13050,583800
20220802,12:50,0.90,0.90,0.90,0.90,4650,583800
20220802,12:51,0.90,0.95,0.90,0.90,5600,585950
20220802,12:52,0.95,0.95,0.90,0.90,3950,585950
20220802,12:53,0.90,0.90,0.90,0.90,2350,585950
20220802,12:54,0.90,0.90,0.90,0.90,5200,588300
20220802,12:55,0.90,0.90,0.90,0.90,550,588300
20220802,12:56,0.95,0.95,0.95,0.95,1200,588300
20220802,12:57,0.90,0.95,0.90,0.90,14450,588750
20220802,12:58,0.95,0.95,0.90,0.90,13200,588750
20220802,12:59,0.90,0.95,0.90,0.90,3150,588750
20220802,13:00,0.85,0.85,0.85,0.85,500,587400
20220802,13:01,0.90,0.90,0.85,0.85,4100,587400
20220802,13:02,0.90,0.90,0.90,0.90,250,587400
20220802,13:03,0.90,0.90,0.85,0.85,1750,584900
20220802,13:04,0.85,0.90,0.85,0.90,2250,584900
20220802,13:05,0.90,0.90,0.90,0.90,750,584900
20220802,13:09,0.85,0.85,0.80,0.80,4650,582650
20220802,13:10,0.85,0.85,0.80,0.85,3900,582650
20220802,13:11,0.85,0.90,0.85,0.85,8050,582650
20220802,13:12,0.85,0.90,0.80,0.85,4800,578700
20220802,13:13,0.80,0.85,0.80,0.85,1350,578700
20220802,13:14,0.80,0.85,0.80,0.85,350,578700
20220802,13:16,0.85,0.85,0.85,0.85,650,576000
20220802,13:17,0.85,0.85,0.80,0.80,1100,576000
20220802,13:18,0.85,0.85,0.85,0.85,2700,576000
20220802,13:19,0.85,0.90,0.85,0.90,5650,576000
20220802,13:20,0.90,0.90,0.90,0.90,1500,576000
20220802,13:21,0.90,0.95,0.85,0.90,7550,571800
20220802,13:22,0.90,0.90,0.90,0.90,250,571800
20220802,13:26,0.90,0.90,0.85,0.90,5800,574450
20220802,13:27,0.90,0.90,0.90,0.90,350,572100
20220802,13:30,0.90,0.90,0.90,0.90,50,572100
20220802,13:31,0.95,0.95,0.90,0.95,5750,572100
20220802,13:32,0.90,0.95,0.90,0.95,16000,572100
20220802,13:33,0.95,0.95,0.95,0.95,9650,574900
20220802,13:34,0.95,0.95,0.95,0.95,50,574900
20220802,13:35,0.90,0.95,0.90,0.95,3350,574900
20220802,13:36,0.95,0.95,0.95,0.95,5900,574950
20220802,13:37,0.90,0.95,0.90,0.95,1600,574950
20220802,13:38,0.90,0.95,0.90,0.95,1150,574950
20220802,13:39,0.90,0.90,0.90,0.90,3450,577700
20220802,13:40,0.90,0.95,0.90,0.90,3950,577700
20220802,13:41,0.90,0.90,0.90,0.90,1400,577700
20220802,13:42,0.95,0.95,0.90,0.90,200,578250
20220802,13:43,0.90,0.90,0.90,0.90,1500,578250
20220802,13:44,0.90,0.90,0.85,0.85,4000,578250
20220802,13:45,0.90,0.90,0.85,0.85,650,574800
20220802,13:46,0.85,0.90,0.85,0.90,2400,574800
20220802,13:47,0.85,0.90,0.85,0.90,13900,574800
20220802,13:48,0.90,0.90,0.90,0.90,8300,560600
20220802,13:49,0.85,0.95,0.85,0.90,5100,560600
20220802,13:50,0.90,0.95,0.90,0.90,3550,560600
20220802,13:51,0.90,0.90,0.90,0.90,7300,560850
20220802,13:52,0.85,0.85,0.85,0.85,1000,560850
20220802,13:53,0.85,0.85,0.85,0.85,8200,560850
20220802,13:54,0.85,0.85,0.85,0.85,550,563450
20220802,13:55,0.85,0.85,0.85,0.85,1400,563450
20220802,13:56,0.85,0.85,0.80,0.80,51150,563450
20220802,13:57,0.85,0.85,0.85,0.85,6400,592900
20220802,13:58,0.85,0.85,0.80,0.80,650,592900
20220802,13:59,0.80,0.85,0.80,0.80,550,592900
20220802,14:00,0.85,0.85,0.80,0.85,17850,586550
20220802,14:01,0.85,0.85,0.85,0.85,50,586550
20220802,14:02,0.85,0.85,0.85,0.85,1400,586550
20220802,14:03,0.85,0.90,0.85,0.90,2700,568650
20220802,14:04,0.85,0.90,0.85,0.90,300,568650
20220802,14:05,0.85,0.85,0.85,0.85,200,568650
20220802,14:06,0.85,0.85,0.85,0.85,2550,568650
20220802,14:07,0.85,0.85,0.85,0.85,250,567600
20220802,14:08,0.85,0.85,0.85,0.85,400,567600
20220802,14:09,0.90,0.90,0.90,0.90,2500,567850
20220802,14:10,0.85,0.85,0.85,0.85,850,567850
20220802,14:11,0.85,0.85,0.85,0.85,450,567850
20220802,14:12,0.85,0.90,0.85,0.90,3650,566650
20220802,14:13,0.85,0.90,0.85,0.85,16550,566650
20220802,14:14,0.85,0.90,0.85,0.85,3850,566650
20220802,14:15,0.85,0.85,0.80,0.80,2450,555900
20220802,14:16,0.80,0.85,0.80,0.85,2450,555900
20220802,14:17,0.80,0.80,0.80,0.80,850,555900
20220802,14:18,0.80,0.80,0.80,0.80,200,555900
20220802,14:19,0.80,0.80,0.80,0.80,900,555900
20220802,14:20,0.85,0.85,0.85,0.85,50,555900
20220802,14:21,0.85,0.85,0.80,0.85,3450,555900
20220802,14:22,0.85,0.85,0.80,0.80,1700,555900
20220802,14:23,0.80,0.80,0.80,0.80,500,555900
20220802,14:24,0.80,0.85,0.80,0.80,6900,554200
20220802,14:25,0.85,0.85,0.85,0.85,150,554200
20220802,14:27,0.85,0.85,0.80,0.80,100,554200
20220802,14:28,0.80,0.85,0.80,0.85,250,551300
20220802,14:29,0.85,0.85,0.80,0.80,3150,551300
20220802,14:31,0.80,0.85,0.80,0.85,9300,551200
20220802,14:32,0.85,0.85,0.80,0.80,14100,551200
20220802,14:33,0.80,0.85,0.80,0.80,8750,544900
20220802,14:34,0.80,0.80,0.75,0.75,8200,544900
20220802,14:35,0.75,0.85,0.75,0.80,4550,544900
20220802,14:36,0.80,0.85,0.75,0.80,38000,533550
20220802,14:37,0.75,0.80,0.75,0.75,13250,533550
20220802,14:38,0.75,0.80,0.70,0.70,22500,533550
20220802,14:39,0.75,0.80,0.70,0.75,6050,549550
20220802,14:40,0.70,0.75,0.70,0.70,2350,549550
20220802,14:41,0.70,0.75,0.70,0.70,11750,549550
20220802,14:42,0.70,0.75,0.70,0.75,4100,548700
20220802,14:44,0.70,0.70,0.70,0.70,12400,548700
20220802,14:45,0.70,0.70,0.65,0.65,41350,569300
20220802,14:46,0.70,0.70,0.65,0.65,6500,569300
20220802,14:47,0.65,0.65,0.65,0.65,2550,569300
20220802,14:48,0.65,0.70,0.65,0.70,400,579150
20220802,14:49,0.65,0.70,0.65,0.70,1450,579150
20220802,14:50,0.65,0.70,0.65,0.70,5000,579150
20220802,14:51,0.65,0.65,0.65,0.65,550,579050
20220802,14:52,0.65,0.65,0.65,0.65,1150,579050
20220802,14:53,0.65,0.70,0.65,0.70,400,579050
20220802,14:54,0.70,0.70,0.65,0.70,2750,579150
20220802,14:55,0.65,0.70,0.65,0.70,1500,579150
20220802,14:56,0.65,0.65,0.65,0.65,250,579150
20220802,14:57,0.65,0.65,0.65,0.65,1100,579150
20220802,14:58,0.65,0.70,0.65,0.70,350,579150
20220802,14:59,0.65,0.70,0.65,0.65,6250,579150
20220802,15:00,0.70,0.70,0.65,0.65,1850,579150
20220802,15:01,0.65,0.70,0.65,0.65,2200,579250
20220802,15:02,0.65,0.65,0.65,0.65,1450,579250
20220802,15:03,0.70,0.70,0.65,0.65,6000,578700
20220802,15:04,0.65,0.65,0.65,0.65,16750,578700
20220802,15:05,0.65,0.65,0.60,0.65,13750,578700
20220802,15:06,0.65,0.70,0.65,0.70,30650,560650
20220802,15:07,0.70,0.75,0.70,0.75,14600,560650
20220802,15:08,0.75,0.75,0.70,0.70,5650,560650
20220802,15:09,0.70,0.75,0.70,0.75,850,547800
20220802,15:10,0.75,0.75,0.70,0.70,2100,547800
20220802,15:11,0.75,0.75,0.70,0.70,950,547800
20220802,15:12,0.75,0.75,0.70,0.70,27100,541650
20220802,15:13,0.75,0.75,0.70,0.75,6650,541650
20220802,15:14,0.70,0.75,0.70,0.75,2200,541650
20220802,15:15,0.70,0.70,0.65,0.65,33000,524700
20220802,15:16,0.65,0.65,0.60,0.65,7750,524700
20220802,15:17,0.65,0.65,0.65,0.65,2100,524700
20220802,15:18,0.65,0.65,0.60,0.60,17400,511500
20220802,15:19,0.65,0.65,0.50,0.50,127750,511500
20220802,15:20,0.55,0.55,0.50,0.55,53500,511500
20220802,15:21,0.55,0.60,0.55,0.60,25550,474500
20220802,15:22,0.60,0.60,0.55,0.55,4150,474500
20220802,15:23,0.60,0.60,0.60,0.60,50,474500
20220802,15:24,0.60,0.60,0.55,0.55,37200,474500
20220802,15:25,0.55,0.60,0.55,0.60,30400,499300
20220802,15:26,0.65,0.70,0.60,0.70,34250,499300
20220802,15:27,0.65,0.70,0.60,0.60,16600,526350
20220802,15:28,0.70,0.70,0.60,0.65,33500,526350
20220802,15:29,0.70,0.75,0.50,0.55,38600,526350
20220803,09:15,0.65,0.70,0.65,0.70,18401,523700
20220803,09:16,0.70,0.70,0.65,0.70,7950,523700
20220803,09:17,0.70,0.70,0.65,0.70,19700,522900
20220803,09:18,0.65,0.70,0.65,0.65,23500,522900
20220803,09:19,0.65,0.70,0.65,0.70,900,522900
20220803,09:20,0.70,0.70,0.65,0.70,12150,522450
20220803,09:21,0.70,0.70,0.65,0.65,2050,522450
20220803,09:22,0.65,0.70,0.65,0.65,7050,522450
20220803,09:23,0.65,0.70,0.60,0.60,26200,521200
20220803,09:24,0.60,0.65,0.60,0.65,35650,521200
20220803,09:25,0.65,0.65,0.60,0.60,750,521200
20220803,09:26,0.60,0.65,0.60,0.60,6150,521800
20220803,09:27,0.65,0.65,0.65,0.65,1800,521800
20220803,09:28,0.65,0.65,0.65,0.65,500,521800
20220803,09:29,0.65,0.65,0.60,0.60,22650,523300
20220803,09:30,0.60,0.60,0.60,0.60,200,523300
20220803,09:31,0.60,0.60,0.60,0.60,2350,523300
20220803,09:32,0.60,0.65,0.60,0.60,2000,523300
20220803,09:33,0.65,0.65,0.65,0.65,12750,524450
20220803,09:34,0.65,0.70,0.65,0.70,60350,524450
20220803,09:35,0.65,0.70,0.65,0.70,10100,505750
20220803,09:36,0.70,0.70,0.65,0.65,10450,505750
20220803,09:37,0.65,0.70,0.65,0.70,3800,505750
20220803,09:38,0.70,0.70,0.65,0.70,1900,497050
20220803,09:39,0.70,0.70,0.65,0.65,5450,497050
20220803,09:40,0.70,0.75,0.70,0.70,18250,497050
20220803,09:41,0.70,0.70,0.70,0.70,4400,504100
20220803,09:42,0.70,0.75,0.70,0.70,4150,504100
20220803,09:43,0.75,0.80,0.75,0.80,25900,504100
20220803,09:44,0.75,0.80,0.75,0.80,14250,504550
20220803,09:45,0.75,0.80,0.75,0.80,23100,504550
20220803,09:46,0.80,0.80,0.80,0.80,600,504550
20220803,09:47,0.80,0.80,0.75,0.75,4700,516450
20220803,09:48,0.75,0.80,0.75,0.80,1100,516450
20220803,09:49,0.80,0.80,0.80,0.80,6550,516450
20220803,09:50,0.80,0.85,0.75,0.85,30400,512500
20220803,09:51,0.85,0.85,0.80,0.80,1000,512500
20220803,09:52,0.80,0.85,0.80,0.85,1150,512500
20220803,09:53,0.80,0.85,0.80,0.80,5400,511800
20220803,09:54,0.85,0.85,0.80,0.80,6550,511800
20220803,09:55,0.85,0.85,0.80,0.80,16500,511800
20220803,09:56,0.80,0.80,0.80,0.80,6250,510400
20220803,09:57,0.80,0.80,0.80,0.80,1250,510400
20220803,09:59,0.80,0.80,0.80,0.80,2500,510400
20220803,10:00,0.75,0.80,0.75,0.80,350,509950
20220803,10:01,0.80,0.80,0.75,0.80,1350,509950
20220803,10:02,0.80,0.80,0.75,0.75,1800,509950
20220803,10:03,0.75,0.75,0.75,0.75,250,509950
20220803,10:04,0.75,0.80,0.75,0.75,3000,509950
20220803,10:05,0.75,0.75,0.75,0.75,2300,509950
20220803,10:06,0.70,0.75,0.70,0.75,1950,512800
20220803,10:07,0.75,0.75,0.70,0.75,9100,512800
20220803,10:08,0.70,0.75,0.70,0.75,3150,512900
20220803,10:09,0.70,0.85,0.70,0.85,18450,512900
20220803,10:10,0.85,0.85,0.85,0.85,50,512900
20220803,10:12,0.85,0.85,0.80,0.80,700,516850
20220803,10:13,0.80,0.80,0.80,0.80,2850,516850
20220803,10:14,0.85,0.85,0.75,0.75,1350,516850
20220803,10:15,0.75,0.80,0.75,0.75,8100,514350
20220803,10:16,0.75,0.75,0.70,0.75,8000,514350
20220803,10:17,0.75,0.75,0.75,0.75,300,514350
20220803,10:18,0.75,0.75,0.70,0.70,400,512900
20220803,10:20,0.75,0.75,0.75,0.75,3000,512900
20220803,10:22,0.80,0.80,0.75,0.80,1200,512900
20220803,10:23,0.75,0.75,0.75,0.75,50,512900
20220803,10:24,0.80,0.80,0.75,0.75,100,512900
20220803,10:25,0.80,0.80,0.80,0.80,100,512900
20220803,10:26,0.80,0.80,0.80,0.80,300,512900
20220803,10:28,0.80,0.80,0.80,0.80,100,512600
20220803,10:29,0.80,0.85,0.80,0.85,22400,513700
20220803,10:30,0.85,0.85,0.85,0.85,3250,513700
20220803,10:31,0.85,0.85,0.85,0.85,300,513700
20220803,10:32,0.85,0.85,0.80,0.85,1300,514450
20220803,10:33,0.85,0.90,0.85,0.90,6100,514450
20220803,10:34,0.90,0.90,0.90,0.90,1500,514450
20220803,10:35,0.90,0.95,0.90,0.95,9950,515100
20220803,10:36,0.95,1.00,0.95,0.95,4550,515100
20220803,10:37,0.95,1.00,0.90,0.90,8550,515100
20220803,10:38,0.90,0.95,0.85,0.85,2700,512650
20220803,10:39,0.90,0.90,0.90,0.90,50,512650
20220803,10:40,0.90,0.95,0.90,0.95,6750,512650
20220803,10:41,0.95,1.00,0.95,1.00,7250,513250
20220803,10:42,0.95,0.95,0.90,0.90,16050,513250
20220803,10:43,0.95,0.95,0.90,0.90,2250,513250
20220803,10:44,0.95,0.95,0.95,0.95,2850,510850
20220803,10:45,0.95,0.95,0.95,0.95,500,510850
20220803,10:46,0.95,0.95,0.90,0.90,2550,510850
20220803,10:47,0.90,0.95,0.90,0.90,7900,513550
20220803,10:48,0.95,0.95,0.90,0.95,7200,513550
20220803,10:49,0.90,0.90,0.90,0.90,5200,513550
20220803,10:50,0.90,0.90,0.85,0.90,16150,504600
20220803,10:51,0.90,0.90,0.85,0.90,3350,504600
20220803,10:52,0.90,0.90,0.90,0.90,2500,504600
20220803,10:53,0.95,0.95,0.95,0.95,50,504600
20220803,10:54,0.95,0.95,0.95,0.95,800,507200
20220803,10:55,0.90,0.90,0.85,0.85,11100,507200
20220803,10:56,0.85,0.85,0.85,0.85,4800,507200
20220803,10:57,0.85,0.85,0.85,0.85,4100,512700
20220803,10:58,0.90,0.90,0.90,0.90,2200,512700
20220803,10:59,0.85,0.90,0.85,0.90,3300,512700
20220803,11:00,0.90,0.90,0.90,0.90,4900,511950
20220803,11:01,0.90,0.90,0.90,0.90,250,511950
20220803,11:02,0.85,0.90,0.85,0.90,1350,511950
20220803,11:03,0.90,0.90,0.90,0.90,50,511950
20220803,11:04,0.90,1.00,0.90,0.90,12900,511950
20220803,11:05,0.90,0.90,0.90,0.90,3900,514850
20220803,11:06,0.90,0.90,0.90,0.90,950,514850
20220803,11:07,0.90,0.95,0.85,0.95,4000,514850
20220803,11:08,0.95,0.95,0.90,0.95,1400,512250
20220803,11:09,0.95,0.95,0.95,0.95,600,512250
20220803,11:10,0.90,0.95,0.90,0.95,5600,512250
20220803,11:11,0.90,1.00,0.90,0.95,500,515150
20220803,11:12,0.95,0.95,0.95,0.95,8800,515150
20220803,11:13,0.95,1.00,0.95,1.00,7900,515150
20220803,11:14,1.00,1.00,0.90,0.95,6350,509250
20220803,11:15,0.90,0.95,0.90,0.95,1100,509250
20220803,11:16,0.95,1.00,0.90,0.95,15100,509250
20220803,11:17,0.95,1.00,0.95,1.00,1000,509250
20220803,11:18,1.00,1.00,0.95,1.00,5750,512300
20220803,11:19,1.00,1.05,1.00,1.05,16650,512300
20220803,11:20,1.05,1.05,1.05,1.05,750,512300
20220803,11:21,1.05,1.05,1.05,1.05,6000,518250
20220803,11:22,1.05,1.05,1.05,1.05,2550,518250
20220803,11:23,1.05,1.10,1.00,1.10,13600,519850
20220803,11:24,1.10,1.10,1.10,1.10,2800,519850
20220803,11:25,1.10,1.10,1.10,1.10,2800,519850
20220803,11:26,1.10,1.10,1.10,1.10,750,519850
20220803,11:27,1.10,1.10,1.05,1.10,19050,523800
20220803,11:28,1.10,1.15,1.10,1.15,7500,523800
20220803,11:29,1.15,1.15,1.15,1.15,10000,522150
20220803,11:30,1.15,1.25,1.10,1.20,23350,522150
20220803,11:31,1.20,1.20,1.15,1.20,6250,522150
20220803,11:32,1.20,1.20,1.20,1.20,700,522150
20220803,11:33,1.15,1.20,1.05,1.05,6700,523300
20220803,11:34,1.10,1.10,1.10,1.10,8000,523300
20220803,11:35,1.15,1.15,1.10,1.10,2450,523300
20220803,11:36,1.15,1.15,1.10,1.10,350,525850
20220803,11:37,1.15,1.15,1.15,1.15,250,525850
20220803,11:38,1.10,1.15,1.10,1.10,2450,525800
20220803,11:39,1.10,1.10,1.10,1.10,1100,525800
20220803,11:40,1.10,1.10,1.05,1.05,9900,525800
20220803,11:41,1.10,1.10,1.05,1.05,7200,524550
20220803,11:42,1.00,1.00,1.00,1.00,10750,524550
20220803,11:43,1.00,1.00,0.95,0.95,4850,524550
20220803,11:44,0.95,1.00,0.90,0.90,6100,523650
20220803,11:45,0.90,0.95,0.90,0.95,15700,523650
20220803,11:46,0.95,0.95,0.90,0.95,9700,523650
20220803,11:47,0.90,0.95,0.90,0.90,3500,522900
20220803,11:48,0.90,0.90,0.90,0.90,1000,522900
20220803,11:49,0.90,0.95,0.90,0.90,5000,522900
20220803,11:50,0.90,0.90,0.90,0.90,11750,523100
20220803,11:51,0.85,0.90,0.85,0.90,8350,523100
20220803,11:54,0.90,0.90,0.85,0.85,1200,527050
20220803,11:55,0.90,0.90,0.90,0.90,50,527050
20220803,11:57,0.90,0.90,0.85,0.90,14350,527050
20220803,11:58,0.85,0.85,0.85,0.85,500,527050
20220803,11:59,0.90,0.90,0.90,0.90,3400,527050
20220803,12:00,0.90,0.90,0.90,0.90,1950,519600
20220803,12:01,0.90,0.90,0.90,0.90,1450,519600
20220803,12:02,0.90,0.95,0.90,0.95,2900,519600
20220803,12:03,0.95,0.95,0.90,0.95,1700,519700
20220803,12:04,0.95,0.95,0.95,0.95,11550,519700
20220803,12:05,0.95,0.95,0.95,0.95,5350,519850
20220803,12:06,0.95,1.00,0.95,1.00,450,519850
20220803,12:07,0.95,0.95,0.95,0.95,450,519850
20220803,12:08,0.95,0.95,0.95,0.95,350,519850
20220803,12:09,0.95,0.95,0.95,0.95,5100,519800
20220803,12:10,0.95,0.95,0.95,0.95,2350,519800
20220803,12:11,0.95,0.95,0.95,0.95,1350,519800
20220803,12:13,1.00,1.00,0.95,1.00,1650,519800
20220803,12:14,1.00,1.00,1.00,1.00,500,519800
20220803,12:15,1.00,1.00,1.00,1.00,7050,520850
20220803,12:16,1.00,1.00,1.00,1.00,400,520850
20220803,12:17,1.00,1.00,1.00,1.00,1200,520850
20220803,12:18,1.00,1.00,0.95,0.95,7000,517400
20220803,12:19,0.95,0.95,0.90,0.90,9950,517400
20220803,12:20,0.90,0.90,0.85,0.85,6400,517400
20220803,12:21,0.85,0.90,0.85,0.90,6250,516500
20220803,12:22,0.95,0.95,0.90,0.90,2800,516500
20220803,12:23,0.90,0.95,0.90,0.95,100,516500
20220803,12:24,0.90,0.95,0.90,0.90,350,516600
20220803,12:25,0.95,0.95,0.95,0.95,4800,516600
20220803,12:26,0.90,0.95,0.90,0.95,5350,519450
20220803,12:27,0.95,1.00,0.95,0.95,11000,519450
20220803,12:28,0.95,0.95,0.95,0.95,700,519450
20220803,12:29,0.95,0.95,0.95,0.95,1900,522250
20220803,12:30,0.95,0.95,0.95,0.95,1000,522250
20220803,12:31,0.95,0.95,0.90,0.90,13250,522250
20220803,12:32,0.95,0.95,0.95,0.95,8100,522250
20220803,12:33,1.00,1.00,0.95,0.95,650,515500
20220803,12:34,1.00,1.00,1.00,1.00,1850,515500
20220803,12:35,0.95,0.95,0.95,0.95,3300,515500
20220803,12:36,0.95,1.00,0.95,1.00,4350,513350
20220803,12:37,1.00,1.00,0.95,0.95,6100,513350
20220803,12:38,0.95,0.95,0.90,0.90,15250,513350
20220803,12:40,0.90,0.95,0.90,0.90,9750,513400
20220803,12:41,0.90,0.90,0.90,0.90,2550,513400
20220803,12:44,0.90,0.90,0.85,0.85,1100,511050
20220803,12:45,0.85,0.85,0.85,0.85,3250,511100
20220803,12:50,0.85,0.85,0.85,0.85,600,510800
20220803,12:51,0.90,0.90,0.85,0.85,250,511000
20220803,12:52,0.85,0.90,0.85,0.90,400,511000
20220803,12:53,0.85,0.85,0.85,0.85,1200,511000
20220803,12:54,0.85,0.85,0.85,0.85,2950,511350
20220803,12:55,0.85,0.85,0.80,0.80,10800,511350
20220803,12:56,0.80,0.80,0.80,0.80,1200,511350
20220803,12:57,0.80,0.80,0.75,0.75,9350,504250
20220803,12:58,0.75,0.75,0.75,0.75,13450,504250
20220803,12:59,0.70,0.75,0.70,0.75,11850,504250
20220803,13:00,0.75,0.75,0.75,0.75,11250,510400
20220803,13:01,0.75,0.80,0.75,0.75,13900,510400
20220803,13:02,0.75,0.75,0.75,0.75,12750,510400
20220803,13:03,0.75,0.80,0.75,0.75,5050,511250
20220803,13:04,0.75,0.75,0.75,0.75,3600,511250
20220803,13:05,0.75,0.75,0.75,0.75,2200,511250
20220803,13:06,0.75,0.75,0.75,0.75,100,505650
20220803,13:07,0.80,0.80,0.75,0.75,6850,505650
20220803,13:08,0.75,0.75,0.70,0.75,10400,505650
20220803,13:10,0.70,0.70,0.70,0.70,1050,507150
20220803,13:14,0.70,0.70,0.70,0.70,3050,506850
20220803,13:15,0.70,0.70,0.70,0.70,600,506850
20220803,13:17,0.70,0.70,0.70,0.70,9250,507100
20220803,13:21,0.70,0.70,0.70,0.70,200,507100
20220803,13:22,0.70,0.70,0.70,0.70,550,505300
20220803,13:23,0.70,0.70,0.70,0.70,50,505300
20220803,13:24,0.70,0.70,0.70,0.70,100,505300
20220803,13:25,0.70,0.70,0.70,0.70,1400,505300
20220803,13:26,0.70,0.70,0.70,0.70,300,505300
20220803,13:27,0.70,0.70,0.70,0.70,2800,507100
20220803,13:31,0.70,0.70,0.70,0.70,6150,507100
20220803,13:32,0.75,0.75,0.75,0.75,200,507100
20220803,13:34,0.75,0.75,0.75,0.75,800,506900
20220803,13:35,0.75,0.75,0.75,0.75,1850,506900
20220803,13:40,0.75,0.75,0.75,0.75,3600,506500
20220803,13:41,0.75,0.75,0.75,0.75,8000,506500
20220803,13:42,0.75,0.75,0.70,0.70,4100,506550
20220803,13:43,0.80,0.80,0.75,0.80,17300,506550
20220803,13:44,0.80,0.80,0.75,0.75,25450,506550
20220803,13:45,0.75,0.80,0.75,0.80,12150,520550
20220803,13:46,0.80,0.80,0.80,0.80,5350,520550
20220803,13:47,0.80,0.80,0.80,0.80,1200,520550
20220803,13:48,0.85,0.85,0.85,0.85,400,521750
20220803,13:49,0.80,0.80,0.80,0.80,50,521750
20220803,13:50,0.80,0.80,0.80,0.80,3200,521750
20220803,13:51,0.80,0.80,0.75,0.80,2700,521600
20220803,13:52,0.80,0.80,0.75,0.80,1650,521600
20220803,13:53,0.80,0.80,0.80,0.80,2150,521600
20220803,13:54,0.75,0.75,0.75,0.75,50,522700
20220803,13:55,0.75,0.75,0.75,0.75,5700,522700
20220803,13:56,0.80,0.80,0.75,0.75,10500,522700
20220803,13:57,0.75,0.75,0.75,0.75,5250,514250
20220803,13:58,0.80,0.80,0.80,0.80,50,514250
20220803,13:59,0.80,0.80,0.80,0.80,500,514250
20220803,14:00,0.75,0.75,0.75,0.75,300,510200
20220803,14:02,0.80,0.80,0.80,0.80,1600,510200
20220803,14:04,0.75,0.75,0.75,0.75,3350,509750
20220803,14:05,0.75,0.75,0.75,0.75,1150,509750
20220803,14:07,0.75,0.85,0.75,0.75,13200,509750
20220803,14:08,0.85,0.85,0.80,0.80,21200,509750
20220803,14:09,0.80,0.80,0.75,0.75,7550,510650
20220803,14:10,0.80,0.85,0.80,0.80,5300,510650
20220803,14:11,0.80,0.85,0.80,0.85,3850,510650
20220803,14:12,0.85,0.85,0.80,0.85,1000,516800
20220803,14:13,0.85,0.85,0.80,0.80,1500,516800
20220803,14:14,0.85,0.85,0.80,0.80,150,516800
20220803,14:15,0.80,0.85,0.80,0.80,2650,518300
20220803,14:16,0.85,0.85,0.85,0.85,16100,518300
20220803,14:18,0.85,0.85,0.85,0.85,750,518400
20220803,14:19,0.85,0.85,0.85,0.85,10500,518400
20220803,14:20,0.80,0.80,0.80,0.80,10800,518400
20220803,14:21,0.80,0.80,0.80,0.80,6150,509950
20220803,14:22,0.80,0.80,0.80,0.80,50,509950
20220803,14:23,0.75,0.80,0.75,0.80,11800,509950
20220803,14:26,0.85,0.85,0.85,0.85,16850,509950
20220803,14:27,0.80,0.80,0.80,0.80,3400,515550
20220803,14:28,0.80,0.80,0.80,0.80,4850,515550
20220803,14:29,0.80,0.80,0.80,0.80,1200,515550
20220803,14:30,0.80,0.80,0.80,0.80,2800,515650
20220803,14:31,0.80,0.80,0.80,0.80,5800,515650
20220803,14:32,0.80,0.80,0.80,0.80,13400,515650
20220803,14:35,0.80,0.80,0.75,0.75,24750,512700
20220803,14:36,0.75,0.75,0.75,0.75,1750,500400
20220803,14:37,0.75,0.75,0.75,0.75,450,500400
20220803,14:38,0.80,0.80,0.75,0.80,3800,500400
20220803,14:39,0.75,0.75,0.75,0.75,100,500400
20220803,14:40,0.80,0.80,0.80,0.80,950,500200
20220803,14:42,0.80,0.80,0.80,0.80,5600,501100
20220803,14:43,0.80,0.80,0.80,0.80,6950,501100
20220803,14:44,0.80,0.85,0.80,0.80,8400,501100
20220803,14:45,0.75,0.80,0.75,0.80,8200,500950
20220803,14:46,0.80,0.80,0.80,0.80,4850,500950
20220803,14:47,0.80,0.80,0.80,0.80,2400,500950
20220803,14:48,0.75,0.75,0.75,0.75,800,500950
20220803,14:49,0.75,0.75,0.75,0.75,1800,502050
20220803,14:50,0.80,0.80,0.80,0.80,5600,502050
20220803,14:51,0.80,0.80,0.80,0.80,1400,502250
20220803,14:53,0.75,0.75,0.75,0.75,50,502250
20220803,14:54,0.75,0.75,0.70,0.70,8100,501650
20220803,14:55,0.70,0.75,0.70,0.75,7300,501650
20220803,14:56,0.75,0.75,0.70,0.70,8000,501650
20220803,14:57,0.70,0.75,0.70,0.75,4850,502300
20220803,14:58,0.75,0.75,0.75,0.75,50,502300
20220803,14:59,0.70,0.75,0.70,0.70,15100,502300
20220803,15:00,0.70,0.70,0.65,0.65,6200,501550
20220803,15:01,0.65,0.65,0.60,0.60,29000,501550
20220803,15:02,0.60,0.65,0.55,0.55,16800,501550
20220803,15:03,0.60,0.60,0.55,0.55,11800,500250
20220803,15:04,0.60,0.60,0.55,0.55,850,500250
20220803,15:05,0.60,0.60,0.55,0.55,7050,500250
20220803,15:06,0.60,0.60,0.50,0.50,13600,498900
20220803,15:07,0.50,0.55,0.50,0.50,11650,498900
20220803,15:08,0.55,0.55,0.50,0.50,31000,498900
20220803,15:09,0.50,0.55,0.45,0.50,18750,497800
20220803,15:10,0.50,0.55,0.50,0.50,3000,497800
20220803,15:11,0.55,0.55,0.55,0.55,11450,497800
20220803,15:12,0.50,0.55,0.50,0.50,11050,497300
20220803,15:13,0.50,0.50,0.50,0.50,3000,497300
20220803,15:14,0.50,0.55,0.50,0.55,10050,497300
20220803,15:15,0.50,0.55,0.50,0.55,15300,503300
20220803,15:16,0.50,0.55,0.50,0.50,12250,503300
20220803,15:17,0.50,0.55,0.50,0.55,2650,503300
20220803,15:18,0.55,0.55,0.50,0.50,6600,507800
20220803,15:19,0.50,0.55,0.45,0.50,18350,507800
20220803,15:20,0.55,0.60,0.55,0.55,21400,507800
20220803,15:21,0.50,0.60,0.50,0.60,15950,509500
20220803,15:22,0.55,0.55,0.50,0.50,2650,509500
20220803,15:23,0.60,0.60,0.50,0.55,20900,509500
20220803,15:24,0.50,0.55,0.50,0.50,5750,509500
20220803,15:25,0.55,0.55,0.50,0.50,3550,509300
20220803,15:26,0.60,0.60,0.40,0.40,24350,509300
20220803,15:27,0.40,0.40,0.30,0.30,10550,503400
20220803,15:28,0.30,0.35,0.30,0.30,25800,503400
20220803,15:29,0.35,0.35,0.20,0.30,44900,503400
20220804,09:15,0.40,0.50,0.25,0.50,43401,477250
20220804,09:16,0.50,0.50,0.35,0.35,59150,477250
20220804,09:17,0.40,0.45,0.35,0.35,60050,467250
20220804,09:18,0.35,0.50,0.35,0.50,58350,467250
20220804,09:19,0.50,0.55,0.45,0.55,41600,467250
20220804,09:20,0.55,0.70,0.55,0.65,50700,479850
20220804,09:21,0.65,0.70,0.60,0.60,41500,479850
20220804,09:22,0.60,0.65,0.60,0.60,22350,479850
20220804,09:23,0.55,0.60,0.50,0.55,23650,488450
20220804,09:24,0.60,0.65,0.50,0.60,48700,488450
20220804,09:25,0.60,0.60,0.55,0.55,17750,488450
20220804,09:26,0.55,0.55,0.50,0.50,7200,499600
20220804,09:27,0.55,0.55,0.50,0.50,22850,499600
20220804,09:28,0.50,0.55,0.45,0.45,6900,499600
20220804,09:29,0.50,0.55,0.45,0.50,41250,477100
20220804,09:30,0.50,0.55,0.50,0.55,9600,477100
20220804,09:31,0.50,0.50,0.50,0.50,4600,477100
20220804,09:32,0.45,0.50,0.45,0.45,14500,453800
20220804,09:33,0.50,0.50,0.45,0.45,9200,453800
20220804,09:34,0.45,0.60,0.45,0.50,29850,453800
20220804,09:35,0.45,0.50,0.45,0.45,1600,457650
20220804,09:36,0.50,0.50,0.50,0.50,50,457650
20220804,09:37,0.50,0.50,0.45,0.45,1150,457650
20220804,09:38,0.45,0.50,0.45,0.50,6300,457500
20220804,09:39,0.45,0.50,0.45,0.45,14200,457500
20220804,09:40,0.45,0.45,0.40,0.45,3950,457500
20220804,09:41,0.40,0.45,0.40,0.45,3700,452700
20220804,09:42,0.40,0.40,0.40,0.40,1200,452700
20220804,09:43,0.45,0.45,0.40,0.40,900,452700
20220804,09:46,0.40,0.40,0.40,0.40,1000,452400
20220804,09:47,0.40,0.45,0.40,0.40,1200,452750
20220804,09:48,0.40,0.40,0.40,0.40,14400,452750
20220804,09:49,0.35,0.40,0.35,0.35,4550,452750
20220804,09:50,0.40,0.40,0.35,0.40,1850,452750
20220804,09:51,0.40,0.40,0.35,0.35,5650,449400
20220804,09:52,0.35,0.40,0.35,0.35,2950,449400
20220804,09:53,0.40,0.40,0.35,0.35,3300,454850
20220804,09:54,0.35,0.40,0.30,0.35,8750,454850
20220804,09:55,0.35,0.35,0.35,0.35,19300,454850
20220804,09:56,0.40,0.40,0.35,0.35,700,471850
20220804,09:57,0.40,0.40,0.35,0.35,2500,471850
20220804,09:58,0.40,0.40,0.35,0.40,9350,471850
20220804,09:59,0.40,0.40,0.35,0.35,10250,471850
20220804,10:00,0.40,0.40,0.40,0.40,1400,465900
20220804,10:01,0.35,0.40,0.35,0.40,5200,465900
20220804,10:02,0.40,0.40,0.35,0.40,1650,465900
20220804,10:03,0.35,0.40,0.30,0.30,1850,463850
20220804,10:04,0.30,0.35,0.30,0.35,6800,463850
20220804,10:05,0.35,0.40,0.35,0.35,8350,463850
20220804,10:06,0.35,0.35,0.35,0.35,4000,464000
20220804,10:07,0.35,0.40,0.35,0.40,2950,464000
20220804,10:08,0.40,0.40,0.30,0.30,1650,464000
20220804,10:09,0.30,0.35,0.30,0.30,1150,462750
20220804,10:10,0.35,0.40,0.35,0.40,19700,462750
20220804,10:11,0.40,0.40,0.35,0.35,10600,462750
20220804,10:12,0.35,0.45,0.35,0.45,57850,471050
20220804,10:13,0.45,0.45,0.40,0.40,3450,471050
20220804,10:14,0.40,0.40,0.40,0.40,16450,484050
20220804,10:15,0.35,0.40,0.35,0.40,1200,484050
20220804,10:16,0.35,0.40,0.35,0.35,900,484050
20220804,10:17,0.40,0.40,0.35,0.35,150,484050
20220804,10:18,0.35,0.40,0.35,0.35,11100,481800
20220804,10:19,0.35,0.40,0.35,0.40,650,481800
20220804,10:20,0.40,0.40,0.35,0.40,7550,479900
20220804,10:21,0.35,0.35,0.35,0.35,1500,479900
20220804,10:22,0.35,0.40,0.35,0.40,2000,479900
20220804,10:23,0.40,0.40,0.35,0.35,3650,479900
20220804,10:24,0.35,0.35,0.35,0.35,500,475600
20220804,10:26,0.40,0.40,0.35,0.40,10100,477500
20220804,10:27,0.40,0.45,0.35,0.45,12550,477500
20220804,10:28,0.45,0.50,0.40,0.40,2650,477500
20220804,10:29,0.45,0.45,0.45,0.45,2500,475450
20220804,10:30,0.45,0.50,0.45,0.45,8750,475450
20220804,10:31,0.50,0.50,0.45,0.50,1050,475450
20220804,10:32,0.50,0.50,0.45,0.50,5600,480550
20220804,10:33,0.50,0.50,0.50,0.50,5350,480550
20220804,10:34,0.50,0.55,0.50,0.55,4750,480550
20220804,10:35,0.55,0.55,0.50,0.55,4050,482600
20220804,10:36,0.55,0.55,0.50,0.50,5100,482600
20220804,10:37,0.55,0.55,0.50,0.50,12800,482600
20220804,10:38,0.55,0.55,0.55,0.55,3000,477200
20220804,10:39,0.55,0.55,0.55,0.55,1200,477200
20220804,10:40,0.55,0.55,0.55,0.55,1550,477200
20220804,10:41,0.55,0.55,0.55,0.55,2850,477200
20220804,10:42,0.55,0.55,0.55,0.55,750,479550
20220804,10:43,0.55,0.60,0.55,0.60,14100,479550
20220804,10:44,0.60,0.60,0.60,0.60,1350,479550
20220804,10:45,0.60,0.60,0.55,0.55,150,482850
20220804,10:46,0.55,0.55,0.55,0.55,8200,482850
20220804,10:47,0.55,0.55,0.55,0.55,1850,481650
20220804,10:48,0.50,0.55,0.50,0.55,4850,481650
20220804,10:49,0.55,0.55,0.50,0.50,5250,481650
20220804,10:50,0.50,0.50,0.50,0.50,150,480850
20220804,10:51,0.45,0.45,0.45,0.45,50,480850
20220804,10:52,0.50,0.50,0.50,0.50,1050,480850
20220804,10:53,0.50,0.50,0.50,0.50,2100,480850
20220804,10:54,0.45,0.50,0.45,0.50,1550,479100
20220804,10:55,0.50,0.50,0.50,0.50,2250,479100
20220804,10:56,0.45,0.45,0.45,0.45,7700,479100
20220804,10:57,0.45,0.45,0.45,0.45,3550,475550
20220804,10:58,0.45,0.45,0.45,0.45,2100,475550
20220804,10:59,0.45,0.45,0.45,0.45,2400,471800
20220804,11:00,0.45,0.45,0.45,0.45,2400,471800
20220804,11:01,0.45,0.45,0.45,0.45,900,471800
20220804,11:02,0.45,0.50,0.45,0.45,3900,471800
20220804,11:03,0.50,0.50,0.45,0.45,1050,466800
20220804,11:04,0.45,0.45,0.45,0.45,100,466800
20220804,11:05,0.50,0.50,0.45,0.45,1550,465400
20220804,11:06,0.45,0.45,0.40,0.40,16300,465400
20220804,11:07,0.40,0.40,0.40,0.40,15050,465400
20220804,11:08,0.40,0.40,0.40,0.40,5100,480500
20220804,11:09,0.35,0.45,0.35,0.40,2800,480500
20220804,11:10,0.40,0.50,0.40,0.50,9850,480500
20220804,11:11,0.50,0.50,0.50,0.50,1150,480500
20220804,11:12,0.50,0.50,0.45,0.45,900,483900
20220804,11:13,0.45,0.45,0.40,0.45,7300,483900
20220804,11:14,0.45,0.50,0.40,0.45,7850,485900
20220804,11:15,0.45,0.55,0.45,0.55,15800,485900
20220804,11:16,0.55,0.60,0.55,0.60,23950,485900
20220804,11:17,0.60,0.80,0.55,0.75,34400,491950
20220804,11:18,0.80,0.80,0.70,0.80,12250,491950
20220804,11:19,0.80,0.95,0.80,0.90,26600,491950
20220804,11:20,0.95,1.00,0.90,0.95,15950,505200
20220804,11:21,0.95,1.00,0.85,0.85,16200,505200
20220804,11:22,0.85,0.85,0.65,0.70,15300,505200
20220804,11:23,0.70,0.75,0.65,0.65,18550,502100
20220804,11:24,0.65,0.70,0.55,0.55,15250,502100
20220804,11:25,0.60,0.65,0.50,0.60,12750,502100
20220804,11:26,0.60,0.65,0.55,0.65,15200,498050
20220804,11:27,0.65,0.65,0.60,0.65,12900,498050
20220804,11:28,0.65,0.65,0.60,0.65,13250,498050
20220804,11:29,0.70,0.80,0.65,0.80,15100,498050
20220804,11:30,0.80,0.80,0.75,0.80,10050,498350
20220804,11:31,0.80,0.80,0.75,0.80,5200,498350
20220804,11:32,0.80,0.90,0.80,0.85,9600,498350
20220804,11:33,0.85,0.85,0.80,0.85,11250,492400
20220804,11:34,0.85,0.85,0.75,0.75,15850,492400
20220804,11:35,0.75,0.80,0.55,0.70,51650,502600
20220804,11:36,0.70,0.75,0.50,0.50,12950,502600
20220804,11:37,0.50,0.50,0.50,0.50,5800,502600
20220804,11:38,0.55,0.55,0.55,0.55,1700,489550
20220804,11:39,0.55,0.60,0.55,0.60,6300,489550
20220804,11:40,0.60,0.70,0.60,0.70,8250,489550
20220804,11:41,0.70,0.70,0.65,0.70,2900,485900
20220804,11:42,0.65,0.70,0.60,0.60,15850,485900
20220804,11:43,0.60,0.60,0.55,0.60,6700,485900
20220804,11:44,0.55,0.65,0.55,0.60,13550,485900
20220804,11:45,0.60,0.70,0.60,0.60,8150,480500
20220804,11:46,0.60,0.65,0.55,0.55,22300,480500
20220804,11:47,0.55,0.55,0.50,0.50,12200,480500
20220804,11:48,0.45,0.55,0.45,0.50,12850,478650
20220804,11:49,0.55,0.55,0.45,0.45,18250,478650
20220804,11:50,0.45,0.45,0.40,0.40,23950,477200
20220804,11:51,0.40,0.40,0.35,0.35,18450,477200
20220804,11:52,0.40,0.40,0.30,0.30,14200,477200
20220804,11:53,0.30,0.35,0.25,0.25,22500,477200
20220804,11:54,0.30,0.30,0.25,0.25,17750,471900
20220804,11:55,0.25,0.30,0.25,0.25,7950,471900
20220804,11:56,0.25,0.25,0.20,0.20,14950,471900
20220804,11:57,0.20,0.25,0.20,0.25,8300,464500
20220804,11:58,0.25,0.25,0.20,0.25,16400,464500
20220804,11:59,0.30,0.35,0.25,0.30,36500,457150
20220804,12:00,0.35,0.35,0.30,0.35,22750,457150
20220804,12:01,0.35,0.35,0.35,0.35,1650,457150
20220804,12:02,0.35,0.35,0.30,0.30,4550,457150
20220804,12:03,0.35,0.40,0.30,0.40,17850,457300
20220804,12:04,0.40,0.45,0.40,0.40,2750,457300
20220804,12:05,0.45,0.50,0.40,0.50,11600,457300
20220804,12:06,0.45,0.50,0.45,0.50,4800,458850
20220804,12:07,0.50,0.50,0.45,0.50,4600,458850
20220804,12:08,0.50,0.50,0.45,0.45,4150,458850
20220804,12:09,0.50,0.55,0.50,0.55,13500,458250
20220804,12:10,0.55,0.65,0.55,0.65,21650,458250
20220804,12:11,0.60,0.65,0.60,0.60,9850,458250
20220804,12:12,0.55,0.55,0.55,0.55,5750,457700
20220804,12:13,0.55,0.60,0.55,0.55,2750,457700
20220804,12:15,0.55,0.55,0.55,0.55,2900,457150
20220804,12:16,0.55,0.60,0.55,0.55,5350,457150
20220804,12:17,0.55,0.55,0.50,0.50,5750,458650
20220804,12:18,0.55,0.60,0.55,0.55,14450,458650
20220804,12:19,0.55,0.60,0.55,0.60,9250,458650
20220804,12:20,0.60,0.65,0.55,0.60,29200,458650
20220804,12:21,0.55,0.55,0.55,0.55,1000,465000
20220804,12:22,0.55,0.55,0.50,0.55,1200,465000
20220804,12:23,0.50,0.55,0.50,0.50,11700,465000
20220804,12:24,0.50,0.50,0.45,0.45,11100,464800
20220804,12:25,0.45,0.50,0.45,0.45,500,464800
20220804,12:26,0.45,0.50,0.45,0.50,3150,464800
20220804,12:27,0.50,0.50,0.45,0.50,2650,466700
20220804,12:28,0.50,0.50,0.50,0.50,250,466700
20220804,12:29,0.50,0.50,0.50,0.50,3600,466700
20220804,12:30,0.50,0.50,0.50,0.50,1650,465300
20220804,12:31,0.50,0.50,0.50,0.50,400,465300
20220804,12:32,0.55,0.55,0.45,0.45,4300,465300
20220804,12:33,0.45,0.50,0.45,0.50,1650,465350
20220804,12:34,0.50,0.50,0.50,0.50,6150,465350
20220804,12:35,0.50,0.50,0.50,0.50,200,465350
20220804,12:38,0.50,0.50,0.50,0.50,4700,462550
20220804,12:39,0.50,0.50,0.50,0.50,700,465850
20220804,12:40,0.50,0.50,0.45,0.45,500,465850
20220804,12:41,0.50,0.50,0.50,0.50,2000,465850
20220804,12:43,0.45,0.45,0.45,0.45,350,467650
20220804,12:44,0.50,0.50,0.45,0.45,6000,467650
20220804,12:45,0.45,0.50,0.40,0.45,6600,465800
20220804,12:46,0.50,0.50,0.45,0.45,2700,465800
20220804,12:47,0.45,0.45,0.45,0.45,5900,465800
20220804,12:48,0.50,0.50,0.45,0.45,150,461250
20220804,12:49,0.50,0.50,0.50,0.50,19950,461250
20220804,12:50,0.45,0.45,0.45,0.45,350,461250
20220804,12:51,0.45,0.45,0.45,0.45,6300,466150
20220804,12:52,0.40,0.40,0.40,0.40,1450,466150
20220804,12:53,0.45,0.45,0.40,0.45,2350,466150
20220804,12:54,0.40,0.45,0.40,0.40,1750,460550
20220804,12:55,0.40,0.45,0.40,0.40,1650,460550
20220804,12:56,0.45,0.45,0.45,0.45,200,460550
20220804,12:57,0.45,0.45,0.45,0.45,600,463100
20220804,12:58,0.45,0.45,0.45,0.45,250,463100
20220804,12:59,0.45,0.45,0.40,0.45,4200,463100
20220804,13:00,0.45,0.45,0.45,0.45,100,463100
20220804,13:01,0.40,0.45,0.40,0.45,1550,460450
20220804,13:02,0.45,0.45,0.45,0.45,1150,460450
20220804,13:03,0.45,0.45,0.45,0.45,5000,460800
20220804,13:04,0.45,0.45,0.45,0.45,650,460800
20220804,13:05,0.40,0.45,0.40,0.40,3650,460800
20220804,13:06,0.45,0.45,0.40,0.40,6650,459400
20220804,13:07,0.40,0.40,0.35,0.35,3750,459400
20220804,13:08,0.35,0.35,0.35,0.35,50,459400
20220804,13:09,0.40,0.40,0.40,0.40,2000,459250
20220804,13:10,0.35,0.35,0.30,0.30,18550,459250
20220804,13:11,0.30,0.30,0.30,0.30,5750,459250
20220804,13:12,0.30,0.30,0.25,0.30,7900,455150
20220804,13:13,0.25,0.25,0.25,0.25,4400,455150
20220804,13:14,0.25,0.25,0.25,0.25,4400,455150
20220804,13:15,0.25,0.25,0.20,0.20,4150,452550
20220804,13:16,0.20,0.20,0.20,0.20,2850,452550
20220804,13:17,0.25,0.25,0.20,0.20,1250,452550
20220804,13:18,0.20,0.25,0.20,0.20,1450,452150
20220804,13:19,0.20,0.25,0.20,0.25,250,452150
20220804,13:20,0.25,0.25,0.20,0.20,9050,452150
20220804,13:21,0.25,0.25,0.25,0.25,50,452150
20220804,13:22,0.25,0.25,0.20,0.20,1550,452400
20220804,13:23,0.25,0.25,0.20,0.25,1900,452400
20220804,13:24,0.25,0.25,0.20,0.25,1400,452050
20220804,13:25,0.20,0.20,0.20,0.20,2150,452050
20220804,13:26,0.20,0.25,0.20,0.20,2400,452050
20220804,13:27,0.20,0.20,0.20,0.20,2350,452900
20220804,13:28,0.20,0.20,0.20,0.20,2750,452900
20220804,13:29,0.20,0.20,0.15,0.15,1500,452900
20220804,13:30,0.15,0.20,0.15,0.20,250,452750
20220804,13:31,0.20,0.20,0.20,0.20,700,452750
20220804,13:32,0.20,0.20,0.20,0.20,1850,452750
20220804,13:33,0.20,0.20,0.20,0.20,100,452150
20220804,13:34,0.20,0.20,0.20,0.20,500,452150
20220804,13:35,0.15,0.20,0.15,0.20,7600,452150
20220804,13:36,0.15,0.15,0.15,0.15,2300,455150
20220804,13:37,0.15,0.15,0.15,0.15,500,455150
20220804,13:38,0.15,0.20,0.15,0.20,2450,455150
20220804,13:40,0.20,0.20,0.15,0.15,1250,454800
20220804,13:41,0.15,0.15,0.15,0.15,1000,454800
20220804,13:42,0.20,0.20,0.15,0.15,950,453250
20220804,13:44,0.15,0.15,0.15,0.15,500,453250
20220804,13:45,0.20,0.20,0.20,0.20,250,452700
20220804,13:46,0.15,0.15,0.15,0.15,300,452700
20220804,13:47,0.15,0.15,0.15,0.15,1000,452700
20220804,13:48,0.20,0.20,0.20,0.20,50,452550
20220804,13:50,0.15,0.15,0.15,0.15,1050,452550
20220804,13:53,0.20,0.20,0.20,0.20,10650,452550
20220804,13:54,0.20,0.20,0.15,0.15,4900,461100
20220804,13:55,0.15,0.15,0.15,0.15,4600,461100
20220804,13:56,0.15,0.15,0.15,0.15,150,461100
20220804,13:57,0.15,0.15,0.10,0.10,1900,457550
20220804,13:58,0.10,0.10,0.10,0.10,350,457550
20220804,13:59,0.10,0.15,0.10,0.15,300,457550
20220804,14:00,0.15,0.15,0.10,0.10,2200,457050
20220804,14:01,0.10,0.15,0.10,0.15,7400,457050
20220804,14:02,0.15,0.20,0.10,0.20,10950,457050
20220804,14:03,0.20,0.25,0.20,0.25,6250,455300
20220804,14:04,0.25,0.25,0.20,0.20,800,455300
20220804,14:05,0.20,0.30,0.20,0.25,11200,455300
20220804,14:06,0.20,0.25,0.20,0.20,6250,460050
20220804,14:07,0.20,0.20,0.20,0.20,2950,460050
20220804,14:08,0.20,0.20,0.20,0.20,300,460050
20220804,14:09,0.20,0.25,0.20,0.25,750,460750
20220804,14:11,0.25,0.25,0.25,0.25,400,460750
20220804,14:12,0.20,0.20,0.20,0.20,3500,463450
20220804,14:13,0.20,0.20,0.20,0.20,200,463450
20220804,14:14,0.20,0.25,0.20,0.20,5500,463450
20220804,14:15,0.20,0.25,0.20,0.20,2600,463850
20220804,14:16,0.20,0.20,0.20,0.20,500,463850
20220804,14:17,0.25,0.25,0.20,0.20,400,463850
20220804,14:18,0.25,0.25,0.25,0.25,400,464450
20220804,14:19,0.20,0.25,0.20,0.20,2450,464450
20220804,14:20,0.20,0.20,0.15,0.15,1350,464450
20220804,14:21,0.20,0.20,0.15,0.15,2850,465300
20220804,14:22,0.15,0.15,0.15,0.15,1550,465300
20220804,14:23,0.15,0.15,0.15,0.15,750,465300
20220804,14:24,0.15,0.15,0.15,0.15,4450,465300
20220804,14:25,0.10,0.15,0.10,0.15,3200,462450
20220804,14:26,0.10,0.15,0.10,0.15,14050,462450
20220804,14:27,0.15,0.15,0.10,0.15,3150,459050
20220804,14:28,0.15,0.15,0.10,0.10,23150,459050
20220804,14:29,0.10,0.15,0.10,0.10,14500,459050
20220804,14:30,0.05,0.10,0.05,0.10,9200,452350
20220804,14:31,0.10,0.10,0.05,0.10,6500,452350
20220804,14:32,0.10,0.10,0.05,0.10,7800,452350
20220804,14:33,0.10,0.10,0.05,0.05,1950,452400
20220804,14:34,0.10,0.10,0.10,0.10,950,452400
20220804,14:35,0.05,0.05,0.05,0.05,1850,452400
20220804,14:36,0.10,0.10,0.05,0.05,4800,452400
20220804,14:37,0.05,0.10,0.05,0.10,2050,452400
20220804,14:38,0.10,0.10,0.05,0.10,5550,452400
20220804,14:39,0.10,0.10,0.05,0.10,4400,450400
20220804,14:40,0.05,0.10,0.05,0.05,14500,450400
20220804,14:41,0.05,0.10,0.05,0.10,27000,450400
20220804,14:42,0.05,0.10,0.05,0.10,27750,450350
20220804,14:43,0.05,0.15,0.05,0.10,14100,450350
20220804,14:44,0.10,0.10,0.05,0.10,25150,450350
20220804,14:45,0.05,0.15,0.05,0.05,20600,447150
20220804,14:46,0.10,0.10,0.05,0.05,25450,447150
20220804,14:47,0.10,0.15,0.05,0.10,20800,447150
20220804,14:48,0.10,0.10,0.05,0.10,6000,447450
20220804,14:49,0.10,0.10,0.10,0.10,6500,447450
20220804,14:50,0.05,0.10,0.05,0.10,4700,447450
20220804,14:51,0.10,0.10,0.05,0.10,9900,439300
20220804,14:52,0.10,0.15,0.05,0.05,6750,439300
20220804,14:53,0.15,0.15,0.10,0.10,800,439300
20220804,14:54,0.10,0.15,0.05,0.15,11750,434250
20220804,14:55,0.10,0.15,0.10,0.15,550,434250
20220804,14:56,0.10,0.15,0.05,0.10,5750,434250
20220804,14:58,0.10,0.10,0.05,0.05,4800,430350
20220804,14:59,0.05,0.15,0.05,0.15,3350,430350
20220804,15:00,0.15,0.15,0.15,0.15,200,430350
20220804,15:01,0.05,0.05,0.05,0.05,1450,430350
20220804,15:02,0.05,0.15,0.05,0.05,4350,430350
20220804,15:03,0.05,0.10,0.05,0.10,7150,430350
20220804,15:04,0.05,0.05,0.05,0.05,800,430350
20220804,15:05,0.10,0.10,0.05,0.05,4750,430350
20220804,15:06,0.05,0.05,0.05,0.05,2600,430350
20220804,15:07,0.10,0.10,0.05,0.05,5150,419850
20220804,15:08,0.05,0.15,0.05,0.05,5050,419850
20220804,15:09,0.10,0.15,0.05,0.15,14300,419850
20220804,15:10,0.15,0.15,0.10,0.10,1250,419800
20220804,15:11,0.05,0.10,0.05,0.10,4350,419800
20220804,15:12,0.05,0.05,0.05,0.05,5700,419800
20220804,15:13,0.10,0.10,0.10,0.10,600,415400
20220804,15:14,0.10,0.10,0.05,0.05,4400,415400
20220804,15:15,0.05,0.10,0.05,0.05,3850,415400
20220804,15:16,0.05,0.10,0.05,0.10,4850,414950
20220804,15:17,0.10,0.10,0.10,0.10,550,414950
20220804,15:18,0.05,0.10,0.05,0.10,900,414950
20220804,15:19,0.10,0.10,0.10,0.10,1600,414950
20220804,15:20,0.05,0.10,0.05,0.05,5250,414050
20220804,15:21,0.05,0.10,0.05,0.05,4400,414050
20220804,15:22,0.05,0.05,0.05,0.05,750,411700
20220804,15:23,0.05,0.05,0.05,0.05,2250,411700
20220804,15:25,0.05,0.05,0.05,0.05,1200,411700
20220804,15:27,0.05,0.05,0.05,0.05,50,411150
