20220217,14:15,1996.00,1996.00,1996.00,1996.00,51,50
20220217,14:37,2025.00,2025.00,2025.00,2025.00,50,50
20220217,14:44,2025.00,2025.00,2025.00,2025.00,50,50
20220218,11:14,2025.00,2025.00,2025.00,2025.00,51,150
20220218,12:10,2035.00,2035.00,2035.00,2035.00,50,200
20220221,10:28,1859.00,1859.00,1859.00,1859.00,51,250
20220221,10:55,1908.00,1908.00,1908.00,1908.00,50,250
20220221,11:14,1920.00,1920.00,1920.00,1920.00,50,300
20220221,11:18,1960.00,1960.00,1960.00,1960.00,50,350
20220221,11:54,1960.00,1960.00,1960.00,1960.00,50,400
20220221,13:09,2020.00,2020.00,2020.00,2020.00,50,400
20220221,13:10,2020.00,2020.00,2020.00,2020.00,50,400
20220221,14:04,2020.00,2020.00,2020.00,2020.00,50,500
20220221,14:11,1940.00,1940.00,1940.00,1940.00,100,500
20220221,14:55,1915.00,1915.00,1915.00,1915.00,50,600
20220222,09:15,1870.00,1870.00,1870.00,1870.00,51,600
20220222,09:21,1711.70,1711.70,1711.70,1711.70,50,650
20220222,09:52,1681.10,1681.10,1681.10,1681.10,250,650
20220222,09:53,1700.85,1700.85,1700.85,1700.85,250,900
20220222,11:02,1717.35,1717.35,1717.35,1717.35,50,1150
20220222,11:03,1722.90,1722.90,1722.90,1722.90,50,1150
20220222,11:04,1723.70,1723.70,1723.70,1723.70,50,1150
20220222,11:26,1738.05,1738.05,1738.05,1738.05,100,1150
20220222,11:28,1739.00,1739.00,1739.00,1739.00,50,1150
20220222,11:35,1739.00,1739.00,1739.00,1739.00,100,1150
20220222,13:11,1680.00,1680.00,1680.00,1680.00,50,1150
20220223,09:40,1870.00,1870.00,1869.00,1869.00,102,1200
20220223,09:44,1857.25,1857.25,1857.25,1857.25,100,1200
20220223,10:42,1847.20,1847.20,1847.20,1847.20,50,1200
20220223,10:56,1847.20,1847.20,1847.20,1847.20,50,1200
20220223,12:39,1850.00,1850.00,1850.00,1850.00,50,1200
20220224,09:20,1527.70,1550.00,1527.70,1550.00,352,1200
20220224,09:28,1533.40,1533.40,1533.40,1533.40,250,1450
20220224,09:33,1514.55,1514.55,1514.55,1514.55,100,1700
20220224,09:34,1493.40,1493.40,1493.40,1493.40,50,1700
20220224,09:37,1477.45,1477.45,1477.45,1477.45,50,1700
20220224,09:40,1469.05,1469.05,1469.05,1469.05,50,1700
20220224,09:41,1469.05,1469.05,1469.00,1469.00,100,1700
20220224,09:50,1400.00,1400.00,1400.00,1400.00,100,1700
20220224,09:54,1397.15,1397.15,1397.15,1397.15,100,1800
20220224,09:55,1397.05,1406.40,1397.05,1403.05,350,1800
20220224,10:00,1403.90,1403.90,1403.90,1403.90,50,2250
20220224,10:03,1025.05,1025.05,1025.05,1025.05,50,2300
20220224,10:04,1025.05,1410.00,1025.05,1410.00,150,2300
20220224,10:05,1412.15,1412.15,1412.15,1412.15,50,2450
20220224,10:12,1400.00,1400.00,1400.00,1400.00,50,2500
20220224,10:13,1400.00,1400.00,1400.00,1400.00,50,2500
20220224,10:15,1417.75,1417.75,1417.75,1417.75,50,2600
20220224,10:19,1426.30,1426.30,1426.30,1426.30,50,2650
20220224,10:22,1437.10,1437.10,1437.10,1437.10,50,2700
20220224,10:24,1450.00,1450.00,1450.00,1450.00,100,2750
20220224,10:26,1445.00,1445.00,1445.00,1445.00,100,2750
20220224,10:27,1450.00,1450.00,1450.00,1450.00,50,2900
20220224,11:04,1420.00,1420.00,1420.00,1420.00,50,2950
20220224,11:58,1420.00,1420.00,1420.00,1420.00,50,3000
20220224,12:53,1335.00,1335.00,1335.00,1335.00,200,3000
20220224,13:24,1350.00,1350.00,1350.00,1350.00,100,3000
20220224,13:25,1319.75,1319.75,1319.75,1319.75,50,3000
20220224,13:28,1320.00,1320.00,1320.00,1320.00,50,3050
20220224,13:32,1302.00,1302.00,1301.05,1301.05,250,3100
20220224,13:53,1372.60,1372.60,1372.60,1372.60,50,3300
20220224,13:57,1369.15,1369.15,1369.15,1369.15,50,3350
20220224,14:04,1333.65,1333.65,1333.65,1333.65,50,3400
20220224,14:05,1317.70,1317.70,1317.70,1317.70,50,3400
20220224,14:12,1311.00,1311.00,1311.00,1311.00,50,3450
20220224,14:24,1300.00,1300.00,1300.00,1300.00,50,3450
20220224,14:32,1269.00,1269.00,1269.00,1269.00,50,3450
20220224,14:35,1265.00,1265.00,1265.00,1265.00,50,3450
20220224,14:59,1249.65,1249.65,1249.65,1249.65,50,3550
20220224,15:00,1240.00,1240.00,1240.00,1240.00,100,3600
20220224,15:05,1206.60,1206.60,1206.60,1206.60,50,3600
20220224,15:09,1200.00,1209.45,1200.00,1209.45,100,3550
20220224,15:10,1210.00,1210.00,1210.00,1210.00,50,3550
20220224,15:15,1200.00,1200.00,1200.00,1200.00,50,3600
20220224,15:16,1199.95,1199.95,1185.30,1185.30,350,3650
20220224,15:18,1173.10,1173.10,1173.10,1173.10,50,4000
20220224,15:22,1176.00,1176.00,1176.00,1176.00,150,4050
20220224,15:23,1180.00,1180.00,1180.00,1180.00,100,4050
20220224,15:24,1170.00,1170.00,1170.00,1170.00,200,4300
20220224,15:25,1159.30,1159.30,1159.30,1159.30,50,4300
20220224,15:26,1153.55,1153.55,1153.55,1153.55,150,4300
20220224,15:28,1155.05,1157.65,1155.05,1157.65,150,4700
20220225,09:15,1286.00,1298.80,1286.00,1298.80,101,4750
20220225,09:17,1298.80,1298.80,1298.80,1298.80,50,4850
20220225,09:18,1325.90,1325.90,1230.00,1230.00,200,4850
20220225,09:19,1339.35,1339.35,1339.35,1339.35,50,4850
20220225,09:20,1358.25,1358.25,1358.25,1358.25,100,4850
20220225,09:23,1062.80,1364.45,1062.80,1347.05,700,5050
20220225,09:24,1344.00,1353.40,1344.00,1353.40,600,5050
20220225,09:25,1357.30,1374.85,1357.30,1374.85,450,5050
20220225,09:26,1380.00,1380.00,1380.00,1380.00,100,5850
20220225,09:33,1383.70,1383.70,1383.70,1383.70,100,5850
20220225,09:34,1391.45,1391.45,1391.45,1391.45,50,5850
20220225,09:35,1394.95,1394.95,1394.85,1394.85,150,5950
20220225,09:40,1380.00,1380.00,1380.00,1380.00,50,5950
20220225,09:41,1400.00,1400.00,1400.00,1400.00,50,5900
20220225,09:43,1400.00,1400.00,1400.00,1400.00,50,5900
20220225,09:44,1400.55,1400.55,1400.55,1400.55,150,5800
20220225,09:45,1406.90,1406.90,1406.90,1406.90,150,5800
20220225,09:46,1414.85,1414.85,1414.85,1414.85,200,5800
20220225,09:50,1424.05,1424.05,1424.05,1424.05,50,5800
20220225,09:51,1431.25,1431.25,1431.25,1431.25,50,5800
20220225,09:55,1431.25,1431.25,1431.25,1431.25,50,5700
20220225,09:58,1425.15,1425.15,1405.30,1405.30,100,5700
20220225,10:00,1424.70,1424.70,1424.70,1424.70,100,5750
20220225,10:13,1410.00,1410.00,1410.00,1410.00,50,5750
20220225,10:17,1425.00,1425.00,1425.00,1425.00,50,5700
20220225,10:18,1415.00,1415.00,1412.60,1412.60,100,5700
20220225,10:20,1400.00,1400.00,1399.60,1399.60,150,5800
20220225,10:37,1450.00,1450.00,1450.00,1450.00,150,5800
20220225,10:39,1480.00,1483.75,1480.00,1483.75,100,5800
20220225,10:47,1485.00,1485.00,1485.00,1485.00,50,5750
20220225,10:48,1499.95,1499.95,1499.95,1499.95,50,5800
20220225,10:49,1499.95,1499.95,1499.95,1499.95,50,5800
20220225,10:52,1470.00,1492.75,1470.00,1492.75,1300,5800
20220225,11:02,1475.00,1475.00,1475.00,1475.00,150,6400
20220225,11:08,1465.95,1465.95,1465.95,1465.95,50,6400
20220225,11:12,1480.00,1482.05,1480.00,1482.05,100,6400
20220225,11:21,1480.05,1480.05,1480.00,1480.00,200,6350
20220225,11:56,1464.60,1464.60,1464.60,1464.60,50,6250
20220225,12:01,1459.85,1459.85,1459.85,1459.85,400,6250
20220225,12:02,1457.15,1457.15,1454.95,1454.95,250,6250
20220225,12:12,1440.85,1440.85,1438.35,1438.35,450,6750
20220225,13:41,1400.00,1400.00,1400.00,1400.00,50,7150
20220225,13:56,1404.15,1404.15,1404.15,1404.15,50,7200
20220225,15:00,1424.35,1450.00,1424.35,1450.00,100,7200
20220225,15:14,1415.00,1415.00,1415.00,1415.00,200,7250
20220225,15:16,1415.00,1415.00,1415.00,1415.00,300,7450
20220225,15:21,1415.40,1415.40,1410.30,1410.30,200,7550
20220228,09:18,1290.00,1290.00,1290.00,1290.00,101,7400
20220228,09:20,1280.00,1280.00,1280.00,1280.00,100,7400
20220228,09:25,1251.00,1251.00,1251.00,1251.00,100,7500
20220228,09:26,1233.95,1233.95,1233.95,1233.95,100,7500
20220228,09:29,1263.60,1263.60,1263.60,1263.60,50,7450
20220228,09:35,1263.60,1263.60,1263.60,1263.60,50,7450
20220228,09:51,1298.30,1298.30,1298.30,1298.30,50,7450
20220228,10:33,1330.00,1330.00,1330.00,1330.00,150,7400
20220228,10:38,1359.75,1359.75,1359.75,1359.75,50,7400
20220228,11:48,1435.00,1435.00,1435.00,1435.00,50,7450
20220228,11:58,1480.00,1480.00,1480.00,1480.00,50,7450
20220228,12:00,1480.00,1480.00,1480.00,1480.00,50,7450
20220228,12:08,1500.00,1500.00,1500.00,1500.00,50,7450
20220228,12:09,1500.00,1500.00,1500.00,1500.00,50,7450
20220228,12:12,1500.00,1500.00,1500.00,1500.00,50,7450
20220228,12:33,1503.00,1503.00,1503.00,1503.00,100,7450
20220228,12:35,1519.05,1519.05,1519.05,1519.05,50,7450
20220228,13:00,1519.05,1519.05,1519.05,1519.05,50,7500
20220228,13:29,1500.05,1500.05,1500.05,1500.05,100,7550
20220228,13:32,1499.80,1499.80,1499.80,1499.80,100,7500
20220228,14:19,1474.25,1474.25,1474.25,1474.25,50,7400
20220228,14:22,1500.00,1500.00,1500.00,1500.00,50,7350
20220228,15:01,1560.00,1560.00,1560.00,1560.00,50,7350
20220228,15:02,1560.00,1560.00,1560.00,1560.00,50,7350
20220228,15:04,1579.00,1579.00,1579.00,1579.00,50,7350
20220228,15:10,1579.00,1579.00,1579.00,1579.00,50,7350
20220302,09:18,1440.00,1440.00,1440.00,1440.00,101,7350
20220302,10:03,1396.00,1396.00,1396.00,1396.00,50,7250
20220302,10:55,1396.00,1396.00,1396.00,1396.00,50,7250
20220302,11:08,1410.00,1410.00,1410.00,1410.00,50,7250
20220302,12:06,1355.00,1355.00,1355.00,1355.00,50,7200
20220302,12:25,1355.00,1355.00,1355.00,1355.00,200,7200
20220302,12:33,1346.10,1346.10,1346.10,1346.10,50,7000
20220302,12:36,1346.10,1346.10,1346.10,1346.10,50,7000
20220302,12:38,1338.90,1338.90,1338.90,1338.90,300,7000
20220302,12:39,1338.90,1338.90,1338.90,1338.90,50,7000
20220302,12:45,1331.50,1331.50,1331.50,1331.50,600,6850
20220302,12:54,1331.50,1331.50,1331.50,1331.50,50,6350
20220302,13:13,1387.45,1387.45,1387.45,1387.45,50,6400
20220302,13:56,1385.00,1385.00,1385.00,1385.00,100,6400
20220302,13:57,1390.00,1390.00,1390.00,1390.00,100,6300
20220302,14:12,1360.00,1360.00,1360.00,1360.00,100,6200
20220302,14:13,1360.95,1360.95,1360.95,1360.95,50,6200
20220302,14:33,1358.85,1358.85,1358.85,1358.85,100,6300
20220302,14:38,1340.00,1340.00,1340.00,1340.00,500,6400
20220302,15:01,1400.00,1400.00,1400.00,1400.00,50,6400
20220302,15:02,1400.15,1400.15,1400.15,1400.15,50,6400
20220302,15:20,1440.00,1440.00,1440.00,1440.00,150,6300
20220302,15:22,1424.35,1424.35,1424.35,1424.35,50,6300
20220302,15:29,1424.35,1424.35,1424.35,1424.35,50,6300
20220303,09:28,1467.75,1467.75,1467.75,1467.75,51,6300
20220303,09:37,1465.20,1465.20,1443.05,1443.05,200,6300
20220303,09:39,1438.05,1438.05,1438.05,1438.05,50,6350
20220303,09:49,1431.85,1431.85,1431.85,1431.85,50,6400
20220303,10:11,1404.55,1404.55,1404.55,1404.55,100,6450
20220303,10:14,1404.55,1404.55,1404.55,1404.55,50,6450
20220303,10:22,1405.00,1405.00,1405.00,1405.00,50,6450
20220303,10:23,1418.60,1418.60,1418.60,1418.60,50,6450
20220303,10:30,1405.00,1405.00,1405.00,1405.00,50,6500
20220303,10:39,1440.00,1440.00,1440.00,1440.00,50,6550
20220303,10:52,1415.00,1415.00,1400.00,1400.00,100,6550
20220303,11:10,1400.00,1400.00,1400.00,1400.00,50,6650
20220303,11:32,1432.60,1432.60,1432.60,1432.60,50,6700
20220303,12:38,1340.00,1340.00,1340.00,1340.00,50,6650
20220303,12:39,1340.00,1340.00,1340.00,1340.00,50,6700
20220303,12:42,1360.00,1360.00,1360.00,1360.00,50,6750
20220303,12:53,1380.00,1380.00,1380.00,1380.00,50,6800
20220303,12:55,1360.00,1360.00,1360.00,1360.00,300,6850
20220303,12:56,1360.00,1360.00,1360.00,1360.00,200,6850
20220303,13:01,1324.75,1324.75,1324.75,1324.75,50,6850
20220303,13:15,1324.75,1324.75,1324.75,1324.75,50,6900
20220303,13:30,1315.00,1315.00,1315.00,1315.00,50,6950
20220303,13:43,1315.00,1315.00,1315.00,1315.00,50,6900
20220303,14:11,1334.70,1334.70,1334.70,1334.70,100,6950
20220303,14:24,1350.00,1350.00,1350.00,1350.00,50,6950
20220303,14:25,1351.55,1351.55,1351.55,1351.55,300,6950
20220303,14:26,1351.55,1351.55,1351.55,1351.55,50,6950
20220303,14:27,1351.55,1351.55,1351.55,1351.55,50,7200
20220303,14:29,1351.55,1351.55,1351.55,1351.55,50,7200
20220303,14:31,1351.55,1351.55,1351.55,1351.55,50,7200
20220303,14:52,1325.00,1325.00,1325.00,1325.00,250,7200
20220303,15:00,1318.00,1318.00,1318.00,1318.00,50,6950
20220303,15:01,1300.00,1300.00,1300.00,1300.00,50,6950
20220303,15:17,1300.00,1300.00,1300.00,1300.00,50,7000
20220303,15:23,1350.00,1350.00,1350.00,1350.00,50,6950
20220304,09:15,1200.00,1200.00,1200.00,1200.00,51,6900
20220304,09:16,1181.00,1181.00,1181.00,1181.00,50,6900
20220304,09:25,1160.00,1160.00,1160.00,1160.00,50,6900
20220304,09:26,1160.00,1187.00,1160.00,1185.00,150,7000
20220304,09:33,1169.00,1169.00,1169.00,1169.00,50,7000
20220304,09:36,1175.00,1175.00,1175.00,1175.00,50,7000
20220304,09:55,1150.00,1150.00,1150.00,1150.00,50,7050
20220304,09:56,1150.00,1150.00,1150.00,1150.00,50,7100
20220304,09:57,1148.80,1148.80,1148.80,1148.80,50,7100
20220304,09:58,1148.80,1155.95,1148.80,1155.95,150,7100
20220304,09:59,1154.95,1154.95,1154.95,1154.95,50,7100
20220304,10:00,1155.00,1155.00,1155.00,1155.00,100,7350
20220304,10:16,1118.95,1118.95,1118.95,1118.95,50,7250
20220304,10:17,1116.00,1116.00,1116.00,1116.00,50,7200
20220304,10:21,1116.00,1116.00,1116.00,1116.00,50,7200
20220304,10:22,1117.00,1117.00,1117.00,1117.00,50,7200
20220304,10:24,1106.00,1106.00,1106.00,1106.00,50,7200
20220304,10:25,1101.00,1101.00,1101.00,1101.00,50,7200
20220304,10:29,1101.00,1101.00,1101.00,1101.00,50,7200
20220304,10:35,1091.00,1091.00,1091.00,1091.00,50,7200
20220304,10:40,1091.00,1091.00,1091.00,1091.00,50,7200
20220304,10:41,1113.00,1113.00,1113.00,1113.00,50,7250
20220304,10:42,1115.00,1115.00,1115.00,1115.00,50,7250
20220304,10:47,1107.00,1107.00,1107.00,1107.00,50,7250
20220304,10:48,1107.00,1110.00,1107.00,1110.00,650,7250
20220304,10:51,1120.00,1120.00,1120.00,1120.00,1200,6900
20220304,10:52,1113.00,1113.00,1113.00,1113.00,50,6900
20220304,10:55,1100.00,1100.00,1095.00,1095.00,100,5950
20220304,10:56,1089.95,1089.95,1089.95,1089.95,300,6000
20220304,11:01,1075.05,1075.05,1075.05,1075.05,50,6000
20220304,11:07,1075.05,1075.05,1075.05,1075.05,50,6000
20220304,11:11,1076.00,1076.00,1076.00,1076.00,50,6050
20220304,11:12,1076.00,1076.00,1076.00,1076.00,100,6050
20220304,11:13,1085.25,1085.25,1085.25,1085.25,100,6050
20220304,11:14,1080.05,1080.05,1080.05,1080.05,50,6050
20220304,11:15,1075.00,1075.00,1075.00,1075.00,50,6050
20220304,11:16,1075.00,1075.00,1075.00,1075.00,50,6050
20220304,11:30,1122.00,1122.00,1122.00,1122.00,150,6050
20220304,11:34,1119.95,1119.95,1119.95,1119.95,50,6200
20220304,11:59,1150.00,1150.00,1150.00,1150.00,50,6250
20220304,12:41,1200.00,1200.00,1200.00,1200.00,50,6250
20220304,12:56,1220.00,1220.00,1220.00,1220.00,50,6200
20220304,13:09,1220.00,1220.00,1220.00,1220.00,50,6150
20220304,13:14,1220.50,1220.50,1220.50,1220.50,300,6100
20220304,13:15,1208.90,1208.90,1208.90,1208.90,50,5800
20220304,13:27,1250.00,1250.00,1250.00,1250.00,50,5800
20220304,13:29,1281.00,1281.00,1281.00,1281.00,150,5750
20220304,13:39,1281.00,1281.00,1281.00,1281.00,50,5550
20220304,13:47,1255.00,1255.00,1255.00,1255.00,100,5550
20220304,13:50,1255.00,1255.00,1255.00,1255.00,100,5650
20220304,13:51,1272.05,1272.05,1272.05,1272.05,50,5550
20220304,13:53,1275.00,1275.00,1275.00,1275.00,200,5550
20220304,13:56,1275.00,1275.00,1275.00,1275.00,50,5550
20220304,14:11,1195.00,1195.00,1195.00,1195.00,150,5500
20220304,14:37,1198.95,1198.95,1189.70,1189.70,350,5450
20220304,14:39,1181.15,1181.15,1181.15,1181.15,50,5450
20220304,14:40,1176.85,1176.85,1176.85,1176.85,50,5050
20220304,14:43,1173.90,1173.90,1173.90,1173.90,50,5000
20220304,14:45,1163.00,1163.00,1163.00,1163.00,50,5000
20220304,14:46,1164.70,1164.70,1164.70,1164.70,50,5000
20220304,14:50,1161.30,1161.30,1161.30,1161.30,50,4950
20220304,14:54,1171.00,1171.00,1167.00,1167.00,150,4950
20220304,15:05,1141.00,1141.00,1141.00,1141.00,50,4800
20220304,15:11,1130.00,1130.00,1120.00,1120.00,250,4800
20220304,15:17,1124.00,1124.00,1124.00,1124.00,50,4800
20220304,15:18,1129.00,1129.00,1129.00,1129.00,50,4800
20220304,15:19,1119.00,1119.00,1119.00,1119.00,50,4750
20220304,15:20,1124.00,1126.00,1124.00,1126.00,250,4750
20220304,15:21,1127.00,1127.00,1127.00,1127.00,50,4700
20220304,15:23,1137.00,1137.00,1137.00,1137.00,100,4700
20220304,15:24,1132.00,1133.00,1132.00,1133.00,200,4700
20220304,15:26,1130.05,1130.05,1130.05,1130.05,50,4700
20220304,15:27,1131.00,1131.00,1131.00,1131.00,50,4800
20220307,09:15,932.00,961.00,891.00,920.00,1702,4850
20220307,09:16,898.00,898.00,885.00,885.00,200,4850
20220307,09:17,885.00,898.00,885.00,898.00,750,5450
20220307,09:18,895.00,899.00,894.00,899.00,300,5450
20220307,09:19,899.00,900.00,897.05,900.00,300,5450
20220307,09:20,903.95,903.95,901.00,901.00,150,6350
20220307,09:21,910.00,910.00,905.00,905.00,100,6350
20220307,09:22,905.00,905.00,905.00,905.00,50,6350
20220307,09:23,893.00,893.00,882.00,882.00,200,6300
20220307,09:24,882.00,886.00,882.00,886.00,350,6300
20220307,09:25,884.05,884.05,884.05,884.05,150,6300
20220307,09:26,885.00,901.95,885.00,901.95,550,6600
20220307,09:27,896.00,896.00,890.00,890.00,100,6600
20220307,09:28,880.00,885.05,880.00,882.00,1500,6600
20220307,09:29,884.00,885.15,870.00,870.00,950,7800
20220307,09:30,870.00,874.00,870.00,874.00,150,7800
20220307,09:31,879.05,879.05,861.00,875.00,3300,7800
20220307,09:32,866.60,866.60,855.00,861.95,1050,11600
20220307,09:33,859.05,862.00,857.95,860.00,2300,11600
20220307,09:34,858.00,858.00,853.05,853.05,500,11600
20220307,09:35,860.25,862.95,860.25,862.95,100,13950
20220307,09:36,857.25,857.25,857.25,857.25,50,13950
20220307,09:37,857.00,859.90,856.95,859.90,300,13950
20220307,09:38,856.50,856.50,853.00,853.00,100,13950
20220307,09:39,852.00,852.00,850.00,850.00,350,14200
20220307,09:40,850.00,851.60,850.00,851.60,100,14200
20220307,09:41,850.50,852.25,849.95,852.25,200,14500
20220307,09:43,847.00,847.00,847.00,847.00,150,14500
20220307,09:44,838.00,838.00,838.00,838.00,200,14750
20220307,09:46,842.00,847.00,842.00,847.00,450,14750
20220307,09:47,851.00,855.00,851.00,855.00,250,14750
20220307,09:50,850.00,857.00,850.00,857.00,400,15600
20220307,09:51,858.65,862.85,858.65,862.85,250,16000
20220307,09:52,862.25,862.25,853.50,853.50,250,16000
20220307,09:53,853.70,854.05,845.00,851.65,950,16350
20220307,09:54,847.00,860.05,847.00,858.55,400,16350
20220307,09:55,864.20,867.10,861.40,862.35,3200,16350
20220307,09:56,869.00,869.70,861.65,861.65,450,15100
20220307,09:57,861.30,861.30,861.30,861.30,100,15100
20220307,09:58,862.15,865.70,857.00,862.70,850,15100
20220307,09:59,865.15,865.15,857.00,864.05,500,15100
20220307,10:00,864.00,864.00,853.00,861.15,350,15100
20220307,10:01,858.80,859.35,857.30,859.35,150,15100
20220307,10:02,860.95,860.95,860.95,860.95,50,15100
20220307,10:03,870.00,870.00,870.00,870.00,50,15400
20220307,10:05,864.20,864.20,864.20,864.20,200,15400
20220307,10:06,863.10,863.10,863.10,863.10,50,15600
20220307,10:07,860.70,860.70,860.70,860.70,100,15600
20220307,10:08,858.25,858.25,858.25,858.25,50,15600
20220307,10:09,852.95,856.35,852.45,856.35,450,15550
20220307,10:10,849.80,849.80,849.80,849.80,200,15550
20220307,10:11,845.75,850.00,845.75,850.00,300,15900
20220307,10:12,842.50,845.25,842.00,842.30,450,15900
20220307,10:13,840.00,840.00,838.85,838.85,150,15900
20220307,10:14,835.85,846.65,835.85,846.30,400,16150
20220307,10:15,841.50,841.90,841.50,841.90,150,16150
20220307,10:16,826.25,826.25,826.25,826.25,50,16150
20220307,10:17,825.00,828.95,824.15,824.15,1550,16750
20220307,10:18,828.05,828.25,824.00,824.00,700,16750
20220307,10:19,824.00,824.00,818.05,818.05,850,16750
20220307,10:20,813.30,828.00,812.40,828.00,4800,17450
20220307,10:21,828.20,842.25,828.20,842.25,2350,17450
20220307,10:22,841.45,845.00,838.30,845.00,300,17450
20220307,10:23,844.75,844.75,840.00,840.00,100,19250
20220307,10:24,847.50,847.50,847.50,847.50,50,19250
20220307,10:25,846.15,846.15,838.85,838.85,300,19250
20220307,10:26,844.65,844.65,844.65,844.65,50,19250
20220307,10:28,850.00,850.00,846.25,846.25,100,19500
20220307,10:29,850.85,850.85,850.85,850.85,50,19500
20220307,10:30,844.45,844.45,842.85,842.85,100,19500
20220307,10:31,821.00,821.00,821.00,821.00,500,19500
20220307,10:33,826.40,826.40,826.40,826.40,100,19650
20220307,10:34,826.40,826.40,826.40,826.40,50,19650
20220307,10:35,825.20,825.20,822.00,822.00,150,19650
20220307,10:36,820.00,820.00,820.00,820.00,50,19550
20220307,10:37,827.65,827.65,827.65,827.65,50,19550
20220307,10:39,826.35,826.35,826.35,826.35,150,19550
20220307,10:41,832.80,832.80,828.75,828.75,350,19550
20220307,10:42,825.35,825.35,823.00,823.00,200,19550
20220307,10:44,825.15,828.15,825.15,828.15,100,19650
20220307,10:45,828.00,828.00,828.00,828.00,50,19650
20220307,10:47,840.00,840.00,836.60,836.60,100,19650
20220307,10:48,843.00,843.00,843.00,843.00,50,19600
20220307,10:49,850.00,850.00,850.00,850.00,350,19600
20220307,10:50,860.50,860.50,860.50,860.50,50,19250
20220307,10:51,860.50,860.50,860.50,860.50,50,19250
20220307,10:52,866.75,867.55,866.75,867.55,250,19250
20220307,10:53,856.70,856.70,856.70,856.70,50,19250
20220307,10:54,872.05,872.05,872.05,872.05,50,19100
20220307,10:55,870.80,870.80,863.50,863.50,200,19100
20220307,10:59,884.10,884.10,880.00,880.00,200,19000
20220307,11:00,878.30,884.00,869.75,869.75,150,19000
20220307,11:02,858.30,858.30,858.30,858.30,150,19000
20220307,11:03,870.85,870.85,870.85,870.85,50,18900
20220307,11:04,876.10,876.10,876.10,876.10,50,18900
20220307,11:06,877.50,880.00,871.70,880.00,1150,18850
20220307,11:13,887.20,887.20,887.20,887.20,50,18950
20220307,11:14,886.00,887.80,884.50,884.50,200,18850
20220307,11:15,886.80,887.55,886.80,887.55,100,18850
20220307,11:16,890.35,895.10,890.35,895.10,150,18850
20220307,11:17,898.60,898.60,887.95,887.95,600,18500
20220307,11:18,900.35,901.75,894.10,901.75,400,18500
20220307,11:19,908.00,908.00,902.30,904.40,200,18500
20220307,11:20,907.95,907.95,903.85,903.85,650,18500
20220307,11:21,896.95,904.95,896.95,902.50,450,17900
20220307,11:22,905.50,905.50,902.50,903.20,350,17900
20220307,11:24,914.45,915.80,914.45,915.80,100,17400
20220307,11:25,913.85,913.85,913.85,913.85,50,17400
20220307,11:26,920.00,920.00,920.00,920.00,100,17400
20220307,11:27,908.15,908.15,908.15,908.15,50,17350
20220307,11:28,915.00,915.00,915.00,915.00,1450,17350
20220307,11:29,915.00,915.00,914.20,914.20,100,17350
20220307,11:30,910.20,910.20,908.00,908.00,300,16000
20220307,11:31,907.20,910.00,907.20,910.00,200,16000
20220307,11:33,903.30,903.30,903.30,903.30,50,15700
20220307,11:34,913.95,913.95,913.95,913.95,50,15700
20220307,11:37,908.05,909.75,908.05,908.05,200,15700
20220307,11:38,913.20,922.85,913.20,922.85,150,15700
20220307,11:39,920.85,924.85,916.05,924.85,300,15950
20220307,11:41,920.10,924.85,920.10,924.85,200,16000
20220307,11:42,926.75,927.20,923.20,924.35,400,16000
20220307,11:44,920.00,922.20,920.00,922.20,100,16000
20220307,11:46,923.85,923.85,916.60,916.85,350,15500
20220307,11:47,914.05,914.05,908.85,908.85,350,14950
20220307,11:48,911.90,911.90,911.90,911.90,100,14950
20220307,11:49,899.85,904.40,899.85,901.30,400,14950
20220307,11:50,900.00,900.00,900.00,900.00,150,14950
20220307,11:51,905.35,905.35,901.50,901.50,150,15000
20220307,11:53,906.15,906.15,906.15,906.15,150,15000
20220307,11:55,930.00,930.00,925.90,925.90,250,14850
20220307,11:56,921.85,930.70,921.85,930.70,400,14850
20220307,11:57,941.00,941.00,926.95,926.95,400,14650
20220307,11:58,925.65,928.35,925.65,927.75,500,14650
20220307,11:59,926.65,926.65,924.90,925.75,250,14650
20220307,12:00,931.65,932.40,931.65,932.05,250,14250
20220307,12:01,931.65,931.65,927.90,927.90,150,14250
20220307,12:02,925.00,926.10,921.95,921.95,900,14250
20220307,12:03,926.40,926.40,926.40,926.40,200,13950
20220307,12:05,923.40,924.30,923.40,924.30,350,13950
20220307,12:06,921.85,921.85,921.85,921.85,50,13950
20220307,12:07,923.85,923.85,923.85,923.85,100,13950
20220307,12:08,924.20,924.20,924.20,924.20,100,13950
20220307,12:09,919.60,919.60,919.30,919.30,150,13950
20220307,12:10,918.10,918.10,918.10,918.10,200,13950
20220307,12:11,908.50,908.50,908.50,908.50,150,13950
20220307,12:15,912.60,912.60,912.60,912.60,50,13750
20220307,12:16,916.95,916.95,916.95,916.95,50,13750
20220307,12:17,916.55,916.55,910.05,910.05,150,13750
20220307,12:20,923.40,923.40,920.75,920.75,100,13750
20220307,12:21,913.25,913.25,913.25,913.25,50,13650
20220307,12:22,920.00,920.00,920.00,920.00,50,13650
20220307,12:25,918.85,918.85,918.85,918.85,50,13600
20220307,12:33,920.00,920.00,920.00,920.00,150,13650
20220307,12:37,920.00,920.00,920.00,920.00,50,13800
20220307,12:42,911.00,911.00,911.00,911.00,50,13800
20220307,12:43,909.05,918.40,909.05,918.40,100,13800
20220307,12:45,918.40,918.40,918.40,918.40,100,13800
20220307,12:50,930.00,930.00,930.00,930.00,50,13800
20220307,13:04,925.00,925.00,925.00,925.00,50,13850
20220307,13:07,893.70,893.70,893.70,893.70,50,13900
20220307,13:08,901.05,901.05,901.05,901.05,50,13900
20220307,13:09,884.40,890.10,884.40,890.10,150,13800
20220307,13:15,870.45,870.45,870.45,870.45,200,13650
20220307,13:16,874.95,874.95,874.95,874.95,50,13650
20220307,13:19,873.00,873.00,873.00,873.00,50,13600
20220307,13:20,873.00,873.00,873.00,873.00,50,13600
20220307,13:22,875.60,882.25,875.60,882.25,150,13650
20220307,13:23,873.10,873.10,873.10,873.10,50,13650
20220307,13:25,860.00,860.00,860.00,860.00,100,13850
20220307,13:29,860.25,863.95,860.25,863.95,100,13850
20220307,13:35,876.20,876.20,876.20,876.20,50,13800
20220307,13:38,871.70,871.70,871.70,871.70,50,13850
20220307,13:39,872.30,876.55,872.30,876.55,100,13950
20220307,13:40,876.05,876.05,876.05,876.05,50,13950
20220307,13:43,877.05,877.05,876.05,876.05,2350,14050
20220307,13:44,876.05,876.05,876.05,876.05,350,14050
20220307,13:46,880.00,880.00,876.05,876.05,300,14150
20220307,13:47,876.05,876.05,876.05,876.05,250,14150
20220307,13:49,856.60,861.00,856.60,861.00,100,14350
20220307,13:53,847.85,847.85,847.85,847.85,50,14400
20220307,13:54,850.00,850.00,850.00,850.00,1050,14400
20220307,13:55,840.90,840.90,840.90,840.90,50,14250
20220307,13:56,855.00,855.00,844.25,844.25,350,14250
20220307,13:57,853.00,856.00,845.35,856.00,450,14000
20220307,13:58,850.40,850.40,850.40,850.40,50,14000
20220307,13:59,856.95,856.95,856.95,856.95,100,14000
20220307,14:00,856.95,862.00,856.95,862.00,500,14000
20220307,14:03,837.45,837.45,834.55,834.55,100,13900
20220307,14:04,835.75,835.90,835.75,835.90,100,13900
20220307,14:05,845.65,845.65,843.95,843.95,300,13900
20220307,14:08,842.90,842.90,842.90,842.90,100,14100
20220307,14:09,830.90,830.90,830.90,830.90,1700,14150
20220307,14:10,830.90,830.90,830.90,830.90,200,14150
20220307,14:11,825.80,839.20,825.05,825.05,600,14150
20220307,14:12,822.30,827.35,818.00,827.35,550,14200
20220307,14:15,821.25,821.25,821.25,821.25,50,14400
20220307,14:16,815.00,815.00,811.00,811.00,300,14400
20220307,14:17,811.50,811.50,800.05,800.05,250,14400
20220307,14:20,800.05,812.95,800.05,812.80,200,14400
20220307,14:22,826.85,826.85,826.85,826.85,50,14350
20220307,14:25,834.80,834.80,834.80,834.80,50,14350
20220307,14:26,828.05,828.05,827.00,827.00,100,14350
20220307,14:29,844.85,844.85,844.85,844.85,50,14400
20220307,14:30,852.25,857.50,852.25,857.50,500,14450
20220307,14:34,863.30,863.30,863.30,863.30,50,14850
20220307,14:35,849.95,850.55,849.95,850.55,100,14850
20220307,14:38,860.60,860.60,860.55,860.55,100,14900
20220307,14:41,867.80,872.55,867.80,871.75,350,14850
20220307,14:42,869.05,869.05,869.05,869.05,200,14700
20220307,14:47,870.55,870.55,870.55,870.55,50,14550
20220307,14:51,876.60,877.00,876.60,877.00,200,14550
20220307,14:53,887.65,887.65,887.65,887.65,50,14550
20220307,14:54,889.80,889.80,889.80,889.80,50,14700
20220307,14:56,889.00,889.00,889.00,889.00,50,14700
20220307,14:57,890.00,890.00,889.00,889.00,100,14700
20220307,14:58,886.25,889.00,886.25,889.00,100,14700
20220307,15:00,887.95,887.95,887.95,887.95,50,14700
20220307,15:02,880.95,880.95,875.45,875.45,100,14850
20220307,15:03,870.05,870.05,870.05,870.05,50,14850
20220307,15:04,859.50,859.50,859.50,859.50,50,14900
20220307,15:05,869.20,872.00,866.15,872.00,600,14900
20220307,15:06,870.00,870.00,870.00,870.00,300,14600
20220307,15:08,880.00,880.00,880.00,880.00,100,14600
20220307,15:09,885.00,885.00,880.00,880.00,650,14600
20220307,15:10,883.00,883.00,883.00,883.00,50,14800
20220307,15:12,883.60,888.00,883.60,888.00,300,14850
20220307,15:13,888.00,900.00,888.00,900.00,400,14850
20220307,15:15,900.00,903.25,900.00,903.25,100,14850
20220307,15:16,902.35,902.35,902.35,902.35,50,14850
20220307,15:17,884.95,884.95,884.95,884.95,100,14850
20220307,15:19,905.00,905.00,905.00,905.00,50,14850
20220307,15:20,900.05,900.05,900.05,900.05,50,14850
20220307,15:28,872.25,895.00,872.25,895.00,700,14850
20220307,15:29,895.00,895.00,895.00,895.00,100,14850
20220308,09:15,819.20,849.00,819.20,849.00,301,15100
20220308,09:16,863.45,868.05,861.05,861.05,550,15100
20220308,09:17,864.05,869.35,864.05,869.35,300,15000
20220308,09:18,870.75,870.75,869.00,869.00,400,15000
20220308,09:19,857.00,857.00,843.00,843.00,800,15000
20220308,09:20,849.05,851.00,849.05,851.00,600,15000
20220308,09:21,845.00,851.00,845.00,851.00,400,15950
20220308,09:22,846.95,848.00,846.95,847.00,550,15950
20220308,09:24,862.00,862.00,860.75,860.75,150,16550
20220308,09:25,860.75,869.00,860.75,869.00,100,16550
20220308,09:26,870.00,876.00,870.00,876.00,300,16550
20220308,09:27,876.00,881.00,876.00,881.00,150,17050
20220308,09:28,883.00,883.00,883.00,883.00,750,17050
20220308,09:29,878.00,878.00,858.10,858.10,350,16950
20220308,09:30,855.20,855.20,850.00,850.00,200,16950
20220308,09:31,852.20,865.75,852.20,865.75,150,16950
20220308,09:33,848.60,848.60,848.60,848.60,50,17150
20220308,09:34,854.00,860.75,854.00,860.75,150,17150
20220308,09:35,861.70,862.15,861.70,862.15,100,17150
20220308,09:36,850.80,850.80,850.80,850.80,50,17150
20220308,09:37,854.85,854.85,854.85,854.85,50,17150
20220308,09:42,850.10,850.10,850.00,850.00,150,17150
20220308,09:45,860.85,860.85,860.85,860.85,150,17050
20220308,09:48,874.60,874.60,874.60,874.60,100,17200
20220308,09:49,872.40,872.40,872.40,872.40,150,17200
20220308,09:51,863.45,863.45,863.45,863.45,50,17200
20220308,09:52,865.05,870.00,865.05,870.00,250,17200
20220308,09:53,869.80,869.80,869.80,869.80,50,17200
20220308,09:54,868.60,868.60,868.60,868.60,50,17350
20220308,09:55,864.90,867.15,864.90,867.15,100,17350
20220308,09:56,865.05,865.05,861.75,861.75,100,17350
20220308,09:58,874.35,874.35,873.85,873.85,150,17300
20220308,10:01,859.10,859.40,859.10,859.40,100,17200
20220308,10:04,884.00,884.00,884.00,884.00,50,17300
20220308,10:05,884.00,884.00,879.50,879.50,200,17300
20220308,10:06,885.00,890.55,885.00,890.55,200,17550
20220308,10:08,898.00,898.00,898.00,898.00,50,17550
20220308,10:09,900.00,900.00,900.00,900.00,50,17550
20220308,10:10,900.00,900.00,900.00,900.00,50,17550
20220308,10:13,902.25,906.25,902.25,906.25,100,17500
20220308,10:15,906.25,906.25,906.25,906.25,50,17400
20220308,10:17,897.60,897.60,897.60,897.60,50,17400
20220308,10:24,898.95,898.95,898.95,898.95,50,17450
20220308,10:25,900.50,900.50,900.00,900.00,100,17450
20220308,10:29,899.95,899.95,899.95,899.95,50,17400
20220308,10:30,903.05,903.05,903.05,903.05,50,17400
20220308,10:32,889.80,889.80,882.25,882.25,100,17350
20220308,10:35,876.80,877.45,876.80,877.45,100,17350
20220308,10:38,869.05,869.05,869.05,869.05,100,17350
20220308,10:39,865.60,867.55,862.00,867.55,300,17550
20220308,10:41,855.35,855.35,855.35,855.35,50,17550
20220308,10:43,860.85,861.15,860.85,861.15,150,17700
20220308,10:49,860.00,864.80,860.00,864.80,150,17550
20220308,10:51,863.70,863.70,863.00,863.00,550,17650
20220308,10:52,863.00,863.00,858.55,858.55,1350,17650
20220308,10:53,863.50,863.50,863.50,863.50,50,17650
20220308,10:54,862.70,862.70,862.70,862.70,50,18350
20220308,10:55,860.40,860.40,860.40,860.40,100,18350
20220308,10:56,854.30,858.55,854.30,858.55,100,18500
20220308,11:00,843.25,843.25,841.00,841.00,150,18550
20220308,11:01,836.35,836.35,836.35,836.35,50,18550
20220308,11:02,835.00,835.00,832.55,832.55,100,18400
20220308,11:05,842.65,842.65,842.65,842.65,50,18400
20220308,11:07,853.05,854.20,853.05,854.20,150,18300
20220308,11:09,839.95,839.95,839.95,839.95,100,18200
20220308,11:10,841.10,841.10,841.10,841.10,50,18200
20220308,11:12,848.15,848.15,848.15,848.15,100,18250
20220308,11:15,838.15,839.45,836.40,836.40,650,18150
20220308,11:18,837.00,837.00,837.00,837.00,50,18650
20220308,11:19,833.35,833.35,830.00,830.00,500,18650
20220308,11:20,830.00,830.00,830.00,830.00,50,18650
20220308,11:23,830.00,830.00,830.00,830.00,50,18600
20220308,11:24,832.15,836.65,832.15,836.65,100,18650
20220308,11:26,843.30,843.30,843.30,843.30,50,18650
20220308,11:29,841.95,841.95,841.95,841.95,50,18600
20220308,11:33,830.00,830.00,830.00,830.00,50,18600
20220308,11:44,824.55,825.10,824.55,825.10,100,18650
20220308,11:48,812.45,812.45,812.45,812.45,150,18700
20220308,11:49,810.00,810.00,810.00,810.00,50,18700
20220308,11:50,810.00,810.00,810.00,810.00,50,18700
20220308,11:52,800.55,800.55,800.55,800.55,50,18700
20220308,11:53,800.55,809.90,800.55,800.60,400,18700
20220308,11:54,805.05,805.05,800.00,800.00,1100,18700
20220308,11:56,806.75,806.75,800.00,800.00,250,18700
20220308,11:57,801.15,801.15,800.00,800.00,150,19200
20220308,11:58,795.10,795.10,791.20,791.20,150,19200
20220308,11:59,791.20,791.20,791.20,791.20,50,19200
20220308,12:00,791.00,795.50,790.55,795.50,300,19400
20220308,12:07,812.40,812.40,812.40,812.40,50,19600
20220308,12:09,815.95,815.95,815.95,815.95,100,19600
20220308,12:11,803.55,806.00,803.50,806.00,200,19600
20220308,12:12,806.00,806.00,806.00,806.00,50,19500
20220308,12:15,810.00,810.00,810.00,810.00,50,19500
20220308,12:19,812.10,812.10,812.10,812.10,50,19500
20220308,12:20,817.00,817.00,817.00,817.00,50,19500
20220308,12:23,820.15,820.15,820.15,820.15,50,19500
20220308,12:25,828.60,828.60,828.60,828.60,50,19450
20220308,12:30,835.00,835.00,835.00,835.00,50,19400
20220308,12:36,808.30,808.30,808.30,808.30,50,19450
20220308,12:37,800.00,800.00,795.50,795.50,150,19450
20220308,12:40,790.50,790.50,790.00,790.00,450,19500
20220308,12:41,790.00,790.00,790.00,790.00,50,19500
20220308,12:42,789.95,790.00,789.95,790.00,250,19400
20220308,12:43,790.00,797.60,790.00,797.60,150,19400
20220308,12:45,801.25,801.25,801.25,801.25,50,19400
20220308,12:48,815.00,815.00,814.95,815.00,150,19400
20220308,12:54,808.05,808.05,808.05,808.05,100,19450
20220308,12:55,809.00,809.00,801.75,801.75,150,19450
20220308,12:56,814.40,814.40,814.40,814.40,50,19450
20220308,12:58,814.35,814.35,814.35,814.35,50,19500
20220308,12:59,809.85,809.85,804.30,804.30,100,19500
20220308,13:00,810.00,811.65,810.00,811.65,450,19600
20220308,13:02,811.65,814.40,811.65,814.40,400,19600
20220308,13:05,793.05,798.15,793.05,798.15,300,19950
20220308,13:09,801.05,802.70,801.05,802.70,100,20000
20220308,13:12,809.85,809.85,809.85,809.85,50,20100
20220308,13:14,824.95,824.95,822.00,822.00,150,20100
20220308,13:27,800.00,800.00,800.00,800.00,50,20150
20220308,13:36,825.60,825.60,825.60,825.60,50,20150
20220308,13:38,837.00,837.00,837.00,837.00,50,20150
20220308,13:39,835.00,835.00,835.00,835.00,50,20200
20220308,13:40,832.00,835.00,832.00,835.00,100,20200
20220308,13:42,839.00,839.00,839.00,839.00,50,20250
20220308,13:43,835.00,845.00,835.00,845.00,2150,20250
20220308,13:44,846.05,846.05,846.05,846.05,150,20250
20220308,13:46,847.05,847.05,847.05,847.05,50,20850
20220308,13:49,832.80,832.80,832.20,832.20,100,20800
20220308,13:52,856.00,867.20,856.00,867.20,100,20800
20220308,13:53,862.90,862.90,862.90,862.90,50,20800
20220308,13:55,862.90,862.90,851.15,851.15,150,20700
20220308,13:58,867.65,867.65,867.65,867.65,50,20700
20220308,13:59,867.90,871.05,867.90,871.05,150,20700
20220308,14:01,873.90,873.95,873.90,873.95,100,20700
20220308,14:02,880.50,880.50,880.50,880.50,50,20700
20220308,14:05,882.00,889.95,882.00,889.95,400,20800
20220308,14:07,885.00,885.00,885.00,885.00,50,20850
20220308,14:08,894.50,900.00,894.50,900.00,250,20850
20220308,14:11,909.75,909.75,909.75,909.75,50,20850
20220308,14:13,909.75,909.75,887.90,894.75,200,20850
20220308,14:15,889.15,894.75,889.15,894.75,100,20850
20220308,14:16,875.25,875.25,875.25,875.25,50,20850
20220308,14:17,881.50,892.70,879.45,892.70,300,20850
20220308,14:20,881.80,881.80,879.90,879.90,150,20750
20220308,14:21,870.00,870.00,870.00,870.00,100,20700
20220308,14:24,870.00,870.00,870.00,870.00,50,20700
20220308,14:25,869.60,869.60,869.60,869.60,100,20700
20220308,14:28,889.65,889.65,889.65,889.65,50,20600
20220308,14:29,898.95,905.85,898.95,905.85,200,20600
20220308,14:30,905.85,905.85,905.85,905.85,100,20600
20220308,14:32,925.00,925.00,925.00,925.00,50,20400
20220308,14:34,925.00,928.80,925.00,928.80,100,20400
20220308,14:35,928.80,928.80,928.80,928.80,50,20400
20220308,14:38,910.00,912.00,909.95,912.00,150,20450
20220308,14:42,926.35,926.35,926.35,926.35,50,20450
20220308,14:45,949.00,949.00,946.05,946.05,300,20500
20220308,14:48,955.00,955.00,955.00,955.00,50,20550
20220308,14:49,955.00,955.00,950.00,950.00,100,20550
20220308,14:52,940.75,940.75,940.75,940.75,100,20450
20220308,14:58,964.75,964.75,964.75,964.75,100,20400
20220308,14:59,964.75,964.75,964.75,964.75,50,20400
20220308,15:01,963.65,963.65,963.65,963.65,200,20450
20220308,15:06,968.00,968.00,968.00,968.00,50,20450
20220308,15:07,968.00,968.00,960.35,960.35,150,20450
20220308,15:08,960.55,960.55,960.55,960.55,50,20450
20220308,15:09,963.40,963.40,963.40,963.40,50,20450
20220308,15:11,970.00,970.00,970.00,970.00,100,20600
20220308,15:12,970.00,970.00,970.00,970.00,50,20600
20220308,15:19,965.05,965.05,965.00,965.00,150,20450
20220308,15:20,965.00,965.00,965.00,965.00,50,20450
20220308,15:21,966.30,966.30,961.00,961.00,100,20450
20220308,15:22,960.00,960.00,960.00,960.00,50,20600
20220308,15:25,962.10,962.10,962.00,962.00,150,20650
20220308,15:27,962.00,962.00,962.00,962.00,50,20650
20220308,15:28,954.90,954.90,954.90,954.90,50,20850
20220309,09:15,970.95,970.95,970.00,970.00,302,20850
20220309,09:16,970.00,992.00,970.00,992.00,650,20850
20220309,09:17,1002.30,1002.30,1002.30,1002.30,150,21550
20220309,09:21,997.00,997.00,997.00,997.00,200,21500
20220309,09:22,1010.40,1010.40,1010.40,1010.40,50,21500
20220309,09:26,1018.00,1019.00,1018.00,1019.00,100,21700
20220309,09:27,1030.00,1030.00,1030.00,1030.00,150,21800
20220309,09:32,1031.05,1031.05,1031.05,1031.05,50,21750
20220309,09:36,1031.05,1031.05,1027.05,1030.00,300,21700
20220309,09:41,1015.00,1015.00,1015.00,1015.00,50,21550
20220309,09:42,1006.05,1011.00,1006.05,1011.00,250,21550
20220309,09:44,1022.95,1023.00,1022.95,1023.00,100,21550
20220309,09:45,1034.05,1034.05,1034.05,1034.05,100,21700
20220309,09:48,1034.05,1034.05,1034.05,1034.05,50,21800
20220309,09:49,1027.00,1028.00,1023.00,1023.00,2950,21800
20220309,09:50,1013.00,1019.00,1013.00,1019.00,450,22400
20220309,09:51,1021.00,1022.25,1021.00,1021.85,800,22400
20220309,09:52,1014.10,1019.10,1014.00,1017.30,800,22400
20220309,09:53,1013.00,1013.00,1011.00,1012.00,250,23150
20220309,09:54,1012.00,1018.55,1012.00,1018.55,1500,23150
20220309,09:55,1007.65,1013.15,1005.00,1005.00,650,23150
20220309,09:56,1005.00,1015.00,1005.00,1015.00,250,23150
20220309,09:57,1021.95,1022.00,1021.95,1022.00,300,23700
20220309,09:58,1033.80,1033.80,1033.80,1033.80,50,23700
20220309,09:59,1040.00,1040.00,1040.00,1040.00,100,23800
20220309,10:00,1043.40,1043.45,1043.40,1043.45,150,23800
20220309,10:01,1041.05,1041.05,1041.05,1041.05,100,23800
20220309,10:02,1041.00,1041.00,1041.00,1041.00,100,23800
20220309,10:03,1047.00,1047.00,1047.00,1047.00,50,23750
20220309,10:06,1050.45,1050.45,1050.45,1050.45,50,23800
20220309,10:07,1054.85,1054.90,1054.85,1054.90,100,23800
20220309,10:19,1054.90,1054.90,1054.90,1054.90,50,23850
20220309,10:24,1060.00,1060.00,1060.00,1060.00,100,23900
20220309,10:32,1045.00,1045.00,1028.30,1028.30,200,24000
20220309,10:33,1040.00,1040.00,1029.80,1029.80,200,24000
20220309,10:34,1027.50,1027.50,1027.50,1027.50,50,24000
20220309,10:35,1035.00,1035.00,1035.00,1035.00,50,24000
20220309,10:36,1035.00,1035.00,1035.00,1035.00,50,24000
20220309,10:37,1035.00,1035.00,1035.00,1035.00,150,24000
20220309,10:43,1041.95,1041.95,1041.95,1041.95,50,23950
20220309,10:55,1047.35,1047.35,1047.35,1047.35,50,23900
20220309,11:00,1036.60,1036.60,1036.60,1036.60,150,23850
20220309,11:10,1021.10,1021.10,1021.10,1021.10,50,23850
20220309,11:14,1029.25,1029.25,1029.25,1029.25,50,23850
20220309,11:16,1027.00,1027.00,1027.00,1027.00,100,23850
20220309,11:17,1025.00,1025.00,1025.00,1025.00,50,23850
20220309,11:24,1010.00,1010.00,1010.00,1010.00,550,23700
20220309,11:41,1050.00,1053.95,1050.00,1053.95,450,24100
20220309,11:48,1035.00,1035.00,1035.00,1035.00,200,24050
20220309,11:49,1040.75,1040.75,1040.75,1040.75,50,24050
20220309,11:53,1045.25,1045.25,1045.25,1045.25,50,24150
20220309,11:54,1054.00,1054.00,1054.00,1054.00,50,24150
20220309,11:55,1060.00,1060.00,1060.00,1060.00,50,24150
20220309,11:56,1057.85,1057.85,1057.85,1057.85,100,24150
20220309,12:00,1074.45,1074.45,1074.45,1074.45,150,24100
20220309,12:01,1074.45,1074.45,1074.45,1074.45,50,24100
20220309,12:09,1063.45,1063.45,1063.45,1063.45,150,24100
20220309,12:12,1074.50,1074.50,1074.50,1074.50,50,24000
20220309,12:13,1074.50,1074.50,1074.50,1074.50,50,24000
20220309,12:16,1068.55,1068.55,1068.55,1068.55,50,23950
20220309,12:17,1070.00,1070.00,1070.00,1070.00,250,23950
20220309,12:20,1085.55,1085.55,1085.55,1085.55,50,23950
20220309,12:22,1085.55,1085.55,1085.55,1085.55,100,24000
20220309,12:25,1080.35,1080.35,1080.35,1080.35,50,24000
20220309,12:29,1096.00,1096.00,1096.00,1096.00,50,24050
20220309,12:30,1096.00,1096.00,1096.00,1096.00,50,24000
20220309,12:36,1087.00,1087.00,1087.00,1087.00,50,24000
20220309,12:47,1111.00,1111.00,1111.00,1111.00,50,23950
20220309,12:51,1123.00,1141.80,1123.00,1141.80,150,23950
20220309,12:52,1141.80,1141.80,1141.80,1141.80,50,23800
20220309,12:56,1135.95,1136.00,1135.95,1136.00,100,23750
20220309,13:15,1148.15,1148.15,1148.15,1148.15,600,23750
20220309,13:18,1133.00,1133.00,1133.00,1133.00,50,23450
20220309,13:20,1140.00,1140.00,1140.00,1140.00,50,23450
20220309,13:30,1125.00,1125.00,1125.00,1125.00,200,23450
20220309,13:32,1106.00,1106.00,1106.00,1106.00,50,23450
20220309,13:36,1108.20,1114.00,1108.20,1114.00,550,23400
20220309,13:37,1121.65,1121.65,1121.65,1121.65,50,23400
20220309,13:41,1150.00,1150.00,1150.00,1150.00,50,23250
20220309,13:57,1168.00,1168.00,1168.00,1168.00,50,23300
20220309,13:59,1168.00,1168.00,1168.00,1168.00,100,23300
20220309,14:03,1181.90,1181.90,1181.90,1181.90,50,23300
20220309,14:05,1183.00,1183.00,1183.00,1183.00,200,23350
20220309,14:06,1183.00,1183.00,1183.00,1183.00,100,23350
20220309,14:14,1160.00,1160.00,1160.00,1160.00,200,23300
20220309,14:20,1190.00,1190.00,1190.00,1190.00,50,23300
20220309,14:22,1190.00,1190.00,1190.00,1190.00,200,23300
20220309,14:24,1197.95,1197.95,1197.95,1197.95,50,23300
20220309,14:25,1197.95,1197.95,1197.95,1197.95,50,23300
20220309,14:26,1199.95,1199.95,1199.95,1199.95,50,23300
20220309,14:28,1200.25,1200.25,1200.25,1200.25,150,23350
20220309,14:29,1201.00,1201.00,1201.00,1201.00,150,23350
20220309,14:33,1201.00,1201.00,1201.00,1201.00,50,23550
20220309,14:35,1200.00,1200.00,1200.00,1200.00,100,23550
20220309,14:40,1195.00,1195.00,1195.00,1195.00,100,23500
20220309,14:48,1209.00,1209.00,1209.00,1209.00,100,23500
20220309,14:52,1222.00,1222.95,1222.00,1222.95,300,23400
20220309,14:54,1219.95,1219.95,1219.95,1219.95,50,23400
20220309,15:00,1182.90,1182.90,1182.90,1182.90,50,23450
20220309,15:04,1182.00,1182.00,1182.00,1182.00,50,23450
20220309,15:05,1180.00,1180.00,1180.00,1180.00,100,23450
20220309,15:11,1178.10,1178.10,1178.10,1178.10,50,23500
20220309,15:13,1189.50,1189.50,1189.50,1189.50,100,23550
20220309,15:26,1186.35,1186.35,1186.35,1186.35,100,23550
20220309,15:28,1216.85,1216.85,1216.85,1216.85,50,23500
20220310,09:15,1331.70,1400.25,1331.70,1400.25,1252,23450
20220310,09:16,1400.25,1400.25,1400.25,1400.25,100,23450
20220310,09:17,1365.00,1365.00,1365.00,1365.00,50,23550
20220310,09:18,1371.00,1371.00,1371.00,1371.00,50,23550
20220310,09:19,1387.00,1387.00,1387.00,1387.00,50,23550
20220310,09:20,1395.60,1395.60,1395.60,1395.60,50,23550
20220310,09:21,1391.05,1391.05,1391.05,1391.05,50,23550
20220310,09:23,1391.05,1391.05,1391.05,1391.05,100,23550
20220310,09:24,1380.00,1380.00,1380.00,1380.00,50,23500
20220310,09:25,1376.95,1376.95,1376.95,1376.95,200,23500
20220310,09:26,1378.00,1378.00,1378.00,1378.00,100,23500
20220310,09:27,1375.00,1380.95,1375.00,1380.95,150,23600
20220310,09:28,1378.00,1378.00,1378.00,1378.00,100,23600
20220310,09:29,1379.00,1379.00,1379.00,1379.00,50,23600
20220310,09:36,1369.90,1378.95,1369.90,1378.95,2250,23600
20220310,09:40,1385.90,1385.90,1385.90,1385.90,150,22900
20220310,09:42,1376.95,1376.95,1363.15,1363.15,150,22750
20220310,09:44,1360.00,1360.00,1350.25,1350.25,100,22700
20220310,09:45,1360.00,1360.00,1360.00,1360.00,50,22700
20220310,09:50,1396.95,1396.95,1396.95,1396.95,100,22700
20220310,09:52,1395.00,1400.00,1395.00,1400.00,1200,22650
20220310,09:55,1400.00,1400.00,1400.00,1400.00,50,23500
20220310,09:57,1405.00,1405.00,1405.00,1405.00,50,23500
20220310,10:05,1430.00,1430.00,1430.00,1430.00,50,23500
20220310,10:06,1430.00,1430.00,1430.00,1430.00,250,23500
20220310,10:08,1441.00,1441.00,1441.00,1441.00,100,23500
20220310,10:11,1441.00,1441.00,1441.00,1441.00,50,23200
20220310,10:13,1429.90,1429.90,1429.90,1429.90,100,23200
20220310,10:14,1433.95,1433.95,1433.95,1433.95,50,23200
20220310,10:15,1437.95,1437.95,1437.95,1437.95,50,23050
20220310,10:16,1441.00,1446.00,1441.00,1446.00,200,23050
20220310,10:18,1446.00,1446.00,1446.00,1446.00,50,22900
20220310,10:25,1449.00,1449.00,1449.00,1449.00,50,22850
20220310,10:30,1455.75,1455.75,1455.75,1455.75,150,22850
20220310,10:36,1445.00,1445.00,1445.00,1445.00,100,22750
20220310,10:46,1430.00,1430.00,1430.00,1430.00,500,22650
20220310,10:51,1440.00,1440.00,1440.00,1440.00,50,23100
20220310,10:54,1440.00,1440.00,1440.00,1440.00,100,23100
20220310,10:55,1432.95,1432.95,1432.95,1432.95,50,23100
20220310,10:57,1435.00,1435.00,1435.00,1435.00,50,23150
20220310,10:59,1440.00,1440.00,1440.00,1440.00,50,23150
20220310,11:10,1443.85,1443.85,1443.85,1443.85,200,23100
20220310,11:14,1460.00,1460.00,1460.00,1460.00,250,23100
20220310,11:16,1460.00,1460.00,1460.00,1460.00,250,23000
20220310,11:19,1450.00,1450.00,1449.35,1449.35,200,23000
20220310,11:20,1442.30,1450.00,1442.30,1450.00,200,23000
20220310,11:21,1452.95,1452.95,1452.95,1452.95,50,23000
20220310,11:22,1457.65,1457.65,1457.65,1457.65,50,23000
20220310,11:23,1455.00,1455.00,1455.00,1455.00,50,23000
20220310,11:26,1455.00,1455.00,1455.00,1455.00,50,22950
20220310,11:27,1445.00,1445.00,1440.00,1441.00,1000,23000
20220310,11:31,1444.00,1444.00,1440.00,1440.00,250,22950
20220310,11:36,1430.00,1430.00,1430.00,1430.00,50,22750
20220310,11:40,1430.00,1430.00,1430.00,1430.00,50,22750
20220310,11:41,1420.00,1420.00,1420.00,1420.00,50,22750
20220310,11:57,1433.20,1433.20,1433.20,1433.20,600,22700
20220310,12:31,1424.60,1424.60,1424.60,1424.60,100,23300
20220310,12:32,1420.35,1422.50,1420.35,1422.50,400,23300
20220310,12:36,1419.95,1420.00,1419.95,1420.00,400,23300
20220310,12:37,1400.00,1404.60,1400.00,1404.60,100,23300
20220310,12:39,1403.65,1403.65,1403.65,1403.65,50,23300
20220310,12:44,1400.00,1400.00,1400.00,1400.00,100,22950
20220310,12:48,1390.00,1390.00,1390.00,1390.00,150,22900
20220310,12:50,1380.85,1386.95,1380.85,1386.95,100,22900
20220310,12:53,1388.75,1388.75,1388.75,1388.75,50,22750
20220310,12:55,1375.05,1375.05,1375.05,1375.05,50,22750
20220310,12:59,1407.00,1407.00,1407.00,1407.00,50,22700
20220310,13:16,1409.00,1409.00,1409.00,1409.00,50,22700
20220310,13:26,1420.00,1420.00,1420.00,1420.00,50,22650
20220310,13:30,1409.00,1409.00,1409.00,1409.00,50,22650
20220310,13:51,1322.00,1322.00,1322.00,1322.00,50,22650
20220310,13:52,1308.00,1308.00,1308.00,1308.00,50,22650
20220310,13:56,1308.00,1308.00,1308.00,1308.00,50,22650
20220310,13:57,1308.00,1308.00,1308.00,1308.00,150,22650
20220310,13:58,1315.00,1315.00,1315.00,1315.00,350,22650
20220310,13:59,1310.00,1310.00,1310.00,1310.00,50,22650
20220310,14:00,1310.00,1310.00,1310.00,1310.00,300,22650
20220310,14:01,1305.00,1305.00,1305.00,1305.00,200,22800
20220310,14:02,1304.00,1304.00,1304.00,1304.00,50,22800
20220310,14:03,1285.00,1285.00,1285.00,1285.00,100,22800
20220310,14:04,1270.00,1270.00,1270.00,1270.00,50,22850
20220310,14:05,1260.00,1260.00,1255.05,1255.05,150,22850
20220310,14:06,1280.00,1280.00,1280.00,1280.00,50,22850
20220310,14:08,1296.90,1298.85,1296.90,1298.85,150,23000
20220310,14:13,1300.00,1300.00,1300.00,1300.00,50,23050
20220310,14:15,1300.00,1300.00,1300.00,1300.00,50,23100
20220310,14:21,1280.00,1280.00,1280.00,1280.00,50,23100
20220310,14:26,1282.00,1282.00,1282.00,1282.00,50,23100
20220310,14:34,1349.00,1349.00,1349.00,1349.00,50,23050
20220310,14:36,1352.00,1352.00,1352.00,1352.00,50,23050
20220310,14:38,1369.00,1369.00,1369.00,1369.00,50,22950
20220310,14:41,1355.90,1355.90,1351.05,1355.20,250,22950
20220310,14:42,1351.30,1351.30,1351.30,1351.30,100,22950
20220310,14:43,1346.40,1346.40,1346.40,1346.40,100,23100
20220310,14:54,1380.00,1380.00,1380.00,1380.00,50,23200
20220310,15:09,1380.00,1380.00,1380.00,1380.00,50,23200
20220310,15:10,1380.00,1380.00,1380.00,1380.00,50,23250
20220310,15:14,1390.00,1390.00,1390.00,1390.00,50,23250
20220310,15:20,1375.00,1375.00,1375.00,1375.00,100,23250
20220310,15:22,1368.90,1368.90,1368.90,1368.90,50,23250
20220310,15:24,1358.10,1358.10,1358.10,1358.10,100,23250
20220310,15:25,1347.40,1347.40,1347.40,1347.40,50,23350
20220310,15:26,1350.00,1350.00,1350.00,1350.00,150,23350
20220310,15:28,1328.85,1328.85,1328.85,1328.85,150,23400
20220310,15:30,1343.20,1343.20,1343.20,1343.20,50,23400
20220311,09:26,1359.00,1359.00,1359.00,1359.00,101,23400
20220311,09:33,1399.95,1399.95,1399.95,1399.95,50,23300
20220311,09:37,1403.00,1403.00,1403.00,1403.00,50,23300
20220311,09:41,1403.00,1404.40,1403.00,1404.40,150,23250
20220311,09:49,1404.40,1404.40,1404.40,1404.40,100,23200
20220311,10:05,1430.05,1430.05,1430.05,1430.05,50,23100
20220311,10:07,1430.05,1430.05,1430.00,1430.00,300,23100
20220311,10:08,1438.90,1438.90,1430.00,1430.00,700,22700
20220311,10:09,1430.00,1430.00,1430.00,1430.00,50,22700
20220311,10:11,1410.00,1410.00,1410.00,1410.00,50,22700
20220311,10:12,1393.05,1400.00,1393.05,1400.00,100,22650
20220311,10:26,1341.15,1341.15,1341.15,1341.15,50,22700
20220311,10:37,1330.00,1330.00,1330.00,1330.00,50,22700
20220311,10:39,1320.00,1320.00,1320.00,1320.00,50,22700
20220311,10:56,1320.00,1320.00,1320.00,1320.00,50,22750
20220311,11:42,1419.00,1419.00,1419.00,1419.00,150,22750
20220311,11:54,1395.00,1395.00,1395.00,1395.00,50,22700
20220311,11:55,1400.00,1400.00,1400.00,1400.00,50,22700
20220311,11:56,1411.45,1411.45,1411.45,1411.45,50,22750
20220311,12:20,1416.90,1416.90,1416.90,1416.90,100,22750
20220311,12:28,1417.75,1417.75,1412.40,1412.40,100,22750
20220311,12:29,1412.35,1412.35,1412.35,1412.35,50,22750
20220311,12:30,1405.95,1405.95,1405.95,1405.95,50,22750
20220311,12:31,1399.90,1399.90,1399.90,1399.90,50,22750
20220311,12:36,1418.00,1418.00,1418.00,1418.00,50,22800
20220311,12:37,1422.00,1422.00,1422.00,1422.00,50,22800
20220311,12:48,1409.90,1409.90,1409.90,1409.90,50,22850
20220311,12:49,1403.00,1403.00,1403.00,1403.00,50,22850
20220311,12:50,1404.00,1404.00,1404.00,1404.00,50,22850
20220311,12:51,1404.90,1404.90,1404.90,1404.90,50,22850
20220311,12:53,1391.05,1391.05,1391.05,1391.05,50,23000
20220311,12:54,1379.90,1388.75,1379.90,1388.75,400,23050
20220311,12:55,1388.85,1388.85,1388.15,1388.15,1600,23050
20220311,12:56,1393.95,1393.95,1393.95,1393.95,50,23050
20220311,12:57,1384.35,1384.35,1384.35,1384.35,50,23900
20220311,13:03,1382.25,1382.25,1382.25,1382.25,50,23850
20220311,13:09,1350.15,1350.15,1350.15,1350.15,50,23900
20220311,14:17,1400.00,1400.00,1400.00,1400.00,200,23900
20220311,14:28,1393.90,1393.90,1393.90,1393.90,50,24000
20220311,14:44,1408.00,1408.00,1408.00,1408.00,150,24000
20220311,14:58,1414.85,1414.85,1414.85,1414.85,50,24100
20220311,14:59,1413.95,1413.95,1406.95,1406.95,200,24100
20220311,15:10,1409.65,1409.65,1409.65,1409.65,50,24150
20220311,15:11,1408.95,1408.95,1408.95,1408.95,50,24150
20220311,15:12,1386.45,1388.05,1386.45,1388.05,200,24150
20220311,15:14,1386.35,1386.35,1386.35,1386.35,100,24200
20220311,15:18,1402.00,1402.00,1402.00,1402.00,100,24300
20220311,15:19,1400.95,1405.00,1400.95,1405.00,350,24400
20220311,15:21,1399.95,1400.00,1399.95,1400.00,250,24700
20220311,15:22,1401.25,1401.25,1400.85,1400.85,850,24700
20220311,15:23,1393.10,1393.10,1393.05,1393.05,150,24700
20220314,09:26,1425.00,1425.00,1425.00,1425.00,51,25300
20220314,09:29,1401.05,1401.05,1401.05,1401.05,50,25300
20220314,10:27,1401.05,1401.05,1401.05,1401.05,200,25300
20220314,10:37,1430.00,1430.00,1430.00,1430.00,100,25150
20220314,10:43,1430.00,1430.00,1430.00,1430.00,50,25150
20220314,10:53,1430.00,1430.00,1430.00,1430.00,50,25150
20220314,11:24,1467.50,1467.50,1467.50,1467.50,50,25150
20220314,11:35,1468.00,1468.00,1468.00,1468.00,50,25100
20220314,11:42,1488.00,1488.00,1488.00,1488.00,50,25100
20220314,11:45,1488.00,1488.00,1488.00,1488.00,100,25050
20220314,11:46,1488.00,1488.00,1488.00,1488.00,50,25050
20220314,12:14,1473.85,1473.85,1473.85,1473.85,50,25050
20220314,12:22,1462.15,1475.00,1462.15,1475.00,100,25100
20220314,12:30,1485.00,1485.00,1485.00,1485.00,50,25050
20220314,12:35,1494.00,1494.00,1494.00,1494.00,50,25050
20220314,13:01,1494.00,1494.00,1494.00,1494.00,50,25000
20220314,13:14,1504.10,1504.10,1504.10,1504.10,50,24950
20220314,13:39,1510.25,1510.25,1510.25,1510.25,50,24900
20220314,14:01,1520.00,1520.00,1520.00,1520.00,100,24950
20220314,14:07,1520.00,1520.00,1520.00,1520.00,150,24850
20220314,14:10,1520.00,1520.90,1520.00,1520.90,100,24700
20220314,14:12,1527.95,1527.95,1527.95,1527.95,50,24700
20220314,14:20,1557.95,1561.05,1557.95,1561.05,100,24700
20220314,14:21,1570.75,1570.75,1570.75,1570.75,500,24700
20220314,14:30,1584.00,1584.00,1584.00,1584.00,100,24650
20220314,14:31,1584.00,1584.00,1582.00,1582.00,150,24650
20220314,14:32,1584.00,1584.00,1584.00,1584.00,50,24650
20220314,14:38,1580.00,1580.00,1580.00,1580.00,100,24650
20220314,14:40,1572.30,1572.30,1572.30,1572.30,50,24750
20220314,14:55,1580.00,1580.00,1580.00,1580.00,100,24750
20220314,15:06,1583.95,1583.95,1583.95,1583.95,100,24650
20220314,15:28,1599.35,1599.35,1599.35,1599.35,500,24550
20220315,09:27,1590.00,1590.00,1590.00,1590.00,51,24600
20220315,09:29,1589.40,1589.40,1589.40,1589.40,50,24600
20220315,09:30,1589.40,1610.00,1589.40,1610.00,200,24600
20220315,09:32,1610.00,1610.00,1610.00,1610.00,100,24400
20220315,09:42,1550.00,1550.00,1550.00,1550.00,50,24500
20220315,09:57,1550.00,1550.00,1550.00,1550.00,50,24500
20220315,09:58,1550.00,1556.00,1550.00,1556.00,200,24500
20220315,10:00,1552.00,1556.00,1552.00,1556.00,150,24450
20220315,10:09,1575.00,1575.00,1575.00,1575.00,100,24400
20220315,10:11,1573.70,1573.70,1573.70,1573.70,50,24400
20220315,10:19,1566.00,1566.00,1562.45,1562.45,150,24400
20220315,10:22,1575.00,1575.00,1575.00,1575.00,50,24450
20220315,11:46,1570.05,1570.05,1570.05,1570.05,50,24450
20220315,12:23,1580.00,1580.00,1580.00,1580.00,50,24450
20220315,12:29,1585.05,1585.05,1585.05,1585.05,100,24450
20220315,12:30,1587.65,1587.65,1587.65,1587.65,50,24450
20220315,12:34,1569.90,1569.90,1569.90,1569.90,50,24600
20220315,12:37,1550.05,1550.05,1550.05,1550.05,100,24600
20220315,12:40,1530.00,1530.00,1530.00,1530.00,50,24600
20220315,12:41,1500.05,1500.05,1500.05,1500.05,150,24600
20220315,12:46,1493.00,1493.00,1493.00,1493.00,50,24550
20220315,12:47,1483.00,1483.00,1483.00,1483.00,100,24550
20220315,12:50,1500.00,1500.00,1500.00,1500.00,50,24500
20220315,12:51,1500.00,1500.00,1500.00,1500.00,50,24500
20220315,12:52,1510.00,1510.00,1510.00,1510.00,50,24500
20220315,13:00,1485.85,1485.85,1485.85,1485.85,50,24550
20220315,13:02,1480.00,1480.00,1480.00,1480.00,50,24550
20220315,13:03,1479.00,1479.00,1479.00,1479.00,50,24500
20220315,13:15,1472.00,1472.00,1472.00,1472.00,50,24450
20220315,13:17,1450.05,1450.05,1450.05,1450.05,100,24400
20220315,13:18,1446.85,1446.85,1446.85,1446.85,50,24400
20220315,13:19,1446.85,1446.85,1446.85,1446.85,50,24350
20220315,13:24,1454.05,1454.05,1454.05,1454.05,50,24400
20220315,13:30,1464.05,1464.05,1459.00,1459.00,100,24400
20220315,13:35,1458.05,1458.05,1458.05,1458.05,50,24300
20220315,13:40,1476.85,1476.85,1476.85,1476.85,50,24300
20220315,13:50,1460.00,1460.00,1460.00,1460.00,50,24300
20220315,13:51,1454.05,1454.05,1454.05,1454.05,50,24300
20220315,13:53,1450.00,1450.00,1450.00,1450.00,50,24300
20220315,13:55,1450.00,1450.00,1450.00,1450.00,50,24250
20220315,14:02,1400.05,1400.05,1400.00,1400.00,250,24200
20220315,14:20,1380.00,1380.00,1380.00,1380.00,50,24200
20220315,14:22,1372.00,1372.00,1372.00,1372.00,50,24150
20220315,14:26,1350.05,1350.05,1350.05,1350.05,100,24100
20220315,14:27,1350.05,1350.05,1350.05,1350.05,50,24150
20220315,14:33,1350.05,1350.05,1350.05,1350.05,50,24150
20220315,14:36,1355.10,1355.10,1355.10,1355.10,50,24200
20220315,14:48,1395.00,1395.00,1395.00,1395.00,50,24200
20220315,14:50,1408.10,1408.10,1408.10,1408.10,50,24200
20220315,14:52,1412.00,1416.00,1412.00,1416.00,200,24250
20220315,14:53,1410.00,1410.00,1410.00,1410.00,50,24250
20220315,15:00,1430.00,1430.00,1430.00,1430.00,100,24300
20220315,15:02,1447.00,1447.00,1447.00,1447.00,50,24300
20220315,15:15,1430.00,1430.00,1430.00,1430.00,100,24250
20220316,09:15,1599.95,1599.95,1590.05,1590.05,201,24250
20220316,09:17,1590.05,1600.00,1590.05,1600.00,100,24150
20220316,09:18,1600.00,1600.00,1600.00,1600.00,150,24150
20220316,09:25,1610.45,1610.45,1609.85,1609.85,400,23950
20220316,09:35,1629.60,1629.60,1629.60,1629.60,100,23800
20220316,09:39,1635.00,1635.00,1635.00,1635.00,50,23800
20220316,09:40,1635.00,1635.00,1635.00,1635.00,50,23800
20220316,10:27,1635.00,1635.00,1635.00,1635.00,50,23700
20220316,10:36,1578.00,1578.00,1578.00,1578.00,50,23650
20220316,10:43,1600.00,1600.00,1600.00,1600.00,50,23650
20220316,10:53,1619.85,1619.85,1619.85,1619.85,50,23700
20220316,11:06,1605.00,1605.00,1605.00,1605.00,50,23700
20220316,11:16,1605.00,1605.00,1605.00,1605.00,50,23750
20220316,11:19,1620.80,1620.80,1620.80,1620.80,50,23800
20220316,11:34,1620.80,1620.80,1620.80,1620.80,50,23850
20220316,11:45,1619.05,1619.05,1619.05,1619.05,50,23850
20220316,12:03,1633.85,1633.85,1633.85,1633.85,50,23900
20220316,12:19,1633.85,1633.85,1633.85,1633.85,50,23900
20220316,12:30,1609.00,1609.00,1609.00,1609.00,50,23900
20220316,12:31,1633.85,1633.85,1633.85,1633.85,50,23900
20220316,13:14,1587.00,1587.00,1587.00,1587.00,50,23900
20220316,13:15,1575.05,1575.05,1575.05,1575.05,100,23900
20220316,14:02,1575.05,1575.05,1575.05,1575.05,50,23900
20220316,14:56,1638.00,1638.00,1638.00,1638.00,50,23950
20220316,15:09,1671.40,1671.40,1671.40,1671.40,100,23950
20220317,09:16,1850.00,1850.00,1850.00,1850.00,51,24000
20220317,09:18,1845.15,1845.15,1845.15,1845.15,250,24050
20220317,09:19,1845.15,1868.40,1845.15,1868.40,550,24050
20220317,09:20,1868.40,1869.15,1864.05,1865.65,400,24050
20220317,09:21,1850.00,1860.65,1850.00,1860.65,100,24050
20220317,09:22,1846.85,1848.00,1846.85,1848.00,100,24050
20220317,09:23,1848.00,1850.50,1838.00,1838.00,350,24250
20220317,09:24,1837.70,1841.45,1837.05,1837.05,900,24250
20220317,09:25,1837.05,1837.05,1825.70,1825.70,550,24250
20220317,09:26,1825.70,1831.15,1825.70,1831.15,200,24250
20220317,09:27,1830.45,1833.35,1830.45,1833.35,600,25950
20220317,09:35,1816.05,1816.05,1816.05,1816.05,400,26750
20220317,09:37,1837.45,1837.45,1837.45,1837.45,50,26750
20220317,09:43,1837.45,1837.45,1837.45,1837.45,50,27000
20220317,09:48,1840.00,1840.00,1840.00,1840.00,100,27050
20220317,09:52,1842.65,1842.65,1842.65,1842.65,50,27050
20220317,09:55,1850.00,1850.00,1850.00,1850.00,150,27000
20220317,09:58,1866.00,1869.00,1866.00,1869.00,100,26950
20220317,10:02,1875.55,1875.55,1875.55,1875.55,400,27100
20220317,10:03,1874.80,1877.50,1874.05,1877.50,600,27100
20220317,10:12,1892.20,1892.20,1892.20,1892.20,50,27900
20220317,10:13,1892.70,1896.20,1892.70,1896.20,900,27900
20220317,10:15,1896.20,1899.85,1896.20,1899.85,600,27850
20220317,10:16,1900.15,1908.20,1894.80,1908.20,1150,27850
20220317,10:17,1902.65,1908.20,1902.65,1908.20,200,27850
20220317,10:22,1891.00,1891.00,1891.00,1891.00,50,29250
20220317,10:24,1888.10,1888.10,1888.10,1888.10,50,29250
20220317,10:27,1899.95,1899.95,1899.95,1899.95,50,29300
20220317,10:32,1886.65,1886.65,1886.65,1886.65,50,29300
20220317,10:40,1878.15,1878.15,1878.15,1878.15,50,29350
20220317,10:46,1907.90,1907.90,1907.90,1907.90,50,29400
20220317,10:57,1880.35,1880.35,1880.35,1880.35,50,29350
20220317,11:07,1890.00,1890.00,1890.00,1890.00,50,29350
20220317,11:19,1896.75,1896.75,1896.75,1896.75,50,29350
20220317,11:22,1894.00,1894.00,1894.00,1894.00,50,29300
20220317,11:23,1894.00,1894.00,1894.00,1894.00,50,29300
20220317,11:26,1888.30,1888.30,1888.30,1888.30,50,29400
20220317,11:41,1926.00,1926.00,1926.00,1926.00,50,29450
20220317,11:46,1930.00,1930.00,1930.00,1930.00,50,29450
20220317,11:47,1930.00,1930.00,1930.00,1930.00,50,29450
20220317,11:50,1932.00,1932.00,1932.00,1932.00,100,29550
20220317,11:51,1932.00,1932.00,1932.00,1932.00,100,29650
20220317,11:52,1932.00,1932.00,1932.00,1932.00,100,29650
20220317,11:56,1940.00,1940.00,1940.00,1940.00,100,29850
20220317,11:58,1940.00,1940.00,1935.00,1937.00,750,29950
20220317,11:59,1935.00,1935.00,1935.00,1935.00,100,29950
20220317,12:01,1930.00,1930.00,1928.00,1928.00,150,30700
20220317,12:05,1918.00,1920.00,1918.00,1920.00,150,30850
20220317,12:08,1922.00,1922.00,1915.00,1915.00,150,31000
20220317,12:11,1918.00,1918.00,1918.00,1918.00,100,31150
20220317,12:31,1952.00,1952.00,1952.00,1952.00,50,31250
20220317,12:37,1952.25,1952.25,1951.35,1951.35,300,31250
20220317,12:39,1958.50,1958.50,1958.50,1958.50,100,31150
20220317,12:40,1958.50,1958.50,1958.50,1958.50,100,31150
20220317,12:49,1963.00,1963.00,1963.00,1963.00,50,31350
20220317,12:51,1963.00,1963.00,1963.00,1963.00,50,31350
20220317,12:52,1950.00,1950.00,1950.00,1950.00,50,31350
20220317,13:17,1945.00,1945.00,1945.00,1945.00,50,31350
20220317,13:20,1935.00,1935.00,1935.00,1935.00,50,31350
20220317,13:32,1941.65,1941.65,1941.65,1941.65,100,31350
20220317,13:35,1937.00,1937.00,1937.00,1937.00,50,31250
20220317,13:55,1947.80,1947.80,1947.80,1947.80,150,31250
20220317,13:56,1952.35,1952.35,1952.35,1952.35,50,31250
20220317,14:02,1964.00,1964.05,1964.00,1964.05,250,31300
20220317,14:03,1967.40,1967.40,1967.40,1967.40,50,31300
20220317,14:05,1982.90,1982.90,1982.90,1982.90,300,31300
20220317,14:07,1989.30,1989.30,1989.30,1989.30,50,31500
20220317,14:08,2000.00,2000.00,2000.00,2000.00,50,31500
20220317,14:35,2000.00,2000.00,2000.00,2000.00,50,31600
20220317,14:40,1957.05,1957.05,1954.70,1954.70,200,31550
20220317,14:45,1966.15,1966.15,1966.15,1966.15,50,31750
20220317,14:46,1955.00,1955.00,1955.00,1955.00,50,31700
20220317,14:52,1950.25,1950.25,1950.25,1950.25,50,31650
20220317,14:55,1950.00,1950.00,1950.00,1950.00,50,31700
20220317,15:06,1945.00,1945.00,1945.00,1945.00,50,31700
20220317,15:11,1935.00,1935.00,1935.00,1935.00,50,31650
20220317,15:16,1940.00,1940.00,1940.00,1940.00,50,31650
20220317,15:17,1941.15,1941.15,1941.15,1941.15,50,31650
20220317,15:19,1934.00,1934.00,1934.00,1934.00,50,31650
20220317,15:21,1950.00,1950.00,1950.00,1950.00,50,31650
20220317,15:23,1960.00,1960.00,1960.00,1960.00,50,31650
20220317,15:28,1935.10,1935.10,1935.10,1935.10,100,31650
20220321,09:27,1956.35,1956.35,1956.35,1956.35,51,31650
20220321,09:29,1959.85,1959.85,1959.85,1959.85,50,31650
20220321,09:34,1959.85,1959.85,1959.85,1959.85,50,31750
20220321,09:37,1924.00,1924.00,1924.00,1924.00,50,31750
20220321,09:41,1913.00,1913.00,1913.00,1913.00,50,31800
20220321,09:43,1913.00,1913.00,1913.00,1913.00,50,31800
20220321,09:45,1919.60,1919.60,1915.95,1915.95,100,31850
20220321,09:46,1923.30,1923.30,1923.15,1923.15,400,31850
20220321,09:48,1920.00,1920.00,1920.00,1920.00,50,31750
20220321,09:50,1900.00,1900.00,1900.00,1900.00,50,31750
20220321,09:51,1900.00,1906.10,1900.00,1906.10,1100,31850
20220321,09:54,1904.35,1907.10,1904.35,1907.10,1050,31850
20220321,09:55,1896.00,1896.00,1896.00,1896.00,1000,31850
20220321,09:58,1896.00,1896.00,1896.00,1896.00,50,31850
20220321,09:59,1890.00,1890.00,1889.15,1889.15,100,31850
20220321,10:00,1889.15,1889.15,1888.75,1888.75,100,31850
20220321,10:02,1888.75,1888.75,1887.10,1887.10,550,31900
20220321,10:03,1882.20,1882.20,1882.20,1882.20,50,31900
20220321,10:06,1882.20,1882.20,1882.20,1882.20,50,31900
20220321,10:13,1898.15,1898.15,1898.15,1898.15,50,31950
20220321,10:15,1886.45,1886.45,1886.45,1886.45,50,32000
20220321,10:16,1886.10,1886.10,1884.90,1884.90,150,32000
20220321,10:23,1870.20,1870.20,1870.20,1870.20,50,32100
20220321,10:28,1870.20,1870.20,1870.20,1870.20,50,32150
20220321,10:29,1886.10,1886.10,1886.10,1886.10,300,32150
20220321,10:30,1889.90,1889.90,1889.90,1889.90,50,32200
20220321,10:31,1889.05,1889.05,1889.05,1889.05,50,32200
20220321,10:32,1886.05,1886.05,1886.05,1886.05,50,32300
20220321,10:34,1881.95,1881.95,1881.95,1881.95,50,32300
20220321,10:51,1888.95,1891.65,1888.95,1891.65,100,32350
20220321,10:53,1880.00,1880.00,1880.00,1880.00,200,32350
20220321,10:54,1875.50,1875.50,1875.50,1875.50,50,32350
20220321,10:59,1902.00,1902.00,1902.00,1902.00,100,32350
20220321,11:04,1907.15,1907.15,1907.15,1907.15,50,32450
20220321,11:13,1910.00,1910.00,1910.00,1910.00,50,32450
20220321,11:30,1920.00,1920.00,1920.00,1920.00,100,32450
20220321,11:34,1921.10,1921.10,1921.10,1921.10,150,32550
20220321,11:42,1908.00,1908.00,1908.00,1908.00,50,32650
20220321,11:43,1908.00,1908.00,1908.00,1908.00,250,32650
20220321,11:45,1908.00,1908.00,1908.00,1908.00,50,32650
20220321,11:46,1908.00,1908.00,1908.00,1908.00,200,32650
20220321,11:56,1901.10,1901.10,1901.10,1901.10,50,32650
20220321,12:13,1885.00,1885.00,1885.00,1885.00,150,32700
20220321,12:15,1885.00,1885.00,1884.60,1884.60,150,32700
20220321,12:24,1885.00,1885.00,1885.00,1885.00,100,32750
20220321,12:30,1880.00,1880.00,1880.00,1880.00,1000,32850
20220321,12:31,1886.60,1886.60,1885.50,1885.50,100,32850
20220321,12:32,1887.40,1887.40,1881.10,1881.10,100,32850
20220321,12:33,1875.00,1875.00,1868.55,1868.55,550,34000
20220321,12:35,1860.80,1860.80,1855.00,1855.00,600,34000
20220321,12:36,1850.00,1853.95,1849.70,1853.95,450,34350
20220321,12:37,1859.80,1859.80,1859.80,1859.80,50,34350
20220321,12:48,1836.00,1836.00,1836.00,1836.00,900,34700
20220321,12:49,1830.00,1830.00,1830.00,1830.00,500,34700
20220321,12:52,1820.90,1820.90,1820.90,1820.90,50,36000
20220321,12:53,1820.90,1820.90,1820.90,1820.90,450,36000
20220321,12:57,1825.00,1825.00,1825.00,1825.00,50,36000
20220321,12:59,1824.90,1825.00,1824.90,1825.00,750,36000
20220321,13:00,1822.00,1822.00,1822.00,1822.00,50,36000
20220321,13:03,1804.00,1804.00,1804.00,1804.00,200,36000
20220321,13:08,1804.00,1804.00,1804.00,1804.00,100,36000
20220321,13:15,1829.10,1829.10,1829.10,1829.10,50,36000
20220321,13:17,1825.00,1825.00,1825.00,1825.00,250,36000
20220321,13:21,1825.00,1825.00,1825.00,1825.00,50,35950
20220321,13:24,1804.00,1804.00,1804.00,1804.00,50,35950
20220321,13:26,1802.00,1802.00,1802.00,1802.00,100,36000
20220321,13:27,1802.00,1802.00,1802.00,1802.00,50,36000
20220321,13:33,1819.00,1819.00,1819.00,1819.00,50,35900
20220321,13:36,1836.00,1836.00,1836.00,1836.00,300,35900
20220321,13:38,1836.00,1836.00,1836.00,1836.00,600,35900
20220321,13:41,1835.00,1835.00,1835.00,1835.00,450,36700
20220321,13:46,1830.00,1830.00,1830.00,1830.00,50,36700
20220321,14:02,1845.00,1845.00,1845.00,1845.00,50,36750
20220321,14:05,1842.00,1842.00,1842.00,1842.00,250,36700
20220321,14:13,1857.00,1857.00,1857.00,1857.00,100,36700
20220321,14:14,1857.00,1857.00,1857.00,1857.00,150,36700
20220321,14:21,1837.00,1837.00,1837.00,1837.00,200,36700
20220321,14:36,1800.00,1800.00,1800.00,1800.00,50,36700
20220321,14:37,1793.30,1793.30,1793.30,1793.30,300,36700
20220321,14:39,1800.00,1800.00,1800.00,1800.00,250,36700
20220321,14:44,1822.35,1822.35,1822.35,1822.35,50,36800
20220321,14:45,1812.70,1812.70,1791.35,1791.35,100,36750
20220321,14:58,1791.35,1791.35,1791.35,1791.35,50,36750
20220321,15:29,1805.05,1805.05,1805.05,1805.05,50,36700
20220322,09:17,1779.00,1779.00,1779.00,1779.00,51,36700
20220322,09:26,1772.20,1772.20,1772.20,1772.20,50,36700
20220322,09:32,1754.05,1754.05,1754.05,1754.05,50,36650
20220322,09:36,1754.05,1754.05,1754.05,1754.05,50,36600
20220322,09:40,1762.45,1762.45,1762.45,1762.45,50,36600
20220322,09:46,1752.00,1752.00,1752.00,1752.00,50,36550
20220322,10:13,1740.00,1740.00,1740.00,1740.00,100,36600
20220322,10:31,1740.00,1740.00,1740.00,1740.00,150,36500
20220322,10:32,1740.00,1740.00,1740.00,1740.00,350,36500
20220322,10:37,1732.00,1732.00,1732.00,1732.00,50,36500
20220322,10:38,1725.00,1725.00,1725.00,1725.00,100,36500
20220322,10:39,1721.00,1721.00,1721.00,1721.00,50,36400
20220322,10:41,1720.00,1720.00,1720.00,1720.00,50,36400
20220322,10:52,1720.00,1720.00,1720.00,1720.00,100,36450
20220322,10:53,1720.00,1722.00,1720.00,1722.00,150,36450
20220322,10:55,1720.00,1720.00,1720.00,1720.00,50,36700
20220322,10:57,1728.00,1728.00,1728.00,1728.00,100,36750
20220322,10:58,1730.00,1730.00,1730.00,1730.00,150,36750
20220322,11:07,1748.00,1748.00,1748.00,1748.00,50,37000
20220322,11:11,1750.00,1750.00,1750.00,1750.00,250,37050
20220322,11:16,1755.00,1755.00,1750.00,1750.00,100,37050
20220322,11:17,1750.00,1752.00,1750.00,1752.00,100,37050
20220322,11:18,1752.00,1752.00,1752.00,1752.00,100,37250
20220322,11:23,1755.00,1755.00,1755.00,1755.00,50,37350
20220322,11:30,1765.00,1765.00,1765.00,1765.00,50,37400
20220322,11:32,1750.00,1750.00,1750.00,1750.00,50,37400
20220322,11:34,1758.00,1758.00,1758.00,1758.00,50,37500
20220322,11:40,1752.00,1752.00,1752.00,1752.00,50,37550
20220322,11:51,1745.00,1745.00,1745.00,1745.00,500,37550
20220322,12:11,1740.00,1740.00,1740.00,1740.00,250,37600
20220322,12:14,1732.00,1732.00,1732.00,1732.00,100,37600
20220322,12:15,1735.00,1735.00,1735.00,1735.00,50,37700
20220322,12:30,1755.00,1755.00,1747.00,1747.00,350,37750
20220322,12:31,1728.00,1728.00,1728.00,1728.00,100,37750
20220322,12:32,1725.00,1725.00,1725.00,1725.00,50,37750
20220322,12:42,1817.65,1817.65,1817.65,1817.65,50,38100
20220322,12:45,1850.00,1850.00,1850.00,1850.00,50,38100
20220322,12:46,1867.50,1867.50,1867.50,1867.50,50,38100
20220322,12:48,1867.50,1867.50,1867.50,1867.50,50,38100
20220322,12:53,1830.00,1830.00,1830.00,1830.00,50,38050
20220322,12:54,1846.00,1846.00,1846.00,1846.00,50,38100
20220322,12:55,1847.00,1847.00,1847.00,1847.00,50,38100
20220322,13:01,1866.85,1866.85,1866.85,1866.85,100,38100
20220322,13:04,1862.00,1862.00,1862.00,1862.00,50,38100
20220322,13:16,1904.80,1904.80,1904.80,1904.80,50,38050
20220322,13:27,1920.50,1920.50,1920.50,1920.50,50,38050
20220322,13:40,1950.50,1950.50,1943.15,1945.70,500,38050
20220322,13:45,1943.85,1943.85,1943.85,1943.85,50,37800
20220322,13:53,1968.00,1968.00,1968.00,1968.00,50,37850
20220322,13:55,1968.00,1968.00,1968.00,1968.00,50,37800
20220322,13:56,1966.70,1966.70,1966.70,1966.70,50,37800
20220322,14:05,1964.75,1964.75,1959.25,1959.25,100,37800
20220322,14:19,1950.00,1950.00,1950.00,1950.00,50,37900
20220322,14:37,1950.00,1950.00,1950.00,1950.00,50,37950
20220322,14:42,1955.00,1955.00,1955.00,1955.00,100,37950
20220322,14:43,1955.00,1955.00,1955.00,1955.00,300,37950
20220322,14:44,1955.00,1955.00,1955.00,1955.00,200,37950
20220322,14:47,1965.00,1965.00,1960.00,1960.00,200,38550
20220322,15:06,1963.55,1963.60,1963.55,1963.60,150,38700
20220322,15:07,1958.20,1958.20,1958.20,1958.20,50,38700
20220322,15:11,1966.00,1966.00,1966.00,1966.00,50,38650
20220322,15:12,1973.00,1973.00,1973.00,1973.00,50,38650
20220322,15:15,1976.00,1976.00,1976.00,1976.00,50,38750
20220322,15:17,1976.00,1976.00,1976.00,1976.00,50,38750
20220322,15:18,1970.00,1970.00,1970.00,1970.00,50,38850
20220322,15:20,1973.00,1973.00,1973.00,1973.00,100,38850
20220322,15:21,1975.00,1975.00,1975.00,1975.00,50,38850
20220322,15:22,1980.00,1980.00,1980.00,1980.00,50,39000
20220322,15:23,1981.65,1981.65,1981.65,1981.65,50,39000
20220323,09:16,2045.80,2045.80,2045.80,2045.80,51,39050
20220323,09:21,2045.00,2045.00,2045.00,2045.00,50,39100
20220323,09:24,2040.00,2040.00,2040.00,2040.00,100,39050
20220323,09:25,2030.00,2030.00,2030.00,2030.00,100,39050
20220323,09:29,2008.40,2008.40,2008.40,2008.40,50,39050
20220323,09:34,2004.00,2004.00,2004.00,2004.00,50,39050
20220323,09:54,2004.00,2009.35,2004.00,2009.35,100,39150
20220323,09:56,2009.00,2009.00,2009.00,2009.00,100,39150
20220323,09:57,1995.00,1995.00,1995.00,1995.00,100,38950
20220323,10:04,1990.40,1990.40,1990.40,1990.40,100,38950
20220323,10:05,1978.00,1978.00,1978.00,1978.00,100,38950
20220323,10:06,1985.00,1985.00,1985.00,1985.00,50,39000
20220323,10:07,1985.00,1985.00,1985.00,1985.00,50,39000
20220323,10:13,1991.00,1991.00,1991.00,1991.00,100,39100
20220323,10:14,1995.00,1995.00,1995.00,1995.00,100,39100
20220323,10:17,1995.00,1995.00,1995.00,1995.00,100,39150
20220323,10:18,1991.85,1991.85,1991.85,1991.85,50,39150
20220323,10:27,1937.05,1937.05,1937.05,1937.05,50,39100
20220323,10:33,1937.05,1962.90,1937.05,1962.15,600,39100
20220323,10:34,1965.05,1966.20,1965.05,1966.20,400,39100
20220323,10:36,1961.25,1964.65,1955.10,1957.90,1150,40100
20220323,10:55,1995.00,1995.00,1986.30,1986.30,250,41100
20220323,10:56,1992.15,1992.15,1983.10,1984.00,1000,41100
20220323,11:16,1968.20,1968.20,1968.20,1968.20,50,42100
20220323,11:17,1972.20,1972.20,1972.20,1972.20,50,42100
20220323,11:22,1973.75,1973.75,1973.75,1973.75,50,42100
20220323,11:23,1972.95,1972.95,1972.95,1972.95,50,42100
20220323,11:24,1975.50,1975.50,1975.50,1975.50,50,42150
20220323,11:26,1962.10,1966.60,1962.10,1966.60,150,42200
20220323,11:27,1967.75,1967.75,1967.75,1967.75,50,42200
20220323,11:31,1976.20,1976.20,1973.65,1973.65,400,42300
20220323,11:32,1973.65,1977.30,1968.25,1968.25,1200,43500
20220323,11:33,1970.40,1974.40,1970.40,1974.40,200,43500
20220323,11:40,1972.70,1972.70,1972.70,1972.70,50,43800
20220323,11:45,1962.15,1971.55,1962.15,1971.55,200,43800
20220323,11:57,1973.15,1973.15,1973.15,1973.15,100,43800
20220323,12:00,1919.85,1919.85,1916.65,1916.65,450,43800
20220323,12:02,1907.05,1907.05,1907.05,1907.05,100,43800
20220323,12:03,1915.00,1915.00,1915.00,1915.00,900,43850
20220323,12:05,1912.00,1912.00,1912.00,1912.00,100,43850
20220323,12:07,1900.00,1900.00,1898.20,1898.20,100,44750
20220323,12:08,1898.20,1898.20,1898.20,1898.20,50,44750
20220323,12:20,1909.50,1909.50,1905.85,1905.85,350,44750
20220323,12:23,1913.40,1913.40,1913.40,1913.40,50,44750
20220323,12:24,1913.55,1913.55,1913.55,1913.55,50,44750
20220323,12:46,1880.00,1880.00,1880.00,1880.00,200,44800
20220323,12:49,1880.00,1880.00,1880.00,1880.00,200,45000
20220323,13:20,1897.15,1897.15,1897.15,1897.15,50,45200
20220323,13:35,1915.00,1915.00,1915.00,1915.00,500,45250
20220323,13:44,1900.90,1900.90,1900.00,1900.00,350,45350
20220323,13:48,1892.80,1892.80,1892.80,1892.80,200,45350
20220323,14:10,1911.00,1911.00,1911.00,1911.00,50,45350
20220323,14:13,1906.65,1906.65,1906.65,1906.65,50,45400
20220323,14:16,1903.75,1903.75,1903.75,1903.75,100,45450
20220323,14:17,1903.65,1903.65,1903.65,1903.65,100,45450
20220323,14:18,1905.00,1905.00,1905.00,1905.00,50,45450
20220323,14:20,1905.00,1905.00,1905.00,1905.00,300,45600
20220323,14:25,1921.70,1921.70,1921.70,1921.70,50,45900
20220323,14:27,1923.10,1923.10,1923.10,1923.10,50,45900
20220323,14:32,1937.00,1937.00,1937.00,1937.00,250,45950
20220323,14:33,1941.40,1941.40,1941.40,1941.40,50,45950
20220323,14:42,1920.00,1920.00,1920.00,1920.00,50,46000
20220323,14:46,1907.10,1907.10,1907.10,1907.10,100,46000
20220323,14:49,1923.65,1923.65,1923.65,1923.65,50,46100
20220323,14:51,1915.10,1915.10,1915.10,1915.10,100,46100
20220323,14:54,1910.00,1910.00,1910.00,1910.00,100,46050
20220323,14:56,1912.00,1912.00,1912.00,1912.00,50,46100
20220323,15:03,1904.05,1904.05,1904.05,1904.05,200,46150
20220323,15:04,1914.00,1914.00,1914.00,1914.00,150,46150
20220323,15:08,1910.00,1910.00,1910.00,1910.00,200,46300
20220323,15:12,1909.60,1909.60,1905.65,1905.65,100,46500
20220323,15:18,1890.00,1890.00,1890.00,1890.00,50,46550
20220323,15:20,1885.85,1885.85,1885.85,1885.85,50,46550
20220323,15:21,1881.05,1881.05,1881.05,1881.05,100,46550
20220324,09:19,1823.25,1823.25,1823.25,1823.25,51,46550
20220324,09:21,1837.05,1837.05,1837.05,1837.05,50,46550
20220324,09:24,1837.05,1837.05,1837.05,1837.05,50,46500
20220324,09:27,1835.00,1835.00,1835.00,1835.00,50,46500
20220324,09:28,1845.30,1845.30,1845.30,1845.30,50,46550
20220324,09:29,1851.05,1851.05,1851.05,1851.05,50,46600
20220324,09:35,1851.05,1851.05,1851.05,1851.05,50,46650
20220324,09:36,1860.00,1862.25,1860.00,1862.25,150,46650
20220324,09:37,1856.55,1856.55,1856.55,1856.55,50,46650
20220324,09:38,1856.50,1856.50,1856.50,1856.50,50,46900
20220324,09:40,1844.50,1844.50,1844.50,1844.50,50,46900
20220324,09:41,1858.15,1858.15,1858.15,1858.15,50,47000
20220324,09:42,1865.55,1865.55,1858.05,1858.05,150,47000
20220324,09:50,1874.65,1874.65,1874.65,1874.65,50,47200
20220324,09:55,1894.25,1894.25,1894.25,1894.25,50,47200
20220324,10:01,1905.00,1905.00,1905.00,1905.00,50,47250
20220324,10:05,1905.00,1905.00,1905.00,1905.00,50,47200
20220324,10:24,1905.00,1905.00,1905.00,1905.00,50,47250
20220324,10:57,1890.00,1890.00,1890.00,1890.00,400,47300
20220324,11:03,1890.00,1890.00,1890.00,1890.00,1100,47700
20220324,11:05,1914.30,1914.30,1914.30,1914.30,200,47700
20220324,11:06,1914.30,1914.30,1910.00,1910.00,550,48800
20220324,11:08,1909.55,1909.55,1909.55,1909.55,400,48800
20220324,11:12,1930.25,1931.70,1930.25,1931.70,150,48800
20220324,11:14,1928.00,1928.00,1928.00,1928.00,100,48800
20220324,11:16,1926.10,1926.10,1922.55,1922.55,150,48900
20220324,11:19,1919.85,1919.85,1917.95,1917.95,250,48900
20220324,11:23,1920.00,1920.00,1920.00,1920.00,100,49100
20220324,11:24,1942.10,1942.10,1942.10,1942.10,50,49100
20220324,11:28,1942.10,1942.10,1942.10,1942.10,50,49200
20220324,11:32,1927.75,1927.75,1927.75,1927.75,50,49200
20220324,11:34,1937.65,1937.65,1937.65,1937.65,50,49250
20220324,11:36,1927.65,1927.65,1927.65,1927.65,50,49250
20220324,11:38,1945.00,1945.00,1945.00,1945.00,50,49250
20220324,11:45,1945.00,1945.00,1910.00,1910.00,350,49250
20220324,11:47,1910.00,1910.00,1900.00,1900.00,500,49250
20220324,11:51,1884.00,1884.00,1884.00,1884.00,50,49700
20220324,11:59,1889.00,1889.00,1889.00,1889.00,200,49750
20220324,12:01,1877.30,1877.30,1877.30,1877.30,50,49950
20220324,12:03,1877.30,1877.30,1877.30,1877.30,100,50000
20220324,12:10,1870.00,1870.00,1870.00,1870.00,50,50050
20220324,12:18,1834.95,1835.00,1834.95,1835.00,1400,50100
20220324,12:19,1835.00,1835.00,1835.00,1835.00,250,50100
20220324,12:20,1839.00,1839.00,1839.00,1839.00,1150,50100
20220324,12:21,1839.00,1839.00,1839.00,1839.00,350,52900
20220324,12:28,1817.00,1817.00,1817.00,1817.00,200,53200
20220324,12:30,1809.00,1809.00,1809.00,1809.00,150,53400
20220324,12:32,1819.65,1819.65,1819.65,1819.65,100,53400
20220324,12:34,1829.00,1829.00,1829.00,1829.00,50,53550
20220324,12:39,1824.00,1824.00,1824.00,1824.00,50,53600
20220324,12:42,1834.00,1834.00,1834.00,1834.00,250,53700
20220324,12:43,1834.20,1834.20,1834.20,1834.20,50,53700
20220324,12:49,1833.60,1833.60,1830.00,1830.00,100,53950
20220324,12:52,1835.45,1835.45,1832.80,1832.80,300,54050
20220324,12:53,1831.75,1831.75,1831.75,1831.75,150,54050
20220324,12:54,1821.00,1821.00,1821.00,1821.00,150,54050
20220324,12:55,1822.00,1822.00,1822.00,1822.00,150,54400
20220324,12:56,1825.00,1825.00,1825.00,1825.00,50,54400
20220324,12:59,1827.00,1834.30,1827.00,1834.30,200,54750
20220324,13:03,1842.85,1842.85,1842.85,1842.85,50,54950
20220324,13:18,1824.70,1824.70,1824.70,1824.70,800,54950
20220324,13:19,1822.00,1822.00,1822.00,1822.00,50,54950
20220324,13:27,1860.00,1860.00,1860.00,1860.00,50,54300
20220324,13:32,1860.00,1860.00,1860.00,1860.00,50,54250
20220324,13:39,1851.55,1851.55,1851.55,1851.55,50,54300
20220324,13:46,1820.90,1820.90,1820.90,1820.90,100,54350
20220324,13:52,1837.00,1837.00,1837.00,1837.00,200,54450
20220324,13:57,1836.70,1836.80,1835.95,1835.95,200,54650
20220324,13:58,1835.15,1840.80,1835.15,1840.80,250,54650
20220324,14:00,1836.70,1840.45,1836.70,1840.45,300,54650
20220324,14:07,1875.00,1875.45,1875.00,1875.45,250,55350
20220324,14:08,1870.05,1870.05,1870.05,1870.05,150,55350
20220324,14:18,1870.25,1870.25,1870.25,1870.25,50,55600
20220324,14:19,1862.90,1862.90,1862.90,1862.90,200,55600
20220324,14:30,1893.75,1893.75,1893.75,1893.75,150,55850
20220324,14:31,1883.10,1883.10,1878.45,1878.45,500,56000
20220324,14:42,1877.35,1877.35,1877.35,1877.35,50,56500
20220324,14:43,1871.25,1871.25,1871.25,1871.25,50,56500
20220324,14:45,1875.00,1875.00,1875.00,1875.00,50,56500
20220324,14:46,1880.00,1880.00,1880.00,1880.00,50,56600
20220324,15:14,1862.00,1862.00,1862.00,1862.00,50,56650
20220324,15:15,1856.25,1856.25,1856.25,1856.25,50,56650
20220324,15:20,1855.00,1855.00,1855.00,1855.00,50,56750
20220324,15:28,1823.80,1823.80,1823.80,1823.80,100,56800
20220325,09:18,1872.05,1872.05,1860.00,1860.00,101,56750
20220325,09:19,1856.90,1856.90,1856.90,1856.90,50,56750
20220325,09:24,1835.00,1835.00,1835.00,1835.00,50,56750
20220325,09:34,1816.05,1816.05,1816.05,1816.05,50,56800
20220325,09:37,1816.05,1816.05,1816.05,1816.05,50,56850
20220325,09:38,1825.00,1825.00,1825.00,1825.00,50,56900
20220325,09:39,1822.00,1822.00,1822.00,1822.00,50,56900
20220325,09:40,1829.30,1829.30,1829.30,1829.30,50,56900
20220325,09:41,1830.90,1830.90,1830.90,1830.90,50,57050
20220325,09:57,1846.15,1846.15,1846.15,1846.15,100,57100
20220325,10:08,1850.00,1850.00,1850.00,1850.00,350,57100
20220325,10:09,1850.00,1850.00,1850.00,1850.00,150,57100
20220325,10:13,1845.00,1845.00,1845.00,1845.00,500,57100
20220325,10:36,1811.00,1811.00,1811.00,1811.00,50,57100
20220325,10:37,1811.00,1811.00,1811.00,1811.00,50,57100
20220325,10:40,1820.90,1820.90,1820.90,1820.90,200,57200
20220325,10:42,1815.00,1815.00,1809.45,1809.45,550,57400
20220325,10:43,1809.45,1809.45,1809.45,1809.45,150,57400
20220325,10:56,1820.00,1820.00,1820.00,1820.00,100,57700
20220325,11:05,1810.00,1810.00,1810.00,1810.00,150,57800
20220325,11:14,1820.00,1820.00,1820.00,1820.00,50,57700
20220325,11:15,1820.00,1820.00,1820.00,1820.00,550,57700
20220325,11:20,1819.80,1820.00,1819.80,1820.00,200,58300
20220325,11:21,1820.00,1820.00,1820.00,1820.00,300,58500
20220325,11:35,1811.15,1811.15,1811.15,1811.15,50,58800
20220325,11:38,1819.00,1819.00,1819.00,1819.00,150,58800
20220325,11:39,1822.00,1822.00,1822.00,1822.00,50,58950
20220325,11:42,1830.00,1830.00,1830.00,1830.00,50,59000
20220325,11:44,1828.00,1828.00,1828.00,1828.00,50,59000
20220325,11:48,1824.00,1824.00,1824.00,1824.00,50,59100
20220325,11:51,1830.00,1830.00,1830.00,1830.00,50,59150
20220325,11:53,1825.00,1825.00,1825.00,1825.00,200,59150
20220325,11:54,1821.00,1821.00,1821.00,1821.00,50,59400
20220325,11:55,1825.00,1825.00,1825.00,1825.00,50,59400
20220325,11:57,1825.00,1825.00,1825.00,1825.00,200,59500
20220325,11:58,1820.00,1820.00,1820.00,1820.00,100,59500
20220325,12:02,1808.00,1808.00,1808.00,1808.00,50,59800
20220325,12:05,1791.35,1791.35,1791.35,1791.35,50,59850
20220325,12:13,1760.00,1760.00,1760.00,1760.00,50,59850
20220325,12:15,1760.00,1760.00,1760.00,1760.00,50,59900
20220325,12:17,1760.70,1760.70,1760.70,1760.70,500,59900
20220325,12:20,1771.55,1772.10,1768.15,1768.15,250,60150
20220325,12:22,1768.75,1768.75,1768.75,1768.75,50,60350
20220325,12:26,1774.05,1774.05,1770.00,1770.00,300,60350
20220325,12:27,1776.10,1776.10,1776.10,1776.10,300,60650
20220325,12:29,1770.00,1770.00,1770.00,1770.00,200,60650
20220325,12:30,1768.70,1770.00,1768.70,1770.00,1450,61150
20220325,12:44,1791.05,1791.05,1791.05,1791.05,200,62100
20220325,12:45,1790.00,1790.00,1789.05,1789.05,650,62250
20220325,12:49,1787.25,1787.25,1782.70,1782.70,550,62700
20220325,12:50,1780.00,1780.00,1780.00,1780.00,200,62700
20220325,12:51,1778.00,1778.00,1775.00,1775.00,500,63300
20220325,12:52,1775.00,1775.00,1775.00,1775.00,50,63300
20220325,12:53,1778.00,1778.00,1778.00,1778.00,300,63300
20220325,12:55,1778.00,1778.00,1778.00,1778.00,250,63750
20220325,12:59,1773.85,1773.85,1770.00,1770.00,250,64000
20220325,13:00,1771.00,1771.00,1771.00,1771.00,150,64250
20220325,13:01,1770.35,1771.00,1763.00,1763.00,300,64250
20220325,13:03,1771.00,1779.40,1771.00,1775.00,300,64700
20220325,13:04,1778.00,1785.00,1778.00,1785.00,250,64700
20220325,13:05,1785.00,1791.05,1785.00,1791.05,250,64700
20220325,13:06,1785.00,1785.00,1785.00,1785.00,200,65500
20220325,13:07,1790.00,1790.00,1784.75,1784.75,500,65500
20220325,13:09,1790.00,1790.00,1790.00,1790.00,250,65500
20220325,13:12,1775.25,1775.25,1775.25,1775.25,200,65900
20220325,13:14,1778.00,1778.00,1778.00,1778.00,50,66100
20220325,13:17,1780.00,1780.00,1780.00,1780.00,50,66050
20220325,13:18,1780.00,1780.00,1780.00,1780.00,50,66050
20220325,13:19,1780.00,1780.00,1780.00,1780.00,350,66050
20220325,13:20,1778.00,1778.00,1778.00,1778.00,250,66050
20220325,13:23,1772.00,1772.00,1772.00,1772.00,100,66250
20220325,13:24,1772.00,1772.00,1772.00,1772.00,50,66250
20220325,13:26,1772.00,1772.00,1768.00,1768.00,350,66300
20220325,13:27,1763.05,1763.05,1763.05,1763.05,200,66450
20220325,13:28,1775.30,1775.30,1775.30,1775.30,50,66450
20220325,13:31,1782.00,1782.00,1778.00,1778.00,500,66450
20220325,13:32,1775.00,1775.00,1775.00,1775.00,200,66450
20220325,13:36,1765.55,1765.55,1765.55,1765.55,200,66750
20220325,13:39,1769.45,1769.45,1769.45,1769.45,200,66750
20220325,13:40,1765.70,1765.70,1763.00,1763.00,650,66750
20220325,13:42,1755.95,1755.95,1755.95,1755.95,250,66750
20220325,13:43,1752.90,1752.90,1752.60,1752.60,300,67750
20220325,13:44,1750.45,1750.45,1745.00,1745.75,1350,67750
20220325,13:46,1746.75,1746.75,1746.75,1746.75,50,68750
20220325,13:49,1730.00,1730.00,1730.00,1730.00,200,68750
20220325,13:55,1728.00,1728.00,1728.00,1728.00,50,68850
20220325,14:04,1728.00,1740.00,1728.00,1740.00,500,68800
20220325,14:06,1738.00,1738.00,1728.30,1728.30,550,69200
20220325,14:07,1728.30,1728.30,1728.30,1728.30,50,69200
20220325,14:11,1732.45,1732.45,1732.45,1732.45,500,69550
20220325,14:13,1745.00,1745.00,1745.00,1745.00,500,69900
20220325,14:14,1745.00,1745.00,1745.00,1745.00,100,69900
20220325,14:15,1745.00,1745.00,1745.00,1745.00,400,69900
20220325,14:16,1759.30,1759.30,1759.30,1759.30,500,70350
20220325,14:17,1752.05,1752.05,1752.00,1752.00,550,70350
20220325,14:19,1760.00,1760.00,1760.00,1760.00,650,71050
20220325,14:21,1760.00,1760.00,1760.00,1760.00,500,71050
20220325,14:24,1755.05,1755.05,1755.05,1755.05,50,71500
20220325,14:25,1765.00,1765.00,1765.00,1765.00,150,71500
20220325,14:26,1780.00,1780.00,1780.00,1780.00,400,71500
20220325,14:28,1775.00,1775.00,1775.00,1775.00,500,71700
20220325,14:30,1776.40,1776.40,1776.40,1776.40,500,71700
20220325,14:31,1770.00,1770.00,1770.00,1770.00,500,72450
20220325,14:34,1760.00,1760.00,1760.00,1760.00,200,72950
20220325,14:35,1767.00,1767.00,1767.00,1767.00,300,72950
20220325,14:37,1770.00,1770.00,1770.00,1770.00,100,73450
20220325,14:39,1760.00,1760.00,1760.00,1760.00,50,73450
20220325,14:40,1760.00,1760.00,1760.00,1760.00,450,73600
20220325,14:42,1750.00,1750.00,1746.95,1746.95,550,74500
20220325,14:43,1745.00,1745.00,1745.00,1745.00,50,74500
20220325,14:44,1748.00,1748.00,1746.55,1746.55,700,74500
20220325,14:46,1755.00,1762.00,1755.00,1762.00,700,75000
20220325,14:47,1762.00,1762.00,1762.00,1762.00,500,75000
20220325,14:48,1755.00,1760.55,1755.00,1760.55,700,75000
20220325,14:53,1755.00,1755.00,1755.00,1755.00,50,75950
20220325,14:54,1756.00,1756.00,1756.00,1756.00,500,75950
20220325,14:56,1755.00,1755.00,1752.00,1752.00,1000,75950
20220325,14:57,1744.00,1744.00,1744.00,1744.00,100,76900
20220325,14:58,1746.00,1746.00,1742.00,1742.00,700,76900
20220325,14:59,1742.00,1746.00,1742.00,1746.00,250,76900
20220325,15:00,1765.45,1782.00,1765.45,1782.00,1450,77650
20220325,15:01,1767.00,1767.00,1767.00,1767.00,500,77650
20220325,15:02,1760.50,1760.50,1760.50,1760.50,500,77650
20220325,15:04,1759.95,1759.95,1759.95,1759.95,200,78950
20220325,15:05,1765.00,1765.00,1763.00,1763.00,800,78950
20220325,15:06,1766.45,1766.45,1766.45,1766.45,500,78950
20220325,15:07,1758.50,1760.00,1758.50,1760.00,1000,80450
20220325,15:08,1759.30,1759.30,1759.30,1759.30,300,80450
20220325,15:09,1770.50,1770.50,1770.50,1770.50,500,80450
20220325,15:10,1774.70,1774.70,1774.70,1774.70,500,82000
20220325,15:12,1775.40,1775.40,1772.00,1772.00,800,82900
20220325,15:13,1775.00,1781.00,1775.00,1781.00,200,82900
20220325,15:14,1781.10,1781.10,1781.10,1781.10,500,82900
20220325,15:18,1803.00,1803.00,1795.60,1795.60,1050,83600
20220325,15:20,1801.95,1801.95,1801.95,1801.95,100,83600
20220325,15:21,1819.55,1819.55,1819.55,1819.55,100,83650
20220325,15:22,1833.40,1833.40,1833.40,1833.40,50,83650
20220325,15:25,1833.15,1833.15,1833.15,1833.15,100,83750
20220325,15:28,1820.80,1820.80,1820.80,1820.80,100,83750
20220328,09:15,1786.70,1786.70,1786.70,1786.70,51,83650
20220328,09:17,1780.00,1780.00,1780.00,1780.00,150,83600
20220328,09:23,1748.80,1748.80,1748.80,1748.80,50,83450
20220328,09:25,1730.20,1730.20,1730.20,1730.20,50,83450
20220328,09:27,1719.00,1719.00,1719.00,1719.00,50,83500
20220328,09:29,1718.15,1718.15,1718.15,1718.15,50,83500
20220328,09:30,1698.85,1698.85,1698.85,1698.85,350,83600
20220328,09:31,1711.25,1711.25,1711.25,1711.25,1650,83600
20220328,09:32,1711.25,1711.25,1696.25,1696.25,800,84550
20220328,09:34,1696.25,1696.25,1696.25,1696.25,200,84550
20220328,09:37,1712.00,1712.00,1712.00,1712.00,50,85000
20220328,09:38,1706.45,1706.45,1706.45,1706.45,50,85000
20220328,09:42,1713.25,1713.25,1713.25,1713.25,1900,85000
20220328,09:43,1700.00,1700.00,1700.00,1700.00,50,85000
20220328,09:45,1687.90,1687.90,1687.90,1687.90,50,85000
20220328,09:52,1687.90,1687.90,1687.90,1687.90,50,83600
20220328,09:54,1692.10,1692.10,1692.10,1692.10,50,83650
20220328,09:56,1685.30,1685.30,1685.30,1685.30,1850,83700
20220328,10:00,1685.30,1702.00,1685.30,1702.00,900,85050
20220328,10:01,1702.00,1702.00,1702.00,1702.00,50,85050
20220328,10:04,1697.45,1706.60,1691.45,1694.00,2250,85800
20220328,10:05,1694.00,1694.00,1690.25,1690.25,250,85000
20220328,10:06,1694.00,1694.00,1694.00,1694.00,50,85000
20220328,10:07,1695.00,1695.00,1695.00,1695.00,50,85000
20220328,10:10,1685.00,1685.00,1685.00,1685.00,50,85000
20220328,10:11,1680.00,1680.00,1680.00,1680.00,50,85100
20220328,10:12,1677.05,1677.05,1677.05,1677.05,50,85100
20220328,10:13,1677.05,1677.05,1677.05,1677.05,50,85100
20220328,10:14,1682.00,1682.00,1681.25,1681.25,250,85250
20220328,10:15,1675.00,1675.00,1675.00,1675.00,50,85250
20220328,10:18,1670.00,1670.00,1663.45,1667.65,400,85100
20220328,10:19,1661.25,1662.00,1661.25,1662.00,2150,85100
20220328,10:20,1661.40,1662.25,1661.40,1662.25,350,85100
20220328,10:21,1656.00,1656.00,1656.00,1656.00,50,86600
20220328,10:27,1656.00,1656.00,1656.00,1656.00,250,86600
20220328,10:28,1665.00,1669.00,1665.00,1669.00,250,86600
20220328,10:29,1669.00,1669.00,1669.00,1669.00,50,86600
20220328,10:30,1660.00,1660.00,1659.00,1659.00,100,87150
20220328,10:32,1670.00,1670.00,1670.00,1670.00,50,87250
20220328,10:33,1665.00,1665.00,1665.00,1665.00,100,87250
20220328,10:34,1671.65,1671.65,1671.65,1671.65,1850,87250
20220328,10:39,1650.00,1650.00,1650.00,1650.00,50,87250
20220328,10:41,1650.00,1650.00,1649.35,1649.35,300,85650
20220328,10:49,1642.75,1648.00,1642.75,1648.00,1950,85850
20220328,10:53,1670.00,1670.00,1670.00,1670.00,50,87800
20220328,10:54,1669.30,1669.30,1669.30,1669.30,200,87800
20220328,10:55,1673.95,1673.95,1666.55,1666.55,500,87800
20220328,11:00,1673.70,1673.70,1673.70,1673.70,50,87900
20220328,11:01,1677.55,1677.55,1677.55,1677.55,200,87900
20220328,11:05,1674.10,1677.95,1669.95,1669.95,2450,86550
20220328,11:06,1669.50,1669.50,1669.50,1669.50,100,86550
20220328,11:07,1663.00,1665.30,1663.00,1665.30,1300,86550
20220328,11:11,1665.00,1665.00,1665.00,1665.00,100,87250
20220328,11:12,1666.30,1666.30,1666.30,1666.30,50,87150
20220328,11:18,1672.35,1672.35,1672.35,1672.35,2800,87200
20220328,11:19,1670.35,1670.60,1670.35,1670.60,300,87200
20220328,11:20,1671.20,1671.20,1671.20,1671.20,50,87200
20220328,11:22,1677.00,1679.05,1677.00,1679.05,1250,88850
20220328,11:23,1680.00,1682.00,1680.00,1682.00,800,88850
20220328,11:24,1680.10,1680.10,1680.10,1680.10,250,88850
20220328,11:25,1690.00,1690.00,1690.00,1690.00,50,90600
20220328,11:26,1690.00,1694.00,1689.25,1694.00,1050,90600
20220328,11:27,1682.55,1685.00,1682.55,1682.90,200,91600
20220328,11:28,1680.25,1680.25,1680.25,1680.25,250,91600
20220328,11:29,1682.00,1682.00,1682.00,1682.00,250,91600
20220328,11:30,1672.30,1675.00,1672.30,1675.00,350,92250
20220328,11:31,1673.00,1675.00,1673.00,1673.65,1750,92250
20220328,11:32,1674.20,1680.00,1674.20,1680.00,1300,92250
20220328,11:33,1683.00,1684.30,1683.00,1684.05,950,94600
20220328,11:34,1683.45,1685.00,1683.45,1685.00,250,94600
20220328,11:36,1683.60,1683.60,1683.60,1683.60,1900,95800
20220328,11:37,1679.00,1679.00,1679.00,1679.00,50,95800
20220328,11:38,1665.35,1665.35,1665.00,1665.00,350,94650
20220328,11:39,1667.90,1667.90,1662.90,1662.90,100,94650
20220328,11:40,1655.70,1655.70,1652.15,1652.15,400,94650
20220328,11:48,1654.25,1654.25,1654.25,1654.25,1950,95050
20220328,11:51,1650.00,1650.00,1650.00,1650.00,50,96400
20220328,11:52,1652.00,1652.00,1652.00,1652.00,50,96400
20220328,11:53,1658.05,1658.05,1654.00,1654.00,350,96800
20220328,11:54,1654.00,1654.00,1654.00,1654.00,50,96800
20220328,11:55,1654.95,1656.00,1654.95,1656.00,650,96800
20220328,12:03,1661.40,1661.40,1659.35,1659.35,2000,97550
20220328,12:04,1653.00,1653.00,1653.00,1653.00,50,97550
20220328,12:06,1650.00,1650.00,1650.00,1650.00,50,96650
20220328,12:07,1650.45,1650.45,1650.45,1650.45,50,96650
20220328,12:11,1648.00,1651.40,1648.00,1651.40,500,97050
20220328,12:12,1661.30,1670.40,1661.30,1670.40,100,97050
20220328,12:13,1675.00,1681.75,1675.00,1681.75,1100,97050
20220328,12:14,1691.70,1691.70,1691.70,1691.70,50,97050
20220328,12:15,1687.10,1717.05,1687.10,1717.05,550,97700
20220328,12:16,1725.00,1728.45,1725.00,1725.85,150,97700
20220328,12:18,1717.25,1718.60,1715.95,1718.60,4050,98250
20220328,12:19,1716.95,1716.95,1709.35,1709.35,200,98250
20220328,12:20,1717.00,1722.90,1713.70,1713.70,500,98250
20220328,12:21,1708.25,1708.25,1708.25,1708.25,200,101300
20220328,12:22,1707.05,1707.05,1707.05,1707.05,50,101300
20220328,12:28,1715.00,1715.00,1715.00,1715.00,200,101550
20220328,12:30,1711.80,1727.35,1711.80,1727.35,150,101750
20220328,12:31,1718.90,1718.90,1718.90,1718.90,50,101750
20220328,12:32,1734.45,1747.65,1734.45,1745.35,700,101750
20220328,12:33,1749.20,1749.20,1749.20,1749.20,50,102600
20220328,12:34,1758.60,1775.00,1758.60,1775.00,200,102600
20220328,12:35,1783.00,1793.90,1783.00,1793.90,200,102600
20220328,12:36,1793.90,1806.85,1793.90,1806.85,2300,103050
20220328,12:37,1792.40,1795.80,1792.40,1795.80,100,103050
20220328,12:38,1792.75,1792.75,1792.75,1792.75,50,103050
20220328,12:39,1793.00,1793.00,1787.40,1787.40,1000,101850
20220328,12:40,1781.80,1785.00,1779.10,1779.10,350,101850
20220328,12:41,1779.75,1779.75,1779.75,1779.75,50,101850
20220328,12:42,1784.20,1784.20,1784.20,1784.20,450,103200
20220328,12:43,1778.20,1780.25,1778.20,1780.25,600,103200
20220328,12:44,1780.00,1780.00,1780.00,1780.00,200,103200
20220328,12:45,1796.65,1796.65,1791.10,1791.10,350,104450
20220328,12:46,1795.00,1795.00,1795.00,1795.00,300,104450
20220328,12:47,1800.00,1807.55,1800.00,1807.55,300,104450
20220328,12:48,1807.55,1807.55,1807.55,1807.55,50,105100
20220328,12:50,1813.05,1813.05,1813.05,1813.05,100,105100
20220328,12:51,1813.05,1813.05,1813.05,1813.05,100,105250
20220328,12:52,1811.95,1817.00,1811.95,1817.00,550,105250
20220328,12:53,1817.50,1817.50,1813.00,1817.50,650,105250
20220328,12:54,1823.60,1826.85,1823.60,1826.85,300,106500
20220328,12:55,1823.00,1825.00,1819.00,1820.10,950,106500
20220328,12:56,1830.45,1834.00,1830.45,1834.00,550,106500
20220328,12:57,1834.00,1834.00,1833.00,1833.00,300,108300
20220328,12:58,1834.00,1838.80,1834.00,1838.80,650,108300
20220328,12:59,1838.80,1839.00,1835.00,1839.00,3000,108300
20220328,13:00,1841.30,1844.75,1841.30,1844.75,500,111500
20220328,13:01,1838.35,1838.35,1831.80,1831.80,600,111500
20220328,13:03,1831.35,1831.35,1831.35,1831.35,150,111500
20220328,13:05,1813.65,1819.00,1813.65,1819.00,400,112750
20220328,13:06,1819.00,1819.00,1819.00,1819.00,300,112750
20220328,13:07,1825.25,1825.25,1825.25,1825.25,200,113400
20220328,13:08,1832.35,1832.35,1832.35,1832.35,150,113400
20220328,13:09,1845.20,1845.20,1845.20,1845.20,100,113750
20220328,13:11,1847.55,1847.55,1847.55,1847.55,3150,113750
20220328,13:13,1836.30,1837.10,1829.10,1837.10,1000,113400
20220328,13:19,1837.55,1837.55,1837.55,1837.55,250,114200
20220328,13:20,1828.30,1828.30,1828.30,1828.30,150,114200
20220328,13:22,1820.95,1820.95,1814.75,1814.75,2050,114500
20220328,13:23,1816.25,1816.25,1816.25,1816.25,300,114500
20220328,13:25,1820.00,1820.00,1809.55,1809.55,350,116450
20220328,13:26,1812.05,1820.00,1810.30,1818.50,550,116450
20220328,13:27,1821.10,1823.30,1821.10,1823.30,450,117600
20220328,13:28,1823.00,1823.00,1823.00,1823.00,50,117600
20220328,13:29,1823.00,1823.00,1823.00,1823.00,250,117600
20220328,13:32,1805.85,1805.85,1789.70,1789.70,2150,117850
20220328,13:33,1787.30,1787.30,1787.30,1787.30,800,117800
20220328,13:36,1770.00,1770.05,1770.00,1770.05,100,118650
20220328,13:37,1773.95,1775.55,1773.00,1775.55,1850,118650
20220328,13:41,1775.00,1775.00,1775.00,1775.00,50,120350
20220328,13:42,1783.55,1783.55,1783.55,1783.55,50,120400
20220328,13:45,1792.00,1792.00,1792.00,1792.00,150,120400
20220328,13:46,1796.35,1796.35,1796.35,1796.35,2800,120500
20220328,13:47,1788.55,1788.55,1788.55,1788.55,50,120500
20220328,13:48,1788.15,1795.00,1788.15,1795.00,300,121550
20220328,13:50,1800.50,1800.50,1800.50,1800.50,50,121550
20220328,13:55,1810.00,1810.00,1810.00,1810.00,100,121650
20220328,13:56,1808.85,1810.00,1808.85,1810.00,300,121650
20220328,13:57,1812.00,1812.00,1812.00,1812.00,100,122050
20220328,13:58,1811.60,1811.60,1811.60,1811.60,200,122050
20220328,14:01,1820.00,1820.00,1820.00,1820.00,50,122350
20220328,14:02,1820.35,1820.35,1820.35,1820.35,250,122350
20220328,14:03,1826.10,1826.10,1826.10,1826.10,1950,122350
20220328,14:04,1805.40,1805.70,1805.40,1805.70,200,122600
20220328,14:05,1801.25,1801.25,1801.20,1801.20,450,122600
20220328,14:07,1803.50,1803.50,1803.50,1803.50,500,122300
20220328,14:08,1800.00,1800.00,1800.00,1800.00,200,122300
20220328,14:10,1796.00,1796.00,1796.00,1796.00,50,122600
20220328,14:11,1802.55,1802.55,1802.55,1802.55,50,122600
20220328,14:12,1814.15,1823.00,1813.45,1813.45,400,122750
20220328,14:13,1814.30,1814.30,1807.60,1807.60,800,122750
20220328,14:14,1809.95,1809.95,1809.95,1809.95,100,122750
20220328,14:17,1811.50,1811.50,1811.50,1811.50,600,123500
20220328,14:18,1804.25,1804.25,1804.25,1804.25,2000,124100
20220328,14:19,1811.25,1811.30,1810.95,1810.95,300,124100
20220328,14:20,1813.05,1813.05,1813.05,1813.05,50,124100
20220328,14:24,1813.05,1813.05,1813.05,1813.05,50,125200
20220328,14:25,1822.00,1822.00,1822.00,1822.00,100,125200
20220328,14:27,1817.30,1823.00,1817.30,1823.00,150,125250
20220328,14:28,1825.65,1825.65,1823.00,1823.00,300,125250
20220328,14:31,1826.85,1826.85,1826.85,1826.85,200,125700
20220328,14:33,1828.65,1835.95,1827.05,1827.05,2400,125700
20220328,14:34,1831.00,1831.20,1831.00,1831.05,300,124850
20220328,14:38,1842.85,1845.40,1842.85,1845.40,500,125050
20220328,14:39,1845.25,1845.25,1838.80,1838.80,300,125650
20220328,14:40,1841.65,1841.65,1841.65,1841.65,50,125650
20220328,14:41,1835.55,1835.55,1835.55,1835.55,150,125650
20220328,14:42,1825.60,1825.60,1825.60,1825.60,100,125850
20220328,14:43,1827.70,1827.70,1827.70,1827.70,50,125850
20220328,14:45,1819.65,1819.65,1811.40,1811.40,100,125850
20220328,14:46,1810.00,1810.00,1810.00,1810.00,50,126050
20220328,14:48,1800.00,1804.00,1800.00,1804.00,100,126150
20220328,14:49,1799.85,1799.85,1799.85,1799.85,2100,126150
20220328,14:54,1813.85,1814.95,1813.85,1814.95,100,127450
20220328,14:55,1814.80,1831.85,1814.80,1831.85,600,127450
20220328,14:56,1833.05,1835.90,1833.05,1835.90,300,127450
20220328,14:57,1834.95,1834.95,1832.15,1832.60,800,127450
20220328,14:58,1828.95,1835.25,1828.95,1835.25,600,129200
20220328,14:59,1843.15,1843.15,1836.55,1838.20,250,129200
20220328,15:00,1833.15,1842.35,1833.15,1842.20,300,130100
20220328,15:01,1845.45,1849.90,1845.45,1849.90,900,130100
20220328,15:04,1840.55,1840.55,1840.55,1840.55,50,131200
20220328,15:05,1847.90,1847.90,1847.90,1847.90,2000,131200
20220328,15:06,1840.55,1840.55,1836.00,1836.00,150,130850
20220328,15:07,1842.00,1842.00,1842.00,1842.00,50,130850
20220328,15:08,1858.30,1858.30,1858.30,1858.30,50,130850
20220328,15:09,1858.30,1858.30,1855.90,1855.90,100,131000
20220328,15:10,1856.65,1856.65,1849.45,1849.55,600,131000
20220328,15:11,1850.00,1850.00,1850.00,1850.00,50,131000
20220328,15:16,1852.55,1858.65,1852.55,1858.65,450,131600
20220328,15:22,1860.55,1860.55,1859.75,1859.75,350,131600
20220328,15:25,1861.35,1861.35,1858.50,1860.00,3350,131600
20220328,15:29,1851.80,1851.80,1851.00,1851.00,150,133000
20220329,09:20,1894.55,1894.55,1894.55,1894.55,51,133000
20220329,09:27,1894.55,1908.35,1894.55,1908.35,2350,133050
20220329,09:31,1908.35,1908.35,1908.35,1908.35,50,131250
20220329,09:32,1881.85,1881.85,1881.85,1881.85,50,131250
20220329,09:35,1890.00,1895.75,1890.00,1893.30,2500,131300
20220329,09:36,1905.85,1905.85,1904.30,1904.30,550,132800
20220329,09:37,1909.45,1909.45,1909.45,1909.45,50,132800
20220329,09:39,1917.95,1917.95,1917.95,1917.95,200,132800
20220329,09:40,1925.55,1925.55,1925.55,1925.55,50,132800
20220329,09:42,1925.55,1925.55,1925.55,1925.55,50,133050
20220329,09:44,1918.00,1918.00,1917.75,1917.75,300,133050
20220329,09:45,1918.80,1918.80,1918.80,1918.80,50,133400
20220329,09:47,1917.00,1917.00,1917.00,1917.00,50,133400
20220329,09:48,1918.00,1918.00,1912.45,1912.45,100,133500
20220329,09:49,1920.05,1920.05,1920.05,1920.05,2100,133500
20220329,09:50,1919.00,1919.00,1907.80,1909.45,650,132450
20220329,09:51,1907.95,1910.00,1905.50,1910.00,750,132450
20220329,09:55,1910.00,1910.00,1910.00,1910.00,50,133100
20220329,10:01,1900.00,1900.00,1900.00,1900.00,100,133150
20220329,10:02,1892.40,1892.40,1892.40,1892.40,450,133250
20220329,10:03,1880.20,1891.00,1880.20,1888.15,2300,133250
20220329,10:04,1895.55,1900.00,1895.55,1900.00,500,133250
20220329,10:05,1909.00,1909.00,1903.00,1903.00,350,135150
20220329,10:07,1909.80,1909.80,1903.00,1903.00,100,135150
20220329,10:08,1903.00,1903.00,1903.00,1903.00,50,135150
20220329,10:10,1903.00,1903.00,1903.00,1903.00,100,135450
20220329,10:12,1903.00,1903.00,1903.00,1903.00,100,135550
20220329,10:14,1895.00,1895.00,1892.00,1892.00,600,135550
20220329,10:15,1893.45,1893.45,1890.00,1890.00,1200,136250
20220329,10:17,1899.50,1907.05,1899.50,1907.05,2650,136250
20220329,10:22,1907.60,1907.60,1907.60,1907.60,50,137450
20220329,10:24,1903.00,1903.00,1903.00,1903.00,50,137450
20220329,10:27,1902.00,1902.00,1902.00,1902.00,50,137500
20220329,10:28,1906.60,1906.60,1906.60,1906.60,200,137500
20220329,10:33,1885.75,1885.75,1885.75,1885.75,2100,137750
20220329,10:34,1893.10,1893.10,1891.20,1891.20,300,137750
20220329,10:35,1890.90,1890.90,1890.90,1890.90,100,137750
20220329,10:36,1894.80,1894.80,1889.95,1889.95,200,138900
20220329,10:37,1890.85,1890.85,1884.00,1884.00,100,138900
20220329,10:39,1881.55,1881.55,1878.75,1878.75,200,138900
20220329,10:41,1861.60,1861.60,1861.60,1861.60,50,138900
20220329,10:43,1861.60,1861.60,1861.60,1861.60,50,138900
20220329,10:45,1873.60,1873.60,1873.60,1873.60,450,139000
20220329,10:46,1879.65,1879.65,1879.65,1879.65,50,139000
20220329,10:50,1876.15,1883.65,1876.15,1878.00,2400,138200
20220329,10:51,1877.05,1877.05,1877.05,1877.05,250,138200
20220329,10:55,1887.00,1887.00,1887.00,1887.00,50,138350
20220329,10:59,1891.00,1891.00,1891.00,1891.00,50,138400
20220329,11:00,1891.00,1891.00,1891.00,1891.00,50,138450
20220329,11:03,1900.00,1905.00,1900.00,1905.00,100,138450
20220329,11:08,1898.90,1898.90,1898.90,1898.90,100,138400
20220329,11:13,1891.65,1891.65,1891.65,1891.65,100,138500
20220329,11:16,1896.90,1896.90,1896.90,1896.90,50,138600
20220329,11:17,1895.00,1895.00,1893.90,1893.90,250,138600
20220329,11:20,1893.90,1893.90,1893.90,1893.90,50,138800
20220329,11:22,1895.30,1895.30,1895.30,1895.30,150,138800
20220329,11:23,1896.40,1896.40,1896.40,1896.40,50,138800
20220329,11:24,1897.70,1897.70,1895.50,1897.70,850,139000
20220329,11:25,1895.60,1896.65,1895.60,1896.65,100,139000
20220329,11:30,1905.00,1905.00,1903.50,1903.50,150,139850
20220329,11:33,1900.20,1900.20,1900.20,1900.20,50,139950
20220329,11:34,1895.00,1895.00,1890.95,1890.95,550,139950
20220329,11:35,1891.30,1893.00,1891.30,1893.00,200,139950
20220329,11:37,1887.50,1887.50,1887.50,1887.50,50,140450
20220329,11:39,1881.00,1881.00,1881.00,1881.00,50,140450
20220329,11:40,1876.00,1876.00,1876.00,1876.00,50,140450
20220329,11:41,1878.00,1878.00,1878.00,1878.00,100,140450
20220329,11:43,1868.85,1874.00,1868.85,1871.90,1650,140650
20220329,11:44,1880.00,1880.00,1880.00,1880.00,200,140650
20220329,11:45,1879.75,1880.00,1879.75,1880.00,200,142150
20220329,11:46,1882.10,1882.10,1882.10,1882.10,100,142150
20220329,11:47,1882.20,1882.20,1882.20,1882.20,400,142150
20220329,11:48,1875.85,1875.85,1875.85,1875.85,100,142700
20220329,11:49,1875.40,1878.90,1874.15,1878.20,600,142700
20220329,11:50,1873.05,1873.05,1873.05,1873.05,150,142700
20220329,11:51,1870.80,1874.15,1870.80,1874.15,400,143350
20220329,11:52,1868.10,1868.10,1868.10,1868.10,350,143350
20220329,11:54,1865.45,1865.45,1865.45,1865.45,50,143800
20220329,11:55,1877.00,1877.00,1877.00,1877.00,50,143800
20220329,12:01,1880.00,1880.00,1880.00,1880.00,50,143850
20220329,12:02,1877.00,1877.00,1877.00,1877.00,50,143850
20220329,12:03,1865.45,1865.45,1865.45,1865.45,50,143850
20220329,12:04,1879.00,1879.00,1879.00,1879.00,50,143850
20220329,12:05,1890.00,1896.00,1890.00,1891.00,300,143850
20220329,12:08,1890.70,1890.70,1890.70,1890.70,50,143850
20220329,12:12,1879.95,1879.95,1879.95,1879.95,100,143850
20220329,12:13,1880.00,1880.00,1880.00,1880.00,50,143850
20220329,12:14,1880.00,1880.00,1880.00,1880.00,100,143850
20220329,12:15,1880.35,1880.35,1880.35,1880.35,100,143900
20220329,12:16,1880.00,1880.00,1880.00,1880.00,200,143900
20220329,12:19,1888.00,1888.00,1888.00,1888.00,200,143900
20220329,12:20,1885.05,1885.05,1885.05,1885.05,150,143900
20220329,12:21,1888.00,1888.00,1888.00,1888.00,100,144000
20220329,12:22,1890.10,1890.10,1890.10,1890.10,100,144000
20220329,12:23,1892.00,1894.20,1892.00,1894.20,550,144000
20220329,12:24,1895.00,1895.00,1895.00,1895.00,50,144450
20220329,12:25,1896.80,1896.80,1896.80,1896.80,400,144450
20220329,12:26,1899.00,1899.00,1899.00,1899.00,450,144450
20220329,12:29,1904.50,1904.50,1904.50,1904.50,100,144900
20220329,12:30,1900.00,1900.00,1898.00,1898.00,200,145000
20220329,12:34,1892.45,1892.45,1892.45,1892.45,100,145100
20220329,12:35,1888.00,1888.00,1888.00,1888.00,100,145100
20220329,12:37,1895.05,1895.05,1895.05,1895.05,100,145100
20220329,12:38,1890.65,1890.65,1890.65,1890.65,50,145100
20220329,12:39,1890.65,1890.65,1887.60,1887.60,200,145100
20220329,12:40,1878.00,1878.00,1878.00,1878.00,100,145100
20220329,12:43,1884.45,1885.00,1884.45,1885.00,550,145200
20220329,12:44,1882.00,1882.00,1882.00,1882.00,150,145200
20220329,12:45,1892.00,1892.00,1892.00,1892.00,200,145250
20220329,12:49,1895.05,1895.05,1895.00,1895.00,200,145250
20220329,12:50,1895.00,1913.80,1895.00,1913.80,950,145250
20220329,12:52,1917.00,1917.00,1917.00,1917.00,50,145450
20220329,12:53,1920.00,1920.00,1920.00,1920.00,200,145450
20220329,12:54,1922.00,1925.00,1922.00,1925.00,550,145550
20220329,12:56,1930.00,1935.00,1930.00,1935.00,1050,145550
20220329,12:57,1935.00,1935.00,1930.00,1930.00,500,145600
20220329,12:58,1925.00,1925.00,1925.00,1925.00,800,145600
20220329,12:59,1928.10,1928.10,1928.10,1928.10,250,145600
20220329,13:03,1925.60,1925.60,1925.60,1925.60,50,146450
20220329,13:06,1922.60,1922.60,1922.60,1922.60,200,146450
20220329,13:08,1925.00,1925.00,1925.00,1925.00,200,146450
20220329,13:09,1924.00,1924.00,1924.00,1924.00,200,146850
20220329,13:10,1922.95,1922.95,1922.95,1922.95,50,146850
20220329,13:13,1922.50,1922.50,1922.50,1922.50,50,147050
20220329,13:14,1905.00,1905.00,1900.00,1900.00,200,147050
20220329,13:15,1892.60,1892.60,1858.75,1858.75,400,147150
20220329,13:17,1858.75,1858.75,1858.75,1858.75,50,147150
20220329,13:19,1869.60,1869.60,1869.60,1869.60,50,147050
20220329,13:20,1875.00,1875.00,1875.00,1875.00,400,147050
20220329,13:24,1877.00,1877.00,1877.00,1877.00,50,147100
20220329,13:25,1872.00,1876.00,1872.00,1876.00,250,147100
20220329,13:26,1885.55,1885.55,1885.55,1885.55,100,147100
20220329,13:27,1880.90,1880.90,1880.90,1880.90,50,147250
20220329,13:29,1884.00,1884.00,1884.00,1884.00,50,147250
20220329,13:32,1877.30,1877.30,1877.30,1877.30,50,147300
20220329,13:33,1874.00,1874.00,1874.00,1874.00,200,147350
20220329,13:34,1879.00,1879.00,1879.00,1879.00,50,147350
20220329,13:37,1879.00,1880.80,1879.00,1880.05,550,147600
20220329,13:57,1888.00,1888.00,1888.00,1888.00,50,148000
20220329,13:59,1888.00,1888.00,1888.00,1888.00,50,148050
20220329,14:03,1884.35,1884.35,1884.35,1884.35,450,148100
20220329,14:04,1885.00,1885.00,1885.00,1885.00,600,148550
20220329,14:05,1885.00,1885.00,1885.00,1885.00,100,148550
20220329,14:09,1893.75,1893.75,1893.75,1893.75,150,148550
20220329,14:16,1901.50,1901.50,1901.50,1901.50,50,148700
20220329,14:19,1905.75,1905.75,1905.75,1905.75,100,148650
20220329,14:22,1905.75,1905.75,1905.75,1905.75,50,148750
20220329,14:30,1907.80,1907.80,1907.80,1907.80,600,148750
20220329,14:31,1910.00,1910.00,1910.00,1910.00,100,149100
20220329,14:32,1914.85,1914.85,1914.85,1914.85,50,149100
20220329,14:34,1910.00,1910.00,1910.00,1910.00,50,149100
20220329,14:35,1902.65,1902.65,1902.65,1902.65,50,149050
20220329,14:38,1914.90,1914.90,1914.90,1914.90,100,149000
20220329,14:55,1920.00,1920.00,1920.00,1920.00,50,149000
20220329,14:56,1925.00,1925.00,1925.00,1925.00,100,149000
20220329,14:57,1930.00,1930.00,1930.00,1930.00,250,149000
20220329,14:58,1932.10,1932.10,1926.00,1926.00,150,149300
20220329,15:00,1925.00,1930.00,1925.00,1930.00,600,149300
20220329,15:01,1925.00,1925.00,1916.95,1916.95,300,149700
20220329,15:03,1924.60,1924.60,1924.60,1924.60,50,149700
20220329,15:04,1925.00,1925.00,1925.00,1925.00,250,149900
20220329,15:05,1930.00,1930.00,1930.00,1930.00,400,149900
20220329,15:07,1930.00,1930.00,1930.00,1930.00,50,150550
20220329,15:08,1928.00,1928.00,1928.00,1928.00,500,150550
20220329,15:10,1935.00,1935.00,1929.00,1929.00,750,150950
20220329,15:11,1937.00,1937.00,1937.00,1937.00,500,150950
20220329,15:12,1937.00,1937.00,1937.00,1937.00,2250,151950
20220329,15:14,1935.00,1935.00,1935.00,1935.00,200,151950
20220329,15:16,1937.00,1937.00,1937.00,1937.00,300,154150
20220329,15:17,1936.00,1937.35,1936.00,1937.35,850,154150
20220329,15:18,1937.35,1937.35,1937.35,1937.35,750,155100
20220329,15:20,1935.00,1936.00,1935.00,1936.00,850,155100
20220329,15:21,1938.55,1938.55,1938.55,1938.55,50,155100
20220329,15:22,1940.35,1947.75,1940.35,1947.75,3000,156350
20220329,15:23,1947.75,1950.00,1947.75,1950.00,650,156350
20220329,15:26,1951.55,1953.85,1951.55,1953.85,1000,155000
20220329,15:27,1954.45,1954.45,1954.45,1954.45,50,155000
20220329,15:29,1954.50,1954.50,1954.50,1954.50,100,155000
20220330,09:17,2027.45,2027.45,2027.45,2027.45,51,155950
20220330,09:19,2025.00,2025.00,2018.05,2018.05,100,155950
20220330,09:24,2011.00,2011.00,2011.00,2011.00,100,156050
20220330,09:25,2009.45,2009.95,2009.45,2009.95,600,156050
20220330,09:26,2012.70,2018.05,2011.10,2018.05,450,156050
20220330,09:27,2019.00,2019.00,2019.00,2019.00,50,157000
20220330,09:28,2019.00,2019.00,2019.00,2019.00,100,157000
20220330,09:30,2030.00,2030.00,2030.00,2030.00,100,157150
20220330,09:33,2028.10,2028.10,2028.10,2028.10,500,157200
20220330,09:34,2029.00,2029.00,2029.00,2029.00,300,157200
20220330,09:35,2032.00,2034.00,2032.00,2034.00,2350,157200
20220330,09:36,2039.00,2046.20,2039.00,2046.20,400,159150
20220330,09:38,2047.00,2047.00,2047.00,2047.00,50,159150
20220330,09:39,2047.00,2047.00,2047.00,2047.00,50,158900
20220330,09:41,2037.00,2037.00,2037.00,2037.00,200,158900
20220330,09:42,2040.00,2040.00,2040.00,2040.00,50,158900
20220330,09:43,2042.00,2042.00,2042.00,2042.00,100,158900
20220330,09:45,2046.00,2046.00,2046.00,2046.00,150,158900
20220330,09:50,2054.15,2054.15,2054.15,2054.15,2450,158900
20220330,09:52,2055.00,2055.00,2055.00,2055.00,50,156450
20220330,09:53,2056.25,2056.25,2056.25,2056.25,50,156450
20220330,09:58,2056.40,2056.40,2056.40,2056.40,150,156450
20220330,09:59,2047.70,2047.70,2047.70,2047.70,2200,156450
20220330,10:02,2052.75,2052.75,2052.75,2052.75,100,158500
20220330,10:17,2045.00,2045.00,2045.00,2045.00,100,158550
20220330,10:18,2053.55,2053.55,2053.15,2053.15,2700,158550
20220330,10:27,2061.85,2061.85,2061.85,2061.85,200,156450
20220330,10:28,2060.00,2060.00,2060.00,2060.00,50,156450
20220330,10:29,2051.75,2051.75,2051.75,2051.75,2150,156650
20220330,10:31,2057.00,2057.00,2057.00,2057.00,50,156650
20220330,10:32,2070.00,2070.00,2070.00,2070.00,50,158650
20220330,10:36,2072.20,2072.20,2072.20,2072.20,100,158650
20220330,10:39,2107.00,2107.00,2088.00,2088.00,3400,158750
20220330,10:40,2093.40,2093.55,2090.50,2090.50,1050,158750
20220330,10:41,2090.50,2090.50,2090.50,2090.50,50,158750
20220330,10:43,2086.55,2086.55,2084.05,2084.05,1000,157050
20220330,10:44,2082.15,2082.15,2082.15,2082.15,50,157050
20220330,10:48,2082.00,2082.00,2082.00,2082.00,50,157100
20220330,10:49,2082.45,2082.45,2082.00,2082.00,3800,157100
20220330,10:50,2085.90,2085.90,2085.90,2085.90,500,158900
20220330,10:52,2089.00,2089.00,2089.00,2089.00,450,158900
20220330,10:53,2093.00,2093.00,2093.00,2093.00,50,158900
20220330,10:54,2092.00,2092.00,2092.00,2092.00,50,158900
20220330,10:58,2082.00,2082.00,2082.00,2082.00,50,158950
20220330,11:00,2084.00,2087.00,2084.00,2087.00,400,159000
20220330,11:01,2087.00,2094.00,2087.00,2094.00,1100,159000
20220330,11:02,2093.00,2093.00,2093.00,2093.00,50,159000
20220330,11:03,2101.35,2101.35,2093.15,2093.15,2650,159800
20220330,11:05,2092.00,2092.00,2090.00,2090.00,200,158000
20220330,11:07,2096.00,2099.00,2096.00,2099.00,150,158000
20220330,11:08,2098.00,2098.00,2098.00,2098.00,100,158000
20220330,11:09,2101.10,2101.10,2101.10,2101.10,50,158100
20220330,11:10,2107.60,2107.60,2100.00,2100.00,350,158100
20220330,11:11,2104.00,2104.00,2104.00,2104.00,200,158100
20220330,11:12,2096.00,2102.00,2096.00,2102.00,950,158200
20220330,11:13,2102.00,2102.00,2102.00,2102.00,100,158200
20220330,11:15,2099.10,2099.10,2099.10,2099.10,50,158800
20220330,11:18,2097.10,2097.10,2097.10,2097.10,50,158800
20220330,11:19,2095.00,2095.10,2095.00,2095.10,300,158800
20220330,11:20,2090.50,2090.50,2086.70,2086.70,1400,160350
20220330,11:21,2086.70,2086.70,2079.90,2079.90,950,160350
20220330,11:22,2085.00,2085.00,2085.00,2085.00,300,160350
20220330,11:23,2080.00,2080.00,2080.00,2080.00,1000,160350
20220330,11:24,2085.00,2085.00,2085.00,2085.00,650,162300
20220330,11:26,2085.00,2085.00,2085.00,2085.00,1500,162300
20220330,11:29,2085.00,2085.00,2085.00,2085.00,350,164450
20220330,11:30,2085.00,2085.00,2085.00,2085.00,900,164450
20220330,11:31,2085.00,2085.00,2085.00,2085.00,650,164450
20220330,11:33,2098.10,2098.10,2098.10,2098.10,100,164850
20220330,11:34,2093.30,2099.00,2093.30,2099.00,4150,164850
20220330,11:35,2099.00,2099.00,2099.00,2099.00,1150,164850
20220330,11:41,2099.00,2099.00,2099.00,2099.00,1650,164600
20220330,11:45,2089.00,2089.00,2089.00,2089.00,50,164600
20220330,11:46,2085.00,2085.00,2085.00,2085.00,50,164600
20220330,11:50,2092.40,2092.40,2092.00,2092.00,400,164600
20220330,11:51,2095.10,2095.10,2089.90,2089.90,150,165000
20220330,11:53,2081.50,2081.50,2081.50,2081.50,2350,165000
20220330,11:55,2085.50,2085.50,2083.55,2084.90,600,166900
20220330,11:58,2092.70,2092.70,2088.00,2088.00,1500,166900
20220330,11:59,2088.00,2088.00,2088.00,2088.00,200,166900
20220330,12:09,2090.00,2090.00,2089.00,2089.00,350,167150
20220330,12:10,2089.95,2090.75,2089.95,2090.75,3300,167150
20220330,12:11,2090.00,2090.00,2087.00,2087.00,150,167150
20220330,12:13,2085.00,2085.00,2083.45,2083.45,250,166850
20220330,12:14,2081.50,2081.50,2081.50,2081.50,50,166850
20220330,12:15,2080.00,2081.00,2078.45,2078.45,350,167100
20220330,12:18,2073.60,2073.60,2073.60,2073.60,600,167450
20220330,12:19,2076.60,2076.60,2076.60,2076.60,300,167450
20220330,12:21,2082.60,2082.60,2082.60,2082.60,100,167400
20220330,12:22,2085.00,2085.35,2085.00,2085.35,100,167400
20220330,12:25,2085.85,2085.85,2085.85,2085.85,50,167400
20220330,12:29,2085.60,2085.60,2085.60,2085.60,50,167450
20220330,12:30,2085.00,2085.00,2085.00,2085.00,50,167500
20220330,12:33,2080.35,2080.35,2080.35,2080.35,300,167500
20220330,12:38,2075.00,2075.00,2075.00,2075.00,200,167500
20220330,12:39,2075.00,2075.00,2075.00,2075.00,50,167700
20220330,12:43,2084.25,2084.25,2084.20,2084.20,150,167750
20220330,12:44,2086.20,2086.20,2086.20,2086.20,500,167750
20220330,12:45,2084.20,2084.20,2084.20,2084.20,400,167750
20220330,12:47,2078.75,2078.75,2078.75,2078.75,500,167750
20220330,12:48,2077.10,2077.10,2072.00,2072.00,650,167750
20220330,12:50,2065.00,2065.00,2065.00,2065.00,50,167750
20220330,12:51,2070.00,2070.00,2070.00,2070.00,50,167750
20220330,12:53,2068.05,2070.00,2068.05,2070.00,100,167800
20220330,12:55,2072.00,2072.00,2072.00,2072.00,50,167950
20220330,12:56,2077.00,2077.00,2077.00,2077.00,50,167950
20220330,13:02,2074.40,2074.40,2071.90,2071.90,100,168050
20220330,13:03,2072.00,2072.00,2071.00,2071.00,400,168050
20220330,13:04,2076.00,2076.00,2076.00,2076.00,50,168050
20220330,13:06,2075.00,2075.00,2075.00,2075.00,250,168400
20220330,13:08,2084.15,2084.15,2079.60,2079.60,200,168400
20220330,13:09,2071.80,2071.80,2071.80,2071.80,50,168400
20220330,13:10,2070.95,2070.95,2070.95,2070.95,50,168400
20220330,13:11,2068.80,2069.70,2067.40,2069.70,900,168400
20220330,13:13,2069.20,2070.95,2069.20,2070.95,100,169250
20220330,13:14,2075.00,2080.00,2075.00,2080.00,100,169250
20220330,13:21,2089.80,2089.80,2089.80,2089.80,400,169450
20220330,13:26,2091.90,2091.90,2091.90,2091.90,50,169550
20220330,13:29,2082.20,2082.20,2082.20,2082.20,50,169550
20220330,13:31,2080.00,2080.00,2077.20,2077.20,300,169550
20220330,13:38,2076.15,2076.15,2076.15,2076.15,50,169550
20220330,13:43,2074.00,2074.00,2074.00,2074.00,100,169500
20220330,13:44,2038.85,2043.85,2038.55,2043.85,750,169500
20220330,13:45,2026.00,2028.20,2006.15,2028.20,850,169750
20220330,13:46,2037.30,2037.30,2037.30,2037.30,50,169750
20220330,13:50,2037.75,2037.75,2037.75,2037.75,500,169750
20220330,13:51,2044.65,2045.75,2044.65,2045.75,550,168750
20220330,13:53,2046.70,2046.70,2046.70,2046.70,150,168750
20220330,13:54,2044.00,2044.00,2044.00,2044.00,150,168850
20220330,13:57,2052.25,2052.25,2052.25,2052.25,100,168850
20220330,13:59,2051.50,2051.50,2051.50,2051.50,50,169100
20220330,14:00,2052.00,2058.00,2052.00,2056.00,450,169050
20220330,14:04,2042.20,2042.20,2036.75,2036.75,150,169250
20220330,14:05,2036.75,2036.75,2036.75,2036.75,50,169250
20220330,14:06,2039.60,2039.60,2039.60,2039.60,50,169250
20220330,14:07,2045.80,2045.80,2038.55,2038.55,950,169350
20220330,14:10,2036.75,2036.75,2036.75,2036.75,100,169350
20220330,14:14,2036.75,2036.75,2036.75,2036.75,100,169450
20220330,14:16,2043.00,2043.00,2043.00,2043.00,100,169550
20220330,14:20,2036.75,2036.75,2036.75,2036.75,100,169650
20220330,14:21,2040.30,2047.00,2040.30,2047.00,200,169850
20220330,14:24,2045.35,2049.00,2045.35,2049.00,100,169950
20220330,14:25,2050.00,2050.00,2050.00,2050.00,150,169950
20220330,14:26,2047.65,2047.65,2047.65,2047.65,50,169950
20220330,14:27,2054.75,2054.75,2054.10,2054.10,150,169950
20220330,14:28,2055.00,2055.00,2055.00,2055.00,50,170400
20220330,14:29,2057.00,2057.00,2057.00,2057.00,50,170400
20220330,14:30,2057.00,2057.00,2057.00,2057.00,50,170400
20220330,14:31,2065.00,2065.00,2065.00,2065.00,150,170500
20220330,14:32,2065.00,2065.00,2059.95,2059.95,100,170500
20220330,14:34,2055.65,2055.65,2055.65,2055.65,100,170550
20220330,14:36,2065.00,2065.00,2065.00,2065.00,50,170550
20220330,14:39,2059.60,2059.60,2059.60,2059.60,300,170700
20220330,14:45,2055.00,2055.00,2055.00,2055.00,200,171000
20220330,14:46,2055.65,2055.65,2055.65,2055.65,100,171000
20220330,14:49,2065.00,2065.00,2065.00,2065.00,50,171200
20220330,14:50,2092.00,2092.00,2092.00,2092.00,200,171200
20220330,14:51,2090.00,2090.00,2090.00,2090.00,100,171200
20220330,14:52,2083.00,2083.00,2083.00,2083.00,300,171250
20220330,14:53,2080.00,2080.00,2077.85,2077.85,1000,171250
20220330,14:57,2082.00,2082.00,2082.00,2082.00,50,172250
20220330,14:58,2084.30,2084.30,2084.30,2084.30,100,172300
20220330,14:59,2085.00,2092.00,2085.00,2092.00,250,172300
20220330,15:00,2100.30,2100.30,2100.00,2100.00,100,172700
20220330,15:03,2105.00,2105.00,2105.00,2105.00,50,172700
20220330,15:05,2100.00,2100.00,2100.00,2100.00,50,172750
20220330,15:10,2085.00,2085.00,2085.00,2085.00,100,172800
20220330,15:11,2088.00,2088.00,2088.00,2088.00,50,172800
20220330,15:12,2086.55,2088.00,2085.55,2085.55,300,172800
20220330,15:13,2085.00,2085.00,2085.00,2085.00,150,173250
20220330,15:16,2080.90,2080.90,2080.90,2080.90,50,173400
20220330,15:17,2085.00,2085.00,2085.00,2085.00,200,173400
20220330,15:18,2086.70,2086.70,2086.70,2086.70,250,173400
20220330,15:19,2082.00,2082.00,2082.00,2082.00,100,173700
20220330,15:23,2080.00,2080.00,2080.00,2080.00,50,173800
20220330,15:24,2076.40,2076.40,2070.35,2070.35,750,173800
20220330,15:25,2070.95,2070.95,2070.95,2070.95,2650,173800
20220330,15:26,2069.80,2069.80,2069.80,2069.80,1500,173800
20220330,15:27,2071.95,2071.95,2071.95,2071.95,50,173800
20220330,15:29,2061.25,2061.25,2061.25,2061.25,50,176300
20220331,09:19,2084.50,2090.00,2084.50,2090.00,101,176300
20220331,09:20,2092.15,2104.60,2092.15,2093.20,1100,177050
20220331,09:21,2094.30,2094.30,2094.30,2094.30,50,177050
20220331,09:22,2095.00,2095.00,2095.00,2095.00,100,177050
20220331,09:23,2090.00,2090.00,2090.00,2090.00,50,177200
20220331,09:27,2079.25,2079.25,2079.25,2079.25,2450,177250
20220331,09:28,2070.00,2070.00,2069.70,2069.70,350,177250
20220331,09:30,2068.00,2068.00,2065.75,2065.75,100,175400
20220331,09:31,2065.75,2065.75,2065.75,2065.75,50,175400
20220331,09:32,2090.90,2090.90,2090.90,2090.90,50,175500
20220331,09:34,2095.00,2095.00,2095.00,2095.00,50,175500
20220331,09:35,2104.00,2104.00,2104.00,2104.00,100,175500
20220331,09:36,2103.50,2103.50,2103.50,2103.50,50,175450
20220331,09:39,2114.95,2114.95,2114.95,2114.95,50,175500
20220331,09:40,2118.65,2118.65,2118.65,2118.65,150,175500
20220331,09:41,2120.00,2120.00,2120.00,2120.00,50,175500
20220331,09:42,2120.00,2120.00,2120.00,2120.00,100,175550
20220331,09:46,2110.00,2110.00,2110.00,2110.00,50,175600
20220331,09:50,2120.00,2122.70,2120.00,2122.70,150,175700
20220331,09:51,2110.70,2118.40,2110.70,2118.40,100,175700
20220331,09:52,2118.40,2118.40,2115.65,2115.65,150,175700
20220331,09:53,2120.60,2120.60,2120.60,2120.60,100,175700
20220331,09:55,2107.45,2107.45,2107.45,2107.45,50,176000
20220331,09:56,2111.35,2111.35,2111.35,2111.35,50,176000
20220331,09:58,2113.00,2116.00,2110.05,2110.05,1500,176000
20220331,10:02,2110.00,2110.00,2110.00,2110.00,100,177500
20220331,10:03,2109.00,2109.00,2109.00,2109.00,50,177600
20220331,10:04,2107.55,2107.55,2107.55,2107.55,250,177600
20220331,10:05,2115.90,2115.90,2115.90,2115.90,100,177900
20220331,10:07,2112.85,2112.85,2112.85,2112.85,750,177900
20220331,10:09,2110.00,2110.00,2110.00,2110.00,100,177900
20220331,10:12,2104.00,2104.00,2102.00,2102.00,150,177900
20220331,10:15,2112.00,2115.90,2112.00,2115.90,100,178050
20220331,10:18,2111.50,2111.50,2111.50,2111.50,50,178100
20220331,10:19,2107.00,2107.00,2107.00,2107.00,50,178100
20220331,10:22,2104.00,2104.00,2104.00,2104.00,50,178150
20220331,10:23,2097.25,2097.25,2097.25,2097.25,50,178150
20220331,10:25,2105.00,2105.00,2105.00,2105.00,50,178200
20220331,10:28,2099.30,2099.30,2099.30,2099.30,150,178200
20220331,10:33,2097.25,2097.25,2097.25,2097.25,50,178350
20220331,10:34,2093.40,2093.40,2093.40,2093.40,50,178350
20220331,10:35,2093.75,2093.75,2093.35,2093.35,100,178450
20220331,10:37,2090.00,2090.00,2090.00,2090.00,100,178450
20220331,10:39,2086.00,2087.55,2086.00,2087.55,150,178600
20220331,10:40,2083.00,2084.00,2083.00,2084.00,250,178600
20220331,10:41,2086.50,2086.50,2085.65,2085.65,550,178600
20220331,10:42,2085.00,2089.40,2084.40,2089.40,400,179350
20220331,10:44,2090.00,2090.00,2090.00,2090.00,50,179350
20220331,10:46,2092.00,2092.00,2092.00,2092.00,50,179800
20220331,10:47,2089.00,2089.00,2089.00,2089.00,50,179800
20220331,10:50,2076.00,2076.00,2076.00,2076.00,100,179850
20220331,10:51,2082.00,2085.00,2082.00,2085.00,150,179950
20220331,10:52,2084.15,2090.00,2084.15,2090.00,100,179950
20220331,10:53,2086.00,2086.00,2086.00,2086.00,50,180150
20220331,10:54,2087.60,2093.00,2087.60,2093.00,200,180150
20220331,10:59,2097.50,2097.50,2097.50,2097.50,150,180250
20220331,11:00,2090.00,2090.00,2090.00,2090.00,100,180150
20220331,11:01,2085.00,2085.00,2085.00,2085.00,100,180150
20220331,11:03,2080.00,2080.00,2080.00,2080.00,100,180350
20220331,11:04,2080.00,2085.00,2080.00,2085.00,350,180350
20220331,11:07,2082.00,2082.00,2082.00,2082.00,50,180750
20220331,11:09,2080.00,2080.00,2080.00,2080.00,150,180800
20220331,11:10,2079.00,2079.00,2073.80,2073.80,200,180800
20220331,11:12,2076.00,2076.00,2076.00,2076.00,100,181100
20220331,11:14,2073.00,2076.00,2073.00,2076.00,150,181100
20220331,11:16,2070.00,2073.00,2070.00,2073.00,100,181350
20220331,11:18,2065.00,2065.00,2065.00,2065.00,50,181450
20220331,11:20,2065.00,2069.00,2065.00,2069.00,250,181450
20220331,11:21,2065.00,2065.00,2065.00,2065.00,100,181500
20220331,11:23,2070.00,2070.00,2070.00,2070.00,150,181500
20220331,11:24,2074.05,2074.05,2073.55,2073.95,300,181750
20220331,11:27,2078.00,2078.00,2077.45,2077.45,150,181750
20220331,11:28,2073.75,2073.75,2073.75,2073.75,150,181750
20220331,11:31,2070.00,2070.00,2070.00,2070.00,100,181850
20220331,11:32,2073.40,2073.40,2072.00,2072.00,100,181850
20220331,11:34,2060.00,2060.00,2060.00,2060.00,50,182000
20220331,11:36,2059.00,2059.00,2059.00,2059.00,250,182000
20220331,11:38,2056.65,2056.65,2056.65,2056.65,50,182000
20220331,11:43,2052.00,2052.00,2051.15,2051.15,250,182300
20220331,11:51,2050.35,2050.35,2050.35,2050.35,150,182550
20220331,11:53,2050.35,2050.35,2050.35,2050.35,50,182550
20220331,11:54,2039.20,2039.20,2039.20,2039.20,50,182650
20220331,11:58,2039.20,2039.20,2039.20,2039.20,100,182700
20220331,11:59,2048.70,2048.70,2048.70,2048.70,150,182700
20220331,12:00,2051.30,2051.30,2051.30,2051.30,100,182800
20220331,12:01,2050.60,2050.60,2050.60,2050.60,50,182800
20220331,12:02,2052.00,2052.00,2052.00,2052.00,50,182800
20220331,12:06,2042.00,2042.00,2042.00,2042.00,100,182900
20220331,12:07,2042.00,2042.00,2041.75,2041.75,150,182900
20220331,12:08,2040.00,2040.00,2040.00,2040.00,100,182900
20220331,12:09,2038.90,2038.90,2038.90,2038.90,50,182900
20220331,12:10,2037.95,2037.95,2037.95,2037.95,350,183250
20220331,12:13,2037.95,2037.95,2037.95,2037.95,50,183300
20220331,12:16,2061.35,2061.35,2061.35,2061.35,200,183350
20220331,12:19,2051.85,2051.85,2051.85,2051.85,50,183350
20220331,12:20,2060.00,2060.00,2060.00,2060.00,50,183350
20220331,12:22,2057.00,2057.00,2056.00,2056.00,550,183300
20220331,12:25,2055.00,2055.00,2055.00,2055.00,100,183850
20220331,12:26,2052.70,2052.70,2050.00,2050.00,1000,183850
20220331,12:28,2055.00,2055.00,2055.00,2055.00,100,184950
20220331,12:30,2065.00,2065.00,2064.35,2064.35,550,185100
20220331,12:31,2070.75,2070.75,2070.75,2070.75,500,185100
20220331,12:35,2065.00,2065.00,2065.00,2065.00,250,186050
20220331,12:39,2074.70,2074.70,2074.70,2074.70,50,186300
20220331,12:40,2070.00,2070.00,2070.00,2070.00,150,186300
20220331,12:45,2069.15,2069.15,2069.15,2069.15,50,186500
20220331,12:47,2062.35,2062.35,2062.35,2062.35,700,186500
20220331,12:50,2075.00,2075.00,2075.00,2075.00,200,187250
20220331,12:51,2073.00,2073.00,2073.00,2073.00,100,187450
20220331,12:52,2072.00,2072.00,2072.00,2072.00,100,187450
20220331,12:54,2070.00,2070.00,2070.00,2070.00,50,187650
20220331,12:58,2071.00,2071.00,2071.00,2071.00,200,187700
20220331,13:00,2071.60,2071.60,2071.60,2071.60,50,187900
20220331,13:01,2076.00,2080.00,2076.00,2080.00,450,187900
20220331,13:09,2090.00,2091.00,2090.00,2091.00,150,188400
20220331,13:10,2095.00,2095.00,2095.00,2095.00,50,188550
20220331,13:12,2092.00,2092.00,2092.00,2092.00,100,188550
20220331,13:14,2086.00,2086.00,2086.00,2086.00,100,188550
20220331,13:15,2085.00,2085.00,2085.00,2085.00,50,188750
20220331,13:16,2080.00,2080.00,2080.00,2080.00,1000,188750
20220331,13:17,2075.00,2075.00,2075.00,2075.00,200,188750
20220331,13:18,2070.00,2070.00,2070.00,2070.00,600,190000
20220331,13:19,2070.00,2075.00,2069.15,2075.00,1050,190000
20220331,13:20,2075.00,2075.00,2075.00,2075.00,100,190000
20220331,13:21,2070.00,2070.00,2070.00,2070.00,100,191650
20220331,13:24,2060.00,2060.00,2060.00,2060.00,200,191650
20220331,13:25,2064.00,2064.00,2064.00,2064.00,100,191650
20220331,13:27,2074.00,2080.00,2074.00,2080.00,1050,192000
20220331,13:28,2078.95,2078.95,2074.85,2074.85,550,192000
20220331,13:29,2070.00,2070.00,2070.00,2070.00,50,192000
20220331,13:30,2057.00,2057.00,2057.00,2057.00,50,192000
20220331,13:33,2064.95,2064.95,2064.95,2064.95,1650,192250
20220331,13:35,2060.00,2079.10,2060.00,2079.10,1850,192200
20220331,13:37,2065.00,2065.00,2065.00,2065.00,50,192550
20220331,13:38,2056.70,2056.70,2056.70,2056.70,50,192550
20220331,13:40,2054.50,2054.50,2054.50,2054.50,50,192650
20220331,13:43,2058.20,2058.20,2058.20,2058.20,100,192700
20220331,13:44,2056.65,2056.65,2056.65,2056.65,50,192700
20220331,13:55,2054.85,2054.85,2054.85,2054.85,500,192850
20220331,13:56,2065.35,2065.35,2061.25,2061.25,300,192850
20220331,13:58,2055.30,2055.30,2055.30,2055.30,50,193600
20220331,14:01,2044.30,2044.30,2044.30,2044.30,50,193650
20220331,14:04,2030.55,2041.90,2030.55,2041.90,1650,193600
20220331,14:05,2040.05,2040.05,2040.05,2040.05,50,193600
20220331,14:16,2030.00,2030.00,2030.00,2030.00,50,194450
20220331,14:17,2030.00,2030.00,2030.00,2030.00,50,194450
20220331,14:18,2030.00,2030.00,2030.00,2030.00,100,194550
20220331,14:20,2040.00,2040.00,2040.00,2040.00,100,194550
20220331,14:22,2036.00,2040.90,2033.35,2035.95,200,194450
20220331,14:28,2064.90,2064.90,2064.90,2064.90,50,194650
20220331,14:30,2061.55,2061.55,2061.55,2061.55,100,194650
20220331,14:31,2057.00,2057.00,2057.00,2057.00,1000,194700
20220331,14:33,2044.00,2044.00,2042.00,2042.00,100,194700
20220331,14:35,2035.00,2035.00,2035.00,2035.00,50,194700
20220331,14:37,2035.00,2035.00,2030.30,2030.30,200,194800
20220331,14:40,2024.00,2024.00,2024.00,2024.00,300,195000
20220331,14:42,2024.00,2024.00,2024.00,2024.00,1500,195000
20220331,14:43,2028.40,2028.40,2028.40,2028.40,1500,195000
20220331,14:44,2037.00,2037.00,2037.00,2037.00,1000,195000
20220331,14:51,2026.55,2030.60,2026.55,2030.60,100,195100
20220331,14:58,2040.00,2040.00,2040.00,2040.00,50,195200
20220331,15:00,2041.20,2055.00,2041.20,2055.00,1050,195750
20220331,15:01,2048.00,2048.00,2048.00,2048.00,500,195750
20220331,15:05,2055.75,2055.75,2047.10,2048.15,200,196800
20220331,15:06,2055.00,2055.00,2055.00,2055.00,500,196850
20220331,15:07,2055.00,2055.00,2055.00,2055.00,500,196850
20220331,15:08,2050.45,2050.45,2050.45,2050.45,500,196850
20220331,15:09,2062.00,2062.00,2062.00,2062.00,150,198350
20220331,15:11,2062.00,2066.05,2062.00,2066.05,300,198350
20220331,15:13,2060.00,2060.00,2060.00,2060.00,50,198650
20220331,15:14,2059.00,2059.00,2059.00,2059.00,1000,198650
20220331,15:15,2055.00,2055.00,2055.00,2055.00,650,198700
20220331,15:16,2055.00,2055.00,2055.00,2055.00,50,198700
20220331,15:17,2045.00,2045.00,2045.00,2045.00,1500,198700
20220331,15:20,2055.00,2055.00,2055.00,2055.00,100,200250
20220331,15:21,2062.25,2062.25,2062.25,2062.25,50,200250
20220331,15:23,2052.35,2052.35,2052.35,2052.35,150,200300
20220331,15:25,2051.95,2055.00,2051.70,2051.70,600,200450
20220331,15:26,2050.95,2050.95,2049.95,2049.95,350,200450
20220401,09:15,2010.00,2010.00,2010.00,2010.00,251,201300
20220401,09:19,2024.40,2024.40,2024.40,2024.40,250,201550
20220401,09:20,2026.70,2026.70,2026.70,2026.70,300,201550
20220401,09:21,2040.00,2040.50,2040.00,2040.50,250,201550
20220401,09:22,2040.50,2040.50,2040.50,2040.50,1500,201550
20220401,09:23,2043.25,2043.25,2038.40,2038.40,3000,201550
20220401,09:24,2043.30,2043.30,2039.45,2039.45,4000,201000
20220401,09:25,2025.00,2025.00,2025.00,2025.00,50,201000
20220401,09:28,2015.90,2015.90,2015.90,2015.90,50,201050
20220401,09:29,2020.00,2020.00,2020.00,2020.00,50,201050
20220401,09:30,2011.05,2011.05,2011.05,2011.05,350,201050
20220401,09:31,2020.00,2020.00,2020.00,2020.00,50,201050
20220401,09:34,2027.35,2027.35,2027.35,2027.35,50,201050
20220401,09:38,2033.00,2033.00,2033.00,2033.00,50,201100
20220401,09:45,2050.00,2050.00,2050.00,2050.00,50,201100
20220401,09:58,2072.00,2072.00,2072.00,2072.00,50,201100
20220401,10:00,2082.00,2082.00,2082.00,2082.00,50,201100
20220401,10:10,2092.00,2092.00,2092.00,2092.00,150,201100
20220401,10:11,2092.00,2092.00,2092.00,2092.00,100,201100
20220401,10:14,2077.95,2077.95,2075.00,2075.00,100,200950
20220401,10:16,2079.00,2079.00,2079.00,2079.00,50,200950
20220401,10:19,2077.00,2077.00,2077.00,2077.00,500,200950
20220401,10:20,2085.00,2085.00,2085.00,2085.00,100,200950
20220401,10:21,2090.00,2090.00,2090.00,2090.00,50,200950
20220401,10:22,2085.20,2085.20,2085.20,2085.20,50,200950
20220401,10:23,2090.00,2090.00,2088.00,2088.00,100,201000
20220401,10:25,2091.00,2091.00,2091.00,2091.00,50,201000
20220401,10:34,2093.00,2093.00,2093.00,2093.00,50,201000
20220401,10:35,2093.00,2093.00,2093.00,2093.00,500,201000
20220401,10:37,2093.00,2093.00,2093.00,2093.00,500,201000
20220401,10:38,2088.00,2088.00,2088.00,2088.00,50,201000
20220401,10:39,2084.60,2084.60,2082.60,2082.60,100,201000
20220401,10:40,2090.00,2092.00,2090.00,2092.00,100,201000
20220401,10:42,2092.00,2092.00,2090.00,2090.00,100,201000
20220401,10:44,2085.00,2088.00,2085.00,2088.00,100,201000
20220401,10:45,2085.00,2091.00,2085.00,2089.70,300,201000
20220401,10:46,2095.00,2095.00,2095.00,2095.00,150,201000
20220401,10:48,2088.00,2088.00,2088.00,2088.00,50,201000
20220401,10:49,2085.00,2085.00,2085.00,2085.00,50,201000
20220401,10:51,2088.00,2088.00,2088.00,2088.00,50,201000
20220401,10:52,2088.00,2093.00,2088.00,2093.00,150,201000
20220401,10:53,2090.00,2090.00,2090.00,2090.00,50,201000
20220401,10:55,2085.00,2087.00,2085.00,2087.00,100,201000
20220401,10:57,2085.00,2085.00,2085.00,2085.00,50,201000
20220401,10:58,2080.00,2082.00,2080.00,2082.00,100,201000
20220401,11:00,2084.00,2084.05,2084.00,2084.00,400,201000
20220401,11:01,2084.00,2084.00,2084.00,2084.00,100,201000
20220401,11:02,2084.00,2084.00,2084.00,2084.00,250,200800
20220401,11:03,2075.00,2075.00,2075.00,2075.00,50,200800
20220401,11:04,2080.00,2080.00,2080.00,2080.00,50,200800
20220401,11:05,2084.00,2088.00,2084.00,2088.00,150,200800
20220401,11:07,2091.20,2091.20,2091.20,2091.20,250,200650
20220401,11:08,2091.20,2091.20,2091.20,2091.20,250,200650
20220401,11:09,2095.00,2095.00,2095.00,2095.00,50,200650
20220401,11:10,2110.00,2110.00,2110.00,2110.00,50,200650
20220401,11:14,2110.00,2110.00,2110.00,2110.00,50,200650
20220401,11:18,2098.00,2098.00,2098.00,2098.00,750,200600
20220401,11:20,2091.00,2091.00,2091.00,2091.00,50,199850
20220401,11:24,2090.00,2090.00,2090.00,2090.00,300,199850
20220401,11:27,2084.60,2084.60,2084.60,2084.60,50,199550
20220401,11:30,2085.00,2085.00,2085.00,2085.00,100,199550
20220401,11:41,2090.00,2090.00,2090.00,2090.00,100,199550
20220401,11:42,2090.00,2090.00,2090.00,2090.00,50,199550
20220401,11:45,2095.00,2095.00,2095.00,2095.00,250,199400
20220401,11:56,2095.00,2095.00,2095.00,2095.00,50,199150
20220401,12:04,2095.80,2095.80,2085.00,2085.00,100,199150
20220401,12:05,2080.00,2080.00,2080.00,2080.00,100,199100
20220401,12:14,2083.00,2083.00,2083.00,2083.00,50,199100
20220401,12:18,2084.30,2084.30,2084.30,2084.30,50,199100
20220401,12:24,2080.00,2080.00,2080.00,2080.00,1000,199050
20220401,12:25,2095.00,2095.00,2095.00,2095.00,50,199050
20220401,12:27,2097.55,2099.00,2097.55,2099.00,100,199850
20220401,12:34,2099.00,2099.00,2099.00,2099.00,50,199750
20220401,12:44,2098.20,2099.00,2098.20,2099.00,150,199750
20220401,12:46,2099.80,2099.80,2099.80,2099.80,50,199800
20220401,12:47,2098.80,2098.80,2098.80,2098.80,400,199750
20220401,12:49,2104.95,2104.95,2104.95,2104.95,50,199750
20220401,12:52,2105.45,2105.45,2105.45,2105.45,100,199750
20220401,12:53,2105.45,2105.45,2105.45,2105.45,50,199750
20220401,12:58,2097.20,2097.20,2097.20,2097.20,500,199850
20220401,13:00,2098.20,2098.20,2098.20,2098.20,500,199850
20220401,13:03,2095.00,2095.00,2095.00,2095.00,100,199850
20220401,13:04,2092.00,2092.00,2092.00,2092.00,200,199850
20220401,13:06,2090.00,2090.00,2090.00,2090.00,200,199750
20220401,13:07,2090.00,2095.00,2090.00,2095.00,1350,199750
20220401,13:08,2095.00,2095.00,2095.00,2095.00,250,199750
20220401,13:11,2104.50,2104.50,2098.00,2098.00,100,199750
20220401,13:15,2103.00,2103.00,2103.00,2103.00,50,199700
20220401,13:17,2120.00,2120.00,2120.00,2120.00,300,199700
20220401,13:18,2120.00,2120.00,2120.00,2120.00,50,199650
20220401,13:22,2113.70,2113.70,2113.70,2113.70,150,199600
20220401,13:24,2110.00,2110.00,2110.00,2110.00,700,199450
20220401,13:27,2115.00,2115.00,2115.00,2115.00,50,199450
20220401,13:28,2116.00,2116.00,2116.00,2116.00,1000,199450
20220401,13:30,2130.00,2130.00,2130.00,2130.00,1000,199400
20220401,13:33,2140.00,2140.00,2140.00,2140.00,50,199400
20220401,13:34,2144.15,2144.15,2144.15,2144.15,150,199400
20220401,13:42,2144.15,2144.15,2144.15,2144.15,100,199250
20220401,13:44,2141.00,2142.00,2141.00,2142.00,500,199250
20220401,13:45,2142.00,2142.00,2142.00,2142.00,500,199300
20220401,13:47,2146.15,2146.15,2146.15,2146.15,150,199300
20220401,13:49,2146.15,2146.15,2142.00,2142.00,400,199150
20220401,13:50,2142.00,2142.00,2142.00,2142.00,650,199150
20220401,13:52,2137.00,2137.00,2137.00,2137.00,100,199100
20220401,13:53,2138.00,2138.00,2138.00,2138.00,1000,199100
20220401,14:01,2144.00,2144.00,2144.00,2144.00,100,199000
20220401,14:03,2140.00,2140.00,2140.00,2140.00,1000,199000
20220401,14:07,2148.00,2148.00,2148.00,2148.00,150,199000
20220401,14:08,2148.00,2154.00,2148.00,2154.00,900,199000
20220401,14:12,2154.00,2154.00,2152.75,2153.25,250,198950
20220401,14:13,2153.50,2153.50,2152.15,2152.15,450,198950
20220401,14:14,2152.05,2152.05,2152.05,2152.05,50,198950
20220401,14:15,2151.70,2151.70,2151.70,2151.70,150,198200
20220401,14:19,2157.00,2160.35,2157.00,2160.35,1100,198200
20220401,14:20,2160.35,2160.35,2155.00,2155.00,450,198200
20220401,14:21,2150.00,2150.00,2150.00,2150.00,650,198200
20220401,14:23,2150.00,2150.00,2150.00,2150.00,1000,198200
20220401,14:25,2155.00,2155.00,2155.00,2155.00,1000,198200
20220401,14:26,2142.00,2142.00,2142.00,2142.00,900,198200
20220401,14:27,2142.00,2142.00,2142.00,2142.00,100,198200
20220401,14:29,2140.00,2140.00,2140.00,2140.00,50,198200
20220401,14:32,2140.00,2140.00,2140.00,2140.00,550,198200
20220401,14:33,2140.00,2140.00,2140.00,2140.00,550,198200
20220401,14:35,2145.00,2145.00,2145.00,2145.00,1100,198200
20220401,14:36,2148.00,2148.00,2148.00,2148.00,50,197750
20220401,14:43,2140.00,2140.00,2140.00,2140.00,1000,197800
20220401,14:47,2148.00,2148.00,2148.00,2148.00,1000,197800
20220401,14:53,2143.00,2143.00,2143.00,2143.00,50,197800
20220401,14:55,2140.00,2140.00,2140.00,2140.00,800,197850
20220401,14:56,2140.00,2140.00,2140.00,2140.00,1250,197850
20220401,14:57,2153.10,2153.10,2153.10,2153.10,50,197850
20220401,15:00,2155.00,2160.35,2155.00,2160.35,250,197800
20220401,15:01,2165.00,2165.00,2165.00,2165.00,2000,197800
20220401,15:02,2176.00,2176.00,2176.00,2176.00,150,197800
20220401,15:03,2189.65,2189.65,2189.65,2189.65,150,197800
20220401,15:05,2195.75,2195.75,2195.75,2195.75,50,197800
20220401,15:06,2200.00,2200.00,2200.00,2200.00,50,197800
20220401,15:07,2200.00,2200.00,2200.00,2200.00,50,197650
20220401,15:08,2202.00,2202.00,2202.00,2202.00,1000,197650
20220401,15:09,2202.00,2202.00,2202.00,2202.00,200,197600
20220401,15:10,2198.00,2200.00,2197.00,2200.00,1250,197600
20220401,15:13,2210.00,2210.00,2210.00,2210.00,1000,197350
20220401,15:14,2215.00,2215.00,2215.00,2215.00,50,197350
20220401,15:15,2220.00,2220.00,2220.00,2220.00,50,197350
20220401,15:16,2221.00,2221.00,2221.00,2221.00,50,197350
20220401,15:18,2229.00,2231.65,2229.00,2231.65,100,197300
20220401,15:19,2231.65,2231.65,2231.65,2231.65,100,197300
20220401,15:21,2241.00,2241.00,2241.00,2241.00,450,197250
20220401,15:22,2236.70,2238.10,2233.80,2238.10,600,197250
20220401,15:23,2234.50,2234.50,2234.50,2234.50,50,197250
20220401,15:24,2234.50,2237.45,2234.50,2237.45,100,196450
20220401,15:25,2232.00,2232.00,2232.00,2232.00,50,196450
20220401,15:26,2236.00,2236.00,2236.00,2236.00,50,196450
20220401,15:27,2239.95,2239.95,2239.95,2239.95,50,196400
20220401,15:29,2239.50,2242.05,2239.50,2242.05,100,196400
20220404,09:15,2333.05,2333.05,2333.05,2333.05,51,196350
20220404,09:16,2320.00,2320.00,2320.00,2320.00,50,196350
20220404,09:18,2320.00,2320.00,2320.00,2320.00,700,196300
20220404,09:21,2368.95,2368.95,2368.95,2368.95,50,196050
20220404,09:25,2400.00,2400.00,2400.00,2400.00,400,196000
20220404,09:26,2400.00,2400.00,2400.00,2400.00,50,196000
20220404,09:27,2407.75,2419.30,2407.75,2419.30,100,195950
20220404,09:28,2439.30,2439.30,2439.30,2439.30,100,195950
20220404,09:29,2420.00,2423.80,2420.00,2423.80,100,195850
20220404,09:33,2454.00,2454.00,2454.00,2454.00,50,195850
20220404,09:34,2460.00,2460.00,2460.00,2460.00,50,195850
20220404,09:36,2475.00,2475.00,2475.00,2475.00,150,195850
20220404,09:37,2475.00,2475.00,2475.00,2475.00,50,195800
20220404,09:39,2490.00,2490.00,2490.00,2490.00,150,195750
20220404,09:44,2482.70,2492.70,2482.70,2492.70,100,195650
20220404,09:45,2492.70,2492.70,2492.70,2492.70,100,195650
20220404,09:46,2500.25,2500.25,2500.25,2500.25,950,195650
20220404,09:47,2500.25,2500.25,2500.25,2500.25,100,194600
20220404,09:48,2486.20,2486.20,2486.20,2486.20,100,194600
20220404,09:49,2490.00,2491.20,2490.00,2491.20,150,194600
20220404,09:51,2500.00,2500.00,2500.00,2500.00,50,194550
20220404,09:53,2508.30,2508.30,2508.30,2508.30,50,194550
20220404,09:54,2509.45,2509.45,2509.45,2509.45,100,194500
20220404,09:56,2511.00,2511.00,2511.00,2511.00,100,194400
20220404,09:58,2511.00,2511.00,2510.00,2510.00,250,194400
20220404,09:59,2514.15,2514.15,2514.15,2514.15,100,194400
20220404,10:01,2508.00,2508.00,2508.00,2508.00,50,194200
20220404,10:02,2515.00,2515.00,2515.00,2515.00,50,194150
20220404,10:04,2538.80,2542.40,2538.80,2541.70,2850,194150
20220404,10:05,2553.45,2553.45,2550.00,2550.30,750,196250
20220404,10:07,2575.00,2575.00,2575.00,2575.00,50,196250
20220404,10:11,2590.00,2600.25,2590.00,2600.25,2700,196100
20220404,10:13,2595.00,2600.00,2595.00,2600.00,100,196100
20220404,10:14,2602.50,2602.50,2602.50,2602.50,400,196100
20220404,10:15,2574.95,2574.95,2574.95,2574.95,50,193550
20220404,10:16,2590.00,2590.00,2590.00,2590.00,50,193550
20220404,10:19,2585.00,2585.00,2578.35,2578.35,1050,193450
20220404,10:20,2584.95,2584.95,2584.95,2584.95,50,193450
20220404,10:21,2577.00,2577.00,2577.00,2577.00,550,194000
20220404,10:22,2585.00,2585.00,2564.60,2564.60,2050,194000
20220404,10:23,2575.00,2575.00,2570.50,2570.50,2850,195600
20220404,10:24,2573.65,2573.65,2573.65,2573.65,50,195600
20220404,10:26,2575.00,2575.00,2573.65,2573.65,200,198050
20220404,10:33,2583.90,2583.90,2583.90,2583.90,2850,198000
20220404,10:34,2577.20,2577.20,2571.00,2571.00,200,198000
20220404,10:35,2565.35,2565.35,2562.50,2562.50,250,196450
20220404,10:36,2564.05,2564.05,2553.15,2553.15,600,196450
20220404,10:42,2552.80,2552.80,2552.80,2552.80,2650,195850
20220404,10:50,2571.00,2571.00,2571.00,2571.00,50,198050
20220404,10:51,2567.15,2567.15,2567.15,2567.15,2700,198050
20220404,11:01,2535.80,2543.45,2535.80,2543.45,3150,196200
20220404,11:09,2510.00,2510.00,2510.00,2510.00,50,197600
20220404,11:10,2520.00,2520.00,2520.00,2520.00,2650,197600
20220404,11:11,2510.00,2510.00,2510.00,2510.00,50,197600
20220404,11:20,2540.00,2540.00,2540.00,2540.00,50,195550
20220404,11:23,2540.00,2540.00,2530.50,2535.10,3750,195550
20220404,11:27,2547.55,2547.55,2547.55,2547.55,50,197250
20220404,11:31,2530.00,2530.00,2530.00,2530.00,50,197250
20220404,11:34,2529.15,2529.15,2521.00,2521.00,2700,197250
20220404,11:35,2520.00,2520.00,2520.00,2520.00,750,197250
20220404,11:36,2511.00,2511.00,2495.00,2495.05,5200,195600
20220404,11:37,2509.20,2509.20,2500.00,2500.00,1300,195600
20220404,11:39,2519.70,2519.70,2519.70,2519.70,100,199400
20220404,11:47,2521.60,2521.60,2521.60,2521.60,50,199300
20220404,11:50,2519.55,2519.55,2519.55,2519.55,50,199300
20220404,11:51,2524.95,2524.95,2524.95,2524.95,50,199400
20220404,12:05,2516.60,2516.60,2516.60,2516.60,50,199400
20220404,12:06,2517.75,2517.75,2517.75,2517.75,50,199400
20220404,12:08,2512.15,2515.80,2512.15,2515.80,400,199400
20220404,12:09,2500.10,2500.10,2499.30,2499.30,1150,199000
20220404,12:10,2498.85,2503.35,2495.00,2500.40,3250,199000
20220404,12:11,2495.00,2495.00,2490.00,2490.00,3050,199000
20220404,12:21,2480.00,2480.00,2480.00,2480.00,100,191900
20220404,12:36,2478.70,2478.70,2478.70,2478.70,50,191900
20220404,12:38,2467.00,2467.00,2467.00,2467.00,150,192000
20220404,12:46,2449.00,2449.00,2449.00,2449.00,50,191800
20220404,12:48,2447.00,2447.00,2447.00,2447.00,1500,191750
20220404,12:50,2457.00,2457.00,2457.00,2457.00,1500,191750
20220404,13:00,2470.00,2470.00,2470.00,2470.00,50,190750
20220404,13:06,2485.00,2485.00,2485.00,2485.00,150,190750
20220404,13:08,2489.20,2493.50,2489.20,2493.50,100,190750
20220404,13:11,2500.00,2500.00,2500.00,2500.00,50,190650
20220404,13:16,2510.00,2510.00,2510.00,2510.00,50,190600
20220404,13:19,2519.55,2522.50,2519.55,2522.50,150,190600
20220404,13:27,2519.95,2525.00,2519.95,2525.00,800,190550
20220404,13:29,2531.20,2531.20,2531.20,2531.20,50,190550
20220404,13:30,2540.00,2540.00,2539.85,2539.85,200,191050
20220404,13:32,2528.00,2528.00,2528.00,2528.00,50,191050
20220404,13:34,2529.00,2529.00,2529.00,2529.00,50,191050
20220404,13:35,2528.00,2528.00,2528.00,2528.00,50,191050
20220404,13:44,2524.00,2524.00,2524.00,2524.00,50,190950
20220404,13:51,2531.70,2531.70,2531.70,2531.70,50,190950
20220404,13:53,2545.00,2545.00,2545.00,2545.00,50,190900
20220404,13:55,2538.05,2538.05,2533.15,2533.15,1500,190900
20220404,14:02,2549.95,2549.95,2549.95,2549.95,50,192150
20220404,14:03,2549.00,2549.00,2549.00,2549.00,50,192150
20220404,14:11,2544.85,2544.85,2544.85,2544.85,50,192150
20220404,14:18,2540.35,2540.35,2540.35,2540.35,50,192100
20220404,14:19,2550.00,2550.00,2550.00,2550.00,50,192150
20220404,14:24,2545.40,2545.40,2545.40,2545.40,50,192100
20220404,14:28,2549.85,2550.00,2549.85,2550.00,100,192050
20220404,14:30,2563.00,2563.00,2563.00,2563.00,50,192050
20220404,14:37,2576.20,2576.20,2576.20,2576.20,1000,192000
20220404,14:39,2594.95,2594.95,2594.95,2594.95,50,193000
20220404,14:42,2599.95,2599.95,2599.95,2599.95,100,192950
20220404,14:46,2612.60,2612.60,2612.60,2612.60,50,192950
20220404,14:47,2612.60,2612.60,2612.60,2612.60,100,192950
20220404,14:48,2593.40,2601.50,2593.40,2598.25,400,193150
20220404,14:49,2593.85,2593.85,2593.85,2593.85,50,193150
20220404,14:53,2611.60,2611.60,2611.60,2611.60,100,193400
20220404,14:56,2609.45,2609.45,2609.45,2609.45,50,193400
20220404,15:01,2617.50,2617.50,2617.50,2617.50,50,193350
20220404,15:11,2617.50,2617.50,2617.50,2617.50,50,193350
20220404,15:12,2600.00,2600.00,2600.00,2600.00,50,193300
20220404,15:14,2600.00,2600.00,2600.00,2600.00,100,193250
20220404,15:17,2603.40,2603.40,2603.40,2603.40,150,193150
20220404,15:19,2607.05,2607.05,2607.05,2607.05,150,193150
20220404,15:20,2610.25,2610.25,2610.25,2610.25,200,193150
20220404,15:23,2593.70,2593.70,2593.70,2593.70,200,192800
20220404,15:27,2575.95,2575.95,2575.95,2575.95,50,192600
20220404,15:29,2591.10,2591.10,2591.10,2591.10,50,192600
20220405,09:15,2624.95,2624.95,2624.95,2624.95,201,192550
20220405,09:21,2575.75,2575.75,2575.75,2575.75,50,192550
20220405,09:22,2570.00,2570.00,2570.00,2570.00,200,192550
20220405,09:27,2570.00,2611.95,2570.00,2611.95,2000,192500
20220405,09:28,2611.05,2618.90,2609.30,2618.90,3200,192500
20220405,09:29,2611.65,2611.65,2611.65,2611.65,550,196950
20220405,09:35,2580.00,2580.00,2580.00,2580.00,100,197000
20220405,09:43,2550.00,2550.00,2550.00,2550.00,50,196950
20220405,09:44,2540.00,2540.00,2540.00,2540.00,50,196950
20220405,09:46,2531.90,2545.70,2531.90,2543.35,500,196850
20220405,09:47,2543.15,2543.15,2543.15,2543.15,400,196650
20220405,09:48,2545.15,2545.15,2545.15,2545.15,600,196650
20220405,09:49,2545.00,2545.00,2545.00,2545.00,300,196650
20220405,09:50,2550.00,2566.40,2550.00,2566.40,600,196650
20220405,09:52,2549.95,2549.95,2549.95,2549.95,50,197550
20220405,09:53,2540.00,2540.00,2538.10,2538.10,350,197500
20220405,09:54,2543.50,2543.50,2543.50,2543.50,50,197500
20220405,09:57,2540.00,2540.00,2540.00,2540.00,50,197750
20220405,10:00,2546.00,2546.00,2546.00,2546.00,50,197700
20220405,10:02,2545.00,2550.00,2545.00,2550.00,450,197700
20220405,10:03,2556.00,2556.00,2556.00,2556.00,50,198100
20220405,10:06,2545.00,2545.00,2545.00,2545.00,50,198050
20220405,10:07,2530.00,2530.00,2530.00,2530.00,500,198050
20220405,10:21,2530.00,2530.00,2530.00,2530.00,50,198350
20220405,10:26,2541.95,2541.95,2541.95,2541.95,200,198350
20220405,10:27,2560.00,2560.00,2560.00,2560.00,150,198350
20220405,10:40,2525.75,2525.75,2521.70,2521.70,700,198500
20220405,10:41,2521.55,2521.55,2521.55,2521.55,50,198500
20220405,10:43,2521.55,2521.55,2521.55,2521.55,50,198600
20220405,10:49,2548.00,2548.00,2548.00,2548.00,100,198550
20220405,10:50,2548.00,2548.00,2548.00,2548.00,200,198550
20220405,10:55,2548.00,2548.00,2548.00,2548.00,50,198850
20220405,10:56,2548.00,2548.00,2548.00,2548.00,100,198850
20220405,11:51,2574.55,2574.55,2574.55,2574.55,50,199000
20220405,12:20,2545.00,2545.00,2545.00,2545.00,50,199000
20220405,12:27,2551.95,2551.95,2551.95,2551.95,50,199050
20220405,12:52,2561.85,2561.85,2561.85,2561.85,50,199100
20220405,13:05,2605.00,2620.00,2605.00,2620.00,150,199100
20220405,13:06,2630.00,2633.40,2630.00,2633.40,300,199200
20220405,13:12,2633.40,2633.40,2633.40,2633.40,50,199000
20220405,13:15,2649.95,2649.95,2649.95,2649.95,200,199000
20220405,13:16,2649.95,2649.95,2649.95,2649.95,50,198900
20220405,13:25,2636.00,2636.00,2636.00,2636.00,50,198950
20220405,13:31,2662.65,2662.65,2662.65,2662.65,500,199000
20220405,13:32,2662.65,2662.65,2662.65,2662.65,800,199000
20220405,13:33,2649.90,2649.90,2649.90,2649.90,100,199000
20220405,13:41,2632.85,2632.85,2632.85,2632.85,100,197600
20220405,13:47,2632.00,2632.00,2630.00,2630.00,150,197600
20220405,13:53,2629.15,2629.45,2629.15,2629.45,150,197600
20220405,14:00,2570.00,2570.00,2570.00,2570.00,50,197550
20220405,14:10,2560.00,2560.00,2555.05,2555.05,150,197550
20220405,14:20,2575.00,2575.00,2575.00,2575.00,150,197600
20220405,14:25,2540.00,2540.00,2540.00,2540.00,50,197600
20220405,14:31,2574.95,2574.95,2574.95,2574.95,50,197600
20220405,14:35,2575.00,2575.00,2575.00,2575.00,850,197550
20220405,14:56,2555.00,2555.00,2555.00,2555.00,50,197550
20220405,15:05,2550.00,2550.00,2550.00,2550.00,50,197600
20220405,15:11,2517.85,2517.85,2513.25,2513.75,3300,197650
20220405,15:12,2509.70,2521.95,2509.70,2521.95,1050,198900
20220405,15:13,2519.35,2520.35,2519.35,2519.50,150,198900
20220405,15:14,2517.30,2517.30,2517.30,2517.30,50,198900
20220405,15:15,2511.25,2514.85,2510.90,2514.85,550,198900
20220405,15:16,2523.55,2523.70,2520.75,2520.75,850,198900
20220405,15:18,2500.00,2500.00,2500.00,2500.00,50,198900
20220405,15:22,2500.00,2500.00,2500.00,2500.00,100,198850
20220405,15:23,2510.25,2512.05,2510.25,2512.05,150,198850
20220405,15:24,2512.35,2512.35,2512.35,2512.35,50,198850
20220405,15:25,2512.10,2512.10,2503.00,2503.00,250,198900
20220405,15:28,2492.70,2492.70,2492.70,2492.70,50,198850
20220405,15:29,2492.70,2492.70,2492.70,2492.70,50,198850
20220406,09:16,2382.60,2382.60,2382.60,2382.60,751,198850
20220406,09:22,2440.00,2440.00,2440.00,2440.00,100,198100
20220406,09:23,2440.00,2440.00,2440.00,2440.00,50,198100
20220406,09:33,2415.00,2415.00,2415.00,2415.00,50,198100
20220406,09:38,2425.00,2427.75,2425.00,2427.75,250,198050
20220406,09:39,2418.00,2418.00,2418.00,2418.00,300,198050
20220406,09:46,2400.00,2400.00,2400.00,2400.00,50,198400
20220406,09:49,2390.00,2390.00,2390.00,2390.00,100,198350
20220406,09:54,2394.45,2394.45,2387.55,2387.55,100,198350
20220406,09:55,2389.75,2389.75,2389.75,2389.75,50,198350
20220406,10:17,2396.00,2396.00,2396.00,2396.00,50,198200
20220406,10:18,2402.00,2402.00,2402.00,2402.00,600,198150
20220406,10:25,2382.00,2382.00,2382.00,2382.00,250,197550
20220406,10:26,2382.00,2382.00,2382.00,2382.00,800,197550
20220406,10:36,2380.00,2380.00,2380.00,2380.00,250,197500
20220406,10:37,2370.00,2370.00,2370.00,2370.00,50,197500
20220406,10:39,2350.00,2350.00,2350.00,2350.00,100,197250
20220406,11:06,2350.00,2364.00,2350.00,2364.00,300,197150
20220406,11:07,2365.00,2375.45,2365.00,2375.45,300,197150
20220406,11:08,2370.00,2375.00,2370.00,2375.00,500,197150
20220406,11:09,2381.60,2381.60,2381.60,2381.60,50,198200
20220406,11:19,2375.00,2375.00,2375.00,2375.00,50,198200
20220406,11:25,2381.70,2381.70,2381.70,2381.70,50,198250
20220406,11:26,2380.00,2381.25,2380.00,2381.25,200,198250
20220406,11:40,2370.90,2370.90,2370.90,2370.90,50,198050
20220406,12:24,2423.50,2423.50,2423.50,2423.50,50,198000
20220406,12:32,2435.00,2435.00,2435.00,2435.00,50,198000
20220406,12:38,2438.00,2438.00,2438.00,2438.00,50,198050
20220406,12:46,2447.70,2447.70,2447.70,2447.70,50,198000
20220406,12:59,2447.70,2447.70,2447.70,2447.70,50,198000
20220406,13:04,2382.65,2382.65,2382.65,2382.65,50,198050
20220406,13:10,2386.95,2386.95,2386.95,2386.95,50,198050
20220406,13:14,2394.00,2394.00,2394.00,2394.00,50,198050
20220406,13:19,2380.20,2380.20,2380.20,2380.20,50,198050
20220406,13:20,2380.20,2380.20,2380.20,2380.20,50,198050
20220406,13:29,2339.70,2339.70,2339.70,2339.70,50,198050
20220406,13:32,2339.70,2339.70,2339.70,2339.70,50,198050
20220406,13:37,2369.00,2369.00,2369.00,2369.00,100,198000
20220406,13:45,2389.00,2389.00,2389.00,2389.00,50,198000
20220406,14:07,2360.40,2360.40,2360.40,2360.40,50,198050
20220406,14:29,2380.00,2380.00,2380.00,2380.00,100,198050
20220406,14:36,2378.20,2378.20,2378.20,2378.20,50,198150
20220406,14:41,2386.60,2386.60,2386.60,2386.60,50,198100
20220406,14:57,2345.90,2345.90,2345.90,2345.90,500,198100
20220406,15:00,2375.00,2375.00,2375.00,2375.00,100,198450
20220406,15:01,2379.85,2379.85,2379.85,2379.85,50,198450
20220406,15:11,2373.25,2373.25,2370.00,2370.00,800,198400
20220406,15:21,2359.30,2359.30,2359.30,2359.30,450,198700
20220406,15:24,2370.15,2370.15,2370.15,2370.15,100,198700
20220406,15:27,2356.80,2356.80,2356.80,2356.80,50,198650
20220407,09:16,2290.00,2290.00,2281.30,2281.30,151,198650
20220407,09:17,2286.00,2286.00,2286.00,2286.00,50,198650
20220407,09:21,2275.00,2275.00,2275.00,2275.00,50,198700
20220407,09:22,2270.00,2270.00,2270.00,2270.00,50,198700
20220407,09:29,2251.35,2251.35,2251.35,2251.35,50,198600
20220407,09:37,2251.35,2257.00,2251.35,2257.00,1000,198600
20220407,09:42,2283.10,2283.10,2283.10,2283.10,1000,198600
20220407,09:53,2283.40,2283.40,2283.40,2283.40,50,197600
20220407,10:05,2270.00,2270.00,2270.00,2270.00,50,197550
20220407,10:15,2293.25,2293.25,2293.25,2293.25,200,197500
20220407,10:40,2242.00,2242.00,2242.00,2242.00,100,197400
20220407,10:44,2255.30,2255.30,2255.30,2255.30,50,197500
20220407,10:47,2250.00,2250.00,2250.00,2250.00,50,197450
20220407,11:38,2285.00,2285.00,2285.00,2285.00,50,197400
20220407,11:48,2299.00,2299.00,2299.00,2299.00,50,197450
20220407,12:00,2320.00,2320.00,2320.00,2320.00,100,197500
20220407,12:40,2353.00,2353.00,2353.00,2353.00,50,197500
20220407,12:42,2353.45,2353.45,2353.45,2353.45,300,197500
20220407,12:44,2360.00,2360.00,2360.00,2360.00,50,197450
20220407,12:55,2360.00,2360.00,2360.00,2360.00,50,197500
20220407,13:40,2285.90,2285.90,2285.90,2285.90,100,197450
20220407,13:49,2248.20,2248.20,2248.20,2248.20,150,197550
20220407,13:50,2230.05,2230.05,2230.05,2230.05,100,197550
20220407,14:16,2195.00,2195.00,2195.00,2195.00,50,197500
20220407,14:20,2195.00,2195.00,2195.00,2195.00,50,197450
20220407,14:33,2218.15,2218.15,2218.15,2218.15,50,197450
20220407,14:47,2217.10,2217.10,2217.10,2217.10,50,197450
20220407,14:54,2217.00,2217.00,2217.00,2217.00,50,197400
20220407,15:02,2223.00,2223.00,2223.00,2223.00,800,197400
20220407,15:03,2252.00,2252.00,2240.75,2244.65,850,197400
20220407,15:06,2231.00,2231.00,2231.00,2231.00,800,196450
20220407,15:10,2225.00,2225.00,2225.00,2225.00,450,195900
20220407,15:12,2226.00,2226.00,2226.00,2226.00,1000,195900
20220407,15:13,2220.50,2225.00,2220.50,2225.00,100,195300
20220407,15:14,2224.30,2224.30,2222.35,2223.55,200,195300
20220407,15:15,2223.05,2223.55,2223.05,2223.55,150,195300
20220407,15:18,2222.00,2222.00,2222.00,2222.00,50,195500
20220407,15:19,2226.80,2226.80,2226.80,2226.80,50,195550
20220407,15:21,2234.00,2234.00,2234.00,2234.00,100,195550
20220407,15:22,2235.00,2235.00,2235.00,2235.00,100,195550
20220407,15:25,2238.40,2238.40,2237.50,2237.50,200,195450
20220408,09:17,2245.00,2245.00,2245.00,2245.00,51,195400
20220408,09:18,2233.35,2233.35,2233.35,2233.35,100,195400
20220408,09:22,2230.20,2230.20,2230.20,2230.20,50,195500
20220408,09:23,2230.00,2230.00,2230.00,2230.00,50,195450
20220408,09:29,2200.65,2200.65,2200.65,2200.65,50,195400
20220408,09:44,2200.00,2200.00,2200.00,2200.00,50,195450
20220408,09:52,2180.65,2180.65,2180.65,2180.65,50,195450
20220408,09:55,2170.00,2170.00,2170.00,2170.00,50,195450
20220408,09:59,2170.00,2170.00,2170.00,2170.00,50,195450
20220408,10:10,2243.95,2243.95,2243.95,2243.95,50,195450
20220408,10:12,2249.60,2250.00,2249.60,2250.00,100,195400
20220408,10:15,2250.00,2250.00,2250.00,2250.00,50,195300
20220408,10:17,2214.95,2214.95,2214.95,2214.95,50,195350
20220408,10:37,2180.00,2180.00,2180.00,2180.00,50,195300
20220408,10:42,2215.00,2215.00,2215.00,2215.00,50,195300
20220408,10:46,2219.80,2219.80,2219.80,2219.80,50,195350
20220408,10:49,2228.55,2228.55,2228.55,2228.55,50,195300
20220408,10:58,2240.00,2240.00,2240.00,2240.00,50,195250
20220408,11:04,2233.35,2233.35,2233.35,2233.35,50,195250
20220408,11:07,2221.85,2221.85,2221.85,2221.85,50,195200
20220408,11:11,2218.00,2218.00,2218.00,2218.00,150,195250
20220408,11:13,2198.25,2198.25,2198.25,2198.25,50,195250
20220408,11:18,2209.15,2209.15,2209.15,2209.15,50,195300
20220408,11:32,2200.00,2200.00,2200.00,2200.00,200,195300
20220408,11:38,2200.55,2200.55,2200.55,2200.55,200,195300
20220408,11:39,2218.00,2218.00,2218.00,2218.00,50,195300
20220408,11:43,2220.00,2220.00,2220.00,2220.00,300,195200
20220408,11:44,2220.00,2220.00,2220.00,2220.00,350,195200
20220408,11:56,2245.00,2245.00,2245.00,2245.00,50,194600
20220408,12:05,2297.10,2297.10,2297.10,2297.10,50,194600
20220408,12:06,2300.00,2300.00,2300.00,2300.00,100,194600
20220408,12:09,2300.00,2300.00,2300.00,2300.00,100,194600
20220408,12:13,2282.95,2282.95,2282.95,2282.95,50,194700
20220408,12:15,2300.00,2300.00,2300.00,2300.00,150,194750
20220408,12:19,2320.00,2320.00,2320.00,2320.00,50,194750
20220408,12:22,2324.75,2324.75,2324.75,2324.75,50,194750
20220408,12:24,2330.00,2330.00,2330.00,2330.00,50,194750
20220408,12:31,2330.00,2330.00,2330.00,2330.00,50,194750
20220408,12:40,2320.00,2325.00,2320.00,2325.00,700,194750
20220408,12:45,2313.65,2313.65,2313.65,2313.65,150,194050
20220408,13:07,2300.00,2300.00,2300.00,2300.00,600,194000
20220408,13:10,2315.00,2315.00,2315.00,2315.00,50,193400
20220408,13:27,2315.00,2315.00,2315.00,2315.00,150,193350
20220408,13:30,2315.00,2315.00,2315.00,2315.00,350,193350
20220408,13:55,2382.95,2382.95,2382.95,2382.95,50,192850
20220408,14:00,2400.00,2400.00,2400.00,2400.00,50,192850
20220408,14:01,2400.00,2400.00,2400.00,2400.00,250,192850
20220408,14:16,2420.00,2420.00,2420.00,2420.00,50,192700
20220408,14:20,2420.00,2420.00,2420.00,2420.00,50,192700
20220408,14:35,2410.00,2410.00,2410.00,2410.00,300,192750
20220408,14:46,2410.00,2410.00,2410.00,2410.00,100,192600
20220408,14:49,2422.05,2422.05,2422.05,2422.05,50,192500
20220408,14:59,2422.05,2422.05,2422.05,2422.05,100,192450
20220408,15:00,2394.80,2394.80,2394.80,2394.80,50,192350
20220408,15:11,2357.90,2357.90,2357.90,2357.90,50,192400
20220408,15:22,2379.75,2379.75,2379.75,2379.75,50,192350
20220408,15:28,2390.00,2390.00,2390.00,2390.00,50,192300
20220411,09:21,2255.15,2255.15,2250.00,2250.00,151,192300
20220411,09:24,2240.00,2240.00,2240.00,2240.00,50,192300
20220411,09:27,2221.35,2221.35,2221.35,2221.35,100,192300
20220411,09:42,2190.00,2190.00,2190.00,2190.00,50,192400
20220411,09:47,2190.00,2190.00,2190.00,2190.00,50,192350
20220411,09:50,2229.40,2229.40,2229.40,2229.40,50,192300
20220411,09:55,2200.00,2200.00,2200.00,2200.00,50,192250
20220411,10:04,2224.00,2224.00,2224.00,2224.00,50,192300
20220411,10:05,2221.00,2221.00,2221.00,2221.00,50,192300
20220411,10:24,2248.55,2248.55,2248.55,2248.55,100,192200
20220411,10:25,2245.60,2245.60,2245.60,2245.60,100,192200
20220411,10:47,2206.80,2206.80,2206.80,2206.80,50,192200
20220411,10:51,2233.00,2233.00,2233.00,2233.00,50,192250
20220411,10:54,2211.00,2211.00,2211.00,2211.00,50,192200
20220411,10:57,2197.00,2197.00,2197.00,2197.00,50,192200
20220411,11:01,2221.50,2222.00,2221.50,2222.00,100,192250
20220411,11:02,2221.00,2221.00,2217.00,2217.00,100,192250
20220411,11:07,2220.40,2220.40,2220.40,2220.40,50,192050
20220411,11:16,2228.10,2228.10,2228.10,2228.10,50,192000
20220411,11:36,2236.65,2236.65,2236.65,2236.65,50,192000
20220411,11:39,2237.95,2238.00,2237.95,2238.00,100,191950
20220411,11:40,2239.00,2239.10,2239.00,2239.10,100,191950
20220411,11:41,2242.95,2242.95,2242.95,2242.95,50,191950
20220411,11:54,2244.00,2244.00,2244.00,2244.00,100,191750
20220411,12:04,2242.00,2249.00,2242.00,2249.00,400,191650
20220411,12:13,2250.60,2250.60,2250.60,2250.60,50,191350
20220411,12:14,2260.00,2260.00,2260.00,2260.00,100,191350
20220411,12:15,2260.00,2260.00,2260.00,2260.00,100,191350
20220411,12:17,2263.05,2264.00,2263.05,2264.00,400,191350
20220411,12:19,2277.05,2277.05,2277.05,2277.05,100,190750
20220411,12:29,2277.05,2277.05,2277.05,2277.05,50,190750
20220411,12:33,2230.00,2230.00,2224.00,2224.00,1000,190500
20220411,12:34,2226.00,2234.75,2226.00,2234.75,350,190500
20220411,12:35,2238.00,2240.00,2238.00,2240.00,300,190500
20220411,12:36,2240.00,2240.00,2240.00,2240.00,100,189650
20220411,12:42,2234.00,2234.00,2234.00,2234.00,700,189650
20220411,12:45,2240.00,2240.00,2240.00,2240.00,200,189450
20220411,12:46,2240.00,2240.00,2240.00,2240.00,450,189450
20220411,12:53,2250.00,2250.00,2250.00,2250.00,200,188850
20220411,12:56,2255.00,2255.00,2255.00,2255.00,200,188650
20220411,12:57,2260.00,2260.00,2260.00,2260.00,200,188450
20220411,12:58,2265.00,2265.00,2265.00,2265.00,200,188450
20220411,13:10,2281.60,2281.60,2281.60,2281.60,800,188050
20220411,13:11,2281.60,2281.60,2281.60,2281.60,400,188050
20220411,13:20,2300.00,2302.00,2300.00,2302.00,400,188050
20220411,13:21,2310.00,2310.00,2310.00,2310.00,400,187650
20220411,13:26,2310.00,2310.00,2289.85,2289.85,400,187250
20220411,13:44,2290.00,2290.00,2290.00,2290.00,200,186950
20220411,13:46,2287.20,2287.20,2287.20,2287.20,100,186900
20220411,13:47,2290.00,2290.00,2290.00,2290.00,100,186900
20220411,14:01,2250.00,2250.00,2250.00,2250.00,200,186700
20220411,14:19,2280.00,2280.00,2280.00,2280.00,50,186700
20220411,14:55,2242.00,2242.00,2242.00,2242.00,50,186700
20220411,14:57,2242.05,2242.05,2241.00,2241.00,150,186750
20220411,15:06,2203.05,2203.05,2203.05,2203.05,500,186700
20220411,15:10,2225.00,2225.00,2225.00,2225.00,50,186750
20220411,15:21,2215.10,2222.00,2215.10,2222.00,100,186750
20220411,15:27,2227.05,2227.05,2227.05,2227.05,50,186750
20220411,15:28,2219.35,2219.35,2219.35,2219.35,50,186700
20220412,09:22,2122.00,2122.00,2122.00,2122.00,51,186700
20220412,09:26,2100.00,2100.00,2100.00,2100.00,50,186650
20220412,09:28,2100.00,2100.00,2100.00,2100.00,50,186650
20220412,09:29,2112.50,2112.50,2112.50,2112.50,50,186600
20220412,09:33,2080.00,2080.00,2080.00,2080.00,50,186550
20220412,09:35,2067.70,2067.70,2066.05,2066.05,100,186550
20220412,09:37,2047.85,2047.85,2047.85,2047.85,50,186550
20220412,09:39,2047.85,2047.85,2047.85,2047.85,50,186550
20220412,09:40,2070.00,2070.00,2070.00,2070.00,50,186550
20220412,09:49,2081.25,2081.25,2081.25,2081.25,50,186500
20220412,09:53,2076.00,2076.00,2076.00,2076.00,50,186500
20220412,09:54,2065.60,2065.60,2065.60,2065.60,50,186500
20220412,09:56,2067.45,2067.45,2067.45,2067.45,50,186500
20220412,09:57,2060.00,2060.00,2057.00,2057.00,100,186450
20220412,09:58,2066.20,2066.20,2066.20,2066.20,50,186450
20220412,09:59,2056.00,2056.00,2056.00,2056.00,50,186350
20220412,10:01,2045.00,2045.00,2045.00,2045.00,50,186350
20220412,10:06,2035.60,2035.60,2035.60,2035.60,50,186250
20220412,10:07,2035.40,2035.40,2032.50,2032.50,100,186250
20220412,10:09,2032.50,2032.50,2032.50,2032.50,50,186150
20220412,10:10,2050.55,2050.55,2050.55,2050.55,50,186150
20220412,10:11,2046.00,2046.00,2046.00,2046.00,50,186150
20220412,10:13,2037.85,2037.85,2037.85,2037.85,50,186100
20220412,10:20,2025.00,2025.00,2025.00,2025.00,50,186100
20220412,10:26,2006.00,2006.00,2006.00,2006.00,50,186050
20220412,10:33,2006.00,2006.00,2006.00,2006.00,50,186050
20220412,10:34,2036.00,2036.00,2035.75,2035.75,100,186050
20220412,10:42,2054.00,2054.00,2054.00,2054.00,50,186050
20220412,10:44,2054.00,2054.00,2054.00,2054.00,50,186000
20220412,10:47,2051.50,2051.50,2051.50,2051.50,50,186000
20220412,10:48,2054.00,2054.00,2054.00,2054.00,50,186000
20220412,10:53,2047.70,2047.70,2047.70,2047.70,50,186000
20220412,10:54,2048.00,2048.00,2048.00,2048.00,50,186000
20220412,10:57,2043.40,2043.40,2043.40,2043.40,50,186000
20220412,11:04,2059.50,2059.50,2059.50,2059.50,50,186000
20220412,11:05,2058.00,2058.00,2058.00,2058.00,50,186000
20220412,11:09,2055.00,2055.00,2055.00,2055.00,500,186000
20220412,11:10,2052.00,2052.00,2052.00,2052.00,500,186000
20220412,11:12,2053.80,2053.80,2053.80,2053.80,50,185900
20220412,11:15,2044.00,2047.85,2044.00,2047.85,550,185900
20220412,11:16,2048.00,2048.00,2048.00,2048.00,500,185900
20220412,11:19,2051.85,2054.00,2051.85,2054.00,1550,185800
20220412,11:24,2055.50,2055.50,2055.50,2055.50,50,185350
20220412,11:25,2056.50,2056.50,2056.50,2056.50,50,185350
20220412,11:29,2046.50,2046.50,2046.50,2046.50,50,185250
20220412,11:31,2052.50,2052.50,2052.50,2052.50,50,185250
20220412,11:39,2044.95,2044.95,2044.95,2044.95,50,185200
20220412,11:51,2060.00,2060.00,2060.00,2060.00,50,185200
20220412,11:59,2065.50,2065.50,2065.50,2065.50,50,185150
20220412,12:00,2064.50,2064.50,2064.50,2064.50,50,185150
20220412,12:08,2068.45,2068.45,2068.45,2068.45,50,185150
20220412,12:35,2018.00,2018.00,2018.00,2018.00,50,185150
20220412,12:40,2035.00,2035.00,2035.00,2035.00,50,185150
20220412,12:41,2040.00,2040.00,2040.00,2040.00,400,185150
20220412,12:42,2042.00,2042.00,2042.00,2042.00,200,184750
20220412,12:44,2049.50,2049.50,2049.00,2049.00,100,184750
20220412,12:45,2045.00,2045.00,2045.00,2045.00,50,184550
20220412,12:46,2040.00,2040.00,2040.00,2040.00,200,184550
20220412,12:51,2034.00,2034.00,2034.00,2034.00,50,184350
20220412,12:54,2040.00,2040.00,2040.00,2040.00,200,184350
20220412,12:57,2040.00,2040.00,2040.00,2040.00,200,184050
20220412,13:05,2026.00,2026.00,2026.00,2026.00,200,183950
20220412,13:15,2003.55,2003.55,2003.55,2003.55,50,183750
20220412,13:16,2003.55,2003.55,2003.55,2003.55,50,183750
20220412,13:19,2004.45,2004.45,2004.45,2004.45,50,183750
20220412,13:24,2020.00,2020.00,2020.00,2020.00,200,183750
20220412,13:25,2021.00,2021.30,2021.00,2021.30,100,183750
20220412,13:26,2025.00,2025.00,2025.00,2025.00,200,183750
20220412,13:27,2020.00,2020.00,2020.00,2020.00,200,183750
20220412,13:29,2015.00,2015.00,2010.80,2010.80,150,183150
20220412,13:31,2008.95,2008.95,2008.95,2008.95,50,183150
20220412,13:38,2001.35,2001.35,2001.35,2001.35,50,183150
20220412,13:39,2001.35,2001.35,2001.35,2001.35,300,183150
20220412,13:41,2013.00,2013.00,2013.00,2013.00,50,182850
20220412,13:43,1990.00,1990.00,1990.00,1990.00,50,182800
20220412,13:45,1981.05,1981.05,1981.05,1981.05,50,182800
20220412,13:51,1981.05,1981.05,1981.05,1981.05,50,182850
20220412,13:54,2013.00,2013.00,2013.00,2013.00,150,182800
20220412,13:56,2015.00,2015.00,2015.00,2015.00,200,182800
20220412,13:57,2025.00,2025.00,2025.00,2025.00,200,182450
20220412,14:01,2037.00,2040.00,2037.00,2040.00,300,182250
20220412,14:03,2040.00,2040.00,2040.00,2040.00,100,181950
20220412,14:05,2070.00,2070.00,2070.00,2070.00,50,181950
20220412,14:26,2089.55,2089.55,2089.55,2089.55,50,181800
20220412,14:34,2102.85,2102.85,2102.85,2102.85,50,181800
20220412,14:36,2095.90,2095.90,2095.90,2095.90,50,181850
20220412,14:37,2103.00,2103.00,2103.00,2103.00,50,181850
20220412,14:39,2117.00,2117.00,2117.00,2117.00,50,181850
20220412,14:46,2101.75,2101.75,2101.75,2101.75,50,181800
20220412,14:49,2084.95,2084.95,2084.95,2084.95,50,181800
20220412,14:50,2090.00,2090.00,2090.00,2090.00,50,181800
20220412,14:59,2097.95,2097.95,2097.90,2097.90,150,181800
20220412,15:00,2098.00,2100.00,2098.00,2100.00,100,181800
20220412,15:02,2095.00,2095.00,2095.00,2095.00,50,181700
20220412,15:07,2071.00,2071.00,2071.00,2071.00,50,181700
20220412,15:19,2062.95,2062.95,2062.95,2062.95,100,181700
20220412,15:20,2070.00,2070.00,2070.00,2070.00,150,181700
20220412,15:26,2079.15,2079.15,2079.15,2079.15,50,181650
20220412,15:28,2063.00,2063.00,2063.00,2063.00,100,181650
20220413,09:18,2156.00,2156.00,2156.00,2156.00,51,181550
20220413,09:20,2165.00,2165.00,2165.00,2165.00,50,181550
20220413,09:22,2184.15,2184.15,2184.15,2184.15,50,181500
20220413,09:24,2184.15,2184.15,2184.15,2184.15,50,181500
20220413,09:27,2183.00,2183.00,2183.00,2183.00,50,181500
20220413,09:43,2164.70,2164.70,2164.70,2164.70,50,181500
20220413,09:47,2162.00,2162.00,2162.00,2162.00,100,181500
20220413,09:55,2156.00,2156.00,2156.00,2156.00,50,181500
20220413,09:59,2140.00,2140.00,2140.00,2140.00,50,181450
20220413,10:02,2130.00,2130.00,2130.00,2130.00,50,181450
20220413,10:08,2124.40,2124.40,2124.40,2124.40,50,181450
20220413,10:15,2092.00,2092.00,2092.00,2092.00,50,181450
20220413,10:26,2080.00,2080.00,2080.00,2080.00,50,181450
20220413,10:33,2080.00,2080.00,2080.00,2080.00,50,181450
20220413,10:36,2109.65,2109.65,2109.65,2109.65,50,181450
20220413,11:01,2080.00,2080.00,2080.00,2080.00,50,181400
20220413,11:02,2080.00,2080.00,2080.00,2080.00,200,181400
20220413,11:03,2075.00,2075.00,2075.00,2075.00,250,181350
20220413,11:05,2090.00,2090.00,2090.00,2090.00,500,181350
20220413,11:30,2095.00,2095.00,2095.00,2095.00,50,181350
20220413,11:34,2103.35,2103.35,2103.35,2103.35,50,181350
20220413,11:38,2078.50,2078.50,2078.50,2078.50,50,181350
20220413,11:40,2070.00,2070.00,2068.45,2068.45,100,181350
20220413,11:42,2068.45,2068.45,2068.45,2068.45,50,181350
20220413,11:43,2064.30,2064.30,2060.00,2060.00,150,181350
20220413,11:45,2040.00,2040.00,2040.00,2040.00,50,181350
20220413,11:51,2040.00,2040.00,2040.00,2040.00,500,181350
20220413,11:52,2074.70,2074.70,2074.70,2074.70,50,181350
20220413,12:12,2038.40,2038.40,2038.40,2038.40,50,180850
20220413,12:14,2030.00,2030.00,2030.00,2030.00,50,180850
20220413,12:26,2017.35,2017.35,2015.00,2015.00,250,180800
20220413,12:33,2015.00,2015.00,2015.00,2015.00,50,180600
20220413,12:36,2023.35,2023.35,2023.35,2023.35,50,180550
20220413,12:37,2024.15,2024.15,2024.15,2024.15,50,180550
20220413,12:43,2018.00,2018.00,2018.00,2018.00,500,180550
20220413,12:44,2020.45,2020.45,2020.45,2020.45,100,180550
20220413,12:51,2025.00,2025.00,2025.00,2025.00,200,179950
20220413,12:54,2007.35,2007.35,2007.35,2007.35,50,179750
20220413,12:56,2004.35,2004.35,2004.35,2004.35,50,179750
20220413,12:58,2004.35,2004.35,2004.35,2004.35,50,179750
20220413,13:01,2010.00,2010.00,2010.00,2010.00,200,179750
20220413,13:04,2005.00,2007.85,2005.00,2007.85,150,179550
20220413,13:05,2008.00,2008.00,2008.00,2008.00,50,179550
20220413,13:07,2015.80,2018.00,2015.80,2018.00,100,179450
20220413,13:08,2016.90,2019.90,2016.90,2018.00,300,179450
20220413,13:09,2022.00,2022.00,2022.00,2022.00,200,179200
20220413,13:10,2025.00,2027.00,2024.65,2025.00,250,179200
20220413,13:11,2028.00,2034.00,2028.00,2034.00,250,179200
20220413,13:12,2046.20,2046.20,2046.20,2046.20,50,178500
20220413,13:14,2041.25,2043.30,2041.25,2043.30,100,178500
20220413,13:15,2045.00,2048.00,2045.00,2048.00,100,178500
20220413,13:16,2048.00,2048.00,2048.00,2048.00,100,178450
20220413,13:17,2044.75,2047.00,2044.75,2047.00,100,178450
20220413,13:18,2046.05,2046.05,2040.20,2040.20,550,178050
20220413,13:19,2042.00,2045.00,2041.25,2042.70,800,178050
20220413,13:20,2045.85,2049.05,2045.85,2047.00,1050,178050
20220413,13:21,2047.00,2055.70,2047.00,2055.70,450,175600
20220413,13:22,2048.90,2048.90,2032.55,2032.55,200,175600
20220413,13:23,2035.00,2035.00,2034.25,2034.25,150,175600
20220413,13:24,2036.00,2038.00,2036.00,2038.00,300,175300
20220413,13:25,2028.35,2028.35,2028.35,2028.35,200,175300
20220413,13:26,2026.15,2026.15,2026.15,2026.15,100,175300
20220413,13:28,2028.15,2030.00,2028.15,2030.00,250,174700
20220413,13:32,2029.55,2033.75,2029.55,2033.75,300,174500
20220413,13:33,2036.15,2040.00,2036.15,2040.00,800,174000
20220413,13:35,2031.70,2031.70,2031.70,2031.70,100,174000
20220413,13:37,2031.80,2033.00,2031.80,2033.00,150,173400
20220413,13:38,2032.75,2036.00,2032.75,2036.00,400,173400
20220413,13:40,2024.85,2025.10,2023.40,2025.10,250,172900
20220413,13:41,2028.00,2028.00,2028.00,2028.00,50,172900
20220413,13:43,2024.00,2024.00,2024.00,2024.00,100,172600
20220413,13:44,2022.00,2022.00,2022.00,2022.00,50,172600
20220413,13:45,2024.00,2027.75,2024.00,2027.75,250,172450
20220413,14:06,2033.00,2033.00,2033.00,2033.00,100,172250
20220413,14:20,2055.00,2055.00,2055.00,2055.00,50,172150
20220413,14:26,2030.00,2030.00,2030.00,2030.00,50,172100
20220413,14:36,2050.50,2050.50,2044.85,2044.85,100,172100
20220413,14:39,2043.50,2044.95,2043.50,2044.95,350,171950
20220413,14:46,2056.00,2056.00,2056.00,2056.00,100,171750
20220413,14:49,2045.00,2045.00,2045.00,2045.00,50,171650
20220413,14:50,2046.00,2046.00,2046.00,2046.00,100,171650
20220413,14:51,2040.15,2040.15,2040.15,2040.15,50,171650
20220413,14:59,2040.30,2040.30,2040.00,2040.00,100,171700
20220413,15:11,2014.00,2014.00,2014.00,2014.00,200,171600
20220413,15:15,2010.00,2010.00,2010.00,2010.00,50,171800
20220413,15:16,2005.00,2005.00,2005.00,2005.00,50,171750
20220413,15:20,2013.60,2013.60,2013.60,2013.60,50,171750
20220413,15:26,2016.65,2016.65,2016.65,2016.65,150,171750
20220413,15:29,2007.25,2007.25,2007.25,2007.25,50,171650
20220418,09:15,1775.00,1775.00,1763.75,1763.75,1051,171650
20220418,09:16,1765.00,1765.00,1762.30,1762.30,100,171650
20220418,09:17,1740.50,1740.50,1740.50,1740.50,450,171350
20220418,09:18,1740.50,1758.50,1740.50,1757.00,150,171350
20220418,09:20,1745.00,1745.00,1745.00,1745.00,50,171250
20220418,09:21,1747.00,1747.00,1747.00,1747.00,50,171250
20220418,09:22,1745.35,1745.35,1745.35,1745.35,50,171250
20220418,09:24,1742.80,1742.80,1742.80,1742.80,50,171250
20220418,09:27,1755.35,1763.95,1755.35,1763.95,200,171200
20220418,09:29,1765.00,1765.00,1765.00,1765.00,50,171200
20220418,09:32,1740.30,1740.30,1740.30,1740.30,50,171150
20220418,09:35,1740.30,1740.30,1740.30,1740.30,50,171150
20220418,09:42,1763.45,1763.45,1763.45,1763.45,50,171150
20220418,09:44,1758.20,1758.20,1758.20,1758.20,50,171150
20220418,09:47,1739.20,1739.20,1739.20,1739.20,50,171100
20220418,10:06,1711.65,1711.65,1711.65,1711.65,50,171050
20220418,10:10,1690.00,1690.00,1690.00,1690.00,50,171000
20220418,10:13,1690.00,1690.00,1689.30,1689.30,100,171000
20220418,10:16,1689.30,1690.00,1689.30,1690.00,100,171000
20220418,10:18,1680.40,1680.40,1680.40,1680.40,50,171000
20220418,10:23,1680.40,1691.80,1680.40,1691.80,100,170950
20220418,10:35,1697.25,1697.25,1697.25,1697.25,50,170850
20220418,10:37,1714.00,1714.00,1714.00,1714.00,500,170850
20220418,10:40,1710.00,1710.00,1710.00,1710.00,50,170650
20220418,10:49,1695.00,1695.00,1695.00,1695.00,250,170600
20220418,10:56,1690.00,1690.00,1690.00,1690.00,50,170550
20220418,11:03,1693.00,1695.05,1693.00,1695.05,100,170550
20220418,11:04,1692.00,1692.00,1692.00,1692.00,50,170550
20220418,11:09,1698.00,1700.00,1698.00,1700.00,200,170550
20220418,11:12,1704.00,1704.00,1704.00,1704.00,50,170350
20220418,11:19,1703.15,1703.15,1703.15,1703.15,100,170350
20220418,11:20,1700.00,1700.00,1700.00,1700.00,200,170350
20220418,11:23,1718.65,1718.65,1718.65,1718.65,500,170350
20220418,11:27,1725.00,1725.00,1725.00,1725.00,50,170150
20220418,11:28,1725.00,1725.00,1725.00,1725.00,50,170150
20220418,11:31,1710.00,1710.00,1710.00,1710.00,50,170150
20220418,11:34,1703.30,1703.30,1703.30,1703.30,50,170150
20220418,11:36,1700.00,1700.00,1700.00,1700.00,50,170100
20220418,11:42,1708.00,1708.00,1708.00,1708.00,50,170100
20220418,11:48,1701.00,1701.00,1701.00,1701.00,500,170100
20220418,11:54,1723.10,1723.10,1723.10,1723.10,150,169600
20220418,12:20,1695.00,1695.00,1695.00,1695.00,50,169600
20220418,12:22,1696.00,1696.00,1696.00,1696.00,350,169600
20220418,12:24,1675.00,1675.00,1675.00,1675.00,50,169600
20220418,12:26,1667.00,1667.00,1667.00,1667.00,50,169600
20220418,12:30,1667.00,1667.00,1667.00,1667.00,1000,169600
20220418,12:31,1650.80,1665.00,1650.80,1665.00,2050,169600
20220418,12:32,1668.00,1668.00,1668.00,1668.00,500,169600
20220418,12:35,1668.00,1668.00,1668.00,1668.00,50,168750
20220418,12:37,1650.55,1650.55,1650.55,1650.55,50,168700
20220418,12:39,1645.00,1645.00,1645.00,1645.00,50,168700
20220418,12:46,1645.00,1645.00,1645.00,1645.00,50,168700
20220418,12:50,1659.90,1659.90,1659.90,1659.90,50,168700
20220418,12:51,1655.00,1655.00,1655.00,1655.00,50,168700
20220418,12:52,1645.50,1645.50,1645.50,1645.50,50,168650
20220418,12:54,1628.40,1628.40,1621.70,1621.70,150,168650
20220418,12:55,1621.70,1621.70,1621.70,1621.70,50,168650
20220418,13:02,1648.30,1648.30,1648.30,1648.30,100,168550
20220418,13:04,1620.00,1620.00,1620.00,1620.00,50,168550
20220418,13:09,1620.00,1620.00,1620.00,1620.00,50,168550
20220418,13:13,1648.00,1648.00,1648.00,1648.00,50,168550
20220418,13:20,1650.00,1650.00,1650.00,1650.00,50,168500
20220418,13:33,1668.00,1668.00,1668.00,1668.00,100,168550
20220418,13:41,1666.00,1666.00,1666.00,1666.00,100,168550
20220418,14:00,1710.00,1710.00,1710.00,1710.00,1000,168450
20220418,14:15,1698.45,1698.45,1698.45,1698.45,50,167550
20220418,14:21,1704.10,1704.10,1704.10,1704.10,50,167500
20220418,14:23,1704.00,1704.00,1704.00,1704.00,50,167500
20220418,14:34,1698.75,1698.75,1698.75,1698.75,50,167450
20220418,14:45,1742.00,1742.00,1742.00,1742.00,50,167450
20220418,14:47,1738.05,1738.05,1738.05,1738.05,50,167450
20220418,14:48,1736.85,1736.85,1736.85,1736.85,50,167400
20220418,14:49,1732.05,1732.05,1732.05,1732.05,50,167400
20220418,14:51,1721.20,1721.20,1717.25,1717.25,100,167400
20220418,14:52,1717.25,1717.25,1717.25,1717.25,50,167400
20220418,15:00,1706.45,1706.45,1706.45,1706.45,50,167350
20220418,15:01,1706.05,1706.05,1706.05,1706.05,50,167350
20220418,15:02,1689.50,1689.50,1689.50,1689.50,1000,167350
20220418,15:03,1689.65,1689.65,1689.65,1689.65,50,167350
20220418,15:18,1744.00,1748.25,1744.00,1748.25,200,167550
20220418,15:23,1740.00,1740.40,1740.00,1740.40,550,167450
20220418,15:25,1745.00,1745.00,1741.10,1741.10,300,167650
20220418,15:28,1741.90,1741.90,1741.90,1741.90,50,167650
20220419,09:16,1795.00,1797.75,1795.00,1797.75,151,167600
20220419,09:19,1797.75,1797.75,1797.75,1797.75,50,167450
20220419,09:23,1738.55,1738.55,1738.55,1738.55,50,167450
20220419,09:24,1738.55,1738.55,1738.55,1738.55,50,167450
20220419,09:26,1744.00,1744.00,1744.00,1744.00,50,167350
20220419,09:27,1748.40,1748.40,1748.40,1748.40,50,167350
20220419,09:41,1718.70,1718.70,1718.70,1718.70,50,167300
20220419,09:45,1718.70,1718.70,1718.70,1718.70,50,167300
20220419,09:48,1726.85,1726.85,1726.85,1726.85,50,167250
20220419,09:56,1723.00,1723.00,1723.00,1723.00,50,167200
20220419,10:26,1730.90,1730.90,1730.90,1730.90,50,167150
20220419,10:28,1720.50,1720.50,1720.00,1720.00,150,167150
20220419,10:33,1729.35,1729.35,1729.35,1729.35,50,167100
20220419,10:35,1721.00,1721.00,1721.00,1721.00,150,167100
20220419,10:38,1721.00,1721.00,1721.00,1721.00,50,166900
20220419,10:43,1730.00,1730.00,1730.00,1730.00,50,166850
20220419,11:12,1730.00,1730.00,1730.00,1730.00,50,166800
20220419,11:13,1730.00,1730.00,1730.00,1730.00,50,166800
20220419,11:22,1751.60,1751.60,1751.60,1751.60,100,166800
20220419,11:23,1757.30,1757.30,1757.30,1757.30,150,166800
20220419,11:25,1750.80,1750.80,1750.80,1750.80,50,166550
20220419,11:27,1750.55,1750.55,1750.55,1750.55,200,166550
20220419,11:28,1750.00,1750.00,1750.00,1750.00,50,166550
20220419,11:32,1745.00,1745.00,1745.00,1745.00,50,166300
20220419,11:34,1751.00,1751.00,1751.00,1751.00,50,166300
20220419,11:39,1770.00,1770.00,1770.00,1770.00,50,166300
20220419,11:40,1768.00,1768.00,1767.00,1767.00,550,166300
20220419,11:41,1764.00,1764.00,1764.00,1764.00,50,166300
20220419,11:42,1768.00,1768.00,1768.00,1768.00,700,166200
20220419,11:45,1772.00,1772.00,1770.00,1771.85,150,166200
20220419,11:48,1780.00,1780.00,1780.00,1780.00,50,166100
20220419,12:05,1761.60,1761.60,1761.60,1761.60,50,166050
20220419,12:17,1776.80,1776.80,1776.80,1776.80,100,166050
20220419,13:11,1703.10,1703.10,1703.10,1703.10,100,166050
20220419,13:24,1760.00,1760.00,1760.00,1760.00,50,166050
20220419,13:25,1770.00,1770.00,1770.00,1770.00,50,166050
20220419,13:27,1776.90,1776.90,1776.90,1776.90,1000,166000
20220419,13:29,1777.90,1777.90,1777.90,1777.90,50,166000
20220419,13:37,1768.40,1768.40,1768.40,1768.40,50,165550
20220419,13:38,1792.40,1792.40,1792.40,1792.40,50,165550
20220419,13:43,1776.35,1776.35,1776.35,1776.35,50,165550
20220419,13:44,1765.65,1765.65,1761.15,1761.15,100,165550
20220419,13:47,1778.00,1778.00,1778.00,1778.00,50,165600
20220419,13:54,1797.00,1797.00,1797.00,1797.00,50,165550
20220419,13:59,1774.95,1774.95,1774.95,1774.95,50,165500
20220419,14:00,1780.00,1780.00,1780.00,1780.00,50,165550
20220419,14:01,1786.00,1786.00,1786.00,1786.00,50,165550
20220419,14:02,1801.30,1801.30,1801.30,1801.30,50,165550
20220419,14:03,1810.00,1810.00,1810.00,1810.00,500,165550
20220419,14:12,1810.00,1810.00,1810.00,1810.00,50,165000
20220419,14:13,1800.00,1800.00,1800.00,1800.00,500,165000
20220419,14:23,1770.00,1770.00,1770.00,1770.00,50,165000
20220419,14:24,1757.45,1757.45,1757.45,1757.45,300,165000
20220419,14:25,1764.60,1764.60,1764.60,1764.60,500,165050
20220419,14:30,1762.30,1762.30,1762.30,1762.30,50,165050
20220419,14:31,1757.45,1757.45,1757.45,1757.45,200,165050
20220419,14:38,1764.00,1764.00,1764.00,1764.00,50,165050
20220419,14:43,1754.50,1754.50,1754.50,1754.50,50,165050
20220419,14:48,1744.50,1744.50,1744.50,1744.50,50,165000
20220419,14:55,1700.80,1700.80,1697.00,1697.00,650,164950
20220419,15:04,1592.55,1592.55,1592.55,1592.55,50,164600
20220419,15:08,1489.50,1489.50,1462.05,1462.05,2450,164600
20220419,15:09,1486.75,1509.55,1486.75,1509.55,200,164600
20220419,15:10,1564.50,1567.10,1563.75,1563.75,400,164600
20220419,15:11,1509.55,1509.55,1509.55,1509.55,50,164600
20220419,15:12,1509.90,1538.50,1509.90,1538.50,1000,164600
20220419,15:13,1519.95,1519.95,1519.95,1519.95,100,164600
20220419,15:14,1509.65,1510.40,1493.75,1493.75,1300,164600
20220419,15:15,1491.40,1491.40,1470.60,1471.10,500,164600
20220419,15:16,1499.95,1499.95,1492.90,1492.90,550,164600
20220419,15:17,1492.00,1492.00,1487.00,1487.00,100,164600
20220419,15:18,1482.00,1482.00,1482.00,1482.00,100,164600
20220419,15:19,1475.95,1475.95,1457.40,1457.40,450,164600
20220419,15:20,1452.20,1452.20,1439.10,1439.10,150,164600
20220419,15:21,1428.95,1442.20,1428.95,1442.20,500,164850
20220419,15:23,1444.10,1444.10,1444.10,1444.10,50,164850
20220419,15:24,1425.30,1425.30,1421.30,1421.30,400,164850
20220419,15:25,1409.50,1409.50,1409.50,1409.50,50,164850
20220419,15:26,1374.20,1374.20,1359.80,1367.50,1600,164850
20220419,15:28,1375.80,1375.80,1375.80,1375.80,50,165050
20220420,09:15,1530.05,1545.30,1530.05,1545.30,201,164800
20220420,09:16,1545.30,1545.30,1545.30,1545.30,150,164800
20220420,09:18,1520.00,1520.00,1520.00,1520.00,100,164600
20220420,09:19,1570.00,1570.00,1570.00,1570.00,1000,164600
20220420,09:20,1585.10,1585.10,1585.10,1585.10,50,164600
20220420,09:23,1609.40,1609.40,1609.40,1609.40,100,164500
20220420,09:27,1603.10,1603.10,1599.85,1599.85,150,164150
20220420,09:32,1620.85,1620.85,1620.00,1620.00,2300,164050
20220420,09:35,1623.00,1623.00,1623.00,1623.00,200,162450
20220420,09:36,1623.00,1623.00,1623.00,1623.00,1600,162450
20220420,09:44,1628.95,1628.95,1628.95,1628.95,50,162150
20220420,09:45,1628.95,1628.95,1628.95,1628.95,50,162150
20220420,09:54,1635.55,1635.55,1635.55,1635.55,50,162050
20220420,10:07,1644.00,1644.00,1644.00,1644.00,50,162050
20220420,10:08,1648.60,1648.60,1648.60,1648.60,100,162050
20220420,10:13,1637.20,1637.20,1637.20,1637.20,50,161900
20220420,10:14,1636.00,1636.00,1636.00,1636.00,300,161900
20220420,10:23,1640.00,1640.00,1640.00,1640.00,50,161800
20220420,10:24,1637.60,1637.60,1637.60,1637.60,50,161800
20220420,10:25,1641.55,1641.55,1641.55,1641.55,50,161800
20220420,10:44,1619.00,1619.00,1619.00,1619.00,50,161750
20220420,10:52,1628.60,1628.60,1628.60,1628.60,50,161700
20220420,10:54,1615.65,1615.65,1615.65,1615.65,50,161700
20220420,11:20,1642.00,1642.00,1642.00,1642.00,50,161700
20220420,11:21,1642.00,1642.00,1642.00,1642.00,950,161700
20220420,11:36,1595.00,1595.00,1595.00,1595.00,50,160700
20220420,11:43,1605.25,1605.25,1605.25,1605.25,50,160650
20220420,11:44,1607.90,1607.90,1607.90,1607.90,50,160650
20220420,12:15,1633.30,1633.30,1633.30,1633.30,50,160650
20220420,12:29,1644.40,1644.40,1644.40,1644.40,50,160700
20220420,12:37,1655.55,1655.55,1655.55,1655.55,50,160700
20220420,12:49,1689.60,1689.60,1689.60,1689.60,50,160700
20220420,13:08,1689.60,1689.60,1689.60,1689.60,50,160700
20220420,13:09,1688.80,1688.80,1688.80,1688.80,50,160700
20220420,13:16,1649.95,1649.95,1649.95,1649.95,50,160700
20220420,13:18,1655.55,1655.55,1655.55,1655.55,50,160650
20220420,13:32,1655.55,1655.55,1655.55,1655.55,50,160650
20220420,13:36,1650.00,1650.00,1650.00,1650.00,150,160650
20220420,13:41,1655.00,1655.00,1655.00,1655.00,50,160750
20220420,13:47,1639.35,1639.35,1639.35,1639.35,50,160800
20220420,13:48,1670.00,1670.00,1660.00,1660.00,300,160850
20220420,13:57,1595.00,1595.00,1595.00,1595.00,100,160600
20220420,14:02,1600.00,1600.00,1600.00,1600.00,50,160500
20220420,14:13,1623.75,1623.75,1623.75,1623.75,50,160450
20220420,15:04,1636.45,1636.45,1636.45,1636.45,1000,160400
20220420,15:06,1652.90,1652.90,1652.90,1652.90,50,160400
20220420,15:09,1660.00,1660.00,1660.00,1660.00,50,161350
20220420,15:14,1655.95,1655.95,1655.95,1655.95,50,161400
20220420,15:17,1654.00,1654.00,1654.00,1654.00,50,161350
20220420,15:20,1665.00,1665.00,1665.00,1665.00,450,161400
20220420,15:21,1662.00,1665.00,1662.00,1665.00,550,161400
20220420,15:22,1670.00,1670.00,1670.00,1670.00,500,161650
20220420,15:24,1671.20,1671.20,1671.20,1671.20,500,161650
20220420,15:25,1672.60,1674.70,1672.60,1674.70,1200,161650
20220421,09:22,1756.60,1756.60,1756.60,1756.60,51,162100
20220421,09:27,1751.40,1751.40,1751.40,1751.40,50,162050
20220421,09:30,1736.05,1736.05,1736.05,1736.05,50,162050
20220421,09:31,1735.75,1735.75,1735.75,1735.75,50,162050
20220421,09:39,1735.75,1735.75,1735.75,1735.75,50,162150
20220421,09:47,1782.95,1782.95,1782.95,1782.95,150,162100
20220421,09:48,1782.95,1782.95,1782.95,1782.95,100,161950
20220421,09:58,1773.00,1773.00,1773.00,1773.00,50,161850
20220421,09:59,1772.50,1772.50,1772.50,1772.50,50,161850
20220421,10:01,1778.00,1778.00,1778.00,1778.00,50,161800
20220421,10:06,1778.00,1778.00,1778.00,1778.00,50,161700
20220421,10:12,1770.00,1770.00,1770.00,1770.00,50,161650
20220421,10:14,1780.00,1780.00,1780.00,1780.00,50,161650
20220421,10:17,1782.00,1782.00,1782.00,1782.00,50,161550
20220421,10:23,1785.00,1785.00,1785.00,1785.00,50,161500
20220421,10:24,1785.00,1785.00,1785.00,1785.00,200,161450
20220421,10:26,1775.50,1775.50,1775.50,1775.50,200,161450
20220421,10:29,1768.45,1768.45,1768.45,1768.45,200,161050
20220421,10:30,1767.80,1767.80,1767.80,1767.80,200,160850
20220421,10:31,1770.00,1770.00,1770.00,1770.00,200,160850
20220421,10:32,1773.05,1773.05,1773.05,1773.05,200,160850
20220421,10:34,1776.60,1776.60,1776.15,1776.15,400,160350
20220421,10:35,1783.55,1783.55,1783.55,1783.55,200,160350
20220421,10:36,1784.85,1786.00,1784.85,1786.00,250,159750
20220421,10:37,1786.00,1786.00,1786.00,1786.00,50,159750
20220421,10:54,1800.00,1800.00,1800.00,1800.00,100,159450
20220421,11:03,1825.00,1825.00,1825.00,1825.00,50,159450
20220421,11:06,1840.00,1840.00,1840.00,1840.00,50,159450
20220421,11:07,1840.00,1840.00,1840.00,1840.00,50,159450
20220421,11:10,1860.00,1860.00,1860.00,1860.00,50,159450
20220421,11:28,1875.00,1875.00,1875.00,1875.00,50,159400
20220421,11:32,1875.00,1875.00,1875.00,1875.00,50,159350
20220421,11:33,1874.05,1874.05,1874.05,1874.05,50,159300
20220421,11:54,1865.00,1865.00,1865.00,1865.00,50,159250
20220421,11:58,1872.00,1872.00,1872.00,1872.00,50,159200
20220421,11:59,1875.70,1875.70,1875.70,1875.70,50,159200
20220421,12:00,1875.70,1875.70,1875.70,1875.70,50,159100
20220421,12:02,1870.00,1870.00,1870.00,1870.00,200,159100
20220421,12:10,1870.00,1870.00,1870.00,1870.00,200,158850
20220421,12:23,1860.00,1860.00,1860.00,1860.00,50,158650
20220421,13:10,1895.00,1895.00,1895.00,1895.00,200,158650
20220421,13:28,1899.00,1899.00,1899.00,1899.00,50,158450
20220421,13:30,1905.00,1905.00,1905.00,1905.00,150,158400
20220421,13:33,1905.85,1905.85,1905.85,1905.85,50,158250
20220421,13:35,1905.85,1905.85,1905.85,1905.85,200,158250
20220421,13:40,1900.00,1900.00,1900.00,1900.00,200,158000
20220421,13:48,1910.00,1910.00,1910.00,1910.00,200,158000
20220421,13:55,1910.00,1910.00,1910.00,1910.00,50,157600
20220421,13:56,1901.00,1901.00,1901.00,1901.00,150,157600
20220421,13:58,1895.00,1895.00,1895.00,1895.00,200,157400
20220421,13:59,1890.00,1890.00,1890.00,1890.00,200,157400
20220421,14:01,1900.00,1900.00,1900.00,1900.00,250,157000
20220421,14:15,1903.70,1903.70,1903.70,1903.70,50,156750
20220421,14:16,1912.00,1912.00,1912.00,1912.00,200,156800
20220421,14:23,1914.95,1914.95,1914.95,1914.95,100,156600
20220421,14:24,1924.95,1924.95,1924.95,1924.95,50,156500
20220421,14:29,1924.95,1924.95,1924.95,1924.95,50,156500
20220421,14:30,1924.95,1924.95,1924.95,1924.95,100,156500
20220421,14:32,1935.00,1935.00,1935.00,1935.00,50,156600
20220421,14:46,1935.00,1935.00,1935.00,1935.00,100,156550
20220421,14:47,1916.00,1916.00,1916.00,1916.00,500,156550
20220421,14:54,1928.00,1928.00,1928.00,1928.00,50,156800
20220421,14:57,1928.00,1928.00,1928.00,1928.00,50,156750
20220421,14:59,1932.50,1932.50,1932.50,1932.50,50,156700
20220421,15:00,1927.00,1927.00,1924.65,1924.65,550,156150
20220421,15:03,1930.50,1930.50,1923.70,1923.70,150,156100
20220421,15:06,1907.40,1907.40,1907.40,1907.40,50,156150
20220421,15:08,1891.05,1891.05,1891.05,1891.05,50,156150
20220421,15:11,1904.50,1904.50,1904.50,1904.50,100,156100
20220421,15:12,1913.95,1913.95,1913.95,1913.95,50,156100
20220421,15:16,1905.60,1905.60,1905.60,1905.60,50,156100
20220421,15:20,1905.00,1911.45,1905.00,1911.45,200,156050
20220421,15:21,1907.55,1907.55,1907.55,1907.55,50,156050
20220421,15:24,1907.55,1907.55,1907.55,1907.55,50,156050
20220422,09:15,1734.05,1734.05,1734.05,1734.05,51,156000
20220422,09:19,1713.25,1713.25,1713.25,1713.25,50,156000
20220422,09:21,1713.25,1713.25,1713.25,1713.25,50,156000
20220422,09:23,1702.50,1702.50,1702.50,1702.50,550,155950
20220422,09:24,1709.55,1709.55,1709.55,1709.55,500,155950
20220422,09:26,1730.00,1730.00,1730.00,1730.00,50,155950
20220422,09:27,1723.45,1723.45,1723.45,1723.45,200,155550
20220422,09:33,1742.00,1742.00,1742.00,1742.00,50,155350
20220422,09:35,1742.00,1742.00,1726.60,1726.60,1150,155350
20220422,09:37,1729.00,1729.00,1729.00,1729.00,50,154950
20220422,09:41,1726.60,1726.60,1719.00,1719.00,550,155000
20220422,09:44,1737.90,1737.90,1737.90,1737.90,100,154350
20220422,09:51,1740.50,1740.50,1740.50,1740.50,100,154350
20220422,09:52,1741.60,1745.60,1741.60,1745.60,200,154350
20220422,09:53,1763.25,1763.25,1763.25,1763.25,100,153800
20220422,09:54,1763.25,1763.25,1763.25,1763.25,100,153800
20220422,09:59,1741.20,1741.20,1741.20,1741.20,100,153700
20220422,10:02,1725.20,1725.20,1725.20,1725.20,50,153700
20220422,10:05,1720.00,1720.00,1720.00,1720.00,200,153700
20220422,10:07,1730.00,1730.00,1730.00,1730.00,150,153700
20220422,10:12,1726.30,1726.30,1725.40,1725.40,200,153650
20220422,10:13,1720.00,1720.00,1720.00,1720.00,50,153650
20220422,10:15,1729.05,1729.05,1729.05,1729.05,100,153600
20220422,10:16,1726.70,1734.65,1726.70,1734.65,300,153600
20220422,10:17,1723.95,1723.95,1720.00,1720.00,100,153400
20220422,10:18,1724.05,1724.50,1724.05,1724.50,200,153400
20220422,10:23,1725.65,1725.65,1725.65,1725.65,150,153400
20220422,10:24,1726.00,1726.00,1726.00,1726.00,150,153400
20220422,10:27,1725.00,1725.00,1725.00,1725.00,50,153400
20220422,10:28,1730.00,1730.00,1729.00,1729.00,100,153400
20220422,10:30,1730.00,1730.00,1730.00,1730.00,100,153350
20220422,10:33,1730.25,1730.25,1728.65,1728.65,200,153350
20220422,10:37,1737.00,1737.00,1737.00,1737.00,50,153300
20220422,10:38,1738.00,1738.00,1738.00,1738.00,50,153300
20220422,10:39,1737.00,1737.00,1737.00,1737.00,100,153300
20220422,10:42,1745.05,1745.25,1745.05,1745.25,100,153250
20220422,10:45,1750.00,1750.00,1750.00,1750.00,200,153250
20220422,10:52,1750.20,1750.20,1749.60,1749.60,200,153150
20220422,11:04,1773.85,1773.85,1773.85,1773.85,100,153050
20220422,11:06,1773.85,1773.85,1773.85,1773.85,150,152700
20220422,11:07,1775.40,1775.40,1775.40,1775.40,100,152700
20220422,11:15,1803.25,1803.25,1803.25,1803.25,250,151850
20220422,11:17,1799.80,1799.80,1799.80,1799.80,50,151850
20220422,11:18,1809.95,1810.00,1809.95,1810.00,500,151800
20220422,11:28,1810.00,1810.00,1810.00,1810.00,1200,151650
20220422,11:29,1794.15,1794.15,1794.15,1794.15,50,151650
20220422,11:34,1810.00,1810.00,1810.00,1810.00,50,151400
20220422,11:35,1810.00,1810.00,1810.00,1810.00,1000,151400
20220422,11:36,1802.10,1802.10,1802.10,1802.10,50,150350
20220422,11:40,1800.00,1800.00,1800.00,1800.00,50,150350
20220422,11:42,1799.10,1799.10,1799.10,1799.10,50,150350
20220422,11:43,1802.15,1802.15,1802.15,1802.15,50,150350
20220422,11:48,1804.15,1804.15,1804.15,1804.15,50,150300
20220422,11:52,1797.65,1797.65,1796.00,1796.00,100,150250
20220422,11:55,1792.60,1792.60,1792.60,1792.60,50,150250
20220422,11:56,1800.00,1800.00,1800.00,1800.00,50,150250
20220422,12:05,1819.30,1819.30,1819.30,1819.30,100,150150
20220422,12:06,1819.30,1819.30,1819.30,1819.30,200,150150
20220422,12:09,1802.00,1802.00,1802.00,1802.00,200,150000
20220422,12:10,1799.00,1799.00,1799.00,1799.00,50,150000
20220422,12:15,1795.00,1795.00,1794.85,1794.85,250,149950
20220422,12:27,1800.00,1800.00,1800.00,1800.00,200,149800
20220422,12:28,1795.50,1795.50,1791.65,1791.65,200,149800
20220422,12:29,1783.05,1783.05,1783.05,1783.05,50,149800
20220422,12:30,1785.00,1785.00,1776.40,1776.40,250,149650
20220422,12:50,1800.00,1800.00,1800.00,1800.00,300,149650
20220422,12:51,1795.00,1795.00,1795.00,1795.00,150,149450
20220422,12:53,1800.00,1800.00,1800.00,1800.00,200,149450
20220422,13:00,1787.05,1787.05,1785.05,1785.05,200,149100
20220422,13:02,1794.10,1794.10,1794.10,1794.10,100,149100
20220422,13:05,1776.40,1776.40,1770.05,1770.85,400,149050
20220422,13:12,1787.00,1787.00,1787.00,1787.00,50,149000
20220422,13:16,1781.00,1781.00,1781.00,1781.00,150,149000
20220422,13:17,1779.10,1779.10,1779.10,1779.10,250,149000
20220422,13:18,1785.00,1785.00,1785.00,1785.00,200,148600
20220422,13:19,1779.10,1779.10,1779.10,1779.10,50,148600
20220422,13:24,1771.95,1771.95,1771.95,1771.95,50,148400
20220422,13:27,1780.00,1780.00,1780.00,1780.00,200,148400
20220422,13:32,1789.60,1789.60,1789.60,1789.60,50,148400
20220422,13:33,1785.00,1785.00,1785.00,1785.00,200,148400
20220422,13:39,1805.00,1805.00,1805.00,1805.00,200,148400
20220422,13:45,1791.00,1791.00,1791.00,1791.00,150,148400
20220422,14:02,1775.05,1775.05,1775.05,1775.05,50,148200
20220422,14:03,1707.10,1707.10,1701.00,1701.00,350,148150
20220422,14:04,1698.60,1698.60,1698.60,1698.60,50,148150
20220422,14:08,1698.60,1698.60,1698.60,1698.60,50,148000
20220422,14:09,1716.45,1716.45,1716.45,1716.45,50,147950
20220422,14:12,1725.00,1725.00,1720.00,1720.00,100,147950
20220422,14:13,1716.00,1719.05,1713.80,1719.05,400,147950
20220422,14:14,1720.00,1720.00,1720.00,1720.00,50,147950
20220422,14:15,1720.00,1720.00,1715.90,1715.90,300,147450
20220422,14:16,1720.00,1720.00,1720.00,1720.00,50,147450
20220422,14:17,1718.65,1718.65,1718.65,1718.65,50,147450
20220422,14:18,1715.00,1715.00,1715.00,1715.00,200,147450
20220422,14:19,1717.80,1717.80,1717.80,1717.80,50,147450
20220422,14:20,1720.00,1720.00,1715.10,1715.10,600,147450
20220422,14:23,1725.00,1725.00,1725.00,1725.00,200,146850
20220422,14:24,1722.00,1722.00,1722.00,1722.00,250,146850
20220422,14:26,1722.00,1722.00,1722.00,1722.00,50,146850
20220422,14:28,1717.00,1717.00,1717.00,1717.00,150,146800
20220422,14:29,1721.95,1721.95,1717.00,1717.00,100,146800
20220422,14:30,1715.85,1715.85,1715.85,1715.85,50,146800
20220422,14:31,1715.00,1715.00,1715.00,1715.00,150,146800
20220422,14:33,1711.50,1711.50,1711.50,1711.50,100,146800
20220422,14:35,1701.90,1701.90,1697.20,1697.20,150,146600
20220422,14:36,1681.80,1681.80,1680.10,1680.10,100,146600
20220422,14:37,1680.10,1680.10,1680.10,1680.10,50,146600
20220422,14:38,1689.70,1689.70,1689.70,1689.70,50,146600
20220422,14:42,1696.45,1703.20,1696.45,1703.20,100,146200
20220422,14:43,1703.30,1703.30,1703.30,1703.30,50,146200
20220422,14:44,1700.00,1700.00,1700.00,1700.00,200,146200
20220422,14:45,1690.00,1690.00,1690.00,1690.00,50,146200
20220422,14:46,1690.00,1690.00,1688.30,1688.30,150,145900
20220422,14:47,1674.00,1674.00,1670.80,1670.80,100,145900
20220422,14:51,1670.80,1670.80,1670.80,1670.80,50,145650
20220422,14:53,1677.00,1677.00,1677.00,1677.00,50,145650
20220422,14:54,1665.25,1665.25,1665.25,1665.25,100,145650
20220422,15:00,1665.25,1693.65,1665.25,1680.60,250,145000
20220422,15:01,1696.95,1696.95,1696.95,1696.95,50,145000
20220422,15:07,1691.00,1691.00,1691.00,1691.00,300,144900
20220422,15:08,1692.00,1692.00,1690.00,1690.00,450,144900
20220422,15:11,1674.75,1674.75,1674.75,1674.75,100,144350
20220422,15:12,1671.75,1671.75,1671.75,1671.75,50,144350
20220422,15:14,1685.20,1685.20,1680.90,1680.90,550,144350
20220422,15:15,1675.95,1675.95,1675.95,1675.95,100,143950
20220422,15:16,1672.65,1672.65,1670.00,1670.00,150,143950
20220422,15:17,1667.65,1667.65,1667.65,1667.65,50,143950
20220422,15:18,1672.00,1672.00,1672.00,1672.00,50,143950
20220422,15:28,1670.40,1670.40,1670.40,1670.40,50,143950
20220425,09:15,1479.75,1479.75,1479.75,1479.75,401,143850
20220425,09:16,1447.65,1447.65,1443.75,1443.75,400,143850
20220425,09:17,1443.75,1453.90,1440.00,1453.90,500,143850
20220425,09:18,1460.75,1462.45,1460.45,1462.30,350,143850
20220425,09:19,1461.80,1461.80,1461.00,1461.20,200,143850
20220425,09:20,1454.00,1454.00,1454.00,1454.00,150,143800
20220425,09:22,1447.00,1448.65,1440.85,1448.65,200,143800
20220425,09:23,1446.75,1458.70,1446.75,1458.70,250,143800
20220425,09:24,1479.70,1479.70,1469.95,1469.95,650,143800
20220425,09:25,1474.30,1474.30,1458.90,1458.90,300,143800
20220425,09:26,1468.00,1468.00,1468.00,1468.00,1050,143400
20220425,09:27,1478.55,1483.00,1478.55,1483.00,600,143400
20220425,09:28,1491.15,1491.15,1473.15,1480.35,700,143400
20220425,09:29,1484.40,1484.40,1484.40,1484.40,100,143400
20220425,09:30,1476.20,1476.20,1476.20,1476.20,50,143200
20220425,09:31,1476.00,1476.00,1471.20,1475.00,350,143200
20220425,09:33,1493.70,1499.45,1493.70,1499.45,400,143250
20220425,09:34,1505.40,1505.40,1497.00,1497.00,150,143250
20220425,09:35,1501.60,1501.60,1501.60,1501.60,200,143250
20220425,09:36,1506.15,1514.35,1506.15,1514.35,450,142100
20220425,09:37,1508.95,1508.95,1508.95,1508.95,50,142100
20220425,09:38,1508.00,1508.00,1508.00,1508.00,50,142100
20220425,09:41,1496.05,1496.05,1494.60,1494.60,200,141850
20220425,09:43,1485.00,1485.00,1479.75,1479.75,400,141850
20220425,09:44,1480.80,1483.70,1480.80,1483.70,150,141850
20220425,09:46,1480.15,1480.15,1480.15,1480.15,100,141000
20220425,09:47,1471.70,1471.70,1471.70,1471.70,50,141000
20220425,09:48,1472.05,1472.05,1472.05,1472.05,50,141000
20220425,09:49,1471.55,1471.55,1465.00,1465.00,150,141000
20220425,09:50,1467.30,1467.30,1463.70,1463.70,150,140750
20220425,09:54,1460.05,1460.05,1460.05,1460.05,250,140750
20220425,09:56,1469.30,1469.30,1469.30,1469.30,200,140750
20220425,09:57,1469.75,1469.75,1469.75,1469.75,100,140300
20220425,10:00,1472.65,1472.65,1472.65,1472.65,100,140050
20220425,10:01,1460.00,1460.00,1460.00,1460.00,50,140050
20220425,10:05,1474.15,1474.15,1474.15,1474.15,50,139950
20220425,10:08,1490.00,1490.00,1490.00,1490.00,50,139950
20220425,10:09,1504.75,1507.10,1504.75,1507.10,400,139950
20220425,10:10,1522.45,1522.45,1522.45,1522.45,200,139950
20220425,10:12,1550.10,1553.80,1550.10,1553.80,600,139950
20220425,10:17,1534.50,1539.75,1534.50,1539.75,150,139900
20220425,10:19,1530.00,1530.00,1530.00,1530.00,100,139900
20220425,10:20,1528.00,1528.00,1528.00,1528.00,100,139900
20220425,10:21,1516.15,1516.15,1516.15,1516.15,200,139900
20220425,10:22,1518.80,1518.80,1518.80,1518.80,200,139900
20220425,10:23,1518.80,1518.80,1518.80,1518.80,100,139900
20220425,10:27,1500.00,1500.00,1500.00,1500.00,50,139900
20220425,10:30,1490.00,1490.00,1490.00,1490.00,50,139850
20220425,10:31,1495.10,1495.10,1495.10,1495.10,100,139850
20220425,10:32,1487.00,1487.00,1485.00,1485.00,1050,139850
20220425,10:33,1495.65,1495.65,1495.65,1495.65,50,139850
20220425,10:34,1492.85,1492.85,1491.30,1491.30,150,139850
20220425,10:36,1492.00,1492.00,1492.00,1492.00,100,139600
20220425,10:38,1486.00,1486.00,1486.00,1486.00,100,139600
20220425,10:39,1474.35,1474.60,1474.35,1474.60,150,139750
20220425,10:42,1483.70,1483.70,1483.70,1483.70,50,139750
20220425,10:44,1494.00,1494.00,1494.00,1494.00,500,139750
20220425,10:45,1494.00,1494.00,1494.00,1494.00,500,139700
20220425,10:46,1502.40,1502.40,1502.40,1502.40,50,139700
20220425,10:49,1509.50,1510.30,1509.50,1509.60,450,139400
20220425,10:50,1505.00,1505.00,1503.80,1503.80,550,139400
20220425,10:51,1503.00,1503.00,1503.00,1503.00,150,139400
20220425,10:53,1493.20,1493.20,1493.20,1493.20,50,139400
20220425,10:54,1491.45,1492.00,1491.45,1492.00,100,139350
20220425,10:55,1500.80,1500.80,1500.80,1500.80,50,139350
20220425,10:58,1495.00,1495.00,1495.00,1495.00,50,139300
20220425,10:59,1498.40,1498.40,1498.40,1498.40,50,139300
20220425,11:00,1500.00,1500.00,1500.00,1500.00,50,139300
20220425,11:07,1496.90,1496.90,1496.90,1496.90,50,139300
20220425,11:09,1493.05,1493.05,1493.05,1493.05,50,139300
20220425,11:12,1495.30,1495.30,1495.30,1495.30,50,139300
20220425,11:13,1502.55,1502.55,1502.55,1502.55,50,139300
20220425,11:15,1494.00,1494.00,1494.00,1494.00,50,139300
20220425,11:16,1488.80,1488.80,1488.80,1488.80,50,139300
20220425,11:19,1484.95,1488.70,1484.95,1488.70,100,139300
20220425,11:20,1490.90,1490.90,1490.90,1490.90,150,139300
20220425,11:21,1492.00,1493.15,1492.00,1492.00,250,139100
20220425,11:24,1501.75,1501.75,1498.00,1498.00,150,139100
20220425,11:25,1497.55,1497.55,1497.55,1497.55,100,139100
20220425,11:26,1497.55,1497.55,1496.00,1496.00,150,139100
20220425,11:32,1505.00,1505.00,1505.00,1505.00,200,139000
20220425,11:35,1490.25,1490.25,1490.25,1490.25,100,139000
20220425,11:58,1490.00,1490.00,1490.00,1490.00,50,139000
20220425,12:03,1488.00,1488.00,1488.00,1488.00,50,139000
20220425,12:11,1481.55,1481.55,1478.00,1478.00,150,138950
20220425,12:13,1481.00,1481.00,1481.00,1481.00,250,138850
20220425,12:15,1466.60,1466.60,1466.60,1466.60,200,138850
20220425,12:17,1458.75,1458.75,1458.75,1458.75,50,138850
20220425,12:19,1460.65,1463.20,1460.65,1461.15,700,138800
20220425,12:20,1453.00,1453.00,1436.25,1436.25,400,138800
20220425,12:21,1436.25,1436.25,1436.25,1436.25,100,138800
20220425,12:22,1436.25,1436.25,1436.25,1436.25,500,138750
20220425,12:23,1425.00,1425.00,1425.00,1425.00,100,138750
20220425,12:24,1420.15,1420.15,1420.15,1420.15,100,138750
20220425,12:33,1418.00,1418.00,1418.00,1418.00,100,138750
20220425,12:35,1405.00,1405.00,1405.00,1405.00,200,138750
20220425,12:36,1402.00,1402.00,1402.00,1402.00,200,138750
20220425,12:42,1402.00,1402.00,1402.00,1402.00,300,138750
20220425,12:44,1425.00,1425.00,1420.00,1420.00,100,138750
20220425,12:45,1425.00,1425.00,1425.00,1425.00,100,138750
20220425,12:48,1450.00,1450.00,1450.00,1450.00,50,138650
20220425,12:51,1441.85,1444.65,1441.85,1444.65,200,138600
20220425,12:52,1435.70,1440.50,1435.70,1440.50,250,138600
20220425,12:53,1439.95,1439.95,1439.95,1439.95,50,138600
20220425,13:04,1445.55,1445.55,1445.55,1445.55,50,138600
20220425,13:10,1460.00,1460.00,1460.00,1460.00,1500,138550
20220425,13:15,1494.30,1494.30,1494.30,1494.30,50,138500
20220425,13:16,1500.00,1500.00,1500.00,1500.00,50,138500
20220425,13:18,1490.00,1490.00,1490.00,1490.00,50,138500
20220425,13:19,1480.85,1480.85,1480.85,1480.85,50,138500
20220425,13:31,1480.00,1480.00,1480.00,1480.00,50,138400
20220425,13:37,1469.80,1469.80,1469.80,1469.80,100,138400
20220425,13:38,1480.00,1480.00,1475.00,1475.00,300,138400
20220425,13:39,1445.00,1445.00,1440.00,1440.00,600,138400
20220425,13:41,1458.85,1459.30,1458.85,1459.30,150,138400
20220425,13:42,1447.15,1447.15,1447.15,1447.15,100,138400
20220425,13:43,1437.15,1437.15,1437.15,1437.15,50,138400
20220425,13:44,1441.65,1441.65,1441.65,1441.65,200,138400
20220425,13:45,1440.00,1451.70,1440.00,1451.70,350,138400
20220425,13:46,1448.15,1460.00,1448.15,1460.00,400,138400
20220425,13:47,1460.00,1462.75,1460.00,1461.85,400,138400
20220425,13:48,1453.40,1459.70,1453.40,1459.70,100,138400
20220425,13:49,1460.55,1460.55,1460.55,1460.55,100,138400
20220425,13:50,1457.80,1457.80,1457.80,1457.80,200,138400
20220425,13:51,1459.55,1459.55,1459.55,1459.55,250,138400
20220425,13:52,1454.00,1454.00,1453.25,1453.25,500,138400
20220425,13:53,1450.20,1450.20,1450.20,1450.20,250,138400
20220425,13:56,1459.20,1459.20,1454.85,1455.30,350,138400
20220425,13:57,1450.15,1450.15,1450.15,1450.15,250,138400
20220425,14:00,1444.50,1444.50,1444.50,1444.50,50,138400
20220425,14:02,1455.00,1455.00,1452.00,1452.00,150,138400
20220425,14:03,1467.70,1475.40,1463.65,1475.40,450,138400
20220425,14:04,1462.00,1462.00,1462.00,1462.00,100,138400
20220425,14:05,1465.00,1465.00,1465.00,1465.00,50,138400
20220425,14:09,1478.55,1478.60,1478.55,1478.60,100,136850
20220425,14:10,1474.35,1474.35,1470.00,1470.00,200,136850
20220425,14:11,1461.25,1462.70,1461.25,1462.00,400,136850
20220425,14:12,1457.90,1457.90,1457.90,1457.90,50,136850
20220425,14:13,1464.40,1464.40,1464.10,1464.10,100,135700
20220425,14:14,1460.80,1460.80,1460.80,1460.80,50,135700
20220425,14:15,1453.00,1453.00,1452.55,1452.55,100,135700
20220425,14:18,1447.90,1451.70,1447.90,1451.70,600,135400
20220425,14:19,1445.25,1445.25,1445.00,1445.00,250,135400
20220425,14:22,1423.05,1423.05,1422.70,1422.70,150,135400
20220425,14:23,1421.60,1423.65,1411.60,1411.60,250,135400
20220425,14:24,1410.90,1410.90,1405.05,1405.20,450,135400
20220425,14:27,1422.20,1422.20,1422.20,1422.20,50,134400
20220425,14:29,1421.00,1421.00,1421.00,1421.00,50,134400
20220425,14:30,1425.00,1425.00,1425.00,1425.00,100,134400
20220425,14:31,1435.00,1435.00,1434.00,1434.00,300,134100
20220425,14:32,1427.45,1427.45,1427.45,1427.45,50,134100
20220425,14:35,1420.00,1420.00,1420.00,1420.00,1000,134050
20220425,14:37,1420.50,1420.50,1412.15,1412.15,300,132850
20220425,14:43,1390.00,1390.00,1390.00,1390.00,100,132850
20220425,14:44,1380.30,1380.30,1380.30,1380.30,50,132850
20220425,14:45,1379.20,1396.60,1379.20,1396.60,150,132850
20220425,14:47,1400.55,1400.55,1400.55,1400.55,50,132850
20220425,14:55,1437.40,1437.40,1433.20,1433.40,450,132850
20220425,14:59,1442.05,1442.05,1442.05,1442.05,50,132850
20220425,15:00,1434.65,1442.40,1434.65,1442.40,100,132850
20220425,15:01,1439.85,1445.00,1439.85,1440.90,1150,132850
20220425,15:02,1436.10,1436.10,1436.10,1436.10,50,132850
20220425,15:03,1443.30,1446.10,1443.30,1446.10,100,132850
20220425,15:05,1445.35,1445.35,1445.35,1445.35,50,132850
20220425,15:08,1443.70,1443.70,1443.70,1443.70,100,132750
20220425,15:19,1449.40,1449.40,1449.40,1449.40,50,131650
20220425,15:20,1453.30,1453.30,1453.30,1453.30,200,131650
20220425,15:23,1467.00,1467.00,1467.00,1467.00,100,131650
20220425,15:26,1482.25,1482.25,1482.25,1482.25,50,131550
20220425,15:27,1487.10,1488.55,1487.10,1488.55,150,131500
20220426,09:19,1649.95,1650.00,1649.95,1650.00,301,131500
20220426,09:20,1659.45,1659.45,1659.45,1659.45,50,131500
20220426,09:25,1670.20,1670.20,1670.20,1670.20,50,131450
20220426,09:26,1670.90,1670.90,1666.85,1666.85,200,131450
20220426,09:27,1669.10,1669.10,1669.10,1669.10,50,131450
20220426,09:29,1659.10,1659.10,1659.10,1659.10,200,131450
20220426,09:30,1670.00,1672.00,1670.00,1672.00,200,131450
20220426,09:33,1680.30,1680.30,1680.30,1680.30,50,131450
20220426,09:38,1680.30,1680.30,1680.00,1680.00,200,131400
20220426,09:39,1680.30,1680.30,1680.30,1680.30,100,131400
20220426,09:40,1680.00,1680.00,1680.00,1680.00,100,131400
20220426,09:42,1675.00,1675.00,1675.00,1675.00,50,131300
20220426,09:43,1670.00,1670.00,1670.00,1670.00,100,131300
20220426,09:44,1670.00,1671.45,1670.00,1671.45,100,131200
20220426,09:51,1670.40,1670.40,1670.40,1670.40,200,130850
20220426,09:57,1677.50,1677.50,1674.95,1674.95,200,130850
20220426,09:58,1675.95,1675.95,1675.55,1675.55,400,130850
20220426,10:00,1675.55,1675.55,1675.55,1675.55,50,130750
20220426,10:02,1680.00,1680.00,1680.00,1680.00,50,130750
20220426,10:03,1683.00,1683.00,1683.00,1683.00,50,130650
20220426,10:04,1685.00,1685.00,1685.00,1685.00,300,130650
20220426,10:05,1685.00,1685.00,1685.00,1685.00,50,130650
20220426,10:06,1682.65,1682.65,1682.65,1682.65,50,130650
20220426,10:07,1684.00,1688.05,1684.00,1688.05,100,130650
20220426,10:14,1688.05,1688.05,1664.00,1664.00,500,130600
20220426,10:16,1664.00,1664.00,1664.00,1664.00,50,130100
20220426,10:19,1668.20,1668.20,1667.45,1667.45,100,130050
20220426,10:20,1660.70,1660.70,1660.70,1660.70,50,130050
20220426,10:23,1674.50,1674.50,1674.50,1674.50,450,130050
20220426,10:28,1660.10,1660.10,1660.10,1660.10,200,130050
20220426,10:29,1660.10,1660.10,1660.10,1660.10,50,130050
20220426,10:30,1658.10,1658.10,1658.10,1658.10,250,129850
20220426,10:35,1668.65,1668.65,1668.60,1668.60,400,129850
20220426,10:36,1662.50,1663.55,1662.50,1663.55,600,129850
20220426,10:37,1659.50,1661.60,1658.25,1658.50,1050,129850
20220426,10:39,1657.30,1657.30,1657.30,1657.30,150,129850
20220426,10:41,1650.05,1657.00,1650.05,1657.00,250,129850
20220426,10:45,1656.65,1656.65,1656.65,1656.65,50,129850
20220426,10:46,1657.90,1657.90,1657.90,1657.90,50,129750
20220426,10:50,1659.80,1659.80,1659.80,1659.80,50,129750
20220426,10:53,1663.60,1663.60,1663.60,1663.60,50,129750
20220426,10:56,1660.30,1660.30,1660.30,1660.30,400,129750
20220426,10:58,1652.30,1652.30,1652.30,1652.30,50,129750
20220426,10:59,1652.20,1652.20,1649.50,1649.50,150,129750
20220426,11:01,1651.90,1651.90,1650.55,1650.60,150,129750
20220426,11:02,1653.55,1654.80,1653.55,1654.80,100,129750
20220426,11:03,1652.25,1652.25,1649.70,1649.70,100,129500
20220426,11:08,1644.00,1644.00,1644.00,1644.00,50,129400
20220426,11:09,1641.45,1641.45,1641.45,1641.45,50,129400
20220426,11:10,1641.45,1649.70,1641.45,1649.70,400,129400
20220426,11:12,1647.25,1647.25,1647.25,1647.25,50,129050
20220426,11:17,1655.25,1655.25,1653.85,1653.85,450,129050
20220426,11:20,1666.40,1666.40,1666.40,1666.40,50,128700
20220426,11:21,1669.15,1669.15,1669.15,1669.15,50,128700
20220426,11:25,1678.60,1678.60,1672.45,1677.15,650,128700
20220426,11:26,1675.25,1675.45,1675.25,1675.45,400,128700
20220426,11:27,1678.00,1678.00,1674.05,1674.05,300,128450
20220426,11:28,1674.45,1674.45,1674.45,1674.45,100,128450
20220426,11:29,1677.40,1677.40,1677.40,1677.40,50,128450
20220426,11:34,1678.10,1678.10,1675.00,1675.00,150,128400
20220426,11:35,1675.00,1677.55,1675.00,1676.20,350,128350
20220426,11:36,1679.35,1679.95,1679.35,1679.60,200,128350
20220426,11:37,1679.95,1679.95,1676.50,1676.50,100,128350
20220426,11:38,1677.70,1677.70,1677.70,1677.70,50,128350
20220426,11:40,1680.00,1680.00,1680.00,1680.00,50,128350
20220426,11:44,1672.95,1673.80,1672.95,1673.80,250,128250
20220426,12:01,1675.00,1675.00,1675.00,1675.00,100,128300
20220426,12:02,1672.40,1672.40,1672.40,1672.40,50,128300
20220426,12:03,1672.40,1672.40,1672.40,1672.40,50,128300
20220426,12:05,1670.85,1670.85,1670.85,1670.85,50,128250
20220426,12:07,1666.65,1666.65,1666.65,1666.65,50,128250
20220426,12:10,1657.85,1666.95,1657.85,1661.20,1200,128200
20220426,12:11,1662.75,1667.50,1659.10,1660.10,2200,128200
20220426,12:12,1661.20,1661.20,1656.35,1657.85,300,128250
20220426,12:13,1657.60,1657.60,1653.10,1653.10,300,128250
20220426,12:14,1653.40,1655.75,1653.40,1655.75,150,128250
20220426,12:17,1658.75,1658.75,1658.70,1658.70,100,128250
20220426,12:18,1663.45,1664.95,1663.45,1664.95,250,128250
20220426,12:19,1661.40,1665.05,1661.40,1665.05,100,128250
20220426,12:20,1664.35,1666.15,1664.35,1666.15,1050,128250
20220426,12:24,1665.00,1667.15,1665.00,1665.40,900,127200
20220426,12:25,1666.10,1666.10,1664.70,1664.70,400,127200
20220426,12:26,1663.40,1663.40,1663.40,1663.40,200,127200
20220426,12:30,1660.00,1662.45,1660.00,1662.45,1000,126700
20220426,12:36,1653.40,1653.40,1653.40,1653.40,350,125700
20220426,12:38,1647.90,1648.30,1647.90,1648.30,150,125700
20220426,12:41,1650.35,1650.35,1650.35,1650.35,50,125700
20220426,12:47,1631.40,1631.40,1631.40,1631.40,200,125700
20220426,12:48,1611.60,1612.15,1609.75,1609.75,2150,125700
20220426,12:49,1604.35,1610.15,1604.35,1610.15,1700,125700
20220426,12:55,1613.90,1613.90,1613.90,1613.90,50,120800
20220426,12:58,1600.10,1600.10,1588.85,1588.85,100,120800
20220426,13:16,1588.85,1588.85,1588.85,1588.85,50,120800
20220426,13:22,1615.55,1617.10,1615.55,1617.10,100,120800
20220426,13:23,1615.40,1615.40,1615.40,1615.40,100,120800
20220426,13:24,1619.00,1619.00,1619.00,1619.00,50,120800
20220426,13:25,1627.20,1627.20,1623.70,1623.70,250,120800
20220426,13:31,1635.00,1635.00,1629.40,1633.10,600,120800
20220426,13:33,1628.80,1628.80,1628.80,1628.80,50,120800
20220426,13:40,1628.80,1636.60,1628.80,1636.60,100,120800
20220426,13:49,1660.30,1660.80,1660.30,1660.80,350,120750
20220426,13:51,1658.00,1658.00,1658.00,1658.00,400,120650
20220426,14:11,1644.75,1644.75,1644.75,1644.75,150,117850
20220426,14:13,1651.00,1651.00,1647.50,1647.50,150,117850
20220426,14:17,1653.60,1659.25,1653.60,1659.25,150,117850
20220426,14:19,1668.20,1668.20,1668.20,1668.20,50,117850
20220426,14:20,1672.95,1673.15,1671.65,1671.65,450,117850
20220426,14:22,1660.00,1660.00,1660.00,1660.00,100,117950
20220426,14:25,1646.20,1646.20,1646.20,1646.20,150,117950
20220426,14:33,1658.00,1658.00,1653.90,1653.90,150,117850
20220426,14:35,1655.00,1655.00,1655.00,1655.00,100,117850
20220426,14:37,1657.90,1657.90,1657.90,1657.90,100,117850
20220426,14:39,1660.00,1660.00,1660.00,1660.00,100,117850
20220426,14:44,1650.00,1650.00,1650.00,1650.00,50,117850
20220426,14:49,1646.55,1646.55,1646.55,1646.55,50,117850
20220426,14:53,1640.00,1640.00,1640.00,1640.00,100,117900
20220426,14:54,1640.15,1640.15,1640.15,1640.15,50,117900
20220426,14:55,1649.75,1649.75,1644.55,1644.55,150,117900
20220426,15:06,1708.00,1708.00,1708.00,1708.00,50,117850
20220426,15:08,1715.35,1715.35,1715.35,1715.35,50,117850
20220426,15:09,1715.35,1715.35,1715.35,1715.35,150,117850
20220426,15:14,1714.00,1714.00,1714.00,1714.00,100,117850
20220426,15:19,1721.00,1721.00,1721.00,1721.00,100,117750
20220426,15:20,1721.00,1721.00,1721.00,1721.00,150,117750
20220426,15:22,1717.00,1717.00,1717.00,1717.00,50,117750
20220426,15:24,1719.85,1719.85,1719.85,1719.85,50,117700
20220426,15:28,1717.60,1717.60,1717.60,1717.60,100,117700
20220426,15:29,1716.60,1716.60,1716.60,1716.60,100,117700
20220427,09:20,1577.00,1577.00,1570.45,1570.45,1251,115250
20220427,09:21,1569.20,1569.20,1569.20,1569.20,50,115250
20220427,09:22,1569.20,1578.50,1569.20,1578.50,150,115250
20220427,09:23,1578.50,1578.50,1578.50,1578.50,50,115250
20220427,09:24,1575.35,1575.85,1575.35,1575.85,300,115250
20220427,09:25,1582.45,1582.45,1570.35,1573.30,1100,115250
20220427,09:27,1584.25,1584.25,1584.25,1584.25,500,115200
20220427,09:28,1597.05,1597.05,1597.05,1597.05,200,115200
20220427,09:31,1597.05,1599.05,1597.05,1599.05,700,114700
20220427,09:32,1600.00,1600.00,1600.00,1600.00,250,114700
20220427,09:34,1578.00,1580.00,1574.80,1574.80,200,114200
20220427,09:35,1581.00,1581.00,1581.00,1581.00,50,114200
20220427,09:36,1575.00,1575.00,1575.00,1575.00,50,114050
20220427,09:37,1567.05,1567.05,1567.05,1567.05,50,114050
20220427,09:38,1565.40,1565.40,1563.75,1563.75,400,114050
20220427,09:39,1564.20,1564.20,1564.15,1564.15,150,114000
20220427,09:40,1549.65,1549.65,1549.65,1549.65,100,114000
20220427,09:46,1549.65,1549.65,1549.65,1549.65,150,113950
20220427,09:48,1555.00,1556.25,1555.00,1556.25,100,113950
20220427,09:49,1562.00,1562.00,1562.00,1562.00,50,113950
20220427,09:51,1563.35,1563.35,1563.35,1563.35,50,113900
20220427,09:53,1579.30,1579.30,1579.30,1579.30,200,113900
20220427,09:54,1575.70,1578.40,1575.70,1578.40,250,113900
20220427,09:58,1577.45,1577.45,1577.45,1577.45,100,113900
20220427,10:01,1572.05,1572.05,1571.70,1571.70,100,113900
20220427,10:02,1573.50,1574.25,1573.45,1574.25,1000,113100
20220427,10:04,1577.35,1581.15,1577.35,1581.15,100,113100
20220427,10:07,1573.55,1573.55,1573.55,1573.55,200,113100
20220427,10:09,1573.15,1573.15,1572.30,1572.30,300,113000
20220427,10:10,1575.00,1575.65,1573.00,1573.00,1050,113000
20220427,10:12,1571.55,1571.55,1571.55,1571.55,50,111850
20220427,10:13,1571.60,1575.00,1571.60,1575.00,1550,111850
20220427,10:15,1575.40,1575.40,1575.40,1575.40,200,110250
20220427,10:16,1573.00,1573.00,1571.00,1571.00,200,110250
20220427,10:17,1571.35,1571.35,1571.35,1571.35,50,110250
20220427,10:20,1561.00,1561.00,1559.75,1559.75,100,109800
20220427,10:25,1559.00,1559.00,1559.00,1559.00,100,109800
20220427,10:27,1560.40,1562.85,1560.40,1562.85,400,109800
20220427,10:28,1558.65,1558.65,1558.65,1558.65,250,109800
20220427,10:29,1557.80,1557.80,1556.90,1556.90,150,109800
20220427,10:30,1561.10,1561.15,1559.40,1559.40,550,109700
20220427,10:31,1561.00,1562.55,1561.00,1562.55,650,109700
20220427,10:32,1552.00,1552.00,1550.45,1550.45,100,108750
20220427,10:33,1542.60,1542.60,1542.60,1542.60,100,108750
20220427,10:35,1542.60,1542.60,1542.60,1542.60,100,108750
20220427,10:36,1546.80,1546.80,1546.80,1546.80,50,108750
20220427,10:38,1552.60,1552.60,1552.60,1552.60,100,108750
20220427,10:39,1553.05,1556.00,1553.05,1554.15,1200,108750
20220427,10:41,1555.15,1555.15,1555.15,1555.15,100,108750
20220427,10:42,1557.00,1557.00,1553.40,1553.85,800,107550
20220427,10:43,1560.30,1561.95,1560.00,1561.25,350,107550
20220427,10:44,1560.20,1560.75,1559.55,1560.75,600,107550
20220427,10:46,1560.35,1560.35,1558.80,1558.80,400,106200
20220427,10:47,1559.10,1559.35,1558.75,1559.35,300,105700
20220427,10:50,1554.70,1554.70,1554.70,1554.70,100,105700
20220427,10:52,1553.45,1553.45,1553.45,1553.45,50,105700
20220427,10:53,1551.35,1555.50,1551.35,1553.05,1400,105600
20220427,10:54,1551.90,1552.10,1551.85,1551.85,250,105600
20220427,10:55,1550.75,1550.75,1550.75,1550.75,100,105600
20220427,10:57,1550.15,1552.75,1549.90,1552.55,4400,104550
20220427,10:58,1555.15,1557.00,1555.15,1557.00,1700,104550
20220427,11:00,1553.10,1553.10,1553.05,1553.05,100,98650
20220427,11:01,1553.30,1553.30,1553.30,1553.30,100,98650
20220427,11:05,1550.95,1552.00,1550.95,1552.00,500,98450
20220427,11:06,1556.05,1556.05,1556.05,1556.05,50,97950
20220427,11:07,1557.85,1559.20,1557.85,1559.20,350,97950
20220427,11:10,1558.50,1558.50,1558.10,1558.10,350,97600
20220427,11:17,1560.00,1560.00,1560.00,1560.00,50,97300
20220427,11:23,1556.00,1556.00,1556.00,1556.00,250,97100
20220427,11:24,1554.00,1554.00,1554.00,1554.00,50,97100
20220427,11:25,1556.00,1556.00,1556.00,1556.00,150,97100
20220427,11:27,1556.45,1557.35,1556.45,1557.35,100,96800
20220427,11:28,1556.65,1558.50,1556.65,1558.50,100,96800
20220427,11:29,1552.45,1552.45,1552.45,1552.45,50,96800
20220427,11:30,1548.00,1548.00,1548.00,1548.00,50,96700
20220427,11:31,1531.60,1537.00,1531.60,1537.00,300,96700
20220427,11:32,1536.40,1536.40,1532.80,1532.80,200,96700
20220427,11:33,1531.90,1531.90,1529.60,1529.60,100,96700
20220427,11:34,1528.95,1529.95,1526.70,1526.70,500,96700
20220427,11:35,1526.70,1535.00,1526.70,1535.00,500,96700
20220427,11:37,1535.45,1535.45,1535.00,1535.00,150,96700
20220427,11:38,1533.65,1534.25,1533.65,1534.25,200,96700
20220427,11:39,1531.00,1535.30,1524.95,1529.95,1550,96700
20220427,11:40,1532.10,1532.10,1532.10,1532.10,50,96700
20220427,11:41,1531.35,1533.15,1530.05,1530.05,450,96500
20220427,11:42,1532.20,1532.45,1531.00,1531.00,150,96500
20220427,11:43,1533.30,1533.30,1532.40,1532.40,100,96500
20220427,11:44,1532.95,1533.75,1532.95,1533.75,150,96500
20220427,11:47,1531.40,1540.60,1530.65,1540.60,600,95700
20220427,11:49,1537.00,1537.00,1531.70,1535.00,300,95700
20220427,11:50,1538.45,1544.30,1537.65,1544.00,1700,95200
20220427,11:51,1540.00,1540.00,1535.55,1535.55,750,95200
20220427,11:52,1541.25,1545.00,1541.25,1542.20,1250,95200
20220427,11:54,1543.85,1546.00,1542.95,1542.95,400,95000
20220427,11:56,1545.95,1545.95,1545.95,1545.95,50,95000
20220427,12:02,1548.45,1548.45,1548.45,1548.45,50,95000
20220427,12:03,1546.00,1546.00,1545.25,1545.25,100,94950
20220427,12:05,1545.00,1545.00,1545.00,1545.00,50,94950
20220427,12:06,1541.00,1541.00,1541.00,1541.00,100,94950
20220427,12:07,1538.00,1538.00,1533.90,1533.90,100,94950
20220427,12:08,1533.45,1533.45,1533.45,1533.45,50,94950
20220427,12:10,1535.00,1535.00,1530.70,1530.70,100,94950
20220427,12:11,1534.00,1534.00,1534.00,1534.00,50,94950
20220427,12:12,1530.00,1530.00,1530.00,1530.00,50,94950
20220427,12:15,1527.85,1528.60,1527.15,1528.60,500,94950
20220427,12:16,1531.10,1534.40,1531.10,1534.15,500,94950
20220427,12:17,1534.75,1534.75,1534.75,1534.75,50,94950
20220427,12:20,1543.95,1543.95,1543.95,1543.95,50,93350
20220427,12:21,1546.00,1546.65,1546.00,1546.65,500,93350
20220427,12:22,1544.15,1545.00,1542.55,1542.55,150,93350
20220427,12:23,1543.00,1543.00,1543.00,1543.00,600,93350
20220427,12:32,1543.80,1543.80,1543.80,1543.80,700,92850
20220427,12:37,1532.45,1539.40,1532.45,1539.40,750,92150
20220427,12:38,1541.40,1541.90,1541.40,1541.90,500,92150
20220427,12:41,1543.00,1543.00,1543.00,1543.00,400,91650
20220427,12:45,1531.00,1531.35,1531.00,1531.35,150,91450
20220427,12:46,1529.75,1529.75,1529.75,1529.75,50,91450
20220427,12:47,1502.30,1502.30,1500.55,1500.55,1150,91450
20220427,12:48,1500.55,1506.40,1500.55,1506.40,550,90550
20220427,12:50,1506.25,1506.25,1506.25,1506.25,50,90550
20220427,12:53,1490.45,1490.45,1490.45,1490.45,750,90050
20220427,12:54,1490.45,1490.95,1490.45,1490.95,100,89300
20220427,12:59,1485.50,1485.50,1485.50,1485.50,100,89200
20220427,13:05,1476.00,1476.00,1476.00,1476.00,1150,89200
20220427,13:06,1476.00,1476.00,1476.00,1476.00,100,89200
20220427,13:10,1476.00,1476.00,1476.00,1476.00,50,89100
20220427,13:17,1501.40,1501.40,1501.40,1501.40,100,89100
20220427,13:28,1547.05,1547.05,1545.55,1545.55,100,87200
20220427,13:38,1548.40,1548.40,1548.20,1548.20,100,87200
20220427,13:48,1583.50,1583.50,1583.50,1583.50,50,87150
20220427,13:58,1555.70,1555.70,1555.70,1555.70,50,87150
20220427,13:59,1560.00,1560.00,1557.45,1559.60,150,87150
20220427,14:00,1560.05,1560.65,1560.05,1560.65,100,87100
20220427,14:02,1565.75,1565.75,1565.75,1565.75,50,87100
20220427,14:03,1565.00,1565.00,1565.00,1565.00,50,87100
20220427,14:04,1547.25,1547.25,1547.25,1547.25,50,87100
20220427,14:05,1543.15,1543.15,1543.15,1543.15,50,87100
20220427,14:06,1545.60,1545.60,1545.60,1545.60,50,87150
20220427,14:07,1556.10,1556.10,1556.10,1556.10,50,87150
20220427,14:08,1563.30,1563.30,1563.30,1563.30,50,87150
20220427,14:09,1563.80,1563.80,1563.80,1563.80,50,87150
20220427,14:11,1560.00,1560.00,1558.70,1558.70,150,87150
20220427,14:12,1562.70,1565.80,1562.70,1565.80,100,87100
20220427,14:15,1567.00,1567.00,1567.00,1567.00,50,87100
20220427,14:17,1554.00,1554.00,1554.00,1554.00,100,87100
20220427,14:18,1550.00,1550.00,1550.00,1550.00,100,87100
20220427,14:20,1540.00,1540.00,1540.00,1540.00,100,87100
20220427,14:34,1558.00,1558.00,1558.00,1558.00,300,87050
20220427,14:38,1550.00,1550.00,1550.00,1550.00,150,87050
20220427,14:43,1595.50,1595.50,1595.50,1595.50,50,87050
20220427,14:48,1583.00,1583.00,1583.00,1583.00,100,87000
20220427,14:49,1591.65,1591.65,1591.65,1591.65,50,87000
20220427,14:54,1592.55,1592.55,1588.10,1588.10,200,87000
20220427,14:58,1595.00,1595.00,1595.00,1595.00,50,86850
20220427,15:00,1578.35,1578.35,1578.35,1578.35,100,86850
20220427,15:02,1572.00,1572.00,1572.00,1572.00,250,86850
20220427,15:04,1562.35,1562.35,1562.35,1562.35,500,86750
20220427,15:08,1545.70,1545.70,1545.70,1545.70,300,86750
20220427,15:19,1550.35,1550.35,1550.00,1550.00,100,86700
20220427,15:29,1561.20,1561.20,1560.75,1560.75,100,86700
20220428,09:15,1610.65,1610.65,1610.65,1610.65,601,80250
20220428,09:26,1605.00,1605.00,1605.00,1605.00,50,80250
20220428,09:27,1605.00,1605.00,1605.00,1605.00,50,80250
20220428,09:28,1616.30,1616.30,1616.30,1616.30,50,80250
20220428,09:30,1627.25,1627.25,1627.25,1627.25,50,80250
20220428,09:31,1627.25,1627.25,1613.80,1613.80,300,80250
20220428,09:33,1618.60,1618.60,1618.60,1618.60,50,80200
20220428,09:35,1613.65,1613.65,1613.65,1613.65,50,80200
20220428,09:38,1610.00,1610.00,1610.00,1610.00,100,80200
20220428,09:39,1612.95,1612.95,1612.95,1612.95,50,80200
20220428,09:41,1616.50,1616.50,1616.50,1616.50,100,80200
20220428,09:43,1614.00,1614.00,1614.00,1614.00,50,80200
20220428,09:45,1610.00,1610.00,1608.00,1608.00,300,80150
20220428,09:46,1604.00,1604.00,1604.00,1604.00,50,80150
20220428,09:47,1602.00,1602.00,1600.00,1600.00,250,80150
20220428,09:53,1600.00,1600.00,1600.00,1600.00,50,80100
20220428,09:55,1597.25,1597.25,1597.25,1597.25,50,80100
20220428,09:57,1597.25,1597.25,1597.25,1597.25,50,80100
20220428,09:58,1601.00,1601.00,1601.00,1601.00,50,80100
20220428,10:00,1612.90,1613.90,1612.90,1613.90,100,80100
20220428,10:02,1609.75,1609.75,1609.75,1609.75,50,80100
20220428,10:09,1618.45,1618.45,1618.45,1618.45,50,80100
20220428,10:10,1615.00,1615.00,1615.00,1615.00,150,80100
20220428,10:13,1603.00,1603.00,1603.00,1603.00,100,80100
20220428,10:15,1606.00,1606.00,1606.00,1606.00,150,80100
20220428,10:17,1613.90,1613.90,1613.50,1613.50,750,80100
20220428,10:18,1613.00,1613.00,1613.00,1613.00,300,80100
20220428,10:20,1612.55,1612.55,1612.55,1612.55,50,80100
20220428,10:22,1616.90,1616.90,1616.00,1616.00,150,80100
20220428,10:23,1615.95,1615.95,1612.95,1612.95,150,80100
20220428,10:24,1610.00,1610.00,1610.00,1610.00,50,80100
20220428,10:25,1606.15,1606.15,1606.15,1606.15,50,80100
20220428,10:26,1610.20,1610.20,1610.20,1610.20,100,80100
20220428,10:32,1605.00,1605.00,1605.00,1605.00,50,80050
20220428,10:33,1602.00,1602.00,1602.00,1602.00,50,80050
20220428,10:34,1600.00,1600.00,1598.15,1598.15,150,80050
20220428,10:38,1602.00,1602.00,1599.00,1599.00,100,80050
20220428,10:40,1599.45,1599.45,1599.45,1599.45,50,80050
20220428,10:41,1590.00,1590.00,1590.00,1590.00,50,80050
20220428,10:43,1590.00,1590.00,1590.00,1590.00,150,80050
20220428,10:45,1577.90,1577.90,1577.90,1577.90,50,79900
20220428,10:46,1577.90,1577.90,1577.90,1577.90,50,79900
20220428,10:47,1582.00,1582.00,1582.00,1582.00,50,79850
20220428,10:48,1584.45,1589.95,1584.45,1589.95,250,79850
20220428,10:49,1585.35,1585.35,1585.35,1585.35,50,79850
20220428,10:51,1593.50,1593.50,1593.50,1593.50,50,79650
20220428,10:55,1603.35,1603.35,1603.35,1603.35,100,79600
20220428,10:56,1610.55,1610.55,1610.55,1610.55,50,79600
20220428,10:57,1613.00,1613.00,1612.00,1612.00,100,79550
20220428,10:59,1611.00,1611.00,1611.00,1611.00,50,79550
20220428,11:02,1606.55,1606.55,1606.55,1606.55,50,79550
20220428,11:03,1603.00,1605.45,1603.00,1605.45,300,79450
20220428,11:07,1608.95,1608.95,1608.95,1608.95,100,79400
20220428,11:09,1612.30,1612.30,1612.30,1612.30,50,79350
20220428,11:17,1608.65,1608.75,1608.65,1608.75,300,79350
20220428,11:23,1615.75,1616.10,1615.75,1616.10,150,79100
20220428,11:25,1625.05,1625.05,1623.65,1623.65,350,78950
20220428,11:26,1624.10,1624.45,1624.10,1624.45,100,78950
20220428,11:27,1629.90,1629.90,1629.90,1629.90,50,78700
20220428,11:31,1635.50,1635.50,1635.50,1635.50,500,78650
20220428,11:33,1643.00,1643.00,1643.00,1643.00,500,78650
20220428,11:40,1643.00,1643.00,1639.85,1639.85,150,78650
20220428,11:41,1635.00,1635.00,1635.00,1635.00,50,78650
20220428,11:44,1641.95,1641.95,1641.95,1641.95,50,78550
20220428,11:45,1647.30,1647.70,1647.30,1647.70,500,78550
20220428,11:46,1650.00,1650.00,1650.00,1650.00,50,78550
20220428,11:54,1663.70,1663.70,1663.70,1663.70,200,78050
20220428,11:55,1663.85,1663.85,1663.85,1663.85,200,78050
20220428,11:56,1670.55,1670.55,1670.55,1670.55,200,78050
20220428,12:01,1674.70,1674.70,1674.70,1674.70,50,77950
20220428,12:12,1674.70,1674.70,1669.20,1669.20,750,77950
20220428,12:22,1683.85,1683.85,1683.85,1683.85,150,77950
20220428,12:24,1683.85,1683.85,1683.85,1683.85,250,77950
20220428,12:30,1684.30,1684.30,1684.30,1684.30,200,77950
20220428,12:31,1684.00,1684.00,1680.00,1680.00,600,77950
20220428,12:33,1697.00,1697.00,1697.00,1697.00,500,77950
20220428,12:40,1702.10,1702.10,1702.10,1702.10,50,77900
20220428,12:41,1702.10,1702.10,1702.10,1702.10,50,77900
20220428,12:43,1707.90,1707.90,1707.90,1707.90,200,77900
20220428,12:44,1701.95,1701.95,1701.95,1701.95,150,77900
20220428,12:46,1698.85,1698.85,1698.85,1698.85,100,78050
20220428,12:50,1709.00,1709.00,1709.00,1709.00,150,78050
20220428,12:51,1709.60,1709.60,1709.60,1709.60,250,77900
20220428,12:52,1711.00,1711.00,1711.00,1711.00,100,77900
20220428,12:53,1711.00,1711.00,1711.00,1711.00,100,77900
20220428,12:54,1710.00,1710.00,1710.00,1710.00,100,77900
20220428,12:55,1712.80,1712.80,1712.80,1712.80,50,77900
20220428,12:57,1712.80,1712.80,1712.80,1712.80,100,77900
20220428,12:58,1714.40,1714.40,1714.40,1714.40,100,77900
20220428,13:00,1719.95,1719.95,1719.95,1719.95,250,77900
20220428,13:18,1739.50,1739.50,1739.50,1739.50,1000,77900
20220428,13:20,1745.00,1745.00,1740.00,1740.00,3550,77900
20220428,13:24,1735.00,1735.00,1735.00,1735.00,100,77900
20220428,13:25,1734.35,1734.35,1733.35,1733.35,100,77900
20220428,13:26,1729.40,1729.40,1729.40,1729.40,100,77900
20220428,13:29,1733.75,1733.75,1729.40,1729.40,1250,77900
20220428,13:30,1733.50,1733.50,1733.50,1733.50,250,77900
20220428,13:31,1737.00,1741.20,1737.00,1741.20,1150,77900
20220428,13:32,1746.00,1750.00,1745.00,1745.00,4000,77900
20220428,13:46,1770.00,1770.00,1770.00,1770.00,250,77900
20220428,13:48,1770.00,1770.00,1764.50,1764.50,350,77900
20220428,13:52,1764.75,1764.75,1760.90,1760.90,150,78000
20220428,13:53,1760.90,1760.90,1760.90,1760.90,100,78000
20220428,14:00,1781.15,1781.15,1781.15,1781.15,50,78000
20220428,14:02,1787.00,1787.00,1787.00,1787.00,50,78000
20220428,14:03,1787.25,1787.25,1787.25,1787.25,100,78000
20220428,14:04,1785.20,1785.20,1785.20,1785.20,50,78000
20220428,14:13,1797.70,1797.70,1797.70,1797.70,50,78000
20220428,14:14,1799.80,1799.80,1795.00,1795.00,300,78000
20220428,14:15,1795.00,1795.00,1795.00,1795.00,200,78000
20220428,14:16,1795.00,1795.00,1795.00,1795.00,200,78000
20220428,14:19,1793.00,1793.00,1792.00,1792.00,300,77900
20220428,14:20,1784.05,1784.05,1773.80,1773.80,500,77900
20220428,14:21,1782.80,1782.80,1782.80,1782.80,350,77900
20220428,14:24,1794.00,1794.00,1794.00,1794.00,50,77900
20220428,14:32,1792.00,1792.00,1792.00,1792.00,800,77900
20220428,14:33,1793.40,1793.40,1793.40,1793.40,50,77900
20220428,14:36,1803.00,1803.00,1803.00,1803.00,700,77900
20220428,14:39,1803.00,1803.00,1802.00,1802.00,550,77900
20220428,14:40,1804.00,1804.00,1804.00,1804.00,100,77900
20220428,14:42,1797.85,1797.85,1797.85,1797.85,100,77900
20220428,14:45,1804.00,1804.00,1804.00,1804.00,100,77900
20220428,14:50,1806.00,1806.00,1806.00,1806.00,400,77900
20220428,14:53,1818.50,1818.50,1818.50,1818.50,50,77900
20220428,15:12,1818.50,1818.50,1749.05,1749.05,150,77900
20220428,15:13,1748.70,1748.70,1747.00,1747.00,1100,77900
20220428,15:14,1745.00,1745.00,1745.00,1745.00,50,77900
20220428,15:17,1745.10,1745.10,1745.10,1745.10,350,77900
20220428,15:20,1751.15,1751.15,1750.10,1750.10,2350,77900
20220428,15:21,1748.20,1748.20,1748.20,1748.20,300,78000
20220428,15:22,1747.05,1747.05,1747.05,1747.05,200,78000
20220428,15:28,1744.40,1744.40,1744.40,1744.40,100,78000
